solid OpenSCAD_Model
  facet normal -1 0 0
    outer loop
      vertex 0 6 0
      vertex 0 0 0
      vertex 0 6 25
    endloop
  endfacet
  facet normal -1 0 0
    outer loop
      vertex 0 21 0
      vertex 0 13 10
      vertex 0 21 10
    endloop
  endfacet
  facet normal -1 0 0
    outer loop
      vertex 0 9 25
      vertex 0 13 37.52
      vertex 0 13 10
    endloop
  endfacet
  facet normal -1 0 0
    outer loop
      vertex 0 9 0
      vertex 0 13 10
      vertex 0 21 0
    endloop
  endfacet
  facet normal -1 0 0
    outer loop
      vertex 0 9 25
      vertex 0 13 10
      vertex 0 9 0
    endloop
  endfacet
  facet normal -1 -0 0
    outer loop
      vertex 0 13 37.52
      vertex 0 9 25
      vertex 0 10.536 39
    endloop
  endfacet
  facet normal -1 0 0
    outer loop
      vertex 0 6 25
      vertex 0 10.536 39
      vertex 0 9 25
    endloop
  endfacet
  facet normal -1 0 0
    outer loop
      vertex 0 6 25
      vertex 0 0 39
      vertex 0 10.536 39
    endloop
  endfacet
  facet normal -1 0 0
    outer loop
      vertex 0 0 39
      vertex 0 6 25
      vertex 0 0 0
    endloop
  endfacet
  facet normal -1 0 0
    outer loop
      vertex 0 70.5 10
      vertex 0 81 25
      vertex 0 81 0
    endloop
  endfacet
  facet normal -1 0 0
    outer loop
      vertex 0 81 25
      vertex 0 70.5 37.52
      vertex 0 79.464 39
    endloop
  endfacet
  facet normal -1 0 0
    outer loop
      vertex 0 70.5 37.52
      vertex 0 81 25
      vertex 0 70.5 10
    endloop
  endfacet
  facet normal -1 0 0
    outer loop
      vertex 0 69 0
      vertex 0 70.5 10
      vertex 0 81 0
    endloop
  endfacet
  facet normal -1 -0 0
    outer loop
      vertex 0 70.5 10
      vertex 0 69 0
      vertex 0 69 10
    endloop
  endfacet
  facet normal -1 0 0
    outer loop
      vertex 0 84 25
      vertex 0 90 0
      vertex 0 84 0
    endloop
  endfacet
  facet normal -1 0 0
    outer loop
      vertex 0 90 0
      vertex 0 84 25
      vertex 0 90 39
    endloop
  endfacet
  facet normal -1 0 0
    outer loop
      vertex 0 79.464 39
      vertex 0 84 25
      vertex 0 81 25
    endloop
  endfacet
  facet normal -1 0 0
    outer loop
      vertex 0 84 25
      vertex 0 79.464 39
      vertex 0 90 39
    endloop
  endfacet
  facet normal -1 -0 0
    outer loop
      vertex 0 79.464 39
      vertex 0 70.5 37.52
      vertex 0 79.464 42
    endloop
  endfacet
  facet normal -1 0 0
    outer loop
      vertex 0 10.536 42
      vertex 0 70.5 37.52
      vertex 0 13 37.52
    endloop
  endfacet
  facet normal -1 0 0
    outer loop
      vertex 0 10.536 42
      vertex 0 13 37.52
      vertex 0 10.536 39
    endloop
  endfacet
  facet normal -1 0 0
    outer loop
      vertex 0 70.5 37.52
      vertex 0 10.536 42
      vertex 0 79.464 42
    endloop
  endfacet
  facet normal -1 0 0
    outer loop
      vertex 0 54 0
      vertex 0 66 10
      vertex 0 66 0
    endloop
  endfacet
  facet normal -1 -0 0
    outer loop
      vertex 0 66 10
      vertex 0 54 0
      vertex 0 54 10
    endloop
  endfacet
  facet normal -1 0 0
    outer loop
      vertex 0 39 0
      vertex 0 51 10
      vertex 0 51 0
    endloop
  endfacet
  facet normal -1 -0 0
    outer loop
      vertex 0 51 10
      vertex 0 39 0
      vertex 0 39 10
    endloop
  endfacet
  facet normal -1 0 0
    outer loop
      vertex 0 24 0
      vertex 0 36 10
      vertex 0 36 0
    endloop
  endfacet
  facet normal -1 -0 0
    outer loop
      vertex 0 36 10
      vertex 0 24 0
      vertex 0 24 10
    endloop
  endfacet
  facet normal 0 0 1
    outer loop
      vertex 107.756 86.9411 42
      vertex 93.98 77 42
      vertex 107.5 85 42
    endloop
  endfacet
  facet normal 0 0 1
    outer loop
      vertex 108.505 88.75 42
      vertex 93.98 77 42
      vertex 107.756 86.9411 42
    endloop
  endfacet
  facet normal 0 0 1
    outer loop
      vertex 71.4 88.5 42
      vertex 108.505 88.75 42
      vertex 109.464 90 42
    endloop
  endfacet
  facet normal 0 0 1
    outer loop
      vertex 71.4 76 42
      vertex 93.98 77 42
      vertex 71.4 88.5 42
    endloop
  endfacet
  facet normal 0 0 1
    outer loop
      vertex 108.505 88.75 42
      vertex 71.4 88.5 42
      vertex 93.98 77 42
    endloop
  endfacet
  facet normal -0 0 1
    outer loop
      vertex 10.536 90 42
      vertex 71.4 88.5 42
      vertex 109.464 90 42
    endloop
  endfacet
  facet normal 0 0 1
    outer loop
      vertex 30.6 88.5 42
      vertex 12.5 85 42
      vertex 30.6 77.7 42
    endloop
  endfacet
  facet normal 0 0 1
    outer loop
      vertex 30.6 88.5 42
      vertex 12.2444 86.9411 42
      vertex 12.5 85 42
    endloop
  endfacet
  facet normal 0 0 1
    outer loop
      vertex 30.6 88.5 42
      vertex 11.4952 88.75 42
      vertex 12.2444 86.9411 42
    endloop
  endfacet
  facet normal 0 0 1
    outer loop
      vertex 71.4 88.5 42
      vertex 10.536 90 42
      vertex 30.6 88.5 42
    endloop
  endfacet
  facet normal 0 0 1
    outer loop
      vertex 30.6 88.5 42
      vertex 10.536 90 42
      vertex 11.4952 88.75 42
    endloop
  endfacet
  facet normal 0 0 1
    outer loop
      vertex 118 77 42
      vertex 120 79.464 42
      vertex 118.75 78.5048 42
    endloop
  endfacet
  facet normal 0 0 1
    outer loop
      vertex 120 79.464 42
      vertex 118 77 42
      vertex 120 10.536 42
    endloop
  endfacet
  facet normal 0 0 1
    outer loop
      vertex 120 10.536 42
      vertex 118 77 42
      vertex 118.75 11.4952 42
    endloop
  endfacet
  facet normal -0 0 1
    outer loop
      vertex 116.941 77.7556 42
      vertex 118 77 42
      vertex 118.75 78.5048 42
    endloop
  endfacet
  facet normal -0 0 1
    outer loop
      vertex 115 77.5 42
      vertex 118 77 42
      vertex 116.941 77.7556 42
    endloop
  endfacet
  facet normal 0 0 1
    outer loop
      vertex 113.059 77.7556 42
      vertex 118 77 42
      vertex 115 77.5 42
    endloop
  endfacet
  facet normal 0 0 1
    outer loop
      vertex 113.059 77.7556 42
      vertex 93.98 77 42
      vertex 118 77 42
    endloop
  endfacet
  facet normal 0 0 1
    outer loop
      vertex 111.25 78.5048 42
      vertex 93.98 77 42
      vertex 113.059 77.7556 42
    endloop
  endfacet
  facet normal 0 0 1
    outer loop
      vertex 109.697 79.6967 42
      vertex 93.98 77 42
      vertex 111.25 78.5048 42
    endloop
  endfacet
  facet normal 0 0 1
    outer loop
      vertex 108.505 81.25 42
      vertex 93.98 77 42
      vertex 109.697 79.6967 42
    endloop
  endfacet
  facet normal 0 0 1
    outer loop
      vertex 107.756 83.0589 42
      vertex 93.98 77 42
      vertex 108.505 81.25 42
    endloop
  endfacet
  facet normal 0 0 1
    outer loop
      vertex 93.98 77 42
      vertex 107.756 83.0589 42
      vertex 107.5 85 42
    endloop
  endfacet
  facet normal -0 0 1
    outer loop
      vertex 118 12 42
      vertex 118.75 11.4952 42
      vertex 118 77 42
    endloop
  endfacet
  facet normal 0 0 1
    outer loop
      vertex 118.75 11.4952 42
      vertex 118 12 42
      vertex 117.531 12 42
    endloop
  endfacet
  facet normal 0 0 1
    outer loop
      vertex 93.98 77 42
      vertex 71.4 76 42
      vertex 93.98 76 42
    endloop
  endfacet
  facet normal -0 0 1
    outer loop
      vertex 30.6 77.7 42
      vertex 35.6 76 42
      vertex 35.6 77.7 42
    endloop
  endfacet
  facet normal -0 0 1
    outer loop
      vertex 12.2444 83.0589 42
      vertex 30.6 77.7 42
      vertex 12.5 85 42
    endloop
  endfacet
  facet normal -0 0 1
    outer loop
      vertex 11.4952 81.25 42
      vertex 30.6 77.7 42
      vertex 12.2444 83.0589 42
    endloop
  endfacet
  facet normal -0 0 1
    outer loop
      vertex 10.3033 79.6967 42
      vertex 30.6 77.7 42
      vertex 11.4952 81.25 42
    endloop
  endfacet
  facet normal 0 0 1
    outer loop
      vertex 7 76 42
      vertex 30.6 77.7 42
      vertex 10.3033 79.6967 42
    endloop
  endfacet
  facet normal 0 0 1
    outer loop
      vertex 7 76 42
      vertex 10.3033 79.6967 42
      vertex 8.75 78.5048 42
    endloop
  endfacet
  facet normal 0 0 1
    outer loop
      vertex 30.6 77.7 42
      vertex 7 76 42
      vertex 35.6 76 42
    endloop
  endfacet
  facet normal -0 0 1
    outer loop
      vertex 6.94114 77.7556 42
      vertex 7 76 42
      vertex 8.75 78.5048 42
    endloop
  endfacet
  facet normal -0 0 1
    outer loop
      vertex 5 77.5 42
      vertex 7 76 42
      vertex 6.94114 77.7556 42
    endloop
  endfacet
  facet normal 0 0 1
    outer loop
      vertex 3.05886 77.7556 42
      vertex 7 76 42
      vertex 5 77.5 42
    endloop
  endfacet
  facet normal 0 0 1
    outer loop
      vertex 7 76 42
      vertex 3.05886 77.7556 42
      vertex 1.98 26.5 42
    endloop
  endfacet
  facet normal 0 0 1
    outer loop
      vertex 7 76 42
      vertex 1.98 26.5 42
      vertex 7 26.5 42
    endloop
  endfacet
  facet normal 0 0 1
    outer loop
      vertex 0 79.464 42
      vertex 1.98 26.5 42
      vertex 1.25 78.5048 42
    endloop
  endfacet
  facet normal 0 0 1
    outer loop
      vertex 1.25 78.5048 42
      vertex 1.98 26.5 42
      vertex 3.05886 77.7556 42
    endloop
  endfacet
  facet normal 0 0 1
    outer loop
      vertex 12.2444 6.94114 42
      vertex 39.5 9 42
      vertex 39.5 14 42
    endloop
  endfacet
  facet normal 0 0 1
    outer loop
      vertex 39.5 9 42
      vertex 12.2444 6.94114 42
      vertex 12.5 5 42
    endloop
  endfacet
  facet normal 0 0 1
    outer loop
      vertex 39.5 14 42
      vertex 11.4952 8.75 42
      vertex 12.2444 6.94114 42
    endloop
  endfacet
  facet normal 0 0 1
    outer loop
      vertex 39.5 14 42
      vertex 10.3033 10.3033 42
      vertex 11.4952 8.75 42
    endloop
  endfacet
  facet normal 0 0 1
    outer loop
      vertex 39.5 14 42
      vertex 8.75 11.4952 42
      vertex 10.3033 10.3033 42
    endloop
  endfacet
  facet normal 0 0 1
    outer loop
      vertex 39.5 14 42
      vertex 6.94114 12.2444 42
      vertex 8.75 11.4952 42
    endloop
  endfacet
  facet normal -0 0 1
    outer loop
      vertex 1.98 14 42
      vertex 6.94114 12.2444 42
      vertex 39.5 14 42
    endloop
  endfacet
  facet normal 0 0 1
    outer loop
      vertex 6.94114 12.2444 42
      vertex 1.98 14 42
      vertex 5 12.5 42
    endloop
  endfacet
  facet normal 0 0 1
    outer loop
      vertex 1.98 14 42
      vertex 3.05886 12.2444 42
      vertex 5 12.5 42
    endloop
  endfacet
  facet normal 0 0 1
    outer loop
      vertex 1.98 14 42
      vertex 1.25 11.4952 42
      vertex 3.05886 12.2444 42
    endloop
  endfacet
  facet normal 0 0 1
    outer loop
      vertex 0 10.536 42
      vertex 1.98 26.5 42
      vertex 0 79.464 42
    endloop
  endfacet
  facet normal 0 0 1
    outer loop
      vertex 1.98 26.5 42
      vertex 0 10.536 42
      vertex 1.98 14 42
    endloop
  endfacet
  facet normal 0 0 1
    outer loop
      vertex 1.98 14 42
      vertex 0 10.536 42
      vertex 1.25 11.4952 42
    endloop
  endfacet
  facet normal 0 0 1
    outer loop
      vertex 93.98 14 42
      vertex 44.5 14 42
      vertex 93.98 12 42
    endloop
  endfacet
  facet normal 0 0 1
    outer loop
      vertex 107.756 6.94114 42
      vertex 93.98 12 42
      vertex 107.5 5 42
    endloop
  endfacet
  facet normal 0 0 1
    outer loop
      vertex 108.505 8.75 42
      vertex 93.98 12 42
      vertex 107.756 6.94114 42
    endloop
  endfacet
  facet normal 0 0 1
    outer loop
      vertex 109.697 10.3033 42
      vertex 93.98 12 42
      vertex 108.505 8.75 42
    endloop
  endfacet
  facet normal 0 0 1
    outer loop
      vertex 111.25 11.4952 42
      vertex 93.98 12 42
      vertex 109.697 10.3033 42
    endloop
  endfacet
  facet normal -0 0 1
    outer loop
      vertex 93.98 12 42
      vertex 111.25 11.4952 42
      vertex 112.469 12 42
    endloop
  endfacet
  facet normal 0 0 1
    outer loop
      vertex 93.98 12 42
      vertex 107.756 3.05886 42
      vertex 107.5 5 42
    endloop
  endfacet
  facet normal 0 0 1
    outer loop
      vertex 93.98 12 42
      vertex 108.505 1.25 42
      vertex 107.756 3.05886 42
    endloop
  endfacet
  facet normal 0 0 1
    outer loop
      vertex 93.98 12 42
      vertex 109.464 0 42
      vertex 108.505 1.25 42
    endloop
  endfacet
  facet normal 0 0 1
    outer loop
      vertex 44.5 9 42
      vertex 93.98 12 42
      vertex 44.5 14 42
    endloop
  endfacet
  facet normal 0 0 1
    outer loop
      vertex 93.98 12 42
      vertex 44.5 9 42
      vertex 109.464 0 42
    endloop
  endfacet
  facet normal 0 0 1
    outer loop
      vertex 10.536 0 42
      vertex 44.5 9 42
      vertex 39.5 9 42
    endloop
  endfacet
  facet normal 0 0 1
    outer loop
      vertex 12.2444 3.05886 42
      vertex 39.5 9 42
      vertex 12.5 5 42
    endloop
  endfacet
  facet normal 0 0 1
    outer loop
      vertex 11.4952 1.25 42
      vertex 39.5 9 42
      vertex 12.2444 3.05886 42
    endloop
  endfacet
  facet normal 0 0 1
    outer loop
      vertex 10.536 0 42
      vertex 39.5 9 42
      vertex 11.4952 1.25 42
    endloop
  endfacet
  facet normal 0 0 1
    outer loop
      vertex 44.5 9 42
      vertex 10.536 0 42
      vertex 109.464 0 42
    endloop
  endfacet
  facet normal -0 0 1
    outer loop
      vertex 37.6 77.7 42
      vertex 69.4 76 42
      vertex 69.4 77.7 42
    endloop
  endfacet
  facet normal 0 0 1
    outer loop
      vertex 69.4 76 42
      vertex 37.6 77.7 42
      vertex 37.6 76 42
    endloop
  endfacet
  facet normal 0 0 -1
    outer loop
      vertex 3.30933 69.1418 0
      vertex 4.1 82.5 0
      vertex 4.1 67.5 0
    endloop
  endfacet
  facet normal 0 0 -1
    outer loop
      vertex 3.30933 69.1418 0
      vertex 3.30933 80.8582 0
      vertex 4.1 82.5 0
    endloop
  endfacet
  facet normal 0 0 -1
    outer loop
      vertex 1.53271 69.5473 0
      vertex 3.30933 80.8582 0
      vertex 3.30933 69.1418 0
    endloop
  endfacet
  facet normal 0 0 -1
    outer loop
      vertex 1.53271 69.5473 0
      vertex 1.53271 80.4527 0
      vertex 3.30933 80.8582 0
    endloop
  endfacet
  facet normal 0 0 -1
    outer loop
      vertex 0 69 0
      vertex 1.53271 69.5473 0
      vertex 0.846352 69 0
    endloop
  endfacet
  facet normal -0 0 -1
    outer loop
      vertex 1.53271 69.5473 0
      vertex 0 69 0
      vertex 1.53271 80.4527 0
    endloop
  endfacet
  facet normal 0 0 -1
    outer loop
      vertex 0 81 0
      vertex 1.53271 80.4527 0
      vertex 0 69 0
    endloop
  endfacet
  facet normal 0 0 -1
    outer loop
      vertex 1.53271 80.4527 0
      vertex 0 81 0
      vertex 0.846351 81 0
    endloop
  endfacet
  facet normal 0 0 -1
    outer loop
      vertex 3.30933 54.1418 0
      vertex 4.1 67.5 0
      vertex 4.1 52.5 0
    endloop
  endfacet
  facet normal 0 0 -1
    outer loop
      vertex 3.30933 54.1418 0
      vertex 3.30933 65.8582 0
      vertex 4.1 67.5 0
    endloop
  endfacet
  facet normal 0 0 -1
    outer loop
      vertex 1.53271 54.5473 0
      vertex 3.30933 65.8582 0
      vertex 3.30933 54.1418 0
    endloop
  endfacet
  facet normal 0 0 -1
    outer loop
      vertex 1.53271 54.5473 0
      vertex 1.53271 65.4527 0
      vertex 3.30933 65.8582 0
    endloop
  endfacet
  facet normal 0 0 -1
    outer loop
      vertex 0 54 0
      vertex 1.53271 54.5473 0
      vertex 0.846352 54 0
    endloop
  endfacet
  facet normal -0 0 -1
    outer loop
      vertex 1.53271 54.5473 0
      vertex 0 54 0
      vertex 1.53271 65.4527 0
    endloop
  endfacet
  facet normal 0 0 -1
    outer loop
      vertex 0 66 0
      vertex 1.53271 65.4527 0
      vertex 0 54 0
    endloop
  endfacet
  facet normal 0 0 -1
    outer loop
      vertex 1.53271 65.4527 0
      vertex 0 66 0
      vertex 0.846351 66 0
    endloop
  endfacet
  facet normal 0 0 -1
    outer loop
      vertex 3.30933 39.1418 0
      vertex 4.1 52.5 0
      vertex 4.1 37.5 0
    endloop
  endfacet
  facet normal 0 0 -1
    outer loop
      vertex 3.30933 39.1418 0
      vertex 3.30933 50.8582 0
      vertex 4.1 52.5 0
    endloop
  endfacet
  facet normal 0 0 -1
    outer loop
      vertex 1.53271 39.5473 0
      vertex 3.30933 50.8582 0
      vertex 3.30933 39.1418 0
    endloop
  endfacet
  facet normal 0 0 -1
    outer loop
      vertex 1.53271 39.5473 0
      vertex 1.53271 50.4527 0
      vertex 3.30933 50.8582 0
    endloop
  endfacet
  facet normal 0 0 -1
    outer loop
      vertex 0 39 0
      vertex 1.53271 39.5473 0
      vertex 0.846352 39 0
    endloop
  endfacet
  facet normal -0 0 -1
    outer loop
      vertex 1.53271 39.5473 0
      vertex 0 39 0
      vertex 1.53271 50.4527 0
    endloop
  endfacet
  facet normal 0 0 -1
    outer loop
      vertex 0 51 0
      vertex 1.53271 50.4527 0
      vertex 0 39 0
    endloop
  endfacet
  facet normal 0 0 -1
    outer loop
      vertex 1.53271 50.4527 0
      vertex 0 51 0
      vertex 0.846351 51 0
    endloop
  endfacet
  facet normal 0 0 -1
    outer loop
      vertex 3.30933 24.1418 0
      vertex 4.1 37.5 0
      vertex 4.1 22.5 0
    endloop
  endfacet
  facet normal 0 0 -1
    outer loop
      vertex 3.30933 24.1418 0
      vertex 3.30933 35.8582 0
      vertex 4.1 37.5 0
    endloop
  endfacet
  facet normal 0 0 -1
    outer loop
      vertex 1.53271 24.5473 0
      vertex 3.30933 35.8582 0
      vertex 3.30933 24.1418 0
    endloop
  endfacet
  facet normal 0 0 -1
    outer loop
      vertex 1.53271 24.5473 0
      vertex 1.53271 35.4527 0
      vertex 3.30933 35.8582 0
    endloop
  endfacet
  facet normal 0 0 -1
    outer loop
      vertex 0 24 0
      vertex 1.53271 24.5473 0
      vertex 0.846352 24 0
    endloop
  endfacet
  facet normal -0 0 -1
    outer loop
      vertex 1.53271 24.5473 0
      vertex 0 24 0
      vertex 1.53271 35.4527 0
    endloop
  endfacet
  facet normal 0 0 -1
    outer loop
      vertex 0 36 0
      vertex 1.53271 35.4527 0
      vertex 0 24 0
    endloop
  endfacet
  facet normal 0 0 -1
    outer loop
      vertex 1.53271 35.4527 0
      vertex 0 36 0
      vertex 0.846351 36 0
    endloop
  endfacet
  facet normal 0 0 -1
    outer loop
      vertex 3.30933 9.14185 0
      vertex 4.1 22.5 0
      vertex 4.1 7.5 0
    endloop
  endfacet
  facet normal 0 0 -1
    outer loop
      vertex 3.30933 9.14185 0
      vertex 3.30933 20.8582 0
      vertex 4.1 22.5 0
    endloop
  endfacet
  facet normal 0 0 -1
    outer loop
      vertex 1.53271 9.54735 0
      vertex 3.30933 20.8582 0
      vertex 3.30933 9.14185 0
    endloop
  endfacet
  facet normal 0 0 -1
    outer loop
      vertex 1.53271 9.54735 0
      vertex 1.53271 20.4527 0
      vertex 3.30933 20.8582 0
    endloop
  endfacet
  facet normal 0 0 -1
    outer loop
      vertex 0 9 0
      vertex 1.53271 9.54735 0
      vertex 0.846352 9 0
    endloop
  endfacet
  facet normal -0 0 -1
    outer loop
      vertex 1.53271 9.54735 0
      vertex 0 9 0
      vertex 1.53271 20.4527 0
    endloop
  endfacet
  facet normal 0 0 -1
    outer loop
      vertex 0 21 0
      vertex 1.53271 20.4527 0
      vertex 0 9 0
    endloop
  endfacet
  facet normal 0 0 -1
    outer loop
      vertex 1.53271 20.4527 0
      vertex 0 21 0
      vertex 0.846351 21 0
    endloop
  endfacet
  facet normal 0 0 -1
    outer loop
      vertex 6 0 0
      vertex 5.60796 1.08884 0
      vertex 6 0.776206 0
    endloop
  endfacet
  facet normal 0 0 -1
    outer loop
      vertex 0 0 0
      vertex 5.60796 2.91116 0
      vertex 5.60796 1.08884 0
    endloop
  endfacet
  facet normal 0 0 -1
    outer loop
      vertex 5.60796 2.91116 0
      vertex 4.1 37.5 0
      vertex 5.60796 87.0888 0
    endloop
  endfacet
  facet normal 0 0 -1
    outer loop
      vertex 5.60796 2.91116 0
      vertex 4.1 7.5 0
      vertex 4.1 22.5 0
    endloop
  endfacet
  facet normal 0 0 -1
    outer loop
      vertex 5.60796 2.91116 0
      vertex 3.30933 5.85815 0
      vertex 4.1 7.5 0
    endloop
  endfacet
  facet normal 0 0 -1
    outer loop
      vertex 0 0 0
      vertex 5.60796 1.08884 0
      vertex 6 0 0
    endloop
  endfacet
  facet normal 0 0 -1
    outer loop
      vertex 5.60796 2.91116 0
      vertex 1.53271 5.45265 0
      vertex 3.30933 5.85815 0
    endloop
  endfacet
  facet normal -0 0 -1
    outer loop
      vertex 5.60796 2.91116 0
      vertex 0 0 0
      vertex 1.53271 5.45265 0
    endloop
  endfacet
  facet normal 0 0 -1
    outer loop
      vertex 0 6 0
      vertex 1.53271 5.45265 0
      vertex 0 0 0
    endloop
  endfacet
  facet normal 0 0 -1
    outer loop
      vertex 1.53271 5.45265 0
      vertex 0 6 0
      vertex 0.846351 6 0
    endloop
  endfacet
  facet normal 0 0 -1
    outer loop
      vertex 22.0327 85.9527 0
      vertex 9.6 88 0
      vertex 20.608 87.0888 0
    endloop
  endfacet
  facet normal 0 0 -1
    outer loop
      vertex 22.0327 85.9527 0
      vertex 8.80933 86.3582 0
      vertex 9.6 88 0
    endloop
  endfacet
  facet normal 0 0 -1
    outer loop
      vertex 7.03271 85.9527 0
      vertex 22.0327 85.9527 0
      vertex 7.03271 4.04735 0
    endloop
  endfacet
  facet normal 0 0 -1
    outer loop
      vertex 22.0327 85.9527 0
      vertex 7.03271 85.9527 0
      vertex 8.80933 86.3582 0
    endloop
  endfacet
  facet normal 0 0 -1
    outer loop
      vertex 5.60796 2.91116 0
      vertex 7.03271 85.9527 0
      vertex 7.03271 4.04735 0
    endloop
  endfacet
  facet normal -0 0 -1
    outer loop
      vertex 7.03271 85.9527 0
      vertex 5.60796 2.91116 0
      vertex 5.60796 87.0888 0
    endloop
  endfacet
  facet normal 0 0 -1
    outer loop
      vertex 21 0 0
      vertex 20.608 1.08884 0
      vertex 21 0.776206 0
    endloop
  endfacet
  facet normal 0 0 -1
    outer loop
      vertex 9.6 2 0
      vertex 20.608 2.91116 0
      vertex 20.608 1.08884 0
    endloop
  endfacet
  facet normal 0 0 -1
    outer loop
      vertex 8.80933 3.64185 0
      vertex 20.608 2.91116 0
      vertex 9.6 2 0
    endloop
  endfacet
  facet normal 0 0 -1
    outer loop
      vertex 22.0327 4.04735 0
      vertex 7.03271 4.04735 0
      vertex 22.0327 85.9527 0
    endloop
  endfacet
  facet normal 0 0 -1
    outer loop
      vertex 9 0 0
      vertex 20.608 1.08884 0
      vertex 21 0 0
    endloop
  endfacet
  facet normal -0 0 -1
    outer loop
      vertex 20.608 1.08884 0
      vertex 9 0 0
      vertex 9.6 2 0
    endloop
  endfacet
  facet normal 0 0 -1
    outer loop
      vertex 9.6 2 0
      vertex 9 0 0
      vertex 9 0.754088 0
    endloop
  endfacet
  facet normal 0 0 -1
    outer loop
      vertex 37.0327 85.9527 0
      vertex 24.6 88 0
      vertex 35.608 87.0888 0
    endloop
  endfacet
  facet normal 0 0 -1
    outer loop
      vertex 37.0327 85.9527 0
      vertex 23.8093 86.3582 0
      vertex 24.6 88 0
    endloop
  endfacet
  facet normal 0 0 -1
    outer loop
      vertex 22.0327 85.9527 0
      vertex 37.0327 85.9527 0
      vertex 22.0327 4.04735 0
    endloop
  endfacet
  facet normal 0 0 -1
    outer loop
      vertex 37.0327 85.9527 0
      vertex 22.0327 85.9527 0
      vertex 23.8093 86.3582 0
    endloop
  endfacet
  facet normal 0 0 -1
    outer loop
      vertex 8.80933 3.64185 0
      vertex 22.0327 4.04735 0
      vertex 20.608 2.91116 0
    endloop
  endfacet
  facet normal 0 0 -1
    outer loop
      vertex 7.03271 4.04735 0
      vertex 22.0327 4.04735 0
      vertex 8.80933 3.64185 0
    endloop
  endfacet
  facet normal 0 0 -1
    outer loop
      vertex 36 0 0
      vertex 35.608 1.08884 0
      vertex 36 0.776206 0
    endloop
  endfacet
  facet normal 0 0 -1
    outer loop
      vertex 24.6 2 0
      vertex 35.608 2.91116 0
      vertex 35.608 1.08884 0
    endloop
  endfacet
  facet normal 0 0 -1
    outer loop
      vertex 23.8093 3.64185 0
      vertex 35.608 2.91116 0
      vertex 24.6 2 0
    endloop
  endfacet
  facet normal 0 0 -1
    outer loop
      vertex 37.0327 4.04735 0
      vertex 22.0327 4.04735 0
      vertex 37.0327 85.9527 0
    endloop
  endfacet
  facet normal 0 0 -1
    outer loop
      vertex 24 0 0
      vertex 35.608 1.08884 0
      vertex 36 0 0
    endloop
  endfacet
  facet normal -0 0 -1
    outer loop
      vertex 35.608 1.08884 0
      vertex 24 0 0
      vertex 24.6 2 0
    endloop
  endfacet
  facet normal 0 0 -1
    outer loop
      vertex 24.6 2 0
      vertex 24 0 0
      vertex 24 0.754088 0
    endloop
  endfacet
  facet normal 0 0 -1
    outer loop
      vertex 52.0327 85.9527 0
      vertex 39.6 88 0
      vertex 50.608 87.0888 0
    endloop
  endfacet
  facet normal 0 0 -1
    outer loop
      vertex 52.0327 85.9527 0
      vertex 38.8093 86.3582 0
      vertex 39.6 88 0
    endloop
  endfacet
  facet normal 0 0 -1
    outer loop
      vertex 37.0327 85.9527 0
      vertex 52.0327 85.9527 0
      vertex 37.0327 4.04735 0
    endloop
  endfacet
  facet normal 0 0 -1
    outer loop
      vertex 52.0327 85.9527 0
      vertex 37.0327 85.9527 0
      vertex 38.8093 86.3582 0
    endloop
  endfacet
  facet normal 0 0 -1
    outer loop
      vertex 23.8093 3.64185 0
      vertex 37.0327 4.04735 0
      vertex 35.608 2.91116 0
    endloop
  endfacet
  facet normal 0 0 -1
    outer loop
      vertex 22.0327 4.04735 0
      vertex 37.0327 4.04735 0
      vertex 23.8093 3.64185 0
    endloop
  endfacet
  facet normal 0 0 -1
    outer loop
      vertex 51 0 0
      vertex 50.608 1.08884 0
      vertex 51 0.776206 0
    endloop
  endfacet
  facet normal 0 0 -1
    outer loop
      vertex 39.6 2 0
      vertex 50.608 2.91116 0
      vertex 50.608 1.08884 0
    endloop
  endfacet
  facet normal 0 0 -1
    outer loop
      vertex 38.8093 3.64185 0
      vertex 50.608 2.91116 0
      vertex 39.6 2 0
    endloop
  endfacet
  facet normal 0 0 -1
    outer loop
      vertex 52.0327 4.04735 0
      vertex 37.0327 4.04735 0
      vertex 52.0327 85.9527 0
    endloop
  endfacet
  facet normal 0 0 -1
    outer loop
      vertex 39 0 0
      vertex 50.608 1.08884 0
      vertex 51 0 0
    endloop
  endfacet
  facet normal -0 0 -1
    outer loop
      vertex 50.608 1.08884 0
      vertex 39 0 0
      vertex 39.6 2 0
    endloop
  endfacet
  facet normal 0 0 -1
    outer loop
      vertex 39.6 2 0
      vertex 39 0 0
      vertex 39 0.754088 0
    endloop
  endfacet
  facet normal 0 0 -1
    outer loop
      vertex 67.0327 85.9527 0
      vertex 54.6 88 0
      vertex 65.608 87.0888 0
    endloop
  endfacet
  facet normal 0 0 -1
    outer loop
      vertex 67.0327 85.9527 0
      vertex 53.8093 86.3582 0
      vertex 54.6 88 0
    endloop
  endfacet
  facet normal 0 0 -1
    outer loop
      vertex 52.0327 85.9527 0
      vertex 67.0327 85.9527 0
      vertex 52.0327 4.04735 0
    endloop
  endfacet
  facet normal 0 0 -1
    outer loop
      vertex 67.0327 85.9527 0
      vertex 52.0327 85.9527 0
      vertex 53.8093 86.3582 0
    endloop
  endfacet
  facet normal 0 0 -1
    outer loop
      vertex 38.8093 3.64185 0
      vertex 52.0327 4.04735 0
      vertex 50.608 2.91116 0
    endloop
  endfacet
  facet normal 0 0 -1
    outer loop
      vertex 37.0327 4.04735 0
      vertex 52.0327 4.04735 0
      vertex 38.8093 3.64185 0
    endloop
  endfacet
  facet normal 0 0 -1
    outer loop
      vertex 66 0 0
      vertex 65.608 1.08884 0
      vertex 66 0.776206 0
    endloop
  endfacet
  facet normal 0 0 -1
    outer loop
      vertex 54.6 2 0
      vertex 65.608 2.91116 0
      vertex 65.608 1.08884 0
    endloop
  endfacet
  facet normal 0 0 -1
    outer loop
      vertex 53.8093 3.64185 0
      vertex 65.608 2.91116 0
      vertex 54.6 2 0
    endloop
  endfacet
  facet normal 0 0 -1
    outer loop
      vertex 67.0327 4.04735 0
      vertex 52.0327 4.04735 0
      vertex 67.0327 85.9527 0
    endloop
  endfacet
  facet normal 0 0 -1
    outer loop
      vertex 54 0 0
      vertex 65.608 1.08884 0
      vertex 66 0 0
    endloop
  endfacet
  facet normal -0 0 -1
    outer loop
      vertex 65.608 1.08884 0
      vertex 54 0 0
      vertex 54.6 2 0
    endloop
  endfacet
  facet normal 0 0 -1
    outer loop
      vertex 54.6 2 0
      vertex 54 0 0
      vertex 54 0.754088 0
    endloop
  endfacet
  facet normal 0 0 -1
    outer loop
      vertex 82.0327 85.9527 0
      vertex 69.6 88 0
      vertex 80.608 87.0888 0
    endloop
  endfacet
  facet normal 0 0 -1
    outer loop
      vertex 82.0327 85.9527 0
      vertex 68.8093 86.3582 0
      vertex 69.6 88 0
    endloop
  endfacet
  facet normal 0 0 -1
    outer loop
      vertex 67.0327 85.9527 0
      vertex 82.0327 85.9527 0
      vertex 67.0327 4.04735 0
    endloop
  endfacet
  facet normal 0 0 -1
    outer loop
      vertex 82.0327 85.9527 0
      vertex 67.0327 85.9527 0
      vertex 68.8093 86.3582 0
    endloop
  endfacet
  facet normal 0 0 -1
    outer loop
      vertex 53.8093 3.64185 0
      vertex 67.0327 4.04735 0
      vertex 65.608 2.91116 0
    endloop
  endfacet
  facet normal 0 0 -1
    outer loop
      vertex 52.0327 4.04735 0
      vertex 67.0327 4.04735 0
      vertex 53.8093 3.64185 0
    endloop
  endfacet
  facet normal 0 0 -1
    outer loop
      vertex 81 0 0
      vertex 80.608 1.08884 0
      vertex 81 0.776206 0
    endloop
  endfacet
  facet normal 0 0 -1
    outer loop
      vertex 69.6 2 0
      vertex 80.608 2.91116 0
      vertex 80.608 1.08884 0
    endloop
  endfacet
  facet normal 0 0 -1
    outer loop
      vertex 68.8093 3.64185 0
      vertex 80.608 2.91116 0
      vertex 69.6 2 0
    endloop
  endfacet
  facet normal 0 0 -1
    outer loop
      vertex 82.0327 4.04735 0
      vertex 67.0327 4.04735 0
      vertex 82.0327 85.9527 0
    endloop
  endfacet
  facet normal 0 0 -1
    outer loop
      vertex 69 0 0
      vertex 80.608 1.08884 0
      vertex 81 0 0
    endloop
  endfacet
  facet normal -0 0 -1
    outer loop
      vertex 80.608 1.08884 0
      vertex 69 0 0
      vertex 69.6 2 0
    endloop
  endfacet
  facet normal 0 0 -1
    outer loop
      vertex 69.6 2 0
      vertex 69 0 0
      vertex 69 0.754088 0
    endloop
  endfacet
  facet normal 0 0 -1
    outer loop
      vertex 97.0327 85.9527 0
      vertex 84.6 88 0
      vertex 95.608 87.0888 0
    endloop
  endfacet
  facet normal 0 0 -1
    outer loop
      vertex 116.108 51.5888 0
      vertex 83.8093 86.3582 0
      vertex 84.6 88 0
    endloop
  endfacet
  facet normal 0 0 -1
    outer loop
      vertex 82.0327 85.9527 0
      vertex 116.108 51.5888 0
      vertex 82.0327 4.04735 0
    endloop
  endfacet
  facet normal 0 0 -1
    outer loop
      vertex 116.108 51.5888 0
      vertex 82.0327 85.9527 0
      vertex 83.8093 86.3582 0
    endloop
  endfacet
  facet normal 0 0 -1
    outer loop
      vertex 68.8093 3.64185 0
      vertex 82.0327 4.04735 0
      vertex 80.608 2.91116 0
    endloop
  endfacet
  facet normal 0 0 -1
    outer loop
      vertex 67.0327 4.04735 0
      vertex 82.0327 4.04735 0
      vertex 68.8093 3.64185 0
    endloop
  endfacet
  facet normal 0 0 -1
    outer loop
      vertex 96 0 0
      vertex 95.608 1.08884 0
      vertex 96 0.776206 0
    endloop
  endfacet
  facet normal 0 0 -1
    outer loop
      vertex 84.6 2 0
      vertex 95.608 2.91116 0
      vertex 95.608 1.08884 0
    endloop
  endfacet
  facet normal 0 0 -1
    outer loop
      vertex 83.8093 3.64185 0
      vertex 95.608 2.91116 0
      vertex 84.6 2 0
    endloop
  endfacet
  facet normal 0 0 -1
    outer loop
      vertex 116.108 51.5888 0
      vertex 84.6 88 0
      vertex 97.0327 85.9527 0
    endloop
  endfacet
  facet normal 0 0 -1
    outer loop
      vertex 84 0 0
      vertex 95.608 1.08884 0
      vertex 96 0 0
    endloop
  endfacet
  facet normal -0 0 -1
    outer loop
      vertex 95.608 1.08884 0
      vertex 84 0 0
      vertex 84.6 2 0
    endloop
  endfacet
  facet normal 0 0 -1
    outer loop
      vertex 84.6 2 0
      vertex 84 0 0
      vertex 84 0.754088 0
    endloop
  endfacet
  facet normal 0 0 -1
    outer loop
      vertex 116.108 51.5888 0
      vertex 99.6 88 0
      vertex 110.608 87.0888 0
    endloop
  endfacet
  facet normal 0 0 -1
    outer loop
      vertex 116.108 51.5888 0
      vertex 98.8093 86.3582 0
      vertex 99.6 88 0
    endloop
  endfacet
  facet normal -0 0 -1
    outer loop
      vertex 116.108 36.5888 0
      vertex 82.0327 4.04735 0
      vertex 116.108 38.4112 0
    endloop
  endfacet
  facet normal 0 0 -1
    outer loop
      vertex 116.108 51.5888 0
      vertex 97.0327 85.9527 0
      vertex 98.8093 86.3582 0
    endloop
  endfacet
  facet normal 0 0 -1
    outer loop
      vertex 83.8093 3.64185 0
      vertex 97.0327 4.04735 0
      vertex 95.608 2.91116 0
    endloop
  endfacet
  facet normal -0 0 -1
    outer loop
      vertex 116.108 38.4112 0
      vertex 82.0327 4.04735 0
      vertex 116.108 51.5888 0
    endloop
  endfacet
  facet normal 0 0 -1
    outer loop
      vertex 111 0 0
      vertex 110.608 1.08884 0
      vertex 111 0.776206 0
    endloop
  endfacet
  facet normal 0 0 -1
    outer loop
      vertex 99.6 2 0
      vertex 110.608 2.91116 0
      vertex 110.608 1.08884 0
    endloop
  endfacet
  facet normal 0 0 -1
    outer loop
      vertex 98.8093 3.64185 0
      vertex 110.608 2.91116 0
      vertex 99.6 2 0
    endloop
  endfacet
  facet normal 0 0 -1
    outer loop
      vertex 82.0327 4.04735 0
      vertex 116.108 36.5888 0
      vertex 83.8093 3.64185 0
    endloop
  endfacet
  facet normal 0 0 -1
    outer loop
      vertex 99 0 0
      vertex 110.608 1.08884 0
      vertex 111 0 0
    endloop
  endfacet
  facet normal -0 0 -1
    outer loop
      vertex 110.608 1.08884 0
      vertex 99 0 0
      vertex 99.6 2 0
    endloop
  endfacet
  facet normal 0 0 -1
    outer loop
      vertex 99.6 2 0
      vertex 99 0 0
      vertex 99 0.754088 0
    endloop
  endfacet
  facet normal -0 0 -1
    outer loop
      vertex 116.108 21.5888 0
      vertex 97.0327 4.04735 0
      vertex 116.108 23.4112 0
    endloop
  endfacet
  facet normal 0 0 -1
    outer loop
      vertex 116.108 51.5888 0
      vertex 113.809 86.3582 0
      vertex 114.6 88 0
    endloop
  endfacet
  facet normal -0 0 -1
    outer loop
      vertex 116.108 23.4112 0
      vertex 97.0327 4.04735 0
      vertex 116.108 36.5888 0
    endloop
  endfacet
  facet normal 0 0 -1
    outer loop
      vertex 116.108 51.5888 0
      vertex 112.033 85.9527 0
      vertex 113.809 86.3582 0
    endloop
  endfacet
  facet normal 0 0 -1
    outer loop
      vertex 83.8093 3.64185 0
      vertex 116.108 36.5888 0
      vertex 97.0327 4.04735 0
    endloop
  endfacet
  facet normal 0 0 -1
    outer loop
      vertex 116.108 51.5888 0
      vertex 110.608 87.0888 0
      vertex 112.033 85.9527 0
    endloop
  endfacet
  facet normal 0 0 -1
    outer loop
      vertex 119.309 5.85815 0
      vertex 120 6 0
      vertex 120 0 0
    endloop
  endfacet
  facet normal -0 0 -1
    outer loop
      vertex 120 6 0
      vertex 119.309 5.85815 0
      vertex 119.378 6 0
    endloop
  endfacet
  facet normal 0 0 -1
    outer loop
      vertex 120 0 0
      vertex 117.533 5.45265 0
      vertex 119.309 5.85815 0
    endloop
  endfacet
  facet normal 0 0 -1
    outer loop
      vertex 114.6 2 0
      vertex 117.533 5.45265 0
      vertex 120 0 0
    endloop
  endfacet
  facet normal -0 0 -1
    outer loop
      vertex 117.533 5.45265 0
      vertex 113.809 3.64185 0
      vertex 116.108 6.58884 0
    endloop
  endfacet
  facet normal 0 0 -1
    outer loop
      vertex 112.033 4.04735 0
      vertex 116.108 6.58884 0
      vertex 113.809 3.64185 0
    endloop
  endfacet
  facet normal -0 0 -1
    outer loop
      vertex 116.108 6.58884 0
      vertex 112.033 4.04735 0
      vertex 116.108 8.41116 0
    endloop
  endfacet
  facet normal 0 0 -1
    outer loop
      vertex 98.8093 3.64185 0
      vertex 116.108 8.41116 0
      vertex 112.033 4.04735 0
    endloop
  endfacet
  facet normal 0 0 -1
    outer loop
      vertex 98.8093 3.64185 0
      vertex 112.033 4.04735 0
      vertex 110.608 2.91116 0
    endloop
  endfacet
  facet normal -0 0 -1
    outer loop
      vertex 116.108 8.41116 0
      vertex 98.8093 3.64185 0
      vertex 116.108 21.5888 0
    endloop
  endfacet
  facet normal 0 0 -1
    outer loop
      vertex 97.0327 4.04735 0
      vertex 116.108 21.5888 0
      vertex 98.8093 3.64185 0
    endloop
  endfacet
  facet normal 0 0 -1
    outer loop
      vertex 116.108 51.5888 0
      vertex 114.6 88 0
      vertex 116.108 53.4112 0
    endloop
  endfacet
  facet normal 0 0 -1
    outer loop
      vertex 116.108 53.4112 0
      vertex 114.6 88 0
      vertex 116.108 66.5888 0
    endloop
  endfacet
  facet normal 0 0 -1
    outer loop
      vertex 116.108 66.5888 0
      vertex 114.6 88 0
      vertex 116.108 68.4112 0
    endloop
  endfacet
  facet normal 0 0 -1
    outer loop
      vertex 116.108 68.4112 0
      vertex 114.6 88 0
      vertex 116.108 81.5888 0
    endloop
  endfacet
  facet normal 0 0 -1
    outer loop
      vertex 113.809 3.64185 0
      vertex 117.533 5.45265 0
      vertex 114.6 2 0
    endloop
  endfacet
  facet normal 0 0 -1
    outer loop
      vertex 114 0 0
      vertex 114.6 2 0
      vertex 120 0 0
    endloop
  endfacet
  facet normal 0 0 -1
    outer loop
      vertex 114.6 2 0
      vertex 114 0 0
      vertex 114 0.754088 0
    endloop
  endfacet
  facet normal 0 0 -1
    outer loop
      vertex 119.309 9.14185 0
      vertex 120 9 0
      vertex 119.378 9 0
    endloop
  endfacet
  facet normal 0 0 -1
    outer loop
      vertex 120 9 0
      vertex 119.309 9.14185 0
      vertex 120 21 0
    endloop
  endfacet
  facet normal 0 0 -1
    outer loop
      vertex 119.309 20.8582 0
      vertex 120 21 0
      vertex 119.309 9.14185 0
    endloop
  endfacet
  facet normal -0 0 -1
    outer loop
      vertex 120 21 0
      vertex 119.309 20.8582 0
      vertex 119.378 21 0
    endloop
  endfacet
  facet normal 0 0 -1
    outer loop
      vertex 117.533 9.54735 0
      vertex 119.309 20.8582 0
      vertex 119.309 9.14185 0
    endloop
  endfacet
  facet normal 0 0 -1
    outer loop
      vertex 117.533 9.54735 0
      vertex 117.533 20.4527 0
      vertex 119.309 20.8582 0
    endloop
  endfacet
  facet normal 0 0 -1
    outer loop
      vertex 116.108 8.41116 0
      vertex 117.533 20.4527 0
      vertex 117.533 9.54735 0
    endloop
  endfacet
  facet normal -0 0 -1
    outer loop
      vertex 117.533 20.4527 0
      vertex 116.108 8.41116 0
      vertex 116.108 21.5888 0
    endloop
  endfacet
  facet normal 0 0 -1
    outer loop
      vertex 119.309 24.1418 0
      vertex 120 24 0
      vertex 119.378 24 0
    endloop
  endfacet
  facet normal 0 0 -1
    outer loop
      vertex 120 24 0
      vertex 119.309 24.1418 0
      vertex 120 36 0
    endloop
  endfacet
  facet normal 0 0 -1
    outer loop
      vertex 119.309 35.8582 0
      vertex 120 36 0
      vertex 119.309 24.1418 0
    endloop
  endfacet
  facet normal -0 0 -1
    outer loop
      vertex 120 36 0
      vertex 119.309 35.8582 0
      vertex 119.378 36 0
    endloop
  endfacet
  facet normal 0 0 -1
    outer loop
      vertex 117.533 24.5473 0
      vertex 119.309 35.8582 0
      vertex 119.309 24.1418 0
    endloop
  endfacet
  facet normal 0 0 -1
    outer loop
      vertex 117.533 24.5473 0
      vertex 117.533 35.4527 0
      vertex 119.309 35.8582 0
    endloop
  endfacet
  facet normal 0 0 -1
    outer loop
      vertex 116.108 23.4112 0
      vertex 117.533 35.4527 0
      vertex 117.533 24.5473 0
    endloop
  endfacet
  facet normal -0 0 -1
    outer loop
      vertex 117.533 35.4527 0
      vertex 116.108 23.4112 0
      vertex 116.108 36.5888 0
    endloop
  endfacet
  facet normal 0 0 -1
    outer loop
      vertex 119.309 39.1418 0
      vertex 120 39 0
      vertex 119.378 39 0
    endloop
  endfacet
  facet normal 0 0 -1
    outer loop
      vertex 120 39 0
      vertex 119.309 39.1418 0
      vertex 120 51 0
    endloop
  endfacet
  facet normal 0 0 -1
    outer loop
      vertex 119.309 50.8582 0
      vertex 120 51 0
      vertex 119.309 39.1418 0
    endloop
  endfacet
  facet normal -0 0 -1
    outer loop
      vertex 120 51 0
      vertex 119.309 50.8582 0
      vertex 119.378 51 0
    endloop
  endfacet
  facet normal 0 0 -1
    outer loop
      vertex 117.533 39.5473 0
      vertex 119.309 50.8582 0
      vertex 119.309 39.1418 0
    endloop
  endfacet
  facet normal 0 0 -1
    outer loop
      vertex 117.533 39.5473 0
      vertex 117.533 50.4527 0
      vertex 119.309 50.8582 0
    endloop
  endfacet
  facet normal 0 0 -1
    outer loop
      vertex 116.108 38.4112 0
      vertex 117.533 50.4527 0
      vertex 117.533 39.5473 0
    endloop
  endfacet
  facet normal -0 0 -1
    outer loop
      vertex 117.533 50.4527 0
      vertex 116.108 38.4112 0
      vertex 116.108 51.5888 0
    endloop
  endfacet
  facet normal 0 0 -1
    outer loop
      vertex 119.309 54.1418 0
      vertex 120 54 0
      vertex 119.378 54 0
    endloop
  endfacet
  facet normal 0 0 -1
    outer loop
      vertex 120 54 0
      vertex 119.309 54.1418 0
      vertex 120 66 0
    endloop
  endfacet
  facet normal 0 0 -1
    outer loop
      vertex 119.309 65.8582 0
      vertex 120 66 0
      vertex 119.309 54.1418 0
    endloop
  endfacet
  facet normal -0 0 -1
    outer loop
      vertex 120 66 0
      vertex 119.309 65.8582 0
      vertex 119.378 66 0
    endloop
  endfacet
  facet normal 0 0 -1
    outer loop
      vertex 117.533 54.5473 0
      vertex 119.309 65.8582 0
      vertex 119.309 54.1418 0
    endloop
  endfacet
  facet normal 0 0 -1
    outer loop
      vertex 117.533 54.5473 0
      vertex 117.533 65.4527 0
      vertex 119.309 65.8582 0
    endloop
  endfacet
  facet normal 0 0 -1
    outer loop
      vertex 116.108 53.4112 0
      vertex 117.533 65.4527 0
      vertex 117.533 54.5473 0
    endloop
  endfacet
  facet normal -0 0 -1
    outer loop
      vertex 117.533 65.4527 0
      vertex 116.108 53.4112 0
      vertex 116.108 66.5888 0
    endloop
  endfacet
  facet normal 0 0 -1
    outer loop
      vertex 119.309 69.1418 0
      vertex 120 69 0
      vertex 119.378 69 0
    endloop
  endfacet
  facet normal 0 0 -1
    outer loop
      vertex 120 69 0
      vertex 119.309 69.1418 0
      vertex 120 81 0
    endloop
  endfacet
  facet normal 0 0 -1
    outer loop
      vertex 119.309 80.8582 0
      vertex 120 81 0
      vertex 119.309 69.1418 0
    endloop
  endfacet
  facet normal -0 0 -1
    outer loop
      vertex 120 81 0
      vertex 119.309 80.8582 0
      vertex 119.378 81 0
    endloop
  endfacet
  facet normal 0 0 -1
    outer loop
      vertex 117.533 69.5473 0
      vertex 119.309 80.8582 0
      vertex 119.309 69.1418 0
    endloop
  endfacet
  facet normal 0 0 -1
    outer loop
      vertex 117.533 69.5473 0
      vertex 117.533 80.4527 0
      vertex 119.309 80.8582 0
    endloop
  endfacet
  facet normal 0 0 -1
    outer loop
      vertex 116.108 68.4112 0
      vertex 117.533 80.4527 0
      vertex 117.533 69.5473 0
    endloop
  endfacet
  facet normal -0 0 -1
    outer loop
      vertex 117.533 80.4527 0
      vertex 116.108 68.4112 0
      vertex 116.108 81.5888 0
    endloop
  endfacet
  facet normal 0 0 -1
    outer loop
      vertex 119.309 84.1418 0
      vertex 120 84 0
      vertex 119.378 84 0
    endloop
  endfacet
  facet normal 0 0 -1
    outer loop
      vertex 120 84 0
      vertex 119.309 84.1418 0
      vertex 120 90 0
    endloop
  endfacet
  facet normal 0 0 -1
    outer loop
      vertex 117.533 84.5473 0
      vertex 120 90 0
      vertex 119.309 84.1418 0
    endloop
  endfacet
  facet normal 0 0 -1
    outer loop
      vertex 114.6 88 0
      vertex 117.533 84.5473 0
      vertex 116.108 83.4112 0
    endloop
  endfacet
  facet normal 0 0 -1
    outer loop
      vertex 116.108 81.5888 0
      vertex 114.6 88 0
      vertex 116.108 83.4112 0
    endloop
  endfacet
  facet normal 0 0 -1
    outer loop
      vertex 117.533 84.5473 0
      vertex 114.6 88 0
      vertex 120 90 0
    endloop
  endfacet
  facet normal 0 0 -1
    outer loop
      vertex 114 90 0
      vertex 114.6 88 0
      vertex 114 89.2459 0
    endloop
  endfacet
  facet normal 0 0 -1
    outer loop
      vertex 114.6 88 0
      vertex 114 90 0
      vertex 120 90 0
    endloop
  endfacet
  facet normal 0 0 -1
    outer loop
      vertex 110.608 88.9112 0
      vertex 111 90 0
      vertex 111 89.2238 0
    endloop
  endfacet
  facet normal 0 0 -1
    outer loop
      vertex 110.608 87.0888 0
      vertex 99.6 88 0
      vertex 110.608 88.9112 0
    endloop
  endfacet
  facet normal 0 0 -1
    outer loop
      vertex 99 90 0
      vertex 110.608 88.9112 0
      vertex 99.6 88 0
    endloop
  endfacet
  facet normal 0 0 -1
    outer loop
      vertex 99 90 0
      vertex 99.6 88 0
      vertex 99 89.2459 0
    endloop
  endfacet
  facet normal 0 0 -1
    outer loop
      vertex 110.608 88.9112 0
      vertex 99 90 0
      vertex 111 90 0
    endloop
  endfacet
  facet normal 0 0 -1
    outer loop
      vertex 95.608 88.9112 0
      vertex 96 90 0
      vertex 96 89.2238 0
    endloop
  endfacet
  facet normal 0 0 -1
    outer loop
      vertex 95.608 87.0888 0
      vertex 84.6 88 0
      vertex 95.608 88.9112 0
    endloop
  endfacet
  facet normal 0 0 -1
    outer loop
      vertex 84 90 0
      vertex 95.608 88.9112 0
      vertex 84.6 88 0
    endloop
  endfacet
  facet normal 0 0 -1
    outer loop
      vertex 84 90 0
      vertex 84.6 88 0
      vertex 84 89.2459 0
    endloop
  endfacet
  facet normal 0 0 -1
    outer loop
      vertex 95.608 88.9112 0
      vertex 84 90 0
      vertex 96 90 0
    endloop
  endfacet
  facet normal 0 0 -1
    outer loop
      vertex 80.608 88.9112 0
      vertex 81 90 0
      vertex 81 89.2238 0
    endloop
  endfacet
  facet normal 0 0 -1
    outer loop
      vertex 80.608 87.0888 0
      vertex 69.6 88 0
      vertex 80.608 88.9112 0
    endloop
  endfacet
  facet normal 0 0 -1
    outer loop
      vertex 69 90 0
      vertex 80.608 88.9112 0
      vertex 69.6 88 0
    endloop
  endfacet
  facet normal 0 0 -1
    outer loop
      vertex 69 90 0
      vertex 69.6 88 0
      vertex 69 89.2459 0
    endloop
  endfacet
  facet normal 0 0 -1
    outer loop
      vertex 80.608 88.9112 0
      vertex 69 90 0
      vertex 81 90 0
    endloop
  endfacet
  facet normal 0 0 -1
    outer loop
      vertex 65.608 88.9112 0
      vertex 66 90 0
      vertex 66 89.2238 0
    endloop
  endfacet
  facet normal 0 0 -1
    outer loop
      vertex 65.608 87.0888 0
      vertex 54.6 88 0
      vertex 65.608 88.9112 0
    endloop
  endfacet
  facet normal 0 0 -1
    outer loop
      vertex 54 90 0
      vertex 65.608 88.9112 0
      vertex 54.6 88 0
    endloop
  endfacet
  facet normal 0 0 -1
    outer loop
      vertex 54 90 0
      vertex 54.6 88 0
      vertex 54 89.2459 0
    endloop
  endfacet
  facet normal 0 0 -1
    outer loop
      vertex 65.608 88.9112 0
      vertex 54 90 0
      vertex 66 90 0
    endloop
  endfacet
  facet normal 0 0 -1
    outer loop
      vertex 50.608 88.9112 0
      vertex 51 90 0
      vertex 51 89.2238 0
    endloop
  endfacet
  facet normal 0 0 -1
    outer loop
      vertex 50.608 87.0888 0
      vertex 39.6 88 0
      vertex 50.608 88.9112 0
    endloop
  endfacet
  facet normal 0 0 -1
    outer loop
      vertex 39 90 0
      vertex 50.608 88.9112 0
      vertex 39.6 88 0
    endloop
  endfacet
  facet normal 0 0 -1
    outer loop
      vertex 39 90 0
      vertex 39.6 88 0
      vertex 39 89.2459 0
    endloop
  endfacet
  facet normal 0 0 -1
    outer loop
      vertex 50.608 88.9112 0
      vertex 39 90 0
      vertex 51 90 0
    endloop
  endfacet
  facet normal 0 0 -1
    outer loop
      vertex 35.608 88.9112 0
      vertex 36 90 0
      vertex 36 89.2238 0
    endloop
  endfacet
  facet normal 0 0 -1
    outer loop
      vertex 35.608 87.0888 0
      vertex 24.6 88 0
      vertex 35.608 88.9112 0
    endloop
  endfacet
  facet normal 0 0 -1
    outer loop
      vertex 24 90 0
      vertex 35.608 88.9112 0
      vertex 24.6 88 0
    endloop
  endfacet
  facet normal 0 0 -1
    outer loop
      vertex 24 90 0
      vertex 24.6 88 0
      vertex 24 89.2459 0
    endloop
  endfacet
  facet normal 0 0 -1
    outer loop
      vertex 35.608 88.9112 0
      vertex 24 90 0
      vertex 36 90 0
    endloop
  endfacet
  facet normal 0 0 -1
    outer loop
      vertex 20.608 88.9112 0
      vertex 21 90 0
      vertex 21 89.2238 0
    endloop
  endfacet
  facet normal 0 0 -1
    outer loop
      vertex 20.608 87.0888 0
      vertex 9.6 88 0
      vertex 20.608 88.9112 0
    endloop
  endfacet
  facet normal 0 0 -1
    outer loop
      vertex 9 90 0
      vertex 20.608 88.9112 0
      vertex 9.6 88 0
    endloop
  endfacet
  facet normal 0 0 -1
    outer loop
      vertex 9 90 0
      vertex 9.6 88 0
      vertex 9 89.2459 0
    endloop
  endfacet
  facet normal 0 0 -1
    outer loop
      vertex 20.608 88.9112 0
      vertex 9 90 0
      vertex 21 90 0
    endloop
  endfacet
  facet normal 0 0 -1
    outer loop
      vertex 5.60796 88.9112 0
      vertex 6 90 0
      vertex 6 89.2238 0
    endloop
  endfacet
  facet normal 0 0 -1
    outer loop
      vertex 5.60796 2.91116 0
      vertex 4.1 22.5 0
      vertex 4.1 37.5 0
    endloop
  endfacet
  facet normal 0 0 -1
    outer loop
      vertex 4.1 52.5 0
      vertex 5.60796 87.0888 0
      vertex 4.1 37.5 0
    endloop
  endfacet
  facet normal 0 0 -1
    outer loop
      vertex 4.1 67.5 0
      vertex 5.60796 87.0888 0
      vertex 4.1 52.5 0
    endloop
  endfacet
  facet normal 0 0 -1
    outer loop
      vertex 4.1 82.5 0
      vertex 5.60796 87.0888 0
      vertex 4.1 67.5 0
    endloop
  endfacet
  facet normal 0 0 -1
    outer loop
      vertex 3.30933 84.1418 0
      vertex 5.60796 87.0888 0
      vertex 4.1 82.5 0
    endloop
  endfacet
  facet normal 0 0 -1
    outer loop
      vertex 1.53271 84.5473 0
      vertex 5.60796 87.0888 0
      vertex 3.30933 84.1418 0
    endloop
  endfacet
  facet normal 0 0 -1
    outer loop
      vertex 0 90 0
      vertex 5.60796 87.0888 0
      vertex 1.53271 84.5473 0
    endloop
  endfacet
  facet normal 0 0 -1
    outer loop
      vertex 5.60796 87.0888 0
      vertex 0 90 0
      vertex 5.60796 88.9112 0
    endloop
  endfacet
  facet normal 0 0 -1
    outer loop
      vertex 0 84 0
      vertex 1.53271 84.5473 0
      vertex 0.846352 84 0
    endloop
  endfacet
  facet normal -0 0 -1
    outer loop
      vertex 1.53271 84.5473 0
      vertex 0 84 0
      vertex 0 90 0
    endloop
  endfacet
  facet normal 0 0 -1
    outer loop
      vertex 5.60796 88.9112 0
      vertex 0 90 0
      vertex 6 90 0
    endloop
  endfacet
  facet normal 0 -1 0
    outer loop
      vertex 39 0 11.5
      vertex 39 0 0
      vertex 46 0 11.5
    endloop
  endfacet
  facet normal 0 -1 0
    outer loop
      vertex 39 0 21.229
      vertex 40.614 0 20
      vertex 39.871 0 21.229
    endloop
  endfacet
  facet normal 0 -1 0
    outer loop
      vertex 39 0 19
      vertex 41.061 0 20
      vertex 40.614 0 20
    endloop
  endfacet
  facet normal 0 -1 -0
    outer loop
      vertex 41.061 0 20
      vertex 39 0 19
      vertex 41.5295 0 20
    endloop
  endfacet
  facet normal 0 -1 0
    outer loop
      vertex 46 0 19
      vertex 41.5295 0 20
      vertex 39 0 19
    endloop
  endfacet
  facet normal 0 -1 0
    outer loop
      vertex 41.5295 0 20
      vertex 46 0 19
      vertex 43.7845 0 20
    endloop
  endfacet
  facet normal 0 -1 0
    outer loop
      vertex 39 0 19
      vertex 40.614 0 20
      vertex 39 0 21.229
    endloop
  endfacet
  facet normal 0 -1 0
    outer loop
      vertex 41.9175 0 20.317
      vertex 43.5795 0 21.351
      vertex 41.9175 0 21.351
    endloop
  endfacet
  facet normal -0 -1 0
    outer loop
      vertex 44.4673 0 20.739
      vertex 43.5795 0 21.351
      vertex 44.0913 0 20.664
    endloop
  endfacet
  facet normal 0 -1 0
    outer loop
      vertex 43.5795 0 21.351
      vertex 44.4673 0 20.739
      vertex 45.2263 0 21.326
    endloop
  endfacet
  facet normal 0 -1 0
    outer loop
      vertex 44.9926 0 20.2692
      vertex 45.2263 0 21.326
      vertex 44.7433 0 20.36
    endloop
  endfacet
  facet normal 0 -1 -0
    outer loop
      vertex 45.2263 0 21.326
      vertex 44.9926 0 20.2692
      vertex 45.4126 0 21.2817
    endloop
  endfacet
  facet normal 0 -1 -0
    outer loop
      vertex 45.4126 0 21.2817
      vertex 45.3183 0 20.239
      vertex 45.5813 0 21.241
    endloop
  endfacet
  facet normal -0 -1 0
    outer loop
      vertex 45.6513 0 20.2722
      vertex 45.5813 0 21.241
      vertex 45.3183 0 20.239
    endloop
  endfacet
  facet normal 0 -1 0
    outer loop
      vertex 45.5813 0 21.241
      vertex 45.6513 0 20.2722
      vertex 45.7311 0 21.1972
    endloop
  endfacet
  facet normal -0 -1 0
    outer loop
      vertex 45.8983 0 20.372
      vertex 45.7311 0 21.1972
      vertex 45.6513 0 20.2722
    endloop
  endfacet
  facet normal -0 -1 0
    outer loop
      vertex 46.1023 0 20.764
      vertex 45.8583 0 21.144
      vertex 45.8983 0 20.372
    endloop
  endfacet
  facet normal 0 -1 0
    outer loop
      vertex 44.5688 0 20.5152
      vertex 45.2263 0 21.326
      vertex 44.4673 0 20.739
    endloop
  endfacet
  facet normal 0 -1 -0
    outer loop
      vertex 43.5795 0 21.351
      vertex 41.9175 0 20.317
      vertex 43.7845 0 20.317
    endloop
  endfacet
  facet normal 0 -1 0
    outer loop
      vertex 43.5795 0 21.351
      vertex 43.7845 0 20.317
      vertex 44.0913 0 20.664
    endloop
  endfacet
  facet normal 0 -1 0
    outer loop
      vertex 43.7845 0 20.317
      vertex 44.4781 0 20.118
      vertex 44.0913 0 20.664
    endloop
  endfacet
  facet normal 0 -1 0
    outer loop
      vertex 43.7845 0 20
      vertex 44.4781 0 20.118
      vertex 43.7845 0 20.317
    endloop
  endfacet
  facet normal 0 -1 -0
    outer loop
      vertex 44.4781 0 20.118
      vertex 43.7845 0 20
      vertex 45.3043 0 19.936
    endloop
  endfacet
  facet normal 0 -1 0
    outer loop
      vertex 45.8583 0 21.144
      vertex 46.1023 0 20.764
      vertex 45.9613 0 21.078
    endloop
  endfacet
  facet normal 0 -1 0
    outer loop
      vertex 45.2263 0 21.326
      vertex 44.5688 0 20.5152
      vertex 44.7433 0 20.36
    endloop
  endfacet
  facet normal -0 -1 -0
    outer loop
      vertex 46.0863 0 20.8935
      vertex 45.9613 0 21.078
      vertex 46.1023 0 20.764
    endloop
  endfacet
  facet normal 0 -1 0
    outer loop
      vertex 45.3183 0 20.239
      vertex 45.4126 0 21.2817
      vertex 44.9926 0 20.2692
    endloop
  endfacet
  facet normal 0 -1 0
    outer loop
      vertex 45.9613 0 21.078
      vertex 46.0863 0 20.8935
      vertex 46.0383 0 20.996
    endloop
  endfacet
  facet normal 0 -1 0
    outer loop
      vertex 45.7311 0 21.1972
      vertex 45.8983 0 20.372
      vertex 45.8583 0 21.144
    endloop
  endfacet
  facet normal 0 -1 0
    outer loop
      vertex 46.1023 0 20.764
      vertex 45.8983 0 20.372
      vertex 46.0513 0 20.537
    endloop
  endfacet
  facet normal 0 -1 0
    outer loop
      vertex 45.0728 0 21.742
      vertex 45.3083 0 22.651
      vertex 45.0058 0 22.6215
    endloop
  endfacet
  facet normal 0 -1 0
    outer loop
      vertex 45.4013 0 21.66
      vertex 45.3083 0 22.651
      vertex 45.0728 0 21.742
    endloop
  endfacet
  facet normal 0 -1 0
    outer loop
      vertex 44.8753 0 21.81
      vertex 45.0058 0 22.6215
      vertex 44.7843 0 22.533
    endloop
  endfacet
  facet normal 0 -1 0
    outer loop
      vertex 45.3083 0 22.651
      vertex 45.4013 0 21.66
      vertex 45.5871 0 22.6252
    endloop
  endfacet
  facet normal 0 -1 0
    outer loop
      vertex 44.6033 0 22.183
      vertex 44.7843 0 22.533
      vertex 44.6486 0 22.387
    endloop
  endfacet
  facet normal 0 -1 -0
    outer loop
      vertex 45.5871 0 22.6252
      vertex 45.4013 0 21.66
      vertex 45.7973 0 22.548
    endloop
  endfacet
  facet normal 0 -1 0
    outer loop
      vertex 44.7843 0 22.533
      vertex 44.6033 0 22.183
      vertex 44.7588 0 21.8785
    endloop
  endfacet
  facet normal 0 -1 0
    outer loop
      vertex 43.5795 0 21.664
      vertex 43.7015 0 22.563
      vertex 41.9175 0 22.563
    endloop
  endfacet
  facet normal -0 -1 0
    outer loop
      vertex 44.2253 0 22.162
      vertex 43.7015 0 22.563
      vertex 43.5795 0 21.664
    endloop
  endfacet
  facet normal 0 -1 0
    outer loop
      vertex 43.7015 0 22.563
      vertex 44.2253 0 22.162
      vertex 44.2956 0 22.494
    endloop
  endfacet
  facet normal 0 -1 -0
    outer loop
      vertex 44.2253 0 22.162
      vertex 43.5795 0 21.664
      vertex 44.2388 0 22.0072
    endloop
  endfacet
  facet normal 0 -1 -0
    outer loop
      vertex 44.2388 0 22.0072
      vertex 43.5795 0 21.664
      vertex 44.2793 0 21.871
    endloop
  endfacet
  facet normal 0 -1 0
    outer loop
      vertex 43.5795 0 21.664
      vertex 41.9175 0 22.563
      vertex 41.9175 0 21.664
    endloop
  endfacet
  facet normal 0 -1 -0
    outer loop
      vertex 44.2793 0 21.871
      vertex 43.5795 0 21.664
      vertex 44.3451 0 21.7527
    endloop
  endfacet
  facet normal 0 -1 0
    outer loop
      vertex 43.5795 0 21.351
      vertex 44.3451 0 21.7527
      vertex 43.5795 0 21.664
    endloop
  endfacet
  facet normal 0 -1 -0
    outer loop
      vertex 44.3451 0 21.7527
      vertex 43.5795 0 21.351
      vertex 44.4343 0 21.65
    endloop
  endfacet
  facet normal 0 -1 -0
    outer loop
      vertex 44.4343 0 21.65
      vertex 43.5795 0 21.351
      vertex 44.5546 0 21.5602
    endloop
  endfacet
  facet normal 0 -1 -0
    outer loop
      vertex 44.5546 0 21.5602
      vertex 43.5795 0 21.351
      vertex 44.7113 0 21.479
    endloop
  endfacet
  facet normal 0 -1 -0
    outer loop
      vertex 44.7113 0 21.479
      vertex 43.5795 0 21.351
      vertex 44.9281 0 21.4027
    endloop
  endfacet
  facet normal 0 -1 -0
    outer loop
      vertex 44.9281 0 21.4027
      vertex 43.5795 0 21.351
      vertex 45.2263 0 21.326
    endloop
  endfacet
  facet normal 0 -1 0
    outer loop
      vertex 39 0 25
      vertex 40.3667 0 22.8265
      vertex 41.5295 0 22.88
    endloop
  endfacet
  facet normal 0 -1 0
    outer loop
      vertex 40.685 0 22.666
      vertex 41.5295 0 22.88
      vertex 40.3667 0 22.8265
    endloop
  endfacet
  facet normal 0 -1 0
    outer loop
      vertex 40.8822 0 22.4112
      vertex 41.5295 0 22.88
      vertex 40.685 0 22.666
    endloop
  endfacet
  facet normal 0 -1 0
    outer loop
      vertex 40.948 0 22.073
      vertex 41.5295 0 22.88
      vertex 40.8822 0 22.4112
    endloop
  endfacet
  facet normal 0 -1 0
    outer loop
      vertex 40.9015 0 21.7837
      vertex 41.5295 0 22.88
      vertex 40.948 0 22.073
    endloop
  endfacet
  facet normal 0 -1 0
    outer loop
      vertex 41.061 0 20
      vertex 40.5407 0 21.3695
      vertex 40.249 0 21.274
    endloop
  endfacet
  facet normal 0 -1 0
    outer loop
      vertex 41.061 0 20
      vertex 40.762 0 21.544
      vertex 40.5407 0 21.3695
    endloop
  endfacet
  facet normal 0 -1 0
    outer loop
      vertex 41.5295 0 20
      vertex 40.762 0 21.544
      vertex 41.061 0 20
    endloop
  endfacet
  facet normal 0 -1 0
    outer loop
      vertex 40.762 0 21.544
      vertex 41.5295 0 20
      vertex 40.9015 0 21.7837
    endloop
  endfacet
  facet normal 0 -1 0
    outer loop
      vertex 40.9015 0 21.7837
      vertex 41.5295 0 20
      vertex 41.5295 0 22.88
    endloop
  endfacet
  facet normal 0 -1 0
    outer loop
      vertex 99 0 0
      vertex 111 0 25
      vertex 99 0 25
    endloop
  endfacet
  facet normal 0 -1 -0
    outer loop
      vertex 111 0 25
      vertex 99 0 0
      vertex 111 0 0
    endloop
  endfacet
  facet normal 0 -1 0
    outer loop
      vertex 84 0 0
      vertex 96 0 25
      vertex 84 0 25
    endloop
  endfacet
  facet normal 0 -1 -0
    outer loop
      vertex 96 0 25
      vertex 84 0 0
      vertex 96 0 0
    endloop
  endfacet
  facet normal 0 -1 0
    outer loop
      vertex 69 0 0
      vertex 81 0 25
      vertex 69 0 25
    endloop
  endfacet
  facet normal 0 -1 -0
    outer loop
      vertex 81 0 25
      vertex 69 0 0
      vertex 81 0 0
    endloop
  endfacet
  facet normal 0 -1 0
    outer loop
      vertex 54 0 0
      vertex 66 0 25
      vertex 54 0 25
    endloop
  endfacet
  facet normal 0 -1 -0
    outer loop
      vertex 66 0 25
      vertex 54 0 0
      vertex 66 0 0
    endloop
  endfacet
  facet normal 0 -1 0
    outer loop
      vertex 39 0 25
      vertex 45.3123 0 22.944
      vertex 51 0 25
    endloop
  endfacet
  facet normal 0 -1 0
    outer loop
      vertex 39 0 25
      vertex 44.8488 0 22.893
      vertex 45.3123 0 22.944
    endloop
  endfacet
  facet normal 0 -1 0
    outer loop
      vertex 39.938 0 22.88
      vertex 39 0 25
      vertex 39 0 22.88
    endloop
  endfacet
  facet normal 0 -1 0
    outer loop
      vertex 40.3667 0 22.8265
      vertex 39 0 25
      vertex 39.938 0 22.88
    endloop
  endfacet
  facet normal 0 -1 0
    outer loop
      vertex 43.7015 0 22.88
      vertex 39 0 25
      vertex 41.5295 0 22.88
    endloop
  endfacet
  facet normal 0 -1 0
    outer loop
      vertex 39 0 25
      vertex 43.7015 0 22.88
      vertex 44.8488 0 22.893
    endloop
  endfacet
  facet normal 0 -1 0
    outer loop
      vertex 43.7015 0 22.88
      vertex 44.5063 0 22.74
      vertex 44.8488 0 22.893
    endloop
  endfacet
  facet normal 0 -1 0
    outer loop
      vertex 44.2956 0 22.494
      vertex 43.7015 0 22.88
      vertex 43.7015 0 22.563
    endloop
  endfacet
  facet normal 0 -1 0
    outer loop
      vertex 43.7015 0 22.88
      vertex 44.2956 0 22.494
      vertex 44.5063 0 22.74
    endloop
  endfacet
  facet normal 0 -1 0
    outer loop
      vertex 24 0 0
      vertex 36 0 25
      vertex 24 0 25
    endloop
  endfacet
  facet normal 0 -1 -0
    outer loop
      vertex 36 0 25
      vertex 24 0 0
      vertex 36 0 0
    endloop
  endfacet
  facet normal 0 -1 0
    outer loop
      vertex 9 0 0
      vertex 21 0 25
      vertex 9 0 25
    endloop
  endfacet
  facet normal 0 -1 -0
    outer loop
      vertex 21 0 25
      vertex 9 0 0
      vertex 21 0 0
    endloop
  endfacet
  facet normal 0 -1 0
    outer loop
      vertex 6 0 25
      vertex 10.536 0 39
      vertex 0 0 39
    endloop
  endfacet
  facet normal 0 -1 0
    outer loop
      vertex 10.536 0 39
      vertex 54 0 25
      vertex 109.464 0 39
    endloop
  endfacet
  facet normal 0 -1 0
    outer loop
      vertex 10.536 0 39
      vertex 6 0 25
      vertex 9 0 25
    endloop
  endfacet
  facet normal 0 -1 0
    outer loop
      vertex 0 0 0
      vertex 6 0 25
      vertex 0 0 39
    endloop
  endfacet
  facet normal 0 -1 -0
    outer loop
      vertex 6 0 25
      vertex 0 0 0
      vertex 6 0 0
    endloop
  endfacet
  facet normal 0 -1 0
    outer loop
      vertex 10.536 0 39
      vertex 109.464 0 42
      vertex 10.536 0 42
    endloop
  endfacet
  facet normal 0 -1 -0
    outer loop
      vertex 109.464 0 42
      vertex 10.536 0 39
      vertex 109.464 0 39
    endloop
  endfacet
  facet normal 0 -1 -0
    outer loop
      vertex 10.536 0 39
      vertex 9 0 25
      vertex 21 0 25
    endloop
  endfacet
  facet normal 0 -1 0
    outer loop
      vertex 10.536 0 39
      vertex 21 0 25
      vertex 24 0 25
    endloop
  endfacet
  facet normal 0 -1 0
    outer loop
      vertex 10.536 0 39
      vertex 24 0 25
      vertex 36 0 25
    endloop
  endfacet
  facet normal 0 -1 0
    outer loop
      vertex 10.536 0 39
      vertex 36 0 25
      vertex 39 0 25
    endloop
  endfacet
  facet normal 0 -1 0
    outer loop
      vertex 10.536 0 39
      vertex 39 0 25
      vertex 51 0 25
    endloop
  endfacet
  facet normal 0 -1 0
    outer loop
      vertex 10.536 0 39
      vertex 51 0 25
      vertex 54 0 25
    endloop
  endfacet
  facet normal 0 -1 0
    outer loop
      vertex 66 0 25
      vertex 109.464 0 39
      vertex 54 0 25
    endloop
  endfacet
  facet normal 0 -1 0
    outer loop
      vertex 69 0 25
      vertex 109.464 0 39
      vertex 66 0 25
    endloop
  endfacet
  facet normal 0 -1 0
    outer loop
      vertex 81 0 25
      vertex 109.464 0 39
      vertex 69 0 25
    endloop
  endfacet
  facet normal 0 -1 0
    outer loop
      vertex 84 0 25
      vertex 109.464 0 39
      vertex 81 0 25
    endloop
  endfacet
  facet normal 0 -1 0
    outer loop
      vertex 96 0 25
      vertex 109.464 0 39
      vertex 84 0 25
    endloop
  endfacet
  facet normal 0 -1 0
    outer loop
      vertex 99 0 25
      vertex 109.464 0 39
      vertex 96 0 25
    endloop
  endfacet
  facet normal 0 -1 0
    outer loop
      vertex 111 0 25
      vertex 109.464 0 39
      vertex 99 0 25
    endloop
  endfacet
  facet normal 0 -1 0
    outer loop
      vertex 114 0 25
      vertex 109.464 0 39
      vertex 111 0 25
    endloop
  endfacet
  facet normal 0 -1 0
    outer loop
      vertex 109.464 0 39
      vertex 114 0 25
      vertex 120 0 39
    endloop
  endfacet
  facet normal 0 -1 0
    outer loop
      vertex 120 0 0
      vertex 114 0 25
      vertex 114 0 0
    endloop
  endfacet
  facet normal 0 -1 0
    outer loop
      vertex 114 0 25
      vertex 120 0 0
      vertex 120 0 39
    endloop
  endfacet
  facet normal 0 -1 0
    outer loop
      vertex 45.7421 0 22.9065
      vertex 51 0 25
      vertex 45.3123 0 22.944
    endloop
  endfacet
  facet normal 0 -1 0
    outer loop
      vertex 46.0573 0 22.794
      vertex 51 0 25
      vertex 45.7421 0 22.9065
    endloop
  endfacet
  facet normal 0 -1 0
    outer loop
      vertex 46.2768 0 22.5925
      vertex 51 0 25
      vertex 46.0573 0 22.794
    endloop
  endfacet
  facet normal 0 -1 0
    outer loop
      vertex 46.4193 0 22.286
      vertex 51 0 25
      vertex 46.2768 0 22.5925
    endloop
  endfacet
  facet normal 0 -1 0
    outer loop
      vertex 44.7588 0 21.8785
      vertex 44.6033 0 22.183
      vertex 44.6208 0 22.0597
    endloop
  endfacet
  facet normal 0 -1 0
    outer loop
      vertex 44.7588 0 21.8785
      vertex 44.6208 0 22.0597
      vertex 44.6733 0 21.96
    endloop
  endfacet
  facet normal 0 -1 -0
    outer loop
      vertex 45.7973 0 22.548
      vertex 45.4013 0 21.66
      vertex 45.9458 0 22.4147
    endloop
  endfacet
  facet normal 0 -1 -0
    outer loop
      vertex 44.7843 0 22.533
      vertex 44.7588 0 21.8785
      vertex 44.8753 0 21.81
    endloop
  endfacet
  facet normal 0 -1 -0
    outer loop
      vertex 45.0058 0 22.6215
      vertex 44.8753 0 21.81
      vertex 45.0728 0 21.742
    endloop
  endfacet
  facet normal 0 -1 -0
    outer loop
      vertex 45.9458 0 22.4147
      vertex 45.4013 0 21.66
      vertex 46.0373 0 22.219
    endloop
  endfacet
  facet normal 0 -1 0
    outer loop
      vertex 45.5331 0 21.6287
      vertex 46.0373 0 22.219
      vertex 45.4013 0 21.66
    endloop
  endfacet
  facet normal 0 -1 0
    outer loop
      vertex 45.6643 0 21.597
      vertex 46.0373 0 22.219
      vertex 45.5331 0 21.6287
    endloop
  endfacet
  facet normal 0 -1 0
    outer loop
      vertex 45.7926 0 21.5617
      vertex 46.0373 0 22.219
      vertex 45.6643 0 21.597
    endloop
  endfacet
  facet normal 0 -1 0
    outer loop
      vertex 45.9153 0 21.52
      vertex 46.0373 0 22.219
      vertex 45.7926 0 21.5617
    endloop
  endfacet
  facet normal 0 -1 0
    outer loop
      vertex 46.0313 0 21.4717
      vertex 46.0373 0 22.219
      vertex 45.9153 0 21.52
    endloop
  endfacet
  facet normal 0 -1 -0
    outer loop
      vertex 46.0373 0 22.219
      vertex 46.0313 0 21.4717
      vertex 46.4193 0 22.286
    endloop
  endfacet
  facet normal 0 -1 0
    outer loop
      vertex 46.1393 0 21.415
      vertex 46.4193 0 22.286
      vertex 46.0313 0 21.4717
    endloop
  endfacet
  facet normal 0 -1 0
    outer loop
      vertex 46.2373 0 21.3482
      vertex 46.4193 0 22.286
      vertex 46.1393 0 21.415
    endloop
  endfacet
  facet normal 0 -1 0
    outer loop
      vertex 46.3213 0 21.268
      vertex 46.4193 0 22.286
      vertex 46.2373 0 21.3482
    endloop
  endfacet
  facet normal 0 -1 0
    outer loop
      vertex 46.3906 0 21.173
      vertex 46.4193 0 22.286
      vertex 46.3213 0 21.268
    endloop
  endfacet
  facet normal 0 -1 0
    outer loop
      vertex 46.4423 0 21.062
      vertex 46.4193 0 22.286
      vertex 46.3906 0 21.173
    endloop
  endfacet
  facet normal 0 -1 0
    outer loop
      vertex 46.4753 0 20.9337
      vertex 46.4193 0 22.286
      vertex 46.4423 0 21.062
    endloop
  endfacet
  facet normal 0 -1 0
    outer loop
      vertex 46.4193 0 22.286
      vertex 46.4753 0 20.9337
      vertex 51 0 25
    endloop
  endfacet
  facet normal 0 -1 0
    outer loop
      vertex 46.4863 0 20.785
      vertex 51 0 25
      vertex 46.4753 0 20.9337
    endloop
  endfacet
  facet normal 0 -1 0
    outer loop
      vertex 46.4088 0 20.4257
      vertex 51 0 25
      vertex 46.4863 0 20.785
    endloop
  endfacet
  facet normal 0 -1 0
    outer loop
      vertex 46 0 19
      vertex 46.4088 0 20.4257
      vertex 46.1763 0 20.158
    endloop
  endfacet
  facet normal 0 -1 0
    outer loop
      vertex 43.7845 0 20
      vertex 46 0 19
      vertex 45.3043 0 19.936
    endloop
  endfacet
  facet normal 0 -1 0
    outer loop
      vertex 45.3043 0 19.936
      vertex 46 0 19
      vertex 45.8033 0 19.9915
    endloop
  endfacet
  facet normal 0 -1 0
    outer loop
      vertex 46 0 19
      vertex 46.1763 0 20.158
      vertex 45.8033 0 19.9915
    endloop
  endfacet
  facet normal 0 -1 -0
    outer loop
      vertex 46.4088 0 20.4257
      vertex 46 0 19
      vertex 51 0 25
    endloop
  endfacet
  facet normal 0 -1 0
    outer loop
      vertex 46 0 11.5
      vertex 51 0 25
      vertex 46 0 19
    endloop
  endfacet
  facet normal 0 -1 0
    outer loop
      vertex 46 0 11.5
      vertex 51 0 0
      vertex 51 0 25
    endloop
  endfacet
  facet normal 0 -1 0
    outer loop
      vertex 51 0 0
      vertex 46 0 11.5
      vertex 39 0 0
    endloop
  endfacet
  facet normal 0 -1 0
    outer loop
      vertex 39 0 21.536
      vertex 39.9 0 22.569
      vertex 39 0 22.569
    endloop
  endfacet
  facet normal 0 -1 0
    outer loop
      vertex 39.9 0 22.569
      vertex 39.916 0 21.536
      vertex 40.1815 0 22.537
    endloop
  endfacet
  facet normal -0 -1 0
    outer loop
      vertex 40.188 0 21.571
      vertex 40.1815 0 22.537
      vertex 39.916 0 21.536
    endloop
  endfacet
  facet normal -0 -1 0
    outer loop
      vertex 40.558 0 22.068
      vertex 40.1815 0 22.537
      vertex 40.188 0 21.571
    endloop
  endfacet
  facet normal 0 -1 0
    outer loop
      vertex 40.1815 0 22.537
      vertex 40.558 0 22.068
      vertex 40.388 0 22.441
    endloop
  endfacet
  facet normal 0 -1 0
    outer loop
      vertex 40.388 0 22.441
      vertex 40.558 0 22.068
      vertex 40.5155 0 22.2837
    endloop
  endfacet
  facet normal 0 -1 0
    outer loop
      vertex 40.558 0 22.068
      vertex 40.188 0 21.571
      vertex 40.516 0 21.844
    endloop
  endfacet
  facet normal 0 -1 -0
    outer loop
      vertex 39.9 0 22.569
      vertex 39 0 21.536
      vertex 39.916 0 21.536
    endloop
  endfacet
  facet normal 0 -1 0
    outer loop
      vertex 40.516 0 21.844
      vertex 40.188 0 21.571
      vertex 40.39 0 21.676
    endloop
  endfacet
  facet normal -0.90097 -0.433882 0
    outer loop
      vertex 9.6 2 0
      vertex 8.80933 3.64185 25
      vertex 8.80933 3.64185 0
    endloop
  endfacet
  facet normal -0.90097 -0.433882 0
    outer loop
      vertex 8.80933 3.64185 25
      vertex 9.6 2 0
      vertex 9.6 2 25
    endloop
  endfacet
  facet normal 1 -0 0
    outer loop
      vertex 5.60796 1.08884 25
      vertex 5.60796 2.91116 0
      vertex 5.60796 2.91116 25
    endloop
  endfacet
  facet normal 1 0 0
    outer loop
      vertex 5.60796 2.91116 0
      vertex 5.60796 1.08884 25
      vertex 5.60796 1.08884 0
    endloop
  endfacet
  facet normal 0.623486 -0.781834 0
    outer loop
      vertex 5.60796 2.91116 0
      vertex 7.03271 4.04735 25
      vertex 5.60796 2.91116 25
    endloop
  endfacet
  facet normal 0.623486 -0.781834 0
    outer loop
      vertex 7.03271 4.04735 25
      vertex 5.60796 2.91116 0
      vertex 7.03271 4.04735 0
    endloop
  endfacet
  facet normal -0.22252 -0.974928 0
    outer loop
      vertex 7.03271 4.04735 0
      vertex 8.80933 3.64185 25
      vertex 7.03271 4.04735 25
    endloop
  endfacet
  facet normal -0.22252 -0.974928 -0
    outer loop
      vertex 8.80933 3.64185 25
      vertex 7.03271 4.04735 0
      vertex 8.80933 3.64185 0
    endloop
  endfacet
  facet normal -0.900969 0.433884 0
    outer loop
      vertex 9 0.754088 0
      vertex 9.6 2 25
      vertex 9.6 2 0
    endloop
  endfacet
  facet normal -0.900969 0.433884 0
    outer loop
      vertex 9.6 2 25
      vertex 9 0.754088 0
      vertex 9 0.754088 25
    endloop
  endfacet
  facet normal 0.623481 0.781839 -0
    outer loop
      vertex 6 0.776206 0
      vertex 5.60796 1.08884 25
      vertex 6 0.776206 25
    endloop
  endfacet
  facet normal 0.623481 0.781839 0
    outer loop
      vertex 5.60796 1.08884 25
      vertex 6 0.776206 0
      vertex 5.60796 1.08884 0
    endloop
  endfacet
  facet normal -0.90097 -0.433882 0
    outer loop
      vertex 4.1 7.5 0
      vertex 3.30933 9.14185 25
      vertex 3.30933 9.14185 0
    endloop
  endfacet
  facet normal -0.90097 -0.433882 0
    outer loop
      vertex 3.30933 9.14185 25
      vertex 4.1 7.5 0
      vertex 4.1 7.5 25
    endloop
  endfacet
  facet normal 0.623488 -0.781833 0
    outer loop
      vertex 0.846352 9 0
      vertex 1.53271 9.54735 25
      vertex 0.846352 9 25
    endloop
  endfacet
  facet normal 0.623488 -0.781833 0
    outer loop
      vertex 1.53271 9.54735 25
      vertex 0.846352 9 0
      vertex 1.53271 9.54735 0
    endloop
  endfacet
  facet normal -0.22252 -0.974928 0
    outer loop
      vertex 1.53271 9.54735 0
      vertex 3.30933 9.14185 25
      vertex 1.53271 9.54735 25
    endloop
  endfacet
  facet normal -0.22252 -0.974928 -0
    outer loop
      vertex 3.30933 9.14185 25
      vertex 1.53271 9.54735 0
      vertex 3.30933 9.14185 0
    endloop
  endfacet
  facet normal -0.90097 0.433882 0
    outer loop
      vertex 3.30933 5.85815 0
      vertex 4.1 7.5 25
      vertex 4.1 7.5 0
    endloop
  endfacet
  facet normal -0.90097 0.433882 0
    outer loop
      vertex 4.1 7.5 25
      vertex 3.30933 5.85815 0
      vertex 3.30933 5.85815 25
    endloop
  endfacet
  facet normal 0.623488 0.781833 -0
    outer loop
      vertex 1.53271 5.45265 0
      vertex 0.846351 6 25
      vertex 1.53271 5.45265 25
    endloop
  endfacet
  facet normal 0.623488 0.781833 0
    outer loop
      vertex 0.846351 6 25
      vertex 1.53271 5.45265 0
      vertex 0.846351 6 0
    endloop
  endfacet
  facet normal -0.22252 0.974928 0
    outer loop
      vertex 3.30933 5.85815 0
      vertex 1.53271 5.45265 25
      vertex 3.30933 5.85815 25
    endloop
  endfacet
  facet normal -0.22252 0.974928 0
    outer loop
      vertex 1.53271 5.45265 25
      vertex 3.30933 5.85815 0
      vertex 1.53271 5.45265 0
    endloop
  endfacet
  facet normal 1 -0 0
    outer loop
      vertex 6 0 25
      vertex 6 0.776206 0
      vertex 6 0.776206 25
    endloop
  endfacet
  facet normal 1 0 0
    outer loop
      vertex 6 0.776206 0
      vertex 6 0 25
      vertex 6 0 0
    endloop
  endfacet
  facet normal -1 0 0
    outer loop
      vertex 9 0 0
      vertex 9 0.754088 25
      vertex 9 0.754088 0
    endloop
  endfacet
  facet normal -1 -0 0
    outer loop
      vertex 9 0.754088 25
      vertex 9 0 0
      vertex 9 0 25
    endloop
  endfacet
  facet normal 0 -1 0
    outer loop
      vertex 0 9 0
      vertex 0.846352 9 25
      vertex 0 9 25
    endloop
  endfacet
  facet normal 0 -1 -0
    outer loop
      vertex 0.846352 9 25
      vertex 0 9 0
      vertex 0.846352 9 0
    endloop
  endfacet
  facet normal 0 1 -0
    outer loop
      vertex 0.846351 6 0
      vertex 0 6 25
      vertex 0.846351 6 25
    endloop
  endfacet
  facet normal 0 1 0
    outer loop
      vertex 0 6 25
      vertex 0.846351 6 0
      vertex 0 6 0
    endloop
  endfacet
  facet normal -0.900964 -0.433893 0
    outer loop
      vertex 4.1 22.5 0
      vertex 3.30933 24.1418 10
      vertex 3.30933 24.1418 0
    endloop
  endfacet
  facet normal -0.900964 -0.433893 0
    outer loop
      vertex 3.30933 24.1418 10
      vertex 4.1 22.5 0
      vertex 4.1 22.5 10
    endloop
  endfacet
  facet normal 0.623453 -0.78186 0
    outer loop
      vertex 0.846352 24 0
      vertex 1.53271 24.5473 10
      vertex 0.846352 24 10
    endloop
  endfacet
  facet normal 0.623453 -0.78186 0
    outer loop
      vertex 1.53271 24.5473 10
      vertex 0.846352 24 0
      vertex 1.53271 24.5473 0
    endloop
  endfacet
  facet normal -0.22252 -0.974928 0
    outer loop
      vertex 1.53271 24.5473 0
      vertex 3.30933 24.1418 10
      vertex 1.53271 24.5473 10
    endloop
  endfacet
  facet normal -0.22252 -0.974928 -0
    outer loop
      vertex 3.30933 24.1418 10
      vertex 1.53271 24.5473 0
      vertex 3.30933 24.1418 0
    endloop
  endfacet
  facet normal -0.900964 0.433893 0
    outer loop
      vertex 3.30933 20.8582 0
      vertex 4.1 22.5 10
      vertex 4.1 22.5 0
    endloop
  endfacet
  facet normal -0.900964 0.433893 0
    outer loop
      vertex 4.1 22.5 10
      vertex 3.30933 20.8582 0
      vertex 3.30933 20.8582 10
    endloop
  endfacet
  facet normal 0.623453 0.781861 -0
    outer loop
      vertex 1.53271 20.4527 0
      vertex 0.846351 21 10
      vertex 1.53271 20.4527 10
    endloop
  endfacet
  facet normal 0.623453 0.781861 0
    outer loop
      vertex 0.846351 21 10
      vertex 1.53271 20.4527 0
      vertex 0.846351 21 0
    endloop
  endfacet
  facet normal -0.22252 0.974928 0
    outer loop
      vertex 3.30933 20.8582 0
      vertex 1.53271 20.4527 10
      vertex 3.30933 20.8582 10
    endloop
  endfacet
  facet normal -0.22252 0.974928 0
    outer loop
      vertex 1.53271 20.4527 10
      vertex 3.30933 20.8582 0
      vertex 1.53271 20.4527 0
    endloop
  endfacet
  facet normal 0 -1 0
    outer loop
      vertex 0 24 0
      vertex 0.846352 24 10
      vertex 0 24 10
    endloop
  endfacet
  facet normal 0 -1 -0
    outer loop
      vertex 0.846352 24 10
      vertex 0 24 0
      vertex 0.846352 24 0
    endloop
  endfacet
  facet normal 0 1 -0
    outer loop
      vertex 0.846351 21 0
      vertex 0 21 10
      vertex 0.846351 21 10
    endloop
  endfacet
  facet normal 0 1 0
    outer loop
      vertex 0 21 10
      vertex 0.846351 21 0
      vertex 0 21 0
    endloop
  endfacet
  facet normal -0.900964 -0.433893 0
    outer loop
      vertex 4.1 37.5 0
      vertex 3.30933 39.1418 10
      vertex 3.30933 39.1418 0
    endloop
  endfacet
  facet normal -0.900964 -0.433893 0
    outer loop
      vertex 3.30933 39.1418 10
      vertex 4.1 37.5 0
      vertex 4.1 37.5 10
    endloop
  endfacet
  facet normal 0.623453 -0.78186 0
    outer loop
      vertex 0.846352 39 0
      vertex 1.53271 39.5473 10
      vertex 0.846352 39 10
    endloop
  endfacet
  facet normal 0.623453 -0.78186 0
    outer loop
      vertex 1.53271 39.5473 10
      vertex 0.846352 39 0
      vertex 1.53271 39.5473 0
    endloop
  endfacet
  facet normal -0.22252 -0.974928 0
    outer loop
      vertex 1.53271 39.5473 0
      vertex 3.30933 39.1418 10
      vertex 1.53271 39.5473 10
    endloop
  endfacet
  facet normal -0.22252 -0.974928 -0
    outer loop
      vertex 3.30933 39.1418 10
      vertex 1.53271 39.5473 0
      vertex 3.30933 39.1418 0
    endloop
  endfacet
  facet normal -0.900964 0.433893 0
    outer loop
      vertex 3.30933 35.8582 0
      vertex 4.1 37.5 10
      vertex 4.1 37.5 0
    endloop
  endfacet
  facet normal -0.900964 0.433893 0
    outer loop
      vertex 4.1 37.5 10
      vertex 3.30933 35.8582 0
      vertex 3.30933 35.8582 10
    endloop
  endfacet
  facet normal 0.623453 0.781861 -0
    outer loop
      vertex 1.53271 35.4527 0
      vertex 0.846351 36 10
      vertex 1.53271 35.4527 10
    endloop
  endfacet
  facet normal 0.623453 0.781861 0
    outer loop
      vertex 0.846351 36 10
      vertex 1.53271 35.4527 0
      vertex 0.846351 36 0
    endloop
  endfacet
  facet normal -0.22252 0.974928 0
    outer loop
      vertex 3.30933 35.8582 0
      vertex 1.53271 35.4527 10
      vertex 3.30933 35.8582 10
    endloop
  endfacet
  facet normal -0.22252 0.974928 0
    outer loop
      vertex 1.53271 35.4527 10
      vertex 3.30933 35.8582 0
      vertex 1.53271 35.4527 0
    endloop
  endfacet
  facet normal 0 -1 0
    outer loop
      vertex 0 39 0
      vertex 0.846352 39 10
      vertex 0 39 10
    endloop
  endfacet
  facet normal 0 -1 -0
    outer loop
      vertex 0.846352 39 10
      vertex 0 39 0
      vertex 0.846352 39 0
    endloop
  endfacet
  facet normal 0 1 -0
    outer loop
      vertex 0.846351 36 0
      vertex 0 36 10
      vertex 0.846351 36 10
    endloop
  endfacet
  facet normal 0 1 0
    outer loop
      vertex 0 36 10
      vertex 0.846351 36 0
      vertex 0 36 0
    endloop
  endfacet
  facet normal -0.900964 -0.433893 0
    outer loop
      vertex 4.1 52.5 0
      vertex 3.30933 54.1418 10
      vertex 3.30933 54.1418 0
    endloop
  endfacet
  facet normal -0.900964 -0.433893 0
    outer loop
      vertex 3.30933 54.1418 10
      vertex 4.1 52.5 0
      vertex 4.1 52.5 10
    endloop
  endfacet
  facet normal 0.623453 -0.78186 0
    outer loop
      vertex 0.846352 54 0
      vertex 1.53271 54.5473 10
      vertex 0.846352 54 10
    endloop
  endfacet
  facet normal 0.623453 -0.78186 0
    outer loop
      vertex 1.53271 54.5473 10
      vertex 0.846352 54 0
      vertex 1.53271 54.5473 0
    endloop
  endfacet
  facet normal -0.22252 -0.974928 0
    outer loop
      vertex 1.53271 54.5473 0
      vertex 3.30933 54.1418 10
      vertex 1.53271 54.5473 10
    endloop
  endfacet
  facet normal -0.22252 -0.974928 -0
    outer loop
      vertex 3.30933 54.1418 10
      vertex 1.53271 54.5473 0
      vertex 3.30933 54.1418 0
    endloop
  endfacet
  facet normal -0.900964 0.433893 0
    outer loop
      vertex 3.30933 50.8582 0
      vertex 4.1 52.5 10
      vertex 4.1 52.5 0
    endloop
  endfacet
  facet normal -0.900964 0.433893 0
    outer loop
      vertex 4.1 52.5 10
      vertex 3.30933 50.8582 0
      vertex 3.30933 50.8582 10
    endloop
  endfacet
  facet normal 0.623453 0.781861 -0
    outer loop
      vertex 1.53271 50.4527 0
      vertex 0.846351 51 10
      vertex 1.53271 50.4527 10
    endloop
  endfacet
  facet normal 0.623453 0.781861 0
    outer loop
      vertex 0.846351 51 10
      vertex 1.53271 50.4527 0
      vertex 0.846351 51 0
    endloop
  endfacet
  facet normal -0.22252 0.974928 0
    outer loop
      vertex 3.30933 50.8582 0
      vertex 1.53271 50.4527 10
      vertex 3.30933 50.8582 10
    endloop
  endfacet
  facet normal -0.22252 0.974928 0
    outer loop
      vertex 1.53271 50.4527 10
      vertex 3.30933 50.8582 0
      vertex 1.53271 50.4527 0
    endloop
  endfacet
  facet normal 0 -1 0
    outer loop
      vertex 0 54 0
      vertex 0.846352 54 10
      vertex 0 54 10
    endloop
  endfacet
  facet normal 0 -1 -0
    outer loop
      vertex 0.846352 54 10
      vertex 0 54 0
      vertex 0.846352 54 0
    endloop
  endfacet
  facet normal 0 1 -0
    outer loop
      vertex 7 54 15
      vertex 5 54 27.02
      vertex 7 54 27.02
    endloop
  endfacet
  facet normal 0 1 0
    outer loop
      vertex 5 54 27.02
      vertex 7 54 15
      vertex 5 54 15
    endloop
  endfacet
  facet normal 0 1 -0
    outer loop
      vertex 0.846351 51 0
      vertex 0 51 10
      vertex 0.846351 51 10
    endloop
  endfacet
  facet normal 0 1 0
    outer loop
      vertex 0 51 10
      vertex 0.846351 51 0
      vertex 0 51 0
    endloop
  endfacet
  facet normal -0.900964 -0.433893 0
    outer loop
      vertex 4.1 67.5 0
      vertex 3.30933 69.1418 10
      vertex 3.30933 69.1418 0
    endloop
  endfacet
  facet normal -0.900964 -0.433893 0
    outer loop
      vertex 3.30933 69.1418 10
      vertex 4.1 67.5 0
      vertex 4.1 67.5 10
    endloop
  endfacet
  facet normal 0.623453 -0.78186 0
    outer loop
      vertex 0.846352 69 0
      vertex 1.53271 69.5473 10
      vertex 0.846352 69 10
    endloop
  endfacet
  facet normal 0.623453 -0.78186 0
    outer loop
      vertex 1.53271 69.5473 10
      vertex 0.846352 69 0
      vertex 1.53271 69.5473 0
    endloop
  endfacet
  facet normal -0.22252 -0.974928 0
    outer loop
      vertex 1.53271 69.5473 0
      vertex 3.30933 69.1418 10
      vertex 1.53271 69.5473 10
    endloop
  endfacet
  facet normal -0.22252 -0.974928 -0
    outer loop
      vertex 3.30933 69.1418 10
      vertex 1.53271 69.5473 0
      vertex 3.30933 69.1418 0
    endloop
  endfacet
  facet normal -0.900964 0.433893 0
    outer loop
      vertex 3.30933 65.8582 0
      vertex 4.1 67.5 10
      vertex 4.1 67.5 0
    endloop
  endfacet
  facet normal -0.900964 0.433893 0
    outer loop
      vertex 4.1 67.5 10
      vertex 3.30933 65.8582 0
      vertex 3.30933 65.8582 10
    endloop
  endfacet
  facet normal 0.623453 0.781861 -0
    outer loop
      vertex 1.53271 65.4527 0
      vertex 0.846351 66 10
      vertex 1.53271 65.4527 10
    endloop
  endfacet
  facet normal 0.623453 0.781861 0
    outer loop
      vertex 0.846351 66 10
      vertex 1.53271 65.4527 0
      vertex 0.846351 66 0
    endloop
  endfacet
  facet normal -0.22252 0.974928 0
    outer loop
      vertex 3.30933 65.8582 0
      vertex 1.53271 65.4527 10
      vertex 3.30933 65.8582 10
    endloop
  endfacet
  facet normal -0.22252 0.974928 0
    outer loop
      vertex 1.53271 65.4527 10
      vertex 3.30933 65.8582 0
      vertex 1.53271 65.4527 0
    endloop
  endfacet
  facet normal 0 -1 0
    outer loop
      vertex 0 69 0
      vertex 0.846352 69 10
      vertex 0 69 10
    endloop
  endfacet
  facet normal 0 -1 -0
    outer loop
      vertex 0.846352 69 10
      vertex 0 69 0
      vertex 0.846352 69 0
    endloop
  endfacet
  facet normal 0 -1 0
    outer loop
      vertex 5 69 15
      vertex 7 69 27.02
      vertex 5 69 27.02
    endloop
  endfacet
  facet normal 0 -1 -0
    outer loop
      vertex 7 69 27.02
      vertex 5 69 15
      vertex 7 69 15
    endloop
  endfacet
  facet normal 0 1 -0
    outer loop
      vertex 0.846351 66 0
      vertex 0 66 10
      vertex 0.846351 66 10
    endloop
  endfacet
  facet normal 0 1 0
    outer loop
      vertex 0 66 10
      vertex 0.846351 66 0
      vertex 0 66 0
    endloop
  endfacet
  facet normal 0 1 -0
    outer loop
      vertex 21 90 0
      vertex 9 90 25
      vertex 21 90 25
    endloop
  endfacet
  facet normal 0 1 0
    outer loop
      vertex 9 90 25
      vertex 21 90 0
      vertex 9 90 0
    endloop
  endfacet
  facet normal 0 1 -0
    outer loop
      vertex 31.6 90 21.6
      vertex 24 90 25
      vertex 32.0239 90 25.6335
    endloop
  endfacet
  facet normal 0 1 0
    outer loop
      vertex 32.0239 90 17.5665
      vertex 24 90 25
      vertex 31.6 90 21.6
    endloop
  endfacet
  facet normal 0 1 0
    outer loop
      vertex 24 90 0
      vertex 32.0239 90 17.5665
      vertex 33.2772 90 13.7093
    endloop
  endfacet
  facet normal 0 1 0
    outer loop
      vertex 24 90 0
      vertex 33.2772 90 13.7093
      vertex 35.3051 90 10.197
    endloop
  endfacet
  facet normal 0 1 -0
    outer loop
      vertex 36 90 0
      vertex 35.3051 90 10.197
      vertex 36 90 9.42517
    endloop
  endfacet
  facet normal 0 1 0
    outer loop
      vertex 24 90 0
      vertex 35.3051 90 10.197
      vertex 36 90 0
    endloop
  endfacet
  facet normal 0 1 0
    outer loop
      vertex 32.0239 90 17.5665
      vertex 24 90 0
      vertex 24 90 25
    endloop
  endfacet
  facet normal 0 1 -0
    outer loop
      vertex 96 90 0
      vertex 84 90 25
      vertex 96 90 25
    endloop
  endfacet
  facet normal 0 1 0
    outer loop
      vertex 84 90 25
      vertex 96 90 0
      vertex 84 90 0
    endloop
  endfacet
  facet normal 0 1 -0
    outer loop
      vertex 111 90 0
      vertex 99 90 25
      vertex 111 90 25
    endloop
  endfacet
  facet normal 0 1 0
    outer loop
      vertex 99 90 25
      vertex 111 90 0
      vertex 99 90 0
    endloop
  endfacet
  facet normal 0 1 -0
    outer loop
      vertex 114 90 25
      vertex 109.464 90 39
      vertex 120 90 39
    endloop
  endfacet
  facet normal 0 1 0
    outer loop
      vertex 109.464 90 39
      vertex 63.9811 90 36.017
      vertex 60.7 90 38.4009
    endloop
  endfacet
  facet normal 0 1 0
    outer loop
      vertex 84 90 25
      vertex 109.464 90 39
      vertex 96 90 25
    endloop
  endfacet
  facet normal -0 1 0
    outer loop
      vertex 66.6949 90 33.003
      vertex 109.464 90 39
      vertex 84 90 25
    endloop
  endfacet
  facet normal 0 1 -0
    outer loop
      vertex 81 90 25
      vertex 66.6949 90 33.003
      vertex 84 90 25
    endloop
  endfacet
  facet normal 0 1 0
    outer loop
      vertex 109.464 90 39
      vertex 114 90 25
      vertex 111 90 25
    endloop
  endfacet
  facet normal 0 1 -0
    outer loop
      vertex 120 90 0
      vertex 114 90 25
      vertex 120 90 39
    endloop
  endfacet
  facet normal 0 1 0
    outer loop
      vertex 114 90 25
      vertex 120 90 0
      vertex 114 90 0
    endloop
  endfacet
  facet normal 0 1 0
    outer loop
      vertex 109.464 90 42
      vertex 53.0279 90 40.8937
      vertex 10.536 90 42
    endloop
  endfacet
  facet normal 0 1 0
    outer loop
      vertex 109.464 90 42
      vertex 56.9949 90 40.0505
      vertex 53.0279 90 40.8937
    endloop
  endfacet
  facet normal 0 1 0
    outer loop
      vertex 60.7 90 38.4009
      vertex 109.464 90 42
      vertex 109.464 90 39
    endloop
  endfacet
  facet normal 0 1 0
    outer loop
      vertex 109.464 90 42
      vertex 60.7 90 38.4009
      vertex 56.9949 90 40.0505
    endloop
  endfacet
  facet normal 0 1 -0
    outer loop
      vertex 48.9721 90 40.8937
      vertex 10.536 90 42
      vertex 53.0279 90 40.8937
    endloop
  endfacet
  facet normal 0 1 -0
    outer loop
      vertex 45.0051 90 40.0505
      vertex 10.536 90 42
      vertex 48.9721 90 40.8937
    endloop
  endfacet
  facet normal 0 1 -0
    outer loop
      vertex 41.3 90 38.4009
      vertex 10.536 90 42
      vertex 45.0051 90 40.0505
    endloop
  endfacet
  facet normal 0 1 -0
    outer loop
      vertex 38.0189 90 36.017
      vertex 10.536 90 42
      vertex 41.3 90 38.4009
    endloop
  endfacet
  facet normal 0 1 -0
    outer loop
      vertex 35.3051 90 33.003
      vertex 10.536 90 42
      vertex 38.0189 90 36.017
    endloop
  endfacet
  facet normal 0 1 0
    outer loop
      vertex 10.536 90 42
      vertex 35.3051 90 33.003
      vertex 10.536 90 39
    endloop
  endfacet
  facet normal 0 1 -0
    outer loop
      vertex 24 90 25
      vertex 10.536 90 39
      vertex 35.3051 90 33.003
    endloop
  endfacet
  facet normal 0 1 0
    outer loop
      vertex 24 90 25
      vertex 35.3051 90 33.003
      vertex 33.2772 90 29.4907
    endloop
  endfacet
  facet normal 0 1 0
    outer loop
      vertex 24 90 25
      vertex 33.2772 90 29.4907
      vertex 32.0239 90 25.6335
    endloop
  endfacet
  facet normal 0 1 0
    outer loop
      vertex 10.536 90 39
      vertex 24 90 25
      vertex 21 90 25
    endloop
  endfacet
  facet normal 0 1 0
    outer loop
      vertex 9 90 25
      vertex 10.536 90 39
      vertex 21 90 25
    endloop
  endfacet
  facet normal 0 1 0
    outer loop
      vertex 6 90 25
      vertex 10.536 90 39
      vertex 9 90 25
    endloop
  endfacet
  facet normal 0 1 0
    outer loop
      vertex 10.536 90 39
      vertex 6 90 25
      vertex 0 90 39
    endloop
  endfacet
  facet normal 0 1 0
    outer loop
      vertex 0 90 0
      vertex 6 90 25
      vertex 6 90 0
    endloop
  endfacet
  facet normal 0 1 0
    outer loop
      vertex 6 90 25
      vertex 0 90 0
      vertex 0 90 39
    endloop
  endfacet
  facet normal 0 1 0
    outer loop
      vertex 109.464 90 39
      vertex 111 90 25
      vertex 99 90 25
    endloop
  endfacet
  facet normal 0 1 0
    outer loop
      vertex 109.464 90 39
      vertex 99 90 25
      vertex 96 90 25
    endloop
  endfacet
  facet normal 0 1 0
    outer loop
      vertex 109.464 90 39
      vertex 66.6949 90 33.003
      vertex 63.9811 90 36.017
    endloop
  endfacet
  facet normal 0 1 0
    outer loop
      vertex 66.6949 90 33.003
      vertex 81 90 25
      vertex 68.7228 90 29.4907
    endloop
  endfacet
  facet normal 0 1 0
    outer loop
      vertex 68.7228 90 29.4907
      vertex 81 90 25
      vertex 69.9761 90 25.6335
    endloop
  endfacet
  facet normal 0 1 0
    outer loop
      vertex 81 90 25
      vertex 70.4 90 21.6
      vertex 69.9761 90 25.6335
    endloop
  endfacet
  facet normal 0 1 0
    outer loop
      vertex 81 90 25
      vertex 69.9761 90 17.5665
      vertex 70.4 90 21.6
    endloop
  endfacet
  facet normal 0 1 -0
    outer loop
      vertex 81 90 0
      vertex 69.9761 90 17.5665
      vertex 81 90 25
    endloop
  endfacet
  facet normal 0 1 0
    outer loop
      vertex 69.9761 90 17.5665
      vertex 81 90 0
      vertex 69 90 14.5625
    endloop
  endfacet
  facet normal 0 1 0
    outer loop
      vertex 69 90 14.5625
      vertex 81 90 0
      vertex 69 90 0
    endloop
  endfacet
  facet normal 0 1 -0
    outer loop
      vertex 66 90 0
      vertex 63.9811 90 7.18299
      vertex 66 90 9.42517
    endloop
  endfacet
  facet normal 0 1 0
    outer loop
      vertex 66 90 0
      vertex 60.7 90 4.79911
      vertex 63.9811 90 7.18299
    endloop
  endfacet
  facet normal 0 1 0
    outer loop
      vertex 66 90 0
      vertex 56.9949 90 3.1495
      vertex 60.7 90 4.79911
    endloop
  endfacet
  facet normal 0 1 0
    outer loop
      vertex 54 90 0
      vertex 56.9949 90 3.1495
      vertex 66 90 0
    endloop
  endfacet
  facet normal 0 1 0
    outer loop
      vertex 56.9949 90 3.1495
      vertex 54 90 0
      vertex 54 90 2.51291
    endloop
  endfacet
  facet normal 0 1 0
    outer loop
      vertex 51 90 2.30627
      vertex 51 90 0
      vertex 48.9721 90 2.30627
    endloop
  endfacet
  facet normal 0 1 0
    outer loop
      vertex 51 90 0
      vertex 45.0051 90 3.1495
      vertex 48.9721 90 2.30627
    endloop
  endfacet
  facet normal 0 1 0
    outer loop
      vertex 39 90 0
      vertex 45.0051 90 3.1495
      vertex 51 90 0
    endloop
  endfacet
  facet normal 0 1 0
    outer loop
      vertex 41.3 90 4.79911
      vertex 39 90 0
      vertex 39 90 6.47015
    endloop
  endfacet
  facet normal 0 1 0
    outer loop
      vertex 45.0051 90 3.1495
      vertex 39 90 0
      vertex 41.3 90 4.79911
    endloop
  endfacet
  facet normal -0.900967 -0.433887 0
    outer loop
      vertex 9.6 88 0
      vertex 9 89.2459 25
      vertex 9 89.2459 0
    endloop
  endfacet
  facet normal -0.900967 -0.433887 0
    outer loop
      vertex 9 89.2459 25
      vertex 9.6 88 0
      vertex 9.6 88 25
    endloop
  endfacet
  facet normal 1 -0 0
    outer loop
      vertex 5.60796 87.0888 25
      vertex 5.60796 88.9112 0
      vertex 5.60796 88.9112 25
    endloop
  endfacet
  facet normal 1 0 0
    outer loop
      vertex 5.60796 88.9112 0
      vertex 5.60796 87.0888 25
      vertex 5.60796 87.0888 0
    endloop
  endfacet
  facet normal 0.623439 -0.781872 0
    outer loop
      vertex 5.60796 88.9112 0
      vertex 6 89.2238 25
      vertex 5.60796 88.9112 25
    endloop
  endfacet
  facet normal 0.623439 -0.781872 0
    outer loop
      vertex 6 89.2238 25
      vertex 5.60796 88.9112 0
      vertex 6 89.2238 0
    endloop
  endfacet
  facet normal -0.900964 0.433893 0
    outer loop
      vertex 8.80933 86.3582 0
      vertex 9.6 88 25
      vertex 9.6 88 0
    endloop
  endfacet
  facet normal -0.900964 0.433893 0
    outer loop
      vertex 9.6 88 25
      vertex 8.80933 86.3582 0
      vertex 8.80933 86.3582 25
    endloop
  endfacet
  facet normal 0.623456 0.781858 -0
    outer loop
      vertex 7.03271 85.9527 0
      vertex 5.60796 87.0888 25
      vertex 7.03271 85.9527 25
    endloop
  endfacet
  facet normal 0.623456 0.781858 0
    outer loop
      vertex 5.60796 87.0888 25
      vertex 7.03271 85.9527 0
      vertex 5.60796 87.0888 0
    endloop
  endfacet
  facet normal -0.22252 0.974928 0
    outer loop
      vertex 8.80933 86.3582 0
      vertex 7.03271 85.9527 25
      vertex 8.80933 86.3582 25
    endloop
  endfacet
  facet normal -0.22252 0.974928 0
    outer loop
      vertex 7.03271 85.9527 25
      vertex 8.80933 86.3582 0
      vertex 7.03271 85.9527 0
    endloop
  endfacet
  facet normal -0.900964 -0.433893 0
    outer loop
      vertex 4.1 82.5 0
      vertex 3.30933 84.1418 25
      vertex 3.30933 84.1418 0
    endloop
  endfacet
  facet normal -0.900964 -0.433893 0
    outer loop
      vertex 3.30933 84.1418 25
      vertex 4.1 82.5 0
      vertex 4.1 82.5 25
    endloop
  endfacet
  facet normal 0.623453 -0.78186 0
    outer loop
      vertex 0.846352 84 0
      vertex 1.53271 84.5473 25
      vertex 0.846352 84 25
    endloop
  endfacet
  facet normal 0.623453 -0.78186 0
    outer loop
      vertex 1.53271 84.5473 25
      vertex 0.846352 84 0
      vertex 1.53271 84.5473 0
    endloop
  endfacet
  facet normal -0.22252 -0.974928 0
    outer loop
      vertex 1.53271 84.5473 0
      vertex 3.30933 84.1418 25
      vertex 1.53271 84.5473 25
    endloop
  endfacet
  facet normal -0.22252 -0.974928 -0
    outer loop
      vertex 3.30933 84.1418 25
      vertex 1.53271 84.5473 0
      vertex 3.30933 84.1418 0
    endloop
  endfacet
  facet normal -0.900964 0.433893 0
    outer loop
      vertex 3.30933 80.8582 0
      vertex 4.1 82.5 25
      vertex 4.1 82.5 0
    endloop
  endfacet
  facet normal -0.900964 0.433893 0
    outer loop
      vertex 4.1 82.5 25
      vertex 3.30933 80.8582 0
      vertex 3.30933 80.8582 25
    endloop
  endfacet
  facet normal 0.623453 0.781861 -0
    outer loop
      vertex 1.53271 80.4527 0
      vertex 0.846351 81 25
      vertex 1.53271 80.4527 25
    endloop
  endfacet
  facet normal 0.623453 0.781861 0
    outer loop
      vertex 0.846351 81 25
      vertex 1.53271 80.4527 0
      vertex 0.846351 81 0
    endloop
  endfacet
  facet normal -0.22252 0.974928 0
    outer loop
      vertex 3.30933 80.8582 0
      vertex 1.53271 80.4527 25
      vertex 3.30933 80.8582 25
    endloop
  endfacet
  facet normal -0.22252 0.974928 0
    outer loop
      vertex 1.53271 80.4527 25
      vertex 3.30933 80.8582 0
      vertex 1.53271 80.4527 0
    endloop
  endfacet
  facet normal 1 -0 0
    outer loop
      vertex 6 89.2238 25
      vertex 6 90 0
      vertex 6 90 25
    endloop
  endfacet
  facet normal 1 0 0
    outer loop
      vertex 6 90 0
      vertex 6 89.2238 25
      vertex 6 89.2238 0
    endloop
  endfacet
  facet normal -1 0 0
    outer loop
      vertex 9 89.2459 0
      vertex 9 90 25
      vertex 9 90 0
    endloop
  endfacet
  facet normal -1 -0 0
    outer loop
      vertex 9 90 25
      vertex 9 89.2459 0
      vertex 9 89.2459 25
    endloop
  endfacet
  facet normal 0 -1 0
    outer loop
      vertex 0 84 0
      vertex 0.846352 84 25
      vertex 0 84 25
    endloop
  endfacet
  facet normal 0 -1 -0
    outer loop
      vertex 0.846352 84 25
      vertex 0 84 0
      vertex 0.846352 84 0
    endloop
  endfacet
  facet normal 0 1 -0
    outer loop
      vertex 0.846351 81 0
      vertex 0 81 25
      vertex 0.846351 81 25
    endloop
  endfacet
  facet normal 0 1 0
    outer loop
      vertex 0 81 25
      vertex 0.846351 81 0
      vertex 0 81 0
    endloop
  endfacet
  facet normal -0.900963 -0.433896 0
    outer loop
      vertex 24.6 2 0
      vertex 23.8093 3.64185 25
      vertex 23.8093 3.64185 0
    endloop
  endfacet
  facet normal -0.900963 -0.433896 0
    outer loop
      vertex 23.8093 3.64185 25
      vertex 24.6 2 0
      vertex 24.6 2 25
    endloop
  endfacet
  facet normal 1 -0 0
    outer loop
      vertex 20.608 1.08884 25
      vertex 20.608 2.91116 0
      vertex 20.608 2.91116 25
    endloop
  endfacet
  facet normal 1 0 0
    outer loop
      vertex 20.608 2.91116 0
      vertex 20.608 1.08884 25
      vertex 20.608 1.08884 0
    endloop
  endfacet
  facet normal 0.6235 -0.781824 0
    outer loop
      vertex 20.608 2.91116 0
      vertex 22.0327 4.04735 25
      vertex 20.608 2.91116 25
    endloop
  endfacet
  facet normal 0.6235 -0.781824 0
    outer loop
      vertex 22.0327 4.04735 25
      vertex 20.608 2.91116 0
      vertex 22.0327 4.04735 0
    endloop
  endfacet
  facet normal -0.222522 -0.974928 0
    outer loop
      vertex 22.0327 4.04735 0
      vertex 23.8093 3.64185 25
      vertex 22.0327 4.04735 25
    endloop
  endfacet
  facet normal -0.222522 -0.974928 -0
    outer loop
      vertex 23.8093 3.64185 25
      vertex 22.0327 4.04735 0
      vertex 23.8093 3.64185 0
    endloop
  endfacet
  facet normal -0.900969 0.433884 0
    outer loop
      vertex 24 0.754088 0
      vertex 24.6 2 25
      vertex 24.6 2 0
    endloop
  endfacet
  facet normal -0.900969 0.433884 0
    outer loop
      vertex 24.6 2 25
      vertex 24 0.754088 0
      vertex 24 0.754088 25
    endloop
  endfacet
  facet normal 0.62352 0.781808 -0
    outer loop
      vertex 21 0.776206 0
      vertex 20.608 1.08884 25
      vertex 21 0.776206 25
    endloop
  endfacet
  facet normal 0.62352 0.781808 0
    outer loop
      vertex 20.608 1.08884 25
      vertex 21 0.776206 0
      vertex 20.608 1.08884 0
    endloop
  endfacet
  facet normal 1 -0 0
    outer loop
      vertex 21 0 25
      vertex 21 0.776206 0
      vertex 21 0.776206 25
    endloop
  endfacet
  facet normal 1 0 0
    outer loop
      vertex 21 0.776206 0
      vertex 21 0 25
      vertex 21 0 0
    endloop
  endfacet
  facet normal -1 0 0
    outer loop
      vertex 24 0 0
      vertex 24 0.754088 25
      vertex 24 0.754088 0
    endloop
  endfacet
  facet normal -1 -0 0
    outer loop
      vertex 24 0.754088 25
      vertex 24 0 0
      vertex 24 0 25
    endloop
  endfacet
  facet normal -0.900967 -0.433887 0
    outer loop
      vertex 24.6 88 0
      vertex 24 89.2459 25
      vertex 24 89.2459 0
    endloop
  endfacet
  facet normal -0.900967 -0.433887 0
    outer loop
      vertex 24 89.2459 25
      vertex 24.6 88 0
      vertex 24.6 88 25
    endloop
  endfacet
  facet normal 1 -0 0
    outer loop
      vertex 20.608 87.0888 25
      vertex 20.608 88.9112 0
      vertex 20.608 88.9112 25
    endloop
  endfacet
  facet normal 1 0 0
    outer loop
      vertex 20.608 88.9112 0
      vertex 20.608 87.0888 25
      vertex 20.608 87.0888 0
    endloop
  endfacet
  facet normal 0.623478 -0.781841 0
    outer loop
      vertex 20.608 88.9112 0
      vertex 21 89.2238 25
      vertex 20.608 88.9112 25
    endloop
  endfacet
  facet normal 0.623478 -0.781841 0
    outer loop
      vertex 21 89.2238 25
      vertex 20.608 88.9112 0
      vertex 21 89.2238 0
    endloop
  endfacet
  facet normal -0.900958 0.433906 0
    outer loop
      vertex 23.8093 86.3582 0
      vertex 24.6 88 25
      vertex 24.6 88 0
    endloop
  endfacet
  facet normal -0.900958 0.433906 0
    outer loop
      vertex 24.6 88 25
      vertex 23.8093 86.3582 0
      vertex 23.8093 86.3582 25
    endloop
  endfacet
  facet normal 0.62347 0.781848 -0
    outer loop
      vertex 22.0327 85.9527 0
      vertex 20.608 87.0888 25
      vertex 22.0327 85.9527 25
    endloop
  endfacet
  facet normal 0.62347 0.781848 0
    outer loop
      vertex 20.608 87.0888 25
      vertex 22.0327 85.9527 0
      vertex 20.608 87.0888 0
    endloop
  endfacet
  facet normal -0.222522 0.974928 0
    outer loop
      vertex 23.8093 86.3582 0
      vertex 22.0327 85.9527 25
      vertex 23.8093 86.3582 25
    endloop
  endfacet
  facet normal -0.222522 0.974928 0
    outer loop
      vertex 22.0327 85.9527 25
      vertex 23.8093 86.3582 0
      vertex 22.0327 85.9527 0
    endloop
  endfacet
  facet normal 1 -0 0
    outer loop
      vertex 21 89.2238 25
      vertex 21 90 0
      vertex 21 90 25
    endloop
  endfacet
  facet normal 1 0 0
    outer loop
      vertex 21 90 0
      vertex 21 89.2238 25
      vertex 21 89.2238 0
    endloop
  endfacet
  facet normal -1 0 0
    outer loop
      vertex 24 89.2459 0
      vertex 24 90 25
      vertex 24 90 0
    endloop
  endfacet
  facet normal -1 -0 0
    outer loop
      vertex 24 90 25
      vertex 24 89.2459 0
      vertex 24 89.2459 25
    endloop
  endfacet
  facet normal -0.900963 -0.433896 0
    outer loop
      vertex 39.6 2 0
      vertex 38.8093 3.64185 11.5
      vertex 38.8093 3.64185 0
    endloop
  endfacet
  facet normal -0.900963 -0.433896 0
    outer loop
      vertex 38.8093 3.64185 11.5
      vertex 39.6 2 0
      vertex 39.6 2 11.5
    endloop
  endfacet
  facet normal -0.900963 -0.433896 0
    outer loop
      vertex 39.6 2 19
      vertex 38.8093 3.64185 25
      vertex 38.8093 3.64185 19
    endloop
  endfacet
  facet normal -0.900963 -0.433896 0
    outer loop
      vertex 38.8093 3.64185 25
      vertex 39.6 2 19
      vertex 39.6 2 25
    endloop
  endfacet
  facet normal 1 -0 0
    outer loop
      vertex 35.608 1.08884 25
      vertex 35.608 2.91116 0
      vertex 35.608 2.91116 25
    endloop
  endfacet
  facet normal 1 0 0
    outer loop
      vertex 35.608 2.91116 0
      vertex 35.608 1.08884 25
      vertex 35.608 1.08884 0
    endloop
  endfacet
  facet normal 0.6235 -0.781824 0
    outer loop
      vertex 35.608 2.91116 0
      vertex 37.0327 4.04735 25
      vertex 35.608 2.91116 25
    endloop
  endfacet
  facet normal 0.6235 -0.781824 0
    outer loop
      vertex 37.0327 4.04735 25
      vertex 35.608 2.91116 0
      vertex 37.0327 4.04735 0
    endloop
  endfacet
  facet normal -0.222522 -0.974928 -6.22843e-07
    outer loop
      vertex 37.0327 4.04735 25
      vertex 38.5 3.71245 19
      vertex 38.8093 3.64185 25
    endloop
  endfacet
  facet normal -0.22252 -0.974928 0
    outer loop
      vertex 37.0327 4.04735 25
      vertex 38.5 3.71245 11.5
      vertex 38.5 3.71245 19
    endloop
  endfacet
  facet normal -0.22252 -0.974928 0
    outer loop
      vertex 37.0327 4.04735 0
      vertex 38.5 3.71245 11.5
      vertex 37.0327 4.04735 25
    endloop
  endfacet
  facet normal -0.222522 -0.974928 3.24962e-07
    outer loop
      vertex 38.8093 3.64185 0
      vertex 38.5 3.71245 11.5
      vertex 37.0327 4.04735 0
    endloop
  endfacet
  facet normal -0.222534 -0.974925 0
    outer loop
      vertex 38.5 3.71245 11.5
      vertex 38.8093 3.64185 0
      vertex 38.8093 3.64185 11.5
    endloop
  endfacet
  facet normal -0.222534 -0.974925 -0
    outer loop
      vertex 38.8093 3.64185 25
      vertex 38.5 3.71245 19
      vertex 38.8093 3.64185 19
    endloop
  endfacet
  facet normal -0.900969 0.433884 0
    outer loop
      vertex 39 0.754088 0
      vertex 39.6 2 11.5
      vertex 39.6 2 0
    endloop
  endfacet
  facet normal -0.900969 0.433884 0
    outer loop
      vertex 39.6 2 11.5
      vertex 39 0.754088 0
      vertex 39 0.754088 11.5
    endloop
  endfacet
  facet normal -0.900959 0.433905 0
    outer loop
      vertex 39 0.754088 21.536
      vertex 39.1088 0.98 22.569
      vertex 39.1088 0.98 21.536
    endloop
  endfacet
  facet normal -0.900959 0.433905 0
    outer loop
      vertex 39.1088 0.98 22.569
      vertex 39 0.754088 21.536
      vertex 39 0.754088 22.569
    endloop
  endfacet
  facet normal -0.900971 0.433879 0
    outer loop
      vertex 39.1088 0.98 21.536
      vertex 39.6 2 19
      vertex 39.1088 0.98 21.229
    endloop
  endfacet
  facet normal -0.900969 0.433884 2.60369e-06
    outer loop
      vertex 39 0.754088 19
      vertex 39.1088 0.98 21.229
      vertex 39.6 2 19
    endloop
  endfacet
  facet normal -0.900959 0.433905 0
    outer loop
      vertex 39.1088 0.98 21.229
      vertex 39 0.754088 19
      vertex 39 0.754088 21.229
    endloop
  endfacet
  facet normal -0.900971 0.433879 0
    outer loop
      vertex 39.6 2 19
      vertex 39.1088 0.98 21.536
      vertex 39.6 2 25
    endloop
  endfacet
  facet normal -0.900971 0.433879 0
    outer loop
      vertex 39.1088 0.98 22.569
      vertex 39.6 2 25
      vertex 39.1088 0.98 21.536
    endloop
  endfacet
  facet normal -0.900971 0.433879 0
    outer loop
      vertex 39.1088 0.98 22.88
      vertex 39.6 2 25
      vertex 39.1088 0.98 22.569
    endloop
  endfacet
  facet normal -0.900959 0.433905 0
    outer loop
      vertex 39 0.754088 25
      vertex 39.1088 0.98 22.88
      vertex 39 0.754088 22.88
    endloop
  endfacet
  facet normal -0.900969 0.433884 -2.73756e-06
    outer loop
      vertex 39.1088 0.98 22.88
      vertex 39 0.754088 25
      vertex 39.6 2 25
    endloop
  endfacet
  facet normal 0.62352 0.781808 -0
    outer loop
      vertex 36 0.776206 0
      vertex 35.608 1.08884 25
      vertex 36 0.776206 25
    endloop
  endfacet
  facet normal 0.62352 0.781808 0
    outer loop
      vertex 35.608 1.08884 25
      vertex 36 0.776206 0
      vertex 35.608 1.08884 0
    endloop
  endfacet
  facet normal 1 -0 0
    outer loop
      vertex 36 0 25
      vertex 36 0.776206 0
      vertex 36 0.776206 25
    endloop
  endfacet
  facet normal 1 0 0
    outer loop
      vertex 36 0.776206 0
      vertex 36 0 25
      vertex 36 0 0
    endloop
  endfacet
  facet normal -1 0 0
    outer loop
      vertex 39 0 0
      vertex 39 0.754088 11.5
      vertex 39 0.754088 0
    endloop
  endfacet
  facet normal -1 -0 0
    outer loop
      vertex 39 0.754088 11.5
      vertex 39 0 0
      vertex 39 0 11.5
    endloop
  endfacet
  facet normal -1 0 0
    outer loop
      vertex 39 0 22.88
      vertex 39 0.754088 25
      vertex 39 0.754088 22.88
    endloop
  endfacet
  facet normal -1 -0 0
    outer loop
      vertex 39 0.754088 25
      vertex 39 0 22.88
      vertex 39 0 25
    endloop
  endfacet
  facet normal -1 0 0
    outer loop
      vertex 39 0 19
      vertex 39 0.754088 21.229
      vertex 39 0.754088 19
    endloop
  endfacet
  facet normal -1 -0 0
    outer loop
      vertex 39 0.754088 21.229
      vertex 39 0 19
      vertex 39 0 21.229
    endloop
  endfacet
  facet normal -1 0 0
    outer loop
      vertex 39 0 21.536
      vertex 39 0.754088 22.569
      vertex 39 0.754088 21.536
    endloop
  endfacet
  facet normal -1 -0 0
    outer loop
      vertex 39 0.754088 22.569
      vertex 39 0 21.536
      vertex 39 0 22.569
    endloop
  endfacet
  facet normal -0.900972 -0.433877 0
    outer loop
      vertex 39 89.2459 0
      vertex 39.3592 88.5 1.2
      vertex 39 89.2459 6.47015
    endloop
  endfacet
  facet normal -0.900967 -0.433887 -7.66534e-06
    outer loop
      vertex 39.6 88 0
      vertex 39.3592 88.5 1.2
      vertex 39 89.2459 0
    endloop
  endfacet
  facet normal -0.90096 -0.433902 0
    outer loop
      vertex 39.3592 88.5 1.2
      vertex 39.6 88 0
      vertex 39.6 88 1.2
    endloop
  endfacet
  facet normal -0.900972 -0.433877 0
    outer loop
      vertex 39 89.2459 6.47015
      vertex 39.3592 88.5 1.2
      vertex 39.3592 88.5 6.20917
    endloop
  endfacet
  facet normal 1 0 0
    outer loop
      vertex 35.608 88.5 1.2
      vertex 35.608 88.9112 9.86057
      vertex 35.608 88.5 9.86057
    endloop
  endfacet
  facet normal 1 0 0
    outer loop
      vertex 35.608 88.9112 9.86057
      vertex 35.608 88.5 1.2
      vertex 35.608 88.9112 0
    endloop
  endfacet
  facet normal 1 0 0
    outer loop
      vertex 35.608 87.0888 0
      vertex 35.608 88.5 1.2
      vertex 35.608 87.0888 1.2
    endloop
  endfacet
  facet normal 1 0 0
    outer loop
      vertex 35.608 88.5 1.2
      vertex 35.608 87.0888 0
      vertex 35.608 88.9112 0
    endloop
  endfacet
  facet normal 0.623478 -0.781841 0
    outer loop
      vertex 35.608 88.9112 0
      vertex 36 89.2238 9.42517
      vertex 35.608 88.9112 9.86057
    endloop
  endfacet
  facet normal 0.623478 -0.781841 0
    outer loop
      vertex 36 89.2238 9.42517
      vertex 35.608 88.9112 0
      vertex 36 89.2238 0
    endloop
  endfacet
  facet normal -0.900958 0.433906 0
    outer loop
      vertex 38.8093 86.3582 0
      vertex 39.6 88 1.2
      vertex 39.6 88 0
    endloop
  endfacet
  facet normal -0.900958 0.433906 0
    outer loop
      vertex 39.6 88 1.2
      vertex 38.8093 86.3582 0
      vertex 38.8093 86.3582 1.2
    endloop
  endfacet
  facet normal 0.62347 0.781848 -0
    outer loop
      vertex 37.0327 85.9527 0
      vertex 35.608 87.0888 1.2
      vertex 37.0327 85.9527 1.2
    endloop
  endfacet
  facet normal 0.62347 0.781848 0
    outer loop
      vertex 35.608 87.0888 1.2
      vertex 37.0327 85.9527 0
      vertex 35.608 87.0888 0
    endloop
  endfacet
  facet normal -0.222522 0.974928 0
    outer loop
      vertex 38.8093 86.3582 0
      vertex 37.0327 85.9527 1.2
      vertex 38.8093 86.3582 1.2
    endloop
  endfacet
  facet normal -0.222522 0.974928 0
    outer loop
      vertex 37.0327 85.9527 1.2
      vertex 38.8093 86.3582 0
      vertex 37.0327 85.9527 0
    endloop
  endfacet
  facet normal 1 -0 0
    outer loop
      vertex 36 89.2238 9.42517
      vertex 36 90 0
      vertex 36 90 9.42517
    endloop
  endfacet
  facet normal 1 0 0
    outer loop
      vertex 36 90 0
      vertex 36 89.2238 9.42517
      vertex 36 89.2238 0
    endloop
  endfacet
  facet normal -1 0 0
    outer loop
      vertex 39 89.2459 0
      vertex 39 90 6.47015
      vertex 39 90 0
    endloop
  endfacet
  facet normal -1 -0 0
    outer loop
      vertex 39 90 6.47015
      vertex 39 89.2459 0
      vertex 39 89.2459 6.47015
    endloop
  endfacet
  facet normal -0.900963 -0.433896 0
    outer loop
      vertex 54.6 2 0
      vertex 53.8093 3.64185 25
      vertex 53.8093 3.64185 0
    endloop
  endfacet
  facet normal -0.900963 -0.433896 0
    outer loop
      vertex 53.8093 3.64185 25
      vertex 54.6 2 0
      vertex 54.6 2 25
    endloop
  endfacet
  facet normal 1 -0 0
    outer loop
      vertex 50.608 1.08884 25
      vertex 50.608 2.91116 0
      vertex 50.608 2.91116 25
    endloop
  endfacet
  facet normal 1 0 0
    outer loop
      vertex 50.608 2.91116 0
      vertex 50.608 1.08884 25
      vertex 50.608 1.08884 0
    endloop
  endfacet
  facet normal 0.6235 -0.781824 0
    outer loop
      vertex 50.608 2.91116 0
      vertex 52.0327 4.04735 25
      vertex 50.608 2.91116 25
    endloop
  endfacet
  facet normal 0.6235 -0.781824 0
    outer loop
      vertex 52.0327 4.04735 25
      vertex 50.608 2.91116 0
      vertex 52.0327 4.04735 0
    endloop
  endfacet
  facet normal -0.222522 -0.974928 0
    outer loop
      vertex 52.0327 4.04735 0
      vertex 53.8093 3.64185 25
      vertex 52.0327 4.04735 25
    endloop
  endfacet
  facet normal -0.222522 -0.974928 -0
    outer loop
      vertex 53.8093 3.64185 25
      vertex 52.0327 4.04735 0
      vertex 53.8093 3.64185 0
    endloop
  endfacet
  facet normal -0.900969 0.433884 0
    outer loop
      vertex 54 0.754088 0
      vertex 54.6 2 25
      vertex 54.6 2 0
    endloop
  endfacet
  facet normal -0.900969 0.433884 0
    outer loop
      vertex 54.6 2 25
      vertex 54 0.754088 0
      vertex 54 0.754088 25
    endloop
  endfacet
  facet normal 0.62352 0.781808 -0
    outer loop
      vertex 51 0.776206 0
      vertex 50.608 1.08884 25
      vertex 51 0.776206 25
    endloop
  endfacet
  facet normal 0.62352 0.781808 0
    outer loop
      vertex 50.608 1.08884 25
      vertex 51 0.776206 0
      vertex 50.608 1.08884 0
    endloop
  endfacet
  facet normal 1 -0 0
    outer loop
      vertex 51 0 25
      vertex 51 0.776206 0
      vertex 51 0.776206 25
    endloop
  endfacet
  facet normal 1 0 0
    outer loop
      vertex 51 0.776206 0
      vertex 51 0 25
      vertex 51 0 0
    endloop
  endfacet
  facet normal -1 0 0
    outer loop
      vertex 54 0 0
      vertex 54 0.754088 25
      vertex 54 0.754088 0
    endloop
  endfacet
  facet normal -1 -0 0
    outer loop
      vertex 54 0.754088 25
      vertex 54 0 0
      vertex 54 0 25
    endloop
  endfacet
  facet normal -0.900972 -0.433877 0
    outer loop
      vertex 54 89.2459 0
      vertex 54.3592 88.5 1.2
      vertex 54 89.2459 2.51291
    endloop
  endfacet
  facet normal -0.900967 -0.433887 -7.66534e-06
    outer loop
      vertex 54.6 88 0
      vertex 54.3592 88.5 1.2
      vertex 54 89.2459 0
    endloop
  endfacet
  facet normal -0.90096 -0.433902 0
    outer loop
      vertex 54.3592 88.5 1.2
      vertex 54.6 88 0
      vertex 54.6 88 1.2
    endloop
  endfacet
  facet normal -0.900972 -0.433877 0
    outer loop
      vertex 54 89.2459 2.51291
      vertex 54.3592 88.5 1.2
      vertex 54.3592 88.5 2.58926
    endloop
  endfacet
  facet normal 1 0 0
    outer loop
      vertex 50.608 88.5 1.2
      vertex 50.608 88.9112 2.30627
      vertex 50.608 88.5 2.30627
    endloop
  endfacet
  facet normal 1 0 0
    outer loop
      vertex 50.608 88.9112 2.30627
      vertex 50.608 88.5 1.2
      vertex 50.608 88.9112 0
    endloop
  endfacet
  facet normal 1 0 0
    outer loop
      vertex 50.608 87.0888 0
      vertex 50.608 88.5 1.2
      vertex 50.608 87.0888 1.2
    endloop
  endfacet
  facet normal 1 0 0
    outer loop
      vertex 50.608 88.5 1.2
      vertex 50.608 87.0888 0
      vertex 50.608 88.9112 0
    endloop
  endfacet
  facet normal 0.623478 -0.781841 0
    outer loop
      vertex 50.608 88.9112 0
      vertex 51 89.2238 2.30627
      vertex 50.608 88.9112 2.30627
    endloop
  endfacet
  facet normal 0.623478 -0.781841 0
    outer loop
      vertex 51 89.2238 2.30627
      vertex 50.608 88.9112 0
      vertex 51 89.2238 0
    endloop
  endfacet
  facet normal -0.900958 0.433906 0
    outer loop
      vertex 53.8093 86.3582 0
      vertex 54.6 88 1.2
      vertex 54.6 88 0
    endloop
  endfacet
  facet normal -0.900958 0.433906 0
    outer loop
      vertex 54.6 88 1.2
      vertex 53.8093 86.3582 0
      vertex 53.8093 86.3582 1.2
    endloop
  endfacet
  facet normal 0.62347 0.781848 -0
    outer loop
      vertex 52.0327 85.9527 0
      vertex 50.608 87.0888 1.2
      vertex 52.0327 85.9527 1.2
    endloop
  endfacet
  facet normal 0.62347 0.781848 0
    outer loop
      vertex 50.608 87.0888 1.2
      vertex 52.0327 85.9527 0
      vertex 50.608 87.0888 0
    endloop
  endfacet
  facet normal -0.222522 0.974928 0
    outer loop
      vertex 53.8093 86.3582 0
      vertex 52.0327 85.9527 1.2
      vertex 53.8093 86.3582 1.2
    endloop
  endfacet
  facet normal -0.222522 0.974928 0
    outer loop
      vertex 52.0327 85.9527 1.2
      vertex 53.8093 86.3582 0
      vertex 52.0327 85.9527 0
    endloop
  endfacet
  facet normal 1 -0 0
    outer loop
      vertex 51 89.2238 2.30627
      vertex 51 90 0
      vertex 51 90 2.30627
    endloop
  endfacet
  facet normal 1 0 0
    outer loop
      vertex 51 90 0
      vertex 51 89.2238 2.30627
      vertex 51 89.2238 0
    endloop
  endfacet
  facet normal -1 0 0
    outer loop
      vertex 54 89.2459 0
      vertex 54 90 2.51291
      vertex 54 90 0
    endloop
  endfacet
  facet normal -1 -0 0
    outer loop
      vertex 54 90 2.51291
      vertex 54 89.2459 0
      vertex 54 89.2459 2.51291
    endloop
  endfacet
  facet normal -0.900963 -0.433896 0
    outer loop
      vertex 69.6 2 0
      vertex 68.8093 3.64185 25
      vertex 68.8093 3.64185 0
    endloop
  endfacet
  facet normal -0.900963 -0.433896 0
    outer loop
      vertex 68.8093 3.64185 25
      vertex 69.6 2 0
      vertex 69.6 2 25
    endloop
  endfacet
  facet normal 1 -0 0
    outer loop
      vertex 65.608 1.08884 25
      vertex 65.608 2.91116 0
      vertex 65.608 2.91116 25
    endloop
  endfacet
  facet normal 1 0 0
    outer loop
      vertex 65.608 2.91116 0
      vertex 65.608 1.08884 25
      vertex 65.608 1.08884 0
    endloop
  endfacet
  facet normal 0.6235 -0.781824 0
    outer loop
      vertex 65.608 2.91116 0
      vertex 67.0327 4.04735 25
      vertex 65.608 2.91116 25
    endloop
  endfacet
  facet normal 0.6235 -0.781824 0
    outer loop
      vertex 67.0327 4.04735 25
      vertex 65.608 2.91116 0
      vertex 67.0327 4.04735 0
    endloop
  endfacet
  facet normal -0.222522 -0.974928 0
    outer loop
      vertex 67.0327 4.04735 0
      vertex 68.8093 3.64185 25
      vertex 67.0327 4.04735 25
    endloop
  endfacet
  facet normal -0.222522 -0.974928 -0
    outer loop
      vertex 68.8093 3.64185 25
      vertex 67.0327 4.04735 0
      vertex 68.8093 3.64185 0
    endloop
  endfacet
  facet normal -0.900969 0.433884 0
    outer loop
      vertex 69 0.754088 0
      vertex 69.6 2 25
      vertex 69.6 2 0
    endloop
  endfacet
  facet normal -0.900969 0.433884 0
    outer loop
      vertex 69.6 2 25
      vertex 69 0.754088 0
      vertex 69 0.754088 25
    endloop
  endfacet
  facet normal 0.62352 0.781808 -0
    outer loop
      vertex 66 0.776206 0
      vertex 65.608 1.08884 25
      vertex 66 0.776206 25
    endloop
  endfacet
  facet normal 0.62352 0.781808 0
    outer loop
      vertex 65.608 1.08884 25
      vertex 66 0.776206 0
      vertex 65.608 1.08884 0
    endloop
  endfacet
  facet normal 1 -0 0
    outer loop
      vertex 66 0 25
      vertex 66 0.776206 0
      vertex 66 0.776206 25
    endloop
  endfacet
  facet normal 1 0 0
    outer loop
      vertex 66 0.776206 0
      vertex 66 0 25
      vertex 66 0 0
    endloop
  endfacet
  facet normal -1 0 0
    outer loop
      vertex 69 0 0
      vertex 69 0.754088 25
      vertex 69 0.754088 0
    endloop
  endfacet
  facet normal -1 -0 0
    outer loop
      vertex 69 0.754088 25
      vertex 69 0 0
      vertex 69 0 25
    endloop
  endfacet
  facet normal -0.900972 -0.433877 0
    outer loop
      vertex 69 89.2459 0
      vertex 69.3592 88.5 1.2
      vertex 69 89.2459 14.5625
    endloop
  endfacet
  facet normal -0.900967 -0.433887 -7.66534e-06
    outer loop
      vertex 69.6 88 0
      vertex 69.3592 88.5 1.2
      vertex 69 89.2459 0
    endloop
  endfacet
  facet normal -0.90096 -0.433902 0
    outer loop
      vertex 69.3592 88.5 1.2
      vertex 69.6 88 0
      vertex 69.6 88 1.2
    endloop
  endfacet
  facet normal -0.900972 -0.433877 0
    outer loop
      vertex 69 89.2459 14.5625
      vertex 69.3592 88.5 1.2
      vertex 69.3592 88.5 15.668
    endloop
  endfacet
  facet normal 1 0 0
    outer loop
      vertex 65.608 88.5 1.2
      vertex 65.608 88.9112 8.98977
      vertex 65.608 88.5 8.98977
    endloop
  endfacet
  facet normal 1 0 0
    outer loop
      vertex 65.608 88.9112 8.98977
      vertex 65.608 88.5 1.2
      vertex 65.608 88.9112 0
    endloop
  endfacet
  facet normal 1 0 0
    outer loop
      vertex 65.608 87.0888 0
      vertex 65.608 88.5 1.2
      vertex 65.608 87.0888 1.2
    endloop
  endfacet
  facet normal 1 0 0
    outer loop
      vertex 65.608 88.5 1.2
      vertex 65.608 87.0888 0
      vertex 65.608 88.9112 0
    endloop
  endfacet
  facet normal 0.623478 -0.781841 0
    outer loop
      vertex 66 89.2238 0
      vertex 65.608 88.9112 8.98977
      vertex 65.608 88.9112 0
    endloop
  endfacet
  facet normal 0.623478 -0.781841 0
    outer loop
      vertex 65.608 88.9112 8.98977
      vertex 66 89.2238 0
      vertex 66 89.2238 9.42517
    endloop
  endfacet
  facet normal -0.900958 0.433906 0
    outer loop
      vertex 68.8093 86.3582 0
      vertex 69.6 88 1.2
      vertex 69.6 88 0
    endloop
  endfacet
  facet normal -0.900958 0.433906 0
    outer loop
      vertex 69.6 88 1.2
      vertex 68.8093 86.3582 0
      vertex 68.8093 86.3582 1.2
    endloop
  endfacet
  facet normal 0.62347 0.781848 -0
    outer loop
      vertex 67.0327 85.9527 0
      vertex 65.608 87.0888 1.2
      vertex 67.0327 85.9527 1.2
    endloop
  endfacet
  facet normal 0.62347 0.781848 0
    outer loop
      vertex 65.608 87.0888 1.2
      vertex 67.0327 85.9527 0
      vertex 65.608 87.0888 0
    endloop
  endfacet
  facet normal -0.222522 0.974928 0
    outer loop
      vertex 68.8093 86.3582 0
      vertex 67.0327 85.9527 1.2
      vertex 68.8093 86.3582 1.2
    endloop
  endfacet
  facet normal -0.222522 0.974928 0
    outer loop
      vertex 67.0327 85.9527 1.2
      vertex 68.8093 86.3582 0
      vertex 67.0327 85.9527 0
    endloop
  endfacet
  facet normal 1 -0 0
    outer loop
      vertex 66 89.2238 9.42517
      vertex 66 90 0
      vertex 66 90 9.42517
    endloop
  endfacet
  facet normal 1 0 0
    outer loop
      vertex 66 90 0
      vertex 66 89.2238 9.42517
      vertex 66 89.2238 0
    endloop
  endfacet
  facet normal -1 0 0
    outer loop
      vertex 69 89.2459 0
      vertex 69 90 14.5625
      vertex 69 90 0
    endloop
  endfacet
  facet normal -1 -0 0
    outer loop
      vertex 69 90 14.5625
      vertex 69 89.2459 0
      vertex 69 89.2459 14.5625
    endloop
  endfacet
  facet normal -0.900963 -0.433896 0
    outer loop
      vertex 84.6 2 0
      vertex 83.8093 3.64185 25
      vertex 83.8093 3.64185 0
    endloop
  endfacet
  facet normal -0.900963 -0.433896 0
    outer loop
      vertex 83.8093 3.64185 25
      vertex 84.6 2 0
      vertex 84.6 2 25
    endloop
  endfacet
  facet normal 1 -0 0
    outer loop
      vertex 80.608 1.08884 25
      vertex 80.608 2.91116 0
      vertex 80.608 2.91116 25
    endloop
  endfacet
  facet normal 1 0 0
    outer loop
      vertex 80.608 2.91116 0
      vertex 80.608 1.08884 25
      vertex 80.608 1.08884 0
    endloop
  endfacet
  facet normal 0.6235 -0.781824 0
    outer loop
      vertex 80.608 2.91116 0
      vertex 82.0327 4.04735 25
      vertex 80.608 2.91116 25
    endloop
  endfacet
  facet normal 0.6235 -0.781824 0
    outer loop
      vertex 82.0327 4.04735 25
      vertex 80.608 2.91116 0
      vertex 82.0327 4.04735 0
    endloop
  endfacet
  facet normal -0.222522 -0.974928 0
    outer loop
      vertex 82.0327 4.04735 0
      vertex 83.8093 3.64185 25
      vertex 82.0327 4.04735 25
    endloop
  endfacet
  facet normal -0.222522 -0.974928 -0
    outer loop
      vertex 83.8093 3.64185 25
      vertex 82.0327 4.04735 0
      vertex 83.8093 3.64185 0
    endloop
  endfacet
  facet normal -0.900969 0.433884 0
    outer loop
      vertex 84 0.754088 0
      vertex 84.6 2 25
      vertex 84.6 2 0
    endloop
  endfacet
  facet normal -0.900969 0.433884 0
    outer loop
      vertex 84.6 2 25
      vertex 84 0.754088 0
      vertex 84 0.754088 25
    endloop
  endfacet
  facet normal 0.62352 0.781808 -0
    outer loop
      vertex 81 0.776206 0
      vertex 80.608 1.08884 25
      vertex 81 0.776206 25
    endloop
  endfacet
  facet normal 0.62352 0.781808 0
    outer loop
      vertex 80.608 1.08884 25
      vertex 81 0.776206 0
      vertex 80.608 1.08884 0
    endloop
  endfacet
  facet normal 1 -0 0
    outer loop
      vertex 81 0 25
      vertex 81 0.776206 0
      vertex 81 0.776206 25
    endloop
  endfacet
  facet normal 1 0 0
    outer loop
      vertex 81 0.776206 0
      vertex 81 0 25
      vertex 81 0 0
    endloop
  endfacet
  facet normal -1 0 0
    outer loop
      vertex 84 0 0
      vertex 84 0.754088 25
      vertex 84 0.754088 0
    endloop
  endfacet
  facet normal -1 -0 0
    outer loop
      vertex 84 0.754088 25
      vertex 84 0 0
      vertex 84 0 25
    endloop
  endfacet
  facet normal -0.900967 -0.433887 0
    outer loop
      vertex 84.6 88 0
      vertex 84 89.2459 25
      vertex 84 89.2459 0
    endloop
  endfacet
  facet normal -0.900967 -0.433887 0
    outer loop
      vertex 84 89.2459 25
      vertex 84.6 88 0
      vertex 84.6 88 25
    endloop
  endfacet
  facet normal 1 -0 0
    outer loop
      vertex 80.608 87.0888 25
      vertex 80.608 88.9112 0
      vertex 80.608 88.9112 25
    endloop
  endfacet
  facet normal 1 0 0
    outer loop
      vertex 80.608 88.9112 0
      vertex 80.608 87.0888 25
      vertex 80.608 87.0888 0
    endloop
  endfacet
  facet normal 0.623478 -0.781841 0
    outer loop
      vertex 80.608 88.9112 0
      vertex 81 89.2238 25
      vertex 80.608 88.9112 25
    endloop
  endfacet
  facet normal 0.623478 -0.781841 0
    outer loop
      vertex 81 89.2238 25
      vertex 80.608 88.9112 0
      vertex 81 89.2238 0
    endloop
  endfacet
  facet normal -0.900958 0.433906 0
    outer loop
      vertex 83.8093 86.3582 0
      vertex 84.6 88 25
      vertex 84.6 88 0
    endloop
  endfacet
  facet normal -0.900958 0.433906 0
    outer loop
      vertex 84.6 88 25
      vertex 83.8093 86.3582 0
      vertex 83.8093 86.3582 25
    endloop
  endfacet
  facet normal 0.62347 0.781848 -0
    outer loop
      vertex 82.0327 85.9527 0
      vertex 80.608 87.0888 25
      vertex 82.0327 85.9527 25
    endloop
  endfacet
  facet normal 0.62347 0.781848 0
    outer loop
      vertex 80.608 87.0888 25
      vertex 82.0327 85.9527 0
      vertex 80.608 87.0888 0
    endloop
  endfacet
  facet normal -0.222522 0.974928 0
    outer loop
      vertex 83.8093 86.3582 0
      vertex 82.0327 85.9527 25
      vertex 83.8093 86.3582 25
    endloop
  endfacet
  facet normal -0.222522 0.974928 0
    outer loop
      vertex 82.0327 85.9527 25
      vertex 83.8093 86.3582 0
      vertex 82.0327 85.9527 0
    endloop
  endfacet
  facet normal 1 -0 0
    outer loop
      vertex 81 89.2238 25
      vertex 81 90 0
      vertex 81 90 25
    endloop
  endfacet
  facet normal 1 0 0
    outer loop
      vertex 81 90 0
      vertex 81 89.2238 25
      vertex 81 89.2238 0
    endloop
  endfacet
  facet normal -1 0 0
    outer loop
      vertex 84 89.2459 0
      vertex 84 90 25
      vertex 84 90 0
    endloop
  endfacet
  facet normal -1 -0 0
    outer loop
      vertex 84 90 25
      vertex 84 89.2459 0
      vertex 84 89.2459 25
    endloop
  endfacet
  facet normal -0.900963 -0.433896 0
    outer loop
      vertex 99.6 2 0
      vertex 98.8093 3.64185 25
      vertex 98.8093 3.64185 0
    endloop
  endfacet
  facet normal -0.900963 -0.433896 0
    outer loop
      vertex 98.8093 3.64185 25
      vertex 99.6 2 0
      vertex 99.6 2 25
    endloop
  endfacet
  facet normal 1 -0 0
    outer loop
      vertex 95.608 1.08884 25
      vertex 95.608 2.91116 0
      vertex 95.608 2.91116 25
    endloop
  endfacet
  facet normal 1 0 0
    outer loop
      vertex 95.608 2.91116 0
      vertex 95.608 1.08884 25
      vertex 95.608 1.08884 0
    endloop
  endfacet
  facet normal 0.6235 -0.781824 0
    outer loop
      vertex 95.608 2.91116 0
      vertex 97.0327 4.04735 25
      vertex 95.608 2.91116 25
    endloop
  endfacet
  facet normal 0.6235 -0.781824 0
    outer loop
      vertex 97.0327 4.04735 25
      vertex 95.608 2.91116 0
      vertex 97.0327 4.04735 0
    endloop
  endfacet
  facet normal -0.222522 -0.974928 0
    outer loop
      vertex 97.0327 4.04735 0
      vertex 98.8093 3.64185 25
      vertex 97.0327 4.04735 25
    endloop
  endfacet
  facet normal -0.222522 -0.974928 -0
    outer loop
      vertex 98.8093 3.64185 25
      vertex 97.0327 4.04735 0
      vertex 98.8093 3.64185 0
    endloop
  endfacet
  facet normal -0.900969 0.433884 0
    outer loop
      vertex 99 0.754088 0
      vertex 99.6 2 25
      vertex 99.6 2 0
    endloop
  endfacet
  facet normal -0.900969 0.433884 0
    outer loop
      vertex 99.6 2 25
      vertex 99 0.754088 0
      vertex 99 0.754088 25
    endloop
  endfacet
  facet normal 0.62352 0.781808 -0
    outer loop
      vertex 96 0.776206 0
      vertex 95.608 1.08884 25
      vertex 96 0.776206 25
    endloop
  endfacet
  facet normal 0.62352 0.781808 0
    outer loop
      vertex 95.608 1.08884 25
      vertex 96 0.776206 0
      vertex 95.608 1.08884 0
    endloop
  endfacet
  facet normal 1 -0 0
    outer loop
      vertex 96 0 25
      vertex 96 0.776206 0
      vertex 96 0.776206 25
    endloop
  endfacet
  facet normal 1 0 0
    outer loop
      vertex 96 0.776206 0
      vertex 96 0 25
      vertex 96 0 0
    endloop
  endfacet
  facet normal -1 0 0
    outer loop
      vertex 99 0 0
      vertex 99 0.754088 25
      vertex 99 0.754088 0
    endloop
  endfacet
  facet normal -1 -0 0
    outer loop
      vertex 99 0.754088 25
      vertex 99 0 0
      vertex 99 0 25
    endloop
  endfacet
  facet normal -0.900967 -0.433887 0
    outer loop
      vertex 99.6 88 0
      vertex 99 89.2459 25
      vertex 99 89.2459 0
    endloop
  endfacet
  facet normal -0.900967 -0.433887 0
    outer loop
      vertex 99 89.2459 25
      vertex 99.6 88 0
      vertex 99.6 88 25
    endloop
  endfacet
  facet normal 1 -0 0
    outer loop
      vertex 95.608 87.0888 25
      vertex 95.608 88.9112 0
      vertex 95.608 88.9112 25
    endloop
  endfacet
  facet normal 1 0 0
    outer loop
      vertex 95.608 88.9112 0
      vertex 95.608 87.0888 25
      vertex 95.608 87.0888 0
    endloop
  endfacet
  facet normal 0.623478 -0.781841 0
    outer loop
      vertex 95.608 88.9112 0
      vertex 96 89.2238 25
      vertex 95.608 88.9112 25
    endloop
  endfacet
  facet normal 0.623478 -0.781841 0
    outer loop
      vertex 96 89.2238 25
      vertex 95.608 88.9112 0
      vertex 96 89.2238 0
    endloop
  endfacet
  facet normal -0.900958 0.433906 0
    outer loop
      vertex 98.8093 86.3582 0
      vertex 99.6 88 25
      vertex 99.6 88 0
    endloop
  endfacet
  facet normal -0.900958 0.433906 0
    outer loop
      vertex 99.6 88 25
      vertex 98.8093 86.3582 0
      vertex 98.8093 86.3582 25
    endloop
  endfacet
  facet normal 0.62347 0.781848 -0
    outer loop
      vertex 97.0327 85.9527 0
      vertex 95.608 87.0888 25
      vertex 97.0327 85.9527 25
    endloop
  endfacet
  facet normal 0.62347 0.781848 0
    outer loop
      vertex 95.608 87.0888 25
      vertex 97.0327 85.9527 0
      vertex 95.608 87.0888 0
    endloop
  endfacet
  facet normal -0.222522 0.974928 0
    outer loop
      vertex 98.8093 86.3582 0
      vertex 97.0327 85.9527 25
      vertex 98.8093 86.3582 25
    endloop
  endfacet
  facet normal -0.222522 0.974928 0
    outer loop
      vertex 97.0327 85.9527 25
      vertex 98.8093 86.3582 0
      vertex 97.0327 85.9527 0
    endloop
  endfacet
  facet normal 1 -0 0
    outer loop
      vertex 96 89.2238 25
      vertex 96 90 0
      vertex 96 90 25
    endloop
  endfacet
  facet normal 1 0 0
    outer loop
      vertex 96 90 0
      vertex 96 89.2238 25
      vertex 96 89.2238 0
    endloop
  endfacet
  facet normal -1 0 0
    outer loop
      vertex 99 89.2459 0
      vertex 99 90 25
      vertex 99 90 0
    endloop
  endfacet
  facet normal -1 -0 0
    outer loop
      vertex 99 90 25
      vertex 99 89.2459 0
      vertex 99 89.2459 25
    endloop
  endfacet
  facet normal 1 0 0
    outer loop
      vertex 120 10.536 39
      vertex 120 6 25
      vertex 120 9 25
    endloop
  endfacet
  facet normal 1 -0 0
    outer loop
      vertex 120 0 39
      vertex 120 6 25
      vertex 120 10.536 39
    endloop
  endfacet
  facet normal 1 0 0
    outer loop
      vertex 120 0 0
      vertex 120 6 25
      vertex 120 0 39
    endloop
  endfacet
  facet normal 1 0 0
    outer loop
      vertex 120 6 25
      vertex 120 0 0
      vertex 120 6 0
    endloop
  endfacet
  facet normal 1 0 0
    outer loop
      vertex 120 66 25
      vertex 120 79.464 39
      vertex 120 79.464 42
    endloop
  endfacet
  facet normal 1 0 0
    outer loop
      vertex 120 79.464 39
      vertex 120 66 25
      vertex 120 69 25
    endloop
  endfacet
  facet normal 1 0 0
    outer loop
      vertex 120 66 25
      vertex 120 54 25
      vertex 120 66 0
    endloop
  endfacet
  facet normal 1 0 0
    outer loop
      vertex 120 79.464 42
      vertex 120 54 25
      vertex 120 66 25
    endloop
  endfacet
  facet normal 1 0 0
    outer loop
      vertex 120 79.464 42
      vertex 120 51 25
      vertex 120 54 25
    endloop
  endfacet
  facet normal 1 0 0
    outer loop
      vertex 120 51 25
      vertex 120 39 25
      vertex 120 51 0
    endloop
  endfacet
  facet normal 1 0 0
    outer loop
      vertex 120 79.464 42
      vertex 120 39 25
      vertex 120 51 25
    endloop
  endfacet
  facet normal 1 -0 0
    outer loop
      vertex 120 10.536 42
      vertex 120 39 25
      vertex 120 79.464 42
    endloop
  endfacet
  facet normal 1 0 0
    outer loop
      vertex 120 36 25
      vertex 120 24 25
      vertex 120 36 0
    endloop
  endfacet
  facet normal 1 0 0
    outer loop
      vertex 120 39 25
      vertex 120 10.536 42
      vertex 120 36 25
    endloop
  endfacet
  facet normal 1 0 0
    outer loop
      vertex 120 36 25
      vertex 120 10.536 42
      vertex 120 24 25
    endloop
  endfacet
  facet normal 1 -0 0
    outer loop
      vertex 120 10.536 39
      vertex 120 24 25
      vertex 120 10.536 42
    endloop
  endfacet
  facet normal 1 0 0
    outer loop
      vertex 120 24 25
      vertex 120 10.536 39
      vertex 120 21 25
    endloop
  endfacet
  facet normal 1 0 0
    outer loop
      vertex 120 9 25
      vertex 120 21 25
      vertex 120 10.536 39
    endloop
  endfacet
  facet normal 1 0 0
    outer loop
      vertex 120 21 25
      vertex 120 9 25
      vertex 120 21 0
    endloop
  endfacet
  facet normal 1 0 0
    outer loop
      vertex 120 21 0
      vertex 120 9 25
      vertex 120 9 0
    endloop
  endfacet
  facet normal 1 0 0
    outer loop
      vertex 120 90 39
      vertex 120 84 25
      vertex 120 90 0
    endloop
  endfacet
  facet normal 1 -0 0
    outer loop
      vertex 120 79.464 39
      vertex 120 84 25
      vertex 120 90 39
    endloop
  endfacet
  facet normal 1 0 0
    outer loop
      vertex 120 84 25
      vertex 120 79.464 39
      vertex 120 81 25
    endloop
  endfacet
  facet normal 1 0 0
    outer loop
      vertex 120 69 25
      vertex 120 81 25
      vertex 120 79.464 39
    endloop
  endfacet
  facet normal 1 0 0
    outer loop
      vertex 120 81 25
      vertex 120 69 25
      vertex 120 81 0
    endloop
  endfacet
  facet normal 1 0 0
    outer loop
      vertex 120 81 0
      vertex 120 69 25
      vertex 120 69 0
    endloop
  endfacet
  facet normal 1 0 0
    outer loop
      vertex 120 90 0
      vertex 120 84 25
      vertex 120 84 0
    endloop
  endfacet
  facet normal 1 0 0
    outer loop
      vertex 120 66 0
      vertex 120 54 25
      vertex 120 54 0
    endloop
  endfacet
  facet normal 1 0 0
    outer loop
      vertex 120 51 0
      vertex 120 39 25
      vertex 120 39 0
    endloop
  endfacet
  facet normal 1 0 0
    outer loop
      vertex 120 36 0
      vertex 120 24 25
      vertex 120 24 0
    endloop
  endfacet
  facet normal -0.900899 -0.434029 0
    outer loop
      vertex 114.6 2 0
      vertex 113.809 3.64185 25
      vertex 113.809 3.64185 0
    endloop
  endfacet
  facet normal -0.900899 -0.434029 0
    outer loop
      vertex 113.809 3.64185 25
      vertex 114.6 2 0
      vertex 114.6 2 25
    endloop
  endfacet
  facet normal 1 -0 0
    outer loop
      vertex 110.608 1.08884 25
      vertex 110.608 2.91116 0
      vertex 110.608 2.91116 25
    endloop
  endfacet
  facet normal 1 0 0
    outer loop
      vertex 110.608 2.91116 0
      vertex 110.608 1.08884 25
      vertex 110.608 1.08884 0
    endloop
  endfacet
  facet normal 0.62342 -0.781888 0
    outer loop
      vertex 110.608 2.91116 0
      vertex 112.033 4.04735 25
      vertex 110.608 2.91116 25
    endloop
  endfacet
  facet normal 0.62342 -0.781888 0
    outer loop
      vertex 112.033 4.04735 25
      vertex 110.608 2.91116 0
      vertex 112.033 4.04735 0
    endloop
  endfacet
  facet normal -0.222594 -0.974911 0
    outer loop
      vertex 112.033 4.04735 0
      vertex 113.809 3.64185 25
      vertex 112.033 4.04735 25
    endloop
  endfacet
  facet normal -0.222594 -0.974911 -0
    outer loop
      vertex 113.809 3.64185 25
      vertex 112.033 4.04735 0
      vertex 113.809 3.64185 0
    endloop
  endfacet
  facet normal -0.900969 0.433884 0
    outer loop
      vertex 114 0.754088 0
      vertex 114.6 2 25
      vertex 114.6 2 0
    endloop
  endfacet
  facet normal -0.900969 0.433884 0
    outer loop
      vertex 114.6 2 25
      vertex 114 0.754088 0
      vertex 114 0.754088 25
    endloop
  endfacet
  facet normal 0.62352 0.781808 -0
    outer loop
      vertex 111 0.776206 0
      vertex 110.608 1.08884 25
      vertex 111 0.776206 25
    endloop
  endfacet
  facet normal 0.62352 0.781808 0
    outer loop
      vertex 110.608 1.08884 25
      vertex 111 0.776206 0
      vertex 110.608 1.08884 0
    endloop
  endfacet
  facet normal -0.899255 -0.437424 0
    outer loop
      vertex 119.378 9 0
      vertex 119.309 9.14185 25
      vertex 119.309 9.14185 0
    endloop
  endfacet
  facet normal -0.899255 -0.437424 0
    outer loop
      vertex 119.309 9.14185 25
      vertex 119.378 9 0
      vertex 119.378 9 25
    endloop
  endfacet
  facet normal 1 -0 0
    outer loop
      vertex 116.108 6.58884 25
      vertex 116.108 8.41116 0
      vertex 116.108 8.41116 25
    endloop
  endfacet
  facet normal 1 0 0
    outer loop
      vertex 116.108 8.41116 0
      vertex 116.108 6.58884 25
      vertex 116.108 6.58884 0
    endloop
  endfacet
  facet normal 0.62342 -0.781888 0
    outer loop
      vertex 116.108 8.41116 0
      vertex 117.533 9.54735 25
      vertex 116.108 8.41116 25
    endloop
  endfacet
  facet normal 0.62342 -0.781888 0
    outer loop
      vertex 117.533 9.54735 25
      vertex 116.108 8.41116 0
      vertex 117.533 9.54735 0
    endloop
  endfacet
  facet normal -0.222594 -0.974911 0
    outer loop
      vertex 117.533 9.54735 0
      vertex 119.309 9.14185 25
      vertex 117.533 9.54735 25
    endloop
  endfacet
  facet normal -0.222594 -0.974911 -0
    outer loop
      vertex 119.309 9.14185 25
      vertex 117.533 9.54735 0
      vertex 119.309 9.14185 0
    endloop
  endfacet
  facet normal -0.899255 0.437424 0
    outer loop
      vertex 119.309 5.85815 0
      vertex 119.378 6 25
      vertex 119.378 6 0
    endloop
  endfacet
  facet normal -0.899255 0.437424 0
    outer loop
      vertex 119.378 6 25
      vertex 119.309 5.85815 0
      vertex 119.309 5.85815 25
    endloop
  endfacet
  facet normal 0.62342 0.781888 -0
    outer loop
      vertex 117.533 5.45265 0
      vertex 116.108 6.58884 25
      vertex 117.533 5.45265 25
    endloop
  endfacet
  facet normal 0.62342 0.781888 0
    outer loop
      vertex 116.108 6.58884 25
      vertex 117.533 5.45265 0
      vertex 116.108 6.58884 0
    endloop
  endfacet
  facet normal -0.222594 0.974911 0
    outer loop
      vertex 119.309 5.85815 0
      vertex 117.533 5.45265 25
      vertex 119.309 5.85815 25
    endloop
  endfacet
  facet normal -0.222594 0.974911 0
    outer loop
      vertex 117.533 5.45265 25
      vertex 119.309 5.85815 0
      vertex 117.533 5.45265 0
    endloop
  endfacet
  facet normal 1 -0 0
    outer loop
      vertex 111 0 25
      vertex 111 0.776206 0
      vertex 111 0.776206 25
    endloop
  endfacet
  facet normal 1 0 0
    outer loop
      vertex 111 0.776206 0
      vertex 111 0 25
      vertex 111 0 0
    endloop
  endfacet
  facet normal -1 0 0
    outer loop
      vertex 114 0 0
      vertex 114 0.754088 25
      vertex 114 0.754088 0
    endloop
  endfacet
  facet normal -1 -0 0
    outer loop
      vertex 114 0.754088 25
      vertex 114 0 0
      vertex 114 0 25
    endloop
  endfacet
  facet normal 0 1 -0
    outer loop
      vertex 120 6 0
      vertex 119.378 6 25
      vertex 120 6 25
    endloop
  endfacet
  facet normal 0 1 0
    outer loop
      vertex 119.378 6 25
      vertex 120 6 0
      vertex 119.378 6 0
    endloop
  endfacet
  facet normal 0 -1 0
    outer loop
      vertex 119.378 9 0
      vertex 120 9 25
      vertex 119.378 9 25
    endloop
  endfacet
  facet normal 0 -1 -0
    outer loop
      vertex 120 9 25
      vertex 119.378 9 0
      vertex 120 9 0
    endloop
  endfacet
  facet normal -0.899195 -0.437549 0
    outer loop
      vertex 119.378 24 0
      vertex 119.309 24.1418 25
      vertex 119.309 24.1418 0
    endloop
  endfacet
  facet normal -0.899195 -0.437549 0
    outer loop
      vertex 119.309 24.1418 25
      vertex 119.378 24 0
      vertex 119.378 24 25
    endloop
  endfacet
  facet normal 1 -0 0
    outer loop
      vertex 116.108 21.5888 25
      vertex 116.108 23.4112 0
      vertex 116.108 23.4112 25
    endloop
  endfacet
  facet normal 1 0 0
    outer loop
      vertex 116.108 23.4112 0
      vertex 116.108 21.5888 25
      vertex 116.108 21.5888 0
    endloop
  endfacet
  facet normal 0.623389 -0.781912 0
    outer loop
      vertex 116.108 23.4112 0
      vertex 117.533 24.5473 25
      vertex 116.108 23.4112 25
    endloop
  endfacet
  facet normal 0.623389 -0.781912 0
    outer loop
      vertex 117.533 24.5473 25
      vertex 116.108 23.4112 0
      vertex 117.533 24.5473 0
    endloop
  endfacet
  facet normal -0.222594 -0.974911 0
    outer loop
      vertex 117.533 24.5473 0
      vertex 119.309 24.1418 25
      vertex 117.533 24.5473 25
    endloop
  endfacet
  facet normal -0.222594 -0.974911 -0
    outer loop
      vertex 119.309 24.1418 25
      vertex 117.533 24.5473 0
      vertex 119.309 24.1418 0
    endloop
  endfacet
  facet normal -0.899195 0.437549 0
    outer loop
      vertex 119.309 20.8582 0
      vertex 119.378 21 25
      vertex 119.378 21 0
    endloop
  endfacet
  facet normal -0.899195 0.437549 0
    outer loop
      vertex 119.378 21 25
      vertex 119.309 20.8582 0
      vertex 119.309 20.8582 25
    endloop
  endfacet
  facet normal 0.623389 0.781912 -0
    outer loop
      vertex 117.533 20.4527 0
      vertex 116.108 21.5888 25
      vertex 117.533 20.4527 25
    endloop
  endfacet
  facet normal 0.623389 0.781912 0
    outer loop
      vertex 116.108 21.5888 25
      vertex 117.533 20.4527 0
      vertex 116.108 21.5888 0
    endloop
  endfacet
  facet normal -0.222594 0.974911 0
    outer loop
      vertex 119.309 20.8582 0
      vertex 117.533 20.4527 25
      vertex 119.309 20.8582 25
    endloop
  endfacet
  facet normal -0.222594 0.974911 0
    outer loop
      vertex 117.533 20.4527 25
      vertex 119.309 20.8582 0
      vertex 117.533 20.4527 0
    endloop
  endfacet
  facet normal 0 1 -0
    outer loop
      vertex 120 21 0
      vertex 119.378 21 25
      vertex 120 21 25
    endloop
  endfacet
  facet normal 0 1 0
    outer loop
      vertex 119.378 21 25
      vertex 120 21 0
      vertex 119.378 21 0
    endloop
  endfacet
  facet normal 0 -1 0
    outer loop
      vertex 119.378 24 0
      vertex 120 24 25
      vertex 119.378 24 25
    endloop
  endfacet
  facet normal 0 -1 -0
    outer loop
      vertex 120 24 25
      vertex 119.378 24 0
      vertex 120 24 0
    endloop
  endfacet
  facet normal -0.899195 -0.437549 0
    outer loop
      vertex 119.378 39 0
      vertex 119.309 39.1418 25
      vertex 119.309 39.1418 0
    endloop
  endfacet
  facet normal -0.899195 -0.437549 0
    outer loop
      vertex 119.309 39.1418 25
      vertex 119.378 39 0
      vertex 119.378 39 25
    endloop
  endfacet
  facet normal 1 -0 0
    outer loop
      vertex 116.108 36.5888 25
      vertex 116.108 38.4112 0
      vertex 116.108 38.4112 25
    endloop
  endfacet
  facet normal 1 0 0
    outer loop
      vertex 116.108 38.4112 0
      vertex 116.108 36.5888 25
      vertex 116.108 36.5888 0
    endloop
  endfacet
  facet normal 0.623389 -0.781912 0
    outer loop
      vertex 116.108 38.4112 0
      vertex 117.533 39.5473 25
      vertex 116.108 38.4112 25
    endloop
  endfacet
  facet normal 0.623389 -0.781912 0
    outer loop
      vertex 117.533 39.5473 25
      vertex 116.108 38.4112 0
      vertex 117.533 39.5473 0
    endloop
  endfacet
  facet normal -0.222594 -0.974911 0
    outer loop
      vertex 117.533 39.5473 0
      vertex 119.309 39.1418 25
      vertex 117.533 39.5473 25
    endloop
  endfacet
  facet normal -0.222594 -0.974911 -0
    outer loop
      vertex 119.309 39.1418 25
      vertex 117.533 39.5473 0
      vertex 119.309 39.1418 0
    endloop
  endfacet
  facet normal -0.899195 0.437549 0
    outer loop
      vertex 119.309 35.8582 0
      vertex 119.378 36 25
      vertex 119.378 36 0
    endloop
  endfacet
  facet normal -0.899195 0.437549 0
    outer loop
      vertex 119.378 36 25
      vertex 119.309 35.8582 0
      vertex 119.309 35.8582 25
    endloop
  endfacet
  facet normal 0.623389 0.781912 -0
    outer loop
      vertex 117.533 35.4527 0
      vertex 116.108 36.5888 25
      vertex 117.533 35.4527 25
    endloop
  endfacet
  facet normal 0.623389 0.781912 0
    outer loop
      vertex 116.108 36.5888 25
      vertex 117.533 35.4527 0
      vertex 116.108 36.5888 0
    endloop
  endfacet
  facet normal -0.222594 0.974911 0
    outer loop
      vertex 119.309 35.8582 0
      vertex 117.533 35.4527 25
      vertex 119.309 35.8582 25
    endloop
  endfacet
  facet normal -0.222594 0.974911 0
    outer loop
      vertex 117.533 35.4527 25
      vertex 119.309 35.8582 0
      vertex 117.533 35.4527 0
    endloop
  endfacet
  facet normal 0 1 -0
    outer loop
      vertex 120 36 0
      vertex 119.378 36 25
      vertex 120 36 25
    endloop
  endfacet
  facet normal 0 1 0
    outer loop
      vertex 119.378 36 25
      vertex 120 36 0
      vertex 119.378 36 0
    endloop
  endfacet
  facet normal 0 -1 0
    outer loop
      vertex 119.378 39 0
      vertex 120 39 25
      vertex 119.378 39 25
    endloop
  endfacet
  facet normal 0 -1 -0
    outer loop
      vertex 120 39 25
      vertex 119.378 39 0
      vertex 120 39 0
    endloop
  endfacet
  facet normal -0.899195 -0.437549 0
    outer loop
      vertex 119.378 54 0
      vertex 119.309 54.1418 25
      vertex 119.309 54.1418 0
    endloop
  endfacet
  facet normal -0.899195 -0.437549 0
    outer loop
      vertex 119.309 54.1418 25
      vertex 119.378 54 0
      vertex 119.378 54 25
    endloop
  endfacet
  facet normal 1 -0 0
    outer loop
      vertex 116.108 51.5888 25
      vertex 116.108 53.4112 0
      vertex 116.108 53.4112 25
    endloop
  endfacet
  facet normal 1 0 0
    outer loop
      vertex 116.108 53.4112 0
      vertex 116.108 51.5888 25
      vertex 116.108 51.5888 0
    endloop
  endfacet
  facet normal 0.623389 -0.781912 0
    outer loop
      vertex 116.108 53.4112 0
      vertex 117.533 54.5473 25
      vertex 116.108 53.4112 25
    endloop
  endfacet
  facet normal 0.623389 -0.781912 0
    outer loop
      vertex 117.533 54.5473 25
      vertex 116.108 53.4112 0
      vertex 117.533 54.5473 0
    endloop
  endfacet
  facet normal -0.222594 -0.974911 0
    outer loop
      vertex 117.533 54.5473 0
      vertex 119.309 54.1418 25
      vertex 117.533 54.5473 25
    endloop
  endfacet
  facet normal -0.222594 -0.974911 -0
    outer loop
      vertex 119.309 54.1418 25
      vertex 117.533 54.5473 0
      vertex 119.309 54.1418 0
    endloop
  endfacet
  facet normal -0.899195 0.437549 0
    outer loop
      vertex 119.309 50.8582 0
      vertex 119.378 51 25
      vertex 119.378 51 0
    endloop
  endfacet
  facet normal -0.899195 0.437549 0
    outer loop
      vertex 119.378 51 25
      vertex 119.309 50.8582 0
      vertex 119.309 50.8582 25
    endloop
  endfacet
  facet normal 0.623389 0.781912 -0
    outer loop
      vertex 117.533 50.4527 0
      vertex 116.108 51.5888 25
      vertex 117.533 50.4527 25
    endloop
  endfacet
  facet normal 0.623389 0.781912 0
    outer loop
      vertex 116.108 51.5888 25
      vertex 117.533 50.4527 0
      vertex 116.108 51.5888 0
    endloop
  endfacet
  facet normal -0.222594 0.974911 0
    outer loop
      vertex 119.309 50.8582 0
      vertex 117.533 50.4527 25
      vertex 119.309 50.8582 25
    endloop
  endfacet
  facet normal -0.222594 0.974911 0
    outer loop
      vertex 117.533 50.4527 25
      vertex 119.309 50.8582 0
      vertex 117.533 50.4527 0
    endloop
  endfacet
  facet normal 0 1 -0
    outer loop
      vertex 120 51 0
      vertex 119.378 51 25
      vertex 120 51 25
    endloop
  endfacet
  facet normal 0 1 0
    outer loop
      vertex 119.378 51 25
      vertex 120 51 0
      vertex 119.378 51 0
    endloop
  endfacet
  facet normal 0 -1 0
    outer loop
      vertex 119.378 54 0
      vertex 120 54 25
      vertex 119.378 54 25
    endloop
  endfacet
  facet normal 0 -1 -0
    outer loop
      vertex 120 54 25
      vertex 119.378 54 0
      vertex 120 54 0
    endloop
  endfacet
  facet normal -0.899195 -0.437549 0
    outer loop
      vertex 119.378 69 0
      vertex 119.309 69.1418 25
      vertex 119.309 69.1418 0
    endloop
  endfacet
  facet normal -0.899195 -0.437549 0
    outer loop
      vertex 119.309 69.1418 25
      vertex 119.378 69 0
      vertex 119.378 69 25
    endloop
  endfacet
  facet normal 1 -0 0
    outer loop
      vertex 116.108 66.5888 25
      vertex 116.108 68.4112 0
      vertex 116.108 68.4112 25
    endloop
  endfacet
  facet normal 1 0 0
    outer loop
      vertex 116.108 68.4112 0
      vertex 116.108 66.5888 25
      vertex 116.108 66.5888 0
    endloop
  endfacet
  facet normal 0.623389 -0.781912 0
    outer loop
      vertex 116.108 68.4112 0
      vertex 117.533 69.5473 25
      vertex 116.108 68.4112 25
    endloop
  endfacet
  facet normal 0.623389 -0.781912 0
    outer loop
      vertex 117.533 69.5473 25
      vertex 116.108 68.4112 0
      vertex 117.533 69.5473 0
    endloop
  endfacet
  facet normal -0.222594 -0.974911 0
    outer loop
      vertex 117.533 69.5473 0
      vertex 119.309 69.1418 25
      vertex 117.533 69.5473 25
    endloop
  endfacet
  facet normal -0.222594 -0.974911 -0
    outer loop
      vertex 119.309 69.1418 25
      vertex 117.533 69.5473 0
      vertex 119.309 69.1418 0
    endloop
  endfacet
  facet normal -0.899195 0.437549 0
    outer loop
      vertex 119.309 65.8582 0
      vertex 119.378 66 25
      vertex 119.378 66 0
    endloop
  endfacet
  facet normal -0.899195 0.437549 0
    outer loop
      vertex 119.378 66 25
      vertex 119.309 65.8582 0
      vertex 119.309 65.8582 25
    endloop
  endfacet
  facet normal 0.623389 0.781912 -0
    outer loop
      vertex 117.533 65.4527 0
      vertex 116.108 66.5888 25
      vertex 117.533 65.4527 25
    endloop
  endfacet
  facet normal 0.623389 0.781912 0
    outer loop
      vertex 116.108 66.5888 25
      vertex 117.533 65.4527 0
      vertex 116.108 66.5888 0
    endloop
  endfacet
  facet normal -0.222594 0.974911 0
    outer loop
      vertex 119.309 65.8582 0
      vertex 117.533 65.4527 25
      vertex 119.309 65.8582 25
    endloop
  endfacet
  facet normal -0.222594 0.974911 0
    outer loop
      vertex 117.533 65.4527 25
      vertex 119.309 65.8582 0
      vertex 117.533 65.4527 0
    endloop
  endfacet
  facet normal 0 1 -0
    outer loop
      vertex 120 66 0
      vertex 119.378 66 25
      vertex 120 66 25
    endloop
  endfacet
  facet normal 0 1 0
    outer loop
      vertex 119.378 66 25
      vertex 120 66 0
      vertex 119.378 66 0
    endloop
  endfacet
  facet normal 0 -1 0
    outer loop
      vertex 119.378 69 0
      vertex 120 69 25
      vertex 119.378 69 25
    endloop
  endfacet
  facet normal 0 -1 -0
    outer loop
      vertex 120 69 25
      vertex 119.378 69 0
      vertex 120 69 0
    endloop
  endfacet
  facet normal -0.900967 -0.433887 0
    outer loop
      vertex 114.6 88 0
      vertex 114 89.2459 25
      vertex 114 89.2459 0
    endloop
  endfacet
  facet normal -0.900967 -0.433887 0
    outer loop
      vertex 114 89.2459 25
      vertex 114.6 88 0
      vertex 114.6 88 25
    endloop
  endfacet
  facet normal 1 -0 0
    outer loop
      vertex 110.608 87.0888 25
      vertex 110.608 88.9112 0
      vertex 110.608 88.9112 25
    endloop
  endfacet
  facet normal 1 0 0
    outer loop
      vertex 110.608 88.9112 0
      vertex 110.608 87.0888 25
      vertex 110.608 87.0888 0
    endloop
  endfacet
  facet normal 0.623478 -0.781841 0
    outer loop
      vertex 110.608 88.9112 0
      vertex 111 89.2238 25
      vertex 110.608 88.9112 25
    endloop
  endfacet
  facet normal 0.623478 -0.781841 0
    outer loop
      vertex 111 89.2238 25
      vertex 110.608 88.9112 0
      vertex 111 89.2238 0
    endloop
  endfacet
  facet normal -0.900894 0.43404 0
    outer loop
      vertex 113.809 86.3582 0
      vertex 114.6 88 25
      vertex 114.6 88 0
    endloop
  endfacet
  facet normal -0.900894 0.43404 0
    outer loop
      vertex 114.6 88 25
      vertex 113.809 86.3582 0
      vertex 113.809 86.3582 25
    endloop
  endfacet
  facet normal 0.623389 0.781912 -0
    outer loop
      vertex 112.033 85.9527 0
      vertex 110.608 87.0888 25
      vertex 112.033 85.9527 25
    endloop
  endfacet
  facet normal 0.623389 0.781912 0
    outer loop
      vertex 110.608 87.0888 25
      vertex 112.033 85.9527 0
      vertex 110.608 87.0888 0
    endloop
  endfacet
  facet normal -0.222594 0.974911 0
    outer loop
      vertex 113.809 86.3582 0
      vertex 112.033 85.9527 25
      vertex 113.809 86.3582 25
    endloop
  endfacet
  facet normal -0.222594 0.974911 0
    outer loop
      vertex 112.033 85.9527 25
      vertex 113.809 86.3582 0
      vertex 112.033 85.9527 0
    endloop
  endfacet
  facet normal -0.899195 -0.437549 0
    outer loop
      vertex 119.378 84 0
      vertex 119.309 84.1418 25
      vertex 119.309 84.1418 0
    endloop
  endfacet
  facet normal -0.899195 -0.437549 0
    outer loop
      vertex 119.309 84.1418 25
      vertex 119.378 84 0
      vertex 119.378 84 25
    endloop
  endfacet
  facet normal 1 -0 0
    outer loop
      vertex 116.108 81.5888 25
      vertex 116.108 83.4112 0
      vertex 116.108 83.4112 25
    endloop
  endfacet
  facet normal 1 0 0
    outer loop
      vertex 116.108 83.4112 0
      vertex 116.108 81.5888 25
      vertex 116.108 81.5888 0
    endloop
  endfacet
  facet normal 0.623389 -0.781912 0
    outer loop
      vertex 116.108 83.4112 0
      vertex 117.533 84.5473 25
      vertex 116.108 83.4112 25
    endloop
  endfacet
  facet normal 0.623389 -0.781912 0
    outer loop
      vertex 117.533 84.5473 25
      vertex 116.108 83.4112 0
      vertex 117.533 84.5473 0
    endloop
  endfacet
  facet normal -0.222594 -0.974911 0
    outer loop
      vertex 117.533 84.5473 0
      vertex 119.309 84.1418 25
      vertex 117.533 84.5473 25
    endloop
  endfacet
  facet normal -0.222594 -0.974911 -0
    outer loop
      vertex 119.309 84.1418 25
      vertex 117.533 84.5473 0
      vertex 119.309 84.1418 0
    endloop
  endfacet
  facet normal -0.899195 0.437549 0
    outer loop
      vertex 119.309 80.8582 0
      vertex 119.378 81 25
      vertex 119.378 81 0
    endloop
  endfacet
  facet normal -0.899195 0.437549 0
    outer loop
      vertex 119.378 81 25
      vertex 119.309 80.8582 0
      vertex 119.309 80.8582 25
    endloop
  endfacet
  facet normal 0.623389 0.781912 -0
    outer loop
      vertex 117.533 80.4527 0
      vertex 116.108 81.5888 25
      vertex 117.533 80.4527 25
    endloop
  endfacet
  facet normal 0.623389 0.781912 0
    outer loop
      vertex 116.108 81.5888 25
      vertex 117.533 80.4527 0
      vertex 116.108 81.5888 0
    endloop
  endfacet
  facet normal -0.222594 0.974911 0
    outer loop
      vertex 119.309 80.8582 0
      vertex 117.533 80.4527 25
      vertex 119.309 80.8582 25
    endloop
  endfacet
  facet normal -0.222594 0.974911 0
    outer loop
      vertex 117.533 80.4527 25
      vertex 119.309 80.8582 0
      vertex 117.533 80.4527 0
    endloop
  endfacet
  facet normal 1 -0 0
    outer loop
      vertex 111 89.2238 25
      vertex 111 90 0
      vertex 111 90 25
    endloop
  endfacet
  facet normal 1 0 0
    outer loop
      vertex 111 90 0
      vertex 111 89.2238 25
      vertex 111 89.2238 0
    endloop
  endfacet
  facet normal -1 0 0
    outer loop
      vertex 114 89.2459 0
      vertex 114 90 25
      vertex 114 90 0
    endloop
  endfacet
  facet normal -1 -0 0
    outer loop
      vertex 114 90 25
      vertex 114 89.2459 0
      vertex 114 89.2459 25
    endloop
  endfacet
  facet normal 0 1 -0
    outer loop
      vertex 120 81 0
      vertex 119.378 81 25
      vertex 120 81 25
    endloop
  endfacet
  facet normal 0 1 0
    outer loop
      vertex 119.378 81 25
      vertex 120 81 0
      vertex 119.378 81 0
    endloop
  endfacet
  facet normal 0 -1 0
    outer loop
      vertex 119.378 84 0
      vertex 120 84 25
      vertex 119.378 84 25
    endloop
  endfacet
  facet normal 0 -1 -0
    outer loop
      vertex 120 84 25
      vertex 119.378 84 0
      vertex 120 84 0
    endloop
  endfacet
  facet normal 0 0 -1
    outer loop
      vertex 0.846351 81 25
      vertex 4.1 82.5 25
      vertex 3.30933 80.8582 25
    endloop
  endfacet
  facet normal 0 0 -1
    outer loop
      vertex 0.846351 81 25
      vertex 3.30933 80.8582 25
      vertex 1.53271 80.4527 25
    endloop
  endfacet
  facet normal 0 -0 -1
    outer loop
      vertex 0.846352 84 25
      vertex 4.1 82.5 25
      vertex 0.846351 81 25
    endloop
  endfacet
  facet normal -0 0 -1
    outer loop
      vertex 3.30933 84.1418 25
      vertex 0.846352 84 25
      vertex 1.53271 84.5473 25
    endloop
  endfacet
  facet normal 0 0 -1
    outer loop
      vertex 4.1 82.5 25
      vertex 0.846352 84 25
      vertex 3.30933 84.1418 25
    endloop
  endfacet
  facet normal 0 0 -1
    outer loop
      vertex 0 81 25
      vertex 0.846352 84 25
      vertex 0.846351 81 25
    endloop
  endfacet
  facet normal -0 0 -1
    outer loop
      vertex 0.846352 84 25
      vertex 0 81 25
      vertex 0 84 25
    endloop
  endfacet
  facet normal 0 0 -1
    outer loop
      vertex 0.846351 6 25
      vertex 4.1 7.5 25
      vertex 3.30933 5.85815 25
    endloop
  endfacet
  facet normal 0 0 -1
    outer loop
      vertex 0.846351 6 25
      vertex 3.30933 5.85815 25
      vertex 1.53271 5.45265 25
    endloop
  endfacet
  facet normal 0 -0 -1
    outer loop
      vertex 0.846352 9 25
      vertex 4.1 7.5 25
      vertex 0.846351 6 25
    endloop
  endfacet
  facet normal -0 0 -1
    outer loop
      vertex 3.30933 9.14185 25
      vertex 0.846352 9 25
      vertex 1.53271 9.54735 25
    endloop
  endfacet
  facet normal 0 0 -1
    outer loop
      vertex 4.1 7.5 25
      vertex 0.846352 9 25
      vertex 3.30933 9.14185 25
    endloop
  endfacet
  facet normal 0 0 -1
    outer loop
      vertex 0 6 25
      vertex 0.846352 9 25
      vertex 0.846351 6 25
    endloop
  endfacet
  facet normal -0 0 -1
    outer loop
      vertex 0.846352 9 25
      vertex 0 6 25
      vertex 0 9 25
    endloop
  endfacet
  facet normal 0 0 -1
    outer loop
      vertex 6 0.776206 25
      vertex 9 0.754088 25
      vertex 9 0 25
    endloop
  endfacet
  facet normal 0 0 -1
    outer loop
      vertex 9 0.754088 25
      vertex 6 0.776206 25
      vertex 8.80933 3.64185 25
    endloop
  endfacet
  facet normal 0 0 -1
    outer loop
      vertex 6 0.776206 25
      vertex 9 0 25
      vertex 6 0 25
    endloop
  endfacet
  facet normal -0 0 -1
    outer loop
      vertex 8.80933 3.64185 25
      vertex 6 0.776206 25
      vertex 7.03271 4.04735 25
    endloop
  endfacet
  facet normal 0 0 -1
    outer loop
      vertex 5.60796 2.91116 25
      vertex 6 0.776206 25
      vertex 5.60796 1.08884 25
    endloop
  endfacet
  facet normal 0 0 -1
    outer loop
      vertex 6 0.776206 25
      vertex 5.60796 2.91116 25
      vertex 7.03271 4.04735 25
    endloop
  endfacet
  facet normal -0 0 -1
    outer loop
      vertex 9.6 2 25
      vertex 9 0.754088 25
      vertex 8.80933 3.64185 25
    endloop
  endfacet
  facet normal 0 0 -1
    outer loop
      vertex 21 0.776206 25
      vertex 24 0.754088 25
      vertex 24 0 25
    endloop
  endfacet
  facet normal 0 0 -1
    outer loop
      vertex 24 0.754088 25
      vertex 21 0.776206 25
      vertex 23.8093 3.64185 25
    endloop
  endfacet
  facet normal 0 0 -1
    outer loop
      vertex 21 0.776206 25
      vertex 24 0 25
      vertex 21 0 25
    endloop
  endfacet
  facet normal -0 0 -1
    outer loop
      vertex 23.8093 3.64185 25
      vertex 21 0.776206 25
      vertex 22.0327 4.04735 25
    endloop
  endfacet
  facet normal 0 0 -1
    outer loop
      vertex 20.608 2.91116 25
      vertex 21 0.776206 25
      vertex 20.608 1.08884 25
    endloop
  endfacet
  facet normal 0 0 -1
    outer loop
      vertex 21 0.776206 25
      vertex 20.608 2.91116 25
      vertex 22.0327 4.04735 25
    endloop
  endfacet
  facet normal -0 0 -1
    outer loop
      vertex 24.6 2 25
      vertex 24 0.754088 25
      vertex 23.8093 3.64185 25
    endloop
  endfacet
  facet normal 0 0 -1
    outer loop
      vertex 36 0.776206 25
      vertex 39 0.754088 25
      vertex 39 0 25
    endloop
  endfacet
  facet normal 0 0 -1
    outer loop
      vertex 39 0.754088 25
      vertex 36 0.776206 25
      vertex 38.8093 3.64185 25
    endloop
  endfacet
  facet normal 0 0 -1
    outer loop
      vertex 36 0.776206 25
      vertex 39 0 25
      vertex 36 0 25
    endloop
  endfacet
  facet normal -0 0 -1
    outer loop
      vertex 38.8093 3.64185 25
      vertex 36 0.776206 25
      vertex 37.0327 4.04735 25
    endloop
  endfacet
  facet normal 0 0 -1
    outer loop
      vertex 35.608 2.91116 25
      vertex 36 0.776206 25
      vertex 35.608 1.08884 25
    endloop
  endfacet
  facet normal 0 0 -1
    outer loop
      vertex 36 0.776206 25
      vertex 35.608 2.91116 25
      vertex 37.0327 4.04735 25
    endloop
  endfacet
  facet normal -0 0 -1
    outer loop
      vertex 39.6 2 25
      vertex 39 0.754088 25
      vertex 38.8093 3.64185 25
    endloop
  endfacet
  facet normal 0 0 -1
    outer loop
      vertex 51 0.776206 25
      vertex 54 0.754088 25
      vertex 54 0 25
    endloop
  endfacet
  facet normal 0 0 -1
    outer loop
      vertex 54 0.754088 25
      vertex 51 0.776206 25
      vertex 53.8093 3.64185 25
    endloop
  endfacet
  facet normal 0 0 -1
    outer loop
      vertex 51 0.776206 25
      vertex 54 0 25
      vertex 51 0 25
    endloop
  endfacet
  facet normal -0 0 -1
    outer loop
      vertex 53.8093 3.64185 25
      vertex 51 0.776206 25
      vertex 52.0327 4.04735 25
    endloop
  endfacet
  facet normal 0 0 -1
    outer loop
      vertex 50.608 2.91116 25
      vertex 51 0.776206 25
      vertex 50.608 1.08884 25
    endloop
  endfacet
  facet normal 0 0 -1
    outer loop
      vertex 51 0.776206 25
      vertex 50.608 2.91116 25
      vertex 52.0327 4.04735 25
    endloop
  endfacet
  facet normal -0 0 -1
    outer loop
      vertex 54.6 2 25
      vertex 54 0.754088 25
      vertex 53.8093 3.64185 25
    endloop
  endfacet
  facet normal 0 0 -1
    outer loop
      vertex 66 0.776206 25
      vertex 69 0.754088 25
      vertex 69 0 25
    endloop
  endfacet
  facet normal 0 0 -1
    outer loop
      vertex 69 0.754088 25
      vertex 66 0.776206 25
      vertex 68.8093 3.64185 25
    endloop
  endfacet
  facet normal 0 0 -1
    outer loop
      vertex 66 0.776206 25
      vertex 69 0 25
      vertex 66 0 25
    endloop
  endfacet
  facet normal -0 0 -1
    outer loop
      vertex 68.8093 3.64185 25
      vertex 66 0.776206 25
      vertex 67.0327 4.04735 25
    endloop
  endfacet
  facet normal 0 0 -1
    outer loop
      vertex 65.608 2.91116 25
      vertex 66 0.776206 25
      vertex 65.608 1.08884 25
    endloop
  endfacet
  facet normal 0 0 -1
    outer loop
      vertex 66 0.776206 25
      vertex 65.608 2.91116 25
      vertex 67.0327 4.04735 25
    endloop
  endfacet
  facet normal -0 0 -1
    outer loop
      vertex 69.6 2 25
      vertex 69 0.754088 25
      vertex 68.8093 3.64185 25
    endloop
  endfacet
  facet normal 0 0 -1
    outer loop
      vertex 81 0.776206 25
      vertex 84 0.754088 25
      vertex 84 0 25
    endloop
  endfacet
  facet normal 0 0 -1
    outer loop
      vertex 84 0.754088 25
      vertex 81 0.776206 25
      vertex 83.8093 3.64185 25
    endloop
  endfacet
  facet normal 0 0 -1
    outer loop
      vertex 81 0.776206 25
      vertex 84 0 25
      vertex 81 0 25
    endloop
  endfacet
  facet normal -0 0 -1
    outer loop
      vertex 83.8093 3.64185 25
      vertex 81 0.776206 25
      vertex 82.0327 4.04735 25
    endloop
  endfacet
  facet normal 0 0 -1
    outer loop
      vertex 80.608 2.91116 25
      vertex 81 0.776206 25
      vertex 80.608 1.08884 25
    endloop
  endfacet
  facet normal 0 0 -1
    outer loop
      vertex 81 0.776206 25
      vertex 80.608 2.91116 25
      vertex 82.0327 4.04735 25
    endloop
  endfacet
  facet normal -0 0 -1
    outer loop
      vertex 84.6 2 25
      vertex 84 0.754088 25
      vertex 83.8093 3.64185 25
    endloop
  endfacet
  facet normal 0 0 -1
    outer loop
      vertex 96 0.776206 25
      vertex 99 0.754088 25
      vertex 99 0 25
    endloop
  endfacet
  facet normal 0 0 -1
    outer loop
      vertex 99 0.754088 25
      vertex 96 0.776206 25
      vertex 98.8093 3.64185 25
    endloop
  endfacet
  facet normal 0 0 -1
    outer loop
      vertex 96 0.776206 25
      vertex 99 0 25
      vertex 96 0 25
    endloop
  endfacet
  facet normal -0 0 -1
    outer loop
      vertex 98.8093 3.64185 25
      vertex 96 0.776206 25
      vertex 97.0327 4.04735 25
    endloop
  endfacet
  facet normal 0 0 -1
    outer loop
      vertex 95.608 2.91116 25
      vertex 96 0.776206 25
      vertex 95.608 1.08884 25
    endloop
  endfacet
  facet normal 0 0 -1
    outer loop
      vertex 96 0.776206 25
      vertex 95.608 2.91116 25
      vertex 97.0327 4.04735 25
    endloop
  endfacet
  facet normal -0 0 -1
    outer loop
      vertex 99.6 2 25
      vertex 99 0.754088 25
      vertex 98.8093 3.64185 25
    endloop
  endfacet
  facet normal 0 0 -1
    outer loop
      vertex 111 0.776206 25
      vertex 114 0.754088 25
      vertex 114 0 25
    endloop
  endfacet
  facet normal 0 0 -1
    outer loop
      vertex 114 0.754088 25
      vertex 111 0.776206 25
      vertex 113.809 3.64185 25
    endloop
  endfacet
  facet normal 0 0 -1
    outer loop
      vertex 111 0.776206 25
      vertex 114 0 25
      vertex 111 0 25
    endloop
  endfacet
  facet normal -0 0 -1
    outer loop
      vertex 113.809 3.64185 25
      vertex 111 0.776206 25
      vertex 112.033 4.04735 25
    endloop
  endfacet
  facet normal 0 0 -1
    outer loop
      vertex 110.608 2.91116 25
      vertex 111 0.776206 25
      vertex 110.608 1.08884 25
    endloop
  endfacet
  facet normal 0 0 -1
    outer loop
      vertex 111 0.776206 25
      vertex 110.608 2.91116 25
      vertex 112.033 4.04735 25
    endloop
  endfacet
  facet normal -0 0 -1
    outer loop
      vertex 114.6 2 25
      vertex 114 0.754088 25
      vertex 113.809 3.64185 25
    endloop
  endfacet
  facet normal 0 0 -1
    outer loop
      vertex 5.60796 87.0888 25
      vertex 6 89.2238 25
      vertex 7.03271 85.9527 25
    endloop
  endfacet
  facet normal 0 0 -1
    outer loop
      vertex 6 89.2238 25
      vertex 5.60796 87.0888 25
      vertex 5.60796 88.9112 25
    endloop
  endfacet
  facet normal 0 0 -1
    outer loop
      vertex 8.80933 86.3582 25
      vertex 9 89.2459 25
      vertex 9.6 88 25
    endloop
  endfacet
  facet normal 0 0 -1
    outer loop
      vertex 6 89.2238 25
      vertex 9 89.2459 25
      vertex 8.80933 86.3582 25
    endloop
  endfacet
  facet normal 0 0 -1
    outer loop
      vertex 6 89.2238 25
      vertex 8.80933 86.3582 25
      vertex 7.03271 85.9527 25
    endloop
  endfacet
  facet normal -0 0 -1
    outer loop
      vertex 9 89.2459 25
      vertex 6 89.2238 25
      vertex 9 90 25
    endloop
  endfacet
  facet normal -0 0 -1
    outer loop
      vertex 9 90 25
      vertex 6 89.2238 25
      vertex 6 90 25
    endloop
  endfacet
  facet normal 0 0 -1
    outer loop
      vertex 20.608 87.0888 25
      vertex 21 89.2238 25
      vertex 22.0327 85.9527 25
    endloop
  endfacet
  facet normal 0 0 -1
    outer loop
      vertex 21 89.2238 25
      vertex 20.608 87.0888 25
      vertex 20.608 88.9112 25
    endloop
  endfacet
  facet normal 0 0 -1
    outer loop
      vertex 23.8093 86.3582 25
      vertex 24 89.2459 25
      vertex 24.6 88 25
    endloop
  endfacet
  facet normal 0 0 -1
    outer loop
      vertex 21 89.2238 25
      vertex 24 89.2459 25
      vertex 23.8093 86.3582 25
    endloop
  endfacet
  facet normal 0 0 -1
    outer loop
      vertex 21 89.2238 25
      vertex 23.8093 86.3582 25
      vertex 22.0327 85.9527 25
    endloop
  endfacet
  facet normal -0 0 -1
    outer loop
      vertex 24 89.2459 25
      vertex 21 89.2238 25
      vertex 24 90 25
    endloop
  endfacet
  facet normal -0 0 -1
    outer loop
      vertex 24 90 25
      vertex 21 89.2238 25
      vertex 21 90 25
    endloop
  endfacet
  facet normal 0 0 -1
    outer loop
      vertex 80.608 87.0888 25
      vertex 81 89.2238 25
      vertex 82.0327 85.9527 25
    endloop
  endfacet
  facet normal 0 0 -1
    outer loop
      vertex 81 89.2238 25
      vertex 80.608 87.0888 25
      vertex 80.608 88.9112 25
    endloop
  endfacet
  facet normal 0 0 -1
    outer loop
      vertex 83.8093 86.3582 25
      vertex 84 89.2459 25
      vertex 84.6 88 25
    endloop
  endfacet
  facet normal 0 0 -1
    outer loop
      vertex 81 89.2238 25
      vertex 84 89.2459 25
      vertex 83.8093 86.3582 25
    endloop
  endfacet
  facet normal 0 0 -1
    outer loop
      vertex 81 89.2238 25
      vertex 83.8093 86.3582 25
      vertex 82.0327 85.9527 25
    endloop
  endfacet
  facet normal -0 0 -1
    outer loop
      vertex 84 89.2459 25
      vertex 81 89.2238 25
      vertex 84 90 25
    endloop
  endfacet
  facet normal -0 0 -1
    outer loop
      vertex 84 90 25
      vertex 81 89.2238 25
      vertex 81 90 25
    endloop
  endfacet
  facet normal 0 0 -1
    outer loop
      vertex 95.608 87.0888 25
      vertex 96 89.2238 25
      vertex 97.0327 85.9527 25
    endloop
  endfacet
  facet normal 0 0 -1
    outer loop
      vertex 96 89.2238 25
      vertex 95.608 87.0888 25
      vertex 95.608 88.9112 25
    endloop
  endfacet
  facet normal 0 0 -1
    outer loop
      vertex 98.8093 86.3582 25
      vertex 99 89.2459 25
      vertex 99.6 88 25
    endloop
  endfacet
  facet normal 0 0 -1
    outer loop
      vertex 96 89.2238 25
      vertex 99 89.2459 25
      vertex 98.8093 86.3582 25
    endloop
  endfacet
  facet normal 0 0 -1
    outer loop
      vertex 96 89.2238 25
      vertex 98.8093 86.3582 25
      vertex 97.0327 85.9527 25
    endloop
  endfacet
  facet normal -0 0 -1
    outer loop
      vertex 99 89.2459 25
      vertex 96 89.2238 25
      vertex 99 90 25
    endloop
  endfacet
  facet normal -0 0 -1
    outer loop
      vertex 99 90 25
      vertex 96 89.2238 25
      vertex 96 90 25
    endloop
  endfacet
  facet normal 0 0 -1
    outer loop
      vertex 110.608 87.0888 25
      vertex 111 89.2238 25
      vertex 112.033 85.9527 25
    endloop
  endfacet
  facet normal 0 0 -1
    outer loop
      vertex 111 89.2238 25
      vertex 110.608 87.0888 25
      vertex 110.608 88.9112 25
    endloop
  endfacet
  facet normal 0 0 -1
    outer loop
      vertex 113.809 86.3582 25
      vertex 114 89.2459 25
      vertex 114.6 88 25
    endloop
  endfacet
  facet normal 0 0 -1
    outer loop
      vertex 111 89.2238 25
      vertex 114 89.2459 25
      vertex 113.809 86.3582 25
    endloop
  endfacet
  facet normal 0 0 -1
    outer loop
      vertex 111 89.2238 25
      vertex 113.809 86.3582 25
      vertex 112.033 85.9527 25
    endloop
  endfacet
  facet normal -0 0 -1
    outer loop
      vertex 114 89.2459 25
      vertex 111 89.2238 25
      vertex 114 90 25
    endloop
  endfacet
  facet normal -0 0 -1
    outer loop
      vertex 114 90 25
      vertex 111 89.2238 25
      vertex 111 90 25
    endloop
  endfacet
  facet normal 0 0 -1
    outer loop
      vertex 119.378 81 25
      vertex 120 84 25
      vertex 120 81 25
    endloop
  endfacet
  facet normal 0 0 -1
    outer loop
      vertex 119.378 81 25
      vertex 119.378 84 25
      vertex 120 84 25
    endloop
  endfacet
  facet normal 0 0 -1
    outer loop
      vertex 117.533 80.4527 25
      vertex 119.378 81 25
      vertex 119.309 80.8582 25
    endloop
  endfacet
  facet normal 0 0 -1
    outer loop
      vertex 116.108 81.5888 25
      vertex 119.378 81 25
      vertex 117.533 80.4527 25
    endloop
  endfacet
  facet normal 0 0 -1
    outer loop
      vertex 119.378 81 25
      vertex 116.108 81.5888 25
      vertex 119.378 84 25
    endloop
  endfacet
  facet normal 0 0 -1
    outer loop
      vertex 119.378 84 25
      vertex 117.533 84.5473 25
      vertex 119.309 84.1418 25
    endloop
  endfacet
  facet normal 0 0 -1
    outer loop
      vertex 116.108 83.4112 25
      vertex 119.378 84 25
      vertex 116.108 81.5888 25
    endloop
  endfacet
  facet normal -0 0 -1
    outer loop
      vertex 119.378 84 25
      vertex 116.108 83.4112 25
      vertex 117.533 84.5473 25
    endloop
  endfacet
  facet normal 0 0 -1
    outer loop
      vertex 119.378 66 25
      vertex 120 69 25
      vertex 120 66 25
    endloop
  endfacet
  facet normal 0 0 -1
    outer loop
      vertex 119.378 66 25
      vertex 119.378 69 25
      vertex 120 69 25
    endloop
  endfacet
  facet normal 0 0 -1
    outer loop
      vertex 117.533 65.4527 25
      vertex 119.378 66 25
      vertex 119.309 65.8582 25
    endloop
  endfacet
  facet normal 0 0 -1
    outer loop
      vertex 116.108 66.5888 25
      vertex 119.378 66 25
      vertex 117.533 65.4527 25
    endloop
  endfacet
  facet normal 0 0 -1
    outer loop
      vertex 119.378 66 25
      vertex 116.108 66.5888 25
      vertex 119.378 69 25
    endloop
  endfacet
  facet normal 0 0 -1
    outer loop
      vertex 119.378 69 25
      vertex 117.533 69.5473 25
      vertex 119.309 69.1418 25
    endloop
  endfacet
  facet normal 0 0 -1
    outer loop
      vertex 116.108 68.4112 25
      vertex 119.378 69 25
      vertex 116.108 66.5888 25
    endloop
  endfacet
  facet normal -0 0 -1
    outer loop
      vertex 119.378 69 25
      vertex 116.108 68.4112 25
      vertex 117.533 69.5473 25
    endloop
  endfacet
  facet normal 0 0 -1
    outer loop
      vertex 119.378 51 25
      vertex 120 54 25
      vertex 120 51 25
    endloop
  endfacet
  facet normal 0 0 -1
    outer loop
      vertex 119.378 51 25
      vertex 119.378 54 25
      vertex 120 54 25
    endloop
  endfacet
  facet normal 0 0 -1
    outer loop
      vertex 117.533 50.4527 25
      vertex 119.378 51 25
      vertex 119.309 50.8582 25
    endloop
  endfacet
  facet normal 0 0 -1
    outer loop
      vertex 116.108 51.5888 25
      vertex 119.378 51 25
      vertex 117.533 50.4527 25
    endloop
  endfacet
  facet normal 0 0 -1
    outer loop
      vertex 119.378 51 25
      vertex 116.108 51.5888 25
      vertex 119.378 54 25
    endloop
  endfacet
  facet normal 0 0 -1
    outer loop
      vertex 119.378 54 25
      vertex 117.533 54.5473 25
      vertex 119.309 54.1418 25
    endloop
  endfacet
  facet normal 0 0 -1
    outer loop
      vertex 116.108 53.4112 25
      vertex 119.378 54 25
      vertex 116.108 51.5888 25
    endloop
  endfacet
  facet normal -0 0 -1
    outer loop
      vertex 119.378 54 25
      vertex 116.108 53.4112 25
      vertex 117.533 54.5473 25
    endloop
  endfacet
  facet normal 0 0 -1
    outer loop
      vertex 119.378 36 25
      vertex 120 39 25
      vertex 120 36 25
    endloop
  endfacet
  facet normal 0 0 -1
    outer loop
      vertex 119.378 36 25
      vertex 119.378 39 25
      vertex 120 39 25
    endloop
  endfacet
  facet normal 0 0 -1
    outer loop
      vertex 117.533 35.4527 25
      vertex 119.378 36 25
      vertex 119.309 35.8582 25
    endloop
  endfacet
  facet normal 0 0 -1
    outer loop
      vertex 116.108 36.5888 25
      vertex 119.378 36 25
      vertex 117.533 35.4527 25
    endloop
  endfacet
  facet normal 0 0 -1
    outer loop
      vertex 119.378 36 25
      vertex 116.108 36.5888 25
      vertex 119.378 39 25
    endloop
  endfacet
  facet normal 0 0 -1
    outer loop
      vertex 119.378 39 25
      vertex 117.533 39.5473 25
      vertex 119.309 39.1418 25
    endloop
  endfacet
  facet normal 0 0 -1
    outer loop
      vertex 116.108 38.4112 25
      vertex 119.378 39 25
      vertex 116.108 36.5888 25
    endloop
  endfacet
  facet normal -0 0 -1
    outer loop
      vertex 119.378 39 25
      vertex 116.108 38.4112 25
      vertex 117.533 39.5473 25
    endloop
  endfacet
  facet normal 0 0 -1
    outer loop
      vertex 119.378 21 25
      vertex 120 24 25
      vertex 120 21 25
    endloop
  endfacet
  facet normal 0 0 -1
    outer loop
      vertex 119.378 21 25
      vertex 119.378 24 25
      vertex 120 24 25
    endloop
  endfacet
  facet normal 0 0 -1
    outer loop
      vertex 117.533 20.4527 25
      vertex 119.378 21 25
      vertex 119.309 20.8582 25
    endloop
  endfacet
  facet normal 0 0 -1
    outer loop
      vertex 116.108 21.5888 25
      vertex 119.378 21 25
      vertex 117.533 20.4527 25
    endloop
  endfacet
  facet normal 0 0 -1
    outer loop
      vertex 119.378 21 25
      vertex 116.108 21.5888 25
      vertex 119.378 24 25
    endloop
  endfacet
  facet normal 0 0 -1
    outer loop
      vertex 119.378 24 25
      vertex 117.533 24.5473 25
      vertex 119.309 24.1418 25
    endloop
  endfacet
  facet normal 0 0 -1
    outer loop
      vertex 116.108 23.4112 25
      vertex 119.378 24 25
      vertex 116.108 21.5888 25
    endloop
  endfacet
  facet normal -0 0 -1
    outer loop
      vertex 119.378 24 25
      vertex 116.108 23.4112 25
      vertex 117.533 24.5473 25
    endloop
  endfacet
  facet normal 0 0 -1
    outer loop
      vertex 119.378 6 25
      vertex 120 9 25
      vertex 120 6 25
    endloop
  endfacet
  facet normal 0 0 -1
    outer loop
      vertex 119.378 6 25
      vertex 119.378 9 25
      vertex 120 9 25
    endloop
  endfacet
  facet normal 0 0 -1
    outer loop
      vertex 117.533 5.45265 25
      vertex 119.378 6 25
      vertex 119.309 5.85815 25
    endloop
  endfacet
  facet normal 0 0 -1
    outer loop
      vertex 116.108 6.58884 25
      vertex 119.378 6 25
      vertex 117.533 5.45265 25
    endloop
  endfacet
  facet normal 0 0 -1
    outer loop
      vertex 119.378 6 25
      vertex 116.108 6.58884 25
      vertex 119.378 9 25
    endloop
  endfacet
  facet normal 0 0 -1
    outer loop
      vertex 119.378 9 25
      vertex 117.533 9.54735 25
      vertex 119.309 9.14185 25
    endloop
  endfacet
  facet normal 0 0 -1
    outer loop
      vertex 116.108 8.41116 25
      vertex 119.378 9 25
      vertex 116.108 6.58884 25
    endloop
  endfacet
  facet normal -0 0 -1
    outer loop
      vertex 119.378 9 25
      vertex 116.108 8.41116 25
      vertex 117.533 9.54735 25
    endloop
  endfacet
  facet normal -0.130558 0.991441 0
    outer loop
      vertex 116.941 77.7556 39
      vertex 115 77.5 42
      vertex 116.941 77.7556 42
    endloop
  endfacet
  facet normal -0.130558 0.991441 0
    outer loop
      vertex 115 77.5 42
      vertex 116.941 77.7556 39
      vertex 115 77.5 39
    endloop
  endfacet
  facet normal 0.793402 -0.608698 0
    outer loop
      vertex 108.505 88.75 42
      vertex 109.464 90 39
      vertex 109.464 90 42
    endloop
  endfacet
  facet normal 0.793402 -0.608698 0
    outer loop
      vertex 109.464 90 39
      vertex 108.505 88.75 42
      vertex 108.505 88.75 39
    endloop
  endfacet
  facet normal 0.923928 -0.382565 0
    outer loop
      vertex 107.756 86.9411 42
      vertex 108.505 88.75 39
      vertex 108.505 88.75 42
    endloop
  endfacet
  facet normal 0.923928 -0.382565 0
    outer loop
      vertex 108.505 88.75 39
      vertex 107.756 86.9411 42
      vertex 107.756 86.9411 39
    endloop
  endfacet
  facet normal 0.382634 0.9239 -0
    outer loop
      vertex 113.059 77.7556 39
      vertex 111.25 78.5048 42
      vertex 113.059 77.7556 42
    endloop
  endfacet
  facet normal 0.382634 0.9239 0
    outer loop
      vertex 111.25 78.5048 42
      vertex 113.059 77.7556 39
      vertex 111.25 78.5048 39
    endloop
  endfacet
  facet normal -0 0 1
    outer loop
      vertex 116.25 85 39
      vertex 120 79.464 39
      vertex 120 90 39
    endloop
  endfacet
  facet normal -0 0 1
    outer loop
      vertex 115.386 83.8112 39
      vertex 120 79.464 39
      vertex 116.25 85 39
    endloop
  endfacet
  facet normal 0 0 1
    outer loop
      vertex 120 79.464 39
      vertex 115.386 83.8112 39
      vertex 118.75 78.5048 39
    endloop
  endfacet
  facet normal 0 0 1
    outer loop
      vertex 120 90 39
      vertex 115.386 86.1888 39
      vertex 116.25 85 39
    endloop
  endfacet
  facet normal -0 0 1
    outer loop
      vertex 109.464 90 39
      vertex 115.386 86.1888 39
      vertex 120 90 39
    endloop
  endfacet
  facet normal -0 0 1
    outer loop
      vertex 107.5 85 39
      vertex 113.989 84.2653 39
      vertex 113.989 85.7347 39
    endloop
  endfacet
  facet normal 0 0 1
    outer loop
      vertex 113.989 84.2653 39
      vertex 111.25 78.5048 39
      vertex 113.059 77.7556 39
    endloop
  endfacet
  facet normal 0 0 1
    outer loop
      vertex 113.989 84.2653 39
      vertex 109.697 79.6967 39
      vertex 111.25 78.5048 39
    endloop
  endfacet
  facet normal 0 0 1
    outer loop
      vertex 115.386 86.1888 39
      vertex 109.464 90 39
      vertex 113.989 85.7347 39
    endloop
  endfacet
  facet normal -0 0 1
    outer loop
      vertex 108.505 88.75 39
      vertex 113.989 85.7347 39
      vertex 109.464 90 39
    endloop
  endfacet
  facet normal 0 0 1
    outer loop
      vertex 113.989 85.7347 39
      vertex 108.505 88.75 39
      vertex 107.756 86.9411 39
    endloop
  endfacet
  facet normal 0 0 1
    outer loop
      vertex 113.989 84.2653 39
      vertex 108.505 81.25 39
      vertex 109.697 79.6967 39
    endloop
  endfacet
  facet normal 0 0 1
    outer loop
      vertex 107.5 85 39
      vertex 113.989 85.7347 39
      vertex 107.756 86.9411 39
    endloop
  endfacet
  facet normal 0 0 1
    outer loop
      vertex 113.989 84.2653 39
      vertex 107.756 83.0589 39
      vertex 108.505 81.25 39
    endloop
  endfacet
  facet normal 0 0 1
    outer loop
      vertex 113.989 84.2653 39
      vertex 107.5 85 39
      vertex 107.756 83.0589 39
    endloop
  endfacet
  facet normal 0 0 1
    outer loop
      vertex 118.75 78.5048 39
      vertex 115.386 83.8112 39
      vertex 116.941 77.7556 39
    endloop
  endfacet
  facet normal 0 0 1
    outer loop
      vertex 115.386 83.8112 39
      vertex 115 77.5 39
      vertex 116.941 77.7556 39
    endloop
  endfacet
  facet normal 0 0 1
    outer loop
      vertex 113.059 77.7556 39
      vertex 115.386 83.8112 39
      vertex 113.989 84.2653 39
    endloop
  endfacet
  facet normal 0 0 1
    outer loop
      vertex 115.386 83.8112 39
      vertex 113.059 77.7556 39
      vertex 115 77.5 39
    endloop
  endfacet
  facet normal 0.991415 -0.130752 0
    outer loop
      vertex 107.5 85 42
      vertex 107.756 86.9411 39
      vertex 107.756 86.9411 42
    endloop
  endfacet
  facet normal 0.991415 -0.130752 0
    outer loop
      vertex 107.756 86.9411 39
      vertex 107.5 85 42
      vertex 107.5 85 39
    endloop
  endfacet
  facet normal -0.382634 0.9239 0
    outer loop
      vertex 118.75 78.5048 39
      vertex 116.941 77.7556 42
      vertex 118.75 78.5048 42
    endloop
  endfacet
  facet normal -0.382634 0.9239 0
    outer loop
      vertex 116.941 77.7556 42
      vertex 118.75 78.5048 39
      vertex 116.941 77.7556 39
    endloop
  endfacet
  facet normal 0.130558 0.991441 -0
    outer loop
      vertex 115 77.5 39
      vertex 113.059 77.7556 42
      vertex 115 77.5 42
    endloop
  endfacet
  facet normal 0.130558 0.991441 0
    outer loop
      vertex 113.059 77.7556 42
      vertex 115 77.5 39
      vertex 113.059 77.7556 39
    endloop
  endfacet
  facet normal 0.608839 0.793294 -0
    outer loop
      vertex 111.25 78.5048 39
      vertex 109.697 79.6967 42
      vertex 111.25 78.5048 42
    endloop
  endfacet
  facet normal 0.608839 0.793294 0
    outer loop
      vertex 109.697 79.6967 42
      vertex 111.25 78.5048 39
      vertex 109.697 79.6967 39
    endloop
  endfacet
  facet normal 0.923928 0.382565 0
    outer loop
      vertex 108.505 81.25 42
      vertex 107.756 83.0589 39
      vertex 107.756 83.0589 42
    endloop
  endfacet
  facet normal 0.923928 0.382565 0
    outer loop
      vertex 107.756 83.0589 39
      vertex 108.505 81.25 42
      vertex 108.505 81.25 39
    endloop
  endfacet
  facet normal 0.991415 0.130752 0
    outer loop
      vertex 107.756 83.0589 42
      vertex 107.5 85 39
      vertex 107.5 85 42
    endloop
  endfacet
  facet normal 0.991415 0.130752 0
    outer loop
      vertex 107.5 85 39
      vertex 107.756 83.0589 42
      vertex 107.756 83.0589 39
    endloop
  endfacet
  facet normal -0.608778 0.793341 0
    outer loop
      vertex 120 79.464 39
      vertex 118.75 78.5048 42
      vertex 120 79.464 42
    endloop
  endfacet
  facet normal -0.608778 0.793341 0
    outer loop
      vertex 118.75 78.5048 42
      vertex 120 79.464 39
      vertex 118.75 78.5048 39
    endloop
  endfacet
  facet normal 0.793326 0.608797 0
    outer loop
      vertex 109.697 79.6967 42
      vertex 108.505 81.25 39
      vertex 108.505 81.25 42
    endloop
  endfacet
  facet normal 0.793326 0.608797 0
    outer loop
      vertex 108.505 81.25 39
      vertex 109.697 79.6967 42
      vertex 109.697 79.6967 39
    endloop
  endfacet
  facet normal -0.991442 -0.130551 0
    outer loop
      vertex 12.5 85 39
      vertex 12.2444 86.9411 42
      vertex 12.2444 86.9411 39
    endloop
  endfacet
  facet normal -0.991442 -0.130551 0
    outer loop
      vertex 12.2444 86.9411 42
      vertex 12.5 85 39
      vertex 12.5 85 42
    endloop
  endfacet
  facet normal -0.130548 0.991442 0
    outer loop
      vertex 6.94114 77.7556 39
      vertex 5 77.5 42
      vertex 6.94114 77.7556 42
    endloop
  endfacet
  facet normal -0.130548 0.991442 0
    outer loop
      vertex 5 77.5 42
      vertex 6.94114 77.7556 39
      vertex 5 77.5 39
    endloop
  endfacet
  facet normal 0 0 1
    outer loop
      vertex 6.25 85 39
      vertex 12.5 85 39
      vertex 12.2444 86.9411 39
    endloop
  endfacet
  facet normal 0 0 1
    outer loop
      vertex 6.25 85 39
      vertex 12.2444 86.9411 39
      vertex 11.4952 88.75 39
    endloop
  endfacet
  facet normal 0 0 1
    outer loop
      vertex 12.5 85 39
      vertex 6.25 85 39
      vertex 12.2444 83.0589 39
    endloop
  endfacet
  facet normal 0 0 1
    outer loop
      vertex 6.25 85 39
      vertex 11.4952 88.75 39
      vertex 10.536 90 39
    endloop
  endfacet
  facet normal 0 0 1
    outer loop
      vertex 12.2444 83.0589 39
      vertex 6.25 85 39
      vertex 11.4952 81.25 39
    endloop
  endfacet
  facet normal -0 0 1
    outer loop
      vertex 5.38627 83.8112 39
      vertex 11.4952 81.25 39
      vertex 6.25 85 39
    endloop
  endfacet
  facet normal 0 0 1
    outer loop
      vertex 11.4952 81.25 39
      vertex 5.38627 83.8112 39
      vertex 10.3033 79.6967 39
    endloop
  endfacet
  facet normal 0 0 1
    outer loop
      vertex 10.3033 79.6967 39
      vertex 5.38627 83.8112 39
      vertex 8.75 78.5048 39
    endloop
  endfacet
  facet normal 0 0 1
    outer loop
      vertex 10.536 90 39
      vertex 5.38627 86.1888 39
      vertex 6.25 85 39
    endloop
  endfacet
  facet normal -0 0 1
    outer loop
      vertex 0 90 39
      vertex 5.38627 86.1888 39
      vertex 10.536 90 39
    endloop
  endfacet
  facet normal 0 0 1
    outer loop
      vertex 0 90 39
      vertex 3.98873 84.2653 39
      vertex 3.98873 85.7347 39
    endloop
  endfacet
  facet normal 0 0 1
    outer loop
      vertex 3.98873 84.2653 39
      vertex 1.25 78.5048 39
      vertex 3.05886 77.7556 39
    endloop
  endfacet
  facet normal 0 0 1
    outer loop
      vertex 5.38627 86.1888 39
      vertex 0 90 39
      vertex 3.98873 85.7347 39
    endloop
  endfacet
  facet normal 0 0 1
    outer loop
      vertex 3.98873 84.2653 39
      vertex 0 90 39
      vertex 0 79.464 39
    endloop
  endfacet
  facet normal 0 0 1
    outer loop
      vertex 3.98873 84.2653 39
      vertex 0 79.464 39
      vertex 1.25 78.5048 39
    endloop
  endfacet
  facet normal 0 0 1
    outer loop
      vertex 8.75 78.5048 39
      vertex 5.38627 83.8112 39
      vertex 6.94114 77.7556 39
    endloop
  endfacet
  facet normal 0 0 1
    outer loop
      vertex 5.38627 83.8112 39
      vertex 5 77.5 39
      vertex 6.94114 77.7556 39
    endloop
  endfacet
  facet normal 0 0 1
    outer loop
      vertex 3.05886 77.7556 39
      vertex 5.38627 83.8112 39
      vertex 3.98873 84.2653 39
    endloop
  endfacet
  facet normal 0 0 1
    outer loop
      vertex 5.38627 83.8112 39
      vertex 3.05886 77.7556 39
      vertex 5 77.5 39
    endloop
  endfacet
  facet normal -0.793351 0.608765 0
    outer loop
      vertex 10.3033 79.6967 39
      vertex 11.4952 81.25 42
      vertex 11.4952 81.25 39
    endloop
  endfacet
  facet normal -0.793351 0.608765 0
    outer loop
      vertex 11.4952 81.25 42
      vertex 10.3033 79.6967 39
      vertex 10.3033 79.6967 42
    endloop
  endfacet
  facet normal 0.38266 0.923889 -0
    outer loop
      vertex 3.05886 77.7556 39
      vertex 1.25 78.5048 42
      vertex 3.05886 77.7556 42
    endloop
  endfacet
  facet normal 0.38266 0.923889 0
    outer loop
      vertex 1.25 78.5048 42
      vertex 3.05886 77.7556 39
      vertex 1.25 78.5048 39
    endloop
  endfacet
  facet normal -0.793341 -0.608778 0
    outer loop
      vertex 11.4952 88.75 39
      vertex 10.536 90 42
      vertex 10.536 90 39
    endloop
  endfacet
  facet normal -0.793341 -0.608778 0
    outer loop
      vertex 10.536 90 42
      vertex 11.4952 88.75 39
      vertex 11.4952 88.75 42
    endloop
  endfacet
  facet normal -0.923892 -0.382653 0
    outer loop
      vertex 12.2444 86.9411 39
      vertex 11.4952 88.75 42
      vertex 11.4952 88.75 39
    endloop
  endfacet
  facet normal -0.923892 -0.382653 0
    outer loop
      vertex 11.4952 88.75 42
      vertex 12.2444 86.9411 39
      vertex 12.2444 86.9411 42
    endloop
  endfacet
  facet normal -0.991442 0.130551 0
    outer loop
      vertex 12.2444 83.0589 39
      vertex 12.5 85 42
      vertex 12.5 85 39
    endloop
  endfacet
  facet normal -0.991442 0.130551 0
    outer loop
      vertex 12.5 85 42
      vertex 12.2444 83.0589 39
      vertex 12.2444 83.0589 42
    endloop
  endfacet
  facet normal -0.38266 0.923889 0
    outer loop
      vertex 8.75 78.5048 39
      vertex 6.94114 77.7556 42
      vertex 8.75 78.5048 42
    endloop
  endfacet
  facet normal -0.38266 0.923889 0
    outer loop
      vertex 6.94114 77.7556 42
      vertex 8.75 78.5048 39
      vertex 6.94114 77.7556 39
    endloop
  endfacet
  facet normal 0.130548 0.991442 -0
    outer loop
      vertex 5 77.5 39
      vertex 3.05886 77.7556 42
      vertex 5 77.5 42
    endloop
  endfacet
  facet normal 0.130548 0.991442 0
    outer loop
      vertex 3.05886 77.7556 42
      vertex 5 77.5 39
      vertex 3.05886 77.7556 39
    endloop
  endfacet
  facet normal 0.608778 0.793341 -0
    outer loop
      vertex 1.25 78.5048 39
      vertex 0 79.464 42
      vertex 1.25 78.5048 42
    endloop
  endfacet
  facet normal 0.608778 0.793341 0
    outer loop
      vertex 0 79.464 42
      vertex 1.25 78.5048 39
      vertex 0 79.464 39
    endloop
  endfacet
  facet normal -0.923892 0.382653 0
    outer loop
      vertex 11.4952 81.25 39
      vertex 12.2444 83.0589 42
      vertex 12.2444 83.0589 39
    endloop
  endfacet
  facet normal -0.923892 0.382653 0
    outer loop
      vertex 12.2444 83.0589 42
      vertex 11.4952 81.25 39
      vertex 11.4952 81.25 42
    endloop
  endfacet
  facet normal -0.608765 0.793351 0
    outer loop
      vertex 10.3033 79.6967 39
      vertex 8.75 78.5048 42
      vertex 10.3033 79.6967 42
    endloop
  endfacet
  facet normal -0.608765 0.793351 0
    outer loop
      vertex 8.75 78.5048 42
      vertex 10.3033 79.6967 39
      vertex 8.75 78.5048 39
    endloop
  endfacet
  facet normal -0.608778 -0.793341 0
    outer loop
      vertex 118.75 11.4952 39
      vertex 120 10.536 42
      vertex 118.75 11.4952 42
    endloop
  endfacet
  facet normal -0.608778 -0.793341 -0
    outer loop
      vertex 120 10.536 42
      vertex 118.75 11.4952 39
      vertex 120 10.536 39
    endloop
  endfacet
  facet normal 0.793326 -0.608797 0
    outer loop
      vertex 108.505 8.75 42
      vertex 109.697 10.3033 39
      vertex 109.697 10.3033 42
    endloop
  endfacet
  facet normal 0.793326 -0.608797 0
    outer loop
      vertex 109.697 10.3033 39
      vertex 108.505 8.75 42
      vertex 108.505 8.75 39
    endloop
  endfacet
  facet normal 0.923925 -0.382573 0
    outer loop
      vertex 107.756 6.94114 42
      vertex 108.505 8.75 39
      vertex 108.505 8.75 42
    endloop
  endfacet
  facet normal 0.923925 -0.382573 0
    outer loop
      vertex 108.505 8.75 39
      vertex 107.756 6.94114 42
      vertex 107.756 6.94114 39
    endloop
  endfacet
  facet normal 0.608839 -0.793294 0
    outer loop
      vertex 109.697 10.3033 39
      vertex 111.25 11.4952 42
      vertex 109.697 10.3033 42
    endloop
  endfacet
  facet normal 0.608839 -0.793294 0
    outer loop
      vertex 111.25 11.4952 42
      vertex 109.697 10.3033 39
      vertex 111.25 11.4952 39
    endloop
  endfacet
  facet normal -0.382602 -0.923913 0
    outer loop
      vertex 117.531 12 39
      vertex 118.75 11.4952 42
      vertex 117.531 12 42
    endloop
  endfacet
  facet normal -0.382602 -0.923913 -0
    outer loop
      vertex 118.75 11.4952 42
      vertex 117.531 12 39
      vertex 118.75 11.4952 39
    endloop
  endfacet
  facet normal 0 0 1
    outer loop
      vertex 120 10.536 39
      vertex 115.386 6.18882 39
      vertex 116.25 5 39
    endloop
  endfacet
  facet normal -0 0 1
    outer loop
      vertex 112.469 12 39
      vertex 115.386 6.18882 39
      vertex 117.531 12 39
    endloop
  endfacet
  facet normal -0 0 1
    outer loop
      vertex 111.25 11.4952 39
      vertex 113.989 5.73473 39
      vertex 112.469 12 39
    endloop
  endfacet
  facet normal 0 0 1
    outer loop
      vertex 115.386 6.18882 39
      vertex 112.469 12 39
      vertex 113.989 5.73473 39
    endloop
  endfacet
  facet normal 0 0 1
    outer loop
      vertex 115.386 6.18882 39
      vertex 120 10.536 39
      vertex 118.75 11.4952 39
    endloop
  endfacet
  facet normal 0 0 1
    outer loop
      vertex 115.386 6.18882 39
      vertex 118.75 11.4952 39
      vertex 117.531 12 39
    endloop
  endfacet
  facet normal 0 0 1
    outer loop
      vertex 120 10.536 39
      vertex 116.25 5 39
      vertex 120 0 39
    endloop
  endfacet
  facet normal -0 0 1
    outer loop
      vertex 115.386 3.81118 39
      vertex 120 0 39
      vertex 116.25 5 39
    endloop
  endfacet
  facet normal 0 0 1
    outer loop
      vertex 109.464 0 39
      vertex 115.386 3.81118 39
      vertex 113.989 4.26527 39
    endloop
  endfacet
  facet normal -0 0 1
    outer loop
      vertex 109.697 10.3033 39
      vertex 113.989 5.73473 39
      vertex 111.25 11.4952 39
    endloop
  endfacet
  facet normal -0 0 1
    outer loop
      vertex 108.505 8.75 39
      vertex 113.989 5.73473 39
      vertex 109.697 10.3033 39
    endloop
  endfacet
  facet normal 0 0 1
    outer loop
      vertex 115.386 3.81118 39
      vertex 109.464 0 39
      vertex 120 0 39
    endloop
  endfacet
  facet normal -0 0 1
    outer loop
      vertex 107.756 6.94114 39
      vertex 113.989 5.73473 39
      vertex 108.505 8.75 39
    endloop
  endfacet
  facet normal 0 0 1
    outer loop
      vertex 107.5 5 39
      vertex 113.989 5.73473 39
      vertex 107.756 6.94114 39
    endloop
  endfacet
  facet normal 0 0 1
    outer loop
      vertex 113.989 5.73473 39
      vertex 107.5 5 39
      vertex 113.989 4.26527 39
    endloop
  endfacet
  facet normal 0 -0 1
    outer loop
      vertex 108.505 1.25 39
      vertex 113.989 4.26527 39
      vertex 107.756 3.05886 39
    endloop
  endfacet
  facet normal 0 0 1
    outer loop
      vertex 113.989 4.26527 39
      vertex 108.505 1.25 39
      vertex 109.464 0 39
    endloop
  endfacet
  facet normal 0 0 1
    outer loop
      vertex 113.989 4.26527 39
      vertex 107.5 5 39
      vertex 107.756 3.05886 39
    endloop
  endfacet
  facet normal 0.991415 -0.130749 0
    outer loop
      vertex 107.5 5 42
      vertex 107.756 6.94114 39
      vertex 107.756 6.94114 42
    endloop
  endfacet
  facet normal 0.991415 -0.130749 0
    outer loop
      vertex 107.756 6.94114 39
      vertex 107.5 5 42
      vertex 107.5 5 39
    endloop
  endfacet
  facet normal 0.382602 -0.923913 0
    outer loop
      vertex 111.25 11.4952 39
      vertex 112.469 12 42
      vertex 111.25 11.4952 42
    endloop
  endfacet
  facet normal 0.382602 -0.923913 0
    outer loop
      vertex 112.469 12 42
      vertex 111.25 11.4952 39
      vertex 112.469 12 39
    endloop
  endfacet
  facet normal 0.991415 0.130749 0
    outer loop
      vertex 107.756 3.05886 42
      vertex 107.5 5 39
      vertex 107.5 5 42
    endloop
  endfacet
  facet normal 0.991415 0.130749 0
    outer loop
      vertex 107.5 5 39
      vertex 107.756 3.05886 42
      vertex 107.756 3.05886 39
    endloop
  endfacet
  facet normal 0.793402 0.608698 0
    outer loop
      vertex 109.464 0 42
      vertex 108.505 1.25 39
      vertex 108.505 1.25 42
    endloop
  endfacet
  facet normal 0.793402 0.608698 0
    outer loop
      vertex 108.505 1.25 39
      vertex 109.464 0 42
      vertex 109.464 0 39
    endloop
  endfacet
  facet normal 0.923925 0.382573 0
    outer loop
      vertex 108.505 1.25 42
      vertex 107.756 3.05886 39
      vertex 107.756 3.05886 42
    endloop
  endfacet
  facet normal 0.923925 0.382573 0
    outer loop
      vertex 107.756 3.05886 39
      vertex 108.505 1.25 42
      vertex 108.505 1.25 39
    endloop
  endfacet
  facet normal -0.991442 -0.130548 0
    outer loop
      vertex 12.5 5 39
      vertex 12.2444 6.94114 42
      vertex 12.2444 6.94114 39
    endloop
  endfacet
  facet normal -0.991442 -0.130548 0
    outer loop
      vertex 12.2444 6.94114 42
      vertex 12.5 5 39
      vertex 12.5 5 42
    endloop
  endfacet
  facet normal 0.130548 -0.991442 0
    outer loop
      vertex 3.05886 12.2444 39
      vertex 5 12.5 42
      vertex 3.05886 12.2444 42
    endloop
  endfacet
  facet normal 0.130548 -0.991442 0
    outer loop
      vertex 5 12.5 42
      vertex 3.05886 12.2444 39
      vertex 5 12.5 39
    endloop
  endfacet
  facet normal -0.793341 0.608778 0
    outer loop
      vertex 10.536 0 39
      vertex 11.4952 1.25 42
      vertex 11.4952 1.25 39
    endloop
  endfacet
  facet normal -0.793341 0.608778 0
    outer loop
      vertex 11.4952 1.25 42
      vertex 10.536 0 39
      vertex 10.536 0 42
    endloop
  endfacet
  facet normal -0.608765 -0.793351 0
    outer loop
      vertex 8.75 11.4952 39
      vertex 10.3033 10.3033 42
      vertex 8.75 11.4952 42
    endloop
  endfacet
  facet normal -0.608765 -0.793351 -0
    outer loop
      vertex 10.3033 10.3033 42
      vertex 8.75 11.4952 39
      vertex 10.3033 10.3033 39
    endloop
  endfacet
  facet normal 0 0 1
    outer loop
      vertex 11.4952 8.75 39
      vertex 5.38627 6.18882 39
      vertex 6.25 5 39
    endloop
  endfacet
  facet normal 0 0 1
    outer loop
      vertex 5 12.5 39
      vertex 5.38627 6.18882 39
      vertex 6.94114 12.2444 39
    endloop
  endfacet
  facet normal -0 0 1
    outer loop
      vertex 3.05886 12.2444 39
      vertex 5.38627 6.18882 39
      vertex 5 12.5 39
    endloop
  endfacet
  facet normal -0 0 1
    outer loop
      vertex 1.25 11.4952 39
      vertex 3.98873 5.73473 39
      vertex 3.05886 12.2444 39
    endloop
  endfacet
  facet normal 0 0 1
    outer loop
      vertex 5.38627 6.18882 39
      vertex 3.05886 12.2444 39
      vertex 3.98873 5.73473 39
    endloop
  endfacet
  facet normal 0 0 1
    outer loop
      vertex 6.25 5 39
      vertex 12.5 5 39
      vertex 12.2444 6.94114 39
    endloop
  endfacet
  facet normal 0 0 1
    outer loop
      vertex 6.25 5 39
      vertex 12.2444 6.94114 39
      vertex 11.4952 8.75 39
    endloop
  endfacet
  facet normal 0 0 1
    outer loop
      vertex 12.5 5 39
      vertex 6.25 5 39
      vertex 12.2444 3.05886 39
    endloop
  endfacet
  facet normal 0 0 1
    outer loop
      vertex 12.2444 3.05886 39
      vertex 6.25 5 39
      vertex 11.4952 1.25 39
    endloop
  endfacet
  facet normal 0 0 1
    outer loop
      vertex 5.38627 6.18882 39
      vertex 11.4952 8.75 39
      vertex 10.3033 10.3033 39
    endloop
  endfacet
  facet normal 0 0 1
    outer loop
      vertex 5.38627 6.18882 39
      vertex 10.3033 10.3033 39
      vertex 8.75 11.4952 39
    endloop
  endfacet
  facet normal 0 0 1
    outer loop
      vertex 5.38627 6.18882 39
      vertex 8.75 11.4952 39
      vertex 6.94114 12.2444 39
    endloop
  endfacet
  facet normal 0 0 1
    outer loop
      vertex 11.4952 1.25 39
      vertex 6.25 5 39
      vertex 10.536 0 39
    endloop
  endfacet
  facet normal -0 0 1
    outer loop
      vertex 5.38627 3.81118 39
      vertex 10.536 0 39
      vertex 6.25 5 39
    endloop
  endfacet
  facet normal 0 0 1
    outer loop
      vertex 0 0 39
      vertex 5.38627 3.81118 39
      vertex 3.98873 4.26527 39
    endloop
  endfacet
  facet normal -0 0 1
    outer loop
      vertex 0 10.536 39
      vertex 3.98873 5.73473 39
      vertex 1.25 11.4952 39
    endloop
  endfacet
  facet normal 0 0 1
    outer loop
      vertex 0 0 39
      vertex 3.98873 5.73473 39
      vertex 0 10.536 39
    endloop
  endfacet
  facet normal 0 0 1
    outer loop
      vertex 5.38627 3.81118 39
      vertex 0 0 39
      vertex 10.536 0 39
    endloop
  endfacet
  facet normal 0 0 1
    outer loop
      vertex 3.98873 5.73473 39
      vertex 0 0 39
      vertex 3.98873 4.26527 39
    endloop
  endfacet
  facet normal 0.608778 -0.793341 0
    outer loop
      vertex 0 10.536 39
      vertex 1.25 11.4952 42
      vertex 0 10.536 42
    endloop
  endfacet
  facet normal 0.608778 -0.793341 0
    outer loop
      vertex 1.25 11.4952 42
      vertex 0 10.536 39
      vertex 1.25 11.4952 39
    endloop
  endfacet
  facet normal -0.923889 0.38266 0
    outer loop
      vertex 11.4952 1.25 39
      vertex 12.2444 3.05886 42
      vertex 12.2444 3.05886 39
    endloop
  endfacet
  facet normal -0.923889 0.38266 0
    outer loop
      vertex 12.2444 3.05886 42
      vertex 11.4952 1.25 39
      vertex 11.4952 1.25 42
    endloop
  endfacet
  facet normal -0.793351 -0.608765 0
    outer loop
      vertex 11.4952 8.75 39
      vertex 10.3033 10.3033 42
      vertex 10.3033 10.3033 39
    endloop
  endfacet
  facet normal -0.793351 -0.608765 0
    outer loop
      vertex 10.3033 10.3033 42
      vertex 11.4952 8.75 39
      vertex 11.4952 8.75 42
    endloop
  endfacet
  facet normal -0.923889 -0.38266 0
    outer loop
      vertex 12.2444 6.94114 39
      vertex 11.4952 8.75 42
      vertex 11.4952 8.75 39
    endloop
  endfacet
  facet normal -0.923889 -0.38266 0
    outer loop
      vertex 11.4952 8.75 42
      vertex 12.2444 6.94114 39
      vertex 12.2444 6.94114 42
    endloop
  endfacet
  facet normal -0.130548 -0.991442 0
    outer loop
      vertex 5 12.5 39
      vertex 6.94114 12.2444 42
      vertex 5 12.5 42
    endloop
  endfacet
  facet normal -0.130548 -0.991442 -0
    outer loop
      vertex 6.94114 12.2444 42
      vertex 5 12.5 39
      vertex 6.94114 12.2444 39
    endloop
  endfacet
  facet normal -0.38266 -0.923889 0
    outer loop
      vertex 6.94114 12.2444 39
      vertex 8.75 11.4952 42
      vertex 6.94114 12.2444 42
    endloop
  endfacet
  facet normal -0.38266 -0.923889 -0
    outer loop
      vertex 8.75 11.4952 42
      vertex 6.94114 12.2444 39
      vertex 8.75 11.4952 39
    endloop
  endfacet
  facet normal 0.38266 -0.923889 0
    outer loop
      vertex 1.25 11.4952 39
      vertex 3.05886 12.2444 42
      vertex 1.25 11.4952 42
    endloop
  endfacet
  facet normal 0.38266 -0.923889 0
    outer loop
      vertex 3.05886 12.2444 42
      vertex 1.25 11.4952 39
      vertex 3.05886 12.2444 39
    endloop
  endfacet
  facet normal -0.991442 0.130548 0
    outer loop
      vertex 12.2444 3.05886 39
      vertex 12.5 5 42
      vertex 12.5 5 39
    endloop
  endfacet
  facet normal -0.991442 0.130548 0
    outer loop
      vertex 12.5 5 42
      vertex 12.2444 3.05886 39
      vertex 12.2444 3.05886 42
    endloop
  endfacet
  facet normal -0.808924 -0.587913 0
    outer loop
      vertex 116.25 85 27
      vertex 115.386 86.1888 39
      vertex 115.386 86.1888 27
    endloop
  endfacet
  facet normal -0.808924 -0.587913 0
    outer loop
      vertex 115.386 86.1888 39
      vertex 116.25 85 27
      vertex 116.25 85 39
    endloop
  endfacet
  facet normal 1 -0 0
    outer loop
      vertex 113.989 84.2653 39
      vertex 113.989 85.7347 27
      vertex 113.989 85.7347 39
    endloop
  endfacet
  facet normal 1 0 0
    outer loop
      vertex 113.989 85.7347 27
      vertex 113.989 84.2653 39
      vertex 113.989 84.2653 27
    endloop
  endfacet
  facet normal 0.309132 -0.951019 0
    outer loop
      vertex 113.989 85.7347 27
      vertex 115.386 86.1888 39
      vertex 113.989 85.7347 39
    endloop
  endfacet
  facet normal 0.309132 -0.951019 0
    outer loop
      vertex 115.386 86.1888 39
      vertex 113.989 85.7347 27
      vertex 115.386 86.1888 27
    endloop
  endfacet
  facet normal 0.309132 0.951019 -0
    outer loop
      vertex 115.386 83.8112 27
      vertex 113.989 84.2653 39
      vertex 115.386 83.8112 39
    endloop
  endfacet
  facet normal 0.309132 0.951019 0
    outer loop
      vertex 113.989 84.2653 39
      vertex 115.386 83.8112 27
      vertex 113.989 84.2653 27
    endloop
  endfacet
  facet normal 0 0 1
    outer loop
      vertex 115.386 86.1888 27
      vertex 115.386 83.8112 27
      vertex 116.25 85 27
    endloop
  endfacet
  facet normal -0 0 1
    outer loop
      vertex 113.989 85.7347 27
      vertex 115.386 83.8112 27
      vertex 115.386 86.1888 27
    endloop
  endfacet
  facet normal 0 0 1
    outer loop
      vertex 115.386 83.8112 27
      vertex 113.989 85.7347 27
      vertex 113.989 84.2653 27
    endloop
  endfacet
  facet normal -0.808924 0.587913 0
    outer loop
      vertex 115.386 83.8112 27
      vertex 116.25 85 39
      vertex 116.25 85 27
    endloop
  endfacet
  facet normal -0.808924 0.587913 0
    outer loop
      vertex 116.25 85 39
      vertex 115.386 83.8112 27
      vertex 115.386 83.8112 39
    endloop
  endfacet
  facet normal -0.809012 -0.587792 0
    outer loop
      vertex 6.25 85 27
      vertex 5.38627 86.1888 39
      vertex 5.38627 86.1888 27
    endloop
  endfacet
  facet normal -0.809012 -0.587792 0
    outer loop
      vertex 5.38627 86.1888 39
      vertex 6.25 85 27
      vertex 6.25 85 39
    endloop
  endfacet
  facet normal 1 -0 0
    outer loop
      vertex 3.98873 84.2653 39
      vertex 3.98873 85.7347 27
      vertex 3.98873 85.7347 39
    endloop
  endfacet
  facet normal 1 0 0
    outer loop
      vertex 3.98873 85.7347 27
      vertex 3.98873 84.2653 39
      vertex 3.98873 84.2653 27
    endloop
  endfacet
  facet normal 0.309024 -0.951054 0
    outer loop
      vertex 3.98873 85.7347 27
      vertex 5.38627 86.1888 39
      vertex 3.98873 85.7347 39
    endloop
  endfacet
  facet normal 0.309024 -0.951054 0
    outer loop
      vertex 5.38627 86.1888 39
      vertex 3.98873 85.7347 27
      vertex 5.38627 86.1888 27
    endloop
  endfacet
  facet normal 0.309024 0.951054 -0
    outer loop
      vertex 5.38627 83.8112 27
      vertex 3.98873 84.2653 39
      vertex 5.38627 83.8112 39
    endloop
  endfacet
  facet normal 0.309024 0.951054 0
    outer loop
      vertex 3.98873 84.2653 39
      vertex 5.38627 83.8112 27
      vertex 3.98873 84.2653 27
    endloop
  endfacet
  facet normal 0 0 1
    outer loop
      vertex 5.38627 86.1888 27
      vertex 5.38627 83.8112 27
      vertex 6.25 85 27
    endloop
  endfacet
  facet normal -0 0 1
    outer loop
      vertex 3.98873 85.7347 27
      vertex 5.38627 83.8112 27
      vertex 5.38627 86.1888 27
    endloop
  endfacet
  facet normal 0 0 1
    outer loop
      vertex 5.38627 83.8112 27
      vertex 3.98873 85.7347 27
      vertex 3.98873 84.2653 27
    endloop
  endfacet
  facet normal -0.809012 0.587792 0
    outer loop
      vertex 5.38627 83.8112 27
      vertex 6.25 85 39
      vertex 6.25 85 27
    endloop
  endfacet
  facet normal -0.809012 0.587792 0
    outer loop
      vertex 6.25 85 39
      vertex 5.38627 83.8112 27
      vertex 5.38627 83.8112 39
    endloop
  endfacet
  facet normal -0.808929 -0.587906 0
    outer loop
      vertex 116.25 5 27
      vertex 115.386 6.18882 39
      vertex 115.386 6.18882 27
    endloop
  endfacet
  facet normal -0.808929 -0.587906 0
    outer loop
      vertex 115.386 6.18882 39
      vertex 116.25 5 27
      vertex 116.25 5 39
    endloop
  endfacet
  facet normal 1 -0 0
    outer loop
      vertex 113.989 4.26527 39
      vertex 113.989 5.73473 27
      vertex 113.989 5.73473 39
    endloop
  endfacet
  facet normal 1 0 0
    outer loop
      vertex 113.989 5.73473 27
      vertex 113.989 4.26527 39
      vertex 113.989 4.26527 27
    endloop
  endfacet
  facet normal 0.309126 -0.951021 0
    outer loop
      vertex 113.989 5.73473 27
      vertex 115.386 6.18882 39
      vertex 113.989 5.73473 39
    endloop
  endfacet
  facet normal 0.309126 -0.951021 0
    outer loop
      vertex 115.386 6.18882 39
      vertex 113.989 5.73473 27
      vertex 115.386 6.18882 27
    endloop
  endfacet
  facet normal 0.309126 0.951021 -0
    outer loop
      vertex 115.386 3.81118 27
      vertex 113.989 4.26527 39
      vertex 115.386 3.81118 39
    endloop
  endfacet
  facet normal 0.309126 0.951021 0
    outer loop
      vertex 113.989 4.26527 39
      vertex 115.386 3.81118 27
      vertex 113.989 4.26527 27
    endloop
  endfacet
  facet normal 0 0 1
    outer loop
      vertex 115.386 6.18882 27
      vertex 115.386 3.81118 27
      vertex 116.25 5 27
    endloop
  endfacet
  facet normal -0 0 1
    outer loop
      vertex 113.989 5.73473 27
      vertex 115.386 3.81118 27
      vertex 115.386 6.18882 27
    endloop
  endfacet
  facet normal 0 0 1
    outer loop
      vertex 115.386 3.81118 27
      vertex 113.989 5.73473 27
      vertex 113.989 4.26527 27
    endloop
  endfacet
  facet normal -0.808929 0.587906 0
    outer loop
      vertex 115.386 3.81118 27
      vertex 116.25 5 39
      vertex 116.25 5 27
    endloop
  endfacet
  facet normal -0.808929 0.587906 0
    outer loop
      vertex 116.25 5 39
      vertex 115.386 3.81118 27
      vertex 115.386 3.81118 39
    endloop
  endfacet
  facet normal -0.809016 -0.587786 0
    outer loop
      vertex 6.25 5 27
      vertex 5.38627 6.18882 39
      vertex 5.38627 6.18882 27
    endloop
  endfacet
  facet normal -0.809016 -0.587786 0
    outer loop
      vertex 5.38627 6.18882 39
      vertex 6.25 5 27
      vertex 6.25 5 39
    endloop
  endfacet
  facet normal 1 -0 0
    outer loop
      vertex 3.98873 4.26527 39
      vertex 3.98873 5.73473 27
      vertex 3.98873 5.73473 39
    endloop
  endfacet
  facet normal 1 0 0
    outer loop
      vertex 3.98873 5.73473 27
      vertex 3.98873 4.26527 39
      vertex 3.98873 4.26527 27
    endloop
  endfacet
  facet normal 0.309018 -0.951056 0
    outer loop
      vertex 3.98873 5.73473 27
      vertex 5.38627 6.18882 39
      vertex 3.98873 5.73473 39
    endloop
  endfacet
  facet normal 0.309018 -0.951056 0
    outer loop
      vertex 5.38627 6.18882 39
      vertex 3.98873 5.73473 27
      vertex 5.38627 6.18882 27
    endloop
  endfacet
  facet normal 0.309018 0.951056 -0
    outer loop
      vertex 5.38627 3.81118 27
      vertex 3.98873 4.26527 39
      vertex 5.38627 3.81118 39
    endloop
  endfacet
  facet normal 0.309018 0.951056 0
    outer loop
      vertex 3.98873 4.26527 39
      vertex 5.38627 3.81118 27
      vertex 3.98873 4.26527 27
    endloop
  endfacet
  facet normal 0 0 1
    outer loop
      vertex 5.38627 6.18882 27
      vertex 5.38627 3.81118 27
      vertex 6.25 5 27
    endloop
  endfacet
  facet normal -0 0 1
    outer loop
      vertex 3.98873 5.73473 27
      vertex 5.38627 3.81118 27
      vertex 5.38627 6.18882 27
    endloop
  endfacet
  facet normal 0 0 1
    outer loop
      vertex 5.38627 3.81118 27
      vertex 3.98873 5.73473 27
      vertex 3.98873 4.26527 27
    endloop
  endfacet
  facet normal -0.809016 0.587786 0
    outer loop
      vertex 5.38627 3.81118 27
      vertex 6.25 5 39
      vertex 6.25 5 27
    endloop
  endfacet
  facet normal -0.809016 0.587786 0
    outer loop
      vertex 6.25 5 39
      vertex 5.38627 3.81118 27
      vertex 5.38627 3.81118 39
    endloop
  endfacet
  facet normal 1 0 0
    outer loop
      vertex 7 69 30
      vertex 7 54 27.02
      vertex 7 69 27.02
    endloop
  endfacet
  facet normal 1 0 0
    outer loop
      vertex 7 54 27.02
      vertex 7 38 27.02
      vertex 7 54 15
    endloop
  endfacet
  facet normal 1 -0 0
    outer loop
      vertex 7 34 30
      vertex 7 54 27.02
      vertex 7 69 30
    endloop
  endfacet
  facet normal 1 0 0
    outer loop
      vertex 7 54 27.02
      vertex 7 34 30
      vertex 7 38 27.02
    endloop
  endfacet
  facet normal 1 0 0
    outer loop
      vertex 7 34 35.02
      vertex 7 26.5 30
      vertex 7 34 30
    endloop
  endfacet
  facet normal 1 0 0
    outer loop
      vertex 7 26 27.02
      vertex 7 34 30
      vertex 7 26.5 30
    endloop
  endfacet
  facet normal 1 0 0
    outer loop
      vertex 7 34 30
      vertex 7 26 27.02
      vertex 7 38 27.02
    endloop
  endfacet
  facet normal 1 0 0
    outer loop
      vertex 7 26 27.02
      vertex 7 14 30
      vertex 7 26 15
    endloop
  endfacet
  facet normal 1 -0 0
    outer loop
      vertex 7 14 30
      vertex 7 26 27.02
      vertex 7 26.5 30
    endloop
  endfacet
  facet normal 1 0 0
    outer loop
      vertex 7 69 30
      vertex 7 76 42
      vertex 7 69 35.02
    endloop
  endfacet
  facet normal 1 0 0
    outer loop
      vertex 7 76 42
      vertex 7 34 35.02
      vertex 7 69 35.02
    endloop
  endfacet
  facet normal 1 0 0
    outer loop
      vertex 7 26.5 30
      vertex 7 34 35.02
      vertex 7 26.5 42
    endloop
  endfacet
  facet normal 1 -0 0
    outer loop
      vertex 7 26.5 42
      vertex 7 34 35.02
      vertex 7 76 42
    endloop
  endfacet
  facet normal 1 0 0
    outer loop
      vertex 7 69 27.02
      vertex 7 76 42
      vertex 7 69 30
    endloop
  endfacet
  facet normal 1 0 0
    outer loop
      vertex 7 76 42
      vertex 7 69 27.02
      vertex 7 76 10
    endloop
  endfacet
  facet normal 1 -0 0
    outer loop
      vertex 7 69 15
      vertex 7 76 10
      vertex 7 69 27.02
    endloop
  endfacet
  facet normal 1 -0 0
    outer loop
      vertex 7 54 15
      vertex 7 76 10
      vertex 7 69 15
    endloop
  endfacet
  facet normal 1 0 0
    outer loop
      vertex 7 38 15
      vertex 7 54 15
      vertex 7 38 27.02
    endloop
  endfacet
  facet normal 1 -0 0
    outer loop
      vertex 7 38 15
      vertex 7 76 10
      vertex 7 54 15
    endloop
  endfacet
  facet normal 1 0 0
    outer loop
      vertex 7 14 10
      vertex 7 38 15
      vertex 7 26 15
    endloop
  endfacet
  facet normal 1 0 0
    outer loop
      vertex 7 38 15
      vertex 7 14 10
      vertex 7 76 10
    endloop
  endfacet
  facet normal 1 0 0
    outer loop
      vertex 7 14 10
      vertex 7 26 15
      vertex 7 14 30
    endloop
  endfacet
  facet normal -1 0 0
    outer loop
      vertex 109 69 10
      vertex 109 76 30.5
      vertex 109 76 10
    endloop
  endfacet
  facet normal -1 -0 0
    outer loop
      vertex 109 76 30.5
      vertex 109 69 10
      vertex 109 69 30.5
    endloop
  endfacet
  facet normal -1 0 0
    outer loop
      vertex 109 18.464 10
      vertex 109 14 10
      vertex 109 18.464 12
    endloop
  endfacet
  facet normal -1 0 0
    outer loop
      vertex 109 18.464 12
      vertex 109 21.5 30.5
      vertex 109 21.5 12
    endloop
  endfacet
  facet normal -1 0 0
    outer loop
      vertex 109 14 30.5
      vertex 109 18.464 12
      vertex 109 14 10
    endloop
  endfacet
  facet normal -1 0 0
    outer loop
      vertex 109 18.464 12
      vertex 109 14 30.5
      vertex 109 21.5 30.5
    endloop
  endfacet
  facet normal 0 -1 0
    outer loop
      vertex 7 76 42
      vertex 35.6 76 40
      vertex 35.6 76 42
    endloop
  endfacet
  facet normal 0 -1 0
    outer loop
      vertex 38.0189 76 36.017
      vertex 37.6 76 40
      vertex 35.6 76 40
    endloop
  endfacet
  facet normal 0 -1 0
    outer loop
      vertex 33.2772 76 29.4907
      vertex 35.6 76 40
      vertex 7 76 42
    endloop
  endfacet
  facet normal 0 -1 0
    outer loop
      vertex 37.6 76 40
      vertex 38.0189 76 36.017
      vertex 41.3 76 38.4009
    endloop
  endfacet
  facet normal 0 -1 -0
    outer loop
      vertex 35.6 76 40
      vertex 35.3051 76 33.003
      vertex 38.0189 76 36.017
    endloop
  endfacet
  facet normal 0 -1 0
    outer loop
      vertex 35.6 76 40
      vertex 33.2772 76 29.4907
      vertex 35.3051 76 33.003
    endloop
  endfacet
  facet normal 0 -1 0
    outer loop
      vertex 7 76 42
      vertex 32.0239 76 25.6335
      vertex 33.2772 76 29.4907
    endloop
  endfacet
  facet normal 0 -1 0
    outer loop
      vertex 15.4013 76 12
      vertex 32.0239 76 25.6335
      vertex 7 76 42
    endloop
  endfacet
  facet normal 0 -1 0
    outer loop
      vertex 32.0239 76 25.6335
      vertex 15.4013 76 12
      vertex 31.6 76 21.6
    endloop
  endfacet
  facet normal 0 -1 0
    outer loop
      vertex 28.5987 76 12
      vertex 31.6 76 21.6
      vertex 15.4013 76 12
    endloop
  endfacet
  facet normal 0 -1 -0
    outer loop
      vertex 31.6 76 21.6
      vertex 28.5987 76 12
      vertex 32.0239 76 17.5665
    endloop
  endfacet
  facet normal 0 -1 0
    outer loop
      vertex 7 76 10
      vertex 15.4013 76 12
      vertex 7 76 42
    endloop
  endfacet
  facet normal 0 -1 -0
    outer loop
      vertex 15.4013 76 12
      vertex 7 76 10
      vertex 15.4013 76 10
    endloop
  endfacet
  facet normal 0 -1 0
    outer loop
      vertex 53.0279 76 40.8937
      vertex 37.6 76 42
      vertex 48.9721 76 40.8937
    endloop
  endfacet
  facet normal 0 -1 0
    outer loop
      vertex 37.6 76 42
      vertex 45.0051 76 40.0505
      vertex 48.9721 76 40.8937
    endloop
  endfacet
  facet normal 0 -1 0
    outer loop
      vertex 41.3 76 38.4009
      vertex 37.6 76 42
      vertex 37.6 76 40
    endloop
  endfacet
  facet normal 0 -1 0
    outer loop
      vertex 37.6 76 42
      vertex 41.3 76 38.4009
      vertex 45.0051 76 40.0505
    endloop
  endfacet
  facet normal 0 -1 0
    outer loop
      vertex 37.6 76 42
      vertex 53.0279 76 40.8937
      vertex 69.4 76 42
    endloop
  endfacet
  facet normal 0 -1 0
    outer loop
      vertex 56.9949 76 40.0505
      vertex 69.4 76 42
      vertex 53.0279 76 40.8937
    endloop
  endfacet
  facet normal 0 -1 0
    outer loop
      vertex 60.7 76 38.4009
      vertex 69.4 76 42
      vertex 56.9949 76 40.0505
    endloop
  endfacet
  facet normal 0 -1 0
    outer loop
      vertex 63.9811 76 36.017
      vertex 69.4 76 40
      vertex 60.7 76 38.4009
    endloop
  endfacet
  facet normal 0 -1 -0
    outer loop
      vertex 69.4 76 42
      vertex 60.7 76 38.4009
      vertex 69.4 76 40
    endloop
  endfacet
  facet normal 0 -1 0
    outer loop
      vertex 71.4 76 40
      vertex 93.98 76 42
      vertex 71.4 76 42
    endloop
  endfacet
  facet normal 0 -1 0
    outer loop
      vertex 66.6949 76 33.003
      vertex 69.4 76 40
      vertex 63.9811 76 36.017
    endloop
  endfacet
  facet normal 0 -1 -0
    outer loop
      vertex 69.4 76 40
      vertex 66.6949 76 33.003
      vertex 71.4 76 40
    endloop
  endfacet
  facet normal 0 -1 0
    outer loop
      vertex 68.7228 76 29.4907
      vertex 71.4 76 40
      vertex 66.6949 76 33.003
    endloop
  endfacet
  facet normal -0 -1 0
    outer loop
      vertex 93.98 76 30.5
      vertex 71.4 76 40
      vertex 68.7228 76 29.4907
    endloop
  endfacet
  facet normal 0 -1 0
    outer loop
      vertex 71.4 76 40
      vertex 93.98 76 30.5
      vertex 93.98 76 42
    endloop
  endfacet
  facet normal 0 -1 0
    outer loop
      vertex 69.9761 76 25.6335
      vertex 93.98 76 30.5
      vertex 68.7228 76 29.4907
    endloop
  endfacet
  facet normal 0 -1 0
    outer loop
      vertex 70.4 76 21.6
      vertex 93.98 76 30.5
      vertex 69.9761 76 25.6335
    endloop
  endfacet
  facet normal 0 -1 0
    outer loop
      vertex 69.9761 76 17.5665
      vertex 93.98 76 30.5
      vertex 70.4 76 21.6
    endloop
  endfacet
  facet normal 0 -1 -0
    outer loop
      vertex 93.98 76 30.5
      vertex 69.9761 76 17.5665
      vertex 109 76 10
    endloop
  endfacet
  facet normal 0 -1 0
    outer loop
      vertex 109 76 10
      vertex 69.9761 76 17.5665
      vertex 68.7228 76 13.7093
    endloop
  endfacet
  facet normal 0 -1 0
    outer loop
      vertex 109 76 10
      vertex 68.7228 76 13.7093
      vertex 66.6949 76 10.197
    endloop
  endfacet
  facet normal 0 -1 0
    outer loop
      vertex 109 76 10
      vertex 66.6949 76 10.197
      vertex 66.5176 76 10
    endloop
  endfacet
  facet normal 0 -1 0
    outer loop
      vertex 93.98 76 30.5
      vertex 109 76 10
      vertex 109 76 30.5
    endloop
  endfacet
  facet normal 0 -1 -0
    outer loop
      vertex 32.0239 76 17.5665
      vertex 28.5987 76 12
      vertex 33.2772 76 13.7093
    endloop
  endfacet
  facet normal 0 -1 0
    outer loop
      vertex 28.5987 76 10
      vertex 33.2772 76 13.7093
      vertex 28.5987 76 12
    endloop
  endfacet
  facet normal 0 -1 -0
    outer loop
      vertex 33.2772 76 13.7093
      vertex 28.5987 76 10
      vertex 35.3051 76 10.197
    endloop
  endfacet
  facet normal 0 -1 -0
    outer loop
      vertex 35.3051 76 10.197
      vertex 28.5987 76 10
      vertex 35.4824 76 10
    endloop
  endfacet
  facet normal 0 0 1
    outer loop
      vertex 14.7556 74.4411 10
      vertex 7 76 10
      vertex 14.5 72.5 10
    endloop
  endfacet
  facet normal -0 0 1
    outer loop
      vertex 7 76 10
      vertex 14.7556 74.4411 10
      vertex 15.4013 76 10
    endloop
  endfacet
  facet normal 0 0 1
    outer loop
      vertex 29.2444 74.4411 10
      vertex 35.4824 75.98 10
      vertex 35.4824 76 10
    endloop
  endfacet
  facet normal 0 0 1
    outer loop
      vertex 35.4824 75.98 10
      vertex 29.2444 74.4411 10
      vertex 29.5 72.5 10
    endloop
  endfacet
  facet normal 0 -0 1
    outer loop
      vertex 29.2444 74.4411 10
      vertex 35.4824 76 10
      vertex 28.5987 76 10
    endloop
  endfacet
  facet normal -0 0 1
    outer loop
      vertex 66.5176 75.98 10
      vertex 109 69 10
      vertex 109 76 10
    endloop
  endfacet
  facet normal 0 0 1
    outer loop
      vertex 109 69 10
      vertex 105.941 31.2444 10
      vertex 107.75 30.4952 10
    endloop
  endfacet
  facet normal 0 0 1
    outer loop
      vertex 109 69 10
      vertex 104 31.5 10
      vertex 105.941 31.2444 10
    endloop
  endfacet
  facet normal 0 0 1
    outer loop
      vertex 109 69 10
      vertex 102.059 31.2444 10
      vertex 104 31.5 10
    endloop
  endfacet
  facet normal 0 0 1
    outer loop
      vertex 109 69 10
      vertex 100.25 30.4952 10
      vertex 102.059 31.2444 10
    endloop
  endfacet
  facet normal 0 0 1
    outer loop
      vertex 109 69 10
      vertex 66.5176 75.98 10
      vertex 100.25 30.4952 10
    endloop
  endfacet
  facet normal 0 0 1
    outer loop
      vertex 100.25 30.4952 10
      vertex 66.5176 75.98 10
      vertex 98.6967 29.3033 10
    endloop
  endfacet
  facet normal 0 0 1
    outer loop
      vertex 98.6967 29.3033 10
      vertex 66.5176 75.98 10
      vertex 97.5048 27.75 10
    endloop
  endfacet
  facet normal 0 0 1
    outer loop
      vertex 97.5048 27.75 10
      vertex 66.5176 75.98 10
      vertex 96.7556 25.9411 10
    endloop
  endfacet
  facet normal 0 0 1
    outer loop
      vertex 66.5176 75.98 10
      vertex 109 76 10
      vertex 66.5176 76 10
    endloop
  endfacet
  facet normal -0 0 1
    outer loop
      vertex 110.495 27.75 10
      vertex 114 21.5 10
      vertex 114 69 10
    endloop
  endfacet
  facet normal 0 0 1
    outer loop
      vertex 114 21.5 10
      vertex 111.244 25.9411 10
      vertex 111.5 24 10
    endloop
  endfacet
  facet normal 0 0 1
    outer loop
      vertex 114 21.5 10
      vertex 110.495 27.75 10
      vertex 111.244 25.9411 10
    endloop
  endfacet
  facet normal 0 0 1
    outer loop
      vertex 114 69 10
      vertex 109.303 29.3033 10
      vertex 110.495 27.75 10
    endloop
  endfacet
  facet normal 0 0 1
    outer loop
      vertex 107.75 30.4952 10
      vertex 114 69 10
      vertex 109 69 10
    endloop
  endfacet
  facet normal 0 0 1
    outer loop
      vertex 114 69 10
      vertex 107.75 30.4952 10
      vertex 109.303 29.3033 10
    endloop
  endfacet
  facet normal -0 0 1
    outer loop
      vertex 111.244 22.0589 10
      vertex 114 21.5 10
      vertex 111.5 24 10
    endloop
  endfacet
  facet normal 0 0 1
    outer loop
      vertex 114 21.5 10
      vertex 111.244 22.0589 10
      vertex 111.013 21.5 10
    endloop
  endfacet
  facet normal -0 0 1
    outer loop
      vertex 107.75 17.5048 10
      vertex 109 14 10
      vertex 109 18.464 10
    endloop
  endfacet
  facet normal -0 0 1
    outer loop
      vertex 105.941 16.7556 10
      vertex 109 14 10
      vertex 107.75 17.5048 10
    endloop
  endfacet
  facet normal -0 0 1
    outer loop
      vertex 104 16.5 10
      vertex 109 14 10
      vertex 105.941 16.7556 10
    endloop
  endfacet
  facet normal 0 0 1
    outer loop
      vertex 102.059 16.7556 10
      vertex 109 14 10
      vertex 104 16.5 10
    endloop
  endfacet
  facet normal -0 0 1
    outer loop
      vertex 27.3033 67.1967 10
      vertex 96.7556 25.9411 10
      vertex 66.5176 75.98 10
    endloop
  endfacet
  facet normal -0 0 1
    outer loop
      vertex 25.75 66.0048 10
      vertex 96.7556 25.9411 10
      vertex 27.3033 67.1967 10
    endloop
  endfacet
  facet normal 0 0 1
    outer loop
      vertex 96.7556 25.9411 10
      vertex 25.75 66.0048 10
      vertex 96.5 24 10
    endloop
  endfacet
  facet normal 0 0 1
    outer loop
      vertex 28.4952 68.75 10
      vertex 66.5176 75.98 10
      vertex 35.4824 75.98 10
    endloop
  endfacet
  facet normal 0 0 1
    outer loop
      vertex 27.3033 67.1967 10
      vertex 66.5176 75.98 10
      vertex 28.4952 68.75 10
    endloop
  endfacet
  facet normal 0 0 1
    outer loop
      vertex 29.2444 70.5589 10
      vertex 35.4824 75.98 10
      vertex 29.5 72.5 10
    endloop
  endfacet
  facet normal 0 0 1
    outer loop
      vertex 28.4952 68.75 10
      vertex 35.4824 75.98 10
      vertex 29.2444 70.5589 10
    endloop
  endfacet
  facet normal 0 0 1
    outer loop
      vertex 7 14 10
      vertex 96.5 24 10
      vertex 25.75 66.0048 10
    endloop
  endfacet
  facet normal 0 0 1
    outer loop
      vertex 96.5 24 10
      vertex 7 14 10
      vertex 96.7556 22.0589 10
    endloop
  endfacet
  facet normal 0 0 1
    outer loop
      vertex 96.7556 22.0589 10
      vertex 7 14 10
      vertex 97.5048 20.25 10
    endloop
  endfacet
  facet normal 0 0 1
    outer loop
      vertex 97.5048 20.25 10
      vertex 7 14 10
      vertex 98.6967 18.6967 10
    endloop
  endfacet
  facet normal 0 0 1
    outer loop
      vertex 7 14 10
      vertex 25.75 66.0048 10
      vertex 23.9411 65.2556 10
    endloop
  endfacet
  facet normal 0 0 1
    outer loop
      vertex 7 14 10
      vertex 23.9411 65.2556 10
      vertex 22 65 10
    endloop
  endfacet
  facet normal 0 0 1
    outer loop
      vertex 7 14 10
      vertex 22 65 10
      vertex 20.0589 65.2556 10
    endloop
  endfacet
  facet normal 0 0 1
    outer loop
      vertex 7 14 10
      vertex 20.0589 65.2556 10
      vertex 18.25 66.0048 10
    endloop
  endfacet
  facet normal 0 0 1
    outer loop
      vertex 7 76 10
      vertex 14.7556 70.5589 10
      vertex 14.5 72.5 10
    endloop
  endfacet
  facet normal 0 0 1
    outer loop
      vertex 7 76 10
      vertex 15.5048 68.75 10
      vertex 14.7556 70.5589 10
    endloop
  endfacet
  facet normal 0 0 1
    outer loop
      vertex 7 76 10
      vertex 16.6967 67.1967 10
      vertex 15.5048 68.75 10
    endloop
  endfacet
  facet normal 0 0 1
    outer loop
      vertex 102.059 16.7556 10
      vertex 7 14 10
      vertex 109 14 10
    endloop
  endfacet
  facet normal 0 0 1
    outer loop
      vertex 100.25 17.5048 10
      vertex 7 14 10
      vertex 102.059 16.7556 10
    endloop
  endfacet
  facet normal 0 0 1
    outer loop
      vertex 98.6967 18.6967 10
      vertex 7 14 10
      vertex 100.25 17.5048 10
    endloop
  endfacet
  facet normal 0 0 1
    outer loop
      vertex 16.6967 67.1967 10
      vertex 7 14 10
      vertex 18.25 66.0048 10
    endloop
  endfacet
  facet normal 0 0 1
    outer loop
      vertex 7 14 10
      vertex 16.6967 67.1967 10
      vertex 7 76 10
    endloop
  endfacet
  facet normal 0 0 1
    outer loop
      vertex 104.386 25.1888 10
      vertex 104.386 22.8112 10
      vertex 105.25 24 10
    endloop
  endfacet
  facet normal -0 0 1
    outer loop
      vertex 102.989 24.7347 10
      vertex 104.386 22.8112 10
      vertex 104.386 25.1888 10
    endloop
  endfacet
  facet normal 0 0 1
    outer loop
      vertex 104.386 22.8112 10
      vertex 102.989 24.7347 10
      vertex 102.989 23.2653 10
    endloop
  endfacet
  facet normal 0 0 1
    outer loop
      vertex 22.3863 73.6888 10
      vertex 22.3863 71.3112 10
      vertex 23.25 72.5 10
    endloop
  endfacet
  facet normal -0 0 1
    outer loop
      vertex 20.9887 73.2347 10
      vertex 22.3863 71.3112 10
      vertex 22.3863 73.6888 10
    endloop
  endfacet
  facet normal 0 0 1
    outer loop
      vertex 22.3863 71.3112 10
      vertex 20.9887 73.2347 10
      vertex 20.9887 71.7653 10
    endloop
  endfacet
  facet normal 0 1 -0
    outer loop
      vertex 109 14 10
      vertex 93.98 14 30.5
      vertex 109 14 30.5
    endloop
  endfacet
  facet normal 0 1 0
    outer loop
      vertex 93.98 14 30.5
      vertex 109 14 10
      vertex 44.5 14 15
    endloop
  endfacet
  facet normal 0 1 0
    outer loop
      vertex 44.5 14 15
      vertex 109 14 10
      vertex 43.7678 14 13.2322
    endloop
  endfacet
  facet normal 0 1 0
    outer loop
      vertex 43.7678 14 13.2322
      vertex 109 14 10
      vertex 42 14 12.5
    endloop
  endfacet
  facet normal 0 1 -0
    outer loop
      vertex 93.98 14 30.5
      vertex 44.5 14 42
      vertex 93.98 14 42
    endloop
  endfacet
  facet normal 0 1 0
    outer loop
      vertex 44.5 14 42
      vertex 93.98 14 30.5
      vertex 44.5 14 15
    endloop
  endfacet
  facet normal 0 1 0
    outer loop
      vertex 39.5 14 42
      vertex 5 14 37.52
      vertex 1.98 14 42
    endloop
  endfacet
  facet normal 0 1 0
    outer loop
      vertex 39.5 14 42
      vertex 7 14 30
      vertex 5 14 37.52
    endloop
  endfacet
  facet normal 0 1 -0
    outer loop
      vertex 39.5 14 15
      vertex 7 14 30
      vertex 39.5 14 42
    endloop
  endfacet
  facet normal 0 1 0
    outer loop
      vertex 7 14 10
      vertex 39.5 14 15
      vertex 40.2322 14 13.2322
    endloop
  endfacet
  facet normal 0 1 0
    outer loop
      vertex 39.5 14 15
      vertex 7 14 10
      vertex 7 14 30
    endloop
  endfacet
  facet normal 0 1 0
    outer loop
      vertex 42 14 12.5
      vertex 7 14 10
      vertex 40.2322 14 13.2322
    endloop
  endfacet
  facet normal 0 1 0
    outer loop
      vertex 7 14 10
      vertex 42 14 12.5
      vertex 109 14 10
    endloop
  endfacet
  facet normal 0 1 0
    outer loop
      vertex 1.98 14 42
      vertex 5 14 37.52
      vertex 1.98 14 37.52
    endloop
  endfacet
  facet normal 0 1 0
    outer loop
      vertex 5 14 37.52
      vertex 7 14 30
      vertex 5 14 30
    endloop
  endfacet
  facet normal 0 0 -1
    outer loop
      vertex 5 34 35.02
      vertex 7 69 35.02
      vertex 7 34 35.02
    endloop
  endfacet
  facet normal -0 0 -1
    outer loop
      vertex 7 69 35.02
      vertex 5 34 35.02
      vertex 5 69 35.02
    endloop
  endfacet
  facet normal -0 0 1
    outer loop
      vertex 5 69 30
      vertex 7 34 30
      vertex 7 69 30
    endloop
  endfacet
  facet normal 0 0 1
    outer loop
      vertex 7 34 30
      vertex 5 69 30
      vertex 5 34 30
    endloop
  endfacet
  facet normal 0 1 -0
    outer loop
      vertex 7 34 30
      vertex 5 34 35.02
      vertex 7 34 35.02
    endloop
  endfacet
  facet normal 0 1 0
    outer loop
      vertex 5 34 35.02
      vertex 7 34 30
      vertex 5 34 30
    endloop
  endfacet
  facet normal 0 -1 0
    outer loop
      vertex 5 69 30
      vertex 7 69 35.02
      vertex 5 69 35.02
    endloop
  endfacet
  facet normal 0 -1 -0
    outer loop
      vertex 7 69 35.02
      vertex 5 69 30
      vertex 7 69 30
    endloop
  endfacet
  facet normal 0 -1 0
    outer loop
      vertex 5 26.5 37.52
      vertex 1.98 26.5 42
      vertex 1.98 26.5 37.52
    endloop
  endfacet
  facet normal 0 -1 0
    outer loop
      vertex 1.98 26.5 42
      vertex 5 26.5 37.52
      vertex 7 26.5 42
    endloop
  endfacet
  facet normal 0 -1 0
    outer loop
      vertex 7 26.5 30
      vertex 5 26.5 37.52
      vertex 5 26.5 30
    endloop
  endfacet
  facet normal 0 -1 0
    outer loop
      vertex 5 26.5 37.52
      vertex 7 26.5 30
      vertex 7 26.5 42
    endloop
  endfacet
  facet normal -0 0 1
    outer loop
      vertex 5 26.5 30
      vertex 7 14 30
      vertex 7 26.5 30
    endloop
  endfacet
  facet normal 0 0 1
    outer loop
      vertex 7 14 30
      vertex 5 26.5 30
      vertex 5 14 30
    endloop
  endfacet
  facet normal 1 -0 0
    outer loop
      vertex 1.98 14 42
      vertex 1.98 26.5 37.52
      vertex 1.98 26.5 42
    endloop
  endfacet
  facet normal 1 0 0
    outer loop
      vertex 1.98 26.5 37.52
      vertex 1.98 14 42
      vertex 1.98 14 37.52
    endloop
  endfacet
  facet normal 0 0 -1
    outer loop
      vertex 5 26 27.02
      vertex 7 38 27.02
      vertex 7 26 27.02
    endloop
  endfacet
  facet normal -0 0 -1
    outer loop
      vertex 7 38 27.02
      vertex 5 26 27.02
      vertex 5 38 27.02
    endloop
  endfacet
  facet normal 0 -1 0
    outer loop
      vertex 5 38 15
      vertex 7 38 27.02
      vertex 5 38 27.02
    endloop
  endfacet
  facet normal 0 -1 -0
    outer loop
      vertex 7 38 27.02
      vertex 5 38 15
      vertex 7 38 15
    endloop
  endfacet
  facet normal -0 0 1
    outer loop
      vertex 5 38 15
      vertex 7 26 15
      vertex 7 38 15
    endloop
  endfacet
  facet normal 0 0 1
    outer loop
      vertex 7 26 15
      vertex 5 38 15
      vertex 5 26 15
    endloop
  endfacet
  facet normal 0 1 -0
    outer loop
      vertex 7 26 15
      vertex 5 26 27.02
      vertex 7 26 27.02
    endloop
  endfacet
  facet normal 0 1 0
    outer loop
      vertex 5 26 27.02
      vertex 7 26 15
      vertex 5 26 15
    endloop
  endfacet
  facet normal 0 0 -1
    outer loop
      vertex 5 54 27.02
      vertex 7 69 27.02
      vertex 7 54 27.02
    endloop
  endfacet
  facet normal -0 0 -1
    outer loop
      vertex 7 69 27.02
      vertex 5 54 27.02
      vertex 5 69 27.02
    endloop
  endfacet
  facet normal -0 0 1
    outer loop
      vertex 5 69 15
      vertex 7 54 15
      vertex 7 69 15
    endloop
  endfacet
  facet normal 0 0 1
    outer loop
      vertex 7 54 15
      vertex 5 69 15
      vertex 5 54 15
    endloop
  endfacet
  facet normal 0 0 -1
    outer loop
      vertex 5 13 37.52
      vertex 1.98 14 37.52
      vertex 5 14 37.52
    endloop
  endfacet
  facet normal -0 0 -1
    outer loop
      vertex 1.98 14 37.52
      vertex 0 13 37.52
      vertex 1.98 26.5 37.52
    endloop
  endfacet
  facet normal 0 0 -1
    outer loop
      vertex 0 13 37.52
      vertex 1.98 14 37.52
      vertex 5 13 37.52
    endloop
  endfacet
  facet normal 0 0 -1
    outer loop
      vertex 1.98 26.5 37.52
      vertex 5 70.5 37.52
      vertex 5 26.5 37.52
    endloop
  endfacet
  facet normal 0 0 -1
    outer loop
      vertex 0 70.5 37.52
      vertex 1.98 26.5 37.52
      vertex 0 13 37.52
    endloop
  endfacet
  facet normal 0 0 -1
    outer loop
      vertex 1.98 26.5 37.52
      vertex 0 70.5 37.52
      vertex 5 70.5 37.52
    endloop
  endfacet
  facet normal -1 0 0
    outer loop
      vertex 5 15.0152 20.311
      vertex 5 16.4279 20.458
      vertex 5 16.5081 20.311
    endloop
  endfacet
  facet normal -1 -0 0
    outer loop
      vertex 5 16.4279 20.458
      vertex 5 15.0152 20.311
      vertex 5 16.3091 20.611
    endloop
  endfacet
  facet normal -1 -0 0
    outer loop
      vertex 5 16.3091 20.611
      vertex 5 15.0152 20.311
      vertex 5 16.1472 20.7762
    endloop
  endfacet
  facet normal -1 -0 0
    outer loop
      vertex 5 16.1472 20.7762
      vertex 5 15.0152 20.311
      vertex 5 15.9371 20.96
    endloop
  endfacet
  facet normal -1 -0 0
    outer loop
      vertex 5 15.9371 20.96
      vertex 5 15.0152 20.311
      vertex 5 15.5809 21.265
    endloop
  endfacet
  facet normal -1 -0 0
    outer loop
      vertex 5 15.1351 21.812
      vertex 5 13.6705 20
      vertex 5 15.0782 21.9795
    endloop
  endfacet
  facet normal -1 0 0
    outer loop
      vertex 5 13.6705 20
      vertex 5 15.1351 21.812
      vertex 5 15.0152 20.311
    endloop
  endfacet
  facet normal -1 -0 0
    outer loop
      vertex 5 15.2299 21.645
      vertex 5 15.0152 20.311
      vertex 5 15.1351 21.812
    endloop
  endfacet
  facet normal -1 -0 0
    outer loop
      vertex 5 15.3622 21.478
      vertex 5 15.0152 20.311
      vertex 5 15.2299 21.645
    endloop
  endfacet
  facet normal -1 -0 0
    outer loop
      vertex 5 15.5809 21.265
      vertex 5 15.0152 20.311
      vertex 5 15.3622 21.478
    endloop
  endfacet
  facet normal -1 0 0
    outer loop
      vertex 5 16.6572 20.683
      vertex 5 17.2719 20.311
      vertex 5 16.7949 20.4847
    endloop
  endfacet
  facet normal -1 0 0
    outer loop
      vertex 5 17.2719 20.311
      vertex 5 16.6572 20.683
      vertex 5 16.8941 22.195
    endloop
  endfacet
  facet normal -1 0 0
    outer loop
      vertex 5 16.5044 20.859
      vertex 5 16.8941 22.195
      vertex 5 16.6572 20.683
    endloop
  endfacet
  facet normal -1 0 0
    outer loop
      vertex 5 16.3441 21.017
      vertex 5 16.8941 22.195
      vertex 5 16.5044 20.859
    endloop
  endfacet
  facet normal -1 0 0
    outer loop
      vertex 5 16.8941 22.195
      vertex 5 16.3441 21.017
      vertex 5 16.5201 22.16
    endloop
  endfacet
  facet normal -1 0 0
    outer loop
      vertex 5 16.1801 21.1615
      vertex 5 16.5201 22.16
      vertex 5 16.3441 21.017
    endloop
  endfacet
  facet normal -1 0 0
    outer loop
      vertex 5 16.0181 21.295
      vertex 5 16.5201 22.16
      vertex 5 16.1801 21.1615
    endloop
  endfacet
  facet normal -1 0 0
    outer loop
      vertex 5 15.8642 21.4227
      vertex 5 16.5201 22.16
      vertex 5 16.0181 21.295
    endloop
  endfacet
  facet normal -1 0 0
    outer loop
      vertex 5 15.7262 21.55
      vertex 5 16.5201 22.16
      vertex 5 15.8642 21.4227
    endloop
  endfacet
  facet normal -1 0 0
    outer loop
      vertex 5 15.6086 21.681
      vertex 5 16.5201 22.16
      vertex 5 15.7262 21.55
    endloop
  endfacet
  facet normal -1 0 0
    outer loop
      vertex 5 15.5161 21.818
      vertex 5 16.5201 22.16
      vertex 5 15.6086 21.681
    endloop
  endfacet
  facet normal -1 0 0
    outer loop
      vertex 5 15.4554 21.968
      vertex 5 16.5201 22.16
      vertex 5 15.5161 21.818
    endloop
  endfacet
  facet normal -1 0 0
    outer loop
      vertex 5 16.5201 22.16
      vertex 5 16.1707 22.6112
      vertex 5 16.4629 22.3635
    endloop
  endfacet
  facet normal -1 0 0
    outer loop
      vertex 5 16.4629 22.3635
      vertex 5 16.1707 22.6112
      vertex 5 16.3432 22.516
    endloop
  endfacet
  facet normal -1 0 0
    outer loop
      vertex 5 16.5201 22.16
      vertex 5 15.9572 22.643
      vertex 5 16.1707 22.6112
    endloop
  endfacet
  facet normal -1 -0 0
    outer loop
      vertex 5 16.5201 22.16
      vertex 5 15.4554 21.968
      vertex 5 15.9572 22.643
    endloop
  endfacet
  facet normal -1 0 0
    outer loop
      vertex 5 15.4352 22.136
      vertex 5 15.9572 22.643
      vertex 5 15.4554 21.968
    endloop
  endfacet
  facet normal -1 0 -0
    outer loop
      vertex 5 15.4697 22.35
      vertex 5 15.7381 22.6097
      vertex 5 15.4352 22.136
    endloop
  endfacet
  facet normal -1 0 0
    outer loop
      vertex 5 15.9572 22.643
      vertex 5 15.4352 22.136
      vertex 5 15.7381 22.6097
    endloop
  endfacet
  facet normal -1 0 0
    outer loop
      vertex 5 15.7381 22.6097
      vertex 5 15.4697 22.35
      vertex 5 15.5732 22.51
    endloop
  endfacet
  facet normal -1 0 0
    outer loop
      vertex 5 17.5325 16.832
      vertex 5 19.4565 17.452
      vertex 5 19.3878 16.9647
    endloop
  endfacet
  facet normal -1 0 0
    outer loop
      vertex 5 19.4565 17.452
      vertex 5 17.6095 18.112
      vertex 5 19.3905 17.9407
    endloop
  endfacet
  facet normal -1 0 0
    outer loop
      vertex 5 18.4365 16.255
      vertex 5 19.3878 16.9647
      vertex 5 19.1815 16.583
    endloop
  endfacet
  facet normal -1 0 -0
    outer loop
      vertex 5 18.4525 18.627
      vertex 5 19.3905 17.9407
      vertex 5 17.6095 18.112
    endloop
  endfacet
  facet normal -1 0 0
    outer loop
      vertex 5 18.4365 16.255
      vertex 5 19.1815 16.583
      vertex 5 18.8573 16.337
    endloop
  endfacet
  facet normal -1 0 0
    outer loop
      vertex 5 19.3905 17.9407
      vertex 5 18.4525 18.627
      vertex 5 19.1925 18.313
    endloop
  endfacet
  facet normal -1 0 0
    outer loop
      vertex 5 19.3878 16.9647
      vertex 5 18.4365 16.255
      vertex 5 17.5325 16.832
    endloop
  endfacet
  facet normal -1 0 0
    outer loop
      vertex 5 19.1925 18.313
      vertex 5 18.4525 18.627
      vertex 5 18.8755 18.5485
    endloop
  endfacet
  facet normal -1 0 0
    outer loop
      vertex 5 18.4525 18.627
      vertex 5 17.6095 18.112
      vertex 5 18.1703 18.5938
    endloop
  endfacet
  facet normal -1 0 0
    outer loop
      vertex 5 17.5325 16.832
      vertex 5 18.4365 16.255
      vertex 5 17.91 16.3992
    endloop
  endfacet
  facet normal -1 0 0
    outer loop
      vertex 5 18.1703 18.5938
      vertex 5 17.6095 18.112
      vertex 5 17.9295 18.494
    endloop
  endfacet
  facet normal -1 0 0
    outer loop
      vertex 5 17.9295 18.494
      vertex 5 17.6095 18.112
      vertex 5 17.7395 18.3325
    endloop
  endfacet
  facet normal -1 -0 0
    outer loop
      vertex 5 19.4565 17.452
      vertex 5 17.5325 16.832
      vertex 5 17.6095 18.112
    endloop
  endfacet
  facet normal -1 0 0
    outer loop
      vertex 5 17.5325 16.832
      vertex 5 17.2425 18.234
      vertex 5 17.6095 18.112
    endloop
  endfacet
  facet normal -1 0 -0
    outer loop
      vertex 5 17.2425 18.234
      vertex 5 17.5325 16.832
      vertex 5 17.2155 16.677
    endloop
  endfacet
  facet normal -1 0 0
    outer loop
      vertex 5 16.8941 22.195
      vertex 5 17.9678 20.311
      vertex 5 17.2719 20.311
    endloop
  endfacet
  facet normal -1 -0 0
    outer loop
      vertex 5 19.5373 21.28
      vertex 5 18.3358 20.311
      vertex 5 18.9818 22.048
    endloop
  endfacet
  facet normal -1 -0 0
    outer loop
      vertex 5 18.9818 22.048
      vertex 5 18.3358 20.311
      vertex 5 18.3358 22.531
    endloop
  endfacet
  facet normal -1 0 0
    outer loop
      vertex 5 19.0405 18.845
      vertex 5 19.0648 20
      vertex 5 19.4815 18.548
    endloop
  endfacet
  facet normal -1 0 0
    outer loop
      vertex 5 18.4575 18.944
      vertex 5 19.0648 20
      vertex 5 19.0405 18.845
    endloop
  endfacet
  facet normal -1 0 0
    outer loop
      vertex 5 17.2719 20
      vertex 5 18.4575 18.944
      vertex 5 18.038 18.8992
    endloop
  endfacet
  facet normal -1 0 0
    outer loop
      vertex 5 17.2719 20
      vertex 5 18.038 18.8992
      vertex 5 17.6935 18.765
    endloop
  endfacet
  facet normal -1 0 0
    outer loop
      vertex 5 16.9101 20
      vertex 5 17.6935 18.765
      vertex 5 17.4273 18.5427
    endloop
  endfacet
  facet normal -1 0 0
    outer loop
      vertex 5 18.4575 18.944
      vertex 5 17.2719 20
      vertex 5 19.0648 20
    endloop
  endfacet
  facet normal -1 0 0
    outer loop
      vertex 5 17.6935 18.765
      vertex 5 16.9101 20
      vertex 5 17.2719 20
    endloop
  endfacet
  facet normal -1 0 0
    outer loop
      vertex 5 16.9101 20
      vertex 5 17.4273 18.5427
      vertex 5 17.2425 18.234
    endloop
  endfacet
  facet normal -1 0 0
    outer loop
      vertex 5 19.4815 18.548
      vertex 5 20.59 18.513
      vertex 5 20.2938 18.0687
    endloop
  endfacet
  facet normal -1 0 0
    outer loop
      vertex 5 19.7583 18.076
      vertex 5 20.2938 18.0687
      vertex 5 20.195 17.47
    endloop
  endfacet
  facet normal -1 0 0
    outer loop
      vertex 5 19.7583 18.076
      vertex 5 20.195 17.47
      vertex 5 19.8505 17.452
    endloop
  endfacet
  facet normal -1 0 0
    outer loop
      vertex 5 19.4815 18.548
      vertex 5 20.2938 18.0687
      vertex 5 19.7583 18.076
    endloop
  endfacet
  facet normal -1 0 0
    outer loop
      vertex 5 19.0648 20
      vertex 5 20.59 18.513
      vertex 5 19.4815 18.548
    endloop
  endfacet
  facet normal -1 -0 0
    outer loop
      vertex 5 20.5523 20.955
      vertex 5 19.0648 20
      vertex 5 19.5373 20.955
    endloop
  endfacet
  facet normal -1 0 0
    outer loop
      vertex 5 20.59 18.513
      vertex 5 19.0648 20
      vertex 5 20.5523 20.955
    endloop
  endfacet
  facet normal -1 0 0
    outer loop
      vertex 5 21.712 18.88
      vertex 5 22.259 20
      vertex 5 22.659 18.88
    endloop
  endfacet
  facet normal -1 0 0
    outer loop
      vertex 5 20.5523 20.955
      vertex 5 21.8545 20.3922
      vertex 5 21.877 20
    endloop
  endfacet
  facet normal -1 -0 0
    outer loop
      vertex 5 22.259 20
      vertex 5 21.712 18.88
      vertex 5 21.877 20
    endloop
  endfacet
  facet normal -1 0 0
    outer loop
      vertex 5 21.068 18.7882
      vertex 5 21.877 20
      vertex 5 21.712 18.88
    endloop
  endfacet
  facet normal -1 0 0
    outer loop
      vertex 5 20.5523 20.955
      vertex 5 21.877 20
      vertex 5 21.068 18.7882
    endloop
  endfacet
  facet normal -1 0 0
    outer loop
      vertex 5 21.787 20.771
      vertex 5 20.5523 20.955
      vertex 5 21.6738 21.1455
    endloop
  endfacet
  facet normal -1 0 0
    outer loop
      vertex 5 20.5523 21.28
      vertex 5 21.6738 21.1455
      vertex 5 20.5523 20.955
    endloop
  endfacet
  facet normal -1 0 0
    outer loop
      vertex 5 21.8545 20.3922
      vertex 5 20.5523 20.955
      vertex 5 21.787 20.771
    endloop
  endfacet
  facet normal -1 0 0
    outer loop
      vertex 5 21.6738 21.1455
      vertex 5 20.5523 21.28
      vertex 5 21.516 21.525
    endloop
  endfacet
  facet normal -1 -0 0
    outer loop
      vertex 5 21.516 21.525
      vertex 5 20.5523 21.28
      vertex 5 21.2705 21.981
    endloop
  endfacet
  facet normal -1 0 0
    outer loop
      vertex 5 20.5523 20.955
      vertex 5 21.068 18.7882
      vertex 5 20.59 18.513
    endloop
  endfacet
  facet normal -1 0 0
    outer loop
      vertex 5 26 15
      vertex 5 22.659 18.88
      vertex 5 22.787 22.569
    endloop
  endfacet
  facet normal -1 0 0
    outer loop
      vertex 5 22.259 20
      vertex 5 22.787 22.569
      vertex 5 22.659 18.88
    endloop
  endfacet
  facet normal -1 0 0
    outer loop
      vertex 5 22.201 20.5665
      vertex 5 22.787 22.569
      vertex 5 22.259 20
    endloop
  endfacet
  facet normal -1 0 0
    outer loop
      vertex 5 22.027 21.162
      vertex 5 22.787 22.569
      vertex 5 22.201 20.5665
    endloop
  endfacet
  facet normal -1 0 0
    outer loop
      vertex 5 21.716 21.8192
      vertex 5 22.787 22.569
      vertex 5 22.027 21.162
    endloop
  endfacet
  facet normal -1 -0 0
    outer loop
      vertex 5 22.787 22.569
      vertex 5 21.716 21.8192
      vertex 5 21.249 22.569
    endloop
  endfacet
  facet normal -1 0 0
    outer loop
      vertex 5 44.7017 21.4495
      vertex 5 44.7732 21.6152
      vertex 5 45.0037 21.528
    endloop
  endfacet
  facet normal -1 0 0
    outer loop
      vertex 5 44.7017 21.4495
      vertex 5 44.6017 21.759
      vertex 5 44.7732 21.6152
    endloop
  endfacet
  facet normal -1 0 0
    outer loop
      vertex 5 44.4777 21.296
      vertex 5 44.6017 21.759
      vertex 5 44.7017 21.4495
    endloop
  endfacet
  facet normal -1 -0 0
    outer loop
      vertex 5 44.6017 21.759
      vertex 5 44.4777 21.296
      vertex 5 44.4944 21.9522
    endloop
  endfacet
  facet normal -1 0 0
    outer loop
      vertex 5 44.3389 21.081
      vertex 5 44.4944 21.9522
      vertex 5 44.4777 21.296
    endloop
  endfacet
  facet normal -1 -0 0
    outer loop
      vertex 5 44.4944 21.9522
      vertex 5 44.3389 21.081
      vertex 5 44.4587 22.186
    endloop
  endfacet
  facet normal -1 0 0
    outer loop
      vertex 5 48.705 21.8785
      vertex 5 48.8605 22.183
      vertex 5 48.843 22.0597
    endloop
  endfacet
  facet normal -1 0 0
    outer loop
      vertex 5 48.705 21.8785
      vertex 5 48.843 22.0597
      vertex 5 48.7905 21.96
    endloop
  endfacet
  facet normal -1 0 0
    outer loop
      vertex 5 48.6795 22.533
      vertex 5 48.8605 22.183
      vertex 5 48.705 21.8785
    endloop
  endfacet
  facet normal -1 0 0
    outer loop
      vertex 5 48.8605 22.183
      vertex 5 48.6795 22.533
      vertex 5 48.8153 22.387
    endloop
  endfacet
  facet normal -1 0 0
    outer loop
      vertex 5 48.5885 21.81
      vertex 5 48.6795 22.533
      vertex 5 48.705 21.8785
    endloop
  endfacet
  facet normal -1 0 0
    outer loop
      vertex 5 48.5885 21.81
      vertex 5 48.458 22.6215
      vertex 5 48.6795 22.533
    endloop
  endfacet
  facet normal -1 0 0
    outer loop
      vertex 5 48.391 21.742
      vertex 5 48.458 22.6215
      vertex 5 48.5885 21.81
    endloop
  endfacet
  facet normal -1 0 0
    outer loop
      vertex 5 48.391 21.742
      vertex 5 48.1555 22.651
      vertex 5 48.458 22.6215
    endloop
  endfacet
  facet normal -1 0 0
    outer loop
      vertex 5 48.0625 21.66
      vertex 5 48.1555 22.651
      vertex 5 48.391 21.742
    endloop
  endfacet
  facet normal -1 0 0
    outer loop
      vertex 5 47.4265 22.219
      vertex 5 48.0625 21.66
      vertex 5 47.9308 21.6287
    endloop
  endfacet
  facet normal -1 0 0
    outer loop
      vertex 5 48.0625 21.66
      vertex 5 47.8768 22.6252
      vertex 5 48.1555 22.651
    endloop
  endfacet
  facet normal -1 0 0
    outer loop
      vertex 5 47.4265 22.219
      vertex 5 47.9308 21.6287
      vertex 5 47.7995 21.597
    endloop
  endfacet
  facet normal -1 0 0
    outer loop
      vertex 5 47.4265 22.219
      vertex 5 47.7995 21.597
      vertex 5 47.6713 21.5617
    endloop
  endfacet
  facet normal -1 0 0
    outer loop
      vertex 5 48.0625 21.66
      vertex 5 47.4265 22.219
      vertex 5 47.518 22.4147
    endloop
  endfacet
  facet normal -1 0 0
    outer loop
      vertex 5 47.4265 22.219
      vertex 5 47.6713 21.5617
      vertex 5 47.5485 21.52
    endloop
  endfacet
  facet normal -1 0 0
    outer loop
      vertex 5 48.0625 21.66
      vertex 5 47.6665 22.548
      vertex 5 47.8768 22.6252
    endloop
  endfacet
  facet normal -1 0 0
    outer loop
      vertex 5 47.4265 22.219
      vertex 5 47.5485 21.52
      vertex 5 47.4325 21.4717
    endloop
  endfacet
  facet normal -1 0 0
    outer loop
      vertex 5 48.0625 21.66
      vertex 5 47.518 22.4147
      vertex 5 47.6665 22.548
    endloop
  endfacet
  facet normal -1 0 0
    outer loop
      vertex 5 47.3245 21.415
      vertex 5 47.4265 22.219
      vertex 5 47.4325 21.4717
    endloop
  endfacet
  facet normal -1 0 0
    outer loop
      vertex 5 47.0445 22.286
      vertex 5 47.3245 21.415
      vertex 5 47.2265 21.3482
    endloop
  endfacet
  facet normal -1 0 0
    outer loop
      vertex 5 47.0445 22.286
      vertex 5 47.2265 21.3482
      vertex 5 47.1425 21.268
    endloop
  endfacet
  facet normal -1 0 0
    outer loop
      vertex 5 47.0445 22.286
      vertex 5 47.1425 21.268
      vertex 5 47.0733 21.173
    endloop
  endfacet
  facet normal -1 0 0
    outer loop
      vertex 5 47.3245 21.415
      vertex 5 47.0445 22.286
      vertex 5 47.4265 22.219
    endloop
  endfacet
  facet normal -1 0 -0
    outer loop
      vertex 5 47.0445 22.286
      vertex 5 47.0733 21.173
      vertex 5 47.0215 21.062
    endloop
  endfacet
  facet normal -1 0 0
    outer loop
      vertex 5 49.817 22.88
      vertex 5 49.225 22.0072
      vertex 5 49.2385 22.162
    endloop
  endfacet
  facet normal -1 0 0
    outer loop
      vertex 5 49.817 21.069
      vertex 5 49.1845 21.871
      vertex 5 49.225 22.0072
    endloop
  endfacet
  facet normal -1 0 0
    outer loop
      vertex 5 49.817 21.069
      vertex 5 49.1188 21.7527
      vertex 5 49.1845 21.871
    endloop
  endfacet
  facet normal -1 0 0
    outer loop
      vertex 5 49.817 21.069
      vertex 5 49.0295 21.65
      vertex 5 49.1188 21.7527
    endloop
  endfacet
  facet normal -1 0 0
    outer loop
      vertex 5 48.9965 20.739
      vertex 5 49.0295 21.65
      vertex 5 49.3725 20.664
    endloop
  endfacet
  facet normal -1 0 0
    outer loop
      vertex 5 48.9965 20.739
      vertex 5 48.9093 21.5602
      vertex 5 49.0295 21.65
    endloop
  endfacet
  facet normal -1 0 0
    outer loop
      vertex 5 48.2375 21.326
      vertex 5 48.9965 20.739
      vertex 5 48.895 20.5152
    endloop
  endfacet
  facet normal -1 0 0
    outer loop
      vertex 5 48.9965 20.739
      vertex 5 48.7525 21.479
      vertex 5 48.9093 21.5602
    endloop
  endfacet
  facet normal -1 0 0
    outer loop
      vertex 5 48.2375 21.326
      vertex 5 48.895 20.5152
      vertex 5 48.7205 20.36
    endloop
  endfacet
  facet normal -1 0 0
    outer loop
      vertex 5 48.9965 20.739
      vertex 5 48.5358 21.4027
      vertex 5 48.7525 21.479
    endloop
  endfacet
  facet normal -1 0 0
    outer loop
      vertex 5 48.2375 21.326
      vertex 5 48.7205 20.36
      vertex 5 48.4713 20.2692
    endloop
  endfacet
  facet normal -1 0 0
    outer loop
      vertex 5 48.9965 20.739
      vertex 5 48.2375 21.326
      vertex 5 48.5358 21.4027
    endloop
  endfacet
  facet normal -1 0 0
    outer loop
      vertex 5 48.0513 21.2817
      vertex 5 48.4713 20.2692
      vertex 5 48.1455 20.239
    endloop
  endfacet
  facet normal -1 0 0
    outer loop
      vertex 5 48.4713 20.2692
      vertex 5 48.0513 21.2817
      vertex 5 48.2375 21.326
    endloop
  endfacet
  facet normal -1 0 0
    outer loop
      vertex 5 48.1455 20.239
      vertex 5 47.8825 21.241
      vertex 5 48.0513 21.2817
    endloop
  endfacet
  facet normal -1 0 0
    outer loop
      vertex 5 47.8125 20.2722
      vertex 5 47.8825 21.241
      vertex 5 48.1455 20.239
    endloop
  endfacet
  facet normal -1 0 0
    outer loop
      vertex 5 47.8125 20.2722
      vertex 5 47.7328 21.1972
      vertex 5 47.8825 21.241
    endloop
  endfacet
  facet normal -1 0 0
    outer loop
      vertex 5 47.5655 20.372
      vertex 5 47.7328 21.1972
      vertex 5 47.8125 20.2722
    endloop
  endfacet
  facet normal -1 0 0
    outer loop
      vertex 5 47.7328 21.1972
      vertex 5 47.5655 20.372
      vertex 5 47.6055 21.144
    endloop
  endfacet
  facet normal -1 0 0
    outer loop
      vertex 5 47.3615 20.764
      vertex 5 47.6055 21.144
      vertex 5 47.5655 20.372
    endloop
  endfacet
  facet normal -1 0 0
    outer loop
      vertex 5 47.6055 21.144
      vertex 5 47.3615 20.764
      vertex 5 47.5025 21.078
    endloop
  endfacet
  facet normal -1 0 0
    outer loop
      vertex 5 47.3615 20.764
      vertex 5 47.5655 20.372
      vertex 5 47.4125 20.537
    endloop
  endfacet
  facet normal -1 0 -0
    outer loop
      vertex 5 47.3775 20.8935
      vertex 5 47.5025 21.078
      vertex 5 47.3615 20.764
    endloop
  endfacet
  facet normal -1 0 0
    outer loop
      vertex 5 47.5025 21.078
      vertex 5 47.3775 20.8935
      vertex 5 47.4255 20.996
    endloop
  endfacet
  facet normal -1 0 0
    outer loop
      vertex 5 51.017 20.251
      vertex 5 51.791 21.062
      vertex 5 51.7413 20.7117
    endloop
  endfacet
  facet normal -1 0 0
    outer loop
      vertex 5 54 27.02
      vertex 5 69 30
      vertex 5 69 27.02
    endloop
  endfacet
  facet normal -1 0 0
    outer loop
      vertex 5 52.179 22.88
      vertex 5 54 27.02
      vertex 5 52.179 21.032
    endloop
  endfacet
  facet normal -1 0 0
    outer loop
      vertex 5 51.791 22.88
      vertex 5 54 27.02
      vertex 5 52.179 22.88
    endloop
  endfacet
  facet normal -1 0 0
    outer loop
      vertex 5 51.3488 20.3025
      vertex 5 51.7413 20.7117
      vertex 5 51.592 20.457
    endloop
  endfacet
  facet normal -1 0 0
    outer loop
      vertex 5 51.7413 20.7117
      vertex 5 51.3488 20.3025
      vertex 5 51.017 20.251
    endloop
  endfacet
  facet normal -1 -0 0
    outer loop
      vertex 5 51.791 21.062
      vertex 5 51.017 20.251
      vertex 5 50.203 21.089
    endloop
  endfacet
  facet normal -1 0 0
    outer loop
      vertex 5 50.2565 20.7272
      vertex 5 51.017 20.251
      vertex 5 50.674 20.3042
    endloop
  endfacet
  facet normal -1 0 0
    outer loop
      vertex 5 50.2565 20.7272
      vertex 5 50.674 20.3042
      vertex 5 50.417 20.464
    endloop
  endfacet
  facet normal -1 0 0
    outer loop
      vertex 5 51.791 21.062
      vertex 5 50.203 21.089
      vertex 5 51.791 22.88
    endloop
  endfacet
  facet normal -1 0 0
    outer loop
      vertex 5 51.017 20.251
      vertex 5 50.2565 20.7272
      vertex 5 50.203 21.089
    endloop
  endfacet
  facet normal -1 -0 0
    outer loop
      vertex 5 51.791 22.88
      vertex 5 50.203 21.089
      vertex 5 50.203 22.88
    endloop
  endfacet
  facet normal -1 0 0
    outer loop
      vertex 5 51.791 22.88
      vertex 5 50.203 22.88
      vertex 5 54 27.02
    endloop
  endfacet
  facet normal -1 0 0
    outer loop
      vertex 5 49.817 22.88
      vertex 5 54 27.02
      vertex 5 50.203 22.88
    endloop
  endfacet
  facet normal -1 0 0
    outer loop
      vertex 5 49.225 22.0072
      vertex 5 49.817 22.88
      vertex 5 49.817 21.069
    endloop
  endfacet
  facet normal -1 0 0
    outer loop
      vertex 5 49.1683 22.494
      vertex 5 49.817 22.88
      vertex 5 49.2385 22.162
    endloop
  endfacet
  facet normal -1 0 0
    outer loop
      vertex 5 48.9575 22.74
      vertex 5 49.817 22.88
      vertex 5 49.1683 22.494
    endloop
  endfacet
  facet normal -1 0 0
    outer loop
      vertex 5 48.615 22.893
      vertex 5 49.817 22.88
      vertex 5 48.9575 22.74
    endloop
  endfacet
  facet normal -1 0 0
    outer loop
      vertex 5 49.817 22.88
      vertex 5 48.615 22.893
      vertex 5 54 27.02
    endloop
  endfacet
  facet normal -1 0 0
    outer loop
      vertex 5 48.1515 22.944
      vertex 5 54 27.02
      vertex 5 48.615 22.893
    endloop
  endfacet
  facet normal -1 0 0
    outer loop
      vertex 5 47.7218 22.9065
      vertex 5 54 27.02
      vertex 5 48.1515 22.944
    endloop
  endfacet
  facet normal -1 0 0
    outer loop
      vertex 5 46.5067 22.88
      vertex 5 47.7218 22.9065
      vertex 5 47.4065 22.794
    endloop
  endfacet
  facet normal -1 0 0
    outer loop
      vertex 5 46.5067 22.88
      vertex 5 47.0215 21.062
      vertex 5 46.9885 20.9337
    endloop
  endfacet
  facet normal -1 0 0
    outer loop
      vertex 5 46.5067 20
      vertex 5 46.9885 20.9337
      vertex 5 46.9775 20.785
    endloop
  endfacet
  facet normal -1 -0 0
    outer loop
      vertex 5 46.9885 20.9337
      vertex 5 46.5067 20
      vertex 5 46.5067 22.88
    endloop
  endfacet
  facet normal -1 0 0
    outer loop
      vertex 5 47.0215 21.062
      vertex 5 46.5067 22.88
      vertex 5 47.0445 22.286
    endloop
  endfacet
  facet normal -1 0 0
    outer loop
      vertex 5 46.5067 22.88
      vertex 5 47.187 22.5925
      vertex 5 47.0445 22.286
    endloop
  endfacet
  facet normal -1 0 0
    outer loop
      vertex 5 46.5067 22.88
      vertex 5 47.4065 22.794
      vertex 5 47.187 22.5925
    endloop
  endfacet
  facet normal -1 -0 0
    outer loop
      vertex 5 47.7218 22.9065
      vertex 5 46.5067 22.88
      vertex 5 54 27.02
    endloop
  endfacet
  facet normal -1 0 0
    outer loop
      vertex 5 45.4667 22.88
      vertex 5 54 27.02
      vertex 5 46.5067 22.88
    endloop
  endfacet
  facet normal -1 0 0
    outer loop
      vertex 5 38 27.02
      vertex 5 45.4667 22.88
      vertex 5 44.7107 22.7065
    endloop
  endfacet
  facet normal -1 0 0
    outer loop
      vertex 5 38 27.02
      vertex 5 44.3389 21.081
      vertex 5 44.2927 20.816
    endloop
  endfacet
  facet normal -1 0 0
    outer loop
      vertex 5 38 27.02
      vertex 5 44.2927 20.816
      vertex 5 38 15
    endloop
  endfacet
  facet normal -1 0 0
    outer loop
      vertex 5 44.3389 21.081
      vertex 5 38 27.02
      vertex 5 44.4587 22.186
    endloop
  endfacet
  facet normal -1 0 0
    outer loop
      vertex 5 44.4587 22.186
      vertex 5 38 27.02
      vertex 5 44.7107 22.7065
    endloop
  endfacet
  facet normal -1 0 0
    outer loop
      vertex 5 45.4667 22.88
      vertex 5 38 27.02
      vertex 5 54 27.02
    endloop
  endfacet
  facet normal -1 0 0
    outer loop
      vertex 5 34 30
      vertex 5 54 27.02
      vertex 5 38 27.02
    endloop
  endfacet
  facet normal -1 0 0
    outer loop
      vertex 5 54 27.02
      vertex 5 34 30
      vertex 5 69 30
    endloop
  endfacet
  facet normal -1 0 0
    outer loop
      vertex 5 34 30
      vertex 5 26.5 30
      vertex 5 34 35.02
    endloop
  endfacet
  facet normal -1 0 0
    outer loop
      vertex 5 26 27.02
      vertex 5 34 30
      vertex 5 38 27.02
    endloop
  endfacet
  facet normal -1 -0 0
    outer loop
      vertex 5 34 30
      vertex 5 26 27.02
      vertex 5 26.5 30
    endloop
  endfacet
  facet normal -1 0 0
    outer loop
      vertex 5 22.787 22.88
      vertex 5 26 27.02
      vertex 5 22.787 22.569
    endloop
  endfacet
  facet normal -1 0 0
    outer loop
      vertex 5 20.896 22.88
      vertex 5 26 27.02
      vertex 5 22.787 22.88
    endloop
  endfacet
  facet normal -1 0 0
    outer loop
      vertex 5 14 30
      vertex 5 26 27.02
      vertex 5 20.896 22.88
    endloop
  endfacet
  facet normal -1 -0 0
    outer loop
      vertex 5 21.2705 21.981
      vertex 5 20.5523 21.28
      vertex 5 20.896 22.583
    endloop
  endfacet
  facet normal -1 0 0
    outer loop
      vertex 5 19.5373 21.28
      vertex 5 20.896 22.583
      vertex 5 20.5523 21.28
    endloop
  endfacet
  facet normal -1 0 0
    outer loop
      vertex 5 18.9818 22.048
      vertex 5 20.896 22.583
      vertex 5 19.5373 21.28
    endloop
  endfacet
  facet normal -1 -0 0
    outer loop
      vertex 5 20.896 22.583
      vertex 5 18.9818 22.393
      vertex 5 20.896 22.88
    endloop
  endfacet
  facet normal -1 0 0
    outer loop
      vertex 5 19.0648 20.311
      vertex 5 19.5373 20.955
      vertex 5 19.0648 20
    endloop
  endfacet
  facet normal -1 0 0
    outer loop
      vertex 5 18.3358 20.311
      vertex 5 19.5373 20.955
      vertex 5 19.0648 20.311
    endloop
  endfacet
  facet normal -1 -0 0
    outer loop
      vertex 5 19.5373 20.955
      vertex 5 18.3358 20.311
      vertex 5 19.5373 21.28
    endloop
  endfacet
  facet normal -1 0 0
    outer loop
      vertex 5 20.896 22.583
      vertex 5 18.9818 22.048
      vertex 5 18.9818 22.393
    endloop
  endfacet
  facet normal -1 0 0
    outer loop
      vertex 5 18.3048 22.88
      vertex 5 20.896 22.88
      vertex 5 18.9818 22.393
    endloop
  endfacet
  facet normal -1 0 0
    outer loop
      vertex 5 14 30
      vertex 5 20.896 22.88
      vertex 5 18.3048 22.88
    endloop
  endfacet
  facet normal -1 0 0
    outer loop
      vertex 5 14 30
      vertex 5 18.3048 22.88
      vertex 5 17.9678 22.88
    endloop
  endfacet
  facet normal -1 0 0
    outer loop
      vertex 5 15.0152 20
      vertex 5 17.2425 18.234
      vertex 5 17.2155 16.677
    endloop
  endfacet
  facet normal -1 0 0
    outer loop
      vertex 5 16.9101 20.258
      vertex 5 17.2719 20
      vertex 5 16.9101 20
    endloop
  endfacet
  facet normal -1 0 0
    outer loop
      vertex 5 17.2719 20
      vertex 5 16.9101 20.258
      vertex 5 17.2719 20.311
    endloop
  endfacet
  facet normal -1 0 0
    outer loop
      vertex 5 16.7949 20.4847
      vertex 5 17.2719 20.311
      vertex 5 16.9101 20.258
    endloop
  endfacet
  facet normal -1 0 0
    outer loop
      vertex 5 17.9678 20.311
      vertex 5 16.8941 22.195
      vertex 5 17.9678 22.88
    endloop
  endfacet
  facet normal -1 0 0
    outer loop
      vertex 5 16.8006 22.503
      vertex 5 17.9678 22.88
      vertex 5 16.8941 22.195
    endloop
  endfacet
  facet normal -1 0 0
    outer loop
      vertex 5 16.6021 22.741
      vertex 5 17.9678 22.88
      vertex 5 16.8006 22.503
    endloop
  endfacet
  facet normal -1 0 0
    outer loop
      vertex 5 16.3154 22.8932
      vertex 5 17.9678 22.88
      vertex 5 16.6021 22.741
    endloop
  endfacet
  facet normal -1 0 0
    outer loop
      vertex 5 17.9678 22.88
      vertex 5 16.3154 22.8932
      vertex 5 14 30
    endloop
  endfacet
  facet normal -1 0 0
    outer loop
      vertex 5 14 30
      vertex 5 16.3154 22.8932
      vertex 5 15.9572 22.944
    endloop
  endfacet
  facet normal -1 0 0
    outer loop
      vertex 5 14 30
      vertex 5 15.9572 22.944
      vertex 5 15.5744 22.8922
    endloop
  endfacet
  facet normal -1 0 0
    outer loop
      vertex 5 14.8385 22.88
      vertex 5 15.5744 22.8922
      vertex 5 15.2921 22.737
    endloop
  endfacet
  facet normal -1 -0 0
    outer loop
      vertex 5 15.0782 21.9795
      vertex 5 13.6705 20
      vertex 5 15.0591 22.148
    endloop
  endfacet
  facet normal -1 0 0
    outer loop
      vertex 5 14.8385 22.88
      vertex 5 15.1174 22.4862
      vertex 5 15.0591 22.148
    endloop
  endfacet
  facet normal -1 0 0
    outer loop
      vertex 5 14.8385 22.88
      vertex 5 15.2921 22.737
      vertex 5 15.1174 22.4862
    endloop
  endfacet
  facet normal -1 -0 0
    outer loop
      vertex 5 15.5744 22.8922
      vertex 5 14.8385 22.88
      vertex 5 14 30
    endloop
  endfacet
  facet normal -1 0 0
    outer loop
      vertex 5 14 30
      vertex 5 14.8385 22.88
      vertex 5 14.4295 22.88
    endloop
  endfacet
  facet normal -1 0 0
    outer loop
      vertex 5 26 27.02
      vertex 5 14 30
      vertex 5 26.5 30
    endloop
  endfacet
  facet normal -1 0 0
    outer loop
      vertex 5 13 21.6137
      vertex 5 14.4295 22.88
      vertex 5 13.6375 20.85
    endloop
  endfacet
  facet normal -1 -0 0
    outer loop
      vertex 5 14.4295 22.88
      vertex 5 13 21.6137
      vertex 5 14 30
    endloop
  endfacet
  facet normal -1 0 0
    outer loop
      vertex 5 13.2964 20.85
      vertex 5 13.6375 20.85
      vertex 5 13.4675 20.341
    endloop
  endfacet
  facet normal -1 0 0
    outer loop
      vertex 5 13 21.6137
      vertex 5 13.6375 20.85
      vertex 5 13.2964 20.85
    endloop
  endfacet
  facet normal -1 0 0
    outer loop
      vertex 5 13 37.52
      vertex 5 14 30
      vertex 5 13 21.6137
    endloop
  endfacet
  facet normal -1 0 0
    outer loop
      vertex 5 14 30
      vertex 5 13 37.52
      vertex 5 14 37.52
    endloop
  endfacet
  facet normal -1 0 0
    outer loop
      vertex 5 69 27.02
      vertex 5 70.5 10
      vertex 5 69 15
    endloop
  endfacet
  facet normal -1 0 0
    outer loop
      vertex 5 70.5 10
      vertex 5 54 15
      vertex 5 69 15
    endloop
  endfacet
  facet normal -1 0 0
    outer loop
      vertex 5 54 15
      vertex 5 52.179 21.032
      vertex 5 54 27.02
    endloop
  endfacet
  facet normal -1 0 0
    outer loop
      vertex 5 54 15
      vertex 5 52.143 20.7137
      vertex 5 52.179 21.032
    endloop
  endfacet
  facet normal -1 0 0
    outer loop
      vertex 5 54 15
      vertex 5 52.035 20.443
      vertex 5 52.143 20.7137
    endloop
  endfacet
  facet normal -1 0 0
    outer loop
      vertex 5 54 15
      vertex 5 51.8615 20.2252
      vertex 5 52.035 20.443
    endloop
  endfacet
  facet normal -1 0 0
    outer loop
      vertex 5 54 15
      vertex 5 51.629 20.066
      vertex 5 51.8615 20.2252
    endloop
  endfacet
  facet normal -1 0 0
    outer loop
      vertex 5 54 15
      vertex 5 51.3445 19.9685
      vertex 5 51.629 20.066
    endloop
  endfacet
  facet normal -1 0 0
    outer loop
      vertex 5 54 15
      vertex 5 51.015 19.936
      vertex 5 51.3445 19.9685
    endloop
  endfacet
  facet normal -1 0 0
    outer loop
      vertex 5 54 15
      vertex 5 50.674 19.9698
      vertex 5 51.015 19.936
    endloop
  endfacet
  facet normal -1 0 0
    outer loop
      vertex 5 48.1595 19.936
      vertex 5 50.674 19.9698
      vertex 5 54 15
    endloop
  endfacet
  facet normal -1 0 0
    outer loop
      vertex 5 50.674 19.9698
      vertex 5 48.9858 20.118
      vertex 5 50.381 20.071
    endloop
  endfacet
  facet normal -1 0 0
    outer loop
      vertex 5 50.381 20.071
      vertex 5 48.9858 20.118
      vertex 5 50.1418 20.236
    endloop
  endfacet
  facet normal -1 0 0
    outer loop
      vertex 5 49.0295 21.65
      vertex 5 49.817 21.069
      vertex 5 49.3725 20.664
    endloop
  endfacet
  facet normal -1 -0 0
    outer loop
      vertex 5 49.8538 20.741
      vertex 5 49.3725 20.664
      vertex 5 49.817 21.069
    endloop
  endfacet
  facet normal -1 0 0
    outer loop
      vertex 5 49.964 20.461
      vertex 5 49.3725 20.664
      vertex 5 49.8538 20.741
    endloop
  endfacet
  facet normal -1 -0 0
    outer loop
      vertex 5 50.1418 20.236
      vertex 5 48.9858 20.118
      vertex 5 49.964 20.461
    endloop
  endfacet
  facet normal -1 -0 0
    outer loop
      vertex 5 49.964 20.461
      vertex 5 48.9858 20.118
      vertex 5 49.3725 20.664
    endloop
  endfacet
  facet normal -1 -0 0
    outer loop
      vertex 5 50.674 19.9698
      vertex 5 48.1595 19.936
      vertex 5 48.9858 20.118
    endloop
  endfacet
  facet normal -1 0 0
    outer loop
      vertex 5 54 15
      vertex 5 47.6605 19.9915
      vertex 5 48.1595 19.936
    endloop
  endfacet
  facet normal -1 0 0
    outer loop
      vertex 5 46.5067 20
      vertex 5 47.6605 19.9915
      vertex 5 54 15
    endloop
  endfacet
  facet normal -1 -0 0
    outer loop
      vertex 5 47.055 20.4257
      vertex 5 46.5067 20
      vertex 5 46.9775 20.785
    endloop
  endfacet
  facet normal -1 -0 0
    outer loop
      vertex 5 47.2875 20.158
      vertex 5 46.5067 20
      vertex 5 47.055 20.4257
    endloop
  endfacet
  facet normal -1 0 0
    outer loop
      vertex 5 47.6605 19.9915
      vertex 5 46.5067 20
      vertex 5 47.2875 20.158
    endloop
  endfacet
  facet normal -1 0 0
    outer loop
      vertex 5 54 15
      vertex 5 45.3447 20
      vertex 5 46.5067 20
    endloop
  endfacet
  facet normal -1 0 0
    outer loop
      vertex 5 38 15
      vertex 5 45.3447 20
      vertex 5 54 15
    endloop
  endfacet
  facet normal -1 -0 0
    outer loop
      vertex 5 45.3447 20
      vertex 5 38 15
      vertex 5 44.9039 20.0537
    endloop
  endfacet
  facet normal -1 -0 0
    outer loop
      vertex 5 44.3624 20.4727
      vertex 5 38 15
      vertex 5 44.2927 20.816
    endloop
  endfacet
  facet normal -1 -0 0
    outer loop
      vertex 5 44.5717 20.215
      vertex 5 38 15
      vertex 5 44.3624 20.4727
    endloop
  endfacet
  facet normal -1 -0 0
    outer loop
      vertex 5 44.9039 20.0537
      vertex 5 38 15
      vertex 5 44.5717 20.215
    endloop
  endfacet
  facet normal -1 0 0
    outer loop
      vertex 5 70.5 10
      vertex 5 38 15
      vertex 5 54 15
    endloop
  endfacet
  facet normal -1 0 0
    outer loop
      vertex 5 13 10
      vertex 5 38 15
      vertex 5 70.5 10
    endloop
  endfacet
  facet normal -1 0 0
    outer loop
      vertex 5 26 15
      vertex 5 22.787 22.569
      vertex 5 26 27.02
    endloop
  endfacet
  facet normal -1 0 0
    outer loop
      vertex 5 22.659 18.88
      vertex 5 26 15
      vertex 5 22.659 16
    endloop
  endfacet
  facet normal -1 0 0
    outer loop
      vertex 5 26 15
      vertex 5 21.588 16
      vertex 5 22.659 16
    endloop
  endfacet
  facet normal -1 0 0
    outer loop
      vertex 5 13 10
      vertex 5 21.588 16
      vertex 5 26 15
    endloop
  endfacet
  facet normal -1 0 0
    outer loop
      vertex 5 20.2383 17.052
      vertex 5 19.8505 17.452
      vertex 5 20.195 17.47
    endloop
  endfacet
  facet normal -1 0 0
    outer loop
      vertex 5 19.8093 17.017
      vertex 5 20.2383 17.052
      vertex 5 20.368 16.69
    endloop
  endfacet
  facet normal -1 -0 0
    outer loop
      vertex 5 20.2383 17.052
      vertex 5 19.8093 17.017
      vertex 5 19.8505 17.452
    endloop
  endfacet
  facet normal -1 0 0
    outer loop
      vertex 5 19.6855 16.644
      vertex 5 20.368 16.69
      vertex 5 20.5763 16.395
    endloop
  endfacet
  facet normal -1 -0 0
    outer loop
      vertex 5 20.368 16.69
      vertex 5 19.6855 16.644
      vertex 5 19.8093 17.017
    endloop
  endfacet
  facet normal -1 0 0
    outer loop
      vertex 5 19.482 16.3422
      vertex 5 20.5763 16.395
      vertex 5 20.857 16.178
    endloop
  endfacet
  facet normal -1 -0 0
    outer loop
      vertex 5 20.5763 16.395
      vertex 5 19.482 16.3422
      vertex 5 19.6855 16.644
    endloop
  endfacet
  facet normal -1 0 0
    outer loop
      vertex 5 19.2035 16.119
      vertex 5 20.857 16.178
      vertex 5 21.1983 16.0445
    endloop
  endfacet
  facet normal -1 -0 0
    outer loop
      vertex 5 21.588 16
      vertex 5 13 10
      vertex 5 21.1983 16.0445
    endloop
  endfacet
  facet normal -1 -0 0
    outer loop
      vertex 5 20.857 16.178
      vertex 5 19.2035 16.119
      vertex 5 19.482 16.3422
    endloop
  endfacet
  facet normal -1 -0 0
    outer loop
      vertex 5 21.1983 16.0445
      vertex 5 18.8583 15.9818
      vertex 5 19.2035 16.119
    endloop
  endfacet
  facet normal -1 0 0
    outer loop
      vertex 5 21.1983 16.0445
      vertex 5 13 10
      vertex 5 18.8583 15.9818
    endloop
  endfacet
  facet normal -1 0 0
    outer loop
      vertex 5 18.8583 15.9818
      vertex 5 13 10
      vertex 5 18.4545 15.936
    endloop
  endfacet
  facet normal -1 0 0
    outer loop
      vertex 5 17.2425 18.234
      vertex 5 15.0152 20
      vertex 5 16.9101 20
    endloop
  endfacet
  facet normal -1 0 0
    outer loop
      vertex 5 13.6705 20
      vertex 5 15.0152 20.311
      vertex 5 15.0152 20
    endloop
  endfacet
  facet normal -1 -0 0
    outer loop
      vertex 5 15.0591 22.148
      vertex 5 13.6705 20
      vertex 5 14.8385 22.88
    endloop
  endfacet
  facet normal -1 0 0
    outer loop
      vertex 5 17.2155 16.677
      vertex 5 13.6705 20
      vertex 5 15.0152 20
    endloop
  endfacet
  facet normal -1 0 0
    outer loop
      vertex 5 13 10
      vertex 5 17.2155 16.677
      vertex 5 17.4283 16.3575
    endloop
  endfacet
  facet normal -1 0 0
    outer loop
      vertex 5 17.2155 16.677
      vertex 5 13.2684 20
      vertex 5 13.6705 20
    endloop
  endfacet
  facet normal -1 -0 0
    outer loop
      vertex 5 38 15
      vertex 5 13 10
      vertex 5 26 15
    endloop
  endfacet
  facet normal -1 -0 0
    outer loop
      vertex 5 18.4545 15.936
      vertex 5 13 10
      vertex 5 18.058 15.9833
    endloop
  endfacet
  facet normal -1 0 0
    outer loop
      vertex 5 13 10
      vertex 5 17.7125 16.125
      vertex 5 18.058 15.9833
    endloop
  endfacet
  facet normal -1 0 0
    outer loop
      vertex 5 13 10
      vertex 5 17.4283 16.3575
      vertex 5 17.7125 16.125
    endloop
  endfacet
  facet normal -1 -0 0
    outer loop
      vertex 5 17.2155 16.677
      vertex 5 13 10
      vertex 5 13.2684 20
    endloop
  endfacet
  facet normal -1 -0 0
    outer loop
      vertex 5 13.2684 20
      vertex 5 13 10
      vertex 5 13 20.6619
    endloop
  endfacet
  facet normal -1 0 0
    outer loop
      vertex 5 70.5 10
      vertex 5 69 27.02
      vertex 5 70.5 37.52
    endloop
  endfacet
  facet normal -1 0 0
    outer loop
      vertex 5 69 30
      vertex 5 70.5 37.52
      vertex 5 69 27.02
    endloop
  endfacet
  facet normal -1 0 0
    outer loop
      vertex 5 69 35.02
      vertex 5 70.5 37.52
      vertex 5 69 30
    endloop
  endfacet
  facet normal -1 0 0
    outer loop
      vertex 5 34 35.02
      vertex 5 70.5 37.52
      vertex 5 69 35.02
    endloop
  endfacet
  facet normal -1 0 0
    outer loop
      vertex 5 34 35.02
      vertex 5 26.5 37.52
      vertex 5 70.5 37.52
    endloop
  endfacet
  facet normal -1 0 0
    outer loop
      vertex 5 26.5 37.52
      vertex 5 34 35.02
      vertex 5 26.5 30
    endloop
  endfacet
  facet normal -1 0 0
    outer loop
      vertex 5 46.1187 20.311
      vertex 5 45.3957 21.361
      vertex 5 46.1187 21.361
    endloop
  endfacet
  facet normal -1 0 0
    outer loop
      vertex 5 45.3647 20.311
      vertex 5 45.3957 21.361
      vertex 5 46.1187 20.311
    endloop
  endfacet
  facet normal -1 0 0
    outer loop
      vertex 5 45.0579 20.3445
      vertex 5 45.3957 21.361
      vertex 5 45.3647 20.311
    endloop
  endfacet
  facet normal -1 0 0
    outer loop
      vertex 5 45.0579 20.3445
      vertex 5 44.8624 21.2322
      vertex 5 45.3957 21.361
    endloop
  endfacet
  facet normal -1 0 0
    outer loop
      vertex 5 44.7254 20.6127
      vertex 5 45.0579 20.3445
      vertex 5 44.8477 20.445
    endloop
  endfacet
  facet normal -1 0 0
    outer loop
      vertex 5 45.0579 20.3445
      vertex 5 44.7254 20.6127
      vertex 5 44.6847 20.846
    endloop
  endfacet
  facet normal -1 0 0
    outer loop
      vertex 5 45.0579 20.3445
      vertex 5 44.6847 20.846
      vertex 5 44.8624 21.2322
    endloop
  endfacet
  facet normal -1 0 0
    outer loop
      vertex 5 45.4667 21.664
      vertex 5 46.1187 22.569
      vertex 5 46.1187 21.664
    endloop
  endfacet
  facet normal -1 0 0
    outer loop
      vertex 5 45.4667 21.664
      vertex 5 45.4667 22.569
      vertex 5 46.1187 22.569
    endloop
  endfacet
  facet normal -1 0 0
    outer loop
      vertex 5 45.4667 21.664
      vertex 5 45.2014 22.544
      vertex 5 45.4667 22.569
    endloop
  endfacet
  facet normal -1 0 0
    outer loop
      vertex 5 45.1952 21.693
      vertex 5 45.2014 22.544
      vertex 5 45.4667 21.664
    endloop
  endfacet
  facet normal -1 0 0
    outer loop
      vertex 5 44.8487 22.139
      vertex 5 45.2014 22.544
      vertex 5 45.1952 21.693
    endloop
  endfacet
  facet normal -1 0 0
    outer loop
      vertex 5 44.8487 22.139
      vertex 5 45.1952 21.693
      vertex 5 45.0027 21.78
    endloop
  endfacet
  facet normal -1 0 0
    outer loop
      vertex 5 45.2014 22.544
      vertex 5 44.8487 22.139
      vertex 5 45.0077 22.469
    endloop
  endfacet
  facet normal -1 0 0
    outer loop
      vertex 5 44.8487 22.139
      vertex 5 45.0027 21.78
      vertex 5 44.8872 21.9282
    endloop
  endfacet
  facet normal -1 0 0
    outer loop
      vertex 5 45.0077 22.469
      vertex 5 44.8487 22.139
      vertex 5 44.8884 22.337
    endloop
  endfacet
  facet normal -1 0 0
    outer loop
      vertex 5 22.271 16.311
      vertex 5 21.721 18.569
      vertex 5 22.271 18.569
    endloop
  endfacet
  facet normal -1 0 0
    outer loop
      vertex 5 21.633 16.311
      vertex 5 21.721 18.569
      vertex 5 22.271 16.311
    endloop
  endfacet
  facet normal -1 0 0
    outer loop
      vertex 5 20.617 17.1367
      vertex 5 21.633 16.311
      vertex 5 21.3373 16.3457
    endloop
  endfacet
  facet normal -1 0 0
    outer loop
      vertex 5 21.633 16.311
      vertex 5 20.585 17.47
      vertex 5 21.721 18.569
    endloop
  endfacet
  facet normal -1 0 0
    outer loop
      vertex 5 20.713 16.851
      vertex 5 21.3373 16.3457
      vertex 5 21.08 16.45
    endloop
  endfacet
  facet normal -1 0 0
    outer loop
      vertex 5 21.721 18.569
      vertex 5 20.585 17.47
      vertex 5 21.2335 18.4985
    endloop
  endfacet
  facet normal -1 0 0
    outer loop
      vertex 5 20.713 16.851
      vertex 5 21.08 16.45
      vertex 5 20.8688 16.6197
    endloop
  endfacet
  facet normal -1 0 0
    outer loop
      vertex 5 21.3373 16.3457
      vertex 5 20.713 16.851
      vertex 5 20.617 17.1367
    endloop
  endfacet
  facet normal -1 0 -0
    outer loop
      vertex 5 20.658 17.9422
      vertex 5 21.2335 18.4985
      vertex 5 20.585 17.47
    endloop
  endfacet
  facet normal -1 0 0
    outer loop
      vertex 5 21.633 16.311
      vertex 5 20.617 17.1367
      vertex 5 20.585 17.47
    endloop
  endfacet
  facet normal -1 0 0
    outer loop
      vertex 5 21.2335 18.4985
      vertex 5 20.658 17.9422
      vertex 5 20.877 18.287
    endloop
  endfacet
  facet normal -0 0 1
    outer loop
      vertex 3.30933 35.8582 10
      vertex 4.1 22.5 10
      vertex 4.1 37.5 10
    endloop
  endfacet
  facet normal 0 0 1
    outer loop
      vertex 3.30933 35.8582 10
      vertex 3.30933 24.1418 10
      vertex 4.1 22.5 10
    endloop
  endfacet
  facet normal -0 0 1
    outer loop
      vertex 1.53271 35.4527 10
      vertex 3.30933 24.1418 10
      vertex 3.30933 35.8582 10
    endloop
  endfacet
  facet normal 0 0 1
    outer loop
      vertex 1.53271 35.4527 10
      vertex 1.53271 24.5473 10
      vertex 3.30933 24.1418 10
    endloop
  endfacet
  facet normal 0 0 1
    outer loop
      vertex 0 24 10
      vertex 1.53271 24.5473 10
      vertex 1.53271 35.4527 10
    endloop
  endfacet
  facet normal -0 0 1
    outer loop
      vertex 0 36 10
      vertex 1.53271 35.4527 10
      vertex 0.846351 36 10
    endloop
  endfacet
  facet normal 0 0 1
    outer loop
      vertex 0 24 10
      vertex 1.53271 35.4527 10
      vertex 0 36 10
    endloop
  endfacet
  facet normal 0 0 1
    outer loop
      vertex 1.53271 24.5473 10
      vertex 0 24 10
      vertex 0.846352 24 10
    endloop
  endfacet
  facet normal -0 0 1
    outer loop
      vertex 3.30933 50.8582 10
      vertex 4.1 37.5 10
      vertex 4.1 52.5 10
    endloop
  endfacet
  facet normal 0 0 1
    outer loop
      vertex 3.30933 50.8582 10
      vertex 3.30933 39.1418 10
      vertex 4.1 37.5 10
    endloop
  endfacet
  facet normal -0 0 1
    outer loop
      vertex 1.53271 50.4527 10
      vertex 3.30933 39.1418 10
      vertex 3.30933 50.8582 10
    endloop
  endfacet
  facet normal 0 0 1
    outer loop
      vertex 1.53271 50.4527 10
      vertex 1.53271 39.5473 10
      vertex 3.30933 39.1418 10
    endloop
  endfacet
  facet normal 0 0 1
    outer loop
      vertex 0 39 10
      vertex 1.53271 39.5473 10
      vertex 1.53271 50.4527 10
    endloop
  endfacet
  facet normal -0 0 1
    outer loop
      vertex 0 51 10
      vertex 1.53271 50.4527 10
      vertex 0.846351 51 10
    endloop
  endfacet
  facet normal 0 0 1
    outer loop
      vertex 0 39 10
      vertex 1.53271 50.4527 10
      vertex 0 51 10
    endloop
  endfacet
  facet normal 0 0 1
    outer loop
      vertex 1.53271 39.5473 10
      vertex 0 39 10
      vertex 0.846352 39 10
    endloop
  endfacet
  facet normal -0 0 1
    outer loop
      vertex 3.30933 65.8582 10
      vertex 4.1 52.5 10
      vertex 4.1 67.5 10
    endloop
  endfacet
  facet normal 0 0 1
    outer loop
      vertex 3.30933 65.8582 10
      vertex 3.30933 54.1418 10
      vertex 4.1 52.5 10
    endloop
  endfacet
  facet normal -0 0 1
    outer loop
      vertex 1.53271 65.4527 10
      vertex 3.30933 54.1418 10
      vertex 3.30933 65.8582 10
    endloop
  endfacet
  facet normal 0 0 1
    outer loop
      vertex 1.53271 65.4527 10
      vertex 1.53271 54.5473 10
      vertex 3.30933 54.1418 10
    endloop
  endfacet
  facet normal 0 0 1
    outer loop
      vertex 0 54 10
      vertex 1.53271 54.5473 10
      vertex 1.53271 65.4527 10
    endloop
  endfacet
  facet normal -0 0 1
    outer loop
      vertex 0 66 10
      vertex 1.53271 65.4527 10
      vertex 0.846351 66 10
    endloop
  endfacet
  facet normal 0 0 1
    outer loop
      vertex 0 54 10
      vertex 1.53271 65.4527 10
      vertex 0 66 10
    endloop
  endfacet
  facet normal 0 0 1
    outer loop
      vertex 1.53271 54.5473 10
      vertex 0 54 10
      vertex 0.846352 54 10
    endloop
  endfacet
  facet normal 0 0 1
    outer loop
      vertex 4.1 52.5 10
      vertex 5 70.5 10
      vertex 4.1 67.5 10
    endloop
  endfacet
  facet normal 0 0 1
    outer loop
      vertex 5 70.5 10
      vertex 3.30933 69.1418 10
      vertex 4.1 67.5 10
    endloop
  endfacet
  facet normal 0 0 1
    outer loop
      vertex 5 70.5 10
      vertex 1.53271 69.5473 10
      vertex 3.30933 69.1418 10
    endloop
  endfacet
  facet normal -0 0 1
    outer loop
      vertex 0 70.5 10
      vertex 1.53271 69.5473 10
      vertex 5 70.5 10
    endloop
  endfacet
  facet normal 0 0 1
    outer loop
      vertex 0 70.5 10
      vertex 0.846352 69 10
      vertex 1.53271 69.5473 10
    endloop
  endfacet
  facet normal 0 0 1
    outer loop
      vertex 0.846352 69 10
      vertex 0 70.5 10
      vertex 0 69 10
    endloop
  endfacet
  facet normal 0 0 1
    outer loop
      vertex 4.1 37.5 10
      vertex 5 70.5 10
      vertex 4.1 52.5 10
    endloop
  endfacet
  facet normal 0 0 1
    outer loop
      vertex 5 70.5 10
      vertex 4.1 37.5 10
      vertex 5 13 10
    endloop
  endfacet
  facet normal -0 0 1
    outer loop
      vertex 4.1 22.5 10
      vertex 5 13 10
      vertex 4.1 37.5 10
    endloop
  endfacet
  facet normal -0 0 1
    outer loop
      vertex 3.30933 20.8582 10
      vertex 5 13 10
      vertex 4.1 22.5 10
    endloop
  endfacet
  facet normal -0 0 1
    outer loop
      vertex 1.53271 20.4527 10
      vertex 5 13 10
      vertex 3.30933 20.8582 10
    endloop
  endfacet
  facet normal -0 0 1
    outer loop
      vertex 0 21 10
      vertex 1.53271 20.4527 10
      vertex 0.846351 21 10
    endloop
  endfacet
  facet normal 0 0 1
    outer loop
      vertex 1.53271 20.4527 10
      vertex 0 21 10
      vertex 0 13 10
    endloop
  endfacet
  facet normal 0 0 1
    outer loop
      vertex 1.53271 20.4527 10
      vertex 0 13 10
      vertex 5 13 10
    endloop
  endfacet
  facet normal 0 1 0
    outer loop
      vertex 5 13 20.6619
      vertex 5 13 10
      vertex 4.98 13 20.6619
    endloop
  endfacet
  facet normal 0 1 0
    outer loop
      vertex 4.98 13 21.6137
      vertex 5 13 37.52
      vertex 5 13 21.6137
    endloop
  endfacet
  facet normal 0 1 0
    outer loop
      vertex 5 13 37.52
      vertex 4.98 13 21.6137
      vertex 0 13 37.52
    endloop
  endfacet
  facet normal 0 1 0
    outer loop
      vertex 0 13 10
      vertex 4.98 13 21.6137
      vertex 4.98 13 20.6619
    endloop
  endfacet
  facet normal 0 1 0
    outer loop
      vertex 0 13 10
      vertex 4.98 13 20.6619
      vertex 5 13 10
    endloop
  endfacet
  facet normal 0 1 0
    outer loop
      vertex 4.98 13 21.6137
      vertex 0 13 10
      vertex 0 13 37.52
    endloop
  endfacet
  facet normal 0 -1 0
    outer loop
      vertex 0 70.5 10
      vertex 5 70.5 37.52
      vertex 0 70.5 37.52
    endloop
  endfacet
  facet normal 0 -1 -0
    outer loop
      vertex 5 70.5 37.52
      vertex 0 70.5 10
      vertex 5 70.5 10
    endloop
  endfacet
  facet normal -1 0 0
    outer loop
      vertex 5.98 48.895 20.5152
      vertex 5.98 49.3725 20.664
      vertex 5.98 48.9858 20.118
    endloop
  endfacet
  facet normal -1 -0 0
    outer loop
      vertex 5.98 49.3725 20.664
      vertex 5.98 48.895 20.5152
      vertex 5.98 48.9965 20.739
    endloop
  endfacet
  facet normal -1 0 0
    outer loop
      vertex 5.98 48.9858 20.118
      vertex 5.98 48.7205 20.36
      vertex 5.98 48.895 20.5152
    endloop
  endfacet
  facet normal -1 0 0
    outer loop
      vertex 5.98 48.9858 20.118
      vertex 5.98 48.4713 20.2692
      vertex 5.98 48.7205 20.36
    endloop
  endfacet
  facet normal -1 0 0
    outer loop
      vertex 5.98 48.1595 19.936
      vertex 5.98 48.4713 20.2692
      vertex 5.98 48.9858 20.118
    endloop
  endfacet
  facet normal -1 0 0
    outer loop
      vertex 5.98 48.1595 19.936
      vertex 5.98 48.1455 20.239
      vertex 5.98 48.4713 20.2692
    endloop
  endfacet
  facet normal -1 0 0
    outer loop
      vertex 5.98 48.1595 19.936
      vertex 5.98 47.8125 20.2722
      vertex 5.98 48.1455 20.239
    endloop
  endfacet
  facet normal -1 0 0
    outer loop
      vertex 5.98 47.6605 19.9915
      vertex 5.98 47.8125 20.2722
      vertex 5.98 48.1595 19.936
    endloop
  endfacet
  facet normal -1 0 0
    outer loop
      vertex 5.98 47.6605 19.9915
      vertex 5.98 47.5655 20.372
      vertex 5.98 47.8125 20.2722
    endloop
  endfacet
  facet normal -1 0 0
    outer loop
      vertex 5.98 47.2875 20.158
      vertex 5.98 47.5655 20.372
      vertex 5.98 47.6605 19.9915
    endloop
  endfacet
  facet normal -1 -0 0
    outer loop
      vertex 5.98 47.5655 20.372
      vertex 5.98 47.2875 20.158
      vertex 5.98 47.4125 20.537
    endloop
  endfacet
  facet normal -1 0 0
    outer loop
      vertex 5.98 47.055 20.4257
      vertex 5.98 47.4125 20.537
      vertex 5.98 47.2875 20.158
    endloop
  endfacet
  facet normal -1 -0 0
    outer loop
      vertex 5.98 47.4125 20.537
      vertex 5.98 47.055 20.4257
      vertex 5.98 47.3615 20.764
    endloop
  endfacet
  facet normal -1 0 -0
    outer loop
      vertex 5.98 46.9885 20.9337
      vertex 5.98 47.3615 20.764
      vertex 5.98 46.9775 20.785
    endloop
  endfacet
  facet normal -1 0 -0
    outer loop
      vertex 5.98 47.0215 21.062
      vertex 5.98 47.3615 20.764
      vertex 5.98 46.9885 20.9337
    endloop
  endfacet
  facet normal -1 0 0
    outer loop
      vertex 5.98 47.3615 20.764
      vertex 5.98 47.2265 21.3482
      vertex 5.98 47.3245 21.415
    endloop
  endfacet
  facet normal -1 -0 0
    outer loop
      vertex 5.98 47.3615 20.764
      vertex 5.98 47.055 20.4257
      vertex 5.98 46.9775 20.785
    endloop
  endfacet
  facet normal -1 0 0
    outer loop
      vertex 5.98 47.3615 20.764
      vertex 5.98 47.1425 21.268
      vertex 5.98 47.2265 21.3482
    endloop
  endfacet
  facet normal -1 0 -0
    outer loop
      vertex 5.98 47.0733 21.173
      vertex 5.98 47.3615 20.764
      vertex 5.98 47.0215 21.062
    endloop
  endfacet
  facet normal -1 0 0
    outer loop
      vertex 5.98 47.3615 20.764
      vertex 5.98 47.0733 21.173
      vertex 5.98 47.1425 21.268
    endloop
  endfacet
  facet normal -1 0 0
    outer loop
      vertex 5.98 49.225 22.0072
      vertex 5.98 48.843 22.0597
      vertex 5.98 48.8605 22.183
    endloop
  endfacet
  facet normal -1 0 0
    outer loop
      vertex 5.98 49.0295 21.65
      vertex 5.98 48.7905 21.96
      vertex 5.98 48.843 22.0597
    endloop
  endfacet
  facet normal -1 0 0
    outer loop
      vertex 5.98 48.705 21.8785
      vertex 5.98 48.9093 21.5602
      vertex 5.98 48.7525 21.479
    endloop
  endfacet
  facet normal -1 0 0
    outer loop
      vertex 5.98 49.0295 21.65
      vertex 5.98 48.705 21.8785
      vertex 5.98 48.7905 21.96
    endloop
  endfacet
  facet normal -1 0 0
    outer loop
      vertex 5.98 48.7525 21.479
      vertex 5.98 48.5885 21.81
      vertex 5.98 48.705 21.8785
    endloop
  endfacet
  facet normal -1 0 0
    outer loop
      vertex 5.98 48.5358 21.4027
      vertex 5.98 48.5885 21.81
      vertex 5.98 48.7525 21.479
    endloop
  endfacet
  facet normal -1 0 0
    outer loop
      vertex 5.98 48.5358 21.4027
      vertex 5.98 48.391 21.742
      vertex 5.98 48.5885 21.81
    endloop
  endfacet
  facet normal -1 0 0
    outer loop
      vertex 5.98 48.2375 21.326
      vertex 5.98 48.391 21.742
      vertex 5.98 48.5358 21.4027
    endloop
  endfacet
  facet normal -1 0 0
    outer loop
      vertex 5.98 48.2375 21.326
      vertex 5.98 48.0625 21.66
      vertex 5.98 48.391 21.742
    endloop
  endfacet
  facet normal -1 0 0
    outer loop
      vertex 5.98 48.0513 21.2817
      vertex 5.98 48.0625 21.66
      vertex 5.98 48.2375 21.326
    endloop
  endfacet
  facet normal -1 0 0
    outer loop
      vertex 5.98 48.0513 21.2817
      vertex 5.98 47.9308 21.6287
      vertex 5.98 48.0625 21.66
    endloop
  endfacet
  facet normal -1 0 0
    outer loop
      vertex 5.98 47.8825 21.241
      vertex 5.98 47.9308 21.6287
      vertex 5.98 48.0513 21.2817
    endloop
  endfacet
  facet normal -1 0 0
    outer loop
      vertex 5.98 47.8825 21.241
      vertex 5.98 47.7995 21.597
      vertex 5.98 47.9308 21.6287
    endloop
  endfacet
  facet normal -1 0 0
    outer loop
      vertex 5.98 47.6713 21.5617
      vertex 5.98 47.8825 21.241
      vertex 5.98 47.7328 21.1972
    endloop
  endfacet
  facet normal -1 0 0
    outer loop
      vertex 5.98 47.8825 21.241
      vertex 5.98 47.6713 21.5617
      vertex 5.98 47.7995 21.597
    endloop
  endfacet
  facet normal -1 0 0
    outer loop
      vertex 5.98 47.5485 21.52
      vertex 5.98 47.7328 21.1972
      vertex 5.98 47.6055 21.144
    endloop
  endfacet
  facet normal -1 0 0
    outer loop
      vertex 5.98 47.7328 21.1972
      vertex 5.98 47.5485 21.52
      vertex 5.98 47.6713 21.5617
    endloop
  endfacet
  facet normal -1 0 0
    outer loop
      vertex 5.98 47.3245 21.415
      vertex 5.98 47.6055 21.144
      vertex 5.98 47.5025 21.078
    endloop
  endfacet
  facet normal -1 0 0
    outer loop
      vertex 5.98 47.6055 21.144
      vertex 5.98 47.4325 21.4717
      vertex 5.98 47.5485 21.52
    endloop
  endfacet
  facet normal -1 0 0
    outer loop
      vertex 5.98 47.3245 21.415
      vertex 5.98 47.5025 21.078
      vertex 5.98 47.4255 20.996
    endloop
  endfacet
  facet normal -1 0 0
    outer loop
      vertex 5.98 47.3245 21.415
      vertex 5.98 47.4255 20.996
      vertex 5.98 47.3775 20.8935
    endloop
  endfacet
  facet normal -1 0 0
    outer loop
      vertex 5.98 47.3245 21.415
      vertex 5.98 47.3775 20.8935
      vertex 5.98 47.3615 20.764
    endloop
  endfacet
  facet normal -1 0 0
    outer loop
      vertex 5.98 47.6055 21.144
      vertex 5.98 47.3245 21.415
      vertex 5.98 47.4325 21.4717
    endloop
  endfacet
  facet normal -1 0 0
    outer loop
      vertex 5.98 48.843 22.0597
      vertex 5.98 49.225 22.0072
      vertex 5.98 49.1845 21.871
    endloop
  endfacet
  facet normal -1 0 0
    outer loop
      vertex 5.98 49.225 22.0072
      vertex 5.98 48.8605 22.183
      vertex 5.98 49.2385 22.162
    endloop
  endfacet
  facet normal -1 0 0
    outer loop
      vertex 5.98 48.843 22.0597
      vertex 5.98 49.1845 21.871
      vertex 5.98 49.1188 21.7527
    endloop
  endfacet
  facet normal -1 0 0
    outer loop
      vertex 5.98 48.843 22.0597
      vertex 5.98 49.1188 21.7527
      vertex 5.98 49.0295 21.65
    endloop
  endfacet
  facet normal -1 0 0
    outer loop
      vertex 5.98 49.2385 22.162
      vertex 5.98 48.8605 22.183
      vertex 5.98 49.1683 22.494
    endloop
  endfacet
  facet normal -1 0 0
    outer loop
      vertex 5.98 48.705 21.8785
      vertex 5.98 49.0295 21.65
      vertex 5.98 48.9093 21.5602
    endloop
  endfacet
  facet normal -1 0 0
    outer loop
      vertex 5.98 48.8153 22.387
      vertex 5.98 49.1683 22.494
      vertex 5.98 48.8605 22.183
    endloop
  endfacet
  facet normal -1 -0 0
    outer loop
      vertex 5.98 49.1683 22.494
      vertex 5.98 48.8153 22.387
      vertex 5.98 48.9575 22.74
    endloop
  endfacet
  facet normal -1 0 0
    outer loop
      vertex 5.98 48.6795 22.533
      vertex 5.98 48.9575 22.74
      vertex 5.98 48.8153 22.387
    endloop
  endfacet
  facet normal -1 0 0
    outer loop
      vertex 5.98 48.6795 22.533
      vertex 5.98 48.615 22.893
      vertex 5.98 48.9575 22.74
    endloop
  endfacet
  facet normal -1 0 0
    outer loop
      vertex 5.98 48.458 22.6215
      vertex 5.98 48.615 22.893
      vertex 5.98 48.6795 22.533
    endloop
  endfacet
  facet normal -1 0 0
    outer loop
      vertex 5.98 48.1515 22.944
      vertex 5.98 48.458 22.6215
      vertex 5.98 48.1555 22.651
    endloop
  endfacet
  facet normal -1 0 0
    outer loop
      vertex 5.98 48.458 22.6215
      vertex 5.98 48.1515 22.944
      vertex 5.98 48.615 22.893
    endloop
  endfacet
  facet normal -1 0 0
    outer loop
      vertex 5.98 47.8768 22.6252
      vertex 5.98 48.1515 22.944
      vertex 5.98 48.1555 22.651
    endloop
  endfacet
  facet normal -1 0 0
    outer loop
      vertex 5.98 47.8768 22.6252
      vertex 5.98 47.7218 22.9065
      vertex 5.98 48.1515 22.944
    endloop
  endfacet
  facet normal -1 0 0
    outer loop
      vertex 5.98 47.6665 22.548
      vertex 5.98 47.7218 22.9065
      vertex 5.98 47.8768 22.6252
    endloop
  endfacet
  facet normal -1 0 0
    outer loop
      vertex 5.98 47.4065 22.794
      vertex 5.98 47.6665 22.548
      vertex 5.98 47.518 22.4147
    endloop
  endfacet
  facet normal -1 0 0
    outer loop
      vertex 5.98 47.187 22.5925
      vertex 5.98 47.518 22.4147
      vertex 5.98 47.4265 22.219
    endloop
  endfacet
  facet normal -1 0 0
    outer loop
      vertex 5.98 47.6665 22.548
      vertex 5.98 47.4065 22.794
      vertex 5.98 47.7218 22.9065
    endloop
  endfacet
  facet normal -1 0 0
    outer loop
      vertex 5.98 47.518 22.4147
      vertex 5.98 47.187 22.5925
      vertex 5.98 47.4065 22.794
    endloop
  endfacet
  facet normal -1 0 -0
    outer loop
      vertex 5.98 47.187 22.5925
      vertex 5.98 47.4265 22.219
      vertex 5.98 47.0445 22.286
    endloop
  endfacet
  facet normal -1 -0 0
    outer loop
      vertex 5.98 52.143 20.7137
      vertex 5.98 51.7413 20.7117
      vertex 5.98 51.791 21.062
    endloop
  endfacet
  facet normal -1 0 0
    outer loop
      vertex 5.98 51.592 20.457
      vertex 5.98 51.8615 20.2252
      vertex 5.98 51.629 20.066
    endloop
  endfacet
  facet normal -1 0 0
    outer loop
      vertex 5.98 52.035 20.443
      vertex 5.98 51.592 20.457
      vertex 5.98 51.7413 20.7117
    endloop
  endfacet
  facet normal -1 0 0
    outer loop
      vertex 5.98 51.629 20.066
      vertex 5.98 51.3488 20.3025
      vertex 5.98 51.592 20.457
    endloop
  endfacet
  facet normal -1 0 0
    outer loop
      vertex 5.98 51.3445 19.9685
      vertex 5.98 51.3488 20.3025
      vertex 5.98 51.629 20.066
    endloop
  endfacet
  facet normal -1 0 0
    outer loop
      vertex 5.98 51.3445 19.9685
      vertex 5.98 51.017 20.251
      vertex 5.98 51.3488 20.3025
    endloop
  endfacet
  facet normal -1 0 0
    outer loop
      vertex 5.98 51.015 19.936
      vertex 5.98 51.017 20.251
      vertex 5.98 51.3445 19.9685
    endloop
  endfacet
  facet normal -1 0 0
    outer loop
      vertex 5.98 50.674 19.9698
      vertex 5.98 51.017 20.251
      vertex 5.98 51.015 19.936
    endloop
  endfacet
  facet normal -1 0 0
    outer loop
      vertex 5.98 50.674 19.9698
      vertex 5.98 50.674 20.3042
      vertex 5.98 51.017 20.251
    endloop
  endfacet
  facet normal -1 0 0
    outer loop
      vertex 5.98 50.381 20.071
      vertex 5.98 50.674 20.3042
      vertex 5.98 50.674 19.9698
    endloop
  endfacet
  facet normal -1 -0 0
    outer loop
      vertex 5.98 50.674 20.3042
      vertex 5.98 50.381 20.071
      vertex 5.98 50.417 20.464
    endloop
  endfacet
  facet normal -1 0 0
    outer loop
      vertex 5.98 50.1418 20.236
      vertex 5.98 50.417 20.464
      vertex 5.98 50.381 20.071
    endloop
  endfacet
  facet normal -1 0 0
    outer loop
      vertex 5.98 49.964 20.461
      vertex 5.98 50.417 20.464
      vertex 5.98 50.1418 20.236
    endloop
  endfacet
  facet normal -1 -0 0
    outer loop
      vertex 5.98 50.417 20.464
      vertex 5.98 49.964 20.461
      vertex 5.98 50.2565 20.7272
    endloop
  endfacet
  facet normal -1 0 0
    outer loop
      vertex 5.98 49.8538 20.741
      vertex 5.98 50.2565 20.7272
      vertex 5.98 49.964 20.461
    endloop
  endfacet
  facet normal -1 0 0
    outer loop
      vertex 5.98 50.2565 20.7272
      vertex 5.98 49.8538 20.741
      vertex 5.98 50.203 21.089
    endloop
  endfacet
  facet normal -1 0 0
    outer loop
      vertex 5.98 50.203 21.089
      vertex 5.98 49.8538 20.741
      vertex 5.98 49.817 21.069
    endloop
  endfacet
  facet normal -1 0 0
    outer loop
      vertex 5.98 49.817 22.88
      vertex 5.98 50.203 21.089
      vertex 5.98 49.817 21.069
    endloop
  endfacet
  facet normal -1 0 0
    outer loop
      vertex 5.98 50.203 21.089
      vertex 5.98 49.817 22.88
      vertex 5.98 50.203 22.88
    endloop
  endfacet
  facet normal -1 0 0
    outer loop
      vertex 5.98 51.791 21.062
      vertex 5.98 52.179 21.032
      vertex 5.98 52.143 20.7137
    endloop
  endfacet
  facet normal -1 0 0
    outer loop
      vertex 5.98 51.7413 20.7117
      vertex 5.98 52.143 20.7137
      vertex 5.98 52.035 20.443
    endloop
  endfacet
  facet normal -1 0 0
    outer loop
      vertex 5.98 51.592 20.457
      vertex 5.98 52.035 20.443
      vertex 5.98 51.8615 20.2252
    endloop
  endfacet
  facet normal -1 0 0
    outer loop
      vertex 5.98 52.179 21.032
      vertex 5.98 51.791 21.062
      vertex 5.98 52.179 22.88
    endloop
  endfacet
  facet normal -1 -0 0
    outer loop
      vertex 5.98 52.179 22.88
      vertex 5.98 51.791 21.062
      vertex 5.98 51.791 22.88
    endloop
  endfacet
  facet normal -1 0 0
    outer loop
      vertex 5.98 46.1187 21.361
      vertex 5.98 45.4667 21.664
      vertex 5.98 46.1187 21.664
    endloop
  endfacet
  facet normal -1 0 0
    outer loop
      vertex 5.98 45.3957 21.361
      vertex 5.98 45.4667 21.664
      vertex 5.98 46.1187 21.361
    endloop
  endfacet
  facet normal -1 0 0
    outer loop
      vertex 5.98 45.3957 21.361
      vertex 5.98 45.1952 21.693
      vertex 5.98 45.4667 21.664
    endloop
  endfacet
  facet normal -1 0 0
    outer loop
      vertex 5.98 45.3957 21.361
      vertex 5.98 45.0037 21.528
      vertex 5.98 45.1952 21.693
    endloop
  endfacet
  facet normal -1 0 0
    outer loop
      vertex 5.98 44.8624 21.2322
      vertex 5.98 45.0037 21.528
      vertex 5.98 45.3957 21.361
    endloop
  endfacet
  facet normal -1 0 0
    outer loop
      vertex 5.98 44.8624 21.2322
      vertex 5.98 44.7017 21.4495
      vertex 5.98 45.0037 21.528
    endloop
  endfacet
  facet normal -1 0 0
    outer loop
      vertex 5.98 44.4777 21.296
      vertex 5.98 44.8624 21.2322
      vertex 5.98 44.6847 20.846
    endloop
  endfacet
  facet normal -1 0 0
    outer loop
      vertex 5.98 44.2927 20.816
      vertex 5.98 44.7254 20.6127
      vertex 5.98 44.3624 20.4727
    endloop
  endfacet
  facet normal -1 0 -0
    outer loop
      vertex 5.98 44.3389 21.081
      vertex 5.98 44.6847 20.846
      vertex 5.98 44.2927 20.816
    endloop
  endfacet
  facet normal -1 0 0
    outer loop
      vertex 5.98 44.7254 20.6127
      vertex 5.98 44.2927 20.816
      vertex 5.98 44.6847 20.846
    endloop
  endfacet
  facet normal -1 0 0
    outer loop
      vertex 5.98 44.8624 21.2322
      vertex 5.98 44.4777 21.296
      vertex 5.98 44.7017 21.4495
    endloop
  endfacet
  facet normal -1 0 0
    outer loop
      vertex 5.98 44.6847 20.846
      vertex 5.98 44.3389 21.081
      vertex 5.98 44.4777 21.296
    endloop
  endfacet
  facet normal -1 0 0
    outer loop
      vertex 5.98 46.1187 21.361
      vertex 5.98 46.5067 20
      vertex 5.98 46.1187 20.311
    endloop
  endfacet
  facet normal -1 0 0
    outer loop
      vertex 5.98 45.3447 20
      vertex 5.98 46.1187 20.311
      vertex 5.98 46.5067 20
    endloop
  endfacet
  facet normal -1 -0 0
    outer loop
      vertex 5.98 46.1187 20.311
      vertex 5.98 45.3447 20
      vertex 5.98 45.3647 20.311
    endloop
  endfacet
  facet normal -1 0 0
    outer loop
      vertex 5.98 45.3447 20
      vertex 5.98 45.0579 20.3445
      vertex 5.98 45.3647 20.311
    endloop
  endfacet
  facet normal -1 0 0
    outer loop
      vertex 5.98 44.9039 20.0537
      vertex 5.98 45.0579 20.3445
      vertex 5.98 45.3447 20
    endloop
  endfacet
  facet normal -1 0 0
    outer loop
      vertex 5.98 44.9039 20.0537
      vertex 5.98 44.8477 20.445
      vertex 5.98 45.0579 20.3445
    endloop
  endfacet
  facet normal -1 0 0
    outer loop
      vertex 5.98 44.5717 20.215
      vertex 5.98 44.8477 20.445
      vertex 5.98 44.9039 20.0537
    endloop
  endfacet
  facet normal -1 0 0
    outer loop
      vertex 5.98 44.3624 20.4727
      vertex 5.98 44.7254 20.6127
      vertex 5.98 44.5717 20.215
    endloop
  endfacet
  facet normal -1 -0 0
    outer loop
      vertex 5.98 44.8477 20.445
      vertex 5.98 44.5717 20.215
      vertex 5.98 44.7254 20.6127
    endloop
  endfacet
  facet normal -1 0 0
    outer loop
      vertex 5.98 46.5067 20
      vertex 5.98 46.1187 21.361
      vertex 5.98 46.5067 22.88
    endloop
  endfacet
  facet normal -1 0 0
    outer loop
      vertex 5.98 46.1187 21.664
      vertex 5.98 46.5067 22.88
      vertex 5.98 46.1187 21.361
    endloop
  endfacet
  facet normal -1 0 0
    outer loop
      vertex 5.98 46.1187 22.569
      vertex 5.98 46.5067 22.88
      vertex 5.98 46.1187 21.664
    endloop
  endfacet
  facet normal -1 0 0
    outer loop
      vertex 5.98 45.4667 22.88
      vertex 5.98 46.1187 22.569
      vertex 5.98 45.4667 22.569
    endloop
  endfacet
  facet normal -1 0 0
    outer loop
      vertex 5.98 46.1187 22.569
      vertex 5.98 45.4667 22.88
      vertex 5.98 46.5067 22.88
    endloop
  endfacet
  facet normal -1 0 0
    outer loop
      vertex 5.98 45.2014 22.544
      vertex 5.98 45.4667 22.88
      vertex 5.98 45.4667 22.569
    endloop
  endfacet
  facet normal -1 0 0
    outer loop
      vertex 5.98 44.7107 22.7065
      vertex 5.98 45.2014 22.544
      vertex 5.98 45.0077 22.469
    endloop
  endfacet
  facet normal -1 0 0
    outer loop
      vertex 5.98 45.2014 22.544
      vertex 5.98 44.7107 22.7065
      vertex 5.98 45.4667 22.88
    endloop
  endfacet
  facet normal -1 0 0
    outer loop
      vertex 5.98 44.8884 22.337
      vertex 5.98 44.7107 22.7065
      vertex 5.98 45.0077 22.469
    endloop
  endfacet
  facet normal -1 0 0
    outer loop
      vertex 5.98 44.4587 22.186
      vertex 5.98 44.8884 22.337
      vertex 5.98 44.8487 22.139
    endloop
  endfacet
  facet normal -1 0 0
    outer loop
      vertex 5.98 44.4944 21.9522
      vertex 5.98 44.8872 21.9282
      vertex 5.98 44.6017 21.759
    endloop
  endfacet
  facet normal -1 0 0
    outer loop
      vertex 5.98 44.8872 21.9282
      vertex 5.98 44.4944 21.9522
      vertex 5.98 44.8487 22.139
    endloop
  endfacet
  facet normal -1 -0 0
    outer loop
      vertex 5.98 44.8487 22.139
      vertex 5.98 44.4944 21.9522
      vertex 5.98 44.4587 22.186
    endloop
  endfacet
  facet normal -1 -0 0
    outer loop
      vertex 5.98 44.8884 22.337
      vertex 5.98 44.4587 22.186
      vertex 5.98 44.7107 22.7065
    endloop
  endfacet
  facet normal -1 0 0
    outer loop
      vertex 5.98 45.0037 21.528
      vertex 5.98 45.0027 21.78
      vertex 5.98 45.1952 21.693
    endloop
  endfacet
  facet normal -1 0 0
    outer loop
      vertex 5.98 44.7732 21.6152
      vertex 5.98 45.0027 21.78
      vertex 5.98 45.0037 21.528
    endloop
  endfacet
  facet normal -1 0 0
    outer loop
      vertex 5.98 44.6017 21.759
      vertex 5.98 44.8872 21.9282
      vertex 5.98 44.7732 21.6152
    endloop
  endfacet
  facet normal -1 -0 0
    outer loop
      vertex 5.98 45.0027 21.78
      vertex 5.98 44.7732 21.6152
      vertex 5.98 44.8872 21.9282
    endloop
  endfacet
  facet normal -0 0.407614 0.913154
    outer loop
      vertex 5 47.6605 19.9915
      vertex 5.98 47.2875 20.158
      vertex 5.98 47.6605 19.9915
    endloop
  endfacet
  facet normal 0 0.407614 0.913154
    outer loop
      vertex 5.98 47.2875 20.158
      vertex 5 47.6605 19.9915
      vertex 5 47.2875 20.158
    endloop
  endfacet
  facet normal 0 0.755 0.655725
    outer loop
      vertex 5.98 47.2875 20.158
      vertex 5 47.055 20.4257
      vertex 5.98 47.055 20.4257
    endloop
  endfacet
  facet normal 0 0.755 0.655725
    outer loop
      vertex 5 47.055 20.4257
      vertex 5.98 47.2875 20.158
      vertex 5 47.2875 20.158
    endloop
  endfacet
  facet normal 0 0.977519 0.210848
    outer loop
      vertex 5.98 47.055 20.4257
      vertex 5 46.9775 20.785
      vertex 5.98 46.9775 20.785
    endloop
  endfacet
  facet normal 0 0.977519 0.210848
    outer loop
      vertex 5 46.9775 20.785
      vertex 5.98 47.055 20.4257
      vertex 5 47.055 20.4257
    endloop
  endfacet
  facet normal 0 0.997275 -0.0737729
    outer loop
      vertex 5.98 46.9775 20.785
      vertex 5 46.9885 20.9337
      vertex 5.98 46.9885 20.9337
    endloop
  endfacet
  facet normal 0 0.997275 -0.0737729
    outer loop
      vertex 5 46.9885 20.9337
      vertex 5.98 46.9775 20.785
      vertex 5 46.9775 20.785
    endloop
  endfacet
  facet normal 0 0.968477 -0.249102
    outer loop
      vertex 5.98 46.9885 20.9337
      vertex 5 47.0215 21.062
      vertex 5.98 47.0215 21.062
    endloop
  endfacet
  facet normal 0 0.968477 -0.249102
    outer loop
      vertex 5 47.0215 21.062
      vertex 5.98 46.9885 20.9337
      vertex 5 46.9885 20.9337
    endloop
  endfacet
  facet normal 0 0.906183 -0.422885
    outer loop
      vertex 5.98 47.0215 21.062
      vertex 5 47.0733 21.173
      vertex 5.98 47.0733 21.173
    endloop
  endfacet
  facet normal 0 0.906183 -0.422885
    outer loop
      vertex 5 47.0733 21.173
      vertex 5.98 47.0215 21.062
      vertex 5 47.0215 21.062
    endloop
  endfacet
  facet normal 0 0.808294 -0.588779
    outer loop
      vertex 5.98 47.0733 21.173
      vertex 5 47.1425 21.268
      vertex 5.98 47.1425 21.268
    endloop
  endfacet
  facet normal 0 0.808294 -0.588779
    outer loop
      vertex 5 47.1425 21.268
      vertex 5.98 47.0733 21.173
      vertex 5 47.0733 21.173
    endloop
  endfacet
  facet normal 0 0.690558 -0.723277
    outer loop
      vertex 5 47.1425 21.268
      vertex 5.98 47.2265 21.3482
      vertex 5.98 47.1425 21.268
    endloop
  endfacet
  facet normal 0 0.690558 -0.723277
    outer loop
      vertex 5.98 47.2265 21.3482
      vertex 5 47.1425 21.268
      vertex 5 47.2265 21.3482
    endloop
  endfacet
  facet normal 0 0.563232 -0.826299
    outer loop
      vertex 5 47.2265 21.3482
      vertex 5.98 47.3245 21.415
      vertex 5.98 47.2265 21.3482
    endloop
  endfacet
  facet normal 0 0.563232 -0.826299
    outer loop
      vertex 5.98 47.3245 21.415
      vertex 5 47.2265 21.3482
      vertex 5 47.3245 21.415
    endloop
  endfacet
  facet normal 0 0.464834 -0.885398
    outer loop
      vertex 5 47.3245 21.415
      vertex 5.98 47.4325 21.4717
      vertex 5.98 47.3245 21.415
    endloop
  endfacet
  facet normal 0 0.464834 -0.885398
    outer loop
      vertex 5.98 47.4325 21.4717
      vertex 5 47.3245 21.415
      vertex 5 47.4325 21.4717
    endloop
  endfacet
  facet normal 0 0.384389 -0.923171
    outer loop
      vertex 5 47.4325 21.4717
      vertex 5.98 47.5485 21.52
      vertex 5.98 47.4325 21.4717
    endloop
  endfacet
  facet normal 0 0.384389 -0.923171
    outer loop
      vertex 5.98 47.5485 21.52
      vertex 5 47.4325 21.4717
      vertex 5 47.5485 21.52
    endloop
  endfacet
  facet normal 0 0.321543 -0.946895
    outer loop
      vertex 5 47.5485 21.52
      vertex 5.98 47.6713 21.5617
      vertex 5.98 47.5485 21.52
    endloop
  endfacet
  facet normal 0 0.321543 -0.946895
    outer loop
      vertex 5.98 47.6713 21.5617
      vertex 5 47.5485 21.52
      vertex 5 47.6713 21.5617
    endloop
  endfacet
  facet normal 0 0.265471 -0.964119
    outer loop
      vertex 5 47.6713 21.5617
      vertex 5.98 47.7995 21.597
      vertex 5.98 47.6713 21.5617
    endloop
  endfacet
  facet normal 0 0.265471 -0.964119
    outer loop
      vertex 5.98 47.7995 21.597
      vertex 5 47.6713 21.5617
      vertex 5 47.7995 21.597
    endloop
  endfacet
  facet normal 0 0.234689 -0.972071
    outer loop
      vertex 5 47.7995 21.597
      vertex 5.98 47.9308 21.6287
      vertex 5.98 47.7995 21.597
    endloop
  endfacet
  facet normal 0 0.234689 -0.972071
    outer loop
      vertex 5.98 47.9308 21.6287
      vertex 5 47.7995 21.597
      vertex 5 47.9308 21.6287
    endloop
  endfacet
  facet normal 0 0.231221 -0.972901
    outer loop
      vertex 5 47.9308 21.6287
      vertex 5.98 48.0625 21.66
      vertex 5.98 47.9308 21.6287
    endloop
  endfacet
  facet normal 0 0.231221 -0.972901
    outer loop
      vertex 5.98 48.0625 21.66
      vertex 5 47.9308 21.6287
      vertex 5 48.0625 21.66
    endloop
  endfacet
  facet normal 0 0.242188 -0.970229
    outer loop
      vertex 5 48.0625 21.66
      vertex 5.98 48.391 21.742
      vertex 5.98 48.0625 21.66
    endloop
  endfacet
  facet normal 0 0.242188 -0.970229
    outer loop
      vertex 5.98 48.391 21.742
      vertex 5 48.0625 21.66
      vertex 5 48.391 21.742
    endloop
  endfacet
  facet normal 0 0.325548 -0.945526
    outer loop
      vertex 5 48.391 21.742
      vertex 5.98 48.5885 21.81
      vertex 5.98 48.391 21.742
    endloop
  endfacet
  facet normal 0 0.325548 -0.945526
    outer loop
      vertex 5.98 48.5885 21.81
      vertex 5 48.391 21.742
      vertex 5 48.5885 21.81
    endloop
  endfacet
  facet normal 0 0.506858 -0.862029
    outer loop
      vertex 5 48.5885 21.81
      vertex 5.98 48.705 21.8785
      vertex 5.98 48.5885 21.81
    endloop
  endfacet
  facet normal 0 0.506858 -0.862029
    outer loop
      vertex 5.98 48.705 21.8785
      vertex 5 48.5885 21.81
      vertex 5 48.705 21.8785
    endloop
  endfacet
  facet normal 0 0.689972 -0.723836
    outer loop
      vertex 5 48.705 21.8785
      vertex 5.98 48.7905 21.96
      vertex 5.98 48.705 21.8785
    endloop
  endfacet
  facet normal 0 0.689972 -0.723836
    outer loop
      vertex 5.98 48.7905 21.96
      vertex 5 48.705 21.8785
      vertex 5 48.7905 21.96
    endloop
  endfacet
  facet normal 0 0.884822 -0.465929
    outer loop
      vertex 5.98 48.7905 21.96
      vertex 5 48.843 22.0597
      vertex 5.98 48.843 22.0597
    endloop
  endfacet
  facet normal 0 0.884822 -0.465929
    outer loop
      vertex 5 48.843 22.0597
      vertex 5.98 48.7905 21.96
      vertex 5 48.7905 21.96
    endloop
  endfacet
  facet normal 0 0.990078 -0.140522
    outer loop
      vertex 5.98 48.843 22.0597
      vertex 5 48.8605 22.183
      vertex 5.98 48.8605 22.183
    endloop
  endfacet
  facet normal 0 0.990078 -0.140522
    outer loop
      vertex 5 48.8605 22.183
      vertex 5.98 48.843 22.0597
      vertex 5 48.843 22.0597
    endloop
  endfacet
  facet normal 0 0.976322 0.216322
    outer loop
      vertex 5.98 48.8605 22.183
      vertex 5 48.8153 22.387
      vertex 5.98 48.8153 22.387
    endloop
  endfacet
  facet normal 0 0.976322 0.216322
    outer loop
      vertex 5 48.8153 22.387
      vertex 5.98 48.8605 22.183
      vertex 5 48.8605 22.183
    endloop
  endfacet
  facet normal 0 0.732222 0.681066
    outer loop
      vertex 5.98 48.8153 22.387
      vertex 5 48.6795 22.533
      vertex 5.98 48.6795 22.533
    endloop
  endfacet
  facet normal 0 0.732222 0.681066
    outer loop
      vertex 5 48.6795 22.533
      vertex 5.98 48.8153 22.387
      vertex 5 48.8153 22.387
    endloop
  endfacet
  facet normal -0 0.371029 0.928621
    outer loop
      vertex 5 48.6795 22.533
      vertex 5.98 48.458 22.6215
      vertex 5.98 48.6795 22.533
    endloop
  endfacet
  facet normal 0 0.371029 0.928621
    outer loop
      vertex 5.98 48.458 22.6215
      vertex 5 48.6795 22.533
      vertex 5 48.458 22.6215
    endloop
  endfacet
  facet normal -0 0.0970602 0.995279
    outer loop
      vertex 5 48.458 22.6215
      vertex 5.98 48.1555 22.651
      vertex 5.98 48.458 22.6215
    endloop
  endfacet
  facet normal 0 0.0970602 0.995279
    outer loop
      vertex 5.98 48.1555 22.651
      vertex 5 48.458 22.6215
      vertex 5 48.1555 22.651
    endloop
  endfacet
  facet normal 0 -0.0921785 0.995742
    outer loop
      vertex 5 48.1555 22.651
      vertex 5.98 47.8768 22.6252
      vertex 5.98 48.1555 22.651
    endloop
  endfacet
  facet normal 0 -0.0921785 0.995742
    outer loop
      vertex 5.98 47.8768 22.6252
      vertex 5 48.1555 22.651
      vertex 5 47.8768 22.6252
    endloop
  endfacet
  facet normal 0 -0.344609 0.938746
    outer loop
      vertex 5 47.8768 22.6252
      vertex 5.98 47.6665 22.548
      vertex 5.98 47.8768 22.6252
    endloop
  endfacet
  facet normal 0 -0.344609 0.938746
    outer loop
      vertex 5.98 47.6665 22.548
      vertex 5 47.8768 22.6252
      vertex 5 47.6665 22.548
    endloop
  endfacet
  facet normal 0 -0.667995 0.744166
    outer loop
      vertex 5 47.6665 22.548
      vertex 5.98 47.518 22.4147
      vertex 5.98 47.6665 22.548
    endloop
  endfacet
  facet normal 0 -0.667995 0.744166
    outer loop
      vertex 5.98 47.518 22.4147
      vertex 5 47.6665 22.548
      vertex 5 47.518 22.4147
    endloop
  endfacet
  facet normal 0 -0.905875 0.423544
    outer loop
      vertex 5 47.4265 22.219
      vertex 5.98 47.518 22.4147
      vertex 5 47.518 22.4147
    endloop
  endfacet
  facet normal 0 -0.905875 0.423544
    outer loop
      vertex 5.98 47.518 22.4147
      vertex 5 47.4265 22.219
      vertex 5.98 47.4265 22.219
    endloop
  endfacet
  facet normal -0 0.172756 0.984965
    outer loop
      vertex 5 47.4265 22.219
      vertex 5.98 47.0445 22.286
      vertex 5.98 47.4265 22.219
    endloop
  endfacet
  facet normal 0 0.172756 0.984965
    outer loop
      vertex 5.98 47.0445 22.286
      vertex 5 47.4265 22.219
      vertex 5 47.0445 22.286
    endloop
  endfacet
  facet normal 0 0.906787 -0.421589
    outer loop
      vertex 5.98 47.0445 22.286
      vertex 5 47.187 22.5925
      vertex 5.98 47.187 22.5925
    endloop
  endfacet
  facet normal 0 0.906787 -0.421589
    outer loop
      vertex 5 47.187 22.5925
      vertex 5.98 47.0445 22.286
      vertex 5 47.0445 22.286
    endloop
  endfacet
  facet normal 0 0.676256 -0.736666
    outer loop
      vertex 5 47.187 22.5925
      vertex 5.98 47.4065 22.794
      vertex 5.98 47.187 22.5925
    endloop
  endfacet
  facet normal 0 0.676256 -0.736666
    outer loop
      vertex 5.98 47.4065 22.794
      vertex 5 47.187 22.5925
      vertex 5 47.4065 22.794
    endloop
  endfacet
  facet normal 0 0.336053 -0.941843
    outer loop
      vertex 5 47.4065 22.794
      vertex 5.98 47.7218 22.9065
      vertex 5.98 47.4065 22.794
    endloop
  endfacet
  facet normal 0 0.336053 -0.941843
    outer loop
      vertex 5.98 47.7218 22.9065
      vertex 5 47.4065 22.794
      vertex 5 47.7218 22.9065
    endloop
  endfacet
  facet normal 0 0.0869397 -0.996214
    outer loop
      vertex 5 47.7218 22.9065
      vertex 5.98 48.1515 22.944
      vertex 5.98 47.7218 22.9065
    endloop
  endfacet
  facet normal 0 0.0869397 -0.996214
    outer loop
      vertex 5.98 48.1515 22.944
      vertex 5 47.7218 22.9065
      vertex 5 48.1515 22.944
    endloop
  endfacet
  facet normal 0 -0.109372 -0.994001
    outer loop
      vertex 5 48.1515 22.944
      vertex 5.98 48.615 22.893
      vertex 5.98 48.1515 22.944
    endloop
  endfacet
  facet normal -0 -0.109372 -0.994001
    outer loop
      vertex 5.98 48.615 22.893
      vertex 5 48.1515 22.944
      vertex 5 48.615 22.893
    endloop
  endfacet
  facet normal 0 -0.407869 -0.91304
    outer loop
      vertex 5 48.615 22.893
      vertex 5.98 48.9575 22.74
      vertex 5.98 48.615 22.893
    endloop
  endfacet
  facet normal -0 -0.407869 -0.91304
    outer loop
      vertex 5.98 48.9575 22.74
      vertex 5 48.615 22.893
      vertex 5 48.9575 22.74
    endloop
  endfacet
  facet normal 0 -0.759344 -0.65069
    outer loop
      vertex 5 49.1683 22.494
      vertex 5.98 48.9575 22.74
      vertex 5 48.9575 22.74
    endloop
  endfacet
  facet normal 0 -0.759344 -0.65069
    outer loop
      vertex 5.98 48.9575 22.74
      vertex 5 49.1683 22.494
      vertex 5.98 49.1683 22.494
    endloop
  endfacet
  facet normal 0 -0.978368 -0.206872
    outer loop
      vertex 5 49.2385 22.162
      vertex 5.98 49.1683 22.494
      vertex 5 49.1683 22.494
    endloop
  endfacet
  facet normal 0 -0.978368 -0.206872
    outer loop
      vertex 5.98 49.1683 22.494
      vertex 5 49.2385 22.162
      vertex 5.98 49.2385 22.162
    endloop
  endfacet
  facet normal 0 -0.996219 0.0868795
    outer loop
      vertex 5 49.225 22.0072
      vertex 5.98 49.2385 22.162
      vertex 5 49.2385 22.162
    endloop
  endfacet
  facet normal 0 -0.996219 0.0868795
    outer loop
      vertex 5.98 49.2385 22.162
      vertex 5 49.225 22.0072
      vertex 5.98 49.225 22.0072
    endloop
  endfacet
  facet normal 0 -0.958521 0.285023
    outer loop
      vertex 5 49.1845 21.871
      vertex 5.98 49.225 22.0072
      vertex 5 49.225 22.0072
    endloop
  endfacet
  facet normal 0 -0.958521 0.285023
    outer loop
      vertex 5.98 49.225 22.0072
      vertex 5 49.1845 21.871
      vertex 5.98 49.1845 21.871
    endloop
  endfacet
  facet normal 0 -0.874227 0.485517
    outer loop
      vertex 5 49.1188 21.7527
      vertex 5.98 49.1845 21.871
      vertex 5 49.1845 21.871
    endloop
  endfacet
  facet normal 0 -0.874227 0.485517
    outer loop
      vertex 5.98 49.1845 21.871
      vertex 5 49.1188 21.7527
      vertex 5.98 49.1188 21.7527
    endloop
  endfacet
  facet normal 0 -0.754621 0.656161
    outer loop
      vertex 5 49.0295 21.65
      vertex 5.98 49.1188 21.7527
      vertex 5 49.1188 21.7527
    endloop
  endfacet
  facet normal 0 -0.754621 0.656161
    outer loop
      vertex 5.98 49.1188 21.7527
      vertex 5 49.0295 21.65
      vertex 5.98 49.0295 21.65
    endloop
  endfacet
  facet normal 0 -0.598506 0.801118
    outer loop
      vertex 5 49.0295 21.65
      vertex 5.98 48.9093 21.5602
      vertex 5.98 49.0295 21.65
    endloop
  endfacet
  facet normal 0 -0.598506 0.801118
    outer loop
      vertex 5.98 48.9093 21.5602
      vertex 5 49.0295 21.65
      vertex 5 48.9093 21.5602
    endloop
  endfacet
  facet normal 0 -0.459854 0.887994
    outer loop
      vertex 5 48.9093 21.5602
      vertex 5.98 48.7525 21.479
      vertex 5.98 48.9093 21.5602
    endloop
  endfacet
  facet normal 0 -0.459854 0.887994
    outer loop
      vertex 5.98 48.7525 21.479
      vertex 5 48.9093 21.5602
      vertex 5 48.7525 21.479
    endloop
  endfacet
  facet normal 0 -0.332114 0.943239
    outer loop
      vertex 5 48.7525 21.479
      vertex 5.98 48.5358 21.4027
      vertex 5.98 48.7525 21.479
    endloop
  endfacet
  facet normal 0 -0.332114 0.943239
    outer loop
      vertex 5.98 48.5358 21.4027
      vertex 5 48.7525 21.479
      vertex 5 48.5358 21.4027
    endloop
  endfacet
  facet normal 0 -0.249024 0.968497
    outer loop
      vertex 5 48.5358 21.4027
      vertex 5.98 48.2375 21.326
      vertex 5.98 48.5358 21.4027
    endloop
  endfacet
  facet normal 0 -0.249024 0.968497
    outer loop
      vertex 5.98 48.2375 21.326
      vertex 5 48.5358 21.4027
      vertex 5 48.2375 21.326
    endloop
  endfacet
  facet normal 0 -0.231456 0.972845
    outer loop
      vertex 5 48.2375 21.326
      vertex 5.98 48.0513 21.2817
      vertex 5.98 48.2375 21.326
    endloop
  endfacet
  facet normal 0 -0.231456 0.972845
    outer loop
      vertex 5.98 48.0513 21.2817
      vertex 5 48.2375 21.326
      vertex 5 48.0513 21.2817
    endloop
  endfacet
  facet normal 0 -0.234397 0.972141
    outer loop
      vertex 5 48.0513 21.2817
      vertex 5.98 47.8825 21.241
      vertex 5.98 48.0513 21.2817
    endloop
  endfacet
  facet normal 0 -0.234397 0.972141
    outer loop
      vertex 5.98 47.8825 21.241
      vertex 5 48.0513 21.2817
      vertex 5 47.8825 21.241
    endloop
  endfacet
  facet normal 0 -0.280812 0.959763
    outer loop
      vertex 5 47.8825 21.241
      vertex 5.98 47.7328 21.1972
      vertex 5.98 47.8825 21.241
    endloop
  endfacet
  facet normal 0 -0.280812 0.959763
    outer loop
      vertex 5.98 47.7328 21.1972
      vertex 5 47.8825 21.241
      vertex 5 47.7328 21.1972
    endloop
  endfacet
  facet normal 0 -0.385593 0.922669
    outer loop
      vertex 5 47.7328 21.1972
      vertex 5.98 47.6055 21.144
      vertex 5.98 47.7328 21.1972
    endloop
  endfacet
  facet normal 0 -0.385593 0.922669
    outer loop
      vertex 5.98 47.6055 21.144
      vertex 5 47.7328 21.1972
      vertex 5 47.6055 21.144
    endloop
  endfacet
  facet normal 0 -0.539518 0.841974
    outer loop
      vertex 5 47.6055 21.144
      vertex 5.98 47.5025 21.078
      vertex 5.98 47.6055 21.144
    endloop
  endfacet
  facet normal 0 -0.539518 0.841974
    outer loop
      vertex 5.98 47.5025 21.078
      vertex 5 47.6055 21.144
      vertex 5 47.5025 21.078
    endloop
  endfacet
  facet normal 0 -0.728982 0.684532
    outer loop
      vertex 5 47.4255 20.996
      vertex 5.98 47.5025 21.078
      vertex 5 47.5025 21.078
    endloop
  endfacet
  facet normal 0 -0.728982 0.684532
    outer loop
      vertex 5.98 47.5025 21.078
      vertex 5 47.4255 20.996
      vertex 5.98 47.4255 20.996
    endloop
  endfacet
  facet normal 0 -0.905618 0.424094
    outer loop
      vertex 5 47.3775 20.8935
      vertex 5.98 47.4255 20.996
      vertex 5 47.4255 20.996
    endloop
  endfacet
  facet normal 0 -0.905618 0.424094
    outer loop
      vertex 5.98 47.4255 20.996
      vertex 5 47.3775 20.8935
      vertex 5.98 47.3775 20.8935
    endloop
  endfacet
  facet normal 0 -0.992454 0.12262
    outer loop
      vertex 5 47.3615 20.764
      vertex 5.98 47.3775 20.8935
      vertex 5 47.3775 20.8935
    endloop
  endfacet
  facet normal 0 -0.992454 0.12262
    outer loop
      vertex 5.98 47.3775 20.8935
      vertex 5 47.3615 20.764
      vertex 5.98 47.3615 20.764
    endloop
  endfacet
  facet normal 0 -0.975679 -0.219205
    outer loop
      vertex 5 47.4125 20.537
      vertex 5.98 47.3615 20.764
      vertex 5 47.3615 20.764
    endloop
  endfacet
  facet normal 0 -0.975679 -0.219205
    outer loop
      vertex 5.98 47.3615 20.764
      vertex 5 47.4125 20.537
      vertex 5.98 47.4125 20.537
    endloop
  endfacet
  facet normal 0 -0.733268 -0.67994
    outer loop
      vertex 5 47.5655 20.372
      vertex 5.98 47.4125 20.537
      vertex 5 47.4125 20.537
    endloop
  endfacet
  facet normal 0 -0.733268 -0.67994
    outer loop
      vertex 5.98 47.4125 20.537
      vertex 5 47.5655 20.372
      vertex 5.98 47.5655 20.372
    endloop
  endfacet
  facet normal 0 -0.374624 -0.927177
    outer loop
      vertex 5 47.5655 20.372
      vertex 5.98 47.8125 20.2722
      vertex 5.98 47.5655 20.372
    endloop
  endfacet
  facet normal -0 -0.374624 -0.927177
    outer loop
      vertex 5.98 47.8125 20.2722
      vertex 5 47.5655 20.372
      vertex 5 47.8125 20.2722
    endloop
  endfacet
  facet normal 0 -0.0992079 -0.995067
    outer loop
      vertex 5 47.8125 20.2722
      vertex 5.98 48.1455 20.239
      vertex 5.98 47.8125 20.2722
    endloop
  endfacet
  facet normal -0 -0.0992079 -0.995067
    outer loop
      vertex 5.98 48.1455 20.239
      vertex 5 47.8125 20.2722
      vertex 5 48.1455 20.239
    endloop
  endfacet
  facet normal 0 0.0922992 -0.995731
    outer loop
      vertex 5 48.1455 20.239
      vertex 5.98 48.4713 20.2692
      vertex 5.98 48.1455 20.239
    endloop
  endfacet
  facet normal 0 0.0922992 -0.995731
    outer loop
      vertex 5.98 48.4713 20.2692
      vertex 5 48.1455 20.239
      vertex 5 48.4713 20.2692
    endloop
  endfacet
  facet normal 0 0.342348 -0.939573
    outer loop
      vertex 5 48.4713 20.2692
      vertex 5.98 48.7205 20.36
      vertex 5.98 48.4713 20.2692
    endloop
  endfacet
  facet normal 0 0.342348 -0.939573
    outer loop
      vertex 5.98 48.7205 20.36
      vertex 5 48.4713 20.2692
      vertex 5 48.7205 20.36
    endloop
  endfacet
  facet normal 0 0.664576 -0.74722
    outer loop
      vertex 5 48.7205 20.36
      vertex 5.98 48.895 20.5152
      vertex 5.98 48.7205 20.36
    endloop
  endfacet
  facet normal 0 0.664576 -0.74722
    outer loop
      vertex 5.98 48.895 20.5152
      vertex 5 48.7205 20.36
      vertex 5 48.895 20.5152
    endloop
  endfacet
  facet normal 0 0.910715 -0.413036
    outer loop
      vertex 5.98 48.895 20.5152
      vertex 5 48.9965 20.739
      vertex 5.98 48.9965 20.739
    endloop
  endfacet
  facet normal 0 0.910715 -0.413036
    outer loop
      vertex 5 48.9965 20.739
      vertex 5.98 48.895 20.5152
      vertex 5 48.895 20.5152
    endloop
  endfacet
  facet normal 0 -0.195615 -0.980681
    outer loop
      vertex 5 48.9965 20.739
      vertex 5.98 49.3725 20.664
      vertex 5.98 48.9965 20.739
    endloop
  endfacet
  facet normal -0 -0.195615 -0.980681
    outer loop
      vertex 5.98 49.3725 20.664
      vertex 5 48.9965 20.739
      vertex 5 49.3725 20.664
    endloop
  endfacet
  facet normal 0 -0.81606 0.577968
    outer loop
      vertex 5 48.9858 20.118
      vertex 5.98 49.3725 20.664
      vertex 5 49.3725 20.664
    endloop
  endfacet
  facet normal 0 -0.81606 0.577968
    outer loop
      vertex 5.98 49.3725 20.664
      vertex 5 48.9858 20.118
      vertex 5.98 48.9858 20.118
    endloop
  endfacet
  facet normal 0 -0.215103 0.976591
    outer loop
      vertex 5 48.9858 20.118
      vertex 5.98 48.1595 19.936
      vertex 5.98 48.9858 20.118
    endloop
  endfacet
  facet normal 0 -0.215103 0.976591
    outer loop
      vertex 5.98 48.1595 19.936
      vertex 5 48.9858 20.118
      vertex 5 48.1595 19.936
    endloop
  endfacet
  facet normal -0 0.110541 0.993872
    outer loop
      vertex 5 48.1595 19.936
      vertex 5.98 47.6605 19.9915
      vertex 5.98 48.1595 19.936
    endloop
  endfacet
  facet normal 0 0.110541 0.993872
    outer loop
      vertex 5.98 47.6605 19.9915
      vertex 5 48.1595 19.936
      vertex 5 47.6605 19.9915
    endloop
  endfacet
  facet normal -0 0.326468 0.945208
    outer loop
      vertex 5 50.674 19.9698
      vertex 5.98 50.381 20.071
      vertex 5.98 50.674 19.9698
    endloop
  endfacet
  facet normal 0 0.326468 0.945208
    outer loop
      vertex 5.98 50.381 20.071
      vertex 5 50.674 19.9698
      vertex 5 50.381 20.071
    endloop
  endfacet
  facet normal -0 0.567813 0.823157
    outer loop
      vertex 5 50.381 20.071
      vertex 5.98 50.1418 20.236
      vertex 5.98 50.381 20.071
    endloop
  endfacet
  facet normal 0 0.567813 0.823157
    outer loop
      vertex 5.98 50.1418 20.236
      vertex 5 50.381 20.071
      vertex 5 50.1418 20.236
    endloop
  endfacet
  facet normal 0 0.784597 0.620006
    outer loop
      vertex 5.98 50.1418 20.236
      vertex 5 49.964 20.461
      vertex 5.98 49.964 20.461
    endloop
  endfacet
  facet normal 0 0.784597 0.620006
    outer loop
      vertex 5 49.964 20.461
      vertex 5.98 50.1418 20.236
      vertex 5 50.1418 20.236
    endloop
  endfacet
  facet normal 0 0.930525 0.366228
    outer loop
      vertex 5.98 49.964 20.461
      vertex 5 49.8538 20.741
      vertex 5.98 49.8538 20.741
    endloop
  endfacet
  facet normal 0 0.930525 0.366228
    outer loop
      vertex 5 49.8538 20.741
      vertex 5.98 49.964 20.461
      vertex 5 49.964 20.461
    endloop
  endfacet
  facet normal 0 0.993765 0.111496
    outer loop
      vertex 5.98 49.8538 20.741
      vertex 5 49.817 21.069
      vertex 5.98 49.817 21.069
    endloop
  endfacet
  facet normal 0 0.993765 0.111496
    outer loop
      vertex 5 49.817 21.069
      vertex 5.98 49.8538 20.741
      vertex 5 49.8538 20.741
    endloop
  endfacet
  facet normal 0 1 -0
    outer loop
      vertex 5.98 49.817 21.069
      vertex 5 49.817 22.88
      vertex 5.98 49.817 22.88
    endloop
  endfacet
  facet normal 0 1 0
    outer loop
      vertex 5 49.817 22.88
      vertex 5.98 49.817 21.069
      vertex 5 49.817 21.069
    endloop
  endfacet
  facet normal 0 0 -1
    outer loop
      vertex 5 49.817 22.88
      vertex 5.98 50.203 22.88
      vertex 5.98 49.817 22.88
    endloop
  endfacet
  facet normal -0 0 -1
    outer loop
      vertex 5.98 50.203 22.88
      vertex 5 49.817 22.88
      vertex 5 50.203 22.88
    endloop
  endfacet
  facet normal 0 -1 0
    outer loop
      vertex 5 50.203 21.089
      vertex 5.98 50.203 22.88
      vertex 5 50.203 22.88
    endloop
  endfacet
  facet normal 0 -1 -0
    outer loop
      vertex 5.98 50.203 22.88
      vertex 5 50.203 21.089
      vertex 5.98 50.203 21.089
    endloop
  endfacet
  facet normal 0 -0.989243 -0.146281
    outer loop
      vertex 5 50.2565 20.7272
      vertex 5.98 50.203 21.089
      vertex 5 50.203 21.089
    endloop
  endfacet
  facet normal 0 -0.989243 -0.146281
    outer loop
      vertex 5.98 50.203 21.089
      vertex 5 50.2565 20.7272
      vertex 5.98 50.2565 20.7272
    endloop
  endfacet
  facet normal 0 -0.853779 -0.520636
    outer loop
      vertex 5 50.417 20.464
      vertex 5.98 50.2565 20.7272
      vertex 5 50.2565 20.7272
    endloop
  endfacet
  facet normal 0 -0.853779 -0.520636
    outer loop
      vertex 5.98 50.2565 20.7272
      vertex 5 50.417 20.464
      vertex 5.98 50.417 20.464
    endloop
  endfacet
  facet normal 0 -0.528037 -0.849221
    outer loop
      vertex 5 50.417 20.464
      vertex 5.98 50.674 20.3042
      vertex 5.98 50.417 20.464
    endloop
  endfacet
  facet normal -0 -0.528037 -0.849221
    outer loop
      vertex 5.98 50.674 20.3042
      vertex 5 50.417 20.464
      vertex 5 50.674 20.3042
    endloop
  endfacet
  facet normal 0 -0.153269 -0.988184
    outer loop
      vertex 5 50.674 20.3042
      vertex 5.98 51.017 20.251
      vertex 5.98 50.674 20.3042
    endloop
  endfacet
  facet normal -0 -0.153269 -0.988184
    outer loop
      vertex 5.98 51.017 20.251
      vertex 5 50.674 20.3042
      vertex 5 51.017 20.251
    endloop
  endfacet
  facet normal 0 0.153377 -0.988168
    outer loop
      vertex 5 51.017 20.251
      vertex 5.98 51.3488 20.3025
      vertex 5.98 51.017 20.251
    endloop
  endfacet
  facet normal 0 0.153377 -0.988168
    outer loop
      vertex 5.98 51.3488 20.3025
      vertex 5 51.017 20.251
      vertex 5 51.3488 20.3025
    endloop
  endfacet
  facet normal 0 0.536224 -0.844076
    outer loop
      vertex 5 51.3488 20.3025
      vertex 5.98 51.592 20.457
      vertex 5.98 51.3488 20.3025
    endloop
  endfacet
  facet normal 0 0.536224 -0.844076
    outer loop
      vertex 5.98 51.592 20.457
      vertex 5 51.3488 20.3025
      vertex 5 51.592 20.457
    endloop
  endfacet
  facet normal 0 0.862708 -0.505702
    outer loop
      vertex 5.98 51.592 20.457
      vertex 5 51.7413 20.7117
      vertex 5.98 51.7413 20.7117
    endloop
  endfacet
  facet normal 0 0.862708 -0.505702
    outer loop
      vertex 5 51.7413 20.7117
      vertex 5.98 51.592 20.457
      vertex 5 51.592 20.457
    endloop
  endfacet
  facet normal 0 0.990085 -0.140472
    outer loop
      vertex 5.98 51.7413 20.7117
      vertex 5 51.791 21.062
      vertex 5.98 51.791 21.062
    endloop
  endfacet
  facet normal 0 0.990085 -0.140472
    outer loop
      vertex 5 51.791 21.062
      vertex 5.98 51.7413 20.7117
      vertex 5 51.7413 20.7117
    endloop
  endfacet
  facet normal 0 1 -0
    outer loop
      vertex 5.98 51.791 21.062
      vertex 5 51.791 22.88
      vertex 5.98 51.791 22.88
    endloop
  endfacet
  facet normal 0 1 0
    outer loop
      vertex 5 51.791 22.88
      vertex 5.98 51.791 21.062
      vertex 5 51.791 21.062
    endloop
  endfacet
  facet normal 0 0 -1
    outer loop
      vertex 5 51.791 22.88
      vertex 5.98 52.179 22.88
      vertex 5.98 51.791 22.88
    endloop
  endfacet
  facet normal -0 0 -1
    outer loop
      vertex 5.98 52.179 22.88
      vertex 5 51.791 22.88
      vertex 5 52.179 22.88
    endloop
  endfacet
  facet normal 0 -1 0
    outer loop
      vertex 5 52.179 21.032
      vertex 5.98 52.179 22.88
      vertex 5 52.179 22.88
    endloop
  endfacet
  facet normal 0 -1 -0
    outer loop
      vertex 5.98 52.179 22.88
      vertex 5 52.179 21.032
      vertex 5.98 52.179 21.032
    endloop
  endfacet
  facet normal 0 -0.993665 0.112384
    outer loop
      vertex 5 52.143 20.7137
      vertex 5.98 52.179 21.032
      vertex 5 52.179 21.032
    endloop
  endfacet
  facet normal 0 -0.993665 0.112384
    outer loop
      vertex 5.98 52.179 21.032
      vertex 5 52.143 20.7137
      vertex 5.98 52.143 20.7137
    endloop
  endfacet
  facet normal 0 -0.928808 0.370562
    outer loop
      vertex 5 52.035 20.443
      vertex 5.98 52.143 20.7137
      vertex 5 52.143 20.7137
    endloop
  endfacet
  facet normal 0 -0.928808 0.370562
    outer loop
      vertex 5.98 52.143 20.7137
      vertex 5 52.035 20.443
      vertex 5.98 52.035 20.443
    endloop
  endfacet
  facet normal 0 -0.782163 0.623073
    outer loop
      vertex 5 51.8615 20.2252
      vertex 5.98 52.035 20.443
      vertex 5 52.035 20.443
    endloop
  endfacet
  facet normal 0 -0.782163 0.623073
    outer loop
      vertex 5.98 52.035 20.443
      vertex 5 51.8615 20.2252
      vertex 5.98 51.8615 20.2252
    endloop
  endfacet
  facet normal 0 -0.564976 0.825107
    outer loop
      vertex 5 51.8615 20.2252
      vertex 5.98 51.629 20.066
      vertex 5.98 51.8615 20.2252
    endloop
  endfacet
  facet normal 0 -0.564976 0.825107
    outer loop
      vertex 5.98 51.629 20.066
      vertex 5 51.8615 20.2252
      vertex 5 51.629 20.066
    endloop
  endfacet
  facet normal 0 -0.324197 0.94599
    outer loop
      vertex 5 51.629 20.066
      vertex 5.98 51.3445 19.9685
      vertex 5.98 51.629 20.066
    endloop
  endfacet
  facet normal 0 -0.324197 0.94599
    outer loop
      vertex 5.98 51.3445 19.9685
      vertex 5 51.629 20.066
      vertex 5 51.3445 19.9685
    endloop
  endfacet
  facet normal 0 -0.098158 0.995171
    outer loop
      vertex 5 51.3445 19.9685
      vertex 5.98 51.015 19.936
      vertex 5.98 51.3445 19.9685
    endloop
  endfacet
  facet normal 0 -0.098158 0.995171
    outer loop
      vertex 5.98 51.015 19.936
      vertex 5 51.3445 19.9685
      vertex 5 51.015 19.936
    endloop
  endfacet
  facet normal -0 0.0986369 0.995123
    outer loop
      vertex 5 51.015 19.936
      vertex 5.98 50.674 19.9698
      vertex 5.98 51.015 19.936
    endloop
  endfacet
  facet normal 0 0.0986369 0.995123
    outer loop
      vertex 5.98 50.674 19.9698
      vertex 5 51.015 19.936
      vertex 5 50.674 19.9698
    endloop
  endfacet
  facet normal -0 0.436785 0.899566
    outer loop
      vertex 5 44.9039 20.0537
      vertex 5.98 44.5717 20.215
      vertex 5.98 44.9039 20.0537
    endloop
  endfacet
  facet normal 0 0.436785 0.899566
    outer loop
      vertex 5.98 44.5717 20.215
      vertex 5 44.9039 20.0537
      vertex 5 44.5717 20.215
    endloop
  endfacet
  facet normal 0 0.776234 0.630445
    outer loop
      vertex 5.98 44.5717 20.215
      vertex 5 44.3624 20.4727
      vertex 5.98 44.3624 20.4727
    endloop
  endfacet
  facet normal 0 0.776234 0.630445
    outer loop
      vertex 5 44.3624 20.4727
      vertex 5.98 44.5717 20.215
      vertex 5 44.5717 20.215
    endloop
  endfacet
  facet normal 0 0.980006 0.19897
    outer loop
      vertex 5.98 44.3624 20.4727
      vertex 5 44.2927 20.816
      vertex 5.98 44.2927 20.816
    endloop
  endfacet
  facet normal 0 0.980006 0.19897
    outer loop
      vertex 5 44.2927 20.816
      vertex 5.98 44.3624 20.4727
      vertex 5 44.3624 20.4727
    endloop
  endfacet
  facet normal 0 0.985141 -0.171749
    outer loop
      vertex 5.98 44.2927 20.816
      vertex 5 44.3389 21.081
      vertex 5.98 44.3389 21.081
    endloop
  endfacet
  facet normal 0 0.985141 -0.171749
    outer loop
      vertex 5 44.3389 21.081
      vertex 5.98 44.2927 20.816
      vertex 5 44.2927 20.816
    endloop
  endfacet
  facet normal 0 0.840136 -0.542376
    outer loop
      vertex 5.98 44.3389 21.081
      vertex 5 44.4777 21.296
      vertex 5.98 44.4777 21.296
    endloop
  endfacet
  facet normal 0 0.840136 -0.542376
    outer loop
      vertex 5 44.4777 21.296
      vertex 5.98 44.3389 21.081
      vertex 5 44.3389 21.081
    endloop
  endfacet
  facet normal 0 0.565278 -0.824901
    outer loop
      vertex 5 44.4777 21.296
      vertex 5.98 44.7017 21.4495
      vertex 5.98 44.4777 21.296
    endloop
  endfacet
  facet normal 0 0.565278 -0.824901
    outer loop
      vertex 5.98 44.7017 21.4495
      vertex 5 44.4777 21.296
      vertex 5 44.7017 21.4495
    endloop
  endfacet
  facet normal 0 0.251574 -0.967838
    outer loop
      vertex 5 44.7017 21.4495
      vertex 5.98 45.0037 21.528
      vertex 5.98 44.7017 21.4495
    endloop
  endfacet
  facet normal 0 0.251574 -0.967838
    outer loop
      vertex 5.98 45.0037 21.528
      vertex 5 44.7017 21.4495
      vertex 5 45.0037 21.528
    endloop
  endfacet
  facet normal -0 0.353835 0.935308
    outer loop
      vertex 5 45.0037 21.528
      vertex 5.98 44.7732 21.6152
      vertex 5.98 45.0037 21.528
    endloop
  endfacet
  facet normal 0 0.353835 0.935308
    outer loop
      vertex 5.98 44.7732 21.6152
      vertex 5 45.0037 21.528
      vertex 5 44.7732 21.6152
    endloop
  endfacet
  facet normal -0 0.642511 0.766277
    outer loop
      vertex 5 44.7732 21.6152
      vertex 5.98 44.6017 21.759
      vertex 5.98 44.7732 21.6152
    endloop
  endfacet
  facet normal 0 0.642511 0.766277
    outer loop
      vertex 5.98 44.6017 21.759
      vertex 5 44.7732 21.6152
      vertex 5 44.6017 21.759
    endloop
  endfacet
  facet normal 0 0.874221 0.485528
    outer loop
      vertex 5.98 44.6017 21.759
      vertex 5 44.4944 21.9522
      vertex 5.98 44.4944 21.9522
    endloop
  endfacet
  facet normal 0 0.874221 0.485528
    outer loop
      vertex 5 44.4944 21.9522
      vertex 5.98 44.6017 21.759
      vertex 5 44.6017 21.759
    endloop
  endfacet
  facet normal 0 0.988542 0.150945
    outer loop
      vertex 5.98 44.4944 21.9522
      vertex 5 44.4587 22.186
      vertex 5.98 44.4587 22.186
    endloop
  endfacet
  facet normal 0 0.988542 0.150945
    outer loop
      vertex 5 44.4587 22.186
      vertex 5.98 44.4944 21.9522
      vertex 5 44.4944 21.9522
    endloop
  endfacet
  facet normal 0 0.900061 -0.435764
    outer loop
      vertex 5.98 44.4587 22.186
      vertex 5 44.7107 22.7065
      vertex 5.98 44.7107 22.7065
    endloop
  endfacet
  facet normal 0 0.900061 -0.435764
    outer loop
      vertex 5 44.7107 22.7065
      vertex 5.98 44.4587 22.186
      vertex 5 44.4587 22.186
    endloop
  endfacet
  facet normal 0 0.223682 -0.974662
    outer loop
      vertex 5 44.7107 22.7065
      vertex 5.98 45.4667 22.88
      vertex 5.98 44.7107 22.7065
    endloop
  endfacet
  facet normal 0 0.223682 -0.974662
    outer loop
      vertex 5.98 45.4667 22.88
      vertex 5 44.7107 22.7065
      vertex 5 45.4667 22.88
    endloop
  endfacet
  facet normal 0 0 -1
    outer loop
      vertex 5 45.4667 22.88
      vertex 5.98 46.5067 22.88
      vertex 5.98 45.4667 22.88
    endloop
  endfacet
  facet normal -0 0 -1
    outer loop
      vertex 5.98 46.5067 22.88
      vertex 5 45.4667 22.88
      vertex 5 46.5067 22.88
    endloop
  endfacet
  facet normal 0 -1 0
    outer loop
      vertex 5 46.5067 20
      vertex 5.98 46.5067 22.88
      vertex 5 46.5067 22.88
    endloop
  endfacet
  facet normal 0 -1 -0
    outer loop
      vertex 5.98 46.5067 22.88
      vertex 5 46.5067 20
      vertex 5.98 46.5067 20
    endloop
  endfacet
  facet normal -0 0 1
    outer loop
      vertex 5 46.5067 20
      vertex 5.98 45.3447 20
      vertex 5.98 46.5067 20
    endloop
  endfacet
  facet normal 0 0 1
    outer loop
      vertex 5.98 45.3447 20
      vertex 5 46.5067 20
      vertex 5 45.3447 20
    endloop
  endfacet
  facet normal -0 0.12093 0.992661
    outer loop
      vertex 5 45.3447 20
      vertex 5.98 44.9039 20.0537
      vertex 5.98 45.3447 20
    endloop
  endfacet
  facet normal 0 0.12093 0.992661
    outer loop
      vertex 5.98 44.9039 20.0537
      vertex 5 45.3447 20
      vertex 5 44.9039 20.0537
    endloop
  endfacet
  facet normal 0 1 -0
    outer loop
      vertex 5.98 46.1187 21.664
      vertex 5 46.1187 22.569
      vertex 5.98 46.1187 22.569
    endloop
  endfacet
  facet normal 0 1 0
    outer loop
      vertex 5 46.1187 22.569
      vertex 5.98 46.1187 21.664
      vertex 5 46.1187 21.664
    endloop
  endfacet
  facet normal -0 0 1
    outer loop
      vertex 5 46.1187 22.569
      vertex 5.98 45.4667 22.569
      vertex 5.98 46.1187 22.569
    endloop
  endfacet
  facet normal 0 0 1
    outer loop
      vertex 5.98 45.4667 22.569
      vertex 5 46.1187 22.569
      vertex 5 45.4667 22.569
    endloop
  endfacet
  facet normal 0 -0.0938173 0.995589
    outer loop
      vertex 5 45.4667 22.569
      vertex 5.98 45.2014 22.544
      vertex 5.98 45.4667 22.569
    endloop
  endfacet
  facet normal 0 -0.0938173 0.995589
    outer loop
      vertex 5.98 45.2014 22.544
      vertex 5 45.4667 22.569
      vertex 5 45.2014 22.544
    endloop
  endfacet
  facet normal 0 -0.361075 0.932537
    outer loop
      vertex 5 45.2014 22.544
      vertex 5.98 45.0077 22.469
      vertex 5.98 45.2014 22.544
    endloop
  endfacet
  facet normal 0 -0.361075 0.932537
    outer loop
      vertex 5.98 45.0077 22.469
      vertex 5 45.2014 22.544
      vertex 5 45.0077 22.469
    endloop
  endfacet
  facet normal 0 -0.741895 0.670516
    outer loop
      vertex 5 44.8884 22.337
      vertex 5.98 45.0077 22.469
      vertex 5 45.0077 22.469
    endloop
  endfacet
  facet normal 0 -0.741895 0.670516
    outer loop
      vertex 5.98 45.0077 22.469
      vertex 5 44.8884 22.337
      vertex 5.98 44.8884 22.337
    endloop
  endfacet
  facet normal 0 -0.980485 0.196592
    outer loop
      vertex 5 44.8487 22.139
      vertex 5.98 44.8884 22.337
      vertex 5 44.8884 22.337
    endloop
  endfacet
  facet normal 0 -0.980485 0.196592
    outer loop
      vertex 5.98 44.8884 22.337
      vertex 5 44.8487 22.139
      vertex 5.98 44.8487 22.139
    endloop
  endfacet
  facet normal 0 -0.983728 -0.179666
    outer loop
      vertex 5 44.8872 21.9282
      vertex 5.98 44.8487 22.139
      vertex 5 44.8487 22.139
    endloop
  endfacet
  facet normal 0 -0.983728 -0.179666
    outer loop
      vertex 5.98 44.8487 22.139
      vertex 5 44.8872 21.9282
      vertex 5.98 44.8872 21.9282
    endloop
  endfacet
  facet normal 0 -0.78875 -0.614714
    outer loop
      vertex 5 45.0027 21.78
      vertex 5.98 44.8872 21.9282
      vertex 5 44.8872 21.9282
    endloop
  endfacet
  facet normal 0 -0.78875 -0.614714
    outer loop
      vertex 5.98 44.8872 21.9282
      vertex 5 45.0027 21.78
      vertex 5.98 45.0027 21.78
    endloop
  endfacet
  facet normal 0 -0.41184 -0.911256
    outer loop
      vertex 5 45.0027 21.78
      vertex 5.98 45.1952 21.693
      vertex 5.98 45.0027 21.78
    endloop
  endfacet
  facet normal -0 -0.41184 -0.911256
    outer loop
      vertex 5.98 45.1952 21.693
      vertex 5 45.0027 21.78
      vertex 5 45.1952 21.693
    endloop
  endfacet
  facet normal 0 -0.10621 -0.994344
    outer loop
      vertex 5 45.1952 21.693
      vertex 5.98 45.4667 21.664
      vertex 5.98 45.1952 21.693
    endloop
  endfacet
  facet normal -0 -0.10621 -0.994344
    outer loop
      vertex 5.98 45.4667 21.664
      vertex 5 45.1952 21.693
      vertex 5 45.4667 21.664
    endloop
  endfacet
  facet normal 0 0 -1
    outer loop
      vertex 5 45.4667 21.664
      vertex 5.98 46.1187 21.664
      vertex 5.98 45.4667 21.664
    endloop
  endfacet
  facet normal -0 0 -1
    outer loop
      vertex 5.98 46.1187 21.664
      vertex 5 45.4667 21.664
      vertex 5 46.1187 21.664
    endloop
  endfacet
  facet normal 0 1 -0
    outer loop
      vertex 5.98 46.1187 20.311
      vertex 5 46.1187 21.361
      vertex 5.98 46.1187 21.361
    endloop
  endfacet
  facet normal 0 1 0
    outer loop
      vertex 5 46.1187 21.361
      vertex 5.98 46.1187 20.311
      vertex 5 46.1187 20.311
    endloop
  endfacet
  facet normal -0 0 1
    outer loop
      vertex 5 46.1187 21.361
      vertex 5.98 45.3957 21.361
      vertex 5.98 46.1187 21.361
    endloop
  endfacet
  facet normal 0 0 1
    outer loop
      vertex 5.98 45.3957 21.361
      vertex 5 46.1187 21.361
      vertex 5 45.3957 21.361
    endloop
  endfacet
  facet normal 0 -0.234765 0.972052
    outer loop
      vertex 5 45.3957 21.361
      vertex 5.98 44.8624 21.2322
      vertex 5.98 45.3957 21.361
    endloop
  endfacet
  facet normal 0 -0.234765 0.972052
    outer loop
      vertex 5.98 44.8624 21.2322
      vertex 5 45.3957 21.361
      vertex 5 44.8624 21.2322
    endloop
  endfacet
  facet normal 0 -0.908448 0.417999
    outer loop
      vertex 5 44.6847 20.846
      vertex 5.98 44.8624 21.2322
      vertex 5 44.8624 21.2322
    endloop
  endfacet
  facet normal 0 -0.908448 0.417999
    outer loop
      vertex 5.98 44.8624 21.2322
      vertex 5 44.6847 20.846
      vertex 5.98 44.6847 20.846
    endloop
  endfacet
  facet normal 0 -0.985122 -0.171858
    outer loop
      vertex 5 44.7254 20.6127
      vertex 5.98 44.6847 20.846
      vertex 5 44.6847 20.846
    endloop
  endfacet
  facet normal 0 -0.985122 -0.171858
    outer loop
      vertex 5.98 44.6847 20.846
      vertex 5 44.7254 20.6127
      vertex 5.98 44.7254 20.6127
    endloop
  endfacet
  facet normal 0 -0.807965 -0.589231
    outer loop
      vertex 5 44.8477 20.445
      vertex 5.98 44.7254 20.6127
      vertex 5 44.7254 20.6127
    endloop
  endfacet
  facet normal 0 -0.807965 -0.589231
    outer loop
      vertex 5.98 44.7254 20.6127
      vertex 5 44.8477 20.445
      vertex 5.98 44.8477 20.445
    endloop
  endfacet
  facet normal 0 -0.431349 -0.902185
    outer loop
      vertex 5 44.8477 20.445
      vertex 5.98 45.0579 20.3445
      vertex 5.98 44.8477 20.445
    endloop
  endfacet
  facet normal -0 -0.431349 -0.902185
    outer loop
      vertex 5.98 45.0579 20.3445
      vertex 5 44.8477 20.445
      vertex 5 45.0579 20.3445
    endloop
  endfacet
  facet normal 0 -0.108546 -0.994091
    outer loop
      vertex 5 45.0579 20.3445
      vertex 5.98 45.3647 20.311
      vertex 5.98 45.0579 20.3445
    endloop
  endfacet
  facet normal -0 -0.108546 -0.994091
    outer loop
      vertex 5.98 45.3647 20.311
      vertex 5 45.0579 20.3445
      vertex 5 45.3647 20.311
    endloop
  endfacet
  facet normal 0 0 -1
    outer loop
      vertex 5 45.3647 20.311
      vertex 5.98 46.1187 20.311
      vertex 5.98 45.3647 20.311
    endloop
  endfacet
  facet normal -0 0 -1
    outer loop
      vertex 5.98 46.1187 20.311
      vertex 5 45.3647 20.311
      vertex 5 46.1187 20.311
    endloop
  endfacet
  facet normal -1 0 0
    outer loop
      vertex 5.98 16.5081 20.311
      vertex 5.98 16.9101 20.258
      vertex 5.98 16.9101 20
    endloop
  endfacet
  facet normal -1 0 0
    outer loop
      vertex 5.98 16.9101 20.258
      vertex 5.98 16.5081 20.311
      vertex 5.98 16.7949 20.4847
    endloop
  endfacet
  facet normal -1 0 0
    outer loop
      vertex 5.98 16.4279 20.458
      vertex 5.98 16.7949 20.4847
      vertex 5.98 16.5081 20.311
    endloop
  endfacet
  facet normal -1 0 0
    outer loop
      vertex 5.98 15.0152 20
      vertex 5.98 16.5081 20.311
      vertex 5.98 16.9101 20
    endloop
  endfacet
  facet normal -1 -0 0
    outer loop
      vertex 5.98 16.5081 20.311
      vertex 5.98 15.0152 20
      vertex 5.98 15.0152 20.311
    endloop
  endfacet
  facet normal -1 -0 0
    outer loop
      vertex 5.98 16.7949 20.4847
      vertex 5.98 16.4279 20.458
      vertex 5.98 16.6572 20.683
    endloop
  endfacet
  facet normal -1 0 0
    outer loop
      vertex 5.98 16.3091 20.611
      vertex 5.98 16.6572 20.683
      vertex 5.98 16.4279 20.458
    endloop
  endfacet
  facet normal -1 -0 0
    outer loop
      vertex 5.98 16.6572 20.683
      vertex 5.98 16.3091 20.611
      vertex 5.98 16.5044 20.859
    endloop
  endfacet
  facet normal -1 0 0
    outer loop
      vertex 5.98 16.1472 20.7762
      vertex 5.98 16.5044 20.859
      vertex 5.98 16.3091 20.611
    endloop
  endfacet
  facet normal -1 -0 0
    outer loop
      vertex 5.98 16.5044 20.859
      vertex 5.98 16.1472 20.7762
      vertex 5.98 16.3441 21.017
    endloop
  endfacet
  facet normal -1 -0 0
    outer loop
      vertex 5.98 16.3441 21.017
      vertex 5.98 16.1472 20.7762
      vertex 5.98 16.1801 21.1615
    endloop
  endfacet
  facet normal -1 0 0
    outer loop
      vertex 5.98 15.9371 20.96
      vertex 5.98 16.1801 21.1615
      vertex 5.98 16.1472 20.7762
    endloop
  endfacet
  facet normal -1 -0 0
    outer loop
      vertex 5.98 16.1801 21.1615
      vertex 5.98 15.9371 20.96
      vertex 5.98 16.0181 21.295
    endloop
  endfacet
  facet normal -1 0 0
    outer loop
      vertex 5.98 15.5809 21.265
      vertex 5.98 16.0181 21.295
      vertex 5.98 15.9371 20.96
    endloop
  endfacet
  facet normal -1 -0 0
    outer loop
      vertex 5.98 16.0181 21.295
      vertex 5.98 15.5809 21.265
      vertex 5.98 15.8642 21.4227
    endloop
  endfacet
  facet normal -1 -0 0
    outer loop
      vertex 5.98 15.8642 21.4227
      vertex 5.98 15.5809 21.265
      vertex 5.98 15.7262 21.55
    endloop
  endfacet
  facet normal -1 0 0
    outer loop
      vertex 5.98 15.3622 21.478
      vertex 5.98 15.7262 21.55
      vertex 5.98 15.5809 21.265
    endloop
  endfacet
  facet normal -1 -0 0
    outer loop
      vertex 5.98 15.7262 21.55
      vertex 5.98 15.3622 21.478
      vertex 5.98 15.6086 21.681
    endloop
  endfacet
  facet normal -1 -0 0
    outer loop
      vertex 5.98 15.6086 21.681
      vertex 5.98 15.3622 21.478
      vertex 5.98 15.5161 21.818
    endloop
  endfacet
  facet normal -1 0 0
    outer loop
      vertex 5.98 15.1351 21.812
      vertex 5.98 15.5161 21.818
      vertex 5.98 15.2299 21.645
    endloop
  endfacet
  facet normal -1 0 0
    outer loop
      vertex 5.98 15.2299 21.645
      vertex 5.98 15.5161 21.818
      vertex 5.98 15.3622 21.478
    endloop
  endfacet
  facet normal -1 0 0
    outer loop
      vertex 5.98 16.5201 22.16
      vertex 5.98 16.8006 22.503
      vertex 5.98 16.8941 22.195
    endloop
  endfacet
  facet normal -1 0 0
    outer loop
      vertex 5.98 16.8006 22.503
      vertex 5.98 16.5201 22.16
      vertex 5.98 16.4629 22.3635
    endloop
  endfacet
  facet normal -1 -0 0
    outer loop
      vertex 5.98 16.8006 22.503
      vertex 5.98 16.4629 22.3635
      vertex 5.98 16.6021 22.741
    endloop
  endfacet
  facet normal -1 0 0
    outer loop
      vertex 5.98 16.3432 22.516
      vertex 5.98 16.6021 22.741
      vertex 5.98 16.4629 22.3635
    endloop
  endfacet
  facet normal -1 0 0
    outer loop
      vertex 5.98 16.3432 22.516
      vertex 5.98 16.3154 22.8932
      vertex 5.98 16.6021 22.741
    endloop
  endfacet
  facet normal -1 0 0
    outer loop
      vertex 5.98 16.1707 22.6112
      vertex 5.98 16.3154 22.8932
      vertex 5.98 16.3432 22.516
    endloop
  endfacet
  facet normal -1 0 0
    outer loop
      vertex 5.98 15.9572 22.944
      vertex 5.98 16.1707 22.6112
      vertex 5.98 15.9572 22.643
    endloop
  endfacet
  facet normal -1 0 0
    outer loop
      vertex 5.98 16.1707 22.6112
      vertex 5.98 15.9572 22.944
      vertex 5.98 16.3154 22.8932
    endloop
  endfacet
  facet normal -1 0 0
    outer loop
      vertex 5.98 15.7381 22.6097
      vertex 5.98 15.9572 22.944
      vertex 5.98 15.9572 22.643
    endloop
  endfacet
  facet normal -1 0 0
    outer loop
      vertex 5.98 15.7381 22.6097
      vertex 5.98 15.5744 22.8922
      vertex 5.98 15.9572 22.944
    endloop
  endfacet
  facet normal -1 0 0
    outer loop
      vertex 5.98 15.5732 22.51
      vertex 5.98 15.5744 22.8922
      vertex 5.98 15.7381 22.6097
    endloop
  endfacet
  facet normal -1 0 0
    outer loop
      vertex 5.98 15.2921 22.737
      vertex 5.98 15.5732 22.51
      vertex 5.98 15.4697 22.35
    endloop
  endfacet
  facet normal -1 0 0
    outer loop
      vertex 5.98 15.5732 22.51
      vertex 5.98 15.2921 22.737
      vertex 5.98 15.5744 22.8922
    endloop
  endfacet
  facet normal -1 0 0
    outer loop
      vertex 5.98 15.0591 22.148
      vertex 5.98 15.4697 22.35
      vertex 5.98 15.4352 22.136
    endloop
  endfacet
  facet normal -1 -0 0
    outer loop
      vertex 5.98 15.5161 21.818
      vertex 5.98 15.1351 21.812
      vertex 5.98 15.4554 21.968
    endloop
  endfacet
  facet normal -1 0 0
    outer loop
      vertex 5.98 15.0782 21.9795
      vertex 5.98 15.4554 21.968
      vertex 5.98 15.1351 21.812
    endloop
  endfacet
  facet normal -1 0 0
    outer loop
      vertex 5.98 15.4554 21.968
      vertex 5.98 15.0782 21.9795
      vertex 5.98 15.4352 22.136
    endloop
  endfacet
  facet normal -1 -0 0
    outer loop
      vertex 5.98 15.4697 22.35
      vertex 5.98 15.0591 22.148
      vertex 5.98 15.1174 22.4862
    endloop
  endfacet
  facet normal -1 -0 0
    outer loop
      vertex 5.98 15.4352 22.136
      vertex 5.98 15.0782 21.9795
      vertex 5.98 15.0591 22.148
    endloop
  endfacet
  facet normal -1 0 0
    outer loop
      vertex 5.98 15.4697 22.35
      vertex 5.98 15.1174 22.4862
      vertex 5.98 15.2921 22.737
    endloop
  endfacet
  facet normal -1 0 0
    outer loop
      vertex 5.98 21.8545 20.3922
      vertex 5.98 22.201 20.5665
      vertex 5.98 22.259 20
    endloop
  endfacet
  facet normal -1 0 0
    outer loop
      vertex 5.98 21.8545 20.3922
      vertex 5.98 22.259 20
      vertex 5.98 21.877 20
    endloop
  endfacet
  facet normal -1 0 0
    outer loop
      vertex 5.98 21.787 20.771
      vertex 5.98 22.201 20.5665
      vertex 5.98 21.8545 20.3922
    endloop
  endfacet
  facet normal -1 0 0
    outer loop
      vertex 5.98 22.201 20.5665
      vertex 5.98 21.787 20.771
      vertex 5.98 22.027 21.162
    endloop
  endfacet
  facet normal -1 0 0
    outer loop
      vertex 5.98 21.6738 21.1455
      vertex 5.98 22.027 21.162
      vertex 5.98 21.787 20.771
    endloop
  endfacet
  facet normal -1 0 0
    outer loop
      vertex 5.98 21.516 21.525
      vertex 5.98 22.027 21.162
      vertex 5.98 21.6738 21.1455
    endloop
  endfacet
  facet normal -1 0 0
    outer loop
      vertex 5.98 22.027 21.162
      vertex 5.98 21.516 21.525
      vertex 5.98 21.716 21.8192
    endloop
  endfacet
  facet normal -1 0 0
    outer loop
      vertex 5.98 21.2705 21.981
      vertex 5.98 21.716 21.8192
      vertex 5.98 21.516 21.525
    endloop
  endfacet
  facet normal -1 0 0
    outer loop
      vertex 5.98 21.2705 21.981
      vertex 5.98 21.249 22.569
      vertex 5.98 21.716 21.8192
    endloop
  endfacet
  facet normal -1 -0 -0
    outer loop
      vertex 5.98 21.249 22.569
      vertex 5.98 21.2705 21.981
      vertex 5.98 20.896 22.583
    endloop
  endfacet
  facet normal -1 0 0
    outer loop
      vertex 5.98 21.249 22.569
      vertex 5.98 22.787 22.88
      vertex 5.98 22.787 22.569
    endloop
  endfacet
  facet normal -1 0 0
    outer loop
      vertex 5.98 20.896 22.88
      vertex 5.98 21.249 22.569
      vertex 5.98 20.896 22.583
    endloop
  endfacet
  facet normal -1 0 0
    outer loop
      vertex 5.98 21.249 22.569
      vertex 5.98 20.896 22.88
      vertex 5.98 22.787 22.88
    endloop
  endfacet
  facet normal -1 0 0
    outer loop
      vertex 5.98 19.0648 20
      vertex 5.98 18.3358 20.311
      vertex 5.98 19.0648 20.311
    endloop
  endfacet
  facet normal -1 0 0
    outer loop
      vertex 5.98 17.9678 20.311
      vertex 5.98 18.3358 22.531
      vertex 5.98 18.3358 20.311
    endloop
  endfacet
  facet normal -1 0 0
    outer loop
      vertex 5.98 17.9678 22.88
      vertex 5.98 18.3358 22.531
      vertex 5.98 17.9678 20.311
    endloop
  endfacet
  facet normal -1 0 0
    outer loop
      vertex 5.98 17.2719 20
      vertex 5.98 18.3358 20.311
      vertex 5.98 19.0648 20
    endloop
  endfacet
  facet normal -1 -0 0
    outer loop
      vertex 5.98 18.3358 20.311
      vertex 5.98 17.2719 20
      vertex 5.98 17.9678 20.311
    endloop
  endfacet
  facet normal -1 -0 0
    outer loop
      vertex 5.98 17.9678 20.311
      vertex 5.98 17.2719 20
      vertex 5.98 17.2719 20.311
    endloop
  endfacet
  facet normal -1 0 0
    outer loop
      vertex 5.98 18.3358 22.531
      vertex 5.98 18.9818 22.393
      vertex 5.98 18.9818 22.048
    endloop
  endfacet
  facet normal -1 0 0
    outer loop
      vertex 5.98 18.9818 22.393
      vertex 5.98 18.3358 22.531
      vertex 5.98 18.3048 22.88
    endloop
  endfacet
  facet normal -1 0 0
    outer loop
      vertex 5.98 18.3358 22.531
      vertex 5.98 17.9678 22.88
      vertex 5.98 18.3048 22.88
    endloop
  endfacet
  facet normal -1 0 0
    outer loop
      vertex 5.98 19.5373 20.955
      vertex 5.98 20.5523 21.28
      vertex 5.98 20.5523 20.955
    endloop
  endfacet
  facet normal -1 -0 0
    outer loop
      vertex 5.98 20.5523 21.28
      vertex 5.98 19.5373 20.955
      vertex 5.98 19.5373 21.28
    endloop
  endfacet
  facet normal -1 0 0
    outer loop
      vertex 5.98 13.6375 20.85
      vertex 5.98 14.8385 22.88
      vertex 5.98 13.6705 20
    endloop
  endfacet
  facet normal -1 -0 0
    outer loop
      vertex 5.98 14.8385 22.88
      vertex 5.98 13.6375 20.85
      vertex 5.98 14.4295 22.88
    endloop
  endfacet
  facet normal -1 0 0
    outer loop
      vertex 5.98 13.6705 20
      vertex 5.98 13.4675 20.341
      vertex 5.98 13.6375 20.85
    endloop
  endfacet
  facet normal -1 0 0
    outer loop
      vertex 5.98 13.2684 20
      vertex 5.98 13.4675 20.341
      vertex 5.98 13.6705 20
    endloop
  endfacet
  facet normal -1 0 0
    outer loop
      vertex 5.98 13.2684 20
      vertex 5.98 13.2964 20.85
      vertex 5.98 13.4675 20.341
    endloop
  endfacet
  facet normal -1 0 0
    outer loop
      vertex 5.98 12.1004 22.88
      vertex 5.98 13.2964 20.85
      vertex 5.98 13.2684 20
    endloop
  endfacet
  facet normal -1 0 0
    outer loop
      vertex 5.98 13.2964 20.85
      vertex 5.98 12.1004 22.88
      vertex 5.98 12.5085 22.88
    endloop
  endfacet
  facet normal 1 -0 0
    outer loop
      vertex 4.98 12.1004 22.88
      vertex 4.98 13 21.6137
      vertex 4.98 12.5085 22.88
    endloop
  endfacet
  facet normal 1 0 0
    outer loop
      vertex 4.98 13 21.6137
      vertex 4.98 12.1004 22.88
      vertex 4.98 13 20.6619
    endloop
  endfacet
  facet normal 0 0 -1
    outer loop
      vertex 5 15.0152 20.311
      vertex 5.98 16.5081 20.311
      vertex 5.98 15.0152 20.311
    endloop
  endfacet
  facet normal -0 0 -1
    outer loop
      vertex 5.98 16.5081 20.311
      vertex 5 15.0152 20.311
      vertex 5 16.5081 20.311
    endloop
  endfacet
  facet normal 0 0.87785 0.478936
    outer loop
      vertex 5.98 16.5081 20.311
      vertex 5 16.4279 20.458
      vertex 5.98 16.4279 20.458
    endloop
  endfacet
  facet normal 0 0.87785 0.478936
    outer loop
      vertex 5 16.4279 20.458
      vertex 5.98 16.5081 20.311
      vertex 5 16.5081 20.311
    endloop
  endfacet
  facet normal 0 0.789852 0.613297
    outer loop
      vertex 5.98 16.4279 20.458
      vertex 5 16.3091 20.611
      vertex 5.98 16.3091 20.611
    endloop
  endfacet
  facet normal 0 0.789852 0.613297
    outer loop
      vertex 5 16.3091 20.611
      vertex 5.98 16.4279 20.458
      vertex 5 16.4279 20.458
    endloop
  endfacet
  facet normal 0 0.714204 0.699937
    outer loop
      vertex 5.98 16.3091 20.611
      vertex 5 16.1472 20.7762
      vertex 5.98 16.1472 20.7762
    endloop
  endfacet
  facet normal 0 0.714204 0.699937
    outer loop
      vertex 5 16.1472 20.7762
      vertex 5.98 16.3091 20.611
      vertex 5 16.3091 20.611
    endloop
  endfacet
  facet normal -0 0.658429 0.752643
    outer loop
      vertex 5 16.1472 20.7762
      vertex 5.98 15.9371 20.96
      vertex 5.98 16.1472 20.7762
    endloop
  endfacet
  facet normal 0 0.658429 0.752643
    outer loop
      vertex 5.98 15.9371 20.96
      vertex 5 16.1472 20.7762
      vertex 5 15.9371 20.96
    endloop
  endfacet
  facet normal -0 0.650405 0.759588
    outer loop
      vertex 5 15.9371 20.96
      vertex 5.98 15.5809 21.265
      vertex 5.98 15.9371 20.96
    endloop
  endfacet
  facet normal 0 0.650405 0.759588
    outer loop
      vertex 5.98 15.5809 21.265
      vertex 5 15.9371 20.96
      vertex 5 15.5809 21.265
    endloop
  endfacet
  facet normal -0 0.69771 0.716381
    outer loop
      vertex 5 15.5809 21.265
      vertex 5.98 15.3622 21.478
      vertex 5.98 15.5809 21.265
    endloop
  endfacet
  facet normal 0 0.69771 0.716381
    outer loop
      vertex 5.98 15.3622 21.478
      vertex 5 15.5809 21.265
      vertex 5 15.3622 21.478
    endloop
  endfacet
  facet normal 0 0.783836 0.620967
    outer loop
      vertex 5.98 15.3622 21.478
      vertex 5 15.2299 21.645
      vertex 5.98 15.2299 21.645
    endloop
  endfacet
  facet normal 0 0.783836 0.620967
    outer loop
      vertex 5 15.2299 21.645
      vertex 5.98 15.3622 21.478
      vertex 5 15.3622 21.478
    endloop
  endfacet
  facet normal 0 0.86965 0.493669
    outer loop
      vertex 5.98 15.2299 21.645
      vertex 5 15.1351 21.812
      vertex 5.98 15.1351 21.812
    endloop
  endfacet
  facet normal 0 0.86965 0.493669
    outer loop
      vertex 5 15.1351 21.812
      vertex 5.98 15.2299 21.645
      vertex 5 15.2299 21.645
    endloop
  endfacet
  facet normal 0 0.946859 0.321649
    outer loop
      vertex 5.98 15.1351 21.812
      vertex 5 15.0782 21.9795
      vertex 5.98 15.0782 21.9795
    endloop
  endfacet
  facet normal 0 0.946859 0.321649
    outer loop
      vertex 5 15.0782 21.9795
      vertex 5.98 15.1351 21.812
      vertex 5 15.1351 21.812
    endloop
  endfacet
  facet normal 0 0.993637 0.112632
    outer loop
      vertex 5.98 15.0782 21.9795
      vertex 5 15.0591 22.148
      vertex 5.98 15.0591 22.148
    endloop
  endfacet
  facet normal 0 0.993637 0.112632
    outer loop
      vertex 5 15.0591 22.148
      vertex 5.98 15.0782 21.9795
      vertex 5 15.0782 21.9795
    endloop
  endfacet
  facet normal 0 0.985465 -0.169878
    outer loop
      vertex 5.98 15.0591 22.148
      vertex 5 15.1174 22.4862
      vertex 5.98 15.1174 22.4862
    endloop
  endfacet
  facet normal 0 0.985465 -0.169878
    outer loop
      vertex 5 15.1174 22.4862
      vertex 5.98 15.0591 22.148
      vertex 5 15.0591 22.148
    endloop
  endfacet
  facet normal 0 0.820552 -0.571572
    outer loop
      vertex 5.98 15.1174 22.4862
      vertex 5 15.2921 22.737
      vertex 5.98 15.2921 22.737
    endloop
  endfacet
  facet normal 0 0.820552 -0.571572
    outer loop
      vertex 5 15.2921 22.737
      vertex 5.98 15.1174 22.4862
      vertex 5 15.1174 22.4862
    endloop
  endfacet
  facet normal 0 0.481764 -0.876301
    outer loop
      vertex 5 15.2921 22.737
      vertex 5.98 15.5744 22.8922
      vertex 5.98 15.2921 22.737
    endloop
  endfacet
  facet normal 0 0.481764 -0.876301
    outer loop
      vertex 5.98 15.5744 22.8922
      vertex 5 15.2921 22.737
      vertex 5 15.5744 22.8922
    endloop
  endfacet
  facet normal 0 0.134097 -0.990968
    outer loop
      vertex 5 15.5744 22.8922
      vertex 5.98 15.9572 22.944
      vertex 5.98 15.5744 22.8922
    endloop
  endfacet
  facet normal 0 0.134097 -0.990968
    outer loop
      vertex 5.98 15.9572 22.944
      vertex 5 15.5744 22.8922
      vertex 5 15.9572 22.944
    endloop
  endfacet
  facet normal 0 -0.140415 -0.990093
    outer loop
      vertex 5 15.9572 22.944
      vertex 5.98 16.3154 22.8932
      vertex 5.98 15.9572 22.944
    endloop
  endfacet
  facet normal -0 -0.140415 -0.990093
    outer loop
      vertex 5.98 16.3154 22.8932
      vertex 5 15.9572 22.944
      vertex 5 16.3154 22.8932
    endloop
  endfacet
  facet normal 0 -0.468892 -0.883255
    outer loop
      vertex 5 16.3154 22.8932
      vertex 5.98 16.6021 22.741
      vertex 5.98 16.3154 22.8932
    endloop
  endfacet
  facet normal -0 -0.468892 -0.883255
    outer loop
      vertex 5.98 16.6021 22.741
      vertex 5 16.3154 22.8932
      vertex 5 16.6021 22.741
    endloop
  endfacet
  facet normal 0 -0.767957 -0.640502
    outer loop
      vertex 5 16.8006 22.503
      vertex 5.98 16.6021 22.741
      vertex 5 16.6021 22.741
    endloop
  endfacet
  facet normal 0 -0.767957 -0.640502
    outer loop
      vertex 5.98 16.6021 22.741
      vertex 5 16.8006 22.503
      vertex 5.98 16.8006 22.503
    endloop
  endfacet
  facet normal 0 -0.956881 -0.290482
    outer loop
      vertex 5 16.8941 22.195
      vertex 5.98 16.8006 22.503
      vertex 5 16.8006 22.503
    endloop
  endfacet
  facet normal 0 -0.956881 -0.290482
    outer loop
      vertex 5.98 16.8006 22.503
      vertex 5 16.8941 22.195
      vertex 5.98 16.8941 22.195
    endloop
  endfacet
  facet normal 0 -0.0931758 0.99565
    outer loop
      vertex 5 16.8941 22.195
      vertex 5.98 16.5201 22.16
      vertex 5.98 16.8941 22.195
    endloop
  endfacet
  facet normal 0 -0.0931758 0.99565
    outer loop
      vertex 5.98 16.5201 22.16
      vertex 5 16.8941 22.195
      vertex 5 16.5201 22.16
    endloop
  endfacet
  facet normal 0 0.962693 0.270595
    outer loop
      vertex 5.98 16.5201 22.16
      vertex 5 16.4629 22.3635
      vertex 5.98 16.4629 22.3635
    endloop
  endfacet
  facet normal 0 0.962693 0.270595
    outer loop
      vertex 5 16.4629 22.3635
      vertex 5.98 16.5201 22.16
      vertex 5 16.5201 22.16
    endloop
  endfacet
  facet normal 0 0.786623 0.617434
    outer loop
      vertex 5.98 16.4629 22.3635
      vertex 5 16.3432 22.516
      vertex 5.98 16.3432 22.516
    endloop
  endfacet
  facet normal 0 0.786623 0.617434
    outer loop
      vertex 5 16.3432 22.516
      vertex 5.98 16.4629 22.3635
      vertex 5 16.4629 22.3635
    endloop
  endfacet
  facet normal -0 0.483185 0.875518
    outer loop
      vertex 5 16.3432 22.516
      vertex 5.98 16.1707 22.6112
      vertex 5.98 16.3432 22.516
    endloop
  endfacet
  facet normal 0 0.483185 0.875518
    outer loop
      vertex 5.98 16.1707 22.6112
      vertex 5 16.3432 22.516
      vertex 5 16.1707 22.6112
    endloop
  endfacet
  facet normal -0 0.147321 0.989089
    outer loop
      vertex 5 16.1707 22.6112
      vertex 5.98 15.9572 22.643
      vertex 5.98 16.1707 22.6112
    endloop
  endfacet
  facet normal 0 0.147321 0.989089
    outer loop
      vertex 5.98 15.9572 22.643
      vertex 5 16.1707 22.6112
      vertex 5 15.9572 22.643
    endloop
  endfacet
  facet normal 0 -0.15026 0.988647
    outer loop
      vertex 5 15.9572 22.643
      vertex 5.98 15.7381 22.6097
      vertex 5.98 15.9572 22.643
    endloop
  endfacet
  facet normal 0 -0.15026 0.988647
    outer loop
      vertex 5.98 15.7381 22.6097
      vertex 5 15.9572 22.643
      vertex 5 15.7381 22.6097
    endloop
  endfacet
  facet normal 0 -0.517393 0.855748
    outer loop
      vertex 5 15.7381 22.6097
      vertex 5.98 15.5732 22.51
      vertex 5.98 15.7381 22.6097
    endloop
  endfacet
  facet normal 0 -0.517393 0.855748
    outer loop
      vertex 5.98 15.5732 22.51
      vertex 5 15.7381 22.6097
      vertex 5 15.5732 22.51
    endloop
  endfacet
  facet normal 0 -0.839641 0.543142
    outer loop
      vertex 5 15.4697 22.35
      vertex 5.98 15.5732 22.51
      vertex 5 15.5732 22.51
    endloop
  endfacet
  facet normal 0 -0.839641 0.543142
    outer loop
      vertex 5.98 15.5732 22.51
      vertex 5 15.4697 22.35
      vertex 5.98 15.4697 22.35
    endloop
  endfacet
  facet normal 0 -0.987253 0.15916
    outer loop
      vertex 5 15.4352 22.136
      vertex 5.98 15.4697 22.35
      vertex 5 15.4697 22.35
    endloop
  endfacet
  facet normal 0 -0.987253 0.15916
    outer loop
      vertex 5.98 15.4697 22.35
      vertex 5 15.4352 22.136
      vertex 5.98 15.4352 22.136
    endloop
  endfacet
  facet normal 0 -0.992849 -0.119378
    outer loop
      vertex 5 15.4554 21.968
      vertex 5.98 15.4352 22.136
      vertex 5 15.4352 22.136
    endloop
  endfacet
  facet normal 0 -0.992849 -0.119378
    outer loop
      vertex 5.98 15.4352 22.136
      vertex 5 15.4554 21.968
      vertex 5.98 15.4554 21.968
    endloop
  endfacet
  facet normal 0 -0.926978 -0.375117
    outer loop
      vertex 5 15.5161 21.818
      vertex 5.98 15.4554 21.968
      vertex 5 15.4554 21.968
    endloop
  endfacet
  facet normal 0 -0.926978 -0.375117
    outer loop
      vertex 5.98 15.4554 21.968
      vertex 5 15.5161 21.818
      vertex 5.98 15.5161 21.818
    endloop
  endfacet
  facet normal 0 -0.828779 -0.559577
    outer loop
      vertex 5 15.6086 21.681
      vertex 5.98 15.5161 21.818
      vertex 5 15.5161 21.818
    endloop
  endfacet
  facet normal 0 -0.828779 -0.559577
    outer loop
      vertex 5.98 15.5161 21.818
      vertex 5 15.6086 21.681
      vertex 5.98 15.6086 21.681
    endloop
  endfacet
  facet normal 0 -0.744141 -0.668023
    outer loop
      vertex 5 15.7262 21.55
      vertex 5.98 15.6086 21.681
      vertex 5 15.6086 21.681
    endloop
  endfacet
  facet normal 0 -0.744141 -0.668023
    outer loop
      vertex 5.98 15.6086 21.681
      vertex 5 15.7262 21.55
      vertex 5.98 15.7262 21.55
    endloop
  endfacet
  facet normal 0 -0.678037 -0.735028
    outer loop
      vertex 5 15.7262 21.55
      vertex 5.98 15.8642 21.4227
      vertex 5.98 15.7262 21.55
    endloop
  endfacet
  facet normal -0 -0.678037 -0.735028
    outer loop
      vertex 5.98 15.8642 21.4227
      vertex 5 15.7262 21.55
      vertex 5 15.8642 21.4227
    endloop
  endfacet
  facet normal 0 -0.63856 -0.769572
    outer loop
      vertex 5 15.8642 21.4227
      vertex 5.98 16.0181 21.295
      vertex 5.98 15.8642 21.4227
    endloop
  endfacet
  facet normal -0 -0.63856 -0.769572
    outer loop
      vertex 5.98 16.0181 21.295
      vertex 5 15.8642 21.4227
      vertex 5 16.0181 21.295
    endloop
  endfacet
  facet normal 0 -0.635958 -0.771724
    outer loop
      vertex 5 16.0181 21.295
      vertex 5.98 16.1801 21.1615
      vertex 5.98 16.0181 21.295
    endloop
  endfacet
  facet normal -0 -0.635958 -0.771724
    outer loop
      vertex 5.98 16.1801 21.1615
      vertex 5 16.0181 21.295
      vertex 5 16.1801 21.1615
    endloop
  endfacet
  facet normal 0 -0.661092 -0.750305
    outer loop
      vertex 5 16.1801 21.1615
      vertex 5.98 16.3441 21.017
      vertex 5.98 16.1801 21.1615
    endloop
  endfacet
  facet normal -0 -0.661092 -0.750305
    outer loop
      vertex 5.98 16.3441 21.017
      vertex 5 16.1801 21.1615
      vertex 5 16.3441 21.017
    endloop
  endfacet
  facet normal 0 -0.701979 -0.712198
    outer loop
      vertex 5 16.3441 21.017
      vertex 5.98 16.5044 20.859
      vertex 5.98 16.3441 21.017
    endloop
  endfacet
  facet normal -0 -0.701979 -0.712198
    outer loop
      vertex 5.98 16.5044 20.859
      vertex 5 16.3441 21.017
      vertex 5 16.5044 20.859
    endloop
  endfacet
  facet normal 0 -0.755123 -0.655584
    outer loop
      vertex 5 16.6572 20.683
      vertex 5.98 16.5044 20.859
      vertex 5 16.5044 20.859
    endloop
  endfacet
  facet normal 0 -0.755123 -0.655584
    outer loop
      vertex 5.98 16.5044 20.859
      vertex 5 16.6572 20.683
      vertex 5.98 16.6572 20.683
    endloop
  endfacet
  facet normal 0 -0.821386 -0.570373
    outer loop
      vertex 5 16.7949 20.4847
      vertex 5.98 16.6572 20.683
      vertex 5 16.6572 20.683
    endloop
  endfacet
  facet normal 0 -0.821386 -0.570373
    outer loop
      vertex 5.98 16.6572 20.683
      vertex 5 16.7949 20.4847
      vertex 5.98 16.7949 20.4847
    endloop
  endfacet
  facet normal 0 -0.891498 -0.453024
    outer loop
      vertex 5 16.9101 20.258
      vertex 5.98 16.7949 20.4847
      vertex 5 16.7949 20.4847
    endloop
  endfacet
  facet normal 0 -0.891498 -0.453024
    outer loop
      vertex 5.98 16.7949 20.4847
      vertex 5 16.9101 20.258
      vertex 5.98 16.9101 20.258
    endloop
  endfacet
  facet normal 0 -1 0
    outer loop
      vertex 5 16.9101 20
      vertex 5.98 16.9101 20.258
      vertex 5 16.9101 20.258
    endloop
  endfacet
  facet normal 0 -1 -0
    outer loop
      vertex 5.98 16.9101 20.258
      vertex 5 16.9101 20
      vertex 5.98 16.9101 20
    endloop
  endfacet
  facet normal -0 0 1
    outer loop
      vertex 5 16.9101 20
      vertex 5.98 15.0152 20
      vertex 5.98 16.9101 20
    endloop
  endfacet
  facet normal 0 0 1
    outer loop
      vertex 5.98 15.0152 20
      vertex 5 16.9101 20
      vertex 5 15.0152 20
    endloop
  endfacet
  facet normal 0 1 -0
    outer loop
      vertex 5.98 15.0152 20
      vertex 5 15.0152 20.311
      vertex 5.98 15.0152 20.311
    endloop
  endfacet
  facet normal 0 1 0
    outer loop
      vertex 5 15.0152 20.311
      vertex 5.98 15.0152 20
      vertex 5 15.0152 20
    endloop
  endfacet
  facet normal 0 0.984492 0.175431
    outer loop
      vertex 5.98 21.8545 20.3922
      vertex 5 21.787 20.771
      vertex 5.98 21.787 20.771
    endloop
  endfacet
  facet normal 0 0.984492 0.175431
    outer loop
      vertex 5 21.787 20.771
      vertex 5.98 21.8545 20.3922
      vertex 5 21.8545 20.3922
    endloop
  endfacet
  facet normal 0 0.957226 0.28934
    outer loop
      vertex 5.98 21.787 20.771
      vertex 5 21.6738 21.1455
      vertex 5.98 21.6738 21.1455
    endloop
  endfacet
  facet normal 0 0.957226 0.28934
    outer loop
      vertex 5 21.6738 21.1455
      vertex 5.98 21.787 20.771
      vertex 5 21.787 20.771
    endloop
  endfacet
  facet normal 0 0.923357 0.383942
    outer loop
      vertex 5.98 21.6738 21.1455
      vertex 5 21.516 21.525
      vertex 5.98 21.516 21.525
    endloop
  endfacet
  facet normal 0 0.923357 0.383942
    outer loop
      vertex 5 21.516 21.525
      vertex 5.98 21.6738 21.1455
      vertex 5 21.6738 21.1455
    endloop
  endfacet
  facet normal 0 0.880502 0.474042
    outer loop
      vertex 5.98 21.516 21.525
      vertex 5 21.2705 21.981
      vertex 5.98 21.2705 21.981
    endloop
  endfacet
  facet normal 0 0.880502 0.474042
    outer loop
      vertex 5 21.2705 21.981
      vertex 5.98 21.516 21.525
      vertex 5 21.516 21.525
    endloop
  endfacet
  facet normal 0 0.849106 0.528223
    outer loop
      vertex 5.98 21.2705 21.981
      vertex 5 20.896 22.583
      vertex 5.98 20.896 22.583
    endloop
  endfacet
  facet normal 0 0.849106 0.528223
    outer loop
      vertex 5 20.896 22.583
      vertex 5.98 21.2705 21.981
      vertex 5 21.2705 21.981
    endloop
  endfacet
  facet normal 0 1 -0
    outer loop
      vertex 5.98 20.896 22.583
      vertex 5 20.896 22.88
      vertex 5.98 20.896 22.88
    endloop
  endfacet
  facet normal 0 1 0
    outer loop
      vertex 5 20.896 22.88
      vertex 5.98 20.896 22.583
      vertex 5 20.896 22.583
    endloop
  endfacet
  facet normal 0 0 -1
    outer loop
      vertex 5 20.896 22.88
      vertex 5.98 22.787 22.88
      vertex 5.98 20.896 22.88
    endloop
  endfacet
  facet normal -0 0 -1
    outer loop
      vertex 5.98 22.787 22.88
      vertex 5 20.896 22.88
      vertex 5 22.787 22.88
    endloop
  endfacet
  facet normal 0 -1 0
    outer loop
      vertex 5 22.787 22.569
      vertex 5.98 22.787 22.88
      vertex 5 22.787 22.88
    endloop
  endfacet
  facet normal 0 -1 -0
    outer loop
      vertex 5.98 22.787 22.88
      vertex 5 22.787 22.569
      vertex 5.98 22.787 22.569
    endloop
  endfacet
  facet normal -0 0 1
    outer loop
      vertex 5 22.787 22.569
      vertex 5.98 21.249 22.569
      vertex 5.98 22.787 22.569
    endloop
  endfacet
  facet normal 0 0 1
    outer loop
      vertex 5.98 21.249 22.569
      vertex 5 22.787 22.569
      vertex 5 21.249 22.569
    endloop
  endfacet
  facet normal 0 -0.848824 -0.528675
    outer loop
      vertex 5 21.716 21.8192
      vertex 5.98 21.249 22.569
      vertex 5 21.249 22.569
    endloop
  endfacet
  facet normal 0 -0.848824 -0.528675
    outer loop
      vertex 5.98 21.249 22.569
      vertex 5 21.716 21.8192
      vertex 5.98 21.716 21.8192
    endloop
  endfacet
  facet normal 0 -0.9039 -0.427743
    outer loop
      vertex 5 22.027 21.162
      vertex 5.98 21.716 21.8192
      vertex 5 21.716 21.8192
    endloop
  endfacet
  facet normal 0 -0.9039 -0.427743
    outer loop
      vertex 5.98 21.716 21.8192
      vertex 5 22.027 21.162
      vertex 5.98 22.027 21.162
    endloop
  endfacet
  facet normal 0 -0.959864 -0.280464
    outer loop
      vertex 5 22.201 20.5665
      vertex 5.98 22.027 21.162
      vertex 5 22.027 21.162
    endloop
  endfacet
  facet normal 0 -0.959864 -0.280464
    outer loop
      vertex 5.98 22.027 21.162
      vertex 5 22.201 20.5665
      vertex 5.98 22.201 20.5665
    endloop
  endfacet
  facet normal 0 -0.9948 -0.101851
    outer loop
      vertex 5 22.259 20
      vertex 5.98 22.201 20.5665
      vertex 5 22.201 20.5665
    endloop
  endfacet
  facet normal 0 -0.9948 -0.101851
    outer loop
      vertex 5.98 22.201 20.5665
      vertex 5 22.259 20
      vertex 5.98 22.259 20
    endloop
  endfacet
  facet normal -0 0 1
    outer loop
      vertex 5 22.259 20
      vertex 5.98 21.877 20
      vertex 5.98 22.259 20
    endloop
  endfacet
  facet normal 0 0 1
    outer loop
      vertex 5.98 21.877 20
      vertex 5 22.259 20
      vertex 5 21.877 20
    endloop
  endfacet
  facet normal 0 0.998358 0.0572745
    outer loop
      vertex 5.98 21.877 20
      vertex 5 21.8545 20.3922
      vertex 5.98 21.8545 20.3922
    endloop
  endfacet
  facet normal 0 0.998358 0.0572745
    outer loop
      vertex 5 21.8545 20.3922
      vertex 5.98 21.877 20
      vertex 5 21.877 20
    endloop
  endfacet
  facet normal 0 0 -1
    outer loop
      vertex 5 17.2719 20.311
      vertex 5.98 17.9678 20.311
      vertex 5.98 17.2719 20.311
    endloop
  endfacet
  facet normal -0 0 -1
    outer loop
      vertex 5.98 17.9678 20.311
      vertex 5 17.2719 20.311
      vertex 5 17.9678 20.311
    endloop
  endfacet
  facet normal 0 1 -0
    outer loop
      vertex 5.98 17.9678 20.311
      vertex 5 17.9678 22.88
      vertex 5.98 17.9678 22.88
    endloop
  endfacet
  facet normal 0 1 0
    outer loop
      vertex 5 17.9678 22.88
      vertex 5.98 17.9678 20.311
      vertex 5 17.9678 20.311
    endloop
  endfacet
  facet normal 0 0 -1
    outer loop
      vertex 5 17.9678 22.88
      vertex 5.98 18.3048 22.88
      vertex 5.98 17.9678 22.88
    endloop
  endfacet
  facet normal -0 0 -1
    outer loop
      vertex 5.98 18.3048 22.88
      vertex 5 17.9678 22.88
      vertex 5 18.3048 22.88
    endloop
  endfacet
  facet normal 0 -0.583957 -0.811784
    outer loop
      vertex 5 18.3048 22.88
      vertex 5.98 18.9818 22.393
      vertex 5.98 18.3048 22.88
    endloop
  endfacet
  facet normal -0 -0.583957 -0.811784
    outer loop
      vertex 5.98 18.9818 22.393
      vertex 5 18.3048 22.88
      vertex 5 18.9818 22.393
    endloop
  endfacet
  facet normal 0 -1 0
    outer loop
      vertex 5 18.9818 22.048
      vertex 5.98 18.9818 22.393
      vertex 5 18.9818 22.393
    endloop
  endfacet
  facet normal 0 -1 -0
    outer loop
      vertex 5.98 18.9818 22.393
      vertex 5 18.9818 22.048
      vertex 5.98 18.9818 22.048
    endloop
  endfacet
  facet normal -0 0.598809 0.800892
    outer loop
      vertex 5 18.9818 22.048
      vertex 5.98 18.3358 22.531
      vertex 5.98 18.9818 22.048
    endloop
  endfacet
  facet normal 0 0.598809 0.800892
    outer loop
      vertex 5.98 18.3358 22.531
      vertex 5 18.9818 22.048
      vertex 5 18.3358 22.531
    endloop
  endfacet
  facet normal 0 -1 0
    outer loop
      vertex 5 18.3358 20.311
      vertex 5.98 18.3358 22.531
      vertex 5 18.3358 22.531
    endloop
  endfacet
  facet normal 0 -1 -0
    outer loop
      vertex 5.98 18.3358 22.531
      vertex 5 18.3358 20.311
      vertex 5.98 18.3358 20.311
    endloop
  endfacet
  facet normal 0 0 -1
    outer loop
      vertex 5 18.3358 20.311
      vertex 5.98 19.0648 20.311
      vertex 5.98 18.3358 20.311
    endloop
  endfacet
  facet normal -0 0 -1
    outer loop
      vertex 5.98 19.0648 20.311
      vertex 5 18.3358 20.311
      vertex 5 19.0648 20.311
    endloop
  endfacet
  facet normal 0 -1 0
    outer loop
      vertex 5 19.0648 20
      vertex 5.98 19.0648 20.311
      vertex 5 19.0648 20.311
    endloop
  endfacet
  facet normal 0 -1 -0
    outer loop
      vertex 5.98 19.0648 20.311
      vertex 5 19.0648 20
      vertex 5.98 19.0648 20
    endloop
  endfacet
  facet normal -0 0 1
    outer loop
      vertex 5 19.0648 20
      vertex 5.98 17.2719 20
      vertex 5.98 19.0648 20
    endloop
  endfacet
  facet normal 0 0 1
    outer loop
      vertex 5.98 17.2719 20
      vertex 5 19.0648 20
      vertex 5 17.2719 20
    endloop
  endfacet
  facet normal 0 1 -0
    outer loop
      vertex 5.98 17.2719 20
      vertex 5 17.2719 20.311
      vertex 5.98 17.2719 20.311
    endloop
  endfacet
  facet normal 0 1 0
    outer loop
      vertex 5 17.2719 20.311
      vertex 5.98 17.2719 20
      vertex 5 17.2719 20
    endloop
  endfacet
  facet normal 0 0 -1
    outer loop
      vertex 4.98 12.1004 22.88
      vertex 5.98 12.5085 22.88
      vertex 5.98 12.1004 22.88
    endloop
  endfacet
  facet normal -0 0 -1
    outer loop
      vertex 5.98 12.5085 22.88
      vertex 4.98 12.1004 22.88
      vertex 4.98 12.5085 22.88
    endloop
  endfacet
  facet normal -0 -0.932241 -0.361839
    outer loop
      vertex 5 13 21.6137
      vertex 4.98 12.5085 22.88
      vertex 4.98 13 21.6137
    endloop
  endfacet
  facet normal 0 -0.932241 -0.361839
    outer loop
      vertex 4.98 12.5085 22.88
      vertex 5 13 21.6137
      vertex 5.98 12.5085 22.88
    endloop
  endfacet
  facet normal -0 -0.93225 -0.361816
    outer loop
      vertex 5.98 13.2964 20.85
      vertex 5 13 21.6137
      vertex 5 13.2964 20.85
    endloop
  endfacet
  facet normal -1.27601e-05 -0.932244 -0.36183
    outer loop
      vertex 5 13 21.6137
      vertex 5.98 13.2964 20.85
      vertex 5.98 12.5085 22.88
    endloop
  endfacet
  facet normal 0 -0.947879 -0.318629
    outer loop
      vertex 5 13.4675 20.341
      vertex 5.98 13.2964 20.85
      vertex 5 13.2964 20.85
    endloop
  endfacet
  facet normal 0 -0.947879 -0.318629
    outer loop
      vertex 5.98 13.2964 20.85
      vertex 5 13.4675 20.341
      vertex 5.98 13.4675 20.341
    endloop
  endfacet
  facet normal 0 0.948497 -0.316787
    outer loop
      vertex 5.98 13.4675 20.341
      vertex 5 13.6375 20.85
      vertex 5.98 13.6375 20.85
    endloop
  endfacet
  facet normal 0 0.948497 -0.316787
    outer loop
      vertex 5 13.6375 20.85
      vertex 5.98 13.4675 20.341
      vertex 5 13.4675 20.341
    endloop
  endfacet
  facet normal 0 0.931608 -0.363465
    outer loop
      vertex 5.98 13.6375 20.85
      vertex 5 14.4295 22.88
      vertex 5.98 14.4295 22.88
    endloop
  endfacet
  facet normal 0 0.931608 -0.363465
    outer loop
      vertex 5 14.4295 22.88
      vertex 5.98 13.6375 20.85
      vertex 5 13.6375 20.85
    endloop
  endfacet
  facet normal 0 0 -1
    outer loop
      vertex 5 14.4295 22.88
      vertex 5.98 14.8385 22.88
      vertex 5.98 14.4295 22.88
    endloop
  endfacet
  facet normal -0 0 -1
    outer loop
      vertex 5.98 14.8385 22.88
      vertex 5 14.4295 22.88
      vertex 5 14.8385 22.88
    endloop
  endfacet
  facet normal 0 -0.926691 0.375825
    outer loop
      vertex 5 13.6705 20
      vertex 5.98 14.8385 22.88
      vertex 5 14.8385 22.88
    endloop
  endfacet
  facet normal 0 -0.926691 0.375825
    outer loop
      vertex 5.98 14.8385 22.88
      vertex 5 13.6705 20
      vertex 5.98 13.6705 20
    endloop
  endfacet
  facet normal -0 0 1
    outer loop
      vertex 5 13.6705 20
      vertex 5.98 13.2684 20
      vertex 5.98 13.6705 20
    endloop
  endfacet
  facet normal 0 0 1
    outer loop
      vertex 5.98 13.2684 20
      vertex 5 13.6705 20
      vertex 5 13.2684 20
    endloop
  endfacet
  facet normal 0 0.926685 0.375838
    outer loop
      vertex 5.98 12.1004 22.88
      vertex 5 13 20.6619
      vertex 4.98 12.1004 22.88
    endloop
  endfacet
  facet normal 3.51974e-05 0.926691 0.375825
    outer loop
      vertex 5.98 13.2684 20
      vertex 5 13 20.6619
      vertex 5.98 12.1004 22.88
    endloop
  endfacet
  facet normal 0 0.926709 0.37578
    outer loop
      vertex 5 13 20.6619
      vertex 5.98 13.2684 20
      vertex 5 13.2684 20
    endloop
  endfacet
  facet normal 0 0.926685 0.375838
    outer loop
      vertex 4.98 12.1004 22.88
      vertex 5 13 20.6619
      vertex 4.98 13 20.6619
    endloop
  endfacet
  facet normal 0 0 -1
    outer loop
      vertex 5 19.5373 21.28
      vertex 5.98 20.5523 21.28
      vertex 5.98 19.5373 21.28
    endloop
  endfacet
  facet normal -0 0 -1
    outer loop
      vertex 5.98 20.5523 21.28
      vertex 5 19.5373 21.28
      vertex 5 20.5523 21.28
    endloop
  endfacet
  facet normal 0 -1 0
    outer loop
      vertex 5 20.5523 20.955
      vertex 5.98 20.5523 21.28
      vertex 5 20.5523 21.28
    endloop
  endfacet
  facet normal 0 -1 -0
    outer loop
      vertex 5.98 20.5523 21.28
      vertex 5 20.5523 20.955
      vertex 5.98 20.5523 20.955
    endloop
  endfacet
  facet normal -0 0 1
    outer loop
      vertex 5 20.5523 20.955
      vertex 5.98 19.5373 20.955
      vertex 5.98 20.5523 20.955
    endloop
  endfacet
  facet normal 0 0 1
    outer loop
      vertex 5.98 19.5373 20.955
      vertex 5 20.5523 20.955
      vertex 5 19.5373 20.955
    endloop
  endfacet
  facet normal 0 1 -0
    outer loop
      vertex 5.98 19.5373 20.955
      vertex 5 19.5373 21.28
      vertex 5.98 19.5373 21.28
    endloop
  endfacet
  facet normal 0 1 0
    outer loop
      vertex 5 19.5373 21.28
      vertex 5.98 19.5373 20.955
      vertex 5 19.5373 20.955
    endloop
  endfacet
  facet normal -1 0 0
    outer loop
      vertex 5.98 19.4565 17.452
      vertex 5.98 19.8505 17.452
      vertex 5.98 19.8093 17.017
    endloop
  endfacet
  facet normal -1 0 0
    outer loop
      vertex 5.98 19.3878 16.9647
      vertex 5.98 19.8093 17.017
      vertex 5.98 19.6855 16.644
    endloop
  endfacet
  facet normal -1 0 0
    outer loop
      vertex 5.98 19.1815 16.583
      vertex 5.98 19.6855 16.644
      vertex 5.98 19.482 16.3422
    endloop
  endfacet
  facet normal -1 0 0
    outer loop
      vertex 5.98 19.3905 17.9407
      vertex 5.98 19.8505 17.452
      vertex 5.98 19.4565 17.452
    endloop
  endfacet
  facet normal -1 0 0
    outer loop
      vertex 5.98 19.8505 17.452
      vertex 5.98 19.3905 17.9407
      vertex 5.98 19.7583 18.076
    endloop
  endfacet
  facet normal -1 -0 0
    outer loop
      vertex 5.98 19.8093 17.017
      vertex 5.98 19.3878 16.9647
      vertex 5.98 19.4565 17.452
    endloop
  endfacet
  facet normal -1 0 0
    outer loop
      vertex 5.98 19.1815 16.583
      vertex 5.98 19.482 16.3422
      vertex 5.98 19.2035 16.119
    endloop
  endfacet
  facet normal -1 -0 0
    outer loop
      vertex 5.98 19.6855 16.644
      vertex 5.98 19.1815 16.583
      vertex 5.98 19.3878 16.9647
    endloop
  endfacet
  facet normal -1 0 0
    outer loop
      vertex 5.98 18.8573 16.337
      vertex 5.98 19.2035 16.119
      vertex 5.98 18.8583 15.9818
    endloop
  endfacet
  facet normal -1 0 0
    outer loop
      vertex 5.98 19.2035 16.119
      vertex 5.98 18.8573 16.337
      vertex 5.98 19.1815 16.583
    endloop
  endfacet
  facet normal -1 0 0
    outer loop
      vertex 5.98 18.4365 16.255
      vertex 5.98 18.8583 15.9818
      vertex 5.98 18.4545 15.936
    endloop
  endfacet
  facet normal -1 0 0
    outer loop
      vertex 5.98 18.8583 15.9818
      vertex 5.98 18.4365 16.255
      vertex 5.98 18.8573 16.337
    endloop
  endfacet
  facet normal -1 0 0
    outer loop
      vertex 5.98 18.058 15.9833
      vertex 5.98 18.4365 16.255
      vertex 5.98 18.4545 15.936
    endloop
  endfacet
  facet normal -1 0 0
    outer loop
      vertex 5.98 18.058 15.9833
      vertex 5.98 17.91 16.3992
      vertex 5.98 18.4365 16.255
    endloop
  endfacet
  facet normal -1 0 0
    outer loop
      vertex 5.98 17.7125 16.125
      vertex 5.98 17.91 16.3992
      vertex 5.98 18.058 15.9833
    endloop
  endfacet
  facet normal -1 0 0
    outer loop
      vertex 5.98 17.4283 16.3575
      vertex 5.98 17.91 16.3992
      vertex 5.98 17.7125 16.125
    endloop
  endfacet
  facet normal -1 -0 0
    outer loop
      vertex 5.98 17.91 16.3992
      vertex 5.98 17.4283 16.3575
      vertex 5.98 17.5325 16.832
    endloop
  endfacet
  facet normal -1 0 0
    outer loop
      vertex 5.98 17.5325 16.832
      vertex 5.98 17.4283 16.3575
      vertex 5.98 17.2155 16.677
    endloop
  endfacet
  facet normal -1 0 0
    outer loop
      vertex 5.98 19.1925 18.313
      vertex 5.98 19.7583 18.076
      vertex 5.98 19.3905 17.9407
    endloop
  endfacet
  facet normal -1 0 0
    outer loop
      vertex 5.98 19.7583 18.076
      vertex 5.98 19.1925 18.313
      vertex 5.98 19.4815 18.548
    endloop
  endfacet
  facet normal -1 0 0
    outer loop
      vertex 5.98 19.1925 18.313
      vertex 5.98 19.0405 18.845
      vertex 5.98 19.4815 18.548
    endloop
  endfacet
  facet normal -1 0 0
    outer loop
      vertex 5.98 18.8755 18.5485
      vertex 5.98 19.0405 18.845
      vertex 5.98 19.1925 18.313
    endloop
  endfacet
  facet normal -1 0 0
    outer loop
      vertex 5.98 18.8755 18.5485
      vertex 5.98 18.4575 18.944
      vertex 5.98 19.0405 18.845
    endloop
  endfacet
  facet normal -1 0 0
    outer loop
      vertex 5.98 18.4525 18.627
      vertex 5.98 18.4575 18.944
      vertex 5.98 18.8755 18.5485
    endloop
  endfacet
  facet normal -1 0 0
    outer loop
      vertex 5.98 18.1703 18.5938
      vertex 5.98 18.4575 18.944
      vertex 5.98 18.4525 18.627
    endloop
  endfacet
  facet normal -1 0 0
    outer loop
      vertex 5.98 18.1703 18.5938
      vertex 5.98 18.038 18.8992
      vertex 5.98 18.4575 18.944
    endloop
  endfacet
  facet normal -1 0 0
    outer loop
      vertex 5.98 17.9295 18.494
      vertex 5.98 18.038 18.8992
      vertex 5.98 18.1703 18.5938
    endloop
  endfacet
  facet normal -1 0 0
    outer loop
      vertex 5.98 17.6935 18.765
      vertex 5.98 17.9295 18.494
      vertex 5.98 17.7395 18.3325
    endloop
  endfacet
  facet normal -1 0 0
    outer loop
      vertex 5.98 17.9295 18.494
      vertex 5.98 17.6935 18.765
      vertex 5.98 18.038 18.8992
    endloop
  endfacet
  facet normal -1 0 0
    outer loop
      vertex 5.98 17.4273 18.5427
      vertex 5.98 17.7395 18.3325
      vertex 5.98 17.6095 18.112
    endloop
  endfacet
  facet normal -1 0 0
    outer loop
      vertex 5.98 17.7395 18.3325
      vertex 5.98 17.4273 18.5427
      vertex 5.98 17.6935 18.765
    endloop
  endfacet
  facet normal -1 0 -0
    outer loop
      vertex 5.98 17.4273 18.5427
      vertex 5.98 17.6095 18.112
      vertex 5.98 17.2425 18.234
    endloop
  endfacet
  facet normal -1 0 0
    outer loop
      vertex 5.98 22.659 16
      vertex 5.98 22.271 16.311
      vertex 5.98 22.659 18.88
    endloop
  endfacet
  facet normal -1 0 0
    outer loop
      vertex 5.98 21.588 16
      vertex 5.98 22.271 16.311
      vertex 5.98 22.659 16
    endloop
  endfacet
  facet normal -1 -0 0
    outer loop
      vertex 5.98 22.271 16.311
      vertex 5.98 21.588 16
      vertex 5.98 21.633 16.311
    endloop
  endfacet
  facet normal -1 0 0
    outer loop
      vertex 5.98 21.588 16
      vertex 5.98 21.3373 16.3457
      vertex 5.98 21.633 16.311
    endloop
  endfacet
  facet normal -1 0 0
    outer loop
      vertex 5.98 21.1983 16.0445
      vertex 5.98 21.3373 16.3457
      vertex 5.98 21.588 16
    endloop
  endfacet
  facet normal -1 0 0
    outer loop
      vertex 5.98 21.1983 16.0445
      vertex 5.98 21.08 16.45
      vertex 5.98 21.3373 16.3457
    endloop
  endfacet
  facet normal -1 0 0
    outer loop
      vertex 5.98 20.857 16.178
      vertex 5.98 21.08 16.45
      vertex 5.98 21.1983 16.0445
    endloop
  endfacet
  facet normal -1 -0 0
    outer loop
      vertex 5.98 21.08 16.45
      vertex 5.98 20.857 16.178
      vertex 5.98 20.8688 16.6197
    endloop
  endfacet
  facet normal -1 0 0
    outer loop
      vertex 5.98 20.5763 16.395
      vertex 5.98 20.8688 16.6197
      vertex 5.98 20.857 16.178
    endloop
  endfacet
  facet normal -1 -0 0
    outer loop
      vertex 5.98 20.8688 16.6197
      vertex 5.98 20.5763 16.395
      vertex 5.98 20.713 16.851
    endloop
  endfacet
  facet normal -1 -0 0
    outer loop
      vertex 5.98 20.713 16.851
      vertex 5.98 20.368 16.69
      vertex 5.98 20.617 17.1367
    endloop
  endfacet
  facet normal -1 0 0
    outer loop
      vertex 5.98 20.368 16.69
      vertex 5.98 20.713 16.851
      vertex 5.98 20.5763 16.395
    endloop
  endfacet
  facet normal -1 0 0
    outer loop
      vertex 5.98 22.271 18.569
      vertex 5.98 22.659 18.88
      vertex 5.98 22.271 16.311
    endloop
  endfacet
  facet normal -1 0 0
    outer loop
      vertex 5.98 21.712 18.88
      vertex 5.98 22.271 18.569
      vertex 5.98 21.721 18.569
    endloop
  endfacet
  facet normal -1 0 0
    outer loop
      vertex 5.98 22.271 18.569
      vertex 5.98 21.712 18.88
      vertex 5.98 22.659 18.88
    endloop
  endfacet
  facet normal -1 0 0
    outer loop
      vertex 5.98 21.2335 18.4985
      vertex 5.98 21.712 18.88
      vertex 5.98 21.721 18.569
    endloop
  endfacet
  facet normal -1 0 0
    outer loop
      vertex 5.98 21.2335 18.4985
      vertex 5.98 21.068 18.7882
      vertex 5.98 21.712 18.88
    endloop
  endfacet
  facet normal -1 0 0
    outer loop
      vertex 5.98 20.877 18.287
      vertex 5.98 21.068 18.7882
      vertex 5.98 21.2335 18.4985
    endloop
  endfacet
  facet normal -1 0 0
    outer loop
      vertex 5.98 20.59 18.513
      vertex 5.98 20.877 18.287
      vertex 5.98 20.658 17.9422
    endloop
  endfacet
  facet normal -1 0 0
    outer loop
      vertex 5.98 20.877 18.287
      vertex 5.98 20.59 18.513
      vertex 5.98 21.068 18.7882
    endloop
  endfacet
  facet normal -1 0 0
    outer loop
      vertex 5.98 20.195 17.47
      vertex 5.98 20.658 17.9422
      vertex 5.98 20.585 17.47
    endloop
  endfacet
  facet normal -1 0 0
    outer loop
      vertex 5.98 20.2383 17.052
      vertex 5.98 20.617 17.1367
      vertex 5.98 20.368 16.69
    endloop
  endfacet
  facet normal -1 0 0
    outer loop
      vertex 5.98 20.195 17.47
      vertex 5.98 20.617 17.1367
      vertex 5.98 20.2383 17.052
    endloop
  endfacet
  facet normal -1 -0 0
    outer loop
      vertex 5.98 20.658 17.9422
      vertex 5.98 20.195 17.47
      vertex 5.98 20.2938 18.0687
    endloop
  endfacet
  facet normal -1 0 0
    outer loop
      vertex 5.98 20.617 17.1367
      vertex 5.98 20.195 17.47
      vertex 5.98 20.585 17.47
    endloop
  endfacet
  facet normal -1 0 0
    outer loop
      vertex 5.98 20.658 17.9422
      vertex 5.98 20.2938 18.0687
      vertex 5.98 20.59 18.513
    endloop
  endfacet
  facet normal -0 0.379456 0.92521
    outer loop
      vertex 5 18.058 15.9833
      vertex 5.98 17.7125 16.125
      vertex 5.98 18.058 15.9833
    endloop
  endfacet
  facet normal 0 0.379456 0.92521
    outer loop
      vertex 5.98 17.7125 16.125
      vertex 5 18.058 15.9833
      vertex 5 17.7125 16.125
    endloop
  endfacet
  facet normal -0 0.633193 0.773994
    outer loop
      vertex 5 17.7125 16.125
      vertex 5.98 17.4283 16.3575
      vertex 5.98 17.7125 16.125
    endloop
  endfacet
  facet normal 0 0.633193 0.773994
    outer loop
      vertex 5.98 17.4283 16.3575
      vertex 5 17.7125 16.125
      vertex 5 17.4283 16.3575
    endloop
  endfacet
  facet normal 0 0.832291 0.554339
    outer loop
      vertex 5.98 17.4283 16.3575
      vertex 5 17.2155 16.677
      vertex 5.98 17.2155 16.677
    endloop
  endfacet
  facet normal 0 0.832291 0.554339
    outer loop
      vertex 5 17.2155 16.677
      vertex 5.98 17.4283 16.3575
      vertex 5 17.4283 16.3575
    endloop
  endfacet
  facet normal 0 0.439261 -0.89836
    outer loop
      vertex 5 17.2155 16.677
      vertex 5.98 17.5325 16.832
      vertex 5.98 17.2155 16.677
    endloop
  endfacet
  facet normal 0 0.439261 -0.89836
    outer loop
      vertex 5.98 17.5325 16.832
      vertex 5 17.2155 16.677
      vertex 5 17.5325 16.832
    endloop
  endfacet
  facet normal 0 -0.753611 -0.65732
    outer loop
      vertex 5 17.91 16.3992
      vertex 5.98 17.5325 16.832
      vertex 5 17.5325 16.832
    endloop
  endfacet
  facet normal 0 -0.753611 -0.65732
    outer loop
      vertex 5.98 17.5325 16.832
      vertex 5 17.91 16.3992
      vertex 5.98 17.91 16.3992
    endloop
  endfacet
  facet normal 0 -0.264156 -0.96448
    outer loop
      vertex 5 17.91 16.3992
      vertex 5.98 18.4365 16.255
      vertex 5.98 17.91 16.3992
    endloop
  endfacet
  facet normal -0 -0.264156 -0.96448
    outer loop
      vertex 5.98 18.4365 16.255
      vertex 5 17.91 16.3992
      vertex 5 18.4365 16.255
    endloop
  endfacet
  facet normal 0 0.191269 -0.981538
    outer loop
      vertex 5 18.4365 16.255
      vertex 5.98 18.8573 16.337
      vertex 5.98 18.4365 16.255
    endloop
  endfacet
  facet normal 0 0.191269 -0.981538
    outer loop
      vertex 5.98 18.8573 16.337
      vertex 5 18.4365 16.255
      vertex 5 18.8573 16.337
    endloop
  endfacet
  facet normal 0 0.604473 -0.796626
    outer loop
      vertex 5 18.8573 16.337
      vertex 5.98 19.1815 16.583
      vertex 5.98 18.8573 16.337
    endloop
  endfacet
  facet normal 0 0.604473 -0.796626
    outer loop
      vertex 5.98 19.1815 16.583
      vertex 5 18.8573 16.337
      vertex 5 19.1815 16.583
    endloop
  endfacet
  facet normal 0 0.87973 -0.475474
    outer loop
      vertex 5.98 19.1815 16.583
      vertex 5 19.3878 16.9647
      vertex 5.98 19.3878 16.9647
    endloop
  endfacet
  facet normal 0 0.87973 -0.475474
    outer loop
      vertex 5 19.3878 16.9647
      vertex 5.98 19.1815 16.583
      vertex 5 19.1815 16.583
    endloop
  endfacet
  facet normal 0 0.990208 -0.1396
    outer loop
      vertex 5.98 19.3878 16.9647
      vertex 5 19.4565 17.452
      vertex 5.98 19.4565 17.452
    endloop
  endfacet
  facet normal 0 0.990208 -0.1396
    outer loop
      vertex 5 19.4565 17.452
      vertex 5.98 19.3878 16.9647
      vertex 5 19.3878 16.9647
    endloop
  endfacet
  facet normal 0 0.991003 0.133837
    outer loop
      vertex 5.98 19.4565 17.452
      vertex 5 19.3905 17.9407
      vertex 5.98 19.3905 17.9407
    endloop
  endfacet
  facet normal 0 0.991003 0.133837
    outer loop
      vertex 5 19.3905 17.9407
      vertex 5.98 19.4565 17.452
      vertex 5 19.4565 17.452
    endloop
  endfacet
  facet normal 0 0.882904 0.469554
    outer loop
      vertex 5.98 19.3905 17.9407
      vertex 5 19.1925 18.313
      vertex 5.98 19.1925 18.313
    endloop
  endfacet
  facet normal 0 0.882904 0.469554
    outer loop
      vertex 5 19.1925 18.313
      vertex 5.98 19.3905 17.9407
      vertex 5 19.3905 17.9407
    endloop
  endfacet
  facet normal -0 0.596347 0.802727
    outer loop
      vertex 5 19.1925 18.313
      vertex 5.98 18.8755 18.5485
      vertex 5.98 19.1925 18.313
    endloop
  endfacet
  facet normal 0 0.596347 0.802727
    outer loop
      vertex 5.98 18.8755 18.5485
      vertex 5 19.1925 18.313
      vertex 5 18.8755 18.5485
    endloop
  endfacet
  facet normal -0 0.182464 0.983213
    outer loop
      vertex 5 18.8755 18.5485
      vertex 5.98 18.4525 18.627
      vertex 5.98 18.8755 18.5485
    endloop
  endfacet
  facet normal 0 0.182464 0.983213
    outer loop
      vertex 5.98 18.4525 18.627
      vertex 5 18.8755 18.5485
      vertex 5 18.4525 18.627
    endloop
  endfacet
  facet normal 0 -0.116841 0.993151
    outer loop
      vertex 5 18.4525 18.627
      vertex 5.98 18.1703 18.5938
      vertex 5.98 18.4525 18.627
    endloop
  endfacet
  facet normal 0 -0.116841 0.993151
    outer loop
      vertex 5.98 18.1703 18.5938
      vertex 5 18.4525 18.627
      vertex 5 18.1703 18.5938
    endloop
  endfacet
  facet normal 0 -0.382871 0.923802
    outer loop
      vertex 5 18.1703 18.5938
      vertex 5.98 17.9295 18.494
      vertex 5.98 18.1703 18.5938
    endloop
  endfacet
  facet normal 0 -0.382871 0.923802
    outer loop
      vertex 5.98 17.9295 18.494
      vertex 5 18.1703 18.5938
      vertex 5 17.9295 18.494
    endloop
  endfacet
  facet normal 0 -0.647648 0.761939
    outer loop
      vertex 5 17.9295 18.494
      vertex 5.98 17.7395 18.3325
      vertex 5.98 17.9295 18.494
    endloop
  endfacet
  facet normal 0 -0.647648 0.761939
    outer loop
      vertex 5.98 17.7395 18.3325
      vertex 5 17.9295 18.494
      vertex 5 17.7395 18.3325
    endloop
  endfacet
  facet normal 0 -0.861432 0.507874
    outer loop
      vertex 5 17.6095 18.112
      vertex 5.98 17.7395 18.3325
      vertex 5 17.7395 18.3325
    endloop
  endfacet
  facet normal 0 -0.861432 0.507874
    outer loop
      vertex 5.98 17.7395 18.3325
      vertex 5 17.6095 18.112
      vertex 5.98 17.6095 18.112
    endloop
  endfacet
  facet normal -0 0.315452 0.948942
    outer loop
      vertex 5 17.6095 18.112
      vertex 5.98 17.2425 18.234
      vertex 5.98 17.6095 18.112
    endloop
  endfacet
  facet normal 0 0.315452 0.948942
    outer loop
      vertex 5.98 17.2425 18.234
      vertex 5 17.6095 18.112
      vertex 5 17.2425 18.234
    endloop
  endfacet
  facet normal 0 0.858008 -0.513637
    outer loop
      vertex 5.98 17.2425 18.234
      vertex 5 17.4273 18.5427
      vertex 5.98 17.4273 18.5427
    endloop
  endfacet
  facet normal 0 0.858008 -0.513637
    outer loop
      vertex 5 17.4273 18.5427
      vertex 5.98 17.2425 18.234
      vertex 5 17.2425 18.234
    endloop
  endfacet
  facet normal 0 0.640978 -0.767559
    outer loop
      vertex 5 17.4273 18.5427
      vertex 5.98 17.6935 18.765
      vertex 5.98 17.4273 18.5427
    endloop
  endfacet
  facet normal 0 0.640978 -0.767559
    outer loop
      vertex 5.98 17.6935 18.765
      vertex 5 17.4273 18.5427
      vertex 5 17.6935 18.765
    endloop
  endfacet
  facet normal 0 0.362981 -0.931796
    outer loop
      vertex 5 17.6935 18.765
      vertex 5.98 18.038 18.8992
      vertex 5.98 17.6935 18.765
    endloop
  endfacet
  facet normal 0 0.362981 -0.931796
    outer loop
      vertex 5.98 18.038 18.8992
      vertex 5 17.6935 18.765
      vertex 5 18.038 18.8992
    endloop
  endfacet
  facet normal 0 0.10619 -0.994346
    outer loop
      vertex 5 18.038 18.8992
      vertex 5.98 18.4575 18.944
      vertex 5.98 18.038 18.8992
    endloop
  endfacet
  facet normal 0 0.10619 -0.994346
    outer loop
      vertex 5.98 18.4575 18.944
      vertex 5 18.038 18.8992
      vertex 5 18.4575 18.944
    endloop
  endfacet
  facet normal 0 -0.167415 -0.985887
    outer loop
      vertex 5 18.4575 18.944
      vertex 5.98 19.0405 18.845
      vertex 5.98 18.4575 18.944
    endloop
  endfacet
  facet normal -0 -0.167415 -0.985887
    outer loop
      vertex 5.98 19.0405 18.845
      vertex 5 18.4575 18.944
      vertex 5 19.0405 18.845
    endloop
  endfacet
  facet normal 0 -0.5586 -0.829437
    outer loop
      vertex 5 19.0405 18.845
      vertex 5.98 19.4815 18.548
      vertex 5.98 19.0405 18.845
    endloop
  endfacet
  facet normal -0 -0.5586 -0.829437
    outer loop
      vertex 5.98 19.4815 18.548
      vertex 5 19.0405 18.845
      vertex 5 19.4815 18.548
    endloop
  endfacet
  facet normal 0 -0.86261 -0.50587
    outer loop
      vertex 5 19.7583 18.076
      vertex 5.98 19.4815 18.548
      vertex 5 19.4815 18.548
    endloop
  endfacet
  facet normal 0 -0.86261 -0.50587
    outer loop
      vertex 5.98 19.4815 18.548
      vertex 5 19.7583 18.076
      vertex 5.98 19.7583 18.076
    endloop
  endfacet
  facet normal 0 -0.98926 -0.146169
    outer loop
      vertex 5 19.8505 17.452
      vertex 5.98 19.7583 18.076
      vertex 5 19.7583 18.076
    endloop
  endfacet
  facet normal 0 -0.98926 -0.146169
    outer loop
      vertex 5.98 19.7583 18.076
      vertex 5 19.8505 17.452
      vertex 5.98 19.8505 17.452
    endloop
  endfacet
  facet normal 0 -0.995545 0.0942907
    outer loop
      vertex 5 19.8093 17.017
      vertex 5.98 19.8505 17.452
      vertex 5 19.8505 17.452
    endloop
  endfacet
  facet normal 0 -0.995545 0.0942907
    outer loop
      vertex 5.98 19.8505 17.452
      vertex 5 19.8093 17.017
      vertex 5.98 19.8093 17.017
    endloop
  endfacet
  facet normal 0 -0.94909 0.315006
    outer loop
      vertex 5 19.6855 16.644
      vertex 5.98 19.8093 17.017
      vertex 5 19.8093 17.017
    endloop
  endfacet
  facet normal 0 -0.94909 0.315006
    outer loop
      vertex 5.98 19.8093 17.017
      vertex 5 19.6855 16.644
      vertex 5.98 19.6855 16.644
    endloop
  endfacet
  facet normal 0 -0.829122 0.559067
    outer loop
      vertex 5 19.482 16.3422
      vertex 5.98 19.6855 16.644
      vertex 5 19.6855 16.644
    endloop
  endfacet
  facet normal 0 -0.829122 0.559067
    outer loop
      vertex 5.98 19.6855 16.644
      vertex 5 19.482 16.3422
      vertex 5.98 19.482 16.3422
    endloop
  endfacet
  facet normal 0 -0.625378 0.780322
    outer loop
      vertex 5 19.482 16.3422
      vertex 5.98 19.2035 16.119
      vertex 5.98 19.482 16.3422
    endloop
  endfacet
  facet normal 0 -0.625378 0.780322
    outer loop
      vertex 5.98 19.2035 16.119
      vertex 5 19.482 16.3422
      vertex 5 19.2035 16.119
    endloop
  endfacet
  facet normal 0 -0.369348 0.929291
    outer loop
      vertex 5 19.2035 16.119
      vertex 5.98 18.8583 15.9818
      vertex 5.98 19.2035 16.119
    endloop
  endfacet
  facet normal 0 -0.369348 0.929291
    outer loop
      vertex 5.98 18.8583 15.9818
      vertex 5 19.2035 16.119
      vertex 5 18.8583 15.9818
    endloop
  endfacet
  facet normal 0 -0.1127 0.993629
    outer loop
      vertex 5 18.8583 15.9818
      vertex 5.98 18.4545 15.936
      vertex 5.98 18.8583 15.9818
    endloop
  endfacet
  facet normal 0 -0.1127 0.993629
    outer loop
      vertex 5.98 18.4545 15.936
      vertex 5 18.8583 15.9818
      vertex 5 18.4545 15.936
    endloop
  endfacet
  facet normal -0 0.118454 0.99296
    outer loop
      vertex 5 18.4545 15.936
      vertex 5.98 18.058 15.9833
      vertex 5.98 18.4545 15.936
    endloop
  endfacet
  facet normal 0 0.118454 0.99296
    outer loop
      vertex 5.98 18.058 15.9833
      vertex 5 18.4545 15.936
      vertex 5 18.058 15.9833
    endloop
  endfacet
  facet normal -0 0.364276 0.931291
    outer loop
      vertex 5 21.1983 16.0445
      vertex 5.98 20.857 16.178
      vertex 5.98 21.1983 16.0445
    endloop
  endfacet
  facet normal 0 0.364276 0.931291
    outer loop
      vertex 5.98 20.857 16.178
      vertex 5 21.1983 16.0445
      vertex 5 20.857 16.178
    endloop
  endfacet
  facet normal -0 0.611616 0.791155
    outer loop
      vertex 5 20.857 16.178
      vertex 5.98 20.5763 16.395
      vertex 5.98 20.857 16.178
    endloop
  endfacet
  facet normal 0 0.611616 0.791155
    outer loop
      vertex 5.98 20.5763 16.395
      vertex 5 20.857 16.178
      vertex 5 20.5763 16.395
    endloop
  endfacet
  facet normal 0 0.816883 0.576803
    outer loop
      vertex 5.98 20.5763 16.395
      vertex 5 20.368 16.69
      vertex 5.98 20.368 16.69
    endloop
  endfacet
  facet normal 0 0.816883 0.576803
    outer loop
      vertex 5 20.368 16.69
      vertex 5.98 20.5763 16.395
      vertex 5 20.5763 16.395
    endloop
  endfacet
  facet normal 0 0.9414 0.337292
    outer loop
      vertex 5.98 20.368 16.69
      vertex 5 20.2383 17.052
      vertex 5.98 20.2383 17.052
    endloop
  endfacet
  facet normal 0 0.9414 0.337292
    outer loop
      vertex 5 20.2383 17.052
      vertex 5.98 20.368 16.69
      vertex 5 20.368 16.69
    endloop
  endfacet
  facet normal 0 0.994678 0.103037
    outer loop
      vertex 5.98 20.2383 17.052
      vertex 5 20.195 17.47
      vertex 5.98 20.195 17.47
    endloop
  endfacet
  facet normal 0 0.994678 0.103037
    outer loop
      vertex 5 20.195 17.47
      vertex 5.98 20.2383 17.052
      vertex 5 20.2383 17.052
    endloop
  endfacet
  facet normal 0 0.986655 -0.162822
    outer loop
      vertex 5.98 20.195 17.47
      vertex 5 20.2938 18.0687
      vertex 5.98 20.2938 18.0687
    endloop
  endfacet
  facet normal 0 0.986655 -0.162822
    outer loop
      vertex 5 20.2938 18.0687
      vertex 5.98 20.195 17.47
      vertex 5 20.195 17.47
    endloop
  endfacet
  facet normal 0 0.83205 -0.5547
    outer loop
      vertex 5.98 20.2938 18.0687
      vertex 5 20.59 18.513
      vertex 5.98 20.59 18.513
    endloop
  endfacet
  facet normal 0 0.83205 -0.5547
    outer loop
      vertex 5 20.59 18.513
      vertex 5.98 20.2938 18.0687
      vertex 5 20.2938 18.0687
    endloop
  endfacet
  facet normal 0 0.498948 -0.866632
    outer loop
      vertex 5 20.59 18.513
      vertex 5.98 21.068 18.7882
      vertex 5.98 20.59 18.513
    endloop
  endfacet
  facet normal 0 0.498948 -0.866632
    outer loop
      vertex 5.98 21.068 18.7882
      vertex 5 20.59 18.513
      vertex 5 21.068 18.7882
    endloop
  endfacet
  facet normal 0 0.14112 -0.989992
    outer loop
      vertex 5 21.068 18.7882
      vertex 5.98 21.712 18.88
      vertex 5.98 21.068 18.7882
    endloop
  endfacet
  facet normal 0 0.14112 -0.989992
    outer loop
      vertex 5.98 21.712 18.88
      vertex 5 21.068 18.7882
      vertex 5 21.712 18.88
    endloop
  endfacet
  facet normal 0 0 -1
    outer loop
      vertex 5 21.712 18.88
      vertex 5.98 22.659 18.88
      vertex 5.98 21.712 18.88
    endloop
  endfacet
  facet normal -0 0 -1
    outer loop
      vertex 5.98 22.659 18.88
      vertex 5 21.712 18.88
      vertex 5 22.659 18.88
    endloop
  endfacet
  facet normal 0 -1 0
    outer loop
      vertex 5 22.659 16
      vertex 5.98 22.659 18.88
      vertex 5 22.659 18.88
    endloop
  endfacet
  facet normal 0 -1 -0
    outer loop
      vertex 5.98 22.659 18.88
      vertex 5 22.659 16
      vertex 5.98 22.659 16
    endloop
  endfacet
  facet normal -0 0 1
    outer loop
      vertex 5 22.659 16
      vertex 5.98 21.588 16
      vertex 5.98 22.659 16
    endloop
  endfacet
  facet normal 0 0 1
    outer loop
      vertex 5.98 21.588 16
      vertex 5 22.659 16
      vertex 5 21.588 16
    endloop
  endfacet
  facet normal -0 0.113453 0.993543
    outer loop
      vertex 5 21.588 16
      vertex 5.98 21.1983 16.0445
      vertex 5.98 21.588 16
    endloop
  endfacet
  facet normal 0 0.113453 0.993543
    outer loop
      vertex 5.98 21.1983 16.0445
      vertex 5 21.588 16
      vertex 5 21.1983 16.0445
    endloop
  endfacet
  facet normal 0 1 -0
    outer loop
      vertex 5.98 22.271 16.311
      vertex 5 22.271 18.569
      vertex 5.98 22.271 18.569
    endloop
  endfacet
  facet normal 0 1 0
    outer loop
      vertex 5 22.271 18.569
      vertex 5.98 22.271 16.311
      vertex 5 22.271 16.311
    endloop
  endfacet
  facet normal -0 0 1
    outer loop
      vertex 5 22.271 18.569
      vertex 5.98 21.721 18.569
      vertex 5.98 22.271 18.569
    endloop
  endfacet
  facet normal 0 0 1
    outer loop
      vertex 5.98 21.721 18.569
      vertex 5 22.271 18.569
      vertex 5 21.721 18.569
    endloop
  endfacet
  facet normal 0 -0.143126 0.989704
    outer loop
      vertex 5 21.721 18.569
      vertex 5.98 21.2335 18.4985
      vertex 5.98 21.721 18.569
    endloop
  endfacet
  facet normal 0 -0.143126 0.989704
    outer loop
      vertex 5.98 21.2335 18.4985
      vertex 5 21.721 18.569
      vertex 5 21.2335 18.4985
    endloop
  endfacet
  facet normal 0 -0.510232 0.860037
    outer loop
      vertex 5 21.2335 18.4985
      vertex 5.98 20.877 18.287
      vertex 5.98 21.2335 18.4985
    endloop
  endfacet
  facet normal 0 -0.510232 0.860037
    outer loop
      vertex 5.98 20.877 18.287
      vertex 5 21.2335 18.4985
      vertex 5 20.877 18.287
    endloop
  endfacet
  facet normal 0 -0.844125 0.536147
    outer loop
      vertex 5 20.658 17.9422
      vertex 5.98 20.877 18.287
      vertex 5 20.877 18.287
    endloop
  endfacet
  facet normal 0 -0.844125 0.536147
    outer loop
      vertex 5.98 20.877 18.287
      vertex 5 20.658 17.9422
      vertex 5.98 20.658 17.9422
    endloop
  endfacet
  facet normal 0 -0.98826 0.152781
    outer loop
      vertex 5 20.585 17.47
      vertex 5.98 20.658 17.9422
      vertex 5 20.658 17.9422
    endloop
  endfacet
  facet normal 0 -0.98826 0.152781
    outer loop
      vertex 5.98 20.658 17.9422
      vertex 5 20.585 17.47
      vertex 5.98 20.585 17.47
    endloop
  endfacet
  facet normal 0 -0.995423 -0.0955701
    outer loop
      vertex 5 20.617 17.1367
      vertex 5.98 20.585 17.47
      vertex 5 20.585 17.47
    endloop
  endfacet
  facet normal 0 -0.995423 -0.0955701
    outer loop
      vertex 5.98 20.585 17.47
      vertex 5 20.617 17.1367
      vertex 5.98 20.617 17.1367
    endloop
  endfacet
  facet normal 0 -0.947917 -0.318516
    outer loop
      vertex 5 20.713 16.851
      vertex 5.98 20.617 17.1367
      vertex 5 20.617 17.1367
    endloop
  endfacet
  facet normal 0 -0.947917 -0.318516
    outer loop
      vertex 5.98 20.617 17.1367
      vertex 5 20.713 16.851
      vertex 5.98 20.713 16.851
    endloop
  endfacet
  facet normal 0 -0.829393 -0.558666
    outer loop
      vertex 5 20.8688 16.6197
      vertex 5.98 20.713 16.851
      vertex 5 20.713 16.851
    endloop
  endfacet
  facet normal 0 -0.829393 -0.558666
    outer loop
      vertex 5.98 20.713 16.851
      vertex 5 20.8688 16.6197
      vertex 5.98 20.8688 16.6197
    endloop
  endfacet
  facet normal 0 -0.626359 -0.779535
    outer loop
      vertex 5 20.8688 16.6197
      vertex 5.98 21.08 16.45
      vertex 5.98 20.8688 16.6197
    endloop
  endfacet
  facet normal -0 -0.626359 -0.779535
    outer loop
      vertex 5.98 21.08 16.45
      vertex 5 20.8688 16.6197
      vertex 5 21.08 16.45
    endloop
  endfacet
  facet normal 0 -0.375672 -0.926753
    outer loop
      vertex 5 21.08 16.45
      vertex 5.98 21.3373 16.3457
      vertex 5.98 21.08 16.45
    endloop
  endfacet
  facet normal -0 -0.375672 -0.926753
    outer loop
      vertex 5.98 21.3373 16.3457
      vertex 5 21.08 16.45
      vertex 5 21.3373 16.3457
    endloop
  endfacet
  facet normal 0 -0.116549 -0.993185
    outer loop
      vertex 5 21.3373 16.3457
      vertex 5.98 21.633 16.311
      vertex 5.98 21.3373 16.3457
    endloop
  endfacet
  facet normal -0 -0.116549 -0.993185
    outer loop
      vertex 5.98 21.633 16.311
      vertex 5 21.3373 16.3457
      vertex 5 21.633 16.311
    endloop
  endfacet
  facet normal 0 0 -1
    outer loop
      vertex 5 21.633 16.311
      vertex 5.98 22.271 16.311
      vertex 5.98 21.633 16.311
    endloop
  endfacet
  facet normal -0 0 -1
    outer loop
      vertex 5.98 22.271 16.311
      vertex 5 21.633 16.311
      vertex 5 22.271 16.311
    endloop
  endfacet
  facet normal 1 -0 0
    outer loop
      vertex 30.6 77.7 42
      vertex 30.6 88.5 1.2
      vertex 30.6 88.5 42
    endloop
  endfacet
  facet normal 1 0 0
    outer loop
      vertex 30.6 88.5 1.2
      vertex 30.6 77.7 42
      vertex 30.6 77.7 1.2
    endloop
  endfacet
  facet normal -1 0 0
    outer loop
      vertex 71.4 77.7 40
      vertex 71.4 88.5 1.2
      vertex 71.4 77.7 1.2
    endloop
  endfacet
  facet normal -1 0 0
    outer loop
      vertex 71.4 88.5 1.2
      vertex 71.4 77.7 40
      vertex 71.4 88.5 42
    endloop
  endfacet
  facet normal -1 0 0
    outer loop
      vertex 71.4 76 42
      vertex 71.4 77.7 40
      vertex 71.4 76 40
    endloop
  endfacet
  facet normal -1 0 0
    outer loop
      vertex 71.4 77.7 40
      vertex 71.4 76 42
      vertex 71.4 88.5 42
    endloop
  endfacet
  facet normal 0 0 1
    outer loop
      vertex 35.608 88.5 1.2
      vertex 30.6 88.5 1.2
      vertex 35.608 87.0888 1.2
    endloop
  endfacet
  facet normal 0 0 1
    outer loop
      vertex 50.608 88.5 1.2
      vertex 39.6 88 1.2
      vertex 50.608 87.0888 1.2
    endloop
  endfacet
  facet normal 0 -0 1
    outer loop
      vertex 39.6 88 1.2
      vertex 50.608 88.5 1.2
      vertex 39.3592 88.5 1.2
    endloop
  endfacet
  facet normal 0 0 1
    outer loop
      vertex 65.608 88.5 1.2
      vertex 54.6 88 1.2
      vertex 65.608 87.0888 1.2
    endloop
  endfacet
  facet normal 0 -0 1
    outer loop
      vertex 54.6 88 1.2
      vertex 65.608 88.5 1.2
      vertex 54.3592 88.5 1.2
    endloop
  endfacet
  facet normal 0 0 1
    outer loop
      vertex 68.8093 86.3582 1.2
      vertex 71.4 88.5 1.2
      vertex 69.6 88 1.2
    endloop
  endfacet
  facet normal 0 -0 1
    outer loop
      vertex 69.6 88 1.2
      vertex 71.4 88.5 1.2
      vertex 69.3592 88.5 1.2
    endloop
  endfacet
  facet normal 0 0 1
    outer loop
      vertex 71.4 88.5 1.2
      vertex 68.8093 86.3582 1.2
      vertex 71.4 77.7 1.2
    endloop
  endfacet
  facet normal -0 0 1
    outer loop
      vertex 67.0327 85.9527 1.2
      vertex 71.4 77.7 1.2
      vertex 68.8093 86.3582 1.2
    endloop
  endfacet
  facet normal -0 0 1
    outer loop
      vertex 53.8093 86.3582 1.2
      vertex 67.0327 85.9527 1.2
      vertex 65.608 87.0888 1.2
    endloop
  endfacet
  facet normal 0 0 1
    outer loop
      vertex 53.8093 86.3582 1.2
      vertex 65.608 87.0888 1.2
      vertex 54.6 88 1.2
    endloop
  endfacet
  facet normal 0 0 1
    outer loop
      vertex 67.0327 85.9527 1.2
      vertex 53.8093 86.3582 1.2
      vertex 71.4 77.7 1.2
    endloop
  endfacet
  facet normal -0 0 1
    outer loop
      vertex 52.0327 85.9527 1.2
      vertex 71.4 77.7 1.2
      vertex 53.8093 86.3582 1.2
    endloop
  endfacet
  facet normal 0 0 1
    outer loop
      vertex 38.8093 86.3582 1.2
      vertex 50.608 87.0888 1.2
      vertex 39.6 88 1.2
    endloop
  endfacet
  facet normal 0 0 1
    outer loop
      vertex 50.608 87.0888 1.2
      vertex 38.8093 86.3582 1.2
      vertex 52.0327 85.9527 1.2
    endloop
  endfacet
  facet normal 0 0 1
    outer loop
      vertex 30.6 77.7 1.2
      vertex 52.0327 85.9527 1.2
      vertex 38.8093 86.3582 1.2
    endloop
  endfacet
  facet normal 0 0 1
    outer loop
      vertex 30.6 77.7 1.2
      vertex 38.8093 86.3582 1.2
      vertex 37.0327 85.9527 1.2
    endloop
  endfacet
  facet normal 0 0 1
    outer loop
      vertex 30.6 77.7 1.2
      vertex 35.608 87.0888 1.2
      vertex 30.6 88.5 1.2
    endloop
  endfacet
  facet normal 0 0 1
    outer loop
      vertex 52.0327 85.9527 1.2
      vertex 30.6 77.7 1.2
      vertex 71.4 77.7 1.2
    endloop
  endfacet
  facet normal 0 0 1
    outer loop
      vertex 35.608 87.0888 1.2
      vertex 30.6 77.7 1.2
      vertex 37.0327 85.9527 1.2
    endloop
  endfacet
  facet normal 0 1 0
    outer loop
      vertex 66.6949 77.7 33.003
      vertex 69.4 77.7 40
      vertex 71.4 77.7 40
    endloop
  endfacet
  facet normal 0 1 0
    outer loop
      vertex 69.4 77.7 40
      vertex 63.9811 77.7 36.017
      vertex 60.7 77.7 38.4009
    endloop
  endfacet
  facet normal 0 1 0
    outer loop
      vertex 69.4 77.7 40
      vertex 66.6949 77.7 33.003
      vertex 63.9811 77.7 36.017
    endloop
  endfacet
  facet normal 0 1 0
    outer loop
      vertex 71.4 77.7 40
      vertex 68.7228 77.7 29.4907
      vertex 66.6949 77.7 33.003
    endloop
  endfacet
  facet normal 0 1 0
    outer loop
      vertex 71.4 77.7 40
      vertex 69.9761 77.7 25.6335
      vertex 68.7228 77.7 29.4907
    endloop
  endfacet
  facet normal 0 1 0
    outer loop
      vertex 71.4 77.7 40
      vertex 70.4 77.7 21.6
      vertex 69.9761 77.7 25.6335
    endloop
  endfacet
  facet normal 0 1 0
    outer loop
      vertex 53.0279 77.7 2.30627
      vertex 71.4 77.7 1.2
      vertex 48.9721 77.7 2.30627
    endloop
  endfacet
  facet normal 0 1 0
    outer loop
      vertex 56.9949 77.7 3.1495
      vertex 71.4 77.7 1.2
      vertex 53.0279 77.7 2.30627
    endloop
  endfacet
  facet normal 0 1 0
    outer loop
      vertex 60.7 77.7 4.79911
      vertex 71.4 77.7 1.2
      vertex 56.9949 77.7 3.1495
    endloop
  endfacet
  facet normal 0 1 0
    outer loop
      vertex 63.9811 77.7 7.18299
      vertex 71.4 77.7 1.2
      vertex 60.7 77.7 4.79911
    endloop
  endfacet
  facet normal 0 1 0
    outer loop
      vertex 66.6949 77.7 10.197
      vertex 71.4 77.7 1.2
      vertex 63.9811 77.7 7.18299
    endloop
  endfacet
  facet normal 0 1 0
    outer loop
      vertex 68.7228 77.7 13.7093
      vertex 71.4 77.7 1.2
      vertex 66.6949 77.7 10.197
    endloop
  endfacet
  facet normal 0 1 0
    outer loop
      vertex 69.9761 77.7 17.5665
      vertex 71.4 77.7 1.2
      vertex 68.7228 77.7 13.7093
    endloop
  endfacet
  facet normal 0 1 0
    outer loop
      vertex 70.4 77.7 21.6
      vertex 71.4 77.7 1.2
      vertex 69.9761 77.7 17.5665
    endloop
  endfacet
  facet normal 0 1 -0
    outer loop
      vertex 71.4 77.7 1.2
      vertex 70.4 77.7 21.6
      vertex 71.4 77.7 40
    endloop
  endfacet
  facet normal 0 1 0
    outer loop
      vertex 69.4 77.7 42
      vertex 53.0279 77.7 40.8937
      vertex 37.6 77.7 42
    endloop
  endfacet
  facet normal 0 1 0
    outer loop
      vertex 69.4 77.7 42
      vertex 56.9949 77.7 40.0505
      vertex 53.0279 77.7 40.8937
    endloop
  endfacet
  facet normal 0 1 0
    outer loop
      vertex 60.7 77.7 38.4009
      vertex 69.4 77.7 42
      vertex 69.4 77.7 40
    endloop
  endfacet
  facet normal 0 1 0
    outer loop
      vertex 69.4 77.7 42
      vertex 60.7 77.7 38.4009
      vertex 56.9949 77.7 40.0505
    endloop
  endfacet
  facet normal 0 1 -0
    outer loop
      vertex 48.9721 77.7 40.8937
      vertex 37.6 77.7 42
      vertex 53.0279 77.7 40.8937
    endloop
  endfacet
  facet normal 0 1 -0
    outer loop
      vertex 45.0051 77.7 40.0505
      vertex 37.6 77.7 42
      vertex 48.9721 77.7 40.8937
    endloop
  endfacet
  facet normal 0 1 -0
    outer loop
      vertex 41.3 77.7 38.4009
      vertex 37.6 77.7 42
      vertex 45.0051 77.7 40.0505
    endloop
  endfacet
  facet normal 0 1 -0
    outer loop
      vertex 38.0189 77.7 36.017
      vertex 37.6 77.7 40
      vertex 41.3 77.7 38.4009
    endloop
  endfacet
  facet normal 0 1 0
    outer loop
      vertex 37.6 77.7 42
      vertex 41.3 77.7 38.4009
      vertex 37.6 77.7 40
    endloop
  endfacet
  facet normal 0 1 -0
    outer loop
      vertex 35.6 77.7 40
      vertex 30.6 77.7 42
      vertex 35.6 77.7 42
    endloop
  endfacet
  facet normal 0 1 0
    outer loop
      vertex 37.6 77.7 40
      vertex 38.0189 77.7 36.017
      vertex 35.6 77.7 40
    endloop
  endfacet
  facet normal 0 1 0
    outer loop
      vertex 35.3051 77.7 33.003
      vertex 35.6 77.7 40
      vertex 38.0189 77.7 36.017
    endloop
  endfacet
  facet normal 0 1 0
    outer loop
      vertex 35.6 77.7 40
      vertex 35.3051 77.7 33.003
      vertex 30.6 77.7 42
    endloop
  endfacet
  facet normal 0 1 -0
    outer loop
      vertex 33.2772 77.7 29.4907
      vertex 30.6 77.7 42
      vertex 35.3051 77.7 33.003
    endloop
  endfacet
  facet normal 0 1 -0
    outer loop
      vertex 32.0239 77.7 25.6335
      vertex 30.6 77.7 42
      vertex 33.2772 77.7 29.4907
    endloop
  endfacet
  facet normal 0 1 -0
    outer loop
      vertex 31.6 77.7 21.6
      vertex 30.6 77.7 42
      vertex 32.0239 77.7 25.6335
    endloop
  endfacet
  facet normal 0 1 0
    outer loop
      vertex 31.6 77.7 21.6
      vertex 30.6 77.7 1.2
      vertex 30.6 77.7 42
    endloop
  endfacet
  facet normal 0 1 0
    outer loop
      vertex 32.0239 77.7 17.5665
      vertex 30.6 77.7 1.2
      vertex 31.6 77.7 21.6
    endloop
  endfacet
  facet normal 0 1 0
    outer loop
      vertex 33.2772 77.7 13.7093
      vertex 30.6 77.7 1.2
      vertex 32.0239 77.7 17.5665
    endloop
  endfacet
  facet normal 0 1 0
    outer loop
      vertex 35.3051 77.7 10.197
      vertex 30.6 77.7 1.2
      vertex 33.2772 77.7 13.7093
    endloop
  endfacet
  facet normal 0 1 0
    outer loop
      vertex 38.0189 77.7 7.18299
      vertex 30.6 77.7 1.2
      vertex 35.3051 77.7 10.197
    endloop
  endfacet
  facet normal 0 1 0
    outer loop
      vertex 41.3 77.7 4.79911
      vertex 30.6 77.7 1.2
      vertex 38.0189 77.7 7.18299
    endloop
  endfacet
  facet normal 0 1 0
    outer loop
      vertex 45.0051 77.7 3.1495
      vertex 30.6 77.7 1.2
      vertex 41.3 77.7 4.79911
    endloop
  endfacet
  facet normal 0 1 0
    outer loop
      vertex 48.9721 77.7 2.30627
      vertex 30.6 77.7 1.2
      vertex 45.0051 77.7 3.1495
    endloop
  endfacet
  facet normal 0 1 0
    outer loop
      vertex 30.6 77.7 1.2
      vertex 48.9721 77.7 2.30627
      vertex 71.4 77.7 1.2
    endloop
  endfacet
  facet normal 0 -1 0
    outer loop
      vertex 30.6 88.5 42
      vertex 48.9721 88.5 40.8937
      vertex 71.4 88.5 42
    endloop
  endfacet
  facet normal 0 -1 0
    outer loop
      vertex 30.6 88.5 42
      vertex 45.0051 88.5 40.0505
      vertex 48.9721 88.5 40.8937
    endloop
  endfacet
  facet normal 0 -1 0
    outer loop
      vertex 30.6 88.5 42
      vertex 41.3 88.5 38.4009
      vertex 45.0051 88.5 40.0505
    endloop
  endfacet
  facet normal 0 -1 0
    outer loop
      vertex 30.6 88.5 42
      vertex 38.0189 88.5 36.017
      vertex 41.3 88.5 38.4009
    endloop
  endfacet
  facet normal 0 -1 0
    outer loop
      vertex 30.6 88.5 42
      vertex 35.3051 88.5 33.003
      vertex 38.0189 88.5 36.017
    endloop
  endfacet
  facet normal 0 -1 0
    outer loop
      vertex 30.6 88.5 42
      vertex 33.2772 88.5 29.4907
      vertex 35.3051 88.5 33.003
    endloop
  endfacet
  facet normal 0 -1 0
    outer loop
      vertex 30.6 88.5 42
      vertex 32.0239 88.5 25.6335
      vertex 33.2772 88.5 29.4907
    endloop
  endfacet
  facet normal 0 -1 0
    outer loop
      vertex 30.6 88.5 42
      vertex 31.6 88.5 21.6
      vertex 32.0239 88.5 25.6335
    endloop
  endfacet
  facet normal 0 -1 0
    outer loop
      vertex 30.6 88.5 1.2
      vertex 31.6 88.5 21.6
      vertex 30.6 88.5 42
    endloop
  endfacet
  facet normal 0 -1 0
    outer loop
      vertex 30.6 88.5 1.2
      vertex 32.0239 88.5 17.5665
      vertex 31.6 88.5 21.6
    endloop
  endfacet
  facet normal 0 -1 0
    outer loop
      vertex 30.6 88.5 1.2
      vertex 33.2772 88.5 13.7093
      vertex 32.0239 88.5 17.5665
    endloop
  endfacet
  facet normal 0 -1 0
    outer loop
      vertex 30.6 88.5 1.2
      vertex 35.3051 88.5 10.197
      vertex 33.2772 88.5 13.7093
    endloop
  endfacet
  facet normal 0 -1 0
    outer loop
      vertex 30.6 88.5 1.2
      vertex 35.608 88.5 9.86057
      vertex 35.3051 88.5 10.197
    endloop
  endfacet
  facet normal 0 -1 -0
    outer loop
      vertex 35.608 88.5 9.86057
      vertex 30.6 88.5 1.2
      vertex 35.608 88.5 1.2
    endloop
  endfacet
  facet normal 0 -1 0
    outer loop
      vertex 53.0279 88.5 40.8937
      vertex 71.4 88.5 42
      vertex 48.9721 88.5 40.8937
    endloop
  endfacet
  facet normal 0 -1 0
    outer loop
      vertex 56.9949 88.5 40.0505
      vertex 71.4 88.5 42
      vertex 53.0279 88.5 40.8937
    endloop
  endfacet
  facet normal 0 -1 0
    outer loop
      vertex 60.7 88.5 38.4009
      vertex 71.4 88.5 42
      vertex 56.9949 88.5 40.0505
    endloop
  endfacet
  facet normal 0 -1 0
    outer loop
      vertex 63.9811 88.5 36.017
      vertex 71.4 88.5 42
      vertex 60.7 88.5 38.4009
    endloop
  endfacet
  facet normal 0 -1 0
    outer loop
      vertex 66.6949 88.5 33.003
      vertex 71.4 88.5 42
      vertex 63.9811 88.5 36.017
    endloop
  endfacet
  facet normal 0 -1 0
    outer loop
      vertex 68.7228 88.5 29.4907
      vertex 71.4 88.5 42
      vertex 66.6949 88.5 33.003
    endloop
  endfacet
  facet normal 0 -1 0
    outer loop
      vertex 69.9761 88.5 25.6335
      vertex 71.4 88.5 42
      vertex 68.7228 88.5 29.4907
    endloop
  endfacet
  facet normal 0 -1 0
    outer loop
      vertex 70.4 88.5 21.6
      vertex 71.4 88.5 42
      vertex 69.9761 88.5 25.6335
    endloop
  endfacet
  facet normal 0 -1 0
    outer loop
      vertex 71.4 88.5 1.2
      vertex 69.3592 88.5 15.668
      vertex 69.3592 88.5 1.2
    endloop
  endfacet
  facet normal 0 -1 0
    outer loop
      vertex 69.3592 88.5 15.668
      vertex 71.4 88.5 1.2
      vertex 69.9761 88.5 17.5665
    endloop
  endfacet
  facet normal 0 -1 0
    outer loop
      vertex 70.4 88.5 21.6
      vertex 71.4 88.5 1.2
      vertex 71.4 88.5 42
    endloop
  endfacet
  facet normal 0 -1 0
    outer loop
      vertex 69.9761 88.5 17.5665
      vertex 71.4 88.5 1.2
      vertex 70.4 88.5 21.6
    endloop
  endfacet
  facet normal 0 -1 0
    outer loop
      vertex 39.3592 88.5 1.2
      vertex 41.3 88.5 4.79911
      vertex 39.3592 88.5 6.20917
    endloop
  endfacet
  facet normal 0 -1 0
    outer loop
      vertex 39.3592 88.5 1.2
      vertex 45.0051 88.5 3.1495
      vertex 41.3 88.5 4.79911
    endloop
  endfacet
  facet normal 0 -1 0
    outer loop
      vertex 50.608 88.5 1.2
      vertex 45.0051 88.5 3.1495
      vertex 39.3592 88.5 1.2
    endloop
  endfacet
  facet normal 0 -1 0
    outer loop
      vertex 45.0051 88.5 3.1495
      vertex 50.608 88.5 1.2
      vertex 48.9721 88.5 2.30627
    endloop
  endfacet
  facet normal 0 -1 0
    outer loop
      vertex 48.9721 88.5 2.30627
      vertex 50.608 88.5 1.2
      vertex 50.608 88.5 2.30627
    endloop
  endfacet
  facet normal 0 -1 0
    outer loop
      vertex 54.3592 88.5 1.2
      vertex 56.9949 88.5 3.1495
      vertex 54.3592 88.5 2.58926
    endloop
  endfacet
  facet normal 0 -1 0
    outer loop
      vertex 65.608 88.5 1.2
      vertex 56.9949 88.5 3.1495
      vertex 54.3592 88.5 1.2
    endloop
  endfacet
  facet normal 0 -1 0
    outer loop
      vertex 63.9811 88.5 7.18299
      vertex 65.608 88.5 1.2
      vertex 65.608 88.5 8.98977
    endloop
  endfacet
  facet normal 0 -1 0
    outer loop
      vertex 60.7 88.5 4.79911
      vertex 65.608 88.5 1.2
      vertex 63.9811 88.5 7.18299
    endloop
  endfacet
  facet normal 0 -1 0
    outer loop
      vertex 56.9949 88.5 3.1495
      vertex 65.608 88.5 1.2
      vertex 60.7 88.5 4.79911
    endloop
  endfacet
  facet normal -0.994523 0 -0.104519
    outer loop
      vertex 70.4 88.5 21.6
      vertex 69.9761 90 25.6335
      vertex 70.4 90 21.6
    endloop
  endfacet
  facet normal -0.994523 -0 -0.104519
    outer loop
      vertex 69.9761 90 25.6335
      vertex 70.4 88.5 21.6
      vertex 69.9761 88.5 25.6335
    endloop
  endfacet
  facet normal -0.994523 0 -0.104519
    outer loop
      vertex 70.4 76 21.6
      vertex 69.9761 77.7 25.6335
      vertex 70.4 77.7 21.6
    endloop
  endfacet
  facet normal -0.994523 -0 -0.104519
    outer loop
      vertex 69.9761 77.7 25.6335
      vertex 70.4 76 21.6
      vertex 69.9761 76 25.6335
    endloop
  endfacet
  facet normal -0.951055 0 -0.309021
    outer loop
      vertex 69.9761 88.5 25.6335
      vertex 68.7228 90 29.4907
      vertex 69.9761 90 25.6335
    endloop
  endfacet
  facet normal -0.951055 -0 -0.309021
    outer loop
      vertex 68.7228 90 29.4907
      vertex 69.9761 88.5 25.6335
      vertex 68.7228 88.5 29.4907
    endloop
  endfacet
  facet normal -0.951055 0 -0.309021
    outer loop
      vertex 69.9761 76 25.6335
      vertex 68.7228 77.7 29.4907
      vertex 69.9761 77.7 25.6335
    endloop
  endfacet
  facet normal -0.951055 -0 -0.309021
    outer loop
      vertex 68.7228 77.7 29.4907
      vertex 69.9761 76 25.6335
      vertex 68.7228 76 29.4907
    endloop
  endfacet
  facet normal 0.994523 0 -0.104519
    outer loop
      vertex 32.0239 88.5 25.6335
      vertex 31.6 90 21.6
      vertex 32.0239 90 25.6335
    endloop
  endfacet
  facet normal 0.994523 0 -0.104519
    outer loop
      vertex 31.6 90 21.6
      vertex 32.0239 88.5 25.6335
      vertex 31.6 88.5 21.6
    endloop
  endfacet
  facet normal 0.994523 0 -0.104519
    outer loop
      vertex 32.0239 76 25.6335
      vertex 31.6 77.7 21.6
      vertex 32.0239 77.7 25.6335
    endloop
  endfacet
  facet normal 0.994523 0 -0.104519
    outer loop
      vertex 31.6 77.7 21.6
      vertex 32.0239 76 25.6335
      vertex 31.6 76 21.6
    endloop
  endfacet
  facet normal 0 0 -1
    outer loop
      vertex 48.9721 88.5 40.8937
      vertex 53.0279 90 40.8937
      vertex 53.0279 88.5 40.8937
    endloop
  endfacet
  facet normal -0 0 -1
    outer loop
      vertex 53.0279 90 40.8937
      vertex 48.9721 88.5 40.8937
      vertex 48.9721 90 40.8937
    endloop
  endfacet
  facet normal 0 0 -1
    outer loop
      vertex 48.9721 76 40.8937
      vertex 53.0279 77.7 40.8937
      vertex 53.0279 76 40.8937
    endloop
  endfacet
  facet normal -0 0 -1
    outer loop
      vertex 53.0279 77.7 40.8937
      vertex 48.9721 76 40.8937
      vertex 48.9721 77.7 40.8937
    endloop
  endfacet
  facet normal -0.587792 0 -0.809012
    outer loop
      vertex 60.7 88.5 38.4009
      vertex 63.9811 90 36.017
      vertex 63.9811 88.5 36.017
    endloop
  endfacet
  facet normal -0.587792 0 -0.809012
    outer loop
      vertex 63.9811 90 36.017
      vertex 60.7 88.5 38.4009
      vertex 60.7 90 38.4009
    endloop
  endfacet
  facet normal -0.587792 0 -0.809012
    outer loop
      vertex 60.7 76 38.4009
      vertex 63.9811 77.7 36.017
      vertex 63.9811 76 36.017
    endloop
  endfacet
  facet normal -0.587792 0 -0.809012
    outer loop
      vertex 63.9811 77.7 36.017
      vertex 60.7 76 38.4009
      vertex 60.7 77.7 38.4009
    endloop
  endfacet
  facet normal 0 1 -0
    outer loop
      vertex 63.9811 75.98 7.18299
      vertex 35.4824 75.98 10
      vertex 66.5176 75.98 10
    endloop
  endfacet
  facet normal 0 1 0
    outer loop
      vertex 63.9811 75.98 7.18299
      vertex 38.0189 75.98 7.18299
      vertex 35.4824 75.98 10
    endloop
  endfacet
  facet normal 0 1 -0
    outer loop
      vertex 60.7 75.98 4.79911
      vertex 38.0189 75.98 7.18299
      vertex 63.9811 75.98 7.18299
    endloop
  endfacet
  facet normal 0 1 0
    outer loop
      vertex 60.7 75.98 4.79911
      vertex 41.3 75.98 4.79911
      vertex 38.0189 75.98 7.18299
    endloop
  endfacet
  facet normal 0 1 -0
    outer loop
      vertex 56.9949 75.98 3.1495
      vertex 41.3 75.98 4.79911
      vertex 60.7 75.98 4.79911
    endloop
  endfacet
  facet normal 0 1 0
    outer loop
      vertex 56.9949 75.98 3.1495
      vertex 45.0051 75.98 3.1495
      vertex 41.3 75.98 4.79911
    endloop
  endfacet
  facet normal 0 1 -0
    outer loop
      vertex 53.0279 75.98 2.30627
      vertex 45.0051 75.98 3.1495
      vertex 56.9949 75.98 3.1495
    endloop
  endfacet
  facet normal 0 1 0
    outer loop
      vertex 45.0051 75.98 3.1495
      vertex 53.0279 75.98 2.30627
      vertex 48.9721 75.98 2.30627
    endloop
  endfacet
  facet normal 0.406733 0 -0.913547
    outer loop
      vertex 41.3 88.5 38.4009
      vertex 45.0051 90 40.0505
      vertex 45.0051 88.5 40.0505
    endloop
  endfacet
  facet normal 0.406733 0 -0.913547
    outer loop
      vertex 45.0051 90 40.0505
      vertex 41.3 88.5 38.4009
      vertex 41.3 90 38.4009
    endloop
  endfacet
  facet normal 0.406733 0 -0.913547
    outer loop
      vertex 41.3 76 38.4009
      vertex 45.0051 77.7 40.0505
      vertex 45.0051 76 40.0505
    endloop
  endfacet
  facet normal 0.406733 0 -0.913547
    outer loop
      vertex 45.0051 77.7 40.0505
      vertex 41.3 76 38.4009
      vertex 41.3 77.7 38.4009
    endloop
  endfacet
  facet normal -0.866018 0 -0.500013
    outer loop
      vertex 68.7228 88.5 29.4907
      vertex 66.6949 90 33.003
      vertex 68.7228 90 29.4907
    endloop
  endfacet
  facet normal -0.866018 -0 -0.500013
    outer loop
      vertex 66.6949 90 33.003
      vertex 68.7228 88.5 29.4907
      vertex 66.6949 88.5 33.003
    endloop
  endfacet
  facet normal -0.866018 0 -0.500013
    outer loop
      vertex 68.7228 76 29.4907
      vertex 66.6949 77.7 33.003
      vertex 68.7228 77.7 29.4907
    endloop
  endfacet
  facet normal -0.866018 -0 -0.500013
    outer loop
      vertex 66.6949 77.7 33.003
      vertex 68.7228 76 29.4907
      vertex 66.6949 76 33.003
    endloop
  endfacet
  facet normal -0.207909 0 -0.978148
    outer loop
      vertex 53.0279 88.5 40.8937
      vertex 56.9949 90 40.0505
      vertex 56.9949 88.5 40.0505
    endloop
  endfacet
  facet normal -0.207909 0 -0.978148
    outer loop
      vertex 56.9949 90 40.0505
      vertex 53.0279 88.5 40.8937
      vertex 53.0279 90 40.8937
    endloop
  endfacet
  facet normal -0.207909 0 -0.978148
    outer loop
      vertex 53.0279 76 40.8937
      vertex 56.9949 77.7 40.0505
      vertex 56.9949 76 40.0505
    endloop
  endfacet
  facet normal -0.207909 0 -0.978148
    outer loop
      vertex 56.9949 77.7 40.0505
      vertex 53.0279 76 40.8937
      vertex 53.0279 77.7 40.8937
    endloop
  endfacet
  facet normal -0.406733 0 -0.913547
    outer loop
      vertex 56.9949 88.5 40.0505
      vertex 60.7 90 38.4009
      vertex 60.7 88.5 38.4009
    endloop
  endfacet
  facet normal -0.406733 0 -0.913547
    outer loop
      vertex 60.7 90 38.4009
      vertex 56.9949 88.5 40.0505
      vertex 56.9949 90 40.0505
    endloop
  endfacet
  facet normal -0.406733 0 -0.913547
    outer loop
      vertex 56.9949 76 40.0505
      vertex 60.7 77.7 38.4009
      vertex 60.7 76 38.4009
    endloop
  endfacet
  facet normal -0.406733 0 -0.913547
    outer loop
      vertex 60.7 77.7 38.4009
      vertex 56.9949 76 40.0505
      vertex 56.9949 77.7 40.0505
    endloop
  endfacet
  facet normal 0.866018 0 -0.500013
    outer loop
      vertex 35.3051 88.5 33.003
      vertex 33.2772 90 29.4907
      vertex 35.3051 90 33.003
    endloop
  endfacet
  facet normal 0.866018 0 -0.500013
    outer loop
      vertex 33.2772 90 29.4907
      vertex 35.3051 88.5 33.003
      vertex 33.2772 88.5 29.4907
    endloop
  endfacet
  facet normal 0.866018 0 -0.500013
    outer loop
      vertex 35.3051 76 33.003
      vertex 33.2772 77.7 29.4907
      vertex 35.3051 77.7 33.003
    endloop
  endfacet
  facet normal 0.866018 0 -0.500013
    outer loop
      vertex 33.2772 77.7 29.4907
      vertex 35.3051 76 33.003
      vertex 33.2772 76 29.4907
    endloop
  endfacet
  facet normal 0.951055 0 -0.309021
    outer loop
      vertex 33.2772 88.5 29.4907
      vertex 32.0239 90 25.6335
      vertex 33.2772 90 29.4907
    endloop
  endfacet
  facet normal 0.951055 0 -0.309021
    outer loop
      vertex 32.0239 90 25.6335
      vertex 33.2772 88.5 29.4907
      vertex 32.0239 88.5 25.6335
    endloop
  endfacet
  facet normal 0.951055 0 -0.309021
    outer loop
      vertex 33.2772 76 29.4907
      vertex 32.0239 77.7 25.6335
      vertex 33.2772 77.7 29.4907
    endloop
  endfacet
  facet normal 0.951055 0 -0.309021
    outer loop
      vertex 32.0239 77.7 25.6335
      vertex 33.2772 76 29.4907
      vertex 32.0239 76 25.6335
    endloop
  endfacet
  facet normal 0.207909 0 -0.978148
    outer loop
      vertex 45.0051 88.5 40.0505
      vertex 48.9721 90 40.8937
      vertex 48.9721 88.5 40.8937
    endloop
  endfacet
  facet normal 0.207909 0 -0.978148
    outer loop
      vertex 48.9721 90 40.8937
      vertex 45.0051 88.5 40.0505
      vertex 45.0051 90 40.0505
    endloop
  endfacet
  facet normal 0.207909 0 -0.978148
    outer loop
      vertex 45.0051 76 40.0505
      vertex 48.9721 77.7 40.8937
      vertex 48.9721 76 40.8937
    endloop
  endfacet
  facet normal 0.207909 0 -0.978148
    outer loop
      vertex 48.9721 77.7 40.8937
      vertex 45.0051 76 40.0505
      vertex 45.0051 77.7 40.0505
    endloop
  endfacet
  facet normal -0.994523 0 0.104519
    outer loop
      vertex 69.9761 76 17.5665
      vertex 70.4 77.7 21.6
      vertex 69.9761 77.7 17.5665
    endloop
  endfacet
  facet normal -0.994523 0 0.104519
    outer loop
      vertex 70.4 77.7 21.6
      vertex 69.9761 76 17.5665
      vertex 70.4 76 21.6
    endloop
  endfacet
  facet normal -0.994523 0 0.104519
    outer loop
      vertex 69.9761 88.5 17.5665
      vertex 70.4 90 21.6
      vertex 69.9761 90 17.5665
    endloop
  endfacet
  facet normal -0.994523 0 0.104519
    outer loop
      vertex 70.4 90 21.6
      vertex 69.9761 88.5 17.5665
      vertex 70.4 88.5 21.6
    endloop
  endfacet
  facet normal -0 0 1
    outer loop
      vertex 48.9721 77.7 2.30627
      vertex 53.0279 75.98 2.30627
      vertex 53.0279 77.7 2.30627
    endloop
  endfacet
  facet normal 0 0 1
    outer loop
      vertex 53.0279 75.98 2.30627
      vertex 48.9721 77.7 2.30627
      vertex 48.9721 75.98 2.30627
    endloop
  endfacet
  facet normal 0 0 1
    outer loop
      vertex 51 90 2.30627
      vertex 50.608 88.9112 2.30627
      vertex 51 89.2238 2.30627
    endloop
  endfacet
  facet normal -0 0 1
    outer loop
      vertex 48.9721 90 2.30627
      vertex 50.608 88.9112 2.30627
      vertex 51 90 2.30627
    endloop
  endfacet
  facet normal 0 0 1
    outer loop
      vertex 48.9721 88.5 2.30627
      vertex 50.608 88.9112 2.30627
      vertex 48.9721 90 2.30627
    endloop
  endfacet
  facet normal 0 0 1
    outer loop
      vertex 50.608 88.9112 2.30627
      vertex 48.9721 88.5 2.30627
      vertex 50.608 88.5 2.30627
    endloop
  endfacet
  facet normal -0.406735 0 0.913546
    outer loop
      vertex 56.9949 77.7 3.1495
      vertex 60.7 75.98 4.79911
      vertex 60.7 77.7 4.79911
    endloop
  endfacet
  facet normal -0.406735 0 0.913546
    outer loop
      vertex 60.7 75.98 4.79911
      vertex 56.9949 77.7 3.1495
      vertex 56.9949 75.98 3.1495
    endloop
  endfacet
  facet normal -0.406735 0 0.913546
    outer loop
      vertex 56.9949 90 3.1495
      vertex 60.7 88.5 4.79911
      vertex 60.7 90 4.79911
    endloop
  endfacet
  facet normal -0.406735 0 0.913546
    outer loop
      vertex 60.7 88.5 4.79911
      vertex 56.9949 90 3.1495
      vertex 56.9949 88.5 3.1495
    endloop
  endfacet
  facet normal -0.743147 0 -0.669128
    outer loop
      vertex 66.6949 88.5 33.003
      vertex 63.9811 90 36.017
      vertex 66.6949 90 33.003
    endloop
  endfacet
  facet normal -0.743147 -0 -0.669128
    outer loop
      vertex 63.9811 90 36.017
      vertex 66.6949 88.5 33.003
      vertex 63.9811 88.5 36.017
    endloop
  endfacet
  facet normal -0.743147 0 -0.669128
    outer loop
      vertex 66.6949 76 33.003
      vertex 63.9811 77.7 36.017
      vertex 66.6949 77.7 33.003
    endloop
  endfacet
  facet normal -0.743147 -0 -0.669128
    outer loop
      vertex 63.9811 77.7 36.017
      vertex 66.6949 76 33.003
      vertex 63.9811 76 36.017
    endloop
  endfacet
  facet normal 0.587792 0 -0.809012
    outer loop
      vertex 38.0189 88.5 36.017
      vertex 41.3 90 38.4009
      vertex 41.3 88.5 38.4009
    endloop
  endfacet
  facet normal 0.587792 0 -0.809012
    outer loop
      vertex 41.3 90 38.4009
      vertex 38.0189 88.5 36.017
      vertex 38.0189 90 36.017
    endloop
  endfacet
  facet normal 0.587792 0 -0.809012
    outer loop
      vertex 38.0189 76 36.017
      vertex 41.3 77.7 38.4009
      vertex 41.3 76 38.4009
    endloop
  endfacet
  facet normal 0.587792 0 -0.809012
    outer loop
      vertex 41.3 77.7 38.4009
      vertex 38.0189 76 36.017
      vertex 38.0189 77.7 36.017
    endloop
  endfacet
  facet normal 0.743147 0 -0.669128
    outer loop
      vertex 38.0189 88.5 36.017
      vertex 35.3051 90 33.003
      vertex 38.0189 90 36.017
    endloop
  endfacet
  facet normal 0.743147 0 -0.669128
    outer loop
      vertex 35.3051 90 33.003
      vertex 38.0189 88.5 36.017
      vertex 35.3051 88.5 33.003
    endloop
  endfacet
  facet normal 0.743147 0 -0.669128
    outer loop
      vertex 38.0189 76 36.017
      vertex 35.3051 77.7 33.003
      vertex 38.0189 77.7 36.017
    endloop
  endfacet
  facet normal 0.743147 0 -0.669128
    outer loop
      vertex 35.3051 77.7 33.003
      vertex 38.0189 76 36.017
      vertex 35.3051 76 33.003
    endloop
  endfacet
  facet normal -0.743148 -3.40298e-05 0.669127
    outer loop
      vertex 63.9811 77.7 7.18299
      vertex 66.5176 76 10
      vertex 66.6949 77.7 10.197
    endloop
  endfacet
  facet normal -0.743138 0 0.669138
    outer loop
      vertex 63.9811 75.98 7.18299
      vertex 66.5176 76 10
      vertex 63.9811 77.7 7.18299
    endloop
  endfacet
  facet normal -0.743138 0 0.669138
    outer loop
      vertex 66.5176 76 10
      vertex 63.9811 75.98 7.18299
      vertex 66.5176 75.98 10
    endloop
  endfacet
  facet normal -0.743294 0 0.668965
    outer loop
      vertex 66.6949 77.7 10.197
      vertex 66.5176 76 10
      vertex 66.6949 76 10.197
    endloop
  endfacet
  facet normal -0.74314 -2.87663e-05 0.669136
    outer loop
      vertex 65.608 88.9112 8.98977
      vertex 66 90 9.42517
      vertex 63.9811 90 7.18299
    endloop
  endfacet
  facet normal -0.743175 0 0.669097
    outer loop
      vertex 66 90 9.42517
      vertex 65.608 88.9112 8.98977
      vertex 66 89.2238 9.42517
    endloop
  endfacet
  facet normal -0.743131 0 0.669146
    outer loop
      vertex 63.9811 88.5 7.18299
      vertex 65.608 88.9112 8.98977
      vertex 63.9811 90 7.18299
    endloop
  endfacet
  facet normal -0.743131 0 0.669146
    outer loop
      vertex 65.608 88.9112 8.98977
      vertex 63.9811 88.5 7.18299
      vertex 65.608 88.5 8.98977
    endloop
  endfacet
  facet normal -0.951056 0 0.309018
    outer loop
      vertex 69.3592 88.5 15.668
      vertex 69 90 14.5625
      vertex 69 89.2459 14.5625
    endloop
  endfacet
  facet normal -0.951053 8.81191e-06 0.309029
    outer loop
      vertex 69 90 14.5625
      vertex 69.3592 88.5 15.668
      vertex 69.9761 90 17.5665
    endloop
  endfacet
  facet normal -0.951051 0 0.309035
    outer loop
      vertex 69.9761 90 17.5665
      vertex 69.3592 88.5 15.668
      vertex 69.9761 88.5 17.5665
    endloop
  endfacet
  facet normal -0.951055 0 0.309021
    outer loop
      vertex 68.7228 76 13.7093
      vertex 69.9761 77.7 17.5665
      vertex 68.7228 77.7 13.7093
    endloop
  endfacet
  facet normal -0.951055 0 0.309021
    outer loop
      vertex 69.9761 77.7 17.5665
      vertex 68.7228 76 13.7093
      vertex 69.9761 76 17.5665
    endloop
  endfacet
  facet normal -0.866018 0 0.500013
    outer loop
      vertex 66.6949 76 10.197
      vertex 68.7228 77.7 13.7093
      vertex 66.6949 77.7 10.197
    endloop
  endfacet
  facet normal -0.866018 0 0.500013
    outer loop
      vertex 68.7228 77.7 13.7093
      vertex 66.6949 76 10.197
      vertex 68.7228 76 13.7093
    endloop
  endfacet
  facet normal 0.866018 -0 0.500013
    outer loop
      vertex 33.2772 76 13.7093
      vertex 35.3051 77.7 10.197
      vertex 33.2772 77.7 13.7093
    endloop
  endfacet
  facet normal 0.866018 0 0.500013
    outer loop
      vertex 35.3051 77.7 10.197
      vertex 33.2772 76 13.7093
      vertex 35.3051 76 10.197
    endloop
  endfacet
  facet normal 0.866018 -0 0.500013
    outer loop
      vertex 33.2772 88.5 13.7093
      vertex 35.3051 90 10.197
      vertex 33.2772 90 13.7093
    endloop
  endfacet
  facet normal 0.866018 0 0.500013
    outer loop
      vertex 35.3051 90 10.197
      vertex 33.2772 88.5 13.7093
      vertex 35.3051 88.5 10.197
    endloop
  endfacet
  facet normal 0.951055 -0 0.309021
    outer loop
      vertex 32.0239 76 17.5665
      vertex 33.2772 77.7 13.7093
      vertex 32.0239 77.7 17.5665
    endloop
  endfacet
  facet normal 0.951055 0 0.309021
    outer loop
      vertex 33.2772 77.7 13.7093
      vertex 32.0239 76 17.5665
      vertex 33.2772 76 13.7093
    endloop
  endfacet
  facet normal 0.951055 -0 0.309021
    outer loop
      vertex 32.0239 88.5 17.5665
      vertex 33.2772 90 13.7093
      vertex 32.0239 90 17.5665
    endloop
  endfacet
  facet normal 0.951055 0 0.309021
    outer loop
      vertex 33.2772 90 13.7093
      vertex 32.0239 88.5 17.5665
      vertex 33.2772 88.5 13.7093
    endloop
  endfacet
  facet normal 0.994523 -0 0.104519
    outer loop
      vertex 31.6 76 21.6
      vertex 32.0239 77.7 17.5665
      vertex 31.6 77.7 21.6
    endloop
  endfacet
  facet normal 0.994523 0 0.104519
    outer loop
      vertex 32.0239 77.7 17.5665
      vertex 31.6 76 21.6
      vertex 32.0239 76 17.5665
    endloop
  endfacet
  facet normal 0.994523 -0 0.104519
    outer loop
      vertex 31.6 88.5 21.6
      vertex 32.0239 90 17.5665
      vertex 31.6 90 21.6
    endloop
  endfacet
  facet normal 0.994523 0 0.104519
    outer loop
      vertex 32.0239 90 17.5665
      vertex 31.6 88.5 21.6
      vertex 32.0239 88.5 17.5665
    endloop
  endfacet
  facet normal -0.207916 0 0.978147
    outer loop
      vertex 53.0279 77.7 2.30627
      vertex 56.9949 75.98 3.1495
      vertex 56.9949 77.7 3.1495
    endloop
  endfacet
  facet normal -0.207916 0 0.978147
    outer loop
      vertex 56.9949 75.98 3.1495
      vertex 53.0279 77.7 2.30627
      vertex 53.0279 75.98 2.30627
    endloop
  endfacet
  facet normal -0.207913 0 0.978147
    outer loop
      vertex 56.9949 90 3.1495
      vertex 54.3592 88.5 2.58926
      vertex 56.9949 88.5 3.1495
    endloop
  endfacet
  facet normal -0.207913 0 0.978147
    outer loop
      vertex 54 89.2459 2.51291
      vertex 56.9949 90 3.1495
      vertex 54 90 2.51291
    endloop
  endfacet
  facet normal -0.207913 -9.81362e-07 0.978147
    outer loop
      vertex 56.9949 90 3.1495
      vertex 54 89.2459 2.51291
      vertex 54.3592 88.5 2.58926
    endloop
  endfacet
  facet normal -0.587789 0 0.809014
    outer loop
      vertex 60.7 77.7 4.79911
      vertex 63.9811 75.98 7.18299
      vertex 63.9811 77.7 7.18299
    endloop
  endfacet
  facet normal -0.587789 0 0.809014
    outer loop
      vertex 63.9811 75.98 7.18299
      vertex 60.7 77.7 4.79911
      vertex 60.7 75.98 4.79911
    endloop
  endfacet
  facet normal -0.587789 0 0.809014
    outer loop
      vertex 60.7 90 4.79911
      vertex 63.9811 88.5 7.18299
      vertex 63.9811 90 7.18299
    endloop
  endfacet
  facet normal -0.587789 0 0.809014
    outer loop
      vertex 63.9811 88.5 7.18299
      vertex 60.7 90 4.79911
      vertex 60.7 88.5 4.79911
    endloop
  endfacet
  facet normal 0.743294 0 0.668965
    outer loop
      vertex 35.4824 76 10
      vertex 35.3051 77.7 10.197
      vertex 35.3051 76 10.197
    endloop
  endfacet
  facet normal 0.743148 -3.40298e-05 0.669127
    outer loop
      vertex 35.3051 77.7 10.197
      vertex 35.4824 76 10
      vertex 38.0189 77.7 7.18299
    endloop
  endfacet
  facet normal 0.743138 0 0.669138
    outer loop
      vertex 38.0189 75.98 7.18299
      vertex 35.4824 76 10
      vertex 35.4824 75.98 10
    endloop
  endfacet
  facet normal 0.743138 0 0.669138
    outer loop
      vertex 35.4824 76 10
      vertex 38.0189 75.98 7.18299
      vertex 38.0189 77.7 7.18299
    endloop
  endfacet
  facet normal 0.743173 0 0.669099
    outer loop
      vertex 35.3051 90 10.197
      vertex 36 89.2238 9.42517
      vertex 36 90 9.42517
    endloop
  endfacet
  facet normal 0.743174 2.69437e-06 0.669098
    outer loop
      vertex 35.3051 90 10.197
      vertex 35.608 88.9112 9.86057
      vertex 36 89.2238 9.42517
    endloop
  endfacet
  facet normal 0.74317 -0 0.669103
    outer loop
      vertex 35.3051 88.5 10.197
      vertex 35.608 88.9112 9.86057
      vertex 35.3051 90 10.197
    endloop
  endfacet
  facet normal 0.74317 0 0.669103
    outer loop
      vertex 35.608 88.9112 9.86057
      vertex 35.3051 88.5 10.197
      vertex 35.608 88.5 9.86057
    endloop
  endfacet
  facet normal 0.587789 0 0.809014
    outer loop
      vertex 38.0189 77.7 7.18299
      vertex 41.3 75.98 4.79911
      vertex 41.3 77.7 4.79911
    endloop
  endfacet
  facet normal 0.587789 0 0.809014
    outer loop
      vertex 41.3 75.98 4.79911
      vertex 38.0189 77.7 7.18299
      vertex 38.0189 75.98 7.18299
    endloop
  endfacet
  facet normal 0.587782 0 0.80902
    outer loop
      vertex 41.3 90 4.79911
      vertex 39.3592 88.5 6.20917
      vertex 41.3 88.5 4.79911
    endloop
  endfacet
  facet normal 0.587783 -0 0.809018
    outer loop
      vertex 39 89.2459 6.47015
      vertex 41.3 90 4.79911
      vertex 39 90 6.47015
    endloop
  endfacet
  facet normal 0.587785 -6.69225e-06 0.809017
    outer loop
      vertex 41.3 90 4.79911
      vertex 39 89.2459 6.47015
      vertex 39.3592 88.5 6.20917
    endloop
  endfacet
  facet normal 0.406735 0 0.913546
    outer loop
      vertex 41.3 77.7 4.79911
      vertex 45.0051 75.98 3.1495
      vertex 45.0051 77.7 3.1495
    endloop
  endfacet
  facet normal 0.406735 0 0.913546
    outer loop
      vertex 45.0051 75.98 3.1495
      vertex 41.3 77.7 4.79911
      vertex 41.3 75.98 4.79911
    endloop
  endfacet
  facet normal 0.406735 0 0.913546
    outer loop
      vertex 41.3 90 4.79911
      vertex 45.0051 88.5 3.1495
      vertex 45.0051 90 3.1495
    endloop
  endfacet
  facet normal 0.406735 0 0.913546
    outer loop
      vertex 45.0051 88.5 3.1495
      vertex 41.3 90 4.79911
      vertex 41.3 88.5 4.79911
    endloop
  endfacet
  facet normal 0.207916 0 0.978147
    outer loop
      vertex 45.0051 77.7 3.1495
      vertex 48.9721 75.98 2.30627
      vertex 48.9721 77.7 2.30627
    endloop
  endfacet
  facet normal 0.207916 0 0.978147
    outer loop
      vertex 48.9721 75.98 2.30627
      vertex 45.0051 77.7 3.1495
      vertex 45.0051 75.98 3.1495
    endloop
  endfacet
  facet normal 0.207916 0 0.978147
    outer loop
      vertex 45.0051 90 3.1495
      vertex 48.9721 88.5 2.30627
      vertex 48.9721 90 2.30627
    endloop
  endfacet
  facet normal 0.207916 0 0.978147
    outer loop
      vertex 48.9721 88.5 2.30627
      vertex 45.0051 90 3.1495
      vertex 45.0051 88.5 3.1495
    endloop
  endfacet
  facet normal 1 -0 0
    outer loop
      vertex 35.6 76 42
      vertex 35.6 77.7 40
      vertex 35.6 77.7 42
    endloop
  endfacet
  facet normal 1 0 0
    outer loop
      vertex 35.6 77.7 40
      vertex 35.6 76 42
      vertex 35.6 76 40
    endloop
  endfacet
  facet normal -1 0 0
    outer loop
      vertex 37.6 76 40
      vertex 37.6 77.7 42
      vertex 37.6 77.7 40
    endloop
  endfacet
  facet normal -1 -0 0
    outer loop
      vertex 37.6 77.7 42
      vertex 37.6 76 40
      vertex 37.6 76 42
    endloop
  endfacet
  facet normal -0 0 1
    outer loop
      vertex 35.6 77.7 40
      vertex 37.6 76 40
      vertex 37.6 77.7 40
    endloop
  endfacet
  facet normal 0 0 1
    outer loop
      vertex 37.6 76 40
      vertex 35.6 77.7 40
      vertex 35.6 76 40
    endloop
  endfacet
  facet normal 1 -0 0
    outer loop
      vertex 69.4 76 42
      vertex 69.4 77.7 40
      vertex 69.4 77.7 42
    endloop
  endfacet
  facet normal 1 0 0
    outer loop
      vertex 69.4 77.7 40
      vertex 69.4 76 42
      vertex 69.4 76 40
    endloop
  endfacet
  facet normal -0 0 1
    outer loop
      vertex 69.4 77.7 40
      vertex 71.4 76 40
      vertex 71.4 77.7 40
    endloop
  endfacet
  facet normal 0 0 1
    outer loop
      vertex 71.4 76 40
      vertex 69.4 77.7 40
      vertex 69.4 76 40
    endloop
  endfacet
  facet normal 1 -0 0
    outer loop
      vertex 93.98 12 42
      vertex 93.98 14 30.5
      vertex 93.98 14 42
    endloop
  endfacet
  facet normal 1 0 0
    outer loop
      vertex 93.98 14 30.5
      vertex 93.98 12 42
      vertex 93.98 12 30.5
    endloop
  endfacet
  facet normal 1 -0 0
    outer loop
      vertex 93.98 76 42
      vertex 93.98 77 30.5
      vertex 93.98 77 42
    endloop
  endfacet
  facet normal 1 0 0
    outer loop
      vertex 93.98 77 30.5
      vertex 93.98 76 42
      vertex 93.98 76 30.5
    endloop
  endfacet
  facet normal -1 0 0
    outer loop
      vertex 118 12 30.5
      vertex 118 77 42
      vertex 118 77 30.5
    endloop
  endfacet
  facet normal -1 -0 0
    outer loop
      vertex 118 77 42
      vertex 118 12 30.5
      vertex 118 12 42
    endloop
  endfacet
  facet normal 0 -1 0
    outer loop
      vertex 93.98 77 30.5
      vertex 118 77 42
      vertex 93.98 77 42
    endloop
  endfacet
  facet normal 0 -1 -0
    outer loop
      vertex 118 77 42
      vertex 93.98 77 30.5
      vertex 118 77 30.5
    endloop
  endfacet
  facet normal 0 0 1
    outer loop
      vertex 114 21.5 30.5
      vertex 118 77 30.5
      vertex 114 69 30.5
    endloop
  endfacet
  facet normal 0 0 1
    outer loop
      vertex 118 77 30.5
      vertex 109 76 30.5
      vertex 114 69 30.5
    endloop
  endfacet
  facet normal -0 0 1
    outer loop
      vertex 93.98 77 30.5
      vertex 109 76 30.5
      vertex 118 77 30.5
    endloop
  endfacet
  facet normal 0 0 1
    outer loop
      vertex 109 76 30.5
      vertex 93.98 77 30.5
      vertex 93.98 76 30.5
    endloop
  endfacet
  facet normal 0 0 1
    outer loop
      vertex 118 77 30.5
      vertex 114 21.5 30.5
      vertex 118 12 30.5
    endloop
  endfacet
  facet normal 0 0 1
    outer loop
      vertex 109 14 30.5
      vertex 114 21.5 30.5
      vertex 109 21.5 30.5
    endloop
  endfacet
  facet normal 0 0 1
    outer loop
      vertex 114 21.5 30.5
      vertex 109 14 30.5
      vertex 118 12 30.5
    endloop
  endfacet
  facet normal 0 0 1
    outer loop
      vertex 93.98 12 30.5
      vertex 109 14 30.5
      vertex 93.98 14 30.5
    endloop
  endfacet
  facet normal 0 0 1
    outer loop
      vertex 109 14 30.5
      vertex 93.98 12 30.5
      vertex 118 12 30.5
    endloop
  endfacet
  facet normal 0 0 1
    outer loop
      vertex 114 69 30.5
      vertex 109 76 30.5
      vertex 109 69 30.5
    endloop
  endfacet
  facet normal 0 1 0
    outer loop
      vertex 118 12 42
      vertex 117.531 12 39
      vertex 117.531 12 42
    endloop
  endfacet
  facet normal 0 1 0
    outer loop
      vertex 117.531 12 39
      vertex 118 12 30.5
      vertex 112.469 12 39
    endloop
  endfacet
  facet normal 0 1 -0
    outer loop
      vertex 118 12 30.5
      vertex 117.531 12 39
      vertex 118 12 42
    endloop
  endfacet
  facet normal 0 1 -0
    outer loop
      vertex 112.469 12 39
      vertex 93.98 12 42
      vertex 112.469 12 42
    endloop
  endfacet
  facet normal 0 1 0
    outer loop
      vertex 93.98 12 30.5
      vertex 112.469 12 39
      vertex 118 12 30.5
    endloop
  endfacet
  facet normal 0 1 0
    outer loop
      vertex 112.469 12 39
      vertex 93.98 12 30.5
      vertex 93.98 12 42
    endloop
  endfacet
  facet normal -1 0 0
    outer loop
      vertex 114 21.5 10
      vertex 114 69 30.5
      vertex 114 69 10
    endloop
  endfacet
  facet normal -1 -0 0
    outer loop
      vertex 114 69 30.5
      vertex 114 21.5 10
      vertex 114 21.5 30.5
    endloop
  endfacet
  facet normal 0 1 0
    outer loop
      vertex 114 21.5 30.5
      vertex 111.013 21.5 12
      vertex 109 21.5 30.5
    endloop
  endfacet
  facet normal 0 1 -0
    outer loop
      vertex 114 21.5 10
      vertex 111.013 21.5 12
      vertex 114 21.5 30.5
    endloop
  endfacet
  facet normal 0 1 0
    outer loop
      vertex 111.013 21.5 12
      vertex 114 21.5 10
      vertex 111.013 21.5 10
    endloop
  endfacet
  facet normal 0 1 0
    outer loop
      vertex 109 21.5 30.5
      vertex 111.013 21.5 12
      vertex 109 21.5 12
    endloop
  endfacet
  facet normal 0 -1 0
    outer loop
      vertex 109 69 10
      vertex 114 69 30.5
      vertex 109 69 30.5
    endloop
  endfacet
  facet normal 0 -1 -0
    outer loop
      vertex 114 69 30.5
      vertex 109 69 10
      vertex 114 69 10
    endloop
  endfacet
  facet normal -0.923888 0 -0.382663
    outer loop
      vertex 44.5 5 15
      vertex 43.7678 9 16.7678
      vertex 44.5 9 15
    endloop
  endfacet
  facet normal -0.923888 -0 -0.382663
    outer loop
      vertex 43.7678 9 16.7678
      vertex 44.5 5 15
      vertex 43.7678 5 16.7678
    endloop
  endfacet
  facet normal -0.382663 0 -0.923888
    outer loop
      vertex 42 5 17.5
      vertex 43.7678 9 16.7678
      vertex 43.7678 5 16.7678
    endloop
  endfacet
  facet normal -0.382663 0 -0.923888
    outer loop
      vertex 43.7678 9 16.7678
      vertex 42 5 17.5
      vertex 42 9 17.5
    endloop
  endfacet
  facet normal 0.382663 0 -0.923888
    outer loop
      vertex 40.2322 5 16.7678
      vertex 42 9 17.5
      vertex 42 5 17.5
    endloop
  endfacet
  facet normal 0.382663 0 -0.923888
    outer loop
      vertex 42 9 17.5
      vertex 40.2322 5 16.7678
      vertex 40.2322 9 16.7678
    endloop
  endfacet
  facet normal -0.923888 0 0.382663
    outer loop
      vertex 43.7678 14 13.2322
      vertex 44.5 9 15
      vertex 44.5 14 15
    endloop
  endfacet
  facet normal -0.923888 0 0.382663
    outer loop
      vertex 43.7678 5 13.2322
      vertex 44.5 9 15
      vertex 43.7678 14 13.2322
    endloop
  endfacet
  facet normal -0.923888 0 0.382663
    outer loop
      vertex 44.5 9 15
      vertex 43.7678 5 13.2322
      vertex 44.5 5 15
    endloop
  endfacet
  facet normal 0.382663 0 0.923888
    outer loop
      vertex 40.2322 14 13.2322
      vertex 42 5 12.5
      vertex 42 14 12.5
    endloop
  endfacet
  facet normal 0.382663 0 0.923888
    outer loop
      vertex 42 5 12.5
      vertex 40.2322 14 13.2322
      vertex 40.2322 5 13.2322
    endloop
  endfacet
  facet normal 0.923888 0 -0.382663
    outer loop
      vertex 40.2322 5 16.7678
      vertex 39.5 9 15
      vertex 40.2322 9 16.7678
    endloop
  endfacet
  facet normal 0.923888 0 -0.382663
    outer loop
      vertex 39.5 9 15
      vertex 40.2322 5 16.7678
      vertex 39.5 5 15
    endloop
  endfacet
  facet normal 0.923888 -0 0.382663
    outer loop
      vertex 39.5 9 15
      vertex 40.2322 14 13.2322
      vertex 39.5 14 15
    endloop
  endfacet
  facet normal 0.923888 0 0.382663
    outer loop
      vertex 40.2322 5 13.2322
      vertex 39.5 9 15
      vertex 39.5 5 15
    endloop
  endfacet
  facet normal 0.923888 0 0.382663
    outer loop
      vertex 39.5 9 15
      vertex 40.2322 5 13.2322
      vertex 40.2322 14 13.2322
    endloop
  endfacet
  facet normal -0.382663 0 0.923888
    outer loop
      vertex 42 14 12.5
      vertex 43.7678 5 13.2322
      vertex 43.7678 14 13.2322
    endloop
  endfacet
  facet normal -0.382663 0 0.923888
    outer loop
      vertex 43.7678 5 13.2322
      vertex 42 14 12.5
      vertex 42 5 12.5
    endloop
  endfacet
  facet normal 1 -0 0
    outer loop
      vertex 39.5 9 42
      vertex 39.5 14 15
      vertex 39.5 14 42
    endloop
  endfacet
  facet normal 1 0 0
    outer loop
      vertex 39.5 14 15
      vertex 39.5 9 42
      vertex 39.5 9 15
    endloop
  endfacet
  facet normal -1 0 0
    outer loop
      vertex 44.5 9 15
      vertex 44.5 14 42
      vertex 44.5 14 15
    endloop
  endfacet
  facet normal -1 -0 0
    outer loop
      vertex 44.5 14 42
      vertex 44.5 9 15
      vertex 44.5 9 42
    endloop
  endfacet
  facet normal 0 1 0
    outer loop
      vertex 44.5 9 42
      vertex 42 9 17.5
      vertex 39.5 9 42
    endloop
  endfacet
  facet normal 0 1 0
    outer loop
      vertex 44.5 9 42
      vertex 43.7678 9 16.7678
      vertex 42 9 17.5
    endloop
  endfacet
  facet normal -0 1 0
    outer loop
      vertex 43.7678 9 16.7678
      vertex 44.5 9 42
      vertex 44.5 9 15
    endloop
  endfacet
  facet normal 0 1 -0
    outer loop
      vertex 40.2322 9 16.7678
      vertex 39.5 9 42
      vertex 42 9 17.5
    endloop
  endfacet
  facet normal 0 1 0
    outer loop
      vertex 39.5 9 42
      vertex 40.2322 9 16.7678
      vertex 39.5 9 15
    endloop
  endfacet
  facet normal 1 -0 0
    outer loop
      vertex 38.5 3.71245 19
      vertex 38.5 5 11.5
      vertex 38.5 5 19
    endloop
  endfacet
  facet normal 1 0 0
    outer loop
      vertex 38.5 5 11.5
      vertex 38.5 3.71245 19
      vertex 38.5 3.71245 11.5
    endloop
  endfacet
  facet normal 0 0 -1
    outer loop
      vertex 46 0 19
      vertex 39.6 2 19
      vertex 46 5 19
    endloop
  endfacet
  facet normal 0 0 -1
    outer loop
      vertex 39 0 19
      vertex 39.6 2 19
      vertex 46 0 19
    endloop
  endfacet
  facet normal 0 0 -1
    outer loop
      vertex 39.6 2 19
      vertex 39 0 19
      vertex 39 0.754088 19
    endloop
  endfacet
  facet normal 0 0 -1
    outer loop
      vertex 38.8093 3.64185 19
      vertex 46 5 19
      vertex 39.6 2 19
    endloop
  endfacet
  facet normal 0 0 -1
    outer loop
      vertex 38.5 5 19
      vertex 38.8093 3.64185 19
      vertex 38.5 3.71245 19
    endloop
  endfacet
  facet normal 0 0 -1
    outer loop
      vertex 38.8093 3.64185 19
      vertex 38.5 5 19
      vertex 46 5 19
    endloop
  endfacet
  facet normal -1 0 0
    outer loop
      vertex 46 0 11.5
      vertex 46 5 19
      vertex 46 5 11.5
    endloop
  endfacet
  facet normal -1 -0 0
    outer loop
      vertex 46 5 19
      vertex 46 0 11.5
      vertex 46 0 19
    endloop
  endfacet
  facet normal 0 -1 0
    outer loop
      vertex 38.5 5 19
      vertex 42 5 17.5
      vertex 46 5 19
    endloop
  endfacet
  facet normal 0 -1 0
    outer loop
      vertex 38.5 5 19
      vertex 40.2322 5 16.7678
      vertex 42 5 17.5
    endloop
  endfacet
  facet normal 0 -1 0
    outer loop
      vertex 38.5 5 19
      vertex 39.5 5 15
      vertex 40.2322 5 16.7678
    endloop
  endfacet
  facet normal 0 -1 -0
    outer loop
      vertex 40.2322 5 13.2322
      vertex 38.5 5 11.5
      vertex 42 5 12.5
    endloop
  endfacet
  facet normal 0 -1 -0
    outer loop
      vertex 39.5 5 15
      vertex 38.5 5 11.5
      vertex 40.2322 5 13.2322
    endloop
  endfacet
  facet normal 0 -1 0
    outer loop
      vertex 38.5 5 11.5
      vertex 39.5 5 15
      vertex 38.5 5 19
    endloop
  endfacet
  facet normal 0 -1 0
    outer loop
      vertex 43.7678 5 16.7678
      vertex 46 5 19
      vertex 42 5 17.5
    endloop
  endfacet
  facet normal 0 -1 0
    outer loop
      vertex 44.5 5 15
      vertex 46 5 19
      vertex 43.7678 5 16.7678
    endloop
  endfacet
  facet normal 0 -1 0
    outer loop
      vertex 44.5 5 15
      vertex 46 5 11.5
      vertex 46 5 19
    endloop
  endfacet
  facet normal 0 -1 0
    outer loop
      vertex 43.7678 5 13.2322
      vertex 46 5 11.5
      vertex 44.5 5 15
    endloop
  endfacet
  facet normal 0 -1 0
    outer loop
      vertex 42 5 12.5
      vertex 46 5 11.5
      vertex 43.7678 5 13.2322
    endloop
  endfacet
  facet normal 0 -1 0
    outer loop
      vertex 46 5 11.5
      vertex 42 5 12.5
      vertex 38.5 5 11.5
    endloop
  endfacet
  facet normal 0 0 1
    outer loop
      vertex 46 5 11.5
      vertex 39.6 2 11.5
      vertex 46 0 11.5
    endloop
  endfacet
  facet normal 0 0 1
    outer loop
      vertex 46 5 11.5
      vertex 38.8093 3.64185 11.5
      vertex 39.6 2 11.5
    endloop
  endfacet
  facet normal -0 0 1
    outer loop
      vertex 38.5 5 11.5
      vertex 38.8093 3.64185 11.5
      vertex 46 5 11.5
    endloop
  endfacet
  facet normal 0 0 1
    outer loop
      vertex 38.8093 3.64185 11.5
      vertex 38.5 5 11.5
      vertex 38.5 3.71245 11.5
    endloop
  endfacet
  facet normal 0 0 1
    outer loop
      vertex 39 0 11.5
      vertex 39.6 2 11.5
      vertex 39 0.754088 11.5
    endloop
  endfacet
  facet normal 0 0 1
    outer loop
      vertex 39.6 2 11.5
      vertex 39 0 11.5
      vertex 46 0 11.5
    endloop
  endfacet
  facet normal 0 -1 0
    outer loop
      vertex 44.0913 0.98 20.664
      vertex 44.5688 0.98 20.5152
      vertex 44.4673 0.98 20.739
    endloop
  endfacet
  facet normal 0 -1 0
    outer loop
      vertex 44.4781 0.98 20.118
      vertex 44.5688 0.98 20.5152
      vertex 44.0913 0.98 20.664
    endloop
  endfacet
  facet normal 0 -1 0
    outer loop
      vertex 45.3043 0.98 19.936
      vertex 45.3183 0.98 20.239
      vertex 44.9926 0.98 20.2692
    endloop
  endfacet
  facet normal 0 -1 -0
    outer loop
      vertex 44.5688 0.98 20.5152
      vertex 44.4781 0.98 20.118
      vertex 44.7433 0.98 20.36
    endloop
  endfacet
  facet normal 0 -1 0
    outer loop
      vertex 44.4781 0.98 20.118
      vertex 44.9926 0.98 20.2692
      vertex 44.7433 0.98 20.36
    endloop
  endfacet
  facet normal 0 -1 0
    outer loop
      vertex 45.3043 0.98 19.936
      vertex 44.9926 0.98 20.2692
      vertex 44.4781 0.98 20.118
    endloop
  endfacet
  facet normal 0 -1 -0
    outer loop
      vertex 45.3183 0.98 20.239
      vertex 45.3043 0.98 19.936
      vertex 45.8033 0.98 19.9915
    endloop
  endfacet
  facet normal 0 -1 0
    outer loop
      vertex 45.3183 0.98 20.239
      vertex 45.8033 0.98 19.9915
      vertex 46.1763 0.98 20.158
    endloop
  endfacet
  facet normal 0 -1 0
    outer loop
      vertex 45.3123 0.98 22.944
      vertex 45.0058 0.98 22.6215
      vertex 45.3083 0.98 22.651
    endloop
  endfacet
  facet normal 0 -1 -0
    outer loop
      vertex 44.8488 0.98 22.893
      vertex 44.7843 0.98 22.533
      vertex 45.0058 0.98 22.6215
    endloop
  endfacet
  facet normal 0 -1 0
    outer loop
      vertex 44.6486 0.98 22.387
      vertex 44.5063 0.98 22.74
      vertex 44.2956 0.98 22.494
    endloop
  endfacet
  facet normal 0 -1 0
    outer loop
      vertex 44.5063 0.98 22.74
      vertex 44.6486 0.98 22.387
      vertex 44.7843 0.98 22.533
    endloop
  endfacet
  facet normal 0 -1 0
    outer loop
      vertex 44.2956 0.98 22.494
      vertex 44.6033 0.98 22.183
      vertex 44.6486 0.98 22.387
    endloop
  endfacet
  facet normal 0 -1 0
    outer loop
      vertex 44.2253 0.98 22.162
      vertex 44.6033 0.98 22.183
      vertex 44.2956 0.98 22.494
    endloop
  endfacet
  facet normal 0 -1 0
    outer loop
      vertex 44.2388 0.98 22.0072
      vertex 44.6033 0.98 22.183
      vertex 44.2253 0.98 22.162
    endloop
  endfacet
  facet normal 0 -1 -0
    outer loop
      vertex 44.6033 0.98 22.183
      vertex 44.2388 0.98 22.0072
      vertex 44.6208 0.98 22.0597
    endloop
  endfacet
  facet normal 0 -1 0
    outer loop
      vertex 44.2793 0.98 21.871
      vertex 44.6208 0.98 22.0597
      vertex 44.2388 0.98 22.0072
    endloop
  endfacet
  facet normal 0 -1 -0
    outer loop
      vertex 44.6208 0.98 22.0597
      vertex 44.2793 0.98 21.871
      vertex 44.6733 0.98 21.96
    endloop
  endfacet
  facet normal 0 -1 0
    outer loop
      vertex 44.3451 0.98 21.7527
      vertex 44.6733 0.98 21.96
      vertex 44.2793 0.98 21.871
    endloop
  endfacet
  facet normal 0 -1 0
    outer loop
      vertex 44.4343 0.98 21.65
      vertex 44.6733 0.98 21.96
      vertex 44.3451 0.98 21.7527
    endloop
  endfacet
  facet normal 0 -1 -0
    outer loop
      vertex 44.6733 0.98 21.96
      vertex 44.4343 0.98 21.65
      vertex 44.7588 0.98 21.8785
    endloop
  endfacet
  facet normal 0 -1 0
    outer loop
      vertex 44.5546 0.98 21.5602
      vertex 44.7588 0.98 21.8785
      vertex 44.4343 0.98 21.65
    endloop
  endfacet
  facet normal 0 -1 0
    outer loop
      vertex 44.7113 0.98 21.479
      vertex 44.7588 0.98 21.8785
      vertex 44.5546 0.98 21.5602
    endloop
  endfacet
  facet normal 0 -1 -0
    outer loop
      vertex 44.7588 0.98 21.8785
      vertex 44.7113 0.98 21.479
      vertex 44.8753 0.98 21.81
    endloop
  endfacet
  facet normal 0 -1 0
    outer loop
      vertex 44.9281 0.98 21.4027
      vertex 44.8753 0.98 21.81
      vertex 44.7113 0.98 21.479
    endloop
  endfacet
  facet normal 0 -1 0
    outer loop
      vertex 44.8753 0.98 21.81
      vertex 44.9281 0.98 21.4027
      vertex 45.0728 0.98 21.742
    endloop
  endfacet
  facet normal 0 -1 0
    outer loop
      vertex 45.0728 0.98 21.742
      vertex 45.2263 0.98 21.326
      vertex 45.4013 0.98 21.66
    endloop
  endfacet
  facet normal 0 -1 0
    outer loop
      vertex 45.2263 0.98 21.326
      vertex 45.0728 0.98 21.742
      vertex 44.9281 0.98 21.4027
    endloop
  endfacet
  facet normal 0 -1 0
    outer loop
      vertex 45.4126 0.98 21.2817
      vertex 45.4013 0.98 21.66
      vertex 45.2263 0.98 21.326
    endloop
  endfacet
  facet normal 0 -1 0
    outer loop
      vertex 45.4013 0.98 21.66
      vertex 45.4126 0.98 21.2817
      vertex 45.5331 0.98 21.6287
    endloop
  endfacet
  facet normal 0 -1 0
    outer loop
      vertex 45.5813 0.98 21.241
      vertex 45.5331 0.98 21.6287
      vertex 45.4126 0.98 21.2817
    endloop
  endfacet
  facet normal 0 -1 0
    outer loop
      vertex 45.5331 0.98 21.6287
      vertex 45.5813 0.98 21.241
      vertex 45.6643 0.98 21.597
    endloop
  endfacet
  facet normal 0 -1 -0
    outer loop
      vertex 45.6643 0.98 21.597
      vertex 45.5813 0.98 21.241
      vertex 45.7926 0.98 21.5617
    endloop
  endfacet
  facet normal 0 -1 0
    outer loop
      vertex 45.7311 0.98 21.1972
      vertex 45.7926 0.98 21.5617
      vertex 45.5813 0.98 21.241
    endloop
  endfacet
  facet normal 0 -1 -0
    outer loop
      vertex 45.7926 0.98 21.5617
      vertex 45.7311 0.98 21.1972
      vertex 45.9153 0.98 21.52
    endloop
  endfacet
  facet normal 0 -1 0
    outer loop
      vertex 45.8583 0.98 21.144
      vertex 45.9153 0.98 21.52
      vertex 45.7311 0.98 21.1972
    endloop
  endfacet
  facet normal 0 -1 -0
    outer loop
      vertex 45.9153 0.98 21.52
      vertex 45.8583 0.98 21.144
      vertex 46.0313 0.98 21.4717
    endloop
  endfacet
  facet normal 0 -1 -0
    outer loop
      vertex 46.0313 0.98 21.4717
      vertex 45.8583 0.98 21.144
      vertex 46.1393 0.98 21.415
    endloop
  endfacet
  facet normal 0 -1 0
    outer loop
      vertex 45.9613 0.98 21.078
      vertex 46.1393 0.98 21.415
      vertex 45.8583 0.98 21.144
    endloop
  endfacet
  facet normal 0 -1 -0
    outer loop
      vertex 46.1393 0.98 21.415
      vertex 45.9613 0.98 21.078
      vertex 46.2373 0.98 21.3482
    endloop
  endfacet
  facet normal 0 -1 0
    outer loop
      vertex 46.0383 0.98 20.996
      vertex 46.2373 0.98 21.3482
      vertex 45.9613 0.98 21.078
    endloop
  endfacet
  facet normal 0 -1 -0
    outer loop
      vertex 46.2373 0.98 21.3482
      vertex 46.0383 0.98 20.996
      vertex 46.3213 0.98 21.268
    endloop
  endfacet
  facet normal 0 -1 -0
    outer loop
      vertex 46.3213 0.98 21.268
      vertex 46.0383 0.98 20.996
      vertex 46.3906 0.98 21.173
    endloop
  endfacet
  facet normal 0 -1 -0
    outer loop
      vertex 46.3906 0.98 21.173
      vertex 46.0383 0.98 20.996
      vertex 46.4423 0.98 21.062
    endloop
  endfacet
  facet normal 0 -1 0
    outer loop
      vertex 46.0863 0.98 20.8935
      vertex 46.4423 0.98 21.062
      vertex 46.0383 0.98 20.996
    endloop
  endfacet
  facet normal 0 -1 -0
    outer loop
      vertex 46.4423 0.98 21.062
      vertex 46.0863 0.98 20.8935
      vertex 46.4753 0.98 20.9337
    endloop
  endfacet
  facet normal 0 -1 0
    outer loop
      vertex 46.1023 0.98 20.764
      vertex 46.4753 0.98 20.9337
      vertex 46.0863 0.98 20.8935
    endloop
  endfacet
  facet normal 0 -1 -0
    outer loop
      vertex 46.4753 0.98 20.9337
      vertex 46.1023 0.98 20.764
      vertex 46.4863 0.98 20.785
    endloop
  endfacet
  facet normal 0 -1 0
    outer loop
      vertex 46.4088 0.98 20.4257
      vertex 46.1023 0.98 20.764
      vertex 46.0513 0.98 20.537
    endloop
  endfacet
  facet normal 0 -1 0
    outer loop
      vertex 46.1023 0.98 20.764
      vertex 46.4088 0.98 20.4257
      vertex 46.4863 0.98 20.785
    endloop
  endfacet
  facet normal 0 -1 0
    outer loop
      vertex 46.1763 0.98 20.158
      vertex 46.0513 0.98 20.537
      vertex 45.8983 0.98 20.372
    endloop
  endfacet
  facet normal 0 -1 0
    outer loop
      vertex 46.1763 0.98 20.158
      vertex 45.8983 0.98 20.372
      vertex 45.6513 0.98 20.2722
    endloop
  endfacet
  facet normal 0 -1 0
    outer loop
      vertex 46.0513 0.98 20.537
      vertex 46.1763 0.98 20.158
      vertex 46.4088 0.98 20.4257
    endloop
  endfacet
  facet normal 0 -1 0
    outer loop
      vertex 46.1763 0.98 20.158
      vertex 45.6513 0.98 20.2722
      vertex 45.3183 0.98 20.239
    endloop
  endfacet
  facet normal 0 -1 0
    outer loop
      vertex 45.0058 0.98 22.6215
      vertex 45.3123 0.98 22.944
      vertex 44.8488 0.98 22.893
    endloop
  endfacet
  facet normal 0 -1 0
    outer loop
      vertex 45.5871 0.98 22.6252
      vertex 45.3123 0.98 22.944
      vertex 45.3083 0.98 22.651
    endloop
  endfacet
  facet normal 0 -1 0
    outer loop
      vertex 44.7843 0.98 22.533
      vertex 44.8488 0.98 22.893
      vertex 44.5063 0.98 22.74
    endloop
  endfacet
  facet normal 0 -1 0
    outer loop
      vertex 45.3123 0.98 22.944
      vertex 45.5871 0.98 22.6252
      vertex 45.7421 0.98 22.9065
    endloop
  endfacet
  facet normal 0 -1 0
    outer loop
      vertex 45.7973 0.98 22.548
      vertex 45.7421 0.98 22.9065
      vertex 45.5871 0.98 22.6252
    endloop
  endfacet
  facet normal 0 -1 0
    outer loop
      vertex 45.7421 0.98 22.9065
      vertex 45.7973 0.98 22.548
      vertex 46.0573 0.98 22.794
    endloop
  endfacet
  facet normal 0 -1 0
    outer loop
      vertex 45.9458 0.98 22.4147
      vertex 46.0573 0.98 22.794
      vertex 45.7973 0.98 22.548
    endloop
  endfacet
  facet normal 0 -1 -0
    outer loop
      vertex 46.0573 0.98 22.794
      vertex 45.9458 0.98 22.4147
      vertex 46.2768 0.98 22.5925
    endloop
  endfacet
  facet normal 0 -1 0
    outer loop
      vertex 46.0373 0.98 22.219
      vertex 46.2768 0.98 22.5925
      vertex 45.9458 0.98 22.4147
    endloop
  endfacet
  facet normal 0 -1 -0
    outer loop
      vertex 46.2768 0.98 22.5925
      vertex 46.0373 0.98 22.219
      vertex 46.4193 0.98 22.286
    endloop
  endfacet
  facet normal 0 -1 0
    outer loop
      vertex 39.871 0.98 21.229
      vertex 39.916 0.98 21.536
      vertex 39.1088 0.98 21.536
    endloop
  endfacet
  facet normal 0 -1 0
    outer loop
      vertex 39.916 0.98 21.536
      vertex 40.249 0.98 21.274
      vertex 40.5407 0.98 21.3695
    endloop
  endfacet
  facet normal 0 -1 0
    outer loop
      vertex 39.871 0.98 21.229
      vertex 39.1088 0.98 21.536
      vertex 39.1088 0.98 21.229
    endloop
  endfacet
  facet normal 0 -1 -0
    outer loop
      vertex 39.916 0.98 21.536
      vertex 39.871 0.98 21.229
      vertex 40.249 0.98 21.274
    endloop
  endfacet
  facet normal 0 -1 0
    outer loop
      vertex 40.614 0.98 20
      vertex 40.249 0.98 21.274
      vertex 39.871 0.98 21.229
    endloop
  endfacet
  facet normal 0 -1 0
    outer loop
      vertex 40.249 0.98 21.274
      vertex 40.614 0.98 20
      vertex 41.061 0.98 20
    endloop
  endfacet
  facet normal 0 -1 0
    outer loop
      vertex 39.9 0.98 22.569
      vertex 39.938 0.98 22.88
      vertex 39.1088 0.98 22.88
    endloop
  endfacet
  facet normal 0 -1 0
    outer loop
      vertex 40.1815 0.98 22.537
      vertex 39.938 0.98 22.88
      vertex 39.9 0.98 22.569
    endloop
  endfacet
  facet normal 0 -1 0
    outer loop
      vertex 39.9 0.98 22.569
      vertex 39.1088 0.98 22.88
      vertex 39.1088 0.98 22.569
    endloop
  endfacet
  facet normal 0 -1 0
    outer loop
      vertex 39.938 0.98 22.88
      vertex 40.1815 0.98 22.537
      vertex 40.3667 0.98 22.8265
    endloop
  endfacet
  facet normal 0 -1 0
    outer loop
      vertex 40.388 0.98 22.441
      vertex 40.3667 0.98 22.8265
      vertex 40.1815 0.98 22.537
    endloop
  endfacet
  facet normal 0 -1 0
    outer loop
      vertex 40.3667 0.98 22.8265
      vertex 40.388 0.98 22.441
      vertex 40.685 0.98 22.666
    endloop
  endfacet
  facet normal 0 -1 0
    outer loop
      vertex 40.5155 0.98 22.2837
      vertex 40.685 0.98 22.666
      vertex 40.388 0.98 22.441
    endloop
  endfacet
  facet normal 0 -1 -0
    outer loop
      vertex 40.685 0.98 22.666
      vertex 40.5155 0.98 22.2837
      vertex 40.8822 0.98 22.4112
    endloop
  endfacet
  facet normal 0 -1 0
    outer loop
      vertex 40.558 0.98 22.068
      vertex 40.8822 0.98 22.4112
      vertex 40.5155 0.98 22.2837
    endloop
  endfacet
  facet normal 0 -1 -0
    outer loop
      vertex 40.8822 0.98 22.4112
      vertex 40.558 0.98 22.068
      vertex 40.948 0.98 22.073
    endloop
  endfacet
  facet normal 0 -1 0
    outer loop
      vertex 40.9015 0.98 21.7837
      vertex 40.558 0.98 22.068
      vertex 40.516 0.98 21.844
    endloop
  endfacet
  facet normal 0 -1 0
    outer loop
      vertex 40.558 0.98 22.068
      vertex 40.9015 0.98 21.7837
      vertex 40.948 0.98 22.073
    endloop
  endfacet
  facet normal 0 -1 0
    outer loop
      vertex 40.762 0.98 21.544
      vertex 40.516 0.98 21.844
      vertex 40.39 0.98 21.676
    endloop
  endfacet
  facet normal 0 -1 0
    outer loop
      vertex 40.5407 0.98 21.3695
      vertex 40.39 0.98 21.676
      vertex 40.188 0.98 21.571
    endloop
  endfacet
  facet normal 0 -1 0
    outer loop
      vertex 40.516 0.98 21.844
      vertex 40.762 0.98 21.544
      vertex 40.9015 0.98 21.7837
    endloop
  endfacet
  facet normal 0 -1 0
    outer loop
      vertex 40.5407 0.98 21.3695
      vertex 40.188 0.98 21.571
      vertex 39.916 0.98 21.536
    endloop
  endfacet
  facet normal 0 -1 0
    outer loop
      vertex 40.39 0.98 21.676
      vertex 40.5407 0.98 21.3695
      vertex 40.762 0.98 21.544
    endloop
  endfacet
  facet normal 0 -1 0
    outer loop
      vertex 41.5295 0.98 22.88
      vertex 41.9175 0.98 22.563
      vertex 43.7015 0.98 22.88
    endloop
  endfacet
  facet normal 0 -1 0
    outer loop
      vertex 41.5295 0.98 22.88
      vertex 41.9175 0.98 21.664
      vertex 41.9175 0.98 22.563
    endloop
  endfacet
  facet normal 0 -1 0
    outer loop
      vertex 41.9175 0.98 21.664
      vertex 41.9175 0.98 21.351
      vertex 43.5795 0.98 21.664
    endloop
  endfacet
  facet normal 0 -1 0
    outer loop
      vertex 41.5295 0.98 22.88
      vertex 41.9175 0.98 21.351
      vertex 41.9175 0.98 21.664
    endloop
  endfacet
  facet normal 0 -1 0
    outer loop
      vertex 41.5295 0.98 20
      vertex 41.9175 0.98 21.351
      vertex 41.5295 0.98 22.88
    endloop
  endfacet
  facet normal 0 -1 -0
    outer loop
      vertex 41.9175 0.98 21.351
      vertex 41.5295 0.98 20
      vertex 41.9175 0.98 20.317
    endloop
  endfacet
  facet normal 0 -1 0
    outer loop
      vertex 43.7845 0.98 20
      vertex 41.9175 0.98 20.317
      vertex 41.5295 0.98 20
    endloop
  endfacet
  facet normal 0 -1 0
    outer loop
      vertex 41.9175 0.98 20.317
      vertex 43.7845 0.98 20
      vertex 43.7845 0.98 20.317
    endloop
  endfacet
  facet normal 0 -1 -0
    outer loop
      vertex 43.7015 0.98 22.88
      vertex 41.9175 0.98 22.563
      vertex 43.7015 0.98 22.563
    endloop
  endfacet
  facet normal 0 -1 -0
    outer loop
      vertex 43.5795 0.98 21.664
      vertex 41.9175 0.98 21.351
      vertex 43.5795 0.98 21.351
    endloop
  endfacet
  facet normal -0.407614 0 0.913154
    outer loop
      vertex 45.8033 0.98 19.9915
      vertex 46.1763 0 20.158
      vertex 46.1763 0.98 20.158
    endloop
  endfacet
  facet normal -0.407614 0 0.913154
    outer loop
      vertex 46.1763 0 20.158
      vertex 45.8033 0.98 19.9915
      vertex 45.8033 0 19.9915
    endloop
  endfacet
  facet normal -0.755 0 0.655725
    outer loop
      vertex 46.1763 0 20.158
      vertex 46.4088 0.98 20.4257
      vertex 46.1763 0.98 20.158
    endloop
  endfacet
  facet normal -0.755 0 0.655725
    outer loop
      vertex 46.4088 0.98 20.4257
      vertex 46.1763 0 20.158
      vertex 46.4088 0 20.4257
    endloop
  endfacet
  facet normal -0.977519 0 0.210848
    outer loop
      vertex 46.4088 0 20.4257
      vertex 46.4863 0.98 20.785
      vertex 46.4088 0.98 20.4257
    endloop
  endfacet
  facet normal -0.977519 0 0.210848
    outer loop
      vertex 46.4863 0.98 20.785
      vertex 46.4088 0 20.4257
      vertex 46.4863 0 20.785
    endloop
  endfacet
  facet normal -0.997275 0 -0.0737729
    outer loop
      vertex 46.4863 0 20.785
      vertex 46.4753 0.98 20.9337
      vertex 46.4863 0.98 20.785
    endloop
  endfacet
  facet normal -0.997275 -0 -0.0737729
    outer loop
      vertex 46.4753 0.98 20.9337
      vertex 46.4863 0 20.785
      vertex 46.4753 0 20.9337
    endloop
  endfacet
  facet normal -0.968477 0 -0.249102
    outer loop
      vertex 46.4753 0 20.9337
      vertex 46.4423 0.98 21.062
      vertex 46.4753 0.98 20.9337
    endloop
  endfacet
  facet normal -0.968477 -0 -0.249102
    outer loop
      vertex 46.4423 0.98 21.062
      vertex 46.4753 0 20.9337
      vertex 46.4423 0 21.062
    endloop
  endfacet
  facet normal -0.906496 0 -0.422215
    outer loop
      vertex 46.4423 0 21.062
      vertex 46.3906 0.98 21.173
      vertex 46.4423 0.98 21.062
    endloop
  endfacet
  facet normal -0.906496 -0 -0.422215
    outer loop
      vertex 46.3906 0.98 21.173
      vertex 46.4423 0 21.062
      vertex 46.3906 0 21.173
    endloop
  endfacet
  facet normal -0.807889 0 -0.589334
    outer loop
      vertex 46.3906 0 21.173
      vertex 46.3213 0.98 21.268
      vertex 46.3906 0.98 21.173
    endloop
  endfacet
  facet normal -0.807889 -0 -0.589334
    outer loop
      vertex 46.3213 0.98 21.268
      vertex 46.3906 0 21.173
      vertex 46.3213 0 21.268
    endloop
  endfacet
  facet normal -0.690558 0 -0.723277
    outer loop
      vertex 46.2373 0 21.3482
      vertex 46.3213 0.98 21.268
      vertex 46.3213 0 21.268
    endloop
  endfacet
  facet normal -0.690558 0 -0.723277
    outer loop
      vertex 46.3213 0.98 21.268
      vertex 46.2373 0 21.3482
      vertex 46.2373 0.98 21.3482
    endloop
  endfacet
  facet normal -0.563232 0 -0.826299
    outer loop
      vertex 46.1393 0 21.415
      vertex 46.2373 0.98 21.3482
      vertex 46.2373 0 21.3482
    endloop
  endfacet
  facet normal -0.563232 0 -0.826299
    outer loop
      vertex 46.2373 0.98 21.3482
      vertex 46.1393 0 21.415
      vertex 46.1393 0.98 21.415
    endloop
  endfacet
  facet normal -0.464834 0 -0.885398
    outer loop
      vertex 46.0313 0 21.4717
      vertex 46.1393 0.98 21.415
      vertex 46.1393 0 21.415
    endloop
  endfacet
  facet normal -0.464834 0 -0.885398
    outer loop
      vertex 46.1393 0.98 21.415
      vertex 46.0313 0 21.4717
      vertex 46.0313 0.98 21.4717
    endloop
  endfacet
  facet normal -0.384389 0 -0.923171
    outer loop
      vertex 45.9153 0 21.52
      vertex 46.0313 0.98 21.4717
      vertex 46.0313 0 21.4717
    endloop
  endfacet
  facet normal -0.384389 0 -0.923171
    outer loop
      vertex 46.0313 0.98 21.4717
      vertex 45.9153 0 21.52
      vertex 45.9153 0.98 21.52
    endloop
  endfacet
  facet normal -0.321778 0 -0.946815
    outer loop
      vertex 45.7926 0 21.5617
      vertex 45.9153 0.98 21.52
      vertex 45.9153 0 21.52
    endloop
  endfacet
  facet normal -0.321778 0 -0.946815
    outer loop
      vertex 45.9153 0.98 21.52
      vertex 45.7926 0 21.5617
      vertex 45.7926 0.98 21.5617
    endloop
  endfacet
  facet normal -0.265279 0 -0.964172
    outer loop
      vertex 45.6643 0 21.597
      vertex 45.7926 0.98 21.5617
      vertex 45.7926 0 21.5617
    endloop
  endfacet
  facet normal -0.265279 0 -0.964172
    outer loop
      vertex 45.7926 0.98 21.5617
      vertex 45.6643 0 21.597
      vertex 45.6643 0.98 21.597
    endloop
  endfacet
  facet normal -0.234858 0 -0.97203
    outer loop
      vertex 45.5331 0 21.6287
      vertex 45.6643 0.98 21.597
      vertex 45.6643 0 21.597
    endloop
  endfacet
  facet normal -0.234858 0 -0.97203
    outer loop
      vertex 45.6643 0.98 21.597
      vertex 45.5331 0 21.6287
      vertex 45.5331 0.98 21.6287
    endloop
  endfacet
  facet normal -0.231055 0 -0.972941
    outer loop
      vertex 45.4013 0 21.66
      vertex 45.5331 0.98 21.6287
      vertex 45.5331 0 21.6287
    endloop
  endfacet
  facet normal -0.231055 0 -0.972941
    outer loop
      vertex 45.5331 0.98 21.6287
      vertex 45.4013 0 21.66
      vertex 45.4013 0.98 21.66
    endloop
  endfacet
  facet normal -0.242188 0 -0.970229
    outer loop
      vertex 45.0728 0 21.742
      vertex 45.4013 0.98 21.66
      vertex 45.4013 0 21.66
    endloop
  endfacet
  facet normal -0.242188 0 -0.970229
    outer loop
      vertex 45.4013 0.98 21.66
      vertex 45.0728 0 21.742
      vertex 45.0728 0.98 21.742
    endloop
  endfacet
  facet normal -0.325548 0 -0.945526
    outer loop
      vertex 44.8753 0 21.81
      vertex 45.0728 0.98 21.742
      vertex 45.0728 0 21.742
    endloop
  endfacet
  facet normal -0.325548 0 -0.945526
    outer loop
      vertex 45.0728 0.98 21.742
      vertex 44.8753 0 21.81
      vertex 44.8753 0.98 21.81
    endloop
  endfacet
  facet normal -0.506858 0 -0.862029
    outer loop
      vertex 44.7588 0 21.8785
      vertex 44.8753 0.98 21.81
      vertex 44.8753 0 21.81
    endloop
  endfacet
  facet normal -0.506858 0 -0.862029
    outer loop
      vertex 44.8753 0.98 21.81
      vertex 44.7588 0 21.8785
      vertex 44.7588 0.98 21.8785
    endloop
  endfacet
  facet normal -0.689972 0 -0.723836
    outer loop
      vertex 44.6733 0 21.96
      vertex 44.7588 0.98 21.8785
      vertex 44.7588 0 21.8785
    endloop
  endfacet
  facet normal -0.689972 0 -0.723836
    outer loop
      vertex 44.7588 0.98 21.8785
      vertex 44.6733 0 21.96
      vertex 44.6733 0.98 21.96
    endloop
  endfacet
  facet normal -0.884822 0 -0.465929
    outer loop
      vertex 44.6733 0 21.96
      vertex 44.6208 0.98 22.0597
      vertex 44.6733 0.98 21.96
    endloop
  endfacet
  facet normal -0.884822 -0 -0.465929
    outer loop
      vertex 44.6208 0.98 22.0597
      vertex 44.6733 0 21.96
      vertex 44.6208 0 22.0597
    endloop
  endfacet
  facet normal -0.990078 0 -0.140522
    outer loop
      vertex 44.6208 0 22.0597
      vertex 44.6033 0.98 22.183
      vertex 44.6208 0.98 22.0597
    endloop
  endfacet
  facet normal -0.990078 -0 -0.140522
    outer loop
      vertex 44.6033 0.98 22.183
      vertex 44.6208 0 22.0597
      vertex 44.6033 0 22.183
    endloop
  endfacet
  facet normal -0.976221 0 0.216778
    outer loop
      vertex 44.6033 0 22.183
      vertex 44.6486 0.98 22.387
      vertex 44.6033 0.98 22.183
    endloop
  endfacet
  facet normal -0.976221 0 0.216778
    outer loop
      vertex 44.6486 0.98 22.387
      vertex 44.6033 0 22.183
      vertex 44.6486 0 22.387
    endloop
  endfacet
  facet normal -0.732472 0 0.680797
    outer loop
      vertex 44.6486 0 22.387
      vertex 44.7843 0.98 22.533
      vertex 44.6486 0.98 22.387
    endloop
  endfacet
  facet normal -0.732472 0 0.680797
    outer loop
      vertex 44.7843 0.98 22.533
      vertex 44.6486 0 22.387
      vertex 44.7843 0 22.533
    endloop
  endfacet
  facet normal -0.371029 0 0.928621
    outer loop
      vertex 44.7843 0.98 22.533
      vertex 45.0058 0 22.6215
      vertex 45.0058 0.98 22.6215
    endloop
  endfacet
  facet normal -0.371029 0 0.928621
    outer loop
      vertex 45.0058 0 22.6215
      vertex 44.7843 0.98 22.533
      vertex 44.7843 0 22.533
    endloop
  endfacet
  facet normal -0.0970602 0 0.995279
    outer loop
      vertex 45.0058 0.98 22.6215
      vertex 45.3083 0 22.651
      vertex 45.3083 0.98 22.651
    endloop
  endfacet
  facet normal -0.0970602 0 0.995279
    outer loop
      vertex 45.3083 0 22.651
      vertex 45.0058 0.98 22.6215
      vertex 45.0058 0 22.6215
    endloop
  endfacet
  facet normal 0.0921457 0 0.995746
    outer loop
      vertex 45.3083 0.98 22.651
      vertex 45.5871 0 22.6252
      vertex 45.5871 0.98 22.6252
    endloop
  endfacet
  facet normal 0.0921457 0 0.995746
    outer loop
      vertex 45.5871 0 22.6252
      vertex 45.3083 0.98 22.651
      vertex 45.3083 0 22.651
    endloop
  endfacet
  facet normal 0.344753 0 0.938693
    outer loop
      vertex 45.5871 0.98 22.6252
      vertex 45.7973 0 22.548
      vertex 45.7973 0.98 22.548
    endloop
  endfacet
  facet normal 0.344753 0 0.938693
    outer loop
      vertex 45.7973 0 22.548
      vertex 45.5871 0.98 22.6252
      vertex 45.5871 0 22.6252
    endloop
  endfacet
  facet normal 0.667995 0 0.744166
    outer loop
      vertex 45.7973 0.98 22.548
      vertex 45.9458 0 22.4147
      vertex 45.9458 0.98 22.4147
    endloop
  endfacet
  facet normal 0.667995 0 0.744166
    outer loop
      vertex 45.9458 0 22.4147
      vertex 45.7973 0.98 22.548
      vertex 45.7973 0 22.548
    endloop
  endfacet
  facet normal 0.905875 -0 0.423544
    outer loop
      vertex 45.9458 0 22.4147
      vertex 46.0373 0.98 22.219
      vertex 45.9458 0.98 22.4147
    endloop
  endfacet
  facet normal 0.905875 0 0.423544
    outer loop
      vertex 46.0373 0.98 22.219
      vertex 45.9458 0 22.4147
      vertex 46.0373 0 22.219
    endloop
  endfacet
  facet normal -0.172756 0 0.984965
    outer loop
      vertex 46.0373 0.98 22.219
      vertex 46.4193 0 22.286
      vertex 46.4193 0.98 22.286
    endloop
  endfacet
  facet normal -0.172756 0 0.984965
    outer loop
      vertex 46.4193 0 22.286
      vertex 46.0373 0.98 22.219
      vertex 46.0373 0 22.219
    endloop
  endfacet
  facet normal -0.906787 0 -0.421589
    outer loop
      vertex 46.4193 0 22.286
      vertex 46.2768 0.98 22.5925
      vertex 46.4193 0.98 22.286
    endloop
  endfacet
  facet normal -0.906787 -0 -0.421589
    outer loop
      vertex 46.2768 0.98 22.5925
      vertex 46.4193 0 22.286
      vertex 46.2768 0 22.5925
    endloop
  endfacet
  facet normal -0.676256 0 -0.736666
    outer loop
      vertex 46.0573 0 22.794
      vertex 46.2768 0.98 22.5925
      vertex 46.2768 0 22.5925
    endloop
  endfacet
  facet normal -0.676256 0 -0.736666
    outer loop
      vertex 46.2768 0.98 22.5925
      vertex 46.0573 0 22.794
      vertex 46.0573 0.98 22.794
    endloop
  endfacet
  facet normal -0.336147 0 -0.941809
    outer loop
      vertex 45.7421 0 22.9065
      vertex 46.0573 0.98 22.794
      vertex 46.0573 0 22.794
    endloop
  endfacet
  facet normal -0.336147 0 -0.941809
    outer loop
      vertex 46.0573 0.98 22.794
      vertex 45.7421 0 22.9065
      vertex 45.7421 0.98 22.9065
    endloop
  endfacet
  facet normal -0.0869197 0 -0.996215
    outer loop
      vertex 45.3123 0 22.944
      vertex 45.7421 0.98 22.9065
      vertex 45.7421 0 22.9065
    endloop
  endfacet
  facet normal -0.0869197 0 -0.996215
    outer loop
      vertex 45.7421 0.98 22.9065
      vertex 45.3123 0 22.944
      vertex 45.3123 0.98 22.944
    endloop
  endfacet
  facet normal 0.109372 0 -0.994001
    outer loop
      vertex 44.8488 0 22.893
      vertex 45.3123 0.98 22.944
      vertex 45.3123 0 22.944
    endloop
  endfacet
  facet normal 0.109372 0 -0.994001
    outer loop
      vertex 45.3123 0.98 22.944
      vertex 44.8488 0 22.893
      vertex 44.8488 0.98 22.893
    endloop
  endfacet
  facet normal 0.407869 0 -0.91304
    outer loop
      vertex 44.5063 0 22.74
      vertex 44.8488 0.98 22.893
      vertex 44.8488 0 22.893
    endloop
  endfacet
  facet normal 0.407869 0 -0.91304
    outer loop
      vertex 44.8488 0.98 22.893
      vertex 44.5063 0 22.74
      vertex 44.5063 0.98 22.74
    endloop
  endfacet
  facet normal 0.759496 0 -0.650512
    outer loop
      vertex 44.5063 0 22.74
      vertex 44.2956 0.98 22.494
      vertex 44.5063 0.98 22.74
    endloop
  endfacet
  facet normal 0.759496 0 -0.650512
    outer loop
      vertex 44.2956 0.98 22.494
      vertex 44.5063 0 22.74
      vertex 44.2956 0 22.494
    endloop
  endfacet
  facet normal 0.978308 0 -0.207154
    outer loop
      vertex 44.2956 0 22.494
      vertex 44.2253 0.98 22.162
      vertex 44.2956 0.98 22.494
    endloop
  endfacet
  facet normal 0.978308 0 -0.207154
    outer loop
      vertex 44.2253 0.98 22.162
      vertex 44.2956 0 22.494
      vertex 44.2253 0 22.162
    endloop
  endfacet
  facet normal 0.996219 -0 0.0868795
    outer loop
      vertex 44.2253 0 22.162
      vertex 44.2388 0.98 22.0072
      vertex 44.2253 0.98 22.162
    endloop
  endfacet
  facet normal 0.996219 0 0.0868795
    outer loop
      vertex 44.2388 0.98 22.0072
      vertex 44.2253 0 22.162
      vertex 44.2388 0 22.0072
    endloop
  endfacet
  facet normal 0.958521 -0 0.285023
    outer loop
      vertex 44.2388 0 22.0072
      vertex 44.2793 0.98 21.871
      vertex 44.2388 0.98 22.0072
    endloop
  endfacet
  facet normal 0.958521 0 0.285023
    outer loop
      vertex 44.2793 0.98 21.871
      vertex 44.2388 0 22.0072
      vertex 44.2793 0 21.871
    endloop
  endfacet
  facet normal 0.873913 -0 0.486082
    outer loop
      vertex 44.2793 0 21.871
      vertex 44.3451 0.98 21.7527
      vertex 44.2793 0.98 21.871
    endloop
  endfacet
  facet normal 0.873913 0 0.486082
    outer loop
      vertex 44.3451 0.98 21.7527
      vertex 44.2793 0 21.871
      vertex 44.3451 0 21.7527
    endloop
  endfacet
  facet normal 0.754985 -0 0.655742
    outer loop
      vertex 44.3451 0 21.7527
      vertex 44.4343 0.98 21.65
      vertex 44.3451 0.98 21.7527
    endloop
  endfacet
  facet normal 0.754985 0 0.655742
    outer loop
      vertex 44.4343 0.98 21.65
      vertex 44.3451 0 21.7527
      vertex 44.4343 0 21.65
    endloop
  endfacet
  facet normal 0.598187 0 0.801357
    outer loop
      vertex 44.4343 0.98 21.65
      vertex 44.5546 0 21.5602
      vertex 44.5546 0.98 21.5602
    endloop
  endfacet
  facet normal 0.598187 0 0.801357
    outer loop
      vertex 44.5546 0 21.5602
      vertex 44.4343 0.98 21.65
      vertex 44.4343 0 21.65
    endloop
  endfacet
  facet normal 0.460086 0 0.887875
    outer loop
      vertex 44.5546 0.98 21.5602
      vertex 44.7113 0 21.479
      vertex 44.7113 0.98 21.479
    endloop
  endfacet
  facet normal 0.460086 0 0.887875
    outer loop
      vertex 44.7113 0 21.479
      vertex 44.5546 0.98 21.5602
      vertex 44.5546 0 21.5602
    endloop
  endfacet
  facet normal 0.331978 0 0.943287
    outer loop
      vertex 44.7113 0.98 21.479
      vertex 44.9281 0 21.4027
      vertex 44.9281 0.98 21.4027
    endloop
  endfacet
  facet normal 0.331978 0 0.943287
    outer loop
      vertex 44.9281 0 21.4027
      vertex 44.7113 0.98 21.479
      vertex 44.7113 0 21.479
    endloop
  endfacet
  facet normal 0.249102 0 0.968477
    outer loop
      vertex 44.9281 0.98 21.4027
      vertex 45.2263 0 21.326
      vertex 45.2263 0.98 21.326
    endloop
  endfacet
  facet normal 0.249102 0 0.968477
    outer loop
      vertex 45.2263 0 21.326
      vertex 44.9281 0.98 21.4027
      vertex 44.9281 0 21.4027
    endloop
  endfacet
  facet normal 0.231338 0 0.972873
    outer loop
      vertex 45.2263 0.98 21.326
      vertex 45.4126 0 21.2817
      vertex 45.4126 0.98 21.2817
    endloop
  endfacet
  facet normal 0.231338 0 0.972873
    outer loop
      vertex 45.4126 0 21.2817
      vertex 45.2263 0.98 21.326
      vertex 45.2263 0 21.326
    endloop
  endfacet
  facet normal 0.234528 0 0.972109
    outer loop
      vertex 45.4126 0.98 21.2817
      vertex 45.5813 0 21.241
      vertex 45.5813 0.98 21.241
    endloop
  endfacet
  facet normal 0.234528 0 0.972109
    outer loop
      vertex 45.5813 0 21.241
      vertex 45.4126 0.98 21.2817
      vertex 45.4126 0 21.2817
    endloop
  endfacet
  facet normal 0.28064 0 0.959813
    outer loop
      vertex 45.5813 0.98 21.241
      vertex 45.7311 0 21.1972
      vertex 45.7311 0.98 21.1972
    endloop
  endfacet
  facet normal 0.28064 0 0.959813
    outer loop
      vertex 45.7311 0 21.1972
      vertex 45.5813 0.98 21.241
      vertex 45.5813 0 21.241
    endloop
  endfacet
  facet normal 0.385851 0 0.922561
    outer loop
      vertex 45.7311 0.98 21.1972
      vertex 45.8583 0 21.144
      vertex 45.8583 0.98 21.144
    endloop
  endfacet
  facet normal 0.385851 0 0.922561
    outer loop
      vertex 45.8583 0 21.144
      vertex 45.7311 0.98 21.1972
      vertex 45.7311 0 21.1972
    endloop
  endfacet
  facet normal 0.539518 0 0.841974
    outer loop
      vertex 45.8583 0.98 21.144
      vertex 45.9613 0 21.078
      vertex 45.9613 0.98 21.078
    endloop
  endfacet
  facet normal 0.539518 0 0.841974
    outer loop
      vertex 45.9613 0 21.078
      vertex 45.8583 0.98 21.144
      vertex 45.8583 0 21.144
    endloop
  endfacet
  facet normal 0.728982 -0 0.684532
    outer loop
      vertex 45.9613 0 21.078
      vertex 46.0383 0.98 20.996
      vertex 45.9613 0.98 21.078
    endloop
  endfacet
  facet normal 0.728982 0 0.684532
    outer loop
      vertex 46.0383 0.98 20.996
      vertex 45.9613 0 21.078
      vertex 46.0383 0 20.996
    endloop
  endfacet
  facet normal 0.905618 -0 0.424094
    outer loop
      vertex 46.0383 0 20.996
      vertex 46.0863 0.98 20.8935
      vertex 46.0383 0.98 20.996
    endloop
  endfacet
  facet normal 0.905618 0 0.424094
    outer loop
      vertex 46.0863 0.98 20.8935
      vertex 46.0383 0 20.996
      vertex 46.0863 0 20.8935
    endloop
  endfacet
  facet normal 0.992454 -0 0.12262
    outer loop
      vertex 46.0863 0 20.8935
      vertex 46.1023 0.98 20.764
      vertex 46.0863 0.98 20.8935
    endloop
  endfacet
  facet normal 0.992454 0 0.12262
    outer loop
      vertex 46.1023 0.98 20.764
      vertex 46.0863 0 20.8935
      vertex 46.1023 0 20.764
    endloop
  endfacet
  facet normal 0.975679 0 -0.219205
    outer loop
      vertex 46.1023 0 20.764
      vertex 46.0513 0.98 20.537
      vertex 46.1023 0.98 20.764
    endloop
  endfacet
  facet normal 0.975679 0 -0.219205
    outer loop
      vertex 46.0513 0.98 20.537
      vertex 46.1023 0 20.764
      vertex 46.0513 0 20.537
    endloop
  endfacet
  facet normal 0.733268 0 -0.67994
    outer loop
      vertex 46.0513 0 20.537
      vertex 45.8983 0.98 20.372
      vertex 46.0513 0.98 20.537
    endloop
  endfacet
  facet normal 0.733268 0 -0.67994
    outer loop
      vertex 45.8983 0.98 20.372
      vertex 46.0513 0 20.537
      vertex 45.8983 0 20.372
    endloop
  endfacet
  facet normal 0.374624 0 -0.927177
    outer loop
      vertex 45.6513 0 20.2722
      vertex 45.8983 0.98 20.372
      vertex 45.8983 0 20.372
    endloop
  endfacet
  facet normal 0.374624 0 -0.927177
    outer loop
      vertex 45.8983 0.98 20.372
      vertex 45.6513 0 20.2722
      vertex 45.6513 0.98 20.2722
    endloop
  endfacet
  facet normal 0.0992079 0 -0.995067
    outer loop
      vertex 45.3183 0 20.239
      vertex 45.6513 0.98 20.2722
      vertex 45.6513 0 20.2722
    endloop
  endfacet
  facet normal 0.0992079 0 -0.995067
    outer loop
      vertex 45.6513 0.98 20.2722
      vertex 45.3183 0 20.239
      vertex 45.3183 0.98 20.239
    endloop
  endfacet
  facet normal -0.0923273 0 -0.995729
    outer loop
      vertex 44.9926 0 20.2692
      vertex 45.3183 0.98 20.239
      vertex 45.3183 0 20.239
    endloop
  endfacet
  facet normal -0.0923273 0 -0.995729
    outer loop
      vertex 45.3183 0.98 20.239
      vertex 44.9926 0 20.2692
      vertex 44.9926 0.98 20.2692
    endloop
  endfacet
  facet normal -0.342227 0 -0.939617
    outer loop
      vertex 44.7433 0 20.36
      vertex 44.9926 0.98 20.2692
      vertex 44.9926 0 20.2692
    endloop
  endfacet
  facet normal -0.342227 0 -0.939617
    outer loop
      vertex 44.9926 0.98 20.2692
      vertex 44.7433 0 20.36
      vertex 44.7433 0.98 20.36
    endloop
  endfacet
  facet normal -0.664576 0 -0.74722
    outer loop
      vertex 44.5688 0 20.5152
      vertex 44.7433 0.98 20.36
      vertex 44.7433 0 20.36
    endloop
  endfacet
  facet normal -0.664576 0 -0.74722
    outer loop
      vertex 44.7433 0.98 20.36
      vertex 44.5688 0 20.5152
      vertex 44.5688 0.98 20.5152
    endloop
  endfacet
  facet normal -0.910715 0 -0.413036
    outer loop
      vertex 44.5688 0 20.5152
      vertex 44.4673 0.98 20.739
      vertex 44.5688 0.98 20.5152
    endloop
  endfacet
  facet normal -0.910715 -0 -0.413036
    outer loop
      vertex 44.4673 0.98 20.739
      vertex 44.5688 0 20.5152
      vertex 44.4673 0 20.739
    endloop
  endfacet
  facet normal 0.195615 0 -0.980681
    outer loop
      vertex 44.0913 0 20.664
      vertex 44.4673 0.98 20.739
      vertex 44.4673 0 20.739
    endloop
  endfacet
  facet normal 0.195615 0 -0.980681
    outer loop
      vertex 44.4673 0.98 20.739
      vertex 44.0913 0 20.664
      vertex 44.0913 0.98 20.664
    endloop
  endfacet
  facet normal 0.815989 -0 0.578067
    outer loop
      vertex 44.0913 0 20.664
      vertex 44.4781 0.98 20.118
      vertex 44.0913 0.98 20.664
    endloop
  endfacet
  facet normal 0.815989 0 0.578067
    outer loop
      vertex 44.4781 0.98 20.118
      vertex 44.0913 0 20.664
      vertex 44.4781 0 20.118
    endloop
  endfacet
  facet normal 0.215128 0 0.976586
    outer loop
      vertex 44.4781 0.98 20.118
      vertex 45.3043 0 19.936
      vertex 45.3043 0.98 19.936
    endloop
  endfacet
  facet normal 0.215128 0 0.976586
    outer loop
      vertex 45.3043 0 19.936
      vertex 44.4781 0.98 20.118
      vertex 44.4781 0 20.118
    endloop
  endfacet
  facet normal -0.110541 0 0.993872
    outer loop
      vertex 45.3043 0.98 19.936
      vertex 45.8033 0 19.9915
      vertex 45.8033 0.98 19.9915
    endloop
  endfacet
  facet normal -0.110541 0 0.993872
    outer loop
      vertex 45.8033 0 19.9915
      vertex 45.3043 0.98 19.936
      vertex 45.3043 0 19.936
    endloop
  endfacet
  facet normal 0 0 1
    outer loop
      vertex 39 0.754088 21.229
      vertex 39.871 0.98 21.229
      vertex 39.1088 0.98 21.229
    endloop
  endfacet
  facet normal 0 0 1
    outer loop
      vertex 39.871 0.98 21.229
      vertex 39 0.754088 21.229
      vertex 39.871 0 21.229
    endloop
  endfacet
  facet normal 0 0 1
    outer loop
      vertex 39.871 0 21.229
      vertex 39 0.754088 21.229
      vertex 39 0 21.229
    endloop
  endfacet
  facet normal 0.855768 -0 0.51736
    outer loop
      vertex 39.871 0 21.229
      vertex 40.614 0.98 20
      vertex 39.871 0.98 21.229
    endloop
  endfacet
  facet normal 0.855768 0 0.51736
    outer loop
      vertex 40.614 0.98 20
      vertex 39.871 0 21.229
      vertex 40.614 0 20
    endloop
  endfacet
  facet normal -0 0 1
    outer loop
      vertex 40.614 0.98 20
      vertex 41.061 0 20
      vertex 41.061 0.98 20
    endloop
  endfacet
  facet normal 0 0 1
    outer loop
      vertex 41.061 0 20
      vertex 40.614 0.98 20
      vertex 40.614 0 20
    endloop
  endfacet
  facet normal -0.84328 0 -0.537475
    outer loop
      vertex 41.061 0 20
      vertex 40.249 0.98 21.274
      vertex 41.061 0.98 20
    endloop
  endfacet
  facet normal -0.84328 -0 -0.537475
    outer loop
      vertex 40.249 0.98 21.274
      vertex 41.061 0 20
      vertex 40.249 0 21.274
    endloop
  endfacet
  facet normal -0.311141 0 0.950364
    outer loop
      vertex 40.249 0.98 21.274
      vertex 40.5407 0 21.3695
      vertex 40.5407 0.98 21.3695
    endloop
  endfacet
  facet normal -0.311141 0 0.950364
    outer loop
      vertex 40.5407 0 21.3695
      vertex 40.249 0.98 21.274
      vertex 40.249 0 21.274
    endloop
  endfacet
  facet normal -0.619184 0 0.785246
    outer loop
      vertex 40.5407 0.98 21.3695
      vertex 40.762 0 21.544
      vertex 40.762 0.98 21.544
    endloop
  endfacet
  facet normal -0.619184 0 0.785246
    outer loop
      vertex 40.762 0 21.544
      vertex 40.5407 0.98 21.3695
      vertex 40.5407 0 21.3695
    endloop
  endfacet
  facet normal -0.864288 0 0.502996
    outer loop
      vertex 40.762 0 21.544
      vertex 40.9015 0.98 21.7837
      vertex 40.762 0.98 21.544
    endloop
  endfacet
  facet normal -0.864288 0 0.502996
    outer loop
      vertex 40.9015 0.98 21.7837
      vertex 40.762 0 21.544
      vertex 40.9015 0 21.7837
    endloop
  endfacet
  facet normal -0.987328 0 0.158696
    outer loop
      vertex 40.9015 0 21.7837
      vertex 40.948 0.98 22.073
      vertex 40.9015 0.98 21.7837
    endloop
  endfacet
  facet normal -0.987328 0 0.158696
    outer loop
      vertex 40.948 0.98 22.073
      vertex 40.9015 0 21.7837
      vertex 40.948 0 22.073
    endloop
  endfacet
  facet normal -0.981594 0 -0.190978
    outer loop
      vertex 40.948 0 22.073
      vertex 40.8822 0.98 22.4112
      vertex 40.948 0.98 22.073
    endloop
  endfacet
  facet normal -0.981594 -0 -0.190978
    outer loop
      vertex 40.8822 0.98 22.4112
      vertex 40.948 0 22.073
      vertex 40.8822 0 22.4112
    endloop
  endfacet
  facet normal -0.790821 0 -0.612048
    outer loop
      vertex 40.8822 0 22.4112
      vertex 40.685 0.98 22.666
      vertex 40.8822 0.98 22.4112
    endloop
  endfacet
  facet normal -0.790821 -0 -0.612048
    outer loop
      vertex 40.685 0.98 22.666
      vertex 40.8822 0 22.4112
      vertex 40.685 0 22.666
    endloop
  endfacet
  facet normal -0.450241 0 -0.892907
    outer loop
      vertex 40.3667 0 22.8265
      vertex 40.685 0.98 22.666
      vertex 40.685 0 22.666
    endloop
  endfacet
  facet normal -0.450241 0 -0.892907
    outer loop
      vertex 40.685 0.98 22.666
      vertex 40.3667 0 22.8265
      vertex 40.3667 0.98 22.8265
    endloop
  endfacet
  facet normal -0.123835 0 -0.992303
    outer loop
      vertex 39.938 0 22.88
      vertex 40.3667 0.98 22.8265
      vertex 40.3667 0 22.8265
    endloop
  endfacet
  facet normal -0.123835 0 -0.992303
    outer loop
      vertex 40.3667 0.98 22.8265
      vertex 39.938 0 22.88
      vertex 39.938 0.98 22.88
    endloop
  endfacet
  facet normal 0 0 -1
    outer loop
      vertex 39 0.754088 22.88
      vertex 39.938 0.98 22.88
      vertex 39.938 0 22.88
    endloop
  endfacet
  facet normal 0 0 -1
    outer loop
      vertex 39 0.754088 22.88
      vertex 39.938 0 22.88
      vertex 39 0 22.88
    endloop
  endfacet
  facet normal -0 0 -1
    outer loop
      vertex 39.938 0.98 22.88
      vertex 39 0.754088 22.88
      vertex 39.1088 0.98 22.88
    endloop
  endfacet
  facet normal 0 0 1
    outer loop
      vertex 39 0.754088 22.569
      vertex 39.9 0.98 22.569
      vertex 39.1088 0.98 22.569
    endloop
  endfacet
  facet normal 0 0 1
    outer loop
      vertex 39.9 0.98 22.569
      vertex 39 0.754088 22.569
      vertex 39.9 0 22.569
    endloop
  endfacet
  facet normal 0 0 1
    outer loop
      vertex 39.9 0 22.569
      vertex 39 0.754088 22.569
      vertex 39 0 22.569
    endloop
  endfacet
  facet normal 0.112949 0 0.993601
    outer loop
      vertex 39.9 0.98 22.569
      vertex 40.1815 0 22.537
      vertex 40.1815 0.98 22.537
    endloop
  endfacet
  facet normal 0.112949 0 0.993601
    outer loop
      vertex 40.1815 0 22.537
      vertex 39.9 0.98 22.569
      vertex 39.9 0 22.569
    endloop
  endfacet
  facet normal 0.421563 0 0.906799
    outer loop
      vertex 40.1815 0.98 22.537
      vertex 40.388 0 22.441
      vertex 40.388 0.98 22.441
    endloop
  endfacet
  facet normal 0.421563 0 0.906799
    outer loop
      vertex 40.388 0 22.441
      vertex 40.1815 0.98 22.537
      vertex 40.1815 0 22.537
    endloop
  endfacet
  facet normal 0.776854 -0 0.629681
    outer loop
      vertex 40.388 0 22.441
      vertex 40.5155 0.98 22.2837
      vertex 40.388 0.98 22.441
    endloop
  endfacet
  facet normal 0.776854 0 0.629681
    outer loop
      vertex 40.5155 0.98 22.2837
      vertex 40.388 0 22.441
      vertex 40.5155 0 22.2837
    endloop
  endfacet
  facet normal 0.981137 -0 0.193316
    outer loop
      vertex 40.5155 0 22.2837
      vertex 40.558 0.98 22.068
      vertex 40.5155 0.98 22.2837
    endloop
  endfacet
  facet normal 0.981137 0 0.193316
    outer loop
      vertex 40.558 0.98 22.068
      vertex 40.5155 0 22.2837
      vertex 40.558 0 22.068
    endloop
  endfacet
  facet normal 0.982872 0 -0.184289
    outer loop
      vertex 40.558 0 22.068
      vertex 40.516 0.98 21.844
      vertex 40.558 0.98 22.068
    endloop
  endfacet
  facet normal 0.982872 0 -0.184289
    outer loop
      vertex 40.516 0.98 21.844
      vertex 40.558 0 22.068
      vertex 40.516 0 21.844
    endloop
  endfacet
  facet normal 0.8 0 -0.6
    outer loop
      vertex 40.516 0 21.844
      vertex 40.39 0.98 21.676
      vertex 40.516 0.98 21.844
    endloop
  endfacet
  facet normal 0.8 0 -0.6
    outer loop
      vertex 40.39 0.98 21.676
      vertex 40.516 0 21.844
      vertex 40.39 0 21.676
    endloop
  endfacet
  facet normal 0.461214 0 -0.887289
    outer loop
      vertex 40.188 0 21.571
      vertex 40.39 0.98 21.676
      vertex 40.39 0 21.676
    endloop
  endfacet
  facet normal 0.461214 0 -0.887289
    outer loop
      vertex 40.39 0.98 21.676
      vertex 40.188 0 21.571
      vertex 40.188 0.98 21.571
    endloop
  endfacet
  facet normal 0.127624 0 -0.991823
    outer loop
      vertex 39.916 0 21.536
      vertex 40.188 0.98 21.571
      vertex 40.188 0 21.571
    endloop
  endfacet
  facet normal 0.127624 0 -0.991823
    outer loop
      vertex 40.188 0.98 21.571
      vertex 39.916 0 21.536
      vertex 39.916 0.98 21.536
    endloop
  endfacet
  facet normal 0 0 -1
    outer loop
      vertex 39 0.754088 21.536
      vertex 39.916 0.98 21.536
      vertex 39.916 0 21.536
    endloop
  endfacet
  facet normal 0 0 -1
    outer loop
      vertex 39 0.754088 21.536
      vertex 39.916 0 21.536
      vertex 39 0 21.536
    endloop
  endfacet
  facet normal -0 0 -1
    outer loop
      vertex 39.916 0.98 21.536
      vertex 39 0.754088 21.536
      vertex 39.1088 0.98 21.536
    endloop
  endfacet
  facet normal 0 0 -1
    outer loop
      vertex 41.9175 0 20.317
      vertex 43.7845 0.98 20.317
      vertex 43.7845 0 20.317
    endloop
  endfacet
  facet normal -0 0 -1
    outer loop
      vertex 43.7845 0.98 20.317
      vertex 41.9175 0 20.317
      vertex 41.9175 0.98 20.317
    endloop
  endfacet
  facet normal -1 0 0
    outer loop
      vertex 41.9175 0 20.317
      vertex 41.9175 0.98 21.351
      vertex 41.9175 0.98 20.317
    endloop
  endfacet
  facet normal -1 -0 0
    outer loop
      vertex 41.9175 0.98 21.351
      vertex 41.9175 0 20.317
      vertex 41.9175 0 21.351
    endloop
  endfacet
  facet normal -0 0 1
    outer loop
      vertex 41.9175 0.98 21.351
      vertex 43.5795 0 21.351
      vertex 43.5795 0.98 21.351
    endloop
  endfacet
  facet normal 0 0 1
    outer loop
      vertex 43.5795 0 21.351
      vertex 41.9175 0.98 21.351
      vertex 41.9175 0 21.351
    endloop
  endfacet
  facet normal -1 0 0
    outer loop
      vertex 43.5795 0 21.351
      vertex 43.5795 0.98 21.664
      vertex 43.5795 0.98 21.351
    endloop
  endfacet
  facet normal -1 -0 0
    outer loop
      vertex 43.5795 0.98 21.664
      vertex 43.5795 0 21.351
      vertex 43.5795 0 21.664
    endloop
  endfacet
  facet normal 0 0 -1
    outer loop
      vertex 41.9175 0 21.664
      vertex 43.5795 0.98 21.664
      vertex 43.5795 0 21.664
    endloop
  endfacet
  facet normal -0 0 -1
    outer loop
      vertex 43.5795 0.98 21.664
      vertex 41.9175 0 21.664
      vertex 41.9175 0.98 21.664
    endloop
  endfacet
  facet normal -1 0 0
    outer loop
      vertex 41.9175 0 21.664
      vertex 41.9175 0.98 22.563
      vertex 41.9175 0.98 21.664
    endloop
  endfacet
  facet normal -1 -0 0
    outer loop
      vertex 41.9175 0.98 22.563
      vertex 41.9175 0 21.664
      vertex 41.9175 0 22.563
    endloop
  endfacet
  facet normal -0 0 1
    outer loop
      vertex 41.9175 0.98 22.563
      vertex 43.7015 0 22.563
      vertex 43.7015 0.98 22.563
    endloop
  endfacet
  facet normal 0 0 1
    outer loop
      vertex 43.7015 0 22.563
      vertex 41.9175 0.98 22.563
      vertex 41.9175 0 22.563
    endloop
  endfacet
  facet normal -1 0 0
    outer loop
      vertex 43.7015 0 22.563
      vertex 43.7015 0.98 22.88
      vertex 43.7015 0.98 22.563
    endloop
  endfacet
  facet normal -1 -0 0
    outer loop
      vertex 43.7015 0.98 22.88
      vertex 43.7015 0 22.563
      vertex 43.7015 0 22.88
    endloop
  endfacet
  facet normal 0 0 -1
    outer loop
      vertex 41.5295 0 22.88
      vertex 43.7015 0.98 22.88
      vertex 43.7015 0 22.88
    endloop
  endfacet
  facet normal -0 0 -1
    outer loop
      vertex 43.7015 0.98 22.88
      vertex 41.5295 0 22.88
      vertex 41.5295 0.98 22.88
    endloop
  endfacet
  facet normal 1 -0 0
    outer loop
      vertex 41.5295 0 22.88
      vertex 41.5295 0.98 20
      vertex 41.5295 0.98 22.88
    endloop
  endfacet
  facet normal 1 0 0
    outer loop
      vertex 41.5295 0.98 20
      vertex 41.5295 0 22.88
      vertex 41.5295 0 20
    endloop
  endfacet
  facet normal -0 0 1
    outer loop
      vertex 41.5295 0.98 20
      vertex 43.7845 0 20
      vertex 43.7845 0.98 20
    endloop
  endfacet
  facet normal 0 0 1
    outer loop
      vertex 43.7845 0 20
      vertex 41.5295 0.98 20
      vertex 41.5295 0 20
    endloop
  endfacet
  facet normal -1 0 0
    outer loop
      vertex 43.7845 0 20
      vertex 43.7845 0.98 20.317
      vertex 43.7845 0.98 20
    endloop
  endfacet
  facet normal -1 -0 0
    outer loop
      vertex 43.7845 0.98 20.317
      vertex 43.7845 0 20
      vertex 43.7845 0 20.317
    endloop
  endfacet
  facet normal 0.991442 0.130551 0
    outer loop
      vertex 29.5 72.5 12
      vertex 29.2444 74.4411 10
      vertex 29.2444 74.4411 12
    endloop
  endfacet
  facet normal 0.991442 0.130551 0
    outer loop
      vertex 29.2444 74.4411 10
      vertex 29.5 72.5 12
      vertex 29.5 72.5 10
    endloop
  endfacet
  facet normal -0.923883 0.382675 0
    outer loop
      vertex 14.7556 74.4411 10
      vertex 15.4013 76 12
      vertex 15.4013 76 10
    endloop
  endfacet
  facet normal -0.923883 0.382675 0
    outer loop
      vertex 15.4013 76 12
      vertex 14.7556 74.4411 10
      vertex 14.7556 74.4411 12
    endloop
  endfacet
  facet normal 0.793351 -0.608765 0
    outer loop
      vertex 27.3033 67.1967 12
      vertex 28.4952 68.75 10
      vertex 28.4952 68.75 12
    endloop
  endfacet
  facet normal 0.793351 -0.608765 0
    outer loop
      vertex 28.4952 68.75 10
      vertex 27.3033 67.1967 12
      vertex 27.3033 67.1967 10
    endloop
  endfacet
  facet normal -0.382653 -0.923892 0
    outer loop
      vertex 18.25 66.0048 10
      vertex 20.0589 65.2556 12
      vertex 18.25 66.0048 12
    endloop
  endfacet
  facet normal -0.382653 -0.923892 -0
    outer loop
      vertex 20.0589 65.2556 12
      vertex 18.25 66.0048 10
      vertex 20.0589 65.2556 10
    endloop
  endfacet
  facet normal 0.923883 0.382675 0
    outer loop
      vertex 29.2444 74.4411 12
      vertex 28.5987 76 10
      vertex 28.5987 76 12
    endloop
  endfacet
  facet normal 0.923883 0.382675 0
    outer loop
      vertex 28.5987 76 10
      vertex 29.2444 74.4411 12
      vertex 29.2444 74.4411 10
    endloop
  endfacet
  facet normal -0.991442 0.130551 0
    outer loop
      vertex 14.5 72.5 10
      vertex 14.7556 74.4411 12
      vertex 14.7556 74.4411 10
    endloop
  endfacet
  facet normal -0.991442 0.130551 0
    outer loop
      vertex 14.7556 74.4411 12
      vertex 14.5 72.5 10
      vertex 14.5 72.5 12
    endloop
  endfacet
  facet normal 0 0 1
    outer loop
      vertex 23.25 72.5 12
      vertex 29.5 72.5 12
      vertex 29.2444 74.4411 12
    endloop
  endfacet
  facet normal 0 0 1
    outer loop
      vertex 23.25 72.5 12
      vertex 29.2444 74.4411 12
      vertex 28.5987 76 12
    endloop
  endfacet
  facet normal 0 0 1
    outer loop
      vertex 29.5 72.5 12
      vertex 23.25 72.5 12
      vertex 29.2444 70.5589 12
    endloop
  endfacet
  facet normal 0 0 1
    outer loop
      vertex 29.2444 70.5589 12
      vertex 23.25 72.5 12
      vertex 28.4952 68.75 12
    endloop
  endfacet
  facet normal -0 0 1
    outer loop
      vertex 22.3863 71.3112 12
      vertex 28.4952 68.75 12
      vertex 23.25 72.5 12
    endloop
  endfacet
  facet normal 0 0 1
    outer loop
      vertex 28.4952 68.75 12
      vertex 22.3863 71.3112 12
      vertex 27.3033 67.1967 12
    endloop
  endfacet
  facet normal 0 0 1
    outer loop
      vertex 27.3033 67.1967 12
      vertex 22.3863 71.3112 12
      vertex 25.75 66.0048 12
    endloop
  endfacet
  facet normal 0 0 1
    outer loop
      vertex 28.5987 76 12
      vertex 22.3863 73.6888 12
      vertex 23.25 72.5 12
    endloop
  endfacet
  facet normal -0 0 1
    outer loop
      vertex 15.4013 76 12
      vertex 22.3863 73.6888 12
      vertex 28.5987 76 12
    endloop
  endfacet
  facet normal -0 0 1
    outer loop
      vertex 14.5 72.5 12
      vertex 20.9887 71.7653 12
      vertex 20.9887 73.2347 12
    endloop
  endfacet
  facet normal 0 0 1
    outer loop
      vertex 20.9887 71.7653 12
      vertex 18.25 66.0048 12
      vertex 20.0589 65.2556 12
    endloop
  endfacet
  facet normal 0 0 1
    outer loop
      vertex 20.9887 71.7653 12
      vertex 16.6967 67.1967 12
      vertex 18.25 66.0048 12
    endloop
  endfacet
  facet normal 0 0 1
    outer loop
      vertex 20.9887 71.7653 12
      vertex 15.5048 68.75 12
      vertex 16.6967 67.1967 12
    endloop
  endfacet
  facet normal 0 0 1
    outer loop
      vertex 22.3863 73.6888 12
      vertex 15.4013 76 12
      vertex 20.9887 73.2347 12
    endloop
  endfacet
  facet normal -0 0 1
    outer loop
      vertex 14.7556 74.4411 12
      vertex 20.9887 73.2347 12
      vertex 15.4013 76 12
    endloop
  endfacet
  facet normal 0 0 1
    outer loop
      vertex 20.9887 73.2347 12
      vertex 14.7556 74.4411 12
      vertex 14.5 72.5 12
    endloop
  endfacet
  facet normal 0 0 1
    outer loop
      vertex 20.9887 71.7653 12
      vertex 14.7556 70.5589 12
      vertex 15.5048 68.75 12
    endloop
  endfacet
  facet normal 0 0 1
    outer loop
      vertex 20.9887 71.7653 12
      vertex 14.5 72.5 12
      vertex 14.7556 70.5589 12
    endloop
  endfacet
  facet normal 0 0 1
    outer loop
      vertex 25.75 66.0048 12
      vertex 22.3863 71.3112 12
      vertex 23.9411 65.2556 12
    endloop
  endfacet
  facet normal 0 0 1
    outer loop
      vertex 22.3863 71.3112 12
      vertex 22 65 12
      vertex 23.9411 65.2556 12
    endloop
  endfacet
  facet normal 0 0 1
    outer loop
      vertex 20.0589 65.2556 12
      vertex 22.3863 71.3112 12
      vertex 20.9887 71.7653 12
    endloop
  endfacet
  facet normal 0 0 1
    outer loop
      vertex 22.3863 71.3112 12
      vertex 20.0589 65.2556 12
      vertex 22 65 12
    endloop
  endfacet
  facet normal 0.991442 -0.130551 0
    outer loop
      vertex 29.2444 70.5589 12
      vertex 29.5 72.5 10
      vertex 29.5 72.5 12
    endloop
  endfacet
  facet normal 0.991442 -0.130551 0
    outer loop
      vertex 29.5 72.5 10
      vertex 29.2444 70.5589 12
      vertex 29.2444 70.5589 10
    endloop
  endfacet
  facet normal 0.382653 -0.923892 0
    outer loop
      vertex 23.9411 65.2556 10
      vertex 25.75 66.0048 12
      vertex 23.9411 65.2556 12
    endloop
  endfacet
  facet normal 0.382653 -0.923892 0
    outer loop
      vertex 25.75 66.0048 12
      vertex 23.9411 65.2556 10
      vertex 25.75 66.0048 10
    endloop
  endfacet
  facet normal -0.130551 -0.991442 0
    outer loop
      vertex 20.0589 65.2556 10
      vertex 22 65 12
      vertex 20.0589 65.2556 12
    endloop
  endfacet
  facet normal -0.130551 -0.991442 -0
    outer loop
      vertex 22 65 12
      vertex 20.0589 65.2556 10
      vertex 22 65 10
    endloop
  endfacet
  facet normal -0.608765 -0.793351 0
    outer loop
      vertex 16.6967 67.1967 10
      vertex 18.25 66.0048 12
      vertex 16.6967 67.1967 12
    endloop
  endfacet
  facet normal -0.608765 -0.793351 -0
    outer loop
      vertex 18.25 66.0048 12
      vertex 16.6967 67.1967 10
      vertex 18.25 66.0048 10
    endloop
  endfacet
  facet normal -0.923892 -0.382653 0
    outer loop
      vertex 15.5048 68.75 10
      vertex 14.7556 70.5589 12
      vertex 14.7556 70.5589 10
    endloop
  endfacet
  facet normal -0.923892 -0.382653 0
    outer loop
      vertex 14.7556 70.5589 12
      vertex 15.5048 68.75 10
      vertex 15.5048 68.75 12
    endloop
  endfacet
  facet normal -0.991442 -0.130551 0
    outer loop
      vertex 14.7556 70.5589 10
      vertex 14.5 72.5 12
      vertex 14.5 72.5 10
    endloop
  endfacet
  facet normal -0.991442 -0.130551 0
    outer loop
      vertex 14.5 72.5 12
      vertex 14.7556 70.5589 10
      vertex 14.7556 70.5589 12
    endloop
  endfacet
  facet normal 0.923892 -0.382653 0
    outer loop
      vertex 28.4952 68.75 12
      vertex 29.2444 70.5589 10
      vertex 29.2444 70.5589 12
    endloop
  endfacet
  facet normal 0.923892 -0.382653 0
    outer loop
      vertex 29.2444 70.5589 10
      vertex 28.4952 68.75 12
      vertex 28.4952 68.75 10
    endloop
  endfacet
  facet normal 0.608765 -0.793351 0
    outer loop
      vertex 25.75 66.0048 10
      vertex 27.3033 67.1967 12
      vertex 25.75 66.0048 12
    endloop
  endfacet
  facet normal 0.608765 -0.793351 0
    outer loop
      vertex 27.3033 67.1967 12
      vertex 25.75 66.0048 10
      vertex 27.3033 67.1967 10
    endloop
  endfacet
  facet normal 0.130551 -0.991442 0
    outer loop
      vertex 22 65 10
      vertex 23.9411 65.2556 12
      vertex 22 65 12
    endloop
  endfacet
  facet normal 0.130551 -0.991442 0
    outer loop
      vertex 23.9411 65.2556 12
      vertex 22 65 10
      vertex 23.9411 65.2556 10
    endloop
  endfacet
  facet normal -0.793351 -0.608765 0
    outer loop
      vertex 16.6967 67.1967 10
      vertex 15.5048 68.75 12
      vertex 15.5048 68.75 10
    endloop
  endfacet
  facet normal -0.793351 -0.608765 0
    outer loop
      vertex 15.5048 68.75 12
      vertex 16.6967 67.1967 10
      vertex 16.6967 67.1967 12
    endloop
  endfacet
  facet normal 0.991415 0.130752 0
    outer loop
      vertex 111.5 24 12
      vertex 111.244 25.9411 10
      vertex 111.244 25.9411 12
    endloop
  endfacet
  facet normal 0.991415 0.130752 0
    outer loop
      vertex 111.244 25.9411 10
      vertex 111.5 24 12
      vertex 111.5 24 10
    endloop
  endfacet
  facet normal -0.130558 0.991441 0
    outer loop
      vertex 104 31.5 10
      vertex 102.059 31.2444 12
      vertex 104 31.5 12
    endloop
  endfacet
  facet normal -0.130558 0.991441 0
    outer loop
      vertex 102.059 31.2444 12
      vertex 104 31.5 10
      vertex 102.059 31.2444 10
    endloop
  endfacet
  facet normal 0.608839 0.793294 -0
    outer loop
      vertex 109.303 29.3033 10
      vertex 107.75 30.4952 12
      vertex 109.303 29.3033 12
    endloop
  endfacet
  facet normal 0.608839 0.793294 0
    outer loop
      vertex 107.75 30.4952 12
      vertex 109.303 29.3033 10
      vertex 107.75 30.4952 10
    endloop
  endfacet
  facet normal -0.793351 0.608765 0
    outer loop
      vertex 97.5048 27.75 10
      vertex 98.6967 29.3033 12
      vertex 98.6967 29.3033 10
    endloop
  endfacet
  facet normal -0.793351 0.608765 0
    outer loop
      vertex 98.6967 29.3033 12
      vertex 97.5048 27.75 10
      vertex 97.5048 27.75 12
    endloop
  endfacet
  facet normal -0.923892 0.382653 0
    outer loop
      vertex 96.7556 25.9411 10
      vertex 97.5048 27.75 12
      vertex 97.5048 27.75 10
    endloop
  endfacet
  facet normal -0.923892 0.382653 0
    outer loop
      vertex 97.5048 27.75 12
      vertex 96.7556 25.9411 10
      vertex 96.7556 25.9411 12
    endloop
  endfacet
  facet normal -0.608765 0.793351 0
    outer loop
      vertex 100.25 30.4952 10
      vertex 98.6967 29.3033 12
      vertex 100.25 30.4952 12
    endloop
  endfacet
  facet normal -0.608765 0.793351 0
    outer loop
      vertex 98.6967 29.3033 12
      vertex 100.25 30.4952 10
      vertex 98.6967 29.3033 10
    endloop
  endfacet
  facet normal -0.382634 -0.9239 0
    outer loop
      vertex 100.25 17.5048 10
      vertex 102.059 16.7556 12
      vertex 100.25 17.5048 12
    endloop
  endfacet
  facet normal -0.382634 -0.9239 -0
    outer loop
      vertex 102.059 16.7556 12
      vertex 100.25 17.5048 10
      vertex 102.059 16.7556 10
    endloop
  endfacet
  facet normal 0.793326 0.608797 0
    outer loop
      vertex 110.495 27.75 12
      vertex 109.303 29.3033 10
      vertex 109.303 29.3033 12
    endloop
  endfacet
  facet normal 0.793326 0.608797 0
    outer loop
      vertex 109.303 29.3033 10
      vertex 110.495 27.75 12
      vertex 110.495 27.75 10
    endloop
  endfacet
  facet normal 0.923928 0.382565 0
    outer loop
      vertex 111.244 25.9411 12
      vertex 110.495 27.75 10
      vertex 110.495 27.75 12
    endloop
  endfacet
  facet normal 0.923928 0.382565 0
    outer loop
      vertex 110.495 27.75 10
      vertex 111.244 25.9411 12
      vertex 111.244 25.9411 10
    endloop
  endfacet
  facet normal 0.130558 0.991441 -0
    outer loop
      vertex 105.941 31.2444 10
      vertex 104 31.5 12
      vertex 105.941 31.2444 12
    endloop
  endfacet
  facet normal 0.130558 0.991441 0
    outer loop
      vertex 104 31.5 12
      vertex 105.941 31.2444 10
      vertex 104 31.5 10
    endloop
  endfacet
  facet normal 0.382634 0.9239 -0
    outer loop
      vertex 107.75 30.4952 10
      vertex 105.941 31.2444 12
      vertex 107.75 30.4952 12
    endloop
  endfacet
  facet normal 0.382634 0.9239 0
    outer loop
      vertex 105.941 31.2444 12
      vertex 107.75 30.4952 10
      vertex 105.941 31.2444 10
    endloop
  endfacet
  facet normal -0.991442 0.130551 0
    outer loop
      vertex 96.5 24 10
      vertex 96.7556 25.9411 12
      vertex 96.7556 25.9411 10
    endloop
  endfacet
  facet normal -0.991442 0.130551 0
    outer loop
      vertex 96.7556 25.9411 12
      vertex 96.5 24 10
      vertex 96.5 24 12
    endloop
  endfacet
  facet normal 0 0 1
    outer loop
      vertex 109 21.5 12
      vertex 111.5 24 12
      vertex 111.244 25.9411 12
    endloop
  endfacet
  facet normal 0 0 1
    outer loop
      vertex 111.5 24 12
      vertex 109 21.5 12
      vertex 111.244 22.0589 12
    endloop
  endfacet
  facet normal 0 0 1
    outer loop
      vertex 105.25 24 12
      vertex 111.244 25.9411 12
      vertex 110.495 27.75 12
    endloop
  endfacet
  facet normal 0 0 1
    outer loop
      vertex 104.386 25.1888 12
      vertex 110.495 27.75 12
      vertex 109.303 29.3033 12
    endloop
  endfacet
  facet normal 0 0 1
    outer loop
      vertex 111.244 22.0589 12
      vertex 109 21.5 12
      vertex 111.013 21.5 12
    endloop
  endfacet
  facet normal 0 0 1
    outer loop
      vertex 104.386 25.1888 12
      vertex 109.303 29.3033 12
      vertex 107.75 30.4952 12
    endloop
  endfacet
  facet normal 0 0 1
    outer loop
      vertex 111.244 25.9411 12
      vertex 105.25 24 12
      vertex 109 21.5 12
    endloop
  endfacet
  facet normal -0 0 1
    outer loop
      vertex 104.386 22.8112 12
      vertex 109 21.5 12
      vertex 105.25 24 12
    endloop
  endfacet
  facet normal 0 0 1
    outer loop
      vertex 104.386 25.1888 12
      vertex 107.75 30.4952 12
      vertex 105.941 31.2444 12
    endloop
  endfacet
  facet normal 0 -0 1
    outer loop
      vertex 107.75 17.5048 12
      vertex 109 21.5 12
      vertex 104.386 22.8112 12
    endloop
  endfacet
  facet normal 0 0 1
    outer loop
      vertex 109 21.5 12
      vertex 107.75 17.5048 12
      vertex 109 18.464 12
    endloop
  endfacet
  facet normal 0 0 1
    outer loop
      vertex 110.495 27.75 12
      vertex 104.386 25.1888 12
      vertex 105.25 24 12
    endloop
  endfacet
  facet normal 0 0 1
    outer loop
      vertex 104 31.5 12
      vertex 104.386 25.1888 12
      vertex 105.941 31.2444 12
    endloop
  endfacet
  facet normal -0 0 1
    outer loop
      vertex 102.059 31.2444 12
      vertex 104.386 25.1888 12
      vertex 104 31.5 12
    endloop
  endfacet
  facet normal -0 0 1
    outer loop
      vertex 100.25 30.4952 12
      vertex 102.989 24.7347 12
      vertex 102.059 31.2444 12
    endloop
  endfacet
  facet normal 0 0 1
    outer loop
      vertex 104.386 25.1888 12
      vertex 102.059 31.2444 12
      vertex 102.989 24.7347 12
    endloop
  endfacet
  facet normal 0 0 1
    outer loop
      vertex 107.75 17.5048 12
      vertex 104.386 22.8112 12
      vertex 105.941 16.7556 12
    endloop
  endfacet
  facet normal 0 0 1
    outer loop
      vertex 104.386 22.8112 12
      vertex 104 16.5 12
      vertex 105.941 16.7556 12
    endloop
  endfacet
  facet normal 0 0 1
    outer loop
      vertex 102.059 16.7556 12
      vertex 104.386 22.8112 12
      vertex 102.989 23.2653 12
    endloop
  endfacet
  facet normal 0 0 1
    outer loop
      vertex 104.386 22.8112 12
      vertex 102.059 16.7556 12
      vertex 104 16.5 12
    endloop
  endfacet
  facet normal -0 0 1
    outer loop
      vertex 98.6967 29.3033 12
      vertex 102.989 24.7347 12
      vertex 100.25 30.4952 12
    endloop
  endfacet
  facet normal -0 0 1
    outer loop
      vertex 97.5048 27.75 12
      vertex 102.989 24.7347 12
      vertex 98.6967 29.3033 12
    endloop
  endfacet
  facet normal 0 0 1
    outer loop
      vertex 102.989 23.2653 12
      vertex 100.25 17.5048 12
      vertex 102.059 16.7556 12
    endloop
  endfacet
  facet normal -0 0 1
    outer loop
      vertex 96.7556 25.9411 12
      vertex 102.989 24.7347 12
      vertex 97.5048 27.75 12
    endloop
  endfacet
  facet normal 0 0 1
    outer loop
      vertex 102.989 23.2653 12
      vertex 98.6967 18.6967 12
      vertex 100.25 17.5048 12
    endloop
  endfacet
  facet normal 0 0 1
    outer loop
      vertex 96.5 24 12
      vertex 102.989 24.7347 12
      vertex 96.7556 25.9411 12
    endloop
  endfacet
  facet normal 0 0 1
    outer loop
      vertex 102.989 23.2653 12
      vertex 97.5048 20.25 12
      vertex 98.6967 18.6967 12
    endloop
  endfacet
  facet normal 0 0 1
    outer loop
      vertex 102.989 24.7347 12
      vertex 96.5 24 12
      vertex 102.989 23.2653 12
    endloop
  endfacet
  facet normal 0 0 1
    outer loop
      vertex 102.989 23.2653 12
      vertex 96.7556 22.0589 12
      vertex 97.5048 20.25 12
    endloop
  endfacet
  facet normal 0 0 1
    outer loop
      vertex 102.989 23.2653 12
      vertex 96.5 24 12
      vertex 96.7556 22.0589 12
    endloop
  endfacet
  facet normal -0.382634 0.9239 0
    outer loop
      vertex 102.059 31.2444 10
      vertex 100.25 30.4952 12
      vertex 102.059 31.2444 12
    endloop
  endfacet
  facet normal -0.382634 0.9239 0
    outer loop
      vertex 100.25 30.4952 12
      vertex 102.059 31.2444 10
      vertex 100.25 30.4952 10
    endloop
  endfacet
  facet normal 0.991415 -0.130752 0
    outer loop
      vertex 111.244 22.0589 12
      vertex 111.5 24 10
      vertex 111.5 24 12
    endloop
  endfacet
  facet normal 0.991415 -0.130752 0
    outer loop
      vertex 111.5 24 10
      vertex 111.244 22.0589 12
      vertex 111.244 22.0589 10
    endloop
  endfacet
  facet normal 0.382634 -0.9239 0
    outer loop
      vertex 105.941 16.7556 10
      vertex 107.75 17.5048 12
      vertex 105.941 16.7556 12
    endloop
  endfacet
  facet normal 0.382634 -0.9239 0
    outer loop
      vertex 107.75 17.5048 12
      vertex 105.941 16.7556 10
      vertex 107.75 17.5048 10
    endloop
  endfacet
  facet normal -0.130558 -0.991441 0
    outer loop
      vertex 102.059 16.7556 10
      vertex 104 16.5 12
      vertex 102.059 16.7556 12
    endloop
  endfacet
  facet normal -0.130558 -0.991441 -0
    outer loop
      vertex 104 16.5 12
      vertex 102.059 16.7556 10
      vertex 104 16.5 10
    endloop
  endfacet
  facet normal -0.608765 -0.793351 0
    outer loop
      vertex 98.6967 18.6967 10
      vertex 100.25 17.5048 12
      vertex 98.6967 18.6967 12
    endloop
  endfacet
  facet normal -0.608765 -0.793351 -0
    outer loop
      vertex 100.25 17.5048 12
      vertex 98.6967 18.6967 10
      vertex 100.25 17.5048 10
    endloop
  endfacet
  facet normal -0.923892 -0.382653 0
    outer loop
      vertex 97.5048 20.25 10
      vertex 96.7556 22.0589 12
      vertex 96.7556 22.0589 10
    endloop
  endfacet
  facet normal -0.923892 -0.382653 0
    outer loop
      vertex 96.7556 22.0589 12
      vertex 97.5048 20.25 10
      vertex 97.5048 20.25 12
    endloop
  endfacet
  facet normal -0.991442 -0.130551 0
    outer loop
      vertex 96.7556 22.0589 10
      vertex 96.5 24 12
      vertex 96.5 24 10
    endloop
  endfacet
  facet normal -0.991442 -0.130551 0
    outer loop
      vertex 96.5 24 12
      vertex 96.7556 22.0589 10
      vertex 96.7556 22.0589 12
    endloop
  endfacet
  facet normal 0.924174 -0.381972 0
    outer loop
      vertex 111.013 21.5 12
      vertex 111.244 22.0589 10
      vertex 111.244 22.0589 12
    endloop
  endfacet
  facet normal 0.924174 -0.381972 0
    outer loop
      vertex 111.244 22.0589 10
      vertex 111.013 21.5 12
      vertex 111.013 21.5 10
    endloop
  endfacet
  facet normal 0.608778 -0.793341 0
    outer loop
      vertex 107.75 17.5048 10
      vertex 109 18.464 12
      vertex 107.75 17.5048 12
    endloop
  endfacet
  facet normal 0.608778 -0.793341 0
    outer loop
      vertex 109 18.464 12
      vertex 107.75 17.5048 10
      vertex 109 18.464 10
    endloop
  endfacet
  facet normal 0.130558 -0.991441 0
    outer loop
      vertex 104 16.5 10
      vertex 105.941 16.7556 12
      vertex 104 16.5 12
    endloop
  endfacet
  facet normal 0.130558 -0.991441 0
    outer loop
      vertex 105.941 16.7556 12
      vertex 104 16.5 10
      vertex 105.941 16.7556 10
    endloop
  endfacet
  facet normal -0.793351 -0.608765 0
    outer loop
      vertex 98.6967 18.6967 10
      vertex 97.5048 20.25 12
      vertex 97.5048 20.25 10
    endloop
  endfacet
  facet normal -0.793351 -0.608765 0
    outer loop
      vertex 97.5048 20.25 12
      vertex 98.6967 18.6967 10
      vertex 98.6967 18.6967 12
    endloop
  endfacet
  facet normal -0.809021 -0.587779 0
    outer loop
      vertex 23.25 72.5 10
      vertex 22.3863 73.6888 12
      vertex 22.3863 73.6888 10
    endloop
  endfacet
  facet normal -0.809021 -0.587779 0
    outer loop
      vertex 22.3863 73.6888 12
      vertex 23.25 72.5 10
      vertex 23.25 72.5 12
    endloop
  endfacet
  facet normal 1 -0 0
    outer loop
      vertex 20.9887 71.7653 12
      vertex 20.9887 73.2347 10
      vertex 20.9887 73.2347 12
    endloop
  endfacet
  facet normal 1 0 0
    outer loop
      vertex 20.9887 73.2347 10
      vertex 20.9887 71.7653 12
      vertex 20.9887 71.7653 10
    endloop
  endfacet
  facet normal 0.309012 -0.951058 0
    outer loop
      vertex 20.9887 73.2347 10
      vertex 22.3863 73.6888 12
      vertex 20.9887 73.2347 12
    endloop
  endfacet
  facet normal 0.309012 -0.951058 0
    outer loop
      vertex 22.3863 73.6888 12
      vertex 20.9887 73.2347 10
      vertex 22.3863 73.6888 10
    endloop
  endfacet
  facet normal 0.309012 0.951058 -0
    outer loop
      vertex 22.3863 71.3112 10
      vertex 20.9887 71.7653 12
      vertex 22.3863 71.3112 12
    endloop
  endfacet
  facet normal 0.309012 0.951058 0
    outer loop
      vertex 20.9887 71.7653 12
      vertex 22.3863 71.3112 10
      vertex 20.9887 71.7653 10
    endloop
  endfacet
  facet normal -0.809021 0.587779 0
    outer loop
      vertex 22.3863 71.3112 10
      vertex 23.25 72.5 12
      vertex 23.25 72.5 10
    endloop
  endfacet
  facet normal -0.809021 0.587779 0
    outer loop
      vertex 23.25 72.5 12
      vertex 22.3863 71.3112 10
      vertex 22.3863 71.3112 12
    endloop
  endfacet
  facet normal -0.808924 -0.587913 0
    outer loop
      vertex 105.25 24 10
      vertex 104.386 25.1888 12
      vertex 104.386 25.1888 10
    endloop
  endfacet
  facet normal -0.808924 -0.587913 0
    outer loop
      vertex 104.386 25.1888 12
      vertex 105.25 24 10
      vertex 105.25 24 12
    endloop
  endfacet
  facet normal 1 -0 0
    outer loop
      vertex 102.989 23.2653 12
      vertex 102.989 24.7347 10
      vertex 102.989 24.7347 12
    endloop
  endfacet
  facet normal 1 0 0
    outer loop
      vertex 102.989 24.7347 10
      vertex 102.989 23.2653 12
      vertex 102.989 23.2653 10
    endloop
  endfacet
  facet normal 0.309132 -0.951019 0
    outer loop
      vertex 102.989 24.7347 10
      vertex 104.386 25.1888 12
      vertex 102.989 24.7347 12
    endloop
  endfacet
  facet normal 0.309132 -0.951019 0
    outer loop
      vertex 104.386 25.1888 12
      vertex 102.989 24.7347 10
      vertex 104.386 25.1888 10
    endloop
  endfacet
  facet normal 0.309132 0.951019 -0
    outer loop
      vertex 104.386 22.8112 10
      vertex 102.989 23.2653 12
      vertex 104.386 22.8112 12
    endloop
  endfacet
  facet normal 0.309132 0.951019 0
    outer loop
      vertex 102.989 23.2653 12
      vertex 104.386 22.8112 10
      vertex 102.989 23.2653 10
    endloop
  endfacet
  facet normal -0.808924 0.587913 0
    outer loop
      vertex 104.386 22.8112 10
      vertex 105.25 24 12
      vertex 105.25 24 10
    endloop
  endfacet
  facet normal -0.808924 0.587913 0
    outer loop
      vertex 105.25 24 12
      vertex 104.386 22.8112 10
      vertex 104.386 22.8112 12
    endloop
  endfacet
endsolid OpenSCAD_Model
