solid OpenSCAD_Model
  facet normal -1 0 0
    outer loop
      vertex 0 6 0
      vertex 0 0 0
      vertex 0 6 25
    endloop
  endfacet
  facet normal -1 0 0
    outer loop
      vertex 0 9 25
      vertex 0 21 25
      vertex 0 21 0
    endloop
  endfacet
  facet normal -1 0 0
    outer loop
      vertex 0 9 25
      vertex 0 21 0
      vertex 0 9 0
    endloop
  endfacet
  facet normal -1 0 0
    outer loop
      vertex 0 21 25
      vertex 0 9 25
      vertex 0 10.536 39
    endloop
  endfacet
  facet normal -1 0 0
    outer loop
      vertex 0 6 25
      vertex 0 10.536 39
      vertex 0 9 25
    endloop
  endfacet
  facet normal -1 0 0
    outer loop
      vertex 0 6 25
      vertex 0 0 39
      vertex 0 10.536 39
    endloop
  endfacet
  facet normal -1 0 0
    outer loop
      vertex 0 0 39
      vertex 0 6 25
      vertex 0 0 0
    endloop
  endfacet
  facet normal -1 0 0
    outer loop
      vertex 0 36 0
      vertex 0 24 0
      vertex 0 36 25
    endloop
  endfacet
  facet normal -1 0 0
    outer loop
      vertex 0 51 0
      vertex 0 42.5 16.5
      vertex 0 51 16.5
    endloop
  endfacet
  facet normal -1 0 0
    outer loop
      vertex 0 39 25
      vertex 0 42.5 16.5
      vertex 0 39 0
    endloop
  endfacet
  facet normal -1 0 0
    outer loop
      vertex 0 39 0
      vertex 0 42.5 16.5
      vertex 0 51 0
    endloop
  endfacet
  facet normal -1 0 0
    outer loop
      vertex 0 84 25
      vertex 0 96 25
      vertex 0 96 0
    endloop
  endfacet
  facet normal -1 0 0
    outer loop
      vertex 0 84 25
      vertex 0 96 0
      vertex 0 84 0
    endloop
  endfacet
  facet normal -1 0 0
    outer loop
      vertex 0 96 25
      vertex 0 84 25
      vertex 0 94.464 39
    endloop
  endfacet
  facet normal -1 0 0
    outer loop
      vertex 0 82.5 36.52
      vertex 0 94.464 39
      vertex 0 84 25
    endloop
  endfacet
  facet normal -1 0 0
    outer loop
      vertex 0 82.5 36.52
      vertex 0 84 25
      vertex 0 82.5 25
    endloop
  endfacet
  facet normal -1 -0 0
    outer loop
      vertex 0 94.464 39
      vertex 0 82.5 36.52
      vertex 0 94.464 42
    endloop
  endfacet
  facet normal -1 0 0
    outer loop
      vertex 0 42.5 36.52
      vertex 0 94.464 42
      vertex 0 82.5 36.52
    endloop
  endfacet
  facet normal -1 0 0
    outer loop
      vertex 0 42.5 16.5
      vertex 0 39 25
      vertex 0 42.5 36.52
    endloop
  endfacet
  facet normal -1 0 0
    outer loop
      vertex 0 36 25
      vertex 0 42.5 36.52
      vertex 0 39 25
    endloop
  endfacet
  facet normal -1 0 0
    outer loop
      vertex 0 24 25
      vertex 0 36 25
      vertex 0 24 0
    endloop
  endfacet
  facet normal -1 0 0
    outer loop
      vertex 0 24 25
      vertex 0 42.5 36.52
      vertex 0 36 25
    endloop
  endfacet
  facet normal -1 0 0
    outer loop
      vertex 0 10.536 39
      vertex 0 24 25
      vertex 0 21 25
    endloop
  endfacet
  facet normal -1 0 0
    outer loop
      vertex 0 10.536 42
      vertex 0 24 25
      vertex 0 10.536 39
    endloop
  endfacet
  facet normal -1 0 0
    outer loop
      vertex 0 24 25
      vertex 0 10.536 42
      vertex 0 42.5 36.52
    endloop
  endfacet
  facet normal -1 0 0
    outer loop
      vertex 0 42.5 36.52
      vertex 0 10.536 42
      vertex 0 94.464 42
    endloop
  endfacet
  facet normal -1 0 0
    outer loop
      vertex 0 99 25
      vertex 0 105 0
      vertex 0 99 0
    endloop
  endfacet
  facet normal -1 0 0
    outer loop
      vertex 0 105 0
      vertex 0 99 25
      vertex 0 105 39
    endloop
  endfacet
  facet normal -1 0 0
    outer loop
      vertex 0 94.464 39
      vertex 0 99 25
      vertex 0 96 25
    endloop
  endfacet
  facet normal -1 0 0
    outer loop
      vertex 0 99 25
      vertex 0 94.464 39
      vertex 0 105 39
    endloop
  endfacet
  facet normal -1 0 0
    outer loop
      vertex 0 69 0
      vertex 0 81 16.5
      vertex 0 81 0
    endloop
  endfacet
  facet normal -1 -0 0
    outer loop
      vertex 0 81 16.5
      vertex 0 69 0
      vertex 0 69 16.5
    endloop
  endfacet
  facet normal -1 0 0
    outer loop
      vertex 0 54 0
      vertex 0 66 16.5
      vertex 0 66 0
    endloop
  endfacet
  facet normal -1 -0 0
    outer loop
      vertex 0 66 16.5
      vertex 0 54 0
      vertex 0 54 16.5
    endloop
  endfacet
  facet normal -0 0 1
    outer loop
      vertex 5 92.5 42
      vertex 5.5 12.4342 42
      vertex 5.5 92.5658 42
    endloop
  endfacet
  facet normal 0 0 1
    outer loop
      vertex 5 92.5 42
      vertex 5 12.5 42
      vertex 5.5 12.4342 42
    endloop
  endfacet
  facet normal 0 0 1
    outer loop
      vertex 3.05886 92.7556 42
      vertex 5 12.5 42
      vertex 5 92.5 42
    endloop
  endfacet
  facet normal 0 0 1
    outer loop
      vertex 3.05886 92.7556 42
      vertex 3.05886 12.2444 42
      vertex 5 12.5 42
    endloop
  endfacet
  facet normal 0 0 1
    outer loop
      vertex 1.25 93.5048 42
      vertex 3.05886 12.2444 42
      vertex 3.05886 92.7556 42
    endloop
  endfacet
  facet normal 0 0 1
    outer loop
      vertex 1.25 93.5048 42
      vertex 1.25 11.4952 42
      vertex 3.05886 12.2444 42
    endloop
  endfacet
  facet normal 0 0 1
    outer loop
      vertex 0 94.464 42
      vertex 1.25 11.4952 42
      vertex 1.25 93.5048 42
    endloop
  endfacet
  facet normal 0 0 1
    outer loop
      vertex 1.25 11.4952 42
      vertex 0 94.464 42
      vertex 0 10.536 42
    endloop
  endfacet
  facet normal 0 0 1
    outer loop
      vertex 92.7556 6.94114 42
      vertex 12.5 5 42
      vertex 92.5 5 42
    endloop
  endfacet
  facet normal 0 0 1
    outer loop
      vertex 12.2444 6.94114 42
      vertex 92.7556 6.94114 42
      vertex 92.987 7.5 42
    endloop
  endfacet
  facet normal 0 0 1
    outer loop
      vertex 92.7556 6.94114 42
      vertex 12.2444 6.94114 42
      vertex 12.5 5 42
    endloop
  endfacet
  facet normal 0 -0 1
    outer loop
      vertex 12.2444 6.94114 42
      vertex 92.987 7.5 42
      vertex 12.013 7.5 42
    endloop
  endfacet
  facet normal -0 0 1
    outer loop
      vertex 12.5 5 42
      vertex 92.7556 3.05886 42
      vertex 92.5 5 42
    endloop
  endfacet
  facet normal 0 0 1
    outer loop
      vertex 12.2444 3.05886 42
      vertex 92.7556 3.05886 42
      vertex 12.5 5 42
    endloop
  endfacet
  facet normal 0 0 1
    outer loop
      vertex 92.7556 3.05886 42
      vertex 12.2444 3.05886 42
      vertex 93.5048 1.25 42
    endloop
  endfacet
  facet normal 0 0 1
    outer loop
      vertex 11.4952 1.25 42
      vertex 93.5048 1.25 42
      vertex 12.2444 3.05886 42
    endloop
  endfacet
  facet normal 0 0 1
    outer loop
      vertex 93.5048 1.25 42
      vertex 11.4952 1.25 42
      vertex 94.464 0 42
    endloop
  endfacet
  facet normal 0 0 1
    outer loop
      vertex 94.464 0 42
      vertex 11.4952 1.25 42
      vertex 10.536 0 42
    endloop
  endfacet
  facet normal 0 0 1
    outer loop
      vertex 92.7556 101.941 42
      vertex 12.5 100 42
      vertex 92.5 100 42
    endloop
  endfacet
  facet normal 0 0 1
    outer loop
      vertex 12.2444 101.941 42
      vertex 92.7556 101.941 42
      vertex 93.5048 103.75 42
    endloop
  endfacet
  facet normal 0 0 1
    outer loop
      vertex 11.4952 103.75 42
      vertex 93.5048 103.75 42
      vertex 94.464 105 42
    endloop
  endfacet
  facet normal 0 0 1
    outer loop
      vertex 92.7556 101.941 42
      vertex 12.2444 101.941 42
      vertex 12.5 100 42
    endloop
  endfacet
  facet normal 0 0 1
    outer loop
      vertex 93.5048 103.75 42
      vertex 11.4952 103.75 42
      vertex 12.2444 101.941 42
    endloop
  endfacet
  facet normal 0 -0 1
    outer loop
      vertex 11.4952 103.75 42
      vertex 94.464 105 42
      vertex 10.536 105 42
    endloop
  endfacet
  facet normal -0 0 1
    outer loop
      vertex 12.5 100 42
      vertex 92.7556 98.0589 42
      vertex 92.5 100 42
    endloop
  endfacet
  facet normal 0 0 1
    outer loop
      vertex 12.2444 98.0589 42
      vertex 92.7556 98.0589 42
      vertex 12.5 100 42
    endloop
  endfacet
  facet normal 0 0 1
    outer loop
      vertex 92.7556 98.0589 42
      vertex 12.2444 98.0589 42
      vertex 92.987 97.5 42
    endloop
  endfacet
  facet normal 0 0 1
    outer loop
      vertex 92.987 97.5 42
      vertex 12.2444 98.0589 42
      vertex 12.013 97.5 42
    endloop
  endfacet
  facet normal -0 0 1
    outer loop
      vertex 103.75 93.5048 42
      vertex 105 10.536 42
      vertex 105 94.464 42
    endloop
  endfacet
  facet normal 0 0 1
    outer loop
      vertex 103.75 93.5048 42
      vertex 103.75 11.4952 42
      vertex 105 10.536 42
    endloop
  endfacet
  facet normal -0 0 1
    outer loop
      vertex 101.941 92.7556 42
      vertex 103.75 11.4952 42
      vertex 103.75 93.5048 42
    endloop
  endfacet
  facet normal 0 0 1
    outer loop
      vertex 101.941 92.7556 42
      vertex 101.941 12.2444 42
      vertex 103.75 11.4952 42
    endloop
  endfacet
  facet normal -0 0 1
    outer loop
      vertex 100 92.5 42
      vertex 101.941 12.2444 42
      vertex 101.941 92.7556 42
    endloop
  endfacet
  facet normal 0 0 1
    outer loop
      vertex 100 92.5 42
      vertex 100 12.5 42
      vertex 101.941 12.2444 42
    endloop
  endfacet
  facet normal 0 0 1
    outer loop
      vertex 99.5 92.5658 42
      vertex 100 12.5 42
      vertex 100 92.5 42
    endloop
  endfacet
  facet normal 0 0 1
    outer loop
      vertex 100 12.5 42
      vertex 99.5 92.5658 42
      vertex 99.5 12.4342 42
    endloop
  endfacet
  facet normal 0 0 -1
    outer loop
      vertex 3.30933 84.1418 0
      vertex 4.1 97.5 0
      vertex 4.1 82.5 0
    endloop
  endfacet
  facet normal 0 0 -1
    outer loop
      vertex 3.30933 84.1418 0
      vertex 3.30933 95.8582 0
      vertex 4.1 97.5 0
    endloop
  endfacet
  facet normal 0 0 -1
    outer loop
      vertex 1.53271 84.5473 0
      vertex 3.30933 95.8582 0
      vertex 3.30933 84.1418 0
    endloop
  endfacet
  facet normal 0 0 -1
    outer loop
      vertex 1.53271 84.5473 0
      vertex 1.53271 95.4527 0
      vertex 3.30933 95.8582 0
    endloop
  endfacet
  facet normal 0 0 -1
    outer loop
      vertex 0 84 0
      vertex 1.53271 84.5473 0
      vertex 0.846352 84 0
    endloop
  endfacet
  facet normal -0 0 -1
    outer loop
      vertex 1.53271 84.5473 0
      vertex 0 84 0
      vertex 1.53271 95.4527 0
    endloop
  endfacet
  facet normal 0 0 -1
    outer loop
      vertex 0 96 0
      vertex 1.53271 95.4527 0
      vertex 0 84 0
    endloop
  endfacet
  facet normal 0 0 -1
    outer loop
      vertex 1.53271 95.4527 0
      vertex 0 96 0
      vertex 0.846351 96 0
    endloop
  endfacet
  facet normal 0 0 -1
    outer loop
      vertex 3.30933 69.1418 0
      vertex 4.1 82.5 0
      vertex 4.1 67.5 0
    endloop
  endfacet
  facet normal 0 0 -1
    outer loop
      vertex 3.30933 69.1418 0
      vertex 3.30933 80.8582 0
      vertex 4.1 82.5 0
    endloop
  endfacet
  facet normal 0 0 -1
    outer loop
      vertex 1.53271 69.5473 0
      vertex 3.30933 80.8582 0
      vertex 3.30933 69.1418 0
    endloop
  endfacet
  facet normal 0 0 -1
    outer loop
      vertex 1.53271 69.5473 0
      vertex 1.53271 80.4527 0
      vertex 3.30933 80.8582 0
    endloop
  endfacet
  facet normal 0 0 -1
    outer loop
      vertex 0 69 0
      vertex 1.53271 69.5473 0
      vertex 0.846352 69 0
    endloop
  endfacet
  facet normal -0 0 -1
    outer loop
      vertex 1.53271 69.5473 0
      vertex 0 69 0
      vertex 1.53271 80.4527 0
    endloop
  endfacet
  facet normal 0 0 -1
    outer loop
      vertex 0 81 0
      vertex 1.53271 80.4527 0
      vertex 0 69 0
    endloop
  endfacet
  facet normal 0 0 -1
    outer loop
      vertex 1.53271 80.4527 0
      vertex 0 81 0
      vertex 0.846351 81 0
    endloop
  endfacet
  facet normal 0 0 -1
    outer loop
      vertex 3.30933 54.1418 0
      vertex 4.1 67.5 0
      vertex 4.1 52.5 0
    endloop
  endfacet
  facet normal 0 0 -1
    outer loop
      vertex 3.30933 54.1418 0
      vertex 3.30933 65.8582 0
      vertex 4.1 67.5 0
    endloop
  endfacet
  facet normal 0 0 -1
    outer loop
      vertex 1.53271 54.5473 0
      vertex 3.30933 65.8582 0
      vertex 3.30933 54.1418 0
    endloop
  endfacet
  facet normal 0 0 -1
    outer loop
      vertex 1.53271 54.5473 0
      vertex 1.53271 65.4527 0
      vertex 3.30933 65.8582 0
    endloop
  endfacet
  facet normal 0 0 -1
    outer loop
      vertex 0 54 0
      vertex 1.53271 54.5473 0
      vertex 0.846352 54 0
    endloop
  endfacet
  facet normal -0 0 -1
    outer loop
      vertex 1.53271 54.5473 0
      vertex 0 54 0
      vertex 1.53271 65.4527 0
    endloop
  endfacet
  facet normal 0 0 -1
    outer loop
      vertex 0 66 0
      vertex 1.53271 65.4527 0
      vertex 0 54 0
    endloop
  endfacet
  facet normal 0 0 -1
    outer loop
      vertex 1.53271 65.4527 0
      vertex 0 66 0
      vertex 0.846351 66 0
    endloop
  endfacet
  facet normal 0 0 -1
    outer loop
      vertex 3.30933 39.1418 0
      vertex 4.1 52.5 0
      vertex 4.1 37.5 0
    endloop
  endfacet
  facet normal 0 0 -1
    outer loop
      vertex 3.30933 39.1418 0
      vertex 3.30933 50.8582 0
      vertex 4.1 52.5 0
    endloop
  endfacet
  facet normal 0 0 -1
    outer loop
      vertex 1.53271 39.5473 0
      vertex 3.30933 50.8582 0
      vertex 3.30933 39.1418 0
    endloop
  endfacet
  facet normal 0 0 -1
    outer loop
      vertex 1.53271 39.5473 0
      vertex 1.53271 50.4527 0
      vertex 3.30933 50.8582 0
    endloop
  endfacet
  facet normal 0 0 -1
    outer loop
      vertex 0 39 0
      vertex 1.53271 39.5473 0
      vertex 0.846352 39 0
    endloop
  endfacet
  facet normal -0 0 -1
    outer loop
      vertex 1.53271 39.5473 0
      vertex 0 39 0
      vertex 1.53271 50.4527 0
    endloop
  endfacet
  facet normal 0 0 -1
    outer loop
      vertex 0 51 0
      vertex 1.53271 50.4527 0
      vertex 0 39 0
    endloop
  endfacet
  facet normal 0 0 -1
    outer loop
      vertex 1.53271 50.4527 0
      vertex 0 51 0
      vertex 0.846351 51 0
    endloop
  endfacet
  facet normal 0 0 -1
    outer loop
      vertex 3.30933 24.1418 0
      vertex 4.1 37.5 0
      vertex 4.1 22.5 0
    endloop
  endfacet
  facet normal 0 0 -1
    outer loop
      vertex 3.30933 24.1418 0
      vertex 3.30933 35.8582 0
      vertex 4.1 37.5 0
    endloop
  endfacet
  facet normal 0 0 -1
    outer loop
      vertex 1.53271 24.5473 0
      vertex 3.30933 35.8582 0
      vertex 3.30933 24.1418 0
    endloop
  endfacet
  facet normal 0 0 -1
    outer loop
      vertex 1.53271 24.5473 0
      vertex 1.53271 35.4527 0
      vertex 3.30933 35.8582 0
    endloop
  endfacet
  facet normal 0 0 -1
    outer loop
      vertex 0 24 0
      vertex 1.53271 24.5473 0
      vertex 0.846352 24 0
    endloop
  endfacet
  facet normal -0 0 -1
    outer loop
      vertex 1.53271 24.5473 0
      vertex 0 24 0
      vertex 1.53271 35.4527 0
    endloop
  endfacet
  facet normal 0 0 -1
    outer loop
      vertex 0 36 0
      vertex 1.53271 35.4527 0
      vertex 0 24 0
    endloop
  endfacet
  facet normal 0 0 -1
    outer loop
      vertex 1.53271 35.4527 0
      vertex 0 36 0
      vertex 0.846351 36 0
    endloop
  endfacet
  facet normal 0 0 -1
    outer loop
      vertex 3.30933 9.14185 0
      vertex 4.1 22.5 0
      vertex 4.1 7.5 0
    endloop
  endfacet
  facet normal 0 0 -1
    outer loop
      vertex 3.30933 9.14185 0
      vertex 3.30933 20.8582 0
      vertex 4.1 22.5 0
    endloop
  endfacet
  facet normal 0 0 -1
    outer loop
      vertex 1.53271 9.54735 0
      vertex 3.30933 20.8582 0
      vertex 3.30933 9.14185 0
    endloop
  endfacet
  facet normal 0 0 -1
    outer loop
      vertex 1.53271 9.54735 0
      vertex 1.53271 20.4527 0
      vertex 3.30933 20.8582 0
    endloop
  endfacet
  facet normal 0 0 -1
    outer loop
      vertex 0 9 0
      vertex 1.53271 9.54735 0
      vertex 0.846352 9 0
    endloop
  endfacet
  facet normal -0 0 -1
    outer loop
      vertex 1.53271 9.54735 0
      vertex 0 9 0
      vertex 1.53271 20.4527 0
    endloop
  endfacet
  facet normal 0 0 -1
    outer loop
      vertex 0 21 0
      vertex 1.53271 20.4527 0
      vertex 0 9 0
    endloop
  endfacet
  facet normal 0 0 -1
    outer loop
      vertex 1.53271 20.4527 0
      vertex 0 21 0
      vertex 0.846351 21 0
    endloop
  endfacet
  facet normal 0 0 -1
    outer loop
      vertex 6 0 0
      vertex 5.60796 1.08884 0
      vertex 6 0.776206 0
    endloop
  endfacet
  facet normal 0 0 -1
    outer loop
      vertex 0 0 0
      vertex 5.60796 2.91116 0
      vertex 5.60796 1.08884 0
    endloop
  endfacet
  facet normal 0 0 -1
    outer loop
      vertex 5.60796 2.91116 0
      vertex 4.1 52.5 0
      vertex 5.60796 102.089 0
    endloop
  endfacet
  facet normal 0 0 -1
    outer loop
      vertex 5.60796 2.91116 0
      vertex 4.1 7.5 0
      vertex 4.1 22.5 0
    endloop
  endfacet
  facet normal 0 0 -1
    outer loop
      vertex 5.60796 2.91116 0
      vertex 3.30933 5.85815 0
      vertex 4.1 7.5 0
    endloop
  endfacet
  facet normal 0 0 -1
    outer loop
      vertex 0 0 0
      vertex 5.60796 1.08884 0
      vertex 6 0 0
    endloop
  endfacet
  facet normal 0 0 -1
    outer loop
      vertex 5.60796 2.91116 0
      vertex 1.53271 5.45265 0
      vertex 3.30933 5.85815 0
    endloop
  endfacet
  facet normal -0 0 -1
    outer loop
      vertex 5.60796 2.91116 0
      vertex 0 0 0
      vertex 1.53271 5.45265 0
    endloop
  endfacet
  facet normal 0 0 -1
    outer loop
      vertex 0 6 0
      vertex 1.53271 5.45265 0
      vertex 0 0 0
    endloop
  endfacet
  facet normal 0 0 -1
    outer loop
      vertex 1.53271 5.45265 0
      vertex 0 6 0
      vertex 0.846351 6 0
    endloop
  endfacet
  facet normal 0 0 -1
    outer loop
      vertex 25.5 87.5 0
      vertex 9.6 103 0
      vertex 20.608 102.089 0
    endloop
  endfacet
  facet normal 0 0 -1
    outer loop
      vertex 25.5 87.5 0
      vertex 8.80933 101.358 0
      vertex 9.6 103 0
    endloop
  endfacet
  facet normal 0 0 -1
    outer loop
      vertex 7.03271 100.953 0
      vertex 25.5 87.5 0
      vertex 7.03271 4.04735 0
    endloop
  endfacet
  facet normal 0 0 -1
    outer loop
      vertex 25.5 87.5 0
      vertex 7.03271 100.953 0
      vertex 8.80933 101.358 0
    endloop
  endfacet
  facet normal 0 0 -1
    outer loop
      vertex 5.60796 2.91116 0
      vertex 7.03271 100.953 0
      vertex 7.03271 4.04735 0
    endloop
  endfacet
  facet normal -0 0 -1
    outer loop
      vertex 7.03271 100.953 0
      vertex 5.60796 2.91116 0
      vertex 5.60796 102.089 0
    endloop
  endfacet
  facet normal 0 0 -1
    outer loop
      vertex 21 0 0
      vertex 20.608 1.08884 0
      vertex 21 0.776206 0
    endloop
  endfacet
  facet normal 0 0 -1
    outer loop
      vertex 9.6 2 0
      vertex 20.608 2.91116 0
      vertex 20.608 1.08884 0
    endloop
  endfacet
  facet normal 0 0 -1
    outer loop
      vertex 8.80933 3.64185 0
      vertex 20.608 2.91116 0
      vertex 9.6 2 0
    endloop
  endfacet
  facet normal 0 0 -1
    outer loop
      vertex 22.0327 4.04735 0
      vertex 7.03271 4.04735 0
      vertex 25.5 87.5 0
    endloop
  endfacet
  facet normal 0 0 -1
    outer loop
      vertex 9 0 0
      vertex 20.608 1.08884 0
      vertex 21 0 0
    endloop
  endfacet
  facet normal -0 0 -1
    outer loop
      vertex 20.608 1.08884 0
      vertex 9 0 0
      vertex 9.6 2 0
    endloop
  endfacet
  facet normal 0 0 -1
    outer loop
      vertex 9.6 2 0
      vertex 9 0 0
      vertex 9 0.754088 0
    endloop
  endfacet
  facet normal 0 0 -1
    outer loop
      vertex 37.0327 4.04735 0
      vertex 22.0327 4.04735 0
      vertex 25.5 87.5 0
    endloop
  endfacet
  facet normal 0 0 -1
    outer loop
      vertex 25.5 87.5 0
      vertex 23.8093 101.358 0
      vertex 24.6 103 0
    endloop
  endfacet
  facet normal 0 0 -1
    outer loop
      vertex 8.80933 3.64185 0
      vertex 22.0327 4.04735 0
      vertex 20.608 2.91116 0
    endloop
  endfacet
  facet normal 0 0 -1
    outer loop
      vertex 25.5 87.5 0
      vertex 22.0327 100.953 0
      vertex 23.8093 101.358 0
    endloop
  endfacet
  facet normal 0 0 -1
    outer loop
      vertex 7.03271 4.04735 0
      vertex 22.0327 4.04735 0
      vertex 8.80933 3.64185 0
    endloop
  endfacet
  facet normal 0 0 -1
    outer loop
      vertex 25.5 87.5 0
      vertex 20.608 102.089 0
      vertex 22.0327 100.953 0
    endloop
  endfacet
  facet normal 0 0 -1
    outer loop
      vertex 36 0 0
      vertex 35.608 1.08884 0
      vertex 36 0.776206 0
    endloop
  endfacet
  facet normal 0 0 -1
    outer loop
      vertex 24.6 2 0
      vertex 35.608 2.91116 0
      vertex 35.608 1.08884 0
    endloop
  endfacet
  facet normal 0 0 -1
    outer loop
      vertex 22.0327 4.04735 0
      vertex 37.0327 4.04735 0
      vertex 23.8093 3.64185 0
    endloop
  endfacet
  facet normal 0 0 -1
    outer loop
      vertex 23.8093 3.64185 0
      vertex 35.608 2.91116 0
      vertex 24.6 2 0
    endloop
  endfacet
  facet normal 0 0 -1
    outer loop
      vertex 24 0 0
      vertex 35.608 1.08884 0
      vertex 36 0 0
    endloop
  endfacet
  facet normal -0 0 -1
    outer loop
      vertex 35.608 1.08884 0
      vertex 24 0 0
      vertex 24.6 2 0
    endloop
  endfacet
  facet normal 0 0 -1
    outer loop
      vertex 24.6 2 0
      vertex 24 0 0
      vertex 24 0.754088 0
    endloop
  endfacet
  facet normal 0 0 -1
    outer loop
      vertex 51 0 0
      vertex 50.608 1.08884 0
      vertex 51 0.776206 0
    endloop
  endfacet
  facet normal 0 0 -1
    outer loop
      vertex 50.608 1.08884 0
      vertex 39.6 2 0
      vertex 50.608 2.91116 0
    endloop
  endfacet
  facet normal 0 0 -1
    outer loop
      vertex 39 0 0
      vertex 50.608 1.08884 0
      vertex 51 0 0
    endloop
  endfacet
  facet normal -0 0 -1
    outer loop
      vertex 50.608 1.08884 0
      vertex 39 0 0
      vertex 39.6 2 0
    endloop
  endfacet
  facet normal 0 0 -1
    outer loop
      vertex 39.6 2 0
      vertex 39 0 0
      vertex 39 0.754088 0
    endloop
  endfacet
  facet normal 0 0 -1
    outer loop
      vertex 66 0 0
      vertex 65.608 1.08884 0
      vertex 66 0.776206 0
    endloop
  endfacet
  facet normal 0 0 -1
    outer loop
      vertex 65.608 1.08884 0
      vertex 54.6 2 0
      vertex 65.608 2.91116 0
    endloop
  endfacet
  facet normal 0 0 -1
    outer loop
      vertex 54 0 0
      vertex 65.608 1.08884 0
      vertex 66 0 0
    endloop
  endfacet
  facet normal -0 0 -1
    outer loop
      vertex 65.608 1.08884 0
      vertex 54 0 0
      vertex 54.6 2 0
    endloop
  endfacet
  facet normal 0 0 -1
    outer loop
      vertex 54.6 2 0
      vertex 54 0 0
      vertex 54 0.754088 0
    endloop
  endfacet
  facet normal 0 0 -1
    outer loop
      vertex 79.5 102.5 0
      vertex 69.3592 102.5 0
      vertex 69.6 103 0
    endloop
  endfacet
  facet normal 0 0 -1
    outer loop
      vertex 81 0 0
      vertex 80.608 1.08884 0
      vertex 81 0.776206 0
    endloop
  endfacet
  facet normal 0 0 -1
    outer loop
      vertex 69.6 2 0
      vertex 80.608 2.91116 0
      vertex 80.608 1.08884 0
    endloop
  endfacet
  facet normal 0 0 -1
    outer loop
      vertex 80.608 2.91116 0
      vertex 79.5 87.5 0
      vertex 80.608 102.089 0
    endloop
  endfacet
  facet normal 0 0 -1
    outer loop
      vertex 79.5 102.5 0
      vertex 80.608 102.089 0
      vertex 79.5 87.5 0
    endloop
  endfacet
  facet normal -0 0 -1
    outer loop
      vertex 80.608 2.91116 0
      vertex 69.6 2 0
      vertex 68.8093 3.64185 0
    endloop
  endfacet
  facet normal 0 0 -1
    outer loop
      vertex 69 0 0
      vertex 80.608 1.08884 0
      vertex 81 0 0
    endloop
  endfacet
  facet normal -0 0 -1
    outer loop
      vertex 80.608 1.08884 0
      vertex 69 0 0
      vertex 69.6 2 0
    endloop
  endfacet
  facet normal 0 0 -1
    outer loop
      vertex 69.6 2 0
      vertex 69 0 0
      vertex 69 0.754088 0
    endloop
  endfacet
  facet normal 0 0 -1
    outer loop
      vertex 101.108 53.4112 0
      vertex 84.6 103 0
      vertex 95.608 102.089 0
    endloop
  endfacet
  facet normal 0 0 -1
    outer loop
      vertex 101.108 53.4112 0
      vertex 83.8093 101.358 0
      vertex 84.6 103 0
    endloop
  endfacet
  facet normal -0 0 -1
    outer loop
      vertex 101.108 51.5888 0
      vertex 80.608 2.91116 0
      vertex 101.108 53.4112 0
    endloop
  endfacet
  facet normal 0 0 -1
    outer loop
      vertex 101.108 53.4112 0
      vertex 82.0327 100.953 0
      vertex 83.8093 101.358 0
    endloop
  endfacet
  facet normal 0 0 -1
    outer loop
      vertex 80.608 102.089 0
      vertex 101.108 53.4112 0
      vertex 80.608 2.91116 0
    endloop
  endfacet
  facet normal 0 0 -1
    outer loop
      vertex 101.108 53.4112 0
      vertex 80.608 102.089 0
      vertex 82.0327 100.953 0
    endloop
  endfacet
  facet normal 0 0 -1
    outer loop
      vertex 96 0 0
      vertex 95.608 1.08884 0
      vertex 96 0.776206 0
    endloop
  endfacet
  facet normal 0 0 -1
    outer loop
      vertex 84.6 2 0
      vertex 95.608 2.91116 0
      vertex 95.608 1.08884 0
    endloop
  endfacet
  facet normal 0 0 -1
    outer loop
      vertex 83.8093 3.64185 0
      vertex 95.608 2.91116 0
      vertex 84.6 2 0
    endloop
  endfacet
  facet normal 0 0 -1
    outer loop
      vertex 80.608 2.91116 0
      vertex 101.108 51.5888 0
      vertex 82.0327 4.04735 0
    endloop
  endfacet
  facet normal 0 0 -1
    outer loop
      vertex 84 0 0
      vertex 95.608 1.08884 0
      vertex 96 0 0
    endloop
  endfacet
  facet normal -0 0 -1
    outer loop
      vertex 95.608 1.08884 0
      vertex 84 0 0
      vertex 84.6 2 0
    endloop
  endfacet
  facet normal 0 0 -1
    outer loop
      vertex 84.6 2 0
      vertex 84 0 0
      vertex 84 0.754088 0
    endloop
  endfacet
  facet normal -0 0 -1
    outer loop
      vertex 101.108 23.4112 0
      vertex 82.0327 4.04735 0
      vertex 101.108 36.5888 0
    endloop
  endfacet
  facet normal 0 0 -1
    outer loop
      vertex 101.108 53.4112 0
      vertex 98.8093 101.358 0
      vertex 99.6 103 0
    endloop
  endfacet
  facet normal -0 0 -1
    outer loop
      vertex 101.108 36.5888 0
      vertex 82.0327 4.04735 0
      vertex 101.108 38.4112 0
    endloop
  endfacet
  facet normal 0 0 -1
    outer loop
      vertex 101.108 53.4112 0
      vertex 97.0327 100.953 0
      vertex 98.8093 101.358 0
    endloop
  endfacet
  facet normal -0 0 -1
    outer loop
      vertex 101.108 38.4112 0
      vertex 82.0327 4.04735 0
      vertex 101.108 51.5888 0
    endloop
  endfacet
  facet normal 0 0 -1
    outer loop
      vertex 101.108 53.4112 0
      vertex 95.608 102.089 0
      vertex 97.0327 100.953 0
    endloop
  endfacet
  facet normal 0 0 -1
    outer loop
      vertex 104.309 5.85815 0
      vertex 105 6 0
      vertex 105 0 0
    endloop
  endfacet
  facet normal -0 0 -1
    outer loop
      vertex 105 6 0
      vertex 104.309 5.85815 0
      vertex 104.378 6 0
    endloop
  endfacet
  facet normal 0 0 -1
    outer loop
      vertex 105 0 0
      vertex 102.533 5.45265 0
      vertex 104.309 5.85815 0
    endloop
  endfacet
  facet normal 0 0 -1
    outer loop
      vertex 99.6 2 0
      vertex 102.533 5.45265 0
      vertex 105 0 0
    endloop
  endfacet
  facet normal -0 0 -1
    outer loop
      vertex 102.533 5.45265 0
      vertex 98.8093 3.64185 0
      vertex 101.108 6.58884 0
    endloop
  endfacet
  facet normal 0 0 -1
    outer loop
      vertex 97.0327 4.04735 0
      vertex 101.108 6.58884 0
      vertex 98.8093 3.64185 0
    endloop
  endfacet
  facet normal -0 0 -1
    outer loop
      vertex 101.108 6.58884 0
      vertex 97.0327 4.04735 0
      vertex 101.108 8.41116 0
    endloop
  endfacet
  facet normal 0 0 -1
    outer loop
      vertex 83.8093 3.64185 0
      vertex 101.108 8.41116 0
      vertex 97.0327 4.04735 0
    endloop
  endfacet
  facet normal 0 0 -1
    outer loop
      vertex 83.8093 3.64185 0
      vertex 97.0327 4.04735 0
      vertex 95.608 2.91116 0
    endloop
  endfacet
  facet normal -0 0 -1
    outer loop
      vertex 101.108 8.41116 0
      vertex 83.8093 3.64185 0
      vertex 101.108 21.5888 0
    endloop
  endfacet
  facet normal 0 0 -1
    outer loop
      vertex 82.0327 4.04735 0
      vertex 101.108 21.5888 0
      vertex 83.8093 3.64185 0
    endloop
  endfacet
  facet normal -0 0 -1
    outer loop
      vertex 101.108 21.5888 0
      vertex 82.0327 4.04735 0
      vertex 101.108 23.4112 0
    endloop
  endfacet
  facet normal 0 0 -1
    outer loop
      vertex 101.108 53.4112 0
      vertex 99.6 103 0
      vertex 101.108 66.5888 0
    endloop
  endfacet
  facet normal 0 0 -1
    outer loop
      vertex 101.108 66.5888 0
      vertex 99.6 103 0
      vertex 101.108 68.4112 0
    endloop
  endfacet
  facet normal 0 0 -1
    outer loop
      vertex 101.108 68.4112 0
      vertex 99.6 103 0
      vertex 101.108 81.5888 0
    endloop
  endfacet
  facet normal 0 0 -1
    outer loop
      vertex 101.108 81.5888 0
      vertex 99.6 103 0
      vertex 101.108 83.4112 0
    endloop
  endfacet
  facet normal 0 0 -1
    outer loop
      vertex 101.108 83.4112 0
      vertex 99.6 103 0
      vertex 101.108 96.5888 0
    endloop
  endfacet
  facet normal 0 0 -1
    outer loop
      vertex 98.8093 3.64185 0
      vertex 102.533 5.45265 0
      vertex 99.6 2 0
    endloop
  endfacet
  facet normal 0 0 -1
    outer loop
      vertex 99 0 0
      vertex 99.6 2 0
      vertex 105 0 0
    endloop
  endfacet
  facet normal 0 0 -1
    outer loop
      vertex 99.6 2 0
      vertex 99 0 0
      vertex 99 0.754088 0
    endloop
  endfacet
  facet normal 0 0 -1
    outer loop
      vertex 104.309 9.14185 0
      vertex 105 9 0
      vertex 104.378 9 0
    endloop
  endfacet
  facet normal 0 0 -1
    outer loop
      vertex 105 9 0
      vertex 104.309 9.14185 0
      vertex 105 21 0
    endloop
  endfacet
  facet normal 0 0 -1
    outer loop
      vertex 104.309 20.8582 0
      vertex 105 21 0
      vertex 104.309 9.14185 0
    endloop
  endfacet
  facet normal -0 0 -1
    outer loop
      vertex 105 21 0
      vertex 104.309 20.8582 0
      vertex 104.378 21 0
    endloop
  endfacet
  facet normal 0 0 -1
    outer loop
      vertex 102.533 9.54735 0
      vertex 104.309 20.8582 0
      vertex 104.309 9.14185 0
    endloop
  endfacet
  facet normal 0 0 -1
    outer loop
      vertex 102.533 9.54735 0
      vertex 102.533 20.4527 0
      vertex 104.309 20.8582 0
    endloop
  endfacet
  facet normal 0 0 -1
    outer loop
      vertex 101.108 8.41116 0
      vertex 102.533 20.4527 0
      vertex 102.533 9.54735 0
    endloop
  endfacet
  facet normal -0 0 -1
    outer loop
      vertex 102.533 20.4527 0
      vertex 101.108 8.41116 0
      vertex 101.108 21.5888 0
    endloop
  endfacet
  facet normal 0 0 -1
    outer loop
      vertex 104.309 24.1418 0
      vertex 105 24 0
      vertex 104.378 24 0
    endloop
  endfacet
  facet normal 0 0 -1
    outer loop
      vertex 105 24 0
      vertex 104.309 24.1418 0
      vertex 105 36 0
    endloop
  endfacet
  facet normal 0 0 -1
    outer loop
      vertex 104.309 35.8582 0
      vertex 105 36 0
      vertex 104.309 24.1418 0
    endloop
  endfacet
  facet normal -0 0 -1
    outer loop
      vertex 105 36 0
      vertex 104.309 35.8582 0
      vertex 104.378 36 0
    endloop
  endfacet
  facet normal 0 0 -1
    outer loop
      vertex 102.533 24.5473 0
      vertex 104.309 35.8582 0
      vertex 104.309 24.1418 0
    endloop
  endfacet
  facet normal 0 0 -1
    outer loop
      vertex 102.533 24.5473 0
      vertex 102.533 35.4527 0
      vertex 104.309 35.8582 0
    endloop
  endfacet
  facet normal 0 0 -1
    outer loop
      vertex 101.108 23.4112 0
      vertex 102.533 35.4527 0
      vertex 102.533 24.5473 0
    endloop
  endfacet
  facet normal -0 0 -1
    outer loop
      vertex 102.533 35.4527 0
      vertex 101.108 23.4112 0
      vertex 101.108 36.5888 0
    endloop
  endfacet
  facet normal 0 0 -1
    outer loop
      vertex 104.309 39.1418 0
      vertex 105 39 0
      vertex 104.378 39 0
    endloop
  endfacet
  facet normal 0 0 -1
    outer loop
      vertex 105 39 0
      vertex 104.309 39.1418 0
      vertex 105 51 0
    endloop
  endfacet
  facet normal 0 0 -1
    outer loop
      vertex 104.309 50.8582 0
      vertex 105 51 0
      vertex 104.309 39.1418 0
    endloop
  endfacet
  facet normal -0 0 -1
    outer loop
      vertex 105 51 0
      vertex 104.309 50.8582 0
      vertex 104.378 51 0
    endloop
  endfacet
  facet normal 0 0 -1
    outer loop
      vertex 102.533 39.5473 0
      vertex 104.309 50.8582 0
      vertex 104.309 39.1418 0
    endloop
  endfacet
  facet normal 0 0 -1
    outer loop
      vertex 102.533 39.5473 0
      vertex 102.533 50.4527 0
      vertex 104.309 50.8582 0
    endloop
  endfacet
  facet normal 0 0 -1
    outer loop
      vertex 101.108 38.4112 0
      vertex 102.533 50.4527 0
      vertex 102.533 39.5473 0
    endloop
  endfacet
  facet normal -0 0 -1
    outer loop
      vertex 102.533 50.4527 0
      vertex 101.108 38.4112 0
      vertex 101.108 51.5888 0
    endloop
  endfacet
  facet normal 0 0 -1
    outer loop
      vertex 104.309 54.1418 0
      vertex 105 54 0
      vertex 104.378 54 0
    endloop
  endfacet
  facet normal 0 0 -1
    outer loop
      vertex 105 54 0
      vertex 104.309 54.1418 0
      vertex 105 66 0
    endloop
  endfacet
  facet normal 0 0 -1
    outer loop
      vertex 104.309 65.8582 0
      vertex 105 66 0
      vertex 104.309 54.1418 0
    endloop
  endfacet
  facet normal -0 0 -1
    outer loop
      vertex 105 66 0
      vertex 104.309 65.8582 0
      vertex 104.378 66 0
    endloop
  endfacet
  facet normal 0 0 -1
    outer loop
      vertex 102.533 54.5473 0
      vertex 104.309 65.8582 0
      vertex 104.309 54.1418 0
    endloop
  endfacet
  facet normal 0 0 -1
    outer loop
      vertex 102.533 54.5473 0
      vertex 102.533 65.4527 0
      vertex 104.309 65.8582 0
    endloop
  endfacet
  facet normal 0 0 -1
    outer loop
      vertex 101.108 53.4112 0
      vertex 102.533 65.4527 0
      vertex 102.533 54.5473 0
    endloop
  endfacet
  facet normal -0 0 -1
    outer loop
      vertex 102.533 65.4527 0
      vertex 101.108 53.4112 0
      vertex 101.108 66.5888 0
    endloop
  endfacet
  facet normal 0 0 -1
    outer loop
      vertex 104.309 69.1418 0
      vertex 105 69 0
      vertex 104.378 69 0
    endloop
  endfacet
  facet normal 0 0 -1
    outer loop
      vertex 105 69 0
      vertex 104.309 69.1418 0
      vertex 105 81 0
    endloop
  endfacet
  facet normal 0 0 -1
    outer loop
      vertex 104.309 80.8582 0
      vertex 105 81 0
      vertex 104.309 69.1418 0
    endloop
  endfacet
  facet normal -0 0 -1
    outer loop
      vertex 105 81 0
      vertex 104.309 80.8582 0
      vertex 104.378 81 0
    endloop
  endfacet
  facet normal 0 0 -1
    outer loop
      vertex 102.533 69.5473 0
      vertex 104.309 80.8582 0
      vertex 104.309 69.1418 0
    endloop
  endfacet
  facet normal 0 0 -1
    outer loop
      vertex 102.533 69.5473 0
      vertex 102.533 80.4527 0
      vertex 104.309 80.8582 0
    endloop
  endfacet
  facet normal 0 0 -1
    outer loop
      vertex 101.108 68.4112 0
      vertex 102.533 80.4527 0
      vertex 102.533 69.5473 0
    endloop
  endfacet
  facet normal -0 0 -1
    outer loop
      vertex 102.533 80.4527 0
      vertex 101.108 68.4112 0
      vertex 101.108 81.5888 0
    endloop
  endfacet
  facet normal 0 0 -1
    outer loop
      vertex 104.309 84.1418 0
      vertex 105 84 0
      vertex 104.378 84 0
    endloop
  endfacet
  facet normal 0 0 -1
    outer loop
      vertex 105 84 0
      vertex 104.309 84.1418 0
      vertex 105 96 0
    endloop
  endfacet
  facet normal 0 0 -1
    outer loop
      vertex 104.309 95.8582 0
      vertex 105 96 0
      vertex 104.309 84.1418 0
    endloop
  endfacet
  facet normal -0 0 -1
    outer loop
      vertex 105 96 0
      vertex 104.309 95.8582 0
      vertex 104.378 96 0
    endloop
  endfacet
  facet normal 0 0 -1
    outer loop
      vertex 102.533 84.5473 0
      vertex 104.309 95.8582 0
      vertex 104.309 84.1418 0
    endloop
  endfacet
  facet normal 0 0 -1
    outer loop
      vertex 102.533 84.5473 0
      vertex 102.533 95.4527 0
      vertex 104.309 95.8582 0
    endloop
  endfacet
  facet normal 0 0 -1
    outer loop
      vertex 101.108 83.4112 0
      vertex 102.533 95.4527 0
      vertex 102.533 84.5473 0
    endloop
  endfacet
  facet normal -0 0 -1
    outer loop
      vertex 102.533 95.4527 0
      vertex 101.108 83.4112 0
      vertex 101.108 96.5888 0
    endloop
  endfacet
  facet normal 0 0 -1
    outer loop
      vertex 104.309 99.1418 0
      vertex 105 99 0
      vertex 104.378 99 0
    endloop
  endfacet
  facet normal 0 0 -1
    outer loop
      vertex 105 99 0
      vertex 104.309 99.1418 0
      vertex 105 105 0
    endloop
  endfacet
  facet normal 0 0 -1
    outer loop
      vertex 102.533 99.5473 0
      vertex 105 105 0
      vertex 104.309 99.1418 0
    endloop
  endfacet
  facet normal 0 0 -1
    outer loop
      vertex 99.6 103 0
      vertex 102.533 99.5473 0
      vertex 101.108 98.4112 0
    endloop
  endfacet
  facet normal 0 0 -1
    outer loop
      vertex 101.108 96.5888 0
      vertex 99.6 103 0
      vertex 101.108 98.4112 0
    endloop
  endfacet
  facet normal 0 0 -1
    outer loop
      vertex 102.533 99.5473 0
      vertex 99.6 103 0
      vertex 105 105 0
    endloop
  endfacet
  facet normal 0 0 -1
    outer loop
      vertex 99 105 0
      vertex 99.6 103 0
      vertex 99 104.246 0
    endloop
  endfacet
  facet normal 0 0 -1
    outer loop
      vertex 99.6 103 0
      vertex 99 105 0
      vertex 105 105 0
    endloop
  endfacet
  facet normal 0 0 -1
    outer loop
      vertex 95.608 103.911 0
      vertex 96 105 0
      vertex 96 104.224 0
    endloop
  endfacet
  facet normal 0 0 -1
    outer loop
      vertex 95.608 102.089 0
      vertex 84.6 103 0
      vertex 95.608 103.911 0
    endloop
  endfacet
  facet normal 0 0 -1
    outer loop
      vertex 84 105 0
      vertex 95.608 103.911 0
      vertex 84.6 103 0
    endloop
  endfacet
  facet normal 0 0 -1
    outer loop
      vertex 84 105 0
      vertex 84.6 103 0
      vertex 84 104.246 0
    endloop
  endfacet
  facet normal 0 0 -1
    outer loop
      vertex 95.608 103.911 0
      vertex 84 105 0
      vertex 96 105 0
    endloop
  endfacet
  facet normal 0 0 -1
    outer loop
      vertex 80.608 103.911 0
      vertex 81 105 0
      vertex 81 104.224 0
    endloop
  endfacet
  facet normal 0 0 -1
    outer loop
      vertex 80.608 102.089 0
      vertex 79.5 102.5 0
      vertex 80.608 103.911 0
    endloop
  endfacet
  facet normal 0 0 -1
    outer loop
      vertex 79.5 102.5 0
      vertex 81 105 0
      vertex 80.608 103.911 0
    endloop
  endfacet
  facet normal 0 0 -1
    outer loop
      vertex 69 105 0
      vertex 79.5 102.5 0
      vertex 69.6 103 0
    endloop
  endfacet
  facet normal 0 0 -1
    outer loop
      vertex 69 105 0
      vertex 69.6 103 0
      vertex 69 104.246 0
    endloop
  endfacet
  facet normal 0 0 -1
    outer loop
      vertex 79.5 102.5 0
      vertex 69 105 0
      vertex 81 105 0
    endloop
  endfacet
  facet normal 0 0 -1
    outer loop
      vertex 80.608 2.91116 0
      vertex 68.8093 3.64185 0
      vertex 79.5 87.5 0
    endloop
  endfacet
  facet normal 0 0 -1
    outer loop
      vertex 67.0327 4.04735 0
      vertex 79.5 87.5 0
      vertex 68.8093 3.64185 0
    endloop
  endfacet
  facet normal 0 0 -1
    outer loop
      vertex 53.8093 3.64185 0
      vertex 67.0327 4.04735 0
      vertex 65.608 2.91116 0
    endloop
  endfacet
  facet normal 0 0 -1
    outer loop
      vertex 53.8093 3.64185 0
      vertex 65.608 2.91116 0
      vertex 54.6 2 0
    endloop
  endfacet
  facet normal 0 0 -1
    outer loop
      vertex 52.0327 4.04735 0
      vertex 67.0327 4.04735 0
      vertex 53.8093 3.64185 0
    endloop
  endfacet
  facet normal 0 0 -1
    outer loop
      vertex 67.0327 4.04735 0
      vertex 52.0327 4.04735 0
      vertex 79.5 87.5 0
    endloop
  endfacet
  facet normal 0 0 -1
    outer loop
      vertex 38.8093 3.64185 0
      vertex 52.0327 4.04735 0
      vertex 50.608 2.91116 0
    endloop
  endfacet
  facet normal 0 0 -1
    outer loop
      vertex 38.8093 3.64185 0
      vertex 50.608 2.91116 0
      vertex 39.6 2 0
    endloop
  endfacet
  facet normal -0 0 -1
    outer loop
      vertex 52.0327 4.04735 0
      vertex 38.8093 3.64185 0
      vertex 37.0327 4.04735 0
    endloop
  endfacet
  facet normal 0 0 -1
    outer loop
      vertex 52.0327 4.04735 0
      vertex 37.0327 4.04735 0
      vertex 25.5 87.5 0
    endloop
  endfacet
  facet normal 0 0 -1
    outer loop
      vertex 23.8093 3.64185 0
      vertex 37.0327 4.04735 0
      vertex 35.608 2.91116 0
    endloop
  endfacet
  facet normal 0 0 -1
    outer loop
      vertex 52.0327 4.04735 0
      vertex 25.5 87.5 0
      vertex 79.5 87.5 0
    endloop
  endfacet
  facet normal 0 0 -1
    outer loop
      vertex 35.608 102.5 0
      vertex 25.5 102.5 0
      vertex 35.608 103.911 0
    endloop
  endfacet
  facet normal 0 0 -1
    outer loop
      vertex 35.608 103.911 0
      vertex 36 105 0
      vertex 36 104.224 0
    endloop
  endfacet
  facet normal 0 0 -1
    outer loop
      vertex 25.5 102.5 0
      vertex 36 105 0
      vertex 35.608 103.911 0
    endloop
  endfacet
  facet normal 0 0 -1
    outer loop
      vertex 25.5 87.5 0
      vertex 24.6 103 0
      vertex 25.5 102.5 0
    endloop
  endfacet
  facet normal 0 0 -1
    outer loop
      vertex 24 104.246 0
      vertex 25.5 102.5 0
      vertex 24.6 103 0
    endloop
  endfacet
  facet normal 0 0 -1
    outer loop
      vertex 25.5 102.5 0
      vertex 24 104.246 0
      vertex 24 105 0
    endloop
  endfacet
  facet normal 0 0 -1
    outer loop
      vertex 25.5 102.5 0
      vertex 24 105 0
      vertex 36 105 0
    endloop
  endfacet
  facet normal 0 0 -1
    outer loop
      vertex 20.608 103.911 0
      vertex 21 105 0
      vertex 21 104.224 0
    endloop
  endfacet
  facet normal 0 0 -1
    outer loop
      vertex 20.608 102.089 0
      vertex 9.6 103 0
      vertex 20.608 103.911 0
    endloop
  endfacet
  facet normal 0 0 -1
    outer loop
      vertex 9 105 0
      vertex 20.608 103.911 0
      vertex 9.6 103 0
    endloop
  endfacet
  facet normal 0 0 -1
    outer loop
      vertex 9 105 0
      vertex 9.6 103 0
      vertex 9 104.246 0
    endloop
  endfacet
  facet normal 0 0 -1
    outer loop
      vertex 20.608 103.911 0
      vertex 9 105 0
      vertex 21 105 0
    endloop
  endfacet
  facet normal 0 0 -1
    outer loop
      vertex 5.60796 103.911 0
      vertex 6 105 0
      vertex 6 104.224 0
    endloop
  endfacet
  facet normal 0 0 -1
    outer loop
      vertex 5.60796 2.91116 0
      vertex 4.1 22.5 0
      vertex 4.1 37.5 0
    endloop
  endfacet
  facet normal 0 0 -1
    outer loop
      vertex 5.60796 2.91116 0
      vertex 4.1 37.5 0
      vertex 4.1 52.5 0
    endloop
  endfacet
  facet normal 0 0 -1
    outer loop
      vertex 4.1 67.5 0
      vertex 5.60796 102.089 0
      vertex 4.1 52.5 0
    endloop
  endfacet
  facet normal 0 0 -1
    outer loop
      vertex 4.1 82.5 0
      vertex 5.60796 102.089 0
      vertex 4.1 67.5 0
    endloop
  endfacet
  facet normal 0 0 -1
    outer loop
      vertex 4.1 97.5 0
      vertex 5.60796 102.089 0
      vertex 4.1 82.5 0
    endloop
  endfacet
  facet normal 0 0 -1
    outer loop
      vertex 3.30933 99.1418 0
      vertex 5.60796 102.089 0
      vertex 4.1 97.5 0
    endloop
  endfacet
  facet normal 0 0 -1
    outer loop
      vertex 1.53271 99.5473 0
      vertex 5.60796 102.089 0
      vertex 3.30933 99.1418 0
    endloop
  endfacet
  facet normal 0 0 -1
    outer loop
      vertex 0 105 0
      vertex 5.60796 102.089 0
      vertex 1.53271 99.5473 0
    endloop
  endfacet
  facet normal 0 0 -1
    outer loop
      vertex 5.60796 102.089 0
      vertex 0 105 0
      vertex 5.60796 103.911 0
    endloop
  endfacet
  facet normal 0 0 -1
    outer loop
      vertex 0 99 0
      vertex 1.53271 99.5473 0
      vertex 0.846352 99 0
    endloop
  endfacet
  facet normal -0 0 -1
    outer loop
      vertex 1.53271 99.5473 0
      vertex 0 99 0
      vertex 0 105 0
    endloop
  endfacet
  facet normal 0 0 -1
    outer loop
      vertex 5.60796 103.911 0
      vertex 0 105 0
      vertex 6 105 0
    endloop
  endfacet
  facet normal 0 0 -1
    outer loop
      vertex 65.608 102.5 0
      vertex 54.6 103 0
      vertex 65.608 103.911 0
    endloop
  endfacet
  facet normal 0 -0 -1
    outer loop
      vertex 54.6 103 0
      vertex 65.608 102.5 0
      vertex 54.3592 102.5 0
    endloop
  endfacet
  facet normal 0 0 -1
    outer loop
      vertex 65.608 103.911 0
      vertex 66 105 0
      vertex 66 104.224 0
    endloop
  endfacet
  facet normal 0 0 -1
    outer loop
      vertex 54 105 0
      vertex 65.608 103.911 0
      vertex 54.6 103 0
    endloop
  endfacet
  facet normal 0 0 -1
    outer loop
      vertex 54 105 0
      vertex 54.6 103 0
      vertex 54 104.246 0
    endloop
  endfacet
  facet normal 0 0 -1
    outer loop
      vertex 65.608 103.911 0
      vertex 54 105 0
      vertex 66 105 0
    endloop
  endfacet
  facet normal 0 0 -1
    outer loop
      vertex 50.608 102.5 0
      vertex 39.6 103 0
      vertex 50.608 103.911 0
    endloop
  endfacet
  facet normal 0 -0 -1
    outer loop
      vertex 39.6 103 0
      vertex 50.608 102.5 0
      vertex 39.3592 102.5 0
    endloop
  endfacet
  facet normal 0 0 -1
    outer loop
      vertex 50.608 103.911 0
      vertex 51 105 0
      vertex 51 104.224 0
    endloop
  endfacet
  facet normal 0 0 -1
    outer loop
      vertex 39 105 0
      vertex 50.608 103.911 0
      vertex 39.6 103 0
    endloop
  endfacet
  facet normal 0 0 -1
    outer loop
      vertex 39 105 0
      vertex 39.6 103 0
      vertex 39 104.246 0
    endloop
  endfacet
  facet normal 0 0 -1
    outer loop
      vertex 50.608 103.911 0
      vertex 39 105 0
      vertex 51 105 0
    endloop
  endfacet
  facet normal 0 -1 0
    outer loop
      vertex 84 0 0
      vertex 96 0 25
      vertex 84 0 25
    endloop
  endfacet
  facet normal 0 -1 -0
    outer loop
      vertex 96 0 25
      vertex 84 0 0
      vertex 96 0 0
    endloop
  endfacet
  facet normal 0 -1 0
    outer loop
      vertex 69 0 0
      vertex 81 0 25
      vertex 69 0 25
    endloop
  endfacet
  facet normal 0 -1 -0
    outer loop
      vertex 81 0 25
      vertex 69 0 0
      vertex 81 0 0
    endloop
  endfacet
  facet normal 0 -1 0
    outer loop
      vertex 54 0 0
      vertex 66 0 25
      vertex 54 0 25
    endloop
  endfacet
  facet normal 0 -1 -0
    outer loop
      vertex 66 0 25
      vertex 54 0 0
      vertex 66 0 0
    endloop
  endfacet
  facet normal 0 -1 0
    outer loop
      vertex 39 0 0
      vertex 51 0 25
      vertex 39 0 25
    endloop
  endfacet
  facet normal 0 -1 -0
    outer loop
      vertex 51 0 25
      vertex 39 0 0
      vertex 51 0 0
    endloop
  endfacet
  facet normal 0 -1 0
    outer loop
      vertex 24 0 0
      vertex 36 0 25
      vertex 24 0 25
    endloop
  endfacet
  facet normal 0 -1 -0
    outer loop
      vertex 36 0 25
      vertex 24 0 0
      vertex 36 0 0
    endloop
  endfacet
  facet normal 0 -1 0
    outer loop
      vertex 9 0 0
      vertex 21 0 25
      vertex 9 0 25
    endloop
  endfacet
  facet normal 0 -1 -0
    outer loop
      vertex 21 0 25
      vertex 9 0 0
      vertex 21 0 0
    endloop
  endfacet
  facet normal 0 -1 0
    outer loop
      vertex 6 0 25
      vertex 10.536 0 39
      vertex 0 0 39
    endloop
  endfacet
  facet normal 0 -1 0
    outer loop
      vertex 10.536 0 39
      vertex 51 0 25
      vertex 94.464 0 39
    endloop
  endfacet
  facet normal 0 -1 0
    outer loop
      vertex 10.536 0 39
      vertex 6 0 25
      vertex 9 0 25
    endloop
  endfacet
  facet normal 0 -1 0
    outer loop
      vertex 0 0 0
      vertex 6 0 25
      vertex 0 0 39
    endloop
  endfacet
  facet normal 0 -1 -0
    outer loop
      vertex 6 0 25
      vertex 0 0 0
      vertex 6 0 0
    endloop
  endfacet
  facet normal 0 -1 0
    outer loop
      vertex 10.536 0 39
      vertex 94.464 0 42
      vertex 10.536 0 42
    endloop
  endfacet
  facet normal 0 -1 -0
    outer loop
      vertex 94.464 0 42
      vertex 10.536 0 39
      vertex 94.464 0 39
    endloop
  endfacet
  facet normal 0 -1 -0
    outer loop
      vertex 10.536 0 39
      vertex 9 0 25
      vertex 21 0 25
    endloop
  endfacet
  facet normal 0 -1 0
    outer loop
      vertex 10.536 0 39
      vertex 21 0 25
      vertex 24 0 25
    endloop
  endfacet
  facet normal 0 -1 0
    outer loop
      vertex 10.536 0 39
      vertex 24 0 25
      vertex 36 0 25
    endloop
  endfacet
  facet normal 0 -1 0
    outer loop
      vertex 10.536 0 39
      vertex 36 0 25
      vertex 39 0 25
    endloop
  endfacet
  facet normal 0 -1 0
    outer loop
      vertex 10.536 0 39
      vertex 39 0 25
      vertex 51 0 25
    endloop
  endfacet
  facet normal 0 -1 0
    outer loop
      vertex 54 0 25
      vertex 94.464 0 39
      vertex 51 0 25
    endloop
  endfacet
  facet normal 0 -1 0
    outer loop
      vertex 66 0 25
      vertex 94.464 0 39
      vertex 54 0 25
    endloop
  endfacet
  facet normal 0 -1 0
    outer loop
      vertex 69 0 25
      vertex 94.464 0 39
      vertex 66 0 25
    endloop
  endfacet
  facet normal 0 -1 0
    outer loop
      vertex 81 0 25
      vertex 94.464 0 39
      vertex 69 0 25
    endloop
  endfacet
  facet normal 0 -1 0
    outer loop
      vertex 84 0 25
      vertex 94.464 0 39
      vertex 81 0 25
    endloop
  endfacet
  facet normal 0 -1 0
    outer loop
      vertex 96 0 25
      vertex 94.464 0 39
      vertex 84 0 25
    endloop
  endfacet
  facet normal 0 -1 0
    outer loop
      vertex 99 0 25
      vertex 94.464 0 39
      vertex 96 0 25
    endloop
  endfacet
  facet normal 0 -1 0
    outer loop
      vertex 94.464 0 39
      vertex 99 0 25
      vertex 105 0 39
    endloop
  endfacet
  facet normal 0 -1 0
    outer loop
      vertex 105 0 0
      vertex 99 0 25
      vertex 99 0 0
    endloop
  endfacet
  facet normal 0 -1 0
    outer loop
      vertex 99 0 25
      vertex 105 0 0
      vertex 105 0 39
    endloop
  endfacet
  facet normal -0.90097 -0.433882 0
    outer loop
      vertex 9.6 2 0
      vertex 8.80933 3.64185 25
      vertex 8.80933 3.64185 0
    endloop
  endfacet
  facet normal -0.90097 -0.433882 0
    outer loop
      vertex 8.80933 3.64185 25
      vertex 9.6 2 0
      vertex 9.6 2 25
    endloop
  endfacet
  facet normal 1 -0 0
    outer loop
      vertex 5.60796 1.08884 25
      vertex 5.60796 2.91116 0
      vertex 5.60796 2.91116 25
    endloop
  endfacet
  facet normal 1 0 0
    outer loop
      vertex 5.60796 2.91116 0
      vertex 5.60796 1.08884 25
      vertex 5.60796 1.08884 0
    endloop
  endfacet
  facet normal 0.623486 -0.781834 0
    outer loop
      vertex 5.60796 2.91116 0
      vertex 7.03271 4.04735 25
      vertex 5.60796 2.91116 25
    endloop
  endfacet
  facet normal 0.623486 -0.781834 0
    outer loop
      vertex 7.03271 4.04735 25
      vertex 5.60796 2.91116 0
      vertex 7.03271 4.04735 0
    endloop
  endfacet
  facet normal -0.22252 -0.974928 0
    outer loop
      vertex 7.03271 4.04735 0
      vertex 8.80933 3.64185 25
      vertex 7.03271 4.04735 25
    endloop
  endfacet
  facet normal -0.22252 -0.974928 -0
    outer loop
      vertex 8.80933 3.64185 25
      vertex 7.03271 4.04735 0
      vertex 8.80933 3.64185 0
    endloop
  endfacet
  facet normal -0.900969 0.433884 0
    outer loop
      vertex 9 0.754088 0
      vertex 9.6 2 25
      vertex 9.6 2 0
    endloop
  endfacet
  facet normal -0.900969 0.433884 0
    outer loop
      vertex 9.6 2 25
      vertex 9 0.754088 0
      vertex 9 0.754088 25
    endloop
  endfacet
  facet normal 0.623481 0.781839 -0
    outer loop
      vertex 6 0.776206 0
      vertex 5.60796 1.08884 25
      vertex 6 0.776206 25
    endloop
  endfacet
  facet normal 0.623481 0.781839 0
    outer loop
      vertex 5.60796 1.08884 25
      vertex 6 0.776206 0
      vertex 5.60796 1.08884 0
    endloop
  endfacet
  facet normal -0.90097 -0.433882 0
    outer loop
      vertex 4.1 7.5 0
      vertex 3.30933 9.14185 25
      vertex 3.30933 9.14185 0
    endloop
  endfacet
  facet normal -0.90097 -0.433882 0
    outer loop
      vertex 3.30933 9.14185 25
      vertex 4.1 7.5 0
      vertex 4.1 7.5 25
    endloop
  endfacet
  facet normal 0.623488 -0.781833 0
    outer loop
      vertex 0.846352 9 0
      vertex 1.53271 9.54735 25
      vertex 0.846352 9 25
    endloop
  endfacet
  facet normal 0.623488 -0.781833 0
    outer loop
      vertex 1.53271 9.54735 25
      vertex 0.846352 9 0
      vertex 1.53271 9.54735 0
    endloop
  endfacet
  facet normal -0.22252 -0.974928 0
    outer loop
      vertex 1.53271 9.54735 0
      vertex 3.30933 9.14185 25
      vertex 1.53271 9.54735 25
    endloop
  endfacet
  facet normal -0.22252 -0.974928 -0
    outer loop
      vertex 3.30933 9.14185 25
      vertex 1.53271 9.54735 0
      vertex 3.30933 9.14185 0
    endloop
  endfacet
  facet normal -0.90097 0.433882 0
    outer loop
      vertex 3.30933 5.85815 0
      vertex 4.1 7.5 25
      vertex 4.1 7.5 0
    endloop
  endfacet
  facet normal -0.90097 0.433882 0
    outer loop
      vertex 4.1 7.5 25
      vertex 3.30933 5.85815 0
      vertex 3.30933 5.85815 25
    endloop
  endfacet
  facet normal 0.623488 0.781833 -0
    outer loop
      vertex 1.53271 5.45265 0
      vertex 0.846351 6 25
      vertex 1.53271 5.45265 25
    endloop
  endfacet
  facet normal 0.623488 0.781833 0
    outer loop
      vertex 0.846351 6 25
      vertex 1.53271 5.45265 0
      vertex 0.846351 6 0
    endloop
  endfacet
  facet normal -0.22252 0.974928 0
    outer loop
      vertex 3.30933 5.85815 0
      vertex 1.53271 5.45265 25
      vertex 3.30933 5.85815 25
    endloop
  endfacet
  facet normal -0.22252 0.974928 0
    outer loop
      vertex 1.53271 5.45265 25
      vertex 3.30933 5.85815 0
      vertex 1.53271 5.45265 0
    endloop
  endfacet
  facet normal 1 -0 0
    outer loop
      vertex 6 0 25
      vertex 6 0.776206 0
      vertex 6 0.776206 25
    endloop
  endfacet
  facet normal 1 0 0
    outer loop
      vertex 6 0.776206 0
      vertex 6 0 25
      vertex 6 0 0
    endloop
  endfacet
  facet normal -1 0 0
    outer loop
      vertex 9 0 0
      vertex 9 0.754088 25
      vertex 9 0.754088 0
    endloop
  endfacet
  facet normal -1 -0 0
    outer loop
      vertex 9 0.754088 25
      vertex 9 0 0
      vertex 9 0 25
    endloop
  endfacet
  facet normal 0 1 -0
    outer loop
      vertex 0.846351 6 0
      vertex 0 6 25
      vertex 0.846351 6 25
    endloop
  endfacet
  facet normal 0 1 0
    outer loop
      vertex 0 6 25
      vertex 0.846351 6 0
      vertex 0 6 0
    endloop
  endfacet
  facet normal 0 -1 0
    outer loop
      vertex 0 9 0
      vertex 0.846352 9 25
      vertex 0 9 25
    endloop
  endfacet
  facet normal 0 -1 -0
    outer loop
      vertex 0.846352 9 25
      vertex 0 9 0
      vertex 0.846352 9 0
    endloop
  endfacet
  facet normal -0.900964 -0.433893 0
    outer loop
      vertex 4.1 22.5 0
      vertex 3.30933 24.1418 25
      vertex 3.30933 24.1418 0
    endloop
  endfacet
  facet normal -0.900964 -0.433893 0
    outer loop
      vertex 3.30933 24.1418 25
      vertex 4.1 22.5 0
      vertex 4.1 22.5 25
    endloop
  endfacet
  facet normal 0.623453 -0.78186 0
    outer loop
      vertex 0.846352 24 0
      vertex 1.53271 24.5473 25
      vertex 0.846352 24 25
    endloop
  endfacet
  facet normal 0.623453 -0.78186 0
    outer loop
      vertex 1.53271 24.5473 25
      vertex 0.846352 24 0
      vertex 1.53271 24.5473 0
    endloop
  endfacet
  facet normal -0.22252 -0.974928 0
    outer loop
      vertex 1.53271 24.5473 0
      vertex 3.30933 24.1418 25
      vertex 1.53271 24.5473 25
    endloop
  endfacet
  facet normal -0.22252 -0.974928 -0
    outer loop
      vertex 3.30933 24.1418 25
      vertex 1.53271 24.5473 0
      vertex 3.30933 24.1418 0
    endloop
  endfacet
  facet normal -0.900964 0.433893 0
    outer loop
      vertex 3.30933 20.8582 0
      vertex 4.1 22.5 25
      vertex 4.1 22.5 0
    endloop
  endfacet
  facet normal -0.900964 0.433893 0
    outer loop
      vertex 4.1 22.5 25
      vertex 3.30933 20.8582 0
      vertex 3.30933 20.8582 25
    endloop
  endfacet
  facet normal 0.623453 0.781861 -0
    outer loop
      vertex 1.53271 20.4527 0
      vertex 0.846351 21 25
      vertex 1.53271 20.4527 25
    endloop
  endfacet
  facet normal 0.623453 0.781861 0
    outer loop
      vertex 0.846351 21 25
      vertex 1.53271 20.4527 0
      vertex 0.846351 21 0
    endloop
  endfacet
  facet normal -0.22252 0.974928 0
    outer loop
      vertex 3.30933 20.8582 0
      vertex 1.53271 20.4527 25
      vertex 3.30933 20.8582 25
    endloop
  endfacet
  facet normal -0.22252 0.974928 0
    outer loop
      vertex 1.53271 20.4527 25
      vertex 3.30933 20.8582 0
      vertex 1.53271 20.4527 0
    endloop
  endfacet
  facet normal 0 1 -0
    outer loop
      vertex 0.846351 21 0
      vertex 0 21 25
      vertex 0.846351 21 25
    endloop
  endfacet
  facet normal 0 1 0
    outer loop
      vertex 0 21 25
      vertex 0.846351 21 0
      vertex 0 21 0
    endloop
  endfacet
  facet normal 0 -1 0
    outer loop
      vertex 0 24 0
      vertex 0.846352 24 25
      vertex 0 24 25
    endloop
  endfacet
  facet normal 0 -1 -0
    outer loop
      vertex 0.846352 24 25
      vertex 0 24 0
      vertex 0.846352 24 0
    endloop
  endfacet
  facet normal -0.900964 -0.433893 0
    outer loop
      vertex 4.1 37.5 0
      vertex 3.30933 39.1418 25
      vertex 3.30933 39.1418 0
    endloop
  endfacet
  facet normal -0.900964 -0.433893 0
    outer loop
      vertex 3.30933 39.1418 25
      vertex 4.1 37.5 0
      vertex 4.1 37.5 25
    endloop
  endfacet
  facet normal 0.623453 -0.78186 0
    outer loop
      vertex 0.846352 39 0
      vertex 1.53271 39.5473 25
      vertex 0.846352 39 25
    endloop
  endfacet
  facet normal 0.623453 -0.78186 0
    outer loop
      vertex 1.53271 39.5473 25
      vertex 0.846352 39 0
      vertex 1.53271 39.5473 0
    endloop
  endfacet
  facet normal -0.22252 -0.974928 0
    outer loop
      vertex 1.53271 39.5473 0
      vertex 3.30933 39.1418 25
      vertex 1.53271 39.5473 25
    endloop
  endfacet
  facet normal -0.22252 -0.974928 -0
    outer loop
      vertex 3.30933 39.1418 25
      vertex 1.53271 39.5473 0
      vertex 3.30933 39.1418 0
    endloop
  endfacet
  facet normal -0.900964 0.433893 0
    outer loop
      vertex 3.30933 35.8582 0
      vertex 4.1 37.5 25
      vertex 4.1 37.5 0
    endloop
  endfacet
  facet normal -0.900964 0.433893 0
    outer loop
      vertex 4.1 37.5 25
      vertex 3.30933 35.8582 0
      vertex 3.30933 35.8582 25
    endloop
  endfacet
  facet normal 0.623453 0.781861 -0
    outer loop
      vertex 1.53271 35.4527 0
      vertex 0.846351 36 25
      vertex 1.53271 35.4527 25
    endloop
  endfacet
  facet normal 0.623453 0.781861 0
    outer loop
      vertex 0.846351 36 25
      vertex 1.53271 35.4527 0
      vertex 0.846351 36 0
    endloop
  endfacet
  facet normal -0.22252 0.974928 0
    outer loop
      vertex 3.30933 35.8582 0
      vertex 1.53271 35.4527 25
      vertex 3.30933 35.8582 25
    endloop
  endfacet
  facet normal -0.22252 0.974928 0
    outer loop
      vertex 1.53271 35.4527 25
      vertex 3.30933 35.8582 0
      vertex 1.53271 35.4527 0
    endloop
  endfacet
  facet normal 0 1 -0
    outer loop
      vertex 0.846351 36 0
      vertex 0 36 25
      vertex 0.846351 36 25
    endloop
  endfacet
  facet normal 0 1 0
    outer loop
      vertex 0 36 25
      vertex 0.846351 36 0
      vertex 0 36 0
    endloop
  endfacet
  facet normal 0 -1 0
    outer loop
      vertex 0 39 0
      vertex 0.846352 39 25
      vertex 0 39 25
    endloop
  endfacet
  facet normal 0 -1 -0
    outer loop
      vertex 0.846352 39 25
      vertex 0 39 0
      vertex 0.846352 39 0
    endloop
  endfacet
  facet normal -0.900964 -0.433893 0
    outer loop
      vertex 4.1 52.5 0
      vertex 3.30933 54.1418 16.5
      vertex 3.30933 54.1418 0
    endloop
  endfacet
  facet normal -0.900964 -0.433893 0
    outer loop
      vertex 3.30933 54.1418 16.5
      vertex 4.1 52.5 0
      vertex 4.1 52.5 16.5
    endloop
  endfacet
  facet normal 0.623453 -0.78186 0
    outer loop
      vertex 0.846352 54 0
      vertex 1.53271 54.5473 16.5
      vertex 0.846352 54 16.5
    endloop
  endfacet
  facet normal 0.623453 -0.78186 0
    outer loop
      vertex 1.53271 54.5473 16.5
      vertex 0.846352 54 0
      vertex 1.53271 54.5473 0
    endloop
  endfacet
  facet normal -0.22252 -0.974928 0
    outer loop
      vertex 1.53271 54.5473 0
      vertex 3.30933 54.1418 16.5
      vertex 1.53271 54.5473 16.5
    endloop
  endfacet
  facet normal -0.22252 -0.974928 -0
    outer loop
      vertex 3.30933 54.1418 16.5
      vertex 1.53271 54.5473 0
      vertex 3.30933 54.1418 0
    endloop
  endfacet
  facet normal -0.900964 0.433893 0
    outer loop
      vertex 3.30933 50.8582 0
      vertex 4.1 52.5 16.5
      vertex 4.1 52.5 0
    endloop
  endfacet
  facet normal -0.900964 0.433893 0
    outer loop
      vertex 4.1 52.5 16.5
      vertex 3.30933 50.8582 0
      vertex 3.30933 50.8582 16.5
    endloop
  endfacet
  facet normal 0.623453 0.781861 -0
    outer loop
      vertex 1.53271 50.4527 0
      vertex 0.846351 51 16.5
      vertex 1.53271 50.4527 16.5
    endloop
  endfacet
  facet normal 0.623453 0.781861 0
    outer loop
      vertex 0.846351 51 16.5
      vertex 1.53271 50.4527 0
      vertex 0.846351 51 0
    endloop
  endfacet
  facet normal -0.22252 0.974928 0
    outer loop
      vertex 3.30933 50.8582 0
      vertex 1.53271 50.4527 16.5
      vertex 3.30933 50.8582 16.5
    endloop
  endfacet
  facet normal -0.22252 0.974928 0
    outer loop
      vertex 1.53271 50.4527 16.5
      vertex 3.30933 50.8582 0
      vertex 1.53271 50.4527 0
    endloop
  endfacet
  facet normal 0 1 -0
    outer loop
      vertex 0.846351 51 0
      vertex 0 51 16.5
      vertex 0.846351 51 16.5
    endloop
  endfacet
  facet normal 0 1 0
    outer loop
      vertex 0 51 16.5
      vertex 0.846351 51 0
      vertex 0 51 0
    endloop
  endfacet
  facet normal 0 -1 0
    outer loop
      vertex 0 54 0
      vertex 0.846352 54 16.5
      vertex 0 54 16.5
    endloop
  endfacet
  facet normal 0 -1 -0
    outer loop
      vertex 0.846352 54 16.5
      vertex 0 54 0
      vertex 0.846352 54 0
    endloop
  endfacet
  facet normal -0.900964 -0.433893 0
    outer loop
      vertex 4.1 67.5 0
      vertex 3.30933 69.1418 16.5
      vertex 3.30933 69.1418 0
    endloop
  endfacet
  facet normal -0.900964 -0.433893 0
    outer loop
      vertex 3.30933 69.1418 16.5
      vertex 4.1 67.5 0
      vertex 4.1 67.5 16.5
    endloop
  endfacet
  facet normal 0.623453 -0.78186 0
    outer loop
      vertex 0.846352 69 0
      vertex 1.53271 69.5473 16.5
      vertex 0.846352 69 16.5
    endloop
  endfacet
  facet normal 0.623453 -0.78186 0
    outer loop
      vertex 1.53271 69.5473 16.5
      vertex 0.846352 69 0
      vertex 1.53271 69.5473 0
    endloop
  endfacet
  facet normal -0.22252 -0.974928 0
    outer loop
      vertex 1.53271 69.5473 0
      vertex 3.30933 69.1418 16.5
      vertex 1.53271 69.5473 16.5
    endloop
  endfacet
  facet normal -0.22252 -0.974928 -0
    outer loop
      vertex 3.30933 69.1418 16.5
      vertex 1.53271 69.5473 0
      vertex 3.30933 69.1418 0
    endloop
  endfacet
  facet normal -0.900964 0.433893 0
    outer loop
      vertex 3.30933 65.8582 0
      vertex 4.1 67.5 16.5
      vertex 4.1 67.5 0
    endloop
  endfacet
  facet normal -0.900964 0.433893 0
    outer loop
      vertex 4.1 67.5 16.5
      vertex 3.30933 65.8582 0
      vertex 3.30933 65.8582 16.5
    endloop
  endfacet
  facet normal 0.623453 0.781861 -0
    outer loop
      vertex 1.53271 65.4527 0
      vertex 0.846351 66 16.5
      vertex 1.53271 65.4527 16.5
    endloop
  endfacet
  facet normal 0.623453 0.781861 0
    outer loop
      vertex 0.846351 66 16.5
      vertex 1.53271 65.4527 0
      vertex 0.846351 66 0
    endloop
  endfacet
  facet normal -0.22252 0.974928 0
    outer loop
      vertex 3.30933 65.8582 0
      vertex 1.53271 65.4527 16.5
      vertex 3.30933 65.8582 16.5
    endloop
  endfacet
  facet normal -0.22252 0.974928 0
    outer loop
      vertex 1.53271 65.4527 16.5
      vertex 3.30933 65.8582 0
      vertex 1.53271 65.4527 0
    endloop
  endfacet
  facet normal 0 1 -0
    outer loop
      vertex 0.846351 66 0
      vertex 0 66 16.5
      vertex 0.846351 66 16.5
    endloop
  endfacet
  facet normal 0 1 0
    outer loop
      vertex 0 66 16.5
      vertex 0.846351 66 0
      vertex 0 66 0
    endloop
  endfacet
  facet normal 0 -1 0
    outer loop
      vertex 0 69 0
      vertex 0.846352 69 16.5
      vertex 0 69 16.5
    endloop
  endfacet
  facet normal 0 -1 -0
    outer loop
      vertex 0.846352 69 16.5
      vertex 0 69 0
      vertex 0.846352 69 0
    endloop
  endfacet
  facet normal -0.900964 -0.433893 -0
    outer loop
      vertex 4.1 82.5 16.5
      vertex 3.30933 84.1418 0
      vertex 4.1 82.5 0
    endloop
  endfacet
  facet normal -0.900964 -0.433893 0
    outer loop
      vertex 3.30933 84.1418 0
      vertex 4.1 82.5 16.5
      vertex 3.30933 84.1418 25
    endloop
  endfacet
  facet normal -0.900964 -0.433893 0
    outer loop
      vertex 3.30933 84.1418 25
      vertex 4.1 82.5 16.5
      vertex 4.1 82.5 25
    endloop
  endfacet
  facet normal 0.623453 -0.78186 0
    outer loop
      vertex 0.846352 84 0
      vertex 1.53271 84.5473 25
      vertex 0.846352 84 25
    endloop
  endfacet
  facet normal 0.623453 -0.78186 0
    outer loop
      vertex 1.53271 84.5473 25
      vertex 0.846352 84 0
      vertex 1.53271 84.5473 0
    endloop
  endfacet
  facet normal -0.22252 -0.974928 0
    outer loop
      vertex 1.53271 84.5473 0
      vertex 3.30933 84.1418 25
      vertex 1.53271 84.5473 25
    endloop
  endfacet
  facet normal -0.22252 -0.974928 -0
    outer loop
      vertex 3.30933 84.1418 25
      vertex 1.53271 84.5473 0
      vertex 3.30933 84.1418 0
    endloop
  endfacet
  facet normal -0.900964 0.433893 0
    outer loop
      vertex 3.30933 80.8582 0
      vertex 4.1 82.5 16.5
      vertex 4.1 82.5 0
    endloop
  endfacet
  facet normal -0.900964 0.433893 0
    outer loop
      vertex 4.1 82.5 16.5
      vertex 3.30933 80.8582 0
      vertex 3.30933 80.8582 16.5
    endloop
  endfacet
  facet normal 0.623453 0.781861 -0
    outer loop
      vertex 1.53271 80.4527 0
      vertex 0.846351 81 16.5
      vertex 1.53271 80.4527 16.5
    endloop
  endfacet
  facet normal 0.623453 0.781861 0
    outer loop
      vertex 0.846351 81 16.5
      vertex 1.53271 80.4527 0
      vertex 0.846351 81 0
    endloop
  endfacet
  facet normal -0.22252 0.974928 0
    outer loop
      vertex 3.30933 80.8582 0
      vertex 1.53271 80.4527 16.5
      vertex 3.30933 80.8582 16.5
    endloop
  endfacet
  facet normal -0.22252 0.974928 0
    outer loop
      vertex 1.53271 80.4527 16.5
      vertex 3.30933 80.8582 0
      vertex 1.53271 80.4527 0
    endloop
  endfacet
  facet normal 0 1 -0
    outer loop
      vertex 0.846351 81 0
      vertex 0 81 16.5
      vertex 0.846351 81 16.5
    endloop
  endfacet
  facet normal 0 1 0
    outer loop
      vertex 0 81 16.5
      vertex 0.846351 81 0
      vertex 0 81 0
    endloop
  endfacet
  facet normal 0 -1 0
    outer loop
      vertex 0 84 0
      vertex 0.846352 84 25
      vertex 0 84 25
    endloop
  endfacet
  facet normal 0 -1 -0
    outer loop
      vertex 0.846352 84 25
      vertex 0 84 0
      vertex 0.846352 84 0
    endloop
  endfacet
  facet normal 0 1 -0
    outer loop
      vertex 21 105 0
      vertex 9 105 25
      vertex 21 105 25
    endloop
  endfacet
  facet normal 0 1 0
    outer loop
      vertex 9 105 25
      vertex 21 105 0
      vertex 9 105 0
    endloop
  endfacet
  facet normal 0 1 -0
    outer loop
      vertex 36 105 0
      vertex 24 105 25
      vertex 36 105 25
    endloop
  endfacet
  facet normal 0 1 0
    outer loop
      vertex 24 105 25
      vertex 36 105 0
      vertex 24 105 0
    endloop
  endfacet
  facet normal 0 1 -0
    outer loop
      vertex 51 105 0
      vertex 39 105 25
      vertex 51 105 25
    endloop
  endfacet
  facet normal 0 1 0
    outer loop
      vertex 39 105 25
      vertex 51 105 0
      vertex 39 105 0
    endloop
  endfacet
  facet normal 0 1 -0
    outer loop
      vertex 66 105 0
      vertex 54 105 25
      vertex 66 105 25
    endloop
  endfacet
  facet normal 0 1 0
    outer loop
      vertex 54 105 25
      vertex 66 105 0
      vertex 54 105 0
    endloop
  endfacet
  facet normal 0 1 -0
    outer loop
      vertex 81 105 0
      vertex 69 105 25
      vertex 81 105 25
    endloop
  endfacet
  facet normal 0 1 0
    outer loop
      vertex 69 105 25
      vertex 81 105 0
      vertex 69 105 0
    endloop
  endfacet
  facet normal 0 1 -0
    outer loop
      vertex 96 105 0
      vertex 84 105 25
      vertex 96 105 25
    endloop
  endfacet
  facet normal 0 1 0
    outer loop
      vertex 84 105 25
      vertex 96 105 0
      vertex 84 105 0
    endloop
  endfacet
  facet normal 0 1 -0
    outer loop
      vertex 99 105 25
      vertex 94.464 105 39
      vertex 105 105 39
    endloop
  endfacet
  facet normal 0 1 0
    outer loop
      vertex 94.464 105 39
      vertex 54 105 25
      vertex 10.536 105 39
    endloop
  endfacet
  facet normal 0 1 0
    outer loop
      vertex 94.464 105 39
      vertex 99 105 25
      vertex 96 105 25
    endloop
  endfacet
  facet normal 0 1 -0
    outer loop
      vertex 105 105 0
      vertex 99 105 25
      vertex 105 105 39
    endloop
  endfacet
  facet normal 0 1 0
    outer loop
      vertex 99 105 25
      vertex 105 105 0
      vertex 99 105 0
    endloop
  endfacet
  facet normal 0 1 -0
    outer loop
      vertex 94.464 105 39
      vertex 10.536 105 42
      vertex 94.464 105 42
    endloop
  endfacet
  facet normal 0 1 0
    outer loop
      vertex 10.536 105 42
      vertex 94.464 105 39
      vertex 10.536 105 39
    endloop
  endfacet
  facet normal 0 1 0
    outer loop
      vertex 94.464 105 39
      vertex 96 105 25
      vertex 84 105 25
    endloop
  endfacet
  facet normal 0 1 0
    outer loop
      vertex 94.464 105 39
      vertex 84 105 25
      vertex 81 105 25
    endloop
  endfacet
  facet normal 0 1 0
    outer loop
      vertex 94.464 105 39
      vertex 81 105 25
      vertex 69 105 25
    endloop
  endfacet
  facet normal 0 1 0
    outer loop
      vertex 94.464 105 39
      vertex 69 105 25
      vertex 66 105 25
    endloop
  endfacet
  facet normal 0 1 0
    outer loop
      vertex 94.464 105 39
      vertex 66 105 25
      vertex 54 105 25
    endloop
  endfacet
  facet normal 0 1 -0
    outer loop
      vertex 51 105 25
      vertex 10.536 105 39
      vertex 54 105 25
    endloop
  endfacet
  facet normal 0 1 -0
    outer loop
      vertex 39 105 25
      vertex 10.536 105 39
      vertex 51 105 25
    endloop
  endfacet
  facet normal 0 1 -0
    outer loop
      vertex 36 105 25
      vertex 10.536 105 39
      vertex 39 105 25
    endloop
  endfacet
  facet normal 0 1 -0
    outer loop
      vertex 24 105 25
      vertex 10.536 105 39
      vertex 36 105 25
    endloop
  endfacet
  facet normal 0 1 -0
    outer loop
      vertex 21 105 25
      vertex 10.536 105 39
      vertex 24 105 25
    endloop
  endfacet
  facet normal 0 1 0
    outer loop
      vertex 9 105 25
      vertex 10.536 105 39
      vertex 21 105 25
    endloop
  endfacet
  facet normal 0 1 0
    outer loop
      vertex 6 105 25
      vertex 10.536 105 39
      vertex 9 105 25
    endloop
  endfacet
  facet normal 0 1 0
    outer loop
      vertex 10.536 105 39
      vertex 6 105 25
      vertex 0 105 39
    endloop
  endfacet
  facet normal 0 1 0
    outer loop
      vertex 0 105 0
      vertex 6 105 25
      vertex 6 105 0
    endloop
  endfacet
  facet normal 0 1 0
    outer loop
      vertex 6 105 25
      vertex 0 105 0
      vertex 0 105 39
    endloop
  endfacet
  facet normal -0.900981 -0.433859 0
    outer loop
      vertex 9.6 103 0
      vertex 9 104.246 25
      vertex 9 104.246 0
    endloop
  endfacet
  facet normal -0.900981 -0.433859 0
    outer loop
      vertex 9 104.246 25
      vertex 9.6 103 0
      vertex 9.6 103 25
    endloop
  endfacet
  facet normal 1 -0 0
    outer loop
      vertex 5.60796 102.089 25
      vertex 5.60796 103.911 0
      vertex 5.60796 103.911 25
    endloop
  endfacet
  facet normal 1 0 0
    outer loop
      vertex 5.60796 103.911 0
      vertex 5.60796 102.089 25
      vertex 5.60796 102.089 0
    endloop
  endfacet
  facet normal 0.623927 -0.781483 0
    outer loop
      vertex 5.60796 103.911 0
      vertex 6 104.224 25
      vertex 5.60796 103.911 25
    endloop
  endfacet
  facet normal 0.623927 -0.781483 0
    outer loop
      vertex 6 104.224 25
      vertex 5.60796 103.911 0
      vertex 6 104.224 0
    endloop
  endfacet
  facet normal -0.900985 0.43385 0
    outer loop
      vertex 8.80933 101.358 0
      vertex 9.6 103 25
      vertex 9.6 103 0
    endloop
  endfacet
  facet normal -0.900985 0.43385 0
    outer loop
      vertex 9.6 103 25
      vertex 8.80933 101.358 0
      vertex 8.80933 101.358 25
    endloop
  endfacet
  facet normal 0.623423 0.781885 -0
    outer loop
      vertex 7.03271 100.953 0
      vertex 5.60796 102.089 25
      vertex 7.03271 100.953 25
    endloop
  endfacet
  facet normal 0.623423 0.781885 0
    outer loop
      vertex 5.60796 102.089 25
      vertex 7.03271 100.953 0
      vertex 5.60796 102.089 0
    endloop
  endfacet
  facet normal -0.222259 0.974988 0
    outer loop
      vertex 8.80933 101.358 0
      vertex 7.03271 100.953 25
      vertex 8.80933 101.358 25
    endloop
  endfacet
  facet normal -0.222259 0.974988 0
    outer loop
      vertex 7.03271 100.953 25
      vertex 8.80933 101.358 0
      vertex 7.03271 100.953 0
    endloop
  endfacet
  facet normal -0.900964 -0.433893 0
    outer loop
      vertex 4.1 97.5 0
      vertex 3.30933 99.1418 25
      vertex 3.30933 99.1418 0
    endloop
  endfacet
  facet normal -0.900964 -0.433893 0
    outer loop
      vertex 3.30933 99.1418 25
      vertex 4.1 97.5 0
      vertex 4.1 97.5 25
    endloop
  endfacet
  facet normal 0.623453 -0.78186 0
    outer loop
      vertex 0.846352 99 0
      vertex 1.53271 99.5473 25
      vertex 0.846352 99 25
    endloop
  endfacet
  facet normal 0.623453 -0.78186 0
    outer loop
      vertex 1.53271 99.5473 25
      vertex 0.846352 99 0
      vertex 1.53271 99.5473 0
    endloop
  endfacet
  facet normal -0.22252 -0.974928 0
    outer loop
      vertex 1.53271 99.5473 0
      vertex 3.30933 99.1418 25
      vertex 1.53271 99.5473 25
    endloop
  endfacet
  facet normal -0.22252 -0.974928 -0
    outer loop
      vertex 3.30933 99.1418 25
      vertex 1.53271 99.5473 0
      vertex 3.30933 99.1418 0
    endloop
  endfacet
  facet normal -0.900964 0.433893 0
    outer loop
      vertex 3.30933 95.8582 0
      vertex 4.1 97.5 25
      vertex 4.1 97.5 0
    endloop
  endfacet
  facet normal -0.900964 0.433893 0
    outer loop
      vertex 4.1 97.5 25
      vertex 3.30933 95.8582 0
      vertex 3.30933 95.8582 25
    endloop
  endfacet
  facet normal 0.623453 0.781861 -0
    outer loop
      vertex 1.53271 95.4527 0
      vertex 0.846351 96 25
      vertex 1.53271 95.4527 25
    endloop
  endfacet
  facet normal 0.623453 0.781861 0
    outer loop
      vertex 0.846351 96 25
      vertex 1.53271 95.4527 0
      vertex 0.846351 96 0
    endloop
  endfacet
  facet normal -0.22252 0.974928 0
    outer loop
      vertex 3.30933 95.8582 0
      vertex 1.53271 95.4527 25
      vertex 3.30933 95.8582 25
    endloop
  endfacet
  facet normal -0.22252 0.974928 0
    outer loop
      vertex 1.53271 95.4527 25
      vertex 3.30933 95.8582 0
      vertex 1.53271 95.4527 0
    endloop
  endfacet
  facet normal 1 -0 0
    outer loop
      vertex 6 104.224 25
      vertex 6 105 0
      vertex 6 105 25
    endloop
  endfacet
  facet normal 1 0 0
    outer loop
      vertex 6 105 0
      vertex 6 104.224 25
      vertex 6 104.224 0
    endloop
  endfacet
  facet normal -1 0 0
    outer loop
      vertex 9 104.246 0
      vertex 9 105 25
      vertex 9 105 0
    endloop
  endfacet
  facet normal -1 -0 0
    outer loop
      vertex 9 105 25
      vertex 9 104.246 0
      vertex 9 104.246 25
    endloop
  endfacet
  facet normal 0 1 -0
    outer loop
      vertex 0.846351 96 0
      vertex 0 96 25
      vertex 0.846351 96 25
    endloop
  endfacet
  facet normal 0 1 0
    outer loop
      vertex 0 96 25
      vertex 0.846351 96 0
      vertex 0 96 0
    endloop
  endfacet
  facet normal 0 -1 0
    outer loop
      vertex 0 99 0
      vertex 0.846352 99 25
      vertex 0 99 25
    endloop
  endfacet
  facet normal 0 -1 -0
    outer loop
      vertex 0.846352 99 25
      vertex 0 99 0
      vertex 0.846352 99 0
    endloop
  endfacet
  facet normal -0.900963 -0.433896 0
    outer loop
      vertex 24.6 2 0
      vertex 23.8093 3.64185 25
      vertex 23.8093 3.64185 0
    endloop
  endfacet
  facet normal -0.900963 -0.433896 0
    outer loop
      vertex 23.8093 3.64185 25
      vertex 24.6 2 0
      vertex 24.6 2 25
    endloop
  endfacet
  facet normal 1 -0 0
    outer loop
      vertex 20.608 1.08884 25
      vertex 20.608 2.91116 0
      vertex 20.608 2.91116 25
    endloop
  endfacet
  facet normal 1 0 0
    outer loop
      vertex 20.608 2.91116 0
      vertex 20.608 1.08884 25
      vertex 20.608 1.08884 0
    endloop
  endfacet
  facet normal 0.6235 -0.781824 0
    outer loop
      vertex 20.608 2.91116 0
      vertex 22.0327 4.04735 25
      vertex 20.608 2.91116 25
    endloop
  endfacet
  facet normal 0.6235 -0.781824 0
    outer loop
      vertex 22.0327 4.04735 25
      vertex 20.608 2.91116 0
      vertex 22.0327 4.04735 0
    endloop
  endfacet
  facet normal -0.222522 -0.974928 0
    outer loop
      vertex 22.0327 4.04735 0
      vertex 23.8093 3.64185 25
      vertex 22.0327 4.04735 25
    endloop
  endfacet
  facet normal -0.222522 -0.974928 -0
    outer loop
      vertex 23.8093 3.64185 25
      vertex 22.0327 4.04735 0
      vertex 23.8093 3.64185 0
    endloop
  endfacet
  facet normal -0.900969 0.433884 0
    outer loop
      vertex 24 0.754088 0
      vertex 24.6 2 25
      vertex 24.6 2 0
    endloop
  endfacet
  facet normal -0.900969 0.433884 0
    outer loop
      vertex 24.6 2 25
      vertex 24 0.754088 0
      vertex 24 0.754088 25
    endloop
  endfacet
  facet normal 0.62352 0.781808 -0
    outer loop
      vertex 21 0.776206 0
      vertex 20.608 1.08884 25
      vertex 21 0.776206 25
    endloop
  endfacet
  facet normal 0.62352 0.781808 0
    outer loop
      vertex 20.608 1.08884 25
      vertex 21 0.776206 0
      vertex 20.608 1.08884 0
    endloop
  endfacet
  facet normal 1 -0 0
    outer loop
      vertex 21 0 25
      vertex 21 0.776206 0
      vertex 21 0.776206 25
    endloop
  endfacet
  facet normal 1 0 0
    outer loop
      vertex 21 0.776206 0
      vertex 21 0 25
      vertex 21 0 0
    endloop
  endfacet
  facet normal -1 0 0
    outer loop
      vertex 24 0 0
      vertex 24 0.754088 25
      vertex 24 0.754088 0
    endloop
  endfacet
  facet normal -1 -0 0
    outer loop
      vertex 24 0.754088 25
      vertex 24 0 0
      vertex 24 0 25
    endloop
  endfacet
  facet normal -0.900981 -0.433859 0
    outer loop
      vertex 24.6 103 0
      vertex 24 104.246 25
      vertex 24 104.246 0
    endloop
  endfacet
  facet normal -0.900981 -0.433859 0
    outer loop
      vertex 24 104.246 25
      vertex 24.6 103 0
      vertex 24.6 103 25
    endloop
  endfacet
  facet normal 1 -0 0
    outer loop
      vertex 20.608 102.089 25
      vertex 20.608 103.911 0
      vertex 20.608 103.911 25
    endloop
  endfacet
  facet normal 1 0 0
    outer loop
      vertex 20.608 103.911 0
      vertex 20.608 102.089 25
      vertex 20.608 102.089 0
    endloop
  endfacet
  facet normal 0.623965 -0.781452 0
    outer loop
      vertex 20.608 103.911 0
      vertex 21 104.224 25
      vertex 20.608 103.911 25
    endloop
  endfacet
  facet normal 0.623965 -0.781452 0
    outer loop
      vertex 21 104.224 25
      vertex 20.608 103.911 0
      vertex 21 104.224 0
    endloop
  endfacet
  facet normal -0.900979 0.433863 0
    outer loop
      vertex 23.8093 101.358 0
      vertex 24.6 103 25
      vertex 24.6 103 0
    endloop
  endfacet
  facet normal -0.900979 0.433863 0
    outer loop
      vertex 24.6 103 25
      vertex 23.8093 101.358 0
      vertex 23.8093 101.358 25
    endloop
  endfacet
  facet normal 0.623436 0.781874 -0
    outer loop
      vertex 22.0327 100.953 0
      vertex 20.608 102.089 25
      vertex 22.0327 100.953 25
    endloop
  endfacet
  facet normal 0.623436 0.781874 0
    outer loop
      vertex 20.608 102.089 25
      vertex 22.0327 100.953 0
      vertex 20.608 102.089 0
    endloop
  endfacet
  facet normal -0.222261 0.974987 0
    outer loop
      vertex 23.8093 101.358 0
      vertex 22.0327 100.953 25
      vertex 23.8093 101.358 25
    endloop
  endfacet
  facet normal -0.222261 0.974987 0
    outer loop
      vertex 22.0327 100.953 25
      vertex 23.8093 101.358 0
      vertex 22.0327 100.953 0
    endloop
  endfacet
  facet normal 1 -0 0
    outer loop
      vertex 21 104.224 25
      vertex 21 105 0
      vertex 21 105 25
    endloop
  endfacet
  facet normal 1 0 0
    outer loop
      vertex 21 105 0
      vertex 21 104.224 25
      vertex 21 104.224 0
    endloop
  endfacet
  facet normal -1 0 0
    outer loop
      vertex 24 104.246 0
      vertex 24 105 25
      vertex 24 105 0
    endloop
  endfacet
  facet normal -1 -0 0
    outer loop
      vertex 24 105 25
      vertex 24 104.246 0
      vertex 24 104.246 25
    endloop
  endfacet
  facet normal -0.900963 -0.433896 0
    outer loop
      vertex 39.6 2 0
      vertex 38.8093 3.64185 25
      vertex 38.8093 3.64185 0
    endloop
  endfacet
  facet normal -0.900963 -0.433896 0
    outer loop
      vertex 38.8093 3.64185 25
      vertex 39.6 2 0
      vertex 39.6 2 25
    endloop
  endfacet
  facet normal 1 -0 0
    outer loop
      vertex 35.608 1.08884 25
      vertex 35.608 2.91116 0
      vertex 35.608 2.91116 25
    endloop
  endfacet
  facet normal 1 0 0
    outer loop
      vertex 35.608 2.91116 0
      vertex 35.608 1.08884 25
      vertex 35.608 1.08884 0
    endloop
  endfacet
  facet normal 0.6235 -0.781824 0
    outer loop
      vertex 35.608 2.91116 0
      vertex 37.0327 4.04735 25
      vertex 35.608 2.91116 25
    endloop
  endfacet
  facet normal 0.6235 -0.781824 0
    outer loop
      vertex 37.0327 4.04735 25
      vertex 35.608 2.91116 0
      vertex 37.0327 4.04735 0
    endloop
  endfacet
  facet normal -0.222522 -0.974928 0
    outer loop
      vertex 37.0327 4.04735 0
      vertex 38.8093 3.64185 25
      vertex 37.0327 4.04735 25
    endloop
  endfacet
  facet normal -0.222522 -0.974928 -0
    outer loop
      vertex 38.8093 3.64185 25
      vertex 37.0327 4.04735 0
      vertex 38.8093 3.64185 0
    endloop
  endfacet
  facet normal -0.900969 0.433884 0
    outer loop
      vertex 39 0.754088 0
      vertex 39.6 2 25
      vertex 39.6 2 0
    endloop
  endfacet
  facet normal -0.900969 0.433884 0
    outer loop
      vertex 39.6 2 25
      vertex 39 0.754088 0
      vertex 39 0.754088 25
    endloop
  endfacet
  facet normal 0.62352 0.781808 -0
    outer loop
      vertex 36 0.776206 0
      vertex 35.608 1.08884 25
      vertex 36 0.776206 25
    endloop
  endfacet
  facet normal 0.62352 0.781808 0
    outer loop
      vertex 35.608 1.08884 25
      vertex 36 0.776206 0
      vertex 35.608 1.08884 0
    endloop
  endfacet
  facet normal 1 -0 0
    outer loop
      vertex 36 0 25
      vertex 36 0.776206 0
      vertex 36 0.776206 25
    endloop
  endfacet
  facet normal 1 0 0
    outer loop
      vertex 36 0.776206 0
      vertex 36 0 25
      vertex 36 0 0
    endloop
  endfacet
  facet normal -1 0 0
    outer loop
      vertex 39 0 0
      vertex 39 0.754088 25
      vertex 39 0.754088 0
    endloop
  endfacet
  facet normal -1 -0 0
    outer loop
      vertex 39 0.754088 25
      vertex 39 0 0
      vertex 39 0 25
    endloop
  endfacet
  facet normal -0.900981 -0.433859 0
    outer loop
      vertex 39.6 103 0
      vertex 39 104.246 25
      vertex 39 104.246 0
    endloop
  endfacet
  facet normal -0.900981 -0.433859 0
    outer loop
      vertex 39 104.246 25
      vertex 39.6 103 0
      vertex 39.6 103 25
    endloop
  endfacet
  facet normal 1 0 0
    outer loop
      vertex 35.608 103.911 25
      vertex 35.608 102.5 5.02
      vertex 35.608 103.911 0
    endloop
  endfacet
  facet normal 1 -0 0
    outer loop
      vertex 35.608 102.089 25
      vertex 35.608 102.5 5.02
      vertex 35.608 103.911 25
    endloop
  endfacet
  facet normal 1 0 0
    outer loop
      vertex 35.608 102.5 5.02
      vertex 35.608 102.089 25
      vertex 35.608 102.089 5.02
    endloop
  endfacet
  facet normal 1 0 0
    outer loop
      vertex 35.608 103.911 0
      vertex 35.608 102.5 5.02
      vertex 35.608 102.5 0
    endloop
  endfacet
  facet normal 0.623965 -0.781452 0
    outer loop
      vertex 35.608 103.911 0
      vertex 36 104.224 25
      vertex 35.608 103.911 25
    endloop
  endfacet
  facet normal 0.623965 -0.781452 0
    outer loop
      vertex 36 104.224 25
      vertex 35.608 103.911 0
      vertex 36 104.224 0
    endloop
  endfacet
  facet normal -0.90096 0.433902 0
    outer loop
      vertex 39.3592 102.5 5.02
      vertex 39.6 103 0
      vertex 39.3592 102.5 0
    endloop
  endfacet
  facet normal -0.90096 0.433902 0
    outer loop
      vertex 39.6 103 0
      vertex 39.3592 102.5 5.02
      vertex 39.6 103 25
    endloop
  endfacet
  facet normal -0.900987 0.433846 0
    outer loop
      vertex 38.8093 101.358 25
      vertex 39.3592 102.5 5.02
      vertex 38.8093 101.358 5.02
    endloop
  endfacet
  facet normal -0.900979 0.433863 1.19738e-06
    outer loop
      vertex 39.3592 102.5 5.02
      vertex 38.8093 101.358 25
      vertex 39.6 103 25
    endloop
  endfacet
  facet normal 0.623436 0.781874 -0
    outer loop
      vertex 37.0327 100.953 5.02
      vertex 35.608 102.089 25
      vertex 37.0327 100.953 25
    endloop
  endfacet
  facet normal 0.623436 0.781874 0
    outer loop
      vertex 35.608 102.089 25
      vertex 37.0327 100.953 5.02
      vertex 35.608 102.089 5.02
    endloop
  endfacet
  facet normal -0.222261 0.974987 0
    outer loop
      vertex 38.8093 101.358 5.02
      vertex 37.0327 100.953 25
      vertex 38.8093 101.358 25
    endloop
  endfacet
  facet normal -0.222261 0.974987 0
    outer loop
      vertex 37.0327 100.953 25
      vertex 38.8093 101.358 5.02
      vertex 37.0327 100.953 5.02
    endloop
  endfacet
  facet normal 1 -0 0
    outer loop
      vertex 36 104.224 25
      vertex 36 105 0
      vertex 36 105 25
    endloop
  endfacet
  facet normal 1 0 0
    outer loop
      vertex 36 105 0
      vertex 36 104.224 25
      vertex 36 104.224 0
    endloop
  endfacet
  facet normal -1 0 0
    outer loop
      vertex 39 104.246 0
      vertex 39 105 25
      vertex 39 105 0
    endloop
  endfacet
  facet normal -1 -0 0
    outer loop
      vertex 39 105 25
      vertex 39 104.246 0
      vertex 39 104.246 25
    endloop
  endfacet
  facet normal -0.900963 -0.433896 0
    outer loop
      vertex 54.6 2 0
      vertex 53.8093 3.64185 25
      vertex 53.8093 3.64185 0
    endloop
  endfacet
  facet normal -0.900963 -0.433896 0
    outer loop
      vertex 53.8093 3.64185 25
      vertex 54.6 2 0
      vertex 54.6 2 25
    endloop
  endfacet
  facet normal 1 -0 0
    outer loop
      vertex 50.608 1.08884 25
      vertex 50.608 2.91116 0
      vertex 50.608 2.91116 25
    endloop
  endfacet
  facet normal 1 0 0
    outer loop
      vertex 50.608 2.91116 0
      vertex 50.608 1.08884 25
      vertex 50.608 1.08884 0
    endloop
  endfacet
  facet normal 0.6235 -0.781824 0
    outer loop
      vertex 50.608 2.91116 0
      vertex 52.0327 4.04735 25
      vertex 50.608 2.91116 25
    endloop
  endfacet
  facet normal 0.6235 -0.781824 0
    outer loop
      vertex 52.0327 4.04735 25
      vertex 50.608 2.91116 0
      vertex 52.0327 4.04735 0
    endloop
  endfacet
  facet normal -0.222522 -0.974928 0
    outer loop
      vertex 52.0327 4.04735 0
      vertex 53.8093 3.64185 25
      vertex 52.0327 4.04735 25
    endloop
  endfacet
  facet normal -0.222522 -0.974928 -0
    outer loop
      vertex 53.8093 3.64185 25
      vertex 52.0327 4.04735 0
      vertex 53.8093 3.64185 0
    endloop
  endfacet
  facet normal -0.900969 0.433884 0
    outer loop
      vertex 54 0.754088 0
      vertex 54.6 2 25
      vertex 54.6 2 0
    endloop
  endfacet
  facet normal -0.900969 0.433884 0
    outer loop
      vertex 54.6 2 25
      vertex 54 0.754088 0
      vertex 54 0.754088 25
    endloop
  endfacet
  facet normal 0.62352 0.781808 -0
    outer loop
      vertex 51 0.776206 0
      vertex 50.608 1.08884 25
      vertex 51 0.776206 25
    endloop
  endfacet
  facet normal 0.62352 0.781808 0
    outer loop
      vertex 50.608 1.08884 25
      vertex 51 0.776206 0
      vertex 50.608 1.08884 0
    endloop
  endfacet
  facet normal 1 -0 0
    outer loop
      vertex 51 0 25
      vertex 51 0.776206 0
      vertex 51 0.776206 25
    endloop
  endfacet
  facet normal 1 0 0
    outer loop
      vertex 51 0.776206 0
      vertex 51 0 25
      vertex 51 0 0
    endloop
  endfacet
  facet normal -1 0 0
    outer loop
      vertex 54 0 0
      vertex 54 0.754088 25
      vertex 54 0.754088 0
    endloop
  endfacet
  facet normal -1 -0 0
    outer loop
      vertex 54 0.754088 25
      vertex 54 0 0
      vertex 54 0 25
    endloop
  endfacet
  facet normal -0.900981 -0.433859 0
    outer loop
      vertex 54.6 103 0
      vertex 54 104.246 25
      vertex 54 104.246 0
    endloop
  endfacet
  facet normal -0.900981 -0.433859 0
    outer loop
      vertex 54 104.246 25
      vertex 54.6 103 0
      vertex 54.6 103 25
    endloop
  endfacet
  facet normal 1 0 0
    outer loop
      vertex 50.608 103.911 25
      vertex 50.608 102.5 5.02
      vertex 50.608 103.911 0
    endloop
  endfacet
  facet normal 1 -0 0
    outer loop
      vertex 50.608 102.089 25
      vertex 50.608 102.5 5.02
      vertex 50.608 103.911 25
    endloop
  endfacet
  facet normal 1 0 0
    outer loop
      vertex 50.608 102.5 5.02
      vertex 50.608 102.089 25
      vertex 50.608 102.089 5.02
    endloop
  endfacet
  facet normal 1 0 0
    outer loop
      vertex 50.608 103.911 0
      vertex 50.608 102.5 5.02
      vertex 50.608 102.5 0
    endloop
  endfacet
  facet normal 0.623965 -0.781452 0
    outer loop
      vertex 50.608 103.911 0
      vertex 51 104.224 25
      vertex 50.608 103.911 25
    endloop
  endfacet
  facet normal 0.623965 -0.781452 0
    outer loop
      vertex 51 104.224 25
      vertex 50.608 103.911 0
      vertex 51 104.224 0
    endloop
  endfacet
  facet normal -0.90096 0.433902 0
    outer loop
      vertex 54.3592 102.5 5.02
      vertex 54.6 103 0
      vertex 54.3592 102.5 0
    endloop
  endfacet
  facet normal -0.90096 0.433902 0
    outer loop
      vertex 54.6 103 0
      vertex 54.3592 102.5 5.02
      vertex 54.6 103 25
    endloop
  endfacet
  facet normal -0.900987 0.433846 0
    outer loop
      vertex 53.8093 101.358 25
      vertex 54.3592 102.5 5.02
      vertex 53.8093 101.358 5.02
    endloop
  endfacet
  facet normal -0.900979 0.433863 1.19738e-06
    outer loop
      vertex 54.3592 102.5 5.02
      vertex 53.8093 101.358 25
      vertex 54.6 103 25
    endloop
  endfacet
  facet normal 0.623436 0.781874 -0
    outer loop
      vertex 52.0327 100.953 5.02
      vertex 50.608 102.089 25
      vertex 52.0327 100.953 25
    endloop
  endfacet
  facet normal 0.623436 0.781874 0
    outer loop
      vertex 50.608 102.089 25
      vertex 52.0327 100.953 5.02
      vertex 50.608 102.089 5.02
    endloop
  endfacet
  facet normal -0.222261 0.974987 0
    outer loop
      vertex 53.8093 101.358 5.02
      vertex 52.0327 100.953 25
      vertex 53.8093 101.358 25
    endloop
  endfacet
  facet normal -0.222261 0.974987 0
    outer loop
      vertex 52.0327 100.953 25
      vertex 53.8093 101.358 5.02
      vertex 52.0327 100.953 5.02
    endloop
  endfacet
  facet normal 1 -0 0
    outer loop
      vertex 51 104.224 25
      vertex 51 105 0
      vertex 51 105 25
    endloop
  endfacet
  facet normal 1 0 0
    outer loop
      vertex 51 105 0
      vertex 51 104.224 25
      vertex 51 104.224 0
    endloop
  endfacet
  facet normal -1 0 0
    outer loop
      vertex 54 104.246 0
      vertex 54 105 25
      vertex 54 105 0
    endloop
  endfacet
  facet normal -1 -0 0
    outer loop
      vertex 54 105 25
      vertex 54 104.246 0
      vertex 54 104.246 25
    endloop
  endfacet
  facet normal -0.900963 -0.433896 0
    outer loop
      vertex 69.6 2 0
      vertex 68.8093 3.64185 25
      vertex 68.8093 3.64185 0
    endloop
  endfacet
  facet normal -0.900963 -0.433896 0
    outer loop
      vertex 68.8093 3.64185 25
      vertex 69.6 2 0
      vertex 69.6 2 25
    endloop
  endfacet
  facet normal 1 -0 0
    outer loop
      vertex 65.608 1.08884 25
      vertex 65.608 2.91116 0
      vertex 65.608 2.91116 25
    endloop
  endfacet
  facet normal 1 0 0
    outer loop
      vertex 65.608 2.91116 0
      vertex 65.608 1.08884 25
      vertex 65.608 1.08884 0
    endloop
  endfacet
  facet normal 0.6235 -0.781824 0
    outer loop
      vertex 65.608 2.91116 0
      vertex 67.0327 4.04735 25
      vertex 65.608 2.91116 25
    endloop
  endfacet
  facet normal 0.6235 -0.781824 0
    outer loop
      vertex 67.0327 4.04735 25
      vertex 65.608 2.91116 0
      vertex 67.0327 4.04735 0
    endloop
  endfacet
  facet normal -0.222522 -0.974928 0
    outer loop
      vertex 67.0327 4.04735 0
      vertex 68.8093 3.64185 25
      vertex 67.0327 4.04735 25
    endloop
  endfacet
  facet normal -0.222522 -0.974928 -0
    outer loop
      vertex 68.8093 3.64185 25
      vertex 67.0327 4.04735 0
      vertex 68.8093 3.64185 0
    endloop
  endfacet
  facet normal -0.900969 0.433884 0
    outer loop
      vertex 69 0.754088 0
      vertex 69.6 2 25
      vertex 69.6 2 0
    endloop
  endfacet
  facet normal -0.900969 0.433884 0
    outer loop
      vertex 69.6 2 25
      vertex 69 0.754088 0
      vertex 69 0.754088 25
    endloop
  endfacet
  facet normal 0.62352 0.781808 -0
    outer loop
      vertex 66 0.776206 0
      vertex 65.608 1.08884 25
      vertex 66 0.776206 25
    endloop
  endfacet
  facet normal 0.62352 0.781808 0
    outer loop
      vertex 65.608 1.08884 25
      vertex 66 0.776206 0
      vertex 65.608 1.08884 0
    endloop
  endfacet
  facet normal 1 -0 0
    outer loop
      vertex 66 0 25
      vertex 66 0.776206 0
      vertex 66 0.776206 25
    endloop
  endfacet
  facet normal 1 0 0
    outer loop
      vertex 66 0.776206 0
      vertex 66 0 25
      vertex 66 0 0
    endloop
  endfacet
  facet normal -1 0 0
    outer loop
      vertex 69 0 0
      vertex 69 0.754088 25
      vertex 69 0.754088 0
    endloop
  endfacet
  facet normal -1 -0 0
    outer loop
      vertex 69 0.754088 25
      vertex 69 0 0
      vertex 69 0 25
    endloop
  endfacet
  facet normal -0.900981 -0.433859 0
    outer loop
      vertex 69.6 103 0
      vertex 69 104.246 25
      vertex 69 104.246 0
    endloop
  endfacet
  facet normal -0.900981 -0.433859 0
    outer loop
      vertex 69 104.246 25
      vertex 69.6 103 0
      vertex 69.6 103 25
    endloop
  endfacet
  facet normal 1 0 0
    outer loop
      vertex 65.608 103.911 25
      vertex 65.608 102.5 5.02
      vertex 65.608 103.911 0
    endloop
  endfacet
  facet normal 1 -0 0
    outer loop
      vertex 65.608 102.089 25
      vertex 65.608 102.5 5.02
      vertex 65.608 103.911 25
    endloop
  endfacet
  facet normal 1 0 0
    outer loop
      vertex 65.608 102.5 5.02
      vertex 65.608 102.089 25
      vertex 65.608 102.089 5.02
    endloop
  endfacet
  facet normal 1 0 0
    outer loop
      vertex 65.608 103.911 0
      vertex 65.608 102.5 5.02
      vertex 65.608 102.5 0
    endloop
  endfacet
  facet normal 0.623965 -0.781452 0
    outer loop
      vertex 65.608 103.911 0
      vertex 66 104.224 25
      vertex 65.608 103.911 25
    endloop
  endfacet
  facet normal 0.623965 -0.781452 0
    outer loop
      vertex 66 104.224 25
      vertex 65.608 103.911 0
      vertex 66 104.224 0
    endloop
  endfacet
  facet normal -0.90096 0.433902 0
    outer loop
      vertex 69.3592 102.5 5.02
      vertex 69.6 103 0
      vertex 69.3592 102.5 0
    endloop
  endfacet
  facet normal -0.90096 0.433902 0
    outer loop
      vertex 69.6 103 0
      vertex 69.3592 102.5 5.02
      vertex 69.6 103 25
    endloop
  endfacet
  facet normal -0.900987 0.433846 0
    outer loop
      vertex 68.8093 101.358 25
      vertex 69.3592 102.5 5.02
      vertex 68.8093 101.358 5.02
    endloop
  endfacet
  facet normal -0.900979 0.433863 1.19738e-06
    outer loop
      vertex 69.3592 102.5 5.02
      vertex 68.8093 101.358 25
      vertex 69.6 103 25
    endloop
  endfacet
  facet normal 0.623436 0.781874 -0
    outer loop
      vertex 67.0327 100.953 5.02
      vertex 65.608 102.089 25
      vertex 67.0327 100.953 25
    endloop
  endfacet
  facet normal 0.623436 0.781874 0
    outer loop
      vertex 65.608 102.089 25
      vertex 67.0327 100.953 5.02
      vertex 65.608 102.089 5.02
    endloop
  endfacet
  facet normal -0.222261 0.974987 0
    outer loop
      vertex 68.8093 101.358 5.02
      vertex 67.0327 100.953 25
      vertex 68.8093 101.358 25
    endloop
  endfacet
  facet normal -0.222261 0.974987 0
    outer loop
      vertex 67.0327 100.953 25
      vertex 68.8093 101.358 5.02
      vertex 67.0327 100.953 5.02
    endloop
  endfacet
  facet normal 1 -0 0
    outer loop
      vertex 66 104.224 25
      vertex 66 105 0
      vertex 66 105 25
    endloop
  endfacet
  facet normal 1 0 0
    outer loop
      vertex 66 105 0
      vertex 66 104.224 25
      vertex 66 104.224 0
    endloop
  endfacet
  facet normal -1 0 0
    outer loop
      vertex 69 104.246 0
      vertex 69 105 25
      vertex 69 105 0
    endloop
  endfacet
  facet normal -1 -0 0
    outer loop
      vertex 69 105 25
      vertex 69 104.246 0
      vertex 69 104.246 25
    endloop
  endfacet
  facet normal -0.900963 -0.433896 0
    outer loop
      vertex 84.6 2 0
      vertex 83.8093 3.64185 25
      vertex 83.8093 3.64185 0
    endloop
  endfacet
  facet normal -0.900963 -0.433896 0
    outer loop
      vertex 83.8093 3.64185 25
      vertex 84.6 2 0
      vertex 84.6 2 25
    endloop
  endfacet
  facet normal 1 -0 0
    outer loop
      vertex 80.608 1.08884 25
      vertex 80.608 2.91116 0
      vertex 80.608 2.91116 25
    endloop
  endfacet
  facet normal 1 0 0
    outer loop
      vertex 80.608 2.91116 0
      vertex 80.608 1.08884 25
      vertex 80.608 1.08884 0
    endloop
  endfacet
  facet normal 0.6235 -0.781824 0
    outer loop
      vertex 80.608 2.91116 0
      vertex 82.0327 4.04735 25
      vertex 80.608 2.91116 25
    endloop
  endfacet
  facet normal 0.6235 -0.781824 0
    outer loop
      vertex 82.0327 4.04735 25
      vertex 80.608 2.91116 0
      vertex 82.0327 4.04735 0
    endloop
  endfacet
  facet normal -0.222522 -0.974928 0
    outer loop
      vertex 82.0327 4.04735 0
      vertex 83.8093 3.64185 25
      vertex 82.0327 4.04735 25
    endloop
  endfacet
  facet normal -0.222522 -0.974928 -0
    outer loop
      vertex 83.8093 3.64185 25
      vertex 82.0327 4.04735 0
      vertex 83.8093 3.64185 0
    endloop
  endfacet
  facet normal -0.900969 0.433884 0
    outer loop
      vertex 84 0.754088 0
      vertex 84.6 2 25
      vertex 84.6 2 0
    endloop
  endfacet
  facet normal -0.900969 0.433884 0
    outer loop
      vertex 84.6 2 25
      vertex 84 0.754088 0
      vertex 84 0.754088 25
    endloop
  endfacet
  facet normal 0.62352 0.781808 -0
    outer loop
      vertex 81 0.776206 0
      vertex 80.608 1.08884 25
      vertex 81 0.776206 25
    endloop
  endfacet
  facet normal 0.62352 0.781808 0
    outer loop
      vertex 80.608 1.08884 25
      vertex 81 0.776206 0
      vertex 80.608 1.08884 0
    endloop
  endfacet
  facet normal 1 -0 0
    outer loop
      vertex 81 0 25
      vertex 81 0.776206 0
      vertex 81 0.776206 25
    endloop
  endfacet
  facet normal 1 0 0
    outer loop
      vertex 81 0.776206 0
      vertex 81 0 25
      vertex 81 0 0
    endloop
  endfacet
  facet normal -1 0 0
    outer loop
      vertex 84 0 0
      vertex 84 0.754088 25
      vertex 84 0.754088 0
    endloop
  endfacet
  facet normal -1 -0 0
    outer loop
      vertex 84 0.754088 25
      vertex 84 0 0
      vertex 84 0 25
    endloop
  endfacet
  facet normal -0.900981 -0.433859 0
    outer loop
      vertex 84.6 103 0
      vertex 84 104.246 25
      vertex 84 104.246 0
    endloop
  endfacet
  facet normal -0.900981 -0.433859 0
    outer loop
      vertex 84 104.246 25
      vertex 84.6 103 0
      vertex 84.6 103 25
    endloop
  endfacet
  facet normal 1 -0 0
    outer loop
      vertex 80.608 102.089 25
      vertex 80.608 103.911 0
      vertex 80.608 103.911 25
    endloop
  endfacet
  facet normal 1 0 0
    outer loop
      vertex 80.608 103.911 0
      vertex 80.608 102.089 25
      vertex 80.608 102.089 0
    endloop
  endfacet
  facet normal 0.623965 -0.781452 0
    outer loop
      vertex 80.608 103.911 0
      vertex 81 104.224 25
      vertex 80.608 103.911 25
    endloop
  endfacet
  facet normal 0.623965 -0.781452 0
    outer loop
      vertex 81 104.224 25
      vertex 80.608 103.911 0
      vertex 81 104.224 0
    endloop
  endfacet
  facet normal -0.900979 0.433863 0
    outer loop
      vertex 83.8093 101.358 0
      vertex 84.6 103 25
      vertex 84.6 103 0
    endloop
  endfacet
  facet normal -0.900979 0.433863 0
    outer loop
      vertex 84.6 103 25
      vertex 83.8093 101.358 0
      vertex 83.8093 101.358 25
    endloop
  endfacet
  facet normal 0.623436 0.781874 -0
    outer loop
      vertex 82.0327 100.953 0
      vertex 80.608 102.089 25
      vertex 82.0327 100.953 25
    endloop
  endfacet
  facet normal 0.623436 0.781874 0
    outer loop
      vertex 80.608 102.089 25
      vertex 82.0327 100.953 0
      vertex 80.608 102.089 0
    endloop
  endfacet
  facet normal -0.222261 0.974987 0
    outer loop
      vertex 83.8093 101.358 0
      vertex 82.0327 100.953 25
      vertex 83.8093 101.358 25
    endloop
  endfacet
  facet normal -0.222261 0.974987 0
    outer loop
      vertex 82.0327 100.953 25
      vertex 83.8093 101.358 0
      vertex 82.0327 100.953 0
    endloop
  endfacet
  facet normal 1 -0 0
    outer loop
      vertex 81 104.224 25
      vertex 81 105 0
      vertex 81 105 25
    endloop
  endfacet
  facet normal 1 0 0
    outer loop
      vertex 81 105 0
      vertex 81 104.224 25
      vertex 81 104.224 0
    endloop
  endfacet
  facet normal -1 0 0
    outer loop
      vertex 84 104.246 0
      vertex 84 105 25
      vertex 84 105 0
    endloop
  endfacet
  facet normal -1 -0 0
    outer loop
      vertex 84 105 25
      vertex 84 104.246 0
      vertex 84 104.246 25
    endloop
  endfacet
  facet normal 1 0 0
    outer loop
      vertex 105 10.536 39
      vertex 105 6 25
      vertex 105 9 25
    endloop
  endfacet
  facet normal 1 -0 0
    outer loop
      vertex 105 0 39
      vertex 105 6 25
      vertex 105 10.536 39
    endloop
  endfacet
  facet normal 1 0 0
    outer loop
      vertex 105 0 0
      vertex 105 6 25
      vertex 105 0 39
    endloop
  endfacet
  facet normal 1 0 0
    outer loop
      vertex 105 6 25
      vertex 105 0 0
      vertex 105 6 0
    endloop
  endfacet
  facet normal 1 0 0
    outer loop
      vertex 105 81 25
      vertex 105 94.464 39
      vertex 105 94.464 42
    endloop
  endfacet
  facet normal 1 0 0
    outer loop
      vertex 105 94.464 39
      vertex 105 81 25
      vertex 105 84 25
    endloop
  endfacet
  facet normal 1 0 0
    outer loop
      vertex 105 81 25
      vertex 105 69 25
      vertex 105 81 0
    endloop
  endfacet
  facet normal 1 0 0
    outer loop
      vertex 105 94.464 42
      vertex 105 69 25
      vertex 105 81 25
    endloop
  endfacet
  facet normal 1 0 0
    outer loop
      vertex 105 94.464 42
      vertex 105 66 25
      vertex 105 69 25
    endloop
  endfacet
  facet normal 1 0 0
    outer loop
      vertex 105 66 25
      vertex 105 54 25
      vertex 105 66 0
    endloop
  endfacet
  facet normal 1 0 0
    outer loop
      vertex 105 94.464 42
      vertex 105 54 25
      vertex 105 66 25
    endloop
  endfacet
  facet normal 1 0 0
    outer loop
      vertex 105 94.464 42
      vertex 105 51 25
      vertex 105 54 25
    endloop
  endfacet
  facet normal 1 0 0
    outer loop
      vertex 105 51 25
      vertex 105 39 25
      vertex 105 51 0
    endloop
  endfacet
  facet normal 1 -0 0
    outer loop
      vertex 105 10.536 42
      vertex 105 51 25
      vertex 105 94.464 42
    endloop
  endfacet
  facet normal 1 0 0
    outer loop
      vertex 105 51 25
      vertex 105 10.536 42
      vertex 105 39 25
    endloop
  endfacet
  facet normal 1 0 0
    outer loop
      vertex 105 36 25
      vertex 105 24 25
      vertex 105 36 0
    endloop
  endfacet
  facet normal 1 0 0
    outer loop
      vertex 105 39 25
      vertex 105 10.536 42
      vertex 105 36 25
    endloop
  endfacet
  facet normal 1 0 0
    outer loop
      vertex 105 36 25
      vertex 105 10.536 42
      vertex 105 24 25
    endloop
  endfacet
  facet normal 1 -0 0
    outer loop
      vertex 105 10.536 39
      vertex 105 24 25
      vertex 105 10.536 42
    endloop
  endfacet
  facet normal 1 0 0
    outer loop
      vertex 105 24 25
      vertex 105 10.536 39
      vertex 105 21 25
    endloop
  endfacet
  facet normal 1 0 0
    outer loop
      vertex 105 9 25
      vertex 105 21 25
      vertex 105 10.536 39
    endloop
  endfacet
  facet normal 1 0 0
    outer loop
      vertex 105 21 25
      vertex 105 9 25
      vertex 105 21 0
    endloop
  endfacet
  facet normal 1 0 0
    outer loop
      vertex 105 21 0
      vertex 105 9 25
      vertex 105 9 0
    endloop
  endfacet
  facet normal 1 0 0
    outer loop
      vertex 105 105 39
      vertex 105 99 25
      vertex 105 105 0
    endloop
  endfacet
  facet normal 1 -0 0
    outer loop
      vertex 105 94.464 39
      vertex 105 99 25
      vertex 105 105 39
    endloop
  endfacet
  facet normal 1 0 0
    outer loop
      vertex 105 99 25
      vertex 105 94.464 39
      vertex 105 96 25
    endloop
  endfacet
  facet normal 1 0 0
    outer loop
      vertex 105 84 25
      vertex 105 96 25
      vertex 105 94.464 39
    endloop
  endfacet
  facet normal 1 0 0
    outer loop
      vertex 105 96 25
      vertex 105 84 25
      vertex 105 96 0
    endloop
  endfacet
  facet normal 1 0 0
    outer loop
      vertex 105 96 0
      vertex 105 84 25
      vertex 105 84 0
    endloop
  endfacet
  facet normal 1 0 0
    outer loop
      vertex 105 105 0
      vertex 105 99 25
      vertex 105 99 0
    endloop
  endfacet
  facet normal 1 0 0
    outer loop
      vertex 105 81 0
      vertex 105 69 25
      vertex 105 69 0
    endloop
  endfacet
  facet normal 1 0 0
    outer loop
      vertex 105 66 0
      vertex 105 54 25
      vertex 105 54 0
    endloop
  endfacet
  facet normal 1 0 0
    outer loop
      vertex 105 51 0
      vertex 105 39 25
      vertex 105 39 0
    endloop
  endfacet
  facet normal 1 0 0
    outer loop
      vertex 105 36 0
      vertex 105 24 25
      vertex 105 24 0
    endloop
  endfacet
  facet normal -0.900963 -0.433896 0
    outer loop
      vertex 99.6 2 0
      vertex 98.8093 3.64185 25
      vertex 98.8093 3.64185 0
    endloop
  endfacet
  facet normal -0.900963 -0.433896 0
    outer loop
      vertex 98.8093 3.64185 25
      vertex 99.6 2 0
      vertex 99.6 2 25
    endloop
  endfacet
  facet normal 1 -0 0
    outer loop
      vertex 95.608 1.08884 25
      vertex 95.608 2.91116 0
      vertex 95.608 2.91116 25
    endloop
  endfacet
  facet normal 1 0 0
    outer loop
      vertex 95.608 2.91116 0
      vertex 95.608 1.08884 25
      vertex 95.608 1.08884 0
    endloop
  endfacet
  facet normal 0.6235 -0.781824 0
    outer loop
      vertex 95.608 2.91116 0
      vertex 97.0327 4.04735 25
      vertex 95.608 2.91116 25
    endloop
  endfacet
  facet normal 0.6235 -0.781824 0
    outer loop
      vertex 97.0327 4.04735 25
      vertex 95.608 2.91116 0
      vertex 97.0327 4.04735 0
    endloop
  endfacet
  facet normal -0.222522 -0.974928 0
    outer loop
      vertex 97.0327 4.04735 0
      vertex 98.8093 3.64185 25
      vertex 97.0327 4.04735 25
    endloop
  endfacet
  facet normal -0.222522 -0.974928 -0
    outer loop
      vertex 98.8093 3.64185 25
      vertex 97.0327 4.04735 0
      vertex 98.8093 3.64185 0
    endloop
  endfacet
  facet normal -0.900969 0.433884 0
    outer loop
      vertex 99 0.754088 0
      vertex 99.6 2 25
      vertex 99.6 2 0
    endloop
  endfacet
  facet normal -0.900969 0.433884 0
    outer loop
      vertex 99.6 2 25
      vertex 99 0.754088 0
      vertex 99 0.754088 25
    endloop
  endfacet
  facet normal 0.62352 0.781808 -0
    outer loop
      vertex 96 0.776206 0
      vertex 95.608 1.08884 25
      vertex 96 0.776206 25
    endloop
  endfacet
  facet normal 0.62352 0.781808 0
    outer loop
      vertex 95.608 1.08884 25
      vertex 96 0.776206 0
      vertex 95.608 1.08884 0
    endloop
  endfacet
  facet normal -0.899255 -0.437424 0
    outer loop
      vertex 104.378 9 0
      vertex 104.309 9.14185 25
      vertex 104.309 9.14185 0
    endloop
  endfacet
  facet normal -0.899255 -0.437424 0
    outer loop
      vertex 104.309 9.14185 25
      vertex 104.378 9 0
      vertex 104.378 9 25
    endloop
  endfacet
  facet normal 1 -0 0
    outer loop
      vertex 101.108 6.58884 25
      vertex 101.108 8.41116 0
      vertex 101.108 8.41116 25
    endloop
  endfacet
  facet normal 1 0 0
    outer loop
      vertex 101.108 8.41116 0
      vertex 101.108 6.58884 25
      vertex 101.108 6.58884 0
    endloop
  endfacet
  facet normal 0.62342 -0.781888 0
    outer loop
      vertex 101.108 8.41116 0
      vertex 102.533 9.54735 25
      vertex 101.108 8.41116 25
    endloop
  endfacet
  facet normal 0.62342 -0.781888 0
    outer loop
      vertex 102.533 9.54735 25
      vertex 101.108 8.41116 0
      vertex 102.533 9.54735 0
    endloop
  endfacet
  facet normal -0.222594 -0.974911 0
    outer loop
      vertex 102.533 9.54735 0
      vertex 104.309 9.14185 25
      vertex 102.533 9.54735 25
    endloop
  endfacet
  facet normal -0.222594 -0.974911 -0
    outer loop
      vertex 104.309 9.14185 25
      vertex 102.533 9.54735 0
      vertex 104.309 9.14185 0
    endloop
  endfacet
  facet normal -0.899255 0.437424 0
    outer loop
      vertex 104.309 5.85815 0
      vertex 104.378 6 25
      vertex 104.378 6 0
    endloop
  endfacet
  facet normal -0.899255 0.437424 0
    outer loop
      vertex 104.378 6 25
      vertex 104.309 5.85815 0
      vertex 104.309 5.85815 25
    endloop
  endfacet
  facet normal 0.62342 0.781888 -0
    outer loop
      vertex 102.533 5.45265 0
      vertex 101.108 6.58884 25
      vertex 102.533 5.45265 25
    endloop
  endfacet
  facet normal 0.62342 0.781888 0
    outer loop
      vertex 101.108 6.58884 25
      vertex 102.533 5.45265 0
      vertex 101.108 6.58884 0
    endloop
  endfacet
  facet normal -0.222594 0.974911 0
    outer loop
      vertex 104.309 5.85815 0
      vertex 102.533 5.45265 25
      vertex 104.309 5.85815 25
    endloop
  endfacet
  facet normal -0.222594 0.974911 0
    outer loop
      vertex 102.533 5.45265 25
      vertex 104.309 5.85815 0
      vertex 102.533 5.45265 0
    endloop
  endfacet
  facet normal 1 -0 0
    outer loop
      vertex 96 0 25
      vertex 96 0.776206 0
      vertex 96 0.776206 25
    endloop
  endfacet
  facet normal 1 0 0
    outer loop
      vertex 96 0.776206 0
      vertex 96 0 25
      vertex 96 0 0
    endloop
  endfacet
  facet normal -1 0 0
    outer loop
      vertex 99 0 0
      vertex 99 0.754088 25
      vertex 99 0.754088 0
    endloop
  endfacet
  facet normal -1 -0 0
    outer loop
      vertex 99 0.754088 25
      vertex 99 0 0
      vertex 99 0 25
    endloop
  endfacet
  facet normal 0 1 -0
    outer loop
      vertex 105 6 0
      vertex 104.378 6 25
      vertex 105 6 25
    endloop
  endfacet
  facet normal 0 1 0
    outer loop
      vertex 104.378 6 25
      vertex 105 6 0
      vertex 104.378 6 0
    endloop
  endfacet
  facet normal 0 -1 0
    outer loop
      vertex 104.378 9 0
      vertex 105 9 25
      vertex 104.378 9 25
    endloop
  endfacet
  facet normal 0 -1 -0
    outer loop
      vertex 105 9 25
      vertex 104.378 9 0
      vertex 105 9 0
    endloop
  endfacet
  facet normal -0.899195 -0.437549 0
    outer loop
      vertex 104.378 24 0
      vertex 104.309 24.1418 25
      vertex 104.309 24.1418 0
    endloop
  endfacet
  facet normal -0.899195 -0.437549 0
    outer loop
      vertex 104.309 24.1418 25
      vertex 104.378 24 0
      vertex 104.378 24 25
    endloop
  endfacet
  facet normal 1 -0 0
    outer loop
      vertex 101.108 21.5888 25
      vertex 101.108 23.4112 0
      vertex 101.108 23.4112 25
    endloop
  endfacet
  facet normal 1 0 0
    outer loop
      vertex 101.108 23.4112 0
      vertex 101.108 21.5888 25
      vertex 101.108 21.5888 0
    endloop
  endfacet
  facet normal 0.623389 -0.781912 0
    outer loop
      vertex 101.108 23.4112 0
      vertex 102.533 24.5473 25
      vertex 101.108 23.4112 25
    endloop
  endfacet
  facet normal 0.623389 -0.781912 0
    outer loop
      vertex 102.533 24.5473 25
      vertex 101.108 23.4112 0
      vertex 102.533 24.5473 0
    endloop
  endfacet
  facet normal -0.222594 -0.974911 0
    outer loop
      vertex 102.533 24.5473 0
      vertex 104.309 24.1418 25
      vertex 102.533 24.5473 25
    endloop
  endfacet
  facet normal -0.222594 -0.974911 -0
    outer loop
      vertex 104.309 24.1418 25
      vertex 102.533 24.5473 0
      vertex 104.309 24.1418 0
    endloop
  endfacet
  facet normal -0.899195 0.437549 0
    outer loop
      vertex 104.309 20.8582 0
      vertex 104.378 21 25
      vertex 104.378 21 0
    endloop
  endfacet
  facet normal -0.899195 0.437549 0
    outer loop
      vertex 104.378 21 25
      vertex 104.309 20.8582 0
      vertex 104.309 20.8582 25
    endloop
  endfacet
  facet normal 0.623389 0.781912 -0
    outer loop
      vertex 102.533 20.4527 0
      vertex 101.108 21.5888 25
      vertex 102.533 20.4527 25
    endloop
  endfacet
  facet normal 0.623389 0.781912 0
    outer loop
      vertex 101.108 21.5888 25
      vertex 102.533 20.4527 0
      vertex 101.108 21.5888 0
    endloop
  endfacet
  facet normal -0.222594 0.974911 0
    outer loop
      vertex 104.309 20.8582 0
      vertex 102.533 20.4527 25
      vertex 104.309 20.8582 25
    endloop
  endfacet
  facet normal -0.222594 0.974911 0
    outer loop
      vertex 102.533 20.4527 25
      vertex 104.309 20.8582 0
      vertex 102.533 20.4527 0
    endloop
  endfacet
  facet normal 0 1 -0
    outer loop
      vertex 105 21 0
      vertex 104.378 21 25
      vertex 105 21 25
    endloop
  endfacet
  facet normal 0 1 0
    outer loop
      vertex 104.378 21 25
      vertex 105 21 0
      vertex 104.378 21 0
    endloop
  endfacet
  facet normal 0 -1 0
    outer loop
      vertex 104.378 24 0
      vertex 105 24 25
      vertex 104.378 24 25
    endloop
  endfacet
  facet normal 0 -1 -0
    outer loop
      vertex 105 24 25
      vertex 104.378 24 0
      vertex 105 24 0
    endloop
  endfacet
  facet normal -0.899195 -0.437549 0
    outer loop
      vertex 104.378 39 0
      vertex 104.309 39.1418 25
      vertex 104.309 39.1418 0
    endloop
  endfacet
  facet normal -0.899195 -0.437549 0
    outer loop
      vertex 104.309 39.1418 25
      vertex 104.378 39 0
      vertex 104.378 39 25
    endloop
  endfacet
  facet normal 1 -0 0
    outer loop
      vertex 101.108 36.5888 25
      vertex 101.108 38.4112 0
      vertex 101.108 38.4112 25
    endloop
  endfacet
  facet normal 1 0 0
    outer loop
      vertex 101.108 38.4112 0
      vertex 101.108 36.5888 25
      vertex 101.108 36.5888 0
    endloop
  endfacet
  facet normal 0.623389 -0.781912 0
    outer loop
      vertex 101.108 38.4112 0
      vertex 102.533 39.5473 25
      vertex 101.108 38.4112 25
    endloop
  endfacet
  facet normal 0.623389 -0.781912 0
    outer loop
      vertex 102.533 39.5473 25
      vertex 101.108 38.4112 0
      vertex 102.533 39.5473 0
    endloop
  endfacet
  facet normal -0.222594 -0.974911 0
    outer loop
      vertex 102.533 39.5473 0
      vertex 104.309 39.1418 25
      vertex 102.533 39.5473 25
    endloop
  endfacet
  facet normal -0.222594 -0.974911 -0
    outer loop
      vertex 104.309 39.1418 25
      vertex 102.533 39.5473 0
      vertex 104.309 39.1418 0
    endloop
  endfacet
  facet normal -0.899195 0.437549 0
    outer loop
      vertex 104.309 35.8582 0
      vertex 104.378 36 25
      vertex 104.378 36 0
    endloop
  endfacet
  facet normal -0.899195 0.437549 0
    outer loop
      vertex 104.378 36 25
      vertex 104.309 35.8582 0
      vertex 104.309 35.8582 25
    endloop
  endfacet
  facet normal 0.623389 0.781912 -0
    outer loop
      vertex 102.533 35.4527 0
      vertex 101.108 36.5888 25
      vertex 102.533 35.4527 25
    endloop
  endfacet
  facet normal 0.623389 0.781912 0
    outer loop
      vertex 101.108 36.5888 25
      vertex 102.533 35.4527 0
      vertex 101.108 36.5888 0
    endloop
  endfacet
  facet normal -0.222594 0.974911 0
    outer loop
      vertex 104.309 35.8582 0
      vertex 102.533 35.4527 25
      vertex 104.309 35.8582 25
    endloop
  endfacet
  facet normal -0.222594 0.974911 0
    outer loop
      vertex 102.533 35.4527 25
      vertex 104.309 35.8582 0
      vertex 102.533 35.4527 0
    endloop
  endfacet
  facet normal 0 1 -0
    outer loop
      vertex 105 36 0
      vertex 104.378 36 25
      vertex 105 36 25
    endloop
  endfacet
  facet normal 0 1 0
    outer loop
      vertex 104.378 36 25
      vertex 105 36 0
      vertex 104.378 36 0
    endloop
  endfacet
  facet normal 0 -1 0
    outer loop
      vertex 104.378 39 0
      vertex 105 39 25
      vertex 104.378 39 25
    endloop
  endfacet
  facet normal 0 -1 -0
    outer loop
      vertex 105 39 25
      vertex 104.378 39 0
      vertex 105 39 0
    endloop
  endfacet
  facet normal -0.899195 -0.437549 0
    outer loop
      vertex 104.378 54 0
      vertex 104.309 54.1418 25
      vertex 104.309 54.1418 0
    endloop
  endfacet
  facet normal -0.899195 -0.437549 0
    outer loop
      vertex 104.309 54.1418 25
      vertex 104.378 54 0
      vertex 104.378 54 25
    endloop
  endfacet
  facet normal 1 -0 0
    outer loop
      vertex 101.108 51.5888 25
      vertex 101.108 53.4112 0
      vertex 101.108 53.4112 25
    endloop
  endfacet
  facet normal 1 0 0
    outer loop
      vertex 101.108 53.4112 0
      vertex 101.108 51.5888 25
      vertex 101.108 51.5888 0
    endloop
  endfacet
  facet normal 0.623389 -0.781912 0
    outer loop
      vertex 101.108 53.4112 0
      vertex 102.533 54.5473 25
      vertex 101.108 53.4112 25
    endloop
  endfacet
  facet normal 0.623389 -0.781912 0
    outer loop
      vertex 102.533 54.5473 25
      vertex 101.108 53.4112 0
      vertex 102.533 54.5473 0
    endloop
  endfacet
  facet normal -0.222594 -0.974911 0
    outer loop
      vertex 102.533 54.5473 0
      vertex 104.309 54.1418 25
      vertex 102.533 54.5473 25
    endloop
  endfacet
  facet normal -0.222594 -0.974911 -0
    outer loop
      vertex 104.309 54.1418 25
      vertex 102.533 54.5473 0
      vertex 104.309 54.1418 0
    endloop
  endfacet
  facet normal -0.899195 0.437549 0
    outer loop
      vertex 104.309 50.8582 0
      vertex 104.378 51 25
      vertex 104.378 51 0
    endloop
  endfacet
  facet normal -0.899195 0.437549 0
    outer loop
      vertex 104.378 51 25
      vertex 104.309 50.8582 0
      vertex 104.309 50.8582 25
    endloop
  endfacet
  facet normal 0.623389 0.781912 -0
    outer loop
      vertex 102.533 50.4527 0
      vertex 101.108 51.5888 25
      vertex 102.533 50.4527 25
    endloop
  endfacet
  facet normal 0.623389 0.781912 0
    outer loop
      vertex 101.108 51.5888 25
      vertex 102.533 50.4527 0
      vertex 101.108 51.5888 0
    endloop
  endfacet
  facet normal -0.222594 0.974911 0
    outer loop
      vertex 104.309 50.8582 0
      vertex 102.533 50.4527 25
      vertex 104.309 50.8582 25
    endloop
  endfacet
  facet normal -0.222594 0.974911 0
    outer loop
      vertex 102.533 50.4527 25
      vertex 104.309 50.8582 0
      vertex 102.533 50.4527 0
    endloop
  endfacet
  facet normal 0 1 -0
    outer loop
      vertex 105 51 0
      vertex 104.378 51 25
      vertex 105 51 25
    endloop
  endfacet
  facet normal 0 1 0
    outer loop
      vertex 104.378 51 25
      vertex 105 51 0
      vertex 104.378 51 0
    endloop
  endfacet
  facet normal 0 -1 0
    outer loop
      vertex 104.378 54 0
      vertex 105 54 25
      vertex 104.378 54 25
    endloop
  endfacet
  facet normal 0 -1 -0
    outer loop
      vertex 105 54 25
      vertex 104.378 54 0
      vertex 105 54 0
    endloop
  endfacet
  facet normal -0.899195 -0.437549 0
    outer loop
      vertex 104.378 69 0
      vertex 104.309 69.1418 25
      vertex 104.309 69.1418 0
    endloop
  endfacet
  facet normal -0.899195 -0.437549 0
    outer loop
      vertex 104.309 69.1418 25
      vertex 104.378 69 0
      vertex 104.378 69 25
    endloop
  endfacet
  facet normal 1 -0 0
    outer loop
      vertex 101.108 66.5888 25
      vertex 101.108 68.4112 0
      vertex 101.108 68.4112 25
    endloop
  endfacet
  facet normal 1 0 0
    outer loop
      vertex 101.108 68.4112 0
      vertex 101.108 66.5888 25
      vertex 101.108 66.5888 0
    endloop
  endfacet
  facet normal 0.623389 -0.781912 0
    outer loop
      vertex 101.108 68.4112 0
      vertex 102.533 69.5473 25
      vertex 101.108 68.4112 25
    endloop
  endfacet
  facet normal 0.623389 -0.781912 0
    outer loop
      vertex 102.533 69.5473 25
      vertex 101.108 68.4112 0
      vertex 102.533 69.5473 0
    endloop
  endfacet
  facet normal -0.222594 -0.974911 0
    outer loop
      vertex 102.533 69.5473 0
      vertex 104.309 69.1418 25
      vertex 102.533 69.5473 25
    endloop
  endfacet
  facet normal -0.222594 -0.974911 -0
    outer loop
      vertex 104.309 69.1418 25
      vertex 102.533 69.5473 0
      vertex 104.309 69.1418 0
    endloop
  endfacet
  facet normal -0.899195 0.437549 0
    outer loop
      vertex 104.309 65.8582 0
      vertex 104.378 66 25
      vertex 104.378 66 0
    endloop
  endfacet
  facet normal -0.899195 0.437549 0
    outer loop
      vertex 104.378 66 25
      vertex 104.309 65.8582 0
      vertex 104.309 65.8582 25
    endloop
  endfacet
  facet normal 0.623389 0.781912 -0
    outer loop
      vertex 102.533 65.4527 0
      vertex 101.108 66.5888 25
      vertex 102.533 65.4527 25
    endloop
  endfacet
  facet normal 0.623389 0.781912 0
    outer loop
      vertex 101.108 66.5888 25
      vertex 102.533 65.4527 0
      vertex 101.108 66.5888 0
    endloop
  endfacet
  facet normal -0.222594 0.974911 0
    outer loop
      vertex 104.309 65.8582 0
      vertex 102.533 65.4527 25
      vertex 104.309 65.8582 25
    endloop
  endfacet
  facet normal -0.222594 0.974911 0
    outer loop
      vertex 102.533 65.4527 25
      vertex 104.309 65.8582 0
      vertex 102.533 65.4527 0
    endloop
  endfacet
  facet normal 0 1 -0
    outer loop
      vertex 105 66 0
      vertex 104.378 66 25
      vertex 105 66 25
    endloop
  endfacet
  facet normal 0 1 0
    outer loop
      vertex 104.378 66 25
      vertex 105 66 0
      vertex 104.378 66 0
    endloop
  endfacet
  facet normal 0 -1 0
    outer loop
      vertex 104.378 69 0
      vertex 105 69 25
      vertex 104.378 69 25
    endloop
  endfacet
  facet normal 0 -1 -0
    outer loop
      vertex 105 69 25
      vertex 104.378 69 0
      vertex 105 69 0
    endloop
  endfacet
  facet normal -0.899195 -0.437549 0
    outer loop
      vertex 104.378 84 0
      vertex 104.309 84.1418 25
      vertex 104.309 84.1418 0
    endloop
  endfacet
  facet normal -0.899195 -0.437549 0
    outer loop
      vertex 104.309 84.1418 25
      vertex 104.378 84 0
      vertex 104.378 84 25
    endloop
  endfacet
  facet normal 1 -0 0
    outer loop
      vertex 101.108 81.5888 25
      vertex 101.108 83.4112 0
      vertex 101.108 83.4112 25
    endloop
  endfacet
  facet normal 1 0 0
    outer loop
      vertex 101.108 83.4112 0
      vertex 101.108 81.5888 25
      vertex 101.108 81.5888 0
    endloop
  endfacet
  facet normal 0.623389 -0.781912 0
    outer loop
      vertex 101.108 83.4112 0
      vertex 102.533 84.5473 25
      vertex 101.108 83.4112 25
    endloop
  endfacet
  facet normal 0.623389 -0.781912 0
    outer loop
      vertex 102.533 84.5473 25
      vertex 101.108 83.4112 0
      vertex 102.533 84.5473 0
    endloop
  endfacet
  facet normal -0.222594 -0.974911 0
    outer loop
      vertex 102.533 84.5473 0
      vertex 104.309 84.1418 25
      vertex 102.533 84.5473 25
    endloop
  endfacet
  facet normal -0.222594 -0.974911 -0
    outer loop
      vertex 104.309 84.1418 25
      vertex 102.533 84.5473 0
      vertex 104.309 84.1418 0
    endloop
  endfacet
  facet normal -0.899195 0.437549 0
    outer loop
      vertex 104.309 80.8582 0
      vertex 104.378 81 25
      vertex 104.378 81 0
    endloop
  endfacet
  facet normal -0.899195 0.437549 0
    outer loop
      vertex 104.378 81 25
      vertex 104.309 80.8582 0
      vertex 104.309 80.8582 25
    endloop
  endfacet
  facet normal 0.623389 0.781912 -0
    outer loop
      vertex 102.533 80.4527 0
      vertex 101.108 81.5888 25
      vertex 102.533 80.4527 25
    endloop
  endfacet
  facet normal 0.623389 0.781912 0
    outer loop
      vertex 101.108 81.5888 25
      vertex 102.533 80.4527 0
      vertex 101.108 81.5888 0
    endloop
  endfacet
  facet normal -0.222594 0.974911 0
    outer loop
      vertex 104.309 80.8582 0
      vertex 102.533 80.4527 25
      vertex 104.309 80.8582 25
    endloop
  endfacet
  facet normal -0.222594 0.974911 0
    outer loop
      vertex 102.533 80.4527 25
      vertex 104.309 80.8582 0
      vertex 102.533 80.4527 0
    endloop
  endfacet
  facet normal 0 1 -0
    outer loop
      vertex 105 81 0
      vertex 104.378 81 25
      vertex 105 81 25
    endloop
  endfacet
  facet normal 0 1 0
    outer loop
      vertex 104.378 81 25
      vertex 105 81 0
      vertex 104.378 81 0
    endloop
  endfacet
  facet normal 0 -1 0
    outer loop
      vertex 104.378 84 0
      vertex 105 84 25
      vertex 104.378 84 25
    endloop
  endfacet
  facet normal 0 -1 -0
    outer loop
      vertex 105 84 25
      vertex 104.378 84 0
      vertex 105 84 0
    endloop
  endfacet
  facet normal -0.900981 -0.433859 0
    outer loop
      vertex 99.6 103 0
      vertex 99 104.246 25
      vertex 99 104.246 0
    endloop
  endfacet
  facet normal -0.900981 -0.433859 0
    outer loop
      vertex 99 104.246 25
      vertex 99.6 103 0
      vertex 99.6 103 25
    endloop
  endfacet
  facet normal 1 -0 0
    outer loop
      vertex 95.608 102.089 25
      vertex 95.608 103.911 0
      vertex 95.608 103.911 25
    endloop
  endfacet
  facet normal 1 0 0
    outer loop
      vertex 95.608 103.911 0
      vertex 95.608 102.089 25
      vertex 95.608 102.089 0
    endloop
  endfacet
  facet normal 0.623965 -0.781452 0
    outer loop
      vertex 95.608 103.911 0
      vertex 96 104.224 25
      vertex 95.608 103.911 25
    endloop
  endfacet
  facet normal 0.623965 -0.781452 0
    outer loop
      vertex 96 104.224 25
      vertex 95.608 103.911 0
      vertex 96 104.224 0
    endloop
  endfacet
  facet normal -0.900979 0.433863 0
    outer loop
      vertex 98.8093 101.358 0
      vertex 99.6 103 25
      vertex 99.6 103 0
    endloop
  endfacet
  facet normal -0.900979 0.433863 0
    outer loop
      vertex 99.6 103 25
      vertex 98.8093 101.358 0
      vertex 98.8093 101.358 25
    endloop
  endfacet
  facet normal 0.623436 0.781874 -0
    outer loop
      vertex 97.0327 100.953 0
      vertex 95.608 102.089 25
      vertex 97.0327 100.953 25
    endloop
  endfacet
  facet normal 0.623436 0.781874 0
    outer loop
      vertex 95.608 102.089 25
      vertex 97.0327 100.953 0
      vertex 95.608 102.089 0
    endloop
  endfacet
  facet normal -0.222261 0.974987 0
    outer loop
      vertex 98.8093 101.358 0
      vertex 97.0327 100.953 25
      vertex 98.8093 101.358 25
    endloop
  endfacet
  facet normal -0.222261 0.974987 0
    outer loop
      vertex 97.0327 100.953 25
      vertex 98.8093 101.358 0
      vertex 97.0327 100.953 0
    endloop
  endfacet
  facet normal -0.899195 -0.437549 0
    outer loop
      vertex 104.378 99 0
      vertex 104.309 99.1418 25
      vertex 104.309 99.1418 0
    endloop
  endfacet
  facet normal -0.899195 -0.437549 0
    outer loop
      vertex 104.309 99.1418 25
      vertex 104.378 99 0
      vertex 104.378 99 25
    endloop
  endfacet
  facet normal 1 -0 0
    outer loop
      vertex 101.108 96.5888 25
      vertex 101.108 98.4112 0
      vertex 101.108 98.4112 25
    endloop
  endfacet
  facet normal 1 0 0
    outer loop
      vertex 101.108 98.4112 0
      vertex 101.108 96.5888 25
      vertex 101.108 96.5888 0
    endloop
  endfacet
  facet normal 0.623389 -0.781912 0
    outer loop
      vertex 101.108 98.4112 0
      vertex 102.533 99.5473 25
      vertex 101.108 98.4112 25
    endloop
  endfacet
  facet normal 0.623389 -0.781912 0
    outer loop
      vertex 102.533 99.5473 25
      vertex 101.108 98.4112 0
      vertex 102.533 99.5473 0
    endloop
  endfacet
  facet normal -0.222594 -0.974911 0
    outer loop
      vertex 102.533 99.5473 0
      vertex 104.309 99.1418 25
      vertex 102.533 99.5473 25
    endloop
  endfacet
  facet normal -0.222594 -0.974911 -0
    outer loop
      vertex 104.309 99.1418 25
      vertex 102.533 99.5473 0
      vertex 104.309 99.1418 0
    endloop
  endfacet
  facet normal -0.899195 0.437549 0
    outer loop
      vertex 104.309 95.8582 0
      vertex 104.378 96 25
      vertex 104.378 96 0
    endloop
  endfacet
  facet normal -0.899195 0.437549 0
    outer loop
      vertex 104.378 96 25
      vertex 104.309 95.8582 0
      vertex 104.309 95.8582 25
    endloop
  endfacet
  facet normal 0.623389 0.781912 -0
    outer loop
      vertex 102.533 95.4527 0
      vertex 101.108 96.5888 25
      vertex 102.533 95.4527 25
    endloop
  endfacet
  facet normal 0.623389 0.781912 0
    outer loop
      vertex 101.108 96.5888 25
      vertex 102.533 95.4527 0
      vertex 101.108 96.5888 0
    endloop
  endfacet
  facet normal -0.222594 0.974911 0
    outer loop
      vertex 104.309 95.8582 0
      vertex 102.533 95.4527 25
      vertex 104.309 95.8582 25
    endloop
  endfacet
  facet normal -0.222594 0.974911 0
    outer loop
      vertex 102.533 95.4527 25
      vertex 104.309 95.8582 0
      vertex 102.533 95.4527 0
    endloop
  endfacet
  facet normal 1 -0 0
    outer loop
      vertex 96 104.224 25
      vertex 96 105 0
      vertex 96 105 25
    endloop
  endfacet
  facet normal 1 0 0
    outer loop
      vertex 96 105 0
      vertex 96 104.224 25
      vertex 96 104.224 0
    endloop
  endfacet
  facet normal -1 0 0
    outer loop
      vertex 99 104.246 0
      vertex 99 105 25
      vertex 99 105 0
    endloop
  endfacet
  facet normal -1 -0 0
    outer loop
      vertex 99 105 25
      vertex 99 104.246 0
      vertex 99 104.246 25
    endloop
  endfacet
  facet normal 0 1 -0
    outer loop
      vertex 105 96 0
      vertex 104.378 96 25
      vertex 105 96 25
    endloop
  endfacet
  facet normal 0 1 0
    outer loop
      vertex 104.378 96 25
      vertex 105 96 0
      vertex 104.378 96 0
    endloop
  endfacet
  facet normal 0 -1 0
    outer loop
      vertex 104.378 99 0
      vertex 105 99 25
      vertex 104.378 99 25
    endloop
  endfacet
  facet normal 0 -1 -0
    outer loop
      vertex 105 99 25
      vertex 104.378 99 0
      vertex 105 99 0
    endloop
  endfacet
  facet normal 0 0 -1
    outer loop
      vertex 0.846351 96 25
      vertex 4.1 97.5 25
      vertex 3.30933 95.8582 25
    endloop
  endfacet
  facet normal 0 0 -1
    outer loop
      vertex 0.846351 96 25
      vertex 3.30933 95.8582 25
      vertex 1.53271 95.4527 25
    endloop
  endfacet
  facet normal 0 -0 -1
    outer loop
      vertex 0.846352 99 25
      vertex 4.1 97.5 25
      vertex 0.846351 96 25
    endloop
  endfacet
  facet normal -0 0 -1
    outer loop
      vertex 3.30933 99.1418 25
      vertex 0.846352 99 25
      vertex 1.53271 99.5473 25
    endloop
  endfacet
  facet normal 0 0 -1
    outer loop
      vertex 4.1 97.5 25
      vertex 0.846352 99 25
      vertex 3.30933 99.1418 25
    endloop
  endfacet
  facet normal 0 0 -1
    outer loop
      vertex 0 96 25
      vertex 0.846352 99 25
      vertex 0.846351 96 25
    endloop
  endfacet
  facet normal -0 0 -1
    outer loop
      vertex 0.846352 99 25
      vertex 0 96 25
      vertex 0 99 25
    endloop
  endfacet
  facet normal 0 0 -1
    outer loop
      vertex 0.846352 84 25
      vertex 3.30933 84.1418 25
      vertex 4.1 82.5 25
    endloop
  endfacet
  facet normal -0 0 -1
    outer loop
      vertex 3.30933 84.1418 25
      vertex 0.846352 84 25
      vertex 1.53271 84.5473 25
    endloop
  endfacet
  facet normal 0 0 -1
    outer loop
      vertex 0 82.5 25
      vertex 0.846352 84 25
      vertex 4.1 82.5 25
    endloop
  endfacet
  facet normal -0 0 -1
    outer loop
      vertex 0.846352 84 25
      vertex 0 82.5 25
      vertex 0 84 25
    endloop
  endfacet
  facet normal 0 0 -1
    outer loop
      vertex 0.846351 36 25
      vertex 4.1 37.5 25
      vertex 3.30933 35.8582 25
    endloop
  endfacet
  facet normal 0 0 -1
    outer loop
      vertex 0.846351 36 25
      vertex 3.30933 35.8582 25
      vertex 1.53271 35.4527 25
    endloop
  endfacet
  facet normal 0 -0 -1
    outer loop
      vertex 0.846352 39 25
      vertex 4.1 37.5 25
      vertex 0.846351 36 25
    endloop
  endfacet
  facet normal -0 0 -1
    outer loop
      vertex 3.30933 39.1418 25
      vertex 0.846352 39 25
      vertex 1.53271 39.5473 25
    endloop
  endfacet
  facet normal 0 0 -1
    outer loop
      vertex 4.1 37.5 25
      vertex 0.846352 39 25
      vertex 3.30933 39.1418 25
    endloop
  endfacet
  facet normal 0 0 -1
    outer loop
      vertex 0 36 25
      vertex 0.846352 39 25
      vertex 0.846351 36 25
    endloop
  endfacet
  facet normal -0 0 -1
    outer loop
      vertex 0.846352 39 25
      vertex 0 36 25
      vertex 0 39 25
    endloop
  endfacet
  facet normal 0 0 -1
    outer loop
      vertex 0.846351 21 25
      vertex 4.1 22.5 25
      vertex 3.30933 20.8582 25
    endloop
  endfacet
  facet normal 0 0 -1
    outer loop
      vertex 0.846351 21 25
      vertex 3.30933 20.8582 25
      vertex 1.53271 20.4527 25
    endloop
  endfacet
  facet normal 0 -0 -1
    outer loop
      vertex 0.846352 24 25
      vertex 4.1 22.5 25
      vertex 0.846351 21 25
    endloop
  endfacet
  facet normal -0 0 -1
    outer loop
      vertex 3.30933 24.1418 25
      vertex 0.846352 24 25
      vertex 1.53271 24.5473 25
    endloop
  endfacet
  facet normal 0 0 -1
    outer loop
      vertex 4.1 22.5 25
      vertex 0.846352 24 25
      vertex 3.30933 24.1418 25
    endloop
  endfacet
  facet normal 0 0 -1
    outer loop
      vertex 0 21 25
      vertex 0.846352 24 25
      vertex 0.846351 21 25
    endloop
  endfacet
  facet normal -0 0 -1
    outer loop
      vertex 0.846352 24 25
      vertex 0 21 25
      vertex 0 24 25
    endloop
  endfacet
  facet normal 0 0 -1
    outer loop
      vertex 0.846351 6 25
      vertex 4.1 7.5 25
      vertex 3.30933 5.85815 25
    endloop
  endfacet
  facet normal 0 0 -1
    outer loop
      vertex 0.846351 6 25
      vertex 3.30933 5.85815 25
      vertex 1.53271 5.45265 25
    endloop
  endfacet
  facet normal 0 -0 -1
    outer loop
      vertex 0.846352 9 25
      vertex 4.1 7.5 25
      vertex 0.846351 6 25
    endloop
  endfacet
  facet normal -0 0 -1
    outer loop
      vertex 3.30933 9.14185 25
      vertex 0.846352 9 25
      vertex 1.53271 9.54735 25
    endloop
  endfacet
  facet normal 0 0 -1
    outer loop
      vertex 4.1 7.5 25
      vertex 0.846352 9 25
      vertex 3.30933 9.14185 25
    endloop
  endfacet
  facet normal 0 0 -1
    outer loop
      vertex 0 6 25
      vertex 0.846352 9 25
      vertex 0.846351 6 25
    endloop
  endfacet
  facet normal -0 0 -1
    outer loop
      vertex 0.846352 9 25
      vertex 0 6 25
      vertex 0 9 25
    endloop
  endfacet
  facet normal 0 0 -1
    outer loop
      vertex 5.60796 102.089 25
      vertex 6 104.224 25
      vertex 7.03271 100.953 25
    endloop
  endfacet
  facet normal 0 0 -1
    outer loop
      vertex 6 104.224 25
      vertex 5.60796 102.089 25
      vertex 5.60796 103.911 25
    endloop
  endfacet
  facet normal 0 0 -1
    outer loop
      vertex 8.80933 101.358 25
      vertex 9 104.246 25
      vertex 9.6 103 25
    endloop
  endfacet
  facet normal 0 0 -1
    outer loop
      vertex 6 104.224 25
      vertex 9 104.246 25
      vertex 8.80933 101.358 25
    endloop
  endfacet
  facet normal 0 0 -1
    outer loop
      vertex 6 104.224 25
      vertex 8.80933 101.358 25
      vertex 7.03271 100.953 25
    endloop
  endfacet
  facet normal -0 0 -1
    outer loop
      vertex 9 104.246 25
      vertex 6 104.224 25
      vertex 9 105 25
    endloop
  endfacet
  facet normal -0 0 -1
    outer loop
      vertex 9 105 25
      vertex 6 104.224 25
      vertex 6 105 25
    endloop
  endfacet
  facet normal 0 0 -1
    outer loop
      vertex 20.608 102.089 25
      vertex 21 104.224 25
      vertex 22.0327 100.953 25
    endloop
  endfacet
  facet normal 0 0 -1
    outer loop
      vertex 21 104.224 25
      vertex 20.608 102.089 25
      vertex 20.608 103.911 25
    endloop
  endfacet
  facet normal 0 0 -1
    outer loop
      vertex 23.8093 101.358 25
      vertex 24 104.246 25
      vertex 24.6 103 25
    endloop
  endfacet
  facet normal 0 0 -1
    outer loop
      vertex 21 104.224 25
      vertex 24 104.246 25
      vertex 23.8093 101.358 25
    endloop
  endfacet
  facet normal 0 0 -1
    outer loop
      vertex 21 104.224 25
      vertex 23.8093 101.358 25
      vertex 22.0327 100.953 25
    endloop
  endfacet
  facet normal -0 0 -1
    outer loop
      vertex 24 104.246 25
      vertex 21 104.224 25
      vertex 24 105 25
    endloop
  endfacet
  facet normal -0 0 -1
    outer loop
      vertex 24 105 25
      vertex 21 104.224 25
      vertex 21 105 25
    endloop
  endfacet
  facet normal 0 0 -1
    outer loop
      vertex 35.608 102.089 25
      vertex 36 104.224 25
      vertex 37.0327 100.953 25
    endloop
  endfacet
  facet normal 0 0 -1
    outer loop
      vertex 36 104.224 25
      vertex 35.608 102.089 25
      vertex 35.608 103.911 25
    endloop
  endfacet
  facet normal 0 0 -1
    outer loop
      vertex 38.8093 101.358 25
      vertex 39 104.246 25
      vertex 39.6 103 25
    endloop
  endfacet
  facet normal 0 0 -1
    outer loop
      vertex 36 104.224 25
      vertex 39 104.246 25
      vertex 38.8093 101.358 25
    endloop
  endfacet
  facet normal 0 0 -1
    outer loop
      vertex 36 104.224 25
      vertex 38.8093 101.358 25
      vertex 37.0327 100.953 25
    endloop
  endfacet
  facet normal -0 0 -1
    outer loop
      vertex 39 104.246 25
      vertex 36 104.224 25
      vertex 39 105 25
    endloop
  endfacet
  facet normal -0 0 -1
    outer loop
      vertex 39 105 25
      vertex 36 104.224 25
      vertex 36 105 25
    endloop
  endfacet
  facet normal 0 0 -1
    outer loop
      vertex 50.608 102.089 25
      vertex 51 104.224 25
      vertex 52.0327 100.953 25
    endloop
  endfacet
  facet normal 0 0 -1
    outer loop
      vertex 51 104.224 25
      vertex 50.608 102.089 25
      vertex 50.608 103.911 25
    endloop
  endfacet
  facet normal 0 0 -1
    outer loop
      vertex 53.8093 101.358 25
      vertex 54 104.246 25
      vertex 54.6 103 25
    endloop
  endfacet
  facet normal 0 0 -1
    outer loop
      vertex 51 104.224 25
      vertex 54 104.246 25
      vertex 53.8093 101.358 25
    endloop
  endfacet
  facet normal 0 0 -1
    outer loop
      vertex 51 104.224 25
      vertex 53.8093 101.358 25
      vertex 52.0327 100.953 25
    endloop
  endfacet
  facet normal -0 0 -1
    outer loop
      vertex 54 104.246 25
      vertex 51 104.224 25
      vertex 54 105 25
    endloop
  endfacet
  facet normal -0 0 -1
    outer loop
      vertex 54 105 25
      vertex 51 104.224 25
      vertex 51 105 25
    endloop
  endfacet
  facet normal 0 0 -1
    outer loop
      vertex 65.608 102.089 25
      vertex 66 104.224 25
      vertex 67.0327 100.953 25
    endloop
  endfacet
  facet normal 0 0 -1
    outer loop
      vertex 66 104.224 25
      vertex 65.608 102.089 25
      vertex 65.608 103.911 25
    endloop
  endfacet
  facet normal 0 0 -1
    outer loop
      vertex 68.8093 101.358 25
      vertex 69 104.246 25
      vertex 69.6 103 25
    endloop
  endfacet
  facet normal 0 0 -1
    outer loop
      vertex 66 104.224 25
      vertex 69 104.246 25
      vertex 68.8093 101.358 25
    endloop
  endfacet
  facet normal 0 0 -1
    outer loop
      vertex 66 104.224 25
      vertex 68.8093 101.358 25
      vertex 67.0327 100.953 25
    endloop
  endfacet
  facet normal -0 0 -1
    outer loop
      vertex 69 104.246 25
      vertex 66 104.224 25
      vertex 69 105 25
    endloop
  endfacet
  facet normal -0 0 -1
    outer loop
      vertex 69 105 25
      vertex 66 104.224 25
      vertex 66 105 25
    endloop
  endfacet
  facet normal 0 0 -1
    outer loop
      vertex 80.608 102.089 25
      vertex 81 104.224 25
      vertex 82.0327 100.953 25
    endloop
  endfacet
  facet normal 0 0 -1
    outer loop
      vertex 81 104.224 25
      vertex 80.608 102.089 25
      vertex 80.608 103.911 25
    endloop
  endfacet
  facet normal 0 0 -1
    outer loop
      vertex 83.8093 101.358 25
      vertex 84 104.246 25
      vertex 84.6 103 25
    endloop
  endfacet
  facet normal 0 0 -1
    outer loop
      vertex 81 104.224 25
      vertex 84 104.246 25
      vertex 83.8093 101.358 25
    endloop
  endfacet
  facet normal 0 0 -1
    outer loop
      vertex 81 104.224 25
      vertex 83.8093 101.358 25
      vertex 82.0327 100.953 25
    endloop
  endfacet
  facet normal -0 0 -1
    outer loop
      vertex 84 104.246 25
      vertex 81 104.224 25
      vertex 84 105 25
    endloop
  endfacet
  facet normal -0 0 -1
    outer loop
      vertex 84 105 25
      vertex 81 104.224 25
      vertex 81 105 25
    endloop
  endfacet
  facet normal 0 0 -1
    outer loop
      vertex 95.608 102.089 25
      vertex 96 104.224 25
      vertex 97.0327 100.953 25
    endloop
  endfacet
  facet normal 0 0 -1
    outer loop
      vertex 96 104.224 25
      vertex 95.608 102.089 25
      vertex 95.608 103.911 25
    endloop
  endfacet
  facet normal 0 0 -1
    outer loop
      vertex 98.8093 101.358 25
      vertex 99 104.246 25
      vertex 99.6 103 25
    endloop
  endfacet
  facet normal 0 0 -1
    outer loop
      vertex 96 104.224 25
      vertex 99 104.246 25
      vertex 98.8093 101.358 25
    endloop
  endfacet
  facet normal 0 0 -1
    outer loop
      vertex 96 104.224 25
      vertex 98.8093 101.358 25
      vertex 97.0327 100.953 25
    endloop
  endfacet
  facet normal -0 0 -1
    outer loop
      vertex 99 104.246 25
      vertex 96 104.224 25
      vertex 99 105 25
    endloop
  endfacet
  facet normal -0 0 -1
    outer loop
      vertex 99 105 25
      vertex 96 104.224 25
      vertex 96 105 25
    endloop
  endfacet
  facet normal 0 0 -1
    outer loop
      vertex 6 0.776206 25
      vertex 9 0.754088 25
      vertex 9 0 25
    endloop
  endfacet
  facet normal 0 0 -1
    outer loop
      vertex 9 0.754088 25
      vertex 6 0.776206 25
      vertex 8.80933 3.64185 25
    endloop
  endfacet
  facet normal 0 0 -1
    outer loop
      vertex 6 0.776206 25
      vertex 9 0 25
      vertex 6 0 25
    endloop
  endfacet
  facet normal -0 0 -1
    outer loop
      vertex 8.80933 3.64185 25
      vertex 6 0.776206 25
      vertex 7.03271 4.04735 25
    endloop
  endfacet
  facet normal 0 0 -1
    outer loop
      vertex 5.60796 2.91116 25
      vertex 6 0.776206 25
      vertex 5.60796 1.08884 25
    endloop
  endfacet
  facet normal 0 0 -1
    outer loop
      vertex 6 0.776206 25
      vertex 5.60796 2.91116 25
      vertex 7.03271 4.04735 25
    endloop
  endfacet
  facet normal -0 0 -1
    outer loop
      vertex 9.6 2 25
      vertex 9 0.754088 25
      vertex 8.80933 3.64185 25
    endloop
  endfacet
  facet normal 0 0 -1
    outer loop
      vertex 21 0.776206 25
      vertex 24 0.754088 25
      vertex 24 0 25
    endloop
  endfacet
  facet normal 0 0 -1
    outer loop
      vertex 24 0.754088 25
      vertex 21 0.776206 25
      vertex 23.8093 3.64185 25
    endloop
  endfacet
  facet normal 0 0 -1
    outer loop
      vertex 21 0.776206 25
      vertex 24 0 25
      vertex 21 0 25
    endloop
  endfacet
  facet normal -0 0 -1
    outer loop
      vertex 23.8093 3.64185 25
      vertex 21 0.776206 25
      vertex 22.0327 4.04735 25
    endloop
  endfacet
  facet normal 0 0 -1
    outer loop
      vertex 20.608 2.91116 25
      vertex 21 0.776206 25
      vertex 20.608 1.08884 25
    endloop
  endfacet
  facet normal 0 0 -1
    outer loop
      vertex 21 0.776206 25
      vertex 20.608 2.91116 25
      vertex 22.0327 4.04735 25
    endloop
  endfacet
  facet normal -0 0 -1
    outer loop
      vertex 24.6 2 25
      vertex 24 0.754088 25
      vertex 23.8093 3.64185 25
    endloop
  endfacet
  facet normal 0 0 -1
    outer loop
      vertex 36 0.776206 25
      vertex 39 0.754088 25
      vertex 39 0 25
    endloop
  endfacet
  facet normal 0 0 -1
    outer loop
      vertex 39 0.754088 25
      vertex 36 0.776206 25
      vertex 38.8093 3.64185 25
    endloop
  endfacet
  facet normal 0 0 -1
    outer loop
      vertex 36 0.776206 25
      vertex 39 0 25
      vertex 36 0 25
    endloop
  endfacet
  facet normal -0 0 -1
    outer loop
      vertex 38.8093 3.64185 25
      vertex 36 0.776206 25
      vertex 37.0327 4.04735 25
    endloop
  endfacet
  facet normal 0 0 -1
    outer loop
      vertex 35.608 2.91116 25
      vertex 36 0.776206 25
      vertex 35.608 1.08884 25
    endloop
  endfacet
  facet normal 0 0 -1
    outer loop
      vertex 36 0.776206 25
      vertex 35.608 2.91116 25
      vertex 37.0327 4.04735 25
    endloop
  endfacet
  facet normal -0 0 -1
    outer loop
      vertex 39.6 2 25
      vertex 39 0.754088 25
      vertex 38.8093 3.64185 25
    endloop
  endfacet
  facet normal 0 0 -1
    outer loop
      vertex 51 0.776206 25
      vertex 54 0.754088 25
      vertex 54 0 25
    endloop
  endfacet
  facet normal 0 0 -1
    outer loop
      vertex 54 0.754088 25
      vertex 51 0.776206 25
      vertex 53.8093 3.64185 25
    endloop
  endfacet
  facet normal 0 0 -1
    outer loop
      vertex 51 0.776206 25
      vertex 54 0 25
      vertex 51 0 25
    endloop
  endfacet
  facet normal -0 0 -1
    outer loop
      vertex 53.8093 3.64185 25
      vertex 51 0.776206 25
      vertex 52.0327 4.04735 25
    endloop
  endfacet
  facet normal 0 0 -1
    outer loop
      vertex 50.608 2.91116 25
      vertex 51 0.776206 25
      vertex 50.608 1.08884 25
    endloop
  endfacet
  facet normal 0 0 -1
    outer loop
      vertex 51 0.776206 25
      vertex 50.608 2.91116 25
      vertex 52.0327 4.04735 25
    endloop
  endfacet
  facet normal -0 0 -1
    outer loop
      vertex 54.6 2 25
      vertex 54 0.754088 25
      vertex 53.8093 3.64185 25
    endloop
  endfacet
  facet normal 0 0 -1
    outer loop
      vertex 66 0.776206 25
      vertex 69 0.754088 25
      vertex 69 0 25
    endloop
  endfacet
  facet normal 0 0 -1
    outer loop
      vertex 69 0.754088 25
      vertex 66 0.776206 25
      vertex 68.8093 3.64185 25
    endloop
  endfacet
  facet normal 0 0 -1
    outer loop
      vertex 66 0.776206 25
      vertex 69 0 25
      vertex 66 0 25
    endloop
  endfacet
  facet normal -0 0 -1
    outer loop
      vertex 68.8093 3.64185 25
      vertex 66 0.776206 25
      vertex 67.0327 4.04735 25
    endloop
  endfacet
  facet normal 0 0 -1
    outer loop
      vertex 65.608 2.91116 25
      vertex 66 0.776206 25
      vertex 65.608 1.08884 25
    endloop
  endfacet
  facet normal 0 0 -1
    outer loop
      vertex 66 0.776206 25
      vertex 65.608 2.91116 25
      vertex 67.0327 4.04735 25
    endloop
  endfacet
  facet normal -0 0 -1
    outer loop
      vertex 69.6 2 25
      vertex 69 0.754088 25
      vertex 68.8093 3.64185 25
    endloop
  endfacet
  facet normal 0 0 -1
    outer loop
      vertex 81 0.776206 25
      vertex 84 0.754088 25
      vertex 84 0 25
    endloop
  endfacet
  facet normal 0 0 -1
    outer loop
      vertex 84 0.754088 25
      vertex 81 0.776206 25
      vertex 83.8093 3.64185 25
    endloop
  endfacet
  facet normal 0 0 -1
    outer loop
      vertex 81 0.776206 25
      vertex 84 0 25
      vertex 81 0 25
    endloop
  endfacet
  facet normal -0 0 -1
    outer loop
      vertex 83.8093 3.64185 25
      vertex 81 0.776206 25
      vertex 82.0327 4.04735 25
    endloop
  endfacet
  facet normal 0 0 -1
    outer loop
      vertex 80.608 2.91116 25
      vertex 81 0.776206 25
      vertex 80.608 1.08884 25
    endloop
  endfacet
  facet normal 0 0 -1
    outer loop
      vertex 81 0.776206 25
      vertex 80.608 2.91116 25
      vertex 82.0327 4.04735 25
    endloop
  endfacet
  facet normal -0 0 -1
    outer loop
      vertex 84.6 2 25
      vertex 84 0.754088 25
      vertex 83.8093 3.64185 25
    endloop
  endfacet
  facet normal 0 0 -1
    outer loop
      vertex 96 0.776206 25
      vertex 99 0.754088 25
      vertex 99 0 25
    endloop
  endfacet
  facet normal 0 0 -1
    outer loop
      vertex 99 0.754088 25
      vertex 96 0.776206 25
      vertex 98.8093 3.64185 25
    endloop
  endfacet
  facet normal 0 0 -1
    outer loop
      vertex 96 0.776206 25
      vertex 99 0 25
      vertex 96 0 25
    endloop
  endfacet
  facet normal -0 0 -1
    outer loop
      vertex 98.8093 3.64185 25
      vertex 96 0.776206 25
      vertex 97.0327 4.04735 25
    endloop
  endfacet
  facet normal 0 0 -1
    outer loop
      vertex 95.608 2.91116 25
      vertex 96 0.776206 25
      vertex 95.608 1.08884 25
    endloop
  endfacet
  facet normal 0 0 -1
    outer loop
      vertex 96 0.776206 25
      vertex 95.608 2.91116 25
      vertex 97.0327 4.04735 25
    endloop
  endfacet
  facet normal -0 0 -1
    outer loop
      vertex 99.6 2 25
      vertex 99 0.754088 25
      vertex 98.8093 3.64185 25
    endloop
  endfacet
  facet normal 0 0 -1
    outer loop
      vertex 104.378 96 25
      vertex 105 99 25
      vertex 105 96 25
    endloop
  endfacet
  facet normal 0 0 -1
    outer loop
      vertex 104.378 96 25
      vertex 104.378 99 25
      vertex 105 99 25
    endloop
  endfacet
  facet normal 0 0 -1
    outer loop
      vertex 102.533 95.4527 25
      vertex 104.378 96 25
      vertex 104.309 95.8582 25
    endloop
  endfacet
  facet normal 0 0 -1
    outer loop
      vertex 101.108 96.5888 25
      vertex 104.378 96 25
      vertex 102.533 95.4527 25
    endloop
  endfacet
  facet normal 0 0 -1
    outer loop
      vertex 104.378 96 25
      vertex 101.108 96.5888 25
      vertex 104.378 99 25
    endloop
  endfacet
  facet normal 0 0 -1
    outer loop
      vertex 104.378 99 25
      vertex 102.533 99.5473 25
      vertex 104.309 99.1418 25
    endloop
  endfacet
  facet normal 0 0 -1
    outer loop
      vertex 101.108 98.4112 25
      vertex 104.378 99 25
      vertex 101.108 96.5888 25
    endloop
  endfacet
  facet normal -0 0 -1
    outer loop
      vertex 104.378 99 25
      vertex 101.108 98.4112 25
      vertex 102.533 99.5473 25
    endloop
  endfacet
  facet normal 0 0 -1
    outer loop
      vertex 104.378 81 25
      vertex 105 84 25
      vertex 105 81 25
    endloop
  endfacet
  facet normal 0 0 -1
    outer loop
      vertex 104.378 81 25
      vertex 104.378 84 25
      vertex 105 84 25
    endloop
  endfacet
  facet normal 0 0 -1
    outer loop
      vertex 102.533 80.4527 25
      vertex 104.378 81 25
      vertex 104.309 80.8582 25
    endloop
  endfacet
  facet normal 0 0 -1
    outer loop
      vertex 101.108 81.5888 25
      vertex 104.378 81 25
      vertex 102.533 80.4527 25
    endloop
  endfacet
  facet normal 0 0 -1
    outer loop
      vertex 104.378 81 25
      vertex 101.108 81.5888 25
      vertex 104.378 84 25
    endloop
  endfacet
  facet normal 0 0 -1
    outer loop
      vertex 104.378 84 25
      vertex 102.533 84.5473 25
      vertex 104.309 84.1418 25
    endloop
  endfacet
  facet normal 0 0 -1
    outer loop
      vertex 101.108 83.4112 25
      vertex 104.378 84 25
      vertex 101.108 81.5888 25
    endloop
  endfacet
  facet normal -0 0 -1
    outer loop
      vertex 104.378 84 25
      vertex 101.108 83.4112 25
      vertex 102.533 84.5473 25
    endloop
  endfacet
  facet normal 0 0 -1
    outer loop
      vertex 104.378 66 25
      vertex 105 69 25
      vertex 105 66 25
    endloop
  endfacet
  facet normal 0 0 -1
    outer loop
      vertex 104.378 66 25
      vertex 104.378 69 25
      vertex 105 69 25
    endloop
  endfacet
  facet normal 0 0 -1
    outer loop
      vertex 102.533 65.4527 25
      vertex 104.378 66 25
      vertex 104.309 65.8582 25
    endloop
  endfacet
  facet normal 0 0 -1
    outer loop
      vertex 101.108 66.5888 25
      vertex 104.378 66 25
      vertex 102.533 65.4527 25
    endloop
  endfacet
  facet normal 0 0 -1
    outer loop
      vertex 104.378 66 25
      vertex 101.108 66.5888 25
      vertex 104.378 69 25
    endloop
  endfacet
  facet normal 0 0 -1
    outer loop
      vertex 104.378 69 25
      vertex 102.533 69.5473 25
      vertex 104.309 69.1418 25
    endloop
  endfacet
  facet normal 0 0 -1
    outer loop
      vertex 101.108 68.4112 25
      vertex 104.378 69 25
      vertex 101.108 66.5888 25
    endloop
  endfacet
  facet normal -0 0 -1
    outer loop
      vertex 104.378 69 25
      vertex 101.108 68.4112 25
      vertex 102.533 69.5473 25
    endloop
  endfacet
  facet normal 0 0 -1
    outer loop
      vertex 104.378 51 25
      vertex 105 54 25
      vertex 105 51 25
    endloop
  endfacet
  facet normal 0 0 -1
    outer loop
      vertex 104.378 51 25
      vertex 104.378 54 25
      vertex 105 54 25
    endloop
  endfacet
  facet normal 0 0 -1
    outer loop
      vertex 102.533 50.4527 25
      vertex 104.378 51 25
      vertex 104.309 50.8582 25
    endloop
  endfacet
  facet normal 0 0 -1
    outer loop
      vertex 101.108 51.5888 25
      vertex 104.378 51 25
      vertex 102.533 50.4527 25
    endloop
  endfacet
  facet normal 0 0 -1
    outer loop
      vertex 104.378 51 25
      vertex 101.108 51.5888 25
      vertex 104.378 54 25
    endloop
  endfacet
  facet normal 0 0 -1
    outer loop
      vertex 104.378 54 25
      vertex 102.533 54.5473 25
      vertex 104.309 54.1418 25
    endloop
  endfacet
  facet normal 0 0 -1
    outer loop
      vertex 101.108 53.4112 25
      vertex 104.378 54 25
      vertex 101.108 51.5888 25
    endloop
  endfacet
  facet normal -0 0 -1
    outer loop
      vertex 104.378 54 25
      vertex 101.108 53.4112 25
      vertex 102.533 54.5473 25
    endloop
  endfacet
  facet normal 0 0 -1
    outer loop
      vertex 104.378 36 25
      vertex 105 39 25
      vertex 105 36 25
    endloop
  endfacet
  facet normal 0 0 -1
    outer loop
      vertex 104.378 36 25
      vertex 104.378 39 25
      vertex 105 39 25
    endloop
  endfacet
  facet normal 0 0 -1
    outer loop
      vertex 102.533 35.4527 25
      vertex 104.378 36 25
      vertex 104.309 35.8582 25
    endloop
  endfacet
  facet normal 0 0 -1
    outer loop
      vertex 101.108 36.5888 25
      vertex 104.378 36 25
      vertex 102.533 35.4527 25
    endloop
  endfacet
  facet normal 0 0 -1
    outer loop
      vertex 104.378 36 25
      vertex 101.108 36.5888 25
      vertex 104.378 39 25
    endloop
  endfacet
  facet normal 0 0 -1
    outer loop
      vertex 104.378 39 25
      vertex 102.533 39.5473 25
      vertex 104.309 39.1418 25
    endloop
  endfacet
  facet normal 0 0 -1
    outer loop
      vertex 101.108 38.4112 25
      vertex 104.378 39 25
      vertex 101.108 36.5888 25
    endloop
  endfacet
  facet normal -0 0 -1
    outer loop
      vertex 104.378 39 25
      vertex 101.108 38.4112 25
      vertex 102.533 39.5473 25
    endloop
  endfacet
  facet normal 0 0 -1
    outer loop
      vertex 104.378 21 25
      vertex 105 24 25
      vertex 105 21 25
    endloop
  endfacet
  facet normal 0 0 -1
    outer loop
      vertex 104.378 21 25
      vertex 104.378 24 25
      vertex 105 24 25
    endloop
  endfacet
  facet normal 0 0 -1
    outer loop
      vertex 102.533 20.4527 25
      vertex 104.378 21 25
      vertex 104.309 20.8582 25
    endloop
  endfacet
  facet normal 0 0 -1
    outer loop
      vertex 101.108 21.5888 25
      vertex 104.378 21 25
      vertex 102.533 20.4527 25
    endloop
  endfacet
  facet normal 0 0 -1
    outer loop
      vertex 104.378 21 25
      vertex 101.108 21.5888 25
      vertex 104.378 24 25
    endloop
  endfacet
  facet normal 0 0 -1
    outer loop
      vertex 104.378 24 25
      vertex 102.533 24.5473 25
      vertex 104.309 24.1418 25
    endloop
  endfacet
  facet normal 0 0 -1
    outer loop
      vertex 101.108 23.4112 25
      vertex 104.378 24 25
      vertex 101.108 21.5888 25
    endloop
  endfacet
  facet normal -0 0 -1
    outer loop
      vertex 104.378 24 25
      vertex 101.108 23.4112 25
      vertex 102.533 24.5473 25
    endloop
  endfacet
  facet normal 0 0 -1
    outer loop
      vertex 104.378 6 25
      vertex 105 9 25
      vertex 105 6 25
    endloop
  endfacet
  facet normal 0 0 -1
    outer loop
      vertex 104.378 6 25
      vertex 104.378 9 25
      vertex 105 9 25
    endloop
  endfacet
  facet normal 0 0 -1
    outer loop
      vertex 102.533 5.45265 25
      vertex 104.378 6 25
      vertex 104.309 5.85815 25
    endloop
  endfacet
  facet normal 0 0 -1
    outer loop
      vertex 101.108 6.58884 25
      vertex 104.378 6 25
      vertex 102.533 5.45265 25
    endloop
  endfacet
  facet normal 0 0 -1
    outer loop
      vertex 104.378 6 25
      vertex 101.108 6.58884 25
      vertex 104.378 9 25
    endloop
  endfacet
  facet normal 0 0 -1
    outer loop
      vertex 104.378 9 25
      vertex 102.533 9.54735 25
      vertex 104.309 9.14185 25
    endloop
  endfacet
  facet normal 0 0 -1
    outer loop
      vertex 101.108 8.41116 25
      vertex 104.378 9 25
      vertex 101.108 6.58884 25
    endloop
  endfacet
  facet normal -0 0 -1
    outer loop
      vertex 104.378 9 25
      vertex 101.108 8.41116 25
      vertex 102.533 9.54735 25
    endloop
  endfacet
  facet normal -0.130558 0.991441 0
    outer loop
      vertex 101.941 92.7556 39
      vertex 100 92.5 42
      vertex 101.941 92.7556 42
    endloop
  endfacet
  facet normal -0.130558 0.991441 0
    outer loop
      vertex 100 92.5 42
      vertex 101.941 92.7556 39
      vertex 100 92.5 39
    endloop
  endfacet
  facet normal 0.793341 -0.608778 0
    outer loop
      vertex 93.5048 103.75 42
      vertex 94.464 105 39
      vertex 94.464 105 42
    endloop
  endfacet
  facet normal 0.793341 -0.608778 0
    outer loop
      vertex 94.464 105 39
      vertex 93.5048 103.75 42
      vertex 93.5048 103.75 39
    endloop
  endfacet
  facet normal 0.9239 -0.382634 0
    outer loop
      vertex 92.7556 101.941 42
      vertex 93.5048 103.75 39
      vertex 93.5048 103.75 42
    endloop
  endfacet
  facet normal 0.9239 -0.382634 0
    outer loop
      vertex 93.5048 103.75 39
      vertex 92.7556 101.941 42
      vertex 92.7556 101.941 39
    endloop
  endfacet
  facet normal -0 0 1
    outer loop
      vertex 101.25 100 39
      vertex 105 94.464 39
      vertex 105 105 39
    endloop
  endfacet
  facet normal -0 0 1
    outer loop
      vertex 100.386 98.8112 39
      vertex 105 94.464 39
      vertex 101.25 100 39
    endloop
  endfacet
  facet normal 0 0 1
    outer loop
      vertex 105 94.464 39
      vertex 100.386 98.8112 39
      vertex 103.75 93.5048 39
    endloop
  endfacet
  facet normal 0 0 1
    outer loop
      vertex 105 105 39
      vertex 100.386 101.189 39
      vertex 101.25 100 39
    endloop
  endfacet
  facet normal -0 0 1
    outer loop
      vertex 94.464 105 39
      vertex 100.386 101.189 39
      vertex 105 105 39
    endloop
  endfacet
  facet normal -0 0 1
    outer loop
      vertex 93.5048 103.75 39
      vertex 98.9887 100.735 39
      vertex 94.464 105 39
    endloop
  endfacet
  facet normal 0 0 1
    outer loop
      vertex 100.386 101.189 39
      vertex 94.464 105 39
      vertex 98.9887 100.735 39
    endloop
  endfacet
  facet normal -0 0 1
    outer loop
      vertex 99.5 97.5 39
      vertex 103.75 93.5048 39
      vertex 100.386 98.8112 39
    endloop
  endfacet
  facet normal 0 0 1
    outer loop
      vertex 103.75 93.5048 39
      vertex 99.5 97.5 39
      vertex 101.941 92.7556 39
    endloop
  endfacet
  facet normal 0 0 1
    outer loop
      vertex 101.941 92.7556 39
      vertex 99.5 97.5 39
      vertex 100 92.5 39
    endloop
  endfacet
  facet normal 0 0 1
    outer loop
      vertex 98.9887 99.2653 39
      vertex 99.5 97.5 39
      vertex 100.386 98.8112 39
    endloop
  endfacet
  facet normal -0 0 1
    outer loop
      vertex 92.7556 101.941 39
      vertex 98.9887 100.735 39
      vertex 93.5048 103.75 39
    endloop
  endfacet
  facet normal 0 0 1
    outer loop
      vertex 92.5 100 39
      vertex 98.9887 100.735 39
      vertex 92.7556 101.941 39
    endloop
  endfacet
  facet normal 0 0 1
    outer loop
      vertex 98.9887 100.735 39
      vertex 92.5 100 39
      vertex 98.9887 99.2653 39
    endloop
  endfacet
  facet normal 0 -0 1
    outer loop
      vertex 92.7556 98.0589 39
      vertex 98.9887 99.2653 39
      vertex 92.5 100 39
    endloop
  endfacet
  facet normal 0 -0 1
    outer loop
      vertex 92.987 97.5 39
      vertex 98.9887 99.2653 39
      vertex 92.7556 98.0589 39
    endloop
  endfacet
  facet normal 0 0 1
    outer loop
      vertex 98.9887 99.2653 39
      vertex 92.987 97.5 39
      vertex 99.5 97.5 39
    endloop
  endfacet
  facet normal 0 0 1
    outer loop
      vertex 100 92.5 39
      vertex 99.5 97.5 39
      vertex 99.5 92.5658 39
    endloop
  endfacet
  facet normal 0.991441 -0.130558 0
    outer loop
      vertex 92.5 100 42
      vertex 92.7556 101.941 39
      vertex 92.7556 101.941 42
    endloop
  endfacet
  facet normal 0.991441 -0.130558 0
    outer loop
      vertex 92.7556 101.941 39
      vertex 92.5 100 42
      vertex 92.5 100 39
    endloop
  endfacet
  facet normal -0.382634 0.9239 0
    outer loop
      vertex 103.75 93.5048 39
      vertex 101.941 92.7556 42
      vertex 103.75 93.5048 42
    endloop
  endfacet
  facet normal -0.382634 0.9239 0
    outer loop
      vertex 101.941 92.7556 42
      vertex 103.75 93.5048 39
      vertex 101.941 92.7556 39
    endloop
  endfacet
  facet normal 0.130475 0.991452 -0
    outer loop
      vertex 100 92.5 39
      vertex 99.5 92.5658 42
      vertex 100 92.5 42
    endloop
  endfacet
  facet normal 0.130475 0.991452 0
    outer loop
      vertex 99.5 92.5658 42
      vertex 100 92.5 39
      vertex 99.5 92.5658 39
    endloop
  endfacet
  facet normal 0.92394 0.382537 0
    outer loop
      vertex 92.987 97.5 42
      vertex 92.7556 98.0589 39
      vertex 92.7556 98.0589 42
    endloop
  endfacet
  facet normal 0.92394 0.382537 0
    outer loop
      vertex 92.7556 98.0589 39
      vertex 92.987 97.5 42
      vertex 92.987 97.5 39
    endloop
  endfacet
  facet normal 0.991442 0.130551 0
    outer loop
      vertex 92.7556 98.0589 42
      vertex 92.5 100 39
      vertex 92.5 100 42
    endloop
  endfacet
  facet normal 0.991442 0.130551 0
    outer loop
      vertex 92.5 100 39
      vertex 92.7556 98.0589 42
      vertex 92.7556 98.0589 39
    endloop
  endfacet
  facet normal -0.608778 0.793341 0
    outer loop
      vertex 105 94.464 39
      vertex 103.75 93.5048 42
      vertex 105 94.464 42
    endloop
  endfacet
  facet normal -0.608778 0.793341 0
    outer loop
      vertex 103.75 93.5048 42
      vertex 105 94.464 39
      vertex 103.75 93.5048 39
    endloop
  endfacet
  facet normal -0.991441 -0.130558 0
    outer loop
      vertex 12.5 100 39
      vertex 12.2444 101.941 42
      vertex 12.2444 101.941 39
    endloop
  endfacet
  facet normal -0.991441 -0.130558 0
    outer loop
      vertex 12.2444 101.941 42
      vertex 12.5 100 39
      vertex 12.5 100 42
    endloop
  endfacet
  facet normal -0.130475 0.991452 0
    outer loop
      vertex 5.5 92.5658 39
      vertex 5 92.5 42
      vertex 5.5 92.5658 42
    endloop
  endfacet
  facet normal -0.130475 0.991452 0
    outer loop
      vertex 5 92.5 42
      vertex 5.5 92.5658 39
      vertex 5 92.5 39
    endloop
  endfacet
  facet normal 0 0 1
    outer loop
      vertex 10.536 105 39
      vertex 5.38627 101.189 39
      vertex 6.25 100 39
    endloop
  endfacet
  facet normal -0 0 1
    outer loop
      vertex 0 105 39
      vertex 5.38627 101.189 39
      vertex 10.536 105 39
    endloop
  endfacet
  facet normal 0 0 1
    outer loop
      vertex 0 105 39
      vertex 3.98873 99.2653 39
      vertex 3.98873 100.735 39
    endloop
  endfacet
  facet normal 0 0 1
    outer loop
      vertex 3.98873 99.2653 39
      vertex 1.25 93.5048 39
      vertex 3.05886 92.7556 39
    endloop
  endfacet
  facet normal 0 0 1
    outer loop
      vertex 5.38627 101.189 39
      vertex 0 105 39
      vertex 3.98873 100.735 39
    endloop
  endfacet
  facet normal 0 0 1
    outer loop
      vertex 3.98873 99.2653 39
      vertex 0 105 39
      vertex 0 94.464 39
    endloop
  endfacet
  facet normal 0 0 1
    outer loop
      vertex 3.98873 99.2653 39
      vertex 0 94.464 39
      vertex 1.25 93.5048 39
    endloop
  endfacet
  facet normal 0 0 1
    outer loop
      vertex 6.25 100 39
      vertex 12.5 100 39
      vertex 12.2444 101.941 39
    endloop
  endfacet
  facet normal 0 0 1
    outer loop
      vertex 12.5 100 39
      vertex 6.25 100 39
      vertex 12.2444 98.0589 39
    endloop
  endfacet
  facet normal 0 0 1
    outer loop
      vertex 6.25 100 39
      vertex 12.2444 101.941 39
      vertex 11.4952 103.75 39
    endloop
  endfacet
  facet normal 0 0 1
    outer loop
      vertex 6.25 100 39
      vertex 11.4952 103.75 39
      vertex 10.536 105 39
    endloop
  endfacet
  facet normal 0 0 1
    outer loop
      vertex 12.2444 98.0589 39
      vertex 6.25 100 39
      vertex 12.013 97.5 39
    endloop
  endfacet
  facet normal 0 0 1
    outer loop
      vertex 6.25 100 39
      vertex 5.5 97.5 39
      vertex 12.013 97.5 39
    endloop
  endfacet
  facet normal -0 0 1
    outer loop
      vertex 5.38627 98.8112 39
      vertex 5.5 97.5 39
      vertex 6.25 100 39
    endloop
  endfacet
  facet normal 0 0 1
    outer loop
      vertex 3.98873 99.2653 39
      vertex 5.5 97.5 39
      vertex 5.38627 98.8112 39
    endloop
  endfacet
  facet normal 0 0 1
    outer loop
      vertex 5.5 97.5 39
      vertex 5 92.5 39
      vertex 5.5 92.5658 39
    endloop
  endfacet
  facet normal 0 0 1
    outer loop
      vertex 5.5 97.5 39
      vertex 3.98873 99.2653 39
      vertex 3.05886 92.7556 39
    endloop
  endfacet
  facet normal 0 0 1
    outer loop
      vertex 5.5 97.5 39
      vertex 3.05886 92.7556 39
      vertex 5 92.5 39
    endloop
  endfacet
  facet normal 0.38266 0.923889 -0
    outer loop
      vertex 3.05886 92.7556 39
      vertex 1.25 93.5048 42
      vertex 3.05886 92.7556 42
    endloop
  endfacet
  facet normal 0.38266 0.923889 0
    outer loop
      vertex 1.25 93.5048 42
      vertex 3.05886 92.7556 39
      vertex 1.25 93.5048 39
    endloop
  endfacet
  facet normal -0.793341 -0.608778 0
    outer loop
      vertex 11.4952 103.75 39
      vertex 10.536 105 42
      vertex 10.536 105 39
    endloop
  endfacet
  facet normal -0.793341 -0.608778 0
    outer loop
      vertex 10.536 105 42
      vertex 11.4952 103.75 39
      vertex 11.4952 103.75 42
    endloop
  endfacet
  facet normal -0.9239 -0.382634 0
    outer loop
      vertex 12.2444 101.941 39
      vertex 11.4952 103.75 42
      vertex 11.4952 103.75 39
    endloop
  endfacet
  facet normal -0.9239 -0.382634 0
    outer loop
      vertex 11.4952 103.75 42
      vertex 12.2444 101.941 39
      vertex 12.2444 101.941 42
    endloop
  endfacet
  facet normal 0.130548 0.991442 -0
    outer loop
      vertex 5 92.5 39
      vertex 3.05886 92.7556 42
      vertex 5 92.5 42
    endloop
  endfacet
  facet normal 0.130548 0.991442 0
    outer loop
      vertex 3.05886 92.7556 42
      vertex 5 92.5 39
      vertex 3.05886 92.7556 39
    endloop
  endfacet
  facet normal 0.608778 0.793341 -0
    outer loop
      vertex 1.25 93.5048 39
      vertex 0 94.464 42
      vertex 1.25 93.5048 42
    endloop
  endfacet
  facet normal 0.608778 0.793341 0
    outer loop
      vertex 0 94.464 42
      vertex 1.25 93.5048 39
      vertex 0 94.464 39
    endloop
  endfacet
  facet normal -0.92394 0.382537 0
    outer loop
      vertex 12.013 97.5 39
      vertex 12.2444 98.0589 42
      vertex 12.2444 98.0589 39
    endloop
  endfacet
  facet normal -0.92394 0.382537 0
    outer loop
      vertex 12.2444 98.0589 42
      vertex 12.013 97.5 39
      vertex 12.013 97.5 42
    endloop
  endfacet
  facet normal -0.991442 0.130551 0
    outer loop
      vertex 12.2444 98.0589 39
      vertex 12.5 100 42
      vertex 12.5 100 39
    endloop
  endfacet
  facet normal -0.991442 0.130551 0
    outer loop
      vertex 12.5 100 42
      vertex 12.2444 98.0589 39
      vertex 12.2444 98.0589 42
    endloop
  endfacet
  facet normal 0.130475 -0.991452 0
    outer loop
      vertex 99.5 12.4342 39
      vertex 100 12.5 42
      vertex 99.5 12.4342 42
    endloop
  endfacet
  facet normal 0.130475 -0.991452 0
    outer loop
      vertex 100 12.5 42
      vertex 99.5 12.4342 39
      vertex 100 12.5 39
    endloop
  endfacet
  facet normal -0.608778 -0.793341 0
    outer loop
      vertex 103.75 11.4952 39
      vertex 105 10.536 42
      vertex 103.75 11.4952 42
    endloop
  endfacet
  facet normal -0.608778 -0.793341 -0
    outer loop
      vertex 105 10.536 42
      vertex 103.75 11.4952 39
      vertex 105 10.536 39
    endloop
  endfacet
  facet normal 0.923931 -0.38256 0
    outer loop
      vertex 92.7556 6.94114 42
      vertex 92.987 7.5 39
      vertex 92.987 7.5 42
    endloop
  endfacet
  facet normal 0.923931 -0.38256 0
    outer loop
      vertex 92.987 7.5 39
      vertex 92.7556 6.94114 42
      vertex 92.7556 6.94114 39
    endloop
  endfacet
  facet normal -0.130558 -0.991441 0
    outer loop
      vertex 100 12.5 39
      vertex 101.941 12.2444 42
      vertex 100 12.5 42
    endloop
  endfacet
  facet normal -0.130558 -0.991441 -0
    outer loop
      vertex 101.941 12.2444 42
      vertex 100 12.5 39
      vertex 101.941 12.2444 39
    endloop
  endfacet
  facet normal -0.382634 -0.9239 0
    outer loop
      vertex 101.941 12.2444 39
      vertex 103.75 11.4952 42
      vertex 101.941 12.2444 42
    endloop
  endfacet
  facet normal -0.382634 -0.9239 -0
    outer loop
      vertex 103.75 11.4952 42
      vertex 101.941 12.2444 39
      vertex 103.75 11.4952 39
    endloop
  endfacet
  facet normal 0 0 1
    outer loop
      vertex 105 10.536 39
      vertex 100.386 6.18882 39
      vertex 101.25 5 39
    endloop
  endfacet
  facet normal 0 0 1
    outer loop
      vertex 99.5 7.5 39
      vertex 101.941 12.2444 39
      vertex 100 12.5 39
    endloop
  endfacet
  facet normal 0 0 1
    outer loop
      vertex 99.5 7.5 39
      vertex 100 12.5 39
      vertex 99.5 12.4342 39
    endloop
  endfacet
  facet normal 0 0 1
    outer loop
      vertex 103.75 11.4952 39
      vertex 99.5 7.5 39
      vertex 100.386 6.18882 39
    endloop
  endfacet
  facet normal 0 0 1
    outer loop
      vertex 99.5 7.5 39
      vertex 98.9887 5.73473 39
      vertex 100.386 6.18882 39
    endloop
  endfacet
  facet normal -0 0 1
    outer loop
      vertex 92.5 5 39
      vertex 98.9887 4.26527 39
      vertex 98.9887 5.73473 39
    endloop
  endfacet
  facet normal -0 0 1
    outer loop
      vertex 92.987 7.5 39
      vertex 98.9887 5.73473 39
      vertex 99.5 7.5 39
    endloop
  endfacet
  facet normal 0 0 1
    outer loop
      vertex 98.9887 4.26527 39
      vertex 93.5048 1.25 39
      vertex 94.464 0 39
    endloop
  endfacet
  facet normal 0 0 1
    outer loop
      vertex 98.9887 5.73473 39
      vertex 92.987 7.5 39
      vertex 92.7556 6.94114 39
    endloop
  endfacet
  facet normal 0 0 1
    outer loop
      vertex 98.9887 5.73473 39
      vertex 92.7556 6.94114 39
      vertex 92.5 5 39
    endloop
  endfacet
  facet normal 0 0 1
    outer loop
      vertex 98.9887 4.26527 39
      vertex 92.7556 3.05886 39
      vertex 93.5048 1.25 39
    endloop
  endfacet
  facet normal 0 0 1
    outer loop
      vertex 98.9887 4.26527 39
      vertex 92.5 5 39
      vertex 92.7556 3.05886 39
    endloop
  endfacet
  facet normal 0 0 1
    outer loop
      vertex 100.386 6.18882 39
      vertex 105 10.536 39
      vertex 103.75 11.4952 39
    endloop
  endfacet
  facet normal 0 0 1
    outer loop
      vertex 99.5 7.5 39
      vertex 103.75 11.4952 39
      vertex 101.941 12.2444 39
    endloop
  endfacet
  facet normal 0 0 1
    outer loop
      vertex 105 10.536 39
      vertex 101.25 5 39
      vertex 105 0 39
    endloop
  endfacet
  facet normal -0 0 1
    outer loop
      vertex 100.386 3.81118 39
      vertex 105 0 39
      vertex 101.25 5 39
    endloop
  endfacet
  facet normal 0 0 1
    outer loop
      vertex 94.464 0 39
      vertex 100.386 3.81118 39
      vertex 98.9887 4.26527 39
    endloop
  endfacet
  facet normal 0 0 1
    outer loop
      vertex 100.386 3.81118 39
      vertex 94.464 0 39
      vertex 105 0 39
    endloop
  endfacet
  facet normal 0.991442 -0.130548 0
    outer loop
      vertex 92.5 5 42
      vertex 92.7556 6.94114 39
      vertex 92.7556 6.94114 42
    endloop
  endfacet
  facet normal 0.991442 -0.130548 0
    outer loop
      vertex 92.7556 6.94114 39
      vertex 92.5 5 42
      vertex 92.5 5 39
    endloop
  endfacet
  facet normal 0.923889 0.38266 0
    outer loop
      vertex 93.5048 1.25 42
      vertex 92.7556 3.05886 39
      vertex 92.7556 3.05886 42
    endloop
  endfacet
  facet normal 0.923889 0.38266 0
    outer loop
      vertex 92.7556 3.05886 39
      vertex 93.5048 1.25 42
      vertex 93.5048 1.25 39
    endloop
  endfacet
  facet normal 0.991442 0.130548 0
    outer loop
      vertex 92.7556 3.05886 42
      vertex 92.5 5 39
      vertex 92.5 5 42
    endloop
  endfacet
  facet normal 0.991442 0.130548 0
    outer loop
      vertex 92.5 5 39
      vertex 92.7556 3.05886 42
      vertex 92.7556 3.05886 39
    endloop
  endfacet
  facet normal 0.793341 0.608778 0
    outer loop
      vertex 94.464 0 42
      vertex 93.5048 1.25 39
      vertex 93.5048 1.25 42
    endloop
  endfacet
  facet normal 0.793341 0.608778 0
    outer loop
      vertex 93.5048 1.25 39
      vertex 94.464 0 42
      vertex 94.464 0 39
    endloop
  endfacet
  facet normal -0.991442 -0.130548 0
    outer loop
      vertex 12.5 5 39
      vertex 12.2444 6.94114 42
      vertex 12.2444 6.94114 39
    endloop
  endfacet
  facet normal -0.991442 -0.130548 0
    outer loop
      vertex 12.2444 6.94114 42
      vertex 12.5 5 39
      vertex 12.5 5 42
    endloop
  endfacet
  facet normal 0.130548 -0.991442 0
    outer loop
      vertex 3.05886 12.2444 39
      vertex 5 12.5 42
      vertex 3.05886 12.2444 42
    endloop
  endfacet
  facet normal 0.130548 -0.991442 0
    outer loop
      vertex 5 12.5 42
      vertex 3.05886 12.2444 39
      vertex 5 12.5 39
    endloop
  endfacet
  facet normal -0.793341 0.608778 0
    outer loop
      vertex 10.536 0 39
      vertex 11.4952 1.25 42
      vertex 11.4952 1.25 39
    endloop
  endfacet
  facet normal -0.793341 0.608778 0
    outer loop
      vertex 11.4952 1.25 42
      vertex 10.536 0 39
      vertex 10.536 0 42
    endloop
  endfacet
  facet normal 0 0 1
    outer loop
      vertex 5 12.5 39
      vertex 5.5 7.5 39
      vertex 5.5 12.4342 39
    endloop
  endfacet
  facet normal -0 0 1
    outer loop
      vertex 3.05886 12.2444 39
      vertex 5.5 7.5 39
      vertex 5 12.5 39
    endloop
  endfacet
  facet normal -0 0 1
    outer loop
      vertex 1.25 11.4952 39
      vertex 5.5 7.5 39
      vertex 3.05886 12.2444 39
    endloop
  endfacet
  facet normal 0 0 1
    outer loop
      vertex 5.5 7.5 39
      vertex 1.25 11.4952 39
      vertex 3.98873 5.73473 39
    endloop
  endfacet
  facet normal 0 0 1
    outer loop
      vertex 5.5 7.5 39
      vertex 3.98873 5.73473 39
      vertex 5.38627 6.18882 39
    endloop
  endfacet
  facet normal 0 0 1
    outer loop
      vertex 6.25 5 39
      vertex 12.5 5 39
      vertex 12.2444 6.94114 39
    endloop
  endfacet
  facet normal 0 0 1
    outer loop
      vertex 6.25 5 39
      vertex 12.2444 6.94114 39
      vertex 12.013 7.5 39
    endloop
  endfacet
  facet normal 0 0 1
    outer loop
      vertex 12.5 5 39
      vertex 6.25 5 39
      vertex 12.2444 3.05886 39
    endloop
  endfacet
  facet normal 0 0 1
    outer loop
      vertex 12.2444 3.05886 39
      vertex 6.25 5 39
      vertex 11.4952 1.25 39
    endloop
  endfacet
  facet normal 0 0 1
    outer loop
      vertex 11.4952 1.25 39
      vertex 6.25 5 39
      vertex 10.536 0 39
    endloop
  endfacet
  facet normal -0 0 1
    outer loop
      vertex 5.5 7.5 39
      vertex 6.25 5 39
      vertex 12.013 7.5 39
    endloop
  endfacet
  facet normal 0 0 1
    outer loop
      vertex 6.25 5 39
      vertex 5.5 7.5 39
      vertex 5.38627 6.18882 39
    endloop
  endfacet
  facet normal -0 0 1
    outer loop
      vertex 5.38627 3.81118 39
      vertex 10.536 0 39
      vertex 6.25 5 39
    endloop
  endfacet
  facet normal 0 0 1
    outer loop
      vertex 0 0 39
      vertex 5.38627 3.81118 39
      vertex 3.98873 4.26527 39
    endloop
  endfacet
  facet normal -0 0 1
    outer loop
      vertex 0 10.536 39
      vertex 3.98873 5.73473 39
      vertex 1.25 11.4952 39
    endloop
  endfacet
  facet normal 0 0 1
    outer loop
      vertex 0 0 39
      vertex 3.98873 5.73473 39
      vertex 0 10.536 39
    endloop
  endfacet
  facet normal 0 0 1
    outer loop
      vertex 5.38627 3.81118 39
      vertex 0 0 39
      vertex 10.536 0 39
    endloop
  endfacet
  facet normal 0 0 1
    outer loop
      vertex 3.98873 5.73473 39
      vertex 0 0 39
      vertex 3.98873 4.26527 39
    endloop
  endfacet
  facet normal 0.608778 -0.793341 0
    outer loop
      vertex 0 10.536 39
      vertex 1.25 11.4952 42
      vertex 0 10.536 42
    endloop
  endfacet
  facet normal 0.608778 -0.793341 0
    outer loop
      vertex 1.25 11.4952 42
      vertex 0 10.536 39
      vertex 1.25 11.4952 39
    endloop
  endfacet
  facet normal -0.923889 0.38266 0
    outer loop
      vertex 11.4952 1.25 39
      vertex 12.2444 3.05886 42
      vertex 12.2444 3.05886 39
    endloop
  endfacet
  facet normal -0.923889 0.38266 0
    outer loop
      vertex 12.2444 3.05886 42
      vertex 11.4952 1.25 39
      vertex 11.4952 1.25 42
    endloop
  endfacet
  facet normal -0.923931 -0.38256 0
    outer loop
      vertex 12.2444 6.94114 39
      vertex 12.013 7.5 42
      vertex 12.013 7.5 39
    endloop
  endfacet
  facet normal -0.923931 -0.38256 0
    outer loop
      vertex 12.013 7.5 42
      vertex 12.2444 6.94114 39
      vertex 12.2444 6.94114 42
    endloop
  endfacet
  facet normal -0.130475 -0.991452 0
    outer loop
      vertex 5 12.5 39
      vertex 5.5 12.4342 42
      vertex 5 12.5 42
    endloop
  endfacet
  facet normal -0.130475 -0.991452 -0
    outer loop
      vertex 5.5 12.4342 42
      vertex 5 12.5 39
      vertex 5.5 12.4342 39
    endloop
  endfacet
  facet normal 0.38266 -0.923889 0
    outer loop
      vertex 1.25 11.4952 39
      vertex 3.05886 12.2444 42
      vertex 1.25 11.4952 42
    endloop
  endfacet
  facet normal 0.38266 -0.923889 0
    outer loop
      vertex 3.05886 12.2444 42
      vertex 1.25 11.4952 39
      vertex 3.05886 12.2444 39
    endloop
  endfacet
  facet normal -0.991442 0.130548 0
    outer loop
      vertex 12.2444 3.05886 39
      vertex 12.5 5 42
      vertex 12.5 5 39
    endloop
  endfacet
  facet normal -0.991442 0.130548 0
    outer loop
      vertex 12.5 5 42
      vertex 12.2444 3.05886 39
      vertex 12.2444 3.05886 42
    endloop
  endfacet
  facet normal -0.808971 -0.587848 0
    outer loop
      vertex 101.25 100 27
      vertex 100.386 101.189 39
      vertex 100.386 101.189 27
    endloop
  endfacet
  facet normal -0.808971 -0.587848 0
    outer loop
      vertex 100.386 101.189 39
      vertex 101.25 100 27
      vertex 101.25 100 39
    endloop
  endfacet
  facet normal 1 0 0
    outer loop
      vertex 98.9887 100.735 39
      vertex 98.9887 99.7247 29.5
      vertex 98.9887 100.735 27
    endloop
  endfacet
  facet normal 1 -0 0
    outer loop
      vertex 98.9887 99.2653 39
      vertex 98.9887 99.7247 29.5
      vertex 98.9887 100.735 39
    endloop
  endfacet
  facet normal 1 0 0
    outer loop
      vertex 98.9887 99.7247 29.5
      vertex 98.9887 99.2653 39
      vertex 98.9887 99.2653 29.5
    endloop
  endfacet
  facet normal 1 0 0
    outer loop
      vertex 98.9887 100.735 27
      vertex 98.9887 99.7247 29.5
      vertex 98.9887 99.7247 27
    endloop
  endfacet
  facet normal 0.309011 -0.951059 0
    outer loop
      vertex 98.9887 100.735 27
      vertex 100.386 101.189 39
      vertex 98.9887 100.735 39
    endloop
  endfacet
  facet normal 0.309011 -0.951059 0
    outer loop
      vertex 100.386 101.189 39
      vertex 98.9887 100.735 27
      vertex 100.386 101.189 27
    endloop
  endfacet
  facet normal 0.309072 0.951039 -0
    outer loop
      vertex 100.386 98.8112 29.5
      vertex 98.9887 99.2653 39
      vertex 100.386 98.8112 39
    endloop
  endfacet
  facet normal 0.309072 0.951039 0
    outer loop
      vertex 98.9887 99.2653 39
      vertex 100.386 98.8112 29.5
      vertex 98.9887 99.2653 29.5
    endloop
  endfacet
  facet normal 0 0 1
    outer loop
      vertex 100.386 101.189 27
      vertex 100.573 99.0684 27
      vertex 101.25 100 27
    endloop
  endfacet
  facet normal 0 0 1
    outer loop
      vertex 98.9887 99.7247 27
      vertex 100.386 101.189 27
      vertex 98.9887 100.735 27
    endloop
  endfacet
  facet normal 0 0 1
    outer loop
      vertex 100.386 101.189 27
      vertex 98.9887 99.7247 27
      vertex 100.573 99.0684 27
    endloop
  endfacet
  facet normal -0.808954 0.587872 0
    outer loop
      vertex 100.573 99.0684 29.5
      vertex 101.25 100 27
      vertex 100.573 99.0684 27
    endloop
  endfacet
  facet normal -0.808954 0.587872 0
    outer loop
      vertex 101.25 100 27
      vertex 100.573 99.0684 29.5
      vertex 101.25 100 39
    endloop
  endfacet
  facet normal -0.808818 0.58806 0
    outer loop
      vertex 100.386 98.8112 39
      vertex 100.573 99.0684 29.5
      vertex 100.386 98.8112 29.5
    endloop
  endfacet
  facet normal -0.808924 0.587913 -6.07395e-06
    outer loop
      vertex 100.573 99.0684 29.5
      vertex 100.386 98.8112 39
      vertex 101.25 100 39
    endloop
  endfacet
  facet normal -0.809059 -0.587728 0
    outer loop
      vertex 6.25 100 27
      vertex 5.38627 101.189 39
      vertex 5.38627 101.189 27
    endloop
  endfacet
  facet normal -0.809059 -0.587728 0
    outer loop
      vertex 5.38627 101.189 39
      vertex 6.25 100 27
      vertex 6.25 100 39
    endloop
  endfacet
  facet normal 1 -0 0
    outer loop
      vertex 3.98873 99.2653 39
      vertex 3.98873 100.735 27
      vertex 3.98873 100.735 39
    endloop
  endfacet
  facet normal 1 0 0
    outer loop
      vertex 3.98873 100.735 27
      vertex 3.98873 99.2653 39
      vertex 3.98873 99.2653 27
    endloop
  endfacet
  facet normal 0.308963 -0.951074 0
    outer loop
      vertex 3.98873 100.735 27
      vertex 5.38627 101.189 39
      vertex 3.98873 100.735 39
    endloop
  endfacet
  facet normal 0.308963 -0.951074 0
    outer loop
      vertex 5.38627 101.189 39
      vertex 3.98873 100.735 27
      vertex 5.38627 101.189 27
    endloop
  endfacet
  facet normal 0.309029 0.951053 0
    outer loop
      vertex 4.50055 99.099 29.5
      vertex 5.38627 98.8112 39
      vertex 5.38627 98.8112 29.5
    endloop
  endfacet
  facet normal 0.309024 0.951054 4.69917e-07
    outer loop
      vertex 5.38627 98.8112 39
      vertex 4.50055 99.099 29.5
      vertex 3.98873 99.2653 39
    endloop
  endfacet
  facet normal 0.309016 0.951057 0
    outer loop
      vertex 3.98873 99.2653 27
      vertex 4.50055 99.099 29.5
      vertex 4.50055 99.099 27
    endloop
  endfacet
  facet normal 0.309016 0.951057 0
    outer loop
      vertex 4.50055 99.099 29.5
      vertex 3.98873 99.2653 27
      vertex 3.98873 99.2653 39
    endloop
  endfacet
  facet normal 0 0 1
    outer loop
      vertex 6.25 100 27
      vertex 6.05886 99.7444 27
      vertex 6.06491 99.7452 27
    endloop
  endfacet
  facet normal 0 0 1
    outer loop
      vertex 5.38627 101.189 27
      vertex 6.05886 99.7444 27
      vertex 6.25 100 27
    endloop
  endfacet
  facet normal 0 0 1
    outer loop
      vertex 5.38627 101.189 27
      vertex 4.50055 99.099 27
      vertex 6.05886 99.7444 27
    endloop
  endfacet
  facet normal -0 0 1
    outer loop
      vertex 3.98873 100.735 27
      vertex 4.50055 99.099 27
      vertex 5.38627 101.189 27
    endloop
  endfacet
  facet normal 0 0 1
    outer loop
      vertex 4.50055 99.099 27
      vertex 3.98873 100.735 27
      vertex 3.98873 99.2653 27
    endloop
  endfacet
  facet normal -0.809067 0.587717 0
    outer loop
      vertex 6.06491 99.7452 29.5
      vertex 6.25 100 27
      vertex 6.06491 99.7452 27
    endloop
  endfacet
  facet normal -0.809067 0.587717 0
    outer loop
      vertex 6.25 100 27
      vertex 6.06491 99.7452 29.5
      vertex 6.25 100 39
    endloop
  endfacet
  facet normal -0.808997 0.587813 0
    outer loop
      vertex 5.38627 98.8112 39
      vertex 6.06491 99.7452 29.5
      vertex 5.38627 98.8112 29.5
    endloop
  endfacet
  facet normal -0.809012 0.587792 -3.1098e-06
    outer loop
      vertex 6.06491 99.7452 29.5
      vertex 5.38627 98.8112 39
      vertex 6.25 100 39
    endloop
  endfacet
  facet normal -0.808929 -0.587906 0
    outer loop
      vertex 101.25 5 27
      vertex 100.386 6.18882 39
      vertex 100.386 6.18882 27
    endloop
  endfacet
  facet normal -0.808929 -0.587906 0
    outer loop
      vertex 100.386 6.18882 39
      vertex 101.25 5 27
      vertex 101.25 5 39
    endloop
  endfacet
  facet normal 1 -0 0
    outer loop
      vertex 98.9887 4.26527 39
      vertex 98.9887 5.73473 27
      vertex 98.9887 5.73473 39
    endloop
  endfacet
  facet normal 1 0 0
    outer loop
      vertex 98.9887 5.73473 27
      vertex 98.9887 4.26527 39
      vertex 98.9887 4.26527 27
    endloop
  endfacet
  facet normal 0.309066 -0.951041 0
    outer loop
      vertex 98.9887 5.73473 27
      vertex 100.386 6.18882 39
      vertex 98.9887 5.73473 39
    endloop
  endfacet
  facet normal 0.309066 -0.951041 0
    outer loop
      vertex 100.386 6.18882 39
      vertex 98.9887 5.73473 27
      vertex 100.386 6.18882 27
    endloop
  endfacet
  facet normal 0 0 1
    outer loop
      vertex 100.386 6.18882 27
      vertex 100.386 3.81118 27
      vertex 101.25 5 27
    endloop
  endfacet
  facet normal -0 0 1
    outer loop
      vertex 98.9887 5.73473 27
      vertex 100.386 3.81118 27
      vertex 100.386 6.18882 27
    endloop
  endfacet
  facet normal 0 0 1
    outer loop
      vertex 100.386 3.81118 27
      vertex 98.9887 5.73473 27
      vertex 98.9887 4.26527 27
    endloop
  endfacet
  facet normal -0.808929 0.587906 0
    outer loop
      vertex 100.386 3.81118 27
      vertex 101.25 5 39
      vertex 101.25 5 27
    endloop
  endfacet
  facet normal -0.808929 0.587906 0
    outer loop
      vertex 101.25 5 39
      vertex 100.386 3.81118 27
      vertex 100.386 3.81118 39
    endloop
  endfacet
  facet normal 0.309066 0.951041 -0
    outer loop
      vertex 100.386 3.81118 27
      vertex 98.9887 4.26527 39
      vertex 100.386 3.81118 39
    endloop
  endfacet
  facet normal 0.309066 0.951041 0
    outer loop
      vertex 98.9887 4.26527 39
      vertex 100.386 3.81118 27
      vertex 98.9887 4.26527 27
    endloop
  endfacet
  facet normal -0.809016 -0.587786 0
    outer loop
      vertex 6.25 5 27
      vertex 5.38627 6.18882 39
      vertex 5.38627 6.18882 27
    endloop
  endfacet
  facet normal -0.809016 -0.587786 0
    outer loop
      vertex 5.38627 6.18882 39
      vertex 6.25 5 27
      vertex 6.25 5 39
    endloop
  endfacet
  facet normal 1 -0 0
    outer loop
      vertex 3.98873 4.26527 39
      vertex 3.98873 5.73473 27
      vertex 3.98873 5.73473 39
    endloop
  endfacet
  facet normal 1 0 0
    outer loop
      vertex 3.98873 5.73473 27
      vertex 3.98873 4.26527 39
      vertex 3.98873 4.26527 27
    endloop
  endfacet
  facet normal 0.309018 -0.951056 0
    outer loop
      vertex 3.98873 5.73473 27
      vertex 5.38627 6.18882 39
      vertex 3.98873 5.73473 39
    endloop
  endfacet
  facet normal 0.309018 -0.951056 0
    outer loop
      vertex 5.38627 6.18882 39
      vertex 3.98873 5.73473 27
      vertex 5.38627 6.18882 27
    endloop
  endfacet
  facet normal 0 0 1
    outer loop
      vertex 5.38627 6.18882 27
      vertex 5.38627 3.81118 27
      vertex 6.25 5 27
    endloop
  endfacet
  facet normal -0 0 1
    outer loop
      vertex 3.98873 5.73473 27
      vertex 5.38627 3.81118 27
      vertex 5.38627 6.18882 27
    endloop
  endfacet
  facet normal 0 0 1
    outer loop
      vertex 5.38627 3.81118 27
      vertex 3.98873 5.73473 27
      vertex 3.98873 4.26527 27
    endloop
  endfacet
  facet normal -0.809016 0.587786 0
    outer loop
      vertex 5.38627 3.81118 27
      vertex 6.25 5 39
      vertex 6.25 5 27
    endloop
  endfacet
  facet normal -0.809016 0.587786 0
    outer loop
      vertex 6.25 5 39
      vertex 5.38627 3.81118 27
      vertex 5.38627 3.81118 39
    endloop
  endfacet
  facet normal 0.309018 0.951056 -0
    outer loop
      vertex 5.38627 3.81118 27
      vertex 3.98873 4.26527 39
      vertex 5.38627 3.81118 39
    endloop
  endfacet
  facet normal 0.309018 0.951056 0
    outer loop
      vertex 3.98873 4.26527 39
      vertex 5.38627 3.81118 27
      vertex 3.98873 4.26527 27
    endloop
  endfacet
  facet normal 1 0 0
    outer loop
      vertex 5.5 77.5 29.02
      vertex 5.5 92.5658 39
      vertex 5.5 92.5658 42
    endloop
  endfacet
  facet normal 1 0 0
    outer loop
      vertex 5.5 85.487 29.5
      vertex 5.5 77.5 29.02
      vertex 5.5 85.487 26.5
    endloop
  endfacet
  facet normal 1 0 0
    outer loop
      vertex 5.5 92.5658 39
      vertex 5.5 77.5 29.02
      vertex 5.5 85.487 29.5
    endloop
  endfacet
  facet normal 1 0 0
    outer loop
      vertex 5.5 92.5658 42
      vertex 5.5 47.5 29.02
      vertex 5.5 77.5 29.02
    endloop
  endfacet
  facet normal 1 0 0
    outer loop
      vertex 5.5 34.513 26.5
      vertex 5.5 47.5 29.02
      vertex 5.5 34.513 29.5
    endloop
  endfacet
  facet normal 1 -0 0
    outer loop
      vertex 5.5 12.4342 42
      vertex 5.5 47.5 29.02
      vertex 5.5 92.5658 42
    endloop
  endfacet
  facet normal 1 0 0
    outer loop
      vertex 5.5 47.5 29.02
      vertex 5.5 12.4342 42
      vertex 5.5 34.513 29.5
    endloop
  endfacet
  facet normal 1 -0 0
    outer loop
      vertex 5.5 12.4342 39
      vertex 5.5 20.487 29.5
      vertex 5.5 12.4342 42
    endloop
  endfacet
  facet normal 1 0 0
    outer loop
      vertex 5.5 34.513 29.5
      vertex 5.5 12.4342 42
      vertex 5.5 20.487 29.5
    endloop
  endfacet
  facet normal 1 -0 0
    outer loop
      vertex 5.5 92.5658 39
      vertex 5.5 97.5 29.5
      vertex 5.5 97.5 39
    endloop
  endfacet
  facet normal 1 0 0
    outer loop
      vertex 5.5 97.5 29.5
      vertex 5.5 92.5658 39
      vertex 5.5 85.487 29.5
    endloop
  endfacet
  facet normal 1 -0 0
    outer loop
      vertex 5.5 85.487 26.5
      vertex 5.5 97.5 24
      vertex 5.5 97.5 26.5
    endloop
  endfacet
  facet normal 1 0 0
    outer loop
      vertex 5.5 85.487 26.5
      vertex 5.5 77.5 24
      vertex 5.5 97.5 24
    endloop
  endfacet
  facet normal 1 0 0
    outer loop
      vertex 5.5 77.5 24
      vertex 5.5 85.487 26.5
      vertex 5.5 77.5 29.02
    endloop
  endfacet
  facet normal 1 0 0
    outer loop
      vertex 5.5 47.5 29.02
      vertex 5.5 34.513 26.5
      vertex 5.5 47.5 24
    endloop
  endfacet
  facet normal 1 -0 0
    outer loop
      vertex 5.5 20.487 26.5
      vertex 5.5 47.5 24
      vertex 5.5 34.513 26.5
    endloop
  endfacet
  facet normal 1 0 0
    outer loop
      vertex 5.5 7.5 24
      vertex 5.5 20.487 29.5
      vertex 5.5 12.4342 39
    endloop
  endfacet
  facet normal 1 0 0
    outer loop
      vertex 5.5 7.5 24
      vertex 5.5 12.4342 39
      vertex 5.5 7.5 39
    endloop
  endfacet
  facet normal 1 0 0
    outer loop
      vertex 5.5 20.487 26.5
      vertex 5.5 7.5 24
      vertex 5.5 47.5 24
    endloop
  endfacet
  facet normal 1 0 0
    outer loop
      vertex 5.5 20.487 29.5
      vertex 5.5 7.5 24
      vertex 5.5 20.487 26.5
    endloop
  endfacet
  facet normal -1 0 0
    outer loop
      vertex 99.5 97.5 24
      vertex 99.5 85.487 26.5
      vertex 99.5 97.5 26.5
    endloop
  endfacet
  facet normal -1 0 0
    outer loop
      vertex 99.5 85.487 26.5
      vertex 99.5 34.513 26.5
      vertex 99.5 85.487 29.5
    endloop
  endfacet
  facet normal -1 0 0
    outer loop
      vertex 99.5 97.5 24
      vertex 99.5 34.513 26.5
      vertex 99.5 85.487 26.5
    endloop
  endfacet
  facet normal -1 0 0
    outer loop
      vertex 99.5 7.5 24
      vertex 99.5 34.513 26.5
      vertex 99.5 97.5 24
    endloop
  endfacet
  facet normal -1 0 0
    outer loop
      vertex 99.5 7.5 24
      vertex 99.5 20.487 29.5
      vertex 99.5 20.487 26.5
    endloop
  endfacet
  facet normal -1 -0 0
    outer loop
      vertex 99.5 34.513 26.5
      vertex 99.5 7.5 24
      vertex 99.5 20.487 26.5
    endloop
  endfacet
  facet normal -1 -0 0
    outer loop
      vertex 99.5 20.487 29.5
      vertex 99.5 7.5 24
      vertex 99.5 12.4342 39
    endloop
  endfacet
  facet normal -1 -0 0
    outer loop
      vertex 99.5 12.4342 39
      vertex 99.5 7.5 24
      vertex 99.5 7.5 39
    endloop
  endfacet
  facet normal -1 0 0
    outer loop
      vertex 99.5 97.5 29.5
      vertex 99.5 92.5658 39
      vertex 99.5 97.5 39
    endloop
  endfacet
  facet normal -1 0 0
    outer loop
      vertex 99.5 85.487 29.5
      vertex 99.5 92.5658 39
      vertex 99.5 97.5 29.5
    endloop
  endfacet
  facet normal -1 0 0
    outer loop
      vertex 99.5 85.487 29.5
      vertex 99.5 92.5658 42
      vertex 99.5 92.5658 39
    endloop
  endfacet
  facet normal -1 0 0
    outer loop
      vertex 99.5 34.513 29.5
      vertex 99.5 85.487 29.5
      vertex 99.5 34.513 26.5
    endloop
  endfacet
  facet normal -1 0 0
    outer loop
      vertex 99.5 85.487 29.5
      vertex 99.5 34.513 29.5
      vertex 99.5 92.5658 42
    endloop
  endfacet
  facet normal -1 0 0
    outer loop
      vertex 99.5 12.4342 42
      vertex 99.5 34.513 29.5
      vertex 99.5 20.487 29.5
    endloop
  endfacet
  facet normal -1 0 0
    outer loop
      vertex 99.5 12.4342 42
      vertex 99.5 20.487 29.5
      vertex 99.5 12.4342 39
    endloop
  endfacet
  facet normal -1 0 0
    outer loop
      vertex 99.5 34.513 29.5
      vertex 99.5 12.4342 42
      vertex 99.5 92.5658 42
    endloop
  endfacet
  facet normal 0 0 1
    outer loop
      vertex 25.5 97.5 24
      vertex 5.5 97.5 24
      vertex 25.5 77.5 24
    endloop
  endfacet
  facet normal 0 0 1
    outer loop
      vertex 79.5 77.5 24
      vertex 99.5 97.5 24
      vertex 79.5 97.5 24
    endloop
  endfacet
  facet normal 0 0 1
    outer loop
      vertex 99.5 97.5 24
      vertex 79.5 77.5 24
      vertex 99.5 7.5 24
    endloop
  endfacet
  facet normal 0 0 1
    outer loop
      vertex 5.5 47.5 24
      vertex 79.5 77.5 24
      vertex 25.5 77.5 24
    endloop
  endfacet
  facet normal 0 0 1
    outer loop
      vertex 5.5 77.5 24
      vertex 25.5 77.5 24
      vertex 5.5 97.5 24
    endloop
  endfacet
  facet normal 0 0 1
    outer loop
      vertex 5.5 47.5 24
      vertex 25.5 77.5 24
      vertex 5.5 77.5 24
    endloop
  endfacet
  facet normal 0 0 1
    outer loop
      vertex 79.5 77.5 24
      vertex 5.5 47.5 24
      vertex 99.5 7.5 24
    endloop
  endfacet
  facet normal 0 0 1
    outer loop
      vertex 99.5 7.5 24
      vertex 5.5 47.5 24
      vertex 5.5 7.5 24
    endloop
  endfacet
  facet normal -0 0 1
    outer loop
      vertex 4.25 77.5 24
      vertex 5.5 47.5 24
      vertex 5.5 77.5 24
    endloop
  endfacet
  facet normal 0 0 1
    outer loop
      vertex 5.5 47.5 24
      vertex 4.25 77.5 24
      vertex 4.25 47.5 24
    endloop
  endfacet
  facet normal 0 1 -0
    outer loop
      vertex 99.5 7.5 24
      vertex 92.987 7.5 39
      vertex 99.5 7.5 39
    endloop
  endfacet
  facet normal 0 1 0
    outer loop
      vertex 92.987 7.5 39
      vertex 99.5 7.5 24
      vertex 12.013 7.5 39
    endloop
  endfacet
  facet normal 0 1 0
    outer loop
      vertex 5.5 7.5 24
      vertex 12.013 7.5 39
      vertex 99.5 7.5 24
    endloop
  endfacet
  facet normal 0 1 0
    outer loop
      vertex 12.013 7.5 39
      vertex 5.5 7.5 24
      vertex 5.5 7.5 39
    endloop
  endfacet
  facet normal 0 1 -0
    outer loop
      vertex 92.987 7.5 39
      vertex 12.013 7.5 42
      vertex 92.987 7.5 42
    endloop
  endfacet
  facet normal 0 1 0
    outer loop
      vertex 12.013 7.5 42
      vertex 92.987 7.5 39
      vertex 12.013 7.5 39
    endloop
  endfacet
  facet normal 0 -1 0
    outer loop
      vertex 25.5 97.5 5.02
      vertex 79.5 97.5 24
      vertex 25.5 97.5 24
    endloop
  endfacet
  facet normal 0 -1 -0
    outer loop
      vertex 79.5 97.5 24
      vertex 25.5 97.5 5.02
      vertex 79.5 97.5 5.02
    endloop
  endfacet
  facet normal 0 -1 0
    outer loop
      vertex 5.5 97.5 24
      vertex 13.536 97.5 26.5
      vertex 5.5 97.5 26.5
    endloop
  endfacet
  facet normal 0 -1 0
    outer loop
      vertex 13.536 97.5 26.5
      vertex 25.5 97.5 24
      vertex 91.464 97.5 26.5
    endloop
  endfacet
  facet normal 0 -1 -0
    outer loop
      vertex 13.536 97.5 26.5
      vertex 5.5 97.5 24
      vertex 25.5 97.5 24
    endloop
  endfacet
  facet normal 0 -1 0
    outer loop
      vertex 79.5 97.5 24
      vertex 91.464 97.5 26.5
      vertex 25.5 97.5 24
    endloop
  endfacet
  facet normal 0 -1 0
    outer loop
      vertex 99.5 97.5 24
      vertex 91.464 97.5 26.5
      vertex 79.5 97.5 24
    endloop
  endfacet
  facet normal 0 -1 0
    outer loop
      vertex 91.464 97.5 26.5
      vertex 99.5 97.5 24
      vertex 99.5 97.5 26.5
    endloop
  endfacet
  facet normal 0 -1 0
    outer loop
      vertex 13.536 97.5 26.5
      vertex 91.464 97.5 29.5
      vertex 13.536 97.5 29.5
    endloop
  endfacet
  facet normal 0 -1 -0
    outer loop
      vertex 91.464 97.5 29.5
      vertex 13.536 97.5 26.5
      vertex 91.464 97.5 26.5
    endloop
  endfacet
  facet normal 0 -1 0
    outer loop
      vertex 5.5 97.5 29.5
      vertex 12.013 97.5 39
      vertex 5.5 97.5 39
    endloop
  endfacet
  facet normal 0 -1 0
    outer loop
      vertex 12.013 97.5 39
      vertex 13.536 97.5 29.5
      vertex 92.987 97.5 39
    endloop
  endfacet
  facet normal 0 -1 -0
    outer loop
      vertex 12.013 97.5 39
      vertex 5.5 97.5 29.5
      vertex 13.536 97.5 29.5
    endloop
  endfacet
  facet normal 0 -1 0
    outer loop
      vertex 91.464 97.5 29.5
      vertex 92.987 97.5 39
      vertex 13.536 97.5 29.5
    endloop
  endfacet
  facet normal 0 -1 0
    outer loop
      vertex 99.5 97.5 29.5
      vertex 92.987 97.5 39
      vertex 91.464 97.5 29.5
    endloop
  endfacet
  facet normal 0 -1 0
    outer loop
      vertex 92.987 97.5 39
      vertex 99.5 97.5 29.5
      vertex 99.5 97.5 39
    endloop
  endfacet
  facet normal 0 -1 0
    outer loop
      vertex 12.013 97.5 39
      vertex 92.987 97.5 42
      vertex 12.013 97.5 42
    endloop
  endfacet
  facet normal 0 -1 -0
    outer loop
      vertex 92.987 97.5 42
      vertex 12.013 97.5 39
      vertex 92.987 97.5 39
    endloop
  endfacet
  facet normal 0 0 -1
    outer loop
      vertex 4.25 47.5 29.02
      vertex 5.5 77.5 29.02
      vertex 5.5 47.5 29.02
    endloop
  endfacet
  facet normal -0 0 -1
    outer loop
      vertex 5.5 77.5 29.02
      vertex 4.25 47.5 29.02
      vertex 4.25 77.5 29.02
    endloop
  endfacet
  facet normal 0 1 -0
    outer loop
      vertex 5.5 47.5 24
      vertex 4.25 47.5 29.02
      vertex 5.5 47.5 29.02
    endloop
  endfacet
  facet normal 0 1 0
    outer loop
      vertex 4.25 47.5 29.02
      vertex 5.5 47.5 24
      vertex 4.25 47.5 24
    endloop
  endfacet
  facet normal 0 -1 0
    outer loop
      vertex 4.25 77.5 24
      vertex 5.5 77.5 29.02
      vertex 4.25 77.5 29.02
    endloop
  endfacet
  facet normal 0 -1 -0
    outer loop
      vertex 5.5 77.5 29.02
      vertex 4.25 77.5 24
      vertex 5.5 77.5 24
    endloop
  endfacet
  facet normal 0 0 -1
    outer loop
      vertex 0 42.5 36.52
      vertex 4.25 82.5 36.52
      vertex 4.25 42.5 36.52
    endloop
  endfacet
  facet normal -0 0 -1
    outer loop
      vertex 4.25 82.5 36.52
      vertex 0 42.5 36.52
      vertex 0 82.5 36.52
    endloop
  endfacet
  facet normal -1 -0 0
    outer loop
      vertex 4.25 56.6833 20.544
      vertex 4.25 55.9158 19
      vertex 4.25 56.5438 20.7837
    endloop
  endfacet
  facet normal -1 0 0
    outer loop
      vertex 4.25 55.9158 19
      vertex 4.25 56.6833 20.544
      vertex 4.25 56.3843 19
    endloop
  endfacet
  facet normal -1 -0 0
    outer loop
      vertex 4.25 56.9046 20.3695
      vertex 4.25 56.3843 19
      vertex 4.25 56.6833 20.544
    endloop
  endfacet
  facet normal -1 0 0
    outer loop
      vertex 4.25 56.3843 19
      vertex 4.25 56.9046 20.3695
      vertex 4.25 57.1963 20.274
    endloop
  endfacet
  facet normal -1 0 0
    outer loop
      vertex 4.25 62.3187 19.832
      vertex 4.25 64.2427 20.452
      vertex 4.25 64.1739 19.9647
    endloop
  endfacet
  facet normal -1 0 0
    outer loop
      vertex 4.25 64.2427 20.452
      vertex 4.25 62.3957 21.112
      vertex 4.25 64.1767 20.9407
    endloop
  endfacet
  facet normal -1 0 0
    outer loop
      vertex 4.25 63.2227 19.255
      vertex 4.25 64.1739 19.9647
      vertex 4.25 63.9677 19.583
    endloop
  endfacet
  facet normal -1 0 -0
    outer loop
      vertex 4.25 63.2387 21.627
      vertex 4.25 64.1767 20.9407
      vertex 4.25 62.3957 21.112
    endloop
  endfacet
  facet normal -1 0 0
    outer loop
      vertex 4.25 63.2227 19.255
      vertex 4.25 63.9677 19.583
      vertex 4.25 63.6434 19.337
    endloop
  endfacet
  facet normal -1 0 0
    outer loop
      vertex 4.25 64.1767 20.9407
      vertex 4.25 63.2387 21.627
      vertex 4.25 63.9787 21.313
    endloop
  endfacet
  facet normal -1 0 0
    outer loop
      vertex 4.25 64.1739 19.9647
      vertex 4.25 63.2227 19.255
      vertex 4.25 62.3187 19.832
    endloop
  endfacet
  facet normal -1 0 0
    outer loop
      vertex 4.25 63.9787 21.313
      vertex 4.25 63.2387 21.627
      vertex 4.25 63.6617 21.5485
    endloop
  endfacet
  facet normal -1 0 0
    outer loop
      vertex 4.25 63.2387 21.627
      vertex 4.25 62.3957 21.112
      vertex 4.25 62.9564 21.5938
    endloop
  endfacet
  facet normal -1 0 0
    outer loop
      vertex 4.25 62.3187 19.832
      vertex 4.25 63.2227 19.255
      vertex 4.25 62.6962 19.3992
    endloop
  endfacet
  facet normal -1 0 0
    outer loop
      vertex 4.25 62.9564 21.5938
      vertex 4.25 62.3957 21.112
      vertex 4.25 62.7157 21.494
    endloop
  endfacet
  facet normal -1 0 0
    outer loop
      vertex 4.25 62.7157 21.494
      vertex 4.25 62.3957 21.112
      vertex 4.25 62.5257 21.3325
    endloop
  endfacet
  facet normal -1 -0 0
    outer loop
      vertex 4.25 64.2427 20.452
      vertex 4.25 62.3187 19.832
      vertex 4.25 62.3957 21.112
    endloop
  endfacet
  facet normal -1 0 0
    outer loop
      vertex 4.25 62.3187 19.832
      vertex 4.25 62.0287 21.234
      vertex 4.25 62.3957 21.112
    endloop
  endfacet
  facet normal -1 0 -0
    outer loop
      vertex 4.25 62.0287 21.234
      vertex 4.25 62.3187 19.832
      vertex 4.25 62.0017 19.677
    endloop
  endfacet
  facet normal -1 0 0
    outer loop
      vertex 4.25 69.6435 20.8785
      vertex 4.25 69.799 21.183
      vertex 4.25 69.7815 21.0597
    endloop
  endfacet
  facet normal -1 0 0
    outer loop
      vertex 4.25 69.6435 20.8785
      vertex 4.25 69.7815 21.0597
      vertex 4.25 69.729 20.96
    endloop
  endfacet
  facet normal -1 0 0
    outer loop
      vertex 4.25 69.618 21.533
      vertex 4.25 69.799 21.183
      vertex 4.25 69.6435 20.8785
    endloop
  endfacet
  facet normal -1 0 0
    outer loop
      vertex 4.25 69.799 21.183
      vertex 4.25 69.618 21.533
      vertex 4.25 69.7538 21.387
    endloop
  endfacet
  facet normal -1 0 0
    outer loop
      vertex 4.25 69.527 20.81
      vertex 4.25 69.618 21.533
      vertex 4.25 69.6435 20.8785
    endloop
  endfacet
  facet normal -1 0 0
    outer loop
      vertex 4.25 69.527 20.81
      vertex 4.25 69.3965 21.6215
      vertex 4.25 69.618 21.533
    endloop
  endfacet
  facet normal -1 0 0
    outer loop
      vertex 4.25 69.3295 20.742
      vertex 4.25 69.3965 21.6215
      vertex 4.25 69.527 20.81
    endloop
  endfacet
  facet normal -1 0 0
    outer loop
      vertex 4.25 69.3295 20.742
      vertex 4.25 69.094 21.651
      vertex 4.25 69.3965 21.6215
    endloop
  endfacet
  facet normal -1 0 0
    outer loop
      vertex 4.25 69.001 20.66
      vertex 4.25 69.094 21.651
      vertex 4.25 69.3295 20.742
    endloop
  endfacet
  facet normal -1 0 0
    outer loop
      vertex 4.25 68.365 21.219
      vertex 4.25 69.001 20.66
      vertex 4.25 68.8693 20.6287
    endloop
  endfacet
  facet normal -1 0 0
    outer loop
      vertex 4.25 69.001 20.66
      vertex 4.25 68.8153 21.6252
      vertex 4.25 69.094 21.651
    endloop
  endfacet
  facet normal -1 0 0
    outer loop
      vertex 4.25 68.365 21.219
      vertex 4.25 68.8693 20.6287
      vertex 4.25 68.738 20.597
    endloop
  endfacet
  facet normal -1 0 0
    outer loop
      vertex 4.25 68.365 21.219
      vertex 4.25 68.738 20.597
      vertex 4.25 68.6098 20.5617
    endloop
  endfacet
  facet normal -1 0 0
    outer loop
      vertex 4.25 69.001 20.66
      vertex 4.25 68.365 21.219
      vertex 4.25 68.4565 21.4147
    endloop
  endfacet
  facet normal -1 0 0
    outer loop
      vertex 4.25 68.365 21.219
      vertex 4.25 68.6098 20.5617
      vertex 4.25 68.487 20.52
    endloop
  endfacet
  facet normal -1 0 0
    outer loop
      vertex 4.25 69.001 20.66
      vertex 4.25 68.605 21.548
      vertex 4.25 68.8153 21.6252
    endloop
  endfacet
  facet normal -1 0 0
    outer loop
      vertex 4.25 68.365 21.219
      vertex 4.25 68.487 20.52
      vertex 4.25 68.371 20.4717
    endloop
  endfacet
  facet normal -1 0 0
    outer loop
      vertex 4.25 69.001 20.66
      vertex 4.25 68.4565 21.4147
      vertex 4.25 68.605 21.548
    endloop
  endfacet
  facet normal -1 0 0
    outer loop
      vertex 4.25 68.263 20.415
      vertex 4.25 68.365 21.219
      vertex 4.25 68.371 20.4717
    endloop
  endfacet
  facet normal -1 0 0
    outer loop
      vertex 4.25 67.983 21.286
      vertex 4.25 68.263 20.415
      vertex 4.25 68.165 20.3482
    endloop
  endfacet
  facet normal -1 0 0
    outer loop
      vertex 4.25 67.983 21.286
      vertex 4.25 68.165 20.3482
      vertex 4.25 68.081 20.268
    endloop
  endfacet
  facet normal -1 0 0
    outer loop
      vertex 4.25 67.983 21.286
      vertex 4.25 68.081 20.268
      vertex 4.25 68.0118 20.173
    endloop
  endfacet
  facet normal -1 0 0
    outer loop
      vertex 4.25 68.263 20.415
      vertex 4.25 67.983 21.286
      vertex 4.25 68.365 21.219
    endloop
  endfacet
  facet normal -1 0 -0
    outer loop
      vertex 4.25 67.983 21.286
      vertex 4.25 68.0118 20.173
      vertex 4.25 67.96 20.062
    endloop
  endfacet
  facet normal -1 0 0
    outer loop
      vertex 4.25 70.311 19.664
      vertex 4.25 70.1635 21.0072
      vertex 4.25 70.177 21.162
    endloop
  endfacet
  facet normal -1 0 0
    outer loop
      vertex 4.25 70.311 19.664
      vertex 4.25 70.123 20.871
      vertex 4.25 70.1635 21.0072
    endloop
  endfacet
  facet normal -1 0 0
    outer loop
      vertex 4.25 70.311 19.664
      vertex 4.25 70.0573 20.7527
      vertex 4.25 70.123 20.871
    endloop
  endfacet
  facet normal -1 0 0
    outer loop
      vertex 4.25 70.311 19.664
      vertex 4.25 69.968 20.65
      vertex 4.25 70.0573 20.7527
    endloop
  endfacet
  facet normal -1 0 0
    outer loop
      vertex 4.25 69.935 19.739
      vertex 4.25 69.968 20.65
      vertex 4.25 70.311 19.664
    endloop
  endfacet
  facet normal -1 0 0
    outer loop
      vertex 4.25 69.935 19.739
      vertex 4.25 69.8478 20.5602
      vertex 4.25 69.968 20.65
    endloop
  endfacet
  facet normal -1 0 0
    outer loop
      vertex 4.25 69.176 20.326
      vertex 4.25 69.935 19.739
      vertex 4.25 69.8335 19.5152
    endloop
  endfacet
  facet normal -1 0 0
    outer loop
      vertex 4.25 69.935 19.739
      vertex 4.25 69.691 20.479
      vertex 4.25 69.8478 20.5602
    endloop
  endfacet
  facet normal -1 0 0
    outer loop
      vertex 4.25 69.176 20.326
      vertex 4.25 69.8335 19.5152
      vertex 4.25 69.659 19.36
    endloop
  endfacet
  facet normal -1 0 0
    outer loop
      vertex 4.25 69.935 19.739
      vertex 4.25 69.4743 20.4027
      vertex 4.25 69.691 20.479
    endloop
  endfacet
  facet normal -1 0 0
    outer loop
      vertex 4.25 69.176 20.326
      vertex 4.25 69.659 19.36
      vertex 4.25 69.4098 19.2692
    endloop
  endfacet
  facet normal -1 0 0
    outer loop
      vertex 4.25 69.935 19.739
      vertex 4.25 69.176 20.326
      vertex 4.25 69.4743 20.4027
    endloop
  endfacet
  facet normal -1 0 0
    outer loop
      vertex 4.25 68.9898 20.2817
      vertex 4.25 69.4098 19.2692
      vertex 4.25 69.084 19.239
    endloop
  endfacet
  facet normal -1 0 0
    outer loop
      vertex 4.25 69.4098 19.2692
      vertex 4.25 68.9898 20.2817
      vertex 4.25 69.176 20.326
    endloop
  endfacet
  facet normal -1 0 0
    outer loop
      vertex 4.25 69.084 19.239
      vertex 4.25 68.821 20.241
      vertex 4.25 68.9898 20.2817
    endloop
  endfacet
  facet normal -1 0 0
    outer loop
      vertex 4.25 68.751 19.2722
      vertex 4.25 68.821 20.241
      vertex 4.25 69.084 19.239
    endloop
  endfacet
  facet normal -1 0 0
    outer loop
      vertex 4.25 68.751 19.2722
      vertex 4.25 68.6713 20.1972
      vertex 4.25 68.821 20.241
    endloop
  endfacet
  facet normal -1 0 0
    outer loop
      vertex 4.25 68.504 19.372
      vertex 4.25 68.6713 20.1972
      vertex 4.25 68.751 19.2722
    endloop
  endfacet
  facet normal -1 0 0
    outer loop
      vertex 4.25 68.6713 20.1972
      vertex 4.25 68.504 19.372
      vertex 4.25 68.544 20.144
    endloop
  endfacet
  facet normal -1 0 0
    outer loop
      vertex 4.25 68.3 19.764
      vertex 4.25 68.544 20.144
      vertex 4.25 68.504 19.372
    endloop
  endfacet
  facet normal -1 0 0
    outer loop
      vertex 4.25 68.544 20.144
      vertex 4.25 68.3 19.764
      vertex 4.25 68.441 20.078
    endloop
  endfacet
  facet normal -1 0 0
    outer loop
      vertex 4.25 68.3 19.764
      vertex 4.25 68.504 19.372
      vertex 4.25 68.351 19.537
    endloop
  endfacet
  facet normal -1 0 -0
    outer loop
      vertex 4.25 68.316 19.8935
      vertex 4.25 68.441 20.078
      vertex 4.25 68.3 19.764
    endloop
  endfacet
  facet normal -1 0 0
    outer loop
      vertex 4.25 68.441 20.078
      vertex 4.25 68.316 19.8935
      vertex 4.25 68.364 19.996
    endloop
  endfacet
  facet normal -1 0 0
    outer loop
      vertex 4.25 82.5 16.5
      vertex 4.25 77.5 24
      vertex 4.25 82.5 36.52
    endloop
  endfacet
  facet normal -1 0 0
    outer loop
      vertex 4.25 82.5 16.5
      vertex 4.25 70.311 19.664
      vertex 4.25 77.5 24
    endloop
  endfacet
  facet normal -1 0 0
    outer loop
      vertex 4.25 82.5 16.5
      vertex 4.25 69.9243 19.118
      vertex 4.25 70.311 19.664
    endloop
  endfacet
  facet normal -1 0 0
    outer loop
      vertex 4.25 82.5 16.5
      vertex 4.25 69.098 18.936
      vertex 4.25 69.9243 19.118
    endloop
  endfacet
  facet normal -1 0 0
    outer loop
      vertex 4.25 66.3741 19
      vertex 4.25 69.098 18.936
      vertex 4.25 82.5 16.5
    endloop
  endfacet
  facet normal -1 -0 0
    outer loop
      vertex 4.25 67.9935 19.4257
      vertex 4.25 67.4451 19
      vertex 4.25 67.916 19.785
    endloop
  endfacet
  facet normal -1 -0 0
    outer loop
      vertex 4.25 68.226 19.158
      vertex 4.25 67.4451 19
      vertex 4.25 67.9935 19.4257
    endloop
  endfacet
  facet normal -1 0 0
    outer loop
      vertex 4.25 68.599 18.9915
      vertex 4.25 67.4451 19
      vertex 4.25 68.226 19.158
    endloop
  endfacet
  facet normal -1 0 0
    outer loop
      vertex 4.25 69.098 18.936
      vertex 4.25 67.4451 19
      vertex 4.25 68.599 18.9915
    endloop
  endfacet
  facet normal -1 0 0
    outer loop
      vertex 4.25 69.098 18.936
      vertex 4.25 66.3741 19
      vertex 4.25 67.4451 19
    endloop
  endfacet
  facet normal -1 0 0
    outer loop
      vertex 4.25 63.2407 18.936
      vertex 4.25 66.3741 19
      vertex 4.25 82.5 16.5
    endloop
  endfacet
  facet normal -1 0 0
    outer loop
      vertex 4.25 65.0244 20.052
      vertex 4.25 64.6367 20.452
      vertex 4.25 64.9811 20.47
    endloop
  endfacet
  facet normal -1 0 0
    outer loop
      vertex 4.25 64.5954 20.017
      vertex 4.25 65.0244 20.052
      vertex 4.25 65.1541 19.69
    endloop
  endfacet
  facet normal -1 -0 0
    outer loop
      vertex 4.25 65.0244 20.052
      vertex 4.25 64.5954 20.017
      vertex 4.25 64.6367 20.452
    endloop
  endfacet
  facet normal -1 0 0
    outer loop
      vertex 4.25 64.4717 19.644
      vertex 4.25 65.1541 19.69
      vertex 4.25 65.3624 19.395
    endloop
  endfacet
  facet normal -1 -0 0
    outer loop
      vertex 4.25 65.1541 19.69
      vertex 4.25 64.4717 19.644
      vertex 4.25 64.5954 20.017
    endloop
  endfacet
  facet normal -1 0 0
    outer loop
      vertex 4.25 64.2682 19.3422
      vertex 4.25 65.3624 19.395
      vertex 4.25 65.6431 19.178
    endloop
  endfacet
  facet normal -1 -0 0
    outer loop
      vertex 4.25 65.3624 19.395
      vertex 4.25 64.2682 19.3422
      vertex 4.25 64.4717 19.644
    endloop
  endfacet
  facet normal -1 0 0
    outer loop
      vertex 4.25 63.9897 19.119
      vertex 4.25 65.6431 19.178
      vertex 4.25 65.9844 19.0445
    endloop
  endfacet
  facet normal -1 -0 0
    outer loop
      vertex 4.25 65.6431 19.178
      vertex 4.25 63.9897 19.119
      vertex 4.25 64.2682 19.3422
    endloop
  endfacet
  facet normal -1 0 -0
    outer loop
      vertex 4.25 63.6444 18.9818
      vertex 4.25 66.3741 19
      vertex 4.25 63.2407 18.936
    endloop
  endfacet
  facet normal -1 -0 0
    outer loop
      vertex 4.25 65.9844 19.0445
      vertex 4.25 63.6444 18.9818
      vertex 4.25 63.9897 19.119
    endloop
  endfacet
  facet normal -1 -0 0
    outer loop
      vertex 4.25 66.3741 19
      vertex 4.25 63.6444 18.9818
      vertex 4.25 65.9844 19.0445
    endloop
  endfacet
  facet normal -1 0 0
    outer loop
      vertex 4.25 42.5 16.5
      vertex 4.25 63.2407 18.936
      vertex 4.25 82.5 16.5
    endloop
  endfacet
  facet normal -1 -0 0
    outer loop
      vertex 4.25 62.2144 19.3575
      vertex 4.25 61.9012 19
      vertex 4.25 62.0017 19.677
    endloop
  endfacet
  facet normal -1 -0 0
    outer loop
      vertex 4.25 62.4987 19.125
      vertex 4.25 61.9012 19
      vertex 4.25 62.2144 19.3575
    endloop
  endfacet
  facet normal -1 0 0
    outer loop
      vertex 4.25 62.8442 18.9833
      vertex 4.25 61.9012 19
      vertex 4.25 62.4987 19.125
    endloop
  endfacet
  facet normal -1 0 -0
    outer loop
      vertex 4.25 61.4992 19
      vertex 4.25 63.2407 18.936
      vertex 4.25 42.5 16.5
    endloop
  endfacet
  facet normal -1 0 0
    outer loop
      vertex 4.25 63.2407 18.936
      vertex 4.25 61.9012 19
      vertex 4.25 62.8442 18.9833
    endloop
  endfacet
  facet normal -1 0 0
    outer loop
      vertex 4.25 61.4992 19
      vertex 4.25 59.8662 19.849
      vertex 4.25 61.1702 19.849
    endloop
  endfacet
  facet normal -1 0 0
    outer loop
      vertex 4.25 61.4992 19
      vertex 4.25 59.5392 19
      vertex 4.25 59.8662 19.849
    endloop
  endfacet
  facet normal -1 0 0
    outer loop
      vertex 4.25 63.2407 18.936
      vertex 4.25 61.4992 19
      vertex 4.25 61.9012 19
    endloop
  endfacet
  facet normal -1 -0 0
    outer loop
      vertex 4.25 61.4992 19
      vertex 4.25 42.5 16.5
      vertex 4.25 59.5392 19
    endloop
  endfacet
  facet normal -1 -0 0
    outer loop
      vertex 4.25 59.5392 19
      vertex 4.25 42.5 16.5
      vertex 4.25 59.1422 19
    endloop
  endfacet
  facet normal -1 -0 0
    outer loop
      vertex 4.25 59.1422 19
      vertex 4.25 42.5 16.5
      vertex 4.25 58.8543 19
    endloop
  endfacet
  facet normal -1 0 0
    outer loop
      vertex 4.25 58.4663 19
      vertex 4.25 57.5743 20.229
      vertex 4.25 58.4663 20.229
    endloop
  endfacet
  facet normal -1 0 0
    outer loop
      vertex 4.25 58.4663 19
      vertex 4.25 56.8313 19
      vertex 4.25 57.5743 20.229
    endloop
  endfacet
  facet normal -1 -0 0
    outer loop
      vertex 4.25 58.8543 19
      vertex 4.25 42.5 16.5
      vertex 4.25 58.4663 19
    endloop
  endfacet
  facet normal -1 -0 0
    outer loop
      vertex 4.25 58.4663 19
      vertex 4.25 42.5 16.5
      vertex 4.25 56.8313 19
    endloop
  endfacet
  facet normal -1 -0 0
    outer loop
      vertex 4.25 56.8313 19
      vertex 4.25 42.5 16.5
      vertex 4.25 56.3843 19
    endloop
  endfacet
  facet normal -1 -0 0
    outer loop
      vertex 4.25 56.3843 19
      vertex 4.25 42.5 16.5
      vertex 4.25 55.9158 19
    endloop
  endfacet
  facet normal -1 0 0
    outer loop
      vertex 4.25 53.4951 20.052
      vertex 4.25 47.5 24
      vertex 4.25 53.4518 20.47
    endloop
  endfacet
  facet normal -1 0 0
    outer loop
      vertex 4.25 42.5 16.5
      vertex 4.25 53.4951 20.052
      vertex 4.25 53.6248 19.69
    endloop
  endfacet
  facet normal -1 0 0
    outer loop
      vertex 4.25 42.5 16.5
      vertex 4.25 53.6248 19.69
      vertex 4.25 53.8331 19.395
    endloop
  endfacet
  facet normal -1 0 0
    outer loop
      vertex 4.25 42.5 16.5
      vertex 4.25 53.8331 19.395
      vertex 4.25 54.1138 19.178
    endloop
  endfacet
  facet normal -1 -0 0
    outer loop
      vertex 4.25 47.5 24
      vertex 4.25 42.5 16.5
      vertex 4.25 47.5 29.02
    endloop
  endfacet
  facet normal -1 -0 0
    outer loop
      vertex 4.25 53.4951 20.052
      vertex 4.25 42.5 16.5
      vertex 4.25 47.5 24
    endloop
  endfacet
  facet normal -1 -0 0
    outer loop
      vertex 4.25 54.4551 19.0445
      vertex 4.25 42.5 16.5
      vertex 4.25 54.1138 19.178
    endloop
  endfacet
  facet normal -1 -0 0
    outer loop
      vertex 4.25 54.8448 19
      vertex 4.25 42.5 16.5
      vertex 4.25 54.4551 19.0445
    endloop
  endfacet
  facet normal -1 -0 0
    outer loop
      vertex 4.25 55.9158 19
      vertex 4.25 42.5 16.5
      vertex 4.25 54.8448 19
    endloop
  endfacet
  facet normal -1 0 0
    outer loop
      vertex 4.25 77.5 29.02
      vertex 4.25 82.5 36.52
      vertex 4.25 77.5 24
    endloop
  endfacet
  facet normal -1 0 0
    outer loop
      vertex 4.25 47.5 29.02
      vertex 4.25 82.5 36.52
      vertex 4.25 77.5 29.02
    endloop
  endfacet
  facet normal -1 0 0
    outer loop
      vertex 4.25 47.5 29.02
      vertex 4.25 42.5 36.52
      vertex 4.25 82.5 36.52
    endloop
  endfacet
  facet normal -1 0 0
    outer loop
      vertex 4.25 42.5 36.52
      vertex 4.25 47.5 29.02
      vertex 4.25 42.5 16.5
    endloop
  endfacet
  facet normal -1 0 0
    outer loop
      vertex 4.25 70.177 21.162
      vertex 4.25 77.5 24
      vertex 4.25 70.311 19.664
    endloop
  endfacet
  facet normal -1 0 0
    outer loop
      vertex 4.25 70.1068 21.494
      vertex 4.25 77.5 24
      vertex 4.25 70.177 21.162
    endloop
  endfacet
  facet normal -1 0 0
    outer loop
      vertex 4.25 69.896 21.74
      vertex 4.25 77.5 24
      vertex 4.25 70.1068 21.494
    endloop
  endfacet
  facet normal -1 0 0
    outer loop
      vertex 4.25 69.5535 21.893
      vertex 4.25 77.5 24
      vertex 4.25 69.896 21.74
    endloop
  endfacet
  facet normal -1 0 0
    outer loop
      vertex 4.25 69.09 21.944
      vertex 4.25 77.5 24
      vertex 4.25 69.5535 21.893
    endloop
  endfacet
  facet normal -1 0 0
    outer loop
      vertex 4.25 67.4451 21.88
      vertex 4.25 69.09 21.944
      vertex 4.25 68.6603 21.9065
    endloop
  endfacet
  facet normal -1 0 0
    outer loop
      vertex 4.25 67.4451 21.88
      vertex 4.25 67.96 20.062
      vertex 4.25 67.927 19.9337
    endloop
  endfacet
  facet normal -1 0 0
    outer loop
      vertex 4.25 67.4451 19
      vertex 4.25 67.927 19.9337
      vertex 4.25 67.916 19.785
    endloop
  endfacet
  facet normal -1 -0 0
    outer loop
      vertex 4.25 67.927 19.9337
      vertex 4.25 67.4451 19
      vertex 4.25 67.4451 21.88
    endloop
  endfacet
  facet normal -1 0 0
    outer loop
      vertex 4.25 67.96 20.062
      vertex 4.25 67.4451 21.88
      vertex 4.25 67.983 21.286
    endloop
  endfacet
  facet normal -1 0 0
    outer loop
      vertex 4.25 67.4451 21.88
      vertex 4.25 68.1255 21.5925
      vertex 4.25 67.983 21.286
    endloop
  endfacet
  facet normal -1 0 0
    outer loop
      vertex 4.25 67.4451 21.88
      vertex 4.25 68.345 21.794
      vertex 4.25 68.1255 21.5925
    endloop
  endfacet
  facet normal -1 0 0
    outer loop
      vertex 4.25 67.4451 21.88
      vertex 4.25 68.6603 21.9065
      vertex 4.25 68.345 21.794
    endloop
  endfacet
  facet normal -1 -0 0
    outer loop
      vertex 4.25 69.09 21.944
      vertex 4.25 67.4451 21.88
      vertex 4.25 77.5 24
    endloop
  endfacet
  facet normal -1 0 0
    outer loop
      vertex 4.25 66.4981 21.88
      vertex 4.25 77.5 24
      vertex 4.25 67.4451 21.88
    endloop
  endfacet
  facet normal -1 0 0
    outer loop
      vertex 4.25 63.8267 21.845
      vertex 4.25 66.4981 21.88
      vertex 4.25 65.8541 21.7882
    endloop
  endfacet
  facet normal -1 0 0
    outer loop
      vertex 4.25 64.5444 21.076
      vertex 4.25 64.9811 20.47
      vertex 4.25 64.6367 20.452
    endloop
  endfacet
  facet normal -1 0 0
    outer loop
      vertex 4.25 64.9811 20.47
      vertex 4.25 64.5444 21.076
      vertex 4.25 65.0799 21.0687
    endloop
  endfacet
  facet normal -1 0 0
    outer loop
      vertex 4.25 64.2677 21.548
      vertex 4.25 65.0799 21.0687
      vertex 4.25 64.5444 21.076
    endloop
  endfacet
  facet normal -1 0 0
    outer loop
      vertex 4.25 65.0799 21.0687
      vertex 4.25 64.2677 21.548
      vertex 4.25 65.3761 21.513
    endloop
  endfacet
  facet normal -1 0 0
    outer loop
      vertex 4.25 63.8267 21.845
      vertex 4.25 65.3761 21.513
      vertex 4.25 64.2677 21.548
    endloop
  endfacet
  facet normal -1 0 0
    outer loop
      vertex 4.25 65.3761 21.513
      vertex 4.25 63.8267 21.845
      vertex 4.25 65.8541 21.7882
    endloop
  endfacet
  facet normal -1 -0 0
    outer loop
      vertex 4.25 66.4981 21.88
      vertex 4.25 63.8267 21.845
      vertex 4.25 63.2437 21.944
    endloop
  endfacet
  facet normal -1 0 0
    outer loop
      vertex 4.25 66.4981 21.88
      vertex 4.25 63.2437 21.944
      vertex 4.25 77.5 24
    endloop
  endfacet
  facet normal -1 0 0
    outer loop
      vertex 4.25 60.7332 21.88
      vertex 4.25 63.2437 21.944
      vertex 4.25 62.8242 21.8992
    endloop
  endfacet
  facet normal -1 0 0
    outer loop
      vertex 4.25 60.7332 21.88
      vertex 4.25 62.0017 19.677
      vertex 4.25 61.9012 19
    endloop
  endfacet
  facet normal -1 0 0
    outer loop
      vertex 4.25 62.0017 19.677
      vertex 4.25 60.7332 21.88
      vertex 4.25 62.0287 21.234
    endloop
  endfacet
  facet normal -1 0 0
    outer loop
      vertex 4.25 60.7332 21.88
      vertex 4.25 62.2134 21.5427
      vertex 4.25 62.0287 21.234
    endloop
  endfacet
  facet normal -1 0 0
    outer loop
      vertex 4.25 60.7332 21.88
      vertex 4.25 62.4797 21.765
      vertex 4.25 62.2134 21.5427
    endloop
  endfacet
  facet normal -1 0 0
    outer loop
      vertex 4.25 60.7332 21.88
      vertex 4.25 62.8242 21.8992
      vertex 4.25 62.4797 21.765
    endloop
  endfacet
  facet normal -1 -0 0
    outer loop
      vertex 4.25 63.2437 21.944
      vertex 4.25 60.7332 21.88
      vertex 4.25 47.5 24
    endloop
  endfacet
  facet normal -1 0 0
    outer loop
      vertex 4.25 47.5 24
      vertex 4.25 60.7332 21.88
      vertex 4.25 60.2922 21.88
    endloop
  endfacet
  facet normal -1 0 0
    outer loop
      vertex 4.25 58.8543 21.88
      vertex 4.25 59.1422 19
      vertex 4.25 58.8543 19
    endloop
  endfacet
  facet normal -1 0 0
    outer loop
      vertex 4.25 59.1422 19
      vertex 4.25 58.8543 21.88
      vertex 4.25 60.2922 21.88
    endloop
  endfacet
  facet normal -1 0 0
    outer loop
      vertex 4.25 47.5 24
      vertex 4.25 60.2922 21.88
      vertex 4.25 58.8543 21.88
    endloop
  endfacet
  facet normal -1 0 0
    outer loop
      vertex 4.25 47.5 24
      vertex 4.25 58.8543 21.88
      vertex 4.25 57.5073 21.88
    endloop
  endfacet
  facet normal -1 0 0
    outer loop
      vertex 4.25 55.9158 21.88
      vertex 4.25 56.5438 20.7837
      vertex 4.25 55.9158 19
    endloop
  endfacet
  facet normal -1 0 0
    outer loop
      vertex 4.25 56.5438 20.7837
      vertex 4.25 55.9158 21.88
      vertex 4.25 56.4973 21.073
    endloop
  endfacet
  facet normal -1 0 0
    outer loop
      vertex 4.25 56.4973 21.073
      vertex 4.25 55.9158 21.88
      vertex 4.25 56.5631 21.4112
    endloop
  endfacet
  facet normal -1 0 0
    outer loop
      vertex 4.25 55.9158 21.88
      vertex 4.25 56.7603 21.666
      vertex 4.25 56.5631 21.4112
    endloop
  endfacet
  facet normal -1 0 0
    outer loop
      vertex 4.25 55.9158 21.88
      vertex 4.25 57.0786 21.8265
      vertex 4.25 56.7603 21.666
    endloop
  endfacet
  facet normal -1 0 0
    outer loop
      vertex 4.25 55.9158 21.88
      vertex 4.25 57.5073 21.88
      vertex 4.25 57.0786 21.8265
    endloop
  endfacet
  facet normal -1 0 0
    outer loop
      vertex 4.25 47.5 24
      vertex 4.25 57.5073 21.88
      vertex 4.25 55.9158 21.88
    endloop
  endfacet
  facet normal -1 0 0
    outer loop
      vertex 4.25 47.5 24
      vertex 4.25 55.9158 21.88
      vertex 4.25 54.9688 21.88
    endloop
  endfacet
  facet normal -1 0 0
    outer loop
      vertex 4.25 63.2437 21.944
      vertex 4.25 47.5 24
      vertex 4.25 77.5 24
    endloop
  endfacet
  facet normal -1 0 0
    outer loop
      vertex 4.25 54.3248 21.7882
      vertex 4.25 47.5 24
      vertex 4.25 54.9688 21.88
    endloop
  endfacet
  facet normal -1 0 0
    outer loop
      vertex 4.25 53.8468 21.513
      vertex 4.25 47.5 24
      vertex 4.25 54.3248 21.7882
    endloop
  endfacet
  facet normal -1 0 0
    outer loop
      vertex 4.25 53.5506 21.0687
      vertex 4.25 47.5 24
      vertex 4.25 53.8468 21.513
    endloop
  endfacet
  facet normal -1 0 0
    outer loop
      vertex 4.25 47.5 24
      vertex 4.25 53.5506 21.0687
      vertex 4.25 53.4518 20.47
    endloop
  endfacet
  facet normal -1 0 0
    outer loop
      vertex 4.25 55.5278 19.311
      vertex 4.25 54.9778 21.569
      vertex 4.25 55.5278 21.569
    endloop
  endfacet
  facet normal -1 0 0
    outer loop
      vertex 4.25 54.8898 19.311
      vertex 4.25 54.9778 21.569
      vertex 4.25 55.5278 19.311
    endloop
  endfacet
  facet normal -1 0 0
    outer loop
      vertex 4.25 53.8738 20.1367
      vertex 4.25 54.8898 19.311
      vertex 4.25 54.5941 19.3457
    endloop
  endfacet
  facet normal -1 0 0
    outer loop
      vertex 4.25 54.8898 19.311
      vertex 4.25 53.8418 20.47
      vertex 4.25 54.9778 21.569
    endloop
  endfacet
  facet normal -1 0 0
    outer loop
      vertex 4.25 53.9698 19.851
      vertex 4.25 54.5941 19.3457
      vertex 4.25 54.3368 19.45
    endloop
  endfacet
  facet normal -1 0 0
    outer loop
      vertex 4.25 54.9778 21.569
      vertex 4.25 53.8418 20.47
      vertex 4.25 54.4903 21.4985
    endloop
  endfacet
  facet normal -1 0 0
    outer loop
      vertex 4.25 53.9698 19.851
      vertex 4.25 54.3368 19.45
      vertex 4.25 54.1256 19.6197
    endloop
  endfacet
  facet normal -1 0 0
    outer loop
      vertex 4.25 54.5941 19.3457
      vertex 4.25 53.9698 19.851
      vertex 4.25 53.8738 20.1367
    endloop
  endfacet
  facet normal -1 0 -0
    outer loop
      vertex 4.25 53.9148 20.9422
      vertex 4.25 54.4903 21.4985
      vertex 4.25 53.8418 20.47
    endloop
  endfacet
  facet normal -1 0 0
    outer loop
      vertex 4.25 54.8898 19.311
      vertex 4.25 53.8738 20.1367
      vertex 4.25 53.8418 20.47
    endloop
  endfacet
  facet normal -1 0 0
    outer loop
      vertex 4.25 54.4903 21.4985
      vertex 4.25 53.9148 20.9422
      vertex 4.25 54.1339 21.287
    endloop
  endfacet
  facet normal -1 0 0
    outer loop
      vertex 4.25 67.0571 19.311
      vertex 4.25 66.5071 21.569
      vertex 4.25 67.0571 21.569
    endloop
  endfacet
  facet normal -1 0 0
    outer loop
      vertex 4.25 66.4191 19.311
      vertex 4.25 66.5071 21.569
      vertex 4.25 67.0571 19.311
    endloop
  endfacet
  facet normal -1 0 0
    outer loop
      vertex 4.25 65.4031 20.1367
      vertex 4.25 66.4191 19.311
      vertex 4.25 66.1234 19.3457
    endloop
  endfacet
  facet normal -1 0 0
    outer loop
      vertex 4.25 66.4191 19.311
      vertex 4.25 65.3711 20.47
      vertex 4.25 66.5071 21.569
    endloop
  endfacet
  facet normal -1 0 0
    outer loop
      vertex 4.25 65.4991 19.851
      vertex 4.25 66.1234 19.3457
      vertex 4.25 65.8661 19.45
    endloop
  endfacet
  facet normal -1 0 0
    outer loop
      vertex 4.25 66.5071 21.569
      vertex 4.25 65.3711 20.47
      vertex 4.25 66.0196 21.4985
    endloop
  endfacet
  facet normal -1 0 0
    outer loop
      vertex 4.25 65.4991 19.851
      vertex 4.25 65.8661 19.45
      vertex 4.25 65.6549 19.6197
    endloop
  endfacet
  facet normal -1 0 0
    outer loop
      vertex 4.25 66.1234 19.3457
      vertex 4.25 65.4991 19.851
      vertex 4.25 65.4031 20.1367
    endloop
  endfacet
  facet normal -1 0 -0
    outer loop
      vertex 4.25 65.4441 20.9422
      vertex 4.25 66.0196 21.4985
      vertex 4.25 65.3711 20.47
    endloop
  endfacet
  facet normal -1 0 0
    outer loop
      vertex 4.25 66.4191 19.311
      vertex 4.25 65.4031 20.1367
      vertex 4.25 65.3711 20.47
    endloop
  endfacet
  facet normal -1 0 0
    outer loop
      vertex 4.25 66.0196 21.4985
      vertex 4.25 65.4441 20.9422
      vertex 4.25 65.6631 21.287
    endloop
  endfacet
  facet normal -1 -0 0
    outer loop
      vertex 4.25 60.5362 21.531
      vertex 4.25 60.4632 21.419
      vertex 4.25 60.5182 21.588
    endloop
  endfacet
  facet normal -1 0 0
    outer loop
      vertex 4.25 60.5994 21.3377
      vertex 4.25 60.4632 21.419
      vertex 4.25 60.5362 21.531
    endloop
  endfacet
  facet normal -1 0 0
    outer loop
      vertex 4.25 60.4062 21.2502
      vertex 4.25 60.5994 21.3377
      vertex 4.25 60.6872 21.096
    endloop
  endfacet
  facet normal -1 0 0
    outer loop
      vertex 4.25 59.9812 20.152
      vertex 4.25 60.6872 21.096
      vertex 4.25 61.0522 20.152
    endloop
  endfacet
  facet normal -1 -0 0
    outer loop
      vertex 4.25 60.5994 21.3377
      vertex 4.25 60.4062 21.2502
      vertex 4.25 60.4632 21.419
    endloop
  endfacet
  facet normal -1 0 0
    outer loop
      vertex 4.25 60.6872 21.096
      vertex 4.25 60.3492 21.1
      vertex 4.25 60.4062 21.2502
    endloop
  endfacet
  facet normal -1 -0 0
    outer loop
      vertex 4.25 60.6872 21.096
      vertex 4.25 59.9812 20.152
      vertex 4.25 60.3492 21.1
    endloop
  endfacet
  facet normal -1 0 0
    outer loop
      vertex 4.25 58.4663 20.536
      vertex 4.25 57.5453 21.569
      vertex 4.25 58.4663 21.569
    endloop
  endfacet
  facet normal -1 0 0
    outer loop
      vertex 4.25 57.5293 20.536
      vertex 4.25 57.5453 21.569
      vertex 4.25 58.4663 20.536
    endloop
  endfacet
  facet normal -1 0 0
    outer loop
      vertex 4.25 57.5293 20.536
      vertex 4.25 57.2638 21.537
      vertex 4.25 57.5453 21.569
    endloop
  endfacet
  facet normal -1 0 0
    outer loop
      vertex 4.25 57.2573 20.571
      vertex 4.25 57.2638 21.537
      vertex 4.25 57.5293 20.536
    endloop
  endfacet
  facet normal -1 0 0
    outer loop
      vertex 4.25 56.8873 21.068
      vertex 4.25 57.2638 21.537
      vertex 4.25 57.2573 20.571
    endloop
  endfacet
  facet normal -1 0 0
    outer loop
      vertex 4.25 56.8873 21.068
      vertex 4.25 57.2573 20.571
      vertex 4.25 57.0553 20.676
    endloop
  endfacet
  facet normal -1 0 0
    outer loop
      vertex 4.25 57.2638 21.537
      vertex 4.25 56.8873 21.068
      vertex 4.25 57.0573 21.441
    endloop
  endfacet
  facet normal -1 0 0
    outer loop
      vertex 4.25 56.8873 21.068
      vertex 4.25 57.0553 20.676
      vertex 4.25 56.9293 20.844
    endloop
  endfacet
  facet normal -1 0 0
    outer loop
      vertex 4.25 57.0573 21.441
      vertex 4.25 56.8873 21.068
      vertex 4.25 56.9298 21.2837
    endloop
  endfacet
  facet normal -0 0 1
    outer loop
      vertex 3.30933 65.8582 16.5
      vertex 4.1 52.5 16.5
      vertex 4.1 67.5 16.5
    endloop
  endfacet
  facet normal 0 0 1
    outer loop
      vertex 3.30933 65.8582 16.5
      vertex 3.30933 54.1418 16.5
      vertex 4.1 52.5 16.5
    endloop
  endfacet
  facet normal -0 0 1
    outer loop
      vertex 1.53271 65.4527 16.5
      vertex 3.30933 54.1418 16.5
      vertex 3.30933 65.8582 16.5
    endloop
  endfacet
  facet normal 0 0 1
    outer loop
      vertex 1.53271 65.4527 16.5
      vertex 1.53271 54.5473 16.5
      vertex 3.30933 54.1418 16.5
    endloop
  endfacet
  facet normal 0 0 1
    outer loop
      vertex 0 54 16.5
      vertex 1.53271 54.5473 16.5
      vertex 1.53271 65.4527 16.5
    endloop
  endfacet
  facet normal -0 0 1
    outer loop
      vertex 0 66 16.5
      vertex 1.53271 65.4527 16.5
      vertex 0.846351 66 16.5
    endloop
  endfacet
  facet normal 0 0 1
    outer loop
      vertex 0 54 16.5
      vertex 1.53271 65.4527 16.5
      vertex 0 66 16.5
    endloop
  endfacet
  facet normal 0 0 1
    outer loop
      vertex 1.53271 54.5473 16.5
      vertex 0 54 16.5
      vertex 0.846352 54 16.5
    endloop
  endfacet
  facet normal 0 0 1
    outer loop
      vertex 3.30933 69.1418 16.5
      vertex 4.25 82.5 16.5
      vertex 3.30933 80.8582 16.5
    endloop
  endfacet
  facet normal 0 0 1
    outer loop
      vertex 4.25 82.5 16.5
      vertex 3.30933 69.1418 16.5
      vertex 4.1 67.5 16.5
    endloop
  endfacet
  facet normal -0 0 1
    outer loop
      vertex 1.53271 80.4527 16.5
      vertex 3.30933 69.1418 16.5
      vertex 3.30933 80.8582 16.5
    endloop
  endfacet
  facet normal 0 0 1
    outer loop
      vertex 1.53271 80.4527 16.5
      vertex 1.53271 69.5473 16.5
      vertex 3.30933 69.1418 16.5
    endloop
  endfacet
  facet normal 0 0 1
    outer loop
      vertex 0 69 16.5
      vertex 1.53271 69.5473 16.5
      vertex 1.53271 80.4527 16.5
    endloop
  endfacet
  facet normal -0 0 1
    outer loop
      vertex 0 81 16.5
      vertex 1.53271 80.4527 16.5
      vertex 0.846351 81 16.5
    endloop
  endfacet
  facet normal 0 0 1
    outer loop
      vertex 0 69 16.5
      vertex 1.53271 80.4527 16.5
      vertex 0 81 16.5
    endloop
  endfacet
  facet normal 0 0 1
    outer loop
      vertex 1.53271 69.5473 16.5
      vertex 0 69 16.5
      vertex 0.846352 69 16.5
    endloop
  endfacet
  facet normal 0 0 1
    outer loop
      vertex 3.30933 80.8582 16.5
      vertex 4.25 82.5 16.5
      vertex 4.1 82.5 16.5
    endloop
  endfacet
  facet normal 0 0 1
    outer loop
      vertex 4.25 82.5 16.5
      vertex 4.1 67.5 16.5
      vertex 4.25 42.5 16.5
    endloop
  endfacet
  facet normal -0 0 1
    outer loop
      vertex 4.1 52.5 16.5
      vertex 4.25 42.5 16.5
      vertex 4.1 67.5 16.5
    endloop
  endfacet
  facet normal -0 0 1
    outer loop
      vertex 3.30933 50.8582 16.5
      vertex 4.25 42.5 16.5
      vertex 4.1 52.5 16.5
    endloop
  endfacet
  facet normal -0 0 1
    outer loop
      vertex 1.53271 50.4527 16.5
      vertex 4.25 42.5 16.5
      vertex 3.30933 50.8582 16.5
    endloop
  endfacet
  facet normal -0 0 1
    outer loop
      vertex 0 51 16.5
      vertex 1.53271 50.4527 16.5
      vertex 0.846351 51 16.5
    endloop
  endfacet
  facet normal 0 0 1
    outer loop
      vertex 1.53271 50.4527 16.5
      vertex 0 51 16.5
      vertex 0 42.5 16.5
    endloop
  endfacet
  facet normal 0 0 1
    outer loop
      vertex 1.53271 50.4527 16.5
      vertex 0 42.5 16.5
      vertex 4.25 42.5 16.5
    endloop
  endfacet
  facet normal 0 1 -0
    outer loop
      vertex 4.25 42.5 16.5
      vertex 0 42.5 36.52
      vertex 4.25 42.5 36.52
    endloop
  endfacet
  facet normal 0 1 0
    outer loop
      vertex 0 42.5 36.52
      vertex 4.25 42.5 16.5
      vertex 0 42.5 16.5
    endloop
  endfacet
  facet normal 0 -1 0
    outer loop
      vertex 4.1 82.5 25
      vertex 0 82.5 36.52
      vertex 0 82.5 25
    endloop
  endfacet
  facet normal 0 -1 0
    outer loop
      vertex 0 82.5 36.52
      vertex 4.1 82.5 25
      vertex 4.25 82.5 36.52
    endloop
  endfacet
  facet normal 0 -1 0
    outer loop
      vertex 4.25 82.5 16.5
      vertex 4.1 82.5 25
      vertex 4.1 82.5 16.5
    endloop
  endfacet
  facet normal 0 -1 0
    outer loop
      vertex 4.1 82.5 25
      vertex 4.25 82.5 16.5
      vertex 4.25 82.5 36.52
    endloop
  endfacet
  facet normal -1 0 0
    outer loop
      vertex 5.48 69.8335 19.5152
      vertex 5.48 70.311 19.664
      vertex 5.48 69.9243 19.118
    endloop
  endfacet
  facet normal -1 -0 0
    outer loop
      vertex 5.48 70.311 19.664
      vertex 5.48 69.8335 19.5152
      vertex 5.48 69.935 19.739
    endloop
  endfacet
  facet normal -1 0 0
    outer loop
      vertex 5.48 69.9243 19.118
      vertex 5.48 69.659 19.36
      vertex 5.48 69.8335 19.5152
    endloop
  endfacet
  facet normal -1 0 0
    outer loop
      vertex 5.48 69.9243 19.118
      vertex 5.48 69.4098 19.2692
      vertex 5.48 69.659 19.36
    endloop
  endfacet
  facet normal -1 0 0
    outer loop
      vertex 5.48 69.098 18.936
      vertex 5.48 69.4098 19.2692
      vertex 5.48 69.9243 19.118
    endloop
  endfacet
  facet normal -1 0 0
    outer loop
      vertex 5.48 69.098 18.936
      vertex 5.48 69.084 19.239
      vertex 5.48 69.4098 19.2692
    endloop
  endfacet
  facet normal -1 0 0
    outer loop
      vertex 5.48 69.098 18.936
      vertex 5.48 68.751 19.2722
      vertex 5.48 69.084 19.239
    endloop
  endfacet
  facet normal -1 0 0
    outer loop
      vertex 5.48 68.599 18.9915
      vertex 5.48 68.751 19.2722
      vertex 5.48 69.098 18.936
    endloop
  endfacet
  facet normal -1 0 0
    outer loop
      vertex 5.48 68.599 18.9915
      vertex 5.48 68.504 19.372
      vertex 5.48 68.751 19.2722
    endloop
  endfacet
  facet normal -1 0 0
    outer loop
      vertex 5.48 68.226 19.158
      vertex 5.48 68.504 19.372
      vertex 5.48 68.599 18.9915
    endloop
  endfacet
  facet normal -1 -0 0
    outer loop
      vertex 5.48 68.504 19.372
      vertex 5.48 68.226 19.158
      vertex 5.48 68.351 19.537
    endloop
  endfacet
  facet normal -1 0 0
    outer loop
      vertex 5.48 67.9935 19.4257
      vertex 5.48 68.351 19.537
      vertex 5.48 68.226 19.158
    endloop
  endfacet
  facet normal -1 -0 0
    outer loop
      vertex 5.48 68.351 19.537
      vertex 5.48 67.9935 19.4257
      vertex 5.48 68.3 19.764
    endloop
  endfacet
  facet normal -1 0 -0
    outer loop
      vertex 5.48 67.927 19.9337
      vertex 5.48 68.3 19.764
      vertex 5.48 67.916 19.785
    endloop
  endfacet
  facet normal -1 0 -0
    outer loop
      vertex 5.48 67.96 20.062
      vertex 5.48 68.3 19.764
      vertex 5.48 67.927 19.9337
    endloop
  endfacet
  facet normal -1 0 0
    outer loop
      vertex 5.48 68.3 19.764
      vertex 5.48 68.165 20.3482
      vertex 5.48 68.263 20.415
    endloop
  endfacet
  facet normal -1 -0 0
    outer loop
      vertex 5.48 68.3 19.764
      vertex 5.48 67.9935 19.4257
      vertex 5.48 67.916 19.785
    endloop
  endfacet
  facet normal -1 0 0
    outer loop
      vertex 5.48 68.3 19.764
      vertex 5.48 68.081 20.268
      vertex 5.48 68.165 20.3482
    endloop
  endfacet
  facet normal -1 0 -0
    outer loop
      vertex 5.48 68.0118 20.173
      vertex 5.48 68.3 19.764
      vertex 5.48 67.96 20.062
    endloop
  endfacet
  facet normal -1 0 0
    outer loop
      vertex 5.48 68.3 19.764
      vertex 5.48 68.0118 20.173
      vertex 5.48 68.081 20.268
    endloop
  endfacet
  facet normal -1 0 0
    outer loop
      vertex 5.48 70.1635 21.0072
      vertex 5.48 69.7815 21.0597
      vertex 5.48 69.799 21.183
    endloop
  endfacet
  facet normal -1 0 0
    outer loop
      vertex 5.48 69.968 20.65
      vertex 5.48 69.729 20.96
      vertex 5.48 69.7815 21.0597
    endloop
  endfacet
  facet normal -1 0 0
    outer loop
      vertex 5.48 69.6435 20.8785
      vertex 5.48 69.8478 20.5602
      vertex 5.48 69.691 20.479
    endloop
  endfacet
  facet normal -1 0 0
    outer loop
      vertex 5.48 69.968 20.65
      vertex 5.48 69.6435 20.8785
      vertex 5.48 69.729 20.96
    endloop
  endfacet
  facet normal -1 0 0
    outer loop
      vertex 5.48 69.691 20.479
      vertex 5.48 69.527 20.81
      vertex 5.48 69.6435 20.8785
    endloop
  endfacet
  facet normal -1 0 0
    outer loop
      vertex 5.48 69.4743 20.4027
      vertex 5.48 69.527 20.81
      vertex 5.48 69.691 20.479
    endloop
  endfacet
  facet normal -1 0 0
    outer loop
      vertex 5.48 69.4743 20.4027
      vertex 5.48 69.3295 20.742
      vertex 5.48 69.527 20.81
    endloop
  endfacet
  facet normal -1 0 0
    outer loop
      vertex 5.48 69.176 20.326
      vertex 5.48 69.3295 20.742
      vertex 5.48 69.4743 20.4027
    endloop
  endfacet
  facet normal -1 0 0
    outer loop
      vertex 5.48 69.176 20.326
      vertex 5.48 69.001 20.66
      vertex 5.48 69.3295 20.742
    endloop
  endfacet
  facet normal -1 0 0
    outer loop
      vertex 5.48 68.9898 20.2817
      vertex 5.48 69.001 20.66
      vertex 5.48 69.176 20.326
    endloop
  endfacet
  facet normal -1 0 0
    outer loop
      vertex 5.48 68.9898 20.2817
      vertex 5.48 68.8693 20.6287
      vertex 5.48 69.001 20.66
    endloop
  endfacet
  facet normal -1 0 0
    outer loop
      vertex 5.48 68.821 20.241
      vertex 5.48 68.8693 20.6287
      vertex 5.48 68.9898 20.2817
    endloop
  endfacet
  facet normal -1 0 0
    outer loop
      vertex 5.48 68.821 20.241
      vertex 5.48 68.738 20.597
      vertex 5.48 68.8693 20.6287
    endloop
  endfacet
  facet normal -1 0 0
    outer loop
      vertex 5.48 68.6098 20.5617
      vertex 5.48 68.821 20.241
      vertex 5.48 68.6713 20.1972
    endloop
  endfacet
  facet normal -1 0 0
    outer loop
      vertex 5.48 68.821 20.241
      vertex 5.48 68.6098 20.5617
      vertex 5.48 68.738 20.597
    endloop
  endfacet
  facet normal -1 0 0
    outer loop
      vertex 5.48 68.487 20.52
      vertex 5.48 68.6713 20.1972
      vertex 5.48 68.544 20.144
    endloop
  endfacet
  facet normal -1 0 0
    outer loop
      vertex 5.48 68.6713 20.1972
      vertex 5.48 68.487 20.52
      vertex 5.48 68.6098 20.5617
    endloop
  endfacet
  facet normal -1 0 0
    outer loop
      vertex 5.48 68.263 20.415
      vertex 5.48 68.544 20.144
      vertex 5.48 68.441 20.078
    endloop
  endfacet
  facet normal -1 0 0
    outer loop
      vertex 5.48 68.544 20.144
      vertex 5.48 68.371 20.4717
      vertex 5.48 68.487 20.52
    endloop
  endfacet
  facet normal -1 0 0
    outer loop
      vertex 5.48 68.263 20.415
      vertex 5.48 68.441 20.078
      vertex 5.48 68.364 19.996
    endloop
  endfacet
  facet normal -1 0 0
    outer loop
      vertex 5.48 68.263 20.415
      vertex 5.48 68.364 19.996
      vertex 5.48 68.316 19.8935
    endloop
  endfacet
  facet normal -1 0 0
    outer loop
      vertex 5.48 68.263 20.415
      vertex 5.48 68.316 19.8935
      vertex 5.48 68.3 19.764
    endloop
  endfacet
  facet normal -1 0 0
    outer loop
      vertex 5.48 68.544 20.144
      vertex 5.48 68.263 20.415
      vertex 5.48 68.371 20.4717
    endloop
  endfacet
  facet normal -1 0 0
    outer loop
      vertex 5.48 69.7815 21.0597
      vertex 5.48 70.1635 21.0072
      vertex 5.48 70.123 20.871
    endloop
  endfacet
  facet normal -1 0 0
    outer loop
      vertex 5.48 70.1635 21.0072
      vertex 5.48 69.799 21.183
      vertex 5.48 70.177 21.162
    endloop
  endfacet
  facet normal -1 0 0
    outer loop
      vertex 5.48 69.7815 21.0597
      vertex 5.48 70.123 20.871
      vertex 5.48 70.0573 20.7527
    endloop
  endfacet
  facet normal -1 0 0
    outer loop
      vertex 5.48 69.7815 21.0597
      vertex 5.48 70.0573 20.7527
      vertex 5.48 69.968 20.65
    endloop
  endfacet
  facet normal -1 0 0
    outer loop
      vertex 5.48 70.177 21.162
      vertex 5.48 69.799 21.183
      vertex 5.48 70.1068 21.494
    endloop
  endfacet
  facet normal -1 0 0
    outer loop
      vertex 5.48 69.6435 20.8785
      vertex 5.48 69.968 20.65
      vertex 5.48 69.8478 20.5602
    endloop
  endfacet
  facet normal -1 0 0
    outer loop
      vertex 5.48 69.7538 21.387
      vertex 5.48 70.1068 21.494
      vertex 5.48 69.799 21.183
    endloop
  endfacet
  facet normal -1 -0 0
    outer loop
      vertex 5.48 70.1068 21.494
      vertex 5.48 69.7538 21.387
      vertex 5.48 69.896 21.74
    endloop
  endfacet
  facet normal -1 0 0
    outer loop
      vertex 5.48 69.618 21.533
      vertex 5.48 69.896 21.74
      vertex 5.48 69.7538 21.387
    endloop
  endfacet
  facet normal -1 0 0
    outer loop
      vertex 5.48 69.618 21.533
      vertex 5.48 69.5535 21.893
      vertex 5.48 69.896 21.74
    endloop
  endfacet
  facet normal -1 0 0
    outer loop
      vertex 5.48 69.3965 21.6215
      vertex 5.48 69.5535 21.893
      vertex 5.48 69.618 21.533
    endloop
  endfacet
  facet normal -1 0 0
    outer loop
      vertex 5.48 69.09 21.944
      vertex 5.48 69.3965 21.6215
      vertex 5.48 69.094 21.651
    endloop
  endfacet
  facet normal -1 0 0
    outer loop
      vertex 5.48 69.3965 21.6215
      vertex 5.48 69.09 21.944
      vertex 5.48 69.5535 21.893
    endloop
  endfacet
  facet normal -1 0 0
    outer loop
      vertex 5.48 68.8153 21.6252
      vertex 5.48 69.09 21.944
      vertex 5.48 69.094 21.651
    endloop
  endfacet
  facet normal -1 0 0
    outer loop
      vertex 5.48 68.8153 21.6252
      vertex 5.48 68.6603 21.9065
      vertex 5.48 69.09 21.944
    endloop
  endfacet
  facet normal -1 0 0
    outer loop
      vertex 5.48 68.605 21.548
      vertex 5.48 68.6603 21.9065
      vertex 5.48 68.8153 21.6252
    endloop
  endfacet
  facet normal -1 0 0
    outer loop
      vertex 5.48 68.345 21.794
      vertex 5.48 68.605 21.548
      vertex 5.48 68.4565 21.4147
    endloop
  endfacet
  facet normal -1 0 0
    outer loop
      vertex 5.48 68.1255 21.5925
      vertex 5.48 68.4565 21.4147
      vertex 5.48 68.365 21.219
    endloop
  endfacet
  facet normal -1 0 0
    outer loop
      vertex 5.48 68.605 21.548
      vertex 5.48 68.345 21.794
      vertex 5.48 68.6603 21.9065
    endloop
  endfacet
  facet normal -1 0 0
    outer loop
      vertex 5.48 68.4565 21.4147
      vertex 5.48 68.1255 21.5925
      vertex 5.48 68.345 21.794
    endloop
  endfacet
  facet normal -1 0 -0
    outer loop
      vertex 5.48 68.1255 21.5925
      vertex 5.48 68.365 21.219
      vertex 5.48 67.983 21.286
    endloop
  endfacet
  facet normal -1 0 0
    outer loop
      vertex 5.48 64.2427 20.452
      vertex 5.48 64.6367 20.452
      vertex 5.48 64.5954 20.017
    endloop
  endfacet
  facet normal -1 0 0
    outer loop
      vertex 5.48 64.1739 19.9647
      vertex 5.48 64.5954 20.017
      vertex 5.48 64.4717 19.644
    endloop
  endfacet
  facet normal -1 0 0
    outer loop
      vertex 5.48 63.9677 19.583
      vertex 5.48 64.4717 19.644
      vertex 5.48 64.2682 19.3422
    endloop
  endfacet
  facet normal -1 0 0
    outer loop
      vertex 5.48 64.1767 20.9407
      vertex 5.48 64.6367 20.452
      vertex 5.48 64.2427 20.452
    endloop
  endfacet
  facet normal -1 0 0
    outer loop
      vertex 5.48 64.6367 20.452
      vertex 5.48 64.1767 20.9407
      vertex 5.48 64.5444 21.076
    endloop
  endfacet
  facet normal -1 -0 0
    outer loop
      vertex 5.48 64.5954 20.017
      vertex 5.48 64.1739 19.9647
      vertex 5.48 64.2427 20.452
    endloop
  endfacet
  facet normal -1 0 0
    outer loop
      vertex 5.48 63.9677 19.583
      vertex 5.48 64.2682 19.3422
      vertex 5.48 63.9897 19.119
    endloop
  endfacet
  facet normal -1 -0 0
    outer loop
      vertex 5.48 64.4717 19.644
      vertex 5.48 63.9677 19.583
      vertex 5.48 64.1739 19.9647
    endloop
  endfacet
  facet normal -1 0 0
    outer loop
      vertex 5.48 63.6434 19.337
      vertex 5.48 63.9897 19.119
      vertex 5.48 63.6444 18.9818
    endloop
  endfacet
  facet normal -1 0 0
    outer loop
      vertex 5.48 63.9897 19.119
      vertex 5.48 63.6434 19.337
      vertex 5.48 63.9677 19.583
    endloop
  endfacet
  facet normal -1 0 0
    outer loop
      vertex 5.48 63.2227 19.255
      vertex 5.48 63.6444 18.9818
      vertex 5.48 63.2407 18.936
    endloop
  endfacet
  facet normal -1 0 0
    outer loop
      vertex 5.48 63.6444 18.9818
      vertex 5.48 63.2227 19.255
      vertex 5.48 63.6434 19.337
    endloop
  endfacet
  facet normal -1 0 0
    outer loop
      vertex 5.48 62.8442 18.9833
      vertex 5.48 63.2227 19.255
      vertex 5.48 63.2407 18.936
    endloop
  endfacet
  facet normal -1 0 0
    outer loop
      vertex 5.48 62.8442 18.9833
      vertex 5.48 62.6962 19.3992
      vertex 5.48 63.2227 19.255
    endloop
  endfacet
  facet normal -1 0 0
    outer loop
      vertex 5.48 62.4987 19.125
      vertex 5.48 62.6962 19.3992
      vertex 5.48 62.8442 18.9833
    endloop
  endfacet
  facet normal -1 0 0
    outer loop
      vertex 5.48 62.2144 19.3575
      vertex 5.48 62.6962 19.3992
      vertex 5.48 62.4987 19.125
    endloop
  endfacet
  facet normal -1 -0 0
    outer loop
      vertex 5.48 62.6962 19.3992
      vertex 5.48 62.2144 19.3575
      vertex 5.48 62.3187 19.832
    endloop
  endfacet
  facet normal -1 0 0
    outer loop
      vertex 5.48 62.3187 19.832
      vertex 5.48 62.2144 19.3575
      vertex 5.48 62.0017 19.677
    endloop
  endfacet
  facet normal -1 0 0
    outer loop
      vertex 5.48 63.9787 21.313
      vertex 5.48 64.5444 21.076
      vertex 5.48 64.1767 20.9407
    endloop
  endfacet
  facet normal -1 0 0
    outer loop
      vertex 5.48 64.5444 21.076
      vertex 5.48 63.9787 21.313
      vertex 5.48 64.2677 21.548
    endloop
  endfacet
  facet normal -1 0 0
    outer loop
      vertex 5.48 63.9787 21.313
      vertex 5.48 63.8267 21.845
      vertex 5.48 64.2677 21.548
    endloop
  endfacet
  facet normal -1 0 0
    outer loop
      vertex 5.48 63.6617 21.5485
      vertex 5.48 63.8267 21.845
      vertex 5.48 63.9787 21.313
    endloop
  endfacet
  facet normal -1 0 0
    outer loop
      vertex 5.48 63.6617 21.5485
      vertex 5.48 63.2437 21.944
      vertex 5.48 63.8267 21.845
    endloop
  endfacet
  facet normal -1 0 0
    outer loop
      vertex 5.48 63.2387 21.627
      vertex 5.48 63.2437 21.944
      vertex 5.48 63.6617 21.5485
    endloop
  endfacet
  facet normal -1 0 0
    outer loop
      vertex 5.48 62.9564 21.5938
      vertex 5.48 63.2437 21.944
      vertex 5.48 63.2387 21.627
    endloop
  endfacet
  facet normal -1 0 0
    outer loop
      vertex 5.48 62.9564 21.5938
      vertex 5.48 62.8242 21.8992
      vertex 5.48 63.2437 21.944
    endloop
  endfacet
  facet normal -1 0 0
    outer loop
      vertex 5.48 62.7157 21.494
      vertex 5.48 62.8242 21.8992
      vertex 5.48 62.9564 21.5938
    endloop
  endfacet
  facet normal -1 0 0
    outer loop
      vertex 5.48 62.4797 21.765
      vertex 5.48 62.7157 21.494
      vertex 5.48 62.5257 21.3325
    endloop
  endfacet
  facet normal -1 0 0
    outer loop
      vertex 5.48 62.7157 21.494
      vertex 5.48 62.4797 21.765
      vertex 5.48 62.8242 21.8992
    endloop
  endfacet
  facet normal -1 0 0
    outer loop
      vertex 5.48 62.2134 21.5427
      vertex 5.48 62.5257 21.3325
      vertex 5.48 62.3957 21.112
    endloop
  endfacet
  facet normal -1 0 0
    outer loop
      vertex 5.48 62.5257 21.3325
      vertex 5.48 62.2134 21.5427
      vertex 5.48 62.4797 21.765
    endloop
  endfacet
  facet normal -1 0 -0
    outer loop
      vertex 5.48 62.2134 21.5427
      vertex 5.48 62.3957 21.112
      vertex 5.48 62.0287 21.234
    endloop
  endfacet
  facet normal -1 0 0
    outer loop
      vertex 5.48 67.4451 19
      vertex 5.48 67.0571 19.311
      vertex 5.48 67.4451 21.88
    endloop
  endfacet
  facet normal -1 0 0
    outer loop
      vertex 5.48 66.3741 19
      vertex 5.48 67.0571 19.311
      vertex 5.48 67.4451 19
    endloop
  endfacet
  facet normal -1 -0 0
    outer loop
      vertex 5.48 67.0571 19.311
      vertex 5.48 66.3741 19
      vertex 5.48 66.4191 19.311
    endloop
  endfacet
  facet normal -1 0 0
    outer loop
      vertex 5.48 66.3741 19
      vertex 5.48 66.1234 19.3457
      vertex 5.48 66.4191 19.311
    endloop
  endfacet
  facet normal -1 0 0
    outer loop
      vertex 5.48 65.9844 19.0445
      vertex 5.48 66.1234 19.3457
      vertex 5.48 66.3741 19
    endloop
  endfacet
  facet normal -1 0 0
    outer loop
      vertex 5.48 65.9844 19.0445
      vertex 5.48 65.8661 19.45
      vertex 5.48 66.1234 19.3457
    endloop
  endfacet
  facet normal -1 0 0
    outer loop
      vertex 5.48 65.6431 19.178
      vertex 5.48 65.8661 19.45
      vertex 5.48 65.9844 19.0445
    endloop
  endfacet
  facet normal -1 -0 0
    outer loop
      vertex 5.48 65.8661 19.45
      vertex 5.48 65.6431 19.178
      vertex 5.48 65.6549 19.6197
    endloop
  endfacet
  facet normal -1 0 0
    outer loop
      vertex 5.48 65.3624 19.395
      vertex 5.48 65.6549 19.6197
      vertex 5.48 65.6431 19.178
    endloop
  endfacet
  facet normal -1 -0 0
    outer loop
      vertex 5.48 65.6549 19.6197
      vertex 5.48 65.3624 19.395
      vertex 5.48 65.4991 19.851
    endloop
  endfacet
  facet normal -1 -0 0
    outer loop
      vertex 5.48 65.4991 19.851
      vertex 5.48 65.1541 19.69
      vertex 5.48 65.4031 20.1367
    endloop
  endfacet
  facet normal -1 0 0
    outer loop
      vertex 5.48 65.1541 19.69
      vertex 5.48 65.4991 19.851
      vertex 5.48 65.3624 19.395
    endloop
  endfacet
  facet normal -1 0 0
    outer loop
      vertex 5.48 67.0571 21.569
      vertex 5.48 67.4451 21.88
      vertex 5.48 67.0571 19.311
    endloop
  endfacet
  facet normal -1 0 0
    outer loop
      vertex 5.48 66.4981 21.88
      vertex 5.48 67.0571 21.569
      vertex 5.48 66.5071 21.569
    endloop
  endfacet
  facet normal -1 0 0
    outer loop
      vertex 5.48 67.0571 21.569
      vertex 5.48 66.4981 21.88
      vertex 5.48 67.4451 21.88
    endloop
  endfacet
  facet normal -1 0 0
    outer loop
      vertex 5.48 66.0196 21.4985
      vertex 5.48 66.4981 21.88
      vertex 5.48 66.5071 21.569
    endloop
  endfacet
  facet normal -1 0 0
    outer loop
      vertex 5.48 66.0196 21.4985
      vertex 5.48 65.8541 21.7882
      vertex 5.48 66.4981 21.88
    endloop
  endfacet
  facet normal -1 0 0
    outer loop
      vertex 5.48 65.6631 21.287
      vertex 5.48 65.8541 21.7882
      vertex 5.48 66.0196 21.4985
    endloop
  endfacet
  facet normal -1 0 0
    outer loop
      vertex 5.48 65.3761 21.513
      vertex 5.48 65.6631 21.287
      vertex 5.48 65.4441 20.9422
    endloop
  endfacet
  facet normal -1 0 0
    outer loop
      vertex 5.48 65.6631 21.287
      vertex 5.48 65.3761 21.513
      vertex 5.48 65.8541 21.7882
    endloop
  endfacet
  facet normal -1 0 0
    outer loop
      vertex 5.48 64.9811 20.47
      vertex 5.48 65.4441 20.9422
      vertex 5.48 65.3711 20.47
    endloop
  endfacet
  facet normal -1 0 0
    outer loop
      vertex 5.48 65.0244 20.052
      vertex 5.48 65.4031 20.1367
      vertex 5.48 65.1541 19.69
    endloop
  endfacet
  facet normal -1 0 0
    outer loop
      vertex 5.48 64.9811 20.47
      vertex 5.48 65.4031 20.1367
      vertex 5.48 65.0244 20.052
    endloop
  endfacet
  facet normal -1 -0 0
    outer loop
      vertex 5.48 65.4441 20.9422
      vertex 5.48 64.9811 20.47
      vertex 5.48 65.0799 21.0687
    endloop
  endfacet
  facet normal -1 0 0
    outer loop
      vertex 5.48 65.4031 20.1367
      vertex 5.48 64.9811 20.47
      vertex 5.48 65.3711 20.47
    endloop
  endfacet
  facet normal -1 0 0
    outer loop
      vertex 5.48 65.4441 20.9422
      vertex 5.48 65.0799 21.0687
      vertex 5.48 65.3761 21.513
    endloop
  endfacet
  facet normal -1 0 0
    outer loop
      vertex 5.48 61.1702 19.849
      vertex 5.48 59.9812 20.152
      vertex 5.48 61.0522 20.152
    endloop
  endfacet
  facet normal -1 0 -0
    outer loop
      vertex 5.48 59.9812 20.152
      vertex 5.48 61.1702 19.849
      vertex 5.48 59.8662 19.849
    endloop
  endfacet
  facet normal -1 0 0
    outer loop
      vertex 5.48 61.1702 19.849
      vertex 5.48 61.9012 19
      vertex 5.48 61.4992 19
    endloop
  endfacet
  facet normal -1 0 0
    outer loop
      vertex 5.48 61.0522 20.152
      vertex 5.48 61.9012 19
      vertex 5.48 61.1702 19.849
    endloop
  endfacet
  facet normal -1 0 0
    outer loop
      vertex 5.48 61.0522 20.152
      vertex 5.48 60.7332 21.88
      vertex 5.48 61.9012 19
    endloop
  endfacet
  facet normal -1 0 0
    outer loop
      vertex 5.48 60.6872 21.096
      vertex 5.48 60.7332 21.88
      vertex 5.48 61.0522 20.152
    endloop
  endfacet
  facet normal -1 0 0
    outer loop
      vertex 5.48 60.5994 21.3377
      vertex 5.48 60.7332 21.88
      vertex 5.48 60.6872 21.096
    endloop
  endfacet
  facet normal -1 0 0
    outer loop
      vertex 5.48 60.5362 21.531
      vertex 5.48 60.7332 21.88
      vertex 5.48 60.5994 21.3377
    endloop
  endfacet
  facet normal -1 0 0
    outer loop
      vertex 5.48 60.5182 21.588
      vertex 5.48 60.7332 21.88
      vertex 5.48 60.5362 21.531
    endloop
  endfacet
  facet normal -1 0 0
    outer loop
      vertex 5.48 60.2922 21.88
      vertex 5.48 60.4632 21.419
      vertex 5.48 60.4062 21.2502
    endloop
  endfacet
  facet normal -1 0 0
    outer loop
      vertex 5.48 60.2922 21.88
      vertex 5.48 60.4062 21.2502
      vertex 5.48 60.3492 21.1
    endloop
  endfacet
  facet normal -1 0 0
    outer loop
      vertex 5.48 60.5182 21.588
      vertex 5.48 60.2922 21.88
      vertex 5.48 60.7332 21.88
    endloop
  endfacet
  facet normal -1 0 0
    outer loop
      vertex 5.48 60.4632 21.419
      vertex 5.48 60.2922 21.88
      vertex 5.48 60.5182 21.588
    endloop
  endfacet
  facet normal -1 0 0
    outer loop
      vertex 5.48 59.9812 20.152
      vertex 5.48 60.2922 21.88
      vertex 5.48 60.3492 21.1
    endloop
  endfacet
  facet normal -1 0 0
    outer loop
      vertex 5.48 59.1422 19
      vertex 5.48 59.9812 20.152
      vertex 5.48 59.8662 19.849
    endloop
  endfacet
  facet normal -1 0 0
    outer loop
      vertex 5.48 59.1422 19
      vertex 5.48 59.8662 19.849
      vertex 5.48 59.5392 19
    endloop
  endfacet
  facet normal -1 -0 0
    outer loop
      vertex 5.48 59.9812 20.152
      vertex 5.48 59.1422 19
      vertex 5.48 60.2922 21.88
    endloop
  endfacet
  facet normal -1 0 0
    outer loop
      vertex 5.48 57.5743 20.229
      vertex 5.48 58.4663 20.536
      vertex 5.48 58.4663 20.229
    endloop
  endfacet
  facet normal -1 0 0
    outer loop
      vertex 5.48 57.5743 20.229
      vertex 5.48 57.5293 20.536
      vertex 5.48 58.4663 20.536
    endloop
  endfacet
  facet normal -1 0 0
    outer loop
      vertex 5.48 57.1963 20.274
      vertex 5.48 57.5293 20.536
      vertex 5.48 57.5743 20.229
    endloop
  endfacet
  facet normal -1 -0 0
    outer loop
      vertex 5.48 57.5293 20.536
      vertex 5.48 57.1963 20.274
      vertex 5.48 57.2573 20.571
    endloop
  endfacet
  facet normal -1 0 0
    outer loop
      vertex 5.48 56.8313 19
      vertex 5.48 57.1963 20.274
      vertex 5.48 57.5743 20.229
    endloop
  endfacet
  facet normal -1 0 0
    outer loop
      vertex 5.48 57.1963 20.274
      vertex 5.48 56.8313 19
      vertex 5.48 56.3843 19
    endloop
  endfacet
  facet normal -1 0 0
    outer loop
      vertex 5.48 58.4663 20.229
      vertex 5.48 58.8543 19
      vertex 5.48 58.4663 19
    endloop
  endfacet
  facet normal -1 0 0
    outer loop
      vertex 5.48 58.4663 20.536
      vertex 5.48 58.8543 19
      vertex 5.48 58.4663 20.229
    endloop
  endfacet
  facet normal -1 0 0
    outer loop
      vertex 5.48 58.8543 19
      vertex 5.48 58.4663 20.536
      vertex 5.48 58.8543 21.88
    endloop
  endfacet
  facet normal -1 0 0
    outer loop
      vertex 5.48 58.4663 21.569
      vertex 5.48 58.8543 21.88
      vertex 5.48 58.4663 20.536
    endloop
  endfacet
  facet normal -1 0 0
    outer loop
      vertex 5.48 57.5073 21.88
      vertex 5.48 58.4663 21.569
      vertex 5.48 57.5453 21.569
    endloop
  endfacet
  facet normal -1 0 0
    outer loop
      vertex 5.48 58.4663 21.569
      vertex 5.48 57.5073 21.88
      vertex 5.48 58.8543 21.88
    endloop
  endfacet
  facet normal -1 0 0
    outer loop
      vertex 5.48 57.2638 21.537
      vertex 5.48 57.5073 21.88
      vertex 5.48 57.5453 21.569
    endloop
  endfacet
  facet normal -1 0 0
    outer loop
      vertex 5.48 57.2638 21.537
      vertex 5.48 57.0786 21.8265
      vertex 5.48 57.5073 21.88
    endloop
  endfacet
  facet normal -1 0 0
    outer loop
      vertex 5.48 57.0573 21.441
      vertex 5.48 57.0786 21.8265
      vertex 5.48 57.2638 21.537
    endloop
  endfacet
  facet normal -1 0 0
    outer loop
      vertex 5.48 56.7603 21.666
      vertex 5.48 57.0573 21.441
      vertex 5.48 56.9298 21.2837
    endloop
  endfacet
  facet normal -1 0 0
    outer loop
      vertex 5.48 57.0573 21.441
      vertex 5.48 56.7603 21.666
      vertex 5.48 57.0786 21.8265
    endloop
  endfacet
  facet normal -1 0 0
    outer loop
      vertex 5.48 56.5631 21.4112
      vertex 5.48 56.9298 21.2837
      vertex 5.48 56.8873 21.068
    endloop
  endfacet
  facet normal -1 0 0
    outer loop
      vertex 5.48 56.9046 20.3695
      vertex 5.48 57.2573 20.571
      vertex 5.48 57.1963 20.274
    endloop
  endfacet
  facet normal -1 -0 0
    outer loop
      vertex 5.48 57.2573 20.571
      vertex 5.48 56.9046 20.3695
      vertex 5.48 57.0553 20.676
    endloop
  endfacet
  facet normal -1 0 0
    outer loop
      vertex 5.48 56.6833 20.544
      vertex 5.48 57.0553 20.676
      vertex 5.48 56.9046 20.3695
    endloop
  endfacet
  facet normal -1 -0 0
    outer loop
      vertex 5.48 57.0553 20.676
      vertex 5.48 56.6833 20.544
      vertex 5.48 56.9293 20.844
    endloop
  endfacet
  facet normal -1 0 0
    outer loop
      vertex 5.48 56.5438 20.7837
      vertex 5.48 56.9293 20.844
      vertex 5.48 56.6833 20.544
    endloop
  endfacet
  facet normal -1 -0 0
    outer loop
      vertex 5.48 56.9293 20.844
      vertex 5.48 56.5438 20.7837
      vertex 5.48 56.8873 21.068
    endloop
  endfacet
  facet normal -1 0 -0
    outer loop
      vertex 5.48 56.5631 21.4112
      vertex 5.48 56.8873 21.068
      vertex 5.48 56.4973 21.073
    endloop
  endfacet
  facet normal -1 -0 0
    outer loop
      vertex 5.48 56.8873 21.068
      vertex 5.48 56.5438 20.7837
      vertex 5.48 56.4973 21.073
    endloop
  endfacet
  facet normal -1 0 0
    outer loop
      vertex 5.48 56.9298 21.2837
      vertex 5.48 56.5631 21.4112
      vertex 5.48 56.7603 21.666
    endloop
  endfacet
  facet normal -1 0 0
    outer loop
      vertex 5.48 55.9158 19
      vertex 5.48 55.5278 19.311
      vertex 5.48 55.9158 21.88
    endloop
  endfacet
  facet normal -1 0 0
    outer loop
      vertex 5.48 54.8448 19
      vertex 5.48 55.5278 19.311
      vertex 5.48 55.9158 19
    endloop
  endfacet
  facet normal -1 -0 0
    outer loop
      vertex 5.48 55.5278 19.311
      vertex 5.48 54.8448 19
      vertex 5.48 54.8898 19.311
    endloop
  endfacet
  facet normal -1 0 0
    outer loop
      vertex 5.48 54.8448 19
      vertex 5.48 54.5941 19.3457
      vertex 5.48 54.8898 19.311
    endloop
  endfacet
  facet normal -1 0 0
    outer loop
      vertex 5.48 54.4551 19.0445
      vertex 5.48 54.5941 19.3457
      vertex 5.48 54.8448 19
    endloop
  endfacet
  facet normal -1 0 0
    outer loop
      vertex 5.48 54.4551 19.0445
      vertex 5.48 54.3368 19.45
      vertex 5.48 54.5941 19.3457
    endloop
  endfacet
  facet normal -1 0 0
    outer loop
      vertex 5.48 54.1138 19.178
      vertex 5.48 54.3368 19.45
      vertex 5.48 54.4551 19.0445
    endloop
  endfacet
  facet normal -1 -0 0
    outer loop
      vertex 5.48 54.3368 19.45
      vertex 5.48 54.1138 19.178
      vertex 5.48 54.1256 19.6197
    endloop
  endfacet
  facet normal -1 0 0
    outer loop
      vertex 5.48 53.8331 19.395
      vertex 5.48 54.1256 19.6197
      vertex 5.48 54.1138 19.178
    endloop
  endfacet
  facet normal -1 -0 0
    outer loop
      vertex 5.48 54.1256 19.6197
      vertex 5.48 53.8331 19.395
      vertex 5.48 53.9698 19.851
    endloop
  endfacet
  facet normal -1 -0 0
    outer loop
      vertex 5.48 53.9698 19.851
      vertex 5.48 53.6248 19.69
      vertex 5.48 53.8738 20.1367
    endloop
  endfacet
  facet normal -1 0 0
    outer loop
      vertex 5.48 53.6248 19.69
      vertex 5.48 53.9698 19.851
      vertex 5.48 53.8331 19.395
    endloop
  endfacet
  facet normal -1 0 0
    outer loop
      vertex 5.48 55.5278 21.569
      vertex 5.48 55.9158 21.88
      vertex 5.48 55.5278 19.311
    endloop
  endfacet
  facet normal -1 0 0
    outer loop
      vertex 5.48 54.9688 21.88
      vertex 5.48 55.5278 21.569
      vertex 5.48 54.9778 21.569
    endloop
  endfacet
  facet normal -1 0 0
    outer loop
      vertex 5.48 55.5278 21.569
      vertex 5.48 54.9688 21.88
      vertex 5.48 55.9158 21.88
    endloop
  endfacet
  facet normal -1 0 0
    outer loop
      vertex 5.48 54.4903 21.4985
      vertex 5.48 54.9688 21.88
      vertex 5.48 54.9778 21.569
    endloop
  endfacet
  facet normal -1 0 0
    outer loop
      vertex 5.48 54.4903 21.4985
      vertex 5.48 54.3248 21.7882
      vertex 5.48 54.9688 21.88
    endloop
  endfacet
  facet normal -1 0 0
    outer loop
      vertex 5.48 54.1339 21.287
      vertex 5.48 54.3248 21.7882
      vertex 5.48 54.4903 21.4985
    endloop
  endfacet
  facet normal -1 0 0
    outer loop
      vertex 5.48 53.8468 21.513
      vertex 5.48 54.1339 21.287
      vertex 5.48 53.9148 20.9422
    endloop
  endfacet
  facet normal -1 0 0
    outer loop
      vertex 5.48 54.1339 21.287
      vertex 5.48 53.8468 21.513
      vertex 5.48 54.3248 21.7882
    endloop
  endfacet
  facet normal -1 0 0
    outer loop
      vertex 5.48 53.4518 20.47
      vertex 5.48 53.9148 20.9422
      vertex 5.48 53.8418 20.47
    endloop
  endfacet
  facet normal -1 0 0
    outer loop
      vertex 5.48 53.4951 20.052
      vertex 5.48 53.8738 20.1367
      vertex 5.48 53.6248 19.69
    endloop
  endfacet
  facet normal -1 0 0
    outer loop
      vertex 5.48 53.4518 20.47
      vertex 5.48 53.8738 20.1367
      vertex 5.48 53.4951 20.052
    endloop
  endfacet
  facet normal -1 -0 0
    outer loop
      vertex 5.48 53.9148 20.9422
      vertex 5.48 53.4518 20.47
      vertex 5.48 53.5506 21.0687
    endloop
  endfacet
  facet normal -1 0 0
    outer loop
      vertex 5.48 53.8738 20.1367
      vertex 5.48 53.4518 20.47
      vertex 5.48 53.8418 20.47
    endloop
  endfacet
  facet normal -1 0 0
    outer loop
      vertex 5.48 53.9148 20.9422
      vertex 5.48 53.5506 21.0687
      vertex 5.48 53.8468 21.513
    endloop
  endfacet
  facet normal -0 0.407614 0.913154
    outer loop
      vertex 4.25 68.599 18.9915
      vertex 5.48 68.226 19.158
      vertex 5.48 68.599 18.9915
    endloop
  endfacet
  facet normal 0 0.407614 0.913154
    outer loop
      vertex 5.48 68.226 19.158
      vertex 4.25 68.599 18.9915
      vertex 4.25 68.226 19.158
    endloop
  endfacet
  facet normal 0 0.755 0.655725
    outer loop
      vertex 5.48 68.226 19.158
      vertex 4.25 67.9935 19.4257
      vertex 5.48 67.9935 19.4257
    endloop
  endfacet
  facet normal 0 0.755 0.655725
    outer loop
      vertex 4.25 67.9935 19.4257
      vertex 5.48 68.226 19.158
      vertex 4.25 68.226 19.158
    endloop
  endfacet
  facet normal 0 0.977519 0.210848
    outer loop
      vertex 5.48 67.9935 19.4257
      vertex 4.25 67.916 19.785
      vertex 5.48 67.916 19.785
    endloop
  endfacet
  facet normal 0 0.977519 0.210848
    outer loop
      vertex 4.25 67.916 19.785
      vertex 5.48 67.9935 19.4257
      vertex 4.25 67.9935 19.4257
    endloop
  endfacet
  facet normal 0 0.997275 -0.0737729
    outer loop
      vertex 5.48 67.916 19.785
      vertex 4.25 67.927 19.9337
      vertex 5.48 67.927 19.9337
    endloop
  endfacet
  facet normal 0 0.997275 -0.0737729
    outer loop
      vertex 4.25 67.927 19.9337
      vertex 5.48 67.916 19.785
      vertex 4.25 67.916 19.785
    endloop
  endfacet
  facet normal 0 0.968477 -0.249102
    outer loop
      vertex 5.48 67.927 19.9337
      vertex 4.25 67.96 20.062
      vertex 5.48 67.96 20.062
    endloop
  endfacet
  facet normal 0 0.968477 -0.249102
    outer loop
      vertex 4.25 67.96 20.062
      vertex 5.48 67.927 19.9337
      vertex 4.25 67.927 19.9337
    endloop
  endfacet
  facet normal 0 0.906183 -0.422885
    outer loop
      vertex 5.48 67.96 20.062
      vertex 4.25 68.0118 20.173
      vertex 5.48 68.0118 20.173
    endloop
  endfacet
  facet normal 0 0.906183 -0.422885
    outer loop
      vertex 4.25 68.0118 20.173
      vertex 5.48 67.96 20.062
      vertex 4.25 67.96 20.062
    endloop
  endfacet
  facet normal 0 0.808294 -0.588779
    outer loop
      vertex 5.48 68.0118 20.173
      vertex 4.25 68.081 20.268
      vertex 5.48 68.081 20.268
    endloop
  endfacet
  facet normal 0 0.808294 -0.588779
    outer loop
      vertex 4.25 68.081 20.268
      vertex 5.48 68.0118 20.173
      vertex 4.25 68.0118 20.173
    endloop
  endfacet
  facet normal 0 0.690558 -0.723277
    outer loop
      vertex 4.25 68.081 20.268
      vertex 5.48 68.165 20.3482
      vertex 5.48 68.081 20.268
    endloop
  endfacet
  facet normal 0 0.690558 -0.723277
    outer loop
      vertex 5.48 68.165 20.3482
      vertex 4.25 68.081 20.268
      vertex 4.25 68.165 20.3482
    endloop
  endfacet
  facet normal 0 0.563232 -0.826299
    outer loop
      vertex 4.25 68.165 20.3482
      vertex 5.48 68.263 20.415
      vertex 5.48 68.165 20.3482
    endloop
  endfacet
  facet normal 0 0.563232 -0.826299
    outer loop
      vertex 5.48 68.263 20.415
      vertex 4.25 68.165 20.3482
      vertex 4.25 68.263 20.415
    endloop
  endfacet
  facet normal 0 0.464834 -0.885398
    outer loop
      vertex 4.25 68.263 20.415
      vertex 5.48 68.371 20.4717
      vertex 5.48 68.263 20.415
    endloop
  endfacet
  facet normal 0 0.464834 -0.885398
    outer loop
      vertex 5.48 68.371 20.4717
      vertex 4.25 68.263 20.415
      vertex 4.25 68.371 20.4717
    endloop
  endfacet
  facet normal 0 0.384389 -0.923171
    outer loop
      vertex 4.25 68.371 20.4717
      vertex 5.48 68.487 20.52
      vertex 5.48 68.371 20.4717
    endloop
  endfacet
  facet normal 0 0.384389 -0.923171
    outer loop
      vertex 5.48 68.487 20.52
      vertex 4.25 68.371 20.4717
      vertex 4.25 68.487 20.52
    endloop
  endfacet
  facet normal 0 0.321543 -0.946895
    outer loop
      vertex 4.25 68.487 20.52
      vertex 5.48 68.6098 20.5617
      vertex 5.48 68.487 20.52
    endloop
  endfacet
  facet normal 0 0.321543 -0.946895
    outer loop
      vertex 5.48 68.6098 20.5617
      vertex 4.25 68.487 20.52
      vertex 4.25 68.6098 20.5617
    endloop
  endfacet
  facet normal 0 0.265471 -0.964119
    outer loop
      vertex 4.25 68.6098 20.5617
      vertex 5.48 68.738 20.597
      vertex 5.48 68.6098 20.5617
    endloop
  endfacet
  facet normal 0 0.265471 -0.964119
    outer loop
      vertex 5.48 68.738 20.597
      vertex 4.25 68.6098 20.5617
      vertex 4.25 68.738 20.597
    endloop
  endfacet
  facet normal 0 0.234689 -0.972071
    outer loop
      vertex 4.25 68.738 20.597
      vertex 5.48 68.8693 20.6287
      vertex 5.48 68.738 20.597
    endloop
  endfacet
  facet normal 0 0.234689 -0.972071
    outer loop
      vertex 5.48 68.8693 20.6287
      vertex 4.25 68.738 20.597
      vertex 4.25 68.8693 20.6287
    endloop
  endfacet
  facet normal 0 0.231221 -0.972901
    outer loop
      vertex 4.25 68.8693 20.6287
      vertex 5.48 69.001 20.66
      vertex 5.48 68.8693 20.6287
    endloop
  endfacet
  facet normal 0 0.231221 -0.972901
    outer loop
      vertex 5.48 69.001 20.66
      vertex 4.25 68.8693 20.6287
      vertex 4.25 69.001 20.66
    endloop
  endfacet
  facet normal 0 0.242188 -0.970229
    outer loop
      vertex 4.25 69.001 20.66
      vertex 5.48 69.3295 20.742
      vertex 5.48 69.001 20.66
    endloop
  endfacet
  facet normal 0 0.242188 -0.970229
    outer loop
      vertex 5.48 69.3295 20.742
      vertex 4.25 69.001 20.66
      vertex 4.25 69.3295 20.742
    endloop
  endfacet
  facet normal 0 0.325548 -0.945526
    outer loop
      vertex 4.25 69.3295 20.742
      vertex 5.48 69.527 20.81
      vertex 5.48 69.3295 20.742
    endloop
  endfacet
  facet normal 0 0.325548 -0.945526
    outer loop
      vertex 5.48 69.527 20.81
      vertex 4.25 69.3295 20.742
      vertex 4.25 69.527 20.81
    endloop
  endfacet
  facet normal 0 0.506858 -0.862029
    outer loop
      vertex 4.25 69.527 20.81
      vertex 5.48 69.6435 20.8785
      vertex 5.48 69.527 20.81
    endloop
  endfacet
  facet normal 0 0.506858 -0.862029
    outer loop
      vertex 5.48 69.6435 20.8785
      vertex 4.25 69.527 20.81
      vertex 4.25 69.6435 20.8785
    endloop
  endfacet
  facet normal 0 0.689972 -0.723836
    outer loop
      vertex 4.25 69.6435 20.8785
      vertex 5.48 69.729 20.96
      vertex 5.48 69.6435 20.8785
    endloop
  endfacet
  facet normal 0 0.689972 -0.723836
    outer loop
      vertex 5.48 69.729 20.96
      vertex 4.25 69.6435 20.8785
      vertex 4.25 69.729 20.96
    endloop
  endfacet
  facet normal 0 0.884822 -0.465929
    outer loop
      vertex 5.48 69.729 20.96
      vertex 4.25 69.7815 21.0597
      vertex 5.48 69.7815 21.0597
    endloop
  endfacet
  facet normal 0 0.884822 -0.465929
    outer loop
      vertex 4.25 69.7815 21.0597
      vertex 5.48 69.729 20.96
      vertex 4.25 69.729 20.96
    endloop
  endfacet
  facet normal 0 0.990078 -0.140522
    outer loop
      vertex 5.48 69.7815 21.0597
      vertex 4.25 69.799 21.183
      vertex 5.48 69.799 21.183
    endloop
  endfacet
  facet normal 0 0.990078 -0.140522
    outer loop
      vertex 4.25 69.799 21.183
      vertex 5.48 69.7815 21.0597
      vertex 4.25 69.7815 21.0597
    endloop
  endfacet
  facet normal 0 0.976322 0.216322
    outer loop
      vertex 5.48 69.799 21.183
      vertex 4.25 69.7538 21.387
      vertex 5.48 69.7538 21.387
    endloop
  endfacet
  facet normal 0 0.976322 0.216322
    outer loop
      vertex 4.25 69.7538 21.387
      vertex 5.48 69.799 21.183
      vertex 4.25 69.799 21.183
    endloop
  endfacet
  facet normal 0 0.732222 0.681066
    outer loop
      vertex 5.48 69.7538 21.387
      vertex 4.25 69.618 21.533
      vertex 5.48 69.618 21.533
    endloop
  endfacet
  facet normal 0 0.732222 0.681066
    outer loop
      vertex 4.25 69.618 21.533
      vertex 5.48 69.7538 21.387
      vertex 4.25 69.7538 21.387
    endloop
  endfacet
  facet normal -0 0.371029 0.928621
    outer loop
      vertex 4.25 69.618 21.533
      vertex 5.48 69.3965 21.6215
      vertex 5.48 69.618 21.533
    endloop
  endfacet
  facet normal 0 0.371029 0.928621
    outer loop
      vertex 5.48 69.3965 21.6215
      vertex 4.25 69.618 21.533
      vertex 4.25 69.3965 21.6215
    endloop
  endfacet
  facet normal -0 0.0970602 0.995279
    outer loop
      vertex 4.25 69.3965 21.6215
      vertex 5.48 69.094 21.651
      vertex 5.48 69.3965 21.6215
    endloop
  endfacet
  facet normal 0 0.0970602 0.995279
    outer loop
      vertex 5.48 69.094 21.651
      vertex 4.25 69.3965 21.6215
      vertex 4.25 69.094 21.651
    endloop
  endfacet
  facet normal 0 -0.0921785 0.995742
    outer loop
      vertex 4.25 69.094 21.651
      vertex 5.48 68.8153 21.6252
      vertex 5.48 69.094 21.651
    endloop
  endfacet
  facet normal 0 -0.0921785 0.995742
    outer loop
      vertex 5.48 68.8153 21.6252
      vertex 4.25 69.094 21.651
      vertex 4.25 68.8153 21.6252
    endloop
  endfacet
  facet normal 0 -0.344609 0.938746
    outer loop
      vertex 4.25 68.8153 21.6252
      vertex 5.48 68.605 21.548
      vertex 5.48 68.8153 21.6252
    endloop
  endfacet
  facet normal 0 -0.344609 0.938746
    outer loop
      vertex 5.48 68.605 21.548
      vertex 4.25 68.8153 21.6252
      vertex 4.25 68.605 21.548
    endloop
  endfacet
  facet normal 0 -0.667995 0.744166
    outer loop
      vertex 4.25 68.605 21.548
      vertex 5.48 68.4565 21.4147
      vertex 5.48 68.605 21.548
    endloop
  endfacet
  facet normal 0 -0.667995 0.744166
    outer loop
      vertex 5.48 68.4565 21.4147
      vertex 4.25 68.605 21.548
      vertex 4.25 68.4565 21.4147
    endloop
  endfacet
  facet normal 0 -0.905875 0.423544
    outer loop
      vertex 4.25 68.365 21.219
      vertex 5.48 68.4565 21.4147
      vertex 4.25 68.4565 21.4147
    endloop
  endfacet
  facet normal 0 -0.905875 0.423544
    outer loop
      vertex 5.48 68.4565 21.4147
      vertex 4.25 68.365 21.219
      vertex 5.48 68.365 21.219
    endloop
  endfacet
  facet normal -0 0.172756 0.984965
    outer loop
      vertex 4.25 68.365 21.219
      vertex 5.48 67.983 21.286
      vertex 5.48 68.365 21.219
    endloop
  endfacet
  facet normal 0 0.172756 0.984965
    outer loop
      vertex 5.48 67.983 21.286
      vertex 4.25 68.365 21.219
      vertex 4.25 67.983 21.286
    endloop
  endfacet
  facet normal 0 0.906787 -0.421589
    outer loop
      vertex 5.48 67.983 21.286
      vertex 4.25 68.1255 21.5925
      vertex 5.48 68.1255 21.5925
    endloop
  endfacet
  facet normal 0 0.906787 -0.421589
    outer loop
      vertex 4.25 68.1255 21.5925
      vertex 5.48 67.983 21.286
      vertex 4.25 67.983 21.286
    endloop
  endfacet
  facet normal 0 0.676256 -0.736666
    outer loop
      vertex 4.25 68.1255 21.5925
      vertex 5.48 68.345 21.794
      vertex 5.48 68.1255 21.5925
    endloop
  endfacet
  facet normal 0 0.676256 -0.736666
    outer loop
      vertex 5.48 68.345 21.794
      vertex 4.25 68.1255 21.5925
      vertex 4.25 68.345 21.794
    endloop
  endfacet
  facet normal 0 0.336053 -0.941843
    outer loop
      vertex 4.25 68.345 21.794
      vertex 5.48 68.6603 21.9065
      vertex 5.48 68.345 21.794
    endloop
  endfacet
  facet normal 0 0.336053 -0.941843
    outer loop
      vertex 5.48 68.6603 21.9065
      vertex 4.25 68.345 21.794
      vertex 4.25 68.6603 21.9065
    endloop
  endfacet
  facet normal 0 0.0869397 -0.996214
    outer loop
      vertex 4.25 68.6603 21.9065
      vertex 5.48 69.09 21.944
      vertex 5.48 68.6603 21.9065
    endloop
  endfacet
  facet normal 0 0.0869397 -0.996214
    outer loop
      vertex 5.48 69.09 21.944
      vertex 4.25 68.6603 21.9065
      vertex 4.25 69.09 21.944
    endloop
  endfacet
  facet normal 0 -0.109372 -0.994001
    outer loop
      vertex 4.25 69.09 21.944
      vertex 5.48 69.5535 21.893
      vertex 5.48 69.09 21.944
    endloop
  endfacet
  facet normal -0 -0.109372 -0.994001
    outer loop
      vertex 5.48 69.5535 21.893
      vertex 4.25 69.09 21.944
      vertex 4.25 69.5535 21.893
    endloop
  endfacet
  facet normal 0 -0.407869 -0.91304
    outer loop
      vertex 4.25 69.5535 21.893
      vertex 5.48 69.896 21.74
      vertex 5.48 69.5535 21.893
    endloop
  endfacet
  facet normal -0 -0.407869 -0.91304
    outer loop
      vertex 5.48 69.896 21.74
      vertex 4.25 69.5535 21.893
      vertex 4.25 69.896 21.74
    endloop
  endfacet
  facet normal 0 -0.759344 -0.65069
    outer loop
      vertex 4.25 70.1068 21.494
      vertex 5.48 69.896 21.74
      vertex 4.25 69.896 21.74
    endloop
  endfacet
  facet normal 0 -0.759344 -0.65069
    outer loop
      vertex 5.48 69.896 21.74
      vertex 4.25 70.1068 21.494
      vertex 5.48 70.1068 21.494
    endloop
  endfacet
  facet normal 0 -0.978368 -0.206872
    outer loop
      vertex 4.25 70.177 21.162
      vertex 5.48 70.1068 21.494
      vertex 4.25 70.1068 21.494
    endloop
  endfacet
  facet normal 0 -0.978368 -0.206872
    outer loop
      vertex 5.48 70.1068 21.494
      vertex 4.25 70.177 21.162
      vertex 5.48 70.177 21.162
    endloop
  endfacet
  facet normal 0 -0.996219 0.0868795
    outer loop
      vertex 4.25 70.1635 21.0072
      vertex 5.48 70.177 21.162
      vertex 4.25 70.177 21.162
    endloop
  endfacet
  facet normal 0 -0.996219 0.0868795
    outer loop
      vertex 5.48 70.177 21.162
      vertex 4.25 70.1635 21.0072
      vertex 5.48 70.1635 21.0072
    endloop
  endfacet
  facet normal 0 -0.958521 0.285023
    outer loop
      vertex 4.25 70.123 20.871
      vertex 5.48 70.1635 21.0072
      vertex 4.25 70.1635 21.0072
    endloop
  endfacet
  facet normal 0 -0.958521 0.285023
    outer loop
      vertex 5.48 70.1635 21.0072
      vertex 4.25 70.123 20.871
      vertex 5.48 70.123 20.871
    endloop
  endfacet
  facet normal 0 -0.874227 0.485517
    outer loop
      vertex 4.25 70.0573 20.7527
      vertex 5.48 70.123 20.871
      vertex 4.25 70.123 20.871
    endloop
  endfacet
  facet normal 0 -0.874227 0.485517
    outer loop
      vertex 5.48 70.123 20.871
      vertex 4.25 70.0573 20.7527
      vertex 5.48 70.0573 20.7527
    endloop
  endfacet
  facet normal 0 -0.754621 0.656161
    outer loop
      vertex 4.25 69.968 20.65
      vertex 5.48 70.0573 20.7527
      vertex 4.25 70.0573 20.7527
    endloop
  endfacet
  facet normal 0 -0.754621 0.656161
    outer loop
      vertex 5.48 70.0573 20.7527
      vertex 4.25 69.968 20.65
      vertex 5.48 69.968 20.65
    endloop
  endfacet
  facet normal 0 -0.598506 0.801118
    outer loop
      vertex 4.25 69.968 20.65
      vertex 5.48 69.8478 20.5602
      vertex 5.48 69.968 20.65
    endloop
  endfacet
  facet normal 0 -0.598506 0.801118
    outer loop
      vertex 5.48 69.8478 20.5602
      vertex 4.25 69.968 20.65
      vertex 4.25 69.8478 20.5602
    endloop
  endfacet
  facet normal 0 -0.459854 0.887994
    outer loop
      vertex 4.25 69.8478 20.5602
      vertex 5.48 69.691 20.479
      vertex 5.48 69.8478 20.5602
    endloop
  endfacet
  facet normal 0 -0.459854 0.887994
    outer loop
      vertex 5.48 69.691 20.479
      vertex 4.25 69.8478 20.5602
      vertex 4.25 69.691 20.479
    endloop
  endfacet
  facet normal 0 -0.332114 0.943239
    outer loop
      vertex 4.25 69.691 20.479
      vertex 5.48 69.4743 20.4027
      vertex 5.48 69.691 20.479
    endloop
  endfacet
  facet normal 0 -0.332114 0.943239
    outer loop
      vertex 5.48 69.4743 20.4027
      vertex 4.25 69.691 20.479
      vertex 4.25 69.4743 20.4027
    endloop
  endfacet
  facet normal 0 -0.249024 0.968497
    outer loop
      vertex 4.25 69.4743 20.4027
      vertex 5.48 69.176 20.326
      vertex 5.48 69.4743 20.4027
    endloop
  endfacet
  facet normal 0 -0.249024 0.968497
    outer loop
      vertex 5.48 69.176 20.326
      vertex 4.25 69.4743 20.4027
      vertex 4.25 69.176 20.326
    endloop
  endfacet
  facet normal 0 -0.231456 0.972845
    outer loop
      vertex 4.25 69.176 20.326
      vertex 5.48 68.9898 20.2817
      vertex 5.48 69.176 20.326
    endloop
  endfacet
  facet normal 0 -0.231456 0.972845
    outer loop
      vertex 5.48 68.9898 20.2817
      vertex 4.25 69.176 20.326
      vertex 4.25 68.9898 20.2817
    endloop
  endfacet
  facet normal 0 -0.234397 0.972141
    outer loop
      vertex 4.25 68.9898 20.2817
      vertex 5.48 68.821 20.241
      vertex 5.48 68.9898 20.2817
    endloop
  endfacet
  facet normal 0 -0.234397 0.972141
    outer loop
      vertex 5.48 68.821 20.241
      vertex 4.25 68.9898 20.2817
      vertex 4.25 68.821 20.241
    endloop
  endfacet
  facet normal 0 -0.280812 0.959763
    outer loop
      vertex 4.25 68.821 20.241
      vertex 5.48 68.6713 20.1972
      vertex 5.48 68.821 20.241
    endloop
  endfacet
  facet normal 0 -0.280812 0.959763
    outer loop
      vertex 5.48 68.6713 20.1972
      vertex 4.25 68.821 20.241
      vertex 4.25 68.6713 20.1972
    endloop
  endfacet
  facet normal 0 -0.385593 0.922669
    outer loop
      vertex 4.25 68.6713 20.1972
      vertex 5.48 68.544 20.144
      vertex 5.48 68.6713 20.1972
    endloop
  endfacet
  facet normal 0 -0.385593 0.922669
    outer loop
      vertex 5.48 68.544 20.144
      vertex 4.25 68.6713 20.1972
      vertex 4.25 68.544 20.144
    endloop
  endfacet
  facet normal 0 -0.539518 0.841974
    outer loop
      vertex 4.25 68.544 20.144
      vertex 5.48 68.441 20.078
      vertex 5.48 68.544 20.144
    endloop
  endfacet
  facet normal 0 -0.539518 0.841974
    outer loop
      vertex 5.48 68.441 20.078
      vertex 4.25 68.544 20.144
      vertex 4.25 68.441 20.078
    endloop
  endfacet
  facet normal 0 -0.728982 0.684532
    outer loop
      vertex 4.25 68.364 19.996
      vertex 5.48 68.441 20.078
      vertex 4.25 68.441 20.078
    endloop
  endfacet
  facet normal 0 -0.728982 0.684532
    outer loop
      vertex 5.48 68.441 20.078
      vertex 4.25 68.364 19.996
      vertex 5.48 68.364 19.996
    endloop
  endfacet
  facet normal 0 -0.905618 0.424094
    outer loop
      vertex 4.25 68.316 19.8935
      vertex 5.48 68.364 19.996
      vertex 4.25 68.364 19.996
    endloop
  endfacet
  facet normal 0 -0.905618 0.424094
    outer loop
      vertex 5.48 68.364 19.996
      vertex 4.25 68.316 19.8935
      vertex 5.48 68.316 19.8935
    endloop
  endfacet
  facet normal 0 -0.992454 0.12262
    outer loop
      vertex 4.25 68.3 19.764
      vertex 5.48 68.316 19.8935
      vertex 4.25 68.316 19.8935
    endloop
  endfacet
  facet normal 0 -0.992454 0.12262
    outer loop
      vertex 5.48 68.316 19.8935
      vertex 4.25 68.3 19.764
      vertex 5.48 68.3 19.764
    endloop
  endfacet
  facet normal 0 -0.975679 -0.219205
    outer loop
      vertex 4.25 68.351 19.537
      vertex 5.48 68.3 19.764
      vertex 4.25 68.3 19.764
    endloop
  endfacet
  facet normal 0 -0.975679 -0.219205
    outer loop
      vertex 5.48 68.3 19.764
      vertex 4.25 68.351 19.537
      vertex 5.48 68.351 19.537
    endloop
  endfacet
  facet normal 0 -0.733268 -0.67994
    outer loop
      vertex 4.25 68.504 19.372
      vertex 5.48 68.351 19.537
      vertex 4.25 68.351 19.537
    endloop
  endfacet
  facet normal 0 -0.733268 -0.67994
    outer loop
      vertex 5.48 68.351 19.537
      vertex 4.25 68.504 19.372
      vertex 5.48 68.504 19.372
    endloop
  endfacet
  facet normal 0 -0.374624 -0.927177
    outer loop
      vertex 4.25 68.504 19.372
      vertex 5.48 68.751 19.2722
      vertex 5.48 68.504 19.372
    endloop
  endfacet
  facet normal -0 -0.374624 -0.927177
    outer loop
      vertex 5.48 68.751 19.2722
      vertex 4.25 68.504 19.372
      vertex 4.25 68.751 19.2722
    endloop
  endfacet
  facet normal 0 -0.0992079 -0.995067
    outer loop
      vertex 4.25 68.751 19.2722
      vertex 5.48 69.084 19.239
      vertex 5.48 68.751 19.2722
    endloop
  endfacet
  facet normal -0 -0.0992079 -0.995067
    outer loop
      vertex 5.48 69.084 19.239
      vertex 4.25 68.751 19.2722
      vertex 4.25 69.084 19.239
    endloop
  endfacet
  facet normal 0 0.0922992 -0.995731
    outer loop
      vertex 4.25 69.084 19.239
      vertex 5.48 69.4098 19.2692
      vertex 5.48 69.084 19.239
    endloop
  endfacet
  facet normal 0 0.0922992 -0.995731
    outer loop
      vertex 5.48 69.4098 19.2692
      vertex 4.25 69.084 19.239
      vertex 4.25 69.4098 19.2692
    endloop
  endfacet
  facet normal 0 0.342348 -0.939573
    outer loop
      vertex 4.25 69.4098 19.2692
      vertex 5.48 69.659 19.36
      vertex 5.48 69.4098 19.2692
    endloop
  endfacet
  facet normal 0 0.342348 -0.939573
    outer loop
      vertex 5.48 69.659 19.36
      vertex 4.25 69.4098 19.2692
      vertex 4.25 69.659 19.36
    endloop
  endfacet
  facet normal 0 0.664576 -0.74722
    outer loop
      vertex 4.25 69.659 19.36
      vertex 5.48 69.8335 19.5152
      vertex 5.48 69.659 19.36
    endloop
  endfacet
  facet normal 0 0.664576 -0.74722
    outer loop
      vertex 5.48 69.8335 19.5152
      vertex 4.25 69.659 19.36
      vertex 4.25 69.8335 19.5152
    endloop
  endfacet
  facet normal 0 0.910715 -0.413036
    outer loop
      vertex 5.48 69.8335 19.5152
      vertex 4.25 69.935 19.739
      vertex 5.48 69.935 19.739
    endloop
  endfacet
  facet normal 0 0.910715 -0.413036
    outer loop
      vertex 4.25 69.935 19.739
      vertex 5.48 69.8335 19.5152
      vertex 4.25 69.8335 19.5152
    endloop
  endfacet
  facet normal 0 -0.195615 -0.980681
    outer loop
      vertex 4.25 69.935 19.739
      vertex 5.48 70.311 19.664
      vertex 5.48 69.935 19.739
    endloop
  endfacet
  facet normal -0 -0.195615 -0.980681
    outer loop
      vertex 5.48 70.311 19.664
      vertex 4.25 69.935 19.739
      vertex 4.25 70.311 19.664
    endloop
  endfacet
  facet normal 0 -0.81606 0.577968
    outer loop
      vertex 4.25 69.9243 19.118
      vertex 5.48 70.311 19.664
      vertex 4.25 70.311 19.664
    endloop
  endfacet
  facet normal 0 -0.81606 0.577968
    outer loop
      vertex 5.48 70.311 19.664
      vertex 4.25 69.9243 19.118
      vertex 5.48 69.9243 19.118
    endloop
  endfacet
  facet normal 0 -0.215103 0.976591
    outer loop
      vertex 4.25 69.9243 19.118
      vertex 5.48 69.098 18.936
      vertex 5.48 69.9243 19.118
    endloop
  endfacet
  facet normal 0 -0.215103 0.976591
    outer loop
      vertex 5.48 69.098 18.936
      vertex 4.25 69.9243 19.118
      vertex 4.25 69.098 18.936
    endloop
  endfacet
  facet normal -0 0.110541 0.993872
    outer loop
      vertex 4.25 69.098 18.936
      vertex 5.48 68.599 18.9915
      vertex 5.48 69.098 18.936
    endloop
  endfacet
  facet normal 0 0.110541 0.993872
    outer loop
      vertex 5.48 68.599 18.9915
      vertex 4.25 69.098 18.936
      vertex 4.25 68.599 18.9915
    endloop
  endfacet
  facet normal -0 0.379456 0.92521
    outer loop
      vertex 4.25 62.8442 18.9833
      vertex 5.48 62.4987 19.125
      vertex 5.48 62.8442 18.9833
    endloop
  endfacet
  facet normal 0 0.379456 0.92521
    outer loop
      vertex 5.48 62.4987 19.125
      vertex 4.25 62.8442 18.9833
      vertex 4.25 62.4987 19.125
    endloop
  endfacet
  facet normal -0 0.63306 0.774103
    outer loop
      vertex 4.25 62.4987 19.125
      vertex 5.48 62.2144 19.3575
      vertex 5.48 62.4987 19.125
    endloop
  endfacet
  facet normal 0 0.63306 0.774103
    outer loop
      vertex 5.48 62.2144 19.3575
      vertex 4.25 62.4987 19.125
      vertex 4.25 62.2144 19.3575
    endloop
  endfacet
  facet normal 0 0.832411 0.554159
    outer loop
      vertex 5.48 62.2144 19.3575
      vertex 4.25 62.0017 19.677
      vertex 5.48 62.0017 19.677
    endloop
  endfacet
  facet normal 0 0.832411 0.554159
    outer loop
      vertex 4.25 62.0017 19.677
      vertex 5.48 62.2144 19.3575
      vertex 4.25 62.2144 19.3575
    endloop
  endfacet
  facet normal 0 0.439261 -0.89836
    outer loop
      vertex 4.25 62.0017 19.677
      vertex 5.48 62.3187 19.832
      vertex 5.48 62.0017 19.677
    endloop
  endfacet
  facet normal 0 0.439261 -0.89836
    outer loop
      vertex 5.48 62.3187 19.832
      vertex 4.25 62.0017 19.677
      vertex 4.25 62.3187 19.832
    endloop
  endfacet
  facet normal 0 -0.753611 -0.65732
    outer loop
      vertex 4.25 62.6962 19.3992
      vertex 5.48 62.3187 19.832
      vertex 4.25 62.3187 19.832
    endloop
  endfacet
  facet normal 0 -0.753611 -0.65732
    outer loop
      vertex 5.48 62.3187 19.832
      vertex 4.25 62.6962 19.3992
      vertex 5.48 62.6962 19.3992
    endloop
  endfacet
  facet normal 0 -0.264156 -0.96448
    outer loop
      vertex 4.25 62.6962 19.3992
      vertex 5.48 63.2227 19.255
      vertex 5.48 62.6962 19.3992
    endloop
  endfacet
  facet normal -0 -0.264156 -0.96448
    outer loop
      vertex 5.48 63.2227 19.255
      vertex 4.25 62.6962 19.3992
      vertex 4.25 63.2227 19.255
    endloop
  endfacet
  facet normal 0 0.191313 -0.981529
    outer loop
      vertex 4.25 63.2227 19.255
      vertex 5.48 63.6434 19.337
      vertex 5.48 63.2227 19.255
    endloop
  endfacet
  facet normal 0 0.191313 -0.981529
    outer loop
      vertex 5.48 63.6434 19.337
      vertex 4.25 63.2227 19.255
      vertex 4.25 63.6434 19.337
    endloop
  endfacet
  facet normal 0 0.604354 -0.796716
    outer loop
      vertex 4.25 63.6434 19.337
      vertex 5.48 63.9677 19.583
      vertex 5.48 63.6434 19.337
    endloop
  endfacet
  facet normal 0 0.604354 -0.796716
    outer loop
      vertex 5.48 63.9677 19.583
      vertex 4.25 63.6434 19.337
      vertex 4.25 63.9677 19.583
    endloop
  endfacet
  facet normal 0 0.879826 -0.475295
    outer loop
      vertex 5.48 63.9677 19.583
      vertex 4.25 64.1739 19.9647
      vertex 5.48 64.1739 19.9647
    endloop
  endfacet
  facet normal 0 0.879826 -0.475295
    outer loop
      vertex 4.25 64.1739 19.9647
      vertex 5.48 63.9677 19.583
      vertex 4.25 63.9677 19.583
    endloop
  endfacet
  facet normal 0 0.99018 -0.1398
    outer loop
      vertex 5.48 64.1739 19.9647
      vertex 4.25 64.2427 20.452
      vertex 5.48 64.2427 20.452
    endloop
  endfacet
  facet normal 0 0.99018 -0.1398
    outer loop
      vertex 4.25 64.2427 20.452
      vertex 5.48 64.1739 19.9647
      vertex 4.25 64.1739 19.9647
    endloop
  endfacet
  facet normal 0 0.991003 0.133837
    outer loop
      vertex 5.48 64.2427 20.452
      vertex 4.25 64.1767 20.9407
      vertex 5.48 64.1767 20.9407
    endloop
  endfacet
  facet normal 0 0.991003 0.133837
    outer loop
      vertex 4.25 64.1767 20.9407
      vertex 5.48 64.2427 20.452
      vertex 4.25 64.2427 20.452
    endloop
  endfacet
  facet normal 0 0.882904 0.469554
    outer loop
      vertex 5.48 64.1767 20.9407
      vertex 4.25 63.9787 21.313
      vertex 5.48 63.9787 21.313
    endloop
  endfacet
  facet normal 0 0.882904 0.469554
    outer loop
      vertex 4.25 63.9787 21.313
      vertex 5.48 64.1767 20.9407
      vertex 4.25 64.1767 20.9407
    endloop
  endfacet
  facet normal -0 0.596347 0.802727
    outer loop
      vertex 4.25 63.9787 21.313
      vertex 5.48 63.6617 21.5485
      vertex 5.48 63.9787 21.313
    endloop
  endfacet
  facet normal 0 0.596347 0.802727
    outer loop
      vertex 5.48 63.6617 21.5485
      vertex 4.25 63.9787 21.313
      vertex 4.25 63.6617 21.5485
    endloop
  endfacet
  facet normal -0 0.182464 0.983213
    outer loop
      vertex 4.25 63.6617 21.5485
      vertex 5.48 63.2387 21.627
      vertex 5.48 63.6617 21.5485
    endloop
  endfacet
  facet normal 0 0.182464 0.983213
    outer loop
      vertex 5.48 63.2387 21.627
      vertex 4.25 63.6617 21.5485
      vertex 4.25 63.2387 21.627
    endloop
  endfacet
  facet normal 0 -0.1168 0.993155
    outer loop
      vertex 4.25 63.2387 21.627
      vertex 5.48 62.9564 21.5938
      vertex 5.48 63.2387 21.627
    endloop
  endfacet
  facet normal 0 -0.1168 0.993155
    outer loop
      vertex 5.48 62.9564 21.5938
      vertex 4.25 63.2387 21.627
      vertex 4.25 62.9564 21.5938
    endloop
  endfacet
  facet normal 0 -0.383007 0.923745
    outer loop
      vertex 4.25 62.9564 21.5938
      vertex 5.48 62.7157 21.494
      vertex 5.48 62.9564 21.5938
    endloop
  endfacet
  facet normal 0 -0.383007 0.923745
    outer loop
      vertex 5.48 62.7157 21.494
      vertex 4.25 62.9564 21.5938
      vertex 4.25 62.7157 21.494
    endloop
  endfacet
  facet normal 0 -0.647648 0.761939
    outer loop
      vertex 4.25 62.7157 21.494
      vertex 5.48 62.5257 21.3325
      vertex 5.48 62.7157 21.494
    endloop
  endfacet
  facet normal 0 -0.647648 0.761939
    outer loop
      vertex 5.48 62.5257 21.3325
      vertex 4.25 62.7157 21.494
      vertex 4.25 62.5257 21.3325
    endloop
  endfacet
  facet normal 0 -0.861432 0.507874
    outer loop
      vertex 4.25 62.3957 21.112
      vertex 5.48 62.5257 21.3325
      vertex 4.25 62.5257 21.3325
    endloop
  endfacet
  facet normal 0 -0.861432 0.507874
    outer loop
      vertex 5.48 62.5257 21.3325
      vertex 4.25 62.3957 21.112
      vertex 5.48 62.3957 21.112
    endloop
  endfacet
  facet normal -0 0.315452 0.948942
    outer loop
      vertex 4.25 62.3957 21.112
      vertex 5.48 62.0287 21.234
      vertex 5.48 62.3957 21.112
    endloop
  endfacet
  facet normal 0 0.315452 0.948942
    outer loop
      vertex 5.48 62.0287 21.234
      vertex 4.25 62.3957 21.112
      vertex 4.25 62.0287 21.234
    endloop
  endfacet
  facet normal 0 0.85813 -0.513432
    outer loop
      vertex 5.48 62.0287 21.234
      vertex 4.25 62.2134 21.5427
      vertex 5.48 62.2134 21.5427
    endloop
  endfacet
  facet normal 0 0.85813 -0.513432
    outer loop
      vertex 4.25 62.2134 21.5427
      vertex 5.48 62.0287 21.234
      vertex 4.25 62.0287 21.234
    endloop
  endfacet
  facet normal 0 0.640836 -0.767678
    outer loop
      vertex 4.25 62.2134 21.5427
      vertex 5.48 62.4797 21.765
      vertex 5.48 62.2134 21.5427
    endloop
  endfacet
  facet normal 0 0.640836 -0.767678
    outer loop
      vertex 5.48 62.4797 21.765
      vertex 4.25 62.2134 21.5427
      vertex 4.25 62.4797 21.765
    endloop
  endfacet
  facet normal 0 0.362981 -0.931796
    outer loop
      vertex 4.25 62.4797 21.765
      vertex 5.48 62.8242 21.8992
      vertex 5.48 62.4797 21.765
    endloop
  endfacet
  facet normal 0 0.362981 -0.931796
    outer loop
      vertex 5.48 62.8242 21.8992
      vertex 4.25 62.4797 21.765
      vertex 4.25 62.8242 21.8992
    endloop
  endfacet
  facet normal 0 0.10619 -0.994346
    outer loop
      vertex 4.25 62.8242 21.8992
      vertex 5.48 63.2437 21.944
      vertex 5.48 62.8242 21.8992
    endloop
  endfacet
  facet normal 0 0.10619 -0.994346
    outer loop
      vertex 5.48 63.2437 21.944
      vertex 4.25 62.8242 21.8992
      vertex 4.25 63.2437 21.944
    endloop
  endfacet
  facet normal 0 -0.167415 -0.985887
    outer loop
      vertex 4.25 63.2437 21.944
      vertex 5.48 63.8267 21.845
      vertex 5.48 63.2437 21.944
    endloop
  endfacet
  facet normal -0 -0.167415 -0.985887
    outer loop
      vertex 5.48 63.8267 21.845
      vertex 4.25 63.2437 21.944
      vertex 4.25 63.8267 21.845
    endloop
  endfacet
  facet normal 0 -0.5586 -0.829437
    outer loop
      vertex 4.25 63.8267 21.845
      vertex 5.48 64.2677 21.548
      vertex 5.48 63.8267 21.845
    endloop
  endfacet
  facet normal -0 -0.5586 -0.829437
    outer loop
      vertex 5.48 64.2677 21.548
      vertex 4.25 63.8267 21.845
      vertex 4.25 64.2677 21.548
    endloop
  endfacet
  facet normal 0 -0.86269 -0.505734
    outer loop
      vertex 4.25 64.5444 21.076
      vertex 5.48 64.2677 21.548
      vertex 4.25 64.2677 21.548
    endloop
  endfacet
  facet normal 0 -0.86269 -0.505734
    outer loop
      vertex 5.48 64.2677 21.548
      vertex 4.25 64.5444 21.076
      vertex 5.48 64.5444 21.076
    endloop
  endfacet
  facet normal 0 -0.989237 -0.146325
    outer loop
      vertex 4.25 64.6367 20.452
      vertex 5.48 64.5444 21.076
      vertex 4.25 64.5444 21.076
    endloop
  endfacet
  facet normal 0 -0.989237 -0.146325
    outer loop
      vertex 5.48 64.5444 21.076
      vertex 4.25 64.6367 20.452
      vertex 5.48 64.6367 20.452
    endloop
  endfacet
  facet normal 0 -0.995523 0.0945175
    outer loop
      vertex 4.25 64.5954 20.017
      vertex 5.48 64.6367 20.452
      vertex 4.25 64.6367 20.452
    endloop
  endfacet
  facet normal 0 -0.995523 0.0945175
    outer loop
      vertex 5.48 64.6367 20.452
      vertex 4.25 64.5954 20.017
      vertex 5.48 64.5954 20.017
    endloop
  endfacet
  facet normal 0 -0.949166 0.314777
    outer loop
      vertex 4.25 64.4717 19.644
      vertex 5.48 64.5954 20.017
      vertex 4.25 64.5954 20.017
    endloop
  endfacet
  facet normal 0 -0.949166 0.314777
    outer loop
      vertex 5.48 64.5954 20.017
      vertex 4.25 64.4717 19.644
      vertex 5.48 64.4717 19.644
    endloop
  endfacet
  facet normal 0 -0.829122 0.559067
    outer loop
      vertex 4.25 64.2682 19.3422
      vertex 5.48 64.4717 19.644
      vertex 4.25 64.4717 19.644
    endloop
  endfacet
  facet normal 0 -0.829122 0.559067
    outer loop
      vertex 5.48 64.4717 19.644
      vertex 4.25 64.2682 19.3422
      vertex 5.48 64.2682 19.3422
    endloop
  endfacet
  facet normal 0 -0.625378 0.780322
    outer loop
      vertex 4.25 64.2682 19.3422
      vertex 5.48 63.9897 19.119
      vertex 5.48 64.2682 19.3422
    endloop
  endfacet
  facet normal 0 -0.625378 0.780322
    outer loop
      vertex 5.48 63.9897 19.119
      vertex 4.25 64.2682 19.3422
      vertex 4.25 63.9897 19.119
    endloop
  endfacet
  facet normal 0 -0.369255 0.929328
    outer loop
      vertex 4.25 63.9897 19.119
      vertex 5.48 63.6444 18.9818
      vertex 5.48 63.9897 19.119
    endloop
  endfacet
  facet normal 0 -0.369255 0.929328
    outer loop
      vertex 5.48 63.6444 18.9818
      vertex 4.25 63.9897 19.119
      vertex 4.25 63.6444 18.9818
    endloop
  endfacet
  facet normal 0 -0.112727 0.993626
    outer loop
      vertex 4.25 63.6444 18.9818
      vertex 5.48 63.2407 18.936
      vertex 5.48 63.6444 18.9818
    endloop
  endfacet
  facet normal 0 -0.112727 0.993626
    outer loop
      vertex 5.48 63.2407 18.936
      vertex 4.25 63.6444 18.9818
      vertex 4.25 63.2407 18.936
    endloop
  endfacet
  facet normal -0 0.118454 0.99296
    outer loop
      vertex 4.25 63.2407 18.936
      vertex 5.48 62.8442 18.9833
      vertex 5.48 63.2407 18.936
    endloop
  endfacet
  facet normal 0 0.118454 0.99296
    outer loop
      vertex 5.48 62.8442 18.9833
      vertex 4.25 63.2407 18.936
      vertex 4.25 62.8442 18.9833
    endloop
  endfacet
  facet normal -0 0.364276 0.931291
    outer loop
      vertex 4.25 65.9844 19.0445
      vertex 5.48 65.6431 19.178
      vertex 5.48 65.9844 19.0445
    endloop
  endfacet
  facet normal 0 0.364276 0.931291
    outer loop
      vertex 5.48 65.6431 19.178
      vertex 4.25 65.9844 19.0445
      vertex 4.25 65.6431 19.178
    endloop
  endfacet
  facet normal -0 0.611616 0.791155
    outer loop
      vertex 4.25 65.6431 19.178
      vertex 5.48 65.3624 19.395
      vertex 5.48 65.6431 19.178
    endloop
  endfacet
  facet normal 0 0.611616 0.791155
    outer loop
      vertex 5.48 65.3624 19.395
      vertex 4.25 65.6431 19.178
      vertex 4.25 65.3624 19.395
    endloop
  endfacet
  facet normal 0 0.816883 0.576803
    outer loop
      vertex 5.48 65.3624 19.395
      vertex 4.25 65.1541 19.69
      vertex 5.48 65.1541 19.69
    endloop
  endfacet
  facet normal 0 0.816883 0.576803
    outer loop
      vertex 4.25 65.1541 19.69
      vertex 5.48 65.3624 19.395
      vertex 4.25 65.3624 19.395
    endloop
  endfacet
  facet normal 0 0.9414 0.337292
    outer loop
      vertex 5.48 65.1541 19.69
      vertex 4.25 65.0244 20.052
      vertex 5.48 65.0244 20.052
    endloop
  endfacet
  facet normal 0 0.9414 0.337292
    outer loop
      vertex 4.25 65.0244 20.052
      vertex 5.48 65.1541 19.69
      vertex 4.25 65.1541 19.69
    endloop
  endfacet
  facet normal 0 0.994678 0.103037
    outer loop
      vertex 5.48 65.0244 20.052
      vertex 4.25 64.9811 20.47
      vertex 5.48 64.9811 20.47
    endloop
  endfacet
  facet normal 0 0.994678 0.103037
    outer loop
      vertex 4.25 64.9811 20.47
      vertex 5.48 65.0244 20.052
      vertex 4.25 65.0244 20.052
    endloop
  endfacet
  facet normal 0 0.986655 -0.162822
    outer loop
      vertex 5.48 64.9811 20.47
      vertex 4.25 65.0799 21.0687
      vertex 5.48 65.0799 21.0687
    endloop
  endfacet
  facet normal 0 0.986655 -0.162822
    outer loop
      vertex 4.25 65.0799 21.0687
      vertex 5.48 64.9811 20.47
      vertex 4.25 64.9811 20.47
    endloop
  endfacet
  facet normal 0 0.83205 -0.5547
    outer loop
      vertex 5.48 65.0799 21.0687
      vertex 4.25 65.3761 21.513
      vertex 5.48 65.3761 21.513
    endloop
  endfacet
  facet normal 0 0.83205 -0.5547
    outer loop
      vertex 4.25 65.3761 21.513
      vertex 5.48 65.0799 21.0687
      vertex 4.25 65.0799 21.0687
    endloop
  endfacet
  facet normal 0 0.498948 -0.866632
    outer loop
      vertex 4.25 65.3761 21.513
      vertex 5.48 65.8541 21.7882
      vertex 5.48 65.3761 21.513
    endloop
  endfacet
  facet normal 0 0.498948 -0.866632
    outer loop
      vertex 5.48 65.8541 21.7882
      vertex 4.25 65.3761 21.513
      vertex 4.25 65.8541 21.7882
    endloop
  endfacet
  facet normal 0 0.14112 -0.989992
    outer loop
      vertex 4.25 65.8541 21.7882
      vertex 5.48 66.4981 21.88
      vertex 5.48 65.8541 21.7882
    endloop
  endfacet
  facet normal 0 0.14112 -0.989992
    outer loop
      vertex 5.48 66.4981 21.88
      vertex 4.25 65.8541 21.7882
      vertex 4.25 66.4981 21.88
    endloop
  endfacet
  facet normal 0 0 -1
    outer loop
      vertex 4.25 66.4981 21.88
      vertex 5.48 67.4451 21.88
      vertex 5.48 66.4981 21.88
    endloop
  endfacet
  facet normal -0 0 -1
    outer loop
      vertex 5.48 67.4451 21.88
      vertex 4.25 66.4981 21.88
      vertex 4.25 67.4451 21.88
    endloop
  endfacet
  facet normal 0 -1 0
    outer loop
      vertex 4.25 67.4451 19
      vertex 5.48 67.4451 21.88
      vertex 4.25 67.4451 21.88
    endloop
  endfacet
  facet normal 0 -1 -0
    outer loop
      vertex 5.48 67.4451 21.88
      vertex 4.25 67.4451 19
      vertex 5.48 67.4451 19
    endloop
  endfacet
  facet normal -0 0 1
    outer loop
      vertex 4.25 67.4451 19
      vertex 5.48 66.3741 19
      vertex 5.48 67.4451 19
    endloop
  endfacet
  facet normal 0 0 1
    outer loop
      vertex 5.48 66.3741 19
      vertex 4.25 67.4451 19
      vertex 4.25 66.3741 19
    endloop
  endfacet
  facet normal -0 0.113453 0.993543
    outer loop
      vertex 4.25 66.3741 19
      vertex 5.48 65.9844 19.0445
      vertex 5.48 66.3741 19
    endloop
  endfacet
  facet normal 0 0.113453 0.993543
    outer loop
      vertex 5.48 65.9844 19.0445
      vertex 4.25 66.3741 19
      vertex 4.25 65.9844 19.0445
    endloop
  endfacet
  facet normal 0 1 -0
    outer loop
      vertex 5.48 67.0571 19.311
      vertex 4.25 67.0571 21.569
      vertex 5.48 67.0571 21.569
    endloop
  endfacet
  facet normal 0 1 0
    outer loop
      vertex 4.25 67.0571 21.569
      vertex 5.48 67.0571 19.311
      vertex 4.25 67.0571 19.311
    endloop
  endfacet
  facet normal -0 0 1
    outer loop
      vertex 4.25 67.0571 21.569
      vertex 5.48 66.5071 21.569
      vertex 5.48 67.0571 21.569
    endloop
  endfacet
  facet normal 0 0 1
    outer loop
      vertex 5.48 66.5071 21.569
      vertex 4.25 67.0571 21.569
      vertex 4.25 66.5071 21.569
    endloop
  endfacet
  facet normal 0 -0.143126 0.989704
    outer loop
      vertex 4.25 66.5071 21.569
      vertex 5.48 66.0196 21.4985
      vertex 5.48 66.5071 21.569
    endloop
  endfacet
  facet normal 0 -0.143126 0.989704
    outer loop
      vertex 5.48 66.0196 21.4985
      vertex 4.25 66.5071 21.569
      vertex 4.25 66.0196 21.4985
    endloop
  endfacet
  facet normal 0 -0.510232 0.860037
    outer loop
      vertex 4.25 66.0196 21.4985
      vertex 5.48 65.6631 21.287
      vertex 5.48 66.0196 21.4985
    endloop
  endfacet
  facet normal 0 -0.510232 0.860037
    outer loop
      vertex 5.48 65.6631 21.287
      vertex 4.25 66.0196 21.4985
      vertex 4.25 65.6631 21.287
    endloop
  endfacet
  facet normal 0 -0.844125 0.536147
    outer loop
      vertex 4.25 65.4441 20.9422
      vertex 5.48 65.6631 21.287
      vertex 4.25 65.6631 21.287
    endloop
  endfacet
  facet normal 0 -0.844125 0.536147
    outer loop
      vertex 5.48 65.6631 21.287
      vertex 4.25 65.4441 20.9422
      vertex 5.48 65.4441 20.9422
    endloop
  endfacet
  facet normal 0 -0.98826 0.152781
    outer loop
      vertex 4.25 65.3711 20.47
      vertex 5.48 65.4441 20.9422
      vertex 4.25 65.4441 20.9422
    endloop
  endfacet
  facet normal 0 -0.98826 0.152781
    outer loop
      vertex 5.48 65.4441 20.9422
      vertex 4.25 65.3711 20.47
      vertex 5.48 65.3711 20.47
    endloop
  endfacet
  facet normal 0 -0.995423 -0.0955701
    outer loop
      vertex 4.25 65.4031 20.1367
      vertex 5.48 65.3711 20.47
      vertex 4.25 65.3711 20.47
    endloop
  endfacet
  facet normal 0 -0.995423 -0.0955701
    outer loop
      vertex 5.48 65.3711 20.47
      vertex 4.25 65.4031 20.1367
      vertex 5.48 65.4031 20.1367
    endloop
  endfacet
  facet normal 0 -0.947917 -0.318516
    outer loop
      vertex 4.25 65.4991 19.851
      vertex 5.48 65.4031 20.1367
      vertex 4.25 65.4031 20.1367
    endloop
  endfacet
  facet normal 0 -0.947917 -0.318516
    outer loop
      vertex 5.48 65.4031 20.1367
      vertex 4.25 65.4991 19.851
      vertex 5.48 65.4991 19.851
    endloop
  endfacet
  facet normal 0 -0.829393 -0.558666
    outer loop
      vertex 4.25 65.6549 19.6197
      vertex 5.48 65.4991 19.851
      vertex 4.25 65.4991 19.851
    endloop
  endfacet
  facet normal 0 -0.829393 -0.558666
    outer loop
      vertex 5.48 65.4991 19.851
      vertex 4.25 65.6549 19.6197
      vertex 5.48 65.6549 19.6197
    endloop
  endfacet
  facet normal 0 -0.626359 -0.779535
    outer loop
      vertex 4.25 65.6549 19.6197
      vertex 5.48 65.8661 19.45
      vertex 5.48 65.6549 19.6197
    endloop
  endfacet
  facet normal -0 -0.626359 -0.779535
    outer loop
      vertex 5.48 65.8661 19.45
      vertex 4.25 65.6549 19.6197
      vertex 4.25 65.8661 19.45
    endloop
  endfacet
  facet normal 0 -0.375672 -0.926753
    outer loop
      vertex 4.25 65.8661 19.45
      vertex 5.48 66.1234 19.3457
      vertex 5.48 65.8661 19.45
    endloop
  endfacet
  facet normal -0 -0.375672 -0.926753
    outer loop
      vertex 5.48 66.1234 19.3457
      vertex 4.25 65.8661 19.45
      vertex 4.25 66.1234 19.3457
    endloop
  endfacet
  facet normal 0 -0.116549 -0.993185
    outer loop
      vertex 4.25 66.1234 19.3457
      vertex 5.48 66.4191 19.311
      vertex 5.48 66.1234 19.3457
    endloop
  endfacet
  facet normal -0 -0.116549 -0.993185
    outer loop
      vertex 5.48 66.4191 19.311
      vertex 4.25 66.1234 19.3457
      vertex 4.25 66.4191 19.311
    endloop
  endfacet
  facet normal 0 0 -1
    outer loop
      vertex 4.25 66.4191 19.311
      vertex 5.48 67.0571 19.311
      vertex 5.48 66.4191 19.311
    endloop
  endfacet
  facet normal -0 0 -1
    outer loop
      vertex 5.48 67.0571 19.311
      vertex 4.25 66.4191 19.311
      vertex 4.25 67.0571 19.311
    endloop
  endfacet
  facet normal -0 0 1
    outer loop
      vertex 4.25 61.1702 19.849
      vertex 5.48 59.8662 19.849
      vertex 5.48 61.1702 19.849
    endloop
  endfacet
  facet normal 0 0 1
    outer loop
      vertex 5.48 59.8662 19.849
      vertex 4.25 61.1702 19.849
      vertex 4.25 59.8662 19.849
    endloop
  endfacet
  facet normal 0 -0.933176 0.359421
    outer loop
      vertex 4.25 59.5392 19
      vertex 5.48 59.8662 19.849
      vertex 4.25 59.8662 19.849
    endloop
  endfacet
  facet normal 0 -0.933176 0.359421
    outer loop
      vertex 5.48 59.8662 19.849
      vertex 4.25 59.5392 19
      vertex 5.48 59.5392 19
    endloop
  endfacet
  facet normal -0 0 1
    outer loop
      vertex 4.25 59.5392 19
      vertex 5.48 59.1422 19
      vertex 5.48 59.5392 19
    endloop
  endfacet
  facet normal 0 0 1
    outer loop
      vertex 5.48 59.1422 19
      vertex 4.25 59.5392 19
      vertex 4.25 59.1422 19
    endloop
  endfacet
  facet normal 0 0.928699 -0.370835
    outer loop
      vertex 5.48 59.1422 19
      vertex 4.25 60.2922 21.88
      vertex 5.48 60.2922 21.88
    endloop
  endfacet
  facet normal 0 0.928699 -0.370835
    outer loop
      vertex 4.25 60.2922 21.88
      vertex 5.48 59.1422 19
      vertex 4.25 59.1422 19
    endloop
  endfacet
  facet normal 0 0 -1
    outer loop
      vertex 4.25 60.2922 21.88
      vertex 5.48 60.7332 21.88
      vertex 5.48 60.2922 21.88
    endloop
  endfacet
  facet normal -0 0 -1
    outer loop
      vertex 5.48 60.7332 21.88
      vertex 4.25 60.2922 21.88
      vertex 4.25 60.7332 21.88
    endloop
  endfacet
  facet normal 0 -0.926691 -0.375825
    outer loop
      vertex 4.25 61.9012 19
      vertex 5.48 60.7332 21.88
      vertex 4.25 60.7332 21.88
    endloop
  endfacet
  facet normal 0 -0.926691 -0.375825
    outer loop
      vertex 5.48 60.7332 21.88
      vertex 4.25 61.9012 19
      vertex 5.48 61.9012 19
    endloop
  endfacet
  facet normal -0 0 1
    outer loop
      vertex 4.25 61.9012 19
      vertex 5.48 61.4992 19
      vertex 5.48 61.9012 19
    endloop
  endfacet
  facet normal 0 0 1
    outer loop
      vertex 5.48 61.4992 19
      vertex 4.25 61.9012 19
      vertex 4.25 61.4992 19
    endloop
  endfacet
  facet normal 0 0.932437 0.361333
    outer loop
      vertex 5.48 61.4992 19
      vertex 4.25 61.1702 19.849
      vertex 5.48 61.1702 19.849
    endloop
  endfacet
  facet normal 0 0.932437 0.361333
    outer loop
      vertex 4.25 61.1702 19.849
      vertex 5.48 61.4992 19
      vertex 4.25 61.4992 19
    endloop
  endfacet
  facet normal 0 0.932708 0.360634
    outer loop
      vertex 5.48 61.0522 20.152
      vertex 4.25 60.6872 21.096
      vertex 5.48 60.6872 21.096
    endloop
  endfacet
  facet normal 0 0.932708 0.360634
    outer loop
      vertex 4.25 60.6872 21.096
      vertex 5.48 61.0522 20.152
      vertex 4.25 61.0522 20.152
    endloop
  endfacet
  facet normal 0 0.939907 0.341431
    outer loop
      vertex 5.48 60.6872 21.096
      vertex 4.25 60.5994 21.3377
      vertex 5.48 60.5994 21.3377
    endloop
  endfacet
  facet normal 0 0.939907 0.341431
    outer loop
      vertex 4.25 60.5994 21.3377
      vertex 5.48 60.6872 21.096
      vertex 4.25 60.6872 21.096
    endloop
  endfacet
  facet normal 0 0.950487 0.310764
    outer loop
      vertex 5.48 60.5994 21.3377
      vertex 4.25 60.5362 21.531
      vertex 5.48 60.5362 21.531
    endloop
  endfacet
  facet normal 0 0.950487 0.310764
    outer loop
      vertex 4.25 60.5362 21.531
      vertex 5.48 60.5994 21.3377
      vertex 4.25 60.5994 21.3377
    endloop
  endfacet
  facet normal 0 0.953583 0.301131
    outer loop
      vertex 5.48 60.5362 21.531
      vertex 4.25 60.5182 21.588
      vertex 5.48 60.5182 21.588
    endloop
  endfacet
  facet normal 0 0.953583 0.301131
    outer loop
      vertex 4.25 60.5182 21.588
      vertex 5.48 60.5362 21.531
      vertex 4.25 60.5362 21.531
    endloop
  endfacet
  facet normal 0 -0.95091 0.309468
    outer loop
      vertex 4.25 60.4632 21.419
      vertex 5.48 60.5182 21.588
      vertex 4.25 60.5182 21.588
    endloop
  endfacet
  facet normal 0 -0.95091 0.309468
    outer loop
      vertex 5.48 60.5182 21.588
      vertex 4.25 60.4632 21.419
      vertex 5.48 60.4632 21.419
    endloop
  endfacet
  facet normal 0 -0.947441 0.31993
    outer loop
      vertex 4.25 60.4062 21.2502
      vertex 5.48 60.4632 21.419
      vertex 4.25 60.4632 21.419
    endloop
  endfacet
  facet normal 0 -0.947441 0.31993
    outer loop
      vertex 5.48 60.4632 21.419
      vertex 4.25 60.4062 21.2502
      vertex 5.48 60.4062 21.2502
    endloop
  endfacet
  facet normal 0 -0.934941 0.354804
    outer loop
      vertex 4.25 60.3492 21.1
      vertex 5.48 60.4062 21.2502
      vertex 4.25 60.4062 21.2502
    endloop
  endfacet
  facet normal 0 -0.934941 0.354804
    outer loop
      vertex 5.48 60.4062 21.2502
      vertex 4.25 60.3492 21.1
      vertex 5.48 60.3492 21.1
    endloop
  endfacet
  facet normal 0 -0.932226 0.361877
    outer loop
      vertex 4.25 59.9812 20.152
      vertex 5.48 60.3492 21.1
      vertex 4.25 60.3492 21.1
    endloop
  endfacet
  facet normal 0 -0.932226 0.361877
    outer loop
      vertex 5.48 60.3492 21.1
      vertex 4.25 59.9812 20.152
      vertex 5.48 59.9812 20.152
    endloop
  endfacet
  facet normal 0 0 -1
    outer loop
      vertex 4.25 59.9812 20.152
      vertex 5.48 61.0522 20.152
      vertex 5.48 59.9812 20.152
    endloop
  endfacet
  facet normal -0 0 -1
    outer loop
      vertex 5.48 61.0522 20.152
      vertex 4.25 59.9812 20.152
      vertex 4.25 61.0522 20.152
    endloop
  endfacet
  facet normal -0 0 1
    outer loop
      vertex 4.25 58.4663 20.229
      vertex 5.48 57.5743 20.229
      vertex 5.48 58.4663 20.229
    endloop
  endfacet
  facet normal 0 0 1
    outer loop
      vertex 5.48 57.5743 20.229
      vertex 4.25 58.4663 20.229
      vertex 4.25 57.5743 20.229
    endloop
  endfacet
  facet normal 0 -0.855768 0.51736
    outer loop
      vertex 4.25 56.8313 19
      vertex 5.48 57.5743 20.229
      vertex 4.25 57.5743 20.229
    endloop
  endfacet
  facet normal 0 -0.855768 0.51736
    outer loop
      vertex 5.48 57.5743 20.229
      vertex 4.25 56.8313 19
      vertex 5.48 56.8313 19
    endloop
  endfacet
  facet normal -0 0 1
    outer loop
      vertex 4.25 56.8313 19
      vertex 5.48 56.3843 19
      vertex 5.48 56.8313 19
    endloop
  endfacet
  facet normal 0 0 1
    outer loop
      vertex 5.48 56.3843 19
      vertex 4.25 56.8313 19
      vertex 4.25 56.3843 19
    endloop
  endfacet
  facet normal 0 0.84328 -0.537475
    outer loop
      vertex 5.48 56.3843 19
      vertex 4.25 57.1963 20.274
      vertex 5.48 57.1963 20.274
    endloop
  endfacet
  facet normal 0 0.84328 -0.537475
    outer loop
      vertex 4.25 57.1963 20.274
      vertex 5.48 56.3843 19
      vertex 4.25 56.3843 19
    endloop
  endfacet
  facet normal -0 0.311141 0.950364
    outer loop
      vertex 4.25 57.1963 20.274
      vertex 5.48 56.9046 20.3695
      vertex 5.48 57.1963 20.274
    endloop
  endfacet
  facet normal 0 0.311141 0.950364
    outer loop
      vertex 5.48 56.9046 20.3695
      vertex 4.25 57.1963 20.274
      vertex 4.25 56.9046 20.3695
    endloop
  endfacet
  facet normal -0 0.619184 0.785246
    outer loop
      vertex 4.25 56.9046 20.3695
      vertex 5.48 56.6833 20.544
      vertex 5.48 56.9046 20.3695
    endloop
  endfacet
  facet normal 0 0.619184 0.785246
    outer loop
      vertex 5.48 56.6833 20.544
      vertex 4.25 56.9046 20.3695
      vertex 4.25 56.6833 20.544
    endloop
  endfacet
  facet normal 0 0.864288 0.502996
    outer loop
      vertex 5.48 56.6833 20.544
      vertex 4.25 56.5438 20.7837
      vertex 5.48 56.5438 20.7837
    endloop
  endfacet
  facet normal 0 0.864288 0.502996
    outer loop
      vertex 4.25 56.5438 20.7837
      vertex 5.48 56.6833 20.544
      vertex 4.25 56.6833 20.544
    endloop
  endfacet
  facet normal 0 0.987328 0.158696
    outer loop
      vertex 5.48 56.5438 20.7837
      vertex 4.25 56.4973 21.073
      vertex 5.48 56.4973 21.073
    endloop
  endfacet
  facet normal 0 0.987328 0.158696
    outer loop
      vertex 4.25 56.4973 21.073
      vertex 5.48 56.5438 20.7837
      vertex 4.25 56.5438 20.7837
    endloop
  endfacet
  facet normal 0 0.981594 -0.190978
    outer loop
      vertex 5.48 56.4973 21.073
      vertex 4.25 56.5631 21.4112
      vertex 5.48 56.5631 21.4112
    endloop
  endfacet
  facet normal 0 0.981594 -0.190978
    outer loop
      vertex 4.25 56.5631 21.4112
      vertex 5.48 56.4973 21.073
      vertex 4.25 56.4973 21.073
    endloop
  endfacet
  facet normal 0 0.790821 -0.612048
    outer loop
      vertex 5.48 56.5631 21.4112
      vertex 4.25 56.7603 21.666
      vertex 5.48 56.7603 21.666
    endloop
  endfacet
  facet normal 0 0.790821 -0.612048
    outer loop
      vertex 4.25 56.7603 21.666
      vertex 5.48 56.5631 21.4112
      vertex 4.25 56.5631 21.4112
    endloop
  endfacet
  facet normal 0 0.450241 -0.892907
    outer loop
      vertex 4.25 56.7603 21.666
      vertex 5.48 57.0786 21.8265
      vertex 5.48 56.7603 21.666
    endloop
  endfacet
  facet normal 0 0.450241 -0.892907
    outer loop
      vertex 5.48 57.0786 21.8265
      vertex 4.25 56.7603 21.666
      vertex 4.25 57.0786 21.8265
    endloop
  endfacet
  facet normal 0 0.123835 -0.992303
    outer loop
      vertex 4.25 57.0786 21.8265
      vertex 5.48 57.5073 21.88
      vertex 5.48 57.0786 21.8265
    endloop
  endfacet
  facet normal 0 0.123835 -0.992303
    outer loop
      vertex 5.48 57.5073 21.88
      vertex 4.25 57.0786 21.8265
      vertex 4.25 57.5073 21.88
    endloop
  endfacet
  facet normal 0 0 -1
    outer loop
      vertex 4.25 57.5073 21.88
      vertex 5.48 58.8543 21.88
      vertex 5.48 57.5073 21.88
    endloop
  endfacet
  facet normal -0 0 -1
    outer loop
      vertex 5.48 58.8543 21.88
      vertex 4.25 57.5073 21.88
      vertex 4.25 58.8543 21.88
    endloop
  endfacet
  facet normal 0 -1 0
    outer loop
      vertex 4.25 58.8543 19
      vertex 5.48 58.8543 21.88
      vertex 4.25 58.8543 21.88
    endloop
  endfacet
  facet normal 0 -1 -0
    outer loop
      vertex 5.48 58.8543 21.88
      vertex 4.25 58.8543 19
      vertex 5.48 58.8543 19
    endloop
  endfacet
  facet normal -0 0 1
    outer loop
      vertex 4.25 58.8543 19
      vertex 5.48 58.4663 19
      vertex 5.48 58.8543 19
    endloop
  endfacet
  facet normal 0 0 1
    outer loop
      vertex 5.48 58.4663 19
      vertex 4.25 58.8543 19
      vertex 4.25 58.4663 19
    endloop
  endfacet
  facet normal 0 1 -0
    outer loop
      vertex 5.48 58.4663 19
      vertex 4.25 58.4663 20.229
      vertex 5.48 58.4663 20.229
    endloop
  endfacet
  facet normal 0 1 0
    outer loop
      vertex 4.25 58.4663 20.229
      vertex 5.48 58.4663 19
      vertex 4.25 58.4663 19
    endloop
  endfacet
  facet normal 0 1 -0
    outer loop
      vertex 5.48 58.4663 20.536
      vertex 4.25 58.4663 21.569
      vertex 5.48 58.4663 21.569
    endloop
  endfacet
  facet normal 0 1 0
    outer loop
      vertex 4.25 58.4663 21.569
      vertex 5.48 58.4663 20.536
      vertex 4.25 58.4663 20.536
    endloop
  endfacet
  facet normal -0 0 1
    outer loop
      vertex 4.25 58.4663 21.569
      vertex 5.48 57.5453 21.569
      vertex 5.48 58.4663 21.569
    endloop
  endfacet
  facet normal 0 0 1
    outer loop
      vertex 5.48 57.5453 21.569
      vertex 4.25 58.4663 21.569
      vertex 4.25 57.5453 21.569
    endloop
  endfacet
  facet normal 0 -0.112949 0.993601
    outer loop
      vertex 4.25 57.5453 21.569
      vertex 5.48 57.2638 21.537
      vertex 5.48 57.5453 21.569
    endloop
  endfacet
  facet normal 0 -0.112949 0.993601
    outer loop
      vertex 5.48 57.2638 21.537
      vertex 4.25 57.5453 21.569
      vertex 4.25 57.2638 21.537
    endloop
  endfacet
  facet normal 0 -0.421563 0.906799
    outer loop
      vertex 4.25 57.2638 21.537
      vertex 5.48 57.0573 21.441
      vertex 5.48 57.2638 21.537
    endloop
  endfacet
  facet normal 0 -0.421563 0.906799
    outer loop
      vertex 5.48 57.0573 21.441
      vertex 4.25 57.2638 21.537
      vertex 4.25 57.0573 21.441
    endloop
  endfacet
  facet normal 0 -0.776854 0.629681
    outer loop
      vertex 4.25 56.9298 21.2837
      vertex 5.48 57.0573 21.441
      vertex 4.25 57.0573 21.441
    endloop
  endfacet
  facet normal 0 -0.776854 0.629681
    outer loop
      vertex 5.48 57.0573 21.441
      vertex 4.25 56.9298 21.2837
      vertex 5.48 56.9298 21.2837
    endloop
  endfacet
  facet normal 0 -0.981137 0.193316
    outer loop
      vertex 4.25 56.8873 21.068
      vertex 5.48 56.9298 21.2837
      vertex 4.25 56.9298 21.2837
    endloop
  endfacet
  facet normal 0 -0.981137 0.193316
    outer loop
      vertex 5.48 56.9298 21.2837
      vertex 4.25 56.8873 21.068
      vertex 5.48 56.8873 21.068
    endloop
  endfacet
  facet normal 0 -0.982872 -0.184289
    outer loop
      vertex 4.25 56.9293 20.844
      vertex 5.48 56.8873 21.068
      vertex 4.25 56.8873 21.068
    endloop
  endfacet
  facet normal 0 -0.982872 -0.184289
    outer loop
      vertex 5.48 56.8873 21.068
      vertex 4.25 56.9293 20.844
      vertex 5.48 56.9293 20.844
    endloop
  endfacet
  facet normal 0 -0.8 -0.6
    outer loop
      vertex 4.25 57.0553 20.676
      vertex 5.48 56.9293 20.844
      vertex 4.25 56.9293 20.844
    endloop
  endfacet
  facet normal 0 -0.8 -0.6
    outer loop
      vertex 5.48 56.9293 20.844
      vertex 4.25 57.0553 20.676
      vertex 5.48 57.0553 20.676
    endloop
  endfacet
  facet normal 0 -0.461214 -0.887289
    outer loop
      vertex 4.25 57.0553 20.676
      vertex 5.48 57.2573 20.571
      vertex 5.48 57.0553 20.676
    endloop
  endfacet
  facet normal -0 -0.461214 -0.887289
    outer loop
      vertex 5.48 57.2573 20.571
      vertex 4.25 57.0553 20.676
      vertex 4.25 57.2573 20.571
    endloop
  endfacet
  facet normal 0 -0.127624 -0.991823
    outer loop
      vertex 4.25 57.2573 20.571
      vertex 5.48 57.5293 20.536
      vertex 5.48 57.2573 20.571
    endloop
  endfacet
  facet normal -0 -0.127624 -0.991823
    outer loop
      vertex 5.48 57.5293 20.536
      vertex 4.25 57.2573 20.571
      vertex 4.25 57.5293 20.536
    endloop
  endfacet
  facet normal 0 0 -1
    outer loop
      vertex 4.25 57.5293 20.536
      vertex 5.48 58.4663 20.536
      vertex 5.48 57.5293 20.536
    endloop
  endfacet
  facet normal -0 0 -1
    outer loop
      vertex 5.48 58.4663 20.536
      vertex 4.25 57.5293 20.536
      vertex 4.25 58.4663 20.536
    endloop
  endfacet
  facet normal -0 0.364276 0.931291
    outer loop
      vertex 4.25 54.4551 19.0445
      vertex 5.48 54.1138 19.178
      vertex 5.48 54.4551 19.0445
    endloop
  endfacet
  facet normal 0 0.364276 0.931291
    outer loop
      vertex 5.48 54.1138 19.178
      vertex 4.25 54.4551 19.0445
      vertex 4.25 54.1138 19.178
    endloop
  endfacet
  facet normal -0 0.611616 0.791155
    outer loop
      vertex 4.25 54.1138 19.178
      vertex 5.48 53.8331 19.395
      vertex 5.48 54.1138 19.178
    endloop
  endfacet
  facet normal 0 0.611616 0.791155
    outer loop
      vertex 5.48 53.8331 19.395
      vertex 4.25 54.1138 19.178
      vertex 4.25 53.8331 19.395
    endloop
  endfacet
  facet normal 0 0.816883 0.576803
    outer loop
      vertex 5.48 53.8331 19.395
      vertex 4.25 53.6248 19.69
      vertex 5.48 53.6248 19.69
    endloop
  endfacet
  facet normal 0 0.816883 0.576803
    outer loop
      vertex 4.25 53.6248 19.69
      vertex 5.48 53.8331 19.395
      vertex 4.25 53.8331 19.395
    endloop
  endfacet
  facet normal 0 0.9414 0.337292
    outer loop
      vertex 5.48 53.6248 19.69
      vertex 4.25 53.4951 20.052
      vertex 5.48 53.4951 20.052
    endloop
  endfacet
  facet normal 0 0.9414 0.337292
    outer loop
      vertex 4.25 53.4951 20.052
      vertex 5.48 53.6248 19.69
      vertex 4.25 53.6248 19.69
    endloop
  endfacet
  facet normal 0 0.994678 0.103037
    outer loop
      vertex 5.48 53.4951 20.052
      vertex 4.25 53.4518 20.47
      vertex 5.48 53.4518 20.47
    endloop
  endfacet
  facet normal 0 0.994678 0.103037
    outer loop
      vertex 4.25 53.4518 20.47
      vertex 5.48 53.4951 20.052
      vertex 4.25 53.4951 20.052
    endloop
  endfacet
  facet normal 0 0.986655 -0.162822
    outer loop
      vertex 5.48 53.4518 20.47
      vertex 4.25 53.5506 21.0687
      vertex 5.48 53.5506 21.0687
    endloop
  endfacet
  facet normal 0 0.986655 -0.162822
    outer loop
      vertex 4.25 53.5506 21.0687
      vertex 5.48 53.4518 20.47
      vertex 4.25 53.4518 20.47
    endloop
  endfacet
  facet normal 0 0.83205 -0.5547
    outer loop
      vertex 5.48 53.5506 21.0687
      vertex 4.25 53.8468 21.513
      vertex 5.48 53.8468 21.513
    endloop
  endfacet
  facet normal 0 0.83205 -0.5547
    outer loop
      vertex 4.25 53.8468 21.513
      vertex 5.48 53.5506 21.0687
      vertex 4.25 53.5506 21.0687
    endloop
  endfacet
  facet normal 0 0.498948 -0.866632
    outer loop
      vertex 4.25 53.8468 21.513
      vertex 5.48 54.3248 21.7882
      vertex 5.48 53.8468 21.513
    endloop
  endfacet
  facet normal 0 0.498948 -0.866632
    outer loop
      vertex 5.48 54.3248 21.7882
      vertex 4.25 53.8468 21.513
      vertex 4.25 54.3248 21.7882
    endloop
  endfacet
  facet normal 0 0.14112 -0.989992
    outer loop
      vertex 4.25 54.3248 21.7882
      vertex 5.48 54.9688 21.88
      vertex 5.48 54.3248 21.7882
    endloop
  endfacet
  facet normal 0 0.14112 -0.989992
    outer loop
      vertex 5.48 54.9688 21.88
      vertex 4.25 54.3248 21.7882
      vertex 4.25 54.9688 21.88
    endloop
  endfacet
  facet normal 0 0 -1
    outer loop
      vertex 4.25 54.9688 21.88
      vertex 5.48 55.9158 21.88
      vertex 5.48 54.9688 21.88
    endloop
  endfacet
  facet normal -0 0 -1
    outer loop
      vertex 5.48 55.9158 21.88
      vertex 4.25 54.9688 21.88
      vertex 4.25 55.9158 21.88
    endloop
  endfacet
  facet normal 0 -1 0
    outer loop
      vertex 4.25 55.9158 19
      vertex 5.48 55.9158 21.88
      vertex 4.25 55.9158 21.88
    endloop
  endfacet
  facet normal 0 -1 -0
    outer loop
      vertex 5.48 55.9158 21.88
      vertex 4.25 55.9158 19
      vertex 5.48 55.9158 19
    endloop
  endfacet
  facet normal -0 0 1
    outer loop
      vertex 4.25 55.9158 19
      vertex 5.48 54.8448 19
      vertex 5.48 55.9158 19
    endloop
  endfacet
  facet normal 0 0 1
    outer loop
      vertex 5.48 54.8448 19
      vertex 4.25 55.9158 19
      vertex 4.25 54.8448 19
    endloop
  endfacet
  facet normal -0 0.113453 0.993543
    outer loop
      vertex 4.25 54.8448 19
      vertex 5.48 54.4551 19.0445
      vertex 5.48 54.8448 19
    endloop
  endfacet
  facet normal 0 0.113453 0.993543
    outer loop
      vertex 5.48 54.4551 19.0445
      vertex 4.25 54.8448 19
      vertex 4.25 54.4551 19.0445
    endloop
  endfacet
  facet normal 0 1 -0
    outer loop
      vertex 5.48 55.5278 19.311
      vertex 4.25 55.5278 21.569
      vertex 5.48 55.5278 21.569
    endloop
  endfacet
  facet normal 0 1 0
    outer loop
      vertex 4.25 55.5278 21.569
      vertex 5.48 55.5278 19.311
      vertex 4.25 55.5278 19.311
    endloop
  endfacet
  facet normal -0 0 1
    outer loop
      vertex 4.25 55.5278 21.569
      vertex 5.48 54.9778 21.569
      vertex 5.48 55.5278 21.569
    endloop
  endfacet
  facet normal 0 0 1
    outer loop
      vertex 5.48 54.9778 21.569
      vertex 4.25 55.5278 21.569
      vertex 4.25 54.9778 21.569
    endloop
  endfacet
  facet normal 0 -0.143126 0.989704
    outer loop
      vertex 4.25 54.9778 21.569
      vertex 5.48 54.4903 21.4985
      vertex 5.48 54.9778 21.569
    endloop
  endfacet
  facet normal 0 -0.143126 0.989704
    outer loop
      vertex 5.48 54.4903 21.4985
      vertex 4.25 54.9778 21.569
      vertex 4.25 54.4903 21.4985
    endloop
  endfacet
  facet normal 0 -0.510338 0.859974
    outer loop
      vertex 4.25 54.4903 21.4985
      vertex 5.48 54.1339 21.287
      vertex 5.48 54.4903 21.4985
    endloop
  endfacet
  facet normal 0 -0.510338 0.859974
    outer loop
      vertex 5.48 54.1339 21.287
      vertex 4.25 54.4903 21.4985
      vertex 4.25 54.1339 21.287
    endloop
  endfacet
  facet normal 0 -0.844014 0.536321
    outer loop
      vertex 4.25 53.9148 20.9422
      vertex 5.48 54.1339 21.287
      vertex 4.25 54.1339 21.287
    endloop
  endfacet
  facet normal 0 -0.844014 0.536321
    outer loop
      vertex 5.48 54.1339 21.287
      vertex 4.25 53.9148 20.9422
      vertex 5.48 53.9148 20.9422
    endloop
  endfacet
  facet normal 0 -0.98826 0.152781
    outer loop
      vertex 4.25 53.8418 20.47
      vertex 5.48 53.9148 20.9422
      vertex 4.25 53.9148 20.9422
    endloop
  endfacet
  facet normal 0 -0.98826 0.152781
    outer loop
      vertex 5.48 53.9148 20.9422
      vertex 4.25 53.8418 20.47
      vertex 5.48 53.8418 20.47
    endloop
  endfacet
  facet normal 0 -0.995423 -0.0955701
    outer loop
      vertex 4.25 53.8738 20.1367
      vertex 5.48 53.8418 20.47
      vertex 4.25 53.8418 20.47
    endloop
  endfacet
  facet normal 0 -0.995423 -0.0955701
    outer loop
      vertex 5.48 53.8418 20.47
      vertex 4.25 53.8738 20.1367
      vertex 5.48 53.8738 20.1367
    endloop
  endfacet
  facet normal 0 -0.947917 -0.318516
    outer loop
      vertex 4.25 53.9698 19.851
      vertex 5.48 53.8738 20.1367
      vertex 4.25 53.8738 20.1367
    endloop
  endfacet
  facet normal 0 -0.947917 -0.318516
    outer loop
      vertex 5.48 53.8738 20.1367
      vertex 4.25 53.9698 19.851
      vertex 5.48 53.9698 19.851
    endloop
  endfacet
  facet normal 0 -0.829393 -0.558666
    outer loop
      vertex 4.25 54.1256 19.6197
      vertex 5.48 53.9698 19.851
      vertex 4.25 53.9698 19.851
    endloop
  endfacet
  facet normal 0 -0.829393 -0.558666
    outer loop
      vertex 5.48 53.9698 19.851
      vertex 4.25 54.1256 19.6197
      vertex 5.48 54.1256 19.6197
    endloop
  endfacet
  facet normal 0 -0.626359 -0.779535
    outer loop
      vertex 4.25 54.1256 19.6197
      vertex 5.48 54.3368 19.45
      vertex 5.48 54.1256 19.6197
    endloop
  endfacet
  facet normal -0 -0.626359 -0.779535
    outer loop
      vertex 5.48 54.3368 19.45
      vertex 4.25 54.1256 19.6197
      vertex 4.25 54.3368 19.45
    endloop
  endfacet
  facet normal 0 -0.375672 -0.926753
    outer loop
      vertex 4.25 54.3368 19.45
      vertex 5.48 54.5941 19.3457
      vertex 5.48 54.3368 19.45
    endloop
  endfacet
  facet normal -0 -0.375672 -0.926753
    outer loop
      vertex 5.48 54.5941 19.3457
      vertex 4.25 54.3368 19.45
      vertex 4.25 54.5941 19.3457
    endloop
  endfacet
  facet normal 0 -0.116549 -0.993185
    outer loop
      vertex 4.25 54.5941 19.3457
      vertex 5.48 54.8898 19.311
      vertex 5.48 54.5941 19.3457
    endloop
  endfacet
  facet normal -0 -0.116549 -0.993185
    outer loop
      vertex 5.48 54.8898 19.311
      vertex 4.25 54.5941 19.3457
      vertex 4.25 54.8898 19.311
    endloop
  endfacet
  facet normal 0 0 -1
    outer loop
      vertex 4.25 54.8898 19.311
      vertex 5.48 55.5278 19.311
      vertex 5.48 54.8898 19.311
    endloop
  endfacet
  facet normal -0 0 -1
    outer loop
      vertex 5.48 55.5278 19.311
      vertex 4.25 54.8898 19.311
      vertex 4.25 55.5278 19.311
    endloop
  endfacet
  facet normal 1 0 0
    outer loop
      vertex 25.5 97.5 24
      vertex 25.5 87.5 9.02
      vertex 25.5 97.5 5.02
    endloop
  endfacet
  facet normal 1 -0 0
    outer loop
      vertex 25.5 77.5 24
      vertex 25.5 87.5 9.02
      vertex 25.5 97.5 24
    endloop
  endfacet
  facet normal 1 0 0
    outer loop
      vertex 25.5 87.5 9.02
      vertex 25.5 77.5 24
      vertex 25.5 77.5 9.02
    endloop
  endfacet
  facet normal 1 -0 0
    outer loop
      vertex 25.5 97.5 5.02
      vertex 25.5 102.5 0
      vertex 25.5 102.5 5.02
    endloop
  endfacet
  facet normal 1 0 0
    outer loop
      vertex 25.5 87.5 0
      vertex 25.5 97.5 5.02
      vertex 25.5 87.5 9.02
    endloop
  endfacet
  facet normal 1 0 0
    outer loop
      vertex 25.5 97.5 5.02
      vertex 25.5 87.5 0
      vertex 25.5 102.5 0
    endloop
  endfacet
  facet normal -1 0 0
    outer loop
      vertex 79.5 102.5 0
      vertex 79.5 97.5 5.02
      vertex 79.5 102.5 5.02
    endloop
  endfacet
  facet normal -1 0 0
    outer loop
      vertex 79.5 87.5 0
      vertex 79.5 97.5 5.02
      vertex 79.5 102.5 0
    endloop
  endfacet
  facet normal -1 0 0
    outer loop
      vertex 79.5 87.5 9.02
      vertex 79.5 97.5 5.02
      vertex 79.5 87.5 0
    endloop
  endfacet
  facet normal -1 0 0
    outer loop
      vertex 79.5 97.5 5.02
      vertex 79.5 87.5 9.02
      vertex 79.5 97.5 24
    endloop
  endfacet
  facet normal -1 0 0
    outer loop
      vertex 79.5 77.5 24
      vertex 79.5 87.5 9.02
      vertex 79.5 77.5 9.02
    endloop
  endfacet
  facet normal -1 0 0
    outer loop
      vertex 79.5 87.5 9.02
      vertex 79.5 77.5 24
      vertex 79.5 97.5 24
    endloop
  endfacet
  facet normal -0 0 1
    outer loop
      vertex 25.5 87.5 9.02
      vertex 79.5 77.5 9.02
      vertex 79.5 87.5 9.02
    endloop
  endfacet
  facet normal 0 0 1
    outer loop
      vertex 79.5 77.5 9.02
      vertex 25.5 87.5 9.02
      vertex 25.5 77.5 9.02
    endloop
  endfacet
  facet normal 0 1 -0
    outer loop
      vertex 79.5 77.5 9.02
      vertex 25.5 77.5 24
      vertex 79.5 77.5 24
    endloop
  endfacet
  facet normal 0 1 0
    outer loop
      vertex 25.5 77.5 24
      vertex 79.5 77.5 9.02
      vertex 25.5 77.5 9.02
    endloop
  endfacet
  facet normal 0 1 -0
    outer loop
      vertex 79.5 87.5 0
      vertex 25.5 87.5 9.02
      vertex 79.5 87.5 9.02
    endloop
  endfacet
  facet normal 0 1 0
    outer loop
      vertex 25.5 87.5 9.02
      vertex 79.5 87.5 0
      vertex 25.5 87.5 0
    endloop
  endfacet
  facet normal 0 0 -1
    outer loop
      vertex 79.5 97.5 5.02
      vertex 69.3592 102.5 5.02
      vertex 79.5 102.5 5.02
    endloop
  endfacet
  facet normal 0 0 -1
    outer loop
      vertex 79.5 97.5 5.02
      vertex 68.8093 101.358 5.02
      vertex 69.3592 102.5 5.02
    endloop
  endfacet
  facet normal 0 0 -1
    outer loop
      vertex 79.5 97.5 5.02
      vertex 67.0327 100.953 5.02
      vertex 68.8093 101.358 5.02
    endloop
  endfacet
  facet normal 0 0 -1
    outer loop
      vertex 65.608 102.089 5.02
      vertex 54.3592 102.5 5.02
      vertex 65.608 102.5 5.02
    endloop
  endfacet
  facet normal 0 0 -1
    outer loop
      vertex 53.8093 101.358 5.02
      vertex 65.608 102.089 5.02
      vertex 67.0327 100.953 5.02
    endloop
  endfacet
  facet normal 0 0 -1
    outer loop
      vertex 52.0327 100.953 5.02
      vertex 67.0327 100.953 5.02
      vertex 79.5 97.5 5.02
    endloop
  endfacet
  facet normal -0 0 -1
    outer loop
      vertex 65.608 102.089 5.02
      vertex 53.8093 101.358 5.02
      vertex 54.3592 102.5 5.02
    endloop
  endfacet
  facet normal 0 0 -1
    outer loop
      vertex 67.0327 100.953 5.02
      vertex 52.0327 100.953 5.02
      vertex 53.8093 101.358 5.02
    endloop
  endfacet
  facet normal 0 0 -1
    outer loop
      vertex 50.608 102.089 5.02
      vertex 39.3592 102.5 5.02
      vertex 50.608 102.5 5.02
    endloop
  endfacet
  facet normal 0 0 -1
    outer loop
      vertex 38.8093 101.358 5.02
      vertex 50.608 102.089 5.02
      vertex 52.0327 100.953 5.02
    endloop
  endfacet
  facet normal 0 0 -1
    outer loop
      vertex 25.5 97.5 5.02
      vertex 52.0327 100.953 5.02
      vertex 79.5 97.5 5.02
    endloop
  endfacet
  facet normal -0 0 -1
    outer loop
      vertex 50.608 102.089 5.02
      vertex 38.8093 101.358 5.02
      vertex 39.3592 102.5 5.02
    endloop
  endfacet
  facet normal 0 0 -1
    outer loop
      vertex 52.0327 100.953 5.02
      vertex 37.0327 100.953 5.02
      vertex 38.8093 101.358 5.02
    endloop
  endfacet
  facet normal -0 0 -1
    outer loop
      vertex 52.0327 100.953 5.02
      vertex 25.5 97.5 5.02
      vertex 37.0327 100.953 5.02
    endloop
  endfacet
  facet normal 0 0 -1
    outer loop
      vertex 25.5 97.5 5.02
      vertex 35.608 102.089 5.02
      vertex 37.0327 100.953 5.02
    endloop
  endfacet
  facet normal 0 0 -1
    outer loop
      vertex 25.5 102.5 5.02
      vertex 35.608 102.089 5.02
      vertex 25.5 97.5 5.02
    endloop
  endfacet
  facet normal 0 0 -1
    outer loop
      vertex 35.608 102.089 5.02
      vertex 25.5 102.5 5.02
      vertex 35.608 102.5 5.02
    endloop
  endfacet
  facet normal 0 -1 0
    outer loop
      vertex 69.3592 102.5 0
      vertex 79.5 102.5 5.02
      vertex 69.3592 102.5 5.02
    endloop
  endfacet
  facet normal 0 -1 -0
    outer loop
      vertex 79.5 102.5 5.02
      vertex 69.3592 102.5 0
      vertex 79.5 102.5 0
    endloop
  endfacet
  facet normal 0 -1 0
    outer loop
      vertex 25.5 102.5 0
      vertex 35.608 102.5 5.02
      vertex 25.5 102.5 5.02
    endloop
  endfacet
  facet normal 0 -1 -0
    outer loop
      vertex 35.608 102.5 5.02
      vertex 25.5 102.5 0
      vertex 35.608 102.5 0
    endloop
  endfacet
  facet normal 0 -1 0
    outer loop
      vertex 39.3592 102.5 0
      vertex 50.608 102.5 5.02
      vertex 39.3592 102.5 5.02
    endloop
  endfacet
  facet normal 0 -1 -0
    outer loop
      vertex 50.608 102.5 5.02
      vertex 39.3592 102.5 0
      vertex 50.608 102.5 0
    endloop
  endfacet
  facet normal 0 -1 0
    outer loop
      vertex 54.3592 102.5 0
      vertex 65.608 102.5 5.02
      vertex 54.3592 102.5 5.02
    endloop
  endfacet
  facet normal 0 -1 -0
    outer loop
      vertex 65.608 102.5 5.02
      vertex 54.3592 102.5 0
      vertex 65.608 102.5 0
    endloop
  endfacet
  facet normal 0.130551 -0.991442 0
    outer loop
      vertex 97 85 26.5
      vertex 98.9411 85.2556 29.5
      vertex 97 85 29.5
    endloop
  endfacet
  facet normal 0.130551 -0.991442 0
    outer loop
      vertex 98.9411 85.2556 29.5
      vertex 97 85 26.5
      vertex 98.9411 85.2556 26.5
    endloop
  endfacet
  facet normal -0.793341 0.608778 0
    outer loop
      vertex 90.5048 96.25 26.5
      vertex 91.464 97.5 29.5
      vertex 91.464 97.5 26.5
    endloop
  endfacet
  facet normal -0.793341 0.608778 0
    outer loop
      vertex 91.464 97.5 29.5
      vertex 90.5048 96.25 26.5
      vertex 90.5048 96.25 29.5
    endloop
  endfacet
  facet normal -0.923892 0.382653 0
    outer loop
      vertex 89.7556 94.4411 26.5
      vertex 90.5048 96.25 29.5
      vertex 90.5048 96.25 26.5
    endloop
  endfacet
  facet normal -0.923892 0.382653 0
    outer loop
      vertex 90.5048 96.25 29.5
      vertex 89.7556 94.4411 26.5
      vertex 89.7556 94.4411 29.5
    endloop
  endfacet
  facet normal -0.382653 -0.923892 0
    outer loop
      vertex 93.25 86.0048 26.5
      vertex 95.0589 85.2556 29.5
      vertex 93.25 86.0048 29.5
    endloop
  endfacet
  facet normal -0.382653 -0.923892 -0
    outer loop
      vertex 95.0589 85.2556 29.5
      vertex 93.25 86.0048 26.5
      vertex 95.0589 85.2556 26.5
    endloop
  endfacet
  facet normal 0.382714 0.923867 -0
    outer loop
      vertex 100.573 99.0684 27
      vertex 98.9887 99.7247 29.5
      vertex 100.573 99.0684 29.5
    endloop
  endfacet
  facet normal 0.382714 0.923867 0
    outer loop
      vertex 98.9887 99.7247 29.5
      vertex 100.573 99.0684 27
      vertex 98.9887 99.7247 27
    endloop
  endfacet
  facet normal 0 0 -1
    outer loop
      vertex 99.5 85.487 26.5
      vertex 97.3863 91.3112 26.5
      vertex 98.25 92.5 26.5
    endloop
  endfacet
  facet normal 0 0 -1
    outer loop
      vertex 97 85 26.5
      vertex 97.3863 91.3112 26.5
      vertex 98.9411 85.2556 26.5
    endloop
  endfacet
  facet normal 0 0 -1
    outer loop
      vertex 95.0589 85.2556 26.5
      vertex 97.3863 91.3112 26.5
      vertex 97 85 26.5
    endloop
  endfacet
  facet normal 0 0 -1
    outer loop
      vertex 93.25 86.0048 26.5
      vertex 95.9887 91.7653 26.5
      vertex 95.0589 85.2556 26.5
    endloop
  endfacet
  facet normal -0 0 -1
    outer loop
      vertex 97.3863 91.3112 26.5
      vertex 95.0589 85.2556 26.5
      vertex 95.9887 91.7653 26.5
    endloop
  endfacet
  facet normal 0 0 -1
    outer loop
      vertex 97.3863 91.3112 26.5
      vertex 99.5 85.487 26.5
      vertex 98.9411 85.2556 26.5
    endloop
  endfacet
  facet normal 0 0 -1
    outer loop
      vertex 99.5 85.487 26.5
      vertex 98.25 92.5 26.5
      vertex 99.5 97.5 26.5
    endloop
  endfacet
  facet normal 0 0 -1
    outer loop
      vertex 97.3863 93.6888 26.5
      vertex 99.5 97.5 26.5
      vertex 98.25 92.5 26.5
    endloop
  endfacet
  facet normal 0 0 -1
    outer loop
      vertex 95.9887 93.2347 26.5
      vertex 99.5 97.5 26.5
      vertex 97.3863 93.6888 26.5
    endloop
  endfacet
  facet normal 0 0 -1
    outer loop
      vertex 91.6967 87.1967 26.5
      vertex 95.9887 91.7653 26.5
      vertex 93.25 86.0048 26.5
    endloop
  endfacet
  facet normal 0 0 -1
    outer loop
      vertex 90.5048 88.75 26.5
      vertex 95.9887 91.7653 26.5
      vertex 91.6967 87.1967 26.5
    endloop
  endfacet
  facet normal 0 0 -1
    outer loop
      vertex 95.9887 93.2347 26.5
      vertex 91.464 97.5 26.5
      vertex 99.5 97.5 26.5
    endloop
  endfacet
  facet normal 0 0 -1
    outer loop
      vertex 89.7556 90.5589 26.5
      vertex 95.9887 91.7653 26.5
      vertex 90.5048 88.75 26.5
    endloop
  endfacet
  facet normal 0 0 -1
    outer loop
      vertex 89.5 92.5 26.5
      vertex 95.9887 91.7653 26.5
      vertex 89.7556 90.5589 26.5
    endloop
  endfacet
  facet normal 0 0 -1
    outer loop
      vertex 95.9887 91.7653 26.5
      vertex 89.5 92.5 26.5
      vertex 95.9887 93.2347 26.5
    endloop
  endfacet
  facet normal 0 -0 -1
    outer loop
      vertex 90.5048 96.25 26.5
      vertex 95.9887 93.2347 26.5
      vertex 89.7556 94.4411 26.5
    endloop
  endfacet
  facet normal 0 0 -1
    outer loop
      vertex 95.9887 93.2347 26.5
      vertex 90.5048 96.25 26.5
      vertex 91.464 97.5 26.5
    endloop
  endfacet
  facet normal -0 0 -1
    outer loop
      vertex 95.9887 93.2347 26.5
      vertex 89.5 92.5 26.5
      vertex 89.7556 94.4411 26.5
    endloop
  endfacet
  facet normal -0.991442 0.130551 0
    outer loop
      vertex 89.5 92.5 26.5
      vertex 89.7556 94.4411 29.5
      vertex 89.7556 94.4411 26.5
    endloop
  endfacet
  facet normal -0.991442 0.130551 0
    outer loop
      vertex 89.7556 94.4411 29.5
      vertex 89.5 92.5 26.5
      vertex 89.5 92.5 29.5
    endloop
  endfacet
  facet normal -0 0 1
    outer loop
      vertex 98.25 92.5 29.5
      vertex 99.5 85.487 29.5
      vertex 99.5 97.5 29.5
    endloop
  endfacet
  facet normal -0 0 1
    outer loop
      vertex 97.3863 91.3112 29.5
      vertex 99.5 85.487 29.5
      vertex 98.25 92.5 29.5
    endloop
  endfacet
  facet normal 0 0 1
    outer loop
      vertex 99.5 97.5 29.5
      vertex 97.3863 93.6888 29.5
      vertex 98.25 92.5 29.5
    endloop
  endfacet
  facet normal 0 0 1
    outer loop
      vertex 99.5 97.5 29.5
      vertex 95.9887 93.2347 29.5
      vertex 97.3863 93.6888 29.5
    endloop
  endfacet
  facet normal -0 0 1
    outer loop
      vertex 89.5 92.5 29.5
      vertex 95.9887 91.7653 29.5
      vertex 95.9887 93.2347 29.5
    endloop
  endfacet
  facet normal 0 0 1
    outer loop
      vertex 95.9887 91.7653 29.5
      vertex 93.25 86.0048 29.5
      vertex 95.0589 85.2556 29.5
    endloop
  endfacet
  facet normal 0 0 1
    outer loop
      vertex 95.9887 91.7653 29.5
      vertex 91.6967 87.1967 29.5
      vertex 93.25 86.0048 29.5
    endloop
  endfacet
  facet normal -0 0 1
    outer loop
      vertex 91.464 97.5 29.5
      vertex 95.9887 93.2347 29.5
      vertex 99.5 97.5 29.5
    endloop
  endfacet
  facet normal -0 0 1
    outer loop
      vertex 90.5048 96.25 29.5
      vertex 95.9887 93.2347 29.5
      vertex 91.464 97.5 29.5
    endloop
  endfacet
  facet normal 0 0 1
    outer loop
      vertex 95.9887 93.2347 29.5
      vertex 90.5048 96.25 29.5
      vertex 89.7556 94.4411 29.5
    endloop
  endfacet
  facet normal 0 0 1
    outer loop
      vertex 95.9887 91.7653 29.5
      vertex 90.5048 88.75 29.5
      vertex 91.6967 87.1967 29.5
    endloop
  endfacet
  facet normal 0 0 1
    outer loop
      vertex 89.5 92.5 29.5
      vertex 95.9887 93.2347 29.5
      vertex 89.7556 94.4411 29.5
    endloop
  endfacet
  facet normal 0 0 1
    outer loop
      vertex 95.9887 91.7653 29.5
      vertex 89.7556 90.5589 29.5
      vertex 90.5048 88.75 29.5
    endloop
  endfacet
  facet normal 0 0 1
    outer loop
      vertex 95.9887 91.7653 29.5
      vertex 89.5 92.5 29.5
      vertex 89.7556 90.5589 29.5
    endloop
  endfacet
  facet normal 0 0 1
    outer loop
      vertex 99.5 85.487 29.5
      vertex 97.3863 91.3112 29.5
      vertex 98.9411 85.2556 29.5
    endloop
  endfacet
  facet normal 0 0 1
    outer loop
      vertex 97.3863 91.3112 29.5
      vertex 97 85 29.5
      vertex 98.9411 85.2556 29.5
    endloop
  endfacet
  facet normal 0 0 1
    outer loop
      vertex 95.0589 85.2556 29.5
      vertex 97.3863 91.3112 29.5
      vertex 95.9887 91.7653 29.5
    endloop
  endfacet
  facet normal 0 0 1
    outer loop
      vertex 97.3863 91.3112 29.5
      vertex 95.0589 85.2556 29.5
      vertex 97 85 29.5
    endloop
  endfacet
  facet normal -0 0 1
    outer loop
      vertex 98.9887 99.2653 29.5
      vertex 100.573 99.0684 29.5
      vertex 98.9887 99.7247 29.5
    endloop
  endfacet
  facet normal 0 0 1
    outer loop
      vertex 100.573 99.0684 29.5
      vertex 98.9887 99.2653 29.5
      vertex 100.386 98.8112 29.5
    endloop
  endfacet
  facet normal 0.382537 -0.92394 0
    outer loop
      vertex 98.9411 85.2556 26.5
      vertex 99.5 85.487 29.5
      vertex 98.9411 85.2556 29.5
    endloop
  endfacet
  facet normal 0.382537 -0.92394 0
    outer loop
      vertex 99.5 85.487 29.5
      vertex 98.9411 85.2556 26.5
      vertex 99.5 85.487 26.5
    endloop
  endfacet
  facet normal -0.130551 -0.991442 0
    outer loop
      vertex 95.0589 85.2556 26.5
      vertex 97 85 29.5
      vertex 95.0589 85.2556 29.5
    endloop
  endfacet
  facet normal -0.130551 -0.991442 -0
    outer loop
      vertex 97 85 29.5
      vertex 95.0589 85.2556 26.5
      vertex 97 85 26.5
    endloop
  endfacet
  facet normal -0.608765 -0.793351 0
    outer loop
      vertex 91.6967 87.1967 26.5
      vertex 93.25 86.0048 29.5
      vertex 91.6967 87.1967 29.5
    endloop
  endfacet
  facet normal -0.608765 -0.793351 -0
    outer loop
      vertex 93.25 86.0048 29.5
      vertex 91.6967 87.1967 26.5
      vertex 93.25 86.0048 26.5
    endloop
  endfacet
  facet normal -0.923892 -0.382653 0
    outer loop
      vertex 90.5048 88.75 26.5
      vertex 89.7556 90.5589 29.5
      vertex 89.7556 90.5589 26.5
    endloop
  endfacet
  facet normal -0.923892 -0.382653 0
    outer loop
      vertex 89.7556 90.5589 29.5
      vertex 90.5048 88.75 26.5
      vertex 90.5048 88.75 29.5
    endloop
  endfacet
  facet normal -0.991442 -0.130551 0
    outer loop
      vertex 89.7556 90.5589 26.5
      vertex 89.5 92.5 29.5
      vertex 89.5 92.5 26.5
    endloop
  endfacet
  facet normal -0.991442 -0.130551 0
    outer loop
      vertex 89.5 92.5 29.5
      vertex 89.7556 90.5589 26.5
      vertex 89.7556 90.5589 29.5
    endloop
  endfacet
  facet normal -0.793351 -0.608765 0
    outer loop
      vertex 91.6967 87.1967 26.5
      vertex 90.5048 88.75 29.5
      vertex 90.5048 88.75 26.5
    endloop
  endfacet
  facet normal -0.793351 -0.608765 0
    outer loop
      vertex 90.5048 88.75 29.5
      vertex 91.6967 87.1967 26.5
      vertex 91.6967 87.1967 29.5
    endloop
  endfacet
  facet normal 0.991442 0.130551 0
    outer loop
      vertex 15.5 92.5 29.5
      vertex 15.2444 94.4411 26.5
      vertex 15.2444 94.4411 29.5
    endloop
  endfacet
  facet normal 0.991442 0.130551 0
    outer loop
      vertex 15.2444 94.4411 26.5
      vertex 15.5 92.5 29.5
      vertex 15.5 92.5 26.5
    endloop
  endfacet
  facet normal -0.13109 0.99137 0
    outer loop
      vertex 6.06491 99.7452 27
      vertex 6.05886 99.7444 29.5
      vertex 6.06491 99.7452 29.5
    endloop
  endfacet
  facet normal -0.13109 0.99137 0
    outer loop
      vertex 6.05886 99.7444 29.5
      vertex 6.06491 99.7452 27
      vertex 6.05886 99.7444 27
    endloop
  endfacet
  facet normal 0.130548 -0.991442 0
    outer loop
      vertex 8 85 26.5
      vertex 9.94114 85.2556 29.5
      vertex 8 85 29.5
    endloop
  endfacet
  facet normal 0.130548 -0.991442 0
    outer loop
      vertex 9.94114 85.2556 29.5
      vertex 8 85 26.5
      vertex 9.94114 85.2556 26.5
    endloop
  endfacet
  facet normal 0.793351 -0.608765 0
    outer loop
      vertex 13.3033 87.1967 29.5
      vertex 14.4952 88.75 26.5
      vertex 14.4952 88.75 29.5
    endloop
  endfacet
  facet normal 0.793351 -0.608765 0
    outer loop
      vertex 14.4952 88.75 26.5
      vertex 13.3033 87.1967 29.5
      vertex 13.3033 87.1967 26.5
    endloop
  endfacet
  facet normal -0.38256 -0.923931 0
    outer loop
      vertex 5.5 85.487 26.5
      vertex 6.05886 85.2556 29.5
      vertex 5.5 85.487 29.5
    endloop
  endfacet
  facet normal -0.38256 -0.923931 -0
    outer loop
      vertex 6.05886 85.2556 29.5
      vertex 5.5 85.487 26.5
      vertex 6.05886 85.2556 26.5
    endloop
  endfacet
  facet normal 0.793341 0.608778 0
    outer loop
      vertex 14.4952 96.25 29.5
      vertex 13.536 97.5 26.5
      vertex 13.536 97.5 29.5
    endloop
  endfacet
  facet normal 0.793341 0.608778 0
    outer loop
      vertex 13.536 97.5 26.5
      vertex 14.4952 96.25 29.5
      vertex 14.4952 96.25 26.5
    endloop
  endfacet
  facet normal 0.923892 0.382653 0
    outer loop
      vertex 15.2444 94.4411 29.5
      vertex 14.4952 96.25 26.5
      vertex 14.4952 96.25 29.5
    endloop
  endfacet
  facet normal 0.923892 0.382653 0
    outer loop
      vertex 14.4952 96.25 26.5
      vertex 15.2444 94.4411 29.5
      vertex 15.2444 94.4411 26.5
    endloop
  endfacet
  facet normal 0 0 -1
    outer loop
      vertex 14.4952 88.75 26.5
      vertex 8.38627 91.3112 26.5
      vertex 9.25 92.5 26.5
    endloop
  endfacet
  facet normal 0 0 -1
    outer loop
      vertex 8 85 26.5
      vertex 8.38627 91.3112 26.5
      vertex 9.94114 85.2556 26.5
    endloop
  endfacet
  facet normal 0 0 -1
    outer loop
      vertex 6.05886 85.2556 26.5
      vertex 8.38627 91.3112 26.5
      vertex 8 85 26.5
    endloop
  endfacet
  facet normal -0 0 -1
    outer loop
      vertex 8.38627 91.3112 26.5
      vertex 5.5 85.487 26.5
      vertex 6.98873 91.7653 26.5
    endloop
  endfacet
  facet normal 0 0 -1
    outer loop
      vertex 5.5 85.487 26.5
      vertex 8.38627 91.3112 26.5
      vertex 6.05886 85.2556 26.5
    endloop
  endfacet
  facet normal 0 0 -1
    outer loop
      vertex 9.25 92.5 26.5
      vertex 15.5 92.5 26.5
      vertex 15.2444 90.5589 26.5
    endloop
  endfacet
  facet normal 0 0 -1
    outer loop
      vertex 9.25 92.5 26.5
      vertex 15.2444 90.5589 26.5
      vertex 14.4952 88.75 26.5
    endloop
  endfacet
  facet normal 0 0 -1
    outer loop
      vertex 15.5 92.5 26.5
      vertex 9.25 92.5 26.5
      vertex 15.2444 94.4411 26.5
    endloop
  endfacet
  facet normal -0 0 -1
    outer loop
      vertex 15.2444 94.4411 26.5
      vertex 9.25 92.5 26.5
      vertex 14.4952 96.25 26.5
    endloop
  endfacet
  facet normal 0 0 -1
    outer loop
      vertex 8.38627 91.3112 26.5
      vertex 14.4952 88.75 26.5
      vertex 13.3033 87.1967 26.5
    endloop
  endfacet
  facet normal 0 0 -1
    outer loop
      vertex 8.38627 91.3112 26.5
      vertex 13.3033 87.1967 26.5
      vertex 11.75 86.0048 26.5
    endloop
  endfacet
  facet normal 0 0 -1
    outer loop
      vertex 8.38627 91.3112 26.5
      vertex 11.75 86.0048 26.5
      vertex 9.94114 85.2556 26.5
    endloop
  endfacet
  facet normal -0 0 -1
    outer loop
      vertex 14.4952 96.25 26.5
      vertex 9.25 92.5 26.5
      vertex 13.536 97.5 26.5
    endloop
  endfacet
  facet normal 0 0 -1
    outer loop
      vertex 8.38627 93.6888 26.5
      vertex 13.536 97.5 26.5
      vertex 9.25 92.5 26.5
    endloop
  endfacet
  facet normal 0 0 -1
    outer loop
      vertex 5.5 97.5 26.5
      vertex 8.38627 93.6888 26.5
      vertex 6.98873 93.2347 26.5
    endloop
  endfacet
  facet normal 0 0 -1
    outer loop
      vertex 5.5 97.5 26.5
      vertex 6.98873 91.7653 26.5
      vertex 5.5 85.487 26.5
    endloop
  endfacet
  facet normal 0 0 -1
    outer loop
      vertex 8.38627 93.6888 26.5
      vertex 5.5 97.5 26.5
      vertex 13.536 97.5 26.5
    endloop
  endfacet
  facet normal 0 0 -1
    outer loop
      vertex 6.98873 91.7653 26.5
      vertex 5.5 97.5 26.5
      vertex 6.98873 93.2347 26.5
    endloop
  endfacet
  facet normal 0 0 1
    outer loop
      vertex 9.25 92.5 29.5
      vertex 15.5 92.5 29.5
      vertex 15.2444 94.4411 29.5
    endloop
  endfacet
  facet normal 0 0 1
    outer loop
      vertex 9.25 92.5 29.5
      vertex 15.2444 94.4411 29.5
      vertex 14.4952 96.25 29.5
    endloop
  endfacet
  facet normal 0 0 1
    outer loop
      vertex 15.5 92.5 29.5
      vertex 9.25 92.5 29.5
      vertex 15.2444 90.5589 29.5
    endloop
  endfacet
  facet normal 0 0 1
    outer loop
      vertex 9.25 92.5 29.5
      vertex 14.4952 96.25 29.5
      vertex 13.536 97.5 29.5
    endloop
  endfacet
  facet normal 0 0 1
    outer loop
      vertex 15.2444 90.5589 29.5
      vertex 9.25 92.5 29.5
      vertex 14.4952 88.75 29.5
    endloop
  endfacet
  facet normal -0 0 1
    outer loop
      vertex 8.38627 91.3112 29.5
      vertex 14.4952 88.75 29.5
      vertex 9.25 92.5 29.5
    endloop
  endfacet
  facet normal 0 0 1
    outer loop
      vertex 14.4952 88.75 29.5
      vertex 8.38627 91.3112 29.5
      vertex 13.3033 87.1967 29.5
    endloop
  endfacet
  facet normal 0 0 1
    outer loop
      vertex 13.3033 87.1967 29.5
      vertex 8.38627 91.3112 29.5
      vertex 11.75 86.0048 29.5
    endloop
  endfacet
  facet normal 0 0 1
    outer loop
      vertex 13.536 97.5 29.5
      vertex 8.38627 93.6888 29.5
      vertex 9.25 92.5 29.5
    endloop
  endfacet
  facet normal -0 0 1
    outer loop
      vertex 5.5 97.5 29.5
      vertex 8.38627 93.6888 29.5
      vertex 13.536 97.5 29.5
    endloop
  endfacet
  facet normal 0 0 1
    outer loop
      vertex 5.5 97.5 29.5
      vertex 6.98873 91.7653 29.5
      vertex 6.98873 93.2347 29.5
    endloop
  endfacet
  facet normal 0 0 1
    outer loop
      vertex 8.38627 93.6888 29.5
      vertex 5.5 97.5 29.5
      vertex 6.98873 93.2347 29.5
    endloop
  endfacet
  facet normal 0 0 1
    outer loop
      vertex 6.98873 91.7653 29.5
      vertex 5.5 97.5 29.5
      vertex 5.5 85.487 29.5
    endloop
  endfacet
  facet normal 0 0 1
    outer loop
      vertex 6.98873 91.7653 29.5
      vertex 5.5 85.487 29.5
      vertex 6.05886 85.2556 29.5
    endloop
  endfacet
  facet normal 0 0 1
    outer loop
      vertex 11.75 86.0048 29.5
      vertex 8.38627 91.3112 29.5
      vertex 9.94114 85.2556 29.5
    endloop
  endfacet
  facet normal 0 0 1
    outer loop
      vertex 8.38627 91.3112 29.5
      vertex 8 85 29.5
      vertex 9.94114 85.2556 29.5
    endloop
  endfacet
  facet normal 0 0 1
    outer loop
      vertex 6.05886 85.2556 29.5
      vertex 8.38627 91.3112 29.5
      vertex 6.98873 91.7653 29.5
    endloop
  endfacet
  facet normal 0 0 1
    outer loop
      vertex 8.38627 91.3112 29.5
      vertex 6.05886 85.2556 29.5
      vertex 8 85 29.5
    endloop
  endfacet
  facet normal -0 0 1
    outer loop
      vertex 6.05886 99.7444 29.5
      vertex 5.38627 98.8112 29.5
      vertex 6.06491 99.7452 29.5
    endloop
  endfacet
  facet normal 0 -0 1
    outer loop
      vertex 5.38627 98.8112 29.5
      vertex 6.05886 99.7444 29.5
      vertex 4.50055 99.099 29.5
    endloop
  endfacet
  facet normal -0.382646 0.923895 0
    outer loop
      vertex 6.05886 99.7444 27
      vertex 4.50055 99.099 29.5
      vertex 6.05886 99.7444 29.5
    endloop
  endfacet
  facet normal -0.382646 0.923895 0
    outer loop
      vertex 4.50055 99.099 29.5
      vertex 6.05886 99.7444 27
      vertex 4.50055 99.099 27
    endloop
  endfacet
  facet normal 0.991442 -0.130551 0
    outer loop
      vertex 15.2444 90.5589 29.5
      vertex 15.5 92.5 26.5
      vertex 15.5 92.5 29.5
    endloop
  endfacet
  facet normal 0.991442 -0.130551 0
    outer loop
      vertex 15.5 92.5 26.5
      vertex 15.2444 90.5589 29.5
      vertex 15.2444 90.5589 26.5
    endloop
  endfacet
  facet normal 0.38266 -0.923889 0
    outer loop
      vertex 9.94114 85.2556 26.5
      vertex 11.75 86.0048 29.5
      vertex 9.94114 85.2556 29.5
    endloop
  endfacet
  facet normal 0.38266 -0.923889 0
    outer loop
      vertex 11.75 86.0048 29.5
      vertex 9.94114 85.2556 26.5
      vertex 11.75 86.0048 26.5
    endloop
  endfacet
  facet normal -0.130548 -0.991442 0
    outer loop
      vertex 6.05886 85.2556 26.5
      vertex 8 85 29.5
      vertex 6.05886 85.2556 29.5
    endloop
  endfacet
  facet normal -0.130548 -0.991442 -0
    outer loop
      vertex 8 85 29.5
      vertex 6.05886 85.2556 26.5
      vertex 8 85 26.5
    endloop
  endfacet
  facet normal 0.923892 -0.382653 0
    outer loop
      vertex 14.4952 88.75 29.5
      vertex 15.2444 90.5589 26.5
      vertex 15.2444 90.5589 29.5
    endloop
  endfacet
  facet normal 0.923892 -0.382653 0
    outer loop
      vertex 15.2444 90.5589 26.5
      vertex 14.4952 88.75 29.5
      vertex 14.4952 88.75 26.5
    endloop
  endfacet
  facet normal 0.608765 -0.793351 0
    outer loop
      vertex 11.75 86.0048 26.5
      vertex 13.3033 87.1967 29.5
      vertex 11.75 86.0048 29.5
    endloop
  endfacet
  facet normal 0.608765 -0.793351 0
    outer loop
      vertex 13.3033 87.1967 29.5
      vertex 11.75 86.0048 26.5
      vertex 13.3033 87.1967 26.5
    endloop
  endfacet
  facet normal -0.130551 0.991442 0
    outer loop
      vertex 97 35 26.5
      vertex 95.0589 34.7444 29.5
      vertex 97 35 29.5
    endloop
  endfacet
  facet normal -0.130551 0.991442 0
    outer loop
      vertex 95.0589 34.7444 29.5
      vertex 97 35 26.5
      vertex 95.0589 34.7444 26.5
    endloop
  endfacet
  facet normal 0.130551 -0.991442 0
    outer loop
      vertex 97 20 26.5
      vertex 98.9411 20.2556 29.5
      vertex 97 20 29.5
    endloop
  endfacet
  facet normal 0.130551 -0.991442 0
    outer loop
      vertex 98.9411 20.2556 29.5
      vertex 97 20 26.5
      vertex 98.9411 20.2556 26.5
    endloop
  endfacet
  facet normal -0.793351 0.608765 0
    outer loop
      vertex 90.5048 31.25 26.5
      vertex 91.6967 32.8033 29.5
      vertex 91.6967 32.8033 26.5
    endloop
  endfacet
  facet normal -0.793351 0.608765 0
    outer loop
      vertex 91.6967 32.8033 29.5
      vertex 90.5048 31.25 26.5
      vertex 90.5048 31.25 29.5
    endloop
  endfacet
  facet normal -0.923892 0.382653 0
    outer loop
      vertex 89.7556 29.4411 26.5
      vertex 90.5048 31.25 29.5
      vertex 90.5048 31.25 26.5
    endloop
  endfacet
  facet normal -0.923892 0.382653 0
    outer loop
      vertex 90.5048 31.25 29.5
      vertex 89.7556 29.4411 26.5
      vertex 89.7556 29.4411 29.5
    endloop
  endfacet
  facet normal -0.608765 0.793351 0
    outer loop
      vertex 93.25 33.9952 26.5
      vertex 91.6967 32.8033 29.5
      vertex 93.25 33.9952 29.5
    endloop
  endfacet
  facet normal -0.608765 0.793351 0
    outer loop
      vertex 91.6967 32.8033 29.5
      vertex 93.25 33.9952 26.5
      vertex 91.6967 32.8033 26.5
    endloop
  endfacet
  facet normal -0.382653 -0.923892 0
    outer loop
      vertex 93.25 21.0048 26.5
      vertex 95.0589 20.2556 29.5
      vertex 93.25 21.0048 29.5
    endloop
  endfacet
  facet normal -0.382653 -0.923892 -0
    outer loop
      vertex 95.0589 20.2556 29.5
      vertex 93.25 21.0048 26.5
      vertex 95.0589 20.2556 26.5
    endloop
  endfacet
  facet normal 0.130551 0.991442 -0
    outer loop
      vertex 98.9411 34.7444 26.5
      vertex 97 35 29.5
      vertex 98.9411 34.7444 29.5
    endloop
  endfacet
  facet normal 0.130551 0.991442 0
    outer loop
      vertex 97 35 29.5
      vertex 98.9411 34.7444 26.5
      vertex 97 35 26.5
    endloop
  endfacet
  facet normal 0.382537 0.92394 -0
    outer loop
      vertex 99.5 34.513 26.5
      vertex 98.9411 34.7444 29.5
      vertex 99.5 34.513 29.5
    endloop
  endfacet
  facet normal 0.382537 0.92394 0
    outer loop
      vertex 98.9411 34.7444 29.5
      vertex 99.5 34.513 26.5
      vertex 98.9411 34.7444 26.5
    endloop
  endfacet
  facet normal 0 0 -1
    outer loop
      vertex 97.3863 26.3112 26.5
      vertex 99.5 20.487 26.5
      vertex 98.9411 20.2556 26.5
    endloop
  endfacet
  facet normal 0 0 -1
    outer loop
      vertex 99.5 20.487 26.5
      vertex 98.25 27.5 26.5
      vertex 99.5 34.513 26.5
    endloop
  endfacet
  facet normal 0 0 -1
    outer loop
      vertex 97.3863 28.6888 26.5
      vertex 99.5 34.513 26.5
      vertex 98.25 27.5 26.5
    endloop
  endfacet
  facet normal 0 0 -1
    outer loop
      vertex 99.5 20.487 26.5
      vertex 97.3863 26.3112 26.5
      vertex 98.25 27.5 26.5
    endloop
  endfacet
  facet normal 0 0 -1
    outer loop
      vertex 97 20 26.5
      vertex 97.3863 26.3112 26.5
      vertex 98.9411 20.2556 26.5
    endloop
  endfacet
  facet normal 0 0 -1
    outer loop
      vertex 95.0589 20.2556 26.5
      vertex 97.3863 26.3112 26.5
      vertex 97 20 26.5
    endloop
  endfacet
  facet normal 0 0 -1
    outer loop
      vertex 93.25 21.0048 26.5
      vertex 95.9887 26.7653 26.5
      vertex 95.0589 20.2556 26.5
    endloop
  endfacet
  facet normal -0 0 -1
    outer loop
      vertex 97.3863 26.3112 26.5
      vertex 95.0589 20.2556 26.5
      vertex 95.9887 26.7653 26.5
    endloop
  endfacet
  facet normal -0 0 -1
    outer loop
      vertex 99.5 34.513 26.5
      vertex 97.3863 28.6888 26.5
      vertex 98.9411 34.7444 26.5
    endloop
  endfacet
  facet normal 0 0 -1
    outer loop
      vertex 97.3863 28.6888 26.5
      vertex 97 35 26.5
      vertex 98.9411 34.7444 26.5
    endloop
  endfacet
  facet normal 0 0 -1
    outer loop
      vertex 95.0589 34.7444 26.5
      vertex 97.3863 28.6888 26.5
      vertex 95.9887 28.2347 26.5
    endloop
  endfacet
  facet normal 0 0 -1
    outer loop
      vertex 97.3863 28.6888 26.5
      vertex 95.0589 34.7444 26.5
      vertex 97 35 26.5
    endloop
  endfacet
  facet normal 0 0 -1
    outer loop
      vertex 91.6967 22.1967 26.5
      vertex 95.9887 26.7653 26.5
      vertex 93.25 21.0048 26.5
    endloop
  endfacet
  facet normal 0 0 -1
    outer loop
      vertex 90.5048 23.75 26.5
      vertex 95.9887 26.7653 26.5
      vertex 91.6967 22.1967 26.5
    endloop
  endfacet
  facet normal 0 0 -1
    outer loop
      vertex 95.9887 28.2347 26.5
      vertex 93.25 33.9952 26.5
      vertex 95.0589 34.7444 26.5
    endloop
  endfacet
  facet normal 0 0 -1
    outer loop
      vertex 89.7556 25.5589 26.5
      vertex 95.9887 26.7653 26.5
      vertex 90.5048 23.75 26.5
    endloop
  endfacet
  facet normal 0 0 -1
    outer loop
      vertex 95.9887 28.2347 26.5
      vertex 91.6967 32.8033 26.5
      vertex 93.25 33.9952 26.5
    endloop
  endfacet
  facet normal 0 0 -1
    outer loop
      vertex 89.5 27.5 26.5
      vertex 95.9887 26.7653 26.5
      vertex 89.7556 25.5589 26.5
    endloop
  endfacet
  facet normal 0 0 -1
    outer loop
      vertex 95.9887 28.2347 26.5
      vertex 90.5048 31.25 26.5
      vertex 91.6967 32.8033 26.5
    endloop
  endfacet
  facet normal 0 0 -1
    outer loop
      vertex 95.9887 26.7653 26.5
      vertex 89.5 27.5 26.5
      vertex 95.9887 28.2347 26.5
    endloop
  endfacet
  facet normal 0 0 -1
    outer loop
      vertex 95.9887 28.2347 26.5
      vertex 89.7556 29.4411 26.5
      vertex 90.5048 31.25 26.5
    endloop
  endfacet
  facet normal -0 0 -1
    outer loop
      vertex 95.9887 28.2347 26.5
      vertex 89.5 27.5 26.5
      vertex 89.7556 29.4411 26.5
    endloop
  endfacet
  facet normal -0.991442 0.130551 0
    outer loop
      vertex 89.5 27.5 26.5
      vertex 89.7556 29.4411 29.5
      vertex 89.7556 29.4411 26.5
    endloop
  endfacet
  facet normal -0.991442 0.130551 0
    outer loop
      vertex 89.7556 29.4411 29.5
      vertex 89.5 27.5 26.5
      vertex 89.5 27.5 29.5
    endloop
  endfacet
  facet normal 0 0 1
    outer loop
      vertex 97.3863 28.6888 29.5
      vertex 99.5 34.513 29.5
      vertex 98.9411 34.7444 29.5
    endloop
  endfacet
  facet normal 0 0 1
    outer loop
      vertex 99.5 34.513 29.5
      vertex 98.25 27.5 29.5
      vertex 99.5 20.487 29.5
    endloop
  endfacet
  facet normal -0 0 1
    outer loop
      vertex 97.3863 26.3112 29.5
      vertex 99.5 20.487 29.5
      vertex 98.25 27.5 29.5
    endloop
  endfacet
  facet normal 0 0 1
    outer loop
      vertex 99.5 34.513 29.5
      vertex 97.3863 28.6888 29.5
      vertex 98.25 27.5 29.5
    endloop
  endfacet
  facet normal 0 0 1
    outer loop
      vertex 97 35 29.5
      vertex 97.3863 28.6888 29.5
      vertex 98.9411 34.7444 29.5
    endloop
  endfacet
  facet normal -0 0 1
    outer loop
      vertex 95.0589 34.7444 29.5
      vertex 97.3863 28.6888 29.5
      vertex 97 35 29.5
    endloop
  endfacet
  facet normal -0 0 1
    outer loop
      vertex 93.25 33.9952 29.5
      vertex 95.9887 28.2347 29.5
      vertex 95.0589 34.7444 29.5
    endloop
  endfacet
  facet normal 0 0 1
    outer loop
      vertex 97.3863 28.6888 29.5
      vertex 95.0589 34.7444 29.5
      vertex 95.9887 28.2347 29.5
    endloop
  endfacet
  facet normal 0 0 1
    outer loop
      vertex 99.5 20.487 29.5
      vertex 97.3863 26.3112 29.5
      vertex 98.9411 20.2556 29.5
    endloop
  endfacet
  facet normal 0 0 1
    outer loop
      vertex 97.3863 26.3112 29.5
      vertex 97 20 29.5
      vertex 98.9411 20.2556 29.5
    endloop
  endfacet
  facet normal 0 0 1
    outer loop
      vertex 95.0589 20.2556 29.5
      vertex 97.3863 26.3112 29.5
      vertex 95.9887 26.7653 29.5
    endloop
  endfacet
  facet normal 0 0 1
    outer loop
      vertex 97.3863 26.3112 29.5
      vertex 95.0589 20.2556 29.5
      vertex 97 20 29.5
    endloop
  endfacet
  facet normal -0 0 1
    outer loop
      vertex 91.6967 32.8033 29.5
      vertex 95.9887 28.2347 29.5
      vertex 93.25 33.9952 29.5
    endloop
  endfacet
  facet normal -0 0 1
    outer loop
      vertex 90.5048 31.25 29.5
      vertex 95.9887 28.2347 29.5
      vertex 91.6967 32.8033 29.5
    endloop
  endfacet
  facet normal 0 0 1
    outer loop
      vertex 95.9887 26.7653 29.5
      vertex 93.25 21.0048 29.5
      vertex 95.0589 20.2556 29.5
    endloop
  endfacet
  facet normal -0 0 1
    outer loop
      vertex 89.7556 29.4411 29.5
      vertex 95.9887 28.2347 29.5
      vertex 90.5048 31.25 29.5
    endloop
  endfacet
  facet normal 0 0 1
    outer loop
      vertex 95.9887 26.7653 29.5
      vertex 91.6967 22.1967 29.5
      vertex 93.25 21.0048 29.5
    endloop
  endfacet
  facet normal 0 0 1
    outer loop
      vertex 89.5 27.5 29.5
      vertex 95.9887 28.2347 29.5
      vertex 89.7556 29.4411 29.5
    endloop
  endfacet
  facet normal 0 0 1
    outer loop
      vertex 95.9887 26.7653 29.5
      vertex 90.5048 23.75 29.5
      vertex 91.6967 22.1967 29.5
    endloop
  endfacet
  facet normal 0 0 1
    outer loop
      vertex 95.9887 28.2347 29.5
      vertex 89.5 27.5 29.5
      vertex 95.9887 26.7653 29.5
    endloop
  endfacet
  facet normal 0 0 1
    outer loop
      vertex 95.9887 26.7653 29.5
      vertex 89.7556 25.5589 29.5
      vertex 90.5048 23.75 29.5
    endloop
  endfacet
  facet normal 0 0 1
    outer loop
      vertex 95.9887 26.7653 29.5
      vertex 89.5 27.5 29.5
      vertex 89.7556 25.5589 29.5
    endloop
  endfacet
  facet normal -0.382653 0.923892 0
    outer loop
      vertex 95.0589 34.7444 26.5
      vertex 93.25 33.9952 29.5
      vertex 95.0589 34.7444 29.5
    endloop
  endfacet
  facet normal -0.382653 0.923892 0
    outer loop
      vertex 93.25 33.9952 29.5
      vertex 95.0589 34.7444 26.5
      vertex 93.25 33.9952 26.5
    endloop
  endfacet
  facet normal 0.382537 -0.92394 0
    outer loop
      vertex 98.9411 20.2556 26.5
      vertex 99.5 20.487 29.5
      vertex 98.9411 20.2556 29.5
    endloop
  endfacet
  facet normal 0.382537 -0.92394 0
    outer loop
      vertex 99.5 20.487 29.5
      vertex 98.9411 20.2556 26.5
      vertex 99.5 20.487 26.5
    endloop
  endfacet
  facet normal -0.130551 -0.991442 0
    outer loop
      vertex 95.0589 20.2556 26.5
      vertex 97 20 29.5
      vertex 95.0589 20.2556 29.5
    endloop
  endfacet
  facet normal -0.130551 -0.991442 -0
    outer loop
      vertex 97 20 29.5
      vertex 95.0589 20.2556 26.5
      vertex 97 20 26.5
    endloop
  endfacet
  facet normal -0.608765 -0.793351 0
    outer loop
      vertex 91.6967 22.1967 26.5
      vertex 93.25 21.0048 29.5
      vertex 91.6967 22.1967 29.5
    endloop
  endfacet
  facet normal -0.608765 -0.793351 -0
    outer loop
      vertex 93.25 21.0048 29.5
      vertex 91.6967 22.1967 26.5
      vertex 93.25 21.0048 26.5
    endloop
  endfacet
  facet normal -0.923892 -0.382653 0
    outer loop
      vertex 90.5048 23.75 26.5
      vertex 89.7556 25.5589 29.5
      vertex 89.7556 25.5589 26.5
    endloop
  endfacet
  facet normal -0.923892 -0.382653 0
    outer loop
      vertex 89.7556 25.5589 29.5
      vertex 90.5048 23.75 26.5
      vertex 90.5048 23.75 29.5
    endloop
  endfacet
  facet normal -0.991442 -0.130551 0
    outer loop
      vertex 89.7556 25.5589 26.5
      vertex 89.5 27.5 29.5
      vertex 89.5 27.5 26.5
    endloop
  endfacet
  facet normal -0.991442 -0.130551 0
    outer loop
      vertex 89.5 27.5 29.5
      vertex 89.7556 25.5589 26.5
      vertex 89.7556 25.5589 29.5
    endloop
  endfacet
  facet normal -0.793351 -0.608765 0
    outer loop
      vertex 91.6967 22.1967 26.5
      vertex 90.5048 23.75 29.5
      vertex 90.5048 23.75 26.5
    endloop
  endfacet
  facet normal -0.793351 -0.608765 0
    outer loop
      vertex 90.5048 23.75 29.5
      vertex 91.6967 22.1967 26.5
      vertex 91.6967 22.1967 29.5
    endloop
  endfacet
  facet normal 0.991442 0.130551 0
    outer loop
      vertex 15.5 27.5 29.5
      vertex 15.2444 29.4411 26.5
      vertex 15.2444 29.4411 29.5
    endloop
  endfacet
  facet normal 0.991442 0.130551 0
    outer loop
      vertex 15.2444 29.4411 26.5
      vertex 15.5 27.5 29.5
      vertex 15.5 27.5 26.5
    endloop
  endfacet
  facet normal -0.130548 0.991442 0
    outer loop
      vertex 8 35 26.5
      vertex 6.05886 34.7444 29.5
      vertex 8 35 29.5
    endloop
  endfacet
  facet normal -0.130548 0.991442 0
    outer loop
      vertex 6.05886 34.7444 29.5
      vertex 8 35 26.5
      vertex 6.05886 34.7444 26.5
    endloop
  endfacet
  facet normal 0.130548 -0.991442 0
    outer loop
      vertex 8 20 26.5
      vertex 9.94114 20.2556 29.5
      vertex 8 20 29.5
    endloop
  endfacet
  facet normal 0.130548 -0.991442 0
    outer loop
      vertex 9.94114 20.2556 29.5
      vertex 8 20 26.5
      vertex 9.94114 20.2556 26.5
    endloop
  endfacet
  facet normal 0.608765 0.793351 -0
    outer loop
      vertex 13.3033 32.8033 26.5
      vertex 11.75 33.9952 29.5
      vertex 13.3033 32.8033 29.5
    endloop
  endfacet
  facet normal 0.608765 0.793351 0
    outer loop
      vertex 11.75 33.9952 29.5
      vertex 13.3033 32.8033 26.5
      vertex 11.75 33.9952 26.5
    endloop
  endfacet
  facet normal 0.793351 -0.608765 0
    outer loop
      vertex 13.3033 22.1967 29.5
      vertex 14.4952 23.75 26.5
      vertex 14.4952 23.75 29.5
    endloop
  endfacet
  facet normal 0.793351 -0.608765 0
    outer loop
      vertex 14.4952 23.75 26.5
      vertex 13.3033 22.1967 29.5
      vertex 13.3033 22.1967 26.5
    endloop
  endfacet
  facet normal -0.38256 -0.923931 0
    outer loop
      vertex 5.5 20.487 26.5
      vertex 6.05886 20.2556 29.5
      vertex 5.5 20.487 29.5
    endloop
  endfacet
  facet normal -0.38256 -0.923931 -0
    outer loop
      vertex 6.05886 20.2556 29.5
      vertex 5.5 20.487 26.5
      vertex 6.05886 20.2556 26.5
    endloop
  endfacet
  facet normal 0.793351 0.608765 0
    outer loop
      vertex 14.4952 31.25 29.5
      vertex 13.3033 32.8033 26.5
      vertex 13.3033 32.8033 29.5
    endloop
  endfacet
  facet normal 0.793351 0.608765 0
    outer loop
      vertex 13.3033 32.8033 26.5
      vertex 14.4952 31.25 29.5
      vertex 14.4952 31.25 26.5
    endloop
  endfacet
  facet normal 0.923892 0.382653 0
    outer loop
      vertex 15.2444 29.4411 29.5
      vertex 14.4952 31.25 26.5
      vertex 14.4952 31.25 29.5
    endloop
  endfacet
  facet normal 0.923892 0.382653 0
    outer loop
      vertex 14.4952 31.25 26.5
      vertex 15.2444 29.4411 29.5
      vertex 15.2444 29.4411 26.5
    endloop
  endfacet
  facet normal 0.130548 0.991442 -0
    outer loop
      vertex 9.94114 34.7444 26.5
      vertex 8 35 29.5
      vertex 9.94114 34.7444 29.5
    endloop
  endfacet
  facet normal 0.130548 0.991442 0
    outer loop
      vertex 8 35 29.5
      vertex 9.94114 34.7444 26.5
      vertex 8 35 26.5
    endloop
  endfacet
  facet normal 0.38266 0.923889 -0
    outer loop
      vertex 11.75 33.9952 26.5
      vertex 9.94114 34.7444 29.5
      vertex 11.75 33.9952 29.5
    endloop
  endfacet
  facet normal 0.38266 0.923889 0
    outer loop
      vertex 9.94114 34.7444 29.5
      vertex 11.75 33.9952 26.5
      vertex 9.94114 34.7444 26.5
    endloop
  endfacet
  facet normal 0 0 -1
    outer loop
      vertex 9.25 27.5 26.5
      vertex 15.5 27.5 26.5
      vertex 15.2444 25.5589 26.5
    endloop
  endfacet
  facet normal 0 0 -1
    outer loop
      vertex 9.25 27.5 26.5
      vertex 15.2444 25.5589 26.5
      vertex 14.4952 23.75 26.5
    endloop
  endfacet
  facet normal 0 0 -1
    outer loop
      vertex 15.5 27.5 26.5
      vertex 9.25 27.5 26.5
      vertex 15.2444 29.4411 26.5
    endloop
  endfacet
  facet normal 0 0 -1
    outer loop
      vertex 8.38627 26.3112 26.5
      vertex 14.4952 23.75 26.5
      vertex 13.3033 22.1967 26.5
    endloop
  endfacet
  facet normal -0 0 -1
    outer loop
      vertex 15.2444 29.4411 26.5
      vertex 9.25 27.5 26.5
      vertex 14.4952 31.25 26.5
    endloop
  endfacet
  facet normal 0 0 -1
    outer loop
      vertex 8.38627 26.3112 26.5
      vertex 13.3033 22.1967 26.5
      vertex 11.75 21.0048 26.5
    endloop
  endfacet
  facet normal 0 0 -1
    outer loop
      vertex 8.38627 28.6888 26.5
      vertex 14.4952 31.25 26.5
      vertex 9.25 27.5 26.5
    endloop
  endfacet
  facet normal 0 0 -1
    outer loop
      vertex 8.38627 26.3112 26.5
      vertex 11.75 21.0048 26.5
      vertex 9.94114 20.2556 26.5
    endloop
  endfacet
  facet normal -0 0 -1
    outer loop
      vertex 14.4952 31.25 26.5
      vertex 8.38627 28.6888 26.5
      vertex 13.3033 32.8033 26.5
    endloop
  endfacet
  facet normal -0 0 -1
    outer loop
      vertex 13.3033 32.8033 26.5
      vertex 8.38627 28.6888 26.5
      vertex 11.75 33.9952 26.5
    endloop
  endfacet
  facet normal 0 0 -1
    outer loop
      vertex 14.4952 23.75 26.5
      vertex 8.38627 26.3112 26.5
      vertex 9.25 27.5 26.5
    endloop
  endfacet
  facet normal 0 0 -1
    outer loop
      vertex 8 20 26.5
      vertex 8.38627 26.3112 26.5
      vertex 9.94114 20.2556 26.5
    endloop
  endfacet
  facet normal 0 0 -1
    outer loop
      vertex 6.05886 20.2556 26.5
      vertex 8.38627 26.3112 26.5
      vertex 8 20 26.5
    endloop
  endfacet
  facet normal -0 0 -1
    outer loop
      vertex 8.38627 26.3112 26.5
      vertex 5.5 20.487 26.5
      vertex 6.98873 26.7653 26.5
    endloop
  endfacet
  facet normal 0 0 -1
    outer loop
      vertex 5.5 20.487 26.5
      vertex 8.38627 26.3112 26.5
      vertex 6.05886 20.2556 26.5
    endloop
  endfacet
  facet normal -0 0 -1
    outer loop
      vertex 11.75 33.9952 26.5
      vertex 8.38627 28.6888 26.5
      vertex 9.94114 34.7444 26.5
    endloop
  endfacet
  facet normal 0 0 -1
    outer loop
      vertex 8.38627 28.6888 26.5
      vertex 8 35 26.5
      vertex 9.94114 34.7444 26.5
    endloop
  endfacet
  facet normal 0 0 -1
    outer loop
      vertex 5.5 34.513 26.5
      vertex 8.38627 28.6888 26.5
      vertex 6.98873 28.2347 26.5
    endloop
  endfacet
  facet normal 0 0 -1
    outer loop
      vertex 8.38627 28.6888 26.5
      vertex 6.05886 34.7444 26.5
      vertex 8 35 26.5
    endloop
  endfacet
  facet normal -0 0 -1
    outer loop
      vertex 6.98873 26.7653 26.5
      vertex 5.5 20.487 26.5
      vertex 6.98873 28.2347 26.5
    endloop
  endfacet
  facet normal 0 0 -1
    outer loop
      vertex 5.5 34.513 26.5
      vertex 6.98873 28.2347 26.5
      vertex 5.5 20.487 26.5
    endloop
  endfacet
  facet normal 0 0 -1
    outer loop
      vertex 8.38627 28.6888 26.5
      vertex 5.5 34.513 26.5
      vertex 6.05886 34.7444 26.5
    endloop
  endfacet
  facet normal 0 0 1
    outer loop
      vertex 9.25 27.5 29.5
      vertex 15.5 27.5 29.5
      vertex 15.2444 29.4411 29.5
    endloop
  endfacet
  facet normal 0 0 1
    outer loop
      vertex 9.25 27.5 29.5
      vertex 15.2444 29.4411 29.5
      vertex 14.4952 31.25 29.5
    endloop
  endfacet
  facet normal 0 0 1
    outer loop
      vertex 15.5 27.5 29.5
      vertex 9.25 27.5 29.5
      vertex 15.2444 25.5589 29.5
    endloop
  endfacet
  facet normal 0 0 1
    outer loop
      vertex 8.38627 28.6888 29.5
      vertex 14.4952 31.25 29.5
      vertex 13.3033 32.8033 29.5
    endloop
  endfacet
  facet normal 0 0 1
    outer loop
      vertex 15.2444 25.5589 29.5
      vertex 9.25 27.5 29.5
      vertex 14.4952 23.75 29.5
    endloop
  endfacet
  facet normal 0 0 1
    outer loop
      vertex 8.38627 28.6888 29.5
      vertex 13.3033 32.8033 29.5
      vertex 11.75 33.9952 29.5
    endloop
  endfacet
  facet normal -0 0 1
    outer loop
      vertex 8.38627 26.3112 29.5
      vertex 14.4952 23.75 29.5
      vertex 9.25 27.5 29.5
    endloop
  endfacet
  facet normal 0 0 1
    outer loop
      vertex 8.38627 28.6888 29.5
      vertex 11.75 33.9952 29.5
      vertex 9.94114 34.7444 29.5
    endloop
  endfacet
  facet normal 0 0 1
    outer loop
      vertex 14.4952 23.75 29.5
      vertex 8.38627 26.3112 29.5
      vertex 13.3033 22.1967 29.5
    endloop
  endfacet
  facet normal 0 0 1
    outer loop
      vertex 13.3033 22.1967 29.5
      vertex 8.38627 26.3112 29.5
      vertex 11.75 21.0048 29.5
    endloop
  endfacet
  facet normal 0 0 1
    outer loop
      vertex 14.4952 31.25 29.5
      vertex 8.38627 28.6888 29.5
      vertex 9.25 27.5 29.5
    endloop
  endfacet
  facet normal 0 0 1
    outer loop
      vertex 8 35 29.5
      vertex 8.38627 28.6888 29.5
      vertex 9.94114 34.7444 29.5
    endloop
  endfacet
  facet normal -0 0 1
    outer loop
      vertex 6.05886 34.7444 29.5
      vertex 8.38627 28.6888 29.5
      vertex 8 35 29.5
    endloop
  endfacet
  facet normal 0 0 1
    outer loop
      vertex 8.38627 28.6888 29.5
      vertex 5.5 34.513 29.5
      vertex 6.98873 28.2347 29.5
    endloop
  endfacet
  facet normal -0 0 1
    outer loop
      vertex 5.5 34.513 29.5
      vertex 8.38627 28.6888 29.5
      vertex 6.05886 34.7444 29.5
    endloop
  endfacet
  facet normal 0 0 1
    outer loop
      vertex 11.75 21.0048 29.5
      vertex 8.38627 26.3112 29.5
      vertex 9.94114 20.2556 29.5
    endloop
  endfacet
  facet normal 0 0 1
    outer loop
      vertex 8.38627 26.3112 29.5
      vertex 8 20 29.5
      vertex 9.94114 20.2556 29.5
    endloop
  endfacet
  facet normal 0 0 1
    outer loop
      vertex 5.5 20.487 29.5
      vertex 8.38627 26.3112 29.5
      vertex 6.98873 26.7653 29.5
    endloop
  endfacet
  facet normal 0 0 1
    outer loop
      vertex 8.38627 26.3112 29.5
      vertex 6.05886 20.2556 29.5
      vertex 8 20 29.5
    endloop
  endfacet
  facet normal 0 0 1
    outer loop
      vertex 6.98873 28.2347 29.5
      vertex 5.5 34.513 29.5
      vertex 6.98873 26.7653 29.5
    endloop
  endfacet
  facet normal 0 0 1
    outer loop
      vertex 5.5 20.487 29.5
      vertex 6.98873 26.7653 29.5
      vertex 5.5 34.513 29.5
    endloop
  endfacet
  facet normal 0 0 1
    outer loop
      vertex 8.38627 26.3112 29.5
      vertex 5.5 20.487 29.5
      vertex 6.05886 20.2556 29.5
    endloop
  endfacet
  facet normal -0.38256 0.923931 0
    outer loop
      vertex 6.05886 34.7444 26.5
      vertex 5.5 34.513 29.5
      vertex 6.05886 34.7444 29.5
    endloop
  endfacet
  facet normal -0.38256 0.923931 0
    outer loop
      vertex 5.5 34.513 29.5
      vertex 6.05886 34.7444 26.5
      vertex 5.5 34.513 26.5
    endloop
  endfacet
  facet normal 0.991442 -0.130551 0
    outer loop
      vertex 15.2444 25.5589 29.5
      vertex 15.5 27.5 26.5
      vertex 15.5 27.5 29.5
    endloop
  endfacet
  facet normal 0.991442 -0.130551 0
    outer loop
      vertex 15.5 27.5 26.5
      vertex 15.2444 25.5589 29.5
      vertex 15.2444 25.5589 26.5
    endloop
  endfacet
  facet normal 0.38266 -0.923889 0
    outer loop
      vertex 9.94114 20.2556 26.5
      vertex 11.75 21.0048 29.5
      vertex 9.94114 20.2556 29.5
    endloop
  endfacet
  facet normal 0.38266 -0.923889 0
    outer loop
      vertex 11.75 21.0048 29.5
      vertex 9.94114 20.2556 26.5
      vertex 11.75 21.0048 26.5
    endloop
  endfacet
  facet normal -0.130548 -0.991442 0
    outer loop
      vertex 6.05886 20.2556 26.5
      vertex 8 20 29.5
      vertex 6.05886 20.2556 29.5
    endloop
  endfacet
  facet normal -0.130548 -0.991442 -0
    outer loop
      vertex 8 20 29.5
      vertex 6.05886 20.2556 26.5
      vertex 8 20 26.5
    endloop
  endfacet
  facet normal 0.923892 -0.382653 0
    outer loop
      vertex 14.4952 23.75 29.5
      vertex 15.2444 25.5589 26.5
      vertex 15.2444 25.5589 29.5
    endloop
  endfacet
  facet normal 0.923892 -0.382653 0
    outer loop
      vertex 15.2444 25.5589 26.5
      vertex 14.4952 23.75 29.5
      vertex 14.4952 23.75 26.5
    endloop
  endfacet
  facet normal 0.608765 -0.793351 0
    outer loop
      vertex 11.75 21.0048 26.5
      vertex 13.3033 22.1967 29.5
      vertex 11.75 21.0048 29.5
    endloop
  endfacet
  facet normal 0.608765 -0.793351 0
    outer loop
      vertex 13.3033 22.1967 29.5
      vertex 11.75 21.0048 26.5
      vertex 13.3033 22.1967 26.5
    endloop
  endfacet
  facet normal -0.809021 -0.587779 0
    outer loop
      vertex 98.25 92.5 26.5
      vertex 97.3863 93.6888 29.5
      vertex 97.3863 93.6888 26.5
    endloop
  endfacet
  facet normal -0.809021 -0.587779 0
    outer loop
      vertex 97.3863 93.6888 29.5
      vertex 98.25 92.5 26.5
      vertex 98.25 92.5 29.5
    endloop
  endfacet
  facet normal 1 -0 0
    outer loop
      vertex 95.9887 91.7653 29.5
      vertex 95.9887 93.2347 26.5
      vertex 95.9887 93.2347 29.5
    endloop
  endfacet
  facet normal 1 0 0
    outer loop
      vertex 95.9887 93.2347 26.5
      vertex 95.9887 91.7653 29.5
      vertex 95.9887 91.7653 26.5
    endloop
  endfacet
  facet normal 0.309012 -0.951058 0
    outer loop
      vertex 95.9887 93.2347 26.5
      vertex 97.3863 93.6888 29.5
      vertex 95.9887 93.2347 29.5
    endloop
  endfacet
  facet normal 0.309012 -0.951058 0
    outer loop
      vertex 97.3863 93.6888 29.5
      vertex 95.9887 93.2347 26.5
      vertex 97.3863 93.6888 26.5
    endloop
  endfacet
  facet normal -0.809021 0.587779 0
    outer loop
      vertex 97.3863 91.3112 26.5
      vertex 98.25 92.5 29.5
      vertex 98.25 92.5 26.5
    endloop
  endfacet
  facet normal -0.809021 0.587779 0
    outer loop
      vertex 98.25 92.5 29.5
      vertex 97.3863 91.3112 26.5
      vertex 97.3863 91.3112 29.5
    endloop
  endfacet
  facet normal 0.309012 0.951058 -0
    outer loop
      vertex 97.3863 91.3112 26.5
      vertex 95.9887 91.7653 29.5
      vertex 97.3863 91.3112 29.5
    endloop
  endfacet
  facet normal 0.309012 0.951058 0
    outer loop
      vertex 95.9887 91.7653 29.5
      vertex 97.3863 91.3112 26.5
      vertex 95.9887 91.7653 26.5
    endloop
  endfacet
  facet normal -0.809012 -0.587792 0
    outer loop
      vertex 9.25 92.5 26.5
      vertex 8.38627 93.6888 29.5
      vertex 8.38627 93.6888 26.5
    endloop
  endfacet
  facet normal -0.809012 -0.587792 0
    outer loop
      vertex 8.38627 93.6888 29.5
      vertex 9.25 92.5 26.5
      vertex 9.25 92.5 29.5
    endloop
  endfacet
  facet normal 1 -0 0
    outer loop
      vertex 6.98873 91.7653 29.5
      vertex 6.98873 93.2347 26.5
      vertex 6.98873 93.2347 29.5
    endloop
  endfacet
  facet normal 1 0 0
    outer loop
      vertex 6.98873 93.2347 26.5
      vertex 6.98873 91.7653 29.5
      vertex 6.98873 91.7653 26.5
    endloop
  endfacet
  facet normal 0.309024 -0.951054 0
    outer loop
      vertex 6.98873 93.2347 26.5
      vertex 8.38627 93.6888 29.5
      vertex 6.98873 93.2347 29.5
    endloop
  endfacet
  facet normal 0.309024 -0.951054 0
    outer loop
      vertex 8.38627 93.6888 29.5
      vertex 6.98873 93.2347 26.5
      vertex 8.38627 93.6888 26.5
    endloop
  endfacet
  facet normal 0.309024 0.951054 -0
    outer loop
      vertex 8.38627 91.3112 26.5
      vertex 6.98873 91.7653 29.5
      vertex 8.38627 91.3112 29.5
    endloop
  endfacet
  facet normal 0.309024 0.951054 0
    outer loop
      vertex 6.98873 91.7653 29.5
      vertex 8.38627 91.3112 26.5
      vertex 6.98873 91.7653 26.5
    endloop
  endfacet
  facet normal -0.809012 0.587792 0
    outer loop
      vertex 8.38627 91.3112 26.5
      vertex 9.25 92.5 29.5
      vertex 9.25 92.5 26.5
    endloop
  endfacet
  facet normal -0.809012 0.587792 0
    outer loop
      vertex 9.25 92.5 29.5
      vertex 8.38627 91.3112 26.5
      vertex 8.38627 91.3112 29.5
    endloop
  endfacet
  facet normal -0.809021 -0.587779 0
    outer loop
      vertex 98.25 27.5 26.5
      vertex 97.3863 28.6888 29.5
      vertex 97.3863 28.6888 26.5
    endloop
  endfacet
  facet normal -0.809021 -0.587779 0
    outer loop
      vertex 97.3863 28.6888 29.5
      vertex 98.25 27.5 26.5
      vertex 98.25 27.5 29.5
    endloop
  endfacet
  facet normal 1 -0 0
    outer loop
      vertex 95.9887 26.7653 29.5
      vertex 95.9887 28.2347 26.5
      vertex 95.9887 28.2347 29.5
    endloop
  endfacet
  facet normal 1 0 0
    outer loop
      vertex 95.9887 28.2347 26.5
      vertex 95.9887 26.7653 29.5
      vertex 95.9887 26.7653 26.5
    endloop
  endfacet
  facet normal 0.309012 -0.951058 0
    outer loop
      vertex 95.9887 28.2347 26.5
      vertex 97.3863 28.6888 29.5
      vertex 95.9887 28.2347 29.5
    endloop
  endfacet
  facet normal 0.309012 -0.951058 0
    outer loop
      vertex 97.3863 28.6888 29.5
      vertex 95.9887 28.2347 26.5
      vertex 97.3863 28.6888 26.5
    endloop
  endfacet
  facet normal -0.809021 0.587779 0
    outer loop
      vertex 97.3863 26.3112 26.5
      vertex 98.25 27.5 29.5
      vertex 98.25 27.5 26.5
    endloop
  endfacet
  facet normal -0.809021 0.587779 0
    outer loop
      vertex 98.25 27.5 29.5
      vertex 97.3863 26.3112 26.5
      vertex 97.3863 26.3112 29.5
    endloop
  endfacet
  facet normal 0.309012 0.951058 -0
    outer loop
      vertex 97.3863 26.3112 26.5
      vertex 95.9887 26.7653 29.5
      vertex 97.3863 26.3112 29.5
    endloop
  endfacet
  facet normal 0.309012 0.951058 0
    outer loop
      vertex 95.9887 26.7653 29.5
      vertex 97.3863 26.3112 26.5
      vertex 95.9887 26.7653 26.5
    endloop
  endfacet
  facet normal -0.809012 -0.587792 0
    outer loop
      vertex 9.25 27.5 26.5
      vertex 8.38627 28.6888 29.5
      vertex 8.38627 28.6888 26.5
    endloop
  endfacet
  facet normal -0.809012 -0.587792 0
    outer loop
      vertex 8.38627 28.6888 29.5
      vertex 9.25 27.5 26.5
      vertex 9.25 27.5 29.5
    endloop
  endfacet
  facet normal 1 -0 0
    outer loop
      vertex 6.98873 26.7653 29.5
      vertex 6.98873 28.2347 26.5
      vertex 6.98873 28.2347 29.5
    endloop
  endfacet
  facet normal 1 0 0
    outer loop
      vertex 6.98873 28.2347 26.5
      vertex 6.98873 26.7653 29.5
      vertex 6.98873 26.7653 26.5
    endloop
  endfacet
  facet normal 0.309024 -0.951054 0
    outer loop
      vertex 6.98873 28.2347 26.5
      vertex 8.38627 28.6888 29.5
      vertex 6.98873 28.2347 29.5
    endloop
  endfacet
  facet normal 0.309024 -0.951054 0
    outer loop
      vertex 8.38627 28.6888 29.5
      vertex 6.98873 28.2347 26.5
      vertex 8.38627 28.6888 26.5
    endloop
  endfacet
  facet normal 0.309024 0.951054 -0
    outer loop
      vertex 8.38627 26.3112 26.5
      vertex 6.98873 26.7653 29.5
      vertex 8.38627 26.3112 29.5
    endloop
  endfacet
  facet normal 0.309024 0.951054 0
    outer loop
      vertex 6.98873 26.7653 29.5
      vertex 8.38627 26.3112 26.5
      vertex 6.98873 26.7653 26.5
    endloop
  endfacet
  facet normal -0.809012 0.587792 0
    outer loop
      vertex 8.38627 26.3112 26.5
      vertex 9.25 27.5 29.5
      vertex 9.25 27.5 26.5
    endloop
  endfacet
  facet normal -0.809012 0.587792 0
    outer loop
      vertex 9.25 27.5 29.5
      vertex 8.38627 26.3112 26.5
      vertex 8.38627 26.3112 29.5
    endloop
  endfacet
endsolid OpenSCAD_Model
