solid OpenSCAD_Model
  facet normal -1 0 0
    outer loop
      vertex 0 9.0762 -3
      vertex 0 0.923797 -3
      vertex 0 9.0762 0
    endloop
  endfacet
  facet normal -1 0 0
    outer loop
      vertex 0 104.076 -3
      vertex 0 95.9238 -3
      vertex 0 104.076 0
    endloop
  endfacet
  facet normal -1 0 0
    outer loop
      vertex 0 104.076 0
      vertex 0 105 3
      vertex 0 105 0
    endloop
  endfacet
  facet normal -1 0 0
    outer loop
      vertex 0 95.9238 0
      vertex 0 104.076 0
      vertex 0 95.9238 -3
    endloop
  endfacet
  facet normal -1 0 0
    outer loop
      vertex 0 104.076 0
      vertex 0 95.9238 0
      vertex 0 105 3
    endloop
  endfacet
  facet normal -1 0 0
    outer loop
      vertex 0 9.0762 0
      vertex 0 105 3
      vertex 0 95.9238 0
    endloop
  endfacet
  facet normal -1 0 0
    outer loop
      vertex 0 0.923797 0
      vertex 0 9.0762 0
      vertex 0 0.923797 -3
    endloop
  endfacet
  facet normal -1 0 0
    outer loop
      vertex 0 0 3
      vertex 0 9.0762 0
      vertex 0 0.923797 0
    endloop
  endfacet
  facet normal -1 0 0
    outer loop
      vertex 0 0 3
      vertex 0 0.923797 0
      vertex 0 0 0
    endloop
  endfacet
  facet normal -1 0 0
    outer loop
      vertex 0 9.0762 0
      vertex 0 0 3
      vertex 0 105 3
    endloop
  endfacet
  facet normal 0 0 1
    outer loop
      vertex 12 88.5 3
      vertex 4.125 98.4845 3
      vertex 12 36.5 3
    endloop
  endfacet
  facet normal 0 0 1
    outer loop
      vertex 12 36.5 3
      vertex 5.875 6.51554 3
      vertex 6.75 5 3
    endloop
  endfacet
  facet normal 0 0 1
    outer loop
      vertex 0 105 3
      vertex 12 36.5 3
      vertex 4.125 98.4845 3
    endloop
  endfacet
  facet normal 0 0 1
    outer loop
      vertex 12 36.5 3
      vertex 4.125 6.51554 3
      vertex 5.875 6.51554 3
    endloop
  endfacet
  facet normal 0 0 1
    outer loop
      vertex 0 105 3
      vertex 4.125 98.4845 3
      vertex 3.25 100 3
    endloop
  endfacet
  facet normal 0 0 1
    outer loop
      vertex 0 0 3
      vertex 12 36.5 3
      vertex 0 105 3
    endloop
  endfacet
  facet normal -0 0 1
    outer loop
      vertex 10.1702 5.625 3
      vertex 11.0932 5.58424 3
      vertex 10.303 6.118 3
    endloop
  endfacet
  facet normal 0 -0 1
    outer loop
      vertex 10.1697 4.55299 3
      vertex 11.0325 5.09 3
      vertex 10.126 5.088 3
    endloop
  endfacet
  facet normal 0 0 1
    outer loop
      vertex 11.0932 5.58424 3
      vertex 10.1702 5.625 3
      vertex 11.0325 5.09 3
    endloop
  endfacet
  facet normal 0 0 1
    outer loop
      vertex 11.0325 5.09 3
      vertex 10.529 3.604 3
      vertex 10.861 3.16801 3
    endloop
  endfacet
  facet normal 0 0 1
    outer loop
      vertex 11.0325 5.09 3
      vertex 10.1702 5.625 3
      vertex 10.126 5.088 3
    endloop
  endfacet
  facet normal 0 -0 1
    outer loop
      vertex 10.301 4.062 3
      vertex 11.0325 5.09 3
      vertex 10.1697 4.55299 3
    endloop
  endfacet
  facet normal 0 0 1
    outer loop
      vertex 11.0325 5.09 3
      vertex 10.301 4.062 3
      vertex 10.529 3.604 3
    endloop
  endfacet
  facet normal -0 0 1
    outer loop
      vertex 10.476 101.416 3
      vertex 12.613 99.984 3
      vertex 12.678 101.416 3
    endloop
  endfacet
  facet normal 0 0 1
    outer loop
      vertex 12.613 99.984 3
      vertex 10.476 101.416 3
      vertex 10.476 99.984 3
    endloop
  endfacet
  facet normal 0 0 1
    outer loop
      vertex 28.8743 98.284 3
      vertex 28.4393 98.711 3
      vertex 28.4536 98.5165 3
    endloop
  endfacet
  facet normal 0 0 1
    outer loop
      vertex 28.6134 6.87999 3
      vertex 27.9118 5.95224 3
      vertex 28.0673 5.08099 3
    endloop
  endfacet
  facet normal 0 0 1
    outer loop
      vertex 28.0673 5.08099 3
      vertex 27.9118 5.95224 3
      vertex 27.9286 5.29599 3
    endloop
  endfacet
  facet normal -0 0 1
    outer loop
      vertex 27.8046 5.75899 3
      vertex 27.9286 5.29599 3
      vertex 27.9118 5.95224 3
    endloop
  endfacet
  facet normal 0 0 1
    outer loop
      vertex 27.8046 5.75899 3
      vertex 27.7046 5.44949 3
      vertex 27.9286 5.29599 3
    endloop
  endfacet
  facet normal -0 0 1
    outer loop
      vertex 27.6331 5.61525 3
      vertex 27.7046 5.44949 3
      vertex 27.8046 5.75899 3
    endloop
  endfacet
  facet normal 0 0 1
    outer loop
      vertex 27.7046 5.44949 3
      vertex 27.6331 5.61525 3
      vertex 27.4026 5.528 3
    endloop
  endfacet
  facet normal 0 0 1
    outer loop
      vertex 27.2833 99.781 3
      vertex 27.9443 99.955 3
      vertex 27.9061 100.269 3
    endloop
  endfacet
  facet normal 0 0 1
    outer loop
      vertex 27.2833 99.781 3
      vertex 27.9061 100.269 3
      vertex 27.7913 100.478 3
    endloop
  endfacet
  facet normal 0 0 1
    outer loop
      vertex 27.2833 99.781 3
      vertex 27.7913 100.478 3
      vertex 27.5958 100.596 3
    endloop
  endfacet
  facet normal 0 0 1
    outer loop
      vertex 27.2833 99.781 3
      vertex 27.5958 100.596 3
      vertex 27.3133 100.636 3
    endloop
  endfacet
  facet normal 0 0 1
    outer loop
      vertex 27.9443 99.955 3
      vertex 27.2833 99.781 3
      vertex 27.9443 99.792 3
    endloop
  endfacet
  facet normal -0 0 1
    outer loop
      vertex 27.0291 100.608 3
      vertex 27.2833 99.781 3
      vertex 27.3133 100.636 3
    endloop
  endfacet
  facet normal 0 0 1
    outer loop
      vertex 26.7151 100.384 3
      vertex 27.0291 100.608 3
      vertex 26.8343 100.526 3
    endloop
  endfacet
  facet normal 0 0 1
    outer loop
      vertex 27.0291 100.608 3
      vertex 26.7151 100.384 3
      vertex 27.2833 99.781 3
    endloop
  endfacet
  facet normal -0 0 1
    outer loop
      vertex 26.6553 100.176 3
      vertex 27.2833 99.781 3
      vertex 26.7151 100.384 3
    endloop
  endfacet
  facet normal 0 0 1
    outer loop
      vertex 27.2833 99.781 3
      vertex 26.6553 100.176 3
      vertex 26.7071 99.7075 3
    endloop
  endfacet
  facet normal 0 0 1
    outer loop
      vertex 26.1443 100.222 3
      vertex 26.7071 99.7075 3
      vertex 26.6553 100.176 3
    endloop
  endfacet
  facet normal 0 0 1
    outer loop
      vertex 26.7071 99.7075 3
      vertex 26.1443 100.222 3
      vertex 26.3143 99.519 3
    endloop
  endfacet
  facet normal 0 0 1
    outer loop
      vertex 26.3143 99.519 3
      vertex 26.1443 100.222 3
      vertex 26.0893 99.22 3
    endloop
  endfacet
  facet normal -0 0 1
    outer loop
      vertex 23.086 100.88 3
      vertex 23.665 99.92 3
      vertex 23.581 101.023 3
    endloop
  endfacet
  facet normal 0 0 1
    outer loop
      vertex 22.042 99.92 3
      vertex 23.086 100.88 3
      vertex 22.892 101.15 3
    endloop
  endfacet
  facet normal 0 0 1
    outer loop
      vertex 22.042 99.92 3
      vertex 22.892 101.15 3
      vertex 22.636 101.336 3
    endloop
  endfacet
  facet normal 0 0 1
    outer loop
      vertex 22.042 99.92 3
      vertex 22.636 101.336 3
      vertex 22.314 101.444 3
    endloop
  endfacet
  facet normal 0 0 1
    outer loop
      vertex 23.086 100.88 3
      vertex 22.042 99.92 3
      vertex 23.665 99.92 3
    endloop
  endfacet
  facet normal 0 0 1
    outer loop
      vertex 20.65 99.281 3
      vertex 22.042 99.485 3
      vertex 22.042 99.92 3
    endloop
  endfacet
  facet normal 0 0 1
    outer loop
      vertex 21.922 101.48 3
      vertex 22.042 99.92 3
      vertex 22.314 101.444 3
    endloop
  endfacet
  facet normal -0 0 1
    outer loop
      vertex 21.337 101.379 3
      vertex 22.042 99.92 3
      vertex 21.922 101.48 3
    endloop
  endfacet
  facet normal 0 -0 1
    outer loop
      vertex 20.65 99.281 3
      vertex 22.042 99.92 3
      vertex 20.557 99.936 3
    endloop
  endfacet
  facet normal -0 0 1
    outer loop
      vertex 20.908 101.075 3
      vertex 22.042 99.92 3
      vertex 21.337 101.379 3
    endloop
  endfacet
  facet normal 0 0 1
    outer loop
      vertex 22.042 99.485 3
      vertex 20.65 99.281 3
      vertex 20.929 98.78 3
    endloop
  endfacet
  facet normal 0 0 1
    outer loop
      vertex 22.042 99.92 3
      vertex 20.908 101.075 3
      vertex 20.6447 100.588 3
    endloop
  endfacet
  facet normal 0 0 1
    outer loop
      vertex 22.042 99.485 3
      vertex 21.3732 98.4627 3
      vertex 21.96 98.357 3
    endloop
  endfacet
  facet normal 0 0 1
    outer loop
      vertex 22.042 99.92 3
      vertex 20.6447 100.588 3
      vertex 20.557 99.936 3
    endloop
  endfacet
  facet normal 0 0 1
    outer loop
      vertex 22.042 99.485 3
      vertex 20.929 98.78 3
      vertex 21.3732 98.4627 3
    endloop
  endfacet
  facet normal 0 0 1
    outer loop
      vertex 24.275 4.31099 3
      vertex 23.579 6.87999 3
      vertex 23.579 4.31099 3
    endloop
  endfacet
  facet normal -0 0 1
    outer loop
      vertex 22.565 6.04799 3
      vertex 23.211 4.31099 3
      vertex 23.211 6.53099 3
    endloop
  endfacet
  facet normal 0 0 1
    outer loop
      vertex 23.211 4.31099 3
      vertex 22.565 6.04799 3
      vertex 22.482 4.31099 3
    endloop
  endfacet
  facet normal 0 0 1
    outer loop
      vertex 23.187 99.485 3
      vertex 22.955 98.6085 3
      vertex 23.187 98.786 3
    endloop
  endfacet
  facet normal -0 0 1
    outer loop
      vertex 22.042 99.485 3
      vertex 22.955 98.6085 3
      vertex 23.187 99.485 3
    endloop
  endfacet
  facet normal 0 0 1
    outer loop
      vertex 22.955 98.6085 3
      vertex 22.042 99.485 3
      vertex 22.661 98.472 3
    endloop
  endfacet
  facet normal 0 0 1
    outer loop
      vertex 22.661 98.472 3
      vertex 22.042 99.485 3
      vertex 22.3232 98.3857 3
    endloop
  endfacet
  facet normal 0 0 1
    outer loop
      vertex 22.3232 98.3857 3
      vertex 22.042 99.485 3
      vertex 21.96 98.357 3
    endloop
  endfacet
  facet normal 0 0 1
    outer loop
      vertex 21.7916 5.64499 3
      vertex 22.565 6.04799 3
      vertex 21.8863 5.812 3
    endloop
  endfacet
  facet normal 0 0 1
    outer loop
      vertex 22.565 6.04799 3
      vertex 21.7916 5.64499 3
      vertex 22.482 4.31099 3
    endloop
  endfacet
  facet normal -0 0 1
    outer loop
      vertex 21.6593 5.478 3
      vertex 22.482 4.31099 3
      vertex 21.7916 5.64499 3
    endloop
  endfacet
  facet normal 0 0 1
    outer loop
      vertex 22.482 4.31099 3
      vertex 21.6593 5.478 3
      vertex 22.0063 4.31099 3
    endloop
  endfacet
  facet normal -0 0 1
    outer loop
      vertex 21.4406 5.265 3
      vertex 22.0063 4.31099 3
      vertex 21.6593 5.478 3
    endloop
  endfacet
  facet normal -0 0 1
    outer loop
      vertex 21.0843 4.95999 3
      vertex 22.0063 4.31099 3
      vertex 21.4406 5.265 3
    endloop
  endfacet
  facet normal -0 0 1
    outer loop
      vertex 20.8743 4.77625 3
      vertex 22.0063 4.31099 3
      vertex 21.0843 4.95999 3
    endloop
  endfacet
  facet normal -0 0 1
    outer loop
      vertex 20.7123 4.61099 3
      vertex 22.0063 4.31099 3
      vertex 20.8743 4.77625 3
    endloop
  endfacet
  facet normal -0 0 1
    outer loop
      vertex 20.5936 4.45799 3
      vertex 22.0063 4.31099 3
      vertex 20.7123 4.61099 3
    endloop
  endfacet
  facet normal 0 0 1
    outer loop
      vertex 22.0063 4.31099 3
      vertex 20.5936 4.45799 3
      vertex 20.5133 4.31099 3
    endloop
  endfacet
  facet normal 0 0 1
    outer loop
      vertex 21.2833 6.60974 3
      vertex 21.5863 6.13599 3
      vertex 21.5518 6.34999 3
    endloop
  endfacet
  facet normal 0 0 1
    outer loop
      vertex 21.5863 6.13599 3
      vertex 21.0643 6.64299 3
      vertex 21.5661 5.96799 3
    endloop
  endfacet
  facet normal 0 0 1
    outer loop
      vertex 21.2833 6.60974 3
      vertex 21.5518 6.34999 3
      vertex 21.4483 6.50999 3
    endloop
  endfacet
  facet normal 0 0 1
    outer loop
      vertex 21.5863 6.13599 3
      vertex 21.2833 6.60974 3
      vertex 21.0643 6.64299 3
    endloop
  endfacet
  facet normal 0 0 1
    outer loop
      vertex 21.5661 5.96799 3
      vertex 20.5013 6.15999 3
      vertex 21.5053 5.81799 3
    endloop
  endfacet
  facet normal -0 0 1
    outer loop
      vertex 20.5013 6.15999 3
      vertex 21.5661 5.96799 3
      vertex 21.0643 6.64299 3
    endloop
  endfacet
  facet normal 0 0 1
    outer loop
      vertex 21.5053 5.81799 3
      vertex 20.5013 6.15999 3
      vertex 21.4128 5.681 3
    endloop
  endfacet
  facet normal 0 0 1
    outer loop
      vertex 21.4128 5.681 3
      vertex 20.5013 6.15999 3
      vertex 21.2953 5.54999 3
    endloop
  endfacet
  facet normal 0 0 1
    outer loop
      vertex 21.2953 5.54999 3
      vertex 20.5013 6.15999 3
      vertex 21.1573 5.42274 3
    endloop
  endfacet
  facet normal 0 0 1
    outer loop
      vertex 20.5013 6.15999 3
      vertex 21.0643 6.64299 3
      vertex 20.8508 6.61124 3
    endloop
  endfacet
  facet normal 0 0 1
    outer loop
      vertex 21.1573 5.42274 3
      vertex 20.5013 6.15999 3
      vertex 21.0033 5.295 3
    endloop
  endfacet
  facet normal 0 0 1
    outer loop
      vertex 20.5586 6.36349 3
      vertex 20.8508 6.61124 3
      vertex 20.6783 6.51599 3
    endloop
  endfacet
  facet normal 0 0 1
    outer loop
      vertex 21.0033 5.295 3
      vertex 20.5013 6.15999 3
      vertex 20.8413 5.1615 3
    endloop
  endfacet
  facet normal 0 0 1
    outer loop
      vertex 20.8508 6.61124 3
      vertex 20.5586 6.36349 3
      vertex 20.5013 6.15999 3
    endloop
  endfacet
  facet normal -0 0 1
    outer loop
      vertex 19.7906 5.43999 3
      vertex 20.8413 5.1615 3
      vertex 20.5013 6.15999 3
    endloop
  endfacet
  facet normal 0 0 1
    outer loop
      vertex 20.8413 5.1615 3
      vertex 19.7906 5.43999 3
      vertex 20.6773 5.017 3
    endloop
  endfacet
  facet normal 0 0 1
    outer loop
      vertex 20.6773 5.017 3
      vertex 19.7906 5.43999 3
      vertex 20.5171 4.85899 3
    endloop
  endfacet
  facet normal 0 0 1
    outer loop
      vertex 19.7274 4.79449 3
      vertex 20.5171 4.85899 3
      vertex 19.7906 5.43999 3
    endloop
  endfacet
  facet normal 0 0 1
    outer loop
      vertex 19.7906 5.43999 3
      vertex 20.5013 6.15999 3
      vertex 20.1273 6.19499 3
    endloop
  endfacet
  facet normal 0 0 1
    outer loop
      vertex 20.5171 4.85899 3
      vertex 19.7274 4.79449 3
      vertex 20.3643 4.683 3
    endloop
  endfacet
  facet normal 0 0 1
    outer loop
      vertex 17.8626 6.0985 3
      vertex 17.3609 5.812 3
      vertex 17.8026 5.43999 3
    endloop
  endfacet
  facet normal -0 0 1
    outer loop
      vertex 17.2662 5.64499 3
      vertex 17.8026 5.43999 3
      vertex 17.3609 5.812 3
    endloop
  endfacet
  facet normal -0 0 1
    outer loop
      vertex 17.1339 5.478 3
      vertex 17.8026 5.43999 3
      vertex 17.2662 5.64499 3
    endloop
  endfacet
  facet normal 0 0 1
    outer loop
      vertex 16.9152 5.265 3
      vertex 17.8026 5.43999 3
      vertex 17.1339 5.478 3
    endloop
  endfacet
  facet normal 0 0 1
    outer loop
      vertex 17.8026 5.43999 3
      vertex 16.9152 5.265 3
      vertex 17.4809 4.31099 3
    endloop
  endfacet
  facet normal -0 0 1
    outer loop
      vertex 16.5589 4.95999 3
      vertex 17.4809 4.31099 3
      vertex 16.9152 5.265 3
    endloop
  endfacet
  facet normal -0 0 1
    outer loop
      vertex 16.3489 4.77625 3
      vertex 17.4809 4.31099 3
      vertex 16.5589 4.95999 3
    endloop
  endfacet
  facet normal -0 0 1
    outer loop
      vertex 16.187 4.61099 3
      vertex 17.4809 4.31099 3
      vertex 16.3489 4.77625 3
    endloop
  endfacet
  facet normal -0 0 1
    outer loop
      vertex 16.0682 4.45799 3
      vertex 17.4809 4.31099 3
      vertex 16.187 4.61099 3
    endloop
  endfacet
  facet normal 0 0 1
    outer loop
      vertex 17.4809 4.31099 3
      vertex 16.0682 4.45799 3
      vertex 15.9879 4.31099 3
    endloop
  endfacet
  facet normal 0 0 1
    outer loop
      vertex 16.7579 6.60974 3
      vertex 17.0609 6.13599 3
      vertex 17.0264 6.34999 3
    endloop
  endfacet
  facet normal 0 0 1
    outer loop
      vertex 17.0609 6.13599 3
      vertex 16.5389 6.64299 3
      vertex 17.0407 5.96799 3
    endloop
  endfacet
  facet normal 0 0 1
    outer loop
      vertex 16.7579 6.60974 3
      vertex 17.0264 6.34999 3
      vertex 16.9229 6.50999 3
    endloop
  endfacet
  facet normal 0 0 1
    outer loop
      vertex 17.0609 6.13599 3
      vertex 16.7579 6.60974 3
      vertex 16.5389 6.64299 3
    endloop
  endfacet
  facet normal 0 0 1
    outer loop
      vertex 17.0407 5.96799 3
      vertex 15.976 6.15999 3
      vertex 16.9799 5.81799 3
    endloop
  endfacet
  facet normal -0 0 1
    outer loop
      vertex 15.976 6.15999 3
      vertex 17.0407 5.96799 3
      vertex 16.5389 6.64299 3
    endloop
  endfacet
  facet normal 0 0 1
    outer loop
      vertex 16.9799 5.81799 3
      vertex 15.976 6.15999 3
      vertex 16.8875 5.681 3
    endloop
  endfacet
  facet normal 0 0 1
    outer loop
      vertex 16.8875 5.681 3
      vertex 15.976 6.15999 3
      vertex 16.7699 5.54999 3
    endloop
  endfacet
  facet normal 0 0 1
    outer loop
      vertex 16.7699 5.54999 3
      vertex 15.976 6.15999 3
      vertex 16.6319 5.42274 3
    endloop
  endfacet
  facet normal 0 0 1
    outer loop
      vertex 15.976 6.15999 3
      vertex 16.5389 6.64299 3
      vertex 16.3254 6.61124 3
    endloop
  endfacet
  facet normal 0 0 1
    outer loop
      vertex 16.6319 5.42274 3
      vertex 15.976 6.15999 3
      vertex 16.478 5.295 3
    endloop
  endfacet
  facet normal 0 0 1
    outer loop
      vertex 16.0332 6.36349 3
      vertex 16.3254 6.61124 3
      vertex 16.1529 6.51599 3
    endloop
  endfacet
  facet normal 0 0 1
    outer loop
      vertex 16.478 5.295 3
      vertex 15.976 6.15999 3
      vertex 16.3159 5.1615 3
    endloop
  endfacet
  facet normal 0 0 1
    outer loop
      vertex 16.3254 6.61124 3
      vertex 16.0332 6.36349 3
      vertex 15.976 6.15999 3
    endloop
  endfacet
  facet normal 0 0 1
    outer loop
      vertex 16.3159 5.1615 3
      vertex 15.976 6.15999 3
      vertex 16.1519 5.017 3
    endloop
  endfacet
  facet normal 0 0 1
    outer loop
      vertex 15.6019 6.19499 3
      vertex 16.1519 5.017 3
      vertex 15.976 6.15999 3
    endloop
  endfacet
  facet normal 0 0 1
    outer loop
      vertex 16.1519 5.017 3
      vertex 15.6019 6.19499 3
      vertex 15.9917 4.85899 3
    endloop
  endfacet
  facet normal 0 0 1
    outer loop
      vertex 15.9917 4.85899 3
      vertex 15.6019 6.19499 3
      vertex 15.8389 4.683 3
    endloop
  endfacet
  facet normal -0 0 1
    outer loop
      vertex 14.0176 5.092 3
      vertex 15.8389 4.683 3
      vertex 15.6019 6.19499 3
    endloop
  endfacet
  facet normal 0 0 1
    outer loop
      vertex 15.8389 4.683 3
      vertex 14.0176 5.092 3
      vertex 15.7012 4.48474 3
    endloop
  endfacet
  facet normal 0 0 1
    outer loop
      vertex 16.207 98 3
      vertex 15.5255 98.629 3
      vertex 15.5294 98.2142 3
    endloop
  endfacet
  facet normal 0 0 1
    outer loop
      vertex 14.8315 98.557 3
      vertex 13.6684 99.071 3
      vertex 13.6827 98.811 3
    endloop
  endfacet
  facet normal -0 0 1
    outer loop
      vertex 12.8135 5.56499 3
      vertex 13.6506 5.088 3
      vertex 13.6061 5.6265 3
    endloop
  endfacet
  facet normal 0 0 1
    outer loop
      vertex 13.6506 5.088 3
      vertex 12.8255 4.616 3
      vertex 13.6064 4.5495 3
    endloop
  endfacet
  facet normal 0 0 1
    outer loop
      vertex 12.8135 5.56499 3
      vertex 13.6061 5.6265 3
      vertex 13.4726 6.118 3
    endloop
  endfacet
  facet normal 0 0 1
    outer loop
      vertex 13.6064 4.5495 3
      vertex 12.8255 4.616 3
      vertex 13.4736 4.058 3
    endloop
  endfacet
  facet normal 0 0 1
    outer loop
      vertex 12.715 5.84674 3
      vertex 13.4726 6.118 3
      vertex 13.2441 6.575 3
    endloop
  endfacet
  facet normal 0 0 1
    outer loop
      vertex 12.5335 6.06 3
      vertex 13.2441 6.575 3
      vertex 12.9146 7.008 3
    endloop
  endfacet
  facet normal 0 0 1
    outer loop
      vertex 13.6506 5.088 3
      vertex 12.8135 5.56499 3
      vertex 12.8255 4.616 3
    endloop
  endfacet
  facet normal 0 0 1
    outer loop
      vertex 12.8135 5.56499 3
      vertex 12.4565 4.64 3
      vertex 12.8255 4.616 3
    endloop
  endfacet
  facet normal -0 0 1
    outer loop
      vertex 12.4375 5.536 3
      vertex 12.4565 4.64 3
      vertex 12.8135 5.56499 3
    endloop
  endfacet
  facet normal -0 0 1
    outer loop
      vertex 11.4145 5.09799 3
      vertex 12.4565 4.64 3
      vertex 12.4375 5.536 3
    endloop
  endfacet
  facet normal 0 0 1
    outer loop
      vertex 11.9645 5.95399 3
      vertex 12.4375 5.536 3
      vertex 12.3875 5.70824 3
    endloop
  endfacet
  facet normal -0 -0 1
    outer loop
      vertex 11.449 4.71049 3
      vertex 12.4565 4.64 3
      vertex 11.4145 5.09799 3
    endloop
  endfacet
  facet normal 0 0 1
    outer loop
      vertex 12.1532 5.92574 3
      vertex 12.3875 5.70824 3
      vertex 12.2935 5.84099 3
    endloop
  endfacet
  facet normal 0 0 1
    outer loop
      vertex 12.3875 5.70824 3
      vertex 12.1532 5.92574 3
      vertex 11.9645 5.95399 3
    endloop
  endfacet
  facet normal 0 -0 1
    outer loop
      vertex 11.5525 4.43799 3
      vertex 12.4565 4.64 3
      vertex 11.449 4.71049 3
    endloop
  endfacet
  facet normal 0 -0 1
    outer loop
      vertex 11.9695 4.224 3
      vertex 12.4565 4.64 3
      vertex 11.5525 4.43799 3
    endloop
  endfacet
  facet normal 0 0 1
    outer loop
      vertex 12.4375 5.536 3
      vertex 11.9645 5.95399 3
      vertex 11.447 5.495 3
    endloop
  endfacet
  facet normal 0 0 1
    outer loop
      vertex 12.4565 4.64 3
      vertex 12.1485 4.2495 3
      vertex 12.4012 4.45549 3
    endloop
  endfacet
  facet normal 0 0 1
    outer loop
      vertex 11.5445 5.758 3
      vertex 11.9645 5.95399 3
      vertex 11.7145 5.905 3
    endloop
  endfacet
  facet normal 0 0 1
    outer loop
      vertex 12.4012 4.45549 3
      vertex 12.1485 4.2495 3
      vertex 12.2955 4.32599 3
    endloop
  endfacet
  facet normal 0 0 1
    outer loop
      vertex 11.9645 5.95399 3
      vertex 11.5445 5.758 3
      vertex 11.447 5.495 3
    endloop
  endfacet
  facet normal 0 -0 1
    outer loop
      vertex 12.1485 4.2495 3
      vertex 12.4565 4.64 3
      vertex 11.9695 4.224 3
    endloop
  endfacet
  facet normal 0 0 1
    outer loop
      vertex 12.4375 5.536 3
      vertex 11.447 5.495 3
      vertex 11.4145 5.09799 3
    endloop
  endfacet
  facet normal 0 0 1
    outer loop
      vertex 11.9695 4.224 3
      vertex 11.5525 4.43799 3
      vertex 11.7257 4.2775 3
    endloop
  endfacet
  facet normal 0 0 1
    outer loop
      vertex 23.665 99.92 3
      vertex 24.3567 100.258 3
      vertex 24.3527 100.585 3
    endloop
  endfacet
  facet normal -0 0 1
    outer loop
      vertex 28.3693 100.432 3
      vertex 29.1699 100.343 3
      vertex 29.1659 100.72 3
    endloop
  endfacet
  facet normal 0 0 1
    outer loop
      vertex 30.0077 98.0647 3
      vertex 29.6572 98.325 3
      vertex 29.6599 97.991 3
    endloop
  endfacet
  facet normal 0 -0 1
    outer loop
      vertex 29.6572 98.325 3
      vertex 29.6629 98.451 3
      vertex 29.6489 98.451 3
    endloop
  endfacet
  facet normal -0 0 1
    outer loop
      vertex 35.2021 101.564 3
      vertex 35.6921 100.944 3
      vertex 35.6921 101.564 3
    endloop
  endfacet
  facet normal 0 0 1
    outer loop
      vertex 35.6921 100.944 3
      vertex 35.2021 101.564 3
      vertex 35.2021 100.944 3
    endloop
  endfacet
  facet normal 0 0 1
    outer loop
      vertex 50.869 10.523 3
      vertex 52.5601 10.916 3
      vertex 51.2441 10.916 3
    endloop
  endfacet
  facet normal 0 0 1
    outer loop
      vertex 51.4915 98.284 3
      vertex 51.0565 98.711 3
      vertex 51.0708 98.5165 3
    endloop
  endfacet
  facet normal 0 0 1
    outer loop
      vertex 52.5601 10.916 3
      vertex 50.8297 9.06775 3
      vertex 50.899 8.922 3
    endloop
  endfacet
  facet normal 0 0 1
    outer loop
      vertex 50.869 10.523 3
      vertex 50.738 9.19299 3
      vertex 50.8297 9.06775 3
    endloop
  endfacet
  facet normal 0 0 1
    outer loop
      vertex 50.869 10.523 3
      vertex 50.6257 9.299 3
      vertex 50.738 9.19299 3
    endloop
  endfacet
  facet normal 0 0 1
    outer loop
      vertex 50.869 10.523 3
      vertex 50.495 9.38699 3
      vertex 50.6257 9.299 3
    endloop
  endfacet
  facet normal -0 0 1
    outer loop
      vertex 50.357 10.433 3
      vertex 50.495 9.38699 3
      vertex 50.869 10.523 3
    endloop
  endfacet
  facet normal 0 0 1
    outer loop
      vertex 50.357 10.433 3
      vertex 50.3497 9.46149 3
      vertex 50.495 9.38699 3
    endloop
  endfacet
  facet normal 0 0 1
    outer loop
      vertex 49.6825 9.66849 3
      vertex 50.357 10.433 3
      vertex 50.2347 10.6952 3
    endloop
  endfacet
  facet normal 0 0 1
    outer loop
      vertex 50.357 10.433 3
      vertex 50.194 9.52499 3
      vertex 50.3497 9.46149 3
    endloop
  endfacet
  facet normal 0 0 1
    outer loop
      vertex 49.506 9.70999 3
      vertex 50.2347 10.6952 3
      vertex 50.036 10.874 3
    endloop
  endfacet
  facet normal 0 0 1
    outer loop
      vertex 50.357 10.433 3
      vertex 50.03 9.57974 3
      vertex 50.194 9.52499 3
    endloop
  endfacet
  facet normal 0 0 1
    outer loop
      vertex 50.357 10.433 3
      vertex 49.858 9.62599 3
      vertex 50.03 9.57974 3
    endloop
  endfacet
  facet normal 0 0 1
    outer loop
      vertex 49.506 9.70999 3
      vertex 50.036 10.874 3
      vertex 49.7542 10.9775 3
    endloop
  endfacet
  facet normal 0 0 1
    outer loop
      vertex 50.357 10.433 3
      vertex 49.6825 9.66849 3
      vertex 49.858 9.62599 3
    endloop
  endfacet
  facet normal 0 0 1
    outer loop
      vertex 50.2347 10.6952 3
      vertex 49.506 9.70999 3
      vertex 49.6825 9.66849 3
    endloop
  endfacet
  facet normal 0 0 1
    outer loop
      vertex 49.381 11.012 3
      vertex 49.506 9.70999 3
      vertex 49.7542 10.9775 3
    endloop
  endfacet
  facet normal 0 0 1
    outer loop
      vertex 49.381 11.012 3
      vertex 49.0665 9.8185 3
      vertex 49.506 9.70999 3
    endloop
  endfacet
  facet normal -0 0 1
    outer loop
      vertex 48.9762 10.9735 3
      vertex 49.0665 9.8185 3
      vertex 49.381 11.012 3
    endloop
  endfacet
  facet normal 0 0 1
    outer loop
      vertex 48.9762 10.9735 3
      vertex 48.802 9.90799 3
      vertex 49.0665 9.8185 3
    endloop
  endfacet
  facet normal -0 0 1
    outer loop
      vertex 48.68 10.858 3
      vertex 48.802 9.90799 3
      vertex 48.9762 10.9735 3
    endloop
  endfacet
  facet normal 0 0 1
    outer loop
      vertex 48.68 10.858 3
      vertex 48.6465 9.99774 3
      vertex 48.802 9.90799 3
    endloop
  endfacet
  facet normal -0 0 1
    outer loop
      vertex 48.438 10.4 3
      vertex 48.6465 9.99774 3
      vertex 48.68 10.858 3
    endloop
  endfacet
  facet normal 0 0 1
    outer loop
      vertex 48.438 10.4 3
      vertex 48.68 10.858 3
      vertex 48.4985 10.667 3
    endloop
  endfacet
  facet normal 0 0 1
    outer loop
      vertex 48.6465 9.99774 3
      vertex 48.438 10.4 3
      vertex 48.532 10.105 3
    endloop
  endfacet
  facet normal 0 0 1
    outer loop
      vertex 48.532 10.105 3
      vertex 48.438 10.4 3
      vertex 48.4615 10.2372 3
    endloop
  endfacet
  facet normal 0 0 1
    outer loop
      vertex 49.9005 99.781 3
      vertex 50.5615 99.955 3
      vertex 50.5233 100.269 3
    endloop
  endfacet
  facet normal 0 0 1
    outer loop
      vertex 49.9005 99.781 3
      vertex 50.5233 100.269 3
      vertex 50.4085 100.478 3
    endloop
  endfacet
  facet normal 0 0 1
    outer loop
      vertex 49.9005 99.781 3
      vertex 50.4085 100.478 3
      vertex 50.213 100.596 3
    endloop
  endfacet
  facet normal 0 0 1
    outer loop
      vertex 49.9005 99.781 3
      vertex 50.213 100.596 3
      vertex 49.9305 100.636 3
    endloop
  endfacet
  facet normal 0 0 1
    outer loop
      vertex 50.5615 99.955 3
      vertex 49.9005 99.781 3
      vertex 50.5615 99.792 3
    endloop
  endfacet
  facet normal -0 0 1
    outer loop
      vertex 49.6463 100.608 3
      vertex 49.9005 99.781 3
      vertex 49.9305 100.636 3
    endloop
  endfacet
  facet normal 0 0 1
    outer loop
      vertex 49.3323 100.384 3
      vertex 49.6463 100.608 3
      vertex 49.4515 100.526 3
    endloop
  endfacet
  facet normal 0 0 1
    outer loop
      vertex 49.6463 100.608 3
      vertex 49.3323 100.384 3
      vertex 49.9005 99.781 3
    endloop
  endfacet
  facet normal -0 0 1
    outer loop
      vertex 49.2725 100.176 3
      vertex 49.9005 99.781 3
      vertex 49.3323 100.384 3
    endloop
  endfacet
  facet normal 0 0 1
    outer loop
      vertex 49.9005 99.781 3
      vertex 49.2725 100.176 3
      vertex 49.3243 99.7075 3
    endloop
  endfacet
  facet normal 0 0 1
    outer loop
      vertex 48.7615 100.222 3
      vertex 49.3243 99.7075 3
      vertex 49.2725 100.176 3
    endloop
  endfacet
  facet normal 0 0 1
    outer loop
      vertex 49.3243 99.7075 3
      vertex 48.7615 100.222 3
      vertex 48.9315 99.519 3
    endloop
  endfacet
  facet normal -0 0 1
    outer loop
      vertex 48.146 99.968 3
      vertex 48.9315 99.519 3
      vertex 48.7615 100.222 3
    endloop
  endfacet
  facet normal 0 0 1
    outer loop
      vertex 50.2555 8.9415 3
      vertex 50.444 8.528 3
      vertex 50.4225 8.69899 3
    endloop
  endfacet
  facet normal 0 0 1
    outer loop
      vertex 50.2555 8.9415 3
      vertex 50.4225 8.69899 3
      vertex 50.358 8.834 3
    endloop
  endfacet
  facet normal 0 0 1
    outer loop
      vertex 50.118 9.028 3
      vertex 50.444 8.528 3
      vertex 50.2555 8.9415 3
    endloop
  endfacet
  facet normal 0 0 1
    outer loop
      vertex 50.444 8.528 3
      vertex 50.118 9.028 3
      vertex 50.3757 8.23074 3
    endloop
  endfacet
  facet normal 0 0 1
    outer loop
      vertex 50.3757 8.23074 3
      vertex 50.118 9.028 3
      vertex 50.171 8.015 3
    endloop
  endfacet
  facet normal 0 0 1
    outer loop
      vertex 49.948 9.09874 3
      vertex 50.171 8.015 3
      vertex 50.118 9.028 3
    endloop
  endfacet
  facet normal 0 0 1
    outer loop
      vertex 49.948 9.09874 3
      vertex 49.8405 7.88449 3
      vertex 50.171 8.015 3
    endloop
  endfacet
  facet normal 0 0 1
    outer loop
      vertex 49.748 9.157 3
      vertex 49.8405 7.88449 3
      vertex 49.948 9.09874 3
    endloop
  endfacet
  facet normal 0 0 1
    outer loop
      vertex 49.395 7.84099 3
      vertex 49.748 9.157 3
      vertex 49.5215 9.21124 3
    endloop
  endfacet
  facet normal 0 0 1
    outer loop
      vertex 49.748 9.157 3
      vertex 49.395 7.84099 3
      vertex 49.8405 7.88449 3
    endloop
  endfacet
  facet normal 0 0 1
    outer loop
      vertex 48.959 7.88148 3
      vertex 49.5215 9.21124 3
      vertex 49.272 9.26999 3
    endloop
  endfacet
  facet normal 0 0 1
    outer loop
      vertex 49.5215 9.21124 3
      vertex 48.959 7.88148 3
      vertex 49.395 7.84099 3
    endloop
  endfacet
  facet normal 0 0 1
    outer loop
      vertex 48.256 8.50999 3
      vertex 49.272 9.26999 3
      vertex 48.8727 9.37099 3
    endloop
  endfacet
  facet normal 0 0 1
    outer loop
      vertex 49.272 9.26999 3
      vertex 48.625 8.00299 3
      vertex 48.959 7.88148 3
    endloop
  endfacet
  facet normal 0 0 1
    outer loop
      vertex 48.256 8.50999 3
      vertex 48.8727 9.37099 3
      vertex 48.583 9.47198 3
    endloop
  endfacet
  facet normal 0 0 1
    outer loop
      vertex 49.272 9.26999 3
      vertex 48.256 8.50999 3
      vertex 48.3917 8.21074 3
    endloop
  endfacet
  facet normal 0 0 1
    outer loop
      vertex 48.256 8.50999 3
      vertex 48.583 9.47198 3
      vertex 48.3727 9.57874 3
    endloop
  endfacet
  facet normal 0 0 1
    outer loop
      vertex 49.272 9.26999 3
      vertex 48.3917 8.21074 3
      vertex 48.625 8.00299 3
    endloop
  endfacet
  facet normal 0 0 1
    outer loop
      vertex 48.212 9.69699 3
      vertex 48.256 8.50999 3
      vertex 48.3727 9.57874 3
    endloop
  endfacet
  facet normal 0 0 1
    outer loop
      vertex 47.753 8.409 3
      vertex 48.212 9.69699 3
      vertex 48.092 9.83249 3
    endloop
  endfacet
  facet normal 0 0 1
    outer loop
      vertex 47.753 8.409 3
      vertex 48.092 9.83249 3
      vertex 48.004 9.989 3
    endloop
  endfacet
  facet normal 0 0 1
    outer loop
      vertex 47.753 8.409 3
      vertex 48.004 9.989 3
      vertex 47.95 10.1682 3
    endloop
  endfacet
  facet normal 0 0 1
    outer loop
      vertex 48.212 9.69699 3
      vertex 47.753 8.409 3
      vertex 48.256 8.50999 3
    endloop
  endfacet
  facet normal 0 0 1
    outer loop
      vertex 47.753 8.409 3
      vertex 47.95 10.1682 3
      vertex 47.932 10.372 3
    endloop
  endfacet
  facet normal 0 0 1
    outer loop
      vertex 44.261 100.315 3
      vertex 43.5856 99.5677 3
      vertex 43.6548 99.422 3
    endloop
  endfacet
  facet normal 0 0 1
    outer loop
      vertex 44.261 100.315 3
      vertex 43.4939 99.693 3
      vertex 43.5856 99.5677 3
    endloop
  endfacet
  facet normal 0 0 1
    outer loop
      vertex 44.261 100.315 3
      vertex 43.3816 99.799 3
      vertex 43.4939 99.693 3
    endloop
  endfacet
  facet normal 0 0 1
    outer loop
      vertex 44.261 100.315 3
      vertex 43.2509 99.887 3
      vertex 43.3816 99.799 3
    endloop
  endfacet
  facet normal -0 0 1
    outer loop
      vertex 43.1129 100.933 3
      vertex 43.2509 99.887 3
      vertex 43.6248 101.023 3
    endloop
  endfacet
  facet normal 0 0 1
    outer loop
      vertex 43.1129 100.933 3
      vertex 43.1056 99.9615 3
      vertex 43.2509 99.887 3
    endloop
  endfacet
  facet normal 0 0 1
    outer loop
      vertex 42.4384 100.168 3
      vertex 43.1129 100.933 3
      vertex 42.9906 101.195 3
    endloop
  endfacet
  facet normal 0 0 1
    outer loop
      vertex 43.1129 100.933 3
      vertex 42.9498 100.025 3
      vertex 43.1056 99.9615 3
    endloop
  endfacet
  facet normal 0 0 1
    outer loop
      vertex 42.2619 100.21 3
      vertex 42.9906 101.195 3
      vertex 42.7919 101.374 3
    endloop
  endfacet
  facet normal 0 0 1
    outer loop
      vertex 43.1129 100.933 3
      vertex 42.7859 100.08 3
      vertex 42.9498 100.025 3
    endloop
  endfacet
  facet normal 0 0 1
    outer loop
      vertex 43.1129 100.933 3
      vertex 42.6138 100.126 3
      vertex 42.7859 100.08 3
    endloop
  endfacet
  facet normal 0 0 1
    outer loop
      vertex 42.2619 100.21 3
      vertex 42.7919 101.374 3
      vertex 42.5101 101.477 3
    endloop
  endfacet
  facet normal 0 0 1
    outer loop
      vertex 43.1129 100.933 3
      vertex 42.4384 100.168 3
      vertex 42.6138 100.126 3
    endloop
  endfacet
  facet normal 0 0 1
    outer loop
      vertex 42.9906 101.195 3
      vertex 42.2619 100.21 3
      vertex 42.4384 100.168 3
    endloop
  endfacet
  facet normal 0 0 1
    outer loop
      vertex 42.1369 101.512 3
      vertex 42.2619 100.21 3
      vertex 42.5101 101.477 3
    endloop
  endfacet
  facet normal 0 0 1
    outer loop
      vertex 42.1369 101.512 3
      vertex 41.8224 100.318 3
      vertex 42.2619 100.21 3
    endloop
  endfacet
  facet normal -0 0 1
    outer loop
      vertex 41.7321 101.473 3
      vertex 41.8224 100.318 3
      vertex 42.1369 101.512 3
    endloop
  endfacet
  facet normal 0 0 1
    outer loop
      vertex 41.7321 101.473 3
      vertex 41.5578 100.408 3
      vertex 41.8224 100.318 3
    endloop
  endfacet
  facet normal -0 0 1
    outer loop
      vertex 41.4359 101.358 3
      vertex 41.5578 100.408 3
      vertex 41.7321 101.473 3
    endloop
  endfacet
  facet normal 0 0 1
    outer loop
      vertex 41.4359 101.358 3
      vertex 41.4024 100.498 3
      vertex 41.5578 100.408 3
    endloop
  endfacet
  facet normal -0 0 1
    outer loop
      vertex 41.1938 100.9 3
      vertex 41.4024 100.498 3
      vertex 41.4359 101.358 3
    endloop
  endfacet
  facet normal 0 0 1
    outer loop
      vertex 41.1938 100.9 3
      vertex 41.4359 101.358 3
      vertex 41.2543 101.167 3
    endloop
  endfacet
  facet normal 0 0 1
    outer loop
      vertex 41.4024 100.498 3
      vertex 41.1938 100.9 3
      vertex 41.2879 100.605 3
    endloop
  endfacet
  facet normal 0 0 1
    outer loop
      vertex 41.2879 100.605 3
      vertex 41.1938 100.9 3
      vertex 41.2173 100.737 3
    endloop
  endfacet
  facet normal 0 0 1
    outer loop
      vertex 43.0114 99.4415 3
      vertex 43.1998 99.028 3
      vertex 43.1783 99.199 3
    endloop
  endfacet
  facet normal 0 0 1
    outer loop
      vertex 43.0114 99.4415 3
      vertex 43.1783 99.199 3
      vertex 43.1138 99.334 3
    endloop
  endfacet
  facet normal 0 0 1
    outer loop
      vertex 42.8739 99.528 3
      vertex 43.1998 99.028 3
      vertex 43.0114 99.4415 3
    endloop
  endfacet
  facet normal 0 0 1
    outer loop
      vertex 43.1998 99.028 3
      vertex 42.8739 99.528 3
      vertex 43.1316 98.7307 3
    endloop
  endfacet
  facet normal 0 0 1
    outer loop
      vertex 43.1316 98.7307 3
      vertex 42.8739 99.528 3
      vertex 42.9268 98.515 3
    endloop
  endfacet
  facet normal 0 0 1
    outer loop
      vertex 42.7039 99.5987 3
      vertex 42.9268 98.515 3
      vertex 42.8739 99.528 3
    endloop
  endfacet
  facet normal 0 0 1
    outer loop
      vertex 42.7039 99.5987 3
      vertex 42.5964 98.3845 3
      vertex 42.9268 98.515 3
    endloop
  endfacet
  facet normal 0 0 1
    outer loop
      vertex 42.5038 99.657 3
      vertex 42.5964 98.3845 3
      vertex 42.7039 99.5987 3
    endloop
  endfacet
  facet normal 0 0 1
    outer loop
      vertex 42.1508 98.341 3
      vertex 42.5038 99.657 3
      vertex 42.2774 99.7112 3
    endloop
  endfacet
  facet normal 0 0 1
    outer loop
      vertex 42.5038 99.657 3
      vertex 42.1508 98.341 3
      vertex 42.5964 98.3845 3
    endloop
  endfacet
  facet normal 0 0 1
    outer loop
      vertex 41.7149 98.3815 3
      vertex 42.2774 99.7112 3
      vertex 42.0278 99.77 3
    endloop
  endfacet
  facet normal 0 0 1
    outer loop
      vertex 42.2774 99.7112 3
      vertex 41.7149 98.3815 3
      vertex 42.1508 98.341 3
    endloop
  endfacet
  facet normal 0 0 1
    outer loop
      vertex 41.0119 99.01 3
      vertex 42.0278 99.77 3
      vertex 41.6286 99.871 3
    endloop
  endfacet
  facet normal 0 0 1
    outer loop
      vertex 42.0278 99.77 3
      vertex 41.3809 98.503 3
      vertex 41.7149 98.3815 3
    endloop
  endfacet
  facet normal 0 0 1
    outer loop
      vertex 41.0119 99.01 3
      vertex 41.6286 99.871 3
      vertex 41.3389 99.972 3
    endloop
  endfacet
  facet normal 0 0 1
    outer loop
      vertex 42.0278 99.77 3
      vertex 41.0119 99.01 3
      vertex 41.1476 98.7107 3
    endloop
  endfacet
  facet normal 0 0 1
    outer loop
      vertex 41.0119 99.01 3
      vertex 41.3389 99.972 3
      vertex 41.1286 100.079 3
    endloop
  endfacet
  facet normal 0 0 1
    outer loop
      vertex 42.0278 99.77 3
      vertex 41.1476 98.7107 3
      vertex 41.3809 98.503 3
    endloop
  endfacet
  facet normal 0 0 1
    outer loop
      vertex 40.9678 100.197 3
      vertex 41.0119 99.01 3
      vertex 41.1286 100.079 3
    endloop
  endfacet
  facet normal 0 0 1
    outer loop
      vertex 40.5089 98.909 3
      vertex 40.9678 100.197 3
      vertex 40.8479 100.332 3
    endloop
  endfacet
  facet normal 0 0 1
    outer loop
      vertex 40.5089 98.909 3
      vertex 40.8479 100.332 3
      vertex 40.7599 100.489 3
    endloop
  endfacet
  facet normal 0 0 1
    outer loop
      vertex 38.6561 100.149 3
      vertex 40.7599 100.489 3
      vertex 40.7059 100.668 3
    endloop
  endfacet
  facet normal 0 0 1
    outer loop
      vertex 40.9678 100.197 3
      vertex 40.5089 98.909 3
      vertex 41.0119 99.01 3
    endloop
  endfacet
  facet normal 0 0 1
    outer loop
      vertex 38.6561 100.149 3
      vertex 40.7059 100.668 3
      vertex 40.6879 100.872 3
    endloop
  endfacet
  facet normal 0 0 1
    outer loop
      vertex 38.6561 100.149 3
      vertex 38.1772 98.896 3
      vertex 38.6721 98.863 3
    endloop
  endfacet
  facet normal -0 0 1
    outer loop
      vertex 38.1532 100.112 3
      vertex 38.1772 98.896 3
      vertex 38.6561 100.149 3
    endloop
  endfacet
  facet normal -0 0 1
    outer loop
      vertex 36.7831 99.486 3
      vertex 38.1772 98.896 3
      vertex 38.1532 100.112 3
    endloop
  endfacet
  facet normal 0 0 1
    outer loop
      vertex 37.7726 100.59 3
      vertex 38.1532 100.112 3
      vertex 38.0859 100.323 3
    endloop
  endfacet
  facet normal -0 -0 1
    outer loop
      vertex 36.8294 98.9697 3
      vertex 38.1772 98.896 3
      vertex 36.7831 99.486 3
    endloop
  endfacet
  facet normal 0 0 1
    outer loop
      vertex 37.7726 100.59 3
      vertex 38.0859 100.323 3
      vertex 37.9601 100.486 3
    endloop
  endfacet
  facet normal 0 0 1
    outer loop
      vertex 38.1532 100.112 3
      vertex 37.7726 100.59 3
      vertex 37.5201 100.625 3
    endloop
  endfacet
  facet normal 0 -0 1
    outer loop
      vertex 36.9682 98.607 3
      vertex 38.1772 98.896 3
      vertex 36.8294 98.9697 3
    endloop
  endfacet
  facet normal 0 -0 1
    outer loop
      vertex 37.5251 98.322 3
      vertex 38.1772 98.896 3
      vertex 36.9682 98.607 3
    endloop
  endfacet
  facet normal 0 0 1
    outer loop
      vertex 38.1532 100.112 3
      vertex 37.5201 100.625 3
      vertex 36.8266 100.014 3
    endloop
  endfacet
  facet normal 0 0 1
    outer loop
      vertex 38.1772 98.896 3
      vertex 37.7646 98.3572 3
      vertex 38.1026 98.6417 3
    endloop
  endfacet
  facet normal 0 0 1
    outer loop
      vertex 36.9572 100.364 3
      vertex 37.5201 100.625 3
      vertex 37.1849 100.56 3
    endloop
  endfacet
  facet normal 0 0 1
    outer loop
      vertex 38.1026 98.6417 3
      vertex 37.7646 98.3572 3
      vertex 37.9612 98.463 3
    endloop
  endfacet
  facet normal 0 0 1
    outer loop
      vertex 37.5201 100.625 3
      vertex 36.9572 100.364 3
      vertex 36.8266 100.014 3
    endloop
  endfacet
  facet normal 0 -0 1
    outer loop
      vertex 37.7646 98.3572 3
      vertex 38.1772 98.896 3
      vertex 37.5251 98.322 3
    endloop
  endfacet
  facet normal 0 0 1
    outer loop
      vertex 38.1532 100.112 3
      vertex 36.8266 100.014 3
      vertex 36.7831 99.486 3
    endloop
  endfacet
  facet normal 0 0 1
    outer loop
      vertex 37.5251 98.322 3
      vertex 36.9682 98.607 3
      vertex 37.1999 98.3932 3
    endloop
  endfacet
  facet normal 0 0 1
    outer loop
      vertex 36.7438 6.23399 3
      vertex 36.4538 4.83199 3
      vertex 36.7708 4.67699 3
    endloop
  endfacet
  facet normal -0 0 1
    outer loop
      vertex 36.3768 6.112 3
      vertex 36.4538 4.83199 3
      vertex 36.7438 6.23399 3
    endloop
  endfacet
  facet normal 0 0 1
    outer loop
      vertex 36.0568 6.49399 3
      vertex 36.3768 6.112 3
      vertex 36.2468 6.33249 3
    endloop
  endfacet
  facet normal 0 0 1
    outer loop
      vertex 36.3768 6.112 3
      vertex 34.5298 5.452 3
      vertex 36.4538 4.83199 3
    endloop
  endfacet
  facet normal 0 0 1
    outer loop
      vertex 36.3768 6.112 3
      vertex 36.0568 6.49399 3
      vertex 35.816 6.59375 3
    endloop
  endfacet
  facet normal 0 0 1
    outer loop
      vertex 36.3768 6.112 3
      vertex 35.816 6.59375 3
      vertex 35.5338 6.627 3
    endloop
  endfacet
  facet normal -0 -0 1
    outer loop
      vertex 34.5985 4.96474 3
      vertex 36.4538 4.83199 3
      vertex 34.5298 5.452 3
    endloop
  endfacet
  facet normal 0 0 1
    outer loop
      vertex 36.3768 6.112 3
      vertex 35.5338 6.627 3
      vertex 34.5958 5.94073 3
    endloop
  endfacet
  facet normal 0 -0 1
    outer loop
      vertex 35.5498 4.25499 3
      vertex 36.4538 4.83199 3
      vertex 34.5985 4.96474 3
    endloop
  endfacet
  facet normal 0 0 1
    outer loop
      vertex 34.5958 5.94073 3
      vertex 35.5338 6.627 3
      vertex 35.1108 6.54849 3
    endloop
  endfacet
  facet normal 0 0 1
    outer loop
      vertex 36.4538 4.83199 3
      vertex 35.5498 4.25499 3
      vertex 36.0763 4.39925 3
    endloop
  endfacet
  facet normal 0 0 1
    outer loop
      vertex 34.5958 5.94073 3
      vertex 35.1108 6.54849 3
      vertex 34.7938 6.31299 3
    endloop
  endfacet
  facet normal -0 -0 1
    outer loop
      vertex 34.8048 4.58299 3
      vertex 35.5498 4.25499 3
      vertex 34.5985 4.96474 3
    endloop
  endfacet
  facet normal 0 0 1
    outer loop
      vertex 36.3768 6.112 3
      vertex 34.5958 5.94073 3
      vertex 34.5298 5.452 3
    endloop
  endfacet
  facet normal 0 0 1
    outer loop
      vertex 35.5498 4.25499 3
      vertex 34.8048 4.58299 3
      vertex 35.129 4.33699 3
    endloop
  endfacet
  facet normal 0 0 1
    outer loop
      vertex 34.1358 5.452 3
      vertex 33.6992 5.17299 3
      vertex 33.7509 5.062 3
    endloop
  endfacet
  facet normal 0 0 1
    outer loop
      vertex 34.1358 5.452 3
      vertex 33.6299 5.26799 3
      vertex 33.6992 5.17299 3
    endloop
  endfacet
  facet normal 0 0 1
    outer loop
      vertex 34.1358 5.452 3
      vertex 33.5459 5.34824 3
      vertex 33.6299 5.26799 3
    endloop
  endfacet
  facet normal 0 0 1
    outer loop
      vertex 33.7279 6.286 3
      vertex 33.4479 5.41499 3
      vertex 33.5459 5.34824 3
    endloop
  endfacet
  facet normal -0 0 1
    outer loop
      vertex 33.3459 6.21899 3
      vertex 33.4479 5.41499 3
      vertex 33.7279 6.286 3
    endloop
  endfacet
  facet normal 0 0 1
    outer loop
      vertex 33.3459 6.21899 3
      vertex 33.3399 5.47174 3
      vertex 33.4479 5.41499 3
    endloop
  endfacet
  facet normal 0 0 1
    outer loop
      vertex 32.7099 5.65999 3
      vertex 33.3459 6.21899 3
      vertex 33.2544 6.41475 3
    endloop
  endfacet
  facet normal 0 0 1
    outer loop
      vertex 33.3459 6.21899 3
      vertex 33.2239 5.51999 3
      vertex 33.3399 5.47174 3
    endloop
  endfacet
  facet normal 0 0 1
    outer loop
      vertex 32.7099 5.65999 3
      vertex 33.2544 6.41475 3
      vertex 33.1059 6.54799 3
    endloop
  endfacet
  facet normal 0 0 1
    outer loop
      vertex 33.3459 6.21899 3
      vertex 33.1012 5.56174 3
      vertex 33.2239 5.51999 3
    endloop
  endfacet
  facet normal 0 0 1
    outer loop
      vertex 33.3459 6.21899 3
      vertex 32.9729 5.59698 3
      vertex 33.1012 5.56174 3
    endloop
  endfacet
  facet normal 0 0 1
    outer loop
      vertex 32.7099 5.65999 3
      vertex 33.1059 6.54799 3
      vertex 32.8957 6.62524 3
    endloop
  endfacet
  facet normal 0 0 1
    outer loop
      vertex 33.3459 6.21899 3
      vertex 32.8417 5.62874 3
      vertex 32.9729 5.59698 3
    endloop
  endfacet
  facet normal 0 0 1
    outer loop
      vertex 33.3459 6.21899 3
      vertex 32.7099 5.65999 3
      vertex 32.8417 5.62874 3
    endloop
  endfacet
  facet normal 0 0 1
    outer loop
      vertex 32.6169 6.65099 3
      vertex 32.7099 5.65999 3
      vertex 32.8957 6.62524 3
    endloop
  endfacet
  facet normal 0 0 1
    outer loop
      vertex 32.6169 6.65099 3
      vertex 32.3814 5.74199 3
      vertex 32.7099 5.65999 3
    endloop
  endfacet
  facet normal -0 0 1
    outer loop
      vertex 32.3144 6.62149 3
      vertex 32.3814 5.74199 3
      vertex 32.6169 6.65099 3
    endloop
  endfacet
  facet normal 0 0 1
    outer loop
      vertex 32.3144 6.62149 3
      vertex 32.1839 5.81 3
      vertex 32.3814 5.74199 3
    endloop
  endfacet
  facet normal -0 0 1
    outer loop
      vertex 32.0929 6.53299 3
      vertex 32.1839 5.81 3
      vertex 32.3144 6.62149 3
    endloop
  endfacet
  facet normal 0 0 1
    outer loop
      vertex 32.0929 6.53299 3
      vertex 32.0674 5.87849 3
      vertex 32.1839 5.81 3
    endloop
  endfacet
  facet normal -0 0 1
    outer loop
      vertex 31.9119 6.183 3
      vertex 32.0674 5.87849 3
      vertex 32.0929 6.53299 3
    endloop
  endfacet
  facet normal 0 0 1
    outer loop
      vertex 31.9119 6.183 3
      vertex 32.0929 6.53299 3
      vertex 31.9572 6.38699 3
    endloop
  endfacet
  facet normal 0 0 1
    outer loop
      vertex 32.0674 5.87849 3
      vertex 31.9119 6.183 3
      vertex 31.9819 5.95999 3
    endloop
  endfacet
  facet normal 0 0 1
    outer loop
      vertex 31.9819 5.95999 3
      vertex 31.9119 6.183 3
      vertex 31.9294 6.05974 3
    endloop
  endfacet
  facet normal 0 0 1
    outer loop
      vertex 32.685 100.823 3
      vertex 33.0525 100.873 3
      vertex 32.6875 100.99 3
    endloop
  endfacet
  facet normal 0 0 1
    outer loop
      vertex 33.0525 100.873 3
      vertex 32.685 100.823 3
      vertex 32.8475 100.699 3
    endloop
  endfacet
  facet normal 0 0 1
    outer loop
      vertex 32.6775 100.65 3
      vertex 32.8475 100.699 3
      vertex 32.685 100.823 3
    endloop
  endfacet
  facet normal 0 0 1
    outer loop
      vertex 32.6702 100.512 3
      vertex 32.8475 100.699 3
      vertex 32.6775 100.65 3
    endloop
  endfacet
  facet normal 0 0 1
    outer loop
      vertex 32.8475 100.699 3
      vertex 32.6702 100.512 3
      vertex 32.6745 100.448 3
    endloop
  endfacet
  facet normal 0 0 1
    outer loop
      vertex 32.6745 100.448 3
      vertex 32.6702 100.512 3
      vertex 32.6665 100.448 3
    endloop
  endfacet
  facet normal 0 0 1
    outer loop
      vertex 33.2699 5.07799 3
      vertex 33.4109 4.76399 3
      vertex 33.3949 4.89349 3
    endloop
  endfacet
  facet normal 0 0 1
    outer loop
      vertex 33.2699 5.07799 3
      vertex 33.3949 4.89349 3
      vertex 33.3469 4.99599 3
    endloop
  endfacet
  facet normal 0 0 1
    outer loop
      vertex 33.1669 5.144 3
      vertex 33.4109 4.76399 3
      vertex 33.2699 5.07799 3
    endloop
  endfacet
  facet normal 0 0 1
    outer loop
      vertex 33.4109 4.76399 3
      vertex 33.1669 5.144 3
      vertex 33.3599 4.53699 3
    endloop
  endfacet
  facet normal 0 0 1
    outer loop
      vertex 33.3599 4.53699 3
      vertex 33.1669 5.144 3
      vertex 33.2069 4.37199 3
    endloop
  endfacet
  facet normal 0 0 1
    outer loop
      vertex 33.0397 5.19724 3
      vertex 33.2069 4.37199 3
      vertex 33.1669 5.144 3
    endloop
  endfacet
  facet normal 0 0 1
    outer loop
      vertex 33.0397 5.19724 3
      vertex 32.9599 4.27225 3
      vertex 33.2069 4.37199 3
    endloop
  endfacet
  facet normal 0 0 1
    outer loop
      vertex 32.8899 5.241 3
      vertex 32.9599 4.27225 3
      vertex 33.0397 5.19724 3
    endloop
  endfacet
  facet normal 0 0 1
    outer loop
      vertex 32.6269 4.239 3
      vertex 32.8899 5.241 3
      vertex 32.7212 5.28174 3
    endloop
  endfacet
  facet normal 0 0 1
    outer loop
      vertex 32.8899 5.241 3
      vertex 32.6269 4.239 3
      vertex 32.9599 4.27225 3
    endloop
  endfacet
  facet normal 0 0 1
    outer loop
      vertex 32.3012 4.26924 3
      vertex 32.7212 5.28174 3
      vertex 32.5349 5.32599 3
    endloop
  endfacet
  facet normal 0 0 1
    outer loop
      vertex 32.7212 5.28174 3
      vertex 32.3012 4.26924 3
      vertex 32.6269 4.239 3
    endloop
  endfacet
  facet normal 0 0 1
    outer loop
      vertex 31.7759 4.739 3
      vertex 32.5349 5.32599 3
      vertex 32.2367 5.40274 3
    endloop
  endfacet
  facet normal 0 0 1
    outer loop
      vertex 32.5349 5.32599 3
      vertex 32.0519 4.35999 3
      vertex 32.3012 4.26924 3
    endloop
  endfacet
  facet normal 0 0 1
    outer loop
      vertex 31.7759 4.739 3
      vertex 32.2367 5.40274 3
      vertex 32.0199 5.47899 3
    endloop
  endfacet
  facet normal 0 0 1
    outer loop
      vertex 32.5349 5.32599 3
      vertex 31.7759 4.739 3
      vertex 31.8774 4.51524 3
    endloop
  endfacet
  facet normal 0 0 1
    outer loop
      vertex 31.7759 4.739 3
      vertex 32.0199 5.47899 3
      vertex 31.8632 5.56024 3
    endloop
  endfacet
  facet normal 0 0 1
    outer loop
      vertex 32.5349 5.32599 3
      vertex 31.8774 4.51524 3
      vertex 32.0519 4.35999 3
    endloop
  endfacet
  facet normal 0 0 1
    outer loop
      vertex 31.7429 5.64999 3
      vertex 31.7759 4.739 3
      vertex 31.8632 5.56024 3
    endloop
  endfacet
  facet normal 0 0 1
    outer loop
      vertex 30.7845 5.54399 3
      vertex 31.7429 5.64999 3
      vertex 31.6537 5.75275 3
    endloop
  endfacet
  facet normal -0 0 1
    outer loop
      vertex 30.924 5.78374 3
      vertex 31.6537 5.75275 3
      vertex 31.5879 5.87099 3
    endloop
  endfacet
  facet normal 0 0 1
    outer loop
      vertex 30.924 5.78374 3
      vertex 31.5879 5.87099 3
      vertex 31.5474 6.00725 3
    endloop
  endfacet
  facet normal 0 0 1
    outer loop
      vertex 31.7429 5.64999 3
      vertex 31.3999 4.66399 3
      vertex 31.7759 4.739 3
    endloop
  endfacet
  facet normal -0 0 1
    outer loop
      vertex 30.9705 6.073 3
      vertex 31.5474 6.00725 3
      vertex 31.5339 6.16199 3
    endloop
  endfacet
  facet normal 0 0 1
    outer loop
      vertex 31.7429 5.64999 3
      vertex 30.7845 5.54399 3
      vertex 31.3999 4.66399 3
    endloop
  endfacet
  facet normal -0 0 1
    outer loop
      vertex 30.5632 5.36949 3
      vertex 31.3999 4.66399 3
      vertex 30.7845 5.54399 3
    endloop
  endfacet
  facet normal 0 0 1
    outer loop
      vertex 31.3999 4.66399 3
      vertex 30.5632 5.36949 3
      vertex 31.0835 4 3
    endloop
  endfacet
  facet normal 0 0 1
    outer loop
      vertex 31.0835 4 3
      vertex 30.5632 5.36949 3
      vertex 30.2715 5.27399 3
    endloop
  endfacet
  facet normal 0 0 1
    outer loop
      vertex 33.138 100.57 3
      vertex 34.0555 99.873 3
      vertex 34.0412 100.145 3
    endloop
  endfacet
  facet normal 0 0 1
    outer loop
      vertex 43.6248 101.023 3
      vertex 44.261 100.315 3
      vertex 44.257 100.73 3
    endloop
  endfacet
  facet normal 0 0 1
    outer loop
      vertex 44.93 100.389 3
      vertex 45.963 99.873 3
      vertex 45.9337 100.236 3
    endloop
  endfacet
  facet normal -0 0 1
    outer loop
      vertex 46.4915 100.102 3
      vertex 47.662 99.873 3
      vertex 47.6327 100.236 3
    endloop
  endfacet
  facet normal -0 0 1
    outer loop
      vertex 50.9865 100.432 3
      vertex 51.7981 100.258 3
      vertex 51.7941 100.585 3
    endloop
  endfacet
  facet normal 0 0 1
    outer loop
      vertex 53.1741 100.532 3
      vertex 53.6427 100.588 3
      vertex 53.3027 100.588 3
    endloop
  endfacet
  facet normal 0 0 1
    outer loop
      vertex 60.3863 99.475 3
      vertex 59.6194 99.152 3
      vertex 60.0434 98.941 3
    endloop
  endfacet
  facet normal 0 0 1
    outer loop
      vertex 60.3863 99.475 3
      vertex 59.5164 100.816 3
      vertex 59.6194 99.152 3
    endloop
  endfacet
  facet normal 0 0 1
    outer loop
      vertex 59.0884 101.309 3
      vertex 59.5164 100.816 3
      vertex 59.3429 101.101 3
    endloop
  endfacet
  facet normal 0 0 1
    outer loop
      vertex 59.5164 100.816 3
      vertex 57.0444 99.937 3
      vertex 59.6194 99.152 3
    endloop
  endfacet
  facet normal 0 0 1
    outer loop
      vertex 59.5164 100.816 3
      vertex 59.0884 101.309 3
      vertex 58.7656 101.437 3
    endloop
  endfacet
  facet normal 0 0 1
    outer loop
      vertex 59.5164 100.816 3
      vertex 58.7656 101.437 3
      vertex 58.3874 101.48 3
    endloop
  endfacet
  facet normal -0 -0 1
    outer loop
      vertex 57.1364 99.2965 3
      vertex 59.6194 99.152 3
      vertex 57.0444 99.937 3
    endloop
  endfacet
  facet normal 0 0 1
    outer loop
      vertex 59.5164 100.816 3
      vertex 58.3874 101.48 3
      vertex 57.1326 100.578 3
    endloop
  endfacet
  facet normal 0 -0 1
    outer loop
      vertex 58.4094 98.363 3
      vertex 59.6194 99.152 3
      vertex 57.1364 99.2965 3
    endloop
  endfacet
  facet normal 0 0 1
    outer loop
      vertex 57.1326 100.578 3
      vertex 58.3874 101.48 3
      vertex 57.8219 101.377 3
    endloop
  endfacet
  facet normal 0 0 1
    outer loop
      vertex 59.6194 99.152 3
      vertex 58.4094 98.363 3
      vertex 59.1144 98.5602 3
    endloop
  endfacet
  facet normal 0 0 1
    outer loop
      vertex 57.1326 100.578 3
      vertex 57.8219 101.377 3
      vertex 57.3974 101.067 3
    endloop
  endfacet
  facet normal -0 -0 1
    outer loop
      vertex 57.4124 98.795 3
      vertex 58.4094 98.363 3
      vertex 57.1364 99.2965 3
    endloop
  endfacet
  facet normal 0 0 1
    outer loop
      vertex 59.5164 100.816 3
      vertex 57.1326 100.578 3
      vertex 57.0444 99.937 3
    endloop
  endfacet
  facet normal 0 0 1
    outer loop
      vertex 58.4094 98.363 3
      vertex 57.4124 98.795 3
      vertex 57.8461 98.471 3
    endloop
  endfacet
  facet normal 0 0 1
    outer loop
      vertex 59.0136 11.34 3
      vertex 57.8962 10.883 3
      vertex 58.1739 10.49 3
    endloop
  endfacet
  facet normal -0 0 1
    outer loop
      vertex 57.0489 11.3455 3
      vertex 59.0136 11.34 3
      vertex 57.2678 15.7322 3
    endloop
  endfacet
  facet normal 0 0 1
    outer loop
      vertex 59.0136 11.34 3
      vertex 57.5169 11.17 3
      vertex 57.8962 10.883 3
    endloop
  endfacet
  facet normal 0 0 1
    outer loop
      vertex 59.0136 11.34 3
      vertex 57.0489 11.3455 3
      vertex 57.5169 11.17 3
    endloop
  endfacet
  facet normal -0 0 1
    outer loop
      vertex 55.5 15 3
      vertex 57.0489 11.3455 3
      vertex 57.2678 15.7322 3
    endloop
  endfacet
  facet normal 0 0 1
    outer loop
      vertex 57.0489 11.3455 3
      vertex 55.5 15 3
      vertex 56.5029 11.404 3
    endloop
  endfacet
  facet normal 0 0 1
    outer loop
      vertex 56.5029 11.404 3
      vertex 55.5 15 3
      vertex 55.7044 11.2735 3
    endloop
  endfacet
  facet normal -0 0 1
    outer loop
      vertex 54.3921 11.34 3
      vertex 55.7044 11.2735 3
      vertex 55.5 15 3
    endloop
  endfacet
  facet normal 0 0 1
    outer loop
      vertex 55.7044 11.2735 3
      vertex 54.3921 11.34 3
      vertex 55.1029 10.882 3
    endloop
  endfacet
  facet normal 0 0 1
    outer loop
      vertex 55.1029 10.882 3
      vertex 54.3921 10.916 3
      vertex 54.7257 10.26 3
    endloop
  endfacet
  facet normal -0 0 1
    outer loop
      vertex 54.3921 10.916 3
      vertex 55.1029 10.882 3
      vertex 54.3921 11.34 3
    endloop
  endfacet
  facet normal 0 0 1
    outer loop
      vertex 53.7322 15.7322 3
      vertex 54.3921 11.34 3
      vertex 55.5 15 3
    endloop
  endfacet
  facet normal 0 0 1
    outer loop
      vertex 49.387 11.404 3
      vertex 53.7322 15.7322 3
      vertex 53 17.5 3
    endloop
  endfacet
  facet normal 0 0 1
    outer loop
      vertex 53.7322 15.7322 3
      vertex 51.2441 11.34 3
      vertex 54.3921 11.34 3
    endloop
  endfacet
  facet normal 0 0 1
    outer loop
      vertex 56.5726 99.362 3
      vertex 54.6757 100.588 3
      vertex 54.7247 98.363 3
    endloop
  endfacet
  facet normal -0 0 1
    outer loop
      vertex 54.1327 98.712 3
      vertex 54.7247 98.363 3
      vertex 54.6757 100.588 3
    endloop
  endfacet
  facet normal 0 0 1
    outer loop
      vertex 54.7247 98.363 3
      vertex 54.1327 98.712 3
      vertex 54.5617 98.3345 3
    endloop
  endfacet
  facet normal 0 0 1
    outer loop
      vertex 54.5617 98.3345 3
      vertex 54.1327 98.712 3
      vertex 54.4427 98.325 3
    endloop
  endfacet
  facet normal -0 -0 1
    outer loop
      vertex 54.15 98.5297 3
      vertex 54.4427 98.325 3
      vertex 54.1327 98.712 3
    endloop
  endfacet
  facet normal 0 0 1
    outer loop
      vertex 54.4427 98.325 3
      vertex 54.15 98.5297 3
      vertex 54.2965 98.3465 3
    endloop
  endfacet
  facet normal 0 0 1
    outer loop
      vertex 54.1327 98.712 3
      vertex 54.6757 100.588 3
      vertex 54.1327 100.588 3
    endloop
  endfacet
  facet normal 0 0 1
    outer loop
      vertex 54.2965 98.3465 3
      vertex 54.15 98.5297 3
      vertex 54.2017 98.411 3
    endloop
  endfacet
  facet normal 0 0 1
    outer loop
      vertex 54.6757 100.944 3
      vertex 54.1327 101.584 3
      vertex 54.1327 100.944 3
    endloop
  endfacet
  facet normal 0 0 1
    outer loop
      vertex 62.9358 100.158 3
      vertex 63.5559 100.315 3
      vertex 63.5519 100.73 3
    endloop
  endfacet
  facet normal 0 0 1
    outer loop
      vertex 64.2489 100.387 3
      vertex 65.4129 99.873 3
      vertex 65.3987 100.133 3
    endloop
  endfacet
  facet normal -0 0 1
    outer loop
      vertex 67.1015 100.588 3
      vertex 68.0813 100.258 3
      vertex 67.6445 100.588 3
    endloop
  endfacet
  facet normal 0 0 1
    outer loop
      vertex 68.0813 100.258 3
      vertex 67.1015 98.712 3
      vertex 67.6935 98.363 3
    endloop
  endfacet
  facet normal 0 0 1
    outer loop
      vertex 67.6935 98.363 3
      vertex 67.1015 98.712 3
      vertex 67.5305 98.3345 3
    endloop
  endfacet
  facet normal 0 0 1
    outer loop
      vertex 67.5305 98.3345 3
      vertex 67.1015 98.712 3
      vertex 67.4115 98.325 3
    endloop
  endfacet
  facet normal -0 -0 1
    outer loop
      vertex 67.1187 98.5297 3
      vertex 67.4115 98.325 3
      vertex 67.1015 98.712 3
    endloop
  endfacet
  facet normal 0 0 1
    outer loop
      vertex 67.4115 98.325 3
      vertex 67.1187 98.5297 3
      vertex 67.2652 98.3465 3
    endloop
  endfacet
  facet normal 0 0 1
    outer loop
      vertex 68.0813 100.258 3
      vertex 67.1015 100.588 3
      vertex 67.1015 98.712 3
    endloop
  endfacet
  facet normal 0 0 1
    outer loop
      vertex 67.2652 98.3465 3
      vertex 67.1187 98.5297 3
      vertex 67.1705 98.411 3
    endloop
  endfacet
  facet normal 0 0 1
    outer loop
      vertex 68.6041 7.85699 3
      vertex 67.5681 8.931 3
      vertex 67.6346 8.46724 3
    endloop
  endfacet
  facet normal 0 0 1
    outer loop
      vertex 67.6445 100.944 3
      vertex 67.1015 101.584 3
      vertex 67.1015 100.944 3
    endloop
  endfacet
  facet normal 0 0 1
    outer loop
      vertex 65.9049 99.968 3
      vertex 66.6115 100.588 3
      vertex 66.2715 100.588 3
    endloop
  endfacet
  facet normal 0 0 1
    outer loop
      vertex 67.0491 8.88899 3
      vertex 66.172 9.24599 3
      vertex 66.358 8.9565 3
    endloop
  endfacet
  facet normal 0 0 1
    outer loop
      vertex 67.0491 8.88899 3
      vertex 66.1495 10.117 3
      vertex 66.172 9.24599 3
    endloop
  endfacet
  facet normal -0 0 1
    outer loop
      vertex 66.007 9.86299 3
      vertex 66.172 9.24599 3
      vertex 66.1495 10.117 3
    endloop
  endfacet
  facet normal 0 0 1
    outer loop
      vertex 66.007 9.86299 3
      vertex 65.8727 9.4525 3
      vertex 66.172 9.24599 3
    endloop
  endfacet
  facet normal -0 0 1
    outer loop
      vertex 65.7775 9.67325 3
      vertex 65.8727 9.4525 3
      vertex 66.007 9.86299 3
    endloop
  endfacet
  facet normal 0 0 1
    outer loop
      vertex 65.8727 9.4525 3
      vertex 65.7775 9.67325 3
      vertex 65.469 9.558 3
    endloop
  endfacet
  facet normal 0 0 1
    outer loop
      vertex 68.0653 100.944 3
      vertex 67.6445 100.588 3
      vertex 68.0773 100.585 3
    endloop
  endfacet
  facet normal 0 0 1
    outer loop
      vertex 77.7787 99.353 3
      vertex 77.2707 98.768 3
      vertex 77.6997 98.644 3
    endloop
  endfacet
  facet normal 0 0 1
    outer loop
      vertex 77.2707 98.768 3
      vertex 77.0107 98.434 3
      vertex 77.1717 98.5835 3
    endloop
  endfacet
  facet normal 0 0 1
    outer loop
      vertex 77.2707 98.768 3
      vertex 76.7877 98.3357 3
      vertex 77.0107 98.434 3
    endloop
  endfacet
  facet normal -0 0 1
    outer loop
      vertex 75.6797 99.353 3
      vertex 77.2707 98.768 3
      vertex 77.7787 99.353 3
    endloop
  endfacet
  facet normal -0 -0 1
    outer loop
      vertex 75.7319 98.9072 3
      vertex 77.2707 98.768 3
      vertex 75.6797 99.353 3
    endloop
  endfacet
  facet normal 0 -0 1
    outer loop
      vertex 76.5007 98.303 3
      vertex 77.2707 98.768 3
      vertex 75.7319 98.9072 3
    endloop
  endfacet
  facet normal -0 -0 1
    outer loop
      vertex 75.8887 98.576 3
      vertex 76.5007 98.303 3
      vertex 75.7319 98.9072 3
    endloop
  endfacet
  facet normal 0 0 1
    outer loop
      vertex 76.5007 98.303 3
      vertex 75.8887 98.576 3
      vertex 76.1467 98.3712 3
    endloop
  endfacet
  facet normal 0 0 1
    outer loop
      vertex 77.2707 98.768 3
      vertex 76.5007 98.303 3
      vertex 76.7877 98.3357 3
    endloop
  endfacet
  facet normal 0 0 1
    outer loop
      vertex 85.859 10.916 3
      vertex 84.274 10.476 3
      vertex 84.309 8.44099 3
    endloop
  endfacet
  facet normal 0 0 1
    outer loop
      vertex 84.543 11.34 3
      vertex 84.0265 10.8795 3
      vertex 84.274 10.476 3
    endloop
  endfacet
  facet normal 0 0 1
    outer loop
      vertex 84.543 11.34 3
      vertex 83.67 11.17 3
      vertex 84.0265 10.8795 3
    endloop
  endfacet
  facet normal 0 0 1
    outer loop
      vertex 81.868 11.2732 3
      vertex 84.3594 14.855 3
      vertex 83.5983 16.5644 3
    endloop
  endfacet
  facet normal 0 0 1
    outer loop
      vertex 84.543 11.34 3
      vertex 83.2095 11.3455 3
      vertex 83.67 11.17 3
    endloop
  endfacet
  facet normal 0 0 1
    outer loop
      vertex 84.274 10.476 3
      vertex 83.885 8.65199 3
      vertex 84.309 8.44099 3
    endloop
  endfacet
  facet normal -0 0 1
    outer loop
      vertex 83.782 10.316 3
      vertex 83.885 8.65199 3
      vertex 84.274 10.476 3
    endloop
  endfacet
  facet normal 0 0 1
    outer loop
      vertex 83.354 10.809 3
      vertex 83.782 10.316 3
      vertex 83.6085 10.6007 3
    endloop
  endfacet
  facet normal 0 0 1
    outer loop
      vertex 83.782 10.316 3
      vertex 81.31 9.437 3
      vertex 83.885 8.65199 3
    endloop
  endfacet
  facet normal 0 0 1
    outer loop
      vertex 83.782 10.316 3
      vertex 83.354 10.809 3
      vertex 83.0312 10.9372 3
    endloop
  endfacet
  facet normal 0 0 1
    outer loop
      vertex 83.782 10.316 3
      vertex 83.0312 10.9372 3
      vertex 82.653 10.98 3
    endloop
  endfacet
  facet normal -0 -0 1
    outer loop
      vertex 81.402 8.79649 3
      vertex 83.885 8.65199 3
      vertex 81.31 9.437 3
    endloop
  endfacet
  facet normal 0 0 1
    outer loop
      vertex 83.782 10.316 3
      vertex 82.653 10.98 3
      vertex 81.3982 10.0785 3
    endloop
  endfacet
  facet normal 0 -0 1
    outer loop
      vertex 82.675 7.86299 3
      vertex 83.885 8.65199 3
      vertex 81.402 8.79649 3
    endloop
  endfacet
  facet normal 0 0 1
    outer loop
      vertex 81.3982 10.0785 3
      vertex 82.653 10.98 3
      vertex 82.0875 10.8767 3
    endloop
  endfacet
  facet normal 0 0 1
    outer loop
      vertex 83.885 8.65199 3
      vertex 82.675 7.86299 3
      vertex 83.38 8.06024 3
    endloop
  endfacet
  facet normal 0 0 1
    outer loop
      vertex 81.3982 10.0785 3
      vertex 82.0875 10.8767 3
      vertex 81.663 10.567 3
    endloop
  endfacet
  facet normal -0 -0 1
    outer loop
      vertex 81.678 8.295 3
      vertex 82.675 7.86299 3
      vertex 81.402 8.79649 3
    endloop
  endfacet
  facet normal 0 0 1
    outer loop
      vertex 83.782 10.316 3
      vertex 81.3982 10.0785 3
      vertex 81.31 9.437 3
    endloop
  endfacet
  facet normal 0 0 1
    outer loop
      vertex 82.675 7.86299 3
      vertex 81.678 8.295 3
      vertex 82.1117 7.97099 3
    endloop
  endfacet
  facet normal 0 0 1
    outer loop
      vertex 77.674 8.07599 3
      vertex 76.9506 10.962 3
      vertex 77.0786 7.924 3
    endloop
  endfacet
  facet normal 0 0 1
    outer loop
      vertex 77.0786 7.924 3
      vertex 76.9506 10.962 3
      vertex 74.6186 7.924 3
    endloop
  endfacet
  facet normal 0 0 1
    outer loop
      vertex 76.3605 10.916 3
      vertex 74.2266 10.916 3
      vertex 74.0285 7.88899 3
    endloop
  endfacet
  facet normal 0 0 1
    outer loop
      vertex 74.2266 10.916 3
      vertex 73.6361 10.962 3
      vertex 73.7641 7.924 3
    endloop
  endfacet
  facet normal 0 0 1
    outer loop
      vertex 73.7641 7.924 3
      vertex 73.6361 10.962 3
      vertex 71.3041 7.924 3
    endloop
  endfacet
  facet normal 0 0 1
    outer loop
      vertex 74.2266 11.34 3
      vertex 70.9635 16.0734 3
      vertex 73.6361 11.34 3
    endloop
  endfacet
  facet normal 0 0 1
    outer loop
      vertex 70.9635 16.0734 3
      vertex 70.9121 11.34 3
      vertex 73.6361 11.34 3
    endloop
  endfacet
  facet normal -0 0 1
    outer loop
      vertex 70.2101 11.34 3
      vertex 70.9121 10.916 3
      vertex 70.9121 11.34 3
    endloop
  endfacet
  facet normal 0 0 1
    outer loop
      vertex 70.2101 11.34 3
      vertex 70.9121 11.34 3
      vertex 70.9635 16.0734 3
    endloop
  endfacet
  facet normal 0 0 1
    outer loop
      vertex 70.9121 10.916 3
      vertex 70.2101 8.939 3
      vertex 70.7141 7.88899 3
    endloop
  endfacet
  facet normal 0 0 1
    outer loop
      vertex 70.9121 10.916 3
      vertex 70.2101 11.34 3
      vertex 70.2101 8.939 3
    endloop
  endfacet
  facet normal 0 0 1
    outer loop
      vertex 70.9635 16.0734 3
      vertex 69.6941 11.34 3
      vertex 70.2101 11.34 3
    endloop
  endfacet
  facet normal -0 0 1
    outer loop
      vertex 67.5681 11.34 3
      vertex 69.6941 8.967 3
      vertex 69.6941 11.34 3
    endloop
  endfacet
  facet normal 0 0 1
    outer loop
      vertex 67.5681 8.931 3
      vertex 69.6941 8.967 3
      vertex 67.5681 11.34 3
    endloop
  endfacet
  facet normal 0 0 1
    outer loop
      vertex 69.2865 16.6183 3
      vertex 69.6941 11.34 3
      vertex 70.9635 16.0734 3
    endloop
  endfacet
  facet normal 0 0 1
    outer loop
      vertex 67.5681 11.34 3
      vertex 69.6941 11.34 3
      vertex 69.2865 16.6183 3
    endloop
  endfacet
  facet normal -0 0 1
    outer loop
      vertex 67.5681 8.931 3
      vertex 68.6041 7.85699 3
      vertex 69.6941 8.967 3
    endloop
  endfacet
  facet normal 0 0 1
    outer loop
      vertex 73.0461 10.916 3
      vertex 70.9121 10.916 3
      vertex 70.7141 7.88899 3
    endloop
  endfacet
  facet normal 0 0 1
    outer loop
      vertex 77.4547 100.611 3
      vertex 78.3333 100.258 3
      vertex 78.3293 100.585 3
    endloop
  endfacet
  facet normal 0 0 1
    outer loop
      vertex 98.25 100 3
      vertex 79.7093 100.532 3
      vertex 91.5 88.5 3
    endloop
  endfacet
  facet normal 0 0 1
    outer loop
      vertex 78.8623 99.9747 3
      vertex 79.7093 100.532 3
      vertex 79.595 100.552 3
    endloop
  endfacet
  facet normal 0 0 1
    outer loop
      vertex 78.9823 100.295 3
      vertex 79.595 100.552 3
      vertex 79.4483 100.559 3
    endloop
  endfacet
  facet normal 0 0 1
    outer loop
      vertex 78.9823 100.295 3
      vertex 79.4483 100.559 3
      vertex 79.1793 100.493 3
    endloop
  endfacet
  facet normal 0 0 1
    outer loop
      vertex 79.595 100.552 3
      vertex 78.9823 100.295 3
      vertex 78.8623 99.9747 3
    endloop
  endfacet
  facet normal 0 0 1
    outer loop
      vertex 79.7093 100.532 3
      vertex 78.8623 99.9747 3
      vertex 78.8223 99.54 3
    endloop
  endfacet
  facet normal 0 0 1
    outer loop
      vertex 79.7093 100.532 3
      vertex 78.8223 99.54 3
      vertex 78.8223 98 3
    endloop
  endfacet
  facet normal 0 0 1
    outer loop
      vertex 79.7093 100.532 3
      vertex 78.8223 98 3
      vertex 91.5 88.5 3
    endloop
  endfacet
  facet normal -0 0 1
    outer loop
      vertex 78.3333 98 3
      vertex 91.5 88.5 3
      vertex 78.8223 98 3
    endloop
  endfacet
  facet normal -0 0 1
    outer loop
      vertex 77.4547 100.611 3
      vertex 78.3293 100.585 3
      vertex 78.3173 100.944 3
    endloop
  endfacet
  facet normal 0 0 1
    outer loop
      vertex 78.3333 100.258 3
      vertex 77.7787 99.419 3
      vertex 77.7787 99.353 3
    endloop
  endfacet
  facet normal 0 0 1
    outer loop
      vertex 78.3333 100.258 3
      vertex 77.7787 99.353 3
      vertex 78.3333 98 3
    endloop
  endfacet
  facet normal -0 0 1
    outer loop
      vertex 77.6997 98.644 3
      vertex 78.3333 98 3
      vertex 77.7787 99.353 3
    endloop
  endfacet
  facet normal -0 0 1
    outer loop
      vertex 77.2679 98.113 3
      vertex 78.3333 98 3
      vertex 77.6997 98.644 3
    endloop
  endfacet
  facet normal 0 0 1
    outer loop
      vertex 76.5007 97.936 3
      vertex 78.3333 98 3
      vertex 77.2679 98.113 3
    endloop
  endfacet
  facet normal 0 0 1
    outer loop
      vertex 78.3333 98 3
      vertex 76.5007 97.936 3
      vertex 91.5 88.5 3
    endloop
  endfacet
  facet normal -0 0 1
    outer loop
      vertex 74.5896 98 3
      vertex 76.5007 97.936 3
      vertex 75.9264 98.0337 3
    endloop
  endfacet
  facet normal 0 0 1
    outer loop
      vertex 74.5896 98 3
      vertex 75.1667 99.491 3
      vertex 74.5896 102.032 3
    endloop
  endfacet
  facet normal 0 0 1
    outer loop
      vertex 75.1667 99.491 3
      vertex 74.5896 98 3
      vertex 75.2519 98.814 3
    endloop
  endfacet
  facet normal 0 0 1
    outer loop
      vertex 74.5896 98 3
      vertex 75.5077 98.327 3
      vertex 75.2519 98.814 3
    endloop
  endfacet
  facet normal 0 0 1
    outer loop
      vertex 74.5896 98 3
      vertex 75.9264 98.0337 3
      vertex 75.5077 98.327 3
    endloop
  endfacet
  facet normal 0 0 1
    outer loop
      vertex 76.5007 97.936 3
      vertex 74.5896 98 3
      vertex 91.5 88.5 3
    endloop
  endfacet
  facet normal -0 0 1
    outer loop
      vertex 74.0996 98 3
      vertex 91.5 88.5 3
      vertex 74.5896 98 3
    endloop
  endfacet
  facet normal 0 0 1
    outer loop
      vertex 73.3845 98 3
      vertex 74.0996 98 3
      vertex 73.3845 102.032 3
    endloop
  endfacet
  facet normal -0 0 1
    outer loop
      vertex 73.3845 98 3
      vertex 91.5 88.5 3
      vertex 74.0996 98 3
    endloop
  endfacet
  facet normal -0 0 1
    outer loop
      vertex 72.8945 98 3
      vertex 91.5 88.5 3
      vertex 73.3845 98 3
    endloop
  endfacet
  facet normal -0 0 1
    outer loop
      vertex 72.28 98.7962 3
      vertex 72.8945 98 3
      vertex 72.3649 99.475 3
    endloop
  endfacet
  facet normal -0 0 1
    outer loop
      vertex 72.0249 98.316 3
      vertex 72.8945 98 3
      vertex 72.28 98.7962 3
    endloop
  endfacet
  facet normal -0 0 1
    outer loop
      vertex 71.6082 98.031 3
      vertex 72.8945 98 3
      vertex 72.0249 98.316 3
    endloop
  endfacet
  facet normal 0 0 1
    outer loop
      vertex 71.0379 97.936 3
      vertex 72.8945 98 3
      vertex 71.6082 98.031 3
    endloop
  endfacet
  facet normal 0 0 1
    outer loop
      vertex 72.8945 98 3
      vertex 71.0379 97.936 3
      vertex 91.5 88.5 3
    endloop
  endfacet
  facet normal -0 0 1
    outer loop
      vertex 68.5703 98 3
      vertex 71.0379 97.936 3
      vertex 70.4727 98.0347 3
    endloop
  endfacet
  facet normal 0 0 1
    outer loop
      vertex 70.0657 100.625 3
      vertex 69.4573 100.532 3
      vertex 69.7359 99.475 3
    endloop
  endfacet
  facet normal 0 0 1
    outer loop
      vertex 69.343 100.552 3
      vertex 69.7359 99.475 3
      vertex 69.4573 100.532 3
    endloop
  endfacet
  facet normal 0 0 1
    outer loop
      vertex 69.7359 99.475 3
      vertex 69.343 100.552 3
      vertex 68.6103 99.9747 3
    endloop
  endfacet
  facet normal 0 0 1
    outer loop
      vertex 68.7303 100.295 3
      vertex 69.343 100.552 3
      vertex 69.1963 100.559 3
    endloop
  endfacet
  facet normal 0 0 1
    outer loop
      vertex 68.7303 100.295 3
      vertex 69.1963 100.559 3
      vertex 68.9273 100.493 3
    endloop
  endfacet
  facet normal 0 0 1
    outer loop
      vertex 69.7359 99.475 3
      vertex 68.6103 99.9747 3
      vertex 68.5703 99.54 3
    endloop
  endfacet
  facet normal 0 0 1
    outer loop
      vertex 69.343 100.552 3
      vertex 68.7303 100.295 3
      vertex 68.6103 99.9747 3
    endloop
  endfacet
  facet normal 0 0 1
    outer loop
      vertex 69.7359 99.475 3
      vertex 68.5703 99.54 3
      vertex 69.8182 98.815 3
    endloop
  endfacet
  facet normal 0 0 1
    outer loop
      vertex 68.5703 98 3
      vertex 69.8182 98.815 3
      vertex 68.5703 99.54 3
    endloop
  endfacet
  facet normal 0 0 1
    outer loop
      vertex 69.8182 98.815 3
      vertex 68.5703 98 3
      vertex 70.0649 98.331 3
    endloop
  endfacet
  facet normal 0 0 1
    outer loop
      vertex 68.5703 98 3
      vertex 70.4727 98.0347 3
      vertex 70.0649 98.331 3
    endloop
  endfacet
  facet normal -0 0 1
    outer loop
      vertex 67.4487 97.9523 3
      vertex 71.0379 97.936 3
      vertex 68.5703 98 3
    endloop
  endfacet
  facet normal 0 0 1
    outer loop
      vertex 67.4487 97.9523 3
      vertex 68.5703 98 3
      vertex 68.0813 98 3
    endloop
  endfacet
  facet normal 0 0 1
    outer loop
      vertex 67.6445 100.588 3
      vertex 68.0653 100.944 3
      vertex 67.6445 100.944 3
    endloop
  endfacet
  facet normal 0 0 1
    outer loop
      vertex 68.0813 100.258 3
      vertex 67.6935 98.363 3
      vertex 68.0813 98 3
    endloop
  endfacet
  facet normal -0 0 1
    outer loop
      vertex 67.6935 98.001 3
      vertex 68.0813 98 3
      vertex 67.6935 98.363 3
    endloop
  endfacet
  facet normal 0 0 1
    outer loop
      vertex 67.4487 97.9523 3
      vertex 68.0813 98 3
      vertex 67.6935 98.001 3
    endloop
  endfacet
  facet normal 0 0 1
    outer loop
      vertex 71.0379 97.936 3
      vertex 67.4487 97.9523 3
      vertex 91.5 88.5 3
    endloop
  endfacet
  facet normal -0 0 1
    outer loop
      vertex 67.1985 97.936 3
      vertex 91.5 88.5 3
      vertex 67.4487 97.9523 3
    endloop
  endfacet
  facet normal -0 0 1
    outer loop
      vertex 65.9049 98 3
      vertex 67.1985 97.936 3
      vertex 66.7582 98.104 3
    endloop
  endfacet
  facet normal 0 0 1
    outer loop
      vertex 66.6115 100.588 3
      vertex 65.9049 99.968 3
      vertex 66.6115 98.608 3
    endloop
  endfacet
  facet normal 0 0 1
    outer loop
      vertex 65.9049 98 3
      vertex 66.6115 98.608 3
      vertex 65.9049 99.968 3
    endloop
  endfacet
  facet normal 0 0 1
    outer loop
      vertex 66.6115 98.608 3
      vertex 65.9049 98 3
      vertex 66.7582 98.104 3
    endloop
  endfacet
  facet normal -0 0 1
    outer loop
      vertex 65.4129 98 3
      vertex 67.1985 97.936 3
      vertex 65.9049 98 3
    endloop
  endfacet
  facet normal 0 0 1
    outer loop
      vertex 67.1985 97.936 3
      vertex 65.4129 98 3
      vertex 91.5 88.5 3
    endloop
  endfacet
  facet normal 0 0 1
    outer loop
      vertex 65.0197 100.612 3
      vertex 65.3987 100.133 3
      vertex 65.3559 100.327 3
    endloop
  endfacet
  facet normal 0 0 1
    outer loop
      vertex 65.0197 100.612 3
      vertex 65.3559 100.327 3
      vertex 65.2819 100.465 3
    endloop
  endfacet
  facet normal 0 0 1
    outer loop
      vertex 65.0197 100.612 3
      vertex 65.2819 100.465 3
      vertex 65.1739 100.559 3
    endloop
  endfacet
  facet normal 0 0 1
    outer loop
      vertex 65.3987 100.133 3
      vertex 65.0197 100.612 3
      vertex 64.8069 100.63 3
    endloop
  endfacet
  facet normal -0 0 1
    outer loop
      vertex 64.4904 100.569 3
      vertex 65.3987 100.133 3
      vertex 64.8069 100.63 3
    endloop
  endfacet
  facet normal 0 0 1
    outer loop
      vertex 65.3987 100.133 3
      vertex 64.4904 100.569 3
      vertex 64.2489 100.387 3
    endloop
  endfacet
  facet normal 0 0 1
    outer loop
      vertex 65.4129 99.873 3
      vertex 64.2489 100.387 3
      vertex 64.0959 100.097 3
    endloop
  endfacet
  facet normal 0 0 1
    outer loop
      vertex 65.4129 99.873 3
      vertex 64.0959 100.097 3
      vertex 64.0449 99.712 3
    endloop
  endfacet
  facet normal 0 0 1
    outer loop
      vertex 65.4129 99.873 3
      vertex 64.0449 99.712 3
      vertex 65.4129 98 3
    endloop
  endfacet
  facet normal 0 0 1
    outer loop
      vertex 64.0449 98 3
      vertex 65.4129 98 3
      vertex 64.0449 99.712 3
    endloop
  endfacet
  facet normal -0 0 1
    outer loop
      vertex 64.0449 98 3
      vertex 91.5 88.5 3
      vertex 65.4129 98 3
    endloop
  endfacet
  facet normal -0 0 1
    outer loop
      vertex 63.5559 98 3
      vertex 91.5 88.5 3
      vertex 64.0449 98 3
    endloop
  endfacet
  facet normal 0 0 1
    outer loop
      vertex 62.6973 100.634 3
      vertex 63.5519 100.73 3
      vertex 63.5399 100.944 3
    endloop
  endfacet
  facet normal 0 0 1
    outer loop
      vertex 63.5559 100.315 3
      vertex 63.0153 99.475 3
      vertex 63.5559 98 3
    endloop
  endfacet
  facet normal -0 0 1
    outer loop
      vertex 62.9303 98.7962 3
      vertex 63.5559 98 3
      vertex 63.0153 99.475 3
    endloop
  endfacet
  facet normal -0 0 1
    outer loop
      vertex 62.6753 98.316 3
      vertex 63.5559 98 3
      vertex 62.9303 98.7962 3
    endloop
  endfacet
  facet normal -0 0 1
    outer loop
      vertex 62.2586 98.031 3
      vertex 63.5559 98 3
      vertex 62.6753 98.316 3
    endloop
  endfacet
  facet normal 0 0 1
    outer loop
      vertex 61.6883 97.936 3
      vertex 63.5559 98 3
      vertex 62.2586 98.031 3
    endloop
  endfacet
  facet normal 0 0 1
    outer loop
      vertex 63.5559 98 3
      vertex 61.6883 97.936 3
      vertex 91.5 88.5 3
    endloop
  endfacet
  facet normal -0 0 1
    outer loop
      vertex 58.9161 98 3
      vertex 61.6883 97.936 3
      vertex 61.1231 98.0347 3
    endloop
  endfacet
  facet normal -0 0 1
    outer loop
      vertex 60.0434 98.941 3
      vertex 60.4686 98.815 3
      vertex 60.3863 99.475 3
    endloop
  endfacet
  facet normal 0 0 1
    outer loop
      vertex 59.7586 98.5077 3
      vertex 60.4686 98.815 3
      vertex 60.0434 98.941 3
    endloop
  endfacet
  facet normal 0 0 1
    outer loop
      vertex 60.4686 98.815 3
      vertex 59.7586 98.5077 3
      vertex 60.7153 98.331 3
    endloop
  endfacet
  facet normal 0 0 1
    outer loop
      vertex 59.3784 98.192 3
      vertex 60.7153 98.331 3
      vertex 59.7586 98.5077 3
    endloop
  endfacet
  facet normal 0 0 1
    outer loop
      vertex 60.7153 98.331 3
      vertex 59.3784 98.192 3
      vertex 61.1231 98.0347 3
    endloop
  endfacet
  facet normal 0 0 1
    outer loop
      vertex 58.9161 98 3
      vertex 61.1231 98.0347 3
      vertex 59.3784 98.192 3
    endloop
  endfacet
  facet normal 0 0 1
    outer loop
      vertex 61.6883 97.936 3
      vertex 58.9161 98 3
      vertex 58.3854 97.936 3
    endloop
  endfacet
  facet normal 0 0 1
    outer loop
      vertex 61.6883 97.936 3
      vertex 58.3854 97.936 3
      vertex 91.5 88.5 3
    endloop
  endfacet
  facet normal -0 0 1
    outer loop
      vertex 54.48 97.9523 3
      vertex 58.3854 97.936 3
      vertex 57.8454 97.9965 3
    endloop
  endfacet
  facet normal 0 0 1
    outer loop
      vertex 54.6757 100.588 3
      vertex 56.5726 99.362 3
      vertex 56.5174 99.936 3
    endloop
  endfacet
  facet normal 0 0 1
    outer loop
      vertex 54.7247 98.363 3
      vertex 56.7384 98.87 3
      vertex 56.5726 99.362 3
    endloop
  endfacet
  facet normal 0 0 1
    outer loop
      vertex 54.7247 98.001 3
      vertex 56.7384 98.87 3
      vertex 54.7247 98.363 3
    endloop
  endfacet
  facet normal 0 0 1
    outer loop
      vertex 56.7384 98.87 3
      vertex 54.7247 98.001 3
      vertex 57.0106 98.472 3
    endloop
  endfacet
  facet normal 0 0 1
    outer loop
      vertex 57.0106 98.472 3
      vertex 54.7247 98.001 3
      vertex 57.3834 98.178 3
    endloop
  endfacet
  facet normal 0 0 1
    outer loop
      vertex 57.3834 98.178 3
      vertex 54.7247 98.001 3
      vertex 57.8454 97.9965 3
    endloop
  endfacet
  facet normal 0 0 1
    outer loop
      vertex 54.48 97.9523 3
      vertex 57.8454 97.9965 3
      vertex 54.7247 98.001 3
    endloop
  endfacet
  facet normal 0 0 1
    outer loop
      vertex 58.3854 97.936 3
      vertex 54.48 97.9523 3
      vertex 54.2297 97.936 3
    endloop
  endfacet
  facet normal 0 0 1
    outer loop
      vertex 58.3854 97.936 3
      vertex 54.2297 97.936 3
      vertex 91.5 88.5 3
    endloop
  endfacet
  facet normal 0 0 1
    outer loop
      vertex 53.1741 100.532 3
      vertex 53.3027 100.588 3
      vertex 53.1741 100.981 3
    endloop
  endfacet
  facet normal 0 0 1
    outer loop
      vertex 53.6427 100.588 3
      vertex 53.1741 100.532 3
      vertex 53.6427 98.608 3
    endloop
  endfacet
  facet normal 0 0 1
    outer loop
      vertex 52.3271 99.9747 3
      vertex 53.1741 100.532 3
      vertex 53.0598 100.552 3
    endloop
  endfacet
  facet normal 0 0 1
    outer loop
      vertex 53.1741 100.532 3
      vertex 52.2871 99.54 3
      vertex 53.6427 98.608 3
    endloop
  endfacet
  facet normal 0 0 1
    outer loop
      vertex 52.4471 100.295 3
      vertex 53.0598 100.552 3
      vertex 52.9131 100.559 3
    endloop
  endfacet
  facet normal 0 0 1
    outer loop
      vertex 52.4471 100.295 3
      vertex 52.9131 100.559 3
      vertex 52.6441 100.493 3
    endloop
  endfacet
  facet normal 0 0 1
    outer loop
      vertex 53.0598 100.552 3
      vertex 52.4471 100.295 3
      vertex 52.3271 99.9747 3
    endloop
  endfacet
  facet normal 0 0 1
    outer loop
      vertex 53.1741 100.532 3
      vertex 52.3271 99.9747 3
      vertex 52.2871 99.54 3
    endloop
  endfacet
  facet normal 0 0 1
    outer loop
      vertex 52.2871 98 3
      vertex 53.6427 98.608 3
      vertex 52.2871 99.54 3
    endloop
  endfacet
  facet normal 0 0 1
    outer loop
      vertex 53.6427 98.608 3
      vertex 52.2871 98 3
      vertex 53.7895 98.104 3
    endloop
  endfacet
  facet normal -0 0 1
    outer loop
      vertex 52.2871 98 3
      vertex 54.2297 97.936 3
      vertex 53.7895 98.104 3
    endloop
  endfacet
  facet normal -0 0 1
    outer loop
      vertex 51.3045 97.947 3
      vertex 54.2297 97.936 3
      vertex 52.2871 98 3
    endloop
  endfacet
  facet normal 0 0 1
    outer loop
      vertex 51.3045 97.947 3
      vertex 52.2871 98 3
      vertex 51.7981 98 3
    endloop
  endfacet
  facet normal 0 0 1
    outer loop
      vertex 50.9865 100.432 3
      vertex 51.7941 100.585 3
      vertex 51.7821 100.944 3
    endloop
  endfacet
  facet normal 0 0 1
    outer loop
      vertex 51.7981 100.258 3
      vertex 51.4915 98.284 3
      vertex 51.7981 98 3
    endloop
  endfacet
  facet normal 0 0 1
    outer loop
      vertex 51.4915 97.98 3
      vertex 51.7981 98 3
      vertex 51.4915 98.284 3
    endloop
  endfacet
  facet normal 0 0 1
    outer loop
      vertex 51.3045 97.947 3
      vertex 51.7981 98 3
      vertex 51.4915 97.98 3
    endloop
  endfacet
  facet normal 0 0 1
    outer loop
      vertex 51.1135 97.936 3
      vertex 54.2297 97.936 3
      vertex 51.3045 97.947 3
    endloop
  endfacet
  facet normal 0 0 1
    outer loop
      vertex 54.2297 97.936 3
      vertex 51.1135 97.936 3
      vertex 91.5 88.5 3
    endloop
  endfacet
  facet normal -0 0 1
    outer loop
      vertex 49.8495 97.9713 3
      vertex 51.1135 97.936 3
      vertex 50.8785 97.9735 3
    endloop
  endfacet
  facet normal -0 0 1
    outer loop
      vertex 50.5615 98.558 3
      vertex 50.6205 98.2795 3
      vertex 50.5775 98.558 3
    endloop
  endfacet
  facet normal 0 0 1
    outer loop
      vertex 50.3583 98.2677 3
      vertex 50.6205 98.2795 3
      vertex 50.5615 98.558 3
    endloop
  endfacet
  facet normal -0 0 1
    outer loop
      vertex 50.3583 98.2677 3
      vertex 50.7175 98.086 3
      vertex 50.6205 98.2795 3
    endloop
  endfacet
  facet normal 0 0 1
    outer loop
      vertex 50.1245 98.077 3
      vertex 50.7175 98.086 3
      vertex 50.3583 98.2677 3
    endloop
  endfacet
  facet normal 0 0 1
    outer loop
      vertex 50.7175 98.086 3
      vertex 50.1245 98.077 3
      vertex 50.8785 97.9735 3
    endloop
  endfacet
  facet normal 0 0 1
    outer loop
      vertex 49.8495 97.9713 3
      vertex 50.8785 97.9735 3
      vertex 50.1245 98.077 3
    endloop
  endfacet
  facet normal 0 0 1
    outer loop
      vertex 51.1135 97.936 3
      vertex 49.8495 97.9713 3
      vertex 49.5205 97.936 3
    endloop
  endfacet
  facet normal 0 0 1
    outer loop
      vertex 12 88.5 3
      vertex 51.1135 97.936 3
      vertex 49.5205 97.936 3
    endloop
  endfacet
  facet normal 0 0 1
    outer loop
      vertex 48.146 98 3
      vertex 49.5205 97.936 3
      vertex 49.1325 97.9945 3
    endloop
  endfacet
  facet normal 0 0 1
    outer loop
      vertex 48.146 98 3
      vertex 48.6315 98.815 3
      vertex 48.146 99.968 3
    endloop
  endfacet
  facet normal 0 0 1
    outer loop
      vertex 48.6315 98.815 3
      vertex 48.146 98 3
      vertex 48.6873 98.4487 3
    endloop
  endfacet
  facet normal 0 0 1
    outer loop
      vertex 48.146 98 3
      vertex 48.8545 98.17 3
      vertex 48.6873 98.4487 3
    endloop
  endfacet
  facet normal -0 0 1
    outer loop
      vertex 48.146 98 3
      vertex 49.1325 97.9945 3
      vertex 48.8545 98.17 3
    endloop
  endfacet
  facet normal -0 0 1
    outer loop
      vertex 47.662 98 3
      vertex 49.5205 97.936 3
      vertex 48.146 98 3
    endloop
  endfacet
  facet normal -0 0 1
    outer loop
      vertex 46.447 98 3
      vertex 49.5205 97.936 3
      vertex 47.662 98 3
    endloop
  endfacet
  facet normal 0 0 1
    outer loop
      vertex 47.3812 100.589 3
      vertex 47.6327 100.236 3
      vertex 47.545 100.466 3
    endloop
  endfacet
  facet normal 0 0 1
    outer loop
      vertex 47.6327 100.236 3
      vertex 47.3812 100.589 3
      vertex 47.124 100.63 3
    endloop
  endfacet
  facet normal -0 0 1
    outer loop
      vertex 46.8387 100.57 3
      vertex 47.6327 100.236 3
      vertex 47.124 100.63 3
    endloop
  endfacet
  facet normal 0 0 1
    outer loop
      vertex 47.6327 100.236 3
      vertex 46.8387 100.57 3
      vertex 46.625 100.391 3
    endloop
  endfacet
  facet normal 0 0 1
    outer loop
      vertex 47.6327 100.236 3
      vertex 46.625 100.391 3
      vertex 46.4915 100.102 3
    endloop
  endfacet
  facet normal 0 0 1
    outer loop
      vertex 47.662 99.873 3
      vertex 46.4915 100.102 3
      vertex 46.447 99.712 3
    endloop
  endfacet
  facet normal 0 0 1
    outer loop
      vertex 47.662 99.873 3
      vertex 46.447 99.712 3
      vertex 47.662 98 3
    endloop
  endfacet
  facet normal 0 0 1
    outer loop
      vertex 46.447 98 3
      vertex 47.662 98 3
      vertex 46.447 99.712 3
    endloop
  endfacet
  facet normal 0 0 1
    outer loop
      vertex 49.5205 97.936 3
      vertex 46.447 98 3
      vertex 12 88.5 3
    endloop
  endfacet
  facet normal 0 0 1
    outer loop
      vertex 12 88.5 3
      vertex 46.447 98 3
      vertex 45.963 98 3
    endloop
  endfacet
  facet normal 0 0 1
    outer loop
      vertex 45.6822 100.589 3
      vertex 45.9337 100.236 3
      vertex 45.846 100.466 3
    endloop
  endfacet
  facet normal 0 0 1
    outer loop
      vertex 45.9337 100.236 3
      vertex 45.6822 100.589 3
      vertex 45.425 100.63 3
    endloop
  endfacet
  facet normal -0 0 1
    outer loop
      vertex 45.1447 100.57 3
      vertex 45.9337 100.236 3
      vertex 45.425 100.63 3
    endloop
  endfacet
  facet normal 0 0 1
    outer loop
      vertex 45.9337 100.236 3
      vertex 45.1447 100.57 3
      vertex 44.93 100.389 3
    endloop
  endfacet
  facet normal 0 0 1
    outer loop
      vertex 45.963 99.873 3
      vertex 44.93 100.389 3
      vertex 44.7935 100.1 3
    endloop
  endfacet
  facet normal 0 0 1
    outer loop
      vertex 45.963 99.873 3
      vertex 44.7935 100.1 3
      vertex 44.748 99.712 3
    endloop
  endfacet
  facet normal 0 0 1
    outer loop
      vertex 45.963 99.873 3
      vertex 44.748 99.712 3
      vertex 45.963 98 3
    endloop
  endfacet
  facet normal 0 0 1
    outer loop
      vertex 44.748 98 3
      vertex 45.963 98 3
      vertex 44.748 99.712 3
    endloop
  endfacet
  facet normal 0 0 1
    outer loop
      vertex 12 88.5 3
      vertex 45.963 98 3
      vertex 44.748 98 3
    endloop
  endfacet
  facet normal 0 0 1
    outer loop
      vertex 12 88.5 3
      vertex 44.748 98 3
      vertex 44.261 98 3
    endloop
  endfacet
  facet normal 0 0 1
    outer loop
      vertex 43.6248 101.023 3
      vertex 44.257 100.73 3
      vertex 44.245 100.944 3
    endloop
  endfacet
  facet normal 0 -0 1
    outer loop
      vertex 43.7139 99.055 3
      vertex 44.261 100.315 3
      vertex 43.6991 99.2522 3
    endloop
  endfacet
  facet normal -0 0 1
    outer loop
      vertex 43.6101 98.582 3
      vertex 44.261 98 3
      vertex 43.7139 99.055 3
    endloop
  endfacet
  facet normal -0 0 1
    outer loop
      vertex 43.2989 98.229 3
      vertex 44.261 98 3
      vertex 43.6101 98.582 3
    endloop
  endfacet
  facet normal -0 0 1
    outer loop
      vertex 42.8001 98.0092 3
      vertex 44.261 98 3
      vertex 43.2989 98.229 3
    endloop
  endfacet
  facet normal 0 0 1
    outer loop
      vertex 42.1319 97.936 3
      vertex 44.261 98 3
      vertex 42.8001 98.0092 3
    endloop
  endfacet
  facet normal 0 0 1
    outer loop
      vertex 12 88.5 3
      vertex 44.261 98 3
      vertex 42.1319 97.936 3
    endloop
  endfacet
  facet normal 0 0 1
    outer loop
      vertex 38.5531 98.4827 3
      vertex 40.5089 98.909 3
      vertex 38.6721 98.863 3
    endloop
  endfacet
  facet normal 0 0 1
    outer loop
      vertex 40.5089 98.909 3
      vertex 38.5531 98.4827 3
      vertex 41.0261 98.1792 3
    endloop
  endfacet
  facet normal -0 0 1
    outer loop
      vertex 38.3102 98.188 3
      vertex 41.0261 98.1792 3
      vertex 38.5531 98.4827 3
    endloop
  endfacet
  facet normal 0 0 1
    outer loop
      vertex 37.9654 97.999 3
      vertex 41.0261 98.1792 3
      vertex 38.3102 98.188 3
    endloop
  endfacet
  facet normal 0 0 1
    outer loop
      vertex 41.0261 98.1792 3
      vertex 37.9654 97.999 3
      vertex 42.1319 97.936 3
    endloop
  endfacet
  facet normal 0 0 1
    outer loop
      vertex 37.5392 97.936 3
      vertex 42.1319 97.936 3
      vertex 37.9654 97.999 3
    endloop
  endfacet
  facet normal 0 0 1
    outer loop
      vertex 42.1319 97.936 3
      vertex 37.5392 97.936 3
      vertex 12 88.5 3
    endloop
  endfacet
  facet normal 0 0 1
    outer loop
      vertex 36.5981 100.615 3
      vertex 35.6921 100.944 3
      vertex 36.3537 100.133 3
    endloop
  endfacet
  facet normal 0 0 1
    outer loop
      vertex 36.3537 100.133 3
      vertex 35.6921 100.944 3
      vertex 36.2722 99.475 3
    endloop
  endfacet
  facet normal 0 0 1
    outer loop
      vertex 35.6921 98 3
      vertex 36.2722 99.475 3
      vertex 35.6921 100.944 3
    endloop
  endfacet
  facet normal 0 0 1
    outer loop
      vertex 36.2722 99.475 3
      vertex 35.6921 98 3
      vertex 36.3534 98.812 3
    endloop
  endfacet
  facet normal 0 0 1
    outer loop
      vertex 35.6921 98 3
      vertex 36.5972 98.329 3
      vertex 36.3534 98.812 3
    endloop
  endfacet
  facet normal 0 0 1
    outer loop
      vertex 35.6921 98 3
      vertex 36.9951 98.0342 3
      vertex 36.5972 98.329 3
    endloop
  endfacet
  facet normal -0 0 1
    outer loop
      vertex 35.6921 98 3
      vertex 37.5392 97.936 3
      vertex 36.9951 98.0342 3
    endloop
  endfacet
  facet normal 0 0 1
    outer loop
      vertex 29.6599 96.848 3
      vertex 37.5392 97.936 3
      vertex 35.6921 98 3
    endloop
  endfacet
  facet normal 0 0 1
    outer loop
      vertex 29.6599 96.848 3
      vertex 35.6921 98 3
      vertex 35.2021 98 3
    endloop
  endfacet
  facet normal 0 0 1
    outer loop
      vertex 34.5475 98 3
      vertex 35.2021 98 3
      vertex 34.5475 99.968 3
    endloop
  endfacet
  facet normal 0 0 1
    outer loop
      vertex 29.6599 96.848 3
      vertex 35.2021 98 3
      vertex 34.5475 98 3
    endloop
  endfacet
  facet normal 0 0 1
    outer loop
      vertex 29.6599 96.848 3
      vertex 34.5475 98 3
      vertex 34.0555 98 3
    endloop
  endfacet
  facet normal 0 0 1
    outer loop
      vertex 33.6552 100.612 3
      vertex 34.0412 100.145 3
      vertex 33.9985 100.336 3
    endloop
  endfacet
  facet normal 0 0 1
    outer loop
      vertex 33.8105 100.559 3
      vertex 33.9985 100.336 3
      vertex 33.923 100.468 3
    endloop
  endfacet
  facet normal 0 0 1
    outer loop
      vertex 33.9985 100.336 3
      vertex 33.8105 100.559 3
      vertex 33.6552 100.612 3
    endloop
  endfacet
  facet normal 0 0 1
    outer loop
      vertex 34.0412 100.145 3
      vertex 33.6552 100.612 3
      vertex 33.4495 100.63 3
    endloop
  endfacet
  facet normal -0 0 1
    outer loop
      vertex 33.138 100.57 3
      vertex 34.0412 100.145 3
      vertex 33.4495 100.63 3
    endloop
  endfacet
  facet normal 0 0 1
    outer loop
      vertex 34.0555 99.873 3
      vertex 33.138 100.57 3
      vertex 32.8955 100.389 3
    endloop
  endfacet
  facet normal 0 0 1
    outer loop
      vertex 34.0555 99.873 3
      vertex 32.8955 100.389 3
      vertex 32.7395 100.107 3
    endloop
  endfacet
  facet normal 0 0 1
    outer loop
      vertex 34.0555 99.873 3
      vertex 32.7395 100.107 3
      vertex 32.6875 99.742 3
    endloop
  endfacet
  facet normal 0 0 1
    outer loop
      vertex 34.0555 99.873 3
      vertex 32.6875 99.742 3
      vertex 34.0555 98 3
    endloop
  endfacet
  facet normal 0 0 1
    outer loop
      vertex 32.6875 98 3
      vertex 34.0555 98 3
      vertex 32.6875 99.742 3
    endloop
  endfacet
  facet normal 0 0 1
    outer loop
      vertex 29.6599 96.848 3
      vertex 34.0555 98 3
      vertex 32.6875 98 3
    endloop
  endfacet
  facet normal 0 0 1
    outer loop
      vertex 29.6599 96.848 3
      vertex 32.6875 98 3
      vertex 32.1985 98 3
    endloop
  endfacet
  facet normal -0 0 1
    outer loop
      vertex 31.3874 98.3237 3
      vertex 32.1985 98 3
      vertex 31.6579 99.487 3
    endloop
  endfacet
  facet normal 0 0 1
    outer loop
      vertex 30.5759 97.936 3
      vertex 32.1985 98 3
      vertex 31.3874 98.3237 3
    endloop
  endfacet
  facet normal 0 0 1
    outer loop
      vertex 29.6599 96.848 3
      vertex 32.1985 98 3
      vertex 30.5759 97.936 3
    endloop
  endfacet
  facet normal -0 0 1
    outer loop
      vertex 29.6572 98.325 3
      vertex 30.0077 98.0647 3
      vertex 29.6629 98.451 3
    endloop
  endfacet
  facet normal 0 0 1
    outer loop
      vertex 29.6599 96.848 3
      vertex 30.0077 98.0647 3
      vertex 29.6599 97.991 3
    endloop
  endfacet
  facet normal 0 0 1
    outer loop
      vertex 30.0077 98.0647 3
      vertex 29.6599 96.848 3
      vertex 30.5759 97.936 3
    endloop
  endfacet
  facet normal 0 0 1
    outer loop
      vertex 37.5392 97.936 3
      vertex 29.6599 96.848 3
      vertex 12 88.5 3
    endloop
  endfacet
  facet normal 0 0 1
    outer loop
      vertex 12 88.5 3
      vertex 29.6599 96.848 3
      vertex 29.1699 96.848 3
    endloop
  endfacet
  facet normal 0 0 1
    outer loop
      vertex 28.3693 100.432 3
      vertex 29.1659 100.72 3
      vertex 29.1539 100.944 3
    endloop
  endfacet
  facet normal 0 0 1
    outer loop
      vertex 29.1699 100.343 3
      vertex 28.8743 98.284 3
      vertex 29.1699 96.848 3
    endloop
  endfacet
  facet normal -0 0 1
    outer loop
      vertex 28.8743 97.98 3
      vertex 29.1699 96.848 3
      vertex 28.8743 98.284 3
    endloop
  endfacet
  facet normal -0 0 1
    outer loop
      vertex 28.6873 97.947 3
      vertex 29.1699 96.848 3
      vertex 28.8743 97.98 3
    endloop
  endfacet
  facet normal -0 0 1
    outer loop
      vertex 28.4963 97.936 3
      vertex 29.1699 96.848 3
      vertex 28.6873 97.947 3
    endloop
  endfacet
  facet normal 0 0 1
    outer loop
      vertex 28.2613 97.9735 3
      vertex 29.1699 96.848 3
      vertex 28.4963 97.936 3
    endloop
  endfacet
  facet normal -0 0 1
    outer loop
      vertex 27.5073 98.077 3
      vertex 28.2613 97.9735 3
      vertex 28.1003 98.086 3
    endloop
  endfacet
  facet normal -0 0 1
    outer loop
      vertex 27.9443 98.558 3
      vertex 28.0033 98.2795 3
      vertex 27.9603 98.558 3
    endloop
  endfacet
  facet normal 0 0 1
    outer loop
      vertex 27.7411 98.2677 3
      vertex 28.0033 98.2795 3
      vertex 27.9443 98.558 3
    endloop
  endfacet
  facet normal -0 0 1
    outer loop
      vertex 27.7411 98.2677 3
      vertex 28.1003 98.086 3
      vertex 28.0033 98.2795 3
    endloop
  endfacet
  facet normal 0 0 1
    outer loop
      vertex 27.5073 98.077 3
      vertex 28.1003 98.086 3
      vertex 27.7411 98.2677 3
    endloop
  endfacet
  facet normal 0 0 1
    outer loop
      vertex 28.2613 97.9735 3
      vertex 27.5073 98.077 3
      vertex 27.2323 97.9713 3
    endloop
  endfacet
  facet normal 0 0 1
    outer loop
      vertex 28.2613 97.9735 3
      vertex 27.2323 97.9713 3
      vertex 29.1699 96.848 3
    endloop
  endfacet
  facet normal -0 0 1
    outer loop
      vertex 26.9033 97.936 3
      vertex 29.1699 96.848 3
      vertex 27.2323 97.9713 3
    endloop
  endfacet
  facet normal 0 0 1
    outer loop
      vertex 26.5153 97.9945 3
      vertex 29.1699 96.848 3
      vertex 26.9033 97.936 3
    endloop
  endfacet
  facet normal 0 0 1
    outer loop
      vertex 26.1443 100.222 3
      vertex 24.8857 99.9747 3
      vertex 26.0893 99.22 3
    endloop
  endfacet
  facet normal 0 0 1
    outer loop
      vertex 26.0893 99.22 3
      vertex 24.8457 99.54 3
      vertex 26.0143 98.815 3
    endloop
  endfacet
  facet normal 0 0 1
    outer loop
      vertex 24.8857 99.9747 3
      vertex 25.7327 100.532 3
      vertex 25.6184 100.552 3
    endloop
  endfacet
  facet normal 0 0 1
    outer loop
      vertex 25.0057 100.295 3
      vertex 25.6184 100.552 3
      vertex 25.4717 100.559 3
    endloop
  endfacet
  facet normal 0 0 1
    outer loop
      vertex 25.0057 100.295 3
      vertex 25.4717 100.559 3
      vertex 25.2027 100.493 3
    endloop
  endfacet
  facet normal 0 0 1
    outer loop
      vertex 25.6184 100.552 3
      vertex 25.0057 100.295 3
      vertex 24.8857 99.9747 3
    endloop
  endfacet
  facet normal 0 0 1
    outer loop
      vertex 26.0893 99.22 3
      vertex 24.8857 99.9747 3
      vertex 24.8457 99.54 3
    endloop
  endfacet
  facet normal 0 0 1
    outer loop
      vertex 24.8457 98 3
      vertex 26.0143 98.815 3
      vertex 24.8457 99.54 3
    endloop
  endfacet
  facet normal 0 0 1
    outer loop
      vertex 26.0143 98.815 3
      vertex 24.8457 98 3
      vertex 26.0701 98.4487 3
    endloop
  endfacet
  facet normal 0 0 1
    outer loop
      vertex 26.0701 98.4487 3
      vertex 24.8457 98 3
      vertex 26.2373 98.17 3
    endloop
  endfacet
  facet normal -0 0 1
    outer loop
      vertex 24.8457 98 3
      vertex 26.5153 97.9945 3
      vertex 26.2373 98.17 3
    endloop
  endfacet
  facet normal 0 0 1
    outer loop
      vertex 24.8457 98 3
      vertex 29.1699 96.848 3
      vertex 26.5153 97.9945 3
    endloop
  endfacet
  facet normal -0 0 1
    outer loop
      vertex 24.3567 98 3
      vertex 29.1699 96.848 3
      vertex 24.8457 98 3
    endloop
  endfacet
  facet normal 0 0 1
    outer loop
      vertex 23.581 101.023 3
      vertex 24.3527 100.585 3
      vertex 24.3407 100.944 3
    endloop
  endfacet
  facet normal 0 0 1
    outer loop
      vertex 23.665 98.59 3
      vertex 24.3567 100.258 3
      vertex 23.665 99.92 3
    endloop
  endfacet
  facet normal 0 0 1
    outer loop
      vertex 24.3567 100.258 3
      vertex 23.665 98.59 3
      vertex 24.3567 98 3
    endloop
  endfacet
  facet normal -0 0 1
    outer loop
      vertex 23.3265 98.3132 3
      vertex 24.3567 98 3
      vertex 23.665 98.59 3
    endloop
  endfacet
  facet normal -0 0 1
    outer loop
      vertex 22.919 98.107 3
      vertex 24.3567 98 3
      vertex 23.3265 98.3132 3
    endloop
  endfacet
  facet normal 0 0 1
    outer loop
      vertex 22.4582 97.9788 3
      vertex 24.3567 98 3
      vertex 22.919 98.107 3
    endloop
  endfacet
  facet normal 0 0 1
    outer loop
      vertex 12 88.5 3
      vertex 24.3567 98 3
      vertex 22.4582 97.9788 3
    endloop
  endfacet
  facet normal 0 0 1
    outer loop
      vertex 12 88.5 3
      vertex 22.4582 97.9788 3
      vertex 21.96 97.936 3
    endloop
  endfacet
  facet normal 0 0 1
    outer loop
      vertex 12 88.5 3
      vertex 21.96 97.936 3
      vertex 21.4005 97.9963 3
    endloop
  endfacet
  facet normal 0 0 1
    outer loop
      vertex 17.9021 98 3
      vertex 20.03 99.936 3
      vertex 17.9021 102.032 3
    endloop
  endfacet
  facet normal 0 0 1
    outer loop
      vertex 20.03 99.936 3
      vertex 17.9021 98 3
      vertex 20.0872 99.363 3
    endloop
  endfacet
  facet normal 0 0 1
    outer loop
      vertex 20.0872 99.363 3
      vertex 17.9021 98 3
      vertex 20.259 98.87 3
    endloop
  endfacet
  facet normal 0 0 1
    outer loop
      vertex 20.259 98.87 3
      vertex 17.9021 98 3
      vertex 20.5402 98.4707 3
    endloop
  endfacet
  facet normal 0 0 1
    outer loop
      vertex 17.9021 98 3
      vertex 20.924 98.177 3
      vertex 20.5402 98.4707 3
    endloop
  endfacet
  facet normal -0 0 1
    outer loop
      vertex 17.9021 98 3
      vertex 21.4005 97.9963 3
      vertex 20.924 98.177 3
    endloop
  endfacet
  facet normal 0 0 1
    outer loop
      vertex 12 88.5 3
      vertex 21.4005 97.9963 3
      vertex 17.9021 98 3
    endloop
  endfacet
  facet normal 0 0 1
    outer loop
      vertex 24.3567 98 3
      vertex 12 88.5 3
      vertex 29.1699 96.848 3
    endloop
  endfacet
  facet normal 0 0 1
    outer loop
      vertex 12 88.5 3
      vertex 17.9021 98 3
      vertex 17.4121 98 3
    endloop
  endfacet
  facet normal 0 0 1
    outer loop
      vertex 16.697 98 3
      vertex 17.4121 98 3
      vertex 16.697 102.032 3
    endloop
  endfacet
  facet normal 0 0 1
    outer loop
      vertex 12 88.5 3
      vertex 17.4121 98 3
      vertex 16.697 98 3
    endloop
  endfacet
  facet normal 0 0 1
    outer loop
      vertex 12 88.5 3
      vertex 16.697 98 3
      vertex 16.207 98 3
    endloop
  endfacet
  facet normal 0 0 1
    outer loop
      vertex 12 88.5 3
      vertex 16.207 98 3
      vertex 15.5414 98 3
    endloop
  endfacet
  facet normal 0 0 1
    outer loop
      vertex 12 88.5 3
      vertex 15.5414 98 3
      vertex 15.0795 98 3
    endloop
  endfacet
  facet normal 0 0 1
    outer loop
      vertex 14.8672 98.2332 3
      vertex 15.0707 98.135 3
      vertex 15.0665 98.206 3
    endloop
  endfacet
  facet normal -0 0 1
    outer loop
      vertex 15.0494 98.493 3
      vertex 15.0622 98.3157 3
      vertex 15.0574 98.493 3
    endloop
  endfacet
  facet normal 0 0 1
    outer loop
      vertex 14.8672 98.2332 3
      vertex 15.0622 98.3157 3
      vertex 15.0494 98.493 3
    endloop
  endfacet
  facet normal 0 0 1
    outer loop
      vertex 15.0622 98.3157 3
      vertex 14.8672 98.2332 3
      vertex 15.0665 98.206 3
    endloop
  endfacet
  facet normal 0 0 1
    outer loop
      vertex 15.0707 98.135 3
      vertex 14.8672 98.2332 3
      vertex 15.0734 98.072 3
    endloop
  endfacet
  facet normal 0 0 1
    outer loop
      vertex 14.8672 98.2332 3
      vertex 15.0764 98.0245 3
      vertex 15.0734 98.072 3
    endloop
  endfacet
  facet normal -0 0 1
    outer loop
      vertex 14.6584 98.062 3
      vertex 15.0764 98.0245 3
      vertex 14.8672 98.2332 3
    endloop
  endfacet
  facet normal 0 0 1
    outer loop
      vertex 15.0764 98.0245 3
      vertex 14.6584 98.062 3
      vertex 15.0795 98 3
    endloop
  endfacet
  facet normal 0 0 1
    outer loop
      vertex 14.4104 97.9675 3
      vertex 15.0795 98 3
      vertex 14.6584 98.062 3
    endloop
  endfacet
  facet normal 0 0 1
    outer loop
      vertex 12 88.5 3
      vertex 15.0795 98 3
      vertex 14.4104 97.9675 3
    endloop
  endfacet
  facet normal 0 0 1
    outer loop
      vertex 12 88.5 3
      vertex 14.4104 97.9675 3
      vertex 14.1084 97.936 3
    endloop
  endfacet
  facet normal 0 0 1
    outer loop
      vertex 12.613 99.984 3
      vertex 13.1765 100.944 3
      vertex 12.678 101.416 3
    endloop
  endfacet
  facet normal 0 0 1
    outer loop
      vertex 13.1765 100.944 3
      vertex 12.613 99.984 3
      vertex 13.1765 98.976 3
    endloop
  endfacet
  facet normal -0 0 1
    outer loop
      vertex 12.613 99.554 3
      vertex 13.1765 98.976 3
      vertex 12.613 99.984 3
    endloop
  endfacet
  facet normal 0 0 1
    outer loop
      vertex 13.1765 98.976 3
      vertex 12.613 99.554 3
      vertex 13.2325 98.4977 3
    endloop
  endfacet
  facet normal 0 0 1
    outer loop
      vertex 10.476 98 3
      vertex 13.2325 98.4977 3
      vertex 12.613 99.554 3
    endloop
  endfacet
  facet normal 0 0 1
    outer loop
      vertex 51.1135 97.936 3
      vertex 12 88.5 3
      vertex 91.5 88.5 3
    endloop
  endfacet
  facet normal 0 0 1
    outer loop
      vertex 13.6899 97.9963 3
      vertex 12 88.5 3
      vertex 14.1084 97.936 3
    endloop
  endfacet
  facet normal -0 0 1
    outer loop
      vertex 10.476 98 3
      vertex 13.6899 97.9963 3
      vertex 13.4005 98.177 3
    endloop
  endfacet
  facet normal 0 0 1
    outer loop
      vertex 13.2325 98.4977 3
      vertex 10.476 98 3
      vertex 13.4005 98.177 3
    endloop
  endfacet
  facet normal 0 0 1
    outer loop
      vertex 9.95699 98 3
      vertex 5.875 98.4845 3
      vertex 12 88.5 3
    endloop
  endfacet
  facet normal 0 0 1
    outer loop
      vertex 12 36.5 3
      vertex 10.861 7.008 3
      vertex 11.9745 6.23999 3
    endloop
  endfacet
  facet normal 0 0 1
    outer loop
      vertex 11.9745 6.23999 3
      vertex 10.861 7.008 3
      vertex 11.5722 6.16624 3
    endloop
  endfacet
  facet normal 0 0 1
    outer loop
      vertex 11.5722 6.16624 3
      vertex 10.861 7.008 3
      vertex 11.2755 5.94499 3
    endloop
  endfacet
  facet normal -0 0 1
    outer loop
      vertex 10.5315 6.57599 3
      vertex 11.2755 5.94499 3
      vertex 10.861 7.008 3
    endloop
  endfacet
  facet normal -0 0 1
    outer loop
      vertex 10.303 6.118 3
      vertex 11.2755 5.94499 3
      vertex 10.5315 6.57599 3
    endloop
  endfacet
  facet normal 0 0 1
    outer loop
      vertex 12 36.5 3
      vertex 10.508 7.008 3
      vertex 10.861 7.008 3
    endloop
  endfacet
  facet normal 0 0 1
    outer loop
      vertex 10.476 98 3
      vertex 12.613 99.554 3
      vertex 10.476 99.554 3
    endloop
  endfacet
  facet normal 0 0 1
    outer loop
      vertex 13.6899 97.9963 3
      vertex 10.476 98 3
      vertex 12 88.5 3
    endloop
  endfacet
  facet normal -0 0 1
    outer loop
      vertex 9.95699 98 3
      vertex 12 88.5 3
      vertex 10.476 98 3
    endloop
  endfacet
  facet normal -0 0 1
    outer loop
      vertex 5.875 98.4845 3
      vertex 9.95699 98 3
      vertex 6.75 100 3
    endloop
  endfacet
  facet normal 0 0 1
    outer loop
      vertex 12 36.5 3
      vertex 6.75 5 3
      vertex 10.508 7.008 3
    endloop
  endfacet
  facet normal 0 0 1
    outer loop
      vertex 10.508 7.008 3
      vertex 6.75 5 3
      vertex 10.1755 6.58549 3
    endloop
  endfacet
  facet normal 0 0 1
    outer loop
      vertex 84.274 10.476 3
      vertex 85.859 10.916 3
      vertex 84.543 10.916 3
    endloop
  endfacet
  facet normal 0 0 1
    outer loop
      vertex 105 105 3
      vertex 91.5 36.5 3
      vertex 105 0 3
    endloop
  endfacet
  facet normal 0 0 1
    outer loop
      vertex 105 0 3
      vertex 91.5 36.5 3
      vertex 101.75 5 3
    endloop
  endfacet
  facet normal 0 0 1
    outer loop
      vertex 91.5 88.5 3
      vertex 100.875 98.4845 3
      vertex 99.125 98.4845 3
    endloop
  endfacet
  facet normal 0 0 1
    outer loop
      vertex 101.75 5 3
      vertex 91.5 36.5 3
      vertex 100.875 6.51554 3
    endloop
  endfacet
  facet normal 0 0 1
    outer loop
      vertex 91.5 88.5 3
      vertex 99.125 98.4845 3
      vertex 98.25 100 3
    endloop
  endfacet
  facet normal -0 -0 1
    outer loop
      vertex 92.111 19.3303 3
      vertex 100.875 6.51554 3
      vertex 91.5 36.5 3
    endloop
  endfacet
  facet normal 0 0 1
    outer loop
      vertex 100.875 98.4845 3
      vertex 105 105 3
      vertex 101.75 100 3
    endloop
  endfacet
  facet normal 0 0 1
    outer loop
      vertex 105 105 3
      vertex 100.875 101.516 3
      vertex 101.75 100 3
    endloop
  endfacet
  facet normal 0 0 1
    outer loop
      vertex 105 105 3
      vertex 99.125 101.516 3
      vertex 100.875 101.516 3
    endloop
  endfacet
  facet normal -0 -0 1
    outer loop
      vertex 92.5 17.5 3
      vertex 100.875 6.51554 3
      vertex 92.111 19.3303 3
    endloop
  endfacet
  facet normal -0 -0 1
    outer loop
      vertex 95.707 8.07599 3
      vertex 100.875 6.51554 3
      vertex 92.5 17.5 3
    endloop
  endfacet
  facet normal 0 0 1
    outer loop
      vertex 95.176 8.07599 3
      vertex 94.5624 7.924 3
      vertex 95.176 7.5 3
    endloop
  endfacet
  facet normal -0 0 1
    outer loop
      vertex 95.707 7.5 3
      vertex 99.125 6.51554 3
      vertex 95.707 8.07599 3
    endloop
  endfacet
  facet normal -0 0 1
    outer loop
      vertex 92.111 15.6697 3
      vertex 95.707 8.07599 3
      vertex 92.5 17.5 3
    endloop
  endfacet
  facet normal 0 0 1
    outer loop
      vertex 95.176 8.07599 3
      vertex 92.6264 11.34 3
      vertex 94.5624 7.924 3
    endloop
  endfacet
  facet normal -0 -0 1
    outer loop
      vertex 92.6264 11.34 3
      vertex 95.707 8.07599 3
      vertex 92.111 15.6697 3
    endloop
  endfacet
  facet normal 0 0 1
    outer loop
      vertex 100.875 98.4845 3
      vertex 91.5 88.5 3
      vertex 91.5 36.5 3
    endloop
  endfacet
  facet normal -0 0 1
    outer loop
      vertex 79.7093 100.981 3
      vertex 98.25 100 3
      vertex 99.125 101.516 3
    endloop
  endfacet
  facet normal -0 0 1
    outer loop
      vertex 79.7093 100.532 3
      vertex 98.25 100 3
      vertex 79.7093 100.981 3
    endloop
  endfacet
  facet normal 0 0 1
    outer loop
      vertex 105 105 3
      vertex 79.7093 100.981 3
      vertex 99.125 101.516 3
    endloop
  endfacet
  facet normal 0 0 1
    outer loop
      vertex 105 105 3
      vertex 79.6093 101.001 3
      vertex 79.7093 100.981 3
    endloop
  endfacet
  facet normal -0 0 1
    outer loop
      vertex 74.5896 102.032 3
      vertex 79.6093 101.001 3
      vertex 105 105 3
    endloop
  endfacet
  facet normal 0 0 1
    outer loop
      vertex 79.6093 101.001 3
      vertex 74.5896 102.032 3
      vertex 79.5113 101.008 3
    endloop
  endfacet
  facet normal -0 0 1
    outer loop
      vertex 78.7958 100.55 3
      vertex 78.8123 100.353 3
      vertex 78.938 100.671 3
    endloop
  endfacet
  facet normal 0 0 1
    outer loop
      vertex 78.8123 100.353 3
      vertex 78.7958 100.55 3
      vertex 78.8013 100.353 3
    endloop
  endfacet
  facet normal 0 0 1
    outer loop
      vertex 78.7793 100.944 3
      vertex 78.938 100.671 3
      vertex 79.0813 100.869 3
    endloop
  endfacet
  facet normal 0 0 1
    outer loop
      vertex 78.938 100.671 3
      vertex 78.7793 100.944 3
      vertex 78.7958 100.55 3
    endloop
  endfacet
  facet normal 0 0 1
    outer loop
      vertex 79.2648 100.973 3
      vertex 78.7793 100.944 3
      vertex 79.0813 100.869 3
    endloop
  endfacet
  facet normal 0 -0 1
    outer loop
      vertex 78.7793 100.944 3
      vertex 79.5113 101.008 3
      vertex 74.5896 102.032 3
    endloop
  endfacet
  facet normal 0 0 1
    outer loop
      vertex 79.5113 101.008 3
      vertex 78.7793 100.944 3
      vertex 79.2648 100.973 3
    endloop
  endfacet
  facet normal 0 0 1
    outer loop
      vertex 78.3333 100.258 3
      vertex 77.4547 100.611 3
      vertex 77.7787 99.419 3
    endloop
  endfacet
  facet normal 0 0 1
    outer loop
      vertex 78.3173 100.944 3
      vertex 76.4827 101.008 3
      vertex 77.4547 100.611 3
    endloop
  endfacet
  facet normal 0 0 1
    outer loop
      vertex 78.7793 100.944 3
      vertex 74.5896 102.032 3
      vertex 78.3173 100.944 3
    endloop
  endfacet
  facet normal 0 0 1
    outer loop
      vertex 75.2519 100.139 3
      vertex 74.5896 102.032 3
      vertex 75.1667 99.491 3
    endloop
  endfacet
  facet normal 0 0 1
    outer loop
      vertex 75.5077 100.616 3
      vertex 74.5896 102.032 3
      vertex 75.2519 100.139 3
    endloop
  endfacet
  facet normal 0 0 1
    outer loop
      vertex 75.9219 100.91 3
      vertex 74.5896 102.032 3
      vertex 75.5077 100.616 3
    endloop
  endfacet
  facet normal 0 0 1
    outer loop
      vertex 76.4827 101.008 3
      vertex 74.5896 102.032 3
      vertex 75.9219 100.91 3
    endloop
  endfacet
  facet normal 0 0 1
    outer loop
      vertex 78.3173 100.944 3
      vertex 74.5896 102.032 3
      vertex 76.4827 101.008 3
    endloop
  endfacet
  facet normal 0 0 1
    outer loop
      vertex 105 105 3
      vertex 74.0996 102.032 3
      vertex 74.5896 102.032 3
    endloop
  endfacet
  facet normal 0 0 1
    outer loop
      vertex 74.0996 102.032 3
      vertex 73.3845 102.032 3
      vertex 74.0996 98 3
    endloop
  endfacet
  facet normal 0 0 1
    outer loop
      vertex 105 105 3
      vertex 73.3845 102.032 3
      vertex 74.0996 102.032 3
    endloop
  endfacet
  facet normal 0 0 1
    outer loop
      vertex 105 105 3
      vertex 72.8945 102.032 3
      vertex 73.3845 102.032 3
    endloop
  endfacet
  facet normal 0 0 1
    outer loop
      vertex 72.8945 102.032 3
      vertex 72.3649 99.475 3
      vertex 72.8945 98 3
    endloop
  endfacet
  facet normal 0 0 1
    outer loop
      vertex 72.8945 102.032 3
      vertex 72.2854 100.158 3
      vertex 72.3649 99.475 3
    endloop
  endfacet
  facet normal 0 0 1
    outer loop
      vertex 72.8945 102.032 3
      vertex 72.047 100.634 3
      vertex 72.2854 100.158 3
    endloop
  endfacet
  facet normal 0 0 1
    outer loop
      vertex 72.8945 102.032 3
      vertex 71.6399 100.914 3
      vertex 72.047 100.634 3
    endloop
  endfacet
  facet normal 0 0 1
    outer loop
      vertex 72.8945 102.032 3
      vertex 71.0549 101.008 3
      vertex 71.6399 100.914 3
    endloop
  endfacet
  facet normal 0 0 1
    outer loop
      vertex 69.4573 100.981 3
      vertex 71.0549 101.008 3
      vertex 72.8945 102.032 3
    endloop
  endfacet
  facet normal 0 0 1
    outer loop
      vertex 69.4573 100.532 3
      vertex 70.0657 100.625 3
      vertex 69.4573 100.981 3
    endloop
  endfacet
  facet normal 0 0 1
    outer loop
      vertex 71.0549 101.008 3
      vertex 69.4573 100.981 3
      vertex 70.0657 100.625 3
    endloop
  endfacet
  facet normal 0 0 1
    outer loop
      vertex 72.8945 102.032 3
      vertex 69.3573 101.001 3
      vertex 69.4573 100.981 3
    endloop
  endfacet
  facet normal 0 0 1
    outer loop
      vertex 72.8945 102.032 3
      vertex 69.2593 101.008 3
      vertex 69.3573 101.001 3
    endloop
  endfacet
  facet normal -0 0 1
    outer loop
      vertex 67.1015 101.584 3
      vertex 69.2593 101.008 3
      vertex 72.8945 102.032 3
    endloop
  endfacet
  facet normal -0 0 1
    outer loop
      vertex 68.5438 100.55 3
      vertex 68.5603 100.353 3
      vertex 68.6861 100.671 3
    endloop
  endfacet
  facet normal 0 0 1
    outer loop
      vertex 68.5603 100.353 3
      vertex 68.5438 100.55 3
      vertex 68.5493 100.353 3
    endloop
  endfacet
  facet normal 0 0 1
    outer loop
      vertex 68.5273 100.944 3
      vertex 68.6861 100.671 3
      vertex 68.8293 100.869 3
    endloop
  endfacet
  facet normal 0 0 1
    outer loop
      vertex 68.6861 100.671 3
      vertex 68.5273 100.944 3
      vertex 68.5438 100.55 3
    endloop
  endfacet
  facet normal 0 0 1
    outer loop
      vertex 69.0128 100.973 3
      vertex 68.5273 100.944 3
      vertex 68.8293 100.869 3
    endloop
  endfacet
  facet normal 0 0 1
    outer loop
      vertex 69.2593 101.008 3
      vertex 67.1015 101.584 3
      vertex 69.0128 100.973 3
    endloop
  endfacet
  facet normal 0 0 1
    outer loop
      vertex 69.0128 100.973 3
      vertex 67.1015 101.584 3
      vertex 68.5273 100.944 3
    endloop
  endfacet
  facet normal 0 0 1
    outer loop
      vertex 68.0773 100.585 3
      vertex 67.6445 100.588 3
      vertex 68.0813 100.258 3
    endloop
  endfacet
  facet normal 0 0 1
    outer loop
      vertex 68.5273 100.944 3
      vertex 67.1015 101.584 3
      vertex 68.0653 100.944 3
    endloop
  endfacet
  facet normal 0 0 1
    outer loop
      vertex 68.0653 100.944 3
      vertex 67.1015 101.584 3
      vertex 67.6445 100.944 3
    endloop
  endfacet
  facet normal 0 0 1
    outer loop
      vertex 58.3824 101.904 3
      vertex 72.8945 102.032 3
      vertex 105 105 3
    endloop
  endfacet
  facet normal 0 -0 1
    outer loop
      vertex 66.7745 101.584 3
      vertex 72.8945 102.032 3
      vertex 58.3824 101.904 3
    endloop
  endfacet
  facet normal 0 0 1
    outer loop
      vertex 66.7745 101.584 3
      vertex 66.2715 100.944 3
      vertex 66.6305 100.944 3
    endloop
  endfacet
  facet normal -0 0 1
    outer loop
      vertex 65.6799 100.766 3
      vertex 66.2715 100.588 3
      vertex 66.2715 100.944 3
    endloop
  endfacet
  facet normal 0 0 1
    outer loop
      vertex 66.2715 100.588 3
      vertex 65.8487 100.446 3
      vertex 65.9049 99.968 3
    endloop
  endfacet
  facet normal -0 0 1
    outer loop
      vertex 65.3912 100.947 3
      vertex 66.2715 100.944 3
      vertex 66.7745 101.584 3
    endloop
  endfacet
  facet normal 0 0 1
    outer loop
      vertex 66.2715 100.588 3
      vertex 65.6799 100.766 3
      vertex 65.8487 100.446 3
    endloop
  endfacet
  facet normal 0 0 1
    outer loop
      vertex 66.2715 100.944 3
      vertex 65.3912 100.947 3
      vertex 65.6799 100.766 3
    endloop
  endfacet
  facet normal 0 0 1
    outer loop
      vertex 66.7745 101.584 3
      vertex 64.9729 101.008 3
      vertex 65.3912 100.947 3
    endloop
  endfacet
  facet normal 0 0 1
    outer loop
      vertex 66.7745 101.584 3
      vertex 64.6707 100.976 3
      vertex 64.9729 101.008 3
    endloop
  endfacet
  facet normal -0 0 1
    outer loop
      vertex 64.0189 100.626 3
      vertex 64.0319 100.448 3
      vertex 64.2139 100.709 3
    endloop
  endfacet
  facet normal 0 0 1
    outer loop
      vertex 64.0319 100.448 3
      vertex 64.0189 100.626 3
      vertex 64.0239 100.448 3
    endloop
  endfacet
  facet normal 0 0 1
    outer loop
      vertex 64.0047 100.919 3
      vertex 64.2139 100.709 3
      vertex 64.4219 100.881 3
    endloop
  endfacet
  facet normal 0 0 1
    outer loop
      vertex 64.2139 100.709 3
      vertex 64.0139 100.736 3
      vertex 64.0189 100.626 3
    endloop
  endfacet
  facet normal -0 0 1
    outer loop
      vertex 64.0019 100.944 3
      vertex 64.4219 100.881 3
      vertex 64.6707 100.976 3
    endloop
  endfacet
  facet normal 0 0 1
    outer loop
      vertex 64.2139 100.709 3
      vertex 64.0069 100.872 3
      vertex 64.0139 100.736 3
    endloop
  endfacet
  facet normal 0 0 1
    outer loop
      vertex 64.0019 100.944 3
      vertex 64.6707 100.976 3
      vertex 66.7745 101.584 3
    endloop
  endfacet
  facet normal 0 0 1
    outer loop
      vertex 64.2139 100.709 3
      vertex 64.0047 100.919 3
      vertex 64.0069 100.872 3
    endloop
  endfacet
  facet normal 0 0 1
    outer loop
      vertex 64.4219 100.881 3
      vertex 64.0019 100.944 3
      vertex 64.0047 100.919 3
    endloop
  endfacet
  facet normal 0 0 1
    outer loop
      vertex 66.7745 101.584 3
      vertex 63.5399 100.944 3
      vertex 64.0019 100.944 3
    endloop
  endfacet
  facet normal 0 0 1
    outer loop
      vertex 63.5559 100.315 3
      vertex 62.9358 100.158 3
      vertex 63.0153 99.475 3
    endloop
  endfacet
  facet normal 0 0 1
    outer loop
      vertex 63.5519 100.73 3
      vertex 62.6973 100.634 3
      vertex 62.9358 100.158 3
    endloop
  endfacet
  facet normal 0 0 1
    outer loop
      vertex 63.5399 100.944 3
      vertex 62.2903 100.914 3
      vertex 62.6973 100.634 3
    endloop
  endfacet
  facet normal 0 0 1
    outer loop
      vertex 59.4044 101.67 3
      vertex 63.5399 100.944 3
      vertex 66.7745 101.584 3
    endloop
  endfacet
  facet normal 0 0 1
    outer loop
      vertex 63.5399 100.944 3
      vertex 61.7053 101.008 3
      vertex 62.2903 100.914 3
    endloop
  endfacet
  facet normal 0 0 1
    outer loop
      vertex 60.0084 100.976 3
      vertex 60.3863 99.475 3
      vertex 60.7161 100.625 3
    endloop
  endfacet
  facet normal -0 0 1
    outer loop
      vertex 59.5164 100.816 3
      vertex 60.3863 99.475 3
      vertex 60.0084 100.976 3
    endloop
  endfacet
  facet normal 0 0 1
    outer loop
      vertex 61.7053 101.008 3
      vertex 60.0084 100.976 3
      vertex 60.7161 100.625 3
    endloop
  endfacet
  facet normal 0 0 1
    outer loop
      vertex 63.5399 100.944 3
      vertex 59.4044 101.67 3
      vertex 61.7053 101.008 3
    endloop
  endfacet
  facet normal 0 0 1
    outer loop
      vertex 61.7053 101.008 3
      vertex 59.7609 101.379 3
      vertex 60.0084 100.976 3
    endloop
  endfacet
  facet normal 0 0 1
    outer loop
      vertex 72.8945 102.032 3
      vertex 66.7745 101.584 3
      vertex 67.1015 101.584 3
    endloop
  endfacet
  facet normal 0 0 1
    outer loop
      vertex 61.7053 101.008 3
      vertex 59.4044 101.67 3
      vertex 59.7609 101.379 3
    endloop
  endfacet
  facet normal 0 0 1
    outer loop
      vertex 66.7745 101.584 3
      vertex 58.9439 101.845 3
      vertex 59.4044 101.67 3
    endloop
  endfacet
  facet normal 0 0 1
    outer loop
      vertex 66.7745 101.584 3
      vertex 58.3824 101.904 3
      vertex 58.9439 101.845 3
    endloop
  endfacet
  facet normal 0 0 1
    outer loop
      vertex 54.6757 100.588 3
      vertex 56.6411 100.759 3
      vertex 54.6757 100.944 3
    endloop
  endfacet
  facet normal -0 0 1
    outer loop
      vertex 54.6757 100.944 3
      vertex 56.6411 100.759 3
      vertex 57.0124 101.381 3
    endloop
  endfacet
  facet normal 0 0 1
    outer loop
      vertex 56.6411 100.759 3
      vertex 54.6757 100.588 3
      vertex 56.5174 99.936 3
    endloop
  endfacet
  facet normal -0 0 1
    outer loop
      vertex 54.1327 101.584 3
      vertex 57.0124 101.381 3
      vertex 57.6024 101.773 3
    endloop
  endfacet
  facet normal 0 0 1
    outer loop
      vertex 57.0124 101.381 3
      vertex 54.1327 101.584 3
      vertex 54.6757 100.944 3
    endloop
  endfacet
  facet normal 0 0 1
    outer loop
      vertex 58.3824 101.904 3
      vertex 54.1327 101.584 3
      vertex 57.6024 101.773 3
    endloop
  endfacet
  facet normal 0 0 1
    outer loop
      vertex 58.3824 101.904 3
      vertex 53.8057 101.584 3
      vertex 54.1327 101.584 3
    endloop
  endfacet
  facet normal 0 0 1
    outer loop
      vertex 53.8057 101.584 3
      vertex 53.3027 100.944 3
      vertex 53.6617 100.944 3
    endloop
  endfacet
  facet normal 0 0 1
    outer loop
      vertex 53.3027 100.944 3
      vertex 53.1741 100.981 3
      vertex 53.3027 100.588 3
    endloop
  endfacet
  facet normal 0 0 1
    outer loop
      vertex 53.8057 101.584 3
      vertex 53.1741 100.981 3
      vertex 53.3027 100.944 3
    endloop
  endfacet
  facet normal 0 0 1
    outer loop
      vertex 53.8057 101.584 3
      vertex 53.0741 101.001 3
      vertex 53.1741 100.981 3
    endloop
  endfacet
  facet normal 0 0 1
    outer loop
      vertex 53.8057 101.584 3
      vertex 52.9761 101.008 3
      vertex 53.0741 101.001 3
    endloop
  endfacet
  facet normal 0 0 1
    outer loop
      vertex 53.8057 101.584 3
      vertex 52.7296 100.973 3
      vertex 52.9761 101.008 3
    endloop
  endfacet
  facet normal -0 0 1
    outer loop
      vertex 52.2606 100.55 3
      vertex 52.2771 100.353 3
      vertex 52.4028 100.671 3
    endloop
  endfacet
  facet normal 0 0 1
    outer loop
      vertex 52.2771 100.353 3
      vertex 52.2606 100.55 3
      vertex 52.2661 100.353 3
    endloop
  endfacet
  facet normal 0 0 1
    outer loop
      vertex 52.2441 100.944 3
      vertex 52.4028 100.671 3
      vertex 52.5461 100.869 3
    endloop
  endfacet
  facet normal 0 0 1
    outer loop
      vertex 52.4028 100.671 3
      vertex 52.2441 100.944 3
      vertex 52.2606 100.55 3
    endloop
  endfacet
  facet normal 0 0 1
    outer loop
      vertex 52.7296 100.973 3
      vertex 52.2441 100.944 3
      vertex 52.5461 100.869 3
    endloop
  endfacet
  facet normal 0 0 1
    outer loop
      vertex 53.8057 101.584 3
      vertex 52.2441 100.944 3
      vertex 52.7296 100.973 3
    endloop
  endfacet
  facet normal 0 0 1
    outer loop
      vertex 53.8057 101.584 3
      vertex 51.7821 100.944 3
      vertex 52.2441 100.944 3
    endloop
  endfacet
  facet normal 0 0 1
    outer loop
      vertex 51.0565 98.711 3
      vertex 51.7981 100.258 3
      vertex 51.0565 100 3
    endloop
  endfacet
  facet normal -0 0 1
    outer loop
      vertex 51.0565 98.711 3
      vertex 51.4915 98.284 3
      vertex 51.7981 100.258 3
    endloop
  endfacet
  facet normal 0 0 1
    outer loop
      vertex 51.4915 98.284 3
      vertex 51.0708 98.5165 3
      vertex 51.4065 98.2697 3
    endloop
  endfacet
  facet normal 0 0 1
    outer loop
      vertex 51.4065 98.2697 3
      vertex 51.0708 98.5165 3
      vertex 51.3315 98.265 3
    endloop
  endfacet
  facet normal 0 0 1
    outer loop
      vertex 51.3315 98.265 3
      vertex 51.1135 98.377 3
      vertex 51.1965 98.293 3
    endloop
  endfacet
  facet normal -0 -0 1
    outer loop
      vertex 51.1135 98.377 3
      vertex 51.3315 98.265 3
      vertex 51.0708 98.5165 3
    endloop
  endfacet
  facet normal 0 0 1
    outer loop
      vertex 51.7981 100.258 3
      vertex 50.9865 100.432 3
      vertex 51.0565 100 3
    endloop
  endfacet
  facet normal 0 0 1
    outer loop
      vertex 51.7821 100.944 3
      vertex 50.7765 100.749 3
      vertex 50.9865 100.432 3
    endloop
  endfacet
  facet normal 0 0 1
    outer loop
      vertex 50.4278 100.943 3
      vertex 51.7821 100.944 3
      vertex 53.8057 101.584 3
    endloop
  endfacet
  facet normal 0 0 1
    outer loop
      vertex 51.7821 100.944 3
      vertex 50.4278 100.943 3
      vertex 50.7765 100.749 3
    endloop
  endfacet
  facet normal 0 0 1
    outer loop
      vertex 53.8057 101.584 3
      vertex 49.9415 101.008 3
      vertex 50.4278 100.943 3
    endloop
  endfacet
  facet normal 0 0 1
    outer loop
      vertex 48.9315 99.519 3
      vertex 48.146 99.968 3
      vertex 48.7065 99.22 3
    endloop
  endfacet
  facet normal 0 0 1
    outer loop
      vertex 48.7065 99.22 3
      vertex 48.146 99.968 3
      vertex 48.6315 98.815 3
    endloop
  endfacet
  facet normal -0 0 1
    outer loop
      vertex 48.0952 100.444 3
      vertex 48.7615 100.222 3
      vertex 49.119 100.811 3
    endloop
  endfacet
  facet normal 0 0 1
    outer loop
      vertex 48.7615 100.222 3
      vertex 48.0952 100.444 3
      vertex 48.146 99.968 3
    endloop
  endfacet
  facet normal 0 0 1
    outer loop
      vertex 49.119 100.811 3
      vertex 47.943 100.765 3
      vertex 48.0952 100.444 3
    endloop
  endfacet
  facet normal -0 0 1
    outer loop
      vertex 47.68 100.947 3
      vertex 49.119 100.811 3
      vertex 49.9415 101.008 3
    endloop
  endfacet
  facet normal 0 0 1
    outer loop
      vertex 42.7189 101.854 3
      vertex 49.9415 101.008 3
      vertex 53.8057 101.584 3
    endloop
  endfacet
  facet normal 0 0 1
    outer loop
      vertex 49.119 100.811 3
      vertex 47.68 100.947 3
      vertex 47.943 100.765 3
    endloop
  endfacet
  facet normal 0 0 1
    outer loop
      vertex 49.9415 101.008 3
      vertex 47.295 101.008 3
      vertex 47.68 100.947 3
    endloop
  endfacet
  facet normal -0 0 1
    outer loop
      vertex 46.2892 100.7 3
      vertex 46.403 100.448 3
      vertex 46.571 100.704 3
    endloop
  endfacet
  facet normal 0 0 1
    outer loop
      vertex 46.403 100.448 3
      vertex 46.2892 100.7 3
      vertex 46.395 100.448 3
    endloop
  endfacet
  facet normal -0 0 1
    outer loop
      vertex 46.124 100.874 3
      vertex 46.571 100.704 3
      vertex 46.771 100.877 3
    endloop
  endfacet
  facet normal -0 0 1
    outer loop
      vertex 45.895 100.974 3
      vertex 46.771 100.877 3
      vertex 47.0105 100.975 3
    endloop
  endfacet
  facet normal 0 0 1
    outer loop
      vertex 46.571 100.704 3
      vertex 46.124 100.874 3
      vertex 46.2892 100.7 3
    endloop
  endfacet
  facet normal 0 0 1
    outer loop
      vertex 45.895 100.974 3
      vertex 47.0105 100.975 3
      vertex 47.295 101.008 3
    endloop
  endfacet
  facet normal 0 0 1
    outer loop
      vertex 46.771 100.877 3
      vertex 45.895 100.974 3
      vertex 46.124 100.874 3
    endloop
  endfacet
  facet normal 0 0 1
    outer loop
      vertex 49.9415 101.008 3
      vertex 42.7189 101.854 3
      vertex 47.295 101.008 3
    endloop
  endfacet
  facet normal 0 -0 1
    outer loop
      vertex 45.596 101.008 3
      vertex 47.295 101.008 3
      vertex 43.1409 101.704 3
    endloop
  endfacet
  facet normal -0 0 1
    outer loop
      vertex 44.7235 100.626 3
      vertex 44.737 100.448 3
      vertex 44.9062 100.714 3
    endloop
  endfacet
  facet normal 0 0 1
    outer loop
      vertex 44.737 100.448 3
      vertex 44.7235 100.626 3
      vertex 44.729 100.448 3
    endloop
  endfacet
  facet normal 0 0 1
    outer loop
      vertex 44.7097 100.919 3
      vertex 44.9062 100.714 3
      vertex 45.098 100.885 3
    endloop
  endfacet
  facet normal 0 0 1
    outer loop
      vertex 44.9062 100.714 3
      vertex 44.719 100.736 3
      vertex 44.7235 100.626 3
    endloop
  endfacet
  facet normal -0 0 1
    outer loop
      vertex 44.707 100.944 3
      vertex 45.098 100.885 3
      vertex 45.3245 100.977 3
    endloop
  endfacet
  facet normal 0 0 1
    outer loop
      vertex 44.9062 100.714 3
      vertex 44.712 100.872 3
      vertex 44.719 100.736 3
    endloop
  endfacet
  facet normal 0 0 1
    outer loop
      vertex 44.9062 100.714 3
      vertex 44.7097 100.919 3
      vertex 44.712 100.872 3
    endloop
  endfacet
  facet normal 0 0 1
    outer loop
      vertex 43.1409 101.704 3
      vertex 45.3245 100.977 3
      vertex 45.596 101.008 3
    endloop
  endfacet
  facet normal 0 0 1
    outer loop
      vertex 45.098 100.885 3
      vertex 44.707 100.944 3
      vertex 44.7097 100.919 3
    endloop
  endfacet
  facet normal 0 0 1
    outer loop
      vertex 45.3245 100.977 3
      vertex 43.1409 101.704 3
      vertex 44.707 100.944 3
    endloop
  endfacet
  facet normal 0 0 1
    outer loop
      vertex 47.295 101.008 3
      vertex 45.596 101.008 3
      vertex 45.895 100.974 3
    endloop
  endfacet
  facet normal -0 0 1
    outer loop
      vertex 42.7189 101.854 3
      vertex 53.8057 101.584 3
      vertex 58.3824 101.904 3
    endloop
  endfacet
  facet normal 0 0 1
    outer loop
      vertex 44.261 100.315 3
      vertex 43.7139 99.055 3
      vertex 44.261 98 3
    endloop
  endfacet
  facet normal 0 0 1
    outer loop
      vertex 44.261 100.315 3
      vertex 43.6548 99.422 3
      vertex 43.6991 99.2522 3
    endloop
  endfacet
  facet normal 0 0 1
    outer loop
      vertex 43.2509 99.887 3
      vertex 44.261 100.315 3
      vertex 43.6248 101.023 3
    endloop
  endfacet
  facet normal 0 0 1
    outer loop
      vertex 44.707 100.944 3
      vertex 43.1409 101.704 3
      vertex 43.4344 101.434 3
    endloop
  endfacet
  facet normal 0 0 1
    outer loop
      vertex 42.1429 101.904 3
      vertex 58.3824 101.904 3
      vertex 105 105 3
    endloop
  endfacet
  facet normal 0 0 1
    outer loop
      vertex 44.245 100.944 3
      vertex 43.4344 101.434 3
      vertex 43.6248 101.023 3
    endloop
  endfacet
  facet normal 0 0 1
    outer loop
      vertex 44.707 100.944 3
      vertex 43.4344 101.434 3
      vertex 44.245 100.944 3
    endloop
  endfacet
  facet normal 0 0 1
    outer loop
      vertex 47.295 101.008 3
      vertex 42.7189 101.854 3
      vertex 43.1409 101.704 3
    endloop
  endfacet
  facet normal 0 0 1
    outer loop
      vertex 58.3824 101.904 3
      vertex 42.1429 101.904 3
      vertex 42.7189 101.854 3
    endloop
  endfacet
  facet normal 0 0 1
    outer loop
      vertex 40.7599 100.489 3
      vertex 38.6561 100.149 3
      vertex 40.5089 98.909 3
    endloop
  endfacet
  facet normal 0 0 1
    outer loop
      vertex 38.5246 100.507 3
      vertex 40.6879 100.872 3
      vertex 40.7818 101.311 3
    endloop
  endfacet
  facet normal 0 0 1
    outer loop
      vertex 40.5089 98.909 3
      vertex 38.6561 100.149 3
      vertex 38.6721 98.863 3
    endloop
  endfacet
  facet normal 0 0 1
    outer loop
      vertex 37.9464 100.951 3
      vertex 40.7818 101.311 3
      vertex 41.0639 101.636 3
    endloop
  endfacet
  facet normal 0 0 1
    outer loop
      vertex 40.6879 100.872 3
      vertex 38.5246 100.507 3
      vertex 38.6561 100.149 3
    endloop
  endfacet
  facet normal 0 0 1
    outer loop
      vertex 40.7818 101.311 3
      vertex 38.2822 100.779 3
      vertex 38.5246 100.507 3
    endloop
  endfacet
  facet normal 0 0 1
    outer loop
      vertex 35.6921 102.032 3
      vertex 41.0639 101.636 3
      vertex 41.5221 101.837 3
    endloop
  endfacet
  facet normal 0 0 1
    outer loop
      vertex 40.7818 101.311 3
      vertex 37.9464 100.951 3
      vertex 38.2822 100.779 3
    endloop
  endfacet
  facet normal 0 0 1
    outer loop
      vertex 41.0639 101.636 3
      vertex 35.6921 102.032 3
      vertex 37.9464 100.951 3
    endloop
  endfacet
  facet normal 0 0 1
    outer loop
      vertex 37.9464 100.951 3
      vertex 35.6921 102.032 3
      vertex 37.5331 101.008 3
    endloop
  endfacet
  facet normal -0 0 1
    outer loop
      vertex 35.6921 100.944 3
      vertex 36.5981 100.615 3
      vertex 35.6921 101.564 3
    endloop
  endfacet
  facet normal 0 0 1
    outer loop
      vertex 36.9949 100.91 3
      vertex 35.6921 101.564 3
      vertex 36.5981 100.615 3
    endloop
  endfacet
  facet normal -0 0 1
    outer loop
      vertex 35.6921 101.564 3
      vertex 36.9949 100.91 3
      vertex 35.6921 102.032 3
    endloop
  endfacet
  facet normal 0 0 1
    outer loop
      vertex 37.5331 101.008 3
      vertex 35.6921 102.032 3
      vertex 36.9949 100.91 3
    endloop
  endfacet
  facet normal 0 0 1
    outer loop
      vertex 42.1429 101.904 3
      vertex 35.6921 102.032 3
      vertex 41.5221 101.837 3
    endloop
  endfacet
  facet normal -0 0 1
    outer loop
      vertex 0 105 3
      vertex 42.1429 101.904 3
      vertex 105 105 3
    endloop
  endfacet
  facet normal 0 0 1
    outer loop
      vertex 42.1429 101.904 3
      vertex 0 105 3
      vertex 35.6921 102.032 3
    endloop
  endfacet
  facet normal 0 0 1
    outer loop
      vertex 34.0305 100.948 3
      vertex 35.2021 101.564 3
      vertex 35.2021 102.032 3
    endloop
  endfacet
  facet normal 0 0 1
    outer loop
      vertex 35.2021 101.564 3
      vertex 34.3205 100.769 3
      vertex 35.2021 100.944 3
    endloop
  endfacet
  facet normal 0 0 1
    outer loop
      vertex 35.2021 100.944 3
      vertex 34.5475 99.968 3
      vertex 35.2021 98 3
    endloop
  endfacet
  facet normal 0 0 1
    outer loop
      vertex 35.2021 100.944 3
      vertex 34.4907 100.449 3
      vertex 34.5475 99.968 3
    endloop
  endfacet
  facet normal 0 0 1
    outer loop
      vertex 35.2021 100.944 3
      vertex 34.3205 100.769 3
      vertex 34.4907 100.449 3
    endloop
  endfacet
  facet normal 0 0 1
    outer loop
      vertex 35.2021 101.564 3
      vertex 34.0305 100.948 3
      vertex 34.3205 100.769 3
    endloop
  endfacet
  facet normal 0 0 1
    outer loop
      vertex 35.2021 102.032 3
      vertex 33.6145 101.008 3
      vertex 34.0305 100.948 3
    endloop
  endfacet
  facet normal -0 0 1
    outer loop
      vertex 32.6875 102.032 3
      vertex 33.6145 101.008 3
      vertex 35.2021 102.032 3
    endloop
  endfacet
  facet normal 0 0 1
    outer loop
      vertex 33.6145 101.008 3
      vertex 32.6875 102.032 3
      vertex 33.304 100.974 3
    endloop
  endfacet
  facet normal 0 0 1
    outer loop
      vertex 33.304 100.974 3
      vertex 32.6875 100.99 3
      vertex 33.0525 100.873 3
    endloop
  endfacet
  facet normal -0 0 1
    outer loop
      vertex 32.6875 100.99 3
      vertex 33.304 100.974 3
      vertex 32.6875 102.032 3
    endloop
  endfacet
  facet normal 0 0 1
    outer loop
      vertex 35.6921 102.032 3
      vertex 0 105 3
      vertex 35.2021 102.032 3
    endloop
  endfacet
  facet normal 0 0 1
    outer loop
      vertex 35.2021 102.032 3
      vertex 0 105 3
      vertex 32.6875 102.032 3
    endloop
  endfacet
  facet normal 0 0 1
    outer loop
      vertex 32.1985 102.032 3
      vertex 31.6579 99.487 3
      vertex 32.1985 98 3
    endloop
  endfacet
  facet normal 0 0 1
    outer loop
      vertex 32.1985 102.032 3
      vertex 31.5907 100.169 3
      vertex 31.6579 99.487 3
    endloop
  endfacet
  facet normal 0 0 1
    outer loop
      vertex 32.1985 102.032 3
      vertex 31.3889 100.641 3
      vertex 31.5907 100.169 3
    endloop
  endfacet
  facet normal 0 0 1
    outer loop
      vertex 32.1985 102.032 3
      vertex 31.0512 100.916 3
      vertex 31.3889 100.641 3
    endloop
  endfacet
  facet normal 0 0 1
    outer loop
      vertex 32.1985 102.032 3
      vertex 30.5759 101.008 3
      vertex 31.0512 100.916 3
    endloop
  endfacet
  facet normal 0 0 1
    outer loop
      vertex 32.1985 102.032 3
      vertex 30.2589 100.976 3
      vertex 30.5759 101.008 3
    endloop
  endfacet
  facet normal 0 0 1
    outer loop
      vertex 29.6269 100.944 3
      vertex 30.2589 100.976 3
      vertex 32.1985 102.032 3
    endloop
  endfacet
  facet normal -0 0 1
    outer loop
      vertex 29.6522 100.551 3
      vertex 29.6649 100.479 3
      vertex 29.8162 100.716 3
    endloop
  endfacet
  facet normal 0 0 1
    outer loop
      vertex 29.6649 100.479 3
      vertex 29.6522 100.551 3
      vertex 29.6539 100.479 3
    endloop
  endfacet
  facet normal 0 0 1
    outer loop
      vertex 29.8162 100.716 3
      vertex 29.6469 100.666 3
      vertex 29.6522 100.551 3
    endloop
  endfacet
  facet normal -0 0 1
    outer loop
      vertex 29.6349 100.867 3
      vertex 29.8162 100.716 3
      vertex 30.0099 100.88 3
    endloop
  endfacet
  facet normal 0 0 1
    outer loop
      vertex 29.8162 100.716 3
      vertex 29.6404 100.784 3
      vertex 29.6469 100.666 3
    endloop
  endfacet
  facet normal 0 0 1
    outer loop
      vertex 30.2589 100.976 3
      vertex 29.6269 100.944 3
      vertex 30.0099 100.88 3
    endloop
  endfacet
  facet normal 0 0 1
    outer loop
      vertex 29.8162 100.716 3
      vertex 29.6349 100.867 3
      vertex 29.6404 100.784 3
    endloop
  endfacet
  facet normal 0 0 1
    outer loop
      vertex 30.0099 100.88 3
      vertex 29.6304 100.919 3
      vertex 29.6349 100.867 3
    endloop
  endfacet
  facet normal 0 0 1
    outer loop
      vertex 30.0099 100.88 3
      vertex 29.6269 100.944 3
      vertex 29.6304 100.919 3
    endloop
  endfacet
  facet normal 0 0 1
    outer loop
      vertex 32.1985 102.032 3
      vertex 29.1539 100.944 3
      vertex 29.6269 100.944 3
    endloop
  endfacet
  facet normal 0 0 1
    outer loop
      vertex 28.4393 98.711 3
      vertex 29.1699 100.343 3
      vertex 28.4393 100 3
    endloop
  endfacet
  facet normal 0 0 1
    outer loop
      vertex 29.1699 100.343 3
      vertex 28.4393 98.711 3
      vertex 28.8743 98.284 3
    endloop
  endfacet
  facet normal 0 0 1
    outer loop
      vertex 28.8743 98.284 3
      vertex 28.4536 98.5165 3
      vertex 28.7893 98.2697 3
    endloop
  endfacet
  facet normal 0 0 1
    outer loop
      vertex 28.7893 98.2697 3
      vertex 28.4536 98.5165 3
      vertex 28.7143 98.265 3
    endloop
  endfacet
  facet normal 0 0 1
    outer loop
      vertex 28.7143 98.265 3
      vertex 28.4963 98.377 3
      vertex 28.5793 98.293 3
    endloop
  endfacet
  facet normal -0 -0 1
    outer loop
      vertex 28.4963 98.377 3
      vertex 28.7143 98.265 3
      vertex 28.4536 98.5165 3
    endloop
  endfacet
  facet normal 0 0 1
    outer loop
      vertex 29.1699 100.343 3
      vertex 28.3693 100.432 3
      vertex 28.4393 100 3
    endloop
  endfacet
  facet normal 0 0 1
    outer loop
      vertex 29.1539 100.944 3
      vertex 28.1593 100.749 3
      vertex 28.3693 100.432 3
    endloop
  endfacet
  facet normal 0 0 1
    outer loop
      vertex 27.8106 100.943 3
      vertex 29.1539 100.944 3
      vertex 32.1985 102.032 3
    endloop
  endfacet
  facet normal 0 0 1
    outer loop
      vertex 29.1539 100.944 3
      vertex 27.8106 100.943 3
      vertex 28.1593 100.749 3
    endloop
  endfacet
  facet normal 0 0 1
    outer loop
      vertex 32.1985 102.032 3
      vertex 27.3243 101.008 3
      vertex 27.8106 100.943 3
    endloop
  endfacet
  facet normal 0 0 1
    outer loop
      vertex 26.5018 100.811 3
      vertex 25.7327 100.532 3
      vertex 26.1443 100.222 3
    endloop
  endfacet
  facet normal 0 0 1
    outer loop
      vertex 24.8857 99.9747 3
      vertex 26.1443 100.222 3
      vertex 25.7327 100.532 3
    endloop
  endfacet
  facet normal 0 0 1
    outer loop
      vertex 25.7327 100.532 3
      vertex 26.5018 100.811 3
      vertex 25.7327 100.981 3
    endloop
  endfacet
  facet normal 0 0 1
    outer loop
      vertex 27.3243 101.008 3
      vertex 25.7327 100.981 3
      vertex 26.5018 100.811 3
    endloop
  endfacet
  facet normal -0 0 1
    outer loop
      vertex 22.969 101.694 3
      vertex 27.3243 101.008 3
      vertex 32.1985 102.032 3
    endloop
  endfacet
  facet normal 0 0 1
    outer loop
      vertex 27.3243 101.008 3
      vertex 25.6327 101.001 3
      vertex 25.7327 100.981 3
    endloop
  endfacet
  facet normal 0 0 1
    outer loop
      vertex 27.3243 101.008 3
      vertex 22.969 101.694 3
      vertex 25.6327 101.001 3
    endloop
  endfacet
  facet normal 0 0 1
    outer loop
      vertex 25.6327 101.001 3
      vertex 22.969 101.694 3
      vertex 25.5347 101.008 3
    endloop
  endfacet
  facet normal -0 0 1
    outer loop
      vertex 24.8192 100.55 3
      vertex 24.8357 100.353 3
      vertex 24.9614 100.671 3
    endloop
  endfacet
  facet normal 0 0 1
    outer loop
      vertex 24.8357 100.353 3
      vertex 24.8192 100.55 3
      vertex 24.8247 100.353 3
    endloop
  endfacet
  facet normal 0 0 1
    outer loop
      vertex 24.8027 100.944 3
      vertex 24.9614 100.671 3
      vertex 25.1047 100.869 3
    endloop
  endfacet
  facet normal 0 0 1
    outer loop
      vertex 24.9614 100.671 3
      vertex 24.8027 100.944 3
      vertex 24.8192 100.55 3
    endloop
  endfacet
  facet normal 0 0 1
    outer loop
      vertex 25.2882 100.973 3
      vertex 24.8027 100.944 3
      vertex 25.1047 100.869 3
    endloop
  endfacet
  facet normal 0 0 1
    outer loop
      vertex 25.5347 101.008 3
      vertex 22.969 101.694 3
      vertex 25.2882 100.973 3
    endloop
  endfacet
  facet normal -0 -0 1
    outer loop
      vertex 23.3205 101.422 3
      vertex 25.2882 100.973 3
      vertex 22.969 101.694 3
    endloop
  endfacet
  facet normal 0 0 1
    outer loop
      vertex 24.3527 100.585 3
      vertex 23.581 101.023 3
      vertex 23.665 99.92 3
    endloop
  endfacet
  facet normal 0 0 1
    outer loop
      vertex 25.2882 100.973 3
      vertex 23.3205 101.422 3
      vertex 24.8027 100.944 3
    endloop
  endfacet
  facet normal 0 0 1
    outer loop
      vertex 24.3407 100.944 3
      vertex 23.3205 101.422 3
      vertex 23.581 101.023 3
    endloop
  endfacet
  facet normal 0 0 1
    outer loop
      vertex 24.8027 100.944 3
      vertex 23.3205 101.422 3
      vertex 24.3407 100.944 3
    endloop
  endfacet
  facet normal 0 0 1
    outer loop
      vertex 32.6875 102.032 3
      vertex 0 105 3
      vertex 32.1985 102.032 3
    endloop
  endfacet
  facet normal 0 0 1
    outer loop
      vertex 32.1985 102.032 3
      vertex 22.5122 101.851 3
      vertex 22.969 101.694 3
    endloop
  endfacet
  facet normal 0 -0 1
    outer loop
      vertex 21.936 101.904 3
      vertex 32.1985 102.032 3
      vertex 0 105 3
    endloop
  endfacet
  facet normal 0 0 1
    outer loop
      vertex 20.155 100.769 3
      vertex 17.9021 102.032 3
      vertex 20.03 99.936 3
    endloop
  endfacet
  facet normal 0 0 1
    outer loop
      vertex 20.53 101.389 3
      vertex 17.9021 102.032 3
      vertex 20.155 100.769 3
    endloop
  endfacet
  facet normal 0 0 1
    outer loop
      vertex 21.132 101.775 3
      vertex 17.9021 102.032 3
      vertex 20.53 101.389 3
    endloop
  endfacet
  facet normal 0 0 1
    outer loop
      vertex 21.936 101.904 3
      vertex 17.9021 102.032 3
      vertex 21.132 101.775 3
    endloop
  endfacet
  facet normal 0 0 1
    outer loop
      vertex 32.1985 102.032 3
      vertex 21.936 101.904 3
      vertex 22.5122 101.851 3
    endloop
  endfacet
  facet normal 0 0 1
    outer loop
      vertex 21.936 101.904 3
      vertex 0 105 3
      vertex 17.9021 102.032 3
    endloop
  endfacet
  facet normal 0 0 1
    outer loop
      vertex 17.4121 102.032 3
      vertex 16.697 102.032 3
      vertex 17.4121 98 3
    endloop
  endfacet
  facet normal 0 0 1
    outer loop
      vertex 17.9021 102.032 3
      vertex 0 105 3
      vertex 17.4121 102.032 3
    endloop
  endfacet
  facet normal 0 0 1
    outer loop
      vertex 17.4121 102.032 3
      vertex 0 105 3
      vertex 16.697 102.032 3
    endloop
  endfacet
  facet normal -0 0 1
    outer loop
      vertex 15.5255 100.944 3
      vertex 16.207 98 3
      vertex 16.207 102.032 3
    endloop
  endfacet
  facet normal 0 0 1
    outer loop
      vertex 16.207 98 3
      vertex 15.5294 98.2142 3
      vertex 15.5414 98 3
    endloop
  endfacet
  facet normal -0 0 1
    outer loop
      vertex 15.5255 98.629 3
      vertex 16.207 98 3
      vertex 15.5255 100.944 3
    endloop
  endfacet
  facet normal 0 0 1
    outer loop
      vertex 16.207 102.032 3
      vertex 15.0354 100.944 3
      vertex 15.5255 100.944 3
    endloop
  endfacet
  facet normal -0 0 1
    outer loop
      vertex 13.6684 100.944 3
      vertex 15.0354 99.232 3
      vertex 15.0354 100.944 3
    endloop
  endfacet
  facet normal 0 0 1
    outer loop
      vertex 13.6684 99.071 3
      vertex 15.0354 99.232 3
      vertex 13.6684 100.944 3
    endloop
  endfacet
  facet normal 0 0 1
    outer loop
      vertex 13.6684 99.071 3
      vertex 14.8315 98.557 3
      vertex 14.9845 98.8472 3
    endloop
  endfacet
  facet normal 0 0 1
    outer loop
      vertex 14.8315 98.557 3
      vertex 13.6827 98.811 3
      vertex 14.5902 98.3747 3
    endloop
  endfacet
  facet normal 0 0 1
    outer loop
      vertex 14.5902 98.3747 3
      vertex 13.6827 98.811 3
      vertex 14.2744 98.314 3
    endloop
  endfacet
  facet normal 0 0 1
    outer loop
      vertex 14.2744 98.314 3
      vertex 13.6827 98.811 3
      vertex 14.0617 98.3317 3
    endloop
  endfacet
  facet normal -0 -0 1
    outer loop
      vertex 13.7254 98.617 3
      vertex 14.0617 98.3317 3
      vertex 13.6827 98.811 3
    endloop
  endfacet
  facet normal 0 0 1
    outer loop
      vertex 14.0617 98.3317 3
      vertex 13.7254 98.617 3
      vertex 13.9074 98.385 3
    endloop
  endfacet
  facet normal 0 0 1
    outer loop
      vertex 13.9074 98.385 3
      vertex 13.7254 98.617 3
      vertex 13.7994 98.4785 3
    endloop
  endfacet
  facet normal -0 0 1
    outer loop
      vertex 13.6684 99.071 3
      vertex 14.9845 98.8472 3
      vertex 15.0354 99.232 3
    endloop
  endfacet
  facet normal -0 0 1
    outer loop
      vertex 12.678 101.84 3
      vertex 15.0354 100.944 3
      vertex 16.207 102.032 3
    endloop
  endfacet
  facet normal 0 0 1
    outer loop
      vertex 15.0354 100.944 3
      vertex 12.678 101.84 3
      vertex 13.6684 100.944 3
    endloop
  endfacet
  facet normal -0 0 1
    outer loop
      vertex 12.678 101.416 3
      vertex 13.1765 100.944 3
      vertex 12.678 101.84 3
    endloop
  endfacet
  facet normal 0 0 1
    outer loop
      vertex 13.6684 100.944 3
      vertex 12.678 101.84 3
      vertex 13.1765 100.944 3
    endloop
  endfacet
  facet normal 0 0 1
    outer loop
      vertex 0 105 3
      vertex 12.678 101.84 3
      vertex 16.207 102.032 3
    endloop
  endfacet
  facet normal 0 0 1
    outer loop
      vertex 16.697 102.032 3
      vertex 0 105 3
      vertex 16.207 102.032 3
    endloop
  endfacet
  facet normal -0 0 1
    outer loop
      vertex 6.75 100 3
      vertex 9.95699 98 3
      vertex 9.95699 101.84 3
    endloop
  endfacet
  facet normal -0 0 1
    outer loop
      vertex 4.125 98.4845 3
      vertex 12 88.5 3
      vertex 5.875 98.4845 3
    endloop
  endfacet
  facet normal 0 0 1
    outer loop
      vertex 10.1755 6.58549 3
      vertex 6.75 5 3
      vertex 9.94199 6.13599 3
    endloop
  endfacet
  facet normal 0 0 1
    outer loop
      vertex 9.80399 5.644 3
      vertex 6.75 5 3
      vertex 9.758 5.092 3
    endloop
  endfacet
  facet normal 0 0 1
    outer loop
      vertex 9.94199 6.13599 3
      vertex 6.75 5 3
      vertex 9.80399 5.644 3
    endloop
  endfacet
  facet normal 0 0 1
    outer loop
      vertex 9.95699 101.84 3
      vertex 5.875 101.516 3
      vertex 6.75 100 3
    endloop
  endfacet
  facet normal 0 0 1
    outer loop
      vertex 0 105 3
      vertex 5.875 101.516 3
      vertex 9.95699 101.84 3
    endloop
  endfacet
  facet normal 0 0 1
    outer loop
      vertex 12 36.5 3
      vertex 0 0 3
      vertex 4.125 6.51554 3
    endloop
  endfacet
  facet normal 0 0 1
    outer loop
      vertex 4.125 101.516 3
      vertex 0 105 3
      vertex 3.25 100 3
    endloop
  endfacet
  facet normal 0 0 1
    outer loop
      vertex 5.875 101.516 3
      vertex 0 105 3
      vertex 4.125 101.516 3
    endloop
  endfacet
  facet normal 0 0 1
    outer loop
      vertex 12.678 101.84 3
      vertex 0 105 3
      vertex 9.95699 101.84 3
    endloop
  endfacet
  facet normal 0 0 1
    outer loop
      vertex 91.5 36.5 3
      vertex 105 105 3
      vertex 100.875 98.4845 3
    endloop
  endfacet
  facet normal -0 0 1
    outer loop
      vertex 100.875 3.48446 3
      vertex 105 0 3
      vertex 101.75 5 3
    endloop
  endfacet
  facet normal -0 0 1
    outer loop
      vertex 99.125 3.48446 3
      vertex 105 0 3
      vertex 100.875 3.48446 3
    endloop
  endfacet
  facet normal 0 0 1
    outer loop
      vertex 99.125 6.51554 3
      vertex 95.707 7.5 3
      vertex 98.25 5 3
    endloop
  endfacet
  facet normal -0 0 1
    outer loop
      vertex 95.176 7.5 3
      vertex 98.25 5 3
      vertex 95.707 7.5 3
    endloop
  endfacet
  facet normal -0 0 1
    outer loop
      vertex 94.5624 7.5 3
      vertex 98.25 5 3
      vertex 95.176 7.5 3
    endloop
  endfacet
  facet normal 0 0 1
    outer loop
      vertex 94.5624 7.5 3
      vertex 95.176 7.5 3
      vertex 94.5624 7.924 3
    endloop
  endfacet
  facet normal -0 0 1
    outer loop
      vertex 92.1074 7.5 3
      vertex 98.25 5 3
      vertex 94.5624 7.5 3
    endloop
  endfacet
  facet normal 0 0 1
    outer loop
      vertex 98.25 5 3
      vertex 92.1074 7.5 3
      vertex 99.125 3.48446 3
    endloop
  endfacet
  facet normal -0 0 1
    outer loop
      vertex 91.4954 7.5 3
      vertex 99.125 3.48446 3
      vertex 92.1074 7.5 3
    endloop
  endfacet
  facet normal -0 0 1
    outer loop
      vertex 90.8974 7.5 3
      vertex 99.125 3.48446 3
      vertex 91.4954 7.5 3
    endloop
  endfacet
  facet normal -0 0 1
    outer loop
      vertex 88.7084 7.5 3
      vertex 99.125 3.48446 3
      vertex 90.8974 7.5 3
    endloop
  endfacet
  facet normal 0 0 1
    outer loop
      vertex 88.7084 7.5 3
      vertex 89.9024 9.073 3
      vertex 88.7084 9.073 3
    endloop
  endfacet
  facet normal 0 0 1
    outer loop
      vertex 89.9024 9.073 3
      vertex 88.7084 7.5 3
      vertex 90.8974 7.5 3
    endloop
  endfacet
  facet normal -0 0 1
    outer loop
      vertex 88.1894 7.5 3
      vertex 99.125 3.48446 3
      vertex 88.7084 7.5 3
    endloop
  endfacet
  facet normal -0 0 1
    outer loop
      vertex 86.376 7.5 3
      vertex 99.125 3.48446 3
      vertex 88.1894 7.5 3
    endloop
  endfacet
  facet normal 0 0 1
    outer loop
      vertex 88.1894 11.34 3
      vertex 87.691 10.916 3
      vertex 88.1894 7.5 3
    endloop
  endfacet
  facet normal 0 0 1
    outer loop
      vertex 86.376 7.5 3
      vertex 87.691 10.916 3
      vertex 86.376 10.916 3
    endloop
  endfacet
  facet normal 0 0 1
    outer loop
      vertex 87.691 10.916 3
      vertex 86.376 7.5 3
      vertex 88.1894 7.5 3
    endloop
  endfacet
  facet normal -0 0 1
    outer loop
      vertex 85.859 7.5 3
      vertex 99.125 3.48446 3
      vertex 86.376 7.5 3
    endloop
  endfacet
  facet normal -0 0 1
    outer loop
      vertex 82.651 7.436 3
      vertex 99.125 3.48446 3
      vertex 85.859 7.5 3
    endloop
  endfacet
  facet normal 0 0 1
    outer loop
      vertex 84.274 10.476 3
      vertex 84.543 10.916 3
      vertex 84.543 11.34 3
    endloop
  endfacet
  facet normal 0 0 1
    outer loop
      vertex 85.859 10.916 3
      vertex 84.309 8.44099 3
      vertex 85.859 7.5 3
    endloop
  endfacet
  facet normal -0 0 1
    outer loop
      vertex 84.0242 8.00774 3
      vertex 85.859 7.5 3
      vertex 84.309 8.44099 3
    endloop
  endfacet
  facet normal -0 0 1
    outer loop
      vertex 83.644 7.69199 3
      vertex 85.859 7.5 3
      vertex 84.0242 8.00774 3
    endloop
  endfacet
  facet normal 0 0 1
    outer loop
      vertex 83.1817 7.5 3
      vertex 85.859 7.5 3
      vertex 83.644 7.69199 3
    endloop
  endfacet
  facet normal 0 0 1
    outer loop
      vertex 82.651 7.436 3
      vertex 85.859 7.5 3
      vertex 83.1817 7.5 3
    endloop
  endfacet
  facet normal 0 0 1
    outer loop
      vertex 99.125 3.48446 3
      vertex 82.651 7.436 3
      vertex 105 0 3
    endloop
  endfacet
  facet normal 0 0 1
    outer loop
      vertex 78.205 7.5 3
      vertex 82.651 7.436 3
      vertex 82.111 7.49651 3
    endloop
  endfacet
  facet normal 0 0 1
    outer loop
      vertex 78.205 8.07599 3
      vertex 80.8382 8.862 3
      vertex 80.783 9.43599 3
    endloop
  endfacet
  facet normal 0 0 1
    outer loop
      vertex 78.205 8.07599 3
      vertex 81.004 8.37 3
      vertex 80.8382 8.862 3
    endloop
  endfacet
  facet normal 0 0 1
    outer loop
      vertex 78.205 7.5 3
      vertex 81.004 8.37 3
      vertex 78.205 8.07599 3
    endloop
  endfacet
  facet normal 0 0 1
    outer loop
      vertex 81.004 8.37 3
      vertex 78.205 7.5 3
      vertex 81.2762 7.97198 3
    endloop
  endfacet
  facet normal 0 0 1
    outer loop
      vertex 81.2762 7.97198 3
      vertex 78.205 7.5 3
      vertex 81.649 7.67799 3
    endloop
  endfacet
  facet normal 0 0 1
    outer loop
      vertex 81.649 7.67799 3
      vertex 78.205 7.5 3
      vertex 82.111 7.49651 3
    endloop
  endfacet
  facet normal 0 0 1
    outer loop
      vertex 82.651 7.436 3
      vertex 78.205 7.5 3
      vertex 105 0 3
    endloop
  endfacet
  facet normal -0 0 1
    outer loop
      vertex 77.674 7.5 3
      vertex 105 0 3
      vertex 78.205 7.5 3
    endloop
  endfacet
  facet normal 0 0 1
    outer loop
      vertex 77.0786 7.5 3
      vertex 77.674 7.5 3
      vertex 77.0786 7.924 3
    endloop
  endfacet
  facet normal -0 0 1
    outer loop
      vertex 77.0786 7.5 3
      vertex 105 0 3
      vertex 77.674 7.5 3
    endloop
  endfacet
  facet normal -0 0 1
    outer loop
      vertex 74.0285 7.5 3
      vertex 105 0 3
      vertex 77.0786 7.5 3
    endloop
  endfacet
  facet normal 0 0 1
    outer loop
      vertex 74.0285 7.88899 3
      vertex 73.7641 7.5 3
      vertex 74.0285 7.5 3
    endloop
  endfacet
  facet normal -0 0 1
    outer loop
      vertex 73.7641 7.5 3
      vertex 105 0 3
      vertex 74.0285 7.5 3
    endloop
  endfacet
  facet normal -0 0 1
    outer loop
      vertex 70.7141 7.5 3
      vertex 105 0 3
      vertex 73.7641 7.5 3
    endloop
  endfacet
  facet normal -0 0 1
    outer loop
      vertex 70.1609 8.50323 3
      vertex 70.7141 7.88899 3
      vertex 70.2101 8.939 3
    endloop
  endfacet
  facet normal -0 0 1
    outer loop
      vertex 70.0131 8.13199 3
      vertex 70.7141 7.88899 3
      vertex 70.1609 8.50323 3
    endloop
  endfacet
  facet normal 0 0 1
    outer loop
      vertex 70.7141 7.88899 3
      vertex 70.0131 8.13199 3
      vertex 70.7141 7.5 3
    endloop
  endfacet
  facet normal -0 0 1
    outer loop
      vertex 69.7754 7.83374 3
      vertex 70.7141 7.5 3
      vertex 70.0131 8.13199 3
    endloop
  endfacet
  facet normal -0 0 1
    outer loop
      vertex 69.4561 7.61499 3
      vertex 70.7141 7.5 3
      vertex 69.7754 7.83374 3
    endloop
  endfacet
  facet normal 0 0 1
    outer loop
      vertex 69.0636 7.48076 3
      vertex 70.7141 7.5 3
      vertex 69.4561 7.61499 3
    endloop
  endfacet
  facet normal 0 0 1
    outer loop
      vertex 68.6061 7.436 3
      vertex 70.7141 7.5 3
      vertex 69.0636 7.48076 3
    endloop
  endfacet
  facet normal 0 0 1
    outer loop
      vertex 70.7141 7.5 3
      vertex 68.6061 7.436 3
      vertex 105 0 3
    endloop
  endfacet
  facet normal 0 0 1
    outer loop
      vertex 65.012 7.5 3
      vertex 68.6061 7.436 3
      vertex 68.1659 7.479 3
    endloop
  endfacet
  facet normal -0 0 1
    outer loop
      vertex 66.42 8.59999 3
      vertex 67.0974 8.46724 3
      vertex 67.0491 8.88899 3
    endloop
  endfacet
  facet normal 0 0 1
    outer loop
      vertex 66.3267 8.13675 3
      vertex 67.0974 8.46724 3
      vertex 66.42 8.59999 3
    endloop
  endfacet
  facet normal 0 0 1
    outer loop
      vertex 67.0974 8.46724 3
      vertex 66.3267 8.13675 3
      vertex 67.2421 8.10799 3
    endloop
  endfacet
  facet normal 0 0 1
    outer loop
      vertex 67.2421 8.10799 3
      vertex 66.3267 8.13675 3
      vertex 67.4744 7.81898 3
    endloop
  endfacet
  facet normal 0 0 1
    outer loop
      vertex 66.047 7.78899 3
      vertex 67.4744 7.81898 3
      vertex 66.3267 8.13675 3
    endloop
  endfacet
  facet normal 0 0 1
    outer loop
      vertex 67.4744 7.81898 3
      vertex 66.047 7.78899 3
      vertex 67.7851 7.60799 3
    endloop
  endfacet
  facet normal 0 0 1
    outer loop
      vertex 65.6022 7.57224 3
      vertex 67.7851 7.60799 3
      vertex 66.047 7.78899 3
    endloop
  endfacet
  facet normal 0 0 1
    outer loop
      vertex 67.7851 7.60799 3
      vertex 65.6022 7.57224 3
      vertex 68.1659 7.479 3
    endloop
  endfacet
  facet normal -0 0 1
    outer loop
      vertex 65.012 7.5 3
      vertex 68.1659 7.479 3
      vertex 65.6022 7.57224 3
    endloop
  endfacet
  facet normal 0 0 1
    outer loop
      vertex 68.6061 7.436 3
      vertex 65.012 7.5 3
      vertex 105 0 3
    endloop
  endfacet
  facet normal -0 0 1
    outer loop
      vertex 63.457 7.5 3
      vertex 105 0 3
      vertex 65.012 7.5 3
    endloop
  endfacet
  facet normal 0 0 1
    outer loop
      vertex 63.457 11.34 3
      vertex 61.8879 9.7045 3
      vertex 63.457 7.5 3
    endloop
  endfacet
  facet normal -0 0 1
    outer loop
      vertex 61.6216 9.32899 3
      vertex 63.457 7.5 3
      vertex 61.8879 9.7045 3
    endloop
  endfacet
  facet normal -0 0 1
    outer loop
      vertex 61.2031 9.08899 3
      vertex 63.457 7.5 3
      vertex 61.6216 9.32899 3
    endloop
  endfacet
  facet normal 0 0 1
    outer loop
      vertex 59.5326 7.5 3
      vertex 61.2031 9.08899 3
      vertex 60.6576 9.00899 3
    endloop
  endfacet
  facet normal 0 0 1
    outer loop
      vertex 59.5326 7.5 3
      vertex 60.6576 9.00899 3
      vertex 59.5326 9.00899 3
    endloop
  endfacet
  facet normal 0 0 1
    outer loop
      vertex 61.2031 9.08899 3
      vertex 59.5326 7.5 3
      vertex 63.457 7.5 3
    endloop
  endfacet
  facet normal 0 0 1
    outer loop
      vertex 35.9283 3.98326 3
      vertex 63.457 7.5 3
      vertex 59.5326 7.5 3
    endloop
  endfacet
  facet normal 0 0 1
    outer loop
      vertex 35.9283 3.98326 3
      vertex 59.5326 7.5 3
      vertex 59.0136 7.5 3
    endloop
  endfacet
  facet normal -0 0 1
    outer loop
      vertex 58.3434 8.86925 3
      vertex 59.0136 7.5 3
      vertex 58.4009 9.43599 3
    endloop
  endfacet
  facet normal -0 0 1
    outer loop
      vertex 58.1709 8.377 3
      vertex 59.0136 7.5 3
      vertex 58.3434 8.86925 3
    endloop
  endfacet
  facet normal -0 0 1
    outer loop
      vertex 57.8917 7.97549 3
      vertex 59.0136 7.5 3
      vertex 58.1709 8.377 3
    endloop
  endfacet
  facet normal -0 0 1
    outer loop
      vertex 57.5119 7.67899 3
      vertex 59.0136 7.5 3
      vertex 57.8917 7.97549 3
    endloop
  endfacet
  facet normal 0 0 1
    outer loop
      vertex 57.0434 7.49677 3
      vertex 59.0136 7.5 3
      vertex 57.5119 7.67899 3
    endloop
  endfacet
  facet normal 0 0 1
    outer loop
      vertex 56.4979 7.436 3
      vertex 59.0136 7.5 3
      vertex 57.0434 7.49677 3
    endloop
  endfacet
  facet normal 0 0 1
    outer loop
      vertex 35.9283 3.98326 3
      vertex 59.0136 7.5 3
      vertex 56.4979 7.436 3
    endloop
  endfacet
  facet normal 0 0 1
    outer loop
      vertex 53.0771 7.5 3
      vertex 56.4979 7.436 3
      vertex 55.9482 7.49626 3
    endloop
  endfacet
  facet normal -0 0 1
    outer loop
      vertex 53.0771 10.916 3
      vertex 54.7257 10.26 3
      vertex 54.3921 10.916 3
    endloop
  endfacet
  facet normal 0 0 1
    outer loop
      vertex 54.7257 10.26 3
      vertex 53.0771 10.916 3
      vertex 54.5999 9.43599 3
    endloop
  endfacet
  facet normal 0 0 1
    outer loop
      vertex 53.0771 7.5 3
      vertex 54.5999 9.43599 3
      vertex 53.0771 10.916 3
    endloop
  endfacet
  facet normal 0 0 1
    outer loop
      vertex 54.5999 9.43599 3
      vertex 53.0771 7.5 3
      vertex 54.6562 8.86674 3
    endloop
  endfacet
  facet normal 0 0 1
    outer loop
      vertex 54.6562 8.86674 3
      vertex 53.0771 7.5 3
      vertex 54.8249 8.37299 3
    endloop
  endfacet
  facet normal 0 0 1
    outer loop
      vertex 53.0771 7.5 3
      vertex 55.1014 7.9715 3
      vertex 54.8249 8.37299 3
    endloop
  endfacet
  facet normal 0 0 1
    outer loop
      vertex 53.0771 7.5 3
      vertex 55.4789 7.67699 3
      vertex 55.1014 7.9715 3
    endloop
  endfacet
  facet normal -0 0 1
    outer loop
      vertex 53.0771 7.5 3
      vertex 55.9482 7.49626 3
      vertex 55.4789 7.67699 3
    endloop
  endfacet
  facet normal 0 0 1
    outer loop
      vertex 56.4979 7.436 3
      vertex 53.0771 7.5 3
      vertex 35.9283 3.98326 3
    endloop
  endfacet
  facet normal 0 0 1
    outer loop
      vertex 36.2738 4.125 3
      vertex 53.0771 7.5 3
      vertex 52.5601 7.5 3
    endloop
  endfacet
  facet normal 0 -0 1
    outer loop
      vertex 50.9432 8.75224 3
      vertex 52.5601 10.916 3
      vertex 50.899 8.922 3
    endloop
  endfacet
  facet normal -0 0 1
    outer loop
      vertex 50.8542 8.08199 3
      vertex 52.5601 7.5 3
      vertex 50.958 8.55499 3
    endloop
  endfacet
  facet normal -0 0 1
    outer loop
      vertex 50.543 7.72899 3
      vertex 52.5601 7.5 3
      vertex 50.8542 8.08199 3
    endloop
  endfacet
  facet normal -0 0 1
    outer loop
      vertex 50.0442 7.50925 3
      vertex 52.5601 7.5 3
      vertex 50.543 7.72899 3
    endloop
  endfacet
  facet normal 0 0 1
    outer loop
      vertex 49.376 7.436 3
      vertex 52.5601 7.5 3
      vertex 50.0442 7.50925 3
    endloop
  endfacet
  facet normal 0 0 1
    outer loop
      vertex 36.2738 4.125 3
      vertex 52.5601 7.5 3
      vertex 49.376 7.436 3
    endloop
  endfacet
  facet normal 0 0 1
    outer loop
      vertex 36.7708 4.67699 3
      vertex 48.2702 7.67924 3
      vertex 47.753 8.409 3
    endloop
  endfacet
  facet normal 0 0 1
    outer loop
      vertex 36.558 4.3575 3
      vertex 48.2702 7.67924 3
      vertex 36.7708 4.67699 3
    endloop
  endfacet
  facet normal 0 0 1
    outer loop
      vertex 48.2702 7.67924 3
      vertex 36.558 4.3575 3
      vertex 49.376 7.436 3
    endloop
  endfacet
  facet normal 0 0 1
    outer loop
      vertex 36.2738 4.125 3
      vertex 49.376 7.436 3
      vertex 36.558 4.3575 3
    endloop
  endfacet
  facet normal 0 0 1
    outer loop
      vertex 53.0771 7.5 3
      vertex 36.2738 4.125 3
      vertex 35.9283 3.98326 3
    endloop
  endfacet
  facet normal 0 0 1
    outer loop
      vertex 63.457 7.5 3
      vertex 35.9283 3.98326 3
      vertex 105 0 3
    endloop
  endfacet
  facet normal -0 0 1
    outer loop
      vertex 35.5318 3.936 3
      vertex 105 0 3
      vertex 35.9283 3.98326 3
    endloop
  endfacet
  facet normal -0 0 1
    outer loop
      vertex 33.7509 5.062 3
      vertex 34.177 5.017 3
      vertex 34.1358 5.452 3
    endloop
  endfacet
  facet normal -0 0 1
    outer loop
      vertex 33.7949 4.78499 3
      vertex 34.3008 4.644 3
      vertex 34.177 5.017 3
    endloop
  endfacet
  facet normal 0 0 1
    outer loop
      vertex 33.7174 4.42574 3
      vertex 34.3008 4.644 3
      vertex 33.7949 4.78499 3
    endloop
  endfacet
  facet normal 0 0 1
    outer loop
      vertex 34.3008 4.644 3
      vertex 33.7174 4.42574 3
      vertex 34.5043 4.34224 3
    endloop
  endfacet
  facet normal 0 0 1
    outer loop
      vertex 33.4849 4.15799 3
      vertex 34.5043 4.34224 3
      vertex 33.7174 4.42574 3
    endloop
  endfacet
  facet normal 0 0 1
    outer loop
      vertex 34.5043 4.34224 3
      vertex 33.4849 4.15799 3
      vertex 34.7828 4.11899 3
    endloop
  endfacet
  facet normal 0 0 1
    outer loop
      vertex 33.1119 3.9915 3
      vertex 34.7828 4.11899 3
      vertex 33.4849 4.15799 3
    endloop
  endfacet
  facet normal 0 0 1
    outer loop
      vertex 34.7828 4.11899 3
      vertex 33.1119 3.9915 3
      vertex 35.1281 3.98175 3
    endloop
  endfacet
  facet normal 0 0 1
    outer loop
      vertex 35.1281 3.98175 3
      vertex 33.1119 3.9915 3
      vertex 35.5318 3.936 3
    endloop
  endfacet
  facet normal 0 0 1
    outer loop
      vertex 32.6129 3.936 3
      vertex 35.5318 3.936 3
      vertex 33.1119 3.9915 3
    endloop
  endfacet
  facet normal 0 0 1
    outer loop
      vertex 0 0 3
      vertex 35.5318 3.936 3
      vertex 32.6129 3.936 3
    endloop
  endfacet
  facet normal 0 0 1
    outer loop
      vertex 31.0835 4 3
      vertex 31.7867 4.118 3
      vertex 31.3999 4.66399 3
    endloop
  endfacet
  facet normal -0 0 1
    outer loop
      vertex 31.0835 4 3
      vertex 32.6129 3.936 3
      vertex 31.7867 4.118 3
    endloop
  endfacet
  facet normal -0 0 1
    outer loop
      vertex 30.6365 4 3
      vertex 32.6129 3.936 3
      vertex 31.0835 4 3
    endloop
  endfacet
  facet normal -0 0 1
    outer loop
      vertex 29.0014 4 3
      vertex 32.6129 3.936 3
      vertex 30.6365 4 3
    endloop
  endfacet
  facet normal 0 0 1
    outer loop
      vertex 29.0014 4 3
      vertex 29.8934 5.22899 3
      vertex 29.0014 5.22899 3
    endloop
  endfacet
  facet normal 0 0 1
    outer loop
      vertex 29.8934 5.22899 3
      vertex 29.0014 4 3
      vertex 30.6365 4 3
    endloop
  endfacet
  facet normal 0 0 1
    outer loop
      vertex 32.6129 3.936 3
      vertex 29.0014 4 3
      vertex 0 0 3
    endloop
  endfacet
  facet normal 0 0 1
    outer loop
      vertex 0 0 3
      vertex 29.0014 4 3
      vertex 28.6134 4 3
    endloop
  endfacet
  facet normal -0 0 1
    outer loop
      vertex 28.0438 4.47275 3
      vertex 28.6134 4 3
      vertex 28.1136 4.81599 3
    endloop
  endfacet
  facet normal -0 0 1
    outer loop
      vertex 27.8346 4.215 3
      vertex 28.6134 4 3
      vertex 28.0438 4.47275 3
    endloop
  endfacet
  facet normal -0 0 1
    outer loop
      vertex 27.5023 4.05374 3
      vertex 28.6134 4 3
      vertex 27.8346 4.215 3
    endloop
  endfacet
  facet normal 0 0 1
    outer loop
      vertex 27.0616 4 3
      vertex 28.6134 4 3
      vertex 27.5023 4.05374 3
    endloop
  endfacet
  facet normal 0 0 1
    outer loop
      vertex 0 0 3
      vertex 28.6134 4 3
      vertex 27.0616 4 3
    endloop
  endfacet
  facet normal 0 0 1
    outer loop
      vertex 0 0 3
      vertex 27.0616 4 3
      vertex 25.8996 4 3
    endloop
  endfacet
  facet normal 0 0 1
    outer loop
      vertex 24.275 4 3
      vertex 25.8996 4 3
      vertex 24.275 4.31099 3
    endloop
  endfacet
  facet normal 0 0 1
    outer loop
      vertex 0 0 3
      vertex 25.8996 4 3
      vertex 24.275 4 3
    endloop
  endfacet
  facet normal 0 0 1
    outer loop
      vertex 13.2686 3.16801 3
      vertex 24.275 4 3
      vertex 22.482 4 3
    endloop
  endfacet
  facet normal 0 0 1
    outer loop
      vertex 22.0063 4 3
      vertex 22.482 4 3
      vertex 22.0063 4.31099 3
    endloop
  endfacet
  facet normal 0 0 1
    outer loop
      vertex 13.2686 3.16801 3
      vertex 22.482 4 3
      vertex 22.0063 4 3
    endloop
  endfacet
  facet normal 0 0 1
    outer loop
      vertex 13.2686 3.16801 3
      vertex 22.0063 4 3
      vertex 20.1113 4 3
    endloop
  endfacet
  facet normal -0 0 1
    outer loop
      vertex 19.5376 4.32199 3
      vertex 20.1113 4.258 3
      vertex 19.7274 4.79449 3
    endloop
  endfacet
  facet normal 0 0 1
    outer loop
      vertex 20.1113 4.258 3
      vertex 19.5376 4.32199 3
      vertex 20.1113 4 3
    endloop
  endfacet
  facet normal -0 0 1
    outer loop
      vertex 19.2246 4.03249 3
      vertex 20.1113 4 3
      vertex 19.5376 4.32199 3
    endloop
  endfacet
  facet normal 0 0 1
    outer loop
      vertex 18.7916 3.936 3
      vertex 20.1113 4 3
      vertex 19.2246 4.03249 3
    endloop
  endfacet
  facet normal 0 0 1
    outer loop
      vertex 13.2686 3.16801 3
      vertex 20.1113 4 3
      vertex 18.7916 3.936 3
    endloop
  endfacet
  facet normal 0 0 1
    outer loop
      vertex 17.4809 4.31099 3
      vertex 17.8644 4.79199 3
      vertex 17.8026 5.43999 3
    endloop
  endfacet
  facet normal 0 0 1
    outer loop
      vertex 17.4809 4.31099 3
      vertex 18.0496 4.31999 3
      vertex 17.8644 4.79199 3
    endloop
  endfacet
  facet normal 0 0 1
    outer loop
      vertex 17.4809 4 3
      vertex 18.0496 4.31999 3
      vertex 17.4809 4.31099 3
    endloop
  endfacet
  facet normal 0 0 1
    outer loop
      vertex 18.0496 4.31999 3
      vertex 17.4809 4 3
      vertex 18.3591 4.032 3
    endloop
  endfacet
  facet normal -0 0 1
    outer loop
      vertex 17.4809 4 3
      vertex 18.7916 3.936 3
      vertex 18.3591 4.032 3
    endloop
  endfacet
  facet normal 0 0 1
    outer loop
      vertex 13.2686 3.16801 3
      vertex 17.4809 4 3
      vertex 15.586 4 3
    endloop
  endfacet
  facet normal 0 0 1
    outer loop
      vertex 17.4809 4 3
      vertex 13.2686 3.16801 3
      vertex 18.7916 3.936 3
    endloop
  endfacet
  facet normal -0 0 1
    outer loop
      vertex 13.9716 4.53174 3
      vertex 15.586 4.258 3
      vertex 14.0176 5.084 3
    endloop
  endfacet
  facet normal 0 0 1
    outer loop
      vertex 15.586 4.258 3
      vertex 13.9716 4.53174 3
      vertex 15.586 4 3
    endloop
  endfacet
  facet normal -0 0 1
    outer loop
      vertex 13.8336 4.03899 3
      vertex 15.586 4 3
      vertex 13.9716 4.53174 3
    endloop
  endfacet
  facet normal 0 0 1
    outer loop
      vertex 13.6009 3.59026 3
      vertex 15.586 4 3
      vertex 13.8336 4.03899 3
    endloop
  endfacet
  facet normal 0 0 1
    outer loop
      vertex 13.2686 3.16801 3
      vertex 15.586 4 3
      vertex 13.6009 3.59026 3
    endloop
  endfacet
  facet normal 0 0 1
    outer loop
      vertex 24.275 4 3
      vertex 13.2686 3.16801 3
      vertex 0 0 3
    endloop
  endfacet
  facet normal 0 0 1
    outer loop
      vertex 0 0 3
      vertex 13.2686 3.16801 3
      vertex 12.9146 3.16801 3
    endloop
  endfacet
  facet normal -0 0 1
    outer loop
      vertex 12.5555 4.12099 3
      vertex 13.2454 3.60201 3
      vertex 12.7365 4.33725 3
    endloop
  endfacet
  facet normal 0 0 1
    outer loop
      vertex 13.2454 3.60201 3
      vertex 12.5555 4.12099 3
      vertex 12.9146 3.16801 3
    endloop
  endfacet
  facet normal -0 0 1
    outer loop
      vertex 12.2977 3.98225 3
      vertex 12.9146 3.16801 3
      vertex 12.5555 4.12099 3
    endloop
  endfacet
  facet normal -0 0 1
    outer loop
      vertex 11.9785 3.936 3
      vertex 12.9146 3.16801 3
      vertex 12.2977 3.98225 3
    endloop
  endfacet
  facet normal 0 0 1
    outer loop
      vertex 10.861 3.16801 3
      vertex 11.9785 3.936 3
      vertex 11.572 4.00949 3
    endloop
  endfacet
  facet normal 0 0 1
    outer loop
      vertex 11.2755 5.94499 3
      vertex 10.303 6.118 3
      vertex 11.0932 5.58424 3
    endloop
  endfacet
  facet normal 0 0 1
    outer loop
      vertex 10.861 3.16801 3
      vertex 11.093 4.5925 3
      vertex 11.0325 5.09 3
    endloop
  endfacet
  facet normal 0 0 1
    outer loop
      vertex 10.861 3.16801 3
      vertex 11.2745 4.23 3
      vertex 11.093 4.5925 3
    endloop
  endfacet
  facet normal 0 0 1
    outer loop
      vertex 10.861 3.16801 3
      vertex 11.572 4.00949 3
      vertex 11.2745 4.23 3
    endloop
  endfacet
  facet normal 0 0 1
    outer loop
      vertex 11.9785 3.936 3
      vertex 10.861 3.16801 3
      vertex 12.9146 3.16801 3
    endloop
  endfacet
  facet normal 0 0 1
    outer loop
      vertex 0 0 3
      vertex 12.9146 3.16801 3
      vertex 10.861 3.16801 3
    endloop
  endfacet
  facet normal 0 0 1
    outer loop
      vertex 0 0 3
      vertex 10.861 3.16801 3
      vertex 10.508 3.16801 3
    endloop
  endfacet
  facet normal 0 0 1
    outer loop
      vertex 9.758 5.092 3
      vertex 6.75 5 3
      vertex 9.758 5.084 3
    endloop
  endfacet
  facet normal -0 0 1
    outer loop
      vertex 6.75 5 3
      vertex 9.80374 4.53448 3
      vertex 9.758 5.084 3
    endloop
  endfacet
  facet normal 0 0 1
    outer loop
      vertex 6.75 5 3
      vertex 9.94099 4.04199 3
      vertex 9.80374 4.53448 3
    endloop
  endfacet
  facet normal 0 0 1
    outer loop
      vertex 5.875 3.48446 3
      vertex 9.94099 4.04199 3
      vertex 6.75 5 3
    endloop
  endfacet
  facet normal 0 0 1
    outer loop
      vertex 9.94099 4.04199 3
      vertex 5.875 3.48446 3
      vertex 10.1742 3.59201 3
    endloop
  endfacet
  facet normal 0 0 1
    outer loop
      vertex 10.1742 3.59201 3
      vertex 5.875 3.48446 3
      vertex 10.508 3.16801 3
    endloop
  endfacet
  facet normal 0 0 1
    outer loop
      vertex 0 0 3
      vertex 5.875 3.48446 3
      vertex 4.125 3.48446 3
    endloop
  endfacet
  facet normal 0 0 1
    outer loop
      vertex 35.5318 3.936 3
      vertex 0 0 3
      vertex 105 0 3
    endloop
  endfacet
  facet normal 0 0 1
    outer loop
      vertex 5.875 3.48446 3
      vertex 0 0 3
      vertex 10.508 3.16801 3
    endloop
  endfacet
  facet normal 0 0 1
    outer loop
      vertex 3.25 5 3
      vertex 0 0 3
      vertex 4.125 3.48446 3
    endloop
  endfacet
  facet normal 0 0 1
    outer loop
      vertex 4.125 6.51554 3
      vertex 0 0 3
      vertex 3.25 5 3
    endloop
  endfacet
  facet normal 0 0 1
    outer loop
      vertex 94.5624 7.924 3
      vertex 92.6264 11.34 3
      vertex 92.6264 7.924 3
    endloop
  endfacet
  facet normal 0 0 1
    outer loop
      vertex 95.707 8.07599 3
      vertex 92.6264 11.34 3
      vertex 95.176 8.07599 3
    endloop
  endfacet
  facet normal -0 0 1
    outer loop
      vertex 91.0111 14.1558 3
      vertex 92.6264 11.34 3
      vertex 92.111 15.6697 3
    endloop
  endfacet
  facet normal -0 0 1
    outer loop
      vertex 91.2812 9.83324 3
      vertex 92.1074 7.5 3
      vertex 92.1074 11.34 3
    endloop
  endfacet
  facet normal 0 0 1
    outer loop
      vertex 92.6264 11.34 3
      vertex 91.0111 14.1558 3
      vertex 92.1074 11.34 3
    endloop
  endfacet
  facet normal 0 0 1
    outer loop
      vertex 91.2812 9.83324 3
      vertex 92.1074 11.34 3
      vertex 91.3434 10.231 3
    endloop
  endfacet
  facet normal 0 0 1
    outer loop
      vertex 92.1074 11.34 3
      vertex 91.2554 10.6965 3
      vertex 91.3434 10.231 3
    endloop
  endfacet
  facet normal 0 0 1
    outer loop
      vertex 90.5657 11.2667 3
      vertex 92.1074 11.34 3
      vertex 91.0111 14.1558 3
    endloop
  endfacet
  facet normal 0 0 1
    outer loop
      vertex 92.1074 11.34 3
      vertex 90.9914 11.047 3
      vertex 91.2554 10.6965 3
    endloop
  endfacet
  facet normal 0 0 1
    outer loop
      vertex 92.1074 11.34 3
      vertex 90.5657 11.2667 3
      vertex 90.9914 11.047 3
    endloop
  endfacet
  facet normal -0 0 1
    outer loop
      vertex 89.3906 13.2202 3
      vertex 90.5657 11.2667 3
      vertex 91.0111 14.1558 3
    endloop
  endfacet
  facet normal 0 0 1
    outer loop
      vertex 90.5657 11.2667 3
      vertex 89.3906 13.2202 3
      vertex 89.9924 11.34 3
    endloop
  endfacet
  facet normal 0 0 1
    outer loop
      vertex 89.3906 13.2202 3
      vertex 88.1894 11.34 3
      vertex 89.9924 11.34 3
    endloop
  endfacet
  facet normal 0 0 1
    outer loop
      vertex 87.691 10.916 3
      vertex 88.1894 11.34 3
      vertex 87.691 11.34 3
    endloop
  endfacet
  facet normal -0 0 1
    outer loop
      vertex 87.5296 13.0247 3
      vertex 88.1894 11.34 3
      vertex 89.3906 13.2202 3
    endloop
  endfacet
  facet normal 0 0 1
    outer loop
      vertex 88.1894 11.34 3
      vertex 87.5296 13.0247 3
      vertex 87.691 11.34 3
    endloop
  endfacet
  facet normal 0 0 1
    outer loop
      vertex 85.75 13.6029 3
      vertex 87.691 11.34 3
      vertex 87.5296 13.0247 3
    endloop
  endfacet
  facet normal 0 0 1
    outer loop
      vertex 85.75 13.6029 3
      vertex 84.543 11.34 3
      vertex 87.691 11.34 3
    endloop
  endfacet
  facet normal -0 0 1
    outer loop
      vertex 83.2095 11.3455 3
      vertex 84.543 11.34 3
      vertex 84.3594 14.855 3
    endloop
  endfacet
  facet normal 0 0 1
    outer loop
      vertex 84.3594 14.855 3
      vertex 84.543 11.34 3
      vertex 85.75 13.6029 3
    endloop
  endfacet
  facet normal 0 0 1
    outer loop
      vertex 100.875 6.51554 3
      vertex 95.707 8.07599 3
      vertex 99.125 6.51554 3
    endloop
  endfacet
  facet normal 0 0 1
    outer loop
      vertex 91.5 36.5 3
      vertex 91.0111 20.8442 3
      vertex 92.111 19.3303 3
    endloop
  endfacet
  facet normal 0 0 1
    outer loop
      vertex 91.5 36.5 3
      vertex 89.3906 21.7798 3
      vertex 91.0111 20.8442 3
    endloop
  endfacet
  facet normal 0 0 1
    outer loop
      vertex 91.5 36.5 3
      vertex 87.5296 21.9753 3
      vertex 89.3906 21.7798 3
    endloop
  endfacet
  facet normal 0 0 1
    outer loop
      vertex 91.5 36.5 3
      vertex 85.75 21.3971 3
      vertex 87.5296 21.9753 3
    endloop
  endfacet
  facet normal 0 0 1
    outer loop
      vertex 70.9635 18.9266 3
      vertex 85.75 21.3971 3
      vertex 91.5 36.5 3
    endloop
  endfacet
  facet normal 0 0 1
    outer loop
      vertex 85.75 21.3971 3
      vertex 70.9635 18.9266 3
      vertex 84.3594 20.145 3
    endloop
  endfacet
  facet normal -0 0 1
    outer loop
      vertex 72 17.5 3
      vertex 83.5983 16.5644 3
      vertex 83.5983 18.4356 3
    endloop
  endfacet
  facet normal 0 0 1
    outer loop
      vertex 84.3594 14.855 3
      vertex 82.648 11.404 3
      vertex 83.2095 11.3455 3
    endloop
  endfacet
  facet normal 0 0 1
    outer loop
      vertex 84.3594 14.855 3
      vertex 81.868 11.2732 3
      vertex 82.648 11.404 3
    endloop
  endfacet
  facet normal 0 0 1
    outer loop
      vertex 83.5983 16.5644 3
      vertex 76.9506 11.34 3
      vertex 81.868 11.2732 3
    endloop
  endfacet
  facet normal 0 0 1
    outer loop
      vertex 81.868 11.2732 3
      vertex 76.9506 11.34 3
      vertex 81.278 10.881 3
    endloop
  endfacet
  facet normal 0 0 1
    outer loop
      vertex 76.9506 10.962 3
      vertex 80.783 9.43599 3
      vertex 80.9067 10.2587 3
    endloop
  endfacet
  facet normal 0 0 1
    outer loop
      vertex 81.278 10.881 3
      vertex 76.9506 11.34 3
      vertex 80.9067 10.2587 3
    endloop
  endfacet
  facet normal 0 -0 1
    outer loop
      vertex 72 17.5 3
      vertex 84.3594 20.145 3
      vertex 70.9635 18.9266 3
    endloop
  endfacet
  facet normal -0 0 1
    outer loop
      vertex 76.9506 10.962 3
      vertex 80.9067 10.2587 3
      vertex 76.9506 11.34 3
    endloop
  endfacet
  facet normal 0 0 1
    outer loop
      vertex 77.674 8.07599 3
      vertex 77.0786 7.924 3
      vertex 77.674 7.5 3
    endloop
  endfacet
  facet normal 0 0 1
    outer loop
      vertex 80.783 9.43599 3
      vertex 76.9506 10.962 3
      vertex 78.205 8.07599 3
    endloop
  endfacet
  facet normal 0 0 1
    outer loop
      vertex 78.205 8.07599 3
      vertex 76.9506 10.962 3
      vertex 77.674 8.07599 3
    endloop
  endfacet
  facet normal 0 0 1
    outer loop
      vertex 83.5983 16.5644 3
      vertex 72 17.5 3
      vertex 76.9506 11.34 3
    endloop
  endfacet
  facet normal 0 0 1
    outer loop
      vertex 73.6361 10.962 3
      vertex 74.2266 11.34 3
      vertex 73.6361 11.34 3
    endloop
  endfacet
  facet normal 0 0 1
    outer loop
      vertex 73.7641 7.5 3
      vertex 74.0285 7.88899 3
      vertex 73.7641 7.924 3
    endloop
  endfacet
  facet normal 0 0 1
    outer loop
      vertex 74.2266 10.916 3
      vertex 73.7641 7.924 3
      vertex 74.0285 7.88899 3
    endloop
  endfacet
  facet normal 0 0 1
    outer loop
      vertex 74.2266 11.34 3
      vertex 73.6361 10.962 3
      vertex 74.2266 10.916 3
    endloop
  endfacet
  facet normal 0 0 1
    outer loop
      vertex 76.9506 11.34 3
      vertex 72 17.5 3
      vertex 74.2266 11.34 3
    endloop
  endfacet
  facet normal -0 0 1
    outer loop
      vertex 70.9635 16.0734 3
      vertex 74.2266 11.34 3
      vertex 72 17.5 3
    endloop
  endfacet
  facet normal 0 0 1
    outer loop
      vertex 84.3594 20.145 3
      vertex 72 17.5 3
      vertex 83.5983 18.4356 3
    endloop
  endfacet
  facet normal -0 0 1
    outer loop
      vertex 55.5 20 3
      vertex 70.9635 18.9266 3
      vertex 91.5 36.5 3
    endloop
  endfacet
  facet normal -0 0 1
    outer loop
      vertex 58 17.5 3
      vertex 69.2865 16.6183 3
      vertex 69.2865 18.3817 3
    endloop
  endfacet
  facet normal 0 0 1
    outer loop
      vertex 69.6941 8.967 3
      vertex 68.6041 7.85699 3
      vertex 69.6224 8.48824 3
    endloop
  endfacet
  facet normal 0 -0 1
    outer loop
      vertex 69.0629 7.92775 3
      vertex 69.6224 8.48824 3
      vertex 68.6041 7.85699 3
    endloop
  endfacet
  facet normal 0 0 1
    outer loop
      vertex 69.6224 8.48824 3
      vertex 69.0629 7.92775 3
      vertex 69.4071 8.14 3
    endloop
  endfacet
  facet normal 0 0 1
    outer loop
      vertex 68.6041 7.85699 3
      vertex 67.6346 8.46724 3
      vertex 68.1601 7.92525 3
    endloop
  endfacet
  facet normal 0 0 1
    outer loop
      vertex 68.1601 7.92525 3
      vertex 67.6346 8.46724 3
      vertex 67.8341 8.12999 3
    endloop
  endfacet
  facet normal 0 0 1
    outer loop
      vertex 69.2865 16.6183 3
      vertex 67.0491 11.34 3
      vertex 67.5681 11.34 3
    endloop
  endfacet
  facet normal -0 0 1
    outer loop
      vertex 66.197 10.425 3
      vertex 67.0491 8.88899 3
      vertex 67.0491 11.34 3
    endloop
  endfacet
  facet normal 0 0 1
    outer loop
      vertex 67.0491 8.88899 3
      vertex 66.358 8.9565 3
      vertex 66.42 8.59999 3
    endloop
  endfacet
  facet normal -0 0 1
    outer loop
      vertex 66.1495 10.117 3
      vertex 67.0491 8.88899 3
      vertex 66.197 10.425 3
    endloop
  endfacet
  facet normal 0 0 1
    outer loop
      vertex 69.2865 16.6183 3
      vertex 64.849 11.34 3
      vertex 67.0491 11.34 3
    endloop
  endfacet
  facet normal 0 0 1
    outer loop
      vertex 67.0491 11.34 3
      vertex 65.86 11.1112 3
      vertex 66.197 10.425 3
    endloop
  endfacet
  facet normal 0 0 1
    outer loop
      vertex 67.0491 11.34 3
      vertex 64.849 11.34 3
      vertex 65.86 11.1112 3
    endloop
  endfacet
  facet normal 0 0 1
    outer loop
      vertex 69.2865 16.6183 3
      vertex 63.457 11.34 3
      vertex 64.849 11.34 3
    endloop
  endfacet
  facet normal 0 0 1
    outer loop
      vertex 61.8879 9.7045 3
      vertex 63.457 11.34 3
      vertex 61.9766 10.191 3
    endloop
  endfacet
  facet normal 0 0 1
    outer loop
      vertex 69.2865 16.6183 3
      vertex 58 17.5 3
      vertex 63.457 11.34 3
    endloop
  endfacet
  facet normal 0 0 1
    outer loop
      vertex 63.457 11.34 3
      vertex 61.8881 10.6765 3
      vertex 61.9766 10.191 3
    endloop
  endfacet
  facet normal 0 0 1
    outer loop
      vertex 63.457 11.34 3
      vertex 61.6226 11.039 3
      vertex 61.8881 10.6765 3
    endloop
  endfacet
  facet normal 0 0 1
    outer loop
      vertex 63.457 11.34 3
      vertex 61.1969 11.2647 3
      vertex 61.6226 11.039 3
    endloop
  endfacet
  facet normal 0 0 1
    outer loop
      vertex 63.457 11.34 3
      vertex 58 17.5 3
      vertex 61.1969 11.2647 3
    endloop
  endfacet
  facet normal -0 -0 1
    outer loop
      vertex 57.2678 19.2678 3
      vertex 70.9635 18.9266 3
      vertex 55.5 20 3
    endloop
  endfacet
  facet normal 0 0 1
    outer loop
      vertex 61.1969 11.2647 3
      vertex 58 17.5 3
      vertex 60.6256 11.34 3
    endloop
  endfacet
  facet normal 0 0 1
    outer loop
      vertex 59.0136 11.34 3
      vertex 58.4009 9.43599 3
      vertex 59.0136 7.5 3
    endloop
  endfacet
  facet normal 0 0 1
    outer loop
      vertex 59.0136 11.34 3
      vertex 58.3442 10.0035 3
      vertex 58.4009 9.43599 3
    endloop
  endfacet
  facet normal 0 0 1
    outer loop
      vertex 59.0136 11.34 3
      vertex 58.1739 10.49 3
      vertex 58.3442 10.0035 3
    endloop
  endfacet
  facet normal 0 0 1
    outer loop
      vertex 60.6256 11.34 3
      vertex 57.2678 15.7322 3
      vertex 59.0136 11.34 3
    endloop
  endfacet
  facet normal -0 0 1
    outer loop
      vertex 57.2678 15.7322 3
      vertex 60.6256 11.34 3
      vertex 58 17.5 3
    endloop
  endfacet
  facet normal 0 0 1
    outer loop
      vertex 69.2865 18.3817 3
      vertex 57.2678 19.2678 3
      vertex 58 17.5 3
    endloop
  endfacet
  facet normal 0 0 1
    outer loop
      vertex 70.9635 18.9266 3
      vertex 57.2678 19.2678 3
      vertex 69.2865 18.3817 3
    endloop
  endfacet
  facet normal -0 0 1
    outer loop
      vertex 12 36.5 3
      vertex 55.5 20 3
      vertex 91.5 36.5 3
    endloop
  endfacet
  facet normal -0 0 1
    outer loop
      vertex 50.6785 10.9337 3
      vertex 51.2441 10.916 3
      vertex 51.2441 11.34 3
    endloop
  endfacet
  facet normal 0 0 1
    outer loop
      vertex 52.5601 7.5 3
      vertex 50.9432 8.75224 3
      vertex 50.958 8.55499 3
    endloop
  endfacet
  facet normal 0 0 1
    outer loop
      vertex 52.5601 10.916 3
      vertex 50.9432 8.75224 3
      vertex 52.5601 7.5 3
    endloop
  endfacet
  facet normal 0 0 1
    outer loop
      vertex 52.5601 10.916 3
      vertex 50.869 10.523 3
      vertex 50.8297 9.06775 3
    endloop
  endfacet
  facet normal 0 0 1
    outer loop
      vertex 53.7322 15.7322 3
      vertex 49.963 11.354 3
      vertex 51.2441 11.34 3
    endloop
  endfacet
  facet normal 0 0 1
    outer loop
      vertex 51.2441 10.916 3
      vertex 50.6785 10.9337 3
      vertex 50.869 10.523 3
    endloop
  endfacet
  facet normal 0 0 1
    outer loop
      vertex 51.2441 11.34 3
      vertex 50.385 11.204 3
      vertex 50.6785 10.9337 3
    endloop
  endfacet
  facet normal 0 0 1
    outer loop
      vertex 35.5288 6.94398 3
      vertex 53 17.5 3
      vertex 53.7322 19.2678 3
    endloop
  endfacet
  facet normal 0 0 1
    outer loop
      vertex 51.2441 11.34 3
      vertex 49.963 11.354 3
      vertex 50.385 11.204 3
    endloop
  endfacet
  facet normal 0 0 1
    outer loop
      vertex 53.7322 15.7322 3
      vertex 49.387 11.404 3
      vertex 49.963 11.354 3
    endloop
  endfacet
  facet normal 0 0 1
    outer loop
      vertex 53 17.5 3
      vertex 48.7662 11.337 3
      vertex 49.387 11.404 3
    endloop
  endfacet
  facet normal 0 0 1
    outer loop
      vertex 53 17.5 3
      vertex 48.308 11.136 3
      vertex 48.7662 11.337 3
    endloop
  endfacet
  facet normal 0 0 1
    outer loop
      vertex 53 17.5 3
      vertex 35.5288 6.94398 3
      vertex 48.308 11.136 3
    endloop
  endfacet
  facet normal 0 0 1
    outer loop
      vertex 36.5591 6.54274 3
      vertex 47.753 8.409 3
      vertex 47.932 10.372 3
    endloop
  endfacet
  facet normal 0 0 1
    outer loop
      vertex 36.5591 6.54274 3
      vertex 47.932 10.372 3
      vertex 48.026 10.811 3
    endloop
  endfacet
  facet normal 0 -0 1
    outer loop
      vertex 35.9483 6.89925 3
      vertex 48.308 11.136 3
      vertex 35.5288 6.94398 3
    endloop
  endfacet
  facet normal 0 0 1
    outer loop
      vertex 47.753 8.409 3
      vertex 36.7438 6.23399 3
      vertex 36.7708 4.67699 3
    endloop
  endfacet
  facet normal 0 0 1
    outer loop
      vertex 47.753 8.409 3
      vertex 36.5591 6.54274 3
      vertex 36.7438 6.23399 3
    endloop
  endfacet
  facet normal 0 0 1
    outer loop
      vertex 48.026 10.811 3
      vertex 36.2928 6.765 3
      vertex 36.5591 6.54274 3
    endloop
  endfacet
  facet normal 0 0 1
    outer loop
      vertex 48.026 10.811 3
      vertex 35.9483 6.89925 3
      vertex 36.2928 6.765 3
    endloop
  endfacet
  facet normal 0 0 1
    outer loop
      vertex 48.308 11.136 3
      vertex 35.9483 6.89925 3
      vertex 48.026 10.811 3
    endloop
  endfacet
  facet normal 0 0 1
    outer loop
      vertex 32.6209 6.94398 3
      vertex 35.5288 6.94398 3
      vertex 53.7322 19.2678 3
    endloop
  endfacet
  facet normal 0 0 1
    outer loop
      vertex 33.7279 6.286 3
      vertex 34.1358 5.452 3
      vertex 34.228 6.07599 3
    endloop
  endfacet
  facet normal 0 0 1
    outer loop
      vertex 34.177 5.017 3
      vertex 33.7839 4.93375 3
      vertex 33.7949 4.78499 3
    endloop
  endfacet
  facet normal 0 0 1
    outer loop
      vertex 34.177 5.017 3
      vertex 33.7509 5.062 3
      vertex 33.7839 4.93375 3
    endloop
  endfacet
  facet normal 0 0 1
    outer loop
      vertex 33.5459 5.34824 3
      vertex 34.1358 5.452 3
      vertex 33.7279 6.286 3
    endloop
  endfacet
  facet normal 0 0 1
    outer loop
      vertex 34.5048 6.54799 3
      vertex 33.7279 6.286 3
      vertex 34.228 6.07599 3
    endloop
  endfacet
  facet normal -0 0 1
    outer loop
      vertex 33.3659 6.79399 3
      vertex 34.5048 6.54799 3
      vertex 34.9458 6.84499 3
    endloop
  endfacet
  facet normal 0 0 1
    outer loop
      vertex 35.5288 6.94398 3
      vertex 33.0507 6.90649 3
      vertex 34.9458 6.84499 3
    endloop
  endfacet
  facet normal 0 0 1
    outer loop
      vertex 34.5048 6.54799 3
      vertex 33.5854 6.5925 3
      vertex 33.7279 6.286 3
    endloop
  endfacet
  facet normal 0 0 1
    outer loop
      vertex 34.5048 6.54799 3
      vertex 33.3659 6.79399 3
      vertex 33.5854 6.5925 3
    endloop
  endfacet
  facet normal 0 0 1
    outer loop
      vertex 34.9458 6.84499 3
      vertex 33.0507 6.90649 3
      vertex 33.3659 6.79399 3
    endloop
  endfacet
  facet normal 0 0 1
    outer loop
      vertex 35.5288 6.94398 3
      vertex 32.6209 6.94398 3
      vertex 33.0507 6.90649 3
    endloop
  endfacet
  facet normal 0 0 1
    outer loop
      vertex 12 36.5 3
      vertex 32.6209 6.94398 3
      vertex 53.7322 19.2678 3
    endloop
  endfacet
  facet normal 0 -0 1
    outer loop
      vertex 29.9604 6.87999 3
      vertex 32.6209 6.94398 3
      vertex 12 36.5 3
    endloop
  endfacet
  facet normal 0 0 1
    outer loop
      vertex 31.5474 6.00725 3
      vertex 30.9705 6.073 3
      vertex 30.924 5.78374 3
    endloop
  endfacet
  facet normal 0 0 1
    outer loop
      vertex 31.6537 5.75275 3
      vertex 30.924 5.78374 3
      vertex 30.7845 5.54399 3
    endloop
  endfacet
  facet normal -0 0 1
    outer loop
      vertex 30.9047 6.41124 3
      vertex 31.5339 6.16199 3
      vertex 31.6042 6.49399 3
    endloop
  endfacet
  facet normal -0 0 1
    outer loop
      vertex 30.7075 6.66599 3
      vertex 31.6042 6.49399 3
      vertex 31.8149 6.73999 3
    endloop
  endfacet
  facet normal 0 0 1
    outer loop
      vertex 31.5339 6.16199 3
      vertex 30.9047 6.41124 3
      vertex 30.9705 6.073 3
    endloop
  endfacet
  facet normal 0 0 1
    outer loop
      vertex 32.6209 6.94398 3
      vertex 29.9604 6.87999 3
      vertex 32.1574 6.89299 3
    endloop
  endfacet
  facet normal 0 0 1
    outer loop
      vertex 31.6042 6.49399 3
      vertex 30.7075 6.66599 3
      vertex 30.9047 6.41124 3
    endloop
  endfacet
  facet normal 0 0 1
    outer loop
      vertex 31.8149 6.73999 3
      vertex 30.3892 6.82649 3
      vertex 30.7075 6.66599 3
    endloop
  endfacet
  facet normal 0 -0 1
    outer loop
      vertex 30.3892 6.82649 3
      vertex 32.1574 6.89299 3
      vertex 29.9604 6.87999 3
    endloop
  endfacet
  facet normal 0 0 1
    outer loop
      vertex 32.1574 6.89299 3
      vertex 30.3892 6.82649 3
      vertex 31.8149 6.73999 3
    endloop
  endfacet
  facet normal -0 0 1
    outer loop
      vertex 28.0673 5.08099 3
      vertex 28.6134 4 3
      vertex 28.6134 6.87999 3
    endloop
  endfacet
  facet normal 0 0 1
    outer loop
      vertex 28.6134 4 3
      vertex 28.0673 5.08099 3
      vertex 28.1136 4.81599 3
    endloop
  endfacet
  facet normal 0 0 1
    outer loop
      vertex 27.9118 5.95224 3
      vertex 28.6134 6.87999 3
      vertex 27.9476 6.18599 3
    endloop
  endfacet
  facet normal 0 0 1
    outer loop
      vertex 28.6134 6.87999 3
      vertex 27.6956 6.7065 3
      vertex 27.9476 6.18599 3
    endloop
  endfacet
  facet normal 0 0 1
    outer loop
      vertex 29.9604 6.87999 3
      vertex 12 36.5 3
      vertex 28.6134 6.87999 3
    endloop
  endfacet
  facet normal 0 -0 1
    outer loop
      vertex 26.9396 6.87999 3
      vertex 28.6134 6.87999 3
      vertex 12 36.5 3
    endloop
  endfacet
  facet normal 0 0 1
    outer loop
      vertex 28.6134 6.87999 3
      vertex 26.9396 6.87999 3
      vertex 27.6956 6.7065 3
    endloop
  endfacet
  facet normal 0 0 1
    outer loop
      vertex 55.5 20 3
      vertex 12 36.5 3
      vertex 53.7322 19.2678 3
    endloop
  endfacet
  facet normal 0 0 1
    outer loop
      vertex 25.8996 6.87999 3
      vertex 24.275 4.31099 3
      vertex 25.8996 4 3
    endloop
  endfacet
  facet normal 0 0 1
    outer loop
      vertex 25.8996 6.87999 3
      vertex 23.579 6.87999 3
      vertex 24.275 4.31099 3
    endloop
  endfacet
  facet normal 0 0 1
    outer loop
      vertex 26.9396 6.87999 3
      vertex 12 36.5 3
      vertex 25.8996 6.87999 3
    endloop
  endfacet
  facet normal 0 0 1
    outer loop
      vertex 25.8996 6.87999 3
      vertex 12 36.5 3
      vertex 23.579 6.87999 3
    endloop
  endfacet
  facet normal -0 0 1
    outer loop
      vertex 21.9623 6.14799 3
      vertex 22.565 6.04799 3
      vertex 22.565 6.39299 3
    endloop
  endfacet
  facet normal 0 0 1
    outer loop
      vertex 22.482 4.31099 3
      vertex 22.0063 4.31099 3
      vertex 22.482 4 3
    endloop
  endfacet
  facet normal 0 0 1
    outer loop
      vertex 21.9433 5.97949 3
      vertex 22.565 6.04799 3
      vertex 21.9623 6.14799 3
    endloop
  endfacet
  facet normal 0 0 1
    outer loop
      vertex 21.8863 5.812 3
      vertex 22.565 6.04799 3
      vertex 21.9433 5.97949 3
    endloop
  endfacet
  facet normal -0 0 1
    outer loop
      vertex 21.7293 6.737 3
      vertex 22.565 6.39299 3
      vertex 23.242 6.87999 3
    endloop
  endfacet
  facet normal 0 0 1
    outer loop
      vertex 22.565 6.39299 3
      vertex 21.9041 6.48624 3
      vertex 21.9623 6.14799 3
    endloop
  endfacet
  facet normal 0 0 1
    outer loop
      vertex 23.579 6.87999 3
      vertex 12 36.5 3
      vertex 23.242 6.87999 3
    endloop
  endfacet
  facet normal 0 0 1
    outer loop
      vertex 22.565 6.39299 3
      vertex 21.7293 6.737 3
      vertex 21.9041 6.48624 3
    endloop
  endfacet
  facet normal -0 -0 1
    outer loop
      vertex 21.0643 6.94398 3
      vertex 23.242 6.87999 3
      vertex 12 36.5 3
    endloop
  endfacet
  facet normal 0 0 1
    outer loop
      vertex 23.242 6.87999 3
      vertex 21.4471 6.89224 3
      vertex 21.7293 6.737 3
    endloop
  endfacet
  facet normal 0 0 1
    outer loop
      vertex 23.242 6.87999 3
      vertex 21.0643 6.94398 3
      vertex 21.4471 6.89224 3
    endloop
  endfacet
  facet normal 0 0 1
    outer loop
      vertex 20.2266 4.48474 3
      vertex 19.7274 4.79449 3
      vertex 20.1113 4.258 3
    endloop
  endfacet
  facet normal 0 0 1
    outer loop
      vertex 20.3643 4.683 3
      vertex 19.7274 4.79449 3
      vertex 20.2266 4.48474 3
    endloop
  endfacet
  facet normal 0 0 1
    outer loop
      vertex 19.5496 6.564 3
      vertex 20.1273 6.19499 3
      vertex 20.2208 6.50299 3
    endloop
  endfacet
  facet normal 0 0 1
    outer loop
      vertex 20.1273 6.19499 3
      vertex 19.7304 6.09349 3
      vertex 19.7906 5.43999 3
    endloop
  endfacet
  facet normal -0 0 1
    outer loop
      vertex 19.5496 6.564 3
      vertex 20.2208 6.50299 3
      vertex 20.4193 6.741 3
    endloop
  endfacet
  facet normal 0 0 1
    outer loop
      vertex 20.1273 6.19499 3
      vertex 19.5496 6.564 3
      vertex 19.7304 6.09349 3
    endloop
  endfacet
  facet normal -0 0 1
    outer loop
      vertex 19.2431 6.849 3
      vertex 20.4193 6.741 3
      vertex 20.7061 6.89325 3
    endloop
  endfacet
  facet normal 0 -0 1
    outer loop
      vertex 18.8036 6.94398 3
      vertex 21.0643 6.94398 3
      vertex 12 36.5 3
    endloop
  endfacet
  facet normal 0 0 1
    outer loop
      vertex 21.0643 6.94398 3
      vertex 18.8036 6.94398 3
      vertex 20.7061 6.89325 3
    endloop
  endfacet
  facet normal 0 0 1
    outer loop
      vertex 20.4193 6.741 3
      vertex 19.2431 6.849 3
      vertex 19.5496 6.564 3
    endloop
  endfacet
  facet normal 0 0 1
    outer loop
      vertex 20.7061 6.89325 3
      vertex 18.8036 6.94398 3
      vertex 19.2431 6.849 3
    endloop
  endfacet
  facet normal 0 0 1
    outer loop
      vertex 17.4179 5.97949 3
      vertex 17.8626 6.0985 3
      vertex 17.437 6.14799 3
    endloop
  endfacet
  facet normal 0 0 1
    outer loop
      vertex 17.3609 5.812 3
      vertex 17.8626 6.0985 3
      vertex 17.4179 5.97949 3
    endloop
  endfacet
  facet normal -0 0 1
    outer loop
      vertex 17.3787 6.48624 3
      vertex 17.8626 6.0985 3
      vertex 18.0426 6.56799 3
    endloop
  endfacet
  facet normal -0 0 1
    outer loop
      vertex 17.2039 6.737 3
      vertex 18.0426 6.56799 3
      vertex 18.3534 6.84999 3
    endloop
  endfacet
  facet normal 0 0 1
    outer loop
      vertex 17.8626 6.0985 3
      vertex 17.3787 6.48624 3
      vertex 17.437 6.14799 3
    endloop
  endfacet
  facet normal 0 -0 1
    outer loop
      vertex 16.5389 6.94398 3
      vertex 18.8036 6.94398 3
      vertex 12 36.5 3
    endloop
  endfacet
  facet normal 0 -0 1
    outer loop
      vertex 16.9217 6.89224 3
      vertex 18.8036 6.94398 3
      vertex 16.5389 6.94398 3
    endloop
  endfacet
  facet normal 0 0 1
    outer loop
      vertex 18.0426 6.56799 3
      vertex 17.2039 6.737 3
      vertex 17.3787 6.48624 3
    endloop
  endfacet
  facet normal 0 0 1
    outer loop
      vertex 18.3534 6.84999 3
      vertex 16.9217 6.89224 3
      vertex 17.2039 6.737 3
    endloop
  endfacet
  facet normal 0 0 1
    outer loop
      vertex 18.8036 6.94398 3
      vertex 16.9217 6.89224 3
      vertex 18.3534 6.84999 3
    endloop
  endfacet
  facet normal 0 0 1
    outer loop
      vertex 15.7012 4.48474 3
      vertex 14.0176 5.084 3
      vertex 15.586 4.258 3
    endloop
  endfacet
  facet normal -0 0 1
    outer loop
      vertex 14.0176 5.084 3
      vertex 15.7012 4.48474 3
      vertex 14.0176 5.092 3
    endloop
  endfacet
  facet normal 0 0 1
    outer loop
      vertex 13.8346 6.133 3
      vertex 15.6019 6.19499 3
      vertex 15.6954 6.50299 3
    endloop
  endfacet
  facet normal -0 0 1
    outer loop
      vertex 13.6021 6.58374 3
      vertex 15.6954 6.50299 3
      vertex 15.894 6.741 3
    endloop
  endfacet
  facet normal 0 0 1
    outer loop
      vertex 15.6019 6.19499 3
      vertex 13.9719 5.64124 3
      vertex 14.0176 5.092 3
    endloop
  endfacet
  facet normal 0 0 1
    outer loop
      vertex 15.6019 6.19499 3
      vertex 13.8346 6.133 3
      vertex 13.9719 5.64124 3
    endloop
  endfacet
  facet normal 0 0 1
    outer loop
      vertex 13.2686 7.008 3
      vertex 15.894 6.741 3
      vertex 16.1807 6.89325 3
    endloop
  endfacet
  facet normal -0 -0 1
    outer loop
      vertex 13.2686 7.008 3
      vertex 16.5389 6.94398 3
      vertex 12 36.5 3
    endloop
  endfacet
  facet normal 0 0 1
    outer loop
      vertex 16.5389 6.94398 3
      vertex 13.2686 7.008 3
      vertex 16.1807 6.89325 3
    endloop
  endfacet
  facet normal 0 0 1
    outer loop
      vertex 15.6954 6.50299 3
      vertex 13.6021 6.58374 3
      vertex 13.8346 6.133 3
    endloop
  endfacet
  facet normal 0 0 1
    outer loop
      vertex 15.894 6.741 3
      vertex 13.2686 7.008 3
      vertex 13.6021 6.58374 3
    endloop
  endfacet
  facet normal 0 0 1
    outer loop
      vertex 13.4736 4.058 3
      vertex 12.7365 4.33725 3
      vertex 13.2454 3.60201 3
    endloop
  endfacet
  facet normal -0 0 1
    outer loop
      vertex 12.7365 4.33725 3
      vertex 13.4736 4.058 3
      vertex 12.8255 4.616 3
    endloop
  endfacet
  facet normal 0 0 1
    outer loop
      vertex 13.4726 6.118 3
      vertex 12.715 5.84674 3
      vertex 12.8135 5.56499 3
    endloop
  endfacet
  facet normal 0 0 1
    outer loop
      vertex 13.2441 6.575 3
      vertex 12.5335 6.06 3
      vertex 12.715 5.84674 3
    endloop
  endfacet
  facet normal 0 0 1
    outer loop
      vertex 12.9146 7.008 3
      vertex 12.2827 6.19499 3
      vertex 12.5335 6.06 3
    endloop
  endfacet
  facet normal 0 0 1
    outer loop
      vertex 13.2686 7.008 3
      vertex 12 36.5 3
      vertex 12.9146 7.008 3
    endloop
  endfacet
  facet normal 0 0 1
    outer loop
      vertex 11.9745 6.23999 3
      vertex 12.9146 7.008 3
      vertex 12 36.5 3
    endloop
  endfacet
  facet normal 0 0 1
    outer loop
      vertex 12.9146 7.008 3
      vertex 11.9745 6.23999 3
      vertex 12.2827 6.19499 3
    endloop
  endfacet
  facet normal -0 0 1
    outer loop
      vertex 91.0944 9.504 3
      vertex 92.1074 7.5 3
      vertex 91.2812 9.83324 3
    endloop
  endfacet
  facet normal 0 0 1
    outer loop
      vertex 92.1074 7.5 3
      vertex 91.0944 9.504 3
      vertex 91.4954 7.5 3
    endloop
  endfacet
  facet normal -0 0 1
    outer loop
      vertex 90.7982 9.26424 3
      vertex 91.4954 7.5 3
      vertex 91.0944 9.504 3
    endloop
  endfacet
  facet normal 0 0 1
    outer loop
      vertex 91.4954 7.5 3
      vertex 90.7982 9.26424 3
      vertex 90.4074 9.133 3
    endloop
  endfacet
  facet normal -0 0 1
    outer loop
      vertex 27.4093 99.438 3
      vertex 27.9443 99.206 3
      vertex 27.9443 99.449 3
    endloop
  endfacet
  facet normal 0 0 1
    outer loop
      vertex 27.9443 99.206 3
      vertex 27.4093 99.438 3
      vertex 27.9141 98.982 3
    endloop
  endfacet
  facet normal 0 0 1
    outer loop
      vertex 27.9141 98.982 3
      vertex 27.4093 99.438 3
      vertex 27.8233 98.764 3
    endloop
  endfacet
  facet normal 0 0 1
    outer loop
      vertex 27.8233 98.764 3
      vertex 27.4093 99.438 3
      vertex 27.6803 98.572 3
    endloop
  endfacet
  facet normal -0 0 1
    outer loop
      vertex 27.1053 99.4177 3
      vertex 27.6803 98.572 3
      vertex 27.4093 99.438 3
    endloop
  endfacet
  facet normal 0 0 1
    outer loop
      vertex 27.6803 98.572 3
      vertex 27.1053 99.4177 3
      vertex 27.4933 98.426 3
    endloop
  endfacet
  facet normal 0 0 1
    outer loop
      vertex 27.4933 98.426 3
      vertex 27.1053 99.4177 3
      vertex 27.2691 98.3337 3
    endloop
  endfacet
  facet normal -0 0 1
    outer loop
      vertex 26.8853 99.367 3
      vertex 27.2691 98.3337 3
      vertex 27.1053 99.4177 3
    endloop
  endfacet
  facet normal 0 0 1
    outer loop
      vertex 27.2691 98.3337 3
      vertex 26.8853 99.367 3
      vertex 27.0143 98.303 3
    endloop
  endfacet
  facet normal -0 0 1
    outer loop
      vertex 26.5411 99.0065 3
      vertex 27.0143 98.303 3
      vertex 26.8853 99.367 3
    endloop
  endfacet
  facet normal 0 0 1
    outer loop
      vertex 26.5411 99.0065 3
      vertex 26.8853 99.367 3
      vertex 26.7281 99.2832 3
    endloop
  endfacet
  facet normal -0 -0 1
    outer loop
      vertex 26.5496 98.593 3
      vertex 27.0143 98.303 3
      vertex 26.5173 98.806 3
    endloop
  endfacet
  facet normal 0 0 1
    outer loop
      vertex 26.5411 99.0065 3
      vertex 26.7281 99.2832 3
      vertex 26.6123 99.164 3
    endloop
  endfacet
  facet normal 0 0 1
    outer loop
      vertex 27.0143 98.303 3
      vertex 26.5496 98.593 3
      vertex 26.8028 98.3357 3
    endloop
  endfacet
  facet normal 0 0 1
    outer loop
      vertex 27.0143 98.303 3
      vertex 26.5411 99.0065 3
      vertex 26.5173 98.806 3
    endloop
  endfacet
  facet normal 0 0 1
    outer loop
      vertex 26.8028 98.3357 3
      vertex 26.5496 98.593 3
      vertex 26.6463 98.434 3
    endloop
  endfacet
  facet normal -0 0 1
    outer loop
      vertex 29.6812 99.8185 3
      vertex 31.1439 99.476 3
      vertex 31.1024 100.008 3
    endloop
  endfacet
  facet normal 0 0 1
    outer loop
      vertex 30.4509 100.63 3
      vertex 31.1024 100.008 3
      vertex 30.9779 100.363 3
    endloop
  endfacet
  facet normal 0 0 1
    outer loop
      vertex 31.1439 99.476 3
      vertex 29.6812 99.8185 3
      vertex 29.6599 99.438 3
    endloop
  endfacet
  facet normal 0 0 1
    outer loop
      vertex 30.4509 100.63 3
      vertex 30.9779 100.363 3
      vertex 30.7632 100.563 3
    endloop
  endfacet
  facet normal 0 -0 1
    outer loop
      vertex 29.7062 98.9297 3
      vertex 31.1022 98.9305 3
      vertex 29.6599 99.438 3
    endloop
  endfacet
  facet normal 0 0 1
    outer loop
      vertex 31.1024 100.008 3
      vertex 30.4509 100.63 3
      vertex 29.7449 100.12 3
    endloop
  endfacet
  facet normal 0 -0 1
    outer loop
      vertex 30.4449 98.298 3
      vertex 31.1022 98.9305 3
      vertex 29.7062 98.9297 3
    endloop
  endfacet
  facet normal 0 0 1
    outer loop
      vertex 29.7449 100.12 3
      vertex 30.4509 100.63 3
      vertex 30.1914 100.599 3
    endloop
  endfacet
  facet normal 0 0 1
    outer loop
      vertex 31.1022 98.9305 3
      vertex 30.4449 98.298 3
      vertex 30.9769 98.568 3
    endloop
  endfacet
  facet normal 0 0 1
    outer loop
      vertex 29.8504 100.348 3
      vertex 30.1914 100.599 3
      vertex 29.9949 100.506 3
    endloop
  endfacet
  facet normal 0 0 1
    outer loop
      vertex 30.1914 100.599 3
      vertex 29.8504 100.348 3
      vertex 29.7449 100.12 3
    endloop
  endfacet
  facet normal 0 0 1
    outer loop
      vertex 30.9769 98.568 3
      vertex 30.4449 98.298 3
      vertex 30.7604 98.3655 3
    endloop
  endfacet
  facet normal 0 0 1
    outer loop
      vertex 31.1024 100.008 3
      vertex 29.7449 100.12 3
      vertex 29.6812 99.8185 3
    endloop
  endfacet
  facet normal -0 -0 1
    outer loop
      vertex 29.8449 98.575 3
      vertex 30.4449 98.298 3
      vertex 29.7062 98.9297 3
    endloop
  endfacet
  facet normal 0 0 1
    outer loop
      vertex 31.1439 99.476 3
      vertex 29.6599 99.438 3
      vertex 31.1022 98.9305 3
    endloop
  endfacet
  facet normal 0 0 1
    outer loop
      vertex 30.4449 98.298 3
      vertex 29.8449 98.575 3
      vertex 30.0874 98.3672 3
    endloop
  endfacet
  facet normal -0 0 1
    outer loop
      vertex 50.0265 99.438 3
      vertex 50.5615 99.206 3
      vertex 50.5615 99.449 3
    endloop
  endfacet
  facet normal 0 0 1
    outer loop
      vertex 50.5615 99.206 3
      vertex 50.0265 99.438 3
      vertex 50.5313 98.982 3
    endloop
  endfacet
  facet normal 0 0 1
    outer loop
      vertex 50.5313 98.982 3
      vertex 50.0265 99.438 3
      vertex 50.4405 98.764 3
    endloop
  endfacet
  facet normal 0 0 1
    outer loop
      vertex 50.4405 98.764 3
      vertex 50.0265 99.438 3
      vertex 50.2975 98.572 3
    endloop
  endfacet
  facet normal -0 0 1
    outer loop
      vertex 49.7225 99.4177 3
      vertex 50.2975 98.572 3
      vertex 50.0265 99.438 3
    endloop
  endfacet
  facet normal 0 0 1
    outer loop
      vertex 50.2975 98.572 3
      vertex 49.7225 99.4177 3
      vertex 50.1105 98.426 3
    endloop
  endfacet
  facet normal 0 0 1
    outer loop
      vertex 50.1105 98.426 3
      vertex 49.7225 99.4177 3
      vertex 49.8863 98.3337 3
    endloop
  endfacet
  facet normal -0 0 1
    outer loop
      vertex 49.5025 99.367 3
      vertex 49.8863 98.3337 3
      vertex 49.7225 99.4177 3
    endloop
  endfacet
  facet normal 0 0 1
    outer loop
      vertex 49.8863 98.3337 3
      vertex 49.5025 99.367 3
      vertex 49.6315 98.303 3
    endloop
  endfacet
  facet normal -0 0 1
    outer loop
      vertex 49.1583 99.0065 3
      vertex 49.6315 98.303 3
      vertex 49.5025 99.367 3
    endloop
  endfacet
  facet normal 0 0 1
    outer loop
      vertex 49.1583 99.0065 3
      vertex 49.5025 99.367 3
      vertex 49.3453 99.2832 3
    endloop
  endfacet
  facet normal -0 -0 1
    outer loop
      vertex 49.1668 98.593 3
      vertex 49.6315 98.303 3
      vertex 49.1345 98.806 3
    endloop
  endfacet
  facet normal 0 0 1
    outer loop
      vertex 49.1583 99.0065 3
      vertex 49.3453 99.2832 3
      vertex 49.2295 99.164 3
    endloop
  endfacet
  facet normal 0 0 1
    outer loop
      vertex 49.6315 98.303 3
      vertex 49.1668 98.593 3
      vertex 49.42 98.3357 3
    endloop
  endfacet
  facet normal 0 0 1
    outer loop
      vertex 49.6315 98.303 3
      vertex 49.1583 99.0065 3
      vertex 49.1345 98.806 3
    endloop
  endfacet
  facet normal 0 0 1
    outer loop
      vertex 49.42 98.3357 3
      vertex 49.1668 98.593 3
      vertex 49.2635 98.434 3
    endloop
  endfacet
  facet normal -0 0 1
    outer loop
      vertex 60.9481 99.9982 3
      vertex 62.5013 99.475 3
      vertex 62.4561 100.005 3
    endloop
  endfacet
  facet normal 0 0 1
    outer loop
      vertex 61.7133 100.646 3
      vertex 62.4561 100.005 3
      vertex 62.3203 100.367 3
    endloop
  endfacet
  facet normal 0 -0 1
    outer loop
      vertex 60.9476 98.961 3
      vertex 62.5013 99.475 3
      vertex 60.9003 99.475 3
    endloop
  endfacet
  facet normal 0 0 1
    outer loop
      vertex 61.7133 100.646 3
      vertex 62.3203 100.367 3
      vertex 62.0781 100.576 3
    endloop
  endfacet
  facet normal 0 0 1
    outer loop
      vertex 62.5013 99.475 3
      vertex 60.9476 98.961 3
      vertex 62.4541 98.949 3
    endloop
  endfacet
  facet normal 0 0 1
    outer loop
      vertex 62.4561 100.005 3
      vertex 61.7133 100.646 3
      vertex 60.9481 99.9982 3
    endloop
  endfacet
  facet normal 0 -0 1
    outer loop
      vertex 61.6833 98.298 3
      vertex 62.4541 98.949 3
      vertex 60.9476 98.961 3
    endloop
  endfacet
  facet normal 0 0 1
    outer loop
      vertex 61.0913 100.362 3
      vertex 61.7133 100.646 3
      vertex 61.3428 100.575 3
    endloop
  endfacet
  facet normal 0 0 1
    outer loop
      vertex 62.4541 98.949 3
      vertex 61.6833 98.298 3
      vertex 62.3123 98.583 3
    endloop
  endfacet
  facet normal 0 0 1
    outer loop
      vertex 61.7133 100.646 3
      vertex 61.0913 100.362 3
      vertex 60.9481 99.9982 3
    endloop
  endfacet
  facet normal 0 0 1
    outer loop
      vertex 62.3123 98.583 3
      vertex 61.6833 98.298 3
      vertex 62.0606 98.3692 3
    endloop
  endfacet
  facet normal 0 0 1
    outer loop
      vertex 62.5013 99.475 3
      vertex 60.9481 99.9982 3
      vertex 60.9003 99.475 3
    endloop
  endfacet
  facet normal -0 -0 1
    outer loop
      vertex 61.0893 98.593 3
      vertex 61.6833 98.298 3
      vertex 60.9476 98.961 3
    endloop
  endfacet
  facet normal 0 0 1
    outer loop
      vertex 61.6833 98.298 3
      vertex 61.0893 98.593 3
      vertex 61.3323 98.3717 3
    endloop
  endfacet
  facet normal -0 0 1
    outer loop
      vertex 70.2977 99.9982 3
      vertex 71.851 99.475 3
      vertex 71.8057 100.005 3
    endloop
  endfacet
  facet normal 0 0 1
    outer loop
      vertex 71.0629 100.646 3
      vertex 71.8057 100.005 3
      vertex 71.67 100.367 3
    endloop
  endfacet
  facet normal 0 -0 1
    outer loop
      vertex 70.2972 98.961 3
      vertex 71.851 99.475 3
      vertex 70.2499 99.475 3
    endloop
  endfacet
  facet normal 0 0 1
    outer loop
      vertex 71.0629 100.646 3
      vertex 71.67 100.367 3
      vertex 71.4277 100.576 3
    endloop
  endfacet
  facet normal 0 0 1
    outer loop
      vertex 71.851 99.475 3
      vertex 70.2972 98.961 3
      vertex 71.8037 98.949 3
    endloop
  endfacet
  facet normal 0 0 1
    outer loop
      vertex 71.8057 100.005 3
      vertex 71.0629 100.646 3
      vertex 70.2977 99.9982 3
    endloop
  endfacet
  facet normal 0 -0 1
    outer loop
      vertex 71.0329 98.298 3
      vertex 71.8037 98.949 3
      vertex 70.2972 98.961 3
    endloop
  endfacet
  facet normal 0 0 1
    outer loop
      vertex 70.4409 100.362 3
      vertex 71.0629 100.646 3
      vertex 70.6924 100.575 3
    endloop
  endfacet
  facet normal 0 0 1
    outer loop
      vertex 71.8037 98.949 3
      vertex 71.0329 98.298 3
      vertex 71.6619 98.583 3
    endloop
  endfacet
  facet normal 0 0 1
    outer loop
      vertex 71.0629 100.646 3
      vertex 70.4409 100.362 3
      vertex 70.2977 99.9982 3
    endloop
  endfacet
  facet normal 0 0 1
    outer loop
      vertex 71.6619 98.583 3
      vertex 71.0329 98.298 3
      vertex 71.4102 98.3692 3
    endloop
  endfacet
  facet normal 0 0 1
    outer loop
      vertex 71.851 99.475 3
      vertex 70.2977 99.9982 3
      vertex 70.2499 99.475 3
    endloop
  endfacet
  facet normal -0 -0 1
    outer loop
      vertex 70.4389 98.593 3
      vertex 71.0329 98.298 3
      vertex 70.2972 98.961 3
    endloop
  endfacet
  facet normal 0 0 1
    outer loop
      vertex 71.0329 98.298 3
      vertex 70.4389 98.593 3
      vertex 70.6819 98.3717 3
    endloop
  endfacet
  facet normal 0 0 1
    outer loop
      vertex 76.7987 100.591 3
      vertex 77.1939 100.142 3
      vertex 77.0367 100.426 3
    endloop
  endfacet
  facet normal 0 0 1
    outer loop
      vertex 77.1939 100.142 3
      vertex 76.7987 100.591 3
      vertex 76.4747 100.646 3
    endloop
  endfacet
  facet normal 0 0 1
    outer loop
      vertex 77.1939 100.142 3
      vertex 76.4747 100.646 3
      vertex 75.7497 100.11 3
    endloop
  endfacet
  facet normal 0 0 1
    outer loop
      vertex 75.9097 100.401 3
      vertex 76.4747 100.646 3
      vertex 76.1549 100.585 3
    endloop
  endfacet
  facet normal 0 0 1
    outer loop
      vertex 76.4747 100.646 3
      vertex 75.9097 100.401 3
      vertex 75.7497 100.11 3
    endloop
  endfacet
  facet normal 0 0 1
    outer loop
      vertex 77.1939 100.142 3
      vertex 75.7497 100.11 3
      vertex 77.2737 99.728 3
    endloop
  endfacet
  facet normal 0 0 1
    outer loop
      vertex 77.2737 99.728 3
      vertex 75.7497 100.11 3
      vertex 75.6857 99.728 3
    endloop
  endfacet
  facet normal 0 0 1
    outer loop
      vertex 18.1716 5.43999 3
      vertex 19.4186 5.43999 3
      vertex 19.3829 5.98824 3
    endloop
  endfacet
  facet normal -0 0 1
    outer loop
      vertex 18.2084 5.99324 3
      vertex 19.3829 5.98824 3
      vertex 19.2756 6.36099 3
    endloop
  endfacet
  facet normal 0 0 1
    outer loop
      vertex 19.4186 5.43999 3
      vertex 18.1716 5.43999 3
      vertex 19.3809 4.90625 3
    endloop
  endfacet
  facet normal 0 0 1
    outer loop
      vertex 18.8036 6.64699 3
      vertex 19.2756 6.36099 3
      vertex 19.0861 6.57549 3
    endloop
  endfacet
  facet normal 0 -0 1
    outer loop
      vertex 18.2089 4.89874 3
      vertex 19.3809 4.90625 3
      vertex 18.1716 5.43999 3
    endloop
  endfacet
  facet normal 0 0 1
    outer loop
      vertex 19.2756 6.36099 3
      vertex 18.8036 6.64699 3
      vertex 18.3186 6.36499 3
    endloop
  endfacet
  facet normal 0 0 1
    outer loop
      vertex 19.3809 4.90625 3
      vertex 18.2089 4.89874 3
      vertex 19.2676 4.53099 3
    endloop
  endfacet
  facet normal 0 -0 1
    outer loop
      vertex 18.3206 4.52499 3
      vertex 19.2676 4.53099 3
      vertex 18.2089 4.89874 3
    endloop
  endfacet
  facet normal 0 0 1
    outer loop
      vertex 18.3186 6.36499 3
      vertex 18.8036 6.64699 3
      vertex 18.5134 6.57649 3
    endloop
  endfacet
  facet normal 0 -0 1
    outer loop
      vertex 18.7956 4.23499 3
      vertex 19.2676 4.53099 3
      vertex 18.3206 4.52499 3
    endloop
  endfacet
  facet normal 0 0 1
    outer loop
      vertex 19.2756 6.36099 3
      vertex 18.3186 6.36499 3
      vertex 18.2084 5.99324 3
    endloop
  endfacet
  facet normal 0 0 1
    outer loop
      vertex 19.2676 4.53099 3
      vertex 18.7956 4.23499 3
      vertex 19.0746 4.30899 3
    endloop
  endfacet
  facet normal 0 0 1
    outer loop
      vertex 19.3829 5.98824 3
      vertex 18.2084 5.99324 3
      vertex 18.1716 5.43999 3
    endloop
  endfacet
  facet normal 0 0 1
    outer loop
      vertex 18.7956 4.23499 3
      vertex 18.3206 4.52499 3
      vertex 18.5144 4.3075 3
    endloop
  endfacet
  facet normal 0 0 1
    outer loop
      vertex 27.3986 6.46899 3
      vertex 27.5576 6.13899 3
      vertex 27.5178 6.33699 3
    endloop
  endfacet
  facet normal 0 0 1
    outer loop
      vertex 27.2048 6.54399 3
      vertex 27.5576 6.13899 3
      vertex 27.3986 6.46899 3
    endloop
  endfacet
  facet normal 0 -0 1
    outer loop
      vertex 27.2111 5.69299 3
      vertex 27.5576 6.13899 3
      vertex 27.2048 6.54399 3
    endloop
  endfacet
  facet normal 0 0 1
    outer loop
      vertex 27.5576 6.13899 3
      vertex 27.2111 5.69299 3
      vertex 27.5191 5.92824 3
    endloop
  endfacet
  facet normal 0 0 1
    outer loop
      vertex 27.5191 5.92824 3
      vertex 27.2111 5.69299 3
      vertex 27.4036 5.78 3
    endloop
  endfacet
  facet normal 0 0 1
    outer loop
      vertex 26.9396 6.56898 3
      vertex 27.2111 5.69299 3
      vertex 27.2048 6.54399 3
    endloop
  endfacet
  facet normal 0 0 1
    outer loop
      vertex 26.9396 6.56898 3
      vertex 26.9396 5.66399 3
      vertex 27.2111 5.69299 3
    endloop
  endfacet
  facet normal -0 0 1
    outer loop
      vertex 26.2876 6.56898 3
      vertex 26.9396 5.66399 3
      vertex 26.9396 6.56898 3
    endloop
  endfacet
  facet normal 0 0 1
    outer loop
      vertex 26.9396 5.66399 3
      vertex 26.2876 6.56898 3
      vertex 26.2876 5.66399 3
    endloop
  endfacet
  facet normal 0 0 1
    outer loop
      vertex 27.3483 4.3445 3
      vertex 27.6808 4.61275 3
      vertex 27.7216 4.84599 3
    endloop
  endfacet
  facet normal 0 0 1
    outer loop
      vertex 27.3483 4.3445 3
      vertex 27.7216 4.84599 3
      vertex 27.5438 5.23224 3
    endloop
  endfacet
  facet normal 0 0 1
    outer loop
      vertex 27.6808 4.61275 3
      vertex 27.3483 4.3445 3
      vertex 27.5586 4.44499 3
    endloop
  endfacet
  facet normal 0 0 1
    outer loop
      vertex 27.0106 5.36099 3
      vertex 27.3483 4.3445 3
      vertex 27.5438 5.23224 3
    endloop
  endfacet
  facet normal 0 0 1
    outer loop
      vertex 27.3483 4.3445 3
      vertex 27.0106 5.36099 3
      vertex 27.0416 4.31099 3
    endloop
  endfacet
  facet normal 0 0 1
    outer loop
      vertex 26.2876 4.31099 3
      vertex 27.0106 5.36099 3
      vertex 26.2876 5.36099 3
    endloop
  endfacet
  facet normal 0 0 1
    outer loop
      vertex 27.0106 5.36099 3
      vertex 26.2876 4.31099 3
      vertex 27.0416 4.31099 3
    endloop
  endfacet
  facet normal 0 0 1
    outer loop
      vertex 30.4104 6.44099 3
      vertex 30.5805 6.06799 3
      vertex 30.5379 6.28374 3
    endloop
  endfacet
  facet normal 0 -0 1
    outer loop
      vertex 30.2104 5.571 3
      vertex 30.5805 6.06799 3
      vertex 30.2039 6.53699 3
    endloop
  endfacet
  facet normal 0 0 1
    outer loop
      vertex 30.5805 6.06799 3
      vertex 30.4104 6.44099 3
      vertex 30.2039 6.53699 3
    endloop
  endfacet
  facet normal 0 0 1
    outer loop
      vertex 30.5805 6.06799 3
      vertex 30.4125 5.67599 3
      vertex 30.5385 5.84399 3
    endloop
  endfacet
  facet normal 0 0 1
    outer loop
      vertex 30.5805 6.06799 3
      vertex 30.2104 5.571 3
      vertex 30.4125 5.67599 3
    endloop
  endfacet
  facet normal 0 0 1
    outer loop
      vertex 30.2039 6.53699 3
      vertex 29.9384 5.536 3
      vertex 30.2104 5.571 3
    endloop
  endfacet
  facet normal 0 0 1
    outer loop
      vertex 29.9225 6.56898 3
      vertex 29.9384 5.536 3
      vertex 30.2039 6.53699 3
    endloop
  endfacet
  facet normal 0 0 1
    outer loop
      vertex 29.0014 5.536 3
      vertex 29.9225 6.56898 3
      vertex 29.0014 6.56898 3
    endloop
  endfacet
  facet normal 0 0 1
    outer loop
      vertex 29.9225 6.56898 3
      vertex 29.0014 5.536 3
      vertex 29.9384 5.536 3
    endloop
  endfacet
  facet normal 0 0 1
    outer loop
      vertex 55.1269 9.43599 3
      vertex 57.8699 9.43599 3
      vertex 57.7804 10.0795 3
    endloop
  endfacet
  facet normal 0 -0 1
    outer loop
      vertex 55.2177 8.78474 3
      vertex 57.8699 9.43599 3
      vertex 55.1269 9.43599 3
    endloop
  endfacet
  facet normal 0 0 1
    outer loop
      vertex 56.5029 10.98 3
      vertex 57.7804 10.0795 3
      vertex 57.5119 10.568 3
    endloop
  endfacet
  facet normal 0 0 1
    outer loop
      vertex 57.8699 9.43599 3
      vertex 55.2177 8.78474 3
      vertex 57.7812 8.76724 3
    endloop
  endfacet
  facet normal 0 0 1
    outer loop
      vertex 56.5029 10.98 3
      vertex 57.5119 10.568 3
      vertex 57.0812 10.877 3
    endloop
  endfacet
  facet normal -0 0 1
    outer loop
      vertex 55.2167 10.0865 3
      vertex 57.7804 10.0795 3
      vertex 56.5029 10.98 3
    endloop
  endfacet
  facet normal 0 -0 1
    outer loop
      vertex 56.4969 7.85699 3
      vertex 57.7812 8.76724 3
      vertex 55.2177 8.78474 3
    endloop
  endfacet
  facet normal 0 -0 1
    outer loop
      vertex 57.0829 7.95999 3
      vertex 57.7812 8.76724 3
      vertex 56.4969 7.85699 3
    endloop
  endfacet
  facet normal 0 0 1
    outer loop
      vertex 55.2167 10.0865 3
      vertex 56.5029 10.98 3
      vertex 55.9197 10.8785 3
    endloop
  endfacet
  facet normal 0 0 1
    outer loop
      vertex 57.7812 8.76724 3
      vertex 57.0829 7.95999 3
      vertex 57.5149 8.269 3
    endloop
  endfacet
  facet normal 0 0 1
    outer loop
      vertex 55.2167 10.0865 3
      vertex 55.9197 10.8785 3
      vertex 55.4859 10.574 3
    endloop
  endfacet
  facet normal 0 0 1
    outer loop
      vertex 56.4969 7.85699 3
      vertex 55.2177 8.78474 3
      vertex 55.9232 7.96349 3
    endloop
  endfacet
  facet normal 0 0 1
    outer loop
      vertex 57.7804 10.0795 3
      vertex 55.2167 10.0865 3
      vertex 55.1269 9.43599 3
    endloop
  endfacet
  facet normal 0 0 1
    outer loop
      vertex 55.9232 7.96349 3
      vertex 55.2177 8.78474 3
      vertex 55.4899 8.28299 3
    endloop
  endfacet
  facet normal 0 0 1
    outer loop
      vertex 60.5626 10.924 3
      vertex 61.4546 10.186 3
      vertex 61.2316 10.7395 3
    endloop
  endfacet
  facet normal 0 0 1
    outer loop
      vertex 61.4546 10.186 3
      vertex 60.5846 9.42 3
      vertex 61.2371 9.6115 3
    endloop
  endfacet
  facet normal 0 0 1
    outer loop
      vertex 61.4546 10.186 3
      vertex 60.5626 10.924 3
      vertex 60.5846 9.42 3
    endloop
  endfacet
  facet normal 0 0 1
    outer loop
      vertex 59.5326 9.42 3
      vertex 60.5626 10.924 3
      vertex 59.5326 10.924 3
    endloop
  endfacet
  facet normal 0 0 1
    outer loop
      vertex 60.5626 10.924 3
      vertex 59.5326 9.42 3
      vertex 60.5846 9.42 3
    endloop
  endfacet
  facet normal 0 0 1
    outer loop
      vertex 65.463 10.794 3
      vertex 65.675 10.361 3
      vertex 65.622 10.6207 3
    endloop
  endfacet
  facet normal 0 0 1
    outer loop
      vertex 65.2035 10.8915 3
      vertex 65.675 10.361 3
      vertex 65.463 10.794 3
    endloop
  endfacet
  facet normal 0 -0 1
    outer loop
      vertex 65.2122 9.778 3
      vertex 65.675 10.361 3
      vertex 65.2035 10.8915 3
    endloop
  endfacet
  facet normal 0 0 1
    outer loop
      vertex 65.675 10.361 3
      vertex 65.2122 9.778 3
      vertex 65.6237 10.0857 3
    endloop
  endfacet
  facet normal 0 0 1
    outer loop
      vertex 65.6237 10.0857 3
      vertex 65.2122 9.778 3
      vertex 65.47 9.892 3
    endloop
  endfacet
  facet normal 0 0 1
    outer loop
      vertex 64.849 10.924 3
      vertex 65.2122 9.778 3
      vertex 65.2035 10.8915 3
    endloop
  endfacet
  facet normal 0 0 1
    outer loop
      vertex 64.849 10.924 3
      vertex 64.849 9.73999 3
      vertex 65.2122 9.778 3
    endloop
  endfacet
  facet normal -0 0 1
    outer loop
      vertex 63.976 10.924 3
      vertex 64.849 9.73999 3
      vertex 64.849 10.924 3
    endloop
  endfacet
  facet normal 0 0 1
    outer loop
      vertex 64.849 9.73999 3
      vertex 63.976 10.924 3
      vertex 63.976 9.73999 3
    endloop
  endfacet
  facet normal 0 0 1
    outer loop
      vertex 65.3952 7.96124 3
      vertex 65.8405 8.32349 3
      vertex 65.895 8.63899 3
    endloop
  endfacet
  facet normal 0 0 1
    outer loop
      vertex 65.3952 7.96124 3
      vertex 65.895 8.63899 3
      vertex 65.6572 9.161 3
    endloop
  endfacet
  facet normal 0 0 1
    outer loop
      vertex 65.8405 8.32349 3
      vertex 65.3952 7.96124 3
      vertex 65.677 8.09698 3
    endloop
  endfacet
  facet normal 0 0 1
    outer loop
      vertex 64.944 9.33499 3
      vertex 65.3952 7.96124 3
      vertex 65.6572 9.161 3
    endloop
  endfacet
  facet normal 0 0 1
    outer loop
      vertex 65.3952 7.96124 3
      vertex 64.944 9.33499 3
      vertex 64.984 7.91599 3
    endloop
  endfacet
  facet normal 0 0 1
    outer loop
      vertex 63.976 7.91599 3
      vertex 64.944 9.33499 3
      vertex 63.976 9.33499 3
    endloop
  endfacet
  facet normal 0 0 1
    outer loop
      vertex 64.944 9.33499 3
      vertex 63.976 7.91599 3
      vertex 64.984 7.91599 3
    endloop
  endfacet
  facet normal 0 0 1
    outer loop
      vertex 90.5944 10.745 3
      vertex 90.8214 10.226 3
      vertex 90.7647 10.5262 3
    endloop
  endfacet
  facet normal 0 -0 1
    outer loop
      vertex 90.3259 9.53275 3
      vertex 90.8214 10.226 3
      vertex 90.3174 10.8792 3
    endloop
  endfacet
  facet normal 0 0 1
    outer loop
      vertex 90.8214 10.226 3
      vertex 90.5944 10.745 3
      vertex 90.3174 10.8792 3
    endloop
  endfacet
  facet normal 0 0 1
    outer loop
      vertex 90.8214 10.226 3
      vertex 90.3259 9.53275 3
      vertex 90.7652 9.91324 3
    endloop
  endfacet
  facet normal 0 0 1
    outer loop
      vertex 90.7652 9.91324 3
      vertex 90.3259 9.53275 3
      vertex 90.5964 9.67899 3
    endloop
  endfacet
  facet normal 0 0 1
    outer loop
      vertex 90.3174 10.8792 3
      vertex 89.9624 9.48399 3
      vertex 90.3259 9.53275 3
    endloop
  endfacet
  facet normal 0 0 1
    outer loop
      vertex 89.9404 10.924 3
      vertex 89.9624 9.48399 3
      vertex 90.3174 10.8792 3
    endloop
  endfacet
  facet normal 0 0 1
    outer loop
      vertex 88.7084 9.48399 3
      vertex 89.9404 10.924 3
      vertex 88.7084 10.924 3
    endloop
  endfacet
  facet normal 0 0 1
    outer loop
      vertex 89.9404 10.924 3
      vertex 88.7084 9.48399 3
      vertex 89.9624 9.48399 3
    endloop
  endfacet
  facet normal 1 0 0
    outer loop
      vertex 105 105 3
      vertex 105 104.061 0
      vertex 105 105 0
    endloop
  endfacet
  facet normal 1 0 0
    outer loop
      vertex 105 104.061 0
      vertex 105 95.9391 0
      vertex 105 104.061 -3
    endloop
  endfacet
  facet normal 1 0 0
    outer loop
      vertex 105 105 3
      vertex 105 95.9391 0
      vertex 105 104.061 0
    endloop
  endfacet
  facet normal 1 0 0
    outer loop
      vertex 105 105 3
      vertex 105 9.06094 0
      vertex 105 95.9391 0
    endloop
  endfacet
  facet normal 1 0 0
    outer loop
      vertex 105 9.06094 0
      vertex 105 0.93906 0
      vertex 105 9.06094 -3
    endloop
  endfacet
  facet normal 1 -0 0
    outer loop
      vertex 105 0 3
      vertex 105 9.06094 0
      vertex 105 105 3
    endloop
  endfacet
  facet normal 1 0 0
    outer loop
      vertex 105 9.06094 0
      vertex 105 0 3
      vertex 105 0.93906 0
    endloop
  endfacet
  facet normal 1 0 0
    outer loop
      vertex 105 0.93906 0
      vertex 105 0 3
      vertex 105 0 0
    endloop
  endfacet
  facet normal 1 0 0
    outer loop
      vertex 105 104.061 -3
      vertex 105 95.9391 0
      vertex 105 95.9391 -3
    endloop
  endfacet
  facet normal 1 0 0
    outer loop
      vertex 105 9.06094 -3
      vertex 105 0.93906 0
      vertex 105 0.93906 -3
    endloop
  endfacet
  facet normal 0 1 -0
    outer loop
      vertex 9.12868 105 -3
      vertex 0.961052 105 0
      vertex 9.12868 105 0
    endloop
  endfacet
  facet normal 0 1 0
    outer loop
      vertex 0.961052 105 0
      vertex 9.12868 105 -3
      vertex 0.961052 105 -3
    endloop
  endfacet
  facet normal 0 1 -0
    outer loop
      vertex 104.129 105 -3
      vertex 95.9611 105 0
      vertex 104.129 105 0
    endloop
  endfacet
  facet normal 0 1 0
    outer loop
      vertex 95.9611 105 0
      vertex 104.129 105 -3
      vertex 95.9611 105 -3
    endloop
  endfacet
  facet normal 0 1 0
    outer loop
      vertex 104.129 105 0
      vertex 105 105 3
      vertex 105 105 0
    endloop
  endfacet
  facet normal 0 1 0
    outer loop
      vertex 95.9611 105 0
      vertex 105 105 3
      vertex 104.129 105 0
    endloop
  endfacet
  facet normal 0 1 0
    outer loop
      vertex 105 105 3
      vertex 95.9611 105 0
      vertex 0 105 3
    endloop
  endfacet
  facet normal 0 1 -0
    outer loop
      vertex 9.12868 105 0
      vertex 0 105 3
      vertex 95.9611 105 0
    endloop
  endfacet
  facet normal 0 1 -0
    outer loop
      vertex 0.961052 105 0
      vertex 0 105 3
      vertex 9.12868 105 0
    endloop
  endfacet
  facet normal 0 1 0
    outer loop
      vertex 0 105 3
      vertex 0.961052 105 0
      vertex 0 105 0
    endloop
  endfacet
  facet normal 0 0 -1
    outer loop
      vertex 0 0 0
      vertex 0.235163 0.578876 0
      vertex 0.961052 0 0
    endloop
  endfacet
  facet normal -0 0 -1
    outer loop
      vertex 0.235163 0.578876 0
      vertex 0 0 0
      vertex 0 0.923797 0
    endloop
  endfacet
  facet normal 0 0 -1
    outer loop
      vertex 105 104.061 0
      vertex 104.129 105 0
      vertex 105 105 0
    endloop
  endfacet
  facet normal 0 0 -1
    outer loop
      vertex 0.235163 104.421 0
      vertex 0 105 0
      vertex 0.961052 105 0
    endloop
  endfacet
  facet normal 0 0 -1
    outer loop
      vertex 0 105 0
      vertex 0.235163 104.421 0
      vertex 0 104.076 0
    endloop
  endfacet
  facet normal 0 0 -1
    outer loop
      vertex 105 0 0
      vertex 104.129 0 0
      vertex 105 0.93906 0
    endloop
  endfacet
  facet normal -0 0 -1
    outer loop
      vertex 53 17.5 0
      vertex 10.3706 8.66158 0
      vertex 12 36.5 0
    endloop
  endfacet
  facet normal 0 0 -1
    outer loop
      vertex 12 36.5 0
      vertex 11.2112 98.0841 0
      vertex 11.5 100 0
    endloop
  endfacet
  facet normal 0 0 -1
    outer loop
      vertex 9.05268 10.0819 0
      vertex 12 36.5 0
      vertex 10.3706 8.66158 0
    endloop
  endfacet
  facet normal 0 0 -1
    outer loop
      vertex 12 36.5 0
      vertex 10.3706 96.3384 0
      vertex 11.2112 98.0841 0
    endloop
  endfacet
  facet normal 0 0 -1
    outer loop
      vertex 7.37472 11.0507 0
      vertex 12 36.5 0
      vertex 9.05268 10.0819 0
    endloop
  endfacet
  facet normal 0 0 -1
    outer loop
      vertex 12 36.5 0
      vertex 9.05268 94.9181 0
      vertex 10.3706 96.3384 0
    endloop
  endfacet
  facet normal 0 0 -1
    outer loop
      vertex 5.48575 11.4818 0
      vertex 12 36.5 0
      vertex 7.37472 11.0507 0
    endloop
  endfacet
  facet normal 0 0 -1
    outer loop
      vertex 12 36.5 0
      vertex 7.37472 93.9493 0
      vertex 9.05268 94.9181 0
    endloop
  endfacet
  facet normal 0 0 -1
    outer loop
      vertex 3.55361 11.337 0
      vertex 12 36.5 0
      vertex 5.48575 11.4818 0
    endloop
  endfacet
  facet normal 0 0 -1
    outer loop
      vertex 12 36.5 0
      vertex 5.48575 93.5182 0
      vertex 7.37472 93.9493 0
    endloop
  endfacet
  facet normal 0 0 -1
    outer loop
      vertex 1.75 10.6292 0
      vertex 12 36.5 0
      vertex 3.55361 11.337 0
    endloop
  endfacet
  facet normal 0 0 -1
    outer loop
      vertex 12 36.5 0
      vertex 3.55361 93.663 0
      vertex 5.48575 93.5182 0
    endloop
  endfacet
  facet normal 0 0 -1
    outer loop
      vertex 0.235163 9.42112 0
      vertex 12 36.5 0
      vertex 1.75 10.6292 0
    endloop
  endfacet
  facet normal 0 0 -1
    outer loop
      vertex 12 36.5 0
      vertex 1.75 94.3708 0
      vertex 3.55361 93.663 0
    endloop
  endfacet
  facet normal 0 0 -1
    outer loop
      vertex 0.235163 95.5789 0
      vertex 12 36.5 0
      vertex 0.235163 9.42112 0
    endloop
  endfacet
  facet normal 0 0 -1
    outer loop
      vertex 12 36.5 0
      vertex 0.235163 95.5789 0
      vertex 1.75 94.3708 0
    endloop
  endfacet
  facet normal 0 0 -1
    outer loop
      vertex 0 9.0762 0
      vertex 0.235163 95.5789 0
      vertex 0.235163 9.42112 0
    endloop
  endfacet
  facet normal -0 0 -1
    outer loop
      vertex 0.235163 95.5789 0
      vertex 0 9.0762 0
      vertex 0 95.9238 0
    endloop
  endfacet
  facet normal 0 0 -1
    outer loop
      vertex 91.0111 20.8442 0
      vertex 91.5 36.5 0
      vertex 92.111 19.3303 0
    endloop
  endfacet
  facet normal 0 0 -1
    outer loop
      vertex 89.3906 21.7798 0
      vertex 91.5 36.5 0
      vertex 91.0111 20.8442 0
    endloop
  endfacet
  facet normal 0 0 -1
    outer loop
      vertex 87.5296 21.9753 0
      vertex 91.5 36.5 0
      vertex 89.3906 21.7798 0
    endloop
  endfacet
  facet normal 0 0 -1
    outer loop
      vertex 85.75 21.3971 0
      vertex 91.5 36.5 0
      vertex 87.5296 21.9753 0
    endloop
  endfacet
  facet normal 0 0 -1
    outer loop
      vertex 70.9635 18.9266 0
      vertex 85.75 21.3971 0
      vertex 84.3594 20.145 0
    endloop
  endfacet
  facet normal 0 0 -1
    outer loop
      vertex 72 17.5 0
      vertex 84.3594 20.145 0
      vertex 83.5983 18.4356 0
    endloop
  endfacet
  facet normal 0 0 -1
    outer loop
      vertex 84.3594 20.145 0
      vertex 72 17.5 0
      vertex 70.9635 18.9266 0
    endloop
  endfacet
  facet normal -0 0 -1
    outer loop
      vertex 85.75 21.3971 0
      vertex 70.9635 18.9266 0
      vertex 91.5 36.5 0
    endloop
  endfacet
  facet normal 0 0 -1
    outer loop
      vertex 57.2678 19.2678 0
      vertex 70.9635 18.9266 0
      vertex 69.2865 18.3817 0
    endloop
  endfacet
  facet normal 0 0 -1
    outer loop
      vertex 57.2678 19.2678 0
      vertex 69.2865 18.3817 0
      vertex 58 17.5 0
    endloop
  endfacet
  facet normal 0 0 -1
    outer loop
      vertex 70.9635 18.9266 0
      vertex 57.2678 19.2678 0
      vertex 55.5 20 0
    endloop
  endfacet
  facet normal 0 0 -1
    outer loop
      vertex 70.9635 18.9266 0
      vertex 55.5 20 0
      vertex 91.5 36.5 0
    endloop
  endfacet
  facet normal 0 0 -1
    outer loop
      vertex 12 36.5 0
      vertex 55.5 20 0
      vertex 53.7322 19.2678 0
    endloop
  endfacet
  facet normal 0 0 -1
    outer loop
      vertex 55.5 20 0
      vertex 12 36.5 0
      vertex 91.5 36.5 0
    endloop
  endfacet
  facet normal 0 0 -1
    outer loop
      vertex 12 36.5 0
      vertex 53.7322 19.2678 0
      vertex 53 17.5 0
    endloop
  endfacet
  facet normal 0 0 -1
    outer loop
      vertex 87.5296 13.0247 0
      vertex 93.5726 5.96877 0
      vertex 93.5726 4.03123 0
    endloop
  endfacet
  facet normal 0 0 -1
    outer loop
      vertex 93.5726 5.96877 0
      vertex 92.5 17.5 0
      vertex 93.5726 99.0312 0
    endloop
  endfacet
  facet normal 0 0 -1
    outer loop
      vertex 91.5 36.5 0
      vertex 93.5726 99.0312 0
      vertex 92.5 17.5 0
    endloop
  endfacet
  facet normal 0 0 -1
    outer loop
      vertex 93.5726 5.96877 0
      vertex 92.111 15.6697 0
      vertex 92.5 17.5 0
    endloop
  endfacet
  facet normal 0 0 -1
    outer loop
      vertex 93.5726 5.96877 0
      vertex 91.0111 14.1558 0
      vertex 92.111 15.6697 0
    endloop
  endfacet
  facet normal 0 0 -1
    outer loop
      vertex 93.5726 5.96877 0
      vertex 89.3906 13.2202 0
      vertex 91.0111 14.1558 0
    endloop
  endfacet
  facet normal 0 0 -1
    outer loop
      vertex 85.75 13.6029 0
      vertex 93.5726 4.03123 0
      vertex 94.1437 2.17976 0
    endloop
  endfacet
  facet normal 0 0 -1
    outer loop
      vertex 93.5726 5.96877 0
      vertex 87.5296 13.0247 0
      vertex 89.3906 13.2202 0
    endloop
  endfacet
  facet normal 0 0 -1
    outer loop
      vertex 93.5726 4.03123 0
      vertex 85.75 13.6029 0
      vertex 87.5296 13.0247 0
    endloop
  endfacet
  facet normal 0 0 -1
    outer loop
      vertex 70.9635 16.0734 0
      vertex 94.1437 2.17976 0
      vertex 95.2352 0.578876 0
    endloop
  endfacet
  facet normal 0 0 -1
    outer loop
      vertex 94.1437 2.17976 0
      vertex 70.9635 16.0734 0
      vertex 85.75 13.6029 0
    endloop
  endfacet
  facet normal 0 0 -1
    outer loop
      vertex 83.5983 16.5644 0
      vertex 72 17.5 0
      vertex 83.5983 18.4356 0
    endloop
  endfacet
  facet normal 0 0 -1
    outer loop
      vertex 84.3594 14.855 0
      vertex 72 17.5 0
      vertex 83.5983 16.5644 0
    endloop
  endfacet
  facet normal 0 0 -1
    outer loop
      vertex 85.75 13.6029 0
      vertex 70.9635 16.0734 0
      vertex 84.3594 14.855 0
    endloop
  endfacet
  facet normal 0 0 -1
    outer loop
      vertex 55.5 15 0
      vertex 95.2352 0.578876 0
      vertex 95.9611 0 0
    endloop
  endfacet
  facet normal 0 0 -1
    outer loop
      vertex 84.3594 14.855 0
      vertex 70.9635 16.0734 0
      vertex 72 17.5 0
    endloop
  endfacet
  facet normal 0 0 -1
    outer loop
      vertex 95.2352 0.578876 0
      vertex 55.5 15 0
      vertex 70.9635 16.0734 0
    endloop
  endfacet
  facet normal 0 0 -1
    outer loop
      vertex 69.2865 16.6183 0
      vertex 58 17.5 0
      vertex 69.2865 18.3817 0
    endloop
  endfacet
  facet normal 0 -0 -1
    outer loop
      vertex 57.2678 15.7322 0
      vertex 70.9635 16.0734 0
      vertex 55.5 15 0
    endloop
  endfacet
  facet normal -0 0 -1
    outer loop
      vertex 69.2865 16.6183 0
      vertex 57.2678 15.7322 0
      vertex 58 17.5 0
    endloop
  endfacet
  facet normal -0 0 -1
    outer loop
      vertex 70.9635 16.0734 0
      vertex 57.2678 15.7322 0
      vertex 69.2865 16.6183 0
    endloop
  endfacet
  facet normal 0 0 -1
    outer loop
      vertex 11.5 5 0
      vertex 53 17.5 0
      vertex 53.7322 15.7322 0
    endloop
  endfacet
  facet normal 0 0 -1
    outer loop
      vertex 10.3706 8.66158 0
      vertex 53 17.5 0
      vertex 11.2112 6.91591 0
    endloop
  endfacet
  facet normal 0 0 -1
    outer loop
      vertex 11.2112 6.91591 0
      vertex 53 17.5 0
      vertex 11.5 5 0
    endloop
  endfacet
  facet normal 0 0 -1
    outer loop
      vertex 10.3706 1.33842 0
      vertex 53.7322 15.7322 0
      vertex 55.5 15 0
    endloop
  endfacet
  facet normal 0 0 -1
    outer loop
      vertex 9.12868 0 0
      vertex 55.5 15 0
      vertex 95.9611 0 0
    endloop
  endfacet
  facet normal 0 0 -1
    outer loop
      vertex 53.7322 15.7322 0
      vertex 11.2112 3.08409 0
      vertex 11.5 5 0
    endloop
  endfacet
  facet normal 0 0 -1
    outer loop
      vertex 53.7322 15.7322 0
      vertex 10.3706 1.33842 0
      vertex 11.2112 3.08409 0
    endloop
  endfacet
  facet normal 0 0 -1
    outer loop
      vertex 55.5 15 0
      vertex 9.12868 0 0
      vertex 10.3706 1.33842 0
    endloop
  endfacet
  facet normal 0 0 -1
    outer loop
      vertex 104.053 10.0819 0
      vertex 105 95.9391 0
      vertex 105 9.06094 0
    endloop
  endfacet
  facet normal 0 0 -1
    outer loop
      vertex 104.053 10.0819 0
      vertex 104.053 94.9181 0
      vertex 105 95.9391 0
    endloop
  endfacet
  facet normal 0 0 -1
    outer loop
      vertex 102.375 11.0507 0
      vertex 104.053 94.9181 0
      vertex 104.053 10.0819 0
    endloop
  endfacet
  facet normal 0 0 -1
    outer loop
      vertex 102.375 11.0507 0
      vertex 102.375 93.9493 0
      vertex 104.053 94.9181 0
    endloop
  endfacet
  facet normal 0 0 -1
    outer loop
      vertex 100.486 11.4818 0
      vertex 102.375 93.9493 0
      vertex 102.375 11.0507 0
    endloop
  endfacet
  facet normal 0 0 -1
    outer loop
      vertex 100.486 11.4818 0
      vertex 100.486 93.5182 0
      vertex 102.375 93.9493 0
    endloop
  endfacet
  facet normal 0 0 -1
    outer loop
      vertex 98.5536 11.337 0
      vertex 100.486 93.5182 0
      vertex 100.486 11.4818 0
    endloop
  endfacet
  facet normal 0 0 -1
    outer loop
      vertex 98.5536 11.337 0
      vertex 98.5536 93.663 0
      vertex 100.486 93.5182 0
    endloop
  endfacet
  facet normal 0 0 -1
    outer loop
      vertex 96.75 10.6292 0
      vertex 98.5536 93.663 0
      vertex 98.5536 11.337 0
    endloop
  endfacet
  facet normal 0 0 -1
    outer loop
      vertex 96.75 10.6292 0
      vertex 96.75 94.3708 0
      vertex 98.5536 93.663 0
    endloop
  endfacet
  facet normal 0 0 -1
    outer loop
      vertex 95.2352 9.42112 0
      vertex 96.75 94.3708 0
      vertex 96.75 10.6292 0
    endloop
  endfacet
  facet normal 0 0 -1
    outer loop
      vertex 95.2352 9.42112 0
      vertex 95.2352 95.5789 0
      vertex 96.75 94.3708 0
    endloop
  endfacet
  facet normal 0 0 -1
    outer loop
      vertex 94.1437 7.82024 0
      vertex 95.2352 95.5789 0
      vertex 95.2352 9.42112 0
    endloop
  endfacet
  facet normal 0 0 -1
    outer loop
      vertex 94.1437 7.82024 0
      vertex 94.1437 97.1798 0
      vertex 95.2352 95.5789 0
    endloop
  endfacet
  facet normal 0 0 -1
    outer loop
      vertex 93.5726 5.96877 0
      vertex 94.1437 97.1798 0
      vertex 94.1437 7.82024 0
    endloop
  endfacet
  facet normal -0 0 -1
    outer loop
      vertex 94.1437 97.1798 0
      vertex 93.5726 5.96877 0
      vertex 93.5726 99.0312 0
    endloop
  endfacet
  facet normal 0 0 -1
    outer loop
      vertex 91.5 36.5 0
      vertex 92.5 17.5 0
      vertex 92.111 19.3303 0
    endloop
  endfacet
  facet normal 0 0 -1
    outer loop
      vertex 91.5 88.5 0
      vertex 93.5726 99.0312 0
      vertex 91.5 36.5 0
    endloop
  endfacet
  facet normal -0 0 -1
    outer loop
      vertex 93.5726 99.0312 0
      vertex 91.5 88.5 0
      vertex 93.5726 100.969 0
    endloop
  endfacet
  facet normal 0 0 -1
    outer loop
      vertex 11.5 100 0
      vertex 91.5 88.5 0
      vertex 12 88.5 0
    endloop
  endfacet
  facet normal 0 0 -1
    outer loop
      vertex 91.5 88.5 0
      vertex 11.5 100 0
      vertex 93.5726 100.969 0
    endloop
  endfacet
  facet normal 0 0 -1
    outer loop
      vertex 11.2112 101.916 0
      vertex 93.5726 100.969 0
      vertex 11.5 100 0
    endloop
  endfacet
  facet normal 0 0 -1
    outer loop
      vertex 93.5726 100.969 0
      vertex 11.2112 101.916 0
      vertex 94.1437 102.82 0
    endloop
  endfacet
  facet normal 0 0 -1
    outer loop
      vertex 12 36.5 0
      vertex 11.5 100 0
      vertex 12 88.5 0
    endloop
  endfacet
  facet normal 0 0 -1
    outer loop
      vertex 10.3706 103.662 0
      vertex 94.1437 102.82 0
      vertex 11.2112 101.916 0
    endloop
  endfacet
  facet normal 0 0 -1
    outer loop
      vertex 94.1437 102.82 0
      vertex 10.3706 103.662 0
      vertex 95.2352 104.421 0
    endloop
  endfacet
  facet normal 0 0 -1
    outer loop
      vertex 9.12868 105 0
      vertex 95.2352 104.421 0
      vertex 10.3706 103.662 0
    endloop
  endfacet
  facet normal 0 0 -1
    outer loop
      vertex 95.2352 104.421 0
      vertex 9.12868 105 0
      vertex 95.9611 105 0
    endloop
  endfacet
  facet normal 0 -1 0
    outer loop
      vertex 95.9611 0 -3
      vertex 104.129 0 0
      vertex 95.9611 0 0
    endloop
  endfacet
  facet normal 0 -1 -0
    outer loop
      vertex 104.129 0 0
      vertex 95.9611 0 -3
      vertex 104.129 0 -3
    endloop
  endfacet
  facet normal 0 -1 0
    outer loop
      vertex 0.961052 0 -3
      vertex 9.12868 0 0
      vertex 0.961052 0 0
    endloop
  endfacet
  facet normal 0 -1 -0
    outer loop
      vertex 9.12868 0 0
      vertex 0.961052 0 -3
      vertex 9.12868 0 -3
    endloop
  endfacet
  facet normal 0 -1 0
    outer loop
      vertex 0.961052 0 0
      vertex 0 0 3
      vertex 0 0 0
    endloop
  endfacet
  facet normal 0 -1 0
    outer loop
      vertex 9.12868 0 0
      vertex 0 0 3
      vertex 0.961052 0 0
    endloop
  endfacet
  facet normal 0 -1 0
    outer loop
      vertex 0 0 3
      vertex 9.12868 0 0
      vertex 105 0 3
    endloop
  endfacet
  facet normal 0 -1 0
    outer loop
      vertex 95.9611 0 0
      vertex 105 0 3
      vertex 9.12868 0 0
    endloop
  endfacet
  facet normal 0 -1 0
    outer loop
      vertex 104.129 0 0
      vertex 105 0 3
      vertex 95.9611 0 0
    endloop
  endfacet
  facet normal 0 -1 -0
    outer loop
      vertex 105 0 3
      vertex 104.129 0 0
      vertex 105 0 0
    endloop
  endfacet
  facet normal -1 0 0
    outer loop
      vertex 93.5726 99.0312 -3
      vertex 93.5726 100.969 0
      vertex 93.5726 100.969 -3
    endloop
  endfacet
  facet normal -1 -0 0
    outer loop
      vertex 93.5726 100.969 0
      vertex 93.5726 99.0312 -3
      vertex 93.5726 99.0312 0
    endloop
  endfacet
  facet normal 0.222495 -0.974934 0
    outer loop
      vertex 100.486 93.5182 -3
      vertex 102.375 93.9493 0
      vertex 100.486 93.5182 0
    endloop
  endfacet
  facet normal 0.222495 -0.974934 0
    outer loop
      vertex 102.375 93.9493 0
      vertex 100.486 93.5182 -3
      vertex 102.375 93.9493 -3
    endloop
  endfacet
  facet normal 0.733155 0.680062 0
    outer loop
      vertex 105 104.061 0
      vertex 104.129 105 -3
      vertex 104.129 105 0
    endloop
  endfacet
  facet normal 0.733155 0.680062 0
    outer loop
      vertex 104.129 105 -3
      vertex 105 104.061 0
      vertex 105 104.061 -3
    endloop
  endfacet
  facet normal -0.826249 0.563305 0
    outer loop
      vertex 94.1437 102.82 -3
      vertex 95.2352 104.421 0
      vertex 95.2352 104.421 -3
    endloop
  endfacet
  facet normal -0.826249 0.563305 0
    outer loop
      vertex 95.2352 104.421 0
      vertex 94.1437 102.82 -3
      vertex 94.1437 102.82 0
    endloop
  endfacet
  facet normal -0.955552 0.294822 0
    outer loop
      vertex 93.5726 100.969 -3
      vertex 94.1437 102.82 0
      vertex 94.1437 102.82 -3
    endloop
  endfacet
  facet normal -0.955552 0.294822 0
    outer loop
      vertex 94.1437 102.82 0
      vertex 93.5726 100.969 -3
      vertex 93.5726 100.969 0
    endloop
  endfacet
  facet normal -0.623565 0.781772 0
    outer loop
      vertex 95.9611 105 -3
      vertex 95.2352 104.421 0
      vertex 95.9611 105 0
    endloop
  endfacet
  facet normal -0.623565 0.781772 0
    outer loop
      vertex 95.2352 104.421 0
      vertex 95.9611 105 -3
      vertex 95.2352 104.421 -3
    endloop
  endfacet
  facet normal 0 0 -1
    outer loop
      vertex 105 95.9391 -3
      vertex 100.875 98.4845 -3
      vertex 101.75 100 -3
    endloop
  endfacet
  facet normal 0 0 -1
    outer loop
      vertex 100.486 93.5182 -3
      vertex 100.875 98.4845 -3
      vertex 102.375 93.9493 -3
    endloop
  endfacet
  facet normal 0 0 -1
    outer loop
      vertex 100.486 93.5182 -3
      vertex 99.125 98.4845 -3
      vertex 100.875 98.4845 -3
    endloop
  endfacet
  facet normal 0 0 -1
    outer loop
      vertex 98.5536 93.663 -3
      vertex 99.125 98.4845 -3
      vertex 100.486 93.5182 -3
    endloop
  endfacet
  facet normal 0 0 -1
    outer loop
      vertex 96.75 94.3708 -3
      vertex 99.125 98.4845 -3
      vertex 98.5536 93.663 -3
    endloop
  endfacet
  facet normal 0 0 -1
    outer loop
      vertex 95.2352 95.5789 -3
      vertex 99.125 98.4845 -3
      vertex 96.75 94.3708 -3
    endloop
  endfacet
  facet normal 0 0 -1
    outer loop
      vertex 101.75 100 -3
      vertex 105 104.061 -3
      vertex 105 95.9391 -3
    endloop
  endfacet
  facet normal 0 0 -1
    outer loop
      vertex 100.875 98.4845 -3
      vertex 105 95.9391 -3
      vertex 104.053 94.9181 -3
    endloop
  endfacet
  facet normal 0 0 -1
    outer loop
      vertex 100.875 98.4845 -3
      vertex 104.053 94.9181 -3
      vertex 102.375 93.9493 -3
    endloop
  endfacet
  facet normal 0 0 -1
    outer loop
      vertex 100.875 101.516 -3
      vertex 105 104.061 -3
      vertex 101.75 100 -3
    endloop
  endfacet
  facet normal -0 0 -1
    outer loop
      vertex 105 104.061 -3
      vertex 100.875 101.516 -3
      vertex 104.129 105 -3
    endloop
  endfacet
  facet normal 0 0 -1
    outer loop
      vertex 95.9611 105 -3
      vertex 100.875 101.516 -3
      vertex 99.125 101.516 -3
    endloop
  endfacet
  facet normal 0 0 -1
    outer loop
      vertex 100.875 101.516 -3
      vertex 95.9611 105 -3
      vertex 104.129 105 -3
    endloop
  endfacet
  facet normal 0 0 -1
    outer loop
      vertex 94.1437 102.82 -3
      vertex 99.125 101.516 -3
      vertex 98.25 100 -3
    endloop
  endfacet
  facet normal 0 0 -1
    outer loop
      vertex 94.1437 97.1798 -3
      vertex 99.125 98.4845 -3
      vertex 95.2352 95.5789 -3
    endloop
  endfacet
  facet normal -0 0 -1
    outer loop
      vertex 99.125 98.4845 -3
      vertex 94.1437 97.1798 -3
      vertex 98.25 100 -3
    endloop
  endfacet
  facet normal 0 0 -1
    outer loop
      vertex 93.5726 99.0312 -3
      vertex 98.25 100 -3
      vertex 94.1437 97.1798 -3
    endloop
  endfacet
  facet normal 0 0 -1
    outer loop
      vertex 93.5726 100.969 -3
      vertex 98.25 100 -3
      vertex 93.5726 99.0312 -3
    endloop
  endfacet
  facet normal 0 0 -1
    outer loop
      vertex 99.125 101.516 -3
      vertex 95.2352 104.421 -3
      vertex 95.9611 105 -3
    endloop
  endfacet
  facet normal 0 -0 -1
    outer loop
      vertex 94.1437 102.82 -3
      vertex 98.25 100 -3
      vertex 93.5726 100.969 -3
    endloop
  endfacet
  facet normal 0 0 -1
    outer loop
      vertex 99.125 101.516 -3
      vertex 94.1437 102.82 -3
      vertex 95.2352 104.421 -3
    endloop
  endfacet
  facet normal 0.500002 -0.866024 0
    outer loop
      vertex 102.375 93.9493 -3
      vertex 104.053 94.9181 0
      vertex 102.375 93.9493 0
    endloop
  endfacet
  facet normal 0.500002 -0.866024 0
    outer loop
      vertex 104.053 94.9181 0
      vertex 102.375 93.9493 -3
      vertex 104.053 94.9181 -3
    endloop
  endfacet
  facet normal 0.733177 -0.680038 0
    outer loop
      vertex 104.053 94.9181 0
      vertex 105 95.9391 -3
      vertex 105 95.9391 0
    endloop
  endfacet
  facet normal 0.733177 -0.680038 0
    outer loop
      vertex 105 95.9391 -3
      vertex 104.053 94.9181 0
      vertex 104.053 94.9181 -3
    endloop
  endfacet
  facet normal -0.826233 -0.563329 0
    outer loop
      vertex 95.2352 95.5789 -3
      vertex 94.1437 97.1798 0
      vertex 94.1437 97.1798 -3
    endloop
  endfacet
  facet normal -0.826233 -0.563329 0
    outer loop
      vertex 94.1437 97.1798 0
      vertex 95.2352 95.5789 -3
      vertex 95.2352 95.5789 0
    endloop
  endfacet
  facet normal -0.95557 -0.294764 0
    outer loop
      vertex 94.1437 97.1798 -3
      vertex 93.5726 99.0312 0
      vertex 93.5726 99.0312 -3
    endloop
  endfacet
  facet normal -0.95557 -0.294764 0
    outer loop
      vertex 93.5726 99.0312 0
      vertex 94.1437 97.1798 -3
      vertex 94.1437 97.1798 0
    endloop
  endfacet
  facet normal -0.0747232 -0.997204 0
    outer loop
      vertex 98.5536 93.663 -3
      vertex 100.486 93.5182 0
      vertex 98.5536 93.663 0
    endloop
  endfacet
  facet normal -0.0747232 -0.997204 -0
    outer loop
      vertex 100.486 93.5182 0
      vertex 98.5536 93.663 -3
      vertex 100.486 93.5182 -3
    endloop
  endfacet
  facet normal -0.623517 -0.78181 0
    outer loop
      vertex 95.2352 95.5789 -3
      vertex 96.75 94.3708 0
      vertex 95.2352 95.5789 0
    endloop
  endfacet
  facet normal -0.623517 -0.78181 -0
    outer loop
      vertex 96.75 94.3708 0
      vertex 95.2352 95.5789 -3
      vertex 96.75 94.3708 -3
    endloop
  endfacet
  facet normal -0.365314 -0.930884 0
    outer loop
      vertex 96.75 94.3708 -3
      vertex 98.5536 93.663 0
      vertex 96.75 94.3708 0
    endloop
  endfacet
  facet normal -0.365314 -0.930884 -0
    outer loop
      vertex 98.5536 93.663 0
      vertex 96.75 94.3708 -3
      vertex 98.5536 93.663 -3
    endloop
  endfacet
  facet normal 0.98883 0.149047 0
    outer loop
      vertex 11.5 100 0
      vertex 11.2112 101.916 -3
      vertex 11.2112 101.916 0
    endloop
  endfacet
  facet normal 0.98883 0.149047 0
    outer loop
      vertex 11.2112 101.916 -3
      vertex 11.5 100 0
      vertex 11.5 100 -3
    endloop
  endfacet
  facet normal 0.222499 -0.974933 0
    outer loop
      vertex 5.48575 93.5182 -3
      vertex 7.37472 93.9493 0
      vertex 5.48575 93.5182 0
    endloop
  endfacet
  facet normal 0.222499 -0.974933 0
    outer loop
      vertex 7.37472 93.9493 0
      vertex 5.48575 93.5182 -3
      vertex 7.37472 93.9493 -3
    endloop
  endfacet
  facet normal 0.900986 -0.433848 0
    outer loop
      vertex 10.3706 96.3384 0
      vertex 11.2112 98.0841 -3
      vertex 11.2112 98.0841 0
    endloop
  endfacet
  facet normal 0.900986 -0.433848 0
    outer loop
      vertex 11.2112 98.0841 -3
      vertex 10.3706 96.3384 0
      vertex 10.3706 96.3384 -3
    endloop
  endfacet
  facet normal 0.732932 0.680301 0
    outer loop
      vertex 10.3706 103.662 0
      vertex 9.12868 105 -3
      vertex 9.12868 105 0
    endloop
  endfacet
  facet normal 0.732932 0.680301 0
    outer loop
      vertex 9.12868 105 -3
      vertex 10.3706 103.662 0
      vertex 10.3706 103.662 -3
    endloop
  endfacet
  facet normal 0.901015 0.433788 0
    outer loop
      vertex 11.2112 101.916 0
      vertex 10.3706 103.662 -3
      vertex 10.3706 103.662 0
    endloop
  endfacet
  facet normal 0.901015 0.433788 0
    outer loop
      vertex 10.3706 103.662 -3
      vertex 11.2112 101.916 0
      vertex 11.2112 101.916 -3
    endloop
  endfacet
  facet normal -0.623571 0.781767 0
    outer loop
      vertex 0.961052 105 -3
      vertex 0.235163 104.421 0
      vertex 0.961052 105 0
    endloop
  endfacet
  facet normal -0.623571 0.781767 0
    outer loop
      vertex 0.235163 104.421 0
      vertex 0.961052 105 -3
      vertex 0.235163 104.421 -3
    endloop
  endfacet
  facet normal -0.826299 0.563232 0
    outer loop
      vertex 0 104.076 -3
      vertex 0.235163 104.421 0
      vertex 0.235163 104.421 -3
    endloop
  endfacet
  facet normal -0.826299 0.563232 0
    outer loop
      vertex 0.235163 104.421 0
      vertex 0 104.076 -3
      vertex 0 104.076 0
    endloop
  endfacet
  facet normal 0.988829 -0.149055 0
    outer loop
      vertex 11.2112 98.0841 0
      vertex 11.5 100 -3
      vertex 11.5 100 0
    endloop
  endfacet
  facet normal 0.988829 -0.149055 0
    outer loop
      vertex 11.5 100 -3
      vertex 11.2112 98.0841 0
      vertex 11.2112 98.0841 -3
    endloop
  endfacet
  facet normal -0.623508 -0.781817 0
    outer loop
      vertex 0.235163 95.5789 -3
      vertex 1.75 94.3708 0
      vertex 0.235163 95.5789 0
    endloop
  endfacet
  facet normal -0.623508 -0.781817 -0
    outer loop
      vertex 1.75 94.3708 0
      vertex 0.235163 95.5789 -3
      vertex 1.75 94.3708 -3
    endloop
  endfacet
  facet normal 0.500011 -0.866019 0
    outer loop
      vertex 7.37472 93.9493 -3
      vertex 9.05268 94.9181 0
      vertex 7.37472 93.9493 0
    endloop
  endfacet
  facet normal 0.500011 -0.866019 0
    outer loop
      vertex 9.05268 94.9181 0
      vertex 7.37472 93.9493 -3
      vertex 9.05268 94.9181 -3
    endloop
  endfacet
  facet normal 0.733033 -0.680193 0
    outer loop
      vertex 9.05268 94.9181 0
      vertex 10.3706 96.3384 -3
      vertex 10.3706 96.3384 0
    endloop
  endfacet
  facet normal 0.733033 -0.680193 0
    outer loop
      vertex 10.3706 96.3384 -3
      vertex 9.05268 94.9181 0
      vertex 9.05268 94.9181 -3
    endloop
  endfacet
  facet normal 0 0 -1
    outer loop
      vertex 10.3706 96.3384 -3
      vertex 5.875 98.4845 -3
      vertex 6.75 100 -3
    endloop
  endfacet
  facet normal 0 0 -1
    outer loop
      vertex 5.48575 93.5182 -3
      vertex 5.875 98.4845 -3
      vertex 7.37472 93.9493 -3
    endloop
  endfacet
  facet normal 0 0 -1
    outer loop
      vertex 5.48575 93.5182 -3
      vertex 4.125 98.4845 -3
      vertex 5.875 98.4845 -3
    endloop
  endfacet
  facet normal 0 0 -1
    outer loop
      vertex 3.55361 93.663 -3
      vertex 4.125 98.4845 -3
      vertex 5.48575 93.5182 -3
    endloop
  endfacet
  facet normal 0 0 -1
    outer loop
      vertex 1.75 94.3708 -3
      vertex 4.125 98.4845 -3
      vertex 3.55361 93.663 -3
    endloop
  endfacet
  facet normal 0 0 -1
    outer loop
      vertex 0.235163 95.5789 -3
      vertex 4.125 98.4845 -3
      vertex 1.75 94.3708 -3
    endloop
  endfacet
  facet normal 0 0 -1
    outer loop
      vertex 6.75 100 -3
      vertex 11.5 100 -3
      vertex 11.2112 98.0841 -3
    endloop
  endfacet
  facet normal 0 0 -1
    outer loop
      vertex 6.75 100 -3
      vertex 11.2112 98.0841 -3
      vertex 10.3706 96.3384 -3
    endloop
  endfacet
  facet normal 0 0 -1
    outer loop
      vertex 11.5 100 -3
      vertex 6.75 100 -3
      vertex 11.2112 101.916 -3
    endloop
  endfacet
  facet normal -0 0 -1
    outer loop
      vertex 11.2112 101.916 -3
      vertex 6.75 100 -3
      vertex 10.3706 103.662 -3
    endloop
  endfacet
  facet normal 0 0 -1
    outer loop
      vertex 5.875 98.4845 -3
      vertex 10.3706 96.3384 -3
      vertex 9.05268 94.9181 -3
    endloop
  endfacet
  facet normal 0 0 -1
    outer loop
      vertex 5.875 98.4845 -3
      vertex 9.05268 94.9181 -3
      vertex 7.37472 93.9493 -3
    endloop
  endfacet
  facet normal 0 0 -1
    outer loop
      vertex 5.875 101.516 -3
      vertex 10.3706 103.662 -3
      vertex 6.75 100 -3
    endloop
  endfacet
  facet normal -0 0 -1
    outer loop
      vertex 10.3706 103.662 -3
      vertex 5.875 101.516 -3
      vertex 9.12868 105 -3
    endloop
  endfacet
  facet normal 0 0 -1
    outer loop
      vertex 0.961052 105 -3
      vertex 5.875 101.516 -3
      vertex 4.125 101.516 -3
    endloop
  endfacet
  facet normal 0 0 -1
    outer loop
      vertex 5.875 101.516 -3
      vertex 0.961052 105 -3
      vertex 9.12868 105 -3
    endloop
  endfacet
  facet normal 0 0 -1
    outer loop
      vertex 0 104.076 -3
      vertex 4.125 101.516 -3
      vertex 3.25 100 -3
    endloop
  endfacet
  facet normal 0 0 -1
    outer loop
      vertex 0 95.9238 -3
      vertex 4.125 98.4845 -3
      vertex 0.235163 95.5789 -3
    endloop
  endfacet
  facet normal -0 0 -1
    outer loop
      vertex 4.125 98.4845 -3
      vertex 0 95.9238 -3
      vertex 3.25 100 -3
    endloop
  endfacet
  facet normal 0 0 -1
    outer loop
      vertex 0 104.076 -3
      vertex 3.25 100 -3
      vertex 0 95.9238 -3
    endloop
  endfacet
  facet normal 0 0 -1
    outer loop
      vertex 4.125 101.516 -3
      vertex 0 104.076 -3
      vertex 0.961052 105 -3
    endloop
  endfacet
  facet normal 0 0 -1
    outer loop
      vertex 0.961052 105 -3
      vertex 0 104.076 -3
      vertex 0.235163 104.421 -3
    endloop
  endfacet
  facet normal -0.0747332 -0.997204 0
    outer loop
      vertex 3.55361 93.663 -3
      vertex 5.48575 93.5182 0
      vertex 3.55361 93.663 0
    endloop
  endfacet
  facet normal -0.0747332 -0.997204 -0
    outer loop
      vertex 5.48575 93.5182 0
      vertex 3.55361 93.663 -3
      vertex 5.48575 93.5182 -3
    endloop
  endfacet
  facet normal -0.826223 -0.563343 0
    outer loop
      vertex 0.235163 95.5789 -3
      vertex 0 95.9238 0
      vertex 0 95.9238 -3
    endloop
  endfacet
  facet normal -0.826223 -0.563343 0
    outer loop
      vertex 0 95.9238 0
      vertex 0.235163 95.5789 -3
      vertex 0.235163 95.5789 0
    endloop
  endfacet
  facet normal -0.365312 -0.930885 0
    outer loop
      vertex 1.75 94.3708 -3
      vertex 3.55361 93.663 0
      vertex 1.75 94.3708 0
    endloop
  endfacet
  facet normal -0.365312 -0.930885 -0
    outer loop
      vertex 3.55361 93.663 0
      vertex 1.75 94.3708 -3
      vertex 3.55361 93.663 -3
    endloop
  endfacet
  facet normal -1 0 0
    outer loop
      vertex 93.5726 4.03123 -3
      vertex 93.5726 5.96877 0
      vertex 93.5726 5.96877 -3
    endloop
  endfacet
  facet normal -1 -0 0
    outer loop
      vertex 93.5726 5.96877 0
      vertex 93.5726 4.03123 -3
      vertex 93.5726 4.03123 0
    endloop
  endfacet
  facet normal -0.0747232 0.997204 0
    outer loop
      vertex 100.486 11.4818 -3
      vertex 98.5536 11.337 0
      vertex 100.486 11.4818 0
    endloop
  endfacet
  facet normal -0.0747232 0.997204 0
    outer loop
      vertex 98.5536 11.337 0
      vertex 100.486 11.4818 -3
      vertex 98.5536 11.337 -3
    endloop
  endfacet
  facet normal 0.733164 0.680052 0
    outer loop
      vertex 105 9.06094 0
      vertex 104.053 10.0819 -3
      vertex 104.053 10.0819 0
    endloop
  endfacet
  facet normal 0.733164 0.680052 0
    outer loop
      vertex 104.053 10.0819 -3
      vertex 105 9.06094 0
      vertex 105 9.06094 -3
    endloop
  endfacet
  facet normal 0.500002 0.866024 -0
    outer loop
      vertex 104.053 10.0819 -3
      vertex 102.375 11.0507 0
      vertex 104.053 10.0819 0
    endloop
  endfacet
  facet normal 0.500002 0.866024 0
    outer loop
      vertex 102.375 11.0507 0
      vertex 104.053 10.0819 -3
      vertex 102.375 11.0507 -3
    endloop
  endfacet
  facet normal -0.82623 0.563334 0
    outer loop
      vertex 94.1437 7.82024 -3
      vertex 95.2352 9.42112 0
      vertex 95.2352 9.42112 -3
    endloop
  endfacet
  facet normal -0.82623 0.563334 0
    outer loop
      vertex 95.2352 9.42112 0
      vertex 94.1437 7.82024 -3
      vertex 94.1437 7.82024 0
    endloop
  endfacet
  facet normal -0.955573 0.294754 0
    outer loop
      vertex 93.5726 5.96877 -3
      vertex 94.1437 7.82024 0
      vertex 94.1437 7.82024 -3
    endloop
  endfacet
  facet normal -0.955573 0.294754 0
    outer loop
      vertex 94.1437 7.82024 0
      vertex 93.5726 5.96877 -3
      vertex 93.5726 5.96877 0
    endloop
  endfacet
  facet normal -0.623511 0.781815 0
    outer loop
      vertex 96.75 10.6292 -3
      vertex 95.2352 9.42112 0
      vertex 96.75 10.6292 0
    endloop
  endfacet
  facet normal -0.623511 0.781815 0
    outer loop
      vertex 95.2352 9.42112 0
      vertex 96.75 10.6292 -3
      vertex 95.2352 9.42112 -3
    endloop
  endfacet
  facet normal 0 0 -1
    outer loop
      vertex 100.875 3.48446 -3
      vertex 105 0.93906 -3
      vertex 104.129 0 -3
    endloop
  endfacet
  facet normal 0 0 -1
    outer loop
      vertex 105 0.93906 -3
      vertex 101.75 5 -3
      vertex 105 9.06094 -3
    endloop
  endfacet
  facet normal 0 0 -1
    outer loop
      vertex 100.875 6.51554 -3
      vertex 105 9.06094 -3
      vertex 101.75 5 -3
    endloop
  endfacet
  facet normal -0 0 -1
    outer loop
      vertex 105 9.06094 -3
      vertex 100.875 6.51554 -3
      vertex 104.053 10.0819 -3
    endloop
  endfacet
  facet normal 0 0 -1
    outer loop
      vertex 105 0.93906 -3
      vertex 100.875 3.48446 -3
      vertex 101.75 5 -3
    endloop
  endfacet
  facet normal 0 0 -1
    outer loop
      vertex 95.9611 0 -3
      vertex 100.875 3.48446 -3
      vertex 104.129 0 -3
    endloop
  endfacet
  facet normal -0 0 -1
    outer loop
      vertex 100.875 3.48446 -3
      vertex 95.9611 0 -3
      vertex 99.125 3.48446 -3
    endloop
  endfacet
  facet normal 0 0 -1
    outer loop
      vertex 95.2352 0.578876 -3
      vertex 99.125 3.48446 -3
      vertex 95.9611 0 -3
    endloop
  endfacet
  facet normal 0 0 -1
    outer loop
      vertex 94.1437 2.17976 -3
      vertex 99.125 3.48446 -3
      vertex 95.2352 0.578876 -3
    endloop
  endfacet
  facet normal -0 0 -1
    outer loop
      vertex 99.125 3.48446 -3
      vertex 94.1437 2.17976 -3
      vertex 98.25 5 -3
    endloop
  endfacet
  facet normal 0 0 -1
    outer loop
      vertex 98.25 5 -3
      vertex 95.2352 9.42112 -3
      vertex 96.75 10.6292 -3
    endloop
  endfacet
  facet normal 0 0 -1
    outer loop
      vertex 98.25 5 -3
      vertex 94.1437 2.17976 -3
      vertex 93.5726 4.03123 -3
    endloop
  endfacet
  facet normal 0 0 -1
    outer loop
      vertex 98.25 5 -3
      vertex 94.1437 7.82024 -3
      vertex 95.2352 9.42112 -3
    endloop
  endfacet
  facet normal 0 0 -1
    outer loop
      vertex 93.5726 5.96877 -3
      vertex 98.25 5 -3
      vertex 93.5726 4.03123 -3
    endloop
  endfacet
  facet normal 0 0 -1
    outer loop
      vertex 98.25 5 -3
      vertex 93.5726 5.96877 -3
      vertex 94.1437 7.82024 -3
    endloop
  endfacet
  facet normal -0 0 -1
    outer loop
      vertex 104.053 10.0819 -3
      vertex 100.875 6.51554 -3
      vertex 102.375 11.0507 -3
    endloop
  endfacet
  facet normal 0 0 -1
    outer loop
      vertex 100.875 6.51554 -3
      vertex 100.486 11.4818 -3
      vertex 102.375 11.0507 -3
    endloop
  endfacet
  facet normal 0 0 -1
    outer loop
      vertex 99.125 6.51554 -3
      vertex 100.486 11.4818 -3
      vertex 100.875 6.51554 -3
    endloop
  endfacet
  facet normal 0 0 -1
    outer loop
      vertex 99.125 6.51554 -3
      vertex 98.5536 11.337 -3
      vertex 100.486 11.4818 -3
    endloop
  endfacet
  facet normal 0 0 -1
    outer loop
      vertex 96.75 10.6292 -3
      vertex 99.125 6.51554 -3
      vertex 98.25 5 -3
    endloop
  endfacet
  facet normal 0 0 -1
    outer loop
      vertex 99.125 6.51554 -3
      vertex 96.75 10.6292 -3
      vertex 98.5536 11.337 -3
    endloop
  endfacet
  facet normal 0.222495 0.974934 -0
    outer loop
      vertex 102.375 11.0507 -3
      vertex 100.486 11.4818 0
      vertex 102.375 11.0507 0
    endloop
  endfacet
  facet normal 0.222495 0.974934 0
    outer loop
      vertex 100.486 11.4818 0
      vertex 102.375 11.0507 -3
      vertex 100.486 11.4818 -3
    endloop
  endfacet
  facet normal -0.365314 0.930884 0
    outer loop
      vertex 98.5536 11.337 -3
      vertex 96.75 10.6292 0
      vertex 98.5536 11.337 0
    endloop
  endfacet
  facet normal -0.365314 0.930884 0
    outer loop
      vertex 96.75 10.6292 0
      vertex 98.5536 11.337 -3
      vertex 96.75 10.6292 -3
    endloop
  endfacet
  facet normal -0.955573 -0.294754 0
    outer loop
      vertex 94.1437 2.17976 -3
      vertex 93.5726 4.03123 0
      vertex 93.5726 4.03123 -3
    endloop
  endfacet
  facet normal -0.955573 -0.294754 0
    outer loop
      vertex 93.5726 4.03123 0
      vertex 94.1437 2.17976 -3
      vertex 94.1437 2.17976 0
    endloop
  endfacet
  facet normal 0.733177 -0.680038 0
    outer loop
      vertex 104.129 0 0
      vertex 105 0.93906 -3
      vertex 105 0.93906 0
    endloop
  endfacet
  facet normal 0.733177 -0.680038 0
    outer loop
      vertex 105 0.93906 -3
      vertex 104.129 0 0
      vertex 104.129 0 -3
    endloop
  endfacet
  facet normal -0.82623 -0.563333 0
    outer loop
      vertex 95.2352 0.578876 -3
      vertex 94.1437 2.17976 0
      vertex 94.1437 2.17976 -3
    endloop
  endfacet
  facet normal -0.82623 -0.563333 0
    outer loop
      vertex 94.1437 2.17976 0
      vertex 95.2352 0.578876 -3
      vertex 95.2352 0.578876 0
    endloop
  endfacet
  facet normal -0.623483 -0.781837 0
    outer loop
      vertex 95.2352 0.578876 -3
      vertex 95.9611 0 0
      vertex 95.2352 0.578876 0
    endloop
  endfacet
  facet normal -0.623483 -0.781837 -0
    outer loop
      vertex 95.9611 0 0
      vertex 95.2352 0.578876 -3
      vertex 95.9611 0 -3
    endloop
  endfacet
  facet normal 0.988829 0.149054 0
    outer loop
      vertex 11.5 5 0
      vertex 11.2112 6.91591 -3
      vertex 11.2112 6.91591 0
    endloop
  endfacet
  facet normal 0.988829 0.149054 0
    outer loop
      vertex 11.2112 6.91591 -3
      vertex 11.5 5 0
      vertex 11.5 5 -3
    endloop
  endfacet
  facet normal -0.0747332 0.997204 0
    outer loop
      vertex 5.48575 11.4818 -3
      vertex 3.55361 11.337 0
      vertex 5.48575 11.4818 0
    endloop
  endfacet
  facet normal -0.0747332 0.997204 0
    outer loop
      vertex 3.55361 11.337 0
      vertex 5.48575 11.4818 -3
      vertex 3.55361 11.337 -3
    endloop
  endfacet
  facet normal 0.733038 0.680188 0
    outer loop
      vertex 10.3706 8.66158 0
      vertex 9.05268 10.0819 -3
      vertex 9.05268 10.0819 0
    endloop
  endfacet
  facet normal 0.733038 0.680188 0
    outer loop
      vertex 9.05268 10.0819 -3
      vertex 10.3706 8.66158 0
      vertex 10.3706 8.66158 -3
    endloop
  endfacet
  facet normal 0.900983 0.433854 0
    outer loop
      vertex 11.2112 6.91591 0
      vertex 10.3706 8.66158 -3
      vertex 10.3706 8.66158 0
    endloop
  endfacet
  facet normal 0.900983 0.433854 0
    outer loop
      vertex 10.3706 8.66158 -3
      vertex 11.2112 6.91591 0
      vertex 11.2112 6.91591 -3
    endloop
  endfacet
  facet normal 0.500011 0.866019 -0
    outer loop
      vertex 9.05268 10.0819 -3
      vertex 7.37472 11.0507 0
      vertex 9.05268 10.0819 0
    endloop
  endfacet
  facet normal 0.500011 0.866019 0
    outer loop
      vertex 7.37472 11.0507 0
      vertex 9.05268 10.0819 -3
      vertex 7.37472 11.0507 -3
    endloop
  endfacet
  facet normal -0.623502 0.781822 0
    outer loop
      vertex 1.75 10.6292 -3
      vertex 0.235163 9.42112 0
      vertex 1.75 10.6292 0
    endloop
  endfacet
  facet normal -0.623502 0.781822 0
    outer loop
      vertex 0.235163 9.42112 0
      vertex 1.75 10.6292 -3
      vertex 0.235163 9.42112 -3
    endloop
  endfacet
  facet normal -0.826238 0.563321 0
    outer loop
      vertex 0 9.0762 -3
      vertex 0.235163 9.42112 0
      vertex 0.235163 9.42112 -3
    endloop
  endfacet
  facet normal -0.826238 0.563321 0
    outer loop
      vertex 0.235163 9.42112 0
      vertex 0 9.0762 -3
      vertex 0 9.0762 0
    endloop
  endfacet
  facet normal -0.365312 0.930885 0
    outer loop
      vertex 3.55361 11.337 -3
      vertex 1.75 10.6292 0
      vertex 3.55361 11.337 0
    endloop
  endfacet
  facet normal -0.365312 0.930885 0
    outer loop
      vertex 1.75 10.6292 0
      vertex 3.55361 11.337 -3
      vertex 1.75 10.6292 -3
    endloop
  endfacet
  facet normal -0.623489 -0.781832 0
    outer loop
      vertex 0.235163 0.578876 -3
      vertex 0.961052 0 0
      vertex 0.235163 0.578876 0
    endloop
  endfacet
  facet normal -0.623489 -0.781832 -0
    outer loop
      vertex 0.961052 0 0
      vertex 0.235163 0.578876 -3
      vertex 0.961052 0 -3
    endloop
  endfacet
  facet normal 0.222499 0.974933 -0
    outer loop
      vertex 7.37472 11.0507 -3
      vertex 5.48575 11.4818 0
      vertex 7.37472 11.0507 0
    endloop
  endfacet
  facet normal 0.222499 0.974933 0
    outer loop
      vertex 5.48575 11.4818 0
      vertex 7.37472 11.0507 -3
      vertex 5.48575 11.4818 -3
    endloop
  endfacet
  facet normal 0.733039 -0.680187 0
    outer loop
      vertex 9.12868 0 0
      vertex 10.3706 1.33842 -3
      vertex 10.3706 1.33842 0
    endloop
  endfacet
  facet normal 0.733039 -0.680187 0
    outer loop
      vertex 10.3706 1.33842 -3
      vertex 9.12868 0 0
      vertex 9.12868 0 -3
    endloop
  endfacet
  facet normal 0.900983 -0.433854 0
    outer loop
      vertex 10.3706 1.33842 0
      vertex 11.2112 3.08409 -3
      vertex 11.2112 3.08409 0
    endloop
  endfacet
  facet normal 0.900983 -0.433854 0
    outer loop
      vertex 11.2112 3.08409 -3
      vertex 10.3706 1.33842 0
      vertex 10.3706 1.33842 -3
    endloop
  endfacet
  facet normal 0 0 -1
    outer loop
      vertex 6.75 5 -3
      vertex 11.5 5 -3
      vertex 11.2112 3.08409 -3
    endloop
  endfacet
  facet normal 0 0 -1
    outer loop
      vertex 6.75 5 -3
      vertex 11.2112 3.08409 -3
      vertex 10.3706 1.33842 -3
    endloop
  endfacet
  facet normal 0 0 -1
    outer loop
      vertex 11.5 5 -3
      vertex 6.75 5 -3
      vertex 11.2112 6.91591 -3
    endloop
  endfacet
  facet normal 0 0 -1
    outer loop
      vertex 5.875 3.48446 -3
      vertex 10.3706 1.33842 -3
      vertex 9.12868 0 -3
    endloop
  endfacet
  facet normal -0 0 -1
    outer loop
      vertex 11.2112 6.91591 -3
      vertex 6.75 5 -3
      vertex 10.3706 8.66158 -3
    endloop
  endfacet
  facet normal 0 0 -1
    outer loop
      vertex 5.875 6.51554 -3
      vertex 10.3706 8.66158 -3
      vertex 6.75 5 -3
    endloop
  endfacet
  facet normal -0 0 -1
    outer loop
      vertex 10.3706 8.66158 -3
      vertex 5.875 6.51554 -3
      vertex 9.05268 10.0819 -3
    endloop
  endfacet
  facet normal 0 0 -1
    outer loop
      vertex 10.3706 1.33842 -3
      vertex 5.875 3.48446 -3
      vertex 6.75 5 -3
    endloop
  endfacet
  facet normal 0 0 -1
    outer loop
      vertex 0.961052 0 -3
      vertex 5.875 3.48446 -3
      vertex 9.12868 0 -3
    endloop
  endfacet
  facet normal -0 0 -1
    outer loop
      vertex 5.875 3.48446 -3
      vertex 0.961052 0 -3
      vertex 4.125 3.48446 -3
    endloop
  endfacet
  facet normal 0 0 -1
    outer loop
      vertex 0 0.923797 -3
      vertex 4.125 3.48446 -3
      vertex 0.961052 0 -3
    endloop
  endfacet
  facet normal -0 0 -1
    outer loop
      vertex 4.125 3.48446 -3
      vertex 0 0.923797 -3
      vertex 3.25 5 -3
    endloop
  endfacet
  facet normal 0 0 -1
    outer loop
      vertex 0 0.923797 -3
      vertex 0.961052 0 -3
      vertex 0.235163 0.578876 -3
    endloop
  endfacet
  facet normal -0 0 -1
    outer loop
      vertex 3.25 5 -3
      vertex 0 0.923797 -3
      vertex 0 9.0762 -3
    endloop
  endfacet
  facet normal 0 -0 -1
    outer loop
      vertex 0.235163 9.42112 -3
      vertex 3.25 5 -3
      vertex 0 9.0762 -3
    endloop
  endfacet
  facet normal 0 0 -1
    outer loop
      vertex 3.25 5 -3
      vertex 0.235163 9.42112 -3
      vertex 1.75 10.6292 -3
    endloop
  endfacet
  facet normal -0 0 -1
    outer loop
      vertex 9.05268 10.0819 -3
      vertex 5.875 6.51554 -3
      vertex 7.37472 11.0507 -3
    endloop
  endfacet
  facet normal 0 0 -1
    outer loop
      vertex 5.875 6.51554 -3
      vertex 5.48575 11.4818 -3
      vertex 7.37472 11.0507 -3
    endloop
  endfacet
  facet normal 0 0 -1
    outer loop
      vertex 4.125 6.51554 -3
      vertex 5.48575 11.4818 -3
      vertex 5.875 6.51554 -3
    endloop
  endfacet
  facet normal 0 0 -1
    outer loop
      vertex 4.125 6.51554 -3
      vertex 3.55361 11.337 -3
      vertex 5.48575 11.4818 -3
    endloop
  endfacet
  facet normal 0 0 -1
    outer loop
      vertex 1.75 10.6292 -3
      vertex 4.125 6.51554 -3
      vertex 3.25 5 -3
    endloop
  endfacet
  facet normal 0 0 -1
    outer loop
      vertex 4.125 6.51554 -3
      vertex 1.75 10.6292 -3
      vertex 3.55361 11.337 -3
    endloop
  endfacet
  facet normal 0.988829 -0.149054 0
    outer loop
      vertex 11.2112 3.08409 0
      vertex 11.5 5 -3
      vertex 11.5 5 0
    endloop
  endfacet
  facet normal 0.988829 -0.149054 0
    outer loop
      vertex 11.5 5 -3
      vertex 11.2112 3.08409 0
      vertex 11.2112 3.08409 -3
    endloop
  endfacet
  facet normal -0.826239 -0.56332 0
    outer loop
      vertex 0.235163 0.578876 -3
      vertex 0 0.923797 0
      vertex 0 0.923797 -3
    endloop
  endfacet
  facet normal -0.826239 -0.56332 0
    outer loop
      vertex 0 0.923797 0
      vertex 0.235163 0.578876 -3
      vertex 0.235163 0.578876 0
    endloop
  endfacet
  facet normal -0.86609 -0.499887 0
    outer loop
      vertex 101.75 100 -3
      vertex 100.875 101.516 3
      vertex 100.875 101.516 -3
    endloop
  endfacet
  facet normal -0.86609 -0.499887 0
    outer loop
      vertex 100.875 101.516 3
      vertex 101.75 100 -3
      vertex 101.75 100 3
    endloop
  endfacet
  facet normal 0 1 -0
    outer loop
      vertex 100.875 98.4845 -3
      vertex 99.125 98.4845 3
      vertex 100.875 98.4845 3
    endloop
  endfacet
  facet normal 0 1 0
    outer loop
      vertex 99.125 98.4845 3
      vertex 100.875 98.4845 -3
      vertex 99.125 98.4845 -3
    endloop
  endfacet
  facet normal 0.86609 -0.499887 0
    outer loop
      vertex 98.25 100 3
      vertex 99.125 101.516 -3
      vertex 99.125 101.516 3
    endloop
  endfacet
  facet normal 0.86609 -0.499887 0
    outer loop
      vertex 99.125 101.516 -3
      vertex 98.25 100 3
      vertex 98.25 100 -3
    endloop
  endfacet
  facet normal 0 -1 0
    outer loop
      vertex 99.125 101.516 -3
      vertex 100.875 101.516 3
      vertex 99.125 101.516 3
    endloop
  endfacet
  facet normal 0 -1 -0
    outer loop
      vertex 100.875 101.516 3
      vertex 99.125 101.516 -3
      vertex 100.875 101.516 -3
    endloop
  endfacet
  facet normal 0.866019 0.500011 0
    outer loop
      vertex 99.125 98.4845 3
      vertex 98.25 100 -3
      vertex 98.25 100 3
    endloop
  endfacet
  facet normal 0.866019 0.500011 0
    outer loop
      vertex 98.25 100 -3
      vertex 99.125 98.4845 3
      vertex 99.125 98.4845 -3
    endloop
  endfacet
  facet normal -0.866019 0.500011 0
    outer loop
      vertex 100.875 98.4845 -3
      vertex 101.75 100 3
      vertex 101.75 100 -3
    endloop
  endfacet
  facet normal -0.866019 0.500011 0
    outer loop
      vertex 101.75 100 3
      vertex 100.875 98.4845 -3
      vertex 100.875 98.4845 3
    endloop
  endfacet
  facet normal -0.86609 -0.499887 0
    outer loop
      vertex 6.75 100 -3
      vertex 5.875 101.516 3
      vertex 5.875 101.516 -3
    endloop
  endfacet
  facet normal -0.86609 -0.499887 0
    outer loop
      vertex 5.875 101.516 3
      vertex 6.75 100 -3
      vertex 6.75 100 3
    endloop
  endfacet
  facet normal 0 1 -0
    outer loop
      vertex 5.875 98.4845 -3
      vertex 4.125 98.4845 3
      vertex 5.875 98.4845 3
    endloop
  endfacet
  facet normal 0 1 0
    outer loop
      vertex 4.125 98.4845 3
      vertex 5.875 98.4845 -3
      vertex 4.125 98.4845 -3
    endloop
  endfacet
  facet normal 0.86609 -0.499887 0
    outer loop
      vertex 3.25 100 3
      vertex 4.125 101.516 -3
      vertex 4.125 101.516 3
    endloop
  endfacet
  facet normal 0.86609 -0.499887 0
    outer loop
      vertex 4.125 101.516 -3
      vertex 3.25 100 3
      vertex 3.25 100 -3
    endloop
  endfacet
  facet normal 0 -1 0
    outer loop
      vertex 4.125 101.516 -3
      vertex 5.875 101.516 3
      vertex 4.125 101.516 3
    endloop
  endfacet
  facet normal 0 -1 -0
    outer loop
      vertex 5.875 101.516 3
      vertex 4.125 101.516 -3
      vertex 5.875 101.516 -3
    endloop
  endfacet
  facet normal 0.866019 0.500011 0
    outer loop
      vertex 4.125 98.4845 3
      vertex 3.25 100 -3
      vertex 3.25 100 3
    endloop
  endfacet
  facet normal 0.866019 0.500011 0
    outer loop
      vertex 3.25 100 -3
      vertex 4.125 98.4845 3
      vertex 4.125 98.4845 -3
    endloop
  endfacet
  facet normal -0.866019 0.500011 0
    outer loop
      vertex 5.875 98.4845 -3
      vertex 6.75 100 3
      vertex 6.75 100 -3
    endloop
  endfacet
  facet normal -0.866019 0.500011 0
    outer loop
      vertex 6.75 100 3
      vertex 5.875 98.4845 -3
      vertex 5.875 98.4845 3
    endloop
  endfacet
  facet normal -0.866025 -0.500001 0
    outer loop
      vertex 101.75 5 -3
      vertex 100.875 6.51554 3
      vertex 100.875 6.51554 -3
    endloop
  endfacet
  facet normal -0.866025 -0.500001 0
    outer loop
      vertex 100.875 6.51554 3
      vertex 101.75 5 -3
      vertex 101.75 5 3
    endloop
  endfacet
  facet normal 0 1 -0
    outer loop
      vertex 100.875 3.48446 -3
      vertex 99.125 3.48446 3
      vertex 100.875 3.48446 3
    endloop
  endfacet
  facet normal 0 1 0
    outer loop
      vertex 99.125 3.48446 3
      vertex 100.875 3.48446 -3
      vertex 99.125 3.48446 -3
    endloop
  endfacet
  facet normal 0.866025 -0.500001 0
    outer loop
      vertex 98.25 5 3
      vertex 99.125 6.51554 -3
      vertex 99.125 6.51554 3
    endloop
  endfacet
  facet normal 0.866025 -0.500001 0
    outer loop
      vertex 99.125 6.51554 -3
      vertex 98.25 5 3
      vertex 98.25 5 -3
    endloop
  endfacet
  facet normal 0 -1 0
    outer loop
      vertex 99.125 6.51554 -3
      vertex 100.875 6.51554 3
      vertex 99.125 6.51554 3
    endloop
  endfacet
  facet normal 0 -1 -0
    outer loop
      vertex 100.875 6.51554 3
      vertex 99.125 6.51554 -3
      vertex 100.875 6.51554 -3
    endloop
  endfacet
  facet normal 0.866025 0.500001 0
    outer loop
      vertex 99.125 3.48446 3
      vertex 98.25 5 -3
      vertex 98.25 5 3
    endloop
  endfacet
  facet normal 0.866025 0.500001 0
    outer loop
      vertex 98.25 5 -3
      vertex 99.125 3.48446 3
      vertex 99.125 3.48446 -3
    endloop
  endfacet
  facet normal -0.866025 0.500001 0
    outer loop
      vertex 100.875 3.48446 -3
      vertex 101.75 5 3
      vertex 101.75 5 -3
    endloop
  endfacet
  facet normal -0.866025 0.500001 0
    outer loop
      vertex 101.75 5 3
      vertex 100.875 3.48446 -3
      vertex 100.875 3.48446 3
    endloop
  endfacet
  facet normal -0.866025 -0.500001 0
    outer loop
      vertex 6.75 5 -3
      vertex 5.875 6.51554 3
      vertex 5.875 6.51554 -3
    endloop
  endfacet
  facet normal -0.866025 -0.500001 0
    outer loop
      vertex 5.875 6.51554 3
      vertex 6.75 5 -3
      vertex 6.75 5 3
    endloop
  endfacet
  facet normal 0 1 -0
    outer loop
      vertex 5.875 3.48446 -3
      vertex 4.125 3.48446 3
      vertex 5.875 3.48446 3
    endloop
  endfacet
  facet normal 0 1 0
    outer loop
      vertex 4.125 3.48446 3
      vertex 5.875 3.48446 -3
      vertex 4.125 3.48446 -3
    endloop
  endfacet
  facet normal 0.866025 -0.500001 0
    outer loop
      vertex 3.25 5 3
      vertex 4.125 6.51554 -3
      vertex 4.125 6.51554 3
    endloop
  endfacet
  facet normal 0.866025 -0.500001 0
    outer loop
      vertex 4.125 6.51554 -3
      vertex 3.25 5 3
      vertex 3.25 5 -3
    endloop
  endfacet
  facet normal 0 -1 0
    outer loop
      vertex 4.125 6.51554 -3
      vertex 5.875 6.51554 3
      vertex 4.125 6.51554 3
    endloop
  endfacet
  facet normal 0 -1 -0
    outer loop
      vertex 5.875 6.51554 3
      vertex 4.125 6.51554 -3
      vertex 5.875 6.51554 -3
    endloop
  endfacet
  facet normal 0.866025 0.500001 0
    outer loop
      vertex 4.125 3.48446 3
      vertex 3.25 5 -3
      vertex 3.25 5 3
    endloop
  endfacet
  facet normal 0.866025 0.500001 0
    outer loop
      vertex 3.25 5 -3
      vertex 4.125 3.48446 3
      vertex 4.125 3.48446 -3
    endloop
  endfacet
  facet normal -0.866025 0.500001 0
    outer loop
      vertex 5.875 3.48446 -3
      vertex 6.75 5 3
      vertex 6.75 5 -3
    endloop
  endfacet
  facet normal -0.866025 0.500001 0
    outer loop
      vertex 6.75 5 3
      vertex 5.875 3.48446 -3
      vertex 5.875 3.48446 3
    endloop
  endfacet
  facet normal 1 -0 0
    outer loop
      vertex 12 36.5 3
      vertex 12 88.5 0
      vertex 12 88.5 3
    endloop
  endfacet
  facet normal 1 0 0
    outer loop
      vertex 12 88.5 0
      vertex 12 36.5 3
      vertex 12 36.5 0
    endloop
  endfacet
  facet normal -1 0 0
    outer loop
      vertex 91.5 36.5 0
      vertex 91.5 88.5 3
      vertex 91.5 88.5 0
    endloop
  endfacet
  facet normal -1 -0 0
    outer loop
      vertex 91.5 88.5 3
      vertex 91.5 36.5 0
      vertex 91.5 36.5 3
    endloop
  endfacet
  facet normal 0 1 -0
    outer loop
      vertex 91.5 36.5 0
      vertex 12 36.5 3
      vertex 91.5 36.5 3
    endloop
  endfacet
  facet normal 0 1 0
    outer loop
      vertex 12 36.5 3
      vertex 91.5 36.5 0
      vertex 12 36.5 0
    endloop
  endfacet
  facet normal 0 -1 0
    outer loop
      vertex 12 88.5 0
      vertex 91.5 88.5 3
      vertex 12 88.5 3
    endloop
  endfacet
  facet normal 0 -1 -0
    outer loop
      vertex 91.5 88.5 3
      vertex 12 88.5 0
      vertex 91.5 88.5 0
    endloop
  endfacet
  facet normal -0.978152 -0.20789 0
    outer loop
      vertex 92.5 17.5 0
      vertex 92.111 19.3303 3
      vertex 92.111 19.3303 0
    endloop
  endfacet
  facet normal -0.978152 -0.20789 0
    outer loop
      vertex 92.111 19.3303 3
      vertex 92.5 17.5 0
      vertex 92.5 17.5 3
    endloop
  endfacet
  facet normal 1 -0 0
    outer loop
      vertex 83.5983 16.5644 3
      vertex 83.5983 18.4356 0
      vertex 83.5983 18.4356 3
    endloop
  endfacet
  facet normal 1 0 0
    outer loop
      vertex 83.5983 18.4356 0
      vertex 83.5983 16.5644 3
      vertex 83.5983 16.5644 0
    endloop
  endfacet
  facet normal -0.104476 0.994527 0
    outer loop
      vertex 89.3906 13.2202 0
      vertex 87.5296 13.0247 3
      vertex 89.3906 13.2202 3
    endloop
  endfacet
  facet normal -0.104476 0.994527 0
    outer loop
      vertex 87.5296 13.0247 3
      vertex 89.3906 13.2202 0
      vertex 87.5296 13.0247 0
    endloop
  endfacet
  facet normal -0.104476 -0.994527 0
    outer loop
      vertex 87.5296 21.9753 0
      vertex 89.3906 21.7798 3
      vertex 87.5296 21.9753 3
    endloop
  endfacet
  facet normal -0.104476 -0.994527 -0
    outer loop
      vertex 89.3906 21.7798 3
      vertex 87.5296 21.9753 0
      vertex 89.3906 21.7798 0
    endloop
  endfacet
  facet normal -0.80902 -0.587781 0
    outer loop
      vertex 92.111 19.3303 0
      vertex 91.0111 20.8442 3
      vertex 91.0111 20.8442 0
    endloop
  endfacet
  facet normal -0.80902 -0.587781 0
    outer loop
      vertex 91.0111 20.8442 3
      vertex 92.111 19.3303 0
      vertex 92.111 19.3303 3
    endloop
  endfacet
  facet normal -0.500002 -0.866025 0
    outer loop
      vertex 89.3906 21.7798 0
      vertex 91.0111 20.8442 3
      vertex 89.3906 21.7798 3
    endloop
  endfacet
  facet normal -0.500002 -0.866025 -0
    outer loop
      vertex 91.0111 20.8442 3
      vertex 89.3906 21.7798 0
      vertex 91.0111 20.8442 0
    endloop
  endfacet
  facet normal 0.66913 -0.743145 0
    outer loop
      vertex 84.3594 20.145 0
      vertex 85.75 21.3971 3
      vertex 84.3594 20.145 3
    endloop
  endfacet
  facet normal 0.66913 -0.743145 0
    outer loop
      vertex 85.75 21.3971 3
      vertex 84.3594 20.145 0
      vertex 85.75 21.3971 0
    endloop
  endfacet
  facet normal 0.91354 -0.406748 0
    outer loop
      vertex 83.5983 18.4356 3
      vertex 84.3594 20.145 0
      vertex 84.3594 20.145 3
    endloop
  endfacet
  facet normal 0.91354 -0.406748 0
    outer loop
      vertex 84.3594 20.145 0
      vertex 83.5983 18.4356 3
      vertex 83.5983 18.4356 0
    endloop
  endfacet
  facet normal 0.309004 -0.951061 0
    outer loop
      vertex 85.75 21.3971 0
      vertex 87.5296 21.9753 3
      vertex 85.75 21.3971 3
    endloop
  endfacet
  facet normal 0.309004 -0.951061 0
    outer loop
      vertex 87.5296 21.9753 3
      vertex 85.75 21.3971 0
      vertex 87.5296 21.9753 0
    endloop
  endfacet
  facet normal -0.978152 0.20789 0
    outer loop
      vertex 92.111 15.6697 0
      vertex 92.5 17.5 3
      vertex 92.5 17.5 0
    endloop
  endfacet
  facet normal -0.978152 0.20789 0
    outer loop
      vertex 92.5 17.5 3
      vertex 92.111 15.6697 0
      vertex 92.111 15.6697 3
    endloop
  endfacet
  facet normal 0.309004 0.951061 -0
    outer loop
      vertex 87.5296 13.0247 0
      vertex 85.75 13.6029 3
      vertex 87.5296 13.0247 3
    endloop
  endfacet
  facet normal 0.309004 0.951061 0
    outer loop
      vertex 85.75 13.6029 3
      vertex 87.5296 13.0247 0
      vertex 85.75 13.6029 0
    endloop
  endfacet
  facet normal 0.66913 0.743145 -0
    outer loop
      vertex 85.75 13.6029 0
      vertex 84.3594 14.855 3
      vertex 85.75 13.6029 3
    endloop
  endfacet
  facet normal 0.66913 0.743145 0
    outer loop
      vertex 84.3594 14.855 3
      vertex 85.75 13.6029 0
      vertex 84.3594 14.855 0
    endloop
  endfacet
  facet normal 0.91354 0.406748 0
    outer loop
      vertex 84.3594 14.855 3
      vertex 83.5983 16.5644 0
      vertex 83.5983 16.5644 3
    endloop
  endfacet
  facet normal 0.91354 0.406748 0
    outer loop
      vertex 83.5983 16.5644 0
      vertex 84.3594 14.855 3
      vertex 84.3594 14.855 0
    endloop
  endfacet
  facet normal -0.80902 0.587781 0
    outer loop
      vertex 91.0111 14.1558 0
      vertex 92.111 15.6697 3
      vertex 92.111 15.6697 0
    endloop
  endfacet
  facet normal -0.80902 0.587781 0
    outer loop
      vertex 92.111 15.6697 3
      vertex 91.0111 14.1558 0
      vertex 91.0111 14.1558 3
    endloop
  endfacet
  facet normal -0.500002 0.866025 0
    outer loop
      vertex 91.0111 14.1558 0
      vertex 89.3906 13.2202 3
      vertex 91.0111 14.1558 3
    endloop
  endfacet
  facet normal -0.500002 0.866025 0
    outer loop
      vertex 89.3906 13.2202 3
      vertex 91.0111 14.1558 0
      vertex 89.3906 13.2202 0
    endloop
  endfacet
  facet normal -0.809013 -0.587791 0
    outer loop
      vertex 72 17.5 0
      vertex 70.9635 18.9266 3
      vertex 70.9635 18.9266 0
    endloop
  endfacet
  facet normal -0.809013 -0.587791 0
    outer loop
      vertex 70.9635 18.9266 3
      vertex 72 17.5 0
      vertex 72 17.5 3
    endloop
  endfacet
  facet normal 1 -0 0
    outer loop
      vertex 69.2865 16.6183 3
      vertex 69.2865 18.3817 0
      vertex 69.2865 18.3817 3
    endloop
  endfacet
  facet normal 1 0 0
    outer loop
      vertex 69.2865 18.3817 0
      vertex 69.2865 16.6183 3
      vertex 69.2865 16.6183 0
    endloop
  endfacet
  facet normal 0.309022 -0.951055 0
    outer loop
      vertex 69.2865 18.3817 0
      vertex 70.9635 18.9266 3
      vertex 69.2865 18.3817 3
    endloop
  endfacet
  facet normal 0.309022 -0.951055 0
    outer loop
      vertex 70.9635 18.9266 3
      vertex 69.2865 18.3817 0
      vertex 70.9635 18.9266 0
    endloop
  endfacet
  facet normal 0.309022 0.951055 -0
    outer loop
      vertex 70.9635 16.0734 0
      vertex 69.2865 16.6183 3
      vertex 70.9635 16.0734 3
    endloop
  endfacet
  facet normal 0.309022 0.951055 0
    outer loop
      vertex 69.2865 16.6183 3
      vertex 70.9635 16.0734 0
      vertex 69.2865 16.6183 0
    endloop
  endfacet
  facet normal -0.809013 0.587791 0
    outer loop
      vertex 70.9635 16.0734 0
      vertex 72 17.5 3
      vertex 72 17.5 0
    endloop
  endfacet
  facet normal -0.809013 0.587791 0
    outer loop
      vertex 72 17.5 3
      vertex 70.9635 16.0734 0
      vertex 70.9635 16.0734 3
    endloop
  endfacet
  facet normal -0.923888 -0.382663 0
    outer loop
      vertex 58 17.5 0
      vertex 57.2678 19.2678 3
      vertex 57.2678 19.2678 0
    endloop
  endfacet
  facet normal -0.923888 -0.382663 0
    outer loop
      vertex 57.2678 19.2678 3
      vertex 58 17.5 0
      vertex 58 17.5 3
    endloop
  endfacet
  facet normal 0.382663 -0.923888 0
    outer loop
      vertex 53.7322 19.2678 0
      vertex 55.5 20 3
      vertex 53.7322 19.2678 3
    endloop
  endfacet
  facet normal 0.382663 -0.923888 0
    outer loop
      vertex 55.5 20 3
      vertex 53.7322 19.2678 0
      vertex 55.5 20 0
    endloop
  endfacet
  facet normal -0.382663 -0.923888 0
    outer loop
      vertex 55.5 20 0
      vertex 57.2678 19.2678 3
      vertex 55.5 20 3
    endloop
  endfacet
  facet normal -0.382663 -0.923888 -0
    outer loop
      vertex 57.2678 19.2678 3
      vertex 55.5 20 0
      vertex 57.2678 19.2678 0
    endloop
  endfacet
  facet normal 0.923888 -0.382663 0
    outer loop
      vertex 53 17.5 3
      vertex 53.7322 19.2678 0
      vertex 53.7322 19.2678 3
    endloop
  endfacet
  facet normal 0.923888 -0.382663 0
    outer loop
      vertex 53.7322 19.2678 0
      vertex 53 17.5 3
      vertex 53 17.5 0
    endloop
  endfacet
  facet normal -0.923888 0.382663 0
    outer loop
      vertex 57.2678 15.7322 0
      vertex 58 17.5 3
      vertex 58 17.5 0
    endloop
  endfacet
  facet normal -0.923888 0.382663 0
    outer loop
      vertex 58 17.5 3
      vertex 57.2678 15.7322 0
      vertex 57.2678 15.7322 3
    endloop
  endfacet
  facet normal 0.382663 0.923888 -0
    outer loop
      vertex 55.5 15 0
      vertex 53.7322 15.7322 3
      vertex 55.5 15 3
    endloop
  endfacet
  facet normal 0.382663 0.923888 0
    outer loop
      vertex 53.7322 15.7322 3
      vertex 55.5 15 0
      vertex 53.7322 15.7322 0
    endloop
  endfacet
  facet normal 0.923888 0.382663 0
    outer loop
      vertex 53.7322 15.7322 3
      vertex 53 17.5 0
      vertex 53 17.5 3
    endloop
  endfacet
  facet normal 0.923888 0.382663 0
    outer loop
      vertex 53 17.5 0
      vertex 53.7322 15.7322 3
      vertex 53.7322 15.7322 0
    endloop
  endfacet
  facet normal -0.382663 0.923888 0
    outer loop
      vertex 57.2678 15.7322 0
      vertex 55.5 15 3
      vertex 57.2678 15.7322 3
    endloop
  endfacet
  facet normal -0.382663 0.923888 0
    outer loop
      vertex 55.5 15 3
      vertex 57.2678 15.7322 0
      vertex 55.5 15 0
    endloop
  endfacet
  facet normal -0 0 1
    outer loop
      vertex 32.1985 102.032 1.02
      vertex 32.6875 100.99 1.02
      vertex 32.6875 102.032 1.02
    endloop
  endfacet
  facet normal 0 0 1
    outer loop
      vertex 32.6875 100.99 1.02
      vertex 32.1985 102.032 1.02
      vertex 32.685 100.823 1.02
    endloop
  endfacet
  facet normal 0 0 1
    outer loop
      vertex 32.685 100.823 1.02
      vertex 32.1985 102.032 1.02
      vertex 32.6775 100.65 1.02
    endloop
  endfacet
  facet normal 0 0 1
    outer loop
      vertex 32.6775 100.65 1.02
      vertex 32.1985 102.032 1.02
      vertex 32.6702 100.512 1.02
    endloop
  endfacet
  facet normal 0 0 1
    outer loop
      vertex 32.6702 100.512 1.02
      vertex 32.1985 102.032 1.02
      vertex 32.6665 100.448 1.02
    endloop
  endfacet
  facet normal 0 0 1
    outer loop
      vertex 34.5475 99.968 1.02
      vertex 34.0412 100.145 1.02
      vertex 34.0555 99.873 1.02
    endloop
  endfacet
  facet normal 0 0 1
    outer loop
      vertex 33.923 100.468 1.02
      vertex 34.3205 100.769 1.02
      vertex 34.0305 100.948 1.02
    endloop
  endfacet
  facet normal 0 0 1
    outer loop
      vertex 34.4907 100.449 1.02
      vertex 33.9985 100.336 1.02
      vertex 34.0412 100.145 1.02
    endloop
  endfacet
  facet normal 0 0 1
    outer loop
      vertex 34.3205 100.769 1.02
      vertex 33.923 100.468 1.02
      vertex 33.9985 100.336 1.02
    endloop
  endfacet
  facet normal 0 0 1
    outer loop
      vertex 34.0305 100.948 1.02
      vertex 33.8105 100.559 1.02
      vertex 33.923 100.468 1.02
    endloop
  endfacet
  facet normal 0 0 1
    outer loop
      vertex 34.0305 100.948 1.02
      vertex 33.6552 100.612 1.02
      vertex 33.8105 100.559 1.02
    endloop
  endfacet
  facet normal 0 0 1
    outer loop
      vertex 33.6145 101.008 1.02
      vertex 33.6552 100.612 1.02
      vertex 34.0305 100.948 1.02
    endloop
  endfacet
  facet normal 0 0 1
    outer loop
      vertex 33.6145 101.008 1.02
      vertex 33.4495 100.63 1.02
      vertex 33.6552 100.612 1.02
    endloop
  endfacet
  facet normal -0 0 1
    outer loop
      vertex 33.304 100.974 1.02
      vertex 33.4495 100.63 1.02
      vertex 33.6145 101.008 1.02
    endloop
  endfacet
  facet normal 0 0 1
    outer loop
      vertex 33.304 100.974 1.02
      vertex 33.138 100.57 1.02
      vertex 33.4495 100.63 1.02
    endloop
  endfacet
  facet normal -0 0 1
    outer loop
      vertex 33.0525 100.873 1.02
      vertex 33.138 100.57 1.02
      vertex 33.304 100.974 1.02
    endloop
  endfacet
  facet normal -0 0 1
    outer loop
      vertex 32.8475 100.699 1.02
      vertex 33.138 100.57 1.02
      vertex 33.0525 100.873 1.02
    endloop
  endfacet
  facet normal 0 0 1
    outer loop
      vertex 33.138 100.57 1.02
      vertex 32.8475 100.699 1.02
      vertex 32.8955 100.389 1.02
    endloop
  endfacet
  facet normal -0 0 1
    outer loop
      vertex 32.6745 100.448 1.02
      vertex 32.8955 100.389 1.02
      vertex 32.8475 100.699 1.02
    endloop
  endfacet
  facet normal 0 0 1
    outer loop
      vertex 32.8955 100.389 1.02
      vertex 32.6745 100.448 1.02
      vertex 32.7395 100.107 1.02
    endloop
  endfacet
  facet normal -0 0 1
    outer loop
      vertex 32.6665 100.448 1.02
      vertex 32.7395 100.107 1.02
      vertex 32.6745 100.448 1.02
    endloop
  endfacet
  facet normal 0 0 1
    outer loop
      vertex 32.7395 100.107 1.02
      vertex 32.6665 100.448 1.02
      vertex 32.6875 99.742 1.02
    endloop
  endfacet
  facet normal 0 0 1
    outer loop
      vertex 32.1985 98 1.02
      vertex 32.6875 99.742 1.02
      vertex 32.6665 100.448 1.02
    endloop
  endfacet
  facet normal 0 0 1
    outer loop
      vertex 32.1985 98 1.02
      vertex 32.6665 100.448 1.02
      vertex 32.1985 102.032 1.02
    endloop
  endfacet
  facet normal 0 0 1
    outer loop
      vertex 32.6875 99.742 1.02
      vertex 32.1985 98 1.02
      vertex 32.6875 98 1.02
    endloop
  endfacet
  facet normal -0 0 1
    outer loop
      vertex 34.0412 100.145 1.02
      vertex 34.5475 99.968 1.02
      vertex 34.4907 100.449 1.02
    endloop
  endfacet
  facet normal 0 0 1
    outer loop
      vertex 33.9985 100.336 1.02
      vertex 34.4907 100.449 1.02
      vertex 34.3205 100.769 1.02
    endloop
  endfacet
  facet normal 0 0 1
    outer loop
      vertex 34.5475 99.968 1.02
      vertex 34.0555 99.873 1.02
      vertex 34.5475 98 1.02
    endloop
  endfacet
  facet normal 0 0 1
    outer loop
      vertex 34.5475 98 1.02
      vertex 34.0555 99.873 1.02
      vertex 34.0555 98 1.02
    endloop
  endfacet
  facet normal -0 0 1
    outer loop
      vertex 35.2021 102.032 1.02
      vertex 35.6921 101.564 1.02
      vertex 35.6921 102.032 1.02
    endloop
  endfacet
  facet normal 0 0 1
    outer loop
      vertex 35.6921 101.564 1.02
      vertex 35.2021 102.032 1.02
      vertex 35.2021 101.564 1.02
    endloop
  endfacet
  facet normal -0 0 1
    outer loop
      vertex 16.207 102.032 1.02
      vertex 16.697 98 1.02
      vertex 16.697 102.032 1.02
    endloop
  endfacet
  facet normal 0 0 1
    outer loop
      vertex 16.697 98 1.02
      vertex 16.207 102.032 1.02
      vertex 16.207 98 1.02
    endloop
  endfacet
  facet normal -0 0 1
    outer loop
      vertex 17.4121 102.032 1.02
      vertex 17.9021 98 1.02
      vertex 17.9021 102.032 1.02
    endloop
  endfacet
  facet normal 0 0 1
    outer loop
      vertex 17.9021 98 1.02
      vertex 17.4121 102.032 1.02
      vertex 17.4121 98 1.02
    endloop
  endfacet
  facet normal -0 0 1
    outer loop
      vertex 72.8945 102.032 1.02
      vertex 73.3845 98 1.02
      vertex 73.3845 102.032 1.02
    endloop
  endfacet
  facet normal 0 0 1
    outer loop
      vertex 73.3845 98 1.02
      vertex 72.8945 102.032 1.02
      vertex 72.8945 98 1.02
    endloop
  endfacet
  facet normal -0 0 1
    outer loop
      vertex 74.0996 102.032 1.02
      vertex 74.5896 98 1.02
      vertex 74.5896 102.032 1.02
    endloop
  endfacet
  facet normal 0 0 1
    outer loop
      vertex 74.5896 98 1.02
      vertex 74.0996 102.032 1.02
      vertex 74.0996 98 1.02
    endloop
  endfacet
  facet normal 0 0 1
    outer loop
      vertex 59.7609 101.379 1.02
      vertex 59.5164 100.816 1.02
      vertex 60.0084 100.976 1.02
    endloop
  endfacet
  facet normal 0 0 1
    outer loop
      vertex 59.3429 101.101 1.02
      vertex 59.7609 101.379 1.02
      vertex 59.4044 101.67 1.02
    endloop
  endfacet
  facet normal 0 0 1
    outer loop
      vertex 59.7609 101.379 1.02
      vertex 59.3429 101.101 1.02
      vertex 59.5164 100.816 1.02
    endloop
  endfacet
  facet normal 0 0 1
    outer loop
      vertex 59.4044 101.67 1.02
      vertex 59.0884 101.309 1.02
      vertex 59.3429 101.101 1.02
    endloop
  endfacet
  facet normal 0 0 1
    outer loop
      vertex 58.9439 101.845 1.02
      vertex 59.0884 101.309 1.02
      vertex 59.4044 101.67 1.02
    endloop
  endfacet
  facet normal 0 0 1
    outer loop
      vertex 58.9439 101.845 1.02
      vertex 58.7656 101.437 1.02
      vertex 59.0884 101.309 1.02
    endloop
  endfacet
  facet normal 0 0 1
    outer loop
      vertex 58.3824 101.904 1.02
      vertex 58.7656 101.437 1.02
      vertex 58.9439 101.845 1.02
    endloop
  endfacet
  facet normal 0 0 1
    outer loop
      vertex 58.7656 101.437 1.02
      vertex 58.3824 101.904 1.02
      vertex 58.3874 101.48 1.02
    endloop
  endfacet
  facet normal 0 0 1
    outer loop
      vertex 58.3824 101.904 1.02
      vertex 57.8219 101.377 1.02
      vertex 58.3874 101.48 1.02
    endloop
  endfacet
  facet normal -0 0 1
    outer loop
      vertex 57.6024 101.773 1.02
      vertex 57.8219 101.377 1.02
      vertex 58.3824 101.904 1.02
    endloop
  endfacet
  facet normal 0 0 1
    outer loop
      vertex 57.6024 101.773 1.02
      vertex 57.3974 101.067 1.02
      vertex 57.8219 101.377 1.02
    endloop
  endfacet
  facet normal -0 0 1
    outer loop
      vertex 57.0124 101.381 1.02
      vertex 57.3974 101.067 1.02
      vertex 57.6024 101.773 1.02
    endloop
  endfacet
  facet normal -0 0 1
    outer loop
      vertex 56.6411 100.759 1.02
      vertex 57.1326 100.578 1.02
      vertex 57.0124 101.381 1.02
    endloop
  endfacet
  facet normal 0 0 1
    outer loop
      vertex 57.3974 101.067 1.02
      vertex 57.0124 101.381 1.02
      vertex 57.1326 100.578 1.02
    endloop
  endfacet
  facet normal 0 0 1
    outer loop
      vertex 59.6194 99.152 1.02
      vertex 59.7586 98.5077 1.02
      vertex 60.0434 98.941 1.02
    endloop
  endfacet
  facet normal -0 0 1
    outer loop
      vertex 59.1144 98.5602 1.02
      vertex 59.7586 98.5077 1.02
      vertex 59.6194 99.152 1.02
    endloop
  endfacet
  facet normal 0 0 1
    outer loop
      vertex 59.7586 98.5077 1.02
      vertex 59.1144 98.5602 1.02
      vertex 59.3784 98.192 1.02
    endloop
  endfacet
  facet normal 0 0 1
    outer loop
      vertex 59.1144 98.5602 1.02
      vertex 58.9161 98 1.02
      vertex 59.3784 98.192 1.02
    endloop
  endfacet
  facet normal -0 0 1
    outer loop
      vertex 58.4094 98.363 1.02
      vertex 58.9161 98 1.02
      vertex 59.1144 98.5602 1.02
    endloop
  endfacet
  facet normal 0 0 1
    outer loop
      vertex 58.4094 98.363 1.02
      vertex 58.3854 97.936 1.02
      vertex 58.9161 98 1.02
    endloop
  endfacet
  facet normal 0 0 1
    outer loop
      vertex 57.8454 97.9965 1.02
      vertex 58.4094 98.363 1.02
      vertex 57.8461 98.471 1.02
    endloop
  endfacet
  facet normal 0 0 1
    outer loop
      vertex 58.4094 98.363 1.02
      vertex 57.8454 97.9965 1.02
      vertex 58.3854 97.936 1.02
    endloop
  endfacet
  facet normal 0 0 1
    outer loop
      vertex 57.3834 98.178 1.02
      vertex 57.8461 98.471 1.02
      vertex 57.4124 98.795 1.02
    endloop
  endfacet
  facet normal 0 0 1
    outer loop
      vertex 57.8461 98.471 1.02
      vertex 57.3834 98.178 1.02
      vertex 57.8454 97.9965 1.02
    endloop
  endfacet
  facet normal -0 0 1
    outer loop
      vertex 56.7384 98.87 1.02
      vertex 57.4124 98.795 1.02
      vertex 57.1364 99.2965 1.02
    endloop
  endfacet
  facet normal 0 0 1
    outer loop
      vertex 57.4124 98.795 1.02
      vertex 57.0106 98.472 1.02
      vertex 57.3834 98.178 1.02
    endloop
  endfacet
  facet normal -0 0 1
    outer loop
      vertex 56.5726 99.362 1.02
      vertex 57.1364 99.2965 1.02
      vertex 57.0444 99.937 1.02
    endloop
  endfacet
  facet normal 0 0 1
    outer loop
      vertex 56.5174 99.936 1.02
      vertex 57.1326 100.578 1.02
      vertex 56.6411 100.759 1.02
    endloop
  endfacet
  facet normal 0 -0 1
    outer loop
      vertex 56.5726 99.362 1.02
      vertex 57.0444 99.937 1.02
      vertex 56.5174 99.936 1.02
    endloop
  endfacet
  facet normal 0 0 1
    outer loop
      vertex 57.1326 100.578 1.02
      vertex 56.5174 99.936 1.02
      vertex 57.0444 99.937 1.02
    endloop
  endfacet
  facet normal 0 0 1
    outer loop
      vertex 57.1364 99.2965 1.02
      vertex 56.5726 99.362 1.02
      vertex 56.7384 98.87 1.02
    endloop
  endfacet
  facet normal 0 0 1
    outer loop
      vertex 57.4124 98.795 1.02
      vertex 56.7384 98.87 1.02
      vertex 57.0106 98.472 1.02
    endloop
  endfacet
  facet normal 0 0 1
    outer loop
      vertex 23.3205 101.422 1.02
      vertex 23.086 100.88 1.02
      vertex 23.581 101.023 1.02
    endloop
  endfacet
  facet normal 0 0 1
    outer loop
      vertex 22.892 101.15 1.02
      vertex 23.3205 101.422 1.02
      vertex 22.969 101.694 1.02
    endloop
  endfacet
  facet normal 0 0 1
    outer loop
      vertex 23.3205 101.422 1.02
      vertex 22.892 101.15 1.02
      vertex 23.086 100.88 1.02
    endloop
  endfacet
  facet normal 0 0 1
    outer loop
      vertex 22.969 101.694 1.02
      vertex 22.636 101.336 1.02
      vertex 22.892 101.15 1.02
    endloop
  endfacet
  facet normal 0 0 1
    outer loop
      vertex 22.5122 101.851 1.02
      vertex 22.636 101.336 1.02
      vertex 22.969 101.694 1.02
    endloop
  endfacet
  facet normal 0 0 1
    outer loop
      vertex 22.5122 101.851 1.02
      vertex 22.314 101.444 1.02
      vertex 22.636 101.336 1.02
    endloop
  endfacet
  facet normal 0 0 1
    outer loop
      vertex 21.936 101.904 1.02
      vertex 22.314 101.444 1.02
      vertex 22.5122 101.851 1.02
    endloop
  endfacet
  facet normal 0 0 1
    outer loop
      vertex 21.936 101.904 1.02
      vertex 21.922 101.48 1.02
      vertex 22.314 101.444 1.02
    endloop
  endfacet
  facet normal 0 0 1
    outer loop
      vertex 21.936 101.904 1.02
      vertex 21.337 101.379 1.02
      vertex 21.922 101.48 1.02
    endloop
  endfacet
  facet normal -0 0 1
    outer loop
      vertex 21.132 101.775 1.02
      vertex 21.337 101.379 1.02
      vertex 21.936 101.904 1.02
    endloop
  endfacet
  facet normal 0 0 1
    outer loop
      vertex 21.132 101.775 1.02
      vertex 20.908 101.075 1.02
      vertex 21.337 101.379 1.02
    endloop
  endfacet
  facet normal -0 0 1
    outer loop
      vertex 20.53 101.389 1.02
      vertex 20.908 101.075 1.02
      vertex 21.132 101.775 1.02
    endloop
  endfacet
  facet normal 0 0 1
    outer loop
      vertex 20.908 101.075 1.02
      vertex 20.53 101.389 1.02
      vertex 20.6447 100.588 1.02
    endloop
  endfacet
  facet normal -0 0 1
    outer loop
      vertex 20.155 100.769 1.02
      vertex 20.6447 100.588 1.02
      vertex 20.53 101.389 1.02
    endloop
  endfacet
  facet normal 0 0 1
    outer loop
      vertex 20.03 99.936 1.02
      vertex 20.6447 100.588 1.02
      vertex 20.155 100.769 1.02
    endloop
  endfacet
  facet normal 0 -0 1
    outer loop
      vertex 20.0872 99.363 1.02
      vertex 20.557 99.936 1.02
      vertex 20.03 99.936 1.02
    endloop
  endfacet
  facet normal 0 0 1
    outer loop
      vertex 20.6447 100.588 1.02
      vertex 20.03 99.936 1.02
      vertex 20.557 99.936 1.02
    endloop
  endfacet
  facet normal 0 -0 1
    outer loop
      vertex 20.259 98.87 1.02
      vertex 20.557 99.936 1.02
      vertex 20.0872 99.363 1.02
    endloop
  endfacet
  facet normal 0 0 1
    outer loop
      vertex 20.557 99.936 1.02
      vertex 20.259 98.87 1.02
      vertex 20.5402 98.4707 1.02
    endloop
  endfacet
  facet normal -0 0 1
    outer loop
      vertex 23.187 99.485 1.02
      vertex 23.665 98.59 1.02
      vertex 23.665 99.92 1.02
    endloop
  endfacet
  facet normal 0 0 1
    outer loop
      vertex 23.665 98.59 1.02
      vertex 23.187 99.485 1.02
      vertex 23.187 98.786 1.02
    endloop
  endfacet
  facet normal -0 0 1
    outer loop
      vertex 22.042 99.92 1.02
      vertex 23.187 99.485 1.02
      vertex 23.665 99.92 1.02
    endloop
  endfacet
  facet normal 0 0 1
    outer loop
      vertex 23.187 99.485 1.02
      vertex 22.042 99.92 1.02
      vertex 22.042 99.485 1.02
    endloop
  endfacet
  facet normal 0 0 1
    outer loop
      vertex 23.665 98.59 1.02
      vertex 23.187 98.786 1.02
      vertex 23.3265 98.3132 1.02
    endloop
  endfacet
  facet normal -0 0 1
    outer loop
      vertex 22.955 98.6085 1.02
      vertex 23.3265 98.3132 1.02
      vertex 23.187 98.786 1.02
    endloop
  endfacet
  facet normal 0 0 1
    outer loop
      vertex 22.955 98.6085 1.02
      vertex 22.919 98.107 1.02
      vertex 23.3265 98.3132 1.02
    endloop
  endfacet
  facet normal -0 0 1
    outer loop
      vertex 22.661 98.472 1.02
      vertex 22.919 98.107 1.02
      vertex 22.955 98.6085 1.02
    endloop
  endfacet
  facet normal 0 0 1
    outer loop
      vertex 22.661 98.472 1.02
      vertex 22.4582 97.9788 1.02
      vertex 22.919 98.107 1.02
    endloop
  endfacet
  facet normal -0 0 1
    outer loop
      vertex 22.3232 98.3857 1.02
      vertex 22.4582 97.9788 1.02
      vertex 22.661 98.472 1.02
    endloop
  endfacet
  facet normal 0 0 1
    outer loop
      vertex 21.96 97.936 1.02
      vertex 22.3232 98.3857 1.02
      vertex 21.96 98.357 1.02
    endloop
  endfacet
  facet normal 0 0 1
    outer loop
      vertex 22.3232 98.3857 1.02
      vertex 21.96 97.936 1.02
      vertex 22.4582 97.9788 1.02
    endloop
  endfacet
  facet normal 0 0 1
    outer loop
      vertex 21.96 98.357 1.02
      vertex 21.4005 97.9963 1.02
      vertex 21.96 97.936 1.02
    endloop
  endfacet
  facet normal 0 0 1
    outer loop
      vertex 21.3732 98.4627 1.02
      vertex 21.4005 97.9963 1.02
      vertex 21.96 98.357 1.02
    endloop
  endfacet
  facet normal 0 0 1
    outer loop
      vertex 20.924 98.177 1.02
      vertex 21.3732 98.4627 1.02
      vertex 20.929 98.78 1.02
    endloop
  endfacet
  facet normal 0 0 1
    outer loop
      vertex 21.3732 98.4627 1.02
      vertex 20.924 98.177 1.02
      vertex 21.4005 97.9963 1.02
    endloop
  endfacet
  facet normal 0 0 1
    outer loop
      vertex 20.5402 98.4707 1.02
      vertex 20.929 98.78 1.02
      vertex 20.65 99.281 1.02
    endloop
  endfacet
  facet normal 0 0 1
    outer loop
      vertex 20.929 98.78 1.02
      vertex 20.5402 98.4707 1.02
      vertex 20.924 98.177 1.02
    endloop
  endfacet
  facet normal 0 0 1
    outer loop
      vertex 20.5402 98.4707 1.02
      vertex 20.65 99.281 1.02
      vertex 20.557 99.936 1.02
    endloop
  endfacet
  facet normal 0 0 1
    outer loop
      vertex 42.9906 101.195 1.02
      vertex 43.4344 101.434 1.02
      vertex 43.1409 101.704 1.02
    endloop
  endfacet
  facet normal 0 -0 1
    outer loop
      vertex 43.1129 100.933 1.02
      vertex 43.4344 101.434 1.02
      vertex 42.9906 101.195 1.02
    endloop
  endfacet
  facet normal 0 0 1
    outer loop
      vertex 43.4344 101.434 1.02
      vertex 43.1129 100.933 1.02
      vertex 43.6248 101.023 1.02
    endloop
  endfacet
  facet normal 0 0 1
    outer loop
      vertex 43.1409 101.704 1.02
      vertex 42.7919 101.374 1.02
      vertex 42.9906 101.195 1.02
    endloop
  endfacet
  facet normal 0 0 1
    outer loop
      vertex 42.7189 101.854 1.02
      vertex 42.7919 101.374 1.02
      vertex 43.1409 101.704 1.02
    endloop
  endfacet
  facet normal 0 0 1
    outer loop
      vertex 42.7189 101.854 1.02
      vertex 42.5101 101.477 1.02
      vertex 42.7919 101.374 1.02
    endloop
  endfacet
  facet normal 0 0 1
    outer loop
      vertex 42.1429 101.904 1.02
      vertex 42.5101 101.477 1.02
      vertex 42.7189 101.854 1.02
    endloop
  endfacet
  facet normal 0 0 1
    outer loop
      vertex 42.1429 101.904 1.02
      vertex 42.1369 101.512 1.02
      vertex 42.5101 101.477 1.02
    endloop
  endfacet
  facet normal 0 0 1
    outer loop
      vertex 42.1429 101.904 1.02
      vertex 41.7321 101.473 1.02
      vertex 42.1369 101.512 1.02
    endloop
  endfacet
  facet normal -0 0 1
    outer loop
      vertex 41.5221 101.837 1.02
      vertex 41.7321 101.473 1.02
      vertex 42.1429 101.904 1.02
    endloop
  endfacet
  facet normal 0 0 1
    outer loop
      vertex 41.5221 101.837 1.02
      vertex 41.4359 101.358 1.02
      vertex 41.7321 101.473 1.02
    endloop
  endfacet
  facet normal -0 0 1
    outer loop
      vertex 41.0639 101.636 1.02
      vertex 41.4359 101.358 1.02
      vertex 41.5221 101.837 1.02
    endloop
  endfacet
  facet normal 0 0 1
    outer loop
      vertex 41.4359 101.358 1.02
      vertex 41.0639 101.636 1.02
      vertex 41.2543 101.167 1.02
    endloop
  endfacet
  facet normal -0 0 1
    outer loop
      vertex 40.7818 101.311 1.02
      vertex 41.2543 101.167 1.02
      vertex 41.0639 101.636 1.02
    endloop
  endfacet
  facet normal 0 0 1
    outer loop
      vertex 41.2543 101.167 1.02
      vertex 40.7818 101.311 1.02
      vertex 41.1938 100.9 1.02
    endloop
  endfacet
  facet normal 0 -0 1
    outer loop
      vertex 40.7059 100.668 1.02
      vertex 41.1938 100.9 1.02
      vertex 40.6879 100.872 1.02
    endloop
  endfacet
  facet normal 0 -0 1
    outer loop
      vertex 40.7599 100.489 1.02
      vertex 41.1938 100.9 1.02
      vertex 40.7059 100.668 1.02
    endloop
  endfacet
  facet normal 0 0 1
    outer loop
      vertex 41.1938 100.9 1.02
      vertex 40.7818 101.311 1.02
      vertex 40.6879 100.872 1.02
    endloop
  endfacet
  facet normal 0 0 1
    outer loop
      vertex 41.1938 100.9 1.02
      vertex 40.9678 100.197 1.02
      vertex 41.1286 100.079 1.02
    endloop
  endfacet
  facet normal 0 0 1
    outer loop
      vertex 41.1938 100.9 1.02
      vertex 40.8479 100.332 1.02
      vertex 40.9678 100.197 1.02
    endloop
  endfacet
  facet normal 0 0 1
    outer loop
      vertex 41.1938 100.9 1.02
      vertex 40.7599 100.489 1.02
      vertex 40.8479 100.332 1.02
    endloop
  endfacet
  facet normal 0 0 1
    outer loop
      vertex 43.6991 99.2522 1.02
      vertex 43.1783 99.199 1.02
      vertex 43.1998 99.028 1.02
    endloop
  endfacet
  facet normal 0 0 1
    outer loop
      vertex 43.3816 99.799 1.02
      vertex 43.1138 99.334 1.02
      vertex 43.1783 99.199 1.02
    endloop
  endfacet
  facet normal 0 0 1
    outer loop
      vertex 42.8739 99.528 1.02
      vertex 43.2509 99.887 1.02
      vertex 43.1056 99.9615 1.02
    endloop
  endfacet
  facet normal 0 0 1
    outer loop
      vertex 43.3816 99.799 1.02
      vertex 43.0114 99.4415 1.02
      vertex 43.1138 99.334 1.02
    endloop
  endfacet
  facet normal 0 0 1
    outer loop
      vertex 42.8739 99.528 1.02
      vertex 43.1056 99.9615 1.02
      vertex 42.9498 100.025 1.02
    endloop
  endfacet
  facet normal 0 0 1
    outer loop
      vertex 43.2509 99.887 1.02
      vertex 42.8739 99.528 1.02
      vertex 43.0114 99.4415 1.02
    endloop
  endfacet
  facet normal 0 0 1
    outer loop
      vertex 42.7039 99.5987 1.02
      vertex 42.9498 100.025 1.02
      vertex 42.7859 100.08 1.02
    endloop
  endfacet
  facet normal 0 0 1
    outer loop
      vertex 42.9498 100.025 1.02
      vertex 42.7039 99.5987 1.02
      vertex 42.8739 99.528 1.02
    endloop
  endfacet
  facet normal 0 0 1
    outer loop
      vertex 42.5038 99.657 1.02
      vertex 42.7859 100.08 1.02
      vertex 42.6138 100.126 1.02
    endloop
  endfacet
  facet normal 0 0 1
    outer loop
      vertex 42.7859 100.08 1.02
      vertex 42.5038 99.657 1.02
      vertex 42.7039 99.5987 1.02
    endloop
  endfacet
  facet normal 0 0 1
    outer loop
      vertex 42.4384 100.168 1.02
      vertex 42.5038 99.657 1.02
      vertex 42.6138 100.126 1.02
    endloop
  endfacet
  facet normal 0 0 1
    outer loop
      vertex 42.4384 100.168 1.02
      vertex 42.2774 99.7112 1.02
      vertex 42.5038 99.657 1.02
    endloop
  endfacet
  facet normal 0 0 1
    outer loop
      vertex 42.2619 100.21 1.02
      vertex 42.2774 99.7112 1.02
      vertex 42.4384 100.168 1.02
    endloop
  endfacet
  facet normal 0 0 1
    outer loop
      vertex 42.2619 100.21 1.02
      vertex 42.0278 99.77 1.02
      vertex 42.2774 99.7112 1.02
    endloop
  endfacet
  facet normal 0 0 1
    outer loop
      vertex 41.8224 100.318 1.02
      vertex 42.0278 99.77 1.02
      vertex 42.2619 100.21 1.02
    endloop
  endfacet
  facet normal 0 0 1
    outer loop
      vertex 41.8224 100.318 1.02
      vertex 41.6286 99.871 1.02
      vertex 42.0278 99.77 1.02
    endloop
  endfacet
  facet normal 0 0 1
    outer loop
      vertex 41.5578 100.408 1.02
      vertex 41.6286 99.871 1.02
      vertex 41.8224 100.318 1.02
    endloop
  endfacet
  facet normal 0 0 1
    outer loop
      vertex 41.3389 99.972 1.02
      vertex 41.5578 100.408 1.02
      vertex 41.4024 100.498 1.02
    endloop
  endfacet
  facet normal 0 0 1
    outer loop
      vertex 41.5578 100.408 1.02
      vertex 41.3389 99.972 1.02
      vertex 41.6286 99.871 1.02
    endloop
  endfacet
  facet normal 0 0 1
    outer loop
      vertex 41.1286 100.079 1.02
      vertex 41.4024 100.498 1.02
      vertex 41.2879 100.605 1.02
    endloop
  endfacet
  facet normal 0 0 1
    outer loop
      vertex 41.1286 100.079 1.02
      vertex 41.2879 100.605 1.02
      vertex 41.2173 100.737 1.02
    endloop
  endfacet
  facet normal 0 0 1
    outer loop
      vertex 41.4024 100.498 1.02
      vertex 41.1286 100.079 1.02
      vertex 41.3389 99.972 1.02
    endloop
  endfacet
  facet normal 0 0 1
    outer loop
      vertex 41.1286 100.079 1.02
      vertex 41.2173 100.737 1.02
      vertex 41.1938 100.9 1.02
    endloop
  endfacet
  facet normal 0 0 1
    outer loop
      vertex 43.1783 99.199 1.02
      vertex 43.6991 99.2522 1.02
      vertex 43.6548 99.422 1.02
    endloop
  endfacet
  facet normal 0 0 1
    outer loop
      vertex 43.6991 99.2522 1.02
      vertex 43.1998 99.028 1.02
      vertex 43.7139 99.055 1.02
    endloop
  endfacet
  facet normal 0 0 1
    outer loop
      vertex 43.1783 99.199 1.02
      vertex 43.6548 99.422 1.02
      vertex 43.5856 99.5677 1.02
    endloop
  endfacet
  facet normal 0 0 1
    outer loop
      vertex 43.1783 99.199 1.02
      vertex 43.5856 99.5677 1.02
      vertex 43.4939 99.693 1.02
    endloop
  endfacet
  facet normal 0 0 1
    outer loop
      vertex 43.1783 99.199 1.02
      vertex 43.4939 99.693 1.02
      vertex 43.3816 99.799 1.02
    endloop
  endfacet
  facet normal 0 0 1
    outer loop
      vertex 43.7139 99.055 1.02
      vertex 43.1998 99.028 1.02
      vertex 43.6101 98.582 1.02
    endloop
  endfacet
  facet normal 0 0 1
    outer loop
      vertex 43.0114 99.4415 1.02
      vertex 43.3816 99.799 1.02
      vertex 43.2509 99.887 1.02
    endloop
  endfacet
  facet normal -0 0 1
    outer loop
      vertex 43.1316 98.7307 1.02
      vertex 43.6101 98.582 1.02
      vertex 43.1998 99.028 1.02
    endloop
  endfacet
  facet normal 0 0 1
    outer loop
      vertex 43.6101 98.582 1.02
      vertex 43.1316 98.7307 1.02
      vertex 43.2989 98.229 1.02
    endloop
  endfacet
  facet normal -0 0 1
    outer loop
      vertex 42.9268 98.515 1.02
      vertex 43.2989 98.229 1.02
      vertex 43.1316 98.7307 1.02
    endloop
  endfacet
  facet normal 0 0 1
    outer loop
      vertex 42.9268 98.515 1.02
      vertex 42.8001 98.0092 1.02
      vertex 43.2989 98.229 1.02
    endloop
  endfacet
  facet normal -0 0 1
    outer loop
      vertex 42.5964 98.3845 1.02
      vertex 42.8001 98.0092 1.02
      vertex 42.9268 98.515 1.02
    endloop
  endfacet
  facet normal 0 0 1
    outer loop
      vertex 42.1319 97.936 1.02
      vertex 42.5964 98.3845 1.02
      vertex 42.1508 98.341 1.02
    endloop
  endfacet
  facet normal 0 0 1
    outer loop
      vertex 42.5964 98.3845 1.02
      vertex 42.1319 97.936 1.02
      vertex 42.8001 98.0092 1.02
    endloop
  endfacet
  facet normal 0 0 1
    outer loop
      vertex 41.7149 98.3815 1.02
      vertex 42.1319 97.936 1.02
      vertex 42.1508 98.341 1.02
    endloop
  endfacet
  facet normal 0 0 1
    outer loop
      vertex 41.0261 98.1792 1.02
      vertex 41.7149 98.3815 1.02
      vertex 41.3809 98.503 1.02
    endloop
  endfacet
  facet normal 0 0 1
    outer loop
      vertex 41.7149 98.3815 1.02
      vertex 41.0261 98.1792 1.02
      vertex 42.1319 97.936 1.02
    endloop
  endfacet
  facet normal 0 0 1
    outer loop
      vertex 41.1476 98.7107 1.02
      vertex 41.0261 98.1792 1.02
      vertex 41.3809 98.503 1.02
    endloop
  endfacet
  facet normal -0 0 1
    outer loop
      vertex 40.5089 98.909 1.02
      vertex 41.1476 98.7107 1.02
      vertex 41.0119 99.01 1.02
    endloop
  endfacet
  facet normal 0 0 1
    outer loop
      vertex 41.1476 98.7107 1.02
      vertex 40.5089 98.909 1.02
      vertex 41.0261 98.1792 1.02
    endloop
  endfacet
  facet normal 0 0 1
    outer loop
      vertex 12.678 101.84 1.02
      vertex 10.476 101.416 1.02
      vertex 12.678 101.416 1.02
    endloop
  endfacet
  facet normal 0 0 1
    outer loop
      vertex 9.95699 101.84 1.02
      vertex 10.476 99.984 1.02
      vertex 10.476 101.416 1.02
    endloop
  endfacet
  facet normal 0 0 1
    outer loop
      vertex 9.95699 98 1.02
      vertex 10.476 99.984 1.02
      vertex 9.95699 101.84 1.02
    endloop
  endfacet
  facet normal -0 0 1
    outer loop
      vertex 9.95699 101.84 1.02
      vertex 10.476 101.416 1.02
      vertex 12.678 101.84 1.02
    endloop
  endfacet
  facet normal 0 0 1
    outer loop
      vertex 10.476 99.984 1.02
      vertex 9.95699 98 1.02
      vertex 10.476 99.554 1.02
    endloop
  endfacet
  facet normal 0 0 1
    outer loop
      vertex 10.476 99.554 1.02
      vertex 9.95699 98 1.02
      vertex 10.476 98 1.02
    endloop
  endfacet
  facet normal -0 0 1
    outer loop
      vertex 10.476 99.984 1.02
      vertex 12.613 99.554 1.02
      vertex 12.613 99.984 1.02
    endloop
  endfacet
  facet normal 0 0 1
    outer loop
      vertex 12.613 99.554 1.02
      vertex 10.476 99.984 1.02
      vertex 10.476 99.554 1.02
    endloop
  endfacet
  facet normal -0 0 1
    outer loop
      vertex 53.8057 101.584 1.02
      vertex 54.1327 100.944 1.02
      vertex 54.1327 101.584 1.02
    endloop
  endfacet
  facet normal 0 0 1
    outer loop
      vertex 54.1327 100.944 1.02
      vertex 53.6617 100.944 1.02
      vertex 54.1327 100.588 1.02
    endloop
  endfacet
  facet normal 0 0 1
    outer loop
      vertex 54.1327 100.944 1.02
      vertex 53.8057 101.584 1.02
      vertex 53.6617 100.944 1.02
    endloop
  endfacet
  facet normal -0 0 1
    outer loop
      vertex 54.1327 100.944 1.02
      vertex 54.6757 100.588 1.02
      vertex 54.6757 100.944 1.02
    endloop
  endfacet
  facet normal 0 0 1
    outer loop
      vertex 54.6757 100.588 1.02
      vertex 54.1327 100.944 1.02
      vertex 54.1327 100.588 1.02
    endloop
  endfacet
  facet normal -0 0 1
    outer loop
      vertex 54.5617 98.3345 1.02
      vertex 54.7247 98.001 1.02
      vertex 54.7247 98.363 1.02
    endloop
  endfacet
  facet normal 0 0 1
    outer loop
      vertex 54.5617 98.3345 1.02
      vertex 54.48 97.9523 1.02
      vertex 54.7247 98.001 1.02
    endloop
  endfacet
  facet normal -0 0 1
    outer loop
      vertex 54.4427 98.325 1.02
      vertex 54.48 97.9523 1.02
      vertex 54.5617 98.3345 1.02
    endloop
  endfacet
  facet normal 0 0 1
    outer loop
      vertex 54.2297 97.936 1.02
      vertex 54.4427 98.325 1.02
      vertex 54.2965 98.3465 1.02
    endloop
  endfacet
  facet normal 0 0 1
    outer loop
      vertex 54.4427 98.325 1.02
      vertex 54.2297 97.936 1.02
      vertex 54.48 97.9523 1.02
    endloop
  endfacet
  facet normal 0 0 1
    outer loop
      vertex 54.2017 98.411 1.02
      vertex 54.2297 97.936 1.02
      vertex 54.2965 98.3465 1.02
    endloop
  endfacet
  facet normal 0 0 1
    outer loop
      vertex 53.7895 98.104 1.02
      vertex 54.2017 98.411 1.02
      vertex 54.15 98.5297 1.02
    endloop
  endfacet
  facet normal 0 0 1
    outer loop
      vertex 54.1327 100.588 1.02
      vertex 53.6427 100.588 1.02
      vertex 54.1327 98.712 1.02
    endloop
  endfacet
  facet normal 0 0 1
    outer loop
      vertex 54.2017 98.411 1.02
      vertex 53.7895 98.104 1.02
      vertex 54.2297 97.936 1.02
    endloop
  endfacet
  facet normal 0 0 1
    outer loop
      vertex 53.6427 98.608 1.02
      vertex 54.1327 98.712 1.02
      vertex 53.6427 100.588 1.02
    endloop
  endfacet
  facet normal 0 0 1
    outer loop
      vertex 54.1327 100.588 1.02
      vertex 53.6617 100.944 1.02
      vertex 53.6427 100.588 1.02
    endloop
  endfacet
  facet normal 0 0 1
    outer loop
      vertex 54.1327 98.712 1.02
      vertex 53.6427 98.608 1.02
      vertex 54.15 98.5297 1.02
    endloop
  endfacet
  facet normal 0 0 1
    outer loop
      vertex 54.15 98.5297 1.02
      vertex 53.6427 98.608 1.02
      vertex 53.7895 98.104 1.02
    endloop
  endfacet
  facet normal -0 0 1
    outer loop
      vertex 53.3027 100.944 1.02
      vertex 53.6427 100.588 1.02
      vertex 53.6617 100.944 1.02
    endloop
  endfacet
  facet normal 0 0 1
    outer loop
      vertex 53.6427 100.588 1.02
      vertex 53.3027 100.944 1.02
      vertex 53.3027 100.588 1.02
    endloop
  endfacet
  facet normal -0 0 1
    outer loop
      vertex 66.7745 101.584 1.02
      vertex 67.1015 100.944 1.02
      vertex 67.1015 101.584 1.02
    endloop
  endfacet
  facet normal 0 0 1
    outer loop
      vertex 67.1015 100.944 1.02
      vertex 66.6305 100.944 1.02
      vertex 67.1015 100.588 1.02
    endloop
  endfacet
  facet normal 0 0 1
    outer loop
      vertex 67.1015 100.944 1.02
      vertex 66.7745 101.584 1.02
      vertex 66.6305 100.944 1.02
    endloop
  endfacet
  facet normal -0 0 1
    outer loop
      vertex 67.1015 100.944 1.02
      vertex 67.6445 100.588 1.02
      vertex 67.6445 100.944 1.02
    endloop
  endfacet
  facet normal 0 0 1
    outer loop
      vertex 67.6445 100.588 1.02
      vertex 67.1015 100.944 1.02
      vertex 67.1015 100.588 1.02
    endloop
  endfacet
  facet normal -0 0 1
    outer loop
      vertex 67.5305 98.3345 1.02
      vertex 67.6935 98.001 1.02
      vertex 67.6935 98.363 1.02
    endloop
  endfacet
  facet normal 0 0 1
    outer loop
      vertex 67.5305 98.3345 1.02
      vertex 67.4487 97.9523 1.02
      vertex 67.6935 98.001 1.02
    endloop
  endfacet
  facet normal -0 0 1
    outer loop
      vertex 67.4115 98.325 1.02
      vertex 67.4487 97.9523 1.02
      vertex 67.5305 98.3345 1.02
    endloop
  endfacet
  facet normal 0 0 1
    outer loop
      vertex 67.1985 97.936 1.02
      vertex 67.4115 98.325 1.02
      vertex 67.2652 98.3465 1.02
    endloop
  endfacet
  facet normal 0 0 1
    outer loop
      vertex 67.4115 98.325 1.02
      vertex 67.1985 97.936 1.02
      vertex 67.4487 97.9523 1.02
    endloop
  endfacet
  facet normal 0 0 1
    outer loop
      vertex 67.1705 98.411 1.02
      vertex 67.1985 97.936 1.02
      vertex 67.2652 98.3465 1.02
    endloop
  endfacet
  facet normal 0 0 1
    outer loop
      vertex 66.7582 98.104 1.02
      vertex 67.1705 98.411 1.02
      vertex 67.1187 98.5297 1.02
    endloop
  endfacet
  facet normal 0 0 1
    outer loop
      vertex 67.1015 100.588 1.02
      vertex 66.6115 100.588 1.02
      vertex 67.1015 98.712 1.02
    endloop
  endfacet
  facet normal 0 0 1
    outer loop
      vertex 67.1705 98.411 1.02
      vertex 66.7582 98.104 1.02
      vertex 67.1985 97.936 1.02
    endloop
  endfacet
  facet normal 0 0 1
    outer loop
      vertex 66.6115 98.608 1.02
      vertex 67.1015 98.712 1.02
      vertex 66.6115 100.588 1.02
    endloop
  endfacet
  facet normal 0 0 1
    outer loop
      vertex 67.1015 100.588 1.02
      vertex 66.6305 100.944 1.02
      vertex 66.6115 100.588 1.02
    endloop
  endfacet
  facet normal 0 0 1
    outer loop
      vertex 67.1015 98.712 1.02
      vertex 66.6115 98.608 1.02
      vertex 67.1187 98.5297 1.02
    endloop
  endfacet
  facet normal 0 0 1
    outer loop
      vertex 67.1187 98.5297 1.02
      vertex 66.6115 98.608 1.02
      vertex 66.7582 98.104 1.02
    endloop
  endfacet
  facet normal -0 0 1
    outer loop
      vertex 66.2715 100.944 1.02
      vertex 66.6115 100.588 1.02
      vertex 66.6305 100.944 1.02
    endloop
  endfacet
  facet normal 0 0 1
    outer loop
      vertex 66.6115 100.588 1.02
      vertex 66.2715 100.944 1.02
      vertex 66.2715 100.588 1.02
    endloop
  endfacet
  facet normal 0 0 1
    outer loop
      vertex 52.2661 100.353 1.02
      vertex 51.7941 100.585 1.02
      vertex 51.7981 100.258 1.02
    endloop
  endfacet
  facet normal 0 -0 1
    outer loop
      vertex 51.7941 100.585 1.02
      vertex 52.2441 100.944 1.02
      vertex 51.7821 100.944 1.02
    endloop
  endfacet
  facet normal 0 0 1
    outer loop
      vertex 53.0598 100.552 1.02
      vertex 53.1741 100.981 1.02
      vertex 53.0741 101.001 1.02
    endloop
  endfacet
  facet normal 0 0 1
    outer loop
      vertex 53.1741 100.981 1.02
      vertex 53.0598 100.552 1.02
      vertex 53.1741 100.532 1.02
    endloop
  endfacet
  facet normal 0 0 1
    outer loop
      vertex 52.9761 101.008 1.02
      vertex 53.0598 100.552 1.02
      vertex 53.0741 101.001 1.02
    endloop
  endfacet
  facet normal 0 0 1
    outer loop
      vertex 52.9761 101.008 1.02
      vertex 52.9131 100.559 1.02
      vertex 53.0598 100.552 1.02
    endloop
  endfacet
  facet normal -0 0 1
    outer loop
      vertex 52.7296 100.973 1.02
      vertex 52.9131 100.559 1.02
      vertex 52.9761 101.008 1.02
    endloop
  endfacet
  facet normal -0 0 1
    outer loop
      vertex 52.5461 100.869 1.02
      vertex 52.9131 100.559 1.02
      vertex 52.7296 100.973 1.02
    endloop
  endfacet
  facet normal 0 0 1
    outer loop
      vertex 52.9131 100.559 1.02
      vertex 52.5461 100.869 1.02
      vertex 52.6441 100.493 1.02
    endloop
  endfacet
  facet normal -0 0 1
    outer loop
      vertex 52.4028 100.671 1.02
      vertex 52.6441 100.493 1.02
      vertex 52.5461 100.869 1.02
    endloop
  endfacet
  facet normal 0 0 1
    outer loop
      vertex 52.6441 100.493 1.02
      vertex 52.4028 100.671 1.02
      vertex 52.4471 100.295 1.02
    endloop
  endfacet
  facet normal -0 0 1
    outer loop
      vertex 52.2771 100.353 1.02
      vertex 52.4471 100.295 1.02
      vertex 52.4028 100.671 1.02
    endloop
  endfacet
  facet normal 0 0 1
    outer loop
      vertex 52.4471 100.295 1.02
      vertex 52.2771 100.353 1.02
      vertex 52.3271 99.9747 1.02
    endloop
  endfacet
  facet normal -0 0 1
    outer loop
      vertex 52.2661 100.353 1.02
      vertex 52.3271 99.9747 1.02
      vertex 52.2771 100.353 1.02
    endloop
  endfacet
  facet normal -0 0 1
    outer loop
      vertex 51.7981 100.258 1.02
      vertex 52.3271 99.9747 1.02
      vertex 52.2661 100.353 1.02
    endloop
  endfacet
  facet normal 0 0 1
    outer loop
      vertex 52.3271 99.9747 1.02
      vertex 51.7981 100.258 1.02
      vertex 52.2871 99.54 1.02
    endloop
  endfacet
  facet normal 0 0 1
    outer loop
      vertex 51.7941 100.585 1.02
      vertex 52.2661 100.353 1.02
      vertex 52.2606 100.55 1.02
    endloop
  endfacet
  facet normal -0 0 1
    outer loop
      vertex 51.7941 100.585 1.02
      vertex 52.2606 100.55 1.02
      vertex 52.2441 100.944 1.02
    endloop
  endfacet
  facet normal 0 0 1
    outer loop
      vertex 51.7981 98 1.02
      vertex 52.2871 99.54 1.02
      vertex 51.7981 100.258 1.02
    endloop
  endfacet
  facet normal 0 0 1
    outer loop
      vertex 52.2871 99.54 1.02
      vertex 51.7981 98 1.02
      vertex 52.2871 98 1.02
    endloop
  endfacet
  facet normal 0 0 1
    outer loop
      vertex 38.0859 100.323 1.02
      vertex 38.5246 100.507 1.02
      vertex 38.2822 100.779 1.02
    endloop
  endfacet
  facet normal 0 -0 1
    outer loop
      vertex 38.1532 100.112 1.02
      vertex 38.5246 100.507 1.02
      vertex 38.0859 100.323 1.02
    endloop
  endfacet
  facet normal 0 0 1
    outer loop
      vertex 38.5246 100.507 1.02
      vertex 38.1532 100.112 1.02
      vertex 38.6561 100.149 1.02
    endloop
  endfacet
  facet normal 0 0 1
    outer loop
      vertex 38.2822 100.779 1.02
      vertex 37.9601 100.486 1.02
      vertex 38.0859 100.323 1.02
    endloop
  endfacet
  facet normal 0 0 1
    outer loop
      vertex 37.9464 100.951 1.02
      vertex 37.9601 100.486 1.02
      vertex 38.2822 100.779 1.02
    endloop
  endfacet
  facet normal 0 0 1
    outer loop
      vertex 37.9464 100.951 1.02
      vertex 37.7726 100.59 1.02
      vertex 37.9601 100.486 1.02
    endloop
  endfacet
  facet normal 0 0 1
    outer loop
      vertex 37.5331 101.008 1.02
      vertex 37.7726 100.59 1.02
      vertex 37.9464 100.951 1.02
    endloop
  endfacet
  facet normal 0 0 1
    outer loop
      vertex 37.5331 101.008 1.02
      vertex 37.5201 100.625 1.02
      vertex 37.7726 100.59 1.02
    endloop
  endfacet
  facet normal 0 0 1
    outer loop
      vertex 37.5331 101.008 1.02
      vertex 37.1849 100.56 1.02
      vertex 37.5201 100.625 1.02
    endloop
  endfacet
  facet normal -0 0 1
    outer loop
      vertex 36.9949 100.91 1.02
      vertex 37.1849 100.56 1.02
      vertex 37.5331 101.008 1.02
    endloop
  endfacet
  facet normal 0 0 1
    outer loop
      vertex 36.9949 100.91 1.02
      vertex 36.9572 100.364 1.02
      vertex 37.1849 100.56 1.02
    endloop
  endfacet
  facet normal -0 0 1
    outer loop
      vertex 36.5981 100.615 1.02
      vertex 36.9572 100.364 1.02
      vertex 36.9949 100.91 1.02
    endloop
  endfacet
  facet normal 0 0 1
    outer loop
      vertex 36.9572 100.364 1.02
      vertex 36.3537 100.133 1.02
      vertex 36.8266 100.014 1.02
    endloop
  endfacet
  facet normal 0 0 1
    outer loop
      vertex 36.3537 100.133 1.02
      vertex 36.9572 100.364 1.02
      vertex 36.5981 100.615 1.02
    endloop
  endfacet
  facet normal 0 0 1
    outer loop
      vertex 38.1772 98.896 1.02
      vertex 38.5531 98.4827 1.02
      vertex 38.6721 98.863 1.02
    endloop
  endfacet
  facet normal 0 0 1
    outer loop
      vertex 38.5531 98.4827 1.02
      vertex 38.1772 98.896 1.02
      vertex 38.1026 98.6417 1.02
    endloop
  endfacet
  facet normal 0 0 1
    outer loop
      vertex 38.5531 98.4827 1.02
      vertex 38.1026 98.6417 1.02
      vertex 38.3102 98.188 1.02
    endloop
  endfacet
  facet normal -0 0 1
    outer loop
      vertex 37.9612 98.463 1.02
      vertex 38.3102 98.188 1.02
      vertex 38.1026 98.6417 1.02
    endloop
  endfacet
  facet normal 0 0 1
    outer loop
      vertex 38.3102 98.188 1.02
      vertex 37.9612 98.463 1.02
      vertex 37.9654 97.999 1.02
    endloop
  endfacet
  facet normal -0 0 1
    outer loop
      vertex 37.7646 98.3572 1.02
      vertex 37.9654 97.999 1.02
      vertex 37.9612 98.463 1.02
    endloop
  endfacet
  facet normal 0 0 1
    outer loop
      vertex 37.7646 98.3572 1.02
      vertex 37.5392 97.936 1.02
      vertex 37.9654 97.999 1.02
    endloop
  endfacet
  facet normal -0 0 1
    outer loop
      vertex 37.5251 98.322 1.02
      vertex 37.5392 97.936 1.02
      vertex 37.7646 98.3572 1.02
    endloop
  endfacet
  facet normal 0 0 1
    outer loop
      vertex 37.1999 98.3932 1.02
      vertex 37.5392 97.936 1.02
      vertex 37.5251 98.322 1.02
    endloop
  endfacet
  facet normal 0 0 1
    outer loop
      vertex 37.1999 98.3932 1.02
      vertex 36.9951 98.0342 1.02
      vertex 37.5392 97.936 1.02
    endloop
  endfacet
  facet normal 0 0 1
    outer loop
      vertex 36.9682 98.607 1.02
      vertex 36.9951 98.0342 1.02
      vertex 37.1999 98.3932 1.02
    endloop
  endfacet
  facet normal -0 0 1
    outer loop
      vertex 36.3534 98.812 1.02
      vertex 36.9682 98.607 1.02
      vertex 36.8294 98.9697 1.02
    endloop
  endfacet
  facet normal 0 0 1
    outer loop
      vertex 36.2722 99.475 1.02
      vertex 36.8266 100.014 1.02
      vertex 36.3537 100.133 1.02
    endloop
  endfacet
  facet normal 0 0 1
    outer loop
      vertex 36.9682 98.607 1.02
      vertex 36.5972 98.329 1.02
      vertex 36.9951 98.0342 1.02
    endloop
  endfacet
  facet normal 0 0 1
    outer loop
      vertex 36.8266 100.014 1.02
      vertex 36.2722 99.475 1.02
      vertex 36.7831 99.486 1.02
    endloop
  endfacet
  facet normal 0 0 1
    outer loop
      vertex 36.7831 99.486 1.02
      vertex 36.2722 99.475 1.02
      vertex 36.8294 98.9697 1.02
    endloop
  endfacet
  facet normal 0 -0 1
    outer loop
      vertex 36.3534 98.812 1.02
      vertex 36.8294 98.9697 1.02
      vertex 36.2722 99.475 1.02
    endloop
  endfacet
  facet normal 0 0 1
    outer loop
      vertex 36.9682 98.607 1.02
      vertex 36.3534 98.812 1.02
      vertex 36.5972 98.329 1.02
    endloop
  endfacet
  facet normal -0 0 1
    outer loop
      vertex 50.5233 100.269 1.02
      vertex 51.0565 100 1.02
      vertex 50.9865 100.432 1.02
    endloop
  endfacet
  facet normal -0 0 1
    outer loop
      vertex 51.4065 98.2697 1.02
      vertex 51.4915 97.98 1.02
      vertex 51.4915 98.284 1.02
    endloop
  endfacet
  facet normal -0 0 1
    outer loop
      vertex 51.3315 98.265 1.02
      vertex 51.4915 97.98 1.02
      vertex 51.4065 98.2697 1.02
    endloop
  endfacet
  facet normal 0 0 1
    outer loop
      vertex 51.3315 98.265 1.02
      vertex 51.3045 97.947 1.02
      vertex 51.4915 97.98 1.02
    endloop
  endfacet
  facet normal 0 0 1
    outer loop
      vertex 51.1965 98.293 1.02
      vertex 51.3045 97.947 1.02
      vertex 51.3315 98.265 1.02
    endloop
  endfacet
  facet normal 0 0 1
    outer loop
      vertex 50.8785 97.9735 1.02
      vertex 51.1965 98.293 1.02
      vertex 51.1135 98.377 1.02
    endloop
  endfacet
  facet normal 0 0 1
    outer loop
      vertex 51.1965 98.293 1.02
      vertex 51.1135 97.936 1.02
      vertex 51.3045 97.947 1.02
    endloop
  endfacet
  facet normal 0 0 1
    outer loop
      vertex 50.6205 98.2795 1.02
      vertex 51.1135 98.377 1.02
      vertex 51.0708 98.5165 1.02
    endloop
  endfacet
  facet normal 0 0 1
    outer loop
      vertex 51.1965 98.293 1.02
      vertex 50.8785 97.9735 1.02
      vertex 51.1135 97.936 1.02
    endloop
  endfacet
  facet normal -0 0 1
    outer loop
      vertex 50.5775 98.558 1.02
      vertex 51.0708 98.5165 1.02
      vertex 51.0565 98.711 1.02
    endloop
  endfacet
  facet normal 0 0 1
    outer loop
      vertex 51.0565 100 1.02
      vertex 50.5615 99.449 1.02
      vertex 51.0565 98.711 1.02
    endloop
  endfacet
  facet normal 0 0 1
    outer loop
      vertex 50.5233 100.269 1.02
      vertex 50.9865 100.432 1.02
      vertex 50.7765 100.749 1.02
    endloop
  endfacet
  facet normal 0 0 1
    outer loop
      vertex 51.0565 98.711 1.02
      vertex 50.5615 99.449 1.02
      vertex 50.5615 99.206 1.02
    endloop
  endfacet
  facet normal 0 0 1
    outer loop
      vertex 51.0708 98.5165 1.02
      vertex 50.5775 98.558 1.02
      vertex 50.6205 98.2795 1.02
    endloop
  endfacet
  facet normal 0 0 1
    outer loop
      vertex 51.1135 98.377 1.02
      vertex 50.6205 98.2795 1.02
      vertex 50.7175 98.086 1.02
    endloop
  endfacet
  facet normal 0 0 1
    outer loop
      vertex 51.0565 100 1.02
      vertex 50.5615 99.955 1.02
      vertex 50.5615 99.792 1.02
    endloop
  endfacet
  facet normal 0 0 1
    outer loop
      vertex 51.0565 100 1.02
      vertex 50.5233 100.269 1.02
      vertex 50.5615 99.955 1.02
    endloop
  endfacet
  facet normal 0 0 1
    outer loop
      vertex 50.4085 100.478 1.02
      vertex 50.7765 100.749 1.02
      vertex 50.4278 100.943 1.02
    endloop
  endfacet
  facet normal 0 0 1
    outer loop
      vertex 50.7765 100.749 1.02
      vertex 50.4085 100.478 1.02
      vertex 50.5233 100.269 1.02
    endloop
  endfacet
  facet normal 0 0 1
    outer loop
      vertex 50.4278 100.943 1.02
      vertex 50.213 100.596 1.02
      vertex 50.4085 100.478 1.02
    endloop
  endfacet
  facet normal 0 0 1
    outer loop
      vertex 49.9415 101.008 1.02
      vertex 50.213 100.596 1.02
      vertex 50.4278 100.943 1.02
    endloop
  endfacet
  facet normal 0 0 1
    outer loop
      vertex 49.9415 101.008 1.02
      vertex 49.9305 100.636 1.02
      vertex 50.213 100.596 1.02
    endloop
  endfacet
  facet normal 0 0 1
    outer loop
      vertex 49.9415 101.008 1.02
      vertex 49.6463 100.608 1.02
      vertex 49.9305 100.636 1.02
    endloop
  endfacet
  facet normal -0 0 1
    outer loop
      vertex 49.119 100.811 1.02
      vertex 49.6463 100.608 1.02
      vertex 49.9415 101.008 1.02
    endloop
  endfacet
  facet normal 0 0 1
    outer loop
      vertex 49.6463 100.608 1.02
      vertex 49.119 100.811 1.02
      vertex 49.4515 100.526 1.02
    endloop
  endfacet
  facet normal 0 0 1
    outer loop
      vertex 49.119 100.811 1.02
      vertex 49.3323 100.384 1.02
      vertex 49.4515 100.526 1.02
    endloop
  endfacet
  facet normal 0 0 1
    outer loop
      vertex 48.7615 100.222 1.02
      vertex 49.3323 100.384 1.02
      vertex 49.119 100.811 1.02
    endloop
  endfacet
  facet normal 0 0 1
    outer loop
      vertex 49.3323 100.384 1.02
      vertex 48.7615 100.222 1.02
      vertex 49.2725 100.176 1.02
    endloop
  endfacet
  facet normal 0 0 1
    outer loop
      vertex 50.5615 99.792 1.02
      vertex 50.0265 99.438 1.02
      vertex 50.5615 99.449 1.02
    endloop
  endfacet
  facet normal -0 0 1
    outer loop
      vertex 49.9005 99.781 1.02
      vertex 50.0265 99.438 1.02
      vertex 50.5615 99.792 1.02
    endloop
  endfacet
  facet normal 0 0 1
    outer loop
      vertex 49.9005 99.781 1.02
      vertex 49.7225 99.4177 1.02
      vertex 50.0265 99.438 1.02
    endloop
  endfacet
  facet normal -0 0 1
    outer loop
      vertex 49.3243 99.7075 1.02
      vertex 49.7225 99.4177 1.02
      vertex 49.9005 99.781 1.02
    endloop
  endfacet
  facet normal 0 0 1
    outer loop
      vertex 49.7225 99.4177 1.02
      vertex 49.3243 99.7075 1.02
      vertex 49.5025 99.367 1.02
    endloop
  endfacet
  facet normal 0 0 1
    outer loop
      vertex 49.5025 99.367 1.02
      vertex 49.3243 99.7075 1.02
      vertex 49.3453 99.2832 1.02
    endloop
  endfacet
  facet normal -0 0 1
    outer loop
      vertex 48.9315 99.519 1.02
      vertex 49.3453 99.2832 1.02
      vertex 49.3243 99.7075 1.02
    endloop
  endfacet
  facet normal 0 0 1
    outer loop
      vertex 49.3453 99.2832 1.02
      vertex 48.9315 99.519 1.02
      vertex 49.2295 99.164 1.02
    endloop
  endfacet
  facet normal -0 0 1
    outer loop
      vertex 48.7065 99.22 1.02
      vertex 49.2295 99.164 1.02
      vertex 48.9315 99.519 1.02
    endloop
  endfacet
  facet normal 0 0 1
    outer loop
      vertex 49.2295 99.164 1.02
      vertex 48.7065 99.22 1.02
      vertex 49.1583 99.0065 1.02
    endloop
  endfacet
  facet normal 0 0 1
    outer loop
      vertex 48.6315 98.815 1.02
      vertex 49.1583 99.0065 1.02
      vertex 48.7065 99.22 1.02
    endloop
  endfacet
  facet normal 0 -0 1
    outer loop
      vertex 48.6873 98.4487 1.02
      vertex 49.1345 98.806 1.02
      vertex 48.6315 98.815 1.02
    endloop
  endfacet
  facet normal 0 0 1
    outer loop
      vertex 49.1583 99.0065 1.02
      vertex 48.6315 98.815 1.02
      vertex 49.1345 98.806 1.02
    endloop
  endfacet
  facet normal 0 -0 1
    outer loop
      vertex 48.8545 98.17 1.02
      vertex 49.1345 98.806 1.02
      vertex 48.6873 98.4487 1.02
    endloop
  endfacet
  facet normal 0 0 1
    outer loop
      vertex 49.1345 98.806 1.02
      vertex 48.8545 98.17 1.02
      vertex 49.1325 97.9945 1.02
    endloop
  endfacet
  facet normal 0 0 1
    outer loop
      vertex 51.0565 100 1.02
      vertex 50.5615 99.792 1.02
      vertex 50.5615 99.449 1.02
    endloop
  endfacet
  facet normal -0 0 1
    outer loop
      vertex 50.5313 98.982 1.02
      vertex 51.0565 98.711 1.02
      vertex 50.5615 99.206 1.02
    endloop
  endfacet
  facet normal 0 0 1
    outer loop
      vertex 51.1135 98.377 1.02
      vertex 50.7175 98.086 1.02
      vertex 50.8785 97.9735 1.02
    endloop
  endfacet
  facet normal 0 0 1
    outer loop
      vertex 51.0565 98.711 1.02
      vertex 50.5313 98.982 1.02
      vertex 50.5775 98.558 1.02
    endloop
  endfacet
  facet normal -0 0 1
    outer loop
      vertex 50.4405 98.764 1.02
      vertex 50.5775 98.558 1.02
      vertex 50.5313 98.982 1.02
    endloop
  endfacet
  facet normal 0 0 1
    outer loop
      vertex 50.5775 98.558 1.02
      vertex 50.4405 98.764 1.02
      vertex 50.5615 98.558 1.02
    endloop
  endfacet
  facet normal -0 0 1
    outer loop
      vertex 50.2975 98.572 1.02
      vertex 50.5615 98.558 1.02
      vertex 50.4405 98.764 1.02
    endloop
  endfacet
  facet normal 0 0 1
    outer loop
      vertex 50.5615 98.558 1.02
      vertex 50.2975 98.572 1.02
      vertex 50.3583 98.2677 1.02
    endloop
  endfacet
  facet normal -0 0 1
    outer loop
      vertex 50.1105 98.426 1.02
      vertex 50.3583 98.2677 1.02
      vertex 50.2975 98.572 1.02
    endloop
  endfacet
  facet normal 0 0 1
    outer loop
      vertex 50.3583 98.2677 1.02
      vertex 50.1105 98.426 1.02
      vertex 50.1245 98.077 1.02
    endloop
  endfacet
  facet normal -0 0 1
    outer loop
      vertex 49.8863 98.3337 1.02
      vertex 50.1245 98.077 1.02
      vertex 50.1105 98.426 1.02
    endloop
  endfacet
  facet normal 0 0 1
    outer loop
      vertex 49.8863 98.3337 1.02
      vertex 49.8495 97.9713 1.02
      vertex 50.1245 98.077 1.02
    endloop
  endfacet
  facet normal -0 0 1
    outer loop
      vertex 49.6315 98.303 1.02
      vertex 49.8495 97.9713 1.02
      vertex 49.8863 98.3337 1.02
    endloop
  endfacet
  facet normal 0 0 1
    outer loop
      vertex 49.6315 98.303 1.02
      vertex 49.5205 97.936 1.02
      vertex 49.8495 97.9713 1.02
    endloop
  endfacet
  facet normal 0 0 1
    outer loop
      vertex 49.42 98.3357 1.02
      vertex 49.5205 97.936 1.02
      vertex 49.6315 98.303 1.02
    endloop
  endfacet
  facet normal 0 0 1
    outer loop
      vertex 49.1325 97.9945 1.02
      vertex 49.42 98.3357 1.02
      vertex 49.2635 98.434 1.02
    endloop
  endfacet
  facet normal 0 0 1
    outer loop
      vertex 49.1325 97.9945 1.02
      vertex 49.2635 98.434 1.02
      vertex 49.1668 98.593 1.02
    endloop
  endfacet
  facet normal 0 0 1
    outer loop
      vertex 49.42 98.3357 1.02
      vertex 49.1325 97.9945 1.02
      vertex 49.5205 97.936 1.02
    endloop
  endfacet
  facet normal 0 0 1
    outer loop
      vertex 49.1325 97.9945 1.02
      vertex 49.1668 98.593 1.02
      vertex 49.1345 98.806 1.02
    endloop
  endfacet
  facet normal 0 0 1
    outer loop
      vertex 44.729 100.448 1.02
      vertex 44.257 100.73 1.02
      vertex 44.261 100.315 1.02
    endloop
  endfacet
  facet normal 0 0 1
    outer loop
      vertex 44.7097 100.919 1.02
      vertex 44.245 100.944 1.02
      vertex 44.257 100.73 1.02
    endloop
  endfacet
  facet normal 0 0 1
    outer loop
      vertex 46.4915 100.102 1.02
      vertex 45.9337 100.236 1.02
      vertex 45.963 99.873 1.02
    endloop
  endfacet
  facet normal 0 0 1
    outer loop
      vertex 45.846 100.466 1.02
      vertex 46.124 100.874 1.02
      vertex 45.895 100.974 1.02
    endloop
  endfacet
  facet normal 0 0 1
    outer loop
      vertex 46.2892 100.7 1.02
      vertex 45.846 100.466 1.02
      vertex 45.9337 100.236 1.02
    endloop
  endfacet
  facet normal 0 0 1
    outer loop
      vertex 45.895 100.974 1.02
      vertex 45.6822 100.589 1.02
      vertex 45.846 100.466 1.02
    endloop
  endfacet
  facet normal 0 0 1
    outer loop
      vertex 45.596 101.008 1.02
      vertex 45.6822 100.589 1.02
      vertex 45.895 100.974 1.02
    endloop
  endfacet
  facet normal 0 0 1
    outer loop
      vertex 45.596 101.008 1.02
      vertex 45.425 100.63 1.02
      vertex 45.6822 100.589 1.02
    endloop
  endfacet
  facet normal -0 0 1
    outer loop
      vertex 45.3245 100.977 1.02
      vertex 45.425 100.63 1.02
      vertex 45.596 101.008 1.02
    endloop
  endfacet
  facet normal -0 0 1
    outer loop
      vertex 45.098 100.885 1.02
      vertex 45.425 100.63 1.02
      vertex 45.3245 100.977 1.02
    endloop
  endfacet
  facet normal 0 0 1
    outer loop
      vertex 45.425 100.63 1.02
      vertex 45.098 100.885 1.02
      vertex 45.1447 100.57 1.02
    endloop
  endfacet
  facet normal -0 0 1
    outer loop
      vertex 44.9062 100.714 1.02
      vertex 45.1447 100.57 1.02
      vertex 45.098 100.885 1.02
    endloop
  endfacet
  facet normal 0 0 1
    outer loop
      vertex 45.1447 100.57 1.02
      vertex 44.9062 100.714 1.02
      vertex 44.93 100.389 1.02
    endloop
  endfacet
  facet normal -0 0 1
    outer loop
      vertex 44.737 100.448 1.02
      vertex 44.93 100.389 1.02
      vertex 44.9062 100.714 1.02
    endloop
  endfacet
  facet normal 0 0 1
    outer loop
      vertex 44.93 100.389 1.02
      vertex 44.737 100.448 1.02
      vertex 44.7935 100.1 1.02
    endloop
  endfacet
  facet normal -0 0 1
    outer loop
      vertex 44.729 100.448 1.02
      vertex 44.7935 100.1 1.02
      vertex 44.737 100.448 1.02
    endloop
  endfacet
  facet normal -0 0 1
    outer loop
      vertex 44.261 100.315 1.02
      vertex 44.7935 100.1 1.02
      vertex 44.729 100.448 1.02
    endloop
  endfacet
  facet normal 0 0 1
    outer loop
      vertex 44.7935 100.1 1.02
      vertex 44.261 100.315 1.02
      vertex 44.748 99.712 1.02
    endloop
  endfacet
  facet normal 0 0 1
    outer loop
      vertex 44.257 100.73 1.02
      vertex 44.729 100.448 1.02
      vertex 44.7235 100.626 1.02
    endloop
  endfacet
  facet normal -0 0 1
    outer loop
      vertex 44.257 100.73 1.02
      vertex 44.7235 100.626 1.02
      vertex 44.719 100.736 1.02
    endloop
  endfacet
  facet normal 0 0 1
    outer loop
      vertex 44.257 100.73 1.02
      vertex 44.719 100.736 1.02
      vertex 44.712 100.872 1.02
    endloop
  endfacet
  facet normal 0 0 1
    outer loop
      vertex 44.257 100.73 1.02
      vertex 44.712 100.872 1.02
      vertex 44.7097 100.919 1.02
    endloop
  endfacet
  facet normal -0 0 1
    outer loop
      vertex 44.245 100.944 1.02
      vertex 44.7097 100.919 1.02
      vertex 44.707 100.944 1.02
    endloop
  endfacet
  facet normal 0 0 1
    outer loop
      vertex 44.261 98 1.02
      vertex 44.748 99.712 1.02
      vertex 44.261 100.315 1.02
    endloop
  endfacet
  facet normal 0 0 1
    outer loop
      vertex 44.748 99.712 1.02
      vertex 44.261 98 1.02
      vertex 44.748 98 1.02
    endloop
  endfacet
  facet normal 0 0 1
    outer loop
      vertex 48.146 99.968 1.02
      vertex 47.6327 100.236 1.02
      vertex 47.662 99.873 1.02
    endloop
  endfacet
  facet normal 0 0 1
    outer loop
      vertex 47.943 100.765 1.02
      vertex 47.545 100.466 1.02
      vertex 47.6327 100.236 1.02
    endloop
  endfacet
  facet normal 0 0 1
    outer loop
      vertex 47.68 100.947 1.02
      vertex 47.3812 100.589 1.02
      vertex 47.545 100.466 1.02
    endloop
  endfacet
  facet normal 0 0 1
    outer loop
      vertex 47.295 101.008 1.02
      vertex 47.3812 100.589 1.02
      vertex 47.68 100.947 1.02
    endloop
  endfacet
  facet normal 0 0 1
    outer loop
      vertex 47.295 101.008 1.02
      vertex 47.124 100.63 1.02
      vertex 47.3812 100.589 1.02
    endloop
  endfacet
  facet normal -0 0 1
    outer loop
      vertex 47.0105 100.975 1.02
      vertex 47.124 100.63 1.02
      vertex 47.295 101.008 1.02
    endloop
  endfacet
  facet normal -0 0 1
    outer loop
      vertex 46.771 100.877 1.02
      vertex 47.124 100.63 1.02
      vertex 47.0105 100.975 1.02
    endloop
  endfacet
  facet normal 0 0 1
    outer loop
      vertex 47.124 100.63 1.02
      vertex 46.771 100.877 1.02
      vertex 46.8387 100.57 1.02
    endloop
  endfacet
  facet normal -0 0 1
    outer loop
      vertex 46.571 100.704 1.02
      vertex 46.8387 100.57 1.02
      vertex 46.771 100.877 1.02
    endloop
  endfacet
  facet normal 0 0 1
    outer loop
      vertex 46.8387 100.57 1.02
      vertex 46.571 100.704 1.02
      vertex 46.625 100.391 1.02
    endloop
  endfacet
  facet normal -0 0 1
    outer loop
      vertex 46.403 100.448 1.02
      vertex 46.625 100.391 1.02
      vertex 46.571 100.704 1.02
    endloop
  endfacet
  facet normal 0 0 1
    outer loop
      vertex 46.625 100.391 1.02
      vertex 46.403 100.448 1.02
      vertex 46.4915 100.102 1.02
    endloop
  endfacet
  facet normal -0 0 1
    outer loop
      vertex 46.395 100.448 1.02
      vertex 46.4915 100.102 1.02
      vertex 46.403 100.448 1.02
    endloop
  endfacet
  facet normal -0 0 1
    outer loop
      vertex 45.9337 100.236 1.02
      vertex 46.4915 100.102 1.02
      vertex 46.395 100.448 1.02
    endloop
  endfacet
  facet normal 0 0 1
    outer loop
      vertex 46.4915 100.102 1.02
      vertex 45.963 99.873 1.02
      vertex 46.447 99.712 1.02
    endloop
  endfacet
  facet normal 0 0 1
    outer loop
      vertex 45.9337 100.236 1.02
      vertex 46.395 100.448 1.02
      vertex 46.2892 100.7 1.02
    endloop
  endfacet
  facet normal 0 0 1
    outer loop
      vertex 45.846 100.466 1.02
      vertex 46.2892 100.7 1.02
      vertex 46.124 100.874 1.02
    endloop
  endfacet
  facet normal 0 0 1
    outer loop
      vertex 45.963 98 1.02
      vertex 46.447 99.712 1.02
      vertex 45.963 99.873 1.02
    endloop
  endfacet
  facet normal 0 0 1
    outer loop
      vertex 46.447 99.712 1.02
      vertex 45.963 98 1.02
      vertex 46.447 98 1.02
    endloop
  endfacet
  facet normal -0 0 1
    outer loop
      vertex 47.6327 100.236 1.02
      vertex 48.146 99.968 1.02
      vertex 48.0952 100.444 1.02
    endloop
  endfacet
  facet normal 0 0 1
    outer loop
      vertex 47.6327 100.236 1.02
      vertex 48.0952 100.444 1.02
      vertex 47.943 100.765 1.02
    endloop
  endfacet
  facet normal 0 0 1
    outer loop
      vertex 47.545 100.466 1.02
      vertex 47.943 100.765 1.02
      vertex 47.68 100.947 1.02
    endloop
  endfacet
  facet normal 0 0 1
    outer loop
      vertex 48.146 99.968 1.02
      vertex 47.662 99.873 1.02
      vertex 48.146 98 1.02
    endloop
  endfacet
  facet normal 0 0 1
    outer loop
      vertex 48.146 98 1.02
      vertex 47.662 99.873 1.02
      vertex 47.662 98 1.02
    endloop
  endfacet
  facet normal -0 0 1
    outer loop
      vertex 62.4561 100.005 1.02
      vertex 63.0153 99.475 1.02
      vertex 62.9358 100.158 1.02
    endloop
  endfacet
  facet normal -0 0 1
    outer loop
      vertex 62.3203 100.367 1.02
      vertex 62.9358 100.158 1.02
      vertex 62.6973 100.634 1.02
    endloop
  endfacet
  facet normal 0 0 1
    outer loop
      vertex 62.4541 98.949 1.02
      vertex 63.0153 99.475 1.02
      vertex 62.5013 99.475 1.02
    endloop
  endfacet
  facet normal 0 0 1
    outer loop
      vertex 63.0153 99.475 1.02
      vertex 62.4541 98.949 1.02
      vertex 62.9303 98.7962 1.02
    endloop
  endfacet
  facet normal 0 0 1
    outer loop
      vertex 63.0153 99.475 1.02
      vertex 62.4561 100.005 1.02
      vertex 62.5013 99.475 1.02
    endloop
  endfacet
  facet normal 0 0 1
    outer loop
      vertex 62.9358 100.158 1.02
      vertex 62.3203 100.367 1.02
      vertex 62.4561 100.005 1.02
    endloop
  endfacet
  facet normal 0 0 1
    outer loop
      vertex 62.2903 100.914 1.02
      vertex 62.3203 100.367 1.02
      vertex 62.6973 100.634 1.02
    endloop
  endfacet
  facet normal 0 0 1
    outer loop
      vertex 62.2903 100.914 1.02
      vertex 62.0781 100.576 1.02
      vertex 62.3203 100.367 1.02
    endloop
  endfacet
  facet normal 0 0 1
    outer loop
      vertex 61.7053 101.008 1.02
      vertex 62.0781 100.576 1.02
      vertex 62.2903 100.914 1.02
    endloop
  endfacet
  facet normal 0 0 1
    outer loop
      vertex 62.0781 100.576 1.02
      vertex 61.7053 101.008 1.02
      vertex 61.7133 100.646 1.02
    endloop
  endfacet
  facet normal 0 0 1
    outer loop
      vertex 61.7053 101.008 1.02
      vertex 61.3428 100.575 1.02
      vertex 61.7133 100.646 1.02
    endloop
  endfacet
  facet normal -0 0 1
    outer loop
      vertex 60.7161 100.625 1.02
      vertex 61.3428 100.575 1.02
      vertex 61.7053 101.008 1.02
    endloop
  endfacet
  facet normal 0 0 1
    outer loop
      vertex 60.3863 99.475 1.02
      vertex 60.9481 99.9982 1.02
      vertex 60.7161 100.625 1.02
    endloop
  endfacet
  facet normal 0 0 1
    outer loop
      vertex 61.0913 100.362 1.02
      vertex 60.7161 100.625 1.02
      vertex 60.9481 99.9982 1.02
    endloop
  endfacet
  facet normal 0 0 1
    outer loop
      vertex 61.3428 100.575 1.02
      vertex 60.7161 100.625 1.02
      vertex 61.0913 100.362 1.02
    endloop
  endfacet
  facet normal 0 0 1
    outer loop
      vertex 62.3123 98.583 1.02
      vertex 62.9303 98.7962 1.02
      vertex 62.4541 98.949 1.02
    endloop
  endfacet
  facet normal 0 0 1
    outer loop
      vertex 62.9303 98.7962 1.02
      vertex 62.3123 98.583 1.02
      vertex 62.6753 98.316 1.02
    endloop
  endfacet
  facet normal 0 0 1
    outer loop
      vertex 62.3123 98.583 1.02
      vertex 62.2586 98.031 1.02
      vertex 62.6753 98.316 1.02
    endloop
  endfacet
  facet normal -0 0 1
    outer loop
      vertex 62.0606 98.3692 1.02
      vertex 62.2586 98.031 1.02
      vertex 62.3123 98.583 1.02
    endloop
  endfacet
  facet normal 0 0 1
    outer loop
      vertex 62.0606 98.3692 1.02
      vertex 61.6883 97.936 1.02
      vertex 62.2586 98.031 1.02
    endloop
  endfacet
  facet normal -0 0 1
    outer loop
      vertex 61.6833 98.298 1.02
      vertex 61.6883 97.936 1.02
      vertex 62.0606 98.3692 1.02
    endloop
  endfacet
  facet normal 0 0 1
    outer loop
      vertex 61.3323 98.3717 1.02
      vertex 61.6883 97.936 1.02
      vertex 61.6833 98.298 1.02
    endloop
  endfacet
  facet normal 0 0 1
    outer loop
      vertex 61.3323 98.3717 1.02
      vertex 61.1231 98.0347 1.02
      vertex 61.6883 97.936 1.02
    endloop
  endfacet
  facet normal 0 0 1
    outer loop
      vertex 61.0893 98.593 1.02
      vertex 61.1231 98.0347 1.02
      vertex 61.3323 98.3717 1.02
    endloop
  endfacet
  facet normal -0 0 1
    outer loop
      vertex 60.4686 98.815 1.02
      vertex 61.0893 98.593 1.02
      vertex 60.9476 98.961 1.02
    endloop
  endfacet
  facet normal 0 0 1
    outer loop
      vertex 60.9481 99.9982 1.02
      vertex 60.3863 99.475 1.02
      vertex 60.9003 99.475 1.02
    endloop
  endfacet
  facet normal 0 0 1
    outer loop
      vertex 61.0893 98.593 1.02
      vertex 60.7153 98.331 1.02
      vertex 61.1231 98.0347 1.02
    endloop
  endfacet
  facet normal 0 0 1
    outer loop
      vertex 60.9003 99.475 1.02
      vertex 60.3863 99.475 1.02
      vertex 60.9476 98.961 1.02
    endloop
  endfacet
  facet normal 0 -0 1
    outer loop
      vertex 60.4686 98.815 1.02
      vertex 60.9476 98.961 1.02
      vertex 60.3863 99.475 1.02
    endloop
  endfacet
  facet normal 0 0 1
    outer loop
      vertex 61.0893 98.593 1.02
      vertex 60.4686 98.815 1.02
      vertex 60.7153 98.331 1.02
    endloop
  endfacet
  facet normal 0 0 1
    outer loop
      vertex 29.1699 96.848 1.02
      vertex 29.6599 97.991 1.02
      vertex 29.6572 98.325 1.02
    endloop
  endfacet
  facet normal 0 0 1
    outer loop
      vertex 29.1699 96.848 1.02
      vertex 29.6572 98.325 1.02
      vertex 29.6489 98.451 1.02
    endloop
  endfacet
  facet normal 0 0 1
    outer loop
      vertex 29.6812 99.8185 1.02
      vertex 29.1699 100.343 1.02
      vertex 29.6599 99.438 1.02
    endloop
  endfacet
  facet normal 0 0 1
    outer loop
      vertex 29.1659 100.72 1.02
      vertex 29.6404 100.784 1.02
      vertex 29.6349 100.867 1.02
    endloop
  endfacet
  facet normal 0 0 1
    outer loop
      vertex 29.1539 100.944 1.02
      vertex 29.6349 100.867 1.02
      vertex 29.6304 100.919 1.02
    endloop
  endfacet
  facet normal 0 0 1
    outer loop
      vertex 29.6599 99.438 1.02
      vertex 29.1699 100.343 1.02
      vertex 29.6489 98.451 1.02
    endloop
  endfacet
  facet normal -0 0 1
    outer loop
      vertex 29.1539 100.944 1.02
      vertex 29.6304 100.919 1.02
      vertex 29.6269 100.944 1.02
    endloop
  endfacet
  facet normal 0 0 1
    outer loop
      vertex 29.1699 96.848 1.02
      vertex 29.6489 98.451 1.02
      vertex 29.1699 100.343 1.02
    endloop
  endfacet
  facet normal 0 0 1
    outer loop
      vertex 29.6599 97.991 1.02
      vertex 29.1699 96.848 1.02
      vertex 29.6599 96.848 1.02
    endloop
  endfacet
  facet normal 0 0 1
    outer loop
      vertex 29.6404 100.784 1.02
      vertex 29.1659 100.72 1.02
      vertex 29.1699 100.343 1.02
    endloop
  endfacet
  facet normal 0 0 1
    outer loop
      vertex 29.6349 100.867 1.02
      vertex 29.1539 100.944 1.02
      vertex 29.1659 100.72 1.02
    endloop
  endfacet
  facet normal -0 0 1
    outer loop
      vertex 30.9779 100.363 1.02
      vertex 31.5907 100.169 1.02
      vertex 31.3889 100.641 1.02
    endloop
  endfacet
  facet normal 0 0 1
    outer loop
      vertex 31.5907 100.169 1.02
      vertex 31.1024 100.008 1.02
      vertex 31.6579 99.487 1.02
    endloop
  endfacet
  facet normal 0 0 1
    outer loop
      vertex 31.1022 98.9305 1.02
      vertex 31.6579 99.487 1.02
      vertex 31.1439 99.476 1.02
    endloop
  endfacet
  facet normal 0 0 1
    outer loop
      vertex 31.6579 99.487 1.02
      vertex 31.1024 100.008 1.02
      vertex 31.1439 99.476 1.02
    endloop
  endfacet
  facet normal 0 0 1
    outer loop
      vertex 30.9779 100.363 1.02
      vertex 31.3889 100.641 1.02
      vertex 31.0512 100.916 1.02
    endloop
  endfacet
  facet normal 0 0 1
    outer loop
      vertex 31.5907 100.169 1.02
      vertex 30.9779 100.363 1.02
      vertex 31.1024 100.008 1.02
    endloop
  endfacet
  facet normal 0 0 1
    outer loop
      vertex 31.0512 100.916 1.02
      vertex 30.7632 100.563 1.02
      vertex 30.9779 100.363 1.02
    endloop
  endfacet
  facet normal 0 0 1
    outer loop
      vertex 30.5759 101.008 1.02
      vertex 30.7632 100.563 1.02
      vertex 31.0512 100.916 1.02
    endloop
  endfacet
  facet normal 0 0 1
    outer loop
      vertex 30.5759 101.008 1.02
      vertex 30.4509 100.63 1.02
      vertex 30.7632 100.563 1.02
    endloop
  endfacet
  facet normal -0 0 1
    outer loop
      vertex 30.2589 100.976 1.02
      vertex 30.4509 100.63 1.02
      vertex 30.5759 101.008 1.02
    endloop
  endfacet
  facet normal 0 0 1
    outer loop
      vertex 30.2589 100.976 1.02
      vertex 30.1914 100.599 1.02
      vertex 30.4509 100.63 1.02
    endloop
  endfacet
  facet normal -0 0 1
    outer loop
      vertex 30.0099 100.88 1.02
      vertex 30.1914 100.599 1.02
      vertex 30.2589 100.976 1.02
    endloop
  endfacet
  facet normal 0 0 1
    outer loop
      vertex 30.0099 100.88 1.02
      vertex 29.9949 100.506 1.02
      vertex 30.1914 100.599 1.02
    endloop
  endfacet
  facet normal -0 0 1
    outer loop
      vertex 29.8162 100.716 1.02
      vertex 29.9949 100.506 1.02
      vertex 30.0099 100.88 1.02
    endloop
  endfacet
  facet normal 0 0 1
    outer loop
      vertex 29.6649 100.479 1.02
      vertex 29.9949 100.506 1.02
      vertex 29.8162 100.716 1.02
    endloop
  endfacet
  facet normal 0 0 1
    outer loop
      vertex 29.9949 100.506 1.02
      vertex 29.6649 100.479 1.02
      vertex 29.8504 100.348 1.02
    endloop
  endfacet
  facet normal 0 0 1
    outer loop
      vertex 29.8504 100.348 1.02
      vertex 29.6649 100.479 1.02
      vertex 29.7449 100.12 1.02
    endloop
  endfacet
  facet normal -0 0 1
    outer loop
      vertex 29.6539 100.479 1.02
      vertex 29.7449 100.12 1.02
      vertex 29.6649 100.479 1.02
    endloop
  endfacet
  facet normal -0 0 1
    outer loop
      vertex 29.1699 100.343 1.02
      vertex 29.7449 100.12 1.02
      vertex 29.6539 100.479 1.02
    endloop
  endfacet
  facet normal 0 0 1
    outer loop
      vertex 29.7449 100.12 1.02
      vertex 29.1699 100.343 1.02
      vertex 29.6812 99.8185 1.02
    endloop
  endfacet
  facet normal 0 0 1
    outer loop
      vertex 31.6579 99.487 1.02
      vertex 31.1022 98.9305 1.02
      vertex 31.3874 98.3237 1.02
    endloop
  endfacet
  facet normal -0 0 1
    outer loop
      vertex 30.9769 98.568 1.02
      vertex 31.3874 98.3237 1.02
      vertex 31.1022 98.9305 1.02
    endloop
  endfacet
  facet normal -0 0 1
    outer loop
      vertex 30.7604 98.3655 1.02
      vertex 31.3874 98.3237 1.02
      vertex 30.9769 98.568 1.02
    endloop
  endfacet
  facet normal 0 0 1
    outer loop
      vertex 30.7604 98.3655 1.02
      vertex 30.5759 97.936 1.02
      vertex 31.3874 98.3237 1.02
    endloop
  endfacet
  facet normal -0 0 1
    outer loop
      vertex 30.4449 98.298 1.02
      vertex 30.5759 97.936 1.02
      vertex 30.7604 98.3655 1.02
    endloop
  endfacet
  facet normal 0 0 1
    outer loop
      vertex 30.0077 98.0647 1.02
      vertex 30.4449 98.298 1.02
      vertex 30.0874 98.3672 1.02
    endloop
  endfacet
  facet normal 0 0 1
    outer loop
      vertex 30.4449 98.298 1.02
      vertex 30.0077 98.0647 1.02
      vertex 30.5759 97.936 1.02
    endloop
  endfacet
  facet normal -0 0 1
    outer loop
      vertex 29.6629 98.451 1.02
      vertex 30.0874 98.3672 1.02
      vertex 29.8449 98.575 1.02
    endloop
  endfacet
  facet normal 0 0 1
    outer loop
      vertex 29.6489 98.451 1.02
      vertex 29.8449 98.575 1.02
      vertex 29.7062 98.9297 1.02
    endloop
  endfacet
  facet normal 0 0 1
    outer loop
      vertex 30.0874 98.3672 1.02
      vertex 29.6629 98.451 1.02
      vertex 30.0077 98.0647 1.02
    endloop
  endfacet
  facet normal 0 0 1
    outer loop
      vertex 29.6489 98.451 1.02
      vertex 29.7062 98.9297 1.02
      vertex 29.6599 99.438 1.02
    endloop
  endfacet
  facet normal 0 0 1
    outer loop
      vertex 29.6522 100.551 1.02
      vertex 29.1699 100.343 1.02
      vertex 29.6539 100.479 1.02
    endloop
  endfacet
  facet normal 0 0 1
    outer loop
      vertex 29.1699 100.343 1.02
      vertex 29.6522 100.551 1.02
      vertex 29.6469 100.666 1.02
    endloop
  endfacet
  facet normal 0 0 1
    outer loop
      vertex 29.8449 98.575 1.02
      vertex 29.6489 98.451 1.02
      vertex 29.6629 98.451 1.02
    endloop
  endfacet
  facet normal 0 0 1
    outer loop
      vertex 29.1699 100.343 1.02
      vertex 29.6469 100.666 1.02
      vertex 29.6404 100.784 1.02
    endloop
  endfacet
  facet normal 0 0 1
    outer loop
      vertex 64.0239 100.448 1.02
      vertex 63.5519 100.73 1.02
      vertex 63.5559 100.315 1.02
    endloop
  endfacet
  facet normal 0 0 1
    outer loop
      vertex 64.0047 100.919 1.02
      vertex 63.5399 100.944 1.02
      vertex 63.5519 100.73 1.02
    endloop
  endfacet
  facet normal 0 0 1
    outer loop
      vertex 65.9049 99.968 1.02
      vertex 65.3987 100.133 1.02
      vertex 65.4129 99.873 1.02
    endloop
  endfacet
  facet normal 0 0 1
    outer loop
      vertex 65.2819 100.465 1.02
      vertex 65.6799 100.766 1.02
      vertex 65.3912 100.947 1.02
    endloop
  endfacet
  facet normal 0 0 1
    outer loop
      vertex 65.8487 100.446 1.02
      vertex 65.3559 100.327 1.02
      vertex 65.3987 100.133 1.02
    endloop
  endfacet
  facet normal 0 0 1
    outer loop
      vertex 65.6799 100.766 1.02
      vertex 65.2819 100.465 1.02
      vertex 65.3559 100.327 1.02
    endloop
  endfacet
  facet normal 0 0 1
    outer loop
      vertex 65.3912 100.947 1.02
      vertex 65.1739 100.559 1.02
      vertex 65.2819 100.465 1.02
    endloop
  endfacet
  facet normal 0 0 1
    outer loop
      vertex 65.3912 100.947 1.02
      vertex 65.0197 100.612 1.02
      vertex 65.1739 100.559 1.02
    endloop
  endfacet
  facet normal 0 0 1
    outer loop
      vertex 64.9729 101.008 1.02
      vertex 65.0197 100.612 1.02
      vertex 65.3912 100.947 1.02
    endloop
  endfacet
  facet normal 0 0 1
    outer loop
      vertex 64.9729 101.008 1.02
      vertex 64.8069 100.63 1.02
      vertex 65.0197 100.612 1.02
    endloop
  endfacet
  facet normal -0 0 1
    outer loop
      vertex 64.6707 100.976 1.02
      vertex 64.8069 100.63 1.02
      vertex 64.9729 101.008 1.02
    endloop
  endfacet
  facet normal 0 0 1
    outer loop
      vertex 64.6707 100.976 1.02
      vertex 64.4904 100.569 1.02
      vertex 64.8069 100.63 1.02
    endloop
  endfacet
  facet normal -0 0 1
    outer loop
      vertex 64.4219 100.881 1.02
      vertex 64.4904 100.569 1.02
      vertex 64.6707 100.976 1.02
    endloop
  endfacet
  facet normal -0 0 1
    outer loop
      vertex 64.2139 100.709 1.02
      vertex 64.4904 100.569 1.02
      vertex 64.4219 100.881 1.02
    endloop
  endfacet
  facet normal 0 0 1
    outer loop
      vertex 64.4904 100.569 1.02
      vertex 64.2139 100.709 1.02
      vertex 64.2489 100.387 1.02
    endloop
  endfacet
  facet normal -0 0 1
    outer loop
      vertex 64.0319 100.448 1.02
      vertex 64.2489 100.387 1.02
      vertex 64.2139 100.709 1.02
    endloop
  endfacet
  facet normal 0 0 1
    outer loop
      vertex 64.2489 100.387 1.02
      vertex 64.0319 100.448 1.02
      vertex 64.0959 100.097 1.02
    endloop
  endfacet
  facet normal -0 0 1
    outer loop
      vertex 64.0239 100.448 1.02
      vertex 64.0959 100.097 1.02
      vertex 64.0319 100.448 1.02
    endloop
  endfacet
  facet normal -0 0 1
    outer loop
      vertex 63.5559 100.315 1.02
      vertex 64.0959 100.097 1.02
      vertex 64.0239 100.448 1.02
    endloop
  endfacet
  facet normal 0 0 1
    outer loop
      vertex 64.0959 100.097 1.02
      vertex 63.5559 100.315 1.02
      vertex 64.0449 99.712 1.02
    endloop
  endfacet
  facet normal 0 0 1
    outer loop
      vertex 63.5519 100.73 1.02
      vertex 64.0239 100.448 1.02
      vertex 64.0189 100.626 1.02
    endloop
  endfacet
  facet normal -0 0 1
    outer loop
      vertex 63.5519 100.73 1.02
      vertex 64.0189 100.626 1.02
      vertex 64.0139 100.736 1.02
    endloop
  endfacet
  facet normal 0 0 1
    outer loop
      vertex 63.5519 100.73 1.02
      vertex 64.0139 100.736 1.02
      vertex 64.0069 100.872 1.02
    endloop
  endfacet
  facet normal 0 0 1
    outer loop
      vertex 63.5519 100.73 1.02
      vertex 64.0069 100.872 1.02
      vertex 64.0047 100.919 1.02
    endloop
  endfacet
  facet normal -0 0 1
    outer loop
      vertex 63.5399 100.944 1.02
      vertex 64.0047 100.919 1.02
      vertex 64.0019 100.944 1.02
    endloop
  endfacet
  facet normal 0 0 1
    outer loop
      vertex 63.5559 98 1.02
      vertex 64.0449 99.712 1.02
      vertex 63.5559 100.315 1.02
    endloop
  endfacet
  facet normal 0 0 1
    outer loop
      vertex 64.0449 99.712 1.02
      vertex 63.5559 98 1.02
      vertex 64.0449 98 1.02
    endloop
  endfacet
  facet normal -0 0 1
    outer loop
      vertex 65.3987 100.133 1.02
      vertex 65.9049 99.968 1.02
      vertex 65.8487 100.446 1.02
    endloop
  endfacet
  facet normal 0 0 1
    outer loop
      vertex 65.3559 100.327 1.02
      vertex 65.8487 100.446 1.02
      vertex 65.6799 100.766 1.02
    endloop
  endfacet
  facet normal 0 0 1
    outer loop
      vertex 65.9049 99.968 1.02
      vertex 65.4129 99.873 1.02
      vertex 65.9049 98 1.02
    endloop
  endfacet
  facet normal 0 0 1
    outer loop
      vertex 65.9049 98 1.02
      vertex 65.4129 99.873 1.02
      vertex 65.4129 98 1.02
    endloop
  endfacet
  facet normal 0 0 1
    outer loop
      vertex 68.5493 100.353 1.02
      vertex 68.0773 100.585 1.02
      vertex 68.0813 100.258 1.02
    endloop
  endfacet
  facet normal 0 -0 1
    outer loop
      vertex 68.0773 100.585 1.02
      vertex 68.5273 100.944 1.02
      vertex 68.0653 100.944 1.02
    endloop
  endfacet
  facet normal 0 0 1
    outer loop
      vertex 69.343 100.552 1.02
      vertex 69.4573 100.981 1.02
      vertex 69.3573 101.001 1.02
    endloop
  endfacet
  facet normal 0 0 1
    outer loop
      vertex 69.4573 100.981 1.02
      vertex 69.343 100.552 1.02
      vertex 69.4573 100.532 1.02
    endloop
  endfacet
  facet normal 0 0 1
    outer loop
      vertex 69.2593 101.008 1.02
      vertex 69.343 100.552 1.02
      vertex 69.3573 101.001 1.02
    endloop
  endfacet
  facet normal 0 0 1
    outer loop
      vertex 69.2593 101.008 1.02
      vertex 69.1963 100.559 1.02
      vertex 69.343 100.552 1.02
    endloop
  endfacet
  facet normal -0 0 1
    outer loop
      vertex 69.0128 100.973 1.02
      vertex 69.1963 100.559 1.02
      vertex 69.2593 101.008 1.02
    endloop
  endfacet
  facet normal -0 0 1
    outer loop
      vertex 68.8293 100.869 1.02
      vertex 69.1963 100.559 1.02
      vertex 69.0128 100.973 1.02
    endloop
  endfacet
  facet normal 0 0 1
    outer loop
      vertex 69.1963 100.559 1.02
      vertex 68.8293 100.869 1.02
      vertex 68.9273 100.493 1.02
    endloop
  endfacet
  facet normal -0 0 1
    outer loop
      vertex 68.6861 100.671 1.02
      vertex 68.9273 100.493 1.02
      vertex 68.8293 100.869 1.02
    endloop
  endfacet
  facet normal 0 0 1
    outer loop
      vertex 68.9273 100.493 1.02
      vertex 68.6861 100.671 1.02
      vertex 68.7303 100.295 1.02
    endloop
  endfacet
  facet normal -0 0 1
    outer loop
      vertex 68.5603 100.353 1.02
      vertex 68.7303 100.295 1.02
      vertex 68.6861 100.671 1.02
    endloop
  endfacet
  facet normal 0 0 1
    outer loop
      vertex 68.7303 100.295 1.02
      vertex 68.5603 100.353 1.02
      vertex 68.6103 99.9747 1.02
    endloop
  endfacet
  facet normal -0 0 1
    outer loop
      vertex 68.5493 100.353 1.02
      vertex 68.6103 99.9747 1.02
      vertex 68.5603 100.353 1.02
    endloop
  endfacet
  facet normal -0 0 1
    outer loop
      vertex 68.0813 100.258 1.02
      vertex 68.6103 99.9747 1.02
      vertex 68.5493 100.353 1.02
    endloop
  endfacet
  facet normal 0 0 1
    outer loop
      vertex 68.6103 99.9747 1.02
      vertex 68.0813 100.258 1.02
      vertex 68.5703 99.54 1.02
    endloop
  endfacet
  facet normal 0 0 1
    outer loop
      vertex 68.0773 100.585 1.02
      vertex 68.5493 100.353 1.02
      vertex 68.5438 100.55 1.02
    endloop
  endfacet
  facet normal -0 0 1
    outer loop
      vertex 68.0773 100.585 1.02
      vertex 68.5438 100.55 1.02
      vertex 68.5273 100.944 1.02
    endloop
  endfacet
  facet normal 0 0 1
    outer loop
      vertex 68.0813 98 1.02
      vertex 68.5703 99.54 1.02
      vertex 68.0813 100.258 1.02
    endloop
  endfacet
  facet normal 0 0 1
    outer loop
      vertex 68.5703 99.54 1.02
      vertex 68.0813 98 1.02
      vertex 68.5703 98 1.02
    endloop
  endfacet
  facet normal -0 0 1
    outer loop
      vertex 27.9061 100.269 1.02
      vertex 28.4393 100 1.02
      vertex 28.3693 100.432 1.02
    endloop
  endfacet
  facet normal -0 0 1
    outer loop
      vertex 28.7893 98.2697 1.02
      vertex 28.8743 97.98 1.02
      vertex 28.8743 98.284 1.02
    endloop
  endfacet
  facet normal -0 0 1
    outer loop
      vertex 28.7143 98.265 1.02
      vertex 28.8743 97.98 1.02
      vertex 28.7893 98.2697 1.02
    endloop
  endfacet
  facet normal 0 0 1
    outer loop
      vertex 28.7143 98.265 1.02
      vertex 28.6873 97.947 1.02
      vertex 28.8743 97.98 1.02
    endloop
  endfacet
  facet normal 0 0 1
    outer loop
      vertex 28.5793 98.293 1.02
      vertex 28.6873 97.947 1.02
      vertex 28.7143 98.265 1.02
    endloop
  endfacet
  facet normal 0 0 1
    outer loop
      vertex 28.2613 97.9735 1.02
      vertex 28.5793 98.293 1.02
      vertex 28.4963 98.377 1.02
    endloop
  endfacet
  facet normal 0 0 1
    outer loop
      vertex 28.5793 98.293 1.02
      vertex 28.4963 97.936 1.02
      vertex 28.6873 97.947 1.02
    endloop
  endfacet
  facet normal 0 0 1
    outer loop
      vertex 28.0033 98.2795 1.02
      vertex 28.4963 98.377 1.02
      vertex 28.4536 98.5165 1.02
    endloop
  endfacet
  facet normal 0 0 1
    outer loop
      vertex 28.5793 98.293 1.02
      vertex 28.2613 97.9735 1.02
      vertex 28.4963 97.936 1.02
    endloop
  endfacet
  facet normal -0 0 1
    outer loop
      vertex 27.9603 98.558 1.02
      vertex 28.4536 98.5165 1.02
      vertex 28.4393 98.711 1.02
    endloop
  endfacet
  facet normal 0 0 1
    outer loop
      vertex 28.4393 100 1.02
      vertex 27.9443 99.449 1.02
      vertex 28.4393 98.711 1.02
    endloop
  endfacet
  facet normal 0 0 1
    outer loop
      vertex 27.9061 100.269 1.02
      vertex 28.3693 100.432 1.02
      vertex 28.1593 100.749 1.02
    endloop
  endfacet
  facet normal 0 0 1
    outer loop
      vertex 28.4393 98.711 1.02
      vertex 27.9443 99.449 1.02
      vertex 27.9443 99.206 1.02
    endloop
  endfacet
  facet normal 0 0 1
    outer loop
      vertex 28.4536 98.5165 1.02
      vertex 27.9603 98.558 1.02
      vertex 28.0033 98.2795 1.02
    endloop
  endfacet
  facet normal 0 0 1
    outer loop
      vertex 28.4963 98.377 1.02
      vertex 28.0033 98.2795 1.02
      vertex 28.1003 98.086 1.02
    endloop
  endfacet
  facet normal 0 0 1
    outer loop
      vertex 28.4393 100 1.02
      vertex 27.9443 99.955 1.02
      vertex 27.9443 99.792 1.02
    endloop
  endfacet
  facet normal 0 0 1
    outer loop
      vertex 28.4393 100 1.02
      vertex 27.9061 100.269 1.02
      vertex 27.9443 99.955 1.02
    endloop
  endfacet
  facet normal 0 0 1
    outer loop
      vertex 27.7913 100.478 1.02
      vertex 28.1593 100.749 1.02
      vertex 27.8106 100.943 1.02
    endloop
  endfacet
  facet normal 0 0 1
    outer loop
      vertex 28.1593 100.749 1.02
      vertex 27.7913 100.478 1.02
      vertex 27.9061 100.269 1.02
    endloop
  endfacet
  facet normal 0 0 1
    outer loop
      vertex 27.8106 100.943 1.02
      vertex 27.5958 100.596 1.02
      vertex 27.7913 100.478 1.02
    endloop
  endfacet
  facet normal 0 0 1
    outer loop
      vertex 27.3243 101.008 1.02
      vertex 27.5958 100.596 1.02
      vertex 27.8106 100.943 1.02
    endloop
  endfacet
  facet normal 0 0 1
    outer loop
      vertex 27.3243 101.008 1.02
      vertex 27.3133 100.636 1.02
      vertex 27.5958 100.596 1.02
    endloop
  endfacet
  facet normal 0 0 1
    outer loop
      vertex 27.3243 101.008 1.02
      vertex 27.0291 100.608 1.02
      vertex 27.3133 100.636 1.02
    endloop
  endfacet
  facet normal -0 0 1
    outer loop
      vertex 26.5018 100.811 1.02
      vertex 27.0291 100.608 1.02
      vertex 27.3243 101.008 1.02
    endloop
  endfacet
  facet normal 0 0 1
    outer loop
      vertex 27.0291 100.608 1.02
      vertex 26.5018 100.811 1.02
      vertex 26.8343 100.526 1.02
    endloop
  endfacet
  facet normal 0 0 1
    outer loop
      vertex 26.5018 100.811 1.02
      vertex 26.7151 100.384 1.02
      vertex 26.8343 100.526 1.02
    endloop
  endfacet
  facet normal 0 0 1
    outer loop
      vertex 26.1443 100.222 1.02
      vertex 26.7151 100.384 1.02
      vertex 26.5018 100.811 1.02
    endloop
  endfacet
  facet normal 0 0 1
    outer loop
      vertex 26.7151 100.384 1.02
      vertex 26.1443 100.222 1.02
      vertex 26.6553 100.176 1.02
    endloop
  endfacet
  facet normal 0 0 1
    outer loop
      vertex 27.9443 99.792 1.02
      vertex 27.4093 99.438 1.02
      vertex 27.9443 99.449 1.02
    endloop
  endfacet
  facet normal -0 0 1
    outer loop
      vertex 27.2833 99.781 1.02
      vertex 27.4093 99.438 1.02
      vertex 27.9443 99.792 1.02
    endloop
  endfacet
  facet normal 0 0 1
    outer loop
      vertex 27.2833 99.781 1.02
      vertex 27.1053 99.4177 1.02
      vertex 27.4093 99.438 1.02
    endloop
  endfacet
  facet normal -0 0 1
    outer loop
      vertex 26.7071 99.7075 1.02
      vertex 27.1053 99.4177 1.02
      vertex 27.2833 99.781 1.02
    endloop
  endfacet
  facet normal 0 0 1
    outer loop
      vertex 27.1053 99.4177 1.02
      vertex 26.7071 99.7075 1.02
      vertex 26.8853 99.367 1.02
    endloop
  endfacet
  facet normal 0 0 1
    outer loop
      vertex 26.8853 99.367 1.02
      vertex 26.7071 99.7075 1.02
      vertex 26.7281 99.2832 1.02
    endloop
  endfacet
  facet normal -0 0 1
    outer loop
      vertex 26.3143 99.519 1.02
      vertex 26.7281 99.2832 1.02
      vertex 26.7071 99.7075 1.02
    endloop
  endfacet
  facet normal 0 0 1
    outer loop
      vertex 26.7281 99.2832 1.02
      vertex 26.3143 99.519 1.02
      vertex 26.6123 99.164 1.02
    endloop
  endfacet
  facet normal -0 0 1
    outer loop
      vertex 26.0893 99.22 1.02
      vertex 26.6123 99.164 1.02
      vertex 26.3143 99.519 1.02
    endloop
  endfacet
  facet normal 0 0 1
    outer loop
      vertex 26.6123 99.164 1.02
      vertex 26.0893 99.22 1.02
      vertex 26.5411 99.0065 1.02
    endloop
  endfacet
  facet normal 0 0 1
    outer loop
      vertex 26.0143 98.815 1.02
      vertex 26.5411 99.0065 1.02
      vertex 26.0893 99.22 1.02
    endloop
  endfacet
  facet normal 0 -0 1
    outer loop
      vertex 26.0701 98.4487 1.02
      vertex 26.5173 98.806 1.02
      vertex 26.0143 98.815 1.02
    endloop
  endfacet
  facet normal 0 0 1
    outer loop
      vertex 26.5411 99.0065 1.02
      vertex 26.0143 98.815 1.02
      vertex 26.5173 98.806 1.02
    endloop
  endfacet
  facet normal 0 -0 1
    outer loop
      vertex 26.2373 98.17 1.02
      vertex 26.5173 98.806 1.02
      vertex 26.0701 98.4487 1.02
    endloop
  endfacet
  facet normal 0 0 1
    outer loop
      vertex 26.5173 98.806 1.02
      vertex 26.2373 98.17 1.02
      vertex 26.5153 97.9945 1.02
    endloop
  endfacet
  facet normal 0 0 1
    outer loop
      vertex 28.4393 100 1.02
      vertex 27.9443 99.792 1.02
      vertex 27.9443 99.449 1.02
    endloop
  endfacet
  facet normal -0 0 1
    outer loop
      vertex 27.9141 98.982 1.02
      vertex 28.4393 98.711 1.02
      vertex 27.9443 99.206 1.02
    endloop
  endfacet
  facet normal 0 0 1
    outer loop
      vertex 28.4963 98.377 1.02
      vertex 28.1003 98.086 1.02
      vertex 28.2613 97.9735 1.02
    endloop
  endfacet
  facet normal 0 0 1
    outer loop
      vertex 28.4393 98.711 1.02
      vertex 27.9141 98.982 1.02
      vertex 27.9603 98.558 1.02
    endloop
  endfacet
  facet normal -0 0 1
    outer loop
      vertex 27.8233 98.764 1.02
      vertex 27.9603 98.558 1.02
      vertex 27.9141 98.982 1.02
    endloop
  endfacet
  facet normal 0 0 1
    outer loop
      vertex 27.9603 98.558 1.02
      vertex 27.8233 98.764 1.02
      vertex 27.9443 98.558 1.02
    endloop
  endfacet
  facet normal -0 0 1
    outer loop
      vertex 27.6803 98.572 1.02
      vertex 27.9443 98.558 1.02
      vertex 27.8233 98.764 1.02
    endloop
  endfacet
  facet normal 0 0 1
    outer loop
      vertex 27.9443 98.558 1.02
      vertex 27.6803 98.572 1.02
      vertex 27.7411 98.2677 1.02
    endloop
  endfacet
  facet normal -0 0 1
    outer loop
      vertex 27.4933 98.426 1.02
      vertex 27.7411 98.2677 1.02
      vertex 27.6803 98.572 1.02
    endloop
  endfacet
  facet normal 0 0 1
    outer loop
      vertex 27.7411 98.2677 1.02
      vertex 27.4933 98.426 1.02
      vertex 27.5073 98.077 1.02
    endloop
  endfacet
  facet normal -0 0 1
    outer loop
      vertex 27.2691 98.3337 1.02
      vertex 27.5073 98.077 1.02
      vertex 27.4933 98.426 1.02
    endloop
  endfacet
  facet normal 0 0 1
    outer loop
      vertex 27.2691 98.3337 1.02
      vertex 27.2323 97.9713 1.02
      vertex 27.5073 98.077 1.02
    endloop
  endfacet
  facet normal -0 0 1
    outer loop
      vertex 27.0143 98.303 1.02
      vertex 27.2323 97.9713 1.02
      vertex 27.2691 98.3337 1.02
    endloop
  endfacet
  facet normal 0 0 1
    outer loop
      vertex 27.0143 98.303 1.02
      vertex 26.9033 97.936 1.02
      vertex 27.2323 97.9713 1.02
    endloop
  endfacet
  facet normal 0 0 1
    outer loop
      vertex 26.8028 98.3357 1.02
      vertex 26.9033 97.936 1.02
      vertex 27.0143 98.303 1.02
    endloop
  endfacet
  facet normal 0 0 1
    outer loop
      vertex 26.5153 97.9945 1.02
      vertex 26.8028 98.3357 1.02
      vertex 26.6463 98.434 1.02
    endloop
  endfacet
  facet normal 0 0 1
    outer loop
      vertex 26.5153 97.9945 1.02
      vertex 26.6463 98.434 1.02
      vertex 26.5496 98.593 1.02
    endloop
  endfacet
  facet normal 0 0 1
    outer loop
      vertex 26.8028 98.3357 1.02
      vertex 26.5153 97.9945 1.02
      vertex 26.9033 97.936 1.02
    endloop
  endfacet
  facet normal 0 0 1
    outer loop
      vertex 26.5153 97.9945 1.02
      vertex 26.5496 98.593 1.02
      vertex 26.5173 98.806 1.02
    endloop
  endfacet
  facet normal -0 0 1
    outer loop
      vertex 71.8057 100.005 1.02
      vertex 72.3649 99.475 1.02
      vertex 72.2854 100.158 1.02
    endloop
  endfacet
  facet normal -0 0 1
    outer loop
      vertex 71.67 100.367 1.02
      vertex 72.2854 100.158 1.02
      vertex 72.047 100.634 1.02
    endloop
  endfacet
  facet normal 0 0 1
    outer loop
      vertex 71.8037 98.949 1.02
      vertex 72.3649 99.475 1.02
      vertex 71.851 99.475 1.02
    endloop
  endfacet
  facet normal 0 0 1
    outer loop
      vertex 72.3649 99.475 1.02
      vertex 71.8037 98.949 1.02
      vertex 72.28 98.7962 1.02
    endloop
  endfacet
  facet normal 0 0 1
    outer loop
      vertex 72.3649 99.475 1.02
      vertex 71.8057 100.005 1.02
      vertex 71.851 99.475 1.02
    endloop
  endfacet
  facet normal 0 0 1
    outer loop
      vertex 72.2854 100.158 1.02
      vertex 71.67 100.367 1.02
      vertex 71.8057 100.005 1.02
    endloop
  endfacet
  facet normal 0 0 1
    outer loop
      vertex 71.6399 100.914 1.02
      vertex 71.67 100.367 1.02
      vertex 72.047 100.634 1.02
    endloop
  endfacet
  facet normal 0 0 1
    outer loop
      vertex 71.6399 100.914 1.02
      vertex 71.4277 100.576 1.02
      vertex 71.67 100.367 1.02
    endloop
  endfacet
  facet normal 0 0 1
    outer loop
      vertex 71.0549 101.008 1.02
      vertex 71.4277 100.576 1.02
      vertex 71.6399 100.914 1.02
    endloop
  endfacet
  facet normal 0 0 1
    outer loop
      vertex 71.4277 100.576 1.02
      vertex 71.0549 101.008 1.02
      vertex 71.0629 100.646 1.02
    endloop
  endfacet
  facet normal 0 0 1
    outer loop
      vertex 71.0549 101.008 1.02
      vertex 70.6924 100.575 1.02
      vertex 71.0629 100.646 1.02
    endloop
  endfacet
  facet normal -0 0 1
    outer loop
      vertex 70.0657 100.625 1.02
      vertex 70.6924 100.575 1.02
      vertex 71.0549 101.008 1.02
    endloop
  endfacet
  facet normal 0 0 1
    outer loop
      vertex 69.7359 99.475 1.02
      vertex 70.2977 99.9982 1.02
      vertex 70.0657 100.625 1.02
    endloop
  endfacet
  facet normal 0 0 1
    outer loop
      vertex 70.4409 100.362 1.02
      vertex 70.0657 100.625 1.02
      vertex 70.2977 99.9982 1.02
    endloop
  endfacet
  facet normal 0 0 1
    outer loop
      vertex 70.6924 100.575 1.02
      vertex 70.0657 100.625 1.02
      vertex 70.4409 100.362 1.02
    endloop
  endfacet
  facet normal 0 0 1
    outer loop
      vertex 71.6619 98.583 1.02
      vertex 72.28 98.7962 1.02
      vertex 71.8037 98.949 1.02
    endloop
  endfacet
  facet normal 0 0 1
    outer loop
      vertex 72.28 98.7962 1.02
      vertex 71.6619 98.583 1.02
      vertex 72.0249 98.316 1.02
    endloop
  endfacet
  facet normal 0 0 1
    outer loop
      vertex 71.6619 98.583 1.02
      vertex 71.6082 98.031 1.02
      vertex 72.0249 98.316 1.02
    endloop
  endfacet
  facet normal -0 0 1
    outer loop
      vertex 71.4102 98.3692 1.02
      vertex 71.6082 98.031 1.02
      vertex 71.6619 98.583 1.02
    endloop
  endfacet
  facet normal 0 0 1
    outer loop
      vertex 71.4102 98.3692 1.02
      vertex 71.0379 97.936 1.02
      vertex 71.6082 98.031 1.02
    endloop
  endfacet
  facet normal -0 0 1
    outer loop
      vertex 71.0329 98.298 1.02
      vertex 71.0379 97.936 1.02
      vertex 71.4102 98.3692 1.02
    endloop
  endfacet
  facet normal 0 0 1
    outer loop
      vertex 70.6819 98.3717 1.02
      vertex 71.0379 97.936 1.02
      vertex 71.0329 98.298 1.02
    endloop
  endfacet
  facet normal 0 0 1
    outer loop
      vertex 70.6819 98.3717 1.02
      vertex 70.4727 98.0347 1.02
      vertex 71.0379 97.936 1.02
    endloop
  endfacet
  facet normal 0 0 1
    outer loop
      vertex 70.4389 98.593 1.02
      vertex 70.4727 98.0347 1.02
      vertex 70.6819 98.3717 1.02
    endloop
  endfacet
  facet normal -0 0 1
    outer loop
      vertex 69.8182 98.815 1.02
      vertex 70.4389 98.593 1.02
      vertex 70.2972 98.961 1.02
    endloop
  endfacet
  facet normal 0 0 1
    outer loop
      vertex 70.2977 99.9982 1.02
      vertex 69.7359 99.475 1.02
      vertex 70.2499 99.475 1.02
    endloop
  endfacet
  facet normal 0 0 1
    outer loop
      vertex 70.4389 98.593 1.02
      vertex 70.0649 98.331 1.02
      vertex 70.4727 98.0347 1.02
    endloop
  endfacet
  facet normal 0 0 1
    outer loop
      vertex 70.2499 99.475 1.02
      vertex 69.7359 99.475 1.02
      vertex 70.2972 98.961 1.02
    endloop
  endfacet
  facet normal 0 -0 1
    outer loop
      vertex 69.8182 98.815 1.02
      vertex 70.2972 98.961 1.02
      vertex 69.7359 99.475 1.02
    endloop
  endfacet
  facet normal 0 0 1
    outer loop
      vertex 70.4389 98.593 1.02
      vertex 69.8182 98.815 1.02
      vertex 70.0649 98.331 1.02
    endloop
  endfacet
  facet normal 0 0 1
    outer loop
      vertex 24.8247 100.353 1.02
      vertex 24.3527 100.585 1.02
      vertex 24.3567 100.258 1.02
    endloop
  endfacet
  facet normal 0 -0 1
    outer loop
      vertex 24.3527 100.585 1.02
      vertex 24.8027 100.944 1.02
      vertex 24.3407 100.944 1.02
    endloop
  endfacet
  facet normal 0 0 1
    outer loop
      vertex 25.6184 100.552 1.02
      vertex 25.7327 100.981 1.02
      vertex 25.6327 101.001 1.02
    endloop
  endfacet
  facet normal 0 0 1
    outer loop
      vertex 25.7327 100.981 1.02
      vertex 25.6184 100.552 1.02
      vertex 25.7327 100.532 1.02
    endloop
  endfacet
  facet normal 0 0 1
    outer loop
      vertex 25.5347 101.008 1.02
      vertex 25.6184 100.552 1.02
      vertex 25.6327 101.001 1.02
    endloop
  endfacet
  facet normal 0 0 1
    outer loop
      vertex 25.5347 101.008 1.02
      vertex 25.4717 100.559 1.02
      vertex 25.6184 100.552 1.02
    endloop
  endfacet
  facet normal -0 0 1
    outer loop
      vertex 25.2882 100.973 1.02
      vertex 25.4717 100.559 1.02
      vertex 25.5347 101.008 1.02
    endloop
  endfacet
  facet normal -0 0 1
    outer loop
      vertex 25.1047 100.869 1.02
      vertex 25.4717 100.559 1.02
      vertex 25.2882 100.973 1.02
    endloop
  endfacet
  facet normal 0 0 1
    outer loop
      vertex 25.4717 100.559 1.02
      vertex 25.1047 100.869 1.02
      vertex 25.2027 100.493 1.02
    endloop
  endfacet
  facet normal -0 0 1
    outer loop
      vertex 24.9614 100.671 1.02
      vertex 25.2027 100.493 1.02
      vertex 25.1047 100.869 1.02
    endloop
  endfacet
  facet normal 0 0 1
    outer loop
      vertex 25.2027 100.493 1.02
      vertex 24.9614 100.671 1.02
      vertex 25.0057 100.295 1.02
    endloop
  endfacet
  facet normal -0 0 1
    outer loop
      vertex 24.8357 100.353 1.02
      vertex 25.0057 100.295 1.02
      vertex 24.9614 100.671 1.02
    endloop
  endfacet
  facet normal 0 0 1
    outer loop
      vertex 25.0057 100.295 1.02
      vertex 24.8357 100.353 1.02
      vertex 24.8857 99.9747 1.02
    endloop
  endfacet
  facet normal -0 0 1
    outer loop
      vertex 24.8247 100.353 1.02
      vertex 24.8857 99.9747 1.02
      vertex 24.8357 100.353 1.02
    endloop
  endfacet
  facet normal -0 0 1
    outer loop
      vertex 24.3567 100.258 1.02
      vertex 24.8857 99.9747 1.02
      vertex 24.8247 100.353 1.02
    endloop
  endfacet
  facet normal 0 0 1
    outer loop
      vertex 24.8857 99.9747 1.02
      vertex 24.3567 100.258 1.02
      vertex 24.8457 99.54 1.02
    endloop
  endfacet
  facet normal 0 0 1
    outer loop
      vertex 24.3527 100.585 1.02
      vertex 24.8247 100.353 1.02
      vertex 24.8192 100.55 1.02
    endloop
  endfacet
  facet normal -0 0 1
    outer loop
      vertex 24.3527 100.585 1.02
      vertex 24.8192 100.55 1.02
      vertex 24.8027 100.944 1.02
    endloop
  endfacet
  facet normal 0 0 1
    outer loop
      vertex 24.3567 98 1.02
      vertex 24.8457 99.54 1.02
      vertex 24.3567 100.258 1.02
    endloop
  endfacet
  facet normal 0 0 1
    outer loop
      vertex 24.8457 99.54 1.02
      vertex 24.3567 98 1.02
      vertex 24.8457 98 1.02
    endloop
  endfacet
  facet normal 0 0 1
    outer loop
      vertex 77.7787 99.419 1.02
      vertex 77.1939 100.142 1.02
      vertex 77.2737 99.728 1.02
    endloop
  endfacet
  facet normal 0 0 1
    outer loop
      vertex 77.4547 100.611 1.02
      vertex 77.0367 100.426 1.02
      vertex 77.1939 100.142 1.02
    endloop
  endfacet
  facet normal 0 0 1
    outer loop
      vertex 77.4547 100.611 1.02
      vertex 76.7987 100.591 1.02
      vertex 77.0367 100.426 1.02
    endloop
  endfacet
  facet normal 0 0 1
    outer loop
      vertex 76.4827 101.008 1.02
      vertex 76.7987 100.591 1.02
      vertex 77.4547 100.611 1.02
    endloop
  endfacet
  facet normal 0 0 1
    outer loop
      vertex 76.4827 101.008 1.02
      vertex 76.4747 100.646 1.02
      vertex 76.7987 100.591 1.02
    endloop
  endfacet
  facet normal 0 0 1
    outer loop
      vertex 76.4827 101.008 1.02
      vertex 76.1549 100.585 1.02
      vertex 76.4747 100.646 1.02
    endloop
  endfacet
  facet normal -0 0 1
    outer loop
      vertex 75.9219 100.91 1.02
      vertex 76.1549 100.585 1.02
      vertex 76.4827 101.008 1.02
    endloop
  endfacet
  facet normal 0 0 1
    outer loop
      vertex 75.9219 100.91 1.02
      vertex 75.9097 100.401 1.02
      vertex 76.1549 100.585 1.02
    endloop
  endfacet
  facet normal -0 0 1
    outer loop
      vertex 75.5077 100.616 1.02
      vertex 75.9097 100.401 1.02
      vertex 75.9219 100.91 1.02
    endloop
  endfacet
  facet normal 0 0 1
    outer loop
      vertex 75.7497 100.11 1.02
      vertex 75.2519 100.139 1.02
      vertex 75.6857 99.728 1.02
    endloop
  endfacet
  facet normal -0 0 1
    outer loop
      vertex 75.2519 100.139 1.02
      vertex 75.7497 100.11 1.02
      vertex 75.5077 100.616 1.02
    endloop
  endfacet
  facet normal 0 0 1
    outer loop
      vertex 75.9097 100.401 1.02
      vertex 75.5077 100.616 1.02
      vertex 75.7497 100.11 1.02
    endloop
  endfacet
  facet normal -0 0 1
    outer loop
      vertex 77.1939 100.142 1.02
      vertex 77.7787 99.419 1.02
      vertex 77.4547 100.611 1.02
    endloop
  endfacet
  facet normal 0 0 1
    outer loop
      vertex 77.7787 99.419 1.02
      vertex 77.2737 99.728 1.02
      vertex 77.7787 99.353 1.02
    endloop
  endfacet
  facet normal 0 0 1
    outer loop
      vertex 75.6797 99.353 1.02
      vertex 77.2737 99.728 1.02
      vertex 75.6857 99.728 1.02
    endloop
  endfacet
  facet normal 0 0 1
    outer loop
      vertex 77.2737 99.728 1.02
      vertex 75.6797 99.353 1.02
      vertex 77.7787 99.353 1.02
    endloop
  endfacet
  facet normal 0 0 1
    outer loop
      vertex 77.1717 98.5835 1.02
      vertex 77.6997 98.644 1.02
      vertex 77.2707 98.768 1.02
    endloop
  endfacet
  facet normal 0 0 1
    outer loop
      vertex 77.6997 98.644 1.02
      vertex 77.1717 98.5835 1.02
      vertex 77.2679 98.113 1.02
    endloop
  endfacet
  facet normal -0 0 1
    outer loop
      vertex 77.0107 98.434 1.02
      vertex 77.2679 98.113 1.02
      vertex 77.1717 98.5835 1.02
    endloop
  endfacet
  facet normal -0 0 1
    outer loop
      vertex 76.7877 98.3357 1.02
      vertex 77.2679 98.113 1.02
      vertex 77.0107 98.434 1.02
    endloop
  endfacet
  facet normal 0 0 1
    outer loop
      vertex 76.5007 97.936 1.02
      vertex 76.7877 98.3357 1.02
      vertex 76.5007 98.303 1.02
    endloop
  endfacet
  facet normal 0 0 1
    outer loop
      vertex 76.7877 98.3357 1.02
      vertex 76.5007 97.936 1.02
      vertex 77.2679 98.113 1.02
    endloop
  endfacet
  facet normal 0 0 1
    outer loop
      vertex 76.1467 98.3712 1.02
      vertex 76.5007 97.936 1.02
      vertex 76.5007 98.303 1.02
    endloop
  endfacet
  facet normal 0 0 1
    outer loop
      vertex 76.1467 98.3712 1.02
      vertex 75.9264 98.0337 1.02
      vertex 76.5007 97.936 1.02
    endloop
  endfacet
  facet normal 0 0 1
    outer loop
      vertex 75.8887 98.576 1.02
      vertex 75.9264 98.0337 1.02
      vertex 76.1467 98.3712 1.02
    endloop
  endfacet
  facet normal 0 0 1
    outer loop
      vertex 75.5077 98.327 1.02
      vertex 75.8887 98.576 1.02
      vertex 75.7319 98.9072 1.02
    endloop
  endfacet
  facet normal 0 0 1
    outer loop
      vertex 75.1667 99.491 1.02
      vertex 75.6857 99.728 1.02
      vertex 75.2519 100.139 1.02
    endloop
  endfacet
  facet normal 0 0 1
    outer loop
      vertex 75.8887 98.576 1.02
      vertex 75.5077 98.327 1.02
      vertex 75.9264 98.0337 1.02
    endloop
  endfacet
  facet normal 0 0 1
    outer loop
      vertex 75.6857 99.728 1.02
      vertex 75.1667 99.491 1.02
      vertex 75.6797 99.353 1.02
    endloop
  endfacet
  facet normal 0 -0 1
    outer loop
      vertex 75.2519 98.814 1.02
      vertex 75.6797 99.353 1.02
      vertex 75.1667 99.491 1.02
    endloop
  endfacet
  facet normal 0 0 1
    outer loop
      vertex 75.6797 99.353 1.02
      vertex 75.2519 98.814 1.02
      vertex 75.7319 98.9072 1.02
    endloop
  endfacet
  facet normal 0 0 1
    outer loop
      vertex 75.7319 98.9072 1.02
      vertex 75.2519 98.814 1.02
      vertex 75.5077 98.327 1.02
    endloop
  endfacet
  facet normal 0 0 1
    outer loop
      vertex 78.8013 100.353 1.02
      vertex 78.3293 100.585 1.02
      vertex 78.3333 100.258 1.02
    endloop
  endfacet
  facet normal 0 -0 1
    outer loop
      vertex 78.3293 100.585 1.02
      vertex 78.7793 100.944 1.02
      vertex 78.3173 100.944 1.02
    endloop
  endfacet
  facet normal 0 0 1
    outer loop
      vertex 79.595 100.552 1.02
      vertex 79.7093 100.981 1.02
      vertex 79.6093 101.001 1.02
    endloop
  endfacet
  facet normal 0 0 1
    outer loop
      vertex 79.7093 100.981 1.02
      vertex 79.595 100.552 1.02
      vertex 79.7093 100.532 1.02
    endloop
  endfacet
  facet normal 0 0 1
    outer loop
      vertex 79.5113 101.008 1.02
      vertex 79.595 100.552 1.02
      vertex 79.6093 101.001 1.02
    endloop
  endfacet
  facet normal 0 0 1
    outer loop
      vertex 79.5113 101.008 1.02
      vertex 79.4483 100.559 1.02
      vertex 79.595 100.552 1.02
    endloop
  endfacet
  facet normal -0 0 1
    outer loop
      vertex 79.2648 100.973 1.02
      vertex 79.4483 100.559 1.02
      vertex 79.5113 101.008 1.02
    endloop
  endfacet
  facet normal -0 0 1
    outer loop
      vertex 79.0813 100.869 1.02
      vertex 79.4483 100.559 1.02
      vertex 79.2648 100.973 1.02
    endloop
  endfacet
  facet normal 0 0 1
    outer loop
      vertex 79.4483 100.559 1.02
      vertex 79.0813 100.869 1.02
      vertex 79.1793 100.493 1.02
    endloop
  endfacet
  facet normal -0 0 1
    outer loop
      vertex 78.938 100.671 1.02
      vertex 79.1793 100.493 1.02
      vertex 79.0813 100.869 1.02
    endloop
  endfacet
  facet normal 0 0 1
    outer loop
      vertex 79.1793 100.493 1.02
      vertex 78.938 100.671 1.02
      vertex 78.9823 100.295 1.02
    endloop
  endfacet
  facet normal -0 0 1
    outer loop
      vertex 78.8123 100.353 1.02
      vertex 78.9823 100.295 1.02
      vertex 78.938 100.671 1.02
    endloop
  endfacet
  facet normal 0 0 1
    outer loop
      vertex 78.9823 100.295 1.02
      vertex 78.8123 100.353 1.02
      vertex 78.8623 99.9747 1.02
    endloop
  endfacet
  facet normal -0 0 1
    outer loop
      vertex 78.8013 100.353 1.02
      vertex 78.8623 99.9747 1.02
      vertex 78.8123 100.353 1.02
    endloop
  endfacet
  facet normal -0 0 1
    outer loop
      vertex 78.3333 100.258 1.02
      vertex 78.8623 99.9747 1.02
      vertex 78.8013 100.353 1.02
    endloop
  endfacet
  facet normal 0 0 1
    outer loop
      vertex 78.8623 99.9747 1.02
      vertex 78.3333 100.258 1.02
      vertex 78.8223 99.54 1.02
    endloop
  endfacet
  facet normal 0 0 1
    outer loop
      vertex 78.3293 100.585 1.02
      vertex 78.8013 100.353 1.02
      vertex 78.7958 100.55 1.02
    endloop
  endfacet
  facet normal -0 0 1
    outer loop
      vertex 78.3293 100.585 1.02
      vertex 78.7958 100.55 1.02
      vertex 78.7793 100.944 1.02
    endloop
  endfacet
  facet normal 0 0 1
    outer loop
      vertex 78.3333 98 1.02
      vertex 78.8223 99.54 1.02
      vertex 78.3333 100.258 1.02
    endloop
  endfacet
  facet normal 0 0 1
    outer loop
      vertex 78.8223 99.54 1.02
      vertex 78.3333 98 1.02
      vertex 78.8223 98 1.02
    endloop
  endfacet
  facet normal -0 0 1
    outer loop
      vertex 13.1765 100.944 1.02
      vertex 13.6684 99.071 1.02
      vertex 13.6684 100.944 1.02
    endloop
  endfacet
  facet normal 0 -0 1
    outer loop
      vertex 13.2325 98.4977 1.02
      vertex 13.6684 99.071 1.02
      vertex 13.1765 98.976 1.02
    endloop
  endfacet
  facet normal 0 0 1
    outer loop
      vertex 13.6684 99.071 1.02
      vertex 13.1765 100.944 1.02
      vertex 13.1765 98.976 1.02
    endloop
  endfacet
  facet normal 0 0 1
    outer loop
      vertex 13.6684 99.071 1.02
      vertex 13.2325 98.4977 1.02
      vertex 13.4005 98.177 1.02
    endloop
  endfacet
  facet normal -0 0 1
    outer loop
      vertex 15.0354 99.232 1.02
      vertex 15.5255 98.629 1.02
      vertex 15.5255 100.944 1.02
    endloop
  endfacet
  facet normal 0 -0 1
    outer loop
      vertex 15.0734 98.072 1.02
      vertex 15.5255 98.629 1.02
      vertex 15.0707 98.135 1.02
    endloop
  endfacet
  facet normal 0 0 1
    outer loop
      vertex 15.5255 98.629 1.02
      vertex 15.0734 98.072 1.02
      vertex 15.0795 98 1.02
    endloop
  endfacet
  facet normal 0 0 1
    outer loop
      vertex 15.0795 98 1.02
      vertex 15.0734 98.072 1.02
      vertex 15.0764 98.0245 1.02
    endloop
  endfacet
  facet normal 0 0 1
    outer loop
      vertex 15.5255 98.629 1.02
      vertex 15.0665 98.206 1.02
      vertex 15.0707 98.135 1.02
    endloop
  endfacet
  facet normal 0 0 1
    outer loop
      vertex 15.5255 98.629 1.02
      vertex 15.0622 98.3157 1.02
      vertex 15.0665 98.206 1.02
    endloop
  endfacet
  facet normal 0 0 1
    outer loop
      vertex 15.5255 98.629 1.02
      vertex 15.0574 98.493 1.02
      vertex 15.0622 98.3157 1.02
    endloop
  endfacet
  facet normal -0 0 1
    outer loop
      vertex 14.9845 98.8472 1.02
      vertex 15.5255 98.629 1.02
      vertex 15.0354 99.232 1.02
    endloop
  endfacet
  facet normal 0 0 1
    outer loop
      vertex 15.0354 99.232 1.02
      vertex 15.5255 100.944 1.02
      vertex 15.0354 100.944 1.02
    endloop
  endfacet
  facet normal 0 0 1
    outer loop
      vertex 15.5255 98.629 1.02
      vertex 14.9845 98.8472 1.02
      vertex 15.0574 98.493 1.02
    endloop
  endfacet
  facet normal 0 0 1
    outer loop
      vertex 15.0574 98.493 1.02
      vertex 14.9845 98.8472 1.02
      vertex 15.0494 98.493 1.02
    endloop
  endfacet
  facet normal -0 0 1
    outer loop
      vertex 14.8315 98.557 1.02
      vertex 15.0494 98.493 1.02
      vertex 14.9845 98.8472 1.02
    endloop
  endfacet
  facet normal 0 0 1
    outer loop
      vertex 15.0494 98.493 1.02
      vertex 14.8315 98.557 1.02
      vertex 14.8672 98.2332 1.02
    endloop
  endfacet
  facet normal -0 0 1
    outer loop
      vertex 14.5902 98.3747 1.02
      vertex 14.8672 98.2332 1.02
      vertex 14.8315 98.557 1.02
    endloop
  endfacet
  facet normal 0 0 1
    outer loop
      vertex 14.8672 98.2332 1.02
      vertex 14.5902 98.3747 1.02
      vertex 14.6584 98.062 1.02
    endloop
  endfacet
  facet normal 0 0 1
    outer loop
      vertex 14.5902 98.3747 1.02
      vertex 14.4104 97.9675 1.02
      vertex 14.6584 98.062 1.02
    endloop
  endfacet
  facet normal -0 0 1
    outer loop
      vertex 14.2744 98.314 1.02
      vertex 14.4104 97.9675 1.02
      vertex 14.5902 98.3747 1.02
    endloop
  endfacet
  facet normal 0 0 1
    outer loop
      vertex 14.2744 98.314 1.02
      vertex 14.1084 97.936 1.02
      vertex 14.4104 97.9675 1.02
    endloop
  endfacet
  facet normal 0 0 1
    outer loop
      vertex 14.0617 98.3317 1.02
      vertex 14.1084 97.936 1.02
      vertex 14.2744 98.314 1.02
    endloop
  endfacet
  facet normal 0 0 1
    outer loop
      vertex 13.6899 97.9963 1.02
      vertex 14.0617 98.3317 1.02
      vertex 13.9074 98.385 1.02
    endloop
  endfacet
  facet normal 0 0 1
    outer loop
      vertex 13.6899 97.9963 1.02
      vertex 13.9074 98.385 1.02
      vertex 13.7994 98.4785 1.02
    endloop
  endfacet
  facet normal 0 0 1
    outer loop
      vertex 14.0617 98.3317 1.02
      vertex 13.6899 97.9963 1.02
      vertex 14.1084 97.936 1.02
    endloop
  endfacet
  facet normal 0 0 1
    outer loop
      vertex 13.4005 98.177 1.02
      vertex 13.7994 98.4785 1.02
      vertex 13.7254 98.617 1.02
    endloop
  endfacet
  facet normal 0 0 1
    outer loop
      vertex 13.4005 98.177 1.02
      vertex 13.7254 98.617 1.02
      vertex 13.6827 98.811 1.02
    endloop
  endfacet
  facet normal 0 0 1
    outer loop
      vertex 13.4005 98.177 1.02
      vertex 13.6827 98.811 1.02
      vertex 13.6684 99.071 1.02
    endloop
  endfacet
  facet normal 0 0 1
    outer loop
      vertex 13.7994 98.4785 1.02
      vertex 13.4005 98.177 1.02
      vertex 13.6899 97.9963 1.02
    endloop
  endfacet
  facet normal 0 0 1
    outer loop
      vertex 15.5294 98.2142 1.02
      vertex 15.0795 98 1.02
      vertex 15.5414 98 1.02
    endloop
  endfacet
  facet normal 0 0 1
    outer loop
      vertex 15.0795 98 1.02
      vertex 15.5294 98.2142 1.02
      vertex 15.5255 98.629 1.02
    endloop
  endfacet
  facet normal -0 0 1
    outer loop
      vertex 35.2021 100.944 1.02
      vertex 35.6921 98 1.02
      vertex 35.6921 100.944 1.02
    endloop
  endfacet
  facet normal 0 0 1
    outer loop
      vertex 35.6921 98 1.02
      vertex 35.2021 100.944 1.02
      vertex 35.2021 98 1.02
    endloop
  endfacet
  facet normal -0.990004 0.141042 0
    outer loop
      vertex 32.6875 99.742 1.02
      vertex 32.7395 100.107 3
      vertex 32.7395 100.107 1.02
    endloop
  endfacet
  facet normal -0.990004 0.141042 0
    outer loop
      vertex 32.7395 100.107 3
      vertex 32.6875 99.742 1.02
      vertex 32.6875 99.742 3
    endloop
  endfacet
  facet normal -0.875034 0.484061 0
    outer loop
      vertex 32.7395 100.107 1.02
      vertex 32.8955 100.389 3
      vertex 32.8955 100.389 1.02
    endloop
  endfacet
  facet normal -0.875034 0.484061 0
    outer loop
      vertex 32.8955 100.389 3
      vertex 32.7395 100.107 1.02
      vertex 32.7395 100.107 3
    endloop
  endfacet
  facet normal -0.598148 0.801386 0
    outer loop
      vertex 33.138 100.57 1.02
      vertex 32.8955 100.389 3
      vertex 33.138 100.57 3
    endloop
  endfacet
  facet normal -0.598148 0.801386 0
    outer loop
      vertex 32.8955 100.389 3
      vertex 33.138 100.57 1.02
      vertex 32.8955 100.389 1.02
    endloop
  endfacet
  facet normal -0.18914 0.98195 0
    outer loop
      vertex 33.4495 100.63 1.02
      vertex 33.138 100.57 3
      vertex 33.4495 100.63 3
    endloop
  endfacet
  facet normal -0.18914 0.98195 0
    outer loop
      vertex 33.138 100.57 3
      vertex 33.4495 100.63 1.02
      vertex 33.138 100.57 1.02
    endloop
  endfacet
  facet normal 0.087173 0.996193 -0
    outer loop
      vertex 33.6552 100.612 1.02
      vertex 33.4495 100.63 3
      vertex 33.6552 100.612 3
    endloop
  endfacet
  facet normal 0.087173 0.996193 0
    outer loop
      vertex 33.4495 100.63 3
      vertex 33.6552 100.612 1.02
      vertex 33.4495 100.63 1.02
    endloop
  endfacet
  facet normal 0.322984 0.946404 -0
    outer loop
      vertex 33.8105 100.559 1.02
      vertex 33.6552 100.612 3
      vertex 33.8105 100.559 3
    endloop
  endfacet
  facet normal 0.322984 0.946404 0
    outer loop
      vertex 33.6552 100.612 3
      vertex 33.8105 100.559 1.02
      vertex 33.6552 100.612 1.02
    endloop
  endfacet
  facet normal 0.6289 0.777486 -0
    outer loop
      vertex 33.923 100.468 1.02
      vertex 33.8105 100.559 3
      vertex 33.923 100.468 3
    endloop
  endfacet
  facet normal 0.6289 0.777486 0
    outer loop
      vertex 33.8105 100.559 3
      vertex 33.923 100.468 1.02
      vertex 33.8105 100.559 1.02
    endloop
  endfacet
  facet normal 0.868041 0.496493 0
    outer loop
      vertex 33.9985 100.336 3
      vertex 33.923 100.468 1.02
      vertex 33.923 100.468 3
    endloop
  endfacet
  facet normal 0.868041 0.496493 0
    outer loop
      vertex 33.923 100.468 1.02
      vertex 33.9985 100.336 3
      vertex 33.9985 100.336 1.02
    endloop
  endfacet
  facet normal 0.97591 0.218175 0
    outer loop
      vertex 34.0412 100.145 3
      vertex 33.9985 100.336 1.02
      vertex 33.9985 100.336 3
    endloop
  endfacet
  facet normal 0.97591 0.218175 0
    outer loop
      vertex 33.9985 100.336 1.02
      vertex 34.0412 100.145 3
      vertex 34.0412 100.145 1.02
    endloop
  endfacet
  facet normal 0.998621 0.052501 0
    outer loop
      vertex 34.0555 99.873 3
      vertex 34.0412 100.145 1.02
      vertex 34.0412 100.145 3
    endloop
  endfacet
  facet normal 0.998621 0.052501 0
    outer loop
      vertex 34.0412 100.145 1.02
      vertex 34.0555 99.873 3
      vertex 34.0555 99.873 1.02
    endloop
  endfacet
  facet normal 1 -0 0
    outer loop
      vertex 34.0555 98 3
      vertex 34.0555 99.873 1.02
      vertex 34.0555 99.873 3
    endloop
  endfacet
  facet normal 1 0 0
    outer loop
      vertex 34.0555 99.873 1.02
      vertex 34.0555 98 3
      vertex 34.0555 98 1.02
    endloop
  endfacet
  facet normal 0 1 -0
    outer loop
      vertex 34.5475 98 1.02
      vertex 34.0555 98 3
      vertex 34.5475 98 3
    endloop
  endfacet
  facet normal 0 1 0
    outer loop
      vertex 34.0555 98 3
      vertex 34.5475 98 1.02
      vertex 34.0555 98 1.02
    endloop
  endfacet
  facet normal -1 0 0
    outer loop
      vertex 34.5475 98 1.02
      vertex 34.5475 99.968 3
      vertex 34.5475 99.968 1.02
    endloop
  endfacet
  facet normal -1 -0 0
    outer loop
      vertex 34.5475 99.968 3
      vertex 34.5475 98 1.02
      vertex 34.5475 98 3
    endloop
  endfacet
  facet normal -0.9931 -0.117272 0
    outer loop
      vertex 34.5475 99.968 1.02
      vertex 34.4907 100.449 3
      vertex 34.4907 100.449 1.02
    endloop
  endfacet
  facet normal -0.9931 -0.117272 0
    outer loop
      vertex 34.4907 100.449 3
      vertex 34.5475 99.968 1.02
      vertex 34.5475 99.968 3
    endloop
  endfacet
  facet normal -0.882887 -0.469586 0
    outer loop
      vertex 34.4907 100.449 1.02
      vertex 34.3205 100.769 3
      vertex 34.3205 100.769 1.02
    endloop
  endfacet
  facet normal -0.882887 -0.469586 0
    outer loop
      vertex 34.3205 100.769 3
      vertex 34.4907 100.449 1.02
      vertex 34.4907 100.449 3
    endloop
  endfacet
  facet normal -0.525243 -0.850952 0
    outer loop
      vertex 34.0305 100.948 1.02
      vertex 34.3205 100.769 3
      vertex 34.0305 100.948 3
    endloop
  endfacet
  facet normal -0.525243 -0.850952 -0
    outer loop
      vertex 34.3205 100.769 3
      vertex 34.0305 100.948 1.02
      vertex 34.3205 100.769 1.02
    endloop
  endfacet
  facet normal -0.142754 -0.989758 0
    outer loop
      vertex 33.6145 101.008 1.02
      vertex 34.0305 100.948 3
      vertex 33.6145 101.008 3
    endloop
  endfacet
  facet normal -0.142754 -0.989758 -0
    outer loop
      vertex 34.0305 100.948 3
      vertex 33.6145 101.008 1.02
      vertex 34.0305 100.948 1.02
    endloop
  endfacet
  facet normal 0.10885 -0.994058 0
    outer loop
      vertex 33.304 100.974 1.02
      vertex 33.6145 101.008 3
      vertex 33.304 100.974 3
    endloop
  endfacet
  facet normal 0.10885 -0.994058 0
    outer loop
      vertex 33.6145 101.008 3
      vertex 33.304 100.974 1.02
      vertex 33.6145 101.008 1.02
    endloop
  endfacet
  facet normal 0.372663 -0.927967 0
    outer loop
      vertex 33.0525 100.873 1.02
      vertex 33.304 100.974 3
      vertex 33.0525 100.873 3
    endloop
  endfacet
  facet normal 0.372663 -0.927967 0
    outer loop
      vertex 33.304 100.974 3
      vertex 33.0525 100.873 1.02
      vertex 33.304 100.974 1.02
    endloop
  endfacet
  facet normal 0.647108 -0.762398 0
    outer loop
      vertex 32.8475 100.699 1.02
      vertex 33.0525 100.873 3
      vertex 32.8475 100.699 3
    endloop
  endfacet
  facet normal 0.647108 -0.762398 0
    outer loop
      vertex 33.0525 100.873 3
      vertex 32.8475 100.699 1.02
      vertex 33.0525 100.873 1.02
    endloop
  endfacet
  facet normal 0.823371 -0.567503 0
    outer loop
      vertex 32.6745 100.448 3
      vertex 32.8475 100.699 1.02
      vertex 32.8475 100.699 3
    endloop
  endfacet
  facet normal 0.823371 -0.567503 0
    outer loop
      vertex 32.8475 100.699 1.02
      vertex 32.6745 100.448 3
      vertex 32.6745 100.448 1.02
    endloop
  endfacet
  facet normal 0 -1 0
    outer loop
      vertex 32.6665 100.448 1.02
      vertex 32.6745 100.448 3
      vertex 32.6665 100.448 3
    endloop
  endfacet
  facet normal 0 -1 -0
    outer loop
      vertex 32.6745 100.448 3
      vertex 32.6665 100.448 1.02
      vertex 32.6745 100.448 1.02
    endloop
  endfacet
  facet normal -0.998333 0.0577161 0
    outer loop
      vertex 32.6665 100.448 1.02
      vertex 32.6702 100.512 3
      vertex 32.6702 100.512 1.02
    endloop
  endfacet
  facet normal -0.998333 0.0577161 0
    outer loop
      vertex 32.6702 100.512 3
      vertex 32.6665 100.448 1.02
      vertex 32.6665 100.448 3
    endloop
  endfacet
  facet normal -0.998604 0.0528247 0
    outer loop
      vertex 32.6702 100.512 1.02
      vertex 32.6775 100.65 3
      vertex 32.6775 100.65 1.02
    endloop
  endfacet
  facet normal -0.998604 0.0528247 0
    outer loop
      vertex 32.6775 100.65 3
      vertex 32.6702 100.512 1.02
      vertex 32.6702 100.512 3
    endloop
  endfacet
  facet normal -0.999062 0.0433119 0
    outer loop
      vertex 32.6775 100.65 1.02
      vertex 32.685 100.823 3
      vertex 32.685 100.823 1.02
    endloop
  endfacet
  facet normal -0.999062 0.0433119 0
    outer loop
      vertex 32.685 100.823 3
      vertex 32.6775 100.65 1.02
      vertex 32.6775 100.65 3
    endloop
  endfacet
  facet normal -0.999888 0.0149684 0
    outer loop
      vertex 32.685 100.823 1.02
      vertex 32.6875 100.99 3
      vertex 32.6875 100.99 1.02
    endloop
  endfacet
  facet normal -0.999888 0.0149684 0
    outer loop
      vertex 32.6875 100.99 3
      vertex 32.685 100.823 1.02
      vertex 32.685 100.823 3
    endloop
  endfacet
  facet normal -1 0 0
    outer loop
      vertex 32.6875 100.99 1.02
      vertex 32.6875 102.032 3
      vertex 32.6875 102.032 1.02
    endloop
  endfacet
  facet normal -1 -0 0
    outer loop
      vertex 32.6875 102.032 3
      vertex 32.6875 100.99 1.02
      vertex 32.6875 100.99 3
    endloop
  endfacet
  facet normal 0 -1 0
    outer loop
      vertex 32.1985 102.032 1.02
      vertex 32.6875 102.032 3
      vertex 32.1985 102.032 3
    endloop
  endfacet
  facet normal 0 -1 -0
    outer loop
      vertex 32.6875 102.032 3
      vertex 32.1985 102.032 1.02
      vertex 32.6875 102.032 1.02
    endloop
  endfacet
  facet normal 1 -0 0
    outer loop
      vertex 32.1985 98 3
      vertex 32.1985 102.032 1.02
      vertex 32.1985 102.032 3
    endloop
  endfacet
  facet normal 1 0 0
    outer loop
      vertex 32.1985 102.032 1.02
      vertex 32.1985 98 3
      vertex 32.1985 98 1.02
    endloop
  endfacet
  facet normal 0 1 -0
    outer loop
      vertex 32.6875 98 1.02
      vertex 32.1985 98 3
      vertex 32.6875 98 3
    endloop
  endfacet
  facet normal 0 1 0
    outer loop
      vertex 32.1985 98 3
      vertex 32.6875 98 1.02
      vertex 32.1985 98 1.02
    endloop
  endfacet
  facet normal -1 0 0
    outer loop
      vertex 32.6875 98 1.02
      vertex 32.6875 99.742 3
      vertex 32.6875 99.742 1.02
    endloop
  endfacet
  facet normal -1 -0 0
    outer loop
      vertex 32.6875 99.742 3
      vertex 32.6875 98 1.02
      vertex 32.6875 98 3
    endloop
  endfacet
  facet normal 0 -1 0
    outer loop
      vertex 35.2021 102.032 1.02
      vertex 35.6921 102.032 3
      vertex 35.2021 102.032 3
    endloop
  endfacet
  facet normal 0 -1 -0
    outer loop
      vertex 35.6921 102.032 3
      vertex 35.2021 102.032 1.02
      vertex 35.6921 102.032 1.02
    endloop
  endfacet
  facet normal 1 -0 0
    outer loop
      vertex 35.2021 101.564 3
      vertex 35.2021 102.032 1.02
      vertex 35.2021 102.032 3
    endloop
  endfacet
  facet normal 1 0 0
    outer loop
      vertex 35.2021 102.032 1.02
      vertex 35.2021 101.564 3
      vertex 35.2021 101.564 1.02
    endloop
  endfacet
  facet normal 0 1 -0
    outer loop
      vertex 35.6921 101.564 1.02
      vertex 35.2021 101.564 3
      vertex 35.6921 101.564 3
    endloop
  endfacet
  facet normal 0 1 0
    outer loop
      vertex 35.2021 101.564 3
      vertex 35.6921 101.564 1.02
      vertex 35.2021 101.564 1.02
    endloop
  endfacet
  facet normal -1 0 0
    outer loop
      vertex 35.6921 101.564 1.02
      vertex 35.6921 102.032 3
      vertex 35.6921 102.032 1.02
    endloop
  endfacet
  facet normal -1 -0 0
    outer loop
      vertex 35.6921 102.032 3
      vertex 35.6921 101.564 1.02
      vertex 35.6921 101.564 3
    endloop
  endfacet
  facet normal 0 -1 0
    outer loop
      vertex 16.207 102.032 1.02
      vertex 16.697 102.032 3
      vertex 16.207 102.032 3
    endloop
  endfacet
  facet normal 0 -1 -0
    outer loop
      vertex 16.697 102.032 3
      vertex 16.207 102.032 1.02
      vertex 16.697 102.032 1.02
    endloop
  endfacet
  facet normal 1 -0 0
    outer loop
      vertex 16.207 98 3
      vertex 16.207 102.032 1.02
      vertex 16.207 102.032 3
    endloop
  endfacet
  facet normal 1 0 0
    outer loop
      vertex 16.207 102.032 1.02
      vertex 16.207 98 3
      vertex 16.207 98 1.02
    endloop
  endfacet
  facet normal 0 1 -0
    outer loop
      vertex 16.697 98 1.02
      vertex 16.207 98 3
      vertex 16.697 98 3
    endloop
  endfacet
  facet normal 0 1 0
    outer loop
      vertex 16.207 98 3
      vertex 16.697 98 1.02
      vertex 16.207 98 1.02
    endloop
  endfacet
  facet normal -1 0 0
    outer loop
      vertex 16.697 98 1.02
      vertex 16.697 102.032 3
      vertex 16.697 102.032 1.02
    endloop
  endfacet
  facet normal -1 -0 0
    outer loop
      vertex 16.697 102.032 3
      vertex 16.697 98 1.02
      vertex 16.697 98 3
    endloop
  endfacet
  facet normal 0 -1 0
    outer loop
      vertex 17.4121 102.032 1.02
      vertex 17.9021 102.032 3
      vertex 17.4121 102.032 3
    endloop
  endfacet
  facet normal 0 -1 -0
    outer loop
      vertex 17.9021 102.032 3
      vertex 17.4121 102.032 1.02
      vertex 17.9021 102.032 1.02
    endloop
  endfacet
  facet normal 1 -0 0
    outer loop
      vertex 17.4121 98 3
      vertex 17.4121 102.032 1.02
      vertex 17.4121 102.032 3
    endloop
  endfacet
  facet normal 1 0 0
    outer loop
      vertex 17.4121 102.032 1.02
      vertex 17.4121 98 3
      vertex 17.4121 98 1.02
    endloop
  endfacet
  facet normal 0 1 -0
    outer loop
      vertex 17.9021 98 1.02
      vertex 17.4121 98 3
      vertex 17.9021 98 3
    endloop
  endfacet
  facet normal 0 1 0
    outer loop
      vertex 17.4121 98 3
      vertex 17.9021 98 1.02
      vertex 17.4121 98 1.02
    endloop
  endfacet
  facet normal -1 0 0
    outer loop
      vertex 17.9021 98 1.02
      vertex 17.9021 102.032 3
      vertex 17.9021 102.032 1.02
    endloop
  endfacet
  facet normal -1 -0 0
    outer loop
      vertex 17.9021 102.032 3
      vertex 17.9021 98 1.02
      vertex 17.9021 98 3
    endloop
  endfacet
  facet normal 0 -1 0
    outer loop
      vertex 72.8945 102.032 1.02
      vertex 73.3845 102.032 3
      vertex 72.8945 102.032 3
    endloop
  endfacet
  facet normal 0 -1 -0
    outer loop
      vertex 73.3845 102.032 3
      vertex 72.8945 102.032 1.02
      vertex 73.3845 102.032 1.02
    endloop
  endfacet
  facet normal 1 -0 0
    outer loop
      vertex 72.8945 98 3
      vertex 72.8945 102.032 1.02
      vertex 72.8945 102.032 3
    endloop
  endfacet
  facet normal 1 0 0
    outer loop
      vertex 72.8945 102.032 1.02
      vertex 72.8945 98 3
      vertex 72.8945 98 1.02
    endloop
  endfacet
  facet normal 0 1 -0
    outer loop
      vertex 73.3845 98 1.02
      vertex 72.8945 98 3
      vertex 73.3845 98 3
    endloop
  endfacet
  facet normal 0 1 0
    outer loop
      vertex 72.8945 98 3
      vertex 73.3845 98 1.02
      vertex 72.8945 98 1.02
    endloop
  endfacet
  facet normal -1 0 0
    outer loop
      vertex 73.3845 98 1.02
      vertex 73.3845 102.032 3
      vertex 73.3845 102.032 1.02
    endloop
  endfacet
  facet normal -1 -0 0
    outer loop
      vertex 73.3845 102.032 3
      vertex 73.3845 98 1.02
      vertex 73.3845 98 3
    endloop
  endfacet
  facet normal 0 -1 0
    outer loop
      vertex 74.0996 102.032 1.02
      vertex 74.5896 102.032 3
      vertex 74.0996 102.032 3
    endloop
  endfacet
  facet normal 0 -1 -0
    outer loop
      vertex 74.5896 102.032 3
      vertex 74.0996 102.032 1.02
      vertex 74.5896 102.032 1.02
    endloop
  endfacet
  facet normal 1 -0 0
    outer loop
      vertex 74.0996 98 3
      vertex 74.0996 102.032 1.02
      vertex 74.0996 102.032 3
    endloop
  endfacet
  facet normal 1 0 0
    outer loop
      vertex 74.0996 102.032 1.02
      vertex 74.0996 98 3
      vertex 74.0996 98 1.02
    endloop
  endfacet
  facet normal 0 1 -0
    outer loop
      vertex 74.5896 98 1.02
      vertex 74.0996 98 3
      vertex 74.5896 98 3
    endloop
  endfacet
  facet normal 0 1 0
    outer loop
      vertex 74.0996 98 3
      vertex 74.5896 98 1.02
      vertex 74.0996 98 1.02
    endloop
  endfacet
  facet normal -1 0 0
    outer loop
      vertex 74.5896 98 1.02
      vertex 74.5896 102.032 3
      vertex 74.5896 102.032 1.02
    endloop
  endfacet
  facet normal -1 -0 0
    outer loop
      vertex 74.5896 102.032 3
      vertex 74.5896 98 1.02
      vertex 74.5896 98 3
    endloop
  endfacet
  facet normal -0.383551 0.92352 0
    outer loop
      vertex 59.3784 98.192 1.02
      vertex 58.9161 98 3
      vertex 59.3784 98.192 3
    endloop
  endfacet
  facet normal -0.383551 0.92352 0
    outer loop
      vertex 58.9161 98 3
      vertex 59.3784 98.192 1.02
      vertex 58.9161 98 1.02
    endloop
  endfacet
  facet normal -0.63883 0.769348 0
    outer loop
      vertex 59.7586 98.5077 1.02
      vertex 59.3784 98.192 3
      vertex 59.7586 98.5077 3
    endloop
  endfacet
  facet normal -0.63883 0.769348 0
    outer loop
      vertex 59.3784 98.192 3
      vertex 59.7586 98.5077 1.02
      vertex 59.3784 98.192 1.02
    endloop
  endfacet
  facet normal -0.835652 0.549259 0
    outer loop
      vertex 59.7586 98.5077 1.02
      vertex 60.0434 98.941 3
      vertex 60.0434 98.941 1.02
    endloop
  endfacet
  facet normal -0.835652 0.549259 0
    outer loop
      vertex 60.0434 98.941 3
      vertex 59.7586 98.5077 1.02
      vertex 59.7586 98.5077 3
    endloop
  endfacet
  facet normal -0.445524 -0.89527 0
    outer loop
      vertex 59.6194 99.152 1.02
      vertex 60.0434 98.941 3
      vertex 59.6194 99.152 3
    endloop
  endfacet
  facet normal -0.445524 -0.89527 -0
    outer loop
      vertex 60.0434 98.941 3
      vertex 59.6194 99.152 1.02
      vertex 60.0434 98.941 1.02
    endloop
  endfacet
  facet normal 0.760688 -0.649117 0
    outer loop
      vertex 59.1144 98.5602 3
      vertex 59.6194 99.152 1.02
      vertex 59.6194 99.152 3
    endloop
  endfacet
  facet normal 0.760688 -0.649117 0
    outer loop
      vertex 59.6194 99.152 1.02
      vertex 59.1144 98.5602 3
      vertex 59.1144 98.5602 1.02
    endloop
  endfacet
  facet normal 0.269377 -0.963035 0
    outer loop
      vertex 58.4094 98.363 1.02
      vertex 59.1144 98.5602 3
      vertex 58.4094 98.363 3
    endloop
  endfacet
  facet normal 0.269377 -0.963035 0
    outer loop
      vertex 59.1144 98.5602 3
      vertex 58.4094 98.363 1.02
      vertex 59.1144 98.5602 1.02
    endloop
  endfacet
  facet normal -0.188298 -0.982112 0
    outer loop
      vertex 57.8461 98.471 1.02
      vertex 58.4094 98.363 3
      vertex 57.8461 98.471 3
    endloop
  endfacet
  facet normal -0.188298 -0.982112 -0
    outer loop
      vertex 58.4094 98.363 3
      vertex 57.8461 98.471 1.02
      vertex 58.4094 98.363 1.02
    endloop
  endfacet
  facet normal -0.598492 -0.801129 0
    outer loop
      vertex 57.4124 98.795 1.02
      vertex 57.8461 98.471 3
      vertex 57.4124 98.795 3
    endloop
  endfacet
  facet normal -0.598492 -0.801129 -0
    outer loop
      vertex 57.8461 98.471 3
      vertex 57.4124 98.795 1.02
      vertex 57.8461 98.471 1.02
    endloop
  endfacet
  facet normal -0.876087 -0.482153 0
    outer loop
      vertex 57.4124 98.795 1.02
      vertex 57.1364 99.2965 3
      vertex 57.1364 99.2965 1.02
    endloop
  endfacet
  facet normal -0.876087 -0.482153 0
    outer loop
      vertex 57.1364 99.2965 3
      vertex 57.4124 98.795 1.02
      vertex 57.4124 98.795 3
    endloop
  endfacet
  facet normal -0.989841 -0.142179 0
    outer loop
      vertex 57.1364 99.2965 1.02
      vertex 57.0444 99.937 3
      vertex 57.0444 99.937 1.02
    endloop
  endfacet
  facet normal -0.989841 -0.142179 0
    outer loop
      vertex 57.0444 99.937 3
      vertex 57.1364 99.2965 1.02
      vertex 57.1364 99.2965 3
    endloop
  endfacet
  facet normal -0.990666 0.136313 0
    outer loop
      vertex 57.0444 99.937 1.02
      vertex 57.1326 100.578 3
      vertex 57.1326 100.578 1.02
    endloop
  endfacet
  facet normal -0.990666 0.136313 0
    outer loop
      vertex 57.1326 100.578 3
      vertex 57.0444 99.937 1.02
      vertex 57.0444 99.937 3
    endloop
  endfacet
  facet normal -0.879348 0.476179 0
    outer loop
      vertex 57.1326 100.578 1.02
      vertex 57.3974 101.067 3
      vertex 57.3974 101.067 1.02
    endloop
  endfacet
  facet normal -0.879348 0.476179 0
    outer loop
      vertex 57.3974 101.067 3
      vertex 57.1326 100.578 1.02
      vertex 57.1326 100.578 3
    endloop
  endfacet
  facet normal -0.589754 0.807583 0
    outer loop
      vertex 57.8219 101.377 1.02
      vertex 57.3974 101.067 3
      vertex 57.8219 101.377 3
    endloop
  endfacet
  facet normal -0.589754 0.807583 0
    outer loop
      vertex 57.3974 101.067 3
      vertex 57.8219 101.377 1.02
      vertex 57.3974 101.067 1.02
    endloop
  endfacet
  facet normal -0.179192 0.983814 0
    outer loop
      vertex 58.3874 101.48 1.02
      vertex 57.8219 101.377 3
      vertex 58.3874 101.48 3
    endloop
  endfacet
  facet normal -0.179192 0.983814 0
    outer loop
      vertex 57.8219 101.377 3
      vertex 58.3874 101.48 1.02
      vertex 57.8219 101.377 1.02
    endloop
  endfacet
  facet normal 0.112969 0.993599 -0
    outer loop
      vertex 58.7656 101.437 1.02
      vertex 58.3874 101.48 3
      vertex 58.7656 101.437 3
    endloop
  endfacet
  facet normal 0.112969 0.993599 0
    outer loop
      vertex 58.3874 101.48 3
      vertex 58.7656 101.437 1.02
      vertex 58.3874 101.48 1.02
    endloop
  endfacet
  facet normal 0.368609 0.929585 -0
    outer loop
      vertex 59.0884 101.309 1.02
      vertex 58.7656 101.437 3
      vertex 59.0884 101.309 3
    endloop
  endfacet
  facet normal 0.368609 0.929585 0
    outer loop
      vertex 58.7656 101.437 3
      vertex 59.0884 101.309 1.02
      vertex 58.7656 101.437 1.02
    endloop
  endfacet
  facet normal 0.632824 0.774296 -0
    outer loop
      vertex 59.3429 101.101 1.02
      vertex 59.0884 101.309 3
      vertex 59.3429 101.101 3
    endloop
  endfacet
  facet normal 0.632824 0.774296 0
    outer loop
      vertex 59.0884 101.309 3
      vertex 59.3429 101.101 1.02
      vertex 59.0884 101.309 1.02
    endloop
  endfacet
  facet normal 0.85417 0.519994 0
    outer loop
      vertex 59.5164 100.816 3
      vertex 59.3429 101.101 1.02
      vertex 59.3429 101.101 3
    endloop
  endfacet
  facet normal 0.85417 0.519994 0
    outer loop
      vertex 59.3429 101.101 1.02
      vertex 59.5164 100.816 3
      vertex 59.5164 100.816 1.02
    endloop
  endfacet
  facet normal -0.309261 0.950977 0
    outer loop
      vertex 60.0084 100.976 1.02
      vertex 59.5164 100.816 3
      vertex 60.0084 100.976 3
    endloop
  endfacet
  facet normal -0.309261 0.950977 0
    outer loop
      vertex 59.5164 100.816 3
      vertex 60.0084 100.976 1.02
      vertex 59.5164 100.816 1.02
    endloop
  endfacet
  facet normal -0.85213 -0.52333 0
    outer loop
      vertex 60.0084 100.976 1.02
      vertex 59.7609 101.379 3
      vertex 59.7609 101.379 1.02
    endloop
  endfacet
  facet normal -0.85213 -0.52333 0
    outer loop
      vertex 59.7609 101.379 3
      vertex 60.0084 100.976 1.02
      vertex 60.0084 100.976 3
    endloop
  endfacet
  facet normal -0.63235 -0.774683 0
    outer loop
      vertex 59.4044 101.67 1.02
      vertex 59.7609 101.379 3
      vertex 59.4044 101.67 3
    endloop
  endfacet
  facet normal -0.63235 -0.774683 -0
    outer loop
      vertex 59.7609 101.379 3
      vertex 59.4044 101.67 1.02
      vertex 59.7609 101.379 1.02
    endloop
  endfacet
  facet normal -0.355235 -0.934777 0
    outer loop
      vertex 58.9439 101.845 1.02
      vertex 59.4044 101.67 3
      vertex 58.9439 101.845 3
    endloop
  endfacet
  facet normal -0.355235 -0.934777 -0
    outer loop
      vertex 59.4044 101.67 3
      vertex 58.9439 101.845 1.02
      vertex 59.4044 101.67 1.02
    endloop
  endfacet
  facet normal -0.1045 -0.994525 0
    outer loop
      vertex 58.3824 101.904 1.02
      vertex 58.9439 101.845 3
      vertex 58.3824 101.904 3
    endloop
  endfacet
  facet normal -0.1045 -0.994525 -0
    outer loop
      vertex 58.9439 101.845 3
      vertex 58.3824 101.904 1.02
      vertex 58.9439 101.845 1.02
    endloop
  endfacet
  facet normal 0.165629 -0.986188 0
    outer loop
      vertex 57.6024 101.773 1.02
      vertex 58.3824 101.904 3
      vertex 57.6024 101.773 3
    endloop
  endfacet
  facet normal 0.165629 -0.986188 0
    outer loop
      vertex 58.3824 101.904 3
      vertex 57.6024 101.773 1.02
      vertex 58.3824 101.904 1.02
    endloop
  endfacet
  facet normal 0.553396 -0.832918 0
    outer loop
      vertex 57.0124 101.381 1.02
      vertex 57.6024 101.773 3
      vertex 57.0124 101.381 3
    endloop
  endfacet
  facet normal 0.553396 -0.832918 0
    outer loop
      vertex 57.6024 101.773 3
      vertex 57.0124 101.381 1.02
      vertex 57.6024 101.773 1.02
    endloop
  endfacet
  facet normal 0.858648 -0.512566 0
    outer loop
      vertex 56.6411 100.759 3
      vertex 57.0124 101.381 1.02
      vertex 57.0124 101.381 3
    endloop
  endfacet
  facet normal 0.858648 -0.512566 0
    outer loop
      vertex 57.0124 101.381 1.02
      vertex 56.6411 100.759 3
      vertex 56.6411 100.759 1.02
    endloop
  endfacet
  facet normal 0.988892 -0.148634 0
    outer loop
      vertex 56.5174 99.936 3
      vertex 56.6411 100.759 1.02
      vertex 56.6411 100.759 3
    endloop
  endfacet
  facet normal 0.988892 -0.148634 0
    outer loop
      vertex 56.6411 100.759 1.02
      vertex 56.5174 99.936 3
      vertex 56.5174 99.936 1.02
    endloop
  endfacet
  facet normal 0.995408 0.0957256 0
    outer loop
      vertex 56.5726 99.362 3
      vertex 56.5174 99.936 1.02
      vertex 56.5174 99.936 3
    endloop
  endfacet
  facet normal 0.995408 0.0957256 0
    outer loop
      vertex 56.5174 99.936 1.02
      vertex 56.5726 99.362 3
      vertex 56.5726 99.362 1.02
    endloop
  endfacet
  facet normal 0.947638 0.319346 0
    outer loop
      vertex 56.7384 98.87 3
      vertex 56.5726 99.362 1.02
      vertex 56.5726 99.362 3
    endloop
  endfacet
  facet normal 0.947638 0.319346 0
    outer loop
      vertex 56.5726 99.362 1.02
      vertex 56.7384 98.87 3
      vertex 56.7384 98.87 1.02
    endloop
  endfacet
  facet normal 0.825419 0.56452 0
    outer loop
      vertex 57.0106 98.472 3
      vertex 56.7384 98.87 1.02
      vertex 56.7384 98.87 3
    endloop
  endfacet
  facet normal 0.825419 0.56452 0
    outer loop
      vertex 56.7384 98.87 1.02
      vertex 57.0106 98.472 3
      vertex 57.0106 98.472 1.02
    endloop
  endfacet
  facet normal 0.619234 0.785206 -0
    outer loop
      vertex 57.3834 98.178 1.02
      vertex 57.0106 98.472 3
      vertex 57.3834 98.178 3
    endloop
  endfacet
  facet normal 0.619234 0.785206 0
    outer loop
      vertex 57.0106 98.472 3
      vertex 57.3834 98.178 1.02
      vertex 57.0106 98.472 1.02
    endloop
  endfacet
  facet normal 0.365652 0.930751 -0
    outer loop
      vertex 57.8454 97.9965 1.02
      vertex 57.3834 98.178 3
      vertex 57.8454 97.9965 3
    endloop
  endfacet
  facet normal 0.365652 0.930751 0
    outer loop
      vertex 57.3834 98.178 3
      vertex 57.8454 97.9965 1.02
      vertex 57.3834 98.178 1.02
    endloop
  endfacet
  facet normal 0.11134 0.993782 -0
    outer loop
      vertex 58.3854 97.936 1.02
      vertex 57.8454 97.9965 3
      vertex 58.3854 97.936 3
    endloop
  endfacet
  facet normal 0.11134 0.993782 0
    outer loop
      vertex 57.8454 97.9965 3
      vertex 58.3854 97.936 1.02
      vertex 57.8454 97.9965 1.02
    endloop
  endfacet
  facet normal -0.119728 0.992807 0
    outer loop
      vertex 58.9161 98 1.02
      vertex 58.3854 97.936 3
      vertex 58.9161 98 3
    endloop
  endfacet
  facet normal -0.119728 0.992807 0
    outer loop
      vertex 58.3854 97.936 3
      vertex 58.9161 98 1.02
      vertex 58.3854 97.936 1.02
    endloop
  endfacet
  facet normal -0.268032 0.96341 0
    outer loop
      vertex 22.919 98.107 1.02
      vertex 22.4582 97.9788 3
      vertex 22.919 98.107 3
    endloop
  endfacet
  facet normal -0.268032 0.96341 0
    outer loop
      vertex 22.4582 97.9788 3
      vertex 22.919 98.107 1.02
      vertex 22.4582 97.9788 1.02
    endloop
  endfacet
  facet normal -0.4515 0.892271 0
    outer loop
      vertex 23.3265 98.3132 1.02
      vertex 22.919 98.107 3
      vertex 23.3265 98.3132 3
    endloop
  endfacet
  facet normal -0.4515 0.892271 0
    outer loop
      vertex 22.919 98.107 3
      vertex 23.3265 98.3132 1.02
      vertex 22.919 98.107 1.02
    endloop
  endfacet
  facet normal -0.633026 0.77413 0
    outer loop
      vertex 23.665 98.59 1.02
      vertex 23.3265 98.3132 3
      vertex 23.665 98.59 3
    endloop
  endfacet
  facet normal -0.633026 0.77413 0
    outer loop
      vertex 23.3265 98.3132 3
      vertex 23.665 98.59 1.02
      vertex 23.3265 98.3132 1.02
    endloop
  endfacet
  facet normal -1 0 0
    outer loop
      vertex 23.665 98.59 1.02
      vertex 23.665 99.92 3
      vertex 23.665 99.92 1.02
    endloop
  endfacet
  facet normal -1 -0 0
    outer loop
      vertex 23.665 99.92 3
      vertex 23.665 98.59 1.02
      vertex 23.665 98.59 3
    endloop
  endfacet
  facet normal 0 -1 0
    outer loop
      vertex 22.042 99.92 1.02
      vertex 23.665 99.92 3
      vertex 22.042 99.92 3
    endloop
  endfacet
  facet normal 0 -1 -0
    outer loop
      vertex 23.665 99.92 3
      vertex 22.042 99.92 1.02
      vertex 23.665 99.92 1.02
    endloop
  endfacet
  facet normal 1 -0 0
    outer loop
      vertex 22.042 99.485 3
      vertex 22.042 99.92 1.02
      vertex 22.042 99.92 3
    endloop
  endfacet
  facet normal 1 0 0
    outer loop
      vertex 22.042 99.92 1.02
      vertex 22.042 99.485 3
      vertex 22.042 99.485 1.02
    endloop
  endfacet
  facet normal 0 1 -0
    outer loop
      vertex 23.187 99.485 1.02
      vertex 22.042 99.485 3
      vertex 23.187 99.485 3
    endloop
  endfacet
  facet normal 0 1 0
    outer loop
      vertex 22.042 99.485 3
      vertex 23.187 99.485 1.02
      vertex 22.042 99.485 1.02
    endloop
  endfacet
  facet normal 1 -0 0
    outer loop
      vertex 23.187 98.786 3
      vertex 23.187 99.485 1.02
      vertex 23.187 99.485 3
    endloop
  endfacet
  facet normal 1 0 0
    outer loop
      vertex 23.187 99.485 1.02
      vertex 23.187 98.786 3
      vertex 23.187 98.786 1.02
    endloop
  endfacet
  facet normal 0.607641 -0.794212 0
    outer loop
      vertex 22.955 98.6085 1.02
      vertex 23.187 98.786 3
      vertex 22.955 98.6085 3
    endloop
  endfacet
  facet normal 0.607641 -0.794212 0
    outer loop
      vertex 23.187 98.786 3
      vertex 22.955 98.6085 1.02
      vertex 23.187 98.786 1.02
    endloop
  endfacet
  facet normal 0.421111 -0.907009 0
    outer loop
      vertex 22.661 98.472 1.02
      vertex 22.955 98.6085 3
      vertex 22.661 98.472 3
    endloop
  endfacet
  facet normal 0.421111 -0.907009 0
    outer loop
      vertex 22.955 98.6085 3
      vertex 22.661 98.472 1.02
      vertex 22.955 98.6085 1.02
    endloop
  endfacet
  facet normal 0.247526 -0.968881 0
    outer loop
      vertex 22.3232 98.3857 1.02
      vertex 22.661 98.472 3
      vertex 22.3232 98.3857 3
    endloop
  endfacet
  facet normal 0.247526 -0.968881 0
    outer loop
      vertex 22.661 98.472 3
      vertex 22.3232 98.3857 1.02
      vertex 22.661 98.472 1.02
    endloop
  endfacet
  facet normal 0.0787743 -0.996892 0
    outer loop
      vertex 21.96 98.357 1.02
      vertex 22.3232 98.3857 3
      vertex 21.96 98.357 3
    endloop
  endfacet
  facet normal 0.0787743 -0.996892 0
    outer loop
      vertex 22.3232 98.3857 3
      vertex 21.96 98.357 1.02
      vertex 22.3232 98.3857 1.02
    endloop
  endfacet
  facet normal -0.177276 -0.984161 0
    outer loop
      vertex 21.3732 98.4627 1.02
      vertex 21.96 98.357 3
      vertex 21.3732 98.4627 3
    endloop
  endfacet
  facet normal -0.177276 -0.984161 -0
    outer loop
      vertex 21.96 98.357 3
      vertex 21.3732 98.4627 1.02
      vertex 21.96 98.357 1.02
    endloop
  endfacet
  facet normal -0.581256 -0.813721 0
    outer loop
      vertex 20.929 98.78 1.02
      vertex 21.3732 98.4627 3
      vertex 20.929 98.78 3
    endloop
  endfacet
  facet normal -0.581256 -0.813721 -0
    outer loop
      vertex 21.3732 98.4627 3
      vertex 20.929 98.78 1.02
      vertex 21.3732 98.4627 1.02
    endloop
  endfacet
  facet normal -0.873663 -0.486531 0
    outer loop
      vertex 20.929 98.78 1.02
      vertex 20.65 99.281 3
      vertex 20.65 99.281 1.02
    endloop
  endfacet
  facet normal -0.873663 -0.486531 0
    outer loop
      vertex 20.65 99.281 3
      vertex 20.929 98.78 1.02
      vertex 20.929 98.78 3
    endloop
  endfacet
  facet normal -0.99007 -0.140575 0
    outer loop
      vertex 20.65 99.281 1.02
      vertex 20.557 99.936 3
      vertex 20.557 99.936 1.02
    endloop
  endfacet
  facet normal -0.99007 -0.140575 0
    outer loop
      vertex 20.557 99.936 3
      vertex 20.65 99.281 1.02
      vertex 20.65 99.281 3
    endloop
  endfacet
  facet normal -0.991075 0.133309 0
    outer loop
      vertex 20.557 99.936 1.02
      vertex 20.6447 100.588 3
      vertex 20.6447 100.588 1.02
    endloop
  endfacet
  facet normal -0.991075 0.133309 0
    outer loop
      vertex 20.6447 100.588 3
      vertex 20.557 99.936 1.02
      vertex 20.557 99.936 3
    endloop
  endfacet
  facet normal -0.879664 0.475596 0
    outer loop
      vertex 20.6447 100.588 1.02
      vertex 20.908 101.075 3
      vertex 20.908 101.075 1.02
    endloop
  endfacet
  facet normal -0.879664 0.475596 0
    outer loop
      vertex 20.908 101.075 3
      vertex 20.6447 100.588 1.02
      vertex 20.6447 100.588 3
    endloop
  endfacet
  facet normal -0.578176 0.815912 0
    outer loop
      vertex 21.337 101.379 1.02
      vertex 20.908 101.075 3
      vertex 21.337 101.379 3
    endloop
  endfacet
  facet normal -0.578176 0.815912 0
    outer loop
      vertex 20.908 101.075 3
      vertex 21.337 101.379 1.02
      vertex 20.908 101.075 1.02
    endloop
  endfacet
  facet normal -0.170133 0.985421 0
    outer loop
      vertex 21.922 101.48 1.02
      vertex 21.337 101.379 3
      vertex 21.922 101.48 3
    endloop
  endfacet
  facet normal -0.170133 0.985421 0
    outer loop
      vertex 21.337 101.379 3
      vertex 21.922 101.48 1.02
      vertex 21.337 101.379 1.02
    endloop
  endfacet
  facet normal 0.0914519 0.995809 -0
    outer loop
      vertex 22.314 101.444 1.02
      vertex 21.922 101.48 3
      vertex 22.314 101.444 3
    endloop
  endfacet
  facet normal 0.0914519 0.995809 0
    outer loop
      vertex 21.922 101.48 3
      vertex 22.314 101.444 1.02
      vertex 21.922 101.48 1.02
    endloop
  endfacet
  facet normal 0.317994 0.948093 -0
    outer loop
      vertex 22.636 101.336 1.02
      vertex 22.314 101.444 3
      vertex 22.636 101.336 3
    endloop
  endfacet
  facet normal 0.317994 0.948093 0
    outer loop
      vertex 22.314 101.444 3
      vertex 22.636 101.336 1.02
      vertex 22.314 101.444 1.02
    endloop
  endfacet
  facet normal 0.587796 0.809009 -0
    outer loop
      vertex 22.892 101.15 1.02
      vertex 22.636 101.336 3
      vertex 22.892 101.15 3
    endloop
  endfacet
  facet normal 0.587796 0.809009 0
    outer loop
      vertex 22.636 101.336 3
      vertex 22.892 101.15 1.02
      vertex 22.636 101.336 1.02
    endloop
  endfacet
  facet normal 0.812104 0.583512 0
    outer loop
      vertex 23.086 100.88 3
      vertex 22.892 101.15 1.02
      vertex 22.892 101.15 3
    endloop
  endfacet
  facet normal 0.812104 0.583512 0
    outer loop
      vertex 22.892 101.15 1.02
      vertex 23.086 100.88 3
      vertex 23.086 100.88 1.02
    endloop
  endfacet
  facet normal -0.27754 0.960714 0
    outer loop
      vertex 23.581 101.023 1.02
      vertex 23.086 100.88 3
      vertex 23.581 101.023 3
    endloop
  endfacet
  facet normal -0.27754 0.960714 0
    outer loop
      vertex 23.086 100.88 3
      vertex 23.581 101.023 1.02
      vertex 23.086 100.88 1.02
    endloop
  endfacet
  facet normal -0.837339 -0.546684 0
    outer loop
      vertex 23.581 101.023 1.02
      vertex 23.3205 101.422 3
      vertex 23.3205 101.422 1.02
    endloop
  endfacet
  facet normal -0.837339 -0.546684 0
    outer loop
      vertex 23.3205 101.422 3
      vertex 23.581 101.023 1.02
      vertex 23.581 101.023 3
    endloop
  endfacet
  facet normal -0.611992 -0.790864 0
    outer loop
      vertex 22.969 101.694 1.02
      vertex 23.3205 101.422 3
      vertex 22.969 101.694 3
    endloop
  endfacet
  facet normal -0.611992 -0.790864 -0
    outer loop
      vertex 23.3205 101.422 3
      vertex 22.969 101.694 1.02
      vertex 23.3205 101.422 1.02
    endloop
  endfacet
  facet normal -0.325033 -0.945703 0
    outer loop
      vertex 22.5122 101.851 1.02
      vertex 22.969 101.694 3
      vertex 22.5122 101.851 3
    endloop
  endfacet
  facet normal -0.325033 -0.945703 -0
    outer loop
      vertex 22.969 101.694 3
      vertex 22.5122 101.851 1.02
      vertex 22.969 101.694 1.02
    endloop
  endfacet
  facet normal -0.0915953 -0.995796 0
    outer loop
      vertex 21.936 101.904 1.02
      vertex 22.5122 101.851 3
      vertex 21.936 101.904 3
    endloop
  endfacet
  facet normal -0.0915953 -0.995796 -0
    outer loop
      vertex 22.5122 101.851 3
      vertex 21.936 101.904 1.02
      vertex 22.5122 101.851 1.02
    endloop
  endfacet
  facet normal 0.158422 -0.987372 0
    outer loop
      vertex 21.132 101.775 1.02
      vertex 21.936 101.904 3
      vertex 21.132 101.775 3
    endloop
  endfacet
  facet normal 0.158422 -0.987372 0
    outer loop
      vertex 21.936 101.904 3
      vertex 21.132 101.775 1.02
      vertex 21.936 101.904 1.02
    endloop
  endfacet
  facet normal 0.539768 -0.841814 0
    outer loop
      vertex 20.53 101.389 1.02
      vertex 21.132 101.775 3
      vertex 20.53 101.389 3
    endloop
  endfacet
  facet normal 0.539768 -0.841814 0
    outer loop
      vertex 21.132 101.775 3
      vertex 20.53 101.389 1.02
      vertex 21.132 101.775 1.02
    endloop
  endfacet
  facet normal 0.855661 -0.517537 0
    outer loop
      vertex 20.155 100.769 3
      vertex 20.53 101.389 1.02
      vertex 20.53 101.389 3
    endloop
  endfacet
  facet normal 0.855661 -0.517537 0
    outer loop
      vertex 20.53 101.389 1.02
      vertex 20.155 100.769 3
      vertex 20.155 100.769 1.02
    endloop
  endfacet
  facet normal 0.988928 -0.148399 0
    outer loop
      vertex 20.03 99.936 3
      vertex 20.155 100.769 1.02
      vertex 20.155 100.769 3
    endloop
  endfacet
  facet normal 0.988928 -0.148399 0
    outer loop
      vertex 20.155 100.769 1.02
      vertex 20.03 99.936 3
      vertex 20.03 99.936 1.02
    endloop
  endfacet
  facet normal 0.995054 0.0993318 0
    outer loop
      vertex 20.0872 99.363 3
      vertex 20.03 99.936 1.02
      vertex 20.03 99.936 3
    endloop
  endfacet
  facet normal 0.995054 0.0993318 0
    outer loop
      vertex 20.03 99.936 1.02
      vertex 20.0872 99.363 3
      vertex 20.0872 99.363 1.02
    endloop
  endfacet
  facet normal 0.944305 0.32907 0
    outer loop
      vertex 20.259 98.87 3
      vertex 20.0872 99.363 1.02
      vertex 20.0872 99.363 3
    endloop
  endfacet
  facet normal 0.944305 0.32907 0
    outer loop
      vertex 20.0872 99.363 1.02
      vertex 20.259 98.87 3
      vertex 20.259 98.87 1.02
    endloop
  endfacet
  facet normal 0.817603 0.575782 0
    outer loop
      vertex 20.5402 98.4707 3
      vertex 20.259 98.87 1.02
      vertex 20.259 98.87 3
    endloop
  endfacet
  facet normal 0.817603 0.575782 0
    outer loop
      vertex 20.259 98.87 1.02
      vertex 20.5402 98.4707 3
      vertex 20.5402 98.4707 1.02
    endloop
  endfacet
  facet normal 0.607719 0.794152 -0
    outer loop
      vertex 20.924 98.177 1.02
      vertex 20.5402 98.4707 3
      vertex 20.924 98.177 3
    endloop
  endfacet
  facet normal 0.607719 0.794152 0
    outer loop
      vertex 20.5402 98.4707 3
      vertex 20.924 98.177 1.02
      vertex 20.5402 98.4707 1.02
    endloop
  endfacet
  facet normal 0.354583 0.935024 -0
    outer loop
      vertex 21.4005 97.9963 1.02
      vertex 20.924 98.177 3
      vertex 21.4005 97.9963 3
    endloop
  endfacet
  facet normal 0.354583 0.935024 0
    outer loop
      vertex 20.924 98.177 3
      vertex 21.4005 97.9963 1.02
      vertex 20.924 98.177 1.02
    endloop
  endfacet
  facet normal 0.107154 0.994242 -0
    outer loop
      vertex 21.96 97.936 1.02
      vertex 21.4005 97.9963 3
      vertex 21.96 97.936 3
    endloop
  endfacet
  facet normal 0.107154 0.994242 0
    outer loop
      vertex 21.4005 97.9963 3
      vertex 21.96 97.936 1.02
      vertex 21.4005 97.9963 1.02
    endloop
  endfacet
  facet normal -0.085594 0.99633 0
    outer loop
      vertex 22.4582 97.9788 1.02
      vertex 21.96 97.936 3
      vertex 22.4582 97.9788 3
    endloop
  endfacet
  facet normal -0.085594 0.99633 0
    outer loop
      vertex 21.96 97.936 3
      vertex 22.4582 97.9788 1.02
      vertex 21.96 97.936 1.02
    endloop
  endfacet
  facet normal -0.403243 0.915093 0
    outer loop
      vertex 43.2989 98.229 1.02
      vertex 42.8001 98.0092 3
      vertex 43.2989 98.229 3
    endloop
  endfacet
  facet normal -0.403243 0.915093 0
    outer loop
      vertex 42.8001 98.0092 3
      vertex 43.2989 98.229 1.02
      vertex 42.8001 98.0092 1.02
    endloop
  endfacet
  facet normal -0.750123 0.661298 0
    outer loop
      vertex 43.2989 98.229 1.02
      vertex 43.6101 98.582 3
      vertex 43.6101 98.582 1.02
    endloop
  endfacet
  facet normal -0.750123 0.661298 0
    outer loop
      vertex 43.6101 98.582 3
      vertex 43.2989 98.229 1.02
      vertex 43.2989 98.229 3
    endloop
  endfacet
  facet normal -0.976757 0.21435 0
    outer loop
      vertex 43.6101 98.582 1.02
      vertex 43.7139 99.055 3
      vertex 43.7139 99.055 1.02
    endloop
  endfacet
  facet normal -0.976757 0.21435 0
    outer loop
      vertex 43.7139 99.055 3
      vertex 43.6101 98.582 1.02
      vertex 43.6101 98.582 3
    endloop
  endfacet
  facet normal -0.997196 -0.0748402 0
    outer loop
      vertex 43.7139 99.055 1.02
      vertex 43.6991 99.2522 3
      vertex 43.6991 99.2522 1.02
    endloop
  endfacet
  facet normal -0.997196 -0.0748402 0
    outer loop
      vertex 43.6991 99.2522 3
      vertex 43.7139 99.055 1.02
      vertex 43.7139 99.055 3
    endloop
  endfacet
  facet normal -0.967611 -0.252445 0
    outer loop
      vertex 43.6991 99.2522 1.02
      vertex 43.6548 99.422 3
      vertex 43.6548 99.422 1.02
    endloop
  endfacet
  facet normal -0.967611 -0.252445 0
    outer loop
      vertex 43.6548 99.422 3
      vertex 43.6991 99.2522 1.02
      vertex 43.6991 99.2522 3
    endloop
  endfacet
  facet normal -0.903296 -0.429019 0
    outer loop
      vertex 43.6548 99.422 1.02
      vertex 43.5856 99.5677 3
      vertex 43.5856 99.5677 1.02
    endloop
  endfacet
  facet normal -0.903296 -0.429019 0
    outer loop
      vertex 43.5856 99.5677 3
      vertex 43.6548 99.422 1.02
      vertex 43.6548 99.422 3
    endloop
  endfacet
  facet normal -0.806978 -0.590582 0
    outer loop
      vertex 43.5856 99.5677 1.02
      vertex 43.4939 99.693 3
      vertex 43.4939 99.693 1.02
    endloop
  endfacet
  facet normal -0.806978 -0.590582 0
    outer loop
      vertex 43.4939 99.693 3
      vertex 43.5856 99.5677 1.02
      vertex 43.5856 99.5677 3
    endloop
  endfacet
  facet normal -0.686414 -0.727211 0
    outer loop
      vertex 43.3816 99.799 1.02
      vertex 43.4939 99.693 3
      vertex 43.3816 99.799 3
    endloop
  endfacet
  facet normal -0.686414 -0.727211 -0
    outer loop
      vertex 43.4939 99.693 3
      vertex 43.3816 99.799 1.02
      vertex 43.4939 99.693 1.02
    endloop
  endfacet
  facet normal -0.558502 -0.829503 0
    outer loop
      vertex 43.2509 99.887 1.02
      vertex 43.3816 99.799 3
      vertex 43.2509 99.887 3
    endloop
  endfacet
  facet normal -0.558502 -0.829503 -0
    outer loop
      vertex 43.3816 99.799 3
      vertex 43.2509 99.887 1.02
      vertex 43.3816 99.799 1.02
    endloop
  endfacet
  facet normal -0.456254 -0.889849 0
    outer loop
      vertex 43.1056 99.9615 1.02
      vertex 43.2509 99.887 3
      vertex 43.1056 99.9615 3
    endloop
  endfacet
  facet normal -0.456254 -0.889849 -0
    outer loop
      vertex 43.2509 99.887 3
      vertex 43.1056 99.9615 1.02
      vertex 43.2509 99.887 1.02
    endloop
  endfacet
  facet normal -0.377429 -0.926039 0
    outer loop
      vertex 42.9498 100.025 1.02
      vertex 43.1056 99.9615 3
      vertex 42.9498 100.025 3
    endloop
  endfacet
  facet normal -0.377429 -0.926039 -0
    outer loop
      vertex 43.1056 99.9615 3
      vertex 42.9498 100.025 1.02
      vertex 43.1056 99.9615 1.02
    endloop
  endfacet
  facet normal -0.318136 -0.948045 0
    outer loop
      vertex 42.7859 100.08 1.02
      vertex 42.9498 100.025 3
      vertex 42.7859 100.08 3
    endloop
  endfacet
  facet normal -0.318136 -0.948045 -0
    outer loop
      vertex 42.9498 100.025 3
      vertex 42.7859 100.08 1.02
      vertex 42.9498 100.025 1.02
    endloop
  endfacet
  facet normal -0.258222 -0.966086 0
    outer loop
      vertex 42.6138 100.126 1.02
      vertex 42.7859 100.08 3
      vertex 42.6138 100.126 3
    endloop
  endfacet
  facet normal -0.258222 -0.966086 -0
    outer loop
      vertex 42.7859 100.08 3
      vertex 42.6138 100.126 1.02
      vertex 42.7859 100.08 1.02
    endloop
  endfacet
  facet normal -0.23287 -0.972508 0
    outer loop
      vertex 42.4384 100.168 1.02
      vertex 42.6138 100.126 3
      vertex 42.4384 100.168 3
    endloop
  endfacet
  facet normal -0.23287 -0.972508 -0
    outer loop
      vertex 42.6138 100.126 3
      vertex 42.4384 100.168 1.02
      vertex 42.6138 100.126 1.02
    endloop
  endfacet
  facet normal -0.231496 -0.972836 0
    outer loop
      vertex 42.2619 100.21 1.02
      vertex 42.4384 100.168 3
      vertex 42.2619 100.21 3
    endloop
  endfacet
  facet normal -0.231496 -0.972836 -0
    outer loop
      vertex 42.4384 100.168 3
      vertex 42.2619 100.21 1.02
      vertex 42.4384 100.168 1.02
    endloop
  endfacet
  facet normal -0.238634 -0.971109 0
    outer loop
      vertex 41.8224 100.318 1.02
      vertex 42.2619 100.21 3
      vertex 41.8224 100.318 3
    endloop
  endfacet
  facet normal -0.238634 -0.971109 -0
    outer loop
      vertex 42.2619 100.21 3
      vertex 41.8224 100.318 1.02
      vertex 42.2619 100.21 1.02
    endloop
  endfacet
  facet normal -0.322018 -0.946733 0
    outer loop
      vertex 41.5578 100.408 1.02
      vertex 41.8224 100.318 3
      vertex 41.5578 100.408 3
    endloop
  endfacet
  facet normal -0.322018 -0.946733 -0
    outer loop
      vertex 41.8224 100.318 3
      vertex 41.5578 100.408 1.02
      vertex 41.8224 100.318 1.02
    endloop
  endfacet
  facet normal -0.501168 -0.86535 0
    outer loop
      vertex 41.4024 100.498 1.02
      vertex 41.5578 100.408 3
      vertex 41.4024 100.498 3
    endloop
  endfacet
  facet normal -0.501168 -0.86535 -0
    outer loop
      vertex 41.5578 100.408 3
      vertex 41.4024 100.498 1.02
      vertex 41.5578 100.408 1.02
    endloop
  endfacet
  facet normal -0.682773 -0.730631 0
    outer loop
      vertex 41.2879 100.605 1.02
      vertex 41.4024 100.498 3
      vertex 41.2879 100.605 3
    endloop
  endfacet
  facet normal -0.682773 -0.730631 -0
    outer loop
      vertex 41.4024 100.498 3
      vertex 41.2879 100.605 1.02
      vertex 41.4024 100.498 1.02
    endloop
  endfacet
  facet normal -0.881798 -0.471628 0
    outer loop
      vertex 41.2879 100.605 1.02
      vertex 41.2173 100.737 3
      vertex 41.2173 100.737 1.02
    endloop
  endfacet
  facet normal -0.881798 -0.471628 0
    outer loop
      vertex 41.2173 100.737 3
      vertex 41.2879 100.605 1.02
      vertex 41.2879 100.605 3
    endloop
  endfacet
  facet normal -0.989767 -0.142696 0
    outer loop
      vertex 41.2173 100.737 1.02
      vertex 41.1938 100.9 3
      vertex 41.1938 100.9 1.02
    endloop
  endfacet
  facet normal -0.989767 -0.142696 0
    outer loop
      vertex 41.1938 100.9 3
      vertex 41.2173 100.737 1.02
      vertex 41.2173 100.737 3
    endloop
  endfacet
  facet normal -0.975276 0.22099 0
    outer loop
      vertex 41.1938 100.9 1.02
      vertex 41.2543 101.167 3
      vertex 41.2543 101.167 1.02
    endloop
  endfacet
  facet normal -0.975276 0.22099 0
    outer loop
      vertex 41.2543 101.167 3
      vertex 41.1938 100.9 1.02
      vertex 41.1938 100.9 3
    endloop
  endfacet
  facet normal -0.724715 0.689049 0
    outer loop
      vertex 41.2543 101.167 1.02
      vertex 41.4359 101.358 3
      vertex 41.4359 101.358 1.02
    endloop
  endfacet
  facet normal -0.724715 0.689049 0
    outer loop
      vertex 41.4359 101.358 3
      vertex 41.2543 101.167 1.02
      vertex 41.2543 101.167 3
    endloop
  endfacet
  facet normal -0.36193 0.932205 0
    outer loop
      vertex 41.7321 101.473 1.02
      vertex 41.4359 101.358 3
      vertex 41.7321 101.473 3
    endloop
  endfacet
  facet normal -0.36193 0.932205 0
    outer loop
      vertex 41.4359 101.358 3
      vertex 41.7321 101.473 1.02
      vertex 41.4359 101.358 1.02
    endloop
  endfacet
  facet normal -0.0958998 0.995391 0
    outer loop
      vertex 42.1369 101.512 1.02
      vertex 41.7321 101.473 3
      vertex 42.1369 101.512 3
    endloop
  endfacet
  facet normal -0.0958998 0.995391 0
    outer loop
      vertex 41.7321 101.473 3
      vertex 42.1369 101.512 1.02
      vertex 41.7321 101.473 1.02
    endloop
  endfacet
  facet normal 0.0933738 0.995631 -0
    outer loop
      vertex 42.5101 101.477 1.02
      vertex 42.1369 101.512 3
      vertex 42.5101 101.477 3
    endloop
  endfacet
  facet normal 0.0933738 0.995631 0
    outer loop
      vertex 42.1369 101.512 3
      vertex 42.5101 101.477 1.02
      vertex 42.1369 101.512 1.02
    endloop
  endfacet
  facet normal 0.343295 0.939228 -0
    outer loop
      vertex 42.7919 101.374 1.02
      vertex 42.5101 101.477 3
      vertex 42.7919 101.374 3
    endloop
  endfacet
  facet normal 0.343295 0.939228 0
    outer loop
      vertex 42.5101 101.477 3
      vertex 42.7919 101.374 1.02
      vertex 42.5101 101.477 1.02
    endloop
  endfacet
  facet normal 0.669316 0.742978 -0
    outer loop
      vertex 42.9906 101.195 1.02
      vertex 42.7919 101.374 3
      vertex 42.9906 101.195 3
    endloop
  endfacet
  facet normal 0.669316 0.742978 0
    outer loop
      vertex 42.7919 101.374 3
      vertex 42.9906 101.195 1.02
      vertex 42.7919 101.374 1.02
    endloop
  endfacet
  facet normal 0.906139 0.42298 0
    outer loop
      vertex 43.1129 100.933 3
      vertex 42.9906 101.195 1.02
      vertex 42.9906 101.195 3
    endloop
  endfacet
  facet normal 0.906139 0.42298 0
    outer loop
      vertex 42.9906 101.195 1.02
      vertex 43.1129 100.933 3
      vertex 43.1129 100.933 1.02
    endloop
  endfacet
  facet normal -0.17316 0.984894 0
    outer loop
      vertex 43.6248 101.023 1.02
      vertex 43.1129 100.933 3
      vertex 43.6248 101.023 3
    endloop
  endfacet
  facet normal -0.17316 0.984894 0
    outer loop
      vertex 43.1129 100.933 3
      vertex 43.6248 101.023 1.02
      vertex 43.1129 100.933 1.02
    endloop
  endfacet
  facet normal -0.907364 -0.420346 0
    outer loop
      vertex 43.6248 101.023 1.02
      vertex 43.4344 101.434 3
      vertex 43.4344 101.434 1.02
    endloop
  endfacet
  facet normal -0.907364 -0.420346 0
    outer loop
      vertex 43.4344 101.434 3
      vertex 43.6248 101.023 1.02
      vertex 43.6248 101.023 3
    endloop
  endfacet
  facet normal -0.677029 -0.735956 0
    outer loop
      vertex 43.1409 101.704 1.02
      vertex 43.4344 101.434 3
      vertex 43.1409 101.704 3
    endloop
  endfacet
  facet normal -0.677029 -0.735956 -0
    outer loop
      vertex 43.4344 101.434 3
      vertex 43.1409 101.704 1.02
      vertex 43.4344 101.434 1.02
    endloop
  endfacet
  facet normal -0.334922 -0.942246 0
    outer loop
      vertex 42.7189 101.854 1.02
      vertex 43.1409 101.704 3
      vertex 42.7189 101.854 3
    endloop
  endfacet
  facet normal -0.334922 -0.942246 -0
    outer loop
      vertex 43.1409 101.704 3
      vertex 42.7189 101.854 1.02
      vertex 43.1409 101.704 1.02
    endloop
  endfacet
  facet normal -0.0864803 -0.996254 0
    outer loop
      vertex 42.1429 101.904 1.02
      vertex 42.7189 101.854 3
      vertex 42.1429 101.904 3
    endloop
  endfacet
  facet normal -0.0864803 -0.996254 -0
    outer loop
      vertex 42.7189 101.854 3
      vertex 42.1429 101.904 1.02
      vertex 42.7189 101.854 1.02
    endloop
  endfacet
  facet normal 0.107302 -0.994226 0
    outer loop
      vertex 41.5221 101.837 1.02
      vertex 42.1429 101.904 3
      vertex 41.5221 101.837 3
    endloop
  endfacet
  facet normal 0.107302 -0.994226 0
    outer loop
      vertex 42.1429 101.904 3
      vertex 41.5221 101.837 1.02
      vertex 42.1429 101.904 1.02
    endloop
  endfacet
  facet normal 0.40172 -0.915762 0
    outer loop
      vertex 41.0639 101.636 1.02
      vertex 41.5221 101.837 3
      vertex 41.0639 101.636 3
    endloop
  endfacet
  facet normal 0.40172 -0.915762 0
    outer loop
      vertex 41.5221 101.837 3
      vertex 41.0639 101.636 1.02
      vertex 41.5221 101.837 1.02
    endloop
  endfacet
  facet normal 0.755191 -0.655505 0
    outer loop
      vertex 40.7818 101.311 3
      vertex 41.0639 101.636 1.02
      vertex 41.0639 101.636 3
    endloop
  endfacet
  facet normal 0.755191 -0.655505 0
    outer loop
      vertex 41.0639 101.636 1.02
      vertex 40.7818 101.311 3
      vertex 40.7818 101.311 1.02
    endloop
  endfacet
  facet normal 0.977881 -0.209164 0
    outer loop
      vertex 40.6879 100.872 3
      vertex 40.7818 101.311 1.02
      vertex 40.7818 101.311 3
    endloop
  endfacet
  facet normal 0.977881 -0.209164 0
    outer loop
      vertex 40.7818 101.311 1.02
      vertex 40.6879 100.872 3
      vertex 40.6879 100.872 1.02
    endloop
  endfacet
  facet normal 0.99613 0.0878938 0
    outer loop
      vertex 40.7059 100.668 3
      vertex 40.6879 100.872 1.02
      vertex 40.6879 100.872 3
    endloop
  endfacet
  facet normal 0.99613 0.0878938 0
    outer loop
      vertex 40.6879 100.872 1.02
      vertex 40.7059 100.668 3
      vertex 40.7059 100.668 1.02
    endloop
  endfacet
  facet normal 0.957384 0.28882 0
    outer loop
      vertex 40.7599 100.489 3
      vertex 40.7059 100.668 1.02
      vertex 40.7059 100.668 3
    endloop
  endfacet
  facet normal 0.957384 0.28882 0
    outer loop
      vertex 40.7059 100.668 1.02
      vertex 40.7599 100.489 3
      vertex 40.7599 100.489 1.02
    endloop
  endfacet
  facet normal 0.872316 0.488942 0
    outer loop
      vertex 40.8479 100.332 3
      vertex 40.7599 100.489 1.02
      vertex 40.7599 100.489 3
    endloop
  endfacet
  facet normal 0.872316 0.488942 0
    outer loop
      vertex 40.7599 100.489 1.02
      vertex 40.8479 100.332 3
      vertex 40.8479 100.332 1.02
    endloop
  endfacet
  facet normal 0.747684 0.664054 0
    outer loop
      vertex 40.9678 100.197 3
      vertex 40.8479 100.332 1.02
      vertex 40.8479 100.332 3
    endloop
  endfacet
  facet normal 0.747684 0.664054 0
    outer loop
      vertex 40.8479 100.332 1.02
      vertex 40.9678 100.197 3
      vertex 40.9678 100.197 1.02
    endloop
  endfacet
  facet normal 0.591624 0.806214 -0
    outer loop
      vertex 41.1286 100.079 1.02
      vertex 40.9678 100.197 3
      vertex 41.1286 100.079 3
    endloop
  endfacet
  facet normal 0.591624 0.806214 0
    outer loop
      vertex 40.9678 100.197 3
      vertex 41.1286 100.079 1.02
      vertex 40.9678 100.197 1.02
    endloop
  endfacet
  facet normal 0.453475 0.891269 -0
    outer loop
      vertex 41.3389 99.972 1.02
      vertex 41.1286 100.079 3
      vertex 41.3389 99.972 3
    endloop
  endfacet
  facet normal 0.453475 0.891269 0
    outer loop
      vertex 41.1286 100.079 3
      vertex 41.3389 99.972 1.02
      vertex 41.1286 100.079 1.02
    endloop
  endfacet
  facet normal 0.329203 0.944259 -0
    outer loop
      vertex 41.6286 99.871 1.02
      vertex 41.3389 99.972 3
      vertex 41.6286 99.871 3
    endloop
  endfacet
  facet normal 0.329203 0.944259 0
    outer loop
      vertex 41.3389 99.972 3
      vertex 41.6286 99.871 1.02
      vertex 41.3389 99.972 1.02
    endloop
  endfacet
  facet normal 0.245277 0.969453 -0
    outer loop
      vertex 42.0278 99.77 1.02
      vertex 41.6286 99.871 3
      vertex 42.0278 99.77 3
    endloop
  endfacet
  facet normal 0.245277 0.969453 0
    outer loop
      vertex 41.6286 99.871 3
      vertex 42.0278 99.77 1.02
      vertex 41.6286 99.871 1.02
    endloop
  endfacet
  facet normal 0.2293 0.973356 -0
    outer loop
      vertex 42.2774 99.7112 1.02
      vertex 42.0278 99.77 3
      vertex 42.2774 99.7112 3
    endloop
  endfacet
  facet normal 0.2293 0.973356 0
    outer loop
      vertex 42.0278 99.77 3
      vertex 42.2774 99.7112 1.02
      vertex 42.0278 99.77 1.02
    endloop
  endfacet
  facet normal 0.232821 0.97252 -0
    outer loop
      vertex 42.5038 99.657 1.02
      vertex 42.2774 99.7112 3
      vertex 42.5038 99.657 3
    endloop
  endfacet
  facet normal 0.232821 0.97252 0
    outer loop
      vertex 42.2774 99.7112 3
      vertex 42.5038 99.657 1.02
      vertex 42.2774 99.7112 1.02
    endloop
  endfacet
  facet normal 0.279724 0.960081 -0
    outer loop
      vertex 42.7039 99.5987 1.02
      vertex 42.5038 99.657 3
      vertex 42.7039 99.5987 3
    endloop
  endfacet
  facet normal 0.279724 0.960081 0
    outer loop
      vertex 42.5038 99.657 3
      vertex 42.7039 99.5987 1.02
      vertex 42.5038 99.657 1.02
    endloop
  endfacet
  facet normal 0.383998 0.923334 -0
    outer loop
      vertex 42.8739 99.528 1.02
      vertex 42.7039 99.5987 3
      vertex 42.8739 99.528 3
    endloop
  endfacet
  facet normal 0.383998 0.923334 0
    outer loop
      vertex 42.7039 99.5987 3
      vertex 42.8739 99.528 1.02
      vertex 42.7039 99.5987 1.02
    endloop
  endfacet
  facet normal 0.532487 0.846438 -0
    outer loop
      vertex 43.0114 99.4415 1.02
      vertex 42.8739 99.528 3
      vertex 43.0114 99.4415 3
    endloop
  endfacet
  facet normal 0.532487 0.846438 0
    outer loop
      vertex 42.8739 99.528 3
      vertex 43.0114 99.4415 1.02
      vertex 42.8739 99.528 1.02
    endloop
  endfacet
  facet normal 0.724074 0.689722 0
    outer loop
      vertex 43.1138 99.334 3
      vertex 43.0114 99.4415 1.02
      vertex 43.0114 99.4415 3
    endloop
  endfacet
  facet normal 0.724074 0.689722 0
    outer loop
      vertex 43.0114 99.4415 1.02
      vertex 43.1138 99.334 3
      vertex 43.1138 99.334 1.02
    endloop
  endfacet
  facet normal 0.902304 0.431101 0
    outer loop
      vertex 43.1783 99.199 3
      vertex 43.1138 99.334 1.02
      vertex 43.1138 99.334 3
    endloop
  endfacet
  facet normal 0.902304 0.431101 0
    outer loop
      vertex 43.1138 99.334 1.02
      vertex 43.1783 99.199 3
      vertex 43.1783 99.199 1.02
    endloop
  endfacet
  facet normal 0.992188 0.124749 0
    outer loop
      vertex 43.1998 99.028 3
      vertex 43.1783 99.199 1.02
      vertex 43.1783 99.199 3
    endloop
  endfacet
  facet normal 0.992188 0.124749 0
    outer loop
      vertex 43.1783 99.199 1.02
      vertex 43.1998 99.028 3
      vertex 43.1998 99.028 1.02
    endloop
  endfacet
  facet normal 0.974683 -0.22359 0
    outer loop
      vertex 43.1316 98.7307 3
      vertex 43.1998 99.028 1.02
      vertex 43.1998 99.028 3
    endloop
  endfacet
  facet normal 0.974683 -0.22359 0
    outer loop
      vertex 43.1998 99.028 1.02
      vertex 43.1316 98.7307 3
      vertex 43.1316 98.7307 1.02
    endloop
  endfacet
  facet normal 0.725192 -0.688546 0
    outer loop
      vertex 42.9268 98.515 3
      vertex 43.1316 98.7307 1.02
      vertex 43.1316 98.7307 3
    endloop
  endfacet
  facet normal 0.725192 -0.688546 0
    outer loop
      vertex 43.1316 98.7307 1.02
      vertex 42.9268 98.515 3
      vertex 42.9268 98.515 1.02
    endloop
  endfacet
  facet normal 0.367359 -0.930079 0
    outer loop
      vertex 42.5964 98.3845 1.02
      vertex 42.9268 98.515 3
      vertex 42.5964 98.3845 3
    endloop
  endfacet
  facet normal 0.367359 -0.930079 0
    outer loop
      vertex 42.9268 98.515 3
      vertex 42.5964 98.3845 1.02
      vertex 42.9268 98.515 1.02
    endloop
  endfacet
  facet normal 0.0971593 -0.995269 0
    outer loop
      vertex 42.1508 98.341 1.02
      vertex 42.5964 98.3845 3
      vertex 42.1508 98.341 3
    endloop
  endfacet
  facet normal 0.0971593 -0.995269 0
    outer loop
      vertex 42.5964 98.3845 3
      vertex 42.1508 98.341 1.02
      vertex 42.5964 98.3845 1.02
    endloop
  endfacet
  facet normal -0.0925128 -0.995711 0
    outer loop
      vertex 41.7149 98.3815 1.02
      vertex 42.1508 98.341 3
      vertex 41.7149 98.3815 3
    endloop
  endfacet
  facet normal -0.0925128 -0.995711 -0
    outer loop
      vertex 42.1508 98.341 3
      vertex 41.7149 98.3815 1.02
      vertex 42.1508 98.341 1.02
    endloop
  endfacet
  facet normal -0.341856 -0.939752 0
    outer loop
      vertex 41.3809 98.503 1.02
      vertex 41.7149 98.3815 3
      vertex 41.3809 98.503 3
    endloop
  endfacet
  facet normal -0.341856 -0.939752 -0
    outer loop
      vertex 41.7149 98.3815 3
      vertex 41.3809 98.503 1.02
      vertex 41.7149 98.3815 1.02
    endloop
  endfacet
  facet normal -0.66494 -0.746897 0
    outer loop
      vertex 41.1476 98.7107 1.02
      vertex 41.3809 98.503 3
      vertex 41.1476 98.7107 3
    endloop
  endfacet
  facet normal -0.66494 -0.746897 -0
    outer loop
      vertex 41.3809 98.503 3
      vertex 41.1476 98.7107 1.02
      vertex 41.3809 98.503 1.02
    endloop
  endfacet
  facet normal -0.910762 -0.412932 0
    outer loop
      vertex 41.1476 98.7107 1.02
      vertex 41.0119 99.01 3
      vertex 41.0119 99.01 1.02
    endloop
  endfacet
  facet normal -0.910762 -0.412932 0
    outer loop
      vertex 41.0119 99.01 3
      vertex 41.1476 98.7107 1.02
      vertex 41.1476 98.7107 3
    endloop
  endfacet
  facet normal 0.196866 -0.98043 0
    outer loop
      vertex 40.5089 98.909 1.02
      vertex 41.0119 99.01 3
      vertex 40.5089 98.909 3
    endloop
  endfacet
  facet normal 0.196866 -0.98043 0
    outer loop
      vertex 41.0119 99.01 3
      vertex 40.5089 98.909 1.02
      vertex 41.0119 99.01 1.02
    endloop
  endfacet
  facet normal 0.815888 0.57821 0
    outer loop
      vertex 41.0261 98.1792 3
      vertex 40.5089 98.909 1.02
      vertex 40.5089 98.909 3
    endloop
  endfacet
  facet normal 0.815888 0.57821 0
    outer loop
      vertex 40.5089 98.909 1.02
      vertex 41.0261 98.1792 3
      vertex 41.0261 98.1792 1.02
    endloop
  endfacet
  facet normal 0.214798 0.976659 -0
    outer loop
      vertex 42.1319 97.936 1.02
      vertex 41.0261 98.1792 3
      vertex 42.1319 97.936 3
    endloop
  endfacet
  facet normal 0.214798 0.976659 0
    outer loop
      vertex 41.0261 98.1792 3
      vertex 42.1319 97.936 1.02
      vertex 41.0261 98.1792 1.02
    endloop
  endfacet
  facet normal -0.108897 0.994053 0
    outer loop
      vertex 42.8001 98.0092 1.02
      vertex 42.1319 97.936 3
      vertex 42.8001 98.0092 3
    endloop
  endfacet
  facet normal -0.108897 0.994053 0
    outer loop
      vertex 42.1319 97.936 3
      vertex 42.8001 98.0092 1.02
      vertex 42.1319 97.936 1.02
    endloop
  endfacet
  facet normal 0 1 -0
    outer loop
      vertex 12.613 99.554 1.02
      vertex 10.476 99.554 3
      vertex 12.613 99.554 3
    endloop
  endfacet
  facet normal 0 1 0
    outer loop
      vertex 10.476 99.554 3
      vertex 12.613 99.554 1.02
      vertex 10.476 99.554 1.02
    endloop
  endfacet
  facet normal -1 0 0
    outer loop
      vertex 12.613 99.554 1.02
      vertex 12.613 99.984 3
      vertex 12.613 99.984 1.02
    endloop
  endfacet
  facet normal -1 -0 0
    outer loop
      vertex 12.613 99.984 3
      vertex 12.613 99.554 1.02
      vertex 12.613 99.554 3
    endloop
  endfacet
  facet normal 0 -1 0
    outer loop
      vertex 10.476 99.984 1.02
      vertex 12.613 99.984 3
      vertex 10.476 99.984 3
    endloop
  endfacet
  facet normal 0 -1 -0
    outer loop
      vertex 12.613 99.984 3
      vertex 10.476 99.984 1.02
      vertex 12.613 99.984 1.02
    endloop
  endfacet
  facet normal -1 0 0
    outer loop
      vertex 10.476 99.984 1.02
      vertex 10.476 101.416 3
      vertex 10.476 101.416 1.02
    endloop
  endfacet
  facet normal -1 -0 0
    outer loop
      vertex 10.476 101.416 3
      vertex 10.476 99.984 1.02
      vertex 10.476 99.984 3
    endloop
  endfacet
  facet normal 0 1 -0
    outer loop
      vertex 12.678 101.416 1.02
      vertex 10.476 101.416 3
      vertex 12.678 101.416 3
    endloop
  endfacet
  facet normal 0 1 0
    outer loop
      vertex 10.476 101.416 3
      vertex 12.678 101.416 1.02
      vertex 10.476 101.416 1.02
    endloop
  endfacet
  facet normal -1 0 0
    outer loop
      vertex 12.678 101.416 1.02
      vertex 12.678 101.84 3
      vertex 12.678 101.84 1.02
    endloop
  endfacet
  facet normal -1 -0 0
    outer loop
      vertex 12.678 101.84 3
      vertex 12.678 101.416 1.02
      vertex 12.678 101.416 3
    endloop
  endfacet
  facet normal 0 -1 0
    outer loop
      vertex 9.95699 101.84 1.02
      vertex 12.678 101.84 3
      vertex 9.95699 101.84 3
    endloop
  endfacet
  facet normal 0 -1 -0
    outer loop
      vertex 12.678 101.84 3
      vertex 9.95699 101.84 1.02
      vertex 12.678 101.84 1.02
    endloop
  endfacet
  facet normal 1 -0 0
    outer loop
      vertex 9.95699 98 3
      vertex 9.95699 101.84 1.02
      vertex 9.95699 101.84 3
    endloop
  endfacet
  facet normal 1 0 0
    outer loop
      vertex 9.95699 101.84 1.02
      vertex 9.95699 98 3
      vertex 9.95699 98 1.02
    endloop
  endfacet
  facet normal 0 1 -0
    outer loop
      vertex 10.476 98 1.02
      vertex 9.95699 98 3
      vertex 10.476 98 3
    endloop
  endfacet
  facet normal 0 1 0
    outer loop
      vertex 9.95699 98 3
      vertex 10.476 98 1.02
      vertex 9.95699 98 1.02
    endloop
  endfacet
  facet normal -1 0 0
    outer loop
      vertex 10.476 98 1.02
      vertex 10.476 99.554 3
      vertex 10.476 99.554 1.02
    endloop
  endfacet
  facet normal -1 -0 0
    outer loop
      vertex 10.476 99.554 3
      vertex 10.476 98 1.02
      vertex 10.476 98 3
    endloop
  endfacet
  facet normal -0.195191 0.980765 0
    outer loop
      vertex 54.7247 98.001 1.02
      vertex 54.48 97.9523 3
      vertex 54.7247 98.001 3
    endloop
  endfacet
  facet normal -0.195191 0.980765 0
    outer loop
      vertex 54.48 97.9523 3
      vertex 54.7247 98.001 1.02
      vertex 54.48 97.9523 1.02
    endloop
  endfacet
  facet normal -1 0 0
    outer loop
      vertex 54.7247 98.001 1.02
      vertex 54.7247 98.363 3
      vertex 54.7247 98.363 1.02
    endloop
  endfacet
  facet normal -1 -0 0
    outer loop
      vertex 54.7247 98.363 3
      vertex 54.7247 98.001 1.02
      vertex 54.7247 98.001 3
    endloop
  endfacet
  facet normal 0.172234 -0.985056 0
    outer loop
      vertex 54.5617 98.3345 1.02
      vertex 54.7247 98.363 3
      vertex 54.5617 98.3345 3
    endloop
  endfacet
  facet normal 0.172234 -0.985056 0
    outer loop
      vertex 54.7247 98.363 3
      vertex 54.5617 98.3345 1.02
      vertex 54.7247 98.363 1.02
    endloop
  endfacet
  facet normal 0.0795788 -0.996829 0
    outer loop
      vertex 54.4427 98.325 1.02
      vertex 54.5617 98.3345 3
      vertex 54.4427 98.325 3
    endloop
  endfacet
  facet normal 0.0795788 -0.996829 0
    outer loop
      vertex 54.5617 98.3345 3
      vertex 54.4427 98.325 1.02
      vertex 54.5617 98.3345 1.02
    endloop
  endfacet
  facet normal -0.145494 -0.989359 0
    outer loop
      vertex 54.2965 98.3465 1.02
      vertex 54.4427 98.325 3
      vertex 54.2965 98.3465 3
    endloop
  endfacet
  facet normal -0.145494 -0.989359 -0
    outer loop
      vertex 54.4427 98.325 3
      vertex 54.2965 98.3465 1.02
      vertex 54.4427 98.325 1.02
    endloop
  endfacet
  facet normal -0.562525 -0.82678 0
    outer loop
      vertex 54.2017 98.411 1.02
      vertex 54.2965 98.3465 3
      vertex 54.2017 98.411 3
    endloop
  endfacet
  facet normal -0.562525 -0.82678 -0
    outer loop
      vertex 54.2965 98.3465 3
      vertex 54.2017 98.411 1.02
      vertex 54.2965 98.3465 1.02
    endloop
  endfacet
  facet normal -0.916812 -0.399319 0
    outer loop
      vertex 54.2017 98.411 1.02
      vertex 54.15 98.5297 3
      vertex 54.15 98.5297 1.02
    endloop
  endfacet
  facet normal -0.916812 -0.399319 0
    outer loop
      vertex 54.15 98.5297 3
      vertex 54.2017 98.411 1.02
      vertex 54.2017 98.411 3
    endloop
  endfacet
  facet normal -0.995527 -0.0944741 0
    outer loop
      vertex 54.15 98.5297 1.02
      vertex 54.1327 98.712 3
      vertex 54.1327 98.712 1.02
    endloop
  endfacet
  facet normal -0.995527 -0.0944741 0
    outer loop
      vertex 54.1327 98.712 3
      vertex 54.15 98.5297 1.02
      vertex 54.15 98.5297 3
    endloop
  endfacet
  facet normal -1 0 0
    outer loop
      vertex 54.1327 98.712 1.02
      vertex 54.1327 100.588 3
      vertex 54.1327 100.588 1.02
    endloop
  endfacet
  facet normal -1 -0 0
    outer loop
      vertex 54.1327 100.588 3
      vertex 54.1327 98.712 1.02
      vertex 54.1327 98.712 3
    endloop
  endfacet
  facet normal 0 1 -0
    outer loop
      vertex 54.6757 100.588 1.02
      vertex 54.1327 100.588 3
      vertex 54.6757 100.588 3
    endloop
  endfacet
  facet normal 0 1 0
    outer loop
      vertex 54.1327 100.588 3
      vertex 54.6757 100.588 1.02
      vertex 54.1327 100.588 1.02
    endloop
  endfacet
  facet normal -1 0 0
    outer loop
      vertex 54.6757 100.588 1.02
      vertex 54.6757 100.944 3
      vertex 54.6757 100.944 1.02
    endloop
  endfacet
  facet normal -1 -0 0
    outer loop
      vertex 54.6757 100.944 3
      vertex 54.6757 100.588 1.02
      vertex 54.6757 100.588 3
    endloop
  endfacet
  facet normal 0 -1 0
    outer loop
      vertex 54.1327 100.944 1.02
      vertex 54.6757 100.944 3
      vertex 54.1327 100.944 3
    endloop
  endfacet
  facet normal 0 -1 -0
    outer loop
      vertex 54.6757 100.944 3
      vertex 54.1327 100.944 1.02
      vertex 54.6757 100.944 1.02
    endloop
  endfacet
  facet normal -1 0 0
    outer loop
      vertex 54.1327 100.944 1.02
      vertex 54.1327 101.584 3
      vertex 54.1327 101.584 1.02
    endloop
  endfacet
  facet normal -1 -0 0
    outer loop
      vertex 54.1327 101.584 3
      vertex 54.1327 100.944 1.02
      vertex 54.1327 100.944 3
    endloop
  endfacet
  facet normal 0 -1 0
    outer loop
      vertex 53.8057 101.584 1.02
      vertex 54.1327 101.584 3
      vertex 53.8057 101.584 3
    endloop
  endfacet
  facet normal 0 -1 -0
    outer loop
      vertex 54.1327 101.584 3
      vertex 53.8057 101.584 1.02
      vertex 54.1327 101.584 1.02
    endloop
  endfacet
  facet normal 0.97561 -0.219512 0
    outer loop
      vertex 53.6617 100.944 3
      vertex 53.8057 101.584 1.02
      vertex 53.8057 101.584 3
    endloop
  endfacet
  facet normal 0.97561 -0.219512 0
    outer loop
      vertex 53.8057 101.584 1.02
      vertex 53.6617 100.944 3
      vertex 53.6617 100.944 1.02
    endloop
  endfacet
  facet normal 0 -1 0
    outer loop
      vertex 53.3027 100.944 1.02
      vertex 53.6617 100.944 3
      vertex 53.3027 100.944 3
    endloop
  endfacet
  facet normal 0 -1 -0
    outer loop
      vertex 53.6617 100.944 3
      vertex 53.3027 100.944 1.02
      vertex 53.6617 100.944 1.02
    endloop
  endfacet
  facet normal 1 -0 0
    outer loop
      vertex 53.3027 100.588 3
      vertex 53.3027 100.944 1.02
      vertex 53.3027 100.944 3
    endloop
  endfacet
  facet normal 1 0 0
    outer loop
      vertex 53.3027 100.944 1.02
      vertex 53.3027 100.588 3
      vertex 53.3027 100.588 1.02
    endloop
  endfacet
  facet normal 0 1 -0
    outer loop
      vertex 53.6427 100.588 1.02
      vertex 53.3027 100.588 3
      vertex 53.6427 100.588 3
    endloop
  endfacet
  facet normal 0 1 0
    outer loop
      vertex 53.3027 100.588 3
      vertex 53.6427 100.588 1.02
      vertex 53.3027 100.588 1.02
    endloop
  endfacet
  facet normal 1 -0 0
    outer loop
      vertex 53.6427 98.608 3
      vertex 53.6427 100.588 1.02
      vertex 53.6427 100.588 3
    endloop
  endfacet
  facet normal 1 0 0
    outer loop
      vertex 53.6427 100.588 1.02
      vertex 53.6427 98.608 3
      vertex 53.6427 98.608 1.02
    endloop
  endfacet
  facet normal 0.960102 0.279649 0
    outer loop
      vertex 53.7895 98.104 3
      vertex 53.6427 98.608 1.02
      vertex 53.6427 98.608 3
    endloop
  endfacet
  facet normal 0.960102 0.279649 0
    outer loop
      vertex 53.6427 98.608 1.02
      vertex 53.7895 98.104 3
      vertex 53.7895 98.104 1.02
    endloop
  endfacet
  facet normal 0.35656 0.934272 -0
    outer loop
      vertex 54.2297 97.936 1.02
      vertex 53.7895 98.104 3
      vertex 54.2297 97.936 3
    endloop
  endfacet
  facet normal 0.35656 0.934272 0
    outer loop
      vertex 53.7895 98.104 3
      vertex 54.2297 97.936 1.02
      vertex 53.7895 98.104 1.02
    endloop
  endfacet
  facet normal -0.0649842 0.997886 0
    outer loop
      vertex 54.48 97.9523 1.02
      vertex 54.2297 97.936 3
      vertex 54.48 97.9523 3
    endloop
  endfacet
  facet normal -0.0649842 0.997886 0
    outer loop
      vertex 54.2297 97.936 3
      vertex 54.48 97.9523 1.02
      vertex 54.2297 97.936 1.02
    endloop
  endfacet
  facet normal -0.195114 0.98078 0
    outer loop
      vertex 67.6935 98.001 1.02
      vertex 67.4487 97.9523 3
      vertex 67.6935 98.001 3
    endloop
  endfacet
  facet normal -0.195114 0.98078 0
    outer loop
      vertex 67.4487 97.9523 3
      vertex 67.6935 98.001 1.02
      vertex 67.4487 97.9523 1.02
    endloop
  endfacet
  facet normal -1 0 0
    outer loop
      vertex 67.6935 98.001 1.02
      vertex 67.6935 98.363 3
      vertex 67.6935 98.363 1.02
    endloop
  endfacet
  facet normal -1 -0 0
    outer loop
      vertex 67.6935 98.363 3
      vertex 67.6935 98.001 1.02
      vertex 67.6935 98.001 3
    endloop
  endfacet
  facet normal 0.172234 -0.985056 0
    outer loop
      vertex 67.5305 98.3345 1.02
      vertex 67.6935 98.363 3
      vertex 67.5305 98.3345 3
    endloop
  endfacet
  facet normal 0.172234 -0.985056 0
    outer loop
      vertex 67.6935 98.363 3
      vertex 67.5305 98.3345 1.02
      vertex 67.6935 98.363 1.02
    endloop
  endfacet
  facet normal 0.0795788 -0.996829 0
    outer loop
      vertex 67.4115 98.325 1.02
      vertex 67.5305 98.3345 3
      vertex 67.4115 98.325 3
    endloop
  endfacet
  facet normal 0.0795788 -0.996829 0
    outer loop
      vertex 67.5305 98.3345 3
      vertex 67.4115 98.325 1.02
      vertex 67.5305 98.3345 1.02
    endloop
  endfacet
  facet normal -0.145397 -0.989373 0
    outer loop
      vertex 67.2652 98.3465 1.02
      vertex 67.4115 98.325 3
      vertex 67.2652 98.3465 3
    endloop
  endfacet
  facet normal -0.145397 -0.989373 -0
    outer loop
      vertex 67.4115 98.325 3
      vertex 67.2652 98.3465 1.02
      vertex 67.4115 98.325 1.02
    endloop
  endfacet
  facet normal -0.562931 -0.826504 0
    outer loop
      vertex 67.1705 98.411 1.02
      vertex 67.2652 98.3465 3
      vertex 67.1705 98.411 3
    endloop
  endfacet
  facet normal -0.562931 -0.826504 -0
    outer loop
      vertex 67.2652 98.3465 3
      vertex 67.1705 98.411 1.02
      vertex 67.2652 98.3465 1.02
    endloop
  endfacet
  facet normal -0.916529 -0.399968 0
    outer loop
      vertex 67.1705 98.411 1.02
      vertex 67.1187 98.5297 3
      vertex 67.1187 98.5297 1.02
    endloop
  endfacet
  facet normal -0.916529 -0.399968 0
    outer loop
      vertex 67.1187 98.5297 3
      vertex 67.1705 98.411 1.02
      vertex 67.1705 98.411 3
    endloop
  endfacet
  facet normal -0.995579 -0.0939328 0
    outer loop
      vertex 67.1187 98.5297 1.02
      vertex 67.1015 98.712 3
      vertex 67.1015 98.712 1.02
    endloop
  endfacet
  facet normal -0.995579 -0.0939328 0
    outer loop
      vertex 67.1015 98.712 3
      vertex 67.1187 98.5297 1.02
      vertex 67.1187 98.5297 3
    endloop
  endfacet
  facet normal -1 0 0
    outer loop
      vertex 67.1015 98.712 1.02
      vertex 67.1015 100.588 3
      vertex 67.1015 100.588 1.02
    endloop
  endfacet
  facet normal -1 -0 0
    outer loop
      vertex 67.1015 100.588 3
      vertex 67.1015 98.712 1.02
      vertex 67.1015 98.712 3
    endloop
  endfacet
  facet normal 0 1 -0
    outer loop
      vertex 67.6445 100.588 1.02
      vertex 67.1015 100.588 3
      vertex 67.6445 100.588 3
    endloop
  endfacet
  facet normal 0 1 0
    outer loop
      vertex 67.1015 100.588 3
      vertex 67.6445 100.588 1.02
      vertex 67.1015 100.588 1.02
    endloop
  endfacet
  facet normal -1 0 0
    outer loop
      vertex 67.6445 100.588 1.02
      vertex 67.6445 100.944 3
      vertex 67.6445 100.944 1.02
    endloop
  endfacet
  facet normal -1 -0 0
    outer loop
      vertex 67.6445 100.944 3
      vertex 67.6445 100.588 1.02
      vertex 67.6445 100.588 3
    endloop
  endfacet
  facet normal 0 -1 0
    outer loop
      vertex 67.1015 100.944 1.02
      vertex 67.6445 100.944 3
      vertex 67.1015 100.944 3
    endloop
  endfacet
  facet normal 0 -1 -0
    outer loop
      vertex 67.6445 100.944 3
      vertex 67.1015 100.944 1.02
      vertex 67.6445 100.944 1.02
    endloop
  endfacet
  facet normal -1 0 0
    outer loop
      vertex 67.1015 100.944 1.02
      vertex 67.1015 101.584 3
      vertex 67.1015 101.584 1.02
    endloop
  endfacet
  facet normal -1 -0 0
    outer loop
      vertex 67.1015 101.584 3
      vertex 67.1015 100.944 1.02
      vertex 67.1015 100.944 3
    endloop
  endfacet
  facet normal 0 -1 0
    outer loop
      vertex 66.7745 101.584 1.02
      vertex 67.1015 101.584 3
      vertex 66.7745 101.584 3
    endloop
  endfacet
  facet normal 0 -1 -0
    outer loop
      vertex 67.1015 101.584 3
      vertex 66.7745 101.584 1.02
      vertex 67.1015 101.584 1.02
    endloop
  endfacet
  facet normal 0.97561 -0.219512 0
    outer loop
      vertex 66.6305 100.944 3
      vertex 66.7745 101.584 1.02
      vertex 66.7745 101.584 3
    endloop
  endfacet
  facet normal 0.97561 -0.219512 0
    outer loop
      vertex 66.7745 101.584 1.02
      vertex 66.6305 100.944 3
      vertex 66.6305 100.944 1.02
    endloop
  endfacet
  facet normal 0 -1 0
    outer loop
      vertex 66.2715 100.944 1.02
      vertex 66.6305 100.944 3
      vertex 66.2715 100.944 3
    endloop
  endfacet
  facet normal 0 -1 -0
    outer loop
      vertex 66.6305 100.944 3
      vertex 66.2715 100.944 1.02
      vertex 66.6305 100.944 1.02
    endloop
  endfacet
  facet normal 1 -0 0
    outer loop
      vertex 66.2715 100.588 3
      vertex 66.2715 100.944 1.02
      vertex 66.2715 100.944 3
    endloop
  endfacet
  facet normal 1 0 0
    outer loop
      vertex 66.2715 100.944 1.02
      vertex 66.2715 100.588 3
      vertex 66.2715 100.588 1.02
    endloop
  endfacet
  facet normal 0 1 -0
    outer loop
      vertex 66.6115 100.588 1.02
      vertex 66.2715 100.588 3
      vertex 66.6115 100.588 3
    endloop
  endfacet
  facet normal 0 1 0
    outer loop
      vertex 66.2715 100.588 3
      vertex 66.6115 100.588 1.02
      vertex 66.2715 100.588 1.02
    endloop
  endfacet
  facet normal 1 -0 0
    outer loop
      vertex 66.6115 98.608 3
      vertex 66.6115 100.588 1.02
      vertex 66.6115 100.588 3
    endloop
  endfacet
  facet normal 1 0 0
    outer loop
      vertex 66.6115 100.588 1.02
      vertex 66.6115 98.608 3
      vertex 66.6115 98.608 1.02
    endloop
  endfacet
  facet normal 0.960153 0.279473 0
    outer loop
      vertex 66.7582 98.104 3
      vertex 66.6115 98.608 1.02
      vertex 66.6115 98.608 3
    endloop
  endfacet
  facet normal 0.960153 0.279473 0
    outer loop
      vertex 66.6115 98.608 1.02
      vertex 66.7582 98.104 3
      vertex 66.7582 98.104 1.02
    endloop
  endfacet
  facet normal 0.356489 0.934299 -0
    outer loop
      vertex 67.1985 97.936 1.02
      vertex 66.7582 98.104 3
      vertex 67.1985 97.936 3
    endloop
  endfacet
  facet normal 0.356489 0.934299 0
    outer loop
      vertex 66.7582 98.104 3
      vertex 67.1985 97.936 1.02
      vertex 66.7582 98.104 1.02
    endloop
  endfacet
  facet normal -0.0650101 0.997885 0
    outer loop
      vertex 67.4487 97.9523 1.02
      vertex 67.1985 97.936 3
      vertex 67.4487 97.9523 3
    endloop
  endfacet
  facet normal -0.0650101 0.997885 0
    outer loop
      vertex 67.1985 97.936 3
      vertex 67.4487 97.9523 1.02
      vertex 67.1985 97.936 1.02
    endloop
  endfacet
  facet normal -0.995793 0.0916304 0
    outer loop
      vertex 52.2871 99.54 1.02
      vertex 52.3271 99.9747 3
      vertex 52.3271 99.9747 1.02
    endloop
  endfacet
  facet normal -0.995793 0.0916304 0
    outer loop
      vertex 52.3271 99.9747 3
      vertex 52.2871 99.54 1.02
      vertex 52.2871 99.54 3
    endloop
  endfacet
  facet normal -0.936437 0.350835 0
    outer loop
      vertex 52.3271 99.9747 1.02
      vertex 52.4471 100.295 3
      vertex 52.4471 100.295 1.02
    endloop
  endfacet
  facet normal -0.936437 0.350835 0
    outer loop
      vertex 52.4471 100.295 3
      vertex 52.3271 99.9747 1.02
      vertex 52.3271 99.9747 3
    endloop
  endfacet
  facet normal -0.708895 0.705314 0
    outer loop
      vertex 52.4471 100.295 1.02
      vertex 52.6441 100.493 3
      vertex 52.6441 100.493 1.02
    endloop
  endfacet
  facet normal -0.708895 0.705314 0
    outer loop
      vertex 52.6441 100.493 3
      vertex 52.4471 100.295 1.02
      vertex 52.4471 100.295 3
    endloop
  endfacet
  facet normal -0.238286 0.971195 0
    outer loop
      vertex 52.9131 100.559 1.02
      vertex 52.6441 100.493 3
      vertex 52.9131 100.559 3
    endloop
  endfacet
  facet normal -0.238286 0.971195 0
    outer loop
      vertex 52.6441 100.493 3
      vertex 52.9131 100.559 1.02
      vertex 52.6441 100.493 1.02
    endloop
  endfacet
  facet normal 0.0476622 0.998864 -0
    outer loop
      vertex 53.0598 100.552 1.02
      vertex 52.9131 100.559 3
      vertex 53.0598 100.552 3
    endloop
  endfacet
  facet normal 0.0476622 0.998864 0
    outer loop
      vertex 52.9131 100.559 3
      vertex 53.0598 100.552 1.02
      vertex 52.9131 100.559 1.02
    endloop
  endfacet
  facet normal 0.172359 0.985034 -0
    outer loop
      vertex 53.1741 100.532 1.02
      vertex 53.0598 100.552 3
      vertex 53.1741 100.532 3
    endloop
  endfacet
  facet normal 0.172359 0.985034 0
    outer loop
      vertex 53.0598 100.552 3
      vertex 53.1741 100.532 1.02
      vertex 53.0598 100.552 1.02
    endloop
  endfacet
  facet normal -1 0 0
    outer loop
      vertex 53.1741 100.532 1.02
      vertex 53.1741 100.981 3
      vertex 53.1741 100.981 1.02
    endloop
  endfacet
  facet normal -1 -0 0
    outer loop
      vertex 53.1741 100.981 3
      vertex 53.1741 100.532 1.02
      vertex 53.1741 100.532 3
    endloop
  endfacet
  facet normal -0.196116 -0.980581 0
    outer loop
      vertex 53.0741 101.001 1.02
      vertex 53.1741 100.981 3
      vertex 53.0741 101.001 3
    endloop
  endfacet
  facet normal -0.196116 -0.980581 -0
    outer loop
      vertex 53.1741 100.981 3
      vertex 53.0741 101.001 1.02
      vertex 53.1741 100.981 1.02
    endloop
  endfacet
  facet normal -0.071247 -0.997459 0
    outer loop
      vertex 52.9761 101.008 1.02
      vertex 53.0741 101.001 3
      vertex 52.9761 101.008 3
    endloop
  endfacet
  facet normal -0.071247 -0.997459 -0
    outer loop
      vertex 53.0741 101.001 3
      vertex 52.9761 101.008 1.02
      vertex 53.0741 101.001 1.02
    endloop
  endfacet
  facet normal 0.140578 -0.99007 0
    outer loop
      vertex 52.7296 100.973 1.02
      vertex 52.9761 101.008 3
      vertex 52.7296 100.973 3
    endloop
  endfacet
  facet normal 0.140578 -0.99007 0
    outer loop
      vertex 52.9761 101.008 3
      vertex 52.7296 100.973 1.02
      vertex 52.9761 101.008 1.02
    endloop
  endfacet
  facet normal 0.493072 -0.869988 0
    outer loop
      vertex 52.5461 100.869 1.02
      vertex 52.7296 100.973 3
      vertex 52.5461 100.869 3
    endloop
  endfacet
  facet normal 0.493072 -0.869988 0
    outer loop
      vertex 52.7296 100.973 3
      vertex 52.5461 100.869 1.02
      vertex 52.7296 100.973 1.02
    endloop
  endfacet
  facet normal 0.810096 -0.586297 0
    outer loop
      vertex 52.4028 100.671 3
      vertex 52.5461 100.869 1.02
      vertex 52.5461 100.869 3
    endloop
  endfacet
  facet normal 0.810096 -0.586297 0
    outer loop
      vertex 52.5461 100.869 1.02
      vertex 52.4028 100.671 3
      vertex 52.4028 100.671 1.02
    endloop
  endfacet
  facet normal 0.929982 -0.367606 0
    outer loop
      vertex 52.2771 100.353 3
      vertex 52.4028 100.671 1.02
      vertex 52.4028 100.671 3
    endloop
  endfacet
  facet normal 0.929982 -0.367606 0
    outer loop
      vertex 52.4028 100.671 1.02
      vertex 52.2771 100.353 3
      vertex 52.2771 100.353 1.02
    endloop
  endfacet
  facet normal 0 -1 0
    outer loop
      vertex 52.2661 100.353 1.02
      vertex 52.2771 100.353 3
      vertex 52.2661 100.353 3
    endloop
  endfacet
  facet normal 0 -1 -0
    outer loop
      vertex 52.2771 100.353 3
      vertex 52.2661 100.353 1.02
      vertex 52.2771 100.353 1.02
    endloop
  endfacet
  facet normal -0.99961 -0.0279079 0
    outer loop
      vertex 52.2661 100.353 1.02
      vertex 52.2606 100.55 3
      vertex 52.2606 100.55 1.02
    endloop
  endfacet
  facet normal -0.99961 -0.0279079 0
    outer loop
      vertex 52.2606 100.55 3
      vertex 52.2661 100.353 1.02
      vertex 52.2661 100.353 3
    endloop
  endfacet
  facet normal -0.999124 -0.0418415 0
    outer loop
      vertex 52.2606 100.55 1.02
      vertex 52.2441 100.944 3
      vertex 52.2441 100.944 1.02
    endloop
  endfacet
  facet normal -0.999124 -0.0418415 0
    outer loop
      vertex 52.2441 100.944 3
      vertex 52.2606 100.55 1.02
      vertex 52.2606 100.55 3
    endloop
  endfacet
  facet normal 0 -1 0
    outer loop
      vertex 51.7821 100.944 1.02
      vertex 52.2441 100.944 3
      vertex 51.7821 100.944 3
    endloop
  endfacet
  facet normal 0 -1 -0
    outer loop
      vertex 52.2441 100.944 3
      vertex 51.7821 100.944 1.02
      vertex 52.2441 100.944 1.02
    endloop
  endfacet
  facet normal 0.999442 0.0334075 0
    outer loop
      vertex 51.7941 100.585 3
      vertex 51.7821 100.944 1.02
      vertex 51.7821 100.944 3
    endloop
  endfacet
  facet normal 0.999442 0.0334075 0
    outer loop
      vertex 51.7821 100.944 1.02
      vertex 51.7941 100.585 3
      vertex 51.7941 100.585 1.02
    endloop
  endfacet
  facet normal 0.999925 0.0122315 0
    outer loop
      vertex 51.7981 100.258 3
      vertex 51.7941 100.585 1.02
      vertex 51.7941 100.585 3
    endloop
  endfacet
  facet normal 0.999925 0.0122315 0
    outer loop
      vertex 51.7941 100.585 1.02
      vertex 51.7981 100.258 3
      vertex 51.7981 100.258 1.02
    endloop
  endfacet
  facet normal 1 -0 0
    outer loop
      vertex 51.7981 98 3
      vertex 51.7981 100.258 1.02
      vertex 51.7981 100.258 3
    endloop
  endfacet
  facet normal 1 0 0
    outer loop
      vertex 51.7981 100.258 1.02
      vertex 51.7981 98 3
      vertex 51.7981 98 1.02
    endloop
  endfacet
  facet normal 0 1 -0
    outer loop
      vertex 52.2871 98 1.02
      vertex 51.7981 98 3
      vertex 52.2871 98 3
    endloop
  endfacet
  facet normal 0 1 0
    outer loop
      vertex 51.7981 98 3
      vertex 52.2871 98 1.02
      vertex 51.7981 98 1.02
    endloop
  endfacet
  facet normal -1 0 0
    outer loop
      vertex 52.2871 98 1.02
      vertex 52.2871 99.54 3
      vertex 52.2871 99.54 1.02
    endloop
  endfacet
  facet normal -1 -0 0
    outer loop
      vertex 52.2871 99.54 3
      vertex 52.2871 98 1.02
      vertex 52.2871 98 3
    endloop
  endfacet
  facet normal -0.480669 0.876902 0
    outer loop
      vertex 38.3102 98.188 1.02
      vertex 37.9654 97.999 3
      vertex 38.3102 98.188 3
    endloop
  endfacet
  facet normal -0.480669 0.876902 0
    outer loop
      vertex 37.9654 97.999 3
      vertex 38.3102 98.188 1.02
      vertex 37.9654 97.999 1.02
    endloop
  endfacet
  facet normal -0.771666 0.636028 0
    outer loop
      vertex 38.3102 98.188 1.02
      vertex 38.5531 98.4827 3
      vertex 38.5531 98.4827 1.02
    endloop
  endfacet
  facet normal -0.771666 0.636028 0
    outer loop
      vertex 38.5531 98.4827 3
      vertex 38.3102 98.188 1.02
      vertex 38.3102 98.188 3
    endloop
  endfacet
  facet normal -0.954368 0.298632 0
    outer loop
      vertex 38.5531 98.4827 1.02
      vertex 38.6721 98.863 3
      vertex 38.6721 98.863 1.02
    endloop
  endfacet
  facet normal -0.954368 0.298632 0
    outer loop
      vertex 38.6721 98.863 3
      vertex 38.5531 98.4827 1.02
      vertex 38.5531 98.4827 3
    endloop
  endfacet
  facet normal -0.0665324 -0.997784 0
    outer loop
      vertex 38.1772 98.896 1.02
      vertex 38.6721 98.863 3
      vertex 38.1772 98.896 3
    endloop
  endfacet
  facet normal -0.0665324 -0.997784 -0
    outer loop
      vertex 38.6721 98.863 3
      vertex 38.1772 98.896 1.02
      vertex 38.6721 98.863 1.02
    endloop
  endfacet
  facet normal 0.959564 -0.281492 0
    outer loop
      vertex 38.1026 98.6417 3
      vertex 38.1772 98.896 1.02
      vertex 38.1772 98.896 3
    endloop
  endfacet
  facet normal 0.959564 -0.281492 0
    outer loop
      vertex 38.1772 98.896 1.02
      vertex 38.1026 98.6417 3
      vertex 38.1026 98.6417 1.02
    endloop
  endfacet
  facet normal 0.784197 -0.620512 0
    outer loop
      vertex 37.9612 98.463 3
      vertex 38.1026 98.6417 1.02
      vertex 38.1026 98.6417 3
    endloop
  endfacet
  facet normal 0.784197 -0.620512 0
    outer loop
      vertex 38.1026 98.6417 1.02
      vertex 37.9612 98.463 3
      vertex 37.9612 98.463 1.02
    endloop
  endfacet
  facet normal 0.473886 -0.880586 0
    outer loop
      vertex 37.7646 98.3572 1.02
      vertex 37.9612 98.463 3
      vertex 37.7646 98.3572 3
    endloop
  endfacet
  facet normal 0.473886 -0.880586 0
    outer loop
      vertex 37.9612 98.463 3
      vertex 37.7646 98.3572 1.02
      vertex 37.9612 98.463 1.02
    endloop
  endfacet
  facet normal 0.145411 -0.989371 0
    outer loop
      vertex 37.5251 98.322 1.02
      vertex 37.7646 98.3572 3
      vertex 37.5251 98.322 3
    endloop
  endfacet
  facet normal 0.145411 -0.989371 0
    outer loop
      vertex 37.7646 98.3572 3
      vertex 37.5251 98.322 1.02
      vertex 37.7646 98.3572 1.02
    endloop
  endfacet
  facet normal -0.213876 -0.976861 0
    outer loop
      vertex 37.1999 98.3932 1.02
      vertex 37.5251 98.322 3
      vertex 37.1999 98.3932 3
    endloop
  endfacet
  facet normal -0.213876 -0.976861 -0
    outer loop
      vertex 37.5251 98.322 3
      vertex 37.1999 98.3932 1.02
      vertex 37.5251 98.322 1.02
    endloop
  endfacet
  facet normal -0.678148 -0.734925 0
    outer loop
      vertex 36.9682 98.607 1.02
      vertex 37.1999 98.3932 3
      vertex 36.9682 98.607 3
    endloop
  endfacet
  facet normal -0.678148 -0.734925 -0
    outer loop
      vertex 37.1999 98.3932 3
      vertex 36.9682 98.607 1.02
      vertex 37.1999 98.3932 1.02
    endloop
  endfacet
  facet normal -0.933948 -0.357408 0
    outer loop
      vertex 36.9682 98.607 1.02
      vertex 36.8294 98.9697 3
      vertex 36.8294 98.9697 1.02
    endloop
  endfacet
  facet normal -0.933948 -0.357408 0
    outer loop
      vertex 36.8294 98.9697 3
      vertex 36.9682 98.607 1.02
      vertex 36.9682 98.607 3
    endloop
  endfacet
  facet normal -0.996003 -0.0893181 0
    outer loop
      vertex 36.8294 98.9697 1.02
      vertex 36.7831 99.486 3
      vertex 36.7831 99.486 1.02
    endloop
  endfacet
  facet normal -0.996003 -0.0893181 0
    outer loop
      vertex 36.7831 99.486 3
      vertex 36.8294 98.9697 1.02
      vertex 36.8294 98.9697 3
    endloop
  endfacet
  facet normal -0.996623 0.0821082 0
    outer loop
      vertex 36.7831 99.486 1.02
      vertex 36.8266 100.014 3
      vertex 36.8266 100.014 1.02
    endloop
  endfacet
  facet normal -0.996623 0.0821082 0
    outer loop
      vertex 36.8266 100.014 3
      vertex 36.7831 99.486 1.02
      vertex 36.7831 99.486 3
    endloop
  endfacet
  facet normal -0.9369 0.349598 0
    outer loop
      vertex 36.8266 100.014 1.02
      vertex 36.9572 100.364 3
      vertex 36.9572 100.364 1.02
    endloop
  endfacet
  facet normal -0.9369 0.349598 0
    outer loop
      vertex 36.9572 100.364 3
      vertex 36.8266 100.014 1.02
      vertex 36.8266 100.014 3
    endloop
  endfacet
  facet normal -0.65238 0.757892 0
    outer loop
      vertex 37.1849 100.56 1.02
      vertex 36.9572 100.364 3
      vertex 37.1849 100.56 3
    endloop
  endfacet
  facet normal -0.65238 0.757892 0
    outer loop
      vertex 36.9572 100.364 3
      vertex 37.1849 100.56 1.02
      vertex 36.9572 100.364 1.02
    endloop
  endfacet
  facet normal -0.190368 0.981713 0
    outer loop
      vertex 37.5201 100.625 1.02
      vertex 37.1849 100.56 3
      vertex 37.5201 100.625 3
    endloop
  endfacet
  facet normal -0.190368 0.981713 0
    outer loop
      vertex 37.1849 100.56 3
      vertex 37.5201 100.625 1.02
      vertex 37.1849 100.56 1.02
    endloop
  endfacet
  facet normal 0.137301 0.990529 -0
    outer loop
      vertex 37.7726 100.59 1.02
      vertex 37.5201 100.625 3
      vertex 37.7726 100.59 3
    endloop
  endfacet
  facet normal 0.137301 0.990529 0
    outer loop
      vertex 37.5201 100.625 3
      vertex 37.7726 100.59 1.02
      vertex 37.5201 100.625 1.02
    endloop
  endfacet
  facet normal 0.485049 0.874487 -0
    outer loop
      vertex 37.9601 100.486 1.02
      vertex 37.7726 100.59 3
      vertex 37.9601 100.486 3
    endloop
  endfacet
  facet normal 0.485049 0.874487 0
    outer loop
      vertex 37.7726 100.59 3
      vertex 37.9601 100.486 1.02
      vertex 37.7726 100.59 1.02
    endloop
  endfacet
  facet normal 0.791648 0.610977 0
    outer loop
      vertex 38.0859 100.323 3
      vertex 37.9601 100.486 1.02
      vertex 37.9601 100.486 3
    endloop
  endfacet
  facet normal 0.791648 0.610977 0
    outer loop
      vertex 37.9601 100.486 1.02
      vertex 38.0859 100.323 3
      vertex 38.0859 100.323 1.02
    endloop
  endfacet
  facet normal 0.952712 0.303875 0
    outer loop
      vertex 38.1532 100.112 3
      vertex 38.0859 100.323 1.02
      vertex 38.0859 100.323 3
    endloop
  endfacet
  facet normal 0.952712 0.303875 0
    outer loop
      vertex 38.0859 100.323 1.02
      vertex 38.1532 100.112 3
      vertex 38.1532 100.112 1.02
    endloop
  endfacet
  facet normal -0.073375 0.997304 0
    outer loop
      vertex 38.6561 100.149 1.02
      vertex 38.1532 100.112 3
      vertex 38.6561 100.149 3
    endloop
  endfacet
  facet normal -0.073375 0.997304 0
    outer loop
      vertex 38.1532 100.112 3
      vertex 38.6561 100.149 1.02
      vertex 38.1532 100.112 1.02
    endloop
  endfacet
  facet normal -0.938678 -0.344794 0
    outer loop
      vertex 38.6561 100.149 1.02
      vertex 38.5246 100.507 3
      vertex 38.5246 100.507 1.02
    endloop
  endfacet
  facet normal -0.938678 -0.344794 0
    outer loop
      vertex 38.5246 100.507 3
      vertex 38.6561 100.149 1.02
      vertex 38.6561 100.149 3
    endloop
  endfacet
  facet normal -0.746561 -0.665317 0
    outer loop
      vertex 38.5246 100.507 1.02
      vertex 38.2822 100.779 3
      vertex 38.2822 100.779 1.02
    endloop
  endfacet
  facet normal -0.746561 -0.665317 0
    outer loop
      vertex 38.2822 100.779 3
      vertex 38.5246 100.507 1.02
      vertex 38.5246 100.507 3
    endloop
  endfacet
  facet normal -0.455886 -0.890038 0
    outer loop
      vertex 37.9464 100.951 1.02
      vertex 38.2822 100.779 3
      vertex 37.9464 100.951 3
    endloop
  endfacet
  facet normal -0.455886 -0.890038 -0
    outer loop
      vertex 38.2822 100.779 3
      vertex 37.9464 100.951 1.02
      vertex 38.2822 100.779 1.02
    endloop
  endfacet
  facet normal -0.136621 -0.990623 0
    outer loop
      vertex 37.5331 101.008 1.02
      vertex 37.9464 100.951 3
      vertex 37.5331 101.008 3
    endloop
  endfacet
  facet normal -0.136621 -0.990623 -0
    outer loop
      vertex 37.9464 100.951 3
      vertex 37.5331 101.008 1.02
      vertex 37.9464 100.951 1.02
    endloop
  endfacet
  facet normal 0.179143 -0.983823 0
    outer loop
      vertex 36.9949 100.91 1.02
      vertex 37.5331 101.008 3
      vertex 36.9949 100.91 3
    endloop
  endfacet
  facet normal 0.179143 -0.983823 0
    outer loop
      vertex 37.5331 101.008 3
      vertex 36.9949 100.91 1.02
      vertex 37.5331 101.008 1.02
    endloop
  endfacet
  facet normal 0.596629 -0.802517 0
    outer loop
      vertex 36.5981 100.615 1.02
      vertex 36.9949 100.91 3
      vertex 36.5981 100.615 3
    endloop
  endfacet
  facet normal 0.596629 -0.802517 0
    outer loop
      vertex 36.9949 100.91 3
      vertex 36.5981 100.615 1.02
      vertex 36.9949 100.91 1.02
    endloop
  endfacet
  facet normal 0.891896 -0.45224 0
    outer loop
      vertex 36.3537 100.133 3
      vertex 36.5981 100.615 1.02
      vertex 36.5981 100.615 3
    endloop
  endfacet
  facet normal 0.891896 -0.45224 0
    outer loop
      vertex 36.5981 100.615 1.02
      vertex 36.3537 100.133 3
      vertex 36.3537 100.133 1.02
    endloop
  endfacet
  facet normal 0.992416 -0.122921 0
    outer loop
      vertex 36.2722 99.475 3
      vertex 36.3537 100.133 1.02
      vertex 36.3537 100.133 3
    endloop
  endfacet
  facet normal 0.992416 -0.122921 0
    outer loop
      vertex 36.3537 100.133 1.02
      vertex 36.2722 99.475 3
      vertex 36.2722 99.475 1.02
    endloop
  endfacet
  facet normal 0.992583 0.121565 0
    outer loop
      vertex 36.3534 98.812 3
      vertex 36.2722 99.475 1.02
      vertex 36.2722 99.475 3
    endloop
  endfacet
  facet normal 0.992583 0.121565 0
    outer loop
      vertex 36.2722 99.475 1.02
      vertex 36.3534 98.812 3
      vertex 36.3534 98.812 1.02
    endloop
  endfacet
  facet normal 0.89272 0.450611 0
    outer loop
      vertex 36.5972 98.329 3
      vertex 36.3534 98.812 1.02
      vertex 36.3534 98.812 3
    endloop
  endfacet
  facet normal 0.89272 0.450611 0
    outer loop
      vertex 36.3534 98.812 1.02
      vertex 36.5972 98.329 3
      vertex 36.5972 98.329 1.02
    endloop
  endfacet
  facet normal 0.595305 0.8035 -0
    outer loop
      vertex 36.9951 98.0342 1.02
      vertex 36.5972 98.329 3
      vertex 36.9951 98.0342 3
    endloop
  endfacet
  facet normal 0.595305 0.8035 0
    outer loop
      vertex 36.5972 98.329 3
      vertex 36.9951 98.0342 1.02
      vertex 36.5972 98.329 1.02
    endloop
  endfacet
  facet normal 0.177612 0.984101 -0
    outer loop
      vertex 37.5392 97.936 1.02
      vertex 36.9951 98.0342 3
      vertex 37.5392 97.936 3
    endloop
  endfacet
  facet normal 0.177612 0.984101 0
    outer loop
      vertex 36.9951 98.0342 3
      vertex 37.5392 97.936 1.02
      vertex 36.9951 98.0342 1.02
    endloop
  endfacet
  facet normal -0.146229 0.989251 0
    outer loop
      vertex 37.9654 97.999 1.02
      vertex 37.5392 97.936 3
      vertex 37.9654 97.999 3
    endloop
  endfacet
  facet normal -0.146229 0.989251 0
    outer loop
      vertex 37.5392 97.936 3
      vertex 37.9654 97.999 1.02
      vertex 37.5392 97.936 1.02
    endloop
  endfacet
  facet normal -0.173785 0.984784 0
    outer loop
      vertex 51.4915 97.98 1.02
      vertex 51.3045 97.947 3
      vertex 51.4915 97.98 3
    endloop
  endfacet
  facet normal -0.173785 0.984784 0
    outer loop
      vertex 51.3045 97.947 3
      vertex 51.4915 97.98 1.02
      vertex 51.3045 97.947 1.02
    endloop
  endfacet
  facet normal -1 0 0
    outer loop
      vertex 51.4915 97.98 1.02
      vertex 51.4915 98.284 3
      vertex 51.4915 98.284 1.02
    endloop
  endfacet
  facet normal -1 -0 0
    outer loop
      vertex 51.4915 98.284 3
      vertex 51.4915 97.98 1.02
      vertex 51.4915 97.98 3
    endloop
  endfacet
  facet normal 0.165904 -0.986142 0
    outer loop
      vertex 51.4065 98.2697 1.02
      vertex 51.4915 98.284 3
      vertex 51.4065 98.2697 3
    endloop
  endfacet
  facet normal 0.165904 -0.986142 0
    outer loop
      vertex 51.4915 98.284 3
      vertex 51.4065 98.2697 1.02
      vertex 51.4915 98.284 1.02
    endloop
  endfacet
  facet normal 0.062544 -0.998042 0
    outer loop
      vertex 51.3315 98.265 1.02
      vertex 51.4065 98.2697 3
      vertex 51.3315 98.265 3
    endloop
  endfacet
  facet normal 0.062544 -0.998042 0
    outer loop
      vertex 51.4065 98.2697 3
      vertex 51.3315 98.265 1.02
      vertex 51.4065 98.2697 1.02
    endloop
  endfacet
  facet normal -0.203085 -0.979161 0
    outer loop
      vertex 51.1965 98.293 1.02
      vertex 51.3315 98.265 3
      vertex 51.1965 98.293 3
    endloop
  endfacet
  facet normal -0.203085 -0.979161 -0
    outer loop
      vertex 51.3315 98.265 3
      vertex 51.1965 98.293 1.02
      vertex 51.3315 98.265 1.02
    endloop
  endfacet
  facet normal -0.711328 -0.70286 0
    outer loop
      vertex 51.1965 98.293 1.02
      vertex 51.1135 98.377 3
      vertex 51.1135 98.377 1.02
    endloop
  endfacet
  facet normal -0.711328 -0.70286 0
    outer loop
      vertex 51.1135 98.377 3
      vertex 51.1965 98.293 1.02
      vertex 51.1965 98.293 3
    endloop
  endfacet
  facet normal -0.956208 -0.292689 0
    outer loop
      vertex 51.1135 98.377 1.02
      vertex 51.0708 98.5165 3
      vertex 51.0708 98.5165 1.02
    endloop
  endfacet
  facet normal -0.956208 -0.292689 0
    outer loop
      vertex 51.0708 98.5165 3
      vertex 51.1135 98.377 1.02
      vertex 51.1135 98.377 3
    endloop
  endfacet
  facet normal -0.997308 -0.0733239 0
    outer loop
      vertex 51.0708 98.5165 1.02
      vertex 51.0565 98.711 3
      vertex 51.0565 98.711 1.02
    endloop
  endfacet
  facet normal -0.997308 -0.0733239 0
    outer loop
      vertex 51.0565 98.711 3
      vertex 51.0708 98.5165 1.02
      vertex 51.0708 98.5165 3
    endloop
  endfacet
  facet normal -1 0 0
    outer loop
      vertex 51.0565 98.711 1.02
      vertex 51.0565 100 3
      vertex 51.0565 100 1.02
    endloop
  endfacet
  facet normal -1 -0 0
    outer loop
      vertex 51.0565 100 3
      vertex 51.0565 98.711 1.02
      vertex 51.0565 98.711 3
    endloop
  endfacet
  facet normal -0.987125 -0.159951 0
    outer loop
      vertex 51.0565 100 1.02
      vertex 50.9865 100.432 3
      vertex 50.9865 100.432 1.02
    endloop
  endfacet
  facet normal -0.987125 -0.159951 0
    outer loop
      vertex 50.9865 100.432 3
      vertex 51.0565 100 1.02
      vertex 51.0565 100 3
    endloop
  endfacet
  facet normal -0.833665 -0.55227 0
    outer loop
      vertex 50.9865 100.432 1.02
      vertex 50.7765 100.749 3
      vertex 50.7765 100.749 1.02
    endloop
  endfacet
  facet normal -0.833665 -0.55227 0
    outer loop
      vertex 50.7765 100.749 3
      vertex 50.9865 100.432 1.02
      vertex 50.9865 100.432 3
    endloop
  endfacet
  facet normal -0.486175 -0.873862 0
    outer loop
      vertex 50.4278 100.943 1.02
      vertex 50.7765 100.749 3
      vertex 50.4278 100.943 3
    endloop
  endfacet
  facet normal -0.486175 -0.873862 -0
    outer loop
      vertex 50.7765 100.749 3
      vertex 50.4278 100.943 1.02
      vertex 50.7765 100.749 1.02
    endloop
  endfacet
  facet normal -0.132484 -0.991185 0
    outer loop
      vertex 49.9415 101.008 1.02
      vertex 50.4278 100.943 3
      vertex 49.9415 101.008 3
    endloop
  endfacet
  facet normal -0.132484 -0.991185 -0
    outer loop
      vertex 50.4278 100.943 3
      vertex 49.9415 101.008 1.02
      vertex 50.4278 100.943 1.02
    endloop
  endfacet
  facet normal 0.232926 -0.972495 0
    outer loop
      vertex 49.119 100.811 1.02
      vertex 49.9415 101.008 3
      vertex 49.119 100.811 3
    endloop
  endfacet
  facet normal 0.232926 -0.972495 0
    outer loop
      vertex 49.9415 101.008 3
      vertex 49.119 100.811 1.02
      vertex 49.9415 101.008 1.02
    endloop
  endfacet
  facet normal 0.854856 -0.518865 0
    outer loop
      vertex 48.7615 100.222 3
      vertex 49.119 100.811 1.02
      vertex 49.119 100.811 3
    endloop
  endfacet
  facet normal 0.854856 -0.518865 0
    outer loop
      vertex 49.119 100.811 1.02
      vertex 48.7615 100.222 3
      vertex 48.7615 100.222 1.02
    endloop
  endfacet
  facet normal 0.089657 0.995973 -0
    outer loop
      vertex 49.2725 100.176 1.02
      vertex 48.7615 100.222 3
      vertex 49.2725 100.176 3
    endloop
  endfacet
  facet normal 0.089657 0.995973 0
    outer loop
      vertex 48.7615 100.222 3
      vertex 49.2725 100.176 1.02
      vertex 48.7615 100.222 1.02
    endloop
  endfacet
  facet normal -0.961069 0.276307 0
    outer loop
      vertex 49.2725 100.176 1.02
      vertex 49.3323 100.384 3
      vertex 49.3323 100.384 1.02
    endloop
  endfacet
  facet normal -0.961069 0.276307 0
    outer loop
      vertex 49.3323 100.384 3
      vertex 49.2725 100.176 1.02
      vertex 49.2725 100.176 3
    endloop
  endfacet
  facet normal -0.765917 0.642939 0
    outer loop
      vertex 49.3323 100.384 1.02
      vertex 49.4515 100.526 3
      vertex 49.4515 100.526 1.02
    endloop
  endfacet
  facet normal -0.765917 0.642939 0
    outer loop
      vertex 49.4515 100.526 3
      vertex 49.3323 100.384 1.02
      vertex 49.3323 100.384 3
    endloop
  endfacet
  facet normal -0.387972 0.921671 0
    outer loop
      vertex 49.6463 100.608 1.02
      vertex 49.4515 100.526 3
      vertex 49.6463 100.608 3
    endloop
  endfacet
  facet normal -0.387972 0.921671 0
    outer loop
      vertex 49.4515 100.526 3
      vertex 49.6463 100.608 1.02
      vertex 49.4515 100.526 1.02
    endloop
  endfacet
  facet normal -0.0980475 0.995182 0
    outer loop
      vertex 49.9305 100.636 1.02
      vertex 49.6463 100.608 3
      vertex 49.9305 100.636 3
    endloop
  endfacet
  facet normal -0.0980475 0.995182 0
    outer loop
      vertex 49.6463 100.608 3
      vertex 49.9305 100.636 1.02
      vertex 49.6463 100.608 1.02
    endloop
  endfacet
  facet normal 0.140195 0.990124 -0
    outer loop
      vertex 50.213 100.596 1.02
      vertex 49.9305 100.636 3
      vertex 50.213 100.596 3
    endloop
  endfacet
  facet normal 0.140195 0.990124 0
    outer loop
      vertex 49.9305 100.636 3
      vertex 50.213 100.596 1.02
      vertex 49.9305 100.636 1.02
    endloop
  endfacet
  facet normal 0.516748 0.856138 -0
    outer loop
      vertex 50.4085 100.478 1.02
      vertex 50.213 100.596 3
      vertex 50.4085 100.478 3
    endloop
  endfacet
  facet normal 0.516748 0.856138 0
    outer loop
      vertex 50.213 100.596 3
      vertex 50.4085 100.478 1.02
      vertex 50.213 100.596 1.02
    endloop
  endfacet
  facet normal 0.876481 0.481436 0
    outer loop
      vertex 50.5233 100.269 3
      vertex 50.4085 100.478 1.02
      vertex 50.4085 100.478 3
    endloop
  endfacet
  facet normal 0.876481 0.481436 0
    outer loop
      vertex 50.4085 100.478 1.02
      vertex 50.5233 100.269 3
      vertex 50.5233 100.269 1.02
    endloop
  endfacet
  facet normal 0.992681 0.120766 0
    outer loop
      vertex 50.5615 99.955 3
      vertex 50.5233 100.269 1.02
      vertex 50.5233 100.269 3
    endloop
  endfacet
  facet normal 0.992681 0.120766 0
    outer loop
      vertex 50.5233 100.269 1.02
      vertex 50.5615 99.955 3
      vertex 50.5615 99.955 1.02
    endloop
  endfacet
  facet normal 1 -0 0
    outer loop
      vertex 50.5615 99.792 3
      vertex 50.5615 99.955 1.02
      vertex 50.5615 99.955 3
    endloop
  endfacet
  facet normal 1 0 0
    outer loop
      vertex 50.5615 99.955 1.02
      vertex 50.5615 99.792 3
      vertex 50.5615 99.792 1.02
    endloop
  endfacet
  facet normal 0.0166391 -0.999862 0
    outer loop
      vertex 49.9005 99.781 1.02
      vertex 50.5615 99.792 3
      vertex 49.9005 99.781 3
    endloop
  endfacet
  facet normal 0.0166391 -0.999862 0
    outer loop
      vertex 50.5615 99.792 3
      vertex 49.9005 99.781 1.02
      vertex 50.5615 99.792 1.02
    endloop
  endfacet
  facet normal 0.126535 -0.991962 0
    outer loop
      vertex 49.3243 99.7075 1.02
      vertex 49.9005 99.781 3
      vertex 49.3243 99.7075 3
    endloop
  endfacet
  facet normal 0.126535 -0.991962 0
    outer loop
      vertex 49.9005 99.781 3
      vertex 49.3243 99.7075 1.02
      vertex 49.9005 99.781 1.02
    endloop
  endfacet
  facet normal 0.432649 -0.901562 0
    outer loop
      vertex 48.9315 99.519 1.02
      vertex 49.3243 99.7075 3
      vertex 48.9315 99.519 3
    endloop
  endfacet
  facet normal 0.432649 -0.901562 0
    outer loop
      vertex 49.3243 99.7075 3
      vertex 48.9315 99.519 1.02
      vertex 49.3243 99.7075 1.02
    endloop
  endfacet
  facet normal 0.799037 -0.601282 0
    outer loop
      vertex 48.7065 99.22 3
      vertex 48.9315 99.519 1.02
      vertex 48.9315 99.519 3
    endloop
  endfacet
  facet normal 0.799037 -0.601282 0
    outer loop
      vertex 48.9315 99.519 1.02
      vertex 48.7065 99.22 3
      vertex 48.7065 99.22 1.02
    endloop
  endfacet
  facet normal 0.983282 -0.182089 0
    outer loop
      vertex 48.6315 98.815 3
      vertex 48.7065 99.22 1.02
      vertex 48.7065 99.22 3
    endloop
  endfacet
  facet normal 0.983282 -0.182089 0
    outer loop
      vertex 48.7065 99.22 1.02
      vertex 48.6315 98.815 3
      vertex 48.6315 98.815 1.02
    endloop
  endfacet
  facet normal 0.988595 0.150597 0
    outer loop
      vertex 48.6873 98.4487 3
      vertex 48.6315 98.815 1.02
      vertex 48.6315 98.815 3
    endloop
  endfacet
  facet normal 0.988595 0.150597 0
    outer loop
      vertex 48.6315 98.815 1.02
      vertex 48.6873 98.4487 3
      vertex 48.6873 98.4487 1.02
    endloop
  endfacet
  facet normal 0.85752 0.514451 0
    outer loop
      vertex 48.8545 98.17 3
      vertex 48.6873 98.4487 1.02
      vertex 48.6873 98.4487 3
    endloop
  endfacet
  facet normal 0.85752 0.514451 0
    outer loop
      vertex 48.6873 98.4487 1.02
      vertex 48.8545 98.17 3
      vertex 48.8545 98.17 1.02
    endloop
  endfacet
  facet normal 0.533821 0.845597 -0
    outer loop
      vertex 49.1325 97.9945 1.02
      vertex 48.8545 98.17 3
      vertex 49.1325 97.9945 3
    endloop
  endfacet
  facet normal 0.533821 0.845597 0
    outer loop
      vertex 48.8545 98.17 3
      vertex 49.1325 97.9945 1.02
      vertex 48.8545 98.17 1.02
    endloop
  endfacet
  facet normal 0.149088 0.988824 -0
    outer loop
      vertex 49.5205 97.936 1.02
      vertex 49.1325 97.9945 3
      vertex 49.5205 97.936 3
    endloop
  endfacet
  facet normal 0.149088 0.988824 0
    outer loop
      vertex 49.1325 97.9945 3
      vertex 49.5205 97.936 1.02
      vertex 49.1325 97.9945 1.02
    endloop
  endfacet
  facet normal -0.106683 0.994293 0
    outer loop
      vertex 49.8495 97.9713 1.02
      vertex 49.5205 97.936 3
      vertex 49.8495 97.9713 3
    endloop
  endfacet
  facet normal -0.106683 0.994293 0
    outer loop
      vertex 49.5205 97.936 3
      vertex 49.8495 97.9713 1.02
      vertex 49.5205 97.936 1.02
    endloop
  endfacet
  facet normal -0.358774 0.933424 0
    outer loop
      vertex 50.1245 98.077 1.02
      vertex 49.8495 97.9713 3
      vertex 50.1245 98.077 3
    endloop
  endfacet
  facet normal -0.358774 0.933424 0
    outer loop
      vertex 49.8495 97.9713 3
      vertex 50.1245 98.077 1.02
      vertex 49.8495 97.9713 1.02
    endloop
  endfacet
  facet normal -0.632064 0.774916 0
    outer loop
      vertex 50.3583 98.2677 1.02
      vertex 50.1245 98.077 3
      vertex 50.3583 98.2677 3
    endloop
  endfacet
  facet normal -0.632064 0.774916 0
    outer loop
      vertex 50.1245 98.077 3
      vertex 50.3583 98.2677 1.02
      vertex 50.1245 98.077 1.02
    endloop
  endfacet
  facet normal -0.819245 0.573443 0
    outer loop
      vertex 50.3583 98.2677 1.02
      vertex 50.5615 98.558 3
      vertex 50.5615 98.558 1.02
    endloop
  endfacet
  facet normal -0.819245 0.573443 0
    outer loop
      vertex 50.5615 98.558 3
      vertex 50.3583 98.2677 1.02
      vertex 50.3583 98.2677 3
    endloop
  endfacet
  facet normal 0 1 -0
    outer loop
      vertex 50.5775 98.558 1.02
      vertex 50.5615 98.558 3
      vertex 50.5775 98.558 3
    endloop
  endfacet
  facet normal 0 1 0
    outer loop
      vertex 50.5615 98.558 3
      vertex 50.5775 98.558 1.02
      vertex 50.5615 98.558 1.02
    endloop
  endfacet
  facet normal 0.98829 0.15259 0
    outer loop
      vertex 50.6205 98.2795 3
      vertex 50.5775 98.558 1.02
      vertex 50.5775 98.558 3
    endloop
  endfacet
  facet normal 0.98829 0.15259 0
    outer loop
      vertex 50.5775 98.558 1.02
      vertex 50.6205 98.2795 3
      vertex 50.6205 98.2795 1.02
    endloop
  endfacet
  facet normal 0.893965 0.448137 0
    outer loop
      vertex 50.7175 98.086 3
      vertex 50.6205 98.2795 1.02
      vertex 50.6205 98.2795 3
    endloop
  endfacet
  facet normal 0.893965 0.448137 0
    outer loop
      vertex 50.6205 98.2795 1.02
      vertex 50.7175 98.086 3
      vertex 50.7175 98.086 1.02
    endloop
  endfacet
  facet normal 0.572779 0.81971 -0
    outer loop
      vertex 50.8785 97.9735 1.02
      vertex 50.7175 98.086 3
      vertex 50.8785 97.9735 3
    endloop
  endfacet
  facet normal 0.572779 0.81971 0
    outer loop
      vertex 50.7175 98.086 3
      vertex 50.8785 97.9735 1.02
      vertex 50.7175 98.086 1.02
    endloop
  endfacet
  facet normal 0.157581 0.987506 -0
    outer loop
      vertex 51.1135 97.936 1.02
      vertex 50.8785 97.9735 3
      vertex 51.1135 97.936 3
    endloop
  endfacet
  facet normal 0.157581 0.987506 0
    outer loop
      vertex 50.8785 97.9735 3
      vertex 51.1135 97.936 1.02
      vertex 50.8785 97.9735 1.02
    endloop
  endfacet
  facet normal -0.0574964 0.998346 0
    outer loop
      vertex 51.3045 97.947 1.02
      vertex 51.1135 97.936 3
      vertex 51.3045 97.947 3
    endloop
  endfacet
  facet normal -0.0574964 0.998346 0
    outer loop
      vertex 51.1135 97.936 3
      vertex 51.3045 97.947 1.02
      vertex 51.1135 97.936 1.02
    endloop
  endfacet
  facet normal -0.531894 -0.846811 0
    outer loop
      vertex 49.2635 98.434 1.02
      vertex 49.42 98.3357 3
      vertex 49.2635 98.434 3
    endloop
  endfacet
  facet normal -0.531894 -0.846811 -0
    outer loop
      vertex 49.42 98.3357 3
      vertex 49.2635 98.434 1.02
      vertex 49.42 98.3357 1.02
    endloop
  endfacet
  facet normal -0.854396 -0.519623 0
    outer loop
      vertex 49.2635 98.434 1.02
      vertex 49.1668 98.593 3
      vertex 49.1668 98.593 1.02
    endloop
  endfacet
  facet normal -0.854396 -0.519623 0
    outer loop
      vertex 49.1668 98.593 3
      vertex 49.2635 98.434 1.02
      vertex 49.2635 98.434 3
    endloop
  endfacet
  facet normal -0.988697 -0.149929 0
    outer loop
      vertex 49.1668 98.593 1.02
      vertex 49.1345 98.806 3
      vertex 49.1345 98.806 1.02
    endloop
  endfacet
  facet normal -0.988697 -0.149929 0
    outer loop
      vertex 49.1345 98.806 3
      vertex 49.1668 98.593 1.02
      vertex 49.1668 98.593 3
    endloop
  endfacet
  facet normal -0.993028 0.117876 0
    outer loop
      vertex 49.1345 98.806 1.02
      vertex 49.1583 99.0065 3
      vertex 49.1583 99.0065 1.02
    endloop
  endfacet
  facet normal -0.993028 0.117876 0
    outer loop
      vertex 49.1583 99.0065 3
      vertex 49.1345 98.806 1.02
      vertex 49.1345 98.806 3
    endloop
  endfacet
  facet normal -0.911217 0.411928 0
    outer loop
      vertex 49.1583 99.0065 1.02
      vertex 49.2295 99.164 3
      vertex 49.2295 99.164 1.02
    endloop
  endfacet
  facet normal -0.911217 0.411928 0
    outer loop
      vertex 49.2295 99.164 3
      vertex 49.1583 99.0065 1.02
      vertex 49.1583 99.0065 3
    endloop
  endfacet
  facet normal -0.717262 0.696803 0
    outer loop
      vertex 49.2295 99.164 1.02
      vertex 49.3453 99.2832 3
      vertex 49.3453 99.2832 1.02
    endloop
  endfacet
  facet normal -0.717262 0.696803 0
    outer loop
      vertex 49.3453 99.2832 3
      vertex 49.2295 99.164 1.02
      vertex 49.2295 99.164 3
    endloop
  endfacet
  facet normal -0.470413 0.882446 0
    outer loop
      vertex 49.5025 99.367 1.02
      vertex 49.3453 99.2832 3
      vertex 49.5025 99.367 3
    endloop
  endfacet
  facet normal -0.470413 0.882446 0
    outer loop
      vertex 49.3453 99.2832 3
      vertex 49.5025 99.367 1.02
      vertex 49.3453 99.2832 1.02
    endloop
  endfacet
  facet normal -0.224568 0.974458 0
    outer loop
      vertex 49.7225 99.4177 1.02
      vertex 49.5025 99.367 3
      vertex 49.7225 99.4177 3
    endloop
  endfacet
  facet normal -0.224568 0.974458 0
    outer loop
      vertex 49.5025 99.367 3
      vertex 49.7225 99.4177 1.02
      vertex 49.5025 99.367 1.02
    endloop
  endfacet
  facet normal -0.0666279 0.997778 0
    outer loop
      vertex 50.0265 99.438 1.02
      vertex 49.7225 99.4177 3
      vertex 50.0265 99.438 3
    endloop
  endfacet
  facet normal -0.0666279 0.997778 0
    outer loop
      vertex 49.7225 99.4177 3
      vertex 50.0265 99.438 1.02
      vertex 49.7225 99.4177 1.02
    endloop
  endfacet
  facet normal -0.0205564 0.999789 0
    outer loop
      vertex 50.5615 99.449 1.02
      vertex 50.0265 99.438 3
      vertex 50.5615 99.449 3
    endloop
  endfacet
  facet normal -0.0205564 0.999789 0
    outer loop
      vertex 50.0265 99.438 3
      vertex 50.5615 99.449 1.02
      vertex 50.0265 99.438 1.02
    endloop
  endfacet
  facet normal 1 -0 0
    outer loop
      vertex 50.5615 99.206 3
      vertex 50.5615 99.449 1.02
      vertex 50.5615 99.449 3
    endloop
  endfacet
  facet normal 1 0 0
    outer loop
      vertex 50.5615 99.449 1.02
      vertex 50.5615 99.206 3
      vertex 50.5615 99.206 1.02
    endloop
  endfacet
  facet normal 0.991034 -0.133613 0
    outer loop
      vertex 50.5313 98.982 3
      vertex 50.5615 99.206 1.02
      vertex 50.5615 99.206 3
    endloop
  endfacet
  facet normal 0.991034 -0.133613 0
    outer loop
      vertex 50.5615 99.206 1.02
      vertex 50.5313 98.982 3
      vertex 50.5313 98.982 1.02
    endloop
  endfacet
  facet normal 0.923127 -0.384495 0
    outer loop
      vertex 50.4405 98.764 3
      vertex 50.5313 98.982 1.02
      vertex 50.5313 98.982 3
    endloop
  endfacet
  facet normal 0.923127 -0.384495 0
    outer loop
      vertex 50.5313 98.982 1.02
      vertex 50.4405 98.764 3
      vertex 50.4405 98.764 1.02
    endloop
  endfacet
  facet normal 0.802001 -0.597323 0
    outer loop
      vertex 50.2975 98.572 3
      vertex 50.4405 98.764 1.02
      vertex 50.4405 98.764 3
    endloop
  endfacet
  facet normal 0.802001 -0.597323 0
    outer loop
      vertex 50.4405 98.764 1.02
      vertex 50.2975 98.572 3
      vertex 50.2975 98.572 1.02
    endloop
  endfacet
  facet normal 0.615399 -0.788216 0
    outer loop
      vertex 50.1105 98.426 1.02
      vertex 50.2975 98.572 3
      vertex 50.1105 98.426 3
    endloop
  endfacet
  facet normal 0.615399 -0.788216 0
    outer loop
      vertex 50.2975 98.572 3
      vertex 50.1105 98.426 1.02
      vertex 50.2975 98.572 1.02
    endloop
  endfacet
  facet normal 0.380688 -0.924704 0
    outer loop
      vertex 49.8863 98.3337 1.02
      vertex 50.1105 98.426 3
      vertex 49.8863 98.3337 3
    endloop
  endfacet
  facet normal 0.380688 -0.924704 0
    outer loop
      vertex 50.1105 98.426 3
      vertex 49.8863 98.3337 1.02
      vertex 50.1105 98.426 1.02
    endloop
  endfacet
  facet normal 0.119622 -0.99282 0
    outer loop
      vertex 49.6315 98.303 1.02
      vertex 49.8863 98.3337 3
      vertex 49.6315 98.303 3
    endloop
  endfacet
  facet normal 0.119622 -0.99282 0
    outer loop
      vertex 49.8863 98.3337 3
      vertex 49.6315 98.303 1.02
      vertex 49.8863 98.3337 1.02
    endloop
  endfacet
  facet normal -0.152794 -0.988258 0
    outer loop
      vertex 49.42 98.3357 1.02
      vertex 49.6315 98.303 3
      vertex 49.42 98.3357 3
    endloop
  endfacet
  facet normal -0.152794 -0.988258 -0
    outer loop
      vertex 49.6315 98.303 3
      vertex 49.42 98.3357 1.02
      vertex 49.6315 98.303 1.02
    endloop
  endfacet
  facet normal -0.993194 0.11647 0
    outer loop
      vertex 44.748 99.712 1.02
      vertex 44.7935 100.1 3
      vertex 44.7935 100.1 1.02
    endloop
  endfacet
  facet normal -0.993194 0.11647 0
    outer loop
      vertex 44.7935 100.1 3
      vertex 44.748 99.712 1.02
      vertex 44.748 99.712 3
    endloop
  endfacet
  facet normal -0.904215 0.427077 0
    outer loop
      vertex 44.7935 100.1 1.02
      vertex 44.93 100.389 3
      vertex 44.93 100.389 1.02
    endloop
  endfacet
  facet normal -0.904215 0.427077 0
    outer loop
      vertex 44.93 100.389 3
      vertex 44.7935 100.1 1.02
      vertex 44.7935 100.1 3
    endloop
  endfacet
  facet normal -0.644552 0.76456 0
    outer loop
      vertex 45.1447 100.57 1.02
      vertex 44.93 100.389 3
      vertex 45.1447 100.57 3
    endloop
  endfacet
  facet normal -0.644552 0.76456 0
    outer loop
      vertex 44.93 100.389 3
      vertex 45.1447 100.57 1.02
      vertex 44.93 100.389 1.02
    endloop
  endfacet
  facet normal -0.209315 0.977848 0
    outer loop
      vertex 45.425 100.63 1.02
      vertex 45.1447 100.57 3
      vertex 45.425 100.63 3
    endloop
  endfacet
  facet normal -0.209315 0.977848 0
    outer loop
      vertex 45.1447 100.57 3
      vertex 45.425 100.63 1.02
      vertex 45.1447 100.57 1.02
    endloop
  endfacet
  facet normal 0.157421 0.987532 -0
    outer loop
      vertex 45.6822 100.589 1.02
      vertex 45.425 100.63 3
      vertex 45.6822 100.589 3
    endloop
  endfacet
  facet normal 0.157421 0.987532 0
    outer loop
      vertex 45.425 100.63 3
      vertex 45.6822 100.589 1.02
      vertex 45.425 100.63 1.02
    endloop
  endfacet
  facet normal 0.600469 0.799648 -0
    outer loop
      vertex 45.846 100.466 1.02
      vertex 45.6822 100.589 3
      vertex 45.846 100.466 3
    endloop
  endfacet
  facet normal 0.600469 0.799648 0
    outer loop
      vertex 45.6822 100.589 3
      vertex 45.846 100.466 1.02
      vertex 45.6822 100.589 1.02
    endloop
  endfacet
  facet normal 0.934378 0.356283 0
    outer loop
      vertex 45.9337 100.236 3
      vertex 45.846 100.466 1.02
      vertex 45.846 100.466 3
    endloop
  endfacet
  facet normal 0.934378 0.356283 0
    outer loop
      vertex 45.846 100.466 1.02
      vertex 45.9337 100.236 3
      vertex 45.9337 100.236 1.02
    endloop
  endfacet
  facet normal 0.996758 0.0804546 0
    outer loop
      vertex 45.963 99.873 3
      vertex 45.9337 100.236 1.02
      vertex 45.9337 100.236 3
    endloop
  endfacet
  facet normal 0.996758 0.0804546 0
    outer loop
      vertex 45.9337 100.236 1.02
      vertex 45.963 99.873 3
      vertex 45.963 99.873 1.02
    endloop
  endfacet
  facet normal 1 -0 0
    outer loop
      vertex 45.963 98 3
      vertex 45.963 99.873 1.02
      vertex 45.963 99.873 3
    endloop
  endfacet
  facet normal 1 0 0
    outer loop
      vertex 45.963 99.873 1.02
      vertex 45.963 98 3
      vertex 45.963 98 1.02
    endloop
  endfacet
  facet normal 0 1 -0
    outer loop
      vertex 46.447 98 1.02
      vertex 45.963 98 3
      vertex 46.447 98 3
    endloop
  endfacet
  facet normal 0 1 0
    outer loop
      vertex 45.963 98 3
      vertex 46.447 98 1.02
      vertex 45.963 98 1.02
    endloop
  endfacet
  facet normal -1 0 0
    outer loop
      vertex 46.447 98 1.02
      vertex 46.447 99.712 3
      vertex 46.447 99.712 1.02
    endloop
  endfacet
  facet normal -1 -0 0
    outer loop
      vertex 46.447 99.712 3
      vertex 46.447 98 1.02
      vertex 46.447 98 3
    endloop
  endfacet
  facet normal -0.993553 0.113367 0
    outer loop
      vertex 46.447 99.712 1.02
      vertex 46.4915 100.102 3
      vertex 46.4915 100.102 1.02
    endloop
  endfacet
  facet normal -0.993553 0.113367 0
    outer loop
      vertex 46.4915 100.102 3
      vertex 46.447 99.712 1.02
      vertex 46.447 99.712 3
    endloop
  endfacet
  facet normal -0.907821 0.419357 0
    outer loop
      vertex 46.4915 100.102 1.02
      vertex 46.625 100.391 3
      vertex 46.625 100.391 1.02
    endloop
  endfacet
  facet normal -0.907821 0.419357 0
    outer loop
      vertex 46.625 100.391 3
      vertex 46.4915 100.102 1.02
      vertex 46.4915 100.102 3
    endloop
  endfacet
  facet normal -0.642123 0.766602 0
    outer loop
      vertex 46.8387 100.57 1.02
      vertex 46.625 100.391 3
      vertex 46.8387 100.57 3
    endloop
  endfacet
  facet normal -0.642123 0.766602 0
    outer loop
      vertex 46.625 100.391 3
      vertex 46.8387 100.57 1.02
      vertex 46.625 100.391 1.02
    endloop
  endfacet
  facet normal -0.205803 0.978593 0
    outer loop
      vertex 47.124 100.63 1.02
      vertex 46.8387 100.57 3
      vertex 47.124 100.63 3
    endloop
  endfacet
  facet normal -0.205803 0.978593 0
    outer loop
      vertex 46.8387 100.57 3
      vertex 47.124 100.63 1.02
      vertex 46.8387 100.57 1.02
    endloop
  endfacet
  facet normal 0.157421 0.987532 -0
    outer loop
      vertex 47.3812 100.589 1.02
      vertex 47.124 100.63 3
      vertex 47.3812 100.589 3
    endloop
  endfacet
  facet normal 0.157421 0.987532 0
    outer loop
      vertex 47.124 100.63 3
      vertex 47.3812 100.589 1.02
      vertex 47.124 100.63 1.02
    endloop
  endfacet
  facet normal 0.600469 0.799648 -0
    outer loop
      vertex 47.545 100.466 1.02
      vertex 47.3812 100.589 3
      vertex 47.545 100.466 3
    endloop
  endfacet
  facet normal 0.600469 0.799648 0
    outer loop
      vertex 47.3812 100.589 3
      vertex 47.545 100.466 1.02
      vertex 47.3812 100.589 1.02
    endloop
  endfacet
  facet normal 0.934378 0.356283 0
    outer loop
      vertex 47.6327 100.236 3
      vertex 47.545 100.466 1.02
      vertex 47.545 100.466 3
    endloop
  endfacet
  facet normal 0.934378 0.356283 0
    outer loop
      vertex 47.545 100.466 1.02
      vertex 47.6327 100.236 3
      vertex 47.6327 100.236 1.02
    endloop
  endfacet
  facet normal 0.996758 0.0804546 0
    outer loop
      vertex 47.662 99.873 3
      vertex 47.6327 100.236 1.02
      vertex 47.6327 100.236 3
    endloop
  endfacet
  facet normal 0.996758 0.0804546 0
    outer loop
      vertex 47.6327 100.236 1.02
      vertex 47.662 99.873 3
      vertex 47.662 99.873 1.02
    endloop
  endfacet
  facet normal 1 -0 0
    outer loop
      vertex 47.662 98 3
      vertex 47.662 99.873 1.02
      vertex 47.662 99.873 3
    endloop
  endfacet
  facet normal 1 0 0
    outer loop
      vertex 47.662 99.873 1.02
      vertex 47.662 98 3
      vertex 47.662 98 1.02
    endloop
  endfacet
  facet normal 0 1 -0
    outer loop
      vertex 48.146 98 1.02
      vertex 47.662 98 3
      vertex 48.146 98 3
    endloop
  endfacet
  facet normal 0 1 0
    outer loop
      vertex 47.662 98 3
      vertex 48.146 98 1.02
      vertex 47.662 98 1.02
    endloop
  endfacet
  facet normal -1 0 0
    outer loop
      vertex 48.146 98 1.02
      vertex 48.146 99.968 3
      vertex 48.146 99.968 1.02
    endloop
  endfacet
  facet normal -1 -0 0
    outer loop
      vertex 48.146 99.968 3
      vertex 48.146 98 1.02
      vertex 48.146 98 3
    endloop
  endfacet
  facet normal -0.994353 -0.10612 0
    outer loop
      vertex 48.146 99.968 1.02
      vertex 48.0952 100.444 3
      vertex 48.0952 100.444 1.02
    endloop
  endfacet
  facet normal -0.994353 -0.10612 0
    outer loop
      vertex 48.0952 100.444 3
      vertex 48.146 99.968 1.02
      vertex 48.146 99.968 3
    endloop
  endfacet
  facet normal -0.903577 -0.428425 0
    outer loop
      vertex 48.0952 100.444 1.02
      vertex 47.943 100.765 3
      vertex 47.943 100.765 1.02
    endloop
  endfacet
  facet normal -0.903577 -0.428425 0
    outer loop
      vertex 47.943 100.765 3
      vertex 48.0952 100.444 1.02
      vertex 48.0952 100.444 3
    endloop
  endfacet
  facet normal -0.569047 -0.822305 0
    outer loop
      vertex 47.68 100.947 1.02
      vertex 47.943 100.765 3
      vertex 47.68 100.947 3
    endloop
  endfacet
  facet normal -0.569047 -0.822305 -0
    outer loop
      vertex 47.943 100.765 3
      vertex 47.68 100.947 1.02
      vertex 47.943 100.765 1.02
    endloop
  endfacet
  facet normal -0.156489 -0.98768 0
    outer loop
      vertex 47.295 101.008 1.02
      vertex 47.68 100.947 3
      vertex 47.295 101.008 3
    endloop
  endfacet
  facet normal -0.156489 -0.98768 -0
    outer loop
      vertex 47.68 100.947 3
      vertex 47.295 101.008 1.02
      vertex 47.68 100.947 1.02
    endloop
  endfacet
  facet normal 0.11522 -0.99334 0
    outer loop
      vertex 47.0105 100.975 1.02
      vertex 47.295 101.008 3
      vertex 47.0105 100.975 3
    endloop
  endfacet
  facet normal 0.11522 -0.99334 0
    outer loop
      vertex 47.295 101.008 3
      vertex 47.0105 100.975 1.02
      vertex 47.295 101.008 1.02
    endloop
  endfacet
  facet normal 0.378708 -0.925516 0
    outer loop
      vertex 46.771 100.877 1.02
      vertex 47.0105 100.975 3
      vertex 46.771 100.877 3
    endloop
  endfacet
  facet normal 0.378708 -0.925516 0
    outer loop
      vertex 47.0105 100.975 3
      vertex 46.771 100.877 1.02
      vertex 47.0105 100.975 1.02
    endloop
  endfacet
  facet normal 0.65421 -0.756313 0
    outer loop
      vertex 46.571 100.704 1.02
      vertex 46.771 100.877 3
      vertex 46.571 100.704 3
    endloop
  endfacet
  facet normal 0.65421 -0.756313 0
    outer loop
      vertex 46.771 100.877 3
      vertex 46.571 100.704 1.02
      vertex 46.771 100.877 1.02
    endloop
  endfacet
  facet normal 0.836048 -0.548656 0
    outer loop
      vertex 46.403 100.448 3
      vertex 46.571 100.704 1.02
      vertex 46.571 100.704 3
    endloop
  endfacet
  facet normal 0.836048 -0.548656 0
    outer loop
      vertex 46.571 100.704 1.02
      vertex 46.403 100.448 3
      vertex 46.403 100.448 1.02
    endloop
  endfacet
  facet normal 0 -1 0
    outer loop
      vertex 46.395 100.448 1.02
      vertex 46.403 100.448 3
      vertex 46.395 100.448 3
    endloop
  endfacet
  facet normal 0 -1 -0
    outer loop
      vertex 46.403 100.448 3
      vertex 46.395 100.448 1.02
      vertex 46.403 100.448 1.02
    endloop
  endfacet
  facet normal -0.922034 -0.387108 0
    outer loop
      vertex 46.395 100.448 1.02
      vertex 46.2892 100.7 3
      vertex 46.2892 100.7 1.02
    endloop
  endfacet
  facet normal -0.922034 -0.387108 0
    outer loop
      vertex 46.2892 100.7 3
      vertex 46.395 100.448 1.02
      vertex 46.395 100.448 3
    endloop
  endfacet
  facet normal -0.725208 -0.68853 0
    outer loop
      vertex 46.2892 100.7 1.02
      vertex 46.124 100.874 3
      vertex 46.124 100.874 1.02
    endloop
  endfacet
  facet normal -0.725208 -0.68853 0
    outer loop
      vertex 46.124 100.874 3
      vertex 46.2892 100.7 1.02
      vertex 46.2892 100.7 3
    endloop
  endfacet
  facet normal -0.400189 -0.916433 0
    outer loop
      vertex 45.895 100.974 1.02
      vertex 46.124 100.874 3
      vertex 45.895 100.974 3
    endloop
  endfacet
  facet normal -0.400189 -0.916433 -0
    outer loop
      vertex 46.124 100.874 3
      vertex 45.895 100.974 1.02
      vertex 46.124 100.874 1.02
    endloop
  endfacet
  facet normal -0.112984 -0.993597 0
    outer loop
      vertex 45.596 101.008 1.02
      vertex 45.895 100.974 3
      vertex 45.596 101.008 3
    endloop
  endfacet
  facet normal -0.112984 -0.993597 -0
    outer loop
      vertex 45.895 100.974 3
      vertex 45.596 101.008 1.02
      vertex 45.895 100.974 1.02
    endloop
  endfacet
  facet normal 0.113443 -0.993544 0
    outer loop
      vertex 45.3245 100.977 1.02
      vertex 45.596 101.008 3
      vertex 45.3245 100.977 3
    endloop
  endfacet
  facet normal 0.113443 -0.993544 0
    outer loop
      vertex 45.596 101.008 3
      vertex 45.3245 100.977 1.02
      vertex 45.596 101.008 1.02
    endloop
  endfacet
  facet normal 0.376322 -0.926489 0
    outer loop
      vertex 45.098 100.885 1.02
      vertex 45.3245 100.977 3
      vertex 45.098 100.885 3
    endloop
  endfacet
  facet normal 0.376322 -0.926489 0
    outer loop
      vertex 45.3245 100.977 3
      vertex 45.098 100.885 1.02
      vertex 45.3245 100.977 1.02
    endloop
  endfacet
  facet normal 0.665474 -0.746421 0
    outer loop
      vertex 44.9062 100.714 1.02
      vertex 45.098 100.885 3
      vertex 44.9062 100.714 3
    endloop
  endfacet
  facet normal 0.665474 -0.746421 0
    outer loop
      vertex 45.098 100.885 3
      vertex 44.9062 100.714 1.02
      vertex 45.098 100.885 1.02
    endloop
  endfacet
  facet normal 0.843766 -0.536711 0
    outer loop
      vertex 44.737 100.448 3
      vertex 44.9062 100.714 1.02
      vertex 44.9062 100.714 3
    endloop
  endfacet
  facet normal 0.843766 -0.536711 0
    outer loop
      vertex 44.9062 100.714 1.02
      vertex 44.737 100.448 3
      vertex 44.737 100.448 1.02
    endloop
  endfacet
  facet normal 0 -1 0
    outer loop
      vertex 44.729 100.448 1.02
      vertex 44.737 100.448 3
      vertex 44.729 100.448 3
    endloop
  endfacet
  facet normal 0 -1 -0
    outer loop
      vertex 44.737 100.448 3
      vertex 44.729 100.448 1.02
      vertex 44.737 100.448 1.02
    endloop
  endfacet
  facet normal -0.999523 -0.0308841 0
    outer loop
      vertex 44.729 100.448 1.02
      vertex 44.7235 100.626 3
      vertex 44.7235 100.626 1.02
    endloop
  endfacet
  facet normal -0.999523 -0.0308841 0
    outer loop
      vertex 44.7235 100.626 3
      vertex 44.729 100.448 1.02
      vertex 44.729 100.448 3
    endloop
  endfacet
  facet normal -0.999164 -0.0408749 0
    outer loop
      vertex 44.7235 100.626 1.02
      vertex 44.719 100.736 3
      vertex 44.719 100.736 1.02
    endloop
  endfacet
  facet normal -0.999164 -0.0408749 0
    outer loop
      vertex 44.719 100.736 3
      vertex 44.7235 100.626 1.02
      vertex 44.7235 100.626 3
    endloop
  endfacet
  facet normal -0.998678 -0.0514025 0
    outer loop
      vertex 44.719 100.736 1.02
      vertex 44.712 100.872 3
      vertex 44.712 100.872 1.02
    endloop
  endfacet
  facet normal -0.998678 -0.0514025 0
    outer loop
      vertex 44.712 100.872 3
      vertex 44.719 100.736 1.02
      vertex 44.719 100.736 3
    endloop
  endfacet
  facet normal -0.998805 -0.0488777 0
    outer loop
      vertex 44.712 100.872 1.02
      vertex 44.7097 100.919 3
      vertex 44.7097 100.919 1.02
    endloop
  endfacet
  facet normal -0.998805 -0.0488777 0
    outer loop
      vertex 44.7097 100.919 3
      vertex 44.712 100.872 1.02
      vertex 44.712 100.872 3
    endloop
  endfacet
  facet normal -0.994219 -0.107376 0
    outer loop
      vertex 44.7097 100.919 1.02
      vertex 44.707 100.944 3
      vertex 44.707 100.944 1.02
    endloop
  endfacet
  facet normal -0.994219 -0.107376 0
    outer loop
      vertex 44.707 100.944 3
      vertex 44.7097 100.919 1.02
      vertex 44.7097 100.919 3
    endloop
  endfacet
  facet normal 0 -1 0
    outer loop
      vertex 44.245 100.944 1.02
      vertex 44.707 100.944 3
      vertex 44.245 100.944 3
    endloop
  endfacet
  facet normal 0 -1 -0
    outer loop
      vertex 44.707 100.944 3
      vertex 44.245 100.944 1.02
      vertex 44.707 100.944 1.02
    endloop
  endfacet
  facet normal 0.998432 0.0559868 0
    outer loop
      vertex 44.257 100.73 3
      vertex 44.245 100.944 1.02
      vertex 44.245 100.944 3
    endloop
  endfacet
  facet normal 0.998432 0.0559868 0
    outer loop
      vertex 44.245 100.944 1.02
      vertex 44.257 100.73 3
      vertex 44.257 100.73 1.02
    endloop
  endfacet
  facet normal 0.999954 0.00963811 0
    outer loop
      vertex 44.261 100.315 3
      vertex 44.257 100.73 1.02
      vertex 44.257 100.73 3
    endloop
  endfacet
  facet normal 0.999954 0.00963811 0
    outer loop
      vertex 44.257 100.73 1.02
      vertex 44.261 100.315 3
      vertex 44.261 100.315 1.02
    endloop
  endfacet
  facet normal 1 -0 0
    outer loop
      vertex 44.261 98 3
      vertex 44.261 100.315 1.02
      vertex 44.261 100.315 3
    endloop
  endfacet
  facet normal 1 0 0
    outer loop
      vertex 44.261 100.315 1.02
      vertex 44.261 98 3
      vertex 44.261 98 1.02
    endloop
  endfacet
  facet normal 0 1 -0
    outer loop
      vertex 44.748 98 1.02
      vertex 44.261 98 3
      vertex 44.748 98 3
    endloop
  endfacet
  facet normal 0 1 0
    outer loop
      vertex 44.261 98 3
      vertex 44.748 98 1.02
      vertex 44.261 98 1.02
    endloop
  endfacet
  facet normal -1 0 0
    outer loop
      vertex 44.748 98 1.02
      vertex 44.748 99.712 3
      vertex 44.748 99.712 1.02
    endloop
  endfacet
  facet normal -1 -0 0
    outer loop
      vertex 44.748 99.712 3
      vertex 44.748 98 1.02
      vertex 44.748 98 3
    endloop
  endfacet
  facet normal -0.564535 0.825409 0
    outer loop
      vertex 62.6753 98.316 1.02
      vertex 62.2586 98.031 3
      vertex 62.6753 98.316 3
    endloop
  endfacet
  facet normal -0.564535 0.825409 0
    outer loop
      vertex 62.2586 98.031 3
      vertex 62.6753 98.316 1.02
      vertex 62.2586 98.031 1.02
    endloop
  endfacet
  facet normal -0.883197 0.469003 0
    outer loop
      vertex 62.6753 98.316 1.02
      vertex 62.9303 98.7962 3
      vertex 62.9303 98.7962 1.02
    endloop
  endfacet
  facet normal -0.883197 0.469003 0
    outer loop
      vertex 62.9303 98.7962 3
      vertex 62.6753 98.316 1.02
      vertex 62.6753 98.316 3
    endloop
  endfacet
  facet normal -0.992251 0.124251 0
    outer loop
      vertex 62.9303 98.7962 1.02
      vertex 63.0153 99.475 3
      vertex 63.0153 99.475 1.02
    endloop
  endfacet
  facet normal -0.992251 0.124251 0
    outer loop
      vertex 63.0153 99.475 3
      vertex 62.9303 98.7962 1.02
      vertex 62.9303 98.7962 3
    endloop
  endfacet
  facet normal -0.993294 -0.115618 0
    outer loop
      vertex 63.0153 99.475 1.02
      vertex 62.9358 100.158 3
      vertex 62.9358 100.158 1.02
    endloop
  endfacet
  facet normal -0.993294 -0.115618 0
    outer loop
      vertex 62.9358 100.158 3
      vertex 63.0153 99.475 1.02
      vertex 63.0153 99.475 3
    endloop
  endfacet
  facet normal -0.894051 -0.447965 0
    outer loop
      vertex 62.9358 100.158 1.02
      vertex 62.6973 100.634 3
      vertex 62.6973 100.634 1.02
    endloop
  endfacet
  facet normal -0.894051 -0.447965 0
    outer loop
      vertex 62.6973 100.634 3
      vertex 62.9358 100.158 1.02
      vertex 62.9358 100.158 3
    endloop
  endfacet
  facet normal -0.566787 -0.823865 0
    outer loop
      vertex 62.2903 100.914 1.02
      vertex 62.6973 100.634 3
      vertex 62.2903 100.914 3
    endloop
  endfacet
  facet normal -0.566787 -0.823865 -0
    outer loop
      vertex 62.6973 100.634 3
      vertex 62.2903 100.914 1.02
      vertex 62.6973 100.634 1.02
    endloop
  endfacet
  facet normal -0.158649 -0.987335 0
    outer loop
      vertex 61.7053 101.008 1.02
      vertex 62.2903 100.914 3
      vertex 61.7053 101.008 3
    endloop
  endfacet
  facet normal -0.158649 -0.987335 -0
    outer loop
      vertex 62.2903 100.914 3
      vertex 61.7053 101.008 1.02
      vertex 62.2903 100.914 1.02
    endloop
  endfacet
  facet normal 0.361063 -0.932541 0
    outer loop
      vertex 60.7161 100.625 1.02
      vertex 61.7053 101.008 3
      vertex 60.7161 100.625 3
    endloop
  endfacet
  facet normal 0.361063 -0.932541 0
    outer loop
      vertex 61.7053 101.008 3
      vertex 60.7161 100.625 1.02
      vertex 61.7053 101.008 1.02
    endloop
  endfacet
  facet normal 0.961252 -0.27567 0
    outer loop
      vertex 60.3863 99.475 3
      vertex 60.7161 100.625 1.02
      vertex 60.7161 100.625 3
    endloop
  endfacet
  facet normal 0.961252 -0.27567 0
    outer loop
      vertex 60.7161 100.625 1.02
      vertex 60.3863 99.475 3
      vertex 60.3863 99.475 1.02
    endloop
  endfacet
  facet normal 0.992315 0.123739 0
    outer loop
      vertex 60.4686 98.815 3
      vertex 60.3863 99.475 1.02
      vertex 60.3863 99.475 3
    endloop
  endfacet
  facet normal 0.992315 0.123739 0
    outer loop
      vertex 60.3863 99.475 1.02
      vertex 60.4686 98.815 3
      vertex 60.4686 98.815 1.02
    endloop
  endfacet
  facet normal 0.89094 0.454122 0
    outer loop
      vertex 60.7153 98.331 3
      vertex 60.4686 98.815 1.02
      vertex 60.4686 98.815 3
    endloop
  endfacet
  facet normal 0.89094 0.454122 0
    outer loop
      vertex 60.4686 98.815 1.02
      vertex 60.7153 98.331 3
      vertex 60.7153 98.331 1.02
    endloop
  endfacet
  facet normal 0.587806 0.809002 -0
    outer loop
      vertex 61.1231 98.0347 1.02
      vertex 60.7153 98.331 3
      vertex 61.1231 98.0347 3
    endloop
  endfacet
  facet normal 0.587806 0.809002 0
    outer loop
      vertex 60.7153 98.331 3
      vertex 61.1231 98.0347 1.02
      vertex 60.7153 98.331 1.02
    endloop
  endfacet
  facet normal 0.172025 0.985093 -0
    outer loop
      vertex 61.6883 97.936 1.02
      vertex 61.1231 98.0347 3
      vertex 61.6883 97.936 3
    endloop
  endfacet
  facet normal 0.172025 0.985093 0
    outer loop
      vertex 61.1231 98.0347 3
      vertex 61.6883 97.936 1.02
      vertex 61.1231 98.0347 1.02
    endloop
  endfacet
  facet normal -0.164315 0.986408 0
    outer loop
      vertex 62.2586 98.031 1.02
      vertex 61.6883 97.936 3
      vertex 62.2586 98.031 3
    endloop
  endfacet
  facet normal -0.164315 0.986408 0
    outer loop
      vertex 61.6883 97.936 3
      vertex 62.2586 98.031 1.02
      vertex 61.6883 97.936 1.02
    endloop
  endfacet
  facet normal -0.673324 -0.739348 0
    outer loop
      vertex 61.0893 98.593 1.02
      vertex 61.3323 98.3717 3
      vertex 61.0893 98.593 3
    endloop
  endfacet
  facet normal -0.673324 -0.739348 -0
    outer loop
      vertex 61.3323 98.3717 3
      vertex 61.0893 98.593 1.02
      vertex 61.3323 98.3717 1.02
    endloop
  endfacet
  facet normal -0.933208 -0.359336 0
    outer loop
      vertex 61.0893 98.593 1.02
      vertex 60.9476 98.961 3
      vertex 60.9476 98.961 1.02
    endloop
  endfacet
  facet normal -0.933208 -0.359336 0
    outer loop
      vertex 60.9476 98.961 3
      vertex 61.0893 98.593 1.02
      vertex 61.0893 98.593 3
    endloop
  endfacet
  facet normal -0.995793 -0.0916362 0
    outer loop
      vertex 60.9476 98.961 1.02
      vertex 60.9003 99.475 3
      vertex 60.9003 99.475 1.02
    endloop
  endfacet
  facet normal -0.995793 -0.0916362 0
    outer loop
      vertex 60.9003 99.475 3
      vertex 60.9476 98.961 1.02
      vertex 60.9476 98.961 3
    endloop
  endfacet
  facet normal -0.995853 0.0909819 0
    outer loop
      vertex 60.9003 99.475 1.02
      vertex 60.9481 99.9982 3
      vertex 60.9481 99.9982 1.02
    endloop
  endfacet
  facet normal -0.995853 0.0909819 0
    outer loop
      vertex 60.9481 99.9982 3
      vertex 60.9003 99.475 1.02
      vertex 60.9003 99.475 3
    endloop
  endfacet
  facet normal -0.930509 0.36627 0
    outer loop
      vertex 60.9481 99.9982 1.02
      vertex 61.0913 100.362 3
      vertex 61.0913 100.362 1.02
    endloop
  endfacet
  facet normal -0.930509 0.36627 0
    outer loop
      vertex 61.0913 100.362 3
      vertex 60.9481 99.9982 1.02
      vertex 60.9481 99.9982 3
    endloop
  endfacet
  facet normal -0.646282 0.763098 0
    outer loop
      vertex 61.3428 100.575 1.02
      vertex 61.0913 100.362 3
      vertex 61.3428 100.575 3
    endloop
  endfacet
  facet normal -0.646282 0.763098 0
    outer loop
      vertex 61.0913 100.362 3
      vertex 61.3428 100.575 1.02
      vertex 61.0913 100.362 1.02
    endloop
  endfacet
  facet normal -0.188208 0.982129 0
    outer loop
      vertex 61.7133 100.646 1.02
      vertex 61.3428 100.575 3
      vertex 61.7133 100.646 3
    endloop
  endfacet
  facet normal -0.188208 0.982129 0
    outer loop
      vertex 61.3428 100.575 3
      vertex 61.7133 100.646 1.02
      vertex 61.3428 100.575 1.02
    endloop
  endfacet
  facet normal 0.188448 0.982083 -0
    outer loop
      vertex 62.0781 100.576 1.02
      vertex 61.7133 100.646 3
      vertex 62.0781 100.576 3
    endloop
  endfacet
  facet normal 0.188448 0.982083 0
    outer loop
      vertex 61.7133 100.646 3
      vertex 62.0781 100.576 1.02
      vertex 61.7133 100.646 1.02
    endloop
  endfacet
  facet normal 0.653311 0.75709 -0
    outer loop
      vertex 62.3203 100.367 1.02
      vertex 62.0781 100.576 3
      vertex 62.3203 100.367 3
    endloop
  endfacet
  facet normal 0.653311 0.75709 0
    outer loop
      vertex 62.0781 100.576 3
      vertex 62.3203 100.367 1.02
      vertex 62.0781 100.576 1.02
    endloop
  endfacet
  facet normal 0.936287 0.351237 0
    outer loop
      vertex 62.4561 100.005 3
      vertex 62.3203 100.367 1.02
      vertex 62.3203 100.367 3
    endloop
  endfacet
  facet normal 0.936287 0.351237 0
    outer loop
      vertex 62.3203 100.367 1.02
      vertex 62.4561 100.005 3
      vertex 62.4561 100.005 1.02
    endloop
  endfacet
  facet normal 0.996383 0.0849746 0
    outer loop
      vertex 62.5013 99.475 3
      vertex 62.4561 100.005 1.02
      vertex 62.4561 100.005 3
    endloop
  endfacet
  facet normal 0.996383 0.0849746 0
    outer loop
      vertex 62.4561 100.005 1.02
      vertex 62.5013 99.475 3
      vertex 62.5013 99.475 1.02
    endloop
  endfacet
  facet normal 0.995998 -0.0893747 0
    outer loop
      vertex 62.4541 98.949 3
      vertex 62.5013 99.475 1.02
      vertex 62.5013 99.475 3
    endloop
  endfacet
  facet normal 0.995998 -0.0893747 0
    outer loop
      vertex 62.5013 99.475 1.02
      vertex 62.4541 98.949 3
      vertex 62.4541 98.949 1.02
    endloop
  endfacet
  facet normal 0.932463 -0.361266 0
    outer loop
      vertex 62.3123 98.583 3
      vertex 62.4541 98.949 1.02
      vertex 62.4541 98.949 3
    endloop
  endfacet
  facet normal 0.932463 -0.361266 0
    outer loop
      vertex 62.4541 98.949 1.02
      vertex 62.3123 98.583 3
      vertex 62.3123 98.583 1.02
    endloop
  endfacet
  facet normal 0.647393 -0.762156 0
    outer loop
      vertex 62.0606 98.3692 1.02
      vertex 62.3123 98.583 3
      vertex 62.0606 98.3692 3
    endloop
  endfacet
  facet normal 0.647393 -0.762156 0
    outer loop
      vertex 62.3123 98.583 3
      vertex 62.0606 98.3692 1.02
      vertex 62.3123 98.583 1.02
    endloop
  endfacet
  facet normal 0.185436 -0.982656 0
    outer loop
      vertex 61.6833 98.298 1.02
      vertex 62.0606 98.3692 3
      vertex 61.6833 98.298 3
    endloop
  endfacet
  facet normal 0.185436 -0.982656 0
    outer loop
      vertex 62.0606 98.3692 3
      vertex 61.6833 98.298 1.02
      vertex 62.0606 98.3692 1.02
    endloop
  endfacet
  facet normal -0.205491 -0.978659 0
    outer loop
      vertex 61.3323 98.3717 1.02
      vertex 61.6833 98.298 3
      vertex 61.3323 98.3717 3
    endloop
  endfacet
  facet normal -0.205491 -0.978659 -0
    outer loop
      vertex 61.6833 98.298 3
      vertex 61.3323 98.3717 1.02
      vertex 61.6833 98.298 1.02
    endloop
  endfacet
  facet normal -0.999967 -0.00808357 0
    outer loop
      vertex 29.6599 97.991 1.02
      vertex 29.6572 98.325 3
      vertex 29.6572 98.325 1.02
    endloop
  endfacet
  facet normal -0.999967 -0.00808357 0
    outer loop
      vertex 29.6572 98.325 3
      vertex 29.6599 97.991 1.02
      vertex 29.6599 97.991 3
    endloop
  endfacet
  facet normal -0.997837 -0.0657306 0
    outer loop
      vertex 29.6572 98.325 1.02
      vertex 29.6489 98.451 3
      vertex 29.6489 98.451 1.02
    endloop
  endfacet
  facet normal -0.997837 -0.0657306 0
    outer loop
      vertex 29.6489 98.451 3
      vertex 29.6572 98.325 1.02
      vertex 29.6572 98.325 3
    endloop
  endfacet
  facet normal 0 1 -0
    outer loop
      vertex 29.6629 98.451 1.02
      vertex 29.6489 98.451 3
      vertex 29.6629 98.451 3
    endloop
  endfacet
  facet normal 0 1 0
    outer loop
      vertex 29.6489 98.451 3
      vertex 29.6629 98.451 1.02
      vertex 29.6489 98.451 1.02
    endloop
  endfacet
  facet normal 0.746044 0.665897 0
    outer loop
      vertex 30.0077 98.0647 3
      vertex 29.6629 98.451 1.02
      vertex 29.6629 98.451 3
    endloop
  endfacet
  facet normal 0.746044 0.665897 0
    outer loop
      vertex 29.6629 98.451 1.02
      vertex 30.0077 98.0647 3
      vertex 30.0077 98.0647 1.02
    endloop
  endfacet
  facet normal 0.220909 0.975294 -0
    outer loop
      vertex 30.5759 97.936 1.02
      vertex 30.0077 98.0647 3
      vertex 30.5759 97.936 3
    endloop
  endfacet
  facet normal 0.220909 0.975294 0
    outer loop
      vertex 30.0077 98.0647 3
      vertex 30.5759 97.936 1.02
      vertex 30.0077 98.0647 1.02
    endloop
  endfacet
  facet normal -0.431086 0.902311 0
    outer loop
      vertex 31.3874 98.3237 1.02
      vertex 30.5759 97.936 3
      vertex 31.3874 98.3237 3
    endloop
  endfacet
  facet normal -0.431086 0.902311 0
    outer loop
      vertex 30.5759 97.936 3
      vertex 31.3874 98.3237 1.02
      vertex 30.5759 97.936 1.02
    endloop
  endfacet
  facet normal -0.974014 0.226486 0
    outer loop
      vertex 31.3874 98.3237 1.02
      vertex 31.6579 99.487 3
      vertex 31.6579 99.487 1.02
    endloop
  endfacet
  facet normal -0.974014 0.226486 0
    outer loop
      vertex 31.6579 99.487 3
      vertex 31.3874 98.3237 1.02
      vertex 31.3874 98.3237 3
    endloop
  endfacet
  facet normal -0.995181 -0.0980589 0
    outer loop
      vertex 31.6579 99.487 1.02
      vertex 31.5907 100.169 3
      vertex 31.5907 100.169 1.02
    endloop
  endfacet
  facet normal -0.995181 -0.0980589 0
    outer loop
      vertex 31.5907 100.169 3
      vertex 31.6579 99.487 1.02
      vertex 31.6579 99.487 3
    endloop
  endfacet
  facet normal -0.919487 -0.39312 0
    outer loop
      vertex 31.5907 100.169 1.02
      vertex 31.3889 100.641 3
      vertex 31.3889 100.641 1.02
    endloop
  endfacet
  facet normal -0.919487 -0.39312 0
    outer loop
      vertex 31.3889 100.641 3
      vertex 31.5907 100.169 1.02
      vertex 31.5907 100.169 3
    endloop
  endfacet
  facet normal -0.631448 -0.775418 0
    outer loop
      vertex 31.0512 100.916 1.02
      vertex 31.3889 100.641 3
      vertex 31.0512 100.916 3
    endloop
  endfacet
  facet normal -0.631448 -0.775418 -0
    outer loop
      vertex 31.3889 100.641 3
      vertex 31.0512 100.916 1.02
      vertex 31.3889 100.641 1.02
    endloop
  endfacet
  facet normal -0.190035 -0.981777 0
    outer loop
      vertex 30.5759 101.008 1.02
      vertex 31.0512 100.916 3
      vertex 30.5759 101.008 3
    endloop
  endfacet
  facet normal -0.190035 -0.981777 -0
    outer loop
      vertex 31.0512 100.916 3
      vertex 30.5759 101.008 1.02
      vertex 31.0512 100.916 1.02
    endloop
  endfacet
  facet normal 0.100436 -0.994944 0
    outer loop
      vertex 30.2589 100.976 1.02
      vertex 30.5759 101.008 3
      vertex 30.2589 100.976 3
    endloop
  endfacet
  facet normal 0.100436 -0.994944 0
    outer loop
      vertex 30.5759 101.008 3
      vertex 30.2589 100.976 1.02
      vertex 30.5759 101.008 1.02
    endloop
  endfacet
  facet normal 0.359732 -0.933056 0
    outer loop
      vertex 30.0099 100.88 1.02
      vertex 30.2589 100.976 3
      vertex 30.0099 100.88 3
    endloop
  endfacet
  facet normal 0.359732 -0.933056 0
    outer loop
      vertex 30.2589 100.976 3
      vertex 30.0099 100.88 1.02
      vertex 30.2589 100.976 1.02
    endloop
  endfacet
  facet normal 0.646172 -0.763192 0
    outer loop
      vertex 29.8162 100.716 1.02
      vertex 30.0099 100.88 3
      vertex 29.8162 100.716 3
    endloop
  endfacet
  facet normal 0.646172 -0.763192 0
    outer loop
      vertex 30.0099 100.88 3
      vertex 29.8162 100.716 1.02
      vertex 30.0099 100.88 1.02
    endloop
  endfacet
  facet normal 0.842884 -0.538095 0
    outer loop
      vertex 29.6649 100.479 3
      vertex 29.8162 100.716 1.02
      vertex 29.8162 100.716 3
    endloop
  endfacet
  facet normal 0.842884 -0.538095 0
    outer loop
      vertex 29.8162 100.716 1.02
      vertex 29.6649 100.479 3
      vertex 29.6649 100.479 1.02
    endloop
  endfacet
  facet normal 0 -1 0
    outer loop
      vertex 29.6539 100.479 1.02
      vertex 29.6649 100.479 3
      vertex 29.6539 100.479 3
    endloop
  endfacet
  facet normal 0 -1 -0
    outer loop
      vertex 29.6649 100.479 3
      vertex 29.6539 100.479 1.02
      vertex 29.6649 100.479 1.02
    endloop
  endfacet
  facet normal -0.999721 -0.0236045 0
    outer loop
      vertex 29.6539 100.479 1.02
      vertex 29.6522 100.551 3
      vertex 29.6522 100.551 1.02
    endloop
  endfacet
  facet normal -0.999721 -0.0236045 0
    outer loop
      vertex 29.6522 100.551 3
      vertex 29.6539 100.479 1.02
      vertex 29.6539 100.479 3
    endloop
  endfacet
  facet normal -0.99894 -0.0460381 0
    outer loop
      vertex 29.6522 100.551 1.02
      vertex 29.6469 100.666 3
      vertex 29.6469 100.666 1.02
    endloop
  endfacet
  facet normal -0.99894 -0.0460381 0
    outer loop
      vertex 29.6469 100.666 3
      vertex 29.6522 100.551 1.02
      vertex 29.6522 100.551 3
    endloop
  endfacet
  facet normal -0.998486 -0.0550014 0
    outer loop
      vertex 29.6469 100.666 1.02
      vertex 29.6404 100.784 3
      vertex 29.6404 100.784 1.02
    endloop
  endfacet
  facet normal -0.998486 -0.0550014 0
    outer loop
      vertex 29.6404 100.784 3
      vertex 29.6469 100.666 1.02
      vertex 29.6469 100.666 3
    endloop
  endfacet
  facet normal -0.997812 -0.0661201 0
    outer loop
      vertex 29.6404 100.784 1.02
      vertex 29.6349 100.867 3
      vertex 29.6349 100.867 1.02
    endloop
  endfacet
  facet normal -0.997812 -0.0661201 0
    outer loop
      vertex 29.6349 100.867 3
      vertex 29.6404 100.784 1.02
      vertex 29.6404 100.784 3
    endloop
  endfacet
  facet normal -0.996276 -0.0862162 0
    outer loop
      vertex 29.6349 100.867 1.02
      vertex 29.6304 100.919 3
      vertex 29.6304 100.919 1.02
    endloop
  endfacet
  facet normal -0.996276 -0.0862162 0
    outer loop
      vertex 29.6304 100.919 3
      vertex 29.6349 100.867 1.02
      vertex 29.6349 100.867 3
    endloop
  endfacet
  facet normal -0.990342 -0.138648 0
    outer loop
      vertex 29.6304 100.919 1.02
      vertex 29.6269 100.944 3
      vertex 29.6269 100.944 1.02
    endloop
  endfacet
  facet normal -0.990342 -0.138648 0
    outer loop
      vertex 29.6269 100.944 3
      vertex 29.6304 100.919 1.02
      vertex 29.6304 100.919 3
    endloop
  endfacet
  facet normal 0 -1 0
    outer loop
      vertex 29.1539 100.944 1.02
      vertex 29.6269 100.944 3
      vertex 29.1539 100.944 3
    endloop
  endfacet
  facet normal 0 -1 -0
    outer loop
      vertex 29.6269 100.944 3
      vertex 29.1539 100.944 1.02
      vertex 29.6269 100.944 1.02
    endloop
  endfacet
  facet normal 0.998568 0.0534947 0
    outer loop
      vertex 29.1659 100.72 3
      vertex 29.1539 100.944 1.02
      vertex 29.1539 100.944 3
    endloop
  endfacet
  facet normal 0.998568 0.0534947 0
    outer loop
      vertex 29.1539 100.944 1.02
      vertex 29.1659 100.72 3
      vertex 29.1659 100.72 1.02
    endloop
  endfacet
  facet normal 0.999944 0.0106095 0
    outer loop
      vertex 29.1699 100.343 3
      vertex 29.1659 100.72 1.02
      vertex 29.1659 100.72 3
    endloop
  endfacet
  facet normal 0.999944 0.0106095 0
    outer loop
      vertex 29.1659 100.72 1.02
      vertex 29.1699 100.343 3
      vertex 29.1699 100.343 1.02
    endloop
  endfacet
  facet normal 1 -0 0
    outer loop
      vertex 29.1699 96.848 3
      vertex 29.1699 100.343 1.02
      vertex 29.1699 100.343 3
    endloop
  endfacet
  facet normal 1 0 0
    outer loop
      vertex 29.1699 100.343 1.02
      vertex 29.1699 96.848 3
      vertex 29.1699 96.848 1.02
    endloop
  endfacet
  facet normal 0 1 -0
    outer loop
      vertex 29.6599 96.848 1.02
      vertex 29.1699 96.848 3
      vertex 29.6599 96.848 3
    endloop
  endfacet
  facet normal 0 1 0
    outer loop
      vertex 29.1699 96.848 3
      vertex 29.6599 96.848 1.02
      vertex 29.1699 96.848 1.02
    endloop
  endfacet
  facet normal -1 0 0
    outer loop
      vertex 29.6599 96.848 1.02
      vertex 29.6599 97.991 3
      vertex 29.6599 97.991 1.02
    endloop
  endfacet
  facet normal -1 -0 0
    outer loop
      vertex 29.6599 97.991 3
      vertex 29.6599 96.848 1.02
      vertex 29.6599 96.848 3
    endloop
  endfacet
  facet normal -0.650688 -0.759345 0
    outer loop
      vertex 29.8449 98.575 1.02
      vertex 30.0874 98.3672 3
      vertex 29.8449 98.575 3
    endloop
  endfacet
  facet normal -0.650688 -0.759345 -0
    outer loop
      vertex 30.0874 98.3672 3
      vertex 29.8449 98.575 1.02
      vertex 30.0874 98.3672 1.02
    endloop
  endfacet
  facet normal -0.931328 -0.364182 0
    outer loop
      vertex 29.8449 98.575 1.02
      vertex 29.7062 98.9297 3
      vertex 29.7062 98.9297 1.02
    endloop
  endfacet
  facet normal -0.931328 -0.364182 0
    outer loop
      vertex 29.7062 98.9297 3
      vertex 29.8449 98.575 1.02
      vertex 29.8449 98.575 3
    endloop
  endfacet
  facet normal -0.995877 -0.0907124 0
    outer loop
      vertex 29.7062 98.9297 1.02
      vertex 29.6599 99.438 3
      vertex 29.6599 99.438 1.02
    endloop
  endfacet
  facet normal -0.995877 -0.0907124 0
    outer loop
      vertex 29.6599 99.438 3
      vertex 29.7062 98.9297 1.02
      vertex 29.7062 98.9297 3
    endloop
  endfacet
  facet normal -0.998437 0.0558915 0
    outer loop
      vertex 29.6599 99.438 1.02
      vertex 29.6812 99.8185 3
      vertex 29.6812 99.8185 1.02
    endloop
  endfacet
  facet normal -0.998437 0.0558915 0
    outer loop
      vertex 29.6812 99.8185 3
      vertex 29.6599 99.438 1.02
      vertex 29.6599 99.438 3
    endloop
  endfacet
  facet normal -0.978401 0.206714 0
    outer loop
      vertex 29.6812 99.8185 1.02
      vertex 29.7449 100.12 3
      vertex 29.7449 100.12 1.02
    endloop
  endfacet
  facet normal -0.978401 0.206714 0
    outer loop
      vertex 29.7449 100.12 3
      vertex 29.6812 99.8185 1.02
      vertex 29.6812 99.8185 3
    endloop
  endfacet
  facet normal -0.907551 0.419941 0
    outer loop
      vertex 29.7449 100.12 1.02
      vertex 29.8504 100.348 3
      vertex 29.8504 100.348 1.02
    endloop
  endfacet
  facet normal -0.907551 0.419941 0
    outer loop
      vertex 29.8504 100.348 3
      vertex 29.7449 100.12 1.02
      vertex 29.7449 100.12 3
    endloop
  endfacet
  facet normal -0.737929 0.674878 0
    outer loop
      vertex 29.8504 100.348 1.02
      vertex 29.9949 100.506 3
      vertex 29.9949 100.506 1.02
    endloop
  endfacet
  facet normal -0.737929 0.674878 0
    outer loop
      vertex 29.9949 100.506 3
      vertex 29.8504 100.348 1.02
      vertex 29.8504 100.348 3
    endloop
  endfacet
  facet normal -0.42779 0.903878 0
    outer loop
      vertex 30.1914 100.599 1.02
      vertex 29.9949 100.506 3
      vertex 30.1914 100.599 3
    endloop
  endfacet
  facet normal -0.42779 0.903878 0
    outer loop
      vertex 29.9949 100.506 3
      vertex 30.1914 100.599 1.02
      vertex 29.9949 100.506 1.02
    endloop
  endfacet
  facet normal -0.118617 0.99294 0
    outer loop
      vertex 30.4509 100.63 1.02
      vertex 30.1914 100.599 3
      vertex 30.4509 100.63 3
    endloop
  endfacet
  facet normal -0.118617 0.99294 0
    outer loop
      vertex 30.1914 100.599 3
      vertex 30.4509 100.63 1.02
      vertex 30.1914 100.599 1.02
    endloop
  endfacet
  facet normal 0.209764 0.977752 -0
    outer loop
      vertex 30.7632 100.563 1.02
      vertex 30.4509 100.63 3
      vertex 30.7632 100.563 3
    endloop
  endfacet
  facet normal 0.209764 0.977752 0
    outer loop
      vertex 30.4509 100.63 3
      vertex 30.7632 100.563 1.02
      vertex 30.4509 100.63 1.02
    endloop
  endfacet
  facet normal 0.681614 0.731712 -0
    outer loop
      vertex 30.9779 100.363 1.02
      vertex 30.7632 100.563 3
      vertex 30.9779 100.363 3
    endloop
  endfacet
  facet normal 0.681614 0.731712 0
    outer loop
      vertex 30.7632 100.563 3
      vertex 30.9779 100.363 1.02
      vertex 30.7632 100.563 1.02
    endloop
  endfacet
  facet normal 0.943651 0.330942 0
    outer loop
      vertex 31.1024 100.008 3
      vertex 30.9779 100.363 1.02
      vertex 30.9779 100.363 3
    endloop
  endfacet
  facet normal 0.943651 0.330942 0
    outer loop
      vertex 30.9779 100.363 1.02
      vertex 31.1024 100.008 3
      vertex 31.1024 100.008 1.02
    endloop
  endfacet
  facet normal 0.996971 0.0777713 0
    outer loop
      vertex 31.1439 99.476 3
      vertex 31.1024 100.008 1.02
      vertex 31.1024 100.008 3
    endloop
  endfacet
  facet normal 0.996971 0.0777713 0
    outer loop
      vertex 31.1024 100.008 1.02
      vertex 31.1439 99.476 3
      vertex 31.1439 99.476 1.02
    endloop
  endfacet
  facet normal 0.997091 -0.0762212 0
    outer loop
      vertex 31.1022 98.9305 3
      vertex 31.1439 99.476 1.02
      vertex 31.1439 99.476 3
    endloop
  endfacet
  facet normal 0.997091 -0.0762212 0
    outer loop
      vertex 31.1439 99.476 1.02
      vertex 31.1022 98.9305 3
      vertex 31.1022 98.9305 1.02
    endloop
  endfacet
  facet normal 0.945132 -0.32669 0
    outer loop
      vertex 30.9769 98.568 3
      vertex 31.1022 98.9305 1.02
      vertex 31.1022 98.9305 3
    endloop
  endfacet
  facet normal 0.945132 -0.32669 0
    outer loop
      vertex 31.1022 98.9305 1.02
      vertex 30.9769 98.568 3
      vertex 30.9769 98.568 1.02
    endloop
  endfacet
  facet normal 0.683099 -0.730326 0
    outer loop
      vertex 30.7604 98.3655 1.02
      vertex 30.9769 98.568 3
      vertex 30.7604 98.3655 3
    endloop
  endfacet
  facet normal 0.683099 -0.730326 0
    outer loop
      vertex 30.9769 98.568 3
      vertex 30.7604 98.3655 1.02
      vertex 30.9769 98.568 1.02
    endloop
  endfacet
  facet normal 0.209212 -0.97787 0
    outer loop
      vertex 30.4449 98.298 1.02
      vertex 30.7604 98.3655 3
      vertex 30.4449 98.298 3
    endloop
  endfacet
  facet normal 0.209212 -0.97787 0
    outer loop
      vertex 30.7604 98.3655 3
      vertex 30.4449 98.298 1.02
      vertex 30.7604 98.3655 1.02
    endloop
  endfacet
  facet normal -0.190039 -0.981777 0
    outer loop
      vertex 30.0874 98.3672 1.02
      vertex 30.4449 98.298 3
      vertex 30.0874 98.3672 3
    endloop
  endfacet
  facet normal -0.190039 -0.981777 -0
    outer loop
      vertex 30.4449 98.298 3
      vertex 30.0874 98.3672 1.02
      vertex 30.4449 98.298 1.02
    endloop
  endfacet
  facet normal -0.99134 0.13132 0
    outer loop
      vertex 64.0449 99.712 1.02
      vertex 64.0959 100.097 3
      vertex 64.0959 100.097 1.02
    endloop
  endfacet
  facet normal -0.99134 0.13132 0
    outer loop
      vertex 64.0959 100.097 3
      vertex 64.0449 99.712 1.02
      vertex 64.0449 99.712 3
    endloop
  endfacet
  facet normal -0.884455 0.466626 0
    outer loop
      vertex 64.0959 100.097 1.02
      vertex 64.2489 100.387 3
      vertex 64.2489 100.387 1.02
    endloop
  endfacet
  facet normal -0.884455 0.466626 0
    outer loop
      vertex 64.2489 100.387 3
      vertex 64.0959 100.097 1.02
      vertex 64.0959 100.097 3
    endloop
  endfacet
  facet normal -0.60185 0.798609 0
    outer loop
      vertex 64.4904 100.569 1.02
      vertex 64.2489 100.387 3
      vertex 64.4904 100.569 3
    endloop
  endfacet
  facet normal -0.60185 0.798609 0
    outer loop
      vertex 64.2489 100.387 3
      vertex 64.4904 100.569 1.02
      vertex 64.2489 100.387 1.02
    endloop
  endfacet
  facet normal -0.18925 0.981929 0
    outer loop
      vertex 64.8069 100.63 1.02
      vertex 64.4904 100.569 3
      vertex 64.8069 100.63 3
    endloop
  endfacet
  facet normal -0.18925 0.981929 0
    outer loop
      vertex 64.4904 100.569 3
      vertex 64.8069 100.63 1.02
      vertex 64.4904 100.569 1.02
    endloop
  endfacet
  facet normal 0.0842855 0.996442 -0
    outer loop
      vertex 65.0197 100.612 1.02
      vertex 64.8069 100.63 3
      vertex 65.0197 100.612 3
    endloop
  endfacet
  facet normal 0.0842855 0.996442 0
    outer loop
      vertex 64.8069 100.63 3
      vertex 65.0197 100.612 1.02
      vertex 64.8069 100.63 1.02
    endloop
  endfacet
  facet normal 0.325045 0.945698 -0
    outer loop
      vertex 65.1739 100.559 1.02
      vertex 65.0197 100.612 3
      vertex 65.1739 100.559 3
    endloop
  endfacet
  facet normal 0.325045 0.945698 0
    outer loop
      vertex 65.0197 100.612 3
      vertex 65.1739 100.559 1.02
      vertex 65.0197 100.612 1.02
    endloop
  endfacet
  facet normal 0.656524 0.754305 -0
    outer loop
      vertex 65.2819 100.465 1.02
      vertex 65.1739 100.559 3
      vertex 65.2819 100.465 3
    endloop
  endfacet
  facet normal 0.656524 0.754305 0
    outer loop
      vertex 65.1739 100.559 3
      vertex 65.2819 100.465 1.02
      vertex 65.1739 100.559 1.02
    endloop
  endfacet
  facet normal 0.88129 0.472576 0
    outer loop
      vertex 65.3559 100.327 3
      vertex 65.2819 100.465 1.02
      vertex 65.2819 100.465 3
    endloop
  endfacet
  facet normal 0.88129 0.472576 0
    outer loop
      vertex 65.2819 100.465 1.02
      vertex 65.3559 100.327 3
      vertex 65.3559 100.327 1.02
    endloop
  endfacet
  facet normal 0.976518 0.215438 0
    outer loop
      vertex 65.3987 100.133 3
      vertex 65.3559 100.327 1.02
      vertex 65.3559 100.327 3
    endloop
  endfacet
  facet normal 0.976518 0.215438 0
    outer loop
      vertex 65.3559 100.327 1.02
      vertex 65.3987 100.133 3
      vertex 65.3987 100.133 1.02
    endloop
  endfacet
  facet normal 0.998512 0.0545341 0
    outer loop
      vertex 65.4129 99.873 3
      vertex 65.3987 100.133 1.02
      vertex 65.3987 100.133 3
    endloop
  endfacet
  facet normal 0.998512 0.0545341 0
    outer loop
      vertex 65.3987 100.133 1.02
      vertex 65.4129 99.873 3
      vertex 65.4129 99.873 1.02
    endloop
  endfacet
  facet normal 1 -0 0
    outer loop
      vertex 65.4129 98 3
      vertex 65.4129 99.873 1.02
      vertex 65.4129 99.873 3
    endloop
  endfacet
  facet normal 1 0 0
    outer loop
      vertex 65.4129 99.873 1.02
      vertex 65.4129 98 3
      vertex 65.4129 98 1.02
    endloop
  endfacet
  facet normal 0 1 -0
    outer loop
      vertex 65.9049 98 1.02
      vertex 65.4129 98 3
      vertex 65.9049 98 3
    endloop
  endfacet
  facet normal 0 1 0
    outer loop
      vertex 65.4129 98 3
      vertex 65.9049 98 1.02
      vertex 65.4129 98 1.02
    endloop
  endfacet
  facet normal -1 0 0
    outer loop
      vertex 65.9049 98 1.02
      vertex 65.9049 99.968 3
      vertex 65.9049 99.968 1.02
    endloop
  endfacet
  facet normal -1 -0 0
    outer loop
      vertex 65.9049 99.968 3
      vertex 65.9049 98 1.02
      vertex 65.9049 98 3
    endloop
  endfacet
  facet normal -0.993159 -0.116769 0
    outer loop
      vertex 65.9049 99.968 1.02
      vertex 65.8487 100.446 3
      vertex 65.8487 100.446 1.02
    endloop
  endfacet
  facet normal -0.993159 -0.116769 0
    outer loop
      vertex 65.8487 100.446 3
      vertex 65.9049 99.968 1.02
      vertex 65.9049 99.968 3
    endloop
  endfacet
  facet normal -0.884486 -0.466566 0
    outer loop
      vertex 65.8487 100.446 1.02
      vertex 65.6799 100.766 3
      vertex 65.6799 100.766 1.02
    endloop
  endfacet
  facet normal -0.884486 -0.466566 0
    outer loop
      vertex 65.6799 100.766 3
      vertex 65.8487 100.446 1.02
      vertex 65.8487 100.446 3
    endloop
  endfacet
  facet normal -0.531186 -0.847256 0
    outer loop
      vertex 65.3912 100.947 1.02
      vertex 65.6799 100.766 3
      vertex 65.3912 100.947 3
    endloop
  endfacet
  facet normal -0.531186 -0.847256 -0
    outer loop
      vertex 65.6799 100.766 3
      vertex 65.3912 100.947 1.02
      vertex 65.6799 100.766 1.02
    endloop
  endfacet
  facet normal -0.144302 -0.989534 0
    outer loop
      vertex 64.9729 101.008 1.02
      vertex 65.3912 100.947 3
      vertex 64.9729 101.008 3
    endloop
  endfacet
  facet normal -0.144302 -0.989534 -0
    outer loop
      vertex 65.3912 100.947 3
      vertex 64.9729 101.008 1.02
      vertex 65.3912 100.947 1.02
    endloop
  endfacet
  facet normal 0.105301 -0.99444 0
    outer loop
      vertex 64.6707 100.976 1.02
      vertex 64.9729 101.008 3
      vertex 64.6707 100.976 3
    endloop
  endfacet
  facet normal 0.105301 -0.99444 0
    outer loop
      vertex 64.9729 101.008 3
      vertex 64.6707 100.976 1.02
      vertex 64.9729 101.008 1.02
    endloop
  endfacet
  facet normal 0.356713 -0.934214 0
    outer loop
      vertex 64.4219 100.881 1.02
      vertex 64.6707 100.976 3
      vertex 64.4219 100.881 3
    endloop
  endfacet
  facet normal 0.356713 -0.934214 0
    outer loop
      vertex 64.6707 100.976 3
      vertex 64.4219 100.881 1.02
      vertex 64.6707 100.976 1.02
    endloop
  endfacet
  facet normal 0.637264 -0.770645 0
    outer loop
      vertex 64.2139 100.709 1.02
      vertex 64.4219 100.881 3
      vertex 64.2139 100.709 3
    endloop
  endfacet
  facet normal 0.637264 -0.770645 0
    outer loop
      vertex 64.4219 100.881 3
      vertex 64.2139 100.709 1.02
      vertex 64.4219 100.881 1.02
    endloop
  endfacet
  facet normal 0.820264 -0.571985 0
    outer loop
      vertex 64.0319 100.448 3
      vertex 64.2139 100.709 1.02
      vertex 64.2139 100.709 3
    endloop
  endfacet
  facet normal 0.820264 -0.571985 0
    outer loop
      vertex 64.2139 100.709 1.02
      vertex 64.0319 100.448 3
      vertex 64.0319 100.448 1.02
    endloop
  endfacet
  facet normal 0 -1 0
    outer loop
      vertex 64.0239 100.448 1.02
      vertex 64.0319 100.448 3
      vertex 64.0239 100.448 3
    endloop
  endfacet
  facet normal 0 -1 -0
    outer loop
      vertex 64.0319 100.448 3
      vertex 64.0239 100.448 1.02
      vertex 64.0319 100.448 1.02
    endloop
  endfacet
  facet normal -0.999606 -0.0280788 0
    outer loop
      vertex 64.0239 100.448 1.02
      vertex 64.0189 100.626 3
      vertex 64.0189 100.626 1.02
    endloop
  endfacet
  facet normal -0.999606 -0.0280788 0
    outer loop
      vertex 64.0189 100.626 3
      vertex 64.0239 100.448 1.02
      vertex 64.0239 100.448 3
    endloop
  endfacet
  facet normal -0.998969 -0.0454077 0
    outer loop
      vertex 64.0189 100.626 1.02
      vertex 64.0139 100.736 3
      vertex 64.0139 100.736 1.02
    endloop
  endfacet
  facet normal -0.998969 -0.0454077 0
    outer loop
      vertex 64.0139 100.736 3
      vertex 64.0189 100.626 1.02
      vertex 64.0189 100.626 3
    endloop
  endfacet
  facet normal -0.998678 -0.0514025 0
    outer loop
      vertex 64.0139 100.736 1.02
      vertex 64.0069 100.872 3
      vertex 64.0069 100.872 1.02
    endloop
  endfacet
  facet normal -0.998678 -0.0514025 0
    outer loop
      vertex 64.0069 100.872 3
      vertex 64.0139 100.736 1.02
      vertex 64.0139 100.736 3
    endloop
  endfacet
  facet normal -0.998906 -0.0467573 0
    outer loop
      vertex 64.0069 100.872 1.02
      vertex 64.0047 100.919 3
      vertex 64.0047 100.919 1.02
    endloop
  endfacet
  facet normal -0.998906 -0.0467573 0
    outer loop
      vertex 64.0047 100.919 3
      vertex 64.0069 100.872 1.02
      vertex 64.0069 100.872 3
    endloop
  endfacet
  facet normal -0.993786 -0.111304 0
    outer loop
      vertex 64.0047 100.919 1.02
      vertex 64.0019 100.944 3
      vertex 64.0019 100.944 1.02
    endloop
  endfacet
  facet normal -0.993786 -0.111304 0
    outer loop
      vertex 64.0019 100.944 3
      vertex 64.0047 100.919 1.02
      vertex 64.0047 100.919 3
    endloop
  endfacet
  facet normal 0 -1 0
    outer loop
      vertex 63.5399 100.944 1.02
      vertex 64.0019 100.944 3
      vertex 63.5399 100.944 3
    endloop
  endfacet
  facet normal 0 -1 -0
    outer loop
      vertex 64.0019 100.944 3
      vertex 63.5399 100.944 1.02
      vertex 64.0019 100.944 1.02
    endloop
  endfacet
  facet normal 0.998432 0.0559868 0
    outer loop
      vertex 63.5519 100.73 3
      vertex 63.5399 100.944 1.02
      vertex 63.5399 100.944 3
    endloop
  endfacet
  facet normal 0.998432 0.0559868 0
    outer loop
      vertex 63.5399 100.944 1.02
      vertex 63.5519 100.73 3
      vertex 63.5519 100.73 1.02
    endloop
  endfacet
  facet normal 0.999954 0.00963811 0
    outer loop
      vertex 63.5559 100.315 3
      vertex 63.5519 100.73 1.02
      vertex 63.5519 100.73 3
    endloop
  endfacet
  facet normal 0.999954 0.00963811 0
    outer loop
      vertex 63.5519 100.73 1.02
      vertex 63.5559 100.315 3
      vertex 63.5559 100.315 1.02
    endloop
  endfacet
  facet normal 1 -0 0
    outer loop
      vertex 63.5559 98 3
      vertex 63.5559 100.315 1.02
      vertex 63.5559 100.315 3
    endloop
  endfacet
  facet normal 1 0 0
    outer loop
      vertex 63.5559 100.315 1.02
      vertex 63.5559 98 3
      vertex 63.5559 98 1.02
    endloop
  endfacet
  facet normal 0 1 -0
    outer loop
      vertex 64.0449 98 1.02
      vertex 63.5559 98 3
      vertex 64.0449 98 3
    endloop
  endfacet
  facet normal 0 1 0
    outer loop
      vertex 63.5559 98 3
      vertex 64.0449 98 1.02
      vertex 63.5559 98 1.02
    endloop
  endfacet
  facet normal -1 0 0
    outer loop
      vertex 64.0449 98 1.02
      vertex 64.0449 99.712 3
      vertex 64.0449 99.712 1.02
    endloop
  endfacet
  facet normal -1 -0 0
    outer loop
      vertex 64.0449 99.712 3
      vertex 64.0449 98 1.02
      vertex 64.0449 98 3
    endloop
  endfacet
  facet normal -0.995793 0.0916304 0
    outer loop
      vertex 68.5703 99.54 1.02
      vertex 68.6103 99.9747 3
      vertex 68.6103 99.9747 1.02
    endloop
  endfacet
  facet normal -0.995793 0.0916304 0
    outer loop
      vertex 68.6103 99.9747 3
      vertex 68.5703 99.54 1.02
      vertex 68.5703 99.54 3
    endloop
  endfacet
  facet normal -0.936437 0.350835 0
    outer loop
      vertex 68.6103 99.9747 1.02
      vertex 68.7303 100.295 3
      vertex 68.7303 100.295 1.02
    endloop
  endfacet
  facet normal -0.936437 0.350835 0
    outer loop
      vertex 68.7303 100.295 3
      vertex 68.6103 99.9747 1.02
      vertex 68.6103 99.9747 3
    endloop
  endfacet
  facet normal -0.708895 0.705314 0
    outer loop
      vertex 68.7303 100.295 1.02
      vertex 68.9273 100.493 3
      vertex 68.9273 100.493 1.02
    endloop
  endfacet
  facet normal -0.708895 0.705314 0
    outer loop
      vertex 68.9273 100.493 3
      vertex 68.7303 100.295 1.02
      vertex 68.7303 100.295 3
    endloop
  endfacet
  facet normal -0.238286 0.971195 0
    outer loop
      vertex 69.1963 100.559 1.02
      vertex 68.9273 100.493 3
      vertex 69.1963 100.559 3
    endloop
  endfacet
  facet normal -0.238286 0.971195 0
    outer loop
      vertex 68.9273 100.493 3
      vertex 69.1963 100.559 1.02
      vertex 68.9273 100.493 1.02
    endloop
  endfacet
  facet normal 0.0476622 0.998864 -0
    outer loop
      vertex 69.343 100.552 1.02
      vertex 69.1963 100.559 3
      vertex 69.343 100.552 3
    endloop
  endfacet
  facet normal 0.0476622 0.998864 0
    outer loop
      vertex 69.1963 100.559 3
      vertex 69.343 100.552 1.02
      vertex 69.1963 100.559 1.02
    endloop
  endfacet
  facet normal 0.172359 0.985034 -0
    outer loop
      vertex 69.4573 100.532 1.02
      vertex 69.343 100.552 3
      vertex 69.4573 100.532 3
    endloop
  endfacet
  facet normal 0.172359 0.985034 0
    outer loop
      vertex 69.343 100.552 3
      vertex 69.4573 100.532 1.02
      vertex 69.343 100.552 1.02
    endloop
  endfacet
  facet normal -1 0 0
    outer loop
      vertex 69.4573 100.532 1.02
      vertex 69.4573 100.981 3
      vertex 69.4573 100.981 1.02
    endloop
  endfacet
  facet normal -1 -0 0
    outer loop
      vertex 69.4573 100.981 3
      vertex 69.4573 100.532 1.02
      vertex 69.4573 100.532 3
    endloop
  endfacet
  facet normal -0.196116 -0.980581 0
    outer loop
      vertex 69.3573 101.001 1.02
      vertex 69.4573 100.981 3
      vertex 69.3573 101.001 3
    endloop
  endfacet
  facet normal -0.196116 -0.980581 -0
    outer loop
      vertex 69.4573 100.981 3
      vertex 69.3573 101.001 1.02
      vertex 69.4573 100.981 1.02
    endloop
  endfacet
  facet normal -0.071247 -0.997459 0
    outer loop
      vertex 69.2593 101.008 1.02
      vertex 69.3573 101.001 3
      vertex 69.2593 101.008 3
    endloop
  endfacet
  facet normal -0.071247 -0.997459 -0
    outer loop
      vertex 69.3573 101.001 3
      vertex 69.2593 101.008 1.02
      vertex 69.3573 101.001 1.02
    endloop
  endfacet
  facet normal 0.140578 -0.99007 0
    outer loop
      vertex 69.0128 100.973 1.02
      vertex 69.2593 101.008 3
      vertex 69.0128 100.973 3
    endloop
  endfacet
  facet normal 0.140578 -0.99007 0
    outer loop
      vertex 69.2593 101.008 3
      vertex 69.0128 100.973 1.02
      vertex 69.2593 101.008 1.02
    endloop
  endfacet
  facet normal 0.493072 -0.869988 0
    outer loop
      vertex 68.8293 100.869 1.02
      vertex 69.0128 100.973 3
      vertex 68.8293 100.869 3
    endloop
  endfacet
  facet normal 0.493072 -0.869988 0
    outer loop
      vertex 69.0128 100.973 3
      vertex 68.8293 100.869 1.02
      vertex 69.0128 100.973 1.02
    endloop
  endfacet
  facet normal 0.810291 -0.586028 0
    outer loop
      vertex 68.6861 100.671 3
      vertex 68.8293 100.869 1.02
      vertex 68.8293 100.869 3
    endloop
  endfacet
  facet normal 0.810291 -0.586028 0
    outer loop
      vertex 68.8293 100.869 1.02
      vertex 68.6861 100.671 3
      vertex 68.6861 100.671 1.02
    endloop
  endfacet
  facet normal 0.929882 -0.367859 0
    outer loop
      vertex 68.5603 100.353 3
      vertex 68.6861 100.671 1.02
      vertex 68.6861 100.671 3
    endloop
  endfacet
  facet normal 0.929882 -0.367859 0
    outer loop
      vertex 68.6861 100.671 1.02
      vertex 68.5603 100.353 3
      vertex 68.5603 100.353 1.02
    endloop
  endfacet
  facet normal 0 -1 0
    outer loop
      vertex 68.5493 100.353 1.02
      vertex 68.5603 100.353 3
      vertex 68.5493 100.353 3
    endloop
  endfacet
  facet normal 0 -1 -0
    outer loop
      vertex 68.5603 100.353 3
      vertex 68.5493 100.353 1.02
      vertex 68.5603 100.353 1.02
    endloop
  endfacet
  facet normal -0.99961 -0.0279079 0
    outer loop
      vertex 68.5493 100.353 1.02
      vertex 68.5438 100.55 3
      vertex 68.5438 100.55 1.02
    endloop
  endfacet
  facet normal -0.99961 -0.0279079 0
    outer loop
      vertex 68.5438 100.55 3
      vertex 68.5493 100.353 1.02
      vertex 68.5493 100.353 3
    endloop
  endfacet
  facet normal -0.999124 -0.0418415 0
    outer loop
      vertex 68.5438 100.55 1.02
      vertex 68.5273 100.944 3
      vertex 68.5273 100.944 1.02
    endloop
  endfacet
  facet normal -0.999124 -0.0418415 0
    outer loop
      vertex 68.5273 100.944 3
      vertex 68.5438 100.55 1.02
      vertex 68.5438 100.55 3
    endloop
  endfacet
  facet normal 0 -1 0
    outer loop
      vertex 68.0653 100.944 1.02
      vertex 68.5273 100.944 3
      vertex 68.0653 100.944 3
    endloop
  endfacet
  facet normal 0 -1 -0
    outer loop
      vertex 68.5273 100.944 3
      vertex 68.0653 100.944 1.02
      vertex 68.5273 100.944 1.02
    endloop
  endfacet
  facet normal 0.999442 0.0334075 0
    outer loop
      vertex 68.0773 100.585 3
      vertex 68.0653 100.944 1.02
      vertex 68.0653 100.944 3
    endloop
  endfacet
  facet normal 0.999442 0.0334075 0
    outer loop
      vertex 68.0653 100.944 1.02
      vertex 68.0773 100.585 3
      vertex 68.0773 100.585 1.02
    endloop
  endfacet
  facet normal 0.999925 0.0122315 0
    outer loop
      vertex 68.0813 100.258 3
      vertex 68.0773 100.585 1.02
      vertex 68.0773 100.585 3
    endloop
  endfacet
  facet normal 0.999925 0.0122315 0
    outer loop
      vertex 68.0773 100.585 1.02
      vertex 68.0813 100.258 3
      vertex 68.0813 100.258 1.02
    endloop
  endfacet
  facet normal 1 -0 0
    outer loop
      vertex 68.0813 98 3
      vertex 68.0813 100.258 1.02
      vertex 68.0813 100.258 3
    endloop
  endfacet
  facet normal 1 0 0
    outer loop
      vertex 68.0813 100.258 1.02
      vertex 68.0813 98 3
      vertex 68.0813 98 1.02
    endloop
  endfacet
  facet normal 0 1 -0
    outer loop
      vertex 68.5703 98 1.02
      vertex 68.0813 98 3
      vertex 68.5703 98 3
    endloop
  endfacet
  facet normal 0 1 0
    outer loop
      vertex 68.0813 98 3
      vertex 68.5703 98 1.02
      vertex 68.0813 98 1.02
    endloop
  endfacet
  facet normal -1 0 0
    outer loop
      vertex 68.5703 98 1.02
      vertex 68.5703 99.54 3
      vertex 68.5703 99.54 1.02
    endloop
  endfacet
  facet normal -1 -0 0
    outer loop
      vertex 68.5703 99.54 3
      vertex 68.5703 98 1.02
      vertex 68.5703 98 3
    endloop
  endfacet
  facet normal -0.173785 0.984784 0
    outer loop
      vertex 28.8743 97.98 1.02
      vertex 28.6873 97.947 3
      vertex 28.8743 97.98 3
    endloop
  endfacet
  facet normal -0.173785 0.984784 0
    outer loop
      vertex 28.6873 97.947 3
      vertex 28.8743 97.98 1.02
      vertex 28.6873 97.947 1.02
    endloop
  endfacet
  facet normal -1 0 0
    outer loop
      vertex 28.8743 97.98 1.02
      vertex 28.8743 98.284 3
      vertex 28.8743 98.284 1.02
    endloop
  endfacet
  facet normal -1 -0 0
    outer loop
      vertex 28.8743 98.284 3
      vertex 28.8743 97.98 1.02
      vertex 28.8743 97.98 3
    endloop
  endfacet
  facet normal 0.165904 -0.986142 0
    outer loop
      vertex 28.7893 98.2697 1.02
      vertex 28.8743 98.284 3
      vertex 28.7893 98.2697 3
    endloop
  endfacet
  facet normal 0.165904 -0.986142 0
    outer loop
      vertex 28.8743 98.284 3
      vertex 28.7893 98.2697 1.02
      vertex 28.8743 98.284 1.02
    endloop
  endfacet
  facet normal 0.062544 -0.998042 0
    outer loop
      vertex 28.7143 98.265 1.02
      vertex 28.7893 98.2697 3
      vertex 28.7143 98.265 3
    endloop
  endfacet
  facet normal 0.062544 -0.998042 0
    outer loop
      vertex 28.7893 98.2697 3
      vertex 28.7143 98.265 1.02
      vertex 28.7893 98.2697 1.02
    endloop
  endfacet
  facet normal -0.203085 -0.979161 0
    outer loop
      vertex 28.5793 98.293 1.02
      vertex 28.7143 98.265 3
      vertex 28.5793 98.293 3
    endloop
  endfacet
  facet normal -0.203085 -0.979161 -0
    outer loop
      vertex 28.7143 98.265 3
      vertex 28.5793 98.293 1.02
      vertex 28.7143 98.265 1.02
    endloop
  endfacet
  facet normal -0.711328 -0.70286 0
    outer loop
      vertex 28.5793 98.293 1.02
      vertex 28.4963 98.377 3
      vertex 28.4963 98.377 1.02
    endloop
  endfacet
  facet normal -0.711328 -0.70286 0
    outer loop
      vertex 28.4963 98.377 3
      vertex 28.5793 98.293 1.02
      vertex 28.5793 98.293 3
    endloop
  endfacet
  facet normal -0.956208 -0.292689 0
    outer loop
      vertex 28.4963 98.377 1.02
      vertex 28.4536 98.5165 3
      vertex 28.4536 98.5165 1.02
    endloop
  endfacet
  facet normal -0.956208 -0.292689 0
    outer loop
      vertex 28.4536 98.5165 3
      vertex 28.4963 98.377 1.02
      vertex 28.4963 98.377 3
    endloop
  endfacet
  facet normal -0.997308 -0.0733239 0
    outer loop
      vertex 28.4536 98.5165 1.02
      vertex 28.4393 98.711 3
      vertex 28.4393 98.711 1.02
    endloop
  endfacet
  facet normal -0.997308 -0.0733239 0
    outer loop
      vertex 28.4393 98.711 3
      vertex 28.4536 98.5165 1.02
      vertex 28.4536 98.5165 3
    endloop
  endfacet
  facet normal -1 0 0
    outer loop
      vertex 28.4393 98.711 1.02
      vertex 28.4393 100 3
      vertex 28.4393 100 1.02
    endloop
  endfacet
  facet normal -1 -0 0
    outer loop
      vertex 28.4393 100 3
      vertex 28.4393 98.711 1.02
      vertex 28.4393 98.711 3
    endloop
  endfacet
  facet normal -0.987125 -0.159951 0
    outer loop
      vertex 28.4393 100 1.02
      vertex 28.3693 100.432 3
      vertex 28.3693 100.432 1.02
    endloop
  endfacet
  facet normal -0.987125 -0.159951 0
    outer loop
      vertex 28.3693 100.432 3
      vertex 28.4393 100 1.02
      vertex 28.4393 100 3
    endloop
  endfacet
  facet normal -0.833665 -0.55227 0
    outer loop
      vertex 28.3693 100.432 1.02
      vertex 28.1593 100.749 3
      vertex 28.1593 100.749 1.02
    endloop
  endfacet
  facet normal -0.833665 -0.55227 0
    outer loop
      vertex 28.1593 100.749 3
      vertex 28.3693 100.432 1.02
      vertex 28.3693 100.432 3
    endloop
  endfacet
  facet normal -0.486175 -0.873862 0
    outer loop
      vertex 27.8106 100.943 1.02
      vertex 28.1593 100.749 3
      vertex 27.8106 100.943 3
    endloop
  endfacet
  facet normal -0.486175 -0.873862 -0
    outer loop
      vertex 28.1593 100.749 3
      vertex 27.8106 100.943 1.02
      vertex 28.1593 100.749 1.02
    endloop
  endfacet
  facet normal -0.132484 -0.991185 0
    outer loop
      vertex 27.3243 101.008 1.02
      vertex 27.8106 100.943 3
      vertex 27.3243 101.008 3
    endloop
  endfacet
  facet normal -0.132484 -0.991185 -0
    outer loop
      vertex 27.8106 100.943 3
      vertex 27.3243 101.008 1.02
      vertex 27.8106 100.943 1.02
    endloop
  endfacet
  facet normal 0.232926 -0.972495 0
    outer loop
      vertex 26.5018 100.811 1.02
      vertex 27.3243 101.008 3
      vertex 26.5018 100.811 3
    endloop
  endfacet
  facet normal 0.232926 -0.972495 0
    outer loop
      vertex 27.3243 101.008 3
      vertex 26.5018 100.811 1.02
      vertex 27.3243 101.008 1.02
    endloop
  endfacet
  facet normal 0.854856 -0.518865 0
    outer loop
      vertex 26.1443 100.222 3
      vertex 26.5018 100.811 1.02
      vertex 26.5018 100.811 3
    endloop
  endfacet
  facet normal 0.854856 -0.518865 0
    outer loop
      vertex 26.5018 100.811 1.02
      vertex 26.1443 100.222 3
      vertex 26.1443 100.222 1.02
    endloop
  endfacet
  facet normal 0.089657 0.995973 -0
    outer loop
      vertex 26.6553 100.176 1.02
      vertex 26.1443 100.222 3
      vertex 26.6553 100.176 3
    endloop
  endfacet
  facet normal 0.089657 0.995973 0
    outer loop
      vertex 26.1443 100.222 3
      vertex 26.6553 100.176 1.02
      vertex 26.1443 100.222 1.02
    endloop
  endfacet
  facet normal -0.961069 0.276307 0
    outer loop
      vertex 26.6553 100.176 1.02
      vertex 26.7151 100.384 3
      vertex 26.7151 100.384 1.02
    endloop
  endfacet
  facet normal -0.961069 0.276307 0
    outer loop
      vertex 26.7151 100.384 3
      vertex 26.6553 100.176 1.02
      vertex 26.6553 100.176 3
    endloop
  endfacet
  facet normal -0.765917 0.642939 0
    outer loop
      vertex 26.7151 100.384 1.02
      vertex 26.8343 100.526 3
      vertex 26.8343 100.526 1.02
    endloop
  endfacet
  facet normal -0.765917 0.642939 0
    outer loop
      vertex 26.8343 100.526 3
      vertex 26.7151 100.384 1.02
      vertex 26.7151 100.384 3
    endloop
  endfacet
  facet normal -0.387972 0.921671 0
    outer loop
      vertex 27.0291 100.608 1.02
      vertex 26.8343 100.526 3
      vertex 27.0291 100.608 3
    endloop
  endfacet
  facet normal -0.387972 0.921671 0
    outer loop
      vertex 26.8343 100.526 3
      vertex 27.0291 100.608 1.02
      vertex 26.8343 100.526 1.02
    endloop
  endfacet
  facet normal -0.0980475 0.995182 0
    outer loop
      vertex 27.3133 100.636 1.02
      vertex 27.0291 100.608 3
      vertex 27.3133 100.636 3
    endloop
  endfacet
  facet normal -0.0980475 0.995182 0
    outer loop
      vertex 27.0291 100.608 3
      vertex 27.3133 100.636 1.02
      vertex 27.0291 100.608 1.02
    endloop
  endfacet
  facet normal 0.140195 0.990124 -0
    outer loop
      vertex 27.5958 100.596 1.02
      vertex 27.3133 100.636 3
      vertex 27.5958 100.596 3
    endloop
  endfacet
  facet normal 0.140195 0.990124 0
    outer loop
      vertex 27.3133 100.636 3
      vertex 27.5958 100.596 1.02
      vertex 27.3133 100.636 1.02
    endloop
  endfacet
  facet normal 0.516748 0.856138 -0
    outer loop
      vertex 27.7913 100.478 1.02
      vertex 27.5958 100.596 3
      vertex 27.7913 100.478 3
    endloop
  endfacet
  facet normal 0.516748 0.856138 0
    outer loop
      vertex 27.5958 100.596 3
      vertex 27.7913 100.478 1.02
      vertex 27.5958 100.596 1.02
    endloop
  endfacet
  facet normal 0.876481 0.481436 0
    outer loop
      vertex 27.9061 100.269 3
      vertex 27.7913 100.478 1.02
      vertex 27.7913 100.478 3
    endloop
  endfacet
  facet normal 0.876481 0.481436 0
    outer loop
      vertex 27.7913 100.478 1.02
      vertex 27.9061 100.269 3
      vertex 27.9061 100.269 1.02
    endloop
  endfacet
  facet normal 0.992681 0.120766 0
    outer loop
      vertex 27.9443 99.955 3
      vertex 27.9061 100.269 1.02
      vertex 27.9061 100.269 3
    endloop
  endfacet
  facet normal 0.992681 0.120766 0
    outer loop
      vertex 27.9061 100.269 1.02
      vertex 27.9443 99.955 3
      vertex 27.9443 99.955 1.02
    endloop
  endfacet
  facet normal 1 -0 0
    outer loop
      vertex 27.9443 99.792 3
      vertex 27.9443 99.955 1.02
      vertex 27.9443 99.955 3
    endloop
  endfacet
  facet normal 1 0 0
    outer loop
      vertex 27.9443 99.955 1.02
      vertex 27.9443 99.792 3
      vertex 27.9443 99.792 1.02
    endloop
  endfacet
  facet normal 0.0166391 -0.999862 0
    outer loop
      vertex 27.2833 99.781 1.02
      vertex 27.9443 99.792 3
      vertex 27.2833 99.781 3
    endloop
  endfacet
  facet normal 0.0166391 -0.999862 0
    outer loop
      vertex 27.9443 99.792 3
      vertex 27.2833 99.781 1.02
      vertex 27.9443 99.792 1.02
    endloop
  endfacet
  facet normal 0.126535 -0.991962 0
    outer loop
      vertex 26.7071 99.7075 1.02
      vertex 27.2833 99.781 3
      vertex 26.7071 99.7075 3
    endloop
  endfacet
  facet normal 0.126535 -0.991962 0
    outer loop
      vertex 27.2833 99.781 3
      vertex 26.7071 99.7075 1.02
      vertex 27.2833 99.781 1.02
    endloop
  endfacet
  facet normal 0.432649 -0.901562 0
    outer loop
      vertex 26.3143 99.519 1.02
      vertex 26.7071 99.7075 3
      vertex 26.3143 99.519 3
    endloop
  endfacet
  facet normal 0.432649 -0.901562 0
    outer loop
      vertex 26.7071 99.7075 3
      vertex 26.3143 99.519 1.02
      vertex 26.7071 99.7075 1.02
    endloop
  endfacet
  facet normal 0.799037 -0.601282 0
    outer loop
      vertex 26.0893 99.22 3
      vertex 26.3143 99.519 1.02
      vertex 26.3143 99.519 3
    endloop
  endfacet
  facet normal 0.799037 -0.601282 0
    outer loop
      vertex 26.3143 99.519 1.02
      vertex 26.0893 99.22 3
      vertex 26.0893 99.22 1.02
    endloop
  endfacet
  facet normal 0.983282 -0.182089 0
    outer loop
      vertex 26.0143 98.815 3
      vertex 26.0893 99.22 1.02
      vertex 26.0893 99.22 3
    endloop
  endfacet
  facet normal 0.983282 -0.182089 0
    outer loop
      vertex 26.0893 99.22 1.02
      vertex 26.0143 98.815 3
      vertex 26.0143 98.815 1.02
    endloop
  endfacet
  facet normal 0.988595 0.150597 0
    outer loop
      vertex 26.0701 98.4487 3
      vertex 26.0143 98.815 1.02
      vertex 26.0143 98.815 3
    endloop
  endfacet
  facet normal 0.988595 0.150597 0
    outer loop
      vertex 26.0143 98.815 1.02
      vertex 26.0701 98.4487 3
      vertex 26.0701 98.4487 1.02
    endloop
  endfacet
  facet normal 0.85752 0.514451 0
    outer loop
      vertex 26.2373 98.17 3
      vertex 26.0701 98.4487 1.02
      vertex 26.0701 98.4487 3
    endloop
  endfacet
  facet normal 0.85752 0.514451 0
    outer loop
      vertex 26.0701 98.4487 1.02
      vertex 26.2373 98.17 3
      vertex 26.2373 98.17 1.02
    endloop
  endfacet
  facet normal 0.533821 0.845597 -0
    outer loop
      vertex 26.5153 97.9945 1.02
      vertex 26.2373 98.17 3
      vertex 26.5153 97.9945 3
    endloop
  endfacet
  facet normal 0.533821 0.845597 0
    outer loop
      vertex 26.2373 98.17 3
      vertex 26.5153 97.9945 1.02
      vertex 26.2373 98.17 1.02
    endloop
  endfacet
  facet normal 0.149088 0.988824 -0
    outer loop
      vertex 26.9033 97.936 1.02
      vertex 26.5153 97.9945 3
      vertex 26.9033 97.936 3
    endloop
  endfacet
  facet normal 0.149088 0.988824 0
    outer loop
      vertex 26.5153 97.9945 3
      vertex 26.9033 97.936 1.02
      vertex 26.5153 97.9945 1.02
    endloop
  endfacet
  facet normal -0.106683 0.994293 0
    outer loop
      vertex 27.2323 97.9713 1.02
      vertex 26.9033 97.936 3
      vertex 27.2323 97.9713 3
    endloop
  endfacet
  facet normal -0.106683 0.994293 0
    outer loop
      vertex 26.9033 97.936 3
      vertex 27.2323 97.9713 1.02
      vertex 26.9033 97.936 1.02
    endloop
  endfacet
  facet normal -0.358774 0.933424 0
    outer loop
      vertex 27.5073 98.077 1.02
      vertex 27.2323 97.9713 3
      vertex 27.5073 98.077 3
    endloop
  endfacet
  facet normal -0.358774 0.933424 0
    outer loop
      vertex 27.2323 97.9713 3
      vertex 27.5073 98.077 1.02
      vertex 27.2323 97.9713 1.02
    endloop
  endfacet
  facet normal -0.632064 0.774916 0
    outer loop
      vertex 27.7411 98.2677 1.02
      vertex 27.5073 98.077 3
      vertex 27.7411 98.2677 3
    endloop
  endfacet
  facet normal -0.632064 0.774916 0
    outer loop
      vertex 27.5073 98.077 3
      vertex 27.7411 98.2677 1.02
      vertex 27.5073 98.077 1.02
    endloop
  endfacet
  facet normal -0.819245 0.573443 0
    outer loop
      vertex 27.7411 98.2677 1.02
      vertex 27.9443 98.558 3
      vertex 27.9443 98.558 1.02
    endloop
  endfacet
  facet normal -0.819245 0.573443 0
    outer loop
      vertex 27.9443 98.558 3
      vertex 27.7411 98.2677 1.02
      vertex 27.7411 98.2677 3
    endloop
  endfacet
  facet normal 0 1 -0
    outer loop
      vertex 27.9603 98.558 1.02
      vertex 27.9443 98.558 3
      vertex 27.9603 98.558 3
    endloop
  endfacet
  facet normal 0 1 0
    outer loop
      vertex 27.9443 98.558 3
      vertex 27.9603 98.558 1.02
      vertex 27.9443 98.558 1.02
    endloop
  endfacet
  facet normal 0.98829 0.15259 0
    outer loop
      vertex 28.0033 98.2795 3
      vertex 27.9603 98.558 1.02
      vertex 27.9603 98.558 3
    endloop
  endfacet
  facet normal 0.98829 0.15259 0
    outer loop
      vertex 27.9603 98.558 1.02
      vertex 28.0033 98.2795 3
      vertex 28.0033 98.2795 1.02
    endloop
  endfacet
  facet normal 0.893965 0.448137 0
    outer loop
      vertex 28.1003 98.086 3
      vertex 28.0033 98.2795 1.02
      vertex 28.0033 98.2795 3
    endloop
  endfacet
  facet normal 0.893965 0.448137 0
    outer loop
      vertex 28.0033 98.2795 1.02
      vertex 28.1003 98.086 3
      vertex 28.1003 98.086 1.02
    endloop
  endfacet
  facet normal 0.572779 0.81971 -0
    outer loop
      vertex 28.2613 97.9735 1.02
      vertex 28.1003 98.086 3
      vertex 28.2613 97.9735 3
    endloop
  endfacet
  facet normal 0.572779 0.81971 0
    outer loop
      vertex 28.1003 98.086 3
      vertex 28.2613 97.9735 1.02
      vertex 28.1003 98.086 1.02
    endloop
  endfacet
  facet normal 0.157581 0.987506 -0
    outer loop
      vertex 28.4963 97.936 1.02
      vertex 28.2613 97.9735 3
      vertex 28.4963 97.936 3
    endloop
  endfacet
  facet normal 0.157581 0.987506 0
    outer loop
      vertex 28.2613 97.9735 3
      vertex 28.4963 97.936 1.02
      vertex 28.2613 97.9735 1.02
    endloop
  endfacet
  facet normal -0.0574964 0.998346 0
    outer loop
      vertex 28.6873 97.947 1.02
      vertex 28.4963 97.936 3
      vertex 28.6873 97.947 3
    endloop
  endfacet
  facet normal -0.0574964 0.998346 0
    outer loop
      vertex 28.4963 97.936 3
      vertex 28.6873 97.947 1.02
      vertex 28.4963 97.936 1.02
    endloop
  endfacet
  facet normal -0.531894 -0.846811 0
    outer loop
      vertex 26.6463 98.434 1.02
      vertex 26.8028 98.3357 3
      vertex 26.6463 98.434 3
    endloop
  endfacet
  facet normal -0.531894 -0.846811 -0
    outer loop
      vertex 26.8028 98.3357 3
      vertex 26.6463 98.434 1.02
      vertex 26.8028 98.3357 1.02
    endloop
  endfacet
  facet normal -0.854396 -0.519623 0
    outer loop
      vertex 26.6463 98.434 1.02
      vertex 26.5496 98.593 3
      vertex 26.5496 98.593 1.02
    endloop
  endfacet
  facet normal -0.854396 -0.519623 0
    outer loop
      vertex 26.5496 98.593 3
      vertex 26.6463 98.434 1.02
      vertex 26.6463 98.434 3
    endloop
  endfacet
  facet normal -0.988697 -0.149929 0
    outer loop
      vertex 26.5496 98.593 1.02
      vertex 26.5173 98.806 3
      vertex 26.5173 98.806 1.02
    endloop
  endfacet
  facet normal -0.988697 -0.149929 0
    outer loop
      vertex 26.5173 98.806 3
      vertex 26.5496 98.593 1.02
      vertex 26.5496 98.593 3
    endloop
  endfacet
  facet normal -0.993028 0.117876 0
    outer loop
      vertex 26.5173 98.806 1.02
      vertex 26.5411 99.0065 3
      vertex 26.5411 99.0065 1.02
    endloop
  endfacet
  facet normal -0.993028 0.117876 0
    outer loop
      vertex 26.5411 99.0065 3
      vertex 26.5173 98.806 1.02
      vertex 26.5173 98.806 3
    endloop
  endfacet
  facet normal -0.911217 0.411928 0
    outer loop
      vertex 26.5411 99.0065 1.02
      vertex 26.6123 99.164 3
      vertex 26.6123 99.164 1.02
    endloop
  endfacet
  facet normal -0.911217 0.411928 0
    outer loop
      vertex 26.6123 99.164 3
      vertex 26.5411 99.0065 1.02
      vertex 26.5411 99.0065 3
    endloop
  endfacet
  facet normal -0.717262 0.696803 0
    outer loop
      vertex 26.6123 99.164 1.02
      vertex 26.7281 99.2832 3
      vertex 26.7281 99.2832 1.02
    endloop
  endfacet
  facet normal -0.717262 0.696803 0
    outer loop
      vertex 26.7281 99.2832 3
      vertex 26.6123 99.164 1.02
      vertex 26.6123 99.164 3
    endloop
  endfacet
  facet normal -0.470413 0.882446 0
    outer loop
      vertex 26.8853 99.367 1.02
      vertex 26.7281 99.2832 3
      vertex 26.8853 99.367 3
    endloop
  endfacet
  facet normal -0.470413 0.882446 0
    outer loop
      vertex 26.7281 99.2832 3
      vertex 26.8853 99.367 1.02
      vertex 26.7281 99.2832 1.02
    endloop
  endfacet
  facet normal -0.224568 0.974458 0
    outer loop
      vertex 27.1053 99.4177 1.02
      vertex 26.8853 99.367 3
      vertex 27.1053 99.4177 3
    endloop
  endfacet
  facet normal -0.224568 0.974458 0
    outer loop
      vertex 26.8853 99.367 3
      vertex 27.1053 99.4177 1.02
      vertex 26.8853 99.367 1.02
    endloop
  endfacet
  facet normal -0.0666279 0.997778 0
    outer loop
      vertex 27.4093 99.438 1.02
      vertex 27.1053 99.4177 3
      vertex 27.4093 99.438 3
    endloop
  endfacet
  facet normal -0.0666279 0.997778 0
    outer loop
      vertex 27.1053 99.4177 3
      vertex 27.4093 99.438 1.02
      vertex 27.1053 99.4177 1.02
    endloop
  endfacet
  facet normal -0.0205564 0.999789 0
    outer loop
      vertex 27.9443 99.449 1.02
      vertex 27.4093 99.438 3
      vertex 27.9443 99.449 3
    endloop
  endfacet
  facet normal -0.0205564 0.999789 0
    outer loop
      vertex 27.4093 99.438 3
      vertex 27.9443 99.449 1.02
      vertex 27.4093 99.438 1.02
    endloop
  endfacet
  facet normal 1 -0 0
    outer loop
      vertex 27.9443 99.206 3
      vertex 27.9443 99.449 1.02
      vertex 27.9443 99.449 3
    endloop
  endfacet
  facet normal 1 0 0
    outer loop
      vertex 27.9443 99.449 1.02
      vertex 27.9443 99.206 3
      vertex 27.9443 99.206 1.02
    endloop
  endfacet
  facet normal 0.991034 -0.133613 0
    outer loop
      vertex 27.9141 98.982 3
      vertex 27.9443 99.206 1.02
      vertex 27.9443 99.206 3
    endloop
  endfacet
  facet normal 0.991034 -0.133613 0
    outer loop
      vertex 27.9443 99.206 1.02
      vertex 27.9141 98.982 3
      vertex 27.9141 98.982 1.02
    endloop
  endfacet
  facet normal 0.923127 -0.384495 0
    outer loop
      vertex 27.8233 98.764 3
      vertex 27.9141 98.982 1.02
      vertex 27.9141 98.982 3
    endloop
  endfacet
  facet normal 0.923127 -0.384495 0
    outer loop
      vertex 27.9141 98.982 1.02
      vertex 27.8233 98.764 3
      vertex 27.8233 98.764 1.02
    endloop
  endfacet
  facet normal 0.802001 -0.597323 0
    outer loop
      vertex 27.6803 98.572 3
      vertex 27.8233 98.764 1.02
      vertex 27.8233 98.764 3
    endloop
  endfacet
  facet normal 0.802001 -0.597323 0
    outer loop
      vertex 27.8233 98.764 1.02
      vertex 27.6803 98.572 3
      vertex 27.6803 98.572 1.02
    endloop
  endfacet
  facet normal 0.615399 -0.788216 0
    outer loop
      vertex 27.4933 98.426 1.02
      vertex 27.6803 98.572 3
      vertex 27.4933 98.426 3
    endloop
  endfacet
  facet normal 0.615399 -0.788216 0
    outer loop
      vertex 27.6803 98.572 3
      vertex 27.4933 98.426 1.02
      vertex 27.6803 98.572 1.02
    endloop
  endfacet
  facet normal 0.380688 -0.924704 0
    outer loop
      vertex 27.2691 98.3337 1.02
      vertex 27.4933 98.426 3
      vertex 27.2691 98.3337 3
    endloop
  endfacet
  facet normal 0.380688 -0.924704 0
    outer loop
      vertex 27.4933 98.426 3
      vertex 27.2691 98.3337 1.02
      vertex 27.4933 98.426 1.02
    endloop
  endfacet
  facet normal 0.119622 -0.99282 0
    outer loop
      vertex 27.0143 98.303 1.02
      vertex 27.2691 98.3337 3
      vertex 27.0143 98.303 3
    endloop
  endfacet
  facet normal 0.119622 -0.99282 0
    outer loop
      vertex 27.2691 98.3337 3
      vertex 27.0143 98.303 1.02
      vertex 27.2691 98.3337 1.02
    endloop
  endfacet
  facet normal -0.152794 -0.988258 0
    outer loop
      vertex 26.8028 98.3357 1.02
      vertex 27.0143 98.303 3
      vertex 26.8028 98.3357 3
    endloop
  endfacet
  facet normal -0.152794 -0.988258 -0
    outer loop
      vertex 27.0143 98.303 3
      vertex 26.8028 98.3357 1.02
      vertex 27.0143 98.303 1.02
    endloop
  endfacet
  facet normal -0.564535 0.825409 0
    outer loop
      vertex 72.0249 98.316 1.02
      vertex 71.6082 98.031 3
      vertex 72.0249 98.316 3
    endloop
  endfacet
  facet normal -0.564535 0.825409 0
    outer loop
      vertex 71.6082 98.031 3
      vertex 72.0249 98.316 1.02
      vertex 71.6082 98.031 1.02
    endloop
  endfacet
  facet normal -0.88312 0.469146 0
    outer loop
      vertex 72.0249 98.316 1.02
      vertex 72.28 98.7962 3
      vertex 72.28 98.7962 1.02
    endloop
  endfacet
  facet normal -0.88312 0.469146 0
    outer loop
      vertex 72.28 98.7962 3
      vertex 72.0249 98.316 1.02
      vertex 72.0249 98.316 3
    endloop
  endfacet
  facet normal -0.992269 0.124107 0
    outer loop
      vertex 72.28 98.7962 1.02
      vertex 72.3649 99.475 3
      vertex 72.3649 99.475 1.02
    endloop
  endfacet
  facet normal -0.992269 0.124107 0
    outer loop
      vertex 72.3649 99.475 3
      vertex 72.28 98.7962 1.02
      vertex 72.28 98.7962 3
    endloop
  endfacet
  facet normal -0.993294 -0.115618 0
    outer loop
      vertex 72.3649 99.475 1.02
      vertex 72.2854 100.158 3
      vertex 72.2854 100.158 1.02
    endloop
  endfacet
  facet normal -0.993294 -0.115618 0
    outer loop
      vertex 72.2854 100.158 3
      vertex 72.3649 99.475 1.02
      vertex 72.3649 99.475 3
    endloop
  endfacet
  facet normal -0.894126 -0.447815 0
    outer loop
      vertex 72.2854 100.158 1.02
      vertex 72.047 100.634 3
      vertex 72.047 100.634 1.02
    endloop
  endfacet
  facet normal -0.894126 -0.447815 0
    outer loop
      vertex 72.047 100.634 3
      vertex 72.2854 100.158 1.02
      vertex 72.2854 100.158 3
    endloop
  endfacet
  facet normal -0.566692 -0.82393 0
    outer loop
      vertex 71.6399 100.914 1.02
      vertex 72.047 100.634 3
      vertex 71.6399 100.914 3
    endloop
  endfacet
  facet normal -0.566692 -0.82393 -0
    outer loop
      vertex 72.047 100.634 3
      vertex 71.6399 100.914 1.02
      vertex 72.047 100.634 1.02
    endloop
  endfacet
  facet normal -0.158649 -0.987335 0
    outer loop
      vertex 71.0549 101.008 1.02
      vertex 71.6399 100.914 3
      vertex 71.0549 101.008 3
    endloop
  endfacet
  facet normal -0.158649 -0.987335 -0
    outer loop
      vertex 71.6399 100.914 3
      vertex 71.0549 101.008 1.02
      vertex 71.6399 100.914 1.02
    endloop
  endfacet
  facet normal 0.361063 -0.932541 0
    outer loop
      vertex 70.0657 100.625 1.02
      vertex 71.0549 101.008 3
      vertex 70.0657 100.625 3
    endloop
  endfacet
  facet normal 0.361063 -0.932541 0
    outer loop
      vertex 71.0549 101.008 3
      vertex 70.0657 100.625 1.02
      vertex 71.0549 101.008 1.02
    endloop
  endfacet
  facet normal 0.961252 -0.27567 0
    outer loop
      vertex 69.7359 99.475 3
      vertex 70.0657 100.625 1.02
      vertex 70.0657 100.625 3
    endloop
  endfacet
  facet normal 0.961252 -0.27567 0
    outer loop
      vertex 70.0657 100.625 1.02
      vertex 69.7359 99.475 3
      vertex 69.7359 99.475 1.02
    endloop
  endfacet
  facet normal 0.992315 0.123739 0
    outer loop
      vertex 69.8182 98.815 3
      vertex 69.7359 99.475 1.02
      vertex 69.7359 99.475 3
    endloop
  endfacet
  facet normal 0.992315 0.123739 0
    outer loop
      vertex 69.7359 99.475 1.02
      vertex 69.8182 98.815 3
      vertex 69.8182 98.815 1.02
    endloop
  endfacet
  facet normal 0.89094 0.454122 0
    outer loop
      vertex 70.0649 98.331 3
      vertex 69.8182 98.815 1.02
      vertex 69.8182 98.815 3
    endloop
  endfacet
  facet normal 0.89094 0.454122 0
    outer loop
      vertex 69.8182 98.815 1.02
      vertex 70.0649 98.331 3
      vertex 70.0649 98.331 1.02
    endloop
  endfacet
  facet normal 0.587806 0.809002 -0
    outer loop
      vertex 70.4727 98.0347 1.02
      vertex 70.0649 98.331 3
      vertex 70.4727 98.0347 3
    endloop
  endfacet
  facet normal 0.587806 0.809002 0
    outer loop
      vertex 70.0649 98.331 3
      vertex 70.4727 98.0347 1.02
      vertex 70.0649 98.331 1.02
    endloop
  endfacet
  facet normal 0.172025 0.985093 -0
    outer loop
      vertex 71.0379 97.936 1.02
      vertex 70.4727 98.0347 3
      vertex 71.0379 97.936 3
    endloop
  endfacet
  facet normal 0.172025 0.985093 0
    outer loop
      vertex 70.4727 98.0347 3
      vertex 71.0379 97.936 1.02
      vertex 70.4727 98.0347 1.02
    endloop
  endfacet
  facet normal -0.164315 0.986408 0
    outer loop
      vertex 71.6082 98.031 1.02
      vertex 71.0379 97.936 3
      vertex 71.6082 98.031 3
    endloop
  endfacet
  facet normal -0.164315 0.986408 0
    outer loop
      vertex 71.0379 97.936 3
      vertex 71.6082 98.031 1.02
      vertex 71.0379 97.936 1.02
    endloop
  endfacet
  facet normal -0.673324 -0.739348 0
    outer loop
      vertex 70.4389 98.593 1.02
      vertex 70.6819 98.3717 3
      vertex 70.4389 98.593 3
    endloop
  endfacet
  facet normal -0.673324 -0.739348 -0
    outer loop
      vertex 70.6819 98.3717 3
      vertex 70.4389 98.593 1.02
      vertex 70.6819 98.3717 1.02
    endloop
  endfacet
  facet normal -0.933208 -0.359336 0
    outer loop
      vertex 70.4389 98.593 1.02
      vertex 70.2972 98.961 3
      vertex 70.2972 98.961 1.02
    endloop
  endfacet
  facet normal -0.933208 -0.359336 0
    outer loop
      vertex 70.2972 98.961 3
      vertex 70.4389 98.593 1.02
      vertex 70.4389 98.593 3
    endloop
  endfacet
  facet normal -0.995793 -0.0916362 0
    outer loop
      vertex 70.2972 98.961 1.02
      vertex 70.2499 99.475 3
      vertex 70.2499 99.475 1.02
    endloop
  endfacet
  facet normal -0.995793 -0.0916362 0
    outer loop
      vertex 70.2499 99.475 3
      vertex 70.2972 98.961 1.02
      vertex 70.2972 98.961 3
    endloop
  endfacet
  facet normal -0.995853 0.0909819 0
    outer loop
      vertex 70.2499 99.475 1.02
      vertex 70.2977 99.9982 3
      vertex 70.2977 99.9982 1.02
    endloop
  endfacet
  facet normal -0.995853 0.0909819 0
    outer loop
      vertex 70.2977 99.9982 3
      vertex 70.2499 99.475 1.02
      vertex 70.2499 99.475 3
    endloop
  endfacet
  facet normal -0.930509 0.36627 0
    outer loop
      vertex 70.2977 99.9982 1.02
      vertex 70.4409 100.362 3
      vertex 70.4409 100.362 1.02
    endloop
  endfacet
  facet normal -0.930509 0.36627 0
    outer loop
      vertex 70.4409 100.362 3
      vertex 70.2977 99.9982 1.02
      vertex 70.2977 99.9982 3
    endloop
  endfacet
  facet normal -0.646282 0.763098 0
    outer loop
      vertex 70.6924 100.575 1.02
      vertex 70.4409 100.362 3
      vertex 70.6924 100.575 3
    endloop
  endfacet
  facet normal -0.646282 0.763098 0
    outer loop
      vertex 70.4409 100.362 3
      vertex 70.6924 100.575 1.02
      vertex 70.4409 100.362 1.02
    endloop
  endfacet
  facet normal -0.188208 0.982129 0
    outer loop
      vertex 71.0629 100.646 1.02
      vertex 70.6924 100.575 3
      vertex 71.0629 100.646 3
    endloop
  endfacet
  facet normal -0.188208 0.982129 0
    outer loop
      vertex 70.6924 100.575 3
      vertex 71.0629 100.646 1.02
      vertex 70.6924 100.575 1.02
    endloop
  endfacet
  facet normal 0.188448 0.982083 -0
    outer loop
      vertex 71.4277 100.576 1.02
      vertex 71.0629 100.646 3
      vertex 71.4277 100.576 3
    endloop
  endfacet
  facet normal 0.188448 0.982083 0
    outer loop
      vertex 71.0629 100.646 3
      vertex 71.4277 100.576 1.02
      vertex 71.0629 100.646 1.02
    endloop
  endfacet
  facet normal 0.653156 0.757223 -0
    outer loop
      vertex 71.67 100.367 1.02
      vertex 71.4277 100.576 3
      vertex 71.67 100.367 3
    endloop
  endfacet
  facet normal 0.653156 0.757223 0
    outer loop
      vertex 71.4277 100.576 3
      vertex 71.67 100.367 1.02
      vertex 71.4277 100.576 1.02
    endloop
  endfacet
  facet normal 0.936372 0.35101 0
    outer loop
      vertex 71.8057 100.005 3
      vertex 71.67 100.367 1.02
      vertex 71.67 100.367 3
    endloop
  endfacet
  facet normal 0.936372 0.35101 0
    outer loop
      vertex 71.67 100.367 1.02
      vertex 71.8057 100.005 3
      vertex 71.8057 100.005 1.02
    endloop
  endfacet
  facet normal 0.996367 0.0851612 0
    outer loop
      vertex 71.851 99.475 3
      vertex 71.8057 100.005 1.02
      vertex 71.8057 100.005 3
    endloop
  endfacet
  facet normal 0.996367 0.0851612 0
    outer loop
      vertex 71.8057 100.005 1.02
      vertex 71.851 99.475 3
      vertex 71.851 99.475 1.02
    endloop
  endfacet
  facet normal 0.995981 -0.0895626 0
    outer loop
      vertex 71.8037 98.949 3
      vertex 71.851 99.475 1.02
      vertex 71.851 99.475 3
    endloop
  endfacet
  facet normal 0.995981 -0.0895626 0
    outer loop
      vertex 71.851 99.475 1.02
      vertex 71.8037 98.949 3
      vertex 71.8037 98.949 1.02
    endloop
  endfacet
  facet normal 0.932463 -0.361266 0
    outer loop
      vertex 71.6619 98.583 3
      vertex 71.8037 98.949 1.02
      vertex 71.8037 98.949 3
    endloop
  endfacet
  facet normal 0.932463 -0.361266 0
    outer loop
      vertex 71.8037 98.949 1.02
      vertex 71.6619 98.583 3
      vertex 71.6619 98.583 1.02
    endloop
  endfacet
  facet normal 0.647393 -0.762156 0
    outer loop
      vertex 71.4102 98.3692 1.02
      vertex 71.6619 98.583 3
      vertex 71.4102 98.3692 3
    endloop
  endfacet
  facet normal 0.647393 -0.762156 0
    outer loop
      vertex 71.6619 98.583 3
      vertex 71.4102 98.3692 1.02
      vertex 71.6619 98.583 1.02
    endloop
  endfacet
  facet normal 0.185436 -0.982656 0
    outer loop
      vertex 71.0329 98.298 1.02
      vertex 71.4102 98.3692 3
      vertex 71.0329 98.298 3
    endloop
  endfacet
  facet normal 0.185436 -0.982656 0
    outer loop
      vertex 71.4102 98.3692 3
      vertex 71.0329 98.298 1.02
      vertex 71.4102 98.3692 1.02
    endloop
  endfacet
  facet normal -0.205491 -0.978659 0
    outer loop
      vertex 70.6819 98.3717 1.02
      vertex 71.0329 98.298 3
      vertex 70.6819 98.3717 3
    endloop
  endfacet
  facet normal -0.205491 -0.978659 -0
    outer loop
      vertex 71.0329 98.298 3
      vertex 70.6819 98.3717 1.02
      vertex 71.0329 98.298 1.02
    endloop
  endfacet
  facet normal -0.995793 0.0916304 0
    outer loop
      vertex 24.8457 99.54 1.02
      vertex 24.8857 99.9747 3
      vertex 24.8857 99.9747 1.02
    endloop
  endfacet
  facet normal -0.995793 0.0916304 0
    outer loop
      vertex 24.8857 99.9747 3
      vertex 24.8457 99.54 1.02
      vertex 24.8457 99.54 3
    endloop
  endfacet
  facet normal -0.936437 0.350835 0
    outer loop
      vertex 24.8857 99.9747 1.02
      vertex 25.0057 100.295 3
      vertex 25.0057 100.295 1.02
    endloop
  endfacet
  facet normal -0.936437 0.350835 0
    outer loop
      vertex 25.0057 100.295 3
      vertex 24.8857 99.9747 1.02
      vertex 24.8857 99.9747 3
    endloop
  endfacet
  facet normal -0.708895 0.705314 0
    outer loop
      vertex 25.0057 100.295 1.02
      vertex 25.2027 100.493 3
      vertex 25.2027 100.493 1.02
    endloop
  endfacet
  facet normal -0.708895 0.705314 0
    outer loop
      vertex 25.2027 100.493 3
      vertex 25.0057 100.295 1.02
      vertex 25.0057 100.295 3
    endloop
  endfacet
  facet normal -0.238286 0.971195 0
    outer loop
      vertex 25.4717 100.559 1.02
      vertex 25.2027 100.493 3
      vertex 25.4717 100.559 3
    endloop
  endfacet
  facet normal -0.238286 0.971195 0
    outer loop
      vertex 25.2027 100.493 3
      vertex 25.4717 100.559 1.02
      vertex 25.2027 100.493 1.02
    endloop
  endfacet
  facet normal 0.0476622 0.998864 -0
    outer loop
      vertex 25.6184 100.552 1.02
      vertex 25.4717 100.559 3
      vertex 25.6184 100.552 3
    endloop
  endfacet
  facet normal 0.0476622 0.998864 0
    outer loop
      vertex 25.4717 100.559 3
      vertex 25.6184 100.552 1.02
      vertex 25.4717 100.559 1.02
    endloop
  endfacet
  facet normal 0.172359 0.985034 -0
    outer loop
      vertex 25.7327 100.532 1.02
      vertex 25.6184 100.552 3
      vertex 25.7327 100.532 3
    endloop
  endfacet
  facet normal 0.172359 0.985034 0
    outer loop
      vertex 25.6184 100.552 3
      vertex 25.7327 100.532 1.02
      vertex 25.6184 100.552 1.02
    endloop
  endfacet
  facet normal -1 0 0
    outer loop
      vertex 25.7327 100.532 1.02
      vertex 25.7327 100.981 3
      vertex 25.7327 100.981 1.02
    endloop
  endfacet
  facet normal -1 -0 0
    outer loop
      vertex 25.7327 100.981 3
      vertex 25.7327 100.532 1.02
      vertex 25.7327 100.532 3
    endloop
  endfacet
  facet normal -0.196116 -0.980581 0
    outer loop
      vertex 25.6327 101.001 1.02
      vertex 25.7327 100.981 3
      vertex 25.6327 101.001 3
    endloop
  endfacet
  facet normal -0.196116 -0.980581 -0
    outer loop
      vertex 25.7327 100.981 3
      vertex 25.6327 101.001 1.02
      vertex 25.7327 100.981 1.02
    endloop
  endfacet
  facet normal -0.071247 -0.997459 0
    outer loop
      vertex 25.5347 101.008 1.02
      vertex 25.6327 101.001 3
      vertex 25.5347 101.008 3
    endloop
  endfacet
  facet normal -0.071247 -0.997459 -0
    outer loop
      vertex 25.6327 101.001 3
      vertex 25.5347 101.008 1.02
      vertex 25.6327 101.001 1.02
    endloop
  endfacet
  facet normal 0.140578 -0.99007 0
    outer loop
      vertex 25.2882 100.973 1.02
      vertex 25.5347 101.008 3
      vertex 25.2882 100.973 3
    endloop
  endfacet
  facet normal 0.140578 -0.99007 0
    outer loop
      vertex 25.5347 101.008 3
      vertex 25.2882 100.973 1.02
      vertex 25.5347 101.008 1.02
    endloop
  endfacet
  facet normal 0.493072 -0.869988 0
    outer loop
      vertex 25.1047 100.869 1.02
      vertex 25.2882 100.973 3
      vertex 25.1047 100.869 3
    endloop
  endfacet
  facet normal 0.493072 -0.869988 0
    outer loop
      vertex 25.2882 100.973 3
      vertex 25.1047 100.869 1.02
      vertex 25.2882 100.973 1.02
    endloop
  endfacet
  facet normal 0.810096 -0.586297 0
    outer loop
      vertex 24.9614 100.671 3
      vertex 25.1047 100.869 1.02
      vertex 25.1047 100.869 3
    endloop
  endfacet
  facet normal 0.810096 -0.586297 0
    outer loop
      vertex 25.1047 100.869 1.02
      vertex 24.9614 100.671 3
      vertex 24.9614 100.671 1.02
    endloop
  endfacet
  facet normal 0.929982 -0.367606 0
    outer loop
      vertex 24.8357 100.353 3
      vertex 24.9614 100.671 1.02
      vertex 24.9614 100.671 3
    endloop
  endfacet
  facet normal 0.929982 -0.367606 0
    outer loop
      vertex 24.9614 100.671 1.02
      vertex 24.8357 100.353 3
      vertex 24.8357 100.353 1.02
    endloop
  endfacet
  facet normal 0 -1 0
    outer loop
      vertex 24.8247 100.353 1.02
      vertex 24.8357 100.353 3
      vertex 24.8247 100.353 3
    endloop
  endfacet
  facet normal 0 -1 -0
    outer loop
      vertex 24.8357 100.353 3
      vertex 24.8247 100.353 1.02
      vertex 24.8357 100.353 1.02
    endloop
  endfacet
  facet normal -0.99961 -0.0279079 0
    outer loop
      vertex 24.8247 100.353 1.02
      vertex 24.8192 100.55 3
      vertex 24.8192 100.55 1.02
    endloop
  endfacet
  facet normal -0.99961 -0.0279079 0
    outer loop
      vertex 24.8192 100.55 3
      vertex 24.8247 100.353 1.02
      vertex 24.8247 100.353 3
    endloop
  endfacet
  facet normal -0.999124 -0.0418415 0
    outer loop
      vertex 24.8192 100.55 1.02
      vertex 24.8027 100.944 3
      vertex 24.8027 100.944 1.02
    endloop
  endfacet
  facet normal -0.999124 -0.0418415 0
    outer loop
      vertex 24.8027 100.944 3
      vertex 24.8192 100.55 1.02
      vertex 24.8192 100.55 3
    endloop
  endfacet
  facet normal 0 -1 0
    outer loop
      vertex 24.3407 100.944 1.02
      vertex 24.8027 100.944 3
      vertex 24.3407 100.944 3
    endloop
  endfacet
  facet normal 0 -1 -0
    outer loop
      vertex 24.8027 100.944 3
      vertex 24.3407 100.944 1.02
      vertex 24.8027 100.944 1.02
    endloop
  endfacet
  facet normal 0.999442 0.0334075 0
    outer loop
      vertex 24.3527 100.585 3
      vertex 24.3407 100.944 1.02
      vertex 24.3407 100.944 3
    endloop
  endfacet
  facet normal 0.999442 0.0334075 0
    outer loop
      vertex 24.3407 100.944 1.02
      vertex 24.3527 100.585 3
      vertex 24.3527 100.585 1.02
    endloop
  endfacet
  facet normal 0.999925 0.0122315 0
    outer loop
      vertex 24.3567 100.258 3
      vertex 24.3527 100.585 1.02
      vertex 24.3527 100.585 3
    endloop
  endfacet
  facet normal 0.999925 0.0122315 0
    outer loop
      vertex 24.3527 100.585 1.02
      vertex 24.3567 100.258 3
      vertex 24.3567 100.258 1.02
    endloop
  endfacet
  facet normal 1 -0 0
    outer loop
      vertex 24.3567 98 3
      vertex 24.3567 100.258 1.02
      vertex 24.3567 100.258 3
    endloop
  endfacet
  facet normal 1 0 0
    outer loop
      vertex 24.3567 100.258 1.02
      vertex 24.3567 98 3
      vertex 24.3567 98 1.02
    endloop
  endfacet
  facet normal 0 1 -0
    outer loop
      vertex 24.8457 98 1.02
      vertex 24.3567 98 3
      vertex 24.8457 98 3
    endloop
  endfacet
  facet normal 0 1 0
    outer loop
      vertex 24.3567 98 3
      vertex 24.8457 98 1.02
      vertex 24.3567 98 1.02
    endloop
  endfacet
  facet normal -1 0 0
    outer loop
      vertex 24.8457 98 1.02
      vertex 24.8457 99.54 3
      vertex 24.8457 99.54 1.02
    endloop
  endfacet
  facet normal -1 -0 0
    outer loop
      vertex 24.8457 99.54 3
      vertex 24.8457 98 1.02
      vertex 24.8457 98 3
    endloop
  endfacet
  facet normal -0.775855 0.630912 0
    outer loop
      vertex 77.2679 98.113 1.02
      vertex 77.6997 98.644 3
      vertex 77.6997 98.644 1.02
    endloop
  endfacet
  facet normal -0.775855 0.630912 0
    outer loop
      vertex 77.6997 98.644 3
      vertex 77.2679 98.113 1.02
      vertex 77.2679 98.113 3
    endloop
  endfacet
  facet normal -0.277677 -0.960674 0
    outer loop
      vertex 77.2707 98.768 1.02
      vertex 77.6997 98.644 3
      vertex 77.2707 98.768 3
    endloop
  endfacet
  facet normal -0.277677 -0.960674 -0
    outer loop
      vertex 77.6997 98.644 3
      vertex 77.2707 98.768 1.02
      vertex 77.6997 98.644 1.02
    endloop
  endfacet
  facet normal 0.88116 -0.472818 0
    outer loop
      vertex 77.1717 98.5835 3
      vertex 77.2707 98.768 1.02
      vertex 77.2707 98.768 3
    endloop
  endfacet
  facet normal 0.88116 -0.472818 0
    outer loop
      vertex 77.2707 98.768 1.02
      vertex 77.1717 98.5835 3
      vertex 77.1717 98.5835 1.02
    endloop
  endfacet
  facet normal 0.680451 -0.732793 0
    outer loop
      vertex 77.0107 98.434 1.02
      vertex 77.1717 98.5835 3
      vertex 77.0107 98.434 3
    endloop
  endfacet
  facet normal 0.680451 -0.732793 0
    outer loop
      vertex 77.1717 98.5835 3
      vertex 77.0107 98.434 1.02
      vertex 77.1717 98.5835 1.02
    endloop
  endfacet
  facet normal 0.403357 -0.915043 0
    outer loop
      vertex 76.7877 98.3357 1.02
      vertex 77.0107 98.434 3
      vertex 76.7877 98.3357 3
    endloop
  endfacet
  facet normal 0.403357 -0.915043 0
    outer loop
      vertex 77.0107 98.434 3
      vertex 76.7877 98.3357 1.02
      vertex 77.0107 98.434 1.02
    endloop
  endfacet
  facet normal 0.113205 -0.993572 0
    outer loop
      vertex 76.5007 98.303 1.02
      vertex 76.7877 98.3357 3
      vertex 76.5007 98.303 3
    endloop
  endfacet
  facet normal 0.113205 -0.993572 0
    outer loop
      vertex 76.7877 98.3357 3
      vertex 76.5007 98.303 1.02
      vertex 76.7877 98.3357 1.02
    endloop
  endfacet
  facet normal -0.189177 -0.981943 0
    outer loop
      vertex 76.1467 98.3712 1.02
      vertex 76.5007 98.303 3
      vertex 76.1467 98.3712 3
    endloop
  endfacet
  facet normal -0.189177 -0.981943 -0
    outer loop
      vertex 76.5007 98.303 3
      vertex 76.1467 98.3712 1.02
      vertex 76.5007 98.303 1.02
    endloop
  endfacet
  facet normal -0.621729 -0.783233 0
    outer loop
      vertex 75.8887 98.576 1.02
      vertex 76.1467 98.3712 3
      vertex 75.8887 98.576 3
    endloop
  endfacet
  facet normal -0.621729 -0.783233 -0
    outer loop
      vertex 76.1467 98.3712 3
      vertex 75.8887 98.576 1.02
      vertex 76.1467 98.3712 1.02
    endloop
  endfacet
  facet normal -0.903827 -0.427899 0
    outer loop
      vertex 75.8887 98.576 1.02
      vertex 75.7319 98.9072 3
      vertex 75.7319 98.9072 1.02
    endloop
  endfacet
  facet normal -0.903827 -0.427899 0
    outer loop
      vertex 75.7319 98.9072 3
      vertex 75.8887 98.576 1.02
      vertex 75.8887 98.576 3
    endloop
  endfacet
  facet normal -0.993214 -0.116298 0
    outer loop
      vertex 75.7319 98.9072 1.02
      vertex 75.6797 99.353 3
      vertex 75.6797 99.353 1.02
    endloop
  endfacet
  facet normal -0.993214 -0.116298 0
    outer loop
      vertex 75.6797 99.353 3
      vertex 75.7319 98.9072 1.02
      vertex 75.7319 98.9072 3
    endloop
  endfacet
  facet normal 0 1 -0
    outer loop
      vertex 77.7787 99.353 1.02
      vertex 75.6797 99.353 3
      vertex 77.7787 99.353 3
    endloop
  endfacet
  facet normal 0 1 0
    outer loop
      vertex 75.6797 99.353 3
      vertex 77.7787 99.353 1.02
      vertex 75.6797 99.353 1.02
    endloop
  endfacet
  facet normal -1 0 0
    outer loop
      vertex 77.7787 99.353 1.02
      vertex 77.7787 99.419 3
      vertex 77.7787 99.419 1.02
    endloop
  endfacet
  facet normal -1 -0 0
    outer loop
      vertex 77.7787 99.419 3
      vertex 77.7787 99.353 1.02
      vertex 77.7787 99.353 3
    endloop
  endfacet
  facet normal -0.964988 -0.262295 0
    outer loop
      vertex 77.7787 99.419 1.02
      vertex 77.4547 100.611 3
      vertex 77.4547 100.611 1.02
    endloop
  endfacet
  facet normal -0.964988 -0.262295 0
    outer loop
      vertex 77.4547 100.611 3
      vertex 77.7787 99.419 1.02
      vertex 77.7787 99.419 3
    endloop
  endfacet
  facet normal -0.378114 -0.925759 0
    outer loop
      vertex 76.4827 101.008 1.02
      vertex 77.4547 100.611 3
      vertex 76.4827 101.008 3
    endloop
  endfacet
  facet normal -0.378114 -0.925759 -0
    outer loop
      vertex 77.4547 100.611 3
      vertex 76.4827 101.008 1.02
      vertex 77.4547 100.611 1.02
    endloop
  endfacet
  facet normal 0.172142 -0.985072 0
    outer loop
      vertex 75.9219 100.91 1.02
      vertex 76.4827 101.008 3
      vertex 75.9219 100.91 3
    endloop
  endfacet
  facet normal 0.172142 -0.985072 0
    outer loop
      vertex 76.4827 101.008 3
      vertex 75.9219 100.91 1.02
      vertex 76.4827 101.008 1.02
    endloop
  endfacet
  facet normal 0.578815 -0.815459 0
    outer loop
      vertex 75.5077 100.616 1.02
      vertex 75.9219 100.91 3
      vertex 75.5077 100.616 3
    endloop
  endfacet
  facet normal 0.578815 -0.815459 0
    outer loop
      vertex 75.9219 100.91 3
      vertex 75.5077 100.616 1.02
      vertex 75.9219 100.91 1.02
    endloop
  endfacet
  facet normal 0.881277 -0.472601 0
    outer loop
      vertex 75.2519 100.139 3
      vertex 75.5077 100.616 1.02
      vertex 75.5077 100.616 3
    endloop
  endfacet
  facet normal 0.881277 -0.472601 0
    outer loop
      vertex 75.5077 100.616 1.02
      vertex 75.2519 100.139 3
      vertex 75.2519 100.139 1.02
    endloop
  endfacet
  facet normal 0.991467 -0.13036 0
    outer loop
      vertex 75.1667 99.491 3
      vertex 75.2519 100.139 1.02
      vertex 75.2519 100.139 3
    endloop
  endfacet
  facet normal 0.991467 -0.13036 0
    outer loop
      vertex 75.2519 100.139 1.02
      vertex 75.1667 99.491 3
      vertex 75.1667 99.491 1.02
    endloop
  endfacet
  facet normal 0.992174 0.124864 0
    outer loop
      vertex 75.2519 98.814 3
      vertex 75.1667 99.491 1.02
      vertex 75.1667 99.491 3
    endloop
  endfacet
  facet normal 0.992174 0.124864 0
    outer loop
      vertex 75.1667 99.491 1.02
      vertex 75.2519 98.814 3
      vertex 75.2519 98.814 1.02
    endloop
  endfacet
  facet normal 0.885304 0.465012 0
    outer loop
      vertex 75.5077 98.327 3
      vertex 75.2519 98.814 1.02
      vertex 75.2519 98.814 3
    endloop
  endfacet
  facet normal 0.885304 0.465012 0
    outer loop
      vertex 75.2519 98.814 1.02
      vertex 75.5077 98.327 3
      vertex 75.5077 98.327 1.02
    endloop
  endfacet
  facet normal 0.573738 0.819039 -0
    outer loop
      vertex 75.9264 98.0337 1.02
      vertex 75.5077 98.327 3
      vertex 75.9264 98.0337 3
    endloop
  endfacet
  facet normal 0.573738 0.819039 0
    outer loop
      vertex 75.5077 98.327 3
      vertex 75.9264 98.0337 1.02
      vertex 75.5077 98.327 1.02
    endloop
  endfacet
  facet normal 0.167711 0.985836 -0
    outer loop
      vertex 76.5007 97.936 1.02
      vertex 75.9264 98.0337 3
      vertex 76.5007 97.936 3
    endloop
  endfacet
  facet normal 0.167711 0.985836 0
    outer loop
      vertex 75.9264 98.0337 3
      vertex 76.5007 97.936 1.02
      vertex 75.9264 98.0337 1.02
    endloop
  endfacet
  facet normal -0.224804 0.974404 0
    outer loop
      vertex 77.2679 98.113 1.02
      vertex 76.5007 97.936 3
      vertex 77.2679 98.113 3
    endloop
  endfacet
  facet normal -0.224804 0.974404 0
    outer loop
      vertex 76.5007 97.936 3
      vertex 77.2679 98.113 1.02
      vertex 76.5007 97.936 1.02
    endloop
  endfacet
  facet normal -0.986254 0.165236 0
    outer loop
      vertex 75.6857 99.728 1.02
      vertex 75.7497 100.11 3
      vertex 75.7497 100.11 1.02
    endloop
  endfacet
  facet normal -0.986254 0.165236 0
    outer loop
      vertex 75.7497 100.11 3
      vertex 75.6857 99.728 1.02
      vertex 75.6857 99.728 3
    endloop
  endfacet
  facet normal -0.876279 0.481803 0
    outer loop
      vertex 75.7497 100.11 1.02
      vertex 75.9097 100.401 3
      vertex 75.9097 100.401 1.02
    endloop
  endfacet
  facet normal -0.876279 0.481803 0
    outer loop
      vertex 75.9097 100.401 3
      vertex 75.7497 100.11 1.02
      vertex 75.7497 100.11 3
    endloop
  endfacet
  facet normal -0.600209 0.799843 0
    outer loop
      vertex 76.1549 100.585 1.02
      vertex 75.9097 100.401 3
      vertex 76.1549 100.585 3
    endloop
  endfacet
  facet normal -0.600209 0.799843 0
    outer loop
      vertex 75.9097 100.401 3
      vertex 76.1549 100.585 1.02
      vertex 75.9097 100.401 1.02
    endloop
  endfacet
  facet normal -0.187366 0.98229 0
    outer loop
      vertex 76.4747 100.646 1.02
      vertex 76.1549 100.585 3
      vertex 76.4747 100.646 3
    endloop
  endfacet
  facet normal -0.187366 0.98229 0
    outer loop
      vertex 76.1549 100.585 3
      vertex 76.4747 100.646 1.02
      vertex 76.1549 100.585 1.02
    endloop
  endfacet
  facet normal 0.167359 0.985896 -0
    outer loop
      vertex 76.7987 100.591 1.02
      vertex 76.4747 100.646 3
      vertex 76.7987 100.591 3
    endloop
  endfacet
  facet normal 0.167359 0.985896 0
    outer loop
      vertex 76.4747 100.646 3
      vertex 76.7987 100.591 1.02
      vertex 76.4747 100.646 1.02
    endloop
  endfacet
  facet normal 0.569749 0.821819 -0
    outer loop
      vertex 77.0367 100.426 1.02
      vertex 76.7987 100.591 3
      vertex 77.0367 100.426 3
    endloop
  endfacet
  facet normal 0.569749 0.821819 0
    outer loop
      vertex 76.7987 100.591 3
      vertex 77.0367 100.426 1.02
      vertex 76.7987 100.591 1.02
    endloop
  endfacet
  facet normal 0.874912 0.484282 0
    outer loop
      vertex 77.1939 100.142 3
      vertex 77.0367 100.426 1.02
      vertex 77.0367 100.426 3
    endloop
  endfacet
  facet normal 0.874912 0.484282 0
    outer loop
      vertex 77.0367 100.426 1.02
      vertex 77.1939 100.142 3
      vertex 77.1939 100.142 1.02
    endloop
  endfacet
  facet normal 0.981925 0.18927 0
    outer loop
      vertex 77.2737 99.728 3
      vertex 77.1939 100.142 1.02
      vertex 77.1939 100.142 3
    endloop
  endfacet
  facet normal 0.981925 0.18927 0
    outer loop
      vertex 77.1939 100.142 1.02
      vertex 77.2737 99.728 3
      vertex 77.2737 99.728 1.02
    endloop
  endfacet
  facet normal 0 -1 0
    outer loop
      vertex 75.6857 99.728 1.02
      vertex 77.2737 99.728 3
      vertex 75.6857 99.728 3
    endloop
  endfacet
  facet normal 0 -1 -0
    outer loop
      vertex 77.2737 99.728 3
      vertex 75.6857 99.728 1.02
      vertex 77.2737 99.728 1.02
    endloop
  endfacet
  facet normal -0.995793 0.0916304 0
    outer loop
      vertex 78.8223 99.54 1.02
      vertex 78.8623 99.9747 3
      vertex 78.8623 99.9747 1.02
    endloop
  endfacet
  facet normal -0.995793 0.0916304 0
    outer loop
      vertex 78.8623 99.9747 3
      vertex 78.8223 99.54 1.02
      vertex 78.8223 99.54 3
    endloop
  endfacet
  facet normal -0.936437 0.350835 0
    outer loop
      vertex 78.8623 99.9747 1.02
      vertex 78.9823 100.295 3
      vertex 78.9823 100.295 1.02
    endloop
  endfacet
  facet normal -0.936437 0.350835 0
    outer loop
      vertex 78.9823 100.295 3
      vertex 78.8623 99.9747 1.02
      vertex 78.8623 99.9747 3
    endloop
  endfacet
  facet normal -0.708895 0.705314 0
    outer loop
      vertex 78.9823 100.295 1.02
      vertex 79.1793 100.493 3
      vertex 79.1793 100.493 1.02
    endloop
  endfacet
  facet normal -0.708895 0.705314 0
    outer loop
      vertex 79.1793 100.493 3
      vertex 78.9823 100.295 1.02
      vertex 78.9823 100.295 3
    endloop
  endfacet
  facet normal -0.238286 0.971195 0
    outer loop
      vertex 79.4483 100.559 1.02
      vertex 79.1793 100.493 3
      vertex 79.4483 100.559 3
    endloop
  endfacet
  facet normal -0.238286 0.971195 0
    outer loop
      vertex 79.1793 100.493 3
      vertex 79.4483 100.559 1.02
      vertex 79.1793 100.493 1.02
    endloop
  endfacet
  facet normal 0.0476622 0.998864 -0
    outer loop
      vertex 79.595 100.552 1.02
      vertex 79.4483 100.559 3
      vertex 79.595 100.552 3
    endloop
  endfacet
  facet normal 0.0476622 0.998864 0
    outer loop
      vertex 79.4483 100.559 3
      vertex 79.595 100.552 1.02
      vertex 79.4483 100.559 1.02
    endloop
  endfacet
  facet normal 0.172359 0.985034 -0
    outer loop
      vertex 79.7093 100.532 1.02
      vertex 79.595 100.552 3
      vertex 79.7093 100.532 3
    endloop
  endfacet
  facet normal 0.172359 0.985034 0
    outer loop
      vertex 79.595 100.552 3
      vertex 79.7093 100.532 1.02
      vertex 79.595 100.552 1.02
    endloop
  endfacet
  facet normal -1 0 0
    outer loop
      vertex 79.7093 100.532 1.02
      vertex 79.7093 100.981 3
      vertex 79.7093 100.981 1.02
    endloop
  endfacet
  facet normal -1 -0 0
    outer loop
      vertex 79.7093 100.981 3
      vertex 79.7093 100.532 1.02
      vertex 79.7093 100.532 3
    endloop
  endfacet
  facet normal -0.196116 -0.980581 0
    outer loop
      vertex 79.6093 101.001 1.02
      vertex 79.7093 100.981 3
      vertex 79.6093 101.001 3
    endloop
  endfacet
  facet normal -0.196116 -0.980581 -0
    outer loop
      vertex 79.7093 100.981 3
      vertex 79.6093 101.001 1.02
      vertex 79.7093 100.981 1.02
    endloop
  endfacet
  facet normal -0.071247 -0.997459 0
    outer loop
      vertex 79.5113 101.008 1.02
      vertex 79.6093 101.001 3
      vertex 79.5113 101.008 3
    endloop
  endfacet
  facet normal -0.071247 -0.997459 -0
    outer loop
      vertex 79.6093 101.001 3
      vertex 79.5113 101.008 1.02
      vertex 79.6093 101.001 1.02
    endloop
  endfacet
  facet normal 0.140578 -0.99007 0
    outer loop
      vertex 79.2648 100.973 1.02
      vertex 79.5113 101.008 3
      vertex 79.2648 100.973 3
    endloop
  endfacet
  facet normal 0.140578 -0.99007 0
    outer loop
      vertex 79.5113 101.008 3
      vertex 79.2648 100.973 1.02
      vertex 79.5113 101.008 1.02
    endloop
  endfacet
  facet normal 0.493072 -0.869988 0
    outer loop
      vertex 79.0813 100.869 1.02
      vertex 79.2648 100.973 3
      vertex 79.0813 100.869 3
    endloop
  endfacet
  facet normal 0.493072 -0.869988 0
    outer loop
      vertex 79.2648 100.973 3
      vertex 79.0813 100.869 1.02
      vertex 79.2648 100.973 1.02
    endloop
  endfacet
  facet normal 0.810096 -0.586297 0
    outer loop
      vertex 78.938 100.671 3
      vertex 79.0813 100.869 1.02
      vertex 79.0813 100.869 3
    endloop
  endfacet
  facet normal 0.810096 -0.586297 0
    outer loop
      vertex 79.0813 100.869 1.02
      vertex 78.938 100.671 3
      vertex 78.938 100.671 1.02
    endloop
  endfacet
  facet normal 0.929982 -0.367606 0
    outer loop
      vertex 78.8123 100.353 3
      vertex 78.938 100.671 1.02
      vertex 78.938 100.671 3
    endloop
  endfacet
  facet normal 0.929982 -0.367606 0
    outer loop
      vertex 78.938 100.671 1.02
      vertex 78.8123 100.353 3
      vertex 78.8123 100.353 1.02
    endloop
  endfacet
  facet normal 0 -1 0
    outer loop
      vertex 78.8013 100.353 1.02
      vertex 78.8123 100.353 3
      vertex 78.8013 100.353 3
    endloop
  endfacet
  facet normal 0 -1 -0
    outer loop
      vertex 78.8123 100.353 3
      vertex 78.8013 100.353 1.02
      vertex 78.8123 100.353 1.02
    endloop
  endfacet
  facet normal -0.99961 -0.0279079 0
    outer loop
      vertex 78.8013 100.353 1.02
      vertex 78.7958 100.55 3
      vertex 78.7958 100.55 1.02
    endloop
  endfacet
  facet normal -0.99961 -0.0279079 0
    outer loop
      vertex 78.7958 100.55 3
      vertex 78.8013 100.353 1.02
      vertex 78.8013 100.353 3
    endloop
  endfacet
  facet normal -0.999124 -0.0418415 0
    outer loop
      vertex 78.7958 100.55 1.02
      vertex 78.7793 100.944 3
      vertex 78.7793 100.944 1.02
    endloop
  endfacet
  facet normal -0.999124 -0.0418415 0
    outer loop
      vertex 78.7793 100.944 3
      vertex 78.7958 100.55 1.02
      vertex 78.7958 100.55 3
    endloop
  endfacet
  facet normal 0 -1 0
    outer loop
      vertex 78.3173 100.944 1.02
      vertex 78.7793 100.944 3
      vertex 78.3173 100.944 3
    endloop
  endfacet
  facet normal 0 -1 -0
    outer loop
      vertex 78.7793 100.944 3
      vertex 78.3173 100.944 1.02
      vertex 78.7793 100.944 1.02
    endloop
  endfacet
  facet normal 0.999442 0.0334075 0
    outer loop
      vertex 78.3293 100.585 3
      vertex 78.3173 100.944 1.02
      vertex 78.3173 100.944 3
    endloop
  endfacet
  facet normal 0.999442 0.0334075 0
    outer loop
      vertex 78.3173 100.944 1.02
      vertex 78.3293 100.585 3
      vertex 78.3293 100.585 1.02
    endloop
  endfacet
  facet normal 0.999925 0.0122315 0
    outer loop
      vertex 78.3333 100.258 3
      vertex 78.3293 100.585 1.02
      vertex 78.3293 100.585 3
    endloop
  endfacet
  facet normal 0.999925 0.0122315 0
    outer loop
      vertex 78.3293 100.585 1.02
      vertex 78.3333 100.258 3
      vertex 78.3333 100.258 1.02
    endloop
  endfacet
  facet normal 1 -0 0
    outer loop
      vertex 78.3333 98 3
      vertex 78.3333 100.258 1.02
      vertex 78.3333 100.258 3
    endloop
  endfacet
  facet normal 1 0 0
    outer loop
      vertex 78.3333 100.258 1.02
      vertex 78.3333 98 3
      vertex 78.3333 98 1.02
    endloop
  endfacet
  facet normal 0 1 -0
    outer loop
      vertex 78.8223 98 1.02
      vertex 78.3333 98 3
      vertex 78.8223 98 3
    endloop
  endfacet
  facet normal 0 1 0
    outer loop
      vertex 78.3333 98 3
      vertex 78.8223 98 1.02
      vertex 78.3333 98 1.02
    endloop
  endfacet
  facet normal -1 0 0
    outer loop
      vertex 78.8223 98 1.02
      vertex 78.8223 99.54 3
      vertex 78.8223 99.54 1.02
    endloop
  endfacet
  facet normal -1 -0 0
    outer loop
      vertex 78.8223 99.54 3
      vertex 78.8223 98 1.02
      vertex 78.8223 98 3
    endloop
  endfacet
  facet normal -0.356074 0.934458 0
    outer loop
      vertex 14.6584 98.062 1.02
      vertex 14.4104 97.9675 3
      vertex 14.6584 98.062 3
    endloop
  endfacet
  facet normal -0.356074 0.934458 0
    outer loop
      vertex 14.4104 97.9675 3
      vertex 14.6584 98.062 1.02
      vertex 14.4104 97.9675 1.02
    endloop
  endfacet
  facet normal -0.634044 0.773297 0
    outer loop
      vertex 14.8672 98.2332 1.02
      vertex 14.6584 98.062 3
      vertex 14.8672 98.2332 3
    endloop
  endfacet
  facet normal -0.634044 0.773297 0
    outer loop
      vertex 14.6584 98.062 3
      vertex 14.8672 98.2332 1.02
      vertex 14.6584 98.062 1.02
    endloop
  endfacet
  facet normal -0.818728 0.574181 0
    outer loop
      vertex 14.8672 98.2332 1.02
      vertex 15.0494 98.493 3
      vertex 15.0494 98.493 1.02
    endloop
  endfacet
  facet normal -0.818728 0.574181 0
    outer loop
      vertex 15.0494 98.493 3
      vertex 14.8672 98.2332 1.02
      vertex 14.8672 98.2332 3
    endloop
  endfacet
  facet normal 0 1 -0
    outer loop
      vertex 15.0574 98.493 1.02
      vertex 15.0494 98.493 3
      vertex 15.0574 98.493 3
    endloop
  endfacet
  facet normal 0 1 0
    outer loop
      vertex 15.0494 98.493 3
      vertex 15.0574 98.493 1.02
      vertex 15.0494 98.493 1.02
    endloop
  endfacet
  facet normal 0.999634 0.0270628 0
    outer loop
      vertex 15.0622 98.3157 3
      vertex 15.0574 98.493 1.02
      vertex 15.0574 98.493 3
    endloop
  endfacet
  facet normal 0.999634 0.0270628 0
    outer loop
      vertex 15.0574 98.493 1.02
      vertex 15.0622 98.3157 3
      vertex 15.0622 98.3157 1.02
    endloop
  endfacet
  facet normal 0.999233 0.0391677 0
    outer loop
      vertex 15.0665 98.206 3
      vertex 15.0622 98.3157 1.02
      vertex 15.0622 98.3157 3
    endloop
  endfacet
  facet normal 0.999233 0.0391677 0
    outer loop
      vertex 15.0622 98.3157 1.02
      vertex 15.0665 98.206 3
      vertex 15.0665 98.206 1.02
    endloop
  endfacet
  facet normal 0.998255 0.0590517 0
    outer loop
      vertex 15.0707 98.135 3
      vertex 15.0665 98.206 1.02
      vertex 15.0665 98.206 3
    endloop
  endfacet
  facet normal 0.998255 0.0590517 0
    outer loop
      vertex 15.0665 98.206 1.02
      vertex 15.0707 98.135 3
      vertex 15.0707 98.135 1.02
    endloop
  endfacet
  facet normal 0.999083 0.0428178 0
    outer loop
      vertex 15.0734 98.072 3
      vertex 15.0707 98.135 1.02
      vertex 15.0707 98.135 3
    endloop
  endfacet
  facet normal 0.999083 0.0428178 0
    outer loop
      vertex 15.0707 98.135 1.02
      vertex 15.0734 98.072 3
      vertex 15.0734 98.072 1.02
    endloop
  endfacet
  facet normal 0.998011 0.0630323 0
    outer loop
      vertex 15.0764 98.0245 3
      vertex 15.0734 98.072 1.02
      vertex 15.0734 98.072 3
    endloop
  endfacet
  facet normal 0.998011 0.0630323 0
    outer loop
      vertex 15.0734 98.072 1.02
      vertex 15.0764 98.0245 3
      vertex 15.0764 98.0245 1.02
    endloop
  endfacet
  facet normal 0.99209 0.12553 0
    outer loop
      vertex 15.0795 98 3
      vertex 15.0764 98.0245 1.02
      vertex 15.0764 98.0245 3
    endloop
  endfacet
  facet normal 0.99209 0.12553 0
    outer loop
      vertex 15.0764 98.0245 1.02
      vertex 15.0795 98 3
      vertex 15.0795 98 1.02
    endloop
  endfacet
  facet normal 0 1 -0
    outer loop
      vertex 15.5414 98 1.02
      vertex 15.0795 98 3
      vertex 15.5414 98 3
    endloop
  endfacet
  facet normal 0 1 0
    outer loop
      vertex 15.0795 98 3
      vertex 15.5414 98 1.02
      vertex 15.0795 98 1.02
    endloop
  endfacet
  facet normal -0.998434 -0.0559347 0
    outer loop
      vertex 15.5414 98 1.02
      vertex 15.5294 98.2142 3
      vertex 15.5294 98.2142 1.02
    endloop
  endfacet
  facet normal -0.998434 -0.0559347 0
    outer loop
      vertex 15.5294 98.2142 3
      vertex 15.5414 98 1.02
      vertex 15.5414 98 3
    endloop
  endfacet
  facet normal -0.999956 -0.00940171 0
    outer loop
      vertex 15.5294 98.2142 1.02
      vertex 15.5255 98.629 3
      vertex 15.5255 98.629 1.02
    endloop
  endfacet
  facet normal -0.999956 -0.00940171 0
    outer loop
      vertex 15.5255 98.629 3
      vertex 15.5294 98.2142 1.02
      vertex 15.5294 98.2142 3
    endloop
  endfacet
  facet normal -1 0 0
    outer loop
      vertex 15.5255 98.629 1.02
      vertex 15.5255 100.944 3
      vertex 15.5255 100.944 1.02
    endloop
  endfacet
  facet normal -1 -0 0
    outer loop
      vertex 15.5255 100.944 3
      vertex 15.5255 98.629 1.02
      vertex 15.5255 98.629 3
    endloop
  endfacet
  facet normal 0 -1 0
    outer loop
      vertex 15.0354 100.944 1.02
      vertex 15.5255 100.944 3
      vertex 15.0354 100.944 3
    endloop
  endfacet
  facet normal 0 -1 -0
    outer loop
      vertex 15.5255 100.944 3
      vertex 15.0354 100.944 1.02
      vertex 15.5255 100.944 1.02
    endloop
  endfacet
  facet normal 1 -0 0
    outer loop
      vertex 15.0354 99.232 3
      vertex 15.0354 100.944 1.02
      vertex 15.0354 100.944 3
    endloop
  endfacet
  facet normal 1 0 0
    outer loop
      vertex 15.0354 100.944 1.02
      vertex 15.0354 99.232 3
      vertex 15.0354 99.232 1.02
    endloop
  endfacet
  facet normal 0.991365 -0.131134 0
    outer loop
      vertex 14.9845 98.8472 3
      vertex 15.0354 99.232 1.02
      vertex 15.0354 99.232 3
    endloop
  endfacet
  facet normal 0.991365 -0.131134 0
    outer loop
      vertex 15.0354 99.232 1.02
      vertex 14.9845 98.8472 3
      vertex 14.9845 98.8472 1.02
    endloop
  endfacet
  facet normal 0.884587 -0.466374 0
    outer loop
      vertex 14.8315 98.557 3
      vertex 14.9845 98.8472 1.02
      vertex 14.9845 98.8472 3
    endloop
  endfacet
  facet normal 0.884587 -0.466374 0
    outer loop
      vertex 14.9845 98.8472 1.02
      vertex 14.8315 98.557 3
      vertex 14.8315 98.557 1.02
    endloop
  endfacet
  facet normal 0.6028 -0.797892 0
    outer loop
      vertex 14.5902 98.3747 1.02
      vertex 14.8315 98.557 3
      vertex 14.5902 98.3747 3
    endloop
  endfacet
  facet normal 0.6028 -0.797892 0
    outer loop
      vertex 14.8315 98.557 3
      vertex 14.5902 98.3747 1.02
      vertex 14.8315 98.557 1.02
    endloop
  endfacet
  facet normal 0.188755 -0.982024 0
    outer loop
      vertex 14.2744 98.314 1.02
      vertex 14.5902 98.3747 3
      vertex 14.2744 98.314 3
    endloop
  endfacet
  facet normal 0.188755 -0.982024 0
    outer loop
      vertex 14.5902 98.3747 3
      vertex 14.2744 98.314 1.02
      vertex 14.5902 98.3747 1.02
    endloop
  endfacet
  facet normal -0.0829292 -0.996555 0
    outer loop
      vertex 14.0617 98.3317 1.02
      vertex 14.2744 98.314 3
      vertex 14.0617 98.3317 3
    endloop
  endfacet
  facet normal -0.0829292 -0.996555 -0
    outer loop
      vertex 14.2744 98.314 3
      vertex 14.0617 98.3317 1.02
      vertex 14.2744 98.314 1.02
    endloop
  endfacet
  facet normal -0.3265 -0.945197 0
    outer loop
      vertex 13.9074 98.385 1.02
      vertex 14.0617 98.3317 3
      vertex 13.9074 98.385 3
    endloop
  endfacet
  facet normal -0.3265 -0.945197 -0
    outer loop
      vertex 14.0617 98.3317 3
      vertex 13.9074 98.385 1.02
      vertex 14.0617 98.3317 1.02
    endloop
  endfacet
  facet normal -0.654531 -0.756035 0
    outer loop
      vertex 13.7994 98.4785 1.02
      vertex 13.9074 98.385 3
      vertex 13.7994 98.4785 3
    endloop
  endfacet
  facet normal -0.654531 -0.756035 -0
    outer loop
      vertex 13.9074 98.385 3
      vertex 13.7994 98.4785 1.02
      vertex 13.9074 98.385 1.02
    endloop
  endfacet
  facet normal -0.882 -0.471249 0
    outer loop
      vertex 13.7994 98.4785 1.02
      vertex 13.7254 98.617 3
      vertex 13.7254 98.617 1.02
    endloop
  endfacet
  facet normal -0.882 -0.471249 0
    outer loop
      vertex 13.7254 98.617 3
      vertex 13.7994 98.4785 1.02
      vertex 13.7994 98.4785 3
    endloop
  endfacet
  facet normal -0.976623 -0.214958 0
    outer loop
      vertex 13.7254 98.617 1.02
      vertex 13.6827 98.811 3
      vertex 13.6827 98.811 1.02
    endloop
  endfacet
  facet normal -0.976623 -0.214958 0
    outer loop
      vertex 13.6827 98.811 3
      vertex 13.7254 98.617 1.02
      vertex 13.7254 98.617 3
    endloop
  endfacet
  facet normal -0.998491 -0.054917 0
    outer loop
      vertex 13.6827 98.811 1.02
      vertex 13.6684 99.071 3
      vertex 13.6684 99.071 1.02
    endloop
  endfacet
  facet normal -0.998491 -0.054917 0
    outer loop
      vertex 13.6684 99.071 3
      vertex 13.6827 98.811 1.02
      vertex 13.6827 98.811 3
    endloop
  endfacet
  facet normal -1 0 0
    outer loop
      vertex 13.6684 99.071 1.02
      vertex 13.6684 100.944 3
      vertex 13.6684 100.944 1.02
    endloop
  endfacet
  facet normal -1 -0 0
    outer loop
      vertex 13.6684 100.944 3
      vertex 13.6684 99.071 1.02
      vertex 13.6684 99.071 3
    endloop
  endfacet
  facet normal 0 -1 0
    outer loop
      vertex 13.1765 100.944 1.02
      vertex 13.6684 100.944 3
      vertex 13.1765 100.944 3
    endloop
  endfacet
  facet normal 0 -1 -0
    outer loop
      vertex 13.6684 100.944 3
      vertex 13.1765 100.944 1.02
      vertex 13.6684 100.944 1.02
    endloop
  endfacet
  facet normal 1 -0 0
    outer loop
      vertex 13.1765 98.976 3
      vertex 13.1765 100.944 1.02
      vertex 13.1765 100.944 3
    endloop
  endfacet
  facet normal 1 0 0
    outer loop
      vertex 13.1765 100.944 1.02
      vertex 13.1765 98.976 3
      vertex 13.1765 98.976 1.02
    endloop
  endfacet
  facet normal 0.993216 0.116287 0
    outer loop
      vertex 13.2325 98.4977 3
      vertex 13.1765 98.976 1.02
      vertex 13.1765 98.976 3
    endloop
  endfacet
  facet normal 0.993216 0.116287 0
    outer loop
      vertex 13.1765 98.976 1.02
      vertex 13.2325 98.4977 3
      vertex 13.2325 98.4977 1.02
    endloop
  endfacet
  facet normal 0.885815 0.464038 0
    outer loop
      vertex 13.4005 98.177 3
      vertex 13.2325 98.4977 1.02
      vertex 13.2325 98.4977 3
    endloop
  endfacet
  facet normal 0.885815 0.464038 0
    outer loop
      vertex 13.2325 98.4977 1.02
      vertex 13.4005 98.177 3
      vertex 13.4005 98.177 1.02
    endloop
  endfacet
  facet normal 0.52963 0.848229 -0
    outer loop
      vertex 13.6899 97.9963 1.02
      vertex 13.4005 98.177 3
      vertex 13.6899 97.9963 3
    endloop
  endfacet
  facet normal 0.52963 0.848229 0
    outer loop
      vertex 13.4005 98.177 3
      vertex 13.6899 97.9963 1.02
      vertex 13.4005 98.177 1.02
    endloop
  endfacet
  facet normal 0.142613 0.989778 -0
    outer loop
      vertex 14.1084 97.936 1.02
      vertex 13.6899 97.9963 3
      vertex 14.1084 97.936 3
    endloop
  endfacet
  facet normal 0.142613 0.989778 0
    outer loop
      vertex 13.6899 97.9963 3
      vertex 14.1084 97.936 1.02
      vertex 13.6899 97.9963 1.02
    endloop
  endfacet
  facet normal -0.103742 0.994604 0
    outer loop
      vertex 14.4104 97.9675 1.02
      vertex 14.1084 97.936 3
      vertex 14.4104 97.9675 3
    endloop
  endfacet
  facet normal -0.103742 0.994604 0
    outer loop
      vertex 14.1084 97.936 3
      vertex 14.4104 97.9675 1.02
      vertex 14.1084 97.936 1.02
    endloop
  endfacet
  facet normal 0 -1 0
    outer loop
      vertex 35.2021 100.944 1.02
      vertex 35.6921 100.944 3
      vertex 35.2021 100.944 3
    endloop
  endfacet
  facet normal 0 -1 -0
    outer loop
      vertex 35.6921 100.944 3
      vertex 35.2021 100.944 1.02
      vertex 35.6921 100.944 1.02
    endloop
  endfacet
  facet normal 1 -0 0
    outer loop
      vertex 35.2021 98 3
      vertex 35.2021 100.944 1.02
      vertex 35.2021 100.944 3
    endloop
  endfacet
  facet normal 1 0 0
    outer loop
      vertex 35.2021 100.944 1.02
      vertex 35.2021 98 3
      vertex 35.2021 98 1.02
    endloop
  endfacet
  facet normal 0 1 -0
    outer loop
      vertex 35.6921 98 1.02
      vertex 35.2021 98 3
      vertex 35.6921 98 3
    endloop
  endfacet
  facet normal 0 1 0
    outer loop
      vertex 35.2021 98 3
      vertex 35.6921 98 1.02
      vertex 35.2021 98 1.02
    endloop
  endfacet
  facet normal -1 0 0
    outer loop
      vertex 35.6921 98 1.02
      vertex 35.6921 100.944 3
      vertex 35.6921 100.944 1.02
    endloop
  endfacet
  facet normal -1 -0 0
    outer loop
      vertex 35.6921 100.944 3
      vertex 35.6921 98 1.02
      vertex 35.6921 98 3
    endloop
  endfacet
  facet normal 0 0 1
    outer loop
      vertex 13.6506 5.088 1.02
      vertex 14.0176 5.092 1.02
      vertex 13.9719 5.64124 1.02
    endloop
  endfacet
  facet normal 0 0 1
    outer loop
      vertex 14.0176 5.092 1.02
      vertex 13.6506 5.088 1.02
      vertex 14.0176 5.084 1.02
    endloop
  endfacet
  facet normal 0 0 1
    outer loop
      vertex 13.6061 5.6265 1.02
      vertex 13.9719 5.64124 1.02
      vertex 13.8346 6.133 1.02
    endloop
  endfacet
  facet normal 0 0 1
    outer loop
      vertex 14.0176 5.084 1.02
      vertex 13.6506 5.088 1.02
      vertex 13.9716 4.53174 1.02
    endloop
  endfacet
  facet normal -0 0 1
    outer loop
      vertex 13.6064 4.5495 1.02
      vertex 13.9716 4.53174 1.02
      vertex 13.6506 5.088 1.02
    endloop
  endfacet
  facet normal 0 0 1
    outer loop
      vertex 13.9719 5.64124 1.02
      vertex 13.6061 5.6265 1.02
      vertex 13.6506 5.088 1.02
    endloop
  endfacet
  facet normal 0 0 1
    outer loop
      vertex 13.4726 6.118 1.02
      vertex 13.8346 6.133 1.02
      vertex 13.6021 6.58374 1.02
    endloop
  endfacet
  facet normal 0 0 1
    outer loop
      vertex 13.8346 6.133 1.02
      vertex 13.4726 6.118 1.02
      vertex 13.6061 5.6265 1.02
    endloop
  endfacet
  facet normal 0 0 1
    outer loop
      vertex 13.2441 6.575 1.02
      vertex 13.6021 6.58374 1.02
      vertex 13.2686 7.008 1.02
    endloop
  endfacet
  facet normal 0 0 1
    outer loop
      vertex 13.6021 6.58374 1.02
      vertex 13.2441 6.575 1.02
      vertex 13.4726 6.118 1.02
    endloop
  endfacet
  facet normal 0 -0 1
    outer loop
      vertex 13.2441 6.575 1.02
      vertex 13.2686 7.008 1.02
      vertex 12.9146 7.008 1.02
    endloop
  endfacet
  facet normal 0 0 1
    outer loop
      vertex 13.9716 4.53174 1.02
      vertex 13.6064 4.5495 1.02
      vertex 13.8336 4.03899 1.02
    endloop
  endfacet
  facet normal -0 0 1
    outer loop
      vertex 13.4736 4.058 1.02
      vertex 13.8336 4.03899 1.02
      vertex 13.6064 4.5495 1.02
    endloop
  endfacet
  facet normal 0 0 1
    outer loop
      vertex 13.8336 4.03899 1.02
      vertex 13.4736 4.058 1.02
      vertex 13.6009 3.59026 1.02
    endloop
  endfacet
  facet normal -0 0 1
    outer loop
      vertex 13.2454 3.60201 1.02
      vertex 13.6009 3.59026 1.02
      vertex 13.4736 4.058 1.02
    endloop
  endfacet
  facet normal 0 0 1
    outer loop
      vertex 13.6009 3.59026 1.02
      vertex 13.2454 3.60201 1.02
      vertex 13.2686 3.16801 1.02
    endloop
  endfacet
  facet normal 0 0 1
    outer loop
      vertex 13.2686 3.16801 1.02
      vertex 13.2454 3.60201 1.02
      vertex 12.9146 3.16801 1.02
    endloop
  endfacet
  facet normal -0 0 1
    outer loop
      vertex 10.508 7.008 1.02
      vertex 10.5315 6.57599 1.02
      vertex 10.861 7.008 1.02
    endloop
  endfacet
  facet normal -0 0 1
    outer loop
      vertex 10.1755 6.58549 1.02
      vertex 10.5315 6.57599 1.02
      vertex 10.508 7.008 1.02
    endloop
  endfacet
  facet normal 0 0 1
    outer loop
      vertex 10.5315 6.57599 1.02
      vertex 10.1755 6.58549 1.02
      vertex 10.303 6.118 1.02
    endloop
  endfacet
  facet normal -0 0 1
    outer loop
      vertex 9.94199 6.13599 1.02
      vertex 10.303 6.118 1.02
      vertex 10.1755 6.58549 1.02
    endloop
  endfacet
  facet normal 0 0 1
    outer loop
      vertex 10.303 6.118 1.02
      vertex 9.94199 6.13599 1.02
      vertex 10.1702 5.625 1.02
    endloop
  endfacet
  facet normal -0 0 1
    outer loop
      vertex 9.80399 5.644 1.02
      vertex 10.1702 5.625 1.02
      vertex 9.94199 6.13599 1.02
    endloop
  endfacet
  facet normal 0 0 1
    outer loop
      vertex 10.529 3.604 1.02
      vertex 10.508 3.16801 1.02
      vertex 10.861 3.16801 1.02
    endloop
  endfacet
  facet normal 0 0 1
    outer loop
      vertex 10.1742 3.59201 1.02
      vertex 10.529 3.604 1.02
      vertex 10.301 4.062 1.02
    endloop
  endfacet
  facet normal 0 0 1
    outer loop
      vertex 10.529 3.604 1.02
      vertex 10.1742 3.59201 1.02
      vertex 10.508 3.16801 1.02
    endloop
  endfacet
  facet normal 0 0 1
    outer loop
      vertex 9.94099 4.04199 1.02
      vertex 10.301 4.062 1.02
      vertex 10.1697 4.55299 1.02
    endloop
  endfacet
  facet normal 0 0 1
    outer loop
      vertex 9.80374 4.53448 1.02
      vertex 10.1697 4.55299 1.02
      vertex 10.126 5.088 1.02
    endloop
  endfacet
  facet normal 0 0 1
    outer loop
      vertex 10.1702 5.625 1.02
      vertex 9.80399 5.644 1.02
      vertex 10.126 5.088 1.02
    endloop
  endfacet
  facet normal 0 0 1
    outer loop
      vertex 9.758 5.084 1.02
      vertex 10.126 5.088 1.02
      vertex 9.758 5.092 1.02
    endloop
  endfacet
  facet normal 0 0 1
    outer loop
      vertex 10.126 5.088 1.02
      vertex 9.80399 5.644 1.02
      vertex 9.758 5.092 1.02
    endloop
  endfacet
  facet normal 0 -0 1
    outer loop
      vertex 9.80374 4.53448 1.02
      vertex 10.126 5.088 1.02
      vertex 9.758 5.084 1.02
    endloop
  endfacet
  facet normal 0 0 1
    outer loop
      vertex 10.1697 4.55299 1.02
      vertex 9.80374 4.53448 1.02
      vertex 9.94099 4.04199 1.02
    endloop
  endfacet
  facet normal 0 0 1
    outer loop
      vertex 10.301 4.062 1.02
      vertex 9.94099 4.04199 1.02
      vertex 10.1742 3.59201 1.02
    endloop
  endfacet
  facet normal 0 0 1
    outer loop
      vertex 36.5591 6.54274 1.02
      vertex 36.3768 6.112 1.02
      vertex 36.7438 6.23399 1.02
    endloop
  endfacet
  facet normal 0 0 1
    outer loop
      vertex 36.2468 6.33249 1.02
      vertex 36.5591 6.54274 1.02
      vertex 36.2928 6.765 1.02
    endloop
  endfacet
  facet normal 0 0 1
    outer loop
      vertex 36.5591 6.54274 1.02
      vertex 36.2468 6.33249 1.02
      vertex 36.3768 6.112 1.02
    endloop
  endfacet
  facet normal 0 0 1
    outer loop
      vertex 36.2928 6.765 1.02
      vertex 36.0568 6.49399 1.02
      vertex 36.2468 6.33249 1.02
    endloop
  endfacet
  facet normal 0 0 1
    outer loop
      vertex 35.9483 6.89925 1.02
      vertex 36.0568 6.49399 1.02
      vertex 36.2928 6.765 1.02
    endloop
  endfacet
  facet normal 0 0 1
    outer loop
      vertex 35.9483 6.89925 1.02
      vertex 35.816 6.59375 1.02
      vertex 36.0568 6.49399 1.02
    endloop
  endfacet
  facet normal 0 0 1
    outer loop
      vertex 35.5288 6.94398 1.02
      vertex 35.816 6.59375 1.02
      vertex 35.9483 6.89925 1.02
    endloop
  endfacet
  facet normal 0 0 1
    outer loop
      vertex 35.816 6.59375 1.02
      vertex 35.5288 6.94398 1.02
      vertex 35.5338 6.627 1.02
    endloop
  endfacet
  facet normal 0 0 1
    outer loop
      vertex 35.5288 6.94398 1.02
      vertex 35.1108 6.54849 1.02
      vertex 35.5338 6.627 1.02
    endloop
  endfacet
  facet normal -0 0 1
    outer loop
      vertex 34.9458 6.84499 1.02
      vertex 35.1108 6.54849 1.02
      vertex 35.5288 6.94398 1.02
    endloop
  endfacet
  facet normal 0 0 1
    outer loop
      vertex 34.9458 6.84499 1.02
      vertex 34.7938 6.31299 1.02
      vertex 35.1108 6.54849 1.02
    endloop
  endfacet
  facet normal -0 0 1
    outer loop
      vertex 34.5048 6.54799 1.02
      vertex 34.7938 6.31299 1.02
      vertex 34.9458 6.84499 1.02
    endloop
  endfacet
  facet normal 0 0 1
    outer loop
      vertex 34.7938 6.31299 1.02
      vertex 34.228 6.07599 1.02
      vertex 34.5958 5.94073 1.02
    endloop
  endfacet
  facet normal 0 0 1
    outer loop
      vertex 34.228 6.07599 1.02
      vertex 34.7938 6.31299 1.02
      vertex 34.5048 6.54799 1.02
    endloop
  endfacet
  facet normal 0 0 1
    outer loop
      vertex 36.4538 4.83199 1.02
      vertex 36.558 4.3575 1.02
      vertex 36.7708 4.67699 1.02
    endloop
  endfacet
  facet normal -0 0 1
    outer loop
      vertex 36.0763 4.39925 1.02
      vertex 36.558 4.3575 1.02
      vertex 36.4538 4.83199 1.02
    endloop
  endfacet
  facet normal 0 0 1
    outer loop
      vertex 36.558 4.3575 1.02
      vertex 36.0763 4.39925 1.02
      vertex 36.2738 4.125 1.02
    endloop
  endfacet
  facet normal 0 0 1
    outer loop
      vertex 36.0763 4.39925 1.02
      vertex 35.9283 3.98326 1.02
      vertex 36.2738 4.125 1.02
    endloop
  endfacet
  facet normal -0 0 1
    outer loop
      vertex 35.5498 4.25499 1.02
      vertex 35.9283 3.98326 1.02
      vertex 36.0763 4.39925 1.02
    endloop
  endfacet
  facet normal 0 0 1
    outer loop
      vertex 35.5498 4.25499 1.02
      vertex 35.5318 3.936 1.02
      vertex 35.9283 3.98326 1.02
    endloop
  endfacet
  facet normal 0 0 1
    outer loop
      vertex 35.1281 3.98175 1.02
      vertex 35.5498 4.25499 1.02
      vertex 35.129 4.33699 1.02
    endloop
  endfacet
  facet normal 0 0 1
    outer loop
      vertex 35.5498 4.25499 1.02
      vertex 35.1281 3.98175 1.02
      vertex 35.5318 3.936 1.02
    endloop
  endfacet
  facet normal 0 0 1
    outer loop
      vertex 34.7828 4.11899 1.02
      vertex 35.129 4.33699 1.02
      vertex 34.8048 4.58299 1.02
    endloop
  endfacet
  facet normal 0 0 1
    outer loop
      vertex 35.129 4.33699 1.02
      vertex 34.7828 4.11899 1.02
      vertex 35.1281 3.98175 1.02
    endloop
  endfacet
  facet normal -0 0 1
    outer loop
      vertex 34.3008 4.644 1.02
      vertex 34.8048 4.58299 1.02
      vertex 34.5985 4.96474 1.02
    endloop
  endfacet
  facet normal 0 0 1
    outer loop
      vertex 34.8048 4.58299 1.02
      vertex 34.5043 4.34224 1.02
      vertex 34.7828 4.11899 1.02
    endloop
  endfacet
  facet normal -0 0 1
    outer loop
      vertex 34.177 5.017 1.02
      vertex 34.5985 4.96474 1.02
      vertex 34.5298 5.452 1.02
    endloop
  endfacet
  facet normal 0 0 1
    outer loop
      vertex 34.1358 5.452 1.02
      vertex 34.5958 5.94073 1.02
      vertex 34.228 6.07599 1.02
    endloop
  endfacet
  facet normal 0 -0 1
    outer loop
      vertex 34.177 5.017 1.02
      vertex 34.5298 5.452 1.02
      vertex 34.1358 5.452 1.02
    endloop
  endfacet
  facet normal 0 0 1
    outer loop
      vertex 34.5958 5.94073 1.02
      vertex 34.1358 5.452 1.02
      vertex 34.5298 5.452 1.02
    endloop
  endfacet
  facet normal 0 0 1
    outer loop
      vertex 34.5985 4.96474 1.02
      vertex 34.177 5.017 1.02
      vertex 34.3008 4.644 1.02
    endloop
  endfacet
  facet normal 0 0 1
    outer loop
      vertex 34.8048 4.58299 1.02
      vertex 34.3008 4.644 1.02
      vertex 34.5043 4.34224 1.02
    endloop
  endfacet
  facet normal -0 0 1
    outer loop
      vertex 19.3829 5.98824 1.02
      vertex 19.7906 5.43999 1.02
      vertex 19.7304 6.09349 1.02
    endloop
  endfacet
  facet normal -0 0 1
    outer loop
      vertex 19.2756 6.36099 1.02
      vertex 19.7304 6.09349 1.02
      vertex 19.5496 6.564 1.02
    endloop
  endfacet
  facet normal 0 0 1
    outer loop
      vertex 19.3809 4.90625 1.02
      vertex 19.7906 5.43999 1.02
      vertex 19.4186 5.43999 1.02
    endloop
  endfacet
  facet normal 0 0 1
    outer loop
      vertex 19.7906 5.43999 1.02
      vertex 19.3809 4.90625 1.02
      vertex 19.7274 4.79449 1.02
    endloop
  endfacet
  facet normal 0 0 1
    outer loop
      vertex 19.7906 5.43999 1.02
      vertex 19.3829 5.98824 1.02
      vertex 19.4186 5.43999 1.02
    endloop
  endfacet
  facet normal 0 0 1
    outer loop
      vertex 19.7304 6.09349 1.02
      vertex 19.2756 6.36099 1.02
      vertex 19.3829 5.98824 1.02
    endloop
  endfacet
  facet normal -0 0 1
    outer loop
      vertex 19.0861 6.57549 1.02
      vertex 19.5496 6.564 1.02
      vertex 19.2431 6.849 1.02
    endloop
  endfacet
  facet normal 0 0 1
    outer loop
      vertex 19.5496 6.564 1.02
      vertex 19.0861 6.57549 1.02
      vertex 19.2756 6.36099 1.02
    endloop
  endfacet
  facet normal 0 0 1
    outer loop
      vertex 18.8036 6.94398 1.02
      vertex 19.0861 6.57549 1.02
      vertex 19.2431 6.849 1.02
    endloop
  endfacet
  facet normal 0 0 1
    outer loop
      vertex 18.8036 6.94398 1.02
      vertex 18.8036 6.64699 1.02
      vertex 19.0861 6.57549 1.02
    endloop
  endfacet
  facet normal 0 0 1
    outer loop
      vertex 18.8036 6.94398 1.02
      vertex 18.5134 6.57649 1.02
      vertex 18.8036 6.64699 1.02
    endloop
  endfacet
  facet normal -0 0 1
    outer loop
      vertex 18.3534 6.84999 1.02
      vertex 18.5134 6.57649 1.02
      vertex 18.8036 6.94398 1.02
    endloop
  endfacet
  facet normal 0 0 1
    outer loop
      vertex 18.0426 6.56799 1.02
      vertex 18.5134 6.57649 1.02
      vertex 18.3534 6.84999 1.02
    endloop
  endfacet
  facet normal 0 0 1
    outer loop
      vertex 18.5134 6.57649 1.02
      vertex 18.0426 6.56799 1.02
      vertex 18.3186 6.36499 1.02
    endloop
  endfacet
  facet normal 0 0 1
    outer loop
      vertex 17.8026 5.43999 1.02
      vertex 18.1716 5.43999 1.02
      vertex 18.2084 5.99324 1.02
    endloop
  endfacet
  facet normal 0 0 1
    outer loop
      vertex 17.8626 6.0985 1.02
      vertex 18.3186 6.36499 1.02
      vertex 18.0426 6.56799 1.02
    endloop
  endfacet
  facet normal 0 0 1
    outer loop
      vertex 18.3186 6.36499 1.02
      vertex 17.8626 6.0985 1.02
      vertex 18.2084 5.99324 1.02
    endloop
  endfacet
  facet normal 0 0 1
    outer loop
      vertex 18.1716 5.43999 1.02
      vertex 17.8026 5.43999 1.02
      vertex 17.8644 4.79199 1.02
    endloop
  endfacet
  facet normal 0 0 1
    outer loop
      vertex 18.2084 5.99324 1.02
      vertex 17.8626 6.0985 1.02
      vertex 17.8026 5.43999 1.02
    endloop
  endfacet
  facet normal 0 0 1
    outer loop
      vertex 18.1716 5.43999 1.02
      vertex 17.8644 4.79199 1.02
      vertex 18.0496 4.31999 1.02
    endloop
  endfacet
  facet normal 0 0 1
    outer loop
      vertex 19.2676 4.53099 1.02
      vertex 19.7274 4.79449 1.02
      vertex 19.3809 4.90625 1.02
    endloop
  endfacet
  facet normal 0 0 1
    outer loop
      vertex 19.7274 4.79449 1.02
      vertex 19.2676 4.53099 1.02
      vertex 19.5376 4.32199 1.02
    endloop
  endfacet
  facet normal 0 0 1
    outer loop
      vertex 19.0746 4.30899 1.02
      vertex 19.5376 4.32199 1.02
      vertex 19.2676 4.53099 1.02
    endloop
  endfacet
  facet normal 0 0 1
    outer loop
      vertex 19.5376 4.32199 1.02
      vertex 19.0746 4.30899 1.02
      vertex 19.2246 4.03249 1.02
    endloop
  endfacet
  facet normal -0 0 1
    outer loop
      vertex 18.7956 4.23499 1.02
      vertex 19.2246 4.03249 1.02
      vertex 19.0746 4.30899 1.02
    endloop
  endfacet
  facet normal 0 0 1
    outer loop
      vertex 18.7956 4.23499 1.02
      vertex 18.7916 3.936 1.02
      vertex 19.2246 4.03249 1.02
    endloop
  endfacet
  facet normal 0 0 1
    outer loop
      vertex 18.5144 4.3075 1.02
      vertex 18.7916 3.936 1.02
      vertex 18.7956 4.23499 1.02
    endloop
  endfacet
  facet normal 0 0 1
    outer loop
      vertex 18.5144 4.3075 1.02
      vertex 18.3591 4.032 1.02
      vertex 18.7916 3.936 1.02
    endloop
  endfacet
  facet normal -0 0 1
    outer loop
      vertex 18.0496 4.31999 1.02
      vertex 18.5144 4.3075 1.02
      vertex 18.3206 4.52499 1.02
    endloop
  endfacet
  facet normal 0 0 1
    outer loop
      vertex 18.0496 4.31999 1.02
      vertex 18.3206 4.52499 1.02
      vertex 18.2089 4.89874 1.02
    endloop
  endfacet
  facet normal 0 0 1
    outer loop
      vertex 18.5144 4.3075 1.02
      vertex 18.0496 4.31999 1.02
      vertex 18.3591 4.032 1.02
    endloop
  endfacet
  facet normal 0 0 1
    outer loop
      vertex 18.0496 4.31999 1.02
      vertex 18.2089 4.89874 1.02
      vertex 18.1716 5.43999 1.02
    endloop
  endfacet
  facet normal 0 0 1
    outer loop
      vertex 33.2544 6.41475 1.02
      vertex 33.5854 6.5925 1.02
      vertex 33.3659 6.79399 1.02
    endloop
  endfacet
  facet normal 0 -0 1
    outer loop
      vertex 33.3459 6.21899 1.02
      vertex 33.5854 6.5925 1.02
      vertex 33.2544 6.41475 1.02
    endloop
  endfacet
  facet normal 0 0 1
    outer loop
      vertex 33.5854 6.5925 1.02
      vertex 33.3459 6.21899 1.02
      vertex 33.7279 6.286 1.02
    endloop
  endfacet
  facet normal 0 0 1
    outer loop
      vertex 33.3659 6.79399 1.02
      vertex 33.1059 6.54799 1.02
      vertex 33.2544 6.41475 1.02
    endloop
  endfacet
  facet normal 0 0 1
    outer loop
      vertex 33.0507 6.90649 1.02
      vertex 33.1059 6.54799 1.02
      vertex 33.3659 6.79399 1.02
    endloop
  endfacet
  facet normal 0 0 1
    outer loop
      vertex 33.0507 6.90649 1.02
      vertex 32.8957 6.62524 1.02
      vertex 33.1059 6.54799 1.02
    endloop
  endfacet
  facet normal 0 0 1
    outer loop
      vertex 32.6209 6.94398 1.02
      vertex 32.8957 6.62524 1.02
      vertex 33.0507 6.90649 1.02
    endloop
  endfacet
  facet normal 0 0 1
    outer loop
      vertex 32.6209 6.94398 1.02
      vertex 32.6169 6.65099 1.02
      vertex 32.8957 6.62524 1.02
    endloop
  endfacet
  facet normal 0 0 1
    outer loop
      vertex 32.6209 6.94398 1.02
      vertex 32.3144 6.62149 1.02
      vertex 32.6169 6.65099 1.02
    endloop
  endfacet
  facet normal -0 0 1
    outer loop
      vertex 32.1574 6.89299 1.02
      vertex 32.3144 6.62149 1.02
      vertex 32.6209 6.94398 1.02
    endloop
  endfacet
  facet normal 0 0 1
    outer loop
      vertex 32.1574 6.89299 1.02
      vertex 32.0929 6.53299 1.02
      vertex 32.3144 6.62149 1.02
    endloop
  endfacet
  facet normal -0 0 1
    outer loop
      vertex 31.8149 6.73999 1.02
      vertex 32.0929 6.53299 1.02
      vertex 32.1574 6.89299 1.02
    endloop
  endfacet
  facet normal 0 0 1
    outer loop
      vertex 32.0929 6.53299 1.02
      vertex 31.8149 6.73999 1.02
      vertex 31.9572 6.38699 1.02
    endloop
  endfacet
  facet normal -0 0 1
    outer loop
      vertex 31.6042 6.49399 1.02
      vertex 31.9572 6.38699 1.02
      vertex 31.8149 6.73999 1.02
    endloop
  endfacet
  facet normal 0 0 1
    outer loop
      vertex 31.9572 6.38699 1.02
      vertex 31.6042 6.49399 1.02
      vertex 31.9119 6.183 1.02
    endloop
  endfacet
  facet normal 0 -0 1
    outer loop
      vertex 31.5474 6.00725 1.02
      vertex 31.9119 6.183 1.02
      vertex 31.5339 6.16199 1.02
    endloop
  endfacet
  facet normal 0 -0 1
    outer loop
      vertex 31.5879 5.87099 1.02
      vertex 31.9119 6.183 1.02
      vertex 31.5474 6.00725 1.02
    endloop
  endfacet
  facet normal 0 0 1
    outer loop
      vertex 31.9119 6.183 1.02
      vertex 31.6042 6.49399 1.02
      vertex 31.5339 6.16199 1.02
    endloop
  endfacet
  facet normal 0 0 1
    outer loop
      vertex 31.9119 6.183 1.02
      vertex 31.7429 5.64999 1.02
      vertex 31.8632 5.56024 1.02
    endloop
  endfacet
  facet normal 0 0 1
    outer loop
      vertex 31.9119 6.183 1.02
      vertex 31.6537 5.75275 1.02
      vertex 31.7429 5.64999 1.02
    endloop
  endfacet
  facet normal 0 0 1
    outer loop
      vertex 31.9119 6.183 1.02
      vertex 31.5879 5.87099 1.02
      vertex 31.6537 5.75275 1.02
    endloop
  endfacet
  facet normal 0 0 1
    outer loop
      vertex 33.7839 4.93375 1.02
      vertex 33.3949 4.89349 1.02
      vertex 33.4109 4.76399 1.02
    endloop
  endfacet
  facet normal 0 0 1
    outer loop
      vertex 33.5459 5.34824 1.02
      vertex 33.3469 4.99599 1.02
      vertex 33.3949 4.89349 1.02
    endloop
  endfacet
  facet normal 0 0 1
    outer loop
      vertex 33.1669 5.144 1.02
      vertex 33.4479 5.41499 1.02
      vertex 33.3399 5.47174 1.02
    endloop
  endfacet
  facet normal 0 0 1
    outer loop
      vertex 33.5459 5.34824 1.02
      vertex 33.2699 5.07799 1.02
      vertex 33.3469 4.99599 1.02
    endloop
  endfacet
  facet normal 0 0 1
    outer loop
      vertex 33.1669 5.144 1.02
      vertex 33.3399 5.47174 1.02
      vertex 33.2239 5.51999 1.02
    endloop
  endfacet
  facet normal 0 0 1
    outer loop
      vertex 33.4479 5.41499 1.02
      vertex 33.1669 5.144 1.02
      vertex 33.2699 5.07799 1.02
    endloop
  endfacet
  facet normal 0 0 1
    outer loop
      vertex 33.0397 5.19724 1.02
      vertex 33.2239 5.51999 1.02
      vertex 33.1012 5.56174 1.02
    endloop
  endfacet
  facet normal 0 0 1
    outer loop
      vertex 33.2239 5.51999 1.02
      vertex 33.0397 5.19724 1.02
      vertex 33.1669 5.144 1.02
    endloop
  endfacet
  facet normal 0 0 1
    outer loop
      vertex 32.8899 5.241 1.02
      vertex 33.1012 5.56174 1.02
      vertex 32.9729 5.59698 1.02
    endloop
  endfacet
  facet normal 0 0 1
    outer loop
      vertex 33.1012 5.56174 1.02
      vertex 32.8899 5.241 1.02
      vertex 33.0397 5.19724 1.02
    endloop
  endfacet
  facet normal 0 0 1
    outer loop
      vertex 32.8417 5.62874 1.02
      vertex 32.8899 5.241 1.02
      vertex 32.9729 5.59698 1.02
    endloop
  endfacet
  facet normal 0 0 1
    outer loop
      vertex 32.8417 5.62874 1.02
      vertex 32.7212 5.28174 1.02
      vertex 32.8899 5.241 1.02
    endloop
  endfacet
  facet normal 0 0 1
    outer loop
      vertex 32.7099 5.65999 1.02
      vertex 32.7212 5.28174 1.02
      vertex 32.8417 5.62874 1.02
    endloop
  endfacet
  facet normal 0 0 1
    outer loop
      vertex 32.7099 5.65999 1.02
      vertex 32.5349 5.32599 1.02
      vertex 32.7212 5.28174 1.02
    endloop
  endfacet
  facet normal 0 0 1
    outer loop
      vertex 32.3814 5.74199 1.02
      vertex 32.5349 5.32599 1.02
      vertex 32.7099 5.65999 1.02
    endloop
  endfacet
  facet normal 0 0 1
    outer loop
      vertex 32.3814 5.74199 1.02
      vertex 32.2367 5.40274 1.02
      vertex 32.5349 5.32599 1.02
    endloop
  endfacet
  facet normal 0 0 1
    outer loop
      vertex 32.1839 5.81 1.02
      vertex 32.2367 5.40274 1.02
      vertex 32.3814 5.74199 1.02
    endloop
  endfacet
  facet normal 0 0 1
    outer loop
      vertex 32.0199 5.47899 1.02
      vertex 32.1839 5.81 1.02
      vertex 32.0674 5.87849 1.02
    endloop
  endfacet
  facet normal 0 0 1
    outer loop
      vertex 32.1839 5.81 1.02
      vertex 32.0199 5.47899 1.02
      vertex 32.2367 5.40274 1.02
    endloop
  endfacet
  facet normal 0 0 1
    outer loop
      vertex 31.8632 5.56024 1.02
      vertex 32.0674 5.87849 1.02
      vertex 31.9819 5.95999 1.02
    endloop
  endfacet
  facet normal 0 0 1
    outer loop
      vertex 31.8632 5.56024 1.02
      vertex 31.9819 5.95999 1.02
      vertex 31.9294 6.05974 1.02
    endloop
  endfacet
  facet normal 0 0 1
    outer loop
      vertex 32.0674 5.87849 1.02
      vertex 31.8632 5.56024 1.02
      vertex 32.0199 5.47899 1.02
    endloop
  endfacet
  facet normal 0 0 1
    outer loop
      vertex 31.8632 5.56024 1.02
      vertex 31.9294 6.05974 1.02
      vertex 31.9119 6.183 1.02
    endloop
  endfacet
  facet normal 0 0 1
    outer loop
      vertex 33.3949 4.89349 1.02
      vertex 33.7839 4.93375 1.02
      vertex 33.7509 5.062 1.02
    endloop
  endfacet
  facet normal 0 0 1
    outer loop
      vertex 33.7839 4.93375 1.02
      vertex 33.4109 4.76399 1.02
      vertex 33.7949 4.78499 1.02
    endloop
  endfacet
  facet normal 0 0 1
    outer loop
      vertex 33.3949 4.89349 1.02
      vertex 33.7509 5.062 1.02
      vertex 33.6992 5.17299 1.02
    endloop
  endfacet
  facet normal 0 0 1
    outer loop
      vertex 33.3949 4.89349 1.02
      vertex 33.6992 5.17299 1.02
      vertex 33.6299 5.26799 1.02
    endloop
  endfacet
  facet normal 0 0 1
    outer loop
      vertex 33.3949 4.89349 1.02
      vertex 33.6299 5.26799 1.02
      vertex 33.5459 5.34824 1.02
    endloop
  endfacet
  facet normal 0 0 1
    outer loop
      vertex 33.7949 4.78499 1.02
      vertex 33.4109 4.76399 1.02
      vertex 33.7174 4.42574 1.02
    endloop
  endfacet
  facet normal 0 0 1
    outer loop
      vertex 33.2699 5.07799 1.02
      vertex 33.5459 5.34824 1.02
      vertex 33.4479 5.41499 1.02
    endloop
  endfacet
  facet normal -0 0 1
    outer loop
      vertex 33.3599 4.53699 1.02
      vertex 33.7174 4.42574 1.02
      vertex 33.4109 4.76399 1.02
    endloop
  endfacet
  facet normal 0 0 1
    outer loop
      vertex 33.7174 4.42574 1.02
      vertex 33.3599 4.53699 1.02
      vertex 33.4849 4.15799 1.02
    endloop
  endfacet
  facet normal -0 0 1
    outer loop
      vertex 33.2069 4.37199 1.02
      vertex 33.4849 4.15799 1.02
      vertex 33.3599 4.53699 1.02
    endloop
  endfacet
  facet normal 0 0 1
    outer loop
      vertex 33.2069 4.37199 1.02
      vertex 33.1119 3.9915 1.02
      vertex 33.4849 4.15799 1.02
    endloop
  endfacet
  facet normal -0 0 1
    outer loop
      vertex 32.9599 4.27225 1.02
      vertex 33.1119 3.9915 1.02
      vertex 33.2069 4.37199 1.02
    endloop
  endfacet
  facet normal 0 0 1
    outer loop
      vertex 32.6129 3.936 1.02
      vertex 32.9599 4.27225 1.02
      vertex 32.6269 4.239 1.02
    endloop
  endfacet
  facet normal 0 0 1
    outer loop
      vertex 32.9599 4.27225 1.02
      vertex 32.6129 3.936 1.02
      vertex 33.1119 3.9915 1.02
    endloop
  endfacet
  facet normal 0 0 1
    outer loop
      vertex 32.3012 4.26924 1.02
      vertex 32.6129 3.936 1.02
      vertex 32.6269 4.239 1.02
    endloop
  endfacet
  facet normal 0 0 1
    outer loop
      vertex 31.7867 4.118 1.02
      vertex 32.3012 4.26924 1.02
      vertex 32.0519 4.35999 1.02
    endloop
  endfacet
  facet normal 0 0 1
    outer loop
      vertex 32.3012 4.26924 1.02
      vertex 31.7867 4.118 1.02
      vertex 32.6129 3.936 1.02
    endloop
  endfacet
  facet normal 0 0 1
    outer loop
      vertex 31.8774 4.51524 1.02
      vertex 31.7867 4.118 1.02
      vertex 32.0519 4.35999 1.02
    endloop
  endfacet
  facet normal -0 0 1
    outer loop
      vertex 31.3999 4.66399 1.02
      vertex 31.8774 4.51524 1.02
      vertex 31.7759 4.739 1.02
    endloop
  endfacet
  facet normal 0 0 1
    outer loop
      vertex 31.8774 4.51524 1.02
      vertex 31.3999 4.66399 1.02
      vertex 31.7867 4.118 1.02
    endloop
  endfacet
  facet normal -0 0 1
    outer loop
      vertex 17.0264 6.34999 1.02
      vertex 17.437 6.14799 1.02
      vertex 17.3787 6.48624 1.02
    endloop
  endfacet
  facet normal 0 0 1
    outer loop
      vertex 17.437 6.14799 1.02
      vertex 17.0609 6.13599 1.02
      vertex 17.4179 5.97949 1.02
    endloop
  endfacet
  facet normal 0 0 1
    outer loop
      vertex 17.0407 5.96799 1.02
      vertex 17.4179 5.97949 1.02
      vertex 17.0609 6.13599 1.02
    endloop
  endfacet
  facet normal 0 0 1
    outer loop
      vertex 17.0264 6.34999 1.02
      vertex 17.3787 6.48624 1.02
      vertex 17.2039 6.737 1.02
    endloop
  endfacet
  facet normal 0 0 1
    outer loop
      vertex 17.4179 5.97949 1.02
      vertex 17.0407 5.96799 1.02
      vertex 17.3609 5.812 1.02
    endloop
  endfacet
  facet normal -0 0 1
    outer loop
      vertex 16.9799 5.81799 1.02
      vertex 17.3609 5.812 1.02
      vertex 17.0407 5.96799 1.02
    endloop
  endfacet
  facet normal 0 0 1
    outer loop
      vertex 17.437 6.14799 1.02
      vertex 17.0264 6.34999 1.02
      vertex 17.0609 6.13599 1.02
    endloop
  endfacet
  facet normal 0 0 1
    outer loop
      vertex 17.2039 6.737 1.02
      vertex 16.9229 6.50999 1.02
      vertex 17.0264 6.34999 1.02
    endloop
  endfacet
  facet normal 0 0 1
    outer loop
      vertex 16.9217 6.89224 1.02
      vertex 16.9229 6.50999 1.02
      vertex 17.2039 6.737 1.02
    endloop
  endfacet
  facet normal 0 0 1
    outer loop
      vertex 16.9217 6.89224 1.02
      vertex 16.7579 6.60974 1.02
      vertex 16.9229 6.50999 1.02
    endloop
  endfacet
  facet normal 0 0 1
    outer loop
      vertex 16.5389 6.94398 1.02
      vertex 16.7579 6.60974 1.02
      vertex 16.9217 6.89224 1.02
    endloop
  endfacet
  facet normal 0 0 1
    outer loop
      vertex 16.5389 6.94398 1.02
      vertex 16.5389 6.64299 1.02
      vertex 16.7579 6.60974 1.02
    endloop
  endfacet
  facet normal 0 0 1
    outer loop
      vertex 16.5389 6.94398 1.02
      vertex 16.3254 6.61124 1.02
      vertex 16.5389 6.64299 1.02
    endloop
  endfacet
  facet normal -0 0 1
    outer loop
      vertex 16.1807 6.89325 1.02
      vertex 16.3254 6.61124 1.02
      vertex 16.5389 6.94398 1.02
    endloop
  endfacet
  facet normal 0 0 1
    outer loop
      vertex 16.1807 6.89325 1.02
      vertex 16.1529 6.51599 1.02
      vertex 16.3254 6.61124 1.02
    endloop
  endfacet
  facet normal -0 0 1
    outer loop
      vertex 15.894 6.741 1.02
      vertex 16.1529 6.51599 1.02
      vertex 16.1807 6.89325 1.02
    endloop
  endfacet
  facet normal 0 0 1
    outer loop
      vertex 16.1529 6.51599 1.02
      vertex 15.894 6.741 1.02
      vertex 16.0332 6.36349 1.02
    endloop
  endfacet
  facet normal -0 0 1
    outer loop
      vertex 15.6954 6.50299 1.02
      vertex 16.0332 6.36349 1.02
      vertex 15.894 6.741 1.02
    endloop
  endfacet
  facet normal 0 0 1
    outer loop
      vertex 16.0332 6.36349 1.02
      vertex 15.6954 6.50299 1.02
      vertex 15.976 6.15999 1.02
    endloop
  endfacet
  facet normal 0 0 1
    outer loop
      vertex 15.976 6.15999 1.02
      vertex 15.6954 6.50299 1.02
      vertex 15.6019 6.19499 1.02
    endloop
  endfacet
  facet normal 0 0 1
    outer loop
      vertex 17.3609 5.812 1.02
      vertex 16.9799 5.81799 1.02
      vertex 17.2662 5.64499 1.02
    endloop
  endfacet
  facet normal 0 0 1
    outer loop
      vertex 17.2662 5.64499 1.02
      vertex 16.9799 5.81799 1.02
      vertex 17.1339 5.478 1.02
    endloop
  endfacet
  facet normal -0 0 1
    outer loop
      vertex 16.8875 5.681 1.02
      vertex 17.1339 5.478 1.02
      vertex 16.9799 5.81799 1.02
    endloop
  endfacet
  facet normal -0 0 1
    outer loop
      vertex 16.7699 5.54999 1.02
      vertex 17.1339 5.478 1.02
      vertex 16.8875 5.681 1.02
    endloop
  endfacet
  facet normal 0 0 1
    outer loop
      vertex 17.1339 5.478 1.02
      vertex 16.7699 5.54999 1.02
      vertex 16.9152 5.265 1.02
    endloop
  endfacet
  facet normal -0 0 1
    outer loop
      vertex 16.6319 5.42274 1.02
      vertex 16.9152 5.265 1.02
      vertex 16.7699 5.54999 1.02
    endloop
  endfacet
  facet normal -0 0 1
    outer loop
      vertex 16.478 5.295 1.02
      vertex 16.9152 5.265 1.02
      vertex 16.6319 5.42274 1.02
    endloop
  endfacet
  facet normal 0 0 1
    outer loop
      vertex 16.9152 5.265 1.02
      vertex 16.478 5.295 1.02
      vertex 16.5589 4.95999 1.02
    endloop
  endfacet
  facet normal -0 0 1
    outer loop
      vertex 16.3159 5.1615 1.02
      vertex 16.5589 4.95999 1.02
      vertex 16.478 5.295 1.02
    endloop
  endfacet
  facet normal 0 0 1
    outer loop
      vertex 16.5589 4.95999 1.02
      vertex 16.3159 5.1615 1.02
      vertex 16.3489 4.77625 1.02
    endloop
  endfacet
  facet normal -0 0 1
    outer loop
      vertex 16.1519 5.017 1.02
      vertex 16.3489 4.77625 1.02
      vertex 16.3159 5.1615 1.02
    endloop
  endfacet
  facet normal -0 0 1
    outer loop
      vertex 15.9917 4.85899 1.02
      vertex 16.3489 4.77625 1.02
      vertex 16.1519 5.017 1.02
    endloop
  endfacet
  facet normal 0 0 1
    outer loop
      vertex 16.3489 4.77625 1.02
      vertex 15.9917 4.85899 1.02
      vertex 16.187 4.61099 1.02
    endloop
  endfacet
  facet normal -0 0 1
    outer loop
      vertex 15.8389 4.683 1.02
      vertex 16.187 4.61099 1.02
      vertex 15.9917 4.85899 1.02
    endloop
  endfacet
  facet normal 0 0 1
    outer loop
      vertex 16.187 4.61099 1.02
      vertex 15.8389 4.683 1.02
      vertex 16.0682 4.45799 1.02
    endloop
  endfacet
  facet normal -0 0 1
    outer loop
      vertex 15.7012 4.48474 1.02
      vertex 16.0682 4.45799 1.02
      vertex 15.8389 4.683 1.02
    endloop
  endfacet
  facet normal -0 0 1
    outer loop
      vertex 15.9879 4.31099 1.02
      vertex 17.4809 4 1.02
      vertex 17.4809 4.31099 1.02
    endloop
  endfacet
  facet normal 0 0 1
    outer loop
      vertex 16.0682 4.45799 1.02
      vertex 15.7012 4.48474 1.02
      vertex 15.9879 4.31099 1.02
    endloop
  endfacet
  facet normal 0 0 1
    outer loop
      vertex 15.586 4.258 1.02
      vertex 15.9879 4.31099 1.02
      vertex 15.7012 4.48474 1.02
    endloop
  endfacet
  facet normal 0 0 1
    outer loop
      vertex 15.586 4 1.02
      vertex 15.9879 4.31099 1.02
      vertex 15.586 4.258 1.02
    endloop
  endfacet
  facet normal 0 0 1
    outer loop
      vertex 15.9879 4.31099 1.02
      vertex 15.586 4 1.02
      vertex 17.4809 4 1.02
    endloop
  endfacet
  facet normal -0 0 1
    outer loop
      vertex 21.5518 6.34999 1.02
      vertex 21.9623 6.14799 1.02
      vertex 21.9041 6.48624 1.02
    endloop
  endfacet
  facet normal 0 0 1
    outer loop
      vertex 21.9623 6.14799 1.02
      vertex 21.5863 6.13599 1.02
      vertex 21.9433 5.97949 1.02
    endloop
  endfacet
  facet normal 0 0 1
    outer loop
      vertex 21.5661 5.96799 1.02
      vertex 21.9433 5.97949 1.02
      vertex 21.5863 6.13599 1.02
    endloop
  endfacet
  facet normal 0 0 1
    outer loop
      vertex 21.5518 6.34999 1.02
      vertex 21.9041 6.48624 1.02
      vertex 21.7293 6.737 1.02
    endloop
  endfacet
  facet normal 0 0 1
    outer loop
      vertex 21.9433 5.97949 1.02
      vertex 21.5661 5.96799 1.02
      vertex 21.8863 5.812 1.02
    endloop
  endfacet
  facet normal -0 0 1
    outer loop
      vertex 21.5053 5.81799 1.02
      vertex 21.8863 5.812 1.02
      vertex 21.5661 5.96799 1.02
    endloop
  endfacet
  facet normal 0 0 1
    outer loop
      vertex 21.9623 6.14799 1.02
      vertex 21.5518 6.34999 1.02
      vertex 21.5863 6.13599 1.02
    endloop
  endfacet
  facet normal 0 0 1
    outer loop
      vertex 21.7293 6.737 1.02
      vertex 21.4483 6.50999 1.02
      vertex 21.5518 6.34999 1.02
    endloop
  endfacet
  facet normal 0 0 1
    outer loop
      vertex 21.4471 6.89224 1.02
      vertex 21.4483 6.50999 1.02
      vertex 21.7293 6.737 1.02
    endloop
  endfacet
  facet normal 0 0 1
    outer loop
      vertex 21.4471 6.89224 1.02
      vertex 21.2833 6.60974 1.02
      vertex 21.4483 6.50999 1.02
    endloop
  endfacet
  facet normal 0 0 1
    outer loop
      vertex 21.0643 6.94398 1.02
      vertex 21.2833 6.60974 1.02
      vertex 21.4471 6.89224 1.02
    endloop
  endfacet
  facet normal 0 0 1
    outer loop
      vertex 21.0643 6.94398 1.02
      vertex 21.0643 6.64299 1.02
      vertex 21.2833 6.60974 1.02
    endloop
  endfacet
  facet normal 0 0 1
    outer loop
      vertex 21.0643 6.94398 1.02
      vertex 20.8508 6.61124 1.02
      vertex 21.0643 6.64299 1.02
    endloop
  endfacet
  facet normal -0 0 1
    outer loop
      vertex 20.7061 6.89325 1.02
      vertex 20.8508 6.61124 1.02
      vertex 21.0643 6.94398 1.02
    endloop
  endfacet
  facet normal 0 0 1
    outer loop
      vertex 20.7061 6.89325 1.02
      vertex 20.6783 6.51599 1.02
      vertex 20.8508 6.61124 1.02
    endloop
  endfacet
  facet normal -0 0 1
    outer loop
      vertex 20.4193 6.741 1.02
      vertex 20.6783 6.51599 1.02
      vertex 20.7061 6.89325 1.02
    endloop
  endfacet
  facet normal 0 0 1
    outer loop
      vertex 20.6783 6.51599 1.02
      vertex 20.4193 6.741 1.02
      vertex 20.5586 6.36349 1.02
    endloop
  endfacet
  facet normal -0 0 1
    outer loop
      vertex 20.2208 6.50299 1.02
      vertex 20.5586 6.36349 1.02
      vertex 20.4193 6.741 1.02
    endloop
  endfacet
  facet normal 0 0 1
    outer loop
      vertex 20.5586 6.36349 1.02
      vertex 20.2208 6.50299 1.02
      vertex 20.5013 6.15999 1.02
    endloop
  endfacet
  facet normal 0 0 1
    outer loop
      vertex 20.5013 6.15999 1.02
      vertex 20.2208 6.50299 1.02
      vertex 20.1273 6.19499 1.02
    endloop
  endfacet
  facet normal 0 0 1
    outer loop
      vertex 21.8863 5.812 1.02
      vertex 21.5053 5.81799 1.02
      vertex 21.7916 5.64499 1.02
    endloop
  endfacet
  facet normal 0 0 1
    outer loop
      vertex 21.7916 5.64499 1.02
      vertex 21.5053 5.81799 1.02
      vertex 21.6593 5.478 1.02
    endloop
  endfacet
  facet normal -0 0 1
    outer loop
      vertex 21.4128 5.681 1.02
      vertex 21.6593 5.478 1.02
      vertex 21.5053 5.81799 1.02
    endloop
  endfacet
  facet normal -0 0 1
    outer loop
      vertex 21.2953 5.54999 1.02
      vertex 21.6593 5.478 1.02
      vertex 21.4128 5.681 1.02
    endloop
  endfacet
  facet normal 0 0 1
    outer loop
      vertex 21.6593 5.478 1.02
      vertex 21.2953 5.54999 1.02
      vertex 21.4406 5.265 1.02
    endloop
  endfacet
  facet normal -0 0 1
    outer loop
      vertex 21.1573 5.42274 1.02
      vertex 21.4406 5.265 1.02
      vertex 21.2953 5.54999 1.02
    endloop
  endfacet
  facet normal -0 0 1
    outer loop
      vertex 21.0033 5.295 1.02
      vertex 21.4406 5.265 1.02
      vertex 21.1573 5.42274 1.02
    endloop
  endfacet
  facet normal 0 0 1
    outer loop
      vertex 21.4406 5.265 1.02
      vertex 21.0033 5.295 1.02
      vertex 21.0843 4.95999 1.02
    endloop
  endfacet
  facet normal -0 0 1
    outer loop
      vertex 20.8413 5.1615 1.02
      vertex 21.0843 4.95999 1.02
      vertex 21.0033 5.295 1.02
    endloop
  endfacet
  facet normal 0 0 1
    outer loop
      vertex 21.0843 4.95999 1.02
      vertex 20.8413 5.1615 1.02
      vertex 20.8743 4.77625 1.02
    endloop
  endfacet
  facet normal -0 0 1
    outer loop
      vertex 20.6773 5.017 1.02
      vertex 20.8743 4.77625 1.02
      vertex 20.8413 5.1615 1.02
    endloop
  endfacet
  facet normal -0 0 1
    outer loop
      vertex 20.5171 4.85899 1.02
      vertex 20.8743 4.77625 1.02
      vertex 20.6773 5.017 1.02
    endloop
  endfacet
  facet normal 0 0 1
    outer loop
      vertex 20.8743 4.77625 1.02
      vertex 20.5171 4.85899 1.02
      vertex 20.7123 4.61099 1.02
    endloop
  endfacet
  facet normal -0 0 1
    outer loop
      vertex 20.3643 4.683 1.02
      vertex 20.7123 4.61099 1.02
      vertex 20.5171 4.85899 1.02
    endloop
  endfacet
  facet normal 0 0 1
    outer loop
      vertex 20.7123 4.61099 1.02
      vertex 20.3643 4.683 1.02
      vertex 20.5936 4.45799 1.02
    endloop
  endfacet
  facet normal -0 0 1
    outer loop
      vertex 20.2266 4.48474 1.02
      vertex 20.5936 4.45799 1.02
      vertex 20.3643 4.683 1.02
    endloop
  endfacet
  facet normal -0 0 1
    outer loop
      vertex 20.5133 4.31099 1.02
      vertex 22.0063 4 1.02
      vertex 22.0063 4.31099 1.02
    endloop
  endfacet
  facet normal 0 0 1
    outer loop
      vertex 20.5936 4.45799 1.02
      vertex 20.2266 4.48474 1.02
      vertex 20.5133 4.31099 1.02
    endloop
  endfacet
  facet normal 0 0 1
    outer loop
      vertex 20.1113 4.258 1.02
      vertex 20.5133 4.31099 1.02
      vertex 20.2266 4.48474 1.02
    endloop
  endfacet
  facet normal 0 0 1
    outer loop
      vertex 20.1113 4 1.02
      vertex 20.5133 4.31099 1.02
      vertex 20.1113 4.258 1.02
    endloop
  endfacet
  facet normal 0 0 1
    outer loop
      vertex 20.5133 4.31099 1.02
      vertex 20.1113 4 1.02
      vertex 22.0063 4 1.02
    endloop
  endfacet
  facet normal 0 0 1
    outer loop
      vertex 23.211 6.53099 1.02
      vertex 23.579 6.87999 1.02
      vertex 23.242 6.87999 1.02
    endloop
  endfacet
  facet normal -0 0 1
    outer loop
      vertex 23.579 4.31099 1.02
      vertex 24.275 4 1.02
      vertex 24.275 4.31099 1.02
    endloop
  endfacet
  facet normal 0 0 1
    outer loop
      vertex 23.579 6.87999 1.02
      vertex 23.211 6.53099 1.02
      vertex 23.579 4.31099 1.02
    endloop
  endfacet
  facet normal 0 0 1
    outer loop
      vertex 23.211 4.31099 1.02
      vertex 23.579 4.31099 1.02
      vertex 23.211 6.53099 1.02
    endloop
  endfacet
  facet normal -0 0 1
    outer loop
      vertex 23.211 4.31099 1.02
      vertex 24.275 4 1.02
      vertex 23.579 4.31099 1.02
    endloop
  endfacet
  facet normal 0 0 1
    outer loop
      vertex 22.482 4 1.02
      vertex 23.211 4.31099 1.02
      vertex 22.482 4.31099 1.02
    endloop
  endfacet
  facet normal 0 0 1
    outer loop
      vertex 23.211 4.31099 1.02
      vertex 22.482 4 1.02
      vertex 24.275 4 1.02
    endloop
  endfacet
  facet normal 0 0 1
    outer loop
      vertex 22.565 6.39299 1.02
      vertex 23.211 6.53099 1.02
      vertex 23.242 6.87999 1.02
    endloop
  endfacet
  facet normal 0 0 1
    outer loop
      vertex 23.211 6.53099 1.02
      vertex 22.565 6.39299 1.02
      vertex 22.565 6.04799 1.02
    endloop
  endfacet
  facet normal 0 0 1
    outer loop
      vertex 30.9047 6.41124 1.02
      vertex 30.5379 6.28374 1.02
      vertex 30.5805 6.06799 1.02
    endloop
  endfacet
  facet normal 0 0 1
    outer loop
      vertex 30.7075 6.66599 1.02
      vertex 30.4104 6.44099 1.02
      vertex 30.5379 6.28374 1.02
    endloop
  endfacet
  facet normal 0 0 1
    outer loop
      vertex 30.3892 6.82649 1.02
      vertex 30.4104 6.44099 1.02
      vertex 30.7075 6.66599 1.02
    endloop
  endfacet
  facet normal 0 0 1
    outer loop
      vertex 30.3892 6.82649 1.02
      vertex 30.2039 6.53699 1.02
      vertex 30.4104 6.44099 1.02
    endloop
  endfacet
  facet normal 0 0 1
    outer loop
      vertex 29.9604 6.87999 1.02
      vertex 30.2039 6.53699 1.02
      vertex 30.3892 6.82649 1.02
    endloop
  endfacet
  facet normal 0 0 1
    outer loop
      vertex 29.9604 6.87999 1.02
      vertex 29.9225 6.56898 1.02
      vertex 30.2039 6.53699 1.02
    endloop
  endfacet
  facet normal 0 0 1
    outer loop
      vertex 29.9604 6.87999 1.02
      vertex 29.0014 6.56898 1.02
      vertex 29.9225 6.56898 1.02
    endloop
  endfacet
  facet normal 0 0 1
    outer loop
      vertex 28.6134 6.87999 1.02
      vertex 29.0014 5.536 1.02
      vertex 29.0014 6.56898 1.02
    endloop
  endfacet
  facet normal 0 0 1
    outer loop
      vertex 28.6134 4 1.02
      vertex 29.0014 5.536 1.02
      vertex 28.6134 6.87999 1.02
    endloop
  endfacet
  facet normal -0 0 1
    outer loop
      vertex 28.6134 6.87999 1.02
      vertex 29.0014 6.56898 1.02
      vertex 29.9604 6.87999 1.02
    endloop
  endfacet
  facet normal 0 0 1
    outer loop
      vertex 29.0014 5.536 1.02
      vertex 28.6134 4 1.02
      vertex 29.0014 5.22899 1.02
    endloop
  endfacet
  facet normal 0 0 1
    outer loop
      vertex 29.0014 5.22899 1.02
      vertex 28.6134 4 1.02
      vertex 29.0014 4 1.02
    endloop
  endfacet
  facet normal 0 0 1
    outer loop
      vertex 30.5805 6.06799 1.02
      vertex 30.9705 6.073 1.02
      vertex 30.9047 6.41124 1.02
    endloop
  endfacet
  facet normal 0 0 1
    outer loop
      vertex 30.9705 6.073 1.02
      vertex 30.5805 6.06799 1.02
      vertex 30.924 5.78374 1.02
    endloop
  endfacet
  facet normal 0 0 1
    outer loop
      vertex 30.5379 6.28374 1.02
      vertex 30.9047 6.41124 1.02
      vertex 30.7075 6.66599 1.02
    endloop
  endfacet
  facet normal -0 0 1
    outer loop
      vertex 30.5385 5.84399 1.02
      vertex 30.924 5.78374 1.02
      vertex 30.5805 6.06799 1.02
    endloop
  endfacet
  facet normal 0 0 1
    outer loop
      vertex 30.924 5.78374 1.02
      vertex 30.5385 5.84399 1.02
      vertex 30.7845 5.54399 1.02
    endloop
  endfacet
  facet normal -0 0 1
    outer loop
      vertex 30.4125 5.67599 1.02
      vertex 30.7845 5.54399 1.02
      vertex 30.5385 5.84399 1.02
    endloop
  endfacet
  facet normal 0 0 1
    outer loop
      vertex 30.7845 5.54399 1.02
      vertex 30.4125 5.67599 1.02
      vertex 30.5632 5.36949 1.02
    endloop
  endfacet
  facet normal -0 0 1
    outer loop
      vertex 30.2104 5.571 1.02
      vertex 30.5632 5.36949 1.02
      vertex 30.4125 5.67599 1.02
    endloop
  endfacet
  facet normal 0 0 1
    outer loop
      vertex 30.5632 5.36949 1.02
      vertex 30.2104 5.571 1.02
      vertex 30.2715 5.27399 1.02
    endloop
  endfacet
  facet normal 0 0 1
    outer loop
      vertex 30.2715 5.27399 1.02
      vertex 30.6365 4 1.02
      vertex 31.0835 4 1.02
    endloop
  endfacet
  facet normal -0 0 1
    outer loop
      vertex 29.9384 5.536 1.02
      vertex 30.2715 5.27399 1.02
      vertex 30.2104 5.571 1.02
    endloop
  endfacet
  facet normal 0 0 1
    outer loop
      vertex 29.8934 5.22899 1.02
      vertex 30.2715 5.27399 1.02
      vertex 29.9384 5.536 1.02
    endloop
  endfacet
  facet normal 0 0 1
    outer loop
      vertex 30.2715 5.27399 1.02
      vertex 29.8934 5.22899 1.02
      vertex 30.6365 4 1.02
    endloop
  endfacet
  facet normal -0 0 1
    outer loop
      vertex 29.0014 5.536 1.02
      vertex 29.8934 5.22899 1.02
      vertex 29.9384 5.536 1.02
    endloop
  endfacet
  facet normal 0 0 1
    outer loop
      vertex 29.8934 5.22899 1.02
      vertex 29.0014 5.536 1.02
      vertex 29.0014 5.22899 1.02
    endloop
  endfacet
  facet normal -0 0 1
    outer loop
      vertex 27.5576 6.13899 1.02
      vertex 27.9118 5.95224 1.02
      vertex 27.9476 6.18599 1.02
    endloop
  endfacet
  facet normal -0 0 1
    outer loop
      vertex 27.5178 6.33699 1.02
      vertex 27.9476 6.18599 1.02
      vertex 27.6956 6.7065 1.02
    endloop
  endfacet
  facet normal 0 0 1
    outer loop
      vertex 27.5191 5.92824 1.02
      vertex 27.9118 5.95224 1.02
      vertex 27.5576 6.13899 1.02
    endloop
  endfacet
  facet normal 0 0 1
    outer loop
      vertex 27.9118 5.95224 1.02
      vertex 27.5191 5.92824 1.02
      vertex 27.8046 5.75899 1.02
    endloop
  endfacet
  facet normal 0 0 1
    outer loop
      vertex 27.9476 6.18599 1.02
      vertex 27.5178 6.33699 1.02
      vertex 27.5576 6.13899 1.02
    endloop
  endfacet
  facet normal 0 0 1
    outer loop
      vertex 27.6956 6.7065 1.02
      vertex 27.3986 6.46899 1.02
      vertex 27.5178 6.33699 1.02
    endloop
  endfacet
  facet normal 0 0 1
    outer loop
      vertex 27.6956 6.7065 1.02
      vertex 27.2048 6.54399 1.02
      vertex 27.3986 6.46899 1.02
    endloop
  endfacet
  facet normal 0 0 1
    outer loop
      vertex 26.9396 6.87999 1.02
      vertex 27.2048 6.54399 1.02
      vertex 27.6956 6.7065 1.02
    endloop
  endfacet
  facet normal 0 0 1
    outer loop
      vertex 26.9396 6.87999 1.02
      vertex 26.9396 6.56898 1.02
      vertex 27.2048 6.54399 1.02
    endloop
  endfacet
  facet normal 0 0 1
    outer loop
      vertex 26.9396 6.87999 1.02
      vertex 26.2876 6.56898 1.02
      vertex 26.9396 6.56898 1.02
    endloop
  endfacet
  facet normal 0 0 1
    outer loop
      vertex 25.8996 6.87999 1.02
      vertex 26.2876 5.66399 1.02
      vertex 26.2876 6.56898 1.02
    endloop
  endfacet
  facet normal 0 0 1
    outer loop
      vertex 26.2876 5.66399 1.02
      vertex 25.8996 6.87999 1.02
      vertex 26.2876 5.36099 1.02
    endloop
  endfacet
  facet normal 0 0 1
    outer loop
      vertex 25.8996 4 1.02
      vertex 26.2876 5.36099 1.02
      vertex 25.8996 6.87999 1.02
    endloop
  endfacet
  facet normal -0 0 1
    outer loop
      vertex 25.8996 6.87999 1.02
      vertex 26.2876 6.56898 1.02
      vertex 26.9396 6.87999 1.02
    endloop
  endfacet
  facet normal 0 0 1
    outer loop
      vertex 27.8046 5.75899 1.02
      vertex 27.5191 5.92824 1.02
      vertex 27.6331 5.61525 1.02
    endloop
  endfacet
  facet normal -0 0 1
    outer loop
      vertex 27.4036 5.78 1.02
      vertex 27.6331 5.61525 1.02
      vertex 27.5191 5.92824 1.02
    endloop
  endfacet
  facet normal 0 0 1
    outer loop
      vertex 27.4036 5.78 1.02
      vertex 27.4026 5.528 1.02
      vertex 27.6331 5.61525 1.02
    endloop
  endfacet
  facet normal 0 -0 1
    outer loop
      vertex 27.4026 5.528 1.02
      vertex 27.4036 5.78 1.02
      vertex 27.2111 5.69299 1.02
    endloop
  endfacet
  facet normal -0 0 1
    outer loop
      vertex 27.7216 4.84599 1.02
      vertex 28.1136 4.81599 1.02
      vertex 28.0673 5.08099 1.02
    endloop
  endfacet
  facet normal 0 0 1
    outer loop
      vertex 27.7216 4.84599 1.02
      vertex 28.0673 5.08099 1.02
      vertex 27.9286 5.29599 1.02
    endloop
  endfacet
  facet normal 0 0 1
    outer loop
      vertex 27.6808 4.61275 1.02
      vertex 28.1136 4.81599 1.02
      vertex 27.7216 4.84599 1.02
    endloop
  endfacet
  facet normal 0 0 1
    outer loop
      vertex 28.1136 4.81599 1.02
      vertex 27.6808 4.61275 1.02
      vertex 28.0438 4.47275 1.02
    endloop
  endfacet
  facet normal 0 0 1
    outer loop
      vertex 27.5438 5.23224 1.02
      vertex 27.9286 5.29599 1.02
      vertex 27.7046 5.44949 1.02
    endloop
  endfacet
  facet normal 0 0 1
    outer loop
      vertex 27.9286 5.29599 1.02
      vertex 27.5438 5.23224 1.02
      vertex 27.7216 4.84599 1.02
    endloop
  endfacet
  facet normal 0 0 1
    outer loop
      vertex 27.4026 5.528 1.02
      vertex 27.5438 5.23224 1.02
      vertex 27.7046 5.44949 1.02
    endloop
  endfacet
  facet normal 0 0 1
    outer loop
      vertex 27.0106 5.36099 1.02
      vertex 27.4026 5.528 1.02
      vertex 27.2111 5.69299 1.02
    endloop
  endfacet
  facet normal 0 0 1
    outer loop
      vertex 27.4026 5.528 1.02
      vertex 27.0106 5.36099 1.02
      vertex 27.5438 5.23224 1.02
    endloop
  endfacet
  facet normal -0 0 1
    outer loop
      vertex 26.9396 5.66399 1.02
      vertex 27.0106 5.36099 1.02
      vertex 27.2111 5.69299 1.02
    endloop
  endfacet
  facet normal 0 0 1
    outer loop
      vertex 26.2876 5.36099 1.02
      vertex 26.9396 5.66399 1.02
      vertex 26.2876 5.66399 1.02
    endloop
  endfacet
  facet normal 0 0 1
    outer loop
      vertex 26.9396 5.66399 1.02
      vertex 26.2876 5.36099 1.02
      vertex 27.0106 5.36099 1.02
    endloop
  endfacet
  facet normal 0 0 1
    outer loop
      vertex 28.0438 4.47275 1.02
      vertex 27.6808 4.61275 1.02
      vertex 27.8346 4.215 1.02
    endloop
  endfacet
  facet normal -0 0 1
    outer loop
      vertex 27.5586 4.44499 1.02
      vertex 27.8346 4.215 1.02
      vertex 27.6808 4.61275 1.02
    endloop
  endfacet
  facet normal 0 0 1
    outer loop
      vertex 27.5586 4.44499 1.02
      vertex 27.5023 4.05374 1.02
      vertex 27.8346 4.215 1.02
    endloop
  endfacet
  facet normal -0 0 1
    outer loop
      vertex 27.3483 4.3445 1.02
      vertex 27.5023 4.05374 1.02
      vertex 27.5586 4.44499 1.02
    endloop
  endfacet
  facet normal 0 0 1
    outer loop
      vertex 27.3483 4.3445 1.02
      vertex 27.0616 4 1.02
      vertex 27.5023 4.05374 1.02
    endloop
  endfacet
  facet normal -0 0 1
    outer loop
      vertex 27.0416 4.31099 1.02
      vertex 27.0616 4 1.02
      vertex 27.3483 4.3445 1.02
    endloop
  endfacet
  facet normal -0 0 1
    outer loop
      vertex 26.2876 4.31099 1.02
      vertex 27.0616 4 1.02
      vertex 27.0416 4.31099 1.02
    endloop
  endfacet
  facet normal 0 0 1
    outer loop
      vertex 26.2876 4.31099 1.02
      vertex 25.8996 4 1.02
      vertex 27.0616 4 1.02
    endloop
  endfacet
  facet normal 0 0 1
    outer loop
      vertex 26.2876 5.36099 1.02
      vertex 25.8996 4 1.02
      vertex 26.2876 4.31099 1.02
    endloop
  endfacet
  facet normal 0 0 1
    outer loop
      vertex 12.3875 5.70824 1.02
      vertex 12.715 5.84674 1.02
      vertex 12.5335 6.06 1.02
    endloop
  endfacet
  facet normal 0 -0 1
    outer loop
      vertex 12.4375 5.536 1.02
      vertex 12.715 5.84674 1.02
      vertex 12.3875 5.70824 1.02
    endloop
  endfacet
  facet normal 0 0 1
    outer loop
      vertex 12.715 5.84674 1.02
      vertex 12.4375 5.536 1.02
      vertex 12.8135 5.56499 1.02
    endloop
  endfacet
  facet normal 0 0 1
    outer loop
      vertex 12.5335 6.06 1.02
      vertex 12.2935 5.84099 1.02
      vertex 12.3875 5.70824 1.02
    endloop
  endfacet
  facet normal 0 0 1
    outer loop
      vertex 12.2827 6.19499 1.02
      vertex 12.2935 5.84099 1.02
      vertex 12.5335 6.06 1.02
    endloop
  endfacet
  facet normal 0 0 1
    outer loop
      vertex 12.2827 6.19499 1.02
      vertex 12.1532 5.92574 1.02
      vertex 12.2935 5.84099 1.02
    endloop
  endfacet
  facet normal 0 0 1
    outer loop
      vertex 11.9745 6.23999 1.02
      vertex 12.1532 5.92574 1.02
      vertex 12.2827 6.19499 1.02
    endloop
  endfacet
  facet normal 0 0 1
    outer loop
      vertex 11.9745 6.23999 1.02
      vertex 11.9645 5.95399 1.02
      vertex 12.1532 5.92574 1.02
    endloop
  endfacet
  facet normal 0 0 1
    outer loop
      vertex 11.9745 6.23999 1.02
      vertex 11.7145 5.905 1.02
      vertex 11.9645 5.95399 1.02
    endloop
  endfacet
  facet normal -0 0 1
    outer loop
      vertex 11.5722 6.16624 1.02
      vertex 11.7145 5.905 1.02
      vertex 11.9745 6.23999 1.02
    endloop
  endfacet
  facet normal 0 0 1
    outer loop
      vertex 11.5722 6.16624 1.02
      vertex 11.5445 5.758 1.02
      vertex 11.7145 5.905 1.02
    endloop
  endfacet
  facet normal -0 0 1
    outer loop
      vertex 11.2755 5.94499 1.02
      vertex 11.5445 5.758 1.02
      vertex 11.5722 6.16624 1.02
    endloop
  endfacet
  facet normal 0 0 1
    outer loop
      vertex 11.5445 5.758 1.02
      vertex 11.0932 5.58424 1.02
      vertex 11.447 5.495 1.02
    endloop
  endfacet
  facet normal 0 0 1
    outer loop
      vertex 11.0932 5.58424 1.02
      vertex 11.5445 5.758 1.02
      vertex 11.2755 5.94499 1.02
    endloop
  endfacet
  facet normal 0 0 1
    outer loop
      vertex 12.4565 4.64 1.02
      vertex 12.7365 4.33725 1.02
      vertex 12.8255 4.616 1.02
    endloop
  endfacet
  facet normal 0 0 1
    outer loop
      vertex 12.7365 4.33725 1.02
      vertex 12.4565 4.64 1.02
      vertex 12.4012 4.45549 1.02
    endloop
  endfacet
  facet normal 0 0 1
    outer loop
      vertex 12.7365 4.33725 1.02
      vertex 12.4012 4.45549 1.02
      vertex 12.5555 4.12099 1.02
    endloop
  endfacet
  facet normal -0 0 1
    outer loop
      vertex 12.2955 4.32599 1.02
      vertex 12.5555 4.12099 1.02
      vertex 12.4012 4.45549 1.02
    endloop
  endfacet
  facet normal 0 0 1
    outer loop
      vertex 12.5555 4.12099 1.02
      vertex 12.2955 4.32599 1.02
      vertex 12.2977 3.98225 1.02
    endloop
  endfacet
  facet normal -0 0 1
    outer loop
      vertex 12.1485 4.2495 1.02
      vertex 12.2977 3.98225 1.02
      vertex 12.2955 4.32599 1.02
    endloop
  endfacet
  facet normal 0 0 1
    outer loop
      vertex 12.1485 4.2495 1.02
      vertex 11.9785 3.936 1.02
      vertex 12.2977 3.98225 1.02
    endloop
  endfacet
  facet normal -0 0 1
    outer loop
      vertex 11.9695 4.224 1.02
      vertex 11.9785 3.936 1.02
      vertex 12.1485 4.2495 1.02
    endloop
  endfacet
  facet normal 0 0 1
    outer loop
      vertex 11.7257 4.2775 1.02
      vertex 11.9785 3.936 1.02
      vertex 11.9695 4.224 1.02
    endloop
  endfacet
  facet normal 0 0 1
    outer loop
      vertex 11.7257 4.2775 1.02
      vertex 11.572 4.00949 1.02
      vertex 11.9785 3.936 1.02
    endloop
  endfacet
  facet normal 0 0 1
    outer loop
      vertex 11.5525 4.43799 1.02
      vertex 11.572 4.00949 1.02
      vertex 11.7257 4.2775 1.02
    endloop
  endfacet
  facet normal -0 0 1
    outer loop
      vertex 11.093 4.5925 1.02
      vertex 11.5525 4.43799 1.02
      vertex 11.449 4.71049 1.02
    endloop
  endfacet
  facet normal 0 0 1
    outer loop
      vertex 11.0325 5.09 1.02
      vertex 11.447 5.495 1.02
      vertex 11.0932 5.58424 1.02
    endloop
  endfacet
  facet normal 0 0 1
    outer loop
      vertex 11.5525 4.43799 1.02
      vertex 11.2745 4.23 1.02
      vertex 11.572 4.00949 1.02
    endloop
  endfacet
  facet normal 0 0 1
    outer loop
      vertex 11.447 5.495 1.02
      vertex 11.0325 5.09 1.02
      vertex 11.4145 5.09799 1.02
    endloop
  endfacet
  facet normal 0 0 1
    outer loop
      vertex 11.4145 5.09799 1.02
      vertex 11.0325 5.09 1.02
      vertex 11.449 4.71049 1.02
    endloop
  endfacet
  facet normal 0 -0 1
    outer loop
      vertex 11.093 4.5925 1.02
      vertex 11.449 4.71049 1.02
      vertex 11.0325 5.09 1.02
    endloop
  endfacet
  facet normal 0 0 1
    outer loop
      vertex 11.5525 4.43799 1.02
      vertex 11.093 4.5925 1.02
      vertex 11.2745 4.23 1.02
    endloop
  endfacet
  facet normal -0.887734 0.460356 0
    outer loop
      vertex 13.6009 3.59026 1.02
      vertex 13.8336 4.03899 3
      vertex 13.8336 4.03899 1.02
    endloop
  endfacet
  facet normal -0.887734 0.460356 0
    outer loop
      vertex 13.8336 4.03899 3
      vertex 13.6009 3.59026 1.02
      vertex 13.6009 3.59026 3
    endloop
  endfacet
  facet normal -0.962949 0.269684 0
    outer loop
      vertex 13.8336 4.03899 1.02
      vertex 13.9716 4.53174 3
      vertex 13.9716 4.53174 1.02
    endloop
  endfacet
  facet normal -0.962949 0.269684 0
    outer loop
      vertex 13.9716 4.53174 3
      vertex 13.8336 4.03899 1.02
      vertex 13.8336 4.03899 3
    endloop
  endfacet
  facet normal -0.996549 0.0830067 0
    outer loop
      vertex 13.9716 4.53174 1.02
      vertex 14.0176 5.084 3
      vertex 14.0176 5.084 1.02
    endloop
  endfacet
  facet normal -0.996549 0.0830067 0
    outer loop
      vertex 14.0176 5.084 3
      vertex 13.9716 4.53174 1.02
      vertex 13.9716 4.53174 3
    endloop
  endfacet
  facet normal -1 0 0
    outer loop
      vertex 14.0176 5.084 1.02
      vertex 14.0176 5.092 3
      vertex 14.0176 5.092 1.02
    endloop
  endfacet
  facet normal -1 -0 0
    outer loop
      vertex 14.0176 5.092 3
      vertex 14.0176 5.084 1.02
      vertex 14.0176 5.084 3
    endloop
  endfacet
  facet normal -0.996556 -0.0829193 0
    outer loop
      vertex 14.0176 5.092 1.02
      vertex 13.9719 5.64124 3
      vertex 13.9719 5.64124 1.02
    endloop
  endfacet
  facet normal -0.996556 -0.0829193 0
    outer loop
      vertex 13.9719 5.64124 3
      vertex 14.0176 5.092 1.02
      vertex 14.0176 5.092 3
    endloop
  endfacet
  facet normal -0.963164 -0.268916 0
    outer loop
      vertex 13.9719 5.64124 1.02
      vertex 13.8346 6.133 3
      vertex 13.8346 6.133 1.02
    endloop
  endfacet
  facet normal -0.963164 -0.268916 0
    outer loop
      vertex 13.8346 6.133 3
      vertex 13.9719 5.64124 1.02
      vertex 13.9719 5.64124 3
    endloop
  endfacet
  facet normal -0.888733 -0.458425 0
    outer loop
      vertex 13.8346 6.133 1.02
      vertex 13.6021 6.58374 3
      vertex 13.6021 6.58374 1.02
    endloop
  endfacet
  facet normal -0.888733 -0.458425 0
    outer loop
      vertex 13.6021 6.58374 3
      vertex 13.8346 6.133 1.02
      vertex 13.8346 6.133 3
    endloop
  endfacet
  facet normal -0.786181 -0.617997 0
    outer loop
      vertex 13.6021 6.58374 1.02
      vertex 13.2686 7.008 3
      vertex 13.2686 7.008 1.02
    endloop
  endfacet
  facet normal -0.786181 -0.617997 0
    outer loop
      vertex 13.2686 7.008 3
      vertex 13.6021 6.58374 1.02
      vertex 13.6021 6.58374 3
    endloop
  endfacet
  facet normal 0 -1 0
    outer loop
      vertex 12.9146 7.008 1.02
      vertex 13.2686 7.008 3
      vertex 12.9146 7.008 3
    endloop
  endfacet
  facet normal 0 -1 -0
    outer loop
      vertex 13.2686 7.008 3
      vertex 12.9146 7.008 1.02
      vertex 13.2686 7.008 1.02
    endloop
  endfacet
  facet normal 0.79579 0.605572 0
    outer loop
      vertex 13.2441 6.575 3
      vertex 12.9146 7.008 1.02
      vertex 12.9146 7.008 3
    endloop
  endfacet
  facet normal 0.79579 0.605572 0
    outer loop
      vertex 12.9146 7.008 1.02
      vertex 13.2441 6.575 3
      vertex 13.2441 6.575 1.02
    endloop
  endfacet
  facet normal 0.894427 0.447214 0
    outer loop
      vertex 13.4726 6.118 3
      vertex 13.2441 6.575 1.02
      vertex 13.2441 6.575 3
    endloop
  endfacet
  facet normal 0.894427 0.447214 0
    outer loop
      vertex 13.2441 6.575 1.02
      vertex 13.4726 6.118 3
      vertex 13.4726 6.118 1.02
    endloop
  endfacet
  facet normal 0.965035 0.26212 0
    outer loop
      vertex 13.6061 5.6265 3
      vertex 13.4726 6.118 1.02
      vertex 13.4726 6.118 3
    endloop
  endfacet
  facet normal 0.965035 0.26212 0
    outer loop
      vertex 13.4726 6.118 1.02
      vertex 13.6061 5.6265 3
      vertex 13.6061 5.6265 1.02
    endloop
  endfacet
  facet normal 0.996603 0.0823562 0
    outer loop
      vertex 13.6506 5.088 3
      vertex 13.6061 5.6265 1.02
      vertex 13.6061 5.6265 3
    endloop
  endfacet
  facet normal 0.996603 0.0823562 0
    outer loop
      vertex 13.6061 5.6265 1.02
      vertex 13.6506 5.088 3
      vertex 13.6506 5.088 1.02
    endloop
  endfacet
  facet normal 0.996648 -0.0818048 0
    outer loop
      vertex 13.6064 4.5495 3
      vertex 13.6506 5.088 1.02
      vertex 13.6506 5.088 3
    endloop
  endfacet
  facet normal 0.996648 -0.0818048 0
    outer loop
      vertex 13.6506 5.088 1.02
      vertex 13.6064 4.5495 3
      vertex 13.6064 4.5495 1.02
    endloop
  endfacet
  facet normal 0.965382 -0.26084 0
    outer loop
      vertex 13.4736 4.058 3
      vertex 13.6064 4.5495 1.02
      vertex 13.6064 4.5495 3
    endloop
  endfacet
  facet normal 0.965382 -0.26084 0
    outer loop
      vertex 13.6064 4.5495 1.02
      vertex 13.4736 4.058 3
      vertex 13.4736 4.058 1.02
    endloop
  endfacet
  facet normal 0.894266 -0.447535 0
    outer loop
      vertex 13.2454 3.60201 3
      vertex 13.4736 4.058 1.02
      vertex 13.4736 4.058 3
    endloop
  endfacet
  facet normal 0.894266 -0.447535 0
    outer loop
      vertex 13.4736 4.058 1.02
      vertex 13.2454 3.60201 3
      vertex 13.2454 3.60201 1.02
    endloop
  endfacet
  facet normal 0.795314 -0.606198 0
    outer loop
      vertex 12.9146 3.16801 3
      vertex 13.2454 3.60201 1.02
      vertex 13.2454 3.60201 3
    endloop
  endfacet
  facet normal 0.795314 -0.606198 0
    outer loop
      vertex 13.2454 3.60201 1.02
      vertex 12.9146 3.16801 3
      vertex 12.9146 3.16801 1.02
    endloop
  endfacet
  facet normal 0 1 -0
    outer loop
      vertex 13.2686 3.16801 1.02
      vertex 12.9146 3.16801 3
      vertex 13.2686 3.16801 3
    endloop
  endfacet
  facet normal 0 1 0
    outer loop
      vertex 12.9146 3.16801 3
      vertex 13.2686 3.16801 1.02
      vertex 12.9146 3.16801 1.02
    endloop
  endfacet
  facet normal -0.785837 0.618434 0
    outer loop
      vertex 13.2686 3.16801 1.02
      vertex 13.6009 3.59026 3
      vertex 13.6009 3.59026 1.02
    endloop
  endfacet
  facet normal -0.785837 0.618434 0
    outer loop
      vertex 13.6009 3.59026 3
      vertex 13.2686 3.16801 1.02
      vertex 13.2686 3.16801 3
    endloop
  endfacet
  facet normal -0.895208 -0.445649 0
    outer loop
      vertex 10.529 3.604 1.02
      vertex 10.301 4.062 3
      vertex 10.301 4.062 1.02
    endloop
  endfacet
  facet normal -0.895208 -0.445649 0
    outer loop
      vertex 10.301 4.062 3
      vertex 10.529 3.604 1.02
      vertex 10.529 3.604 3
    endloop
  endfacet
  facet normal -0.966054 -0.258341 0
    outer loop
      vertex 10.301 4.062 1.02
      vertex 10.1697 4.55299 3
      vertex 10.1697 4.55299 1.02
    endloop
  endfacet
  facet normal -0.966054 -0.258341 0
    outer loop
      vertex 10.1697 4.55299 3
      vertex 10.301 4.062 1.02
      vertex 10.301 4.062 3
    endloop
  endfacet
  facet normal -0.996681 -0.0814096 0
    outer loop
      vertex 10.1697 4.55299 1.02
      vertex 10.126 5.088 3
      vertex 10.126 5.088 1.02
    endloop
  endfacet
  facet normal -0.996681 -0.0814096 0
    outer loop
      vertex 10.126 5.088 3
      vertex 10.1697 4.55299 1.02
      vertex 10.1697 4.55299 3
    endloop
  endfacet
  facet normal -0.99663 0.0820317 0
    outer loop
      vertex 10.126 5.088 1.02
      vertex 10.1702 5.625 3
      vertex 10.1702 5.625 1.02
    endloop
  endfacet
  facet normal -0.99663 0.0820317 0
    outer loop
      vertex 10.1702 5.625 3
      vertex 10.126 5.088 1.02
      vertex 10.126 5.088 3
    endloop
  endfacet
  facet normal -0.965582 0.2601 0
    outer loop
      vertex 10.1702 5.625 1.02
      vertex 10.303 6.118 3
      vertex 10.303 6.118 1.02
    endloop
  endfacet
  facet normal -0.965582 0.2601 0
    outer loop
      vertex 10.303 6.118 3
      vertex 10.1702 5.625 1.02
      vertex 10.1702 5.625 3
    endloop
  endfacet
  facet normal -0.894814 0.44644 0
    outer loop
      vertex 10.303 6.118 1.02
      vertex 10.5315 6.57599 3
      vertex 10.5315 6.57599 1.02
    endloop
  endfacet
  facet normal -0.894814 0.44644 0
    outer loop
      vertex 10.5315 6.57599 3
      vertex 10.303 6.118 1.02
      vertex 10.303 6.118 3
    endloop
  endfacet
  facet normal -0.795122 0.60645 0
    outer loop
      vertex 10.5315 6.57599 1.02
      vertex 10.861 7.008 3
      vertex 10.861 7.008 1.02
    endloop
  endfacet
  facet normal -0.795122 0.60645 0
    outer loop
      vertex 10.861 7.008 3
      vertex 10.5315 6.57599 1.02
      vertex 10.5315 6.57599 3
    endloop
  endfacet
  facet normal 0 -1 0
    outer loop
      vertex 10.508 7.008 1.02
      vertex 10.861 7.008 3
      vertex 10.508 7.008 3
    endloop
  endfacet
  facet normal 0 -1 -0
    outer loop
      vertex 10.861 7.008 3
      vertex 10.508 7.008 1.02
      vertex 10.861 7.008 1.02
    endloop
  endfacet
  facet normal 0.785841 -0.618428 0
    outer loop
      vertex 10.1755 6.58549 3
      vertex 10.508 7.008 1.02
      vertex 10.508 7.008 3
    endloop
  endfacet
  facet normal 0.785841 -0.618428 0
    outer loop
      vertex 10.508 7.008 1.02
      vertex 10.1755 6.58549 3
      vertex 10.1755 6.58549 1.02
    endloop
  endfacet
  facet normal 0.887403 -0.460995 0
    outer loop
      vertex 9.94199 6.13599 3
      vertex 10.1755 6.58549 1.02
      vertex 10.1755 6.58549 3
    endloop
  endfacet
  facet normal 0.887403 -0.460995 0
    outer loop
      vertex 10.1755 6.58549 1.02
      vertex 9.94199 6.13599 3
      vertex 9.94199 6.13599 1.02
    endloop
  endfacet
  facet normal 0.962841 -0.270071 0
    outer loop
      vertex 9.80399 5.644 3
      vertex 9.94199 6.13599 1.02
      vertex 9.94199 6.13599 3
    endloop
  endfacet
  facet normal 0.962841 -0.270071 0
    outer loop
      vertex 9.94199 6.13599 1.02
      vertex 9.80399 5.644 3
      vertex 9.80399 5.644 1.02
    endloop
  endfacet
  facet normal 0.996547 -0.0830276 0
    outer loop
      vertex 9.758 5.092 3
      vertex 9.80399 5.644 1.02
      vertex 9.80399 5.644 3
    endloop
  endfacet
  facet normal 0.996547 -0.0830276 0
    outer loop
      vertex 9.80399 5.644 1.02
      vertex 9.758 5.092 3
      vertex 9.758 5.092 1.02
    endloop
  endfacet
  facet normal 1 -0 0
    outer loop
      vertex 9.758 5.084 3
      vertex 9.758 5.092 1.02
      vertex 9.758 5.092 3
    endloop
  endfacet
  facet normal 1 0 0
    outer loop
      vertex 9.758 5.092 1.02
      vertex 9.758 5.084 3
      vertex 9.758 5.084 1.02
    endloop
  endfacet
  facet normal 0.996554 0.0829494 0
    outer loop
      vertex 9.80374 4.53448 3
      vertex 9.758 5.084 1.02
      vertex 9.758 5.084 3
    endloop
  endfacet
  facet normal 0.996554 0.0829494 0
    outer loop
      vertex 9.758 5.084 1.02
      vertex 9.80374 4.53448 3
      vertex 9.80374 4.53448 1.02
    endloop
  endfacet
  facet normal 0.963292 0.268456 0
    outer loop
      vertex 9.94099 4.04199 3
      vertex 9.80374 4.53448 1.02
      vertex 9.80374 4.53448 3
    endloop
  endfacet
  facet normal 0.963292 0.268456 0
    outer loop
      vertex 9.80374 4.53448 1.02
      vertex 9.94099 4.04199 3
      vertex 9.94099 4.04199 1.02
    endloop
  endfacet
  facet normal 0.887846 0.460141 0
    outer loop
      vertex 10.1742 3.59201 3
      vertex 9.94099 4.04199 1.02
      vertex 9.94099 4.04199 3
    endloop
  endfacet
  facet normal 0.887846 0.460141 0
    outer loop
      vertex 9.94099 4.04199 1.02
      vertex 10.1742 3.59201 3
      vertex 10.1742 3.59201 1.02
    endloop
  endfacet
  facet normal 0.785726 0.618574 0
    outer loop
      vertex 10.508 3.16801 3
      vertex 10.1742 3.59201 1.02
      vertex 10.1742 3.59201 3
    endloop
  endfacet
  facet normal 0.785726 0.618574 0
    outer loop
      vertex 10.1742 3.59201 1.02
      vertex 10.508 3.16801 3
      vertex 10.508 3.16801 1.02
    endloop
  endfacet
  facet normal 0 1 -0
    outer loop
      vertex 10.861 3.16801 1.02
      vertex 10.508 3.16801 3
      vertex 10.861 3.16801 3
    endloop
  endfacet
  facet normal 0 1 0
    outer loop
      vertex 10.508 3.16801 3
      vertex 10.861 3.16801 1.02
      vertex 10.508 3.16801 1.02
    endloop
  endfacet
  facet normal -0.795593 -0.605832 0
    outer loop
      vertex 10.861 3.16801 1.02
      vertex 10.529 3.604 3
      vertex 10.529 3.604 1.02
    endloop
  endfacet
  facet normal -0.795593 -0.605832 0
    outer loop
      vertex 10.529 3.604 3
      vertex 10.861 3.16801 1.02
      vertex 10.861 3.16801 3
    endloop
  endfacet
  facet normal -0.379548 0.925172 0
    outer loop
      vertex 36.2738 4.125 1.02
      vertex 35.9283 3.98326 3
      vertex 36.2738 4.125 3
    endloop
  endfacet
  facet normal -0.379548 0.925172 0
    outer loop
      vertex 35.9283 3.98326 3
      vertex 36.2738 4.125 1.02
      vertex 35.9283 3.98326 1.02
    endloop
  endfacet
  facet normal -0.633193 0.773994 0
    outer loop
      vertex 36.558 4.3575 1.02
      vertex 36.2738 4.125 3
      vertex 36.558 4.3575 3
    endloop
  endfacet
  facet normal -0.633193 0.773994 0
    outer loop
      vertex 36.2738 4.125 3
      vertex 36.558 4.3575 1.02
      vertex 36.2738 4.125 1.02
    endloop
  endfacet
  facet normal -0.832283 0.554351 0
    outer loop
      vertex 36.558 4.3575 1.02
      vertex 36.7708 4.67699 3
      vertex 36.7708 4.67699 1.02
    endloop
  endfacet
  facet normal -0.832283 0.554351 0
    outer loop
      vertex 36.7708 4.67699 3
      vertex 36.558 4.3575 1.02
      vertex 36.558 4.3575 3
    endloop
  endfacet
  facet normal -0.439261 -0.89836 0
    outer loop
      vertex 36.4538 4.83199 1.02
      vertex 36.7708 4.67699 3
      vertex 36.4538 4.83199 3
    endloop
  endfacet
  facet normal -0.439261 -0.89836 -0
    outer loop
      vertex 36.7708 4.67699 3
      vertex 36.4538 4.83199 1.02
      vertex 36.7708 4.67699 1.02
    endloop
  endfacet
  facet normal 0.753566 -0.657372 0
    outer loop
      vertex 36.0763 4.39925 3
      vertex 36.4538 4.83199 1.02
      vertex 36.4538 4.83199 3
    endloop
  endfacet
  facet normal 0.753566 -0.657372 0
    outer loop
      vertex 36.4538 4.83199 1.02
      vertex 36.0763 4.39925 3
      vertex 36.0763 4.39925 1.02
    endloop
  endfacet
  facet normal 0.264258 -0.964452 0
    outer loop
      vertex 35.5498 4.25499 1.02
      vertex 36.0763 4.39925 3
      vertex 35.5498 4.25499 3
    endloop
  endfacet
  facet normal 0.264258 -0.964452 0
    outer loop
      vertex 36.0763 4.39925 3
      vertex 35.5498 4.25499 1.02
      vertex 36.0763 4.39925 1.02
    endloop
  endfacet
  facet normal -0.191269 -0.981538 0
    outer loop
      vertex 35.129 4.33699 1.02
      vertex 35.5498 4.25499 3
      vertex 35.129 4.33699 3
    endloop
  endfacet
  facet normal -0.191269 -0.981538 -0
    outer loop
      vertex 35.5498 4.25499 3
      vertex 35.129 4.33699 1.02
      vertex 35.5498 4.25499 1.02
    endloop
  endfacet
  facet normal -0.604473 -0.796626 0
    outer loop
      vertex 34.8048 4.58299 1.02
      vertex 35.129 4.33699 3
      vertex 34.8048 4.58299 3
    endloop
  endfacet
  facet normal -0.604473 -0.796626 -0
    outer loop
      vertex 35.129 4.33699 3
      vertex 34.8048 4.58299 1.02
      vertex 35.129 4.33699 1.02
    endloop
  endfacet
  facet normal -0.879756 -0.475425 0
    outer loop
      vertex 34.8048 4.58299 1.02
      vertex 34.5985 4.96474 3
      vertex 34.5985 4.96474 1.02
    endloop
  endfacet
  facet normal -0.879756 -0.475425 0
    outer loop
      vertex 34.5985 4.96474 3
      vertex 34.8048 4.58299 1.02
      vertex 34.8048 4.58299 3
    endloop
  endfacet
  facet normal -0.990206 -0.139612 0
    outer loop
      vertex 34.5985 4.96474 1.02
      vertex 34.5298 5.452 3
      vertex 34.5298 5.452 1.02
    endloop
  endfacet
  facet normal -0.990206 -0.139612 0
    outer loop
      vertex 34.5298 5.452 3
      vertex 34.5985 4.96474 1.02
      vertex 34.5985 4.96474 3
    endloop
  endfacet
  facet normal -0.991004 0.133829 0
    outer loop
      vertex 34.5298 5.452 1.02
      vertex 34.5958 5.94073 3
      vertex 34.5958 5.94073 1.02
    endloop
  endfacet
  facet normal -0.991004 0.133829 0
    outer loop
      vertex 34.5958 5.94073 3
      vertex 34.5298 5.452 1.02
      vertex 34.5298 5.452 3
    endloop
  endfacet
  facet normal -0.882883 0.469593 0
    outer loop
      vertex 34.5958 5.94073 1.02
      vertex 34.7938 6.31299 3
      vertex 34.7938 6.31299 1.02
    endloop
  endfacet
  facet normal -0.882883 0.469593 0
    outer loop
      vertex 34.7938 6.31299 3
      vertex 34.5958 5.94073 1.02
      vertex 34.5958 5.94073 3
    endloop
  endfacet
  facet normal -0.596347 0.802727 0
    outer loop
      vertex 35.1108 6.54849 1.02
      vertex 34.7938 6.31299 3
      vertex 35.1108 6.54849 3
    endloop
  endfacet
  facet normal -0.596347 0.802727 0
    outer loop
      vertex 34.7938 6.31299 3
      vertex 35.1108 6.54849 1.02
      vertex 34.7938 6.31299 1.02
    endloop
  endfacet
  facet normal -0.182486 0.983208 0
    outer loop
      vertex 35.5338 6.627 1.02
      vertex 35.1108 6.54849 3
      vertex 35.5338 6.627 3
    endloop
  endfacet
  facet normal -0.182486 0.983208 0
    outer loop
      vertex 35.1108 6.54849 3
      vertex 35.5338 6.627 1.02
      vertex 35.1108 6.54849 1.02
    endloop
  endfacet
  facet normal 0.117015 0.99313 -0
    outer loop
      vertex 35.816 6.59375 1.02
      vertex 35.5338 6.627 3
      vertex 35.816 6.59375 3
    endloop
  endfacet
  facet normal 0.117015 0.99313 0
    outer loop
      vertex 35.5338 6.627 3
      vertex 35.816 6.59375 1.02
      vertex 35.5338 6.627 1.02
    endloop
  endfacet
  facet normal 0.38274 0.923856 -0
    outer loop
      vertex 36.0568 6.49399 1.02
      vertex 35.816 6.59375 3
      vertex 36.0568 6.49399 3
    endloop
  endfacet
  facet normal 0.38274 0.923856 0
    outer loop
      vertex 35.816 6.59375 3
      vertex 36.0568 6.49399 1.02
      vertex 35.816 6.59375 1.02
    endloop
  endfacet
  facet normal 0.647648 0.761939 -0
    outer loop
      vertex 36.2468 6.33249 1.02
      vertex 36.0568 6.49399 3
      vertex 36.2468 6.33249 3
    endloop
  endfacet
  facet normal 0.647648 0.761939 0
    outer loop
      vertex 36.0568 6.49399 3
      vertex 36.2468 6.33249 1.02
      vertex 36.0568 6.49399 1.02
    endloop
  endfacet
  facet normal 0.861422 0.507891 0
    outer loop
      vertex 36.3768 6.112 3
      vertex 36.2468 6.33249 1.02
      vertex 36.2468 6.33249 3
    endloop
  endfacet
  facet normal 0.861422 0.507891 0
    outer loop
      vertex 36.2468 6.33249 1.02
      vertex 36.3768 6.112 3
      vertex 36.3768 6.112 1.02
    endloop
  endfacet
  facet normal -0.315429 0.948949 0
    outer loop
      vertex 36.7438 6.23399 1.02
      vertex 36.3768 6.112 3
      vertex 36.7438 6.23399 3
    endloop
  endfacet
  facet normal -0.315429 0.948949 0
    outer loop
      vertex 36.3768 6.112 3
      vertex 36.7438 6.23399 1.02
      vertex 36.3768 6.112 1.02
    endloop
  endfacet
  facet normal -0.858167 -0.513371 0
    outer loop
      vertex 36.7438 6.23399 1.02
      vertex 36.5591 6.54274 3
      vertex 36.5591 6.54274 1.02
    endloop
  endfacet
  facet normal -0.858167 -0.513371 0
    outer loop
      vertex 36.5591 6.54274 3
      vertex 36.7438 6.23399 1.02
      vertex 36.7438 6.23399 3
    endloop
  endfacet
  facet normal -0.640768 -0.767734 0
    outer loop
      vertex 36.2928 6.765 1.02
      vertex 36.5591 6.54274 3
      vertex 36.2928 6.765 3
    endloop
  endfacet
  facet normal -0.640768 -0.767734 -0
    outer loop
      vertex 36.5591 6.54274 3
      vertex 36.2928 6.765 1.02
      vertex 36.5591 6.54274 1.02
    endloop
  endfacet
  facet normal -0.363099 -0.931751 0
    outer loop
      vertex 35.9483 6.89925 1.02
      vertex 36.2928 6.765 3
      vertex 35.9483 6.89925 3
    endloop
  endfacet
  facet normal -0.363099 -0.931751 -0
    outer loop
      vertex 36.2928 6.765 3
      vertex 35.9483 6.89925 1.02
      vertex 36.2928 6.765 1.02
    endloop
  endfacet
  facet normal -0.106026 -0.994363 0
    outer loop
      vertex 35.5288 6.94398 1.02
      vertex 35.9483 6.89925 3
      vertex 35.5288 6.94398 3
    endloop
  endfacet
  facet normal -0.106026 -0.994363 -0
    outer loop
      vertex 35.9483 6.89925 3
      vertex 35.5288 6.94398 1.02
      vertex 35.9483 6.89925 1.02
    endloop
  endfacet
  facet normal 0.167398 -0.985889 0
    outer loop
      vertex 34.9458 6.84499 1.02
      vertex 35.5288 6.94398 3
      vertex 34.9458 6.84499 3
    endloop
  endfacet
  facet normal 0.167398 -0.985889 0
    outer loop
      vertex 35.5288 6.94398 3
      vertex 34.9458 6.84499 1.02
      vertex 35.5288 6.94398 1.02
    endloop
  endfacet
  facet normal 0.5586 -0.829437 0
    outer loop
      vertex 34.5048 6.54799 1.02
      vertex 34.9458 6.84499 3
      vertex 34.5048 6.54799 3
    endloop
  endfacet
  facet normal 0.5586 -0.829437 0
    outer loop
      vertex 34.9458 6.84499 3
      vertex 34.5048 6.54799 1.02
      vertex 34.9458 6.84499 1.02
    endloop
  endfacet
  facet normal 0.86261 -0.50587 0
    outer loop
      vertex 34.228 6.07599 3
      vertex 34.5048 6.54799 1.02
      vertex 34.5048 6.54799 3
    endloop
  endfacet
  facet normal 0.86261 -0.50587 0
    outer loop
      vertex 34.5048 6.54799 1.02
      vertex 34.228 6.07599 3
      vertex 34.228 6.07599 1.02
    endloop
  endfacet
  facet normal 0.989259 -0.146172 0
    outer loop
      vertex 34.1358 5.452 3
      vertex 34.228 6.07599 1.02
      vertex 34.228 6.07599 3
    endloop
  endfacet
  facet normal 0.989259 -0.146172 0
    outer loop
      vertex 34.228 6.07599 1.02
      vertex 34.1358 5.452 3
      vertex 34.1358 5.452 1.02
    endloop
  endfacet
  facet normal 0.995545 0.0942907 0
    outer loop
      vertex 34.177 5.017 3
      vertex 34.1358 5.452 1.02
      vertex 34.1358 5.452 3
    endloop
  endfacet
  facet normal 0.995545 0.0942907 0
    outer loop
      vertex 34.1358 5.452 1.02
      vertex 34.177 5.017 3
      vertex 34.177 5.017 1.02
    endloop
  endfacet
  facet normal 0.94909 0.315006 0
    outer loop
      vertex 34.3008 4.644 3
      vertex 34.177 5.017 1.02
      vertex 34.177 5.017 3
    endloop
  endfacet
  facet normal 0.94909 0.315006 0
    outer loop
      vertex 34.177 5.017 1.02
      vertex 34.3008 4.644 3
      vertex 34.3008 4.644 1.02
    endloop
  endfacet
  facet normal 0.829088 0.559118 0
    outer loop
      vertex 34.5043 4.34224 3
      vertex 34.3008 4.644 1.02
      vertex 34.3008 4.644 3
    endloop
  endfacet
  facet normal 0.829088 0.559118 0
    outer loop
      vertex 34.3008 4.644 1.02
      vertex 34.5043 4.34224 3
      vertex 34.5043 4.34224 1.02
    endloop
  endfacet
  facet normal 0.625463 0.780253 -0
    outer loop
      vertex 34.7828 4.11899 1.02
      vertex 34.5043 4.34224 3
      vertex 34.7828 4.11899 3
    endloop
  endfacet
  facet normal 0.625463 0.780253 0
    outer loop
      vertex 34.5043 4.34224 3
      vertex 34.7828 4.11899 1.02
      vertex 34.5043 4.34224 1.02
    endloop
  endfacet
  facet normal 0.369348 0.929291 -0
    outer loop
      vertex 35.1281 3.98175 1.02
      vertex 34.7828 4.11899 3
      vertex 35.1281 3.98175 3
    endloop
  endfacet
  facet normal 0.369348 0.929291 0
    outer loop
      vertex 34.7828 4.11899 3
      vertex 35.1281 3.98175 1.02
      vertex 34.7828 4.11899 1.02
    endloop
  endfacet
  facet normal 0.112606 0.99364 -0
    outer loop
      vertex 35.5318 3.936 1.02
      vertex 35.1281 3.98175 3
      vertex 35.5318 3.936 3
    endloop
  endfacet
  facet normal 0.112606 0.99364 0
    outer loop
      vertex 35.1281 3.98175 3
      vertex 35.5318 3.936 1.02
      vertex 35.1281 3.98175 1.02
    endloop
  endfacet
  facet normal -0.118355 0.992971 0
    outer loop
      vertex 35.9283 3.98326 1.02
      vertex 35.5318 3.936 3
      vertex 35.9283 3.98326 3
    endloop
  endfacet
  facet normal -0.118355 0.992971 0
    outer loop
      vertex 35.5318 3.936 3
      vertex 35.9283 3.98326 1.02
      vertex 35.5318 3.936 1.02
    endloop
  endfacet
  facet normal -0.407594 0.913163 0
    outer loop
      vertex 33.4849 4.15799 1.02
      vertex 33.1119 3.9915 3
      vertex 33.4849 4.15799 3
    endloop
  endfacet
  facet normal -0.407594 0.913163 0
    outer loop
      vertex 33.1119 3.9915 3
      vertex 33.4849 4.15799 1.02
      vertex 33.1119 3.9915 1.02
    endloop
  endfacet
  facet normal -0.755061 0.655655 0
    outer loop
      vertex 33.4849 4.15799 1.02
      vertex 33.7174 4.42574 3
      vertex 33.7174 4.42574 1.02
    endloop
  endfacet
  facet normal -0.755061 0.655655 0
    outer loop
      vertex 33.7174 4.42574 3
      vertex 33.4849 4.15799 1.02
      vertex 33.4849 4.15799 3
    endloop
  endfacet
  facet normal -0.977513 0.210876 0
    outer loop
      vertex 33.7174 4.42574 1.02
      vertex 33.7949 4.78499 3
      vertex 33.7949 4.78499 1.02
    endloop
  endfacet
  facet normal -0.977513 0.210876 0
    outer loop
      vertex 33.7949 4.78499 3
      vertex 33.7174 4.42574 1.02
      vertex 33.7174 4.42574 3
    endloop
  endfacet
  facet normal -0.997277 -0.0737433 0
    outer loop
      vertex 33.7949 4.78499 1.02
      vertex 33.7839 4.93375 3
      vertex 33.7839 4.93375 1.02
    endloop
  endfacet
  facet normal -0.997277 -0.0737433 0
    outer loop
      vertex 33.7839 4.93375 3
      vertex 33.7949 4.78499 1.02
      vertex 33.7949 4.78499 3
    endloop
  endfacet
  facet normal -0.968454 -0.249193 0
    outer loop
      vertex 33.7839 4.93375 1.02
      vertex 33.7509 5.062 3
      vertex 33.7509 5.062 1.02
    endloop
  endfacet
  facet normal -0.968454 -0.249193 0
    outer loop
      vertex 33.7509 5.062 3
      vertex 33.7839 4.93375 1.02
      vertex 33.7839 4.93375 3
    endloop
  endfacet
  facet normal -0.906481 -0.422246 0
    outer loop
      vertex 33.7509 5.062 1.02
      vertex 33.6992 5.17299 3
      vertex 33.6992 5.17299 1.02
    endloop
  endfacet
  facet normal -0.906481 -0.422246 0
    outer loop
      vertex 33.6992 5.17299 3
      vertex 33.7509 5.062 1.02
      vertex 33.7509 5.062 3
    endloop
  endfacet
  facet normal -0.807889 -0.589334 0
    outer loop
      vertex 33.6992 5.17299 1.02
      vertex 33.6299 5.26799 3
      vertex 33.6299 5.26799 1.02
    endloop
  endfacet
  facet normal -0.807889 -0.589334 0
    outer loop
      vertex 33.6299 5.26799 3
      vertex 33.6992 5.17299 1.02
      vertex 33.6992 5.17299 3
    endloop
  endfacet
  facet normal -0.690783 -0.723062 0
    outer loop
      vertex 33.5459 5.34824 1.02
      vertex 33.6299 5.26799 3
      vertex 33.5459 5.34824 3
    endloop
  endfacet
  facet normal -0.690783 -0.723062 -0
    outer loop
      vertex 33.6299 5.26799 3
      vertex 33.5459 5.34824 1.02
      vertex 33.6299 5.26799 1.02
    endloop
  endfacet
  facet normal -0.562944 -0.826495 0
    outer loop
      vertex 33.4479 5.41499 1.02
      vertex 33.5459 5.34824 3
      vertex 33.4479 5.41499 3
    endloop
  endfacet
  facet normal -0.562944 -0.826495 -0
    outer loop
      vertex 33.5459 5.34824 3
      vertex 33.4479 5.41499 1.02
      vertex 33.5459 5.34824 1.02
    endloop
  endfacet
  facet normal -0.465155 -0.885229 0
    outer loop
      vertex 33.3399 5.47174 1.02
      vertex 33.4479 5.41499 3
      vertex 33.3399 5.47174 3
    endloop
  endfacet
  facet normal -0.465155 -0.885229 -0
    outer loop
      vertex 33.4479 5.41499 3
      vertex 33.3399 5.47174 1.02
      vertex 33.4479 5.41499 1.02
    endloop
  endfacet
  facet normal -0.38405 -0.923312 0
    outer loop
      vertex 33.2239 5.51999 1.02
      vertex 33.3399 5.47174 3
      vertex 33.2239 5.51999 3
    endloop
  endfacet
  facet normal -0.38405 -0.923312 -0
    outer loop
      vertex 33.3399 5.47174 3
      vertex 33.2239 5.51999 1.02
      vertex 33.3399 5.47174 1.02
    endloop
  endfacet
  facet normal -0.322124 -0.946697 0
    outer loop
      vertex 33.1012 5.56174 1.02
      vertex 33.2239 5.51999 3
      vertex 33.1012 5.56174 3
    endloop
  endfacet
  facet normal -0.322124 -0.946697 -0
    outer loop
      vertex 33.2239 5.51999 3
      vertex 33.1012 5.56174 1.02
      vertex 33.2239 5.51999 1.02
    endloop
  endfacet
  facet normal -0.26486 -0.964287 0
    outer loop
      vertex 32.9729 5.59698 1.02
      vertex 33.1012 5.56174 3
      vertex 32.9729 5.59698 3
    endloop
  endfacet
  facet normal -0.26486 -0.964287 -0
    outer loop
      vertex 33.1012 5.56174 3
      vertex 32.9729 5.59698 1.02
      vertex 33.1012 5.56174 1.02
    endloop
  endfacet
  facet normal -0.235278 -0.971928 0
    outer loop
      vertex 32.8417 5.62874 1.02
      vertex 32.9729 5.59698 3
      vertex 32.8417 5.62874 3
    endloop
  endfacet
  facet normal -0.235278 -0.971928 -0
    outer loop
      vertex 32.9729 5.59698 3
      vertex 32.8417 5.62874 1.02
      vertex 32.9729 5.59698 1.02
    endloop
  endfacet
  facet normal -0.230706 -0.973024 0
    outer loop
      vertex 32.7099 5.65999 1.02
      vertex 32.8417 5.62874 3
      vertex 32.7099 5.65999 3
    endloop
  endfacet
  facet normal -0.230706 -0.973024 -0
    outer loop
      vertex 32.8417 5.62874 3
      vertex 32.7099 5.65999 1.02
      vertex 32.8417 5.62874 1.02
    endloop
  endfacet
  facet normal -0.242188 -0.970229 0
    outer loop
      vertex 32.3814 5.74199 1.02
      vertex 32.7099 5.65999 3
      vertex 32.3814 5.74199 3
    endloop
  endfacet
  facet normal -0.242188 -0.970229 -0
    outer loop
      vertex 32.7099 5.65999 3
      vertex 32.3814 5.74199 1.02
      vertex 32.7099 5.65999 1.02
    endloop
  endfacet
  facet normal -0.325591 -0.945511 0
    outer loop
      vertex 32.1839 5.81 1.02
      vertex 32.3814 5.74199 3
      vertex 32.1839 5.81 3
    endloop
  endfacet
  facet normal -0.325591 -0.945511 -0
    outer loop
      vertex 32.3814 5.74199 3
      vertex 32.1839 5.81 1.02
      vertex 32.3814 5.74199 1.02
    endloop
  endfacet
  facet normal -0.506803 -0.862062 0
    outer loop
      vertex 32.0674 5.87849 1.02
      vertex 32.1839 5.81 3
      vertex 32.0674 5.87849 3
    endloop
  endfacet
  facet normal -0.506803 -0.862062 -0
    outer loop
      vertex 32.1839 5.81 3
      vertex 32.0674 5.87849 1.02
      vertex 32.1839 5.81 1.02
    endloop
  endfacet
  facet normal -0.689972 -0.723836 0
    outer loop
      vertex 31.9819 5.95999 1.02
      vertex 32.0674 5.87849 3
      vertex 31.9819 5.95999 3
    endloop
  endfacet
  facet normal -0.689972 -0.723836 -0
    outer loop
      vertex 32.0674 5.87849 3
      vertex 31.9819 5.95999 1.02
      vertex 32.0674 5.87849 1.02
    endloop
  endfacet
  facet normal -0.884918 -0.465746 0
    outer loop
      vertex 31.9819 5.95999 1.02
      vertex 31.9294 6.05974 3
      vertex 31.9294 6.05974 1.02
    endloop
  endfacet
  facet normal -0.884918 -0.465746 0
    outer loop
      vertex 31.9294 6.05974 3
      vertex 31.9819 5.95999 1.02
      vertex 31.9819 5.95999 3
    endloop
  endfacet
  facet normal -0.990071 -0.140567 0
    outer loop
      vertex 31.9294 6.05974 1.02
      vertex 31.9119 6.183 3
      vertex 31.9119 6.183 1.02
    endloop
  endfacet
  facet normal -0.990071 -0.140567 0
    outer loop
      vertex 31.9119 6.183 3
      vertex 31.9294 6.05974 1.02
      vertex 31.9294 6.05974 3
    endloop
  endfacet
  facet normal -0.976219 0.216789 0
    outer loop
      vertex 31.9119 6.183 1.02
      vertex 31.9572 6.38699 3
      vertex 31.9572 6.38699 1.02
    endloop
  endfacet
  facet normal -0.976219 0.216789 0
    outer loop
      vertex 31.9572 6.38699 3
      vertex 31.9119 6.183 1.02
      vertex 31.9119 6.183 3
    endloop
  endfacet
  facet normal -0.732472 0.680797 0
    outer loop
      vertex 31.9572 6.38699 1.02
      vertex 32.0929 6.53299 3
      vertex 32.0929 6.53299 1.02
    endloop
  endfacet
  facet normal -0.732472 0.680797 0
    outer loop
      vertex 32.0929 6.53299 3
      vertex 31.9572 6.38699 1.02
      vertex 31.9572 6.38699 3
    endloop
  endfacet
  facet normal -0.371029 0.928621 0
    outer loop
      vertex 32.3144 6.62149 1.02
      vertex 32.0929 6.53299 3
      vertex 32.3144 6.62149 3
    endloop
  endfacet
  facet normal -0.371029 0.928621 0
    outer loop
      vertex 32.0929 6.53299 3
      vertex 32.3144 6.62149 1.02
      vertex 32.0929 6.53299 1.02
    endloop
  endfacet
  facet normal -0.0970602 0.995279 0
    outer loop
      vertex 32.6169 6.65099 1.02
      vertex 32.3144 6.62149 3
      vertex 32.6169 6.65099 3
    endloop
  endfacet
  facet normal -0.0970602 0.995279 0
    outer loop
      vertex 32.3144 6.62149 3
      vertex 32.6169 6.65099 1.02
      vertex 32.3144 6.62149 1.02
    endloop
  endfacet
  facet normal 0.0919687 0.995762 -0
    outer loop
      vertex 32.8957 6.62524 1.02
      vertex 32.6169 6.65099 3
      vertex 32.8957 6.62524 3
    endloop
  endfacet
  facet normal 0.0919687 0.995762 0
    outer loop
      vertex 32.6169 6.65099 3
      vertex 32.8957 6.62524 1.02
      vertex 32.6169 6.65099 1.02
    endloop
  endfacet
  facet normal 0.34495 0.938621 -0
    outer loop
      vertex 33.1059 6.54799 1.02
      vertex 32.8957 6.62524 3
      vertex 33.1059 6.54799 3
    endloop
  endfacet
  facet normal 0.34495 0.938621 0
    outer loop
      vertex 32.8957 6.62524 3
      vertex 33.1059 6.54799 1.02
      vertex 32.8957 6.62524 1.02
    endloop
  endfacet
  facet normal 0.667829 0.744315 -0
    outer loop
      vertex 33.2544 6.41475 1.02
      vertex 33.1059 6.54799 3
      vertex 33.2544 6.41475 3
    endloop
  endfacet
  facet normal 0.667829 0.744315 0
    outer loop
      vertex 33.1059 6.54799 3
      vertex 33.2544 6.41475 1.02
      vertex 33.1059 6.54799 1.02
    endloop
  endfacet
  facet normal 0.905925 0.423438 0
    outer loop
      vertex 33.3459 6.21899 3
      vertex 33.2544 6.41475 1.02
      vertex 33.2544 6.41475 3
    endloop
  endfacet
  facet normal 0.905925 0.423438 0
    outer loop
      vertex 33.2544 6.41475 1.02
      vertex 33.3459 6.21899 3
      vertex 33.3459 6.21899 1.02
    endloop
  endfacet
  facet normal -0.172781 0.98496 0
    outer loop
      vertex 33.7279 6.286 1.02
      vertex 33.3459 6.21899 3
      vertex 33.7279 6.286 3
    endloop
  endfacet
  facet normal -0.172781 0.98496 0
    outer loop
      vertex 33.3459 6.21899 3
      vertex 33.7279 6.286 1.02
      vertex 33.3459 6.21899 1.02
    endloop
  endfacet
  facet normal -0.906787 -0.421589 0
    outer loop
      vertex 33.7279 6.286 1.02
      vertex 33.5854 6.5925 3
      vertex 33.5854 6.5925 1.02
    endloop
  endfacet
  facet normal -0.906787 -0.421589 0
    outer loop
      vertex 33.5854 6.5925 3
      vertex 33.7279 6.286 1.02
      vertex 33.7279 6.286 3
    endloop
  endfacet
  facet normal -0.676238 -0.736683 0
    outer loop
      vertex 33.3659 6.79399 1.02
      vertex 33.5854 6.5925 3
      vertex 33.3659 6.79399 3
    endloop
  endfacet
  facet normal -0.676238 -0.736683 -0
    outer loop
      vertex 33.5854 6.5925 3
      vertex 33.3659 6.79399 1.02
      vertex 33.5854 6.5925 1.02
    endloop
  endfacet
  facet normal -0.336147 -0.941809 0
    outer loop
      vertex 33.0507 6.90649 1.02
      vertex 33.3659 6.79399 3
      vertex 33.0507 6.90649 3
    endloop
  endfacet
  facet normal -0.336147 -0.941809 -0
    outer loop
      vertex 33.3659 6.79399 3
      vertex 33.0507 6.90649 1.02
      vertex 33.3659 6.79399 1.02
    endloop
  endfacet
  facet normal -0.0868967 -0.996217 0
    outer loop
      vertex 32.6209 6.94398 1.02
      vertex 33.0507 6.90649 3
      vertex 32.6209 6.94398 3
    endloop
  endfacet
  facet normal -0.0868967 -0.996217 -0
    outer loop
      vertex 33.0507 6.90649 3
      vertex 32.6209 6.94398 1.02
      vertex 33.0507 6.90649 1.02
    endloop
  endfacet
  facet normal 0.109351 -0.994003 0
    outer loop
      vertex 32.1574 6.89299 1.02
      vertex 32.6209 6.94398 3
      vertex 32.1574 6.89299 3
    endloop
  endfacet
  facet normal 0.109351 -0.994003 0
    outer loop
      vertex 32.6209 6.94398 3
      vertex 32.1574 6.89299 1.02
      vertex 32.6209 6.94398 1.02
    endloop
  endfacet
  facet normal 0.407869 -0.91304 0
    outer loop
      vertex 31.8149 6.73999 1.02
      vertex 32.1574 6.89299 3
      vertex 31.8149 6.73999 3
    endloop
  endfacet
  facet normal 0.407869 -0.91304 0
    outer loop
      vertex 32.1574 6.89299 3
      vertex 31.8149 6.73999 1.02
      vertex 32.1574 6.89299 1.02
    endloop
  endfacet
  facet normal 0.759496 -0.650512 0
    outer loop
      vertex 31.6042 6.49399 3
      vertex 31.8149 6.73999 1.02
      vertex 31.8149 6.73999 3
    endloop
  endfacet
  facet normal 0.759496 -0.650512 0
    outer loop
      vertex 31.8149 6.73999 1.02
      vertex 31.6042 6.49399 3
      vertex 31.6042 6.49399 1.02
    endloop
  endfacet
  facet normal 0.978308 -0.207154 0
    outer loop
      vertex 31.5339 6.16199 3
      vertex 31.6042 6.49399 1.02
      vertex 31.6042 6.49399 3
    endloop
  endfacet
  facet normal 0.978308 -0.207154 0
    outer loop
      vertex 31.6042 6.49399 1.02
      vertex 31.5339 6.16199 3
      vertex 31.5339 6.16199 1.02
    endloop
  endfacet
  facet normal 0.996216 0.086913 0
    outer loop
      vertex 31.5474 6.00725 3
      vertex 31.5339 6.16199 1.02
      vertex 31.5339 6.16199 3
    endloop
  endfacet
  facet normal 0.996216 0.086913 0
    outer loop
      vertex 31.5339 6.16199 1.02
      vertex 31.5474 6.00725 3
      vertex 31.5474 6.00725 1.02
    endloop
  endfacet
  facet normal 0.958555 0.284907 0
    outer loop
      vertex 31.5879 5.87099 3
      vertex 31.5474 6.00725 1.02
      vertex 31.5474 6.00725 3
    endloop
  endfacet
  facet normal 0.958555 0.284907 0
    outer loop
      vertex 31.5474 6.00725 1.02
      vertex 31.5879 5.87099 3
      vertex 31.5879 5.87099 1.02
    endloop
  endfacet
  facet normal 0.873808 0.48627 0
    outer loop
      vertex 31.6537 5.75275 3
      vertex 31.5879 5.87099 1.02
      vertex 31.5879 5.87099 3
    endloop
  endfacet
  facet normal 0.873808 0.48627 0
    outer loop
      vertex 31.5879 5.87099 1.02
      vertex 31.6537 5.75275 3
      vertex 31.6537 5.75275 1.02
    endloop
  endfacet
  facet normal 0.755175 0.655523 0
    outer loop
      vertex 31.7429 5.64999 3
      vertex 31.6537 5.75275 1.02
      vertex 31.6537 5.75275 3
    endloop
  endfacet
  facet normal 0.755175 0.655523 0
    outer loop
      vertex 31.6537 5.75275 1.02
      vertex 31.7429 5.64999 3
      vertex 31.7429 5.64999 1.02
    endloop
  endfacet
  facet normal 0.597973 0.801517 -0
    outer loop
      vertex 31.8632 5.56024 1.02
      vertex 31.7429 5.64999 3
      vertex 31.8632 5.56024 3
    endloop
  endfacet
  facet normal 0.597973 0.801517 0
    outer loop
      vertex 31.7429 5.64999 3
      vertex 31.8632 5.56024 1.02
      vertex 31.7429 5.64999 1.02
    endloop
  endfacet
  facet normal 0.460309 0.887759 -0
    outer loop
      vertex 32.0199 5.47899 1.02
      vertex 31.8632 5.56024 3
      vertex 32.0199 5.47899 3
    endloop
  endfacet
  facet normal 0.460309 0.887759 0
    outer loop
      vertex 31.8632 5.56024 3
      vertex 32.0199 5.47899 1.02
      vertex 31.8632 5.56024 1.02
    endloop
  endfacet
  facet normal 0.331784 0.943355 -0
    outer loop
      vertex 32.2367 5.40274 1.02
      vertex 32.0199 5.47899 3
      vertex 32.2367 5.40274 3
    endloop
  endfacet
  facet normal 0.331784 0.943355 0
    outer loop
      vertex 32.0199 5.47899 3
      vertex 32.2367 5.40274 1.02
      vertex 32.0199 5.47899 1.02
    endloop
  endfacet
  facet normal 0.249254 0.968438 -0
    outer loop
      vertex 32.5349 5.32599 1.02
      vertex 32.2367 5.40274 3
      vertex 32.5349 5.32599 3
    endloop
  endfacet
  facet normal 0.249254 0.968438 0
    outer loop
      vertex 32.2367 5.40274 3
      vertex 32.5349 5.32599 1.02
      vertex 32.2367 5.40274 1.02
    endloop
  endfacet
  facet normal 0.231091 0.972932 -0
    outer loop
      vertex 32.7212 5.28174 1.02
      vertex 32.5349 5.32599 3
      vertex 32.7212 5.28174 3
    endloop
  endfacet
  facet normal 0.231091 0.972932 0
    outer loop
      vertex 32.5349 5.32599 3
      vertex 32.7212 5.28174 1.02
      vertex 32.5349 5.32599 1.02
    endloop
  endfacet
  facet normal 0.234746 0.972057 -0
    outer loop
      vertex 32.8899 5.241 1.02
      vertex 32.7212 5.28174 3
      vertex 32.8899 5.241 3
    endloop
  endfacet
  facet normal 0.234746 0.972057 0
    outer loop
      vertex 32.7212 5.28174 3
      vertex 32.8899 5.241 1.02
      vertex 32.7212 5.28174 1.02
    endloop
  endfacet
  facet normal 0.280404 0.959882 -0
    outer loop
      vertex 33.0397 5.19724 1.02
      vertex 32.8899 5.241 3
      vertex 33.0397 5.19724 3
    endloop
  endfacet
  facet normal 0.280404 0.959882 0
    outer loop
      vertex 32.8899 5.241 3
      vertex 33.0397 5.19724 1.02
      vertex 32.8899 5.241 1.02
    endloop
  endfacet
  facet normal 0.386098 0.922458 -0
    outer loop
      vertex 33.1669 5.144 1.02
      vertex 33.0397 5.19724 3
      vertex 33.1669 5.144 3
    endloop
  endfacet
  facet normal 0.386098 0.922458 0
    outer loop
      vertex 33.0397 5.19724 3
      vertex 33.1669 5.144 1.02
      vertex 33.0397 5.19724 1.02
    endloop
  endfacet
  facet normal 0.539575 0.841937 -0
    outer loop
      vertex 33.2699 5.07799 1.02
      vertex 33.1669 5.144 3
      vertex 33.2699 5.07799 3
    endloop
  endfacet
  facet normal 0.539575 0.841937 0
    outer loop
      vertex 33.1669 5.144 3
      vertex 33.2699 5.07799 1.02
      vertex 33.1669 5.144 1.02
    endloop
  endfacet
  facet normal 0.728982 0.684532 0
    outer loop
      vertex 33.3469 4.99599 3
      vertex 33.2699 5.07799 1.02
      vertex 33.2699 5.07799 3
    endloop
  endfacet
  facet normal 0.728982 0.684532 0
    outer loop
      vertex 33.2699 5.07799 1.02
      vertex 33.3469 4.99599 3
      vertex 33.3469 4.99599 1.02
    endloop
  endfacet
  facet normal 0.905618 0.424094 0
    outer loop
      vertex 33.3949 4.89349 3
      vertex 33.3469 4.99599 1.02
      vertex 33.3469 4.99599 3
    endloop
  endfacet
  facet normal 0.905618 0.424094 0
    outer loop
      vertex 33.3469 4.99599 1.02
      vertex 33.3949 4.89349 3
      vertex 33.3949 4.89349 1.02
    endloop
  endfacet
  facet normal 0.992454 0.12262 0
    outer loop
      vertex 33.4109 4.76399 3
      vertex 33.3949 4.89349 1.02
      vertex 33.3949 4.89349 3
    endloop
  endfacet
  facet normal 0.992454 0.12262 0
    outer loop
      vertex 33.3949 4.89349 1.02
      vertex 33.4109 4.76399 3
      vertex 33.4109 4.76399 1.02
    endloop
  endfacet
  facet normal 0.975679 -0.219205 0
    outer loop
      vertex 33.3599 4.53699 3
      vertex 33.4109 4.76399 1.02
      vertex 33.4109 4.76399 3
    endloop
  endfacet
  facet normal 0.975679 -0.219205 0
    outer loop
      vertex 33.4109 4.76399 1.02
      vertex 33.3599 4.53699 3
      vertex 33.3599 4.53699 1.02
    endloop
  endfacet
  facet normal 0.733268 -0.67994 0
    outer loop
      vertex 33.2069 4.37199 3
      vertex 33.3599 4.53699 1.02
      vertex 33.3599 4.53699 3
    endloop
  endfacet
  facet normal 0.733268 -0.67994 0
    outer loop
      vertex 33.3599 4.53699 1.02
      vertex 33.2069 4.37199 3
      vertex 33.2069 4.37199 1.02
    endloop
  endfacet
  facet normal 0.374431 -0.927255 0
    outer loop
      vertex 32.9599 4.27225 1.02
      vertex 33.2069 4.37199 3
      vertex 32.9599 4.27225 3
    endloop
  endfacet
  facet normal 0.374431 -0.927255 0
    outer loop
      vertex 33.2069 4.37199 3
      vertex 32.9599 4.27225 1.02
      vertex 33.2069 4.37199 1.02
    endloop
  endfacet
  facet normal 0.0993558 -0.995052 0
    outer loop
      vertex 32.6269 4.239 1.02
      vertex 32.9599 4.27225 3
      vertex 32.6269 4.239 3
    endloop
  endfacet
  facet normal 0.0993558 -0.995052 0
    outer loop
      vertex 32.9599 4.27225 3
      vertex 32.6269 4.239 1.02
      vertex 32.9599 4.27225 1.02
    endloop
  endfacet
  facet normal -0.0924486 -0.995717 0
    outer loop
      vertex 32.3012 4.26924 1.02
      vertex 32.6269 4.239 3
      vertex 32.3012 4.26924 3
    endloop
  endfacet
  facet normal -0.0924486 -0.995717 -0
    outer loop
      vertex 32.6269 4.239 3
      vertex 32.3012 4.26924 1.02
      vertex 32.6269 4.239 1.02
    endloop
  endfacet
  facet normal -0.342061 -0.939678 0
    outer loop
      vertex 32.0519 4.35999 1.02
      vertex 32.3012 4.26924 3
      vertex 32.0519 4.35999 3
    endloop
  endfacet
  facet normal -0.342061 -0.939678 -0
    outer loop
      vertex 32.3012 4.26924 3
      vertex 32.0519 4.35999 1.02
      vertex 32.3012 4.26924 1.02
    endloop
  endfacet
  facet normal -0.664696 -0.747114 0
    outer loop
      vertex 31.8774 4.51524 1.02
      vertex 32.0519 4.35999 3
      vertex 31.8774 4.51524 3
    endloop
  endfacet
  facet normal -0.664696 -0.747114 -0
    outer loop
      vertex 32.0519 4.35999 3
      vertex 31.8774 4.51524 1.02
      vertex 32.0519 4.35999 1.02
    endloop
  endfacet
  facet normal -0.910687 -0.413098 0
    outer loop
      vertex 31.8774 4.51524 1.02
      vertex 31.7759 4.739 3
      vertex 31.7759 4.739 1.02
    endloop
  endfacet
  facet normal -0.910687 -0.413098 0
    outer loop
      vertex 31.7759 4.739 3
      vertex 31.8774 4.51524 1.02
      vertex 31.8774 4.51524 3
    endloop
  endfacet
  facet normal 0.19564 -0.980676 0
    outer loop
      vertex 31.3999 4.66399 1.02
      vertex 31.7759 4.739 3
      vertex 31.3999 4.66399 3
    endloop
  endfacet
  facet normal 0.19564 -0.980676 0
    outer loop
      vertex 31.7759 4.739 3
      vertex 31.3999 4.66399 1.02
      vertex 31.7759 4.739 1.02
    endloop
  endfacet
  facet normal 0.815984 0.578074 0
    outer loop
      vertex 31.7867 4.118 3
      vertex 31.3999 4.66399 1.02
      vertex 31.3999 4.66399 3
    endloop
  endfacet
  facet normal 0.815984 0.578074 0
    outer loop
      vertex 31.3999 4.66399 1.02
      vertex 31.7867 4.118 3
      vertex 31.7867 4.118 1.02
    endloop
  endfacet
  facet normal 0.215128 0.976586 -0
    outer loop
      vertex 32.6129 3.936 1.02
      vertex 31.7867 4.118 3
      vertex 32.6129 3.936 3
    endloop
  endfacet
  facet normal 0.215128 0.976586 0
    outer loop
      vertex 31.7867 4.118 3
      vertex 32.6129 3.936 1.02
      vertex 31.7867 4.118 1.02
    endloop
  endfacet
  facet normal -0.110541 0.993872 0
    outer loop
      vertex 33.1119 3.9915 1.02
      vertex 32.6129 3.936 3
      vertex 33.1119 3.9915 3
    endloop
  endfacet
  facet normal -0.110541 0.993872 0
    outer loop
      vertex 32.6129 3.936 3
      vertex 33.1119 3.9915 1.02
      vertex 32.6129 3.936 1.02
    endloop
  endfacet
  facet normal 0 -1 0
    outer loop
      vertex 15.9879 4.31099 1.02
      vertex 17.4809 4.31099 3
      vertex 15.9879 4.31099 3
    endloop
  endfacet
  facet normal 0 -1 -0
    outer loop
      vertex 17.4809 4.31099 3
      vertex 15.9879 4.31099 1.02
      vertex 17.4809 4.31099 1.02
    endloop
  endfacet
  facet normal -0.877599 0.479396 0
    outer loop
      vertex 15.9879 4.31099 1.02
      vertex 16.0682 4.45799 3
      vertex 16.0682 4.45799 1.02
    endloop
  endfacet
  facet normal -0.877599 0.479396 0
    outer loop
      vertex 16.0682 4.45799 3
      vertex 15.9879 4.31099 1.02
      vertex 15.9879 4.31099 3
    endloop
  endfacet
  facet normal -0.789852 0.613297 0
    outer loop
      vertex 16.0682 4.45799 1.02
      vertex 16.187 4.61099 3
      vertex 16.187 4.61099 1.02
    endloop
  endfacet
  facet normal -0.789852 0.613297 0
    outer loop
      vertex 16.187 4.61099 3
      vertex 16.0682 4.45799 1.02
      vertex 16.0682 4.45799 3
    endloop
  endfacet
  facet normal -0.714331 0.699808 0
    outer loop
      vertex 16.187 4.61099 1.02
      vertex 16.3489 4.77625 3
      vertex 16.3489 4.77625 1.02
    endloop
  endfacet
  facet normal -0.714331 0.699808 0
    outer loop
      vertex 16.3489 4.77625 3
      vertex 16.187 4.61099 1.02
      vertex 16.187 4.61099 3
    endloop
  endfacet
  facet normal -0.658484 0.752594 0
    outer loop
      vertex 16.5589 4.95999 1.02
      vertex 16.3489 4.77625 3
      vertex 16.5589 4.95999 3
    endloop
  endfacet
  facet normal -0.658484 0.752594 0
    outer loop
      vertex 16.3489 4.77625 3
      vertex 16.5589 4.95999 1.02
      vertex 16.3489 4.77625 1.02
    endloop
  endfacet
  facet normal -0.650312 0.759667 0
    outer loop
      vertex 16.9152 5.265 1.02
      vertex 16.5589 4.95999 3
      vertex 16.9152 5.265 3
    endloop
  endfacet
  facet normal -0.650312 0.759667 0
    outer loop
      vertex 16.5589 4.95999 3
      vertex 16.9152 5.265 1.02
      vertex 16.5589 4.95999 1.02
    endloop
  endfacet
  facet normal -0.69771 0.716381 0
    outer loop
      vertex 17.1339 5.478 1.02
      vertex 16.9152 5.265 3
      vertex 17.1339 5.478 3
    endloop
  endfacet
  facet normal -0.69771 0.716381 0
    outer loop
      vertex 16.9152 5.265 3
      vertex 17.1339 5.478 1.02
      vertex 16.9152 5.265 1.02
    endloop
  endfacet
  facet normal -0.783818 0.62099 0
    outer loop
      vertex 17.1339 5.478 1.02
      vertex 17.2662 5.64499 3
      vertex 17.2662 5.64499 1.02
    endloop
  endfacet
  facet normal -0.783818 0.62099 0
    outer loop
      vertex 17.2662 5.64499 3
      vertex 17.1339 5.478 1.02
      vertex 17.1339 5.478 3
    endloop
  endfacet
  facet normal -0.869886 0.493253 0
    outer loop
      vertex 17.2662 5.64499 1.02
      vertex 17.3609 5.812 3
      vertex 17.3609 5.812 1.02
    endloop
  endfacet
  facet normal -0.869886 0.493253 0
    outer loop
      vertex 17.3609 5.812 3
      vertex 17.2662 5.64499 1.02
      vertex 17.2662 5.64499 3
    endloop
  endfacet
  facet normal -0.946681 0.322173 0
    outer loop
      vertex 17.3609 5.812 1.02
      vertex 17.4179 5.97949 3
      vertex 17.4179 5.97949 1.02
    endloop
  endfacet
  facet normal -0.946681 0.322173 0
    outer loop
      vertex 17.4179 5.97949 3
      vertex 17.3609 5.812 1.02
      vertex 17.3609 5.812 3
    endloop
  endfacet
  facet normal -0.993637 0.112632 0
    outer loop
      vertex 17.4179 5.97949 1.02
      vertex 17.437 6.14799 3
      vertex 17.437 6.14799 1.02
    endloop
  endfacet
  facet normal -0.993637 0.112632 0
    outer loop
      vertex 17.437 6.14799 3
      vertex 17.4179 5.97949 1.02
      vertex 17.4179 5.97949 3
    endloop
  endfacet
  facet normal -0.985469 -0.169853 0
    outer loop
      vertex 17.437 6.14799 1.02
      vertex 17.3787 6.48624 3
      vertex 17.3787 6.48624 1.02
    endloop
  endfacet
  facet normal -0.985469 -0.169853 0
    outer loop
      vertex 17.3787 6.48624 3
      vertex 17.437 6.14799 1.02
      vertex 17.437 6.14799 3
    endloop
  endfacet
  facet normal -0.820355 -0.571854 0
    outer loop
      vertex 17.3787 6.48624 1.02
      vertex 17.2039 6.737 3
      vertex 17.2039 6.737 1.02
    endloop
  endfacet
  facet normal -0.820355 -0.571854 0
    outer loop
      vertex 17.2039 6.737 3
      vertex 17.3787 6.48624 1.02
      vertex 17.3787 6.48624 3
    endloop
  endfacet
  facet normal -0.48199 -0.876177 0
    outer loop
      vertex 16.9217 6.89224 1.02
      vertex 17.2039 6.737 3
      vertex 16.9217 6.89224 3
    endloop
  endfacet
  facet normal -0.48199 -0.876177 -0
    outer loop
      vertex 17.2039 6.737 3
      vertex 16.9217 6.89224 1.02
      vertex 17.2039 6.737 1.02
    endloop
  endfacet
  facet normal -0.133944 -0.990989 0
    outer loop
      vertex 16.5389 6.94398 1.02
      vertex 16.9217 6.89224 3
      vertex 16.5389 6.94398 3
    endloop
  endfacet
  facet normal -0.133944 -0.990989 -0
    outer loop
      vertex 16.9217 6.89224 3
      vertex 16.5389 6.94398 1.02
      vertex 16.9217 6.89224 1.02
    endloop
  endfacet
  facet normal 0.140225 -0.99012 0
    outer loop
      vertex 16.1807 6.89325 1.02
      vertex 16.5389 6.94398 3
      vertex 16.1807 6.89325 3
    endloop
  endfacet
  facet normal 0.140225 -0.99012 0
    outer loop
      vertex 16.5389 6.94398 3
      vertex 16.1807 6.89325 1.02
      vertex 16.5389 6.94398 1.02
    endloop
  endfacet
  facet normal 0.469013 -0.883191 0
    outer loop
      vertex 15.894 6.741 1.02
      vertex 16.1807 6.89325 3
      vertex 15.894 6.741 3
    endloop
  endfacet
  facet normal 0.469013 -0.883191 0
    outer loop
      vertex 16.1807 6.89325 3
      vertex 15.894 6.741 1.02
      vertex 16.1807 6.89325 1.02
    endloop
  endfacet
  facet normal 0.767811 -0.640676 0
    outer loop
      vertex 15.6954 6.50299 3
      vertex 15.894 6.741 1.02
      vertex 15.894 6.741 3
    endloop
  endfacet
  facet normal 0.767811 -0.640676 0
    outer loop
      vertex 15.894 6.741 1.02
      vertex 15.6954 6.50299 3
      vertex 15.6954 6.50299 1.02
    endloop
  endfacet
  facet normal 0.956881 -0.290482 0
    outer loop
      vertex 15.6019 6.19499 3
      vertex 15.6954 6.50299 1.02
      vertex 15.6954 6.50299 3
    endloop
  endfacet
  facet normal 0.956881 -0.290482 0
    outer loop
      vertex 15.6954 6.50299 1.02
      vertex 15.6019 6.19499 3
      vertex 15.6019 6.19499 1.02
    endloop
  endfacet
  facet normal 0.0931511 0.995652 -0
    outer loop
      vertex 15.976 6.15999 1.02
      vertex 15.6019 6.19499 3
      vertex 15.976 6.15999 3
    endloop
  endfacet
  facet normal 0.0931511 0.995652 0
    outer loop
      vertex 15.6019 6.19499 3
      vertex 15.976 6.15999 1.02
      vertex 15.6019 6.19499 1.02
    endloop
  endfacet
  facet normal -0.962693 0.270595 0
    outer loop
      vertex 15.976 6.15999 1.02
      vertex 16.0332 6.36349 3
      vertex 16.0332 6.36349 1.02
    endloop
  endfacet
  facet normal -0.962693 0.270595 0
    outer loop
      vertex 16.0332 6.36349 3
      vertex 15.976 6.15999 1.02
      vertex 15.976 6.15999 3
    endloop
  endfacet
  facet normal -0.786623 0.617434 0
    outer loop
      vertex 16.0332 6.36349 1.02
      vertex 16.1529 6.51599 3
      vertex 16.1529 6.51599 1.02
    endloop
  endfacet
  facet normal -0.786623 0.617434 0
    outer loop
      vertex 16.1529 6.51599 3
      vertex 16.0332 6.36349 1.02
      vertex 16.0332 6.36349 3
    endloop
  endfacet
  facet normal -0.483379 0.875411 0
    outer loop
      vertex 16.3254 6.61124 1.02
      vertex 16.1529 6.51599 3
      vertex 16.3254 6.61124 3
    endloop
  endfacet
  facet normal -0.483379 0.875411 0
    outer loop
      vertex 16.1529 6.51599 3
      vertex 16.3254 6.61124 1.02
      vertex 16.1529 6.51599 1.02
    endloop
  endfacet
  facet normal -0.147094 0.989122 0
    outer loop
      vertex 16.5389 6.64299 1.02
      vertex 16.3254 6.61124 3
      vertex 16.5389 6.64299 3
    endloop
  endfacet
  facet normal -0.147094 0.989122 0
    outer loop
      vertex 16.3254 6.61124 3
      vertex 16.5389 6.64299 1.02
      vertex 16.3254 6.61124 1.02
    endloop
  endfacet
  facet normal 0.150106 0.98867 -0
    outer loop
      vertex 16.7579 6.60974 1.02
      vertex 16.5389 6.64299 3
      vertex 16.7579 6.60974 3
    endloop
  endfacet
  facet normal 0.150106 0.98867 0
    outer loop
      vertex 16.5389 6.64299 3
      vertex 16.7579 6.60974 1.02
      vertex 16.5389 6.64299 1.02
    endloop
  endfacet
  facet normal 0.517353 0.855772 -0
    outer loop
      vertex 16.9229 6.50999 1.02
      vertex 16.7579 6.60974 3
      vertex 16.9229 6.50999 3
    endloop
  endfacet
  facet normal 0.517353 0.855772 0
    outer loop
      vertex 16.7579 6.60974 3
      vertex 16.9229 6.50999 1.02
      vertex 16.7579 6.60974 1.02
    endloop
  endfacet
  facet normal 0.839641 0.543142 0
    outer loop
      vertex 17.0264 6.34999 3
      vertex 16.9229 6.50999 1.02
      vertex 16.9229 6.50999 3
    endloop
  endfacet
  facet normal 0.839641 0.543142 0
    outer loop
      vertex 16.9229 6.50999 1.02
      vertex 17.0264 6.34999 3
      vertex 17.0264 6.34999 1.02
    endloop
  endfacet
  facet normal 0.987253 0.15916 0
    outer loop
      vertex 17.0609 6.13599 3
      vertex 17.0264 6.34999 1.02
      vertex 17.0264 6.34999 3
    endloop
  endfacet
  facet normal 0.987253 0.15916 0
    outer loop
      vertex 17.0264 6.34999 1.02
      vertex 17.0609 6.13599 3
      vertex 17.0609 6.13599 1.02
    endloop
  endfacet
  facet normal 0.992849 -0.119378 0
    outer loop
      vertex 17.0407 5.96799 3
      vertex 17.0609 6.13599 1.02
      vertex 17.0609 6.13599 3
    endloop
  endfacet
  facet normal 0.992849 -0.119378 0
    outer loop
      vertex 17.0609 6.13599 1.02
      vertex 17.0407 5.96799 3
      vertex 17.0407 5.96799 1.02
    endloop
  endfacet
  facet normal 0.926763 -0.375648 0
    outer loop
      vertex 16.9799 5.81799 3
      vertex 17.0407 5.96799 1.02
      vertex 17.0407 5.96799 3
    endloop
  endfacet
  facet normal 0.926763 -0.375648 0
    outer loop
      vertex 17.0407 5.96799 1.02
      vertex 16.9799 5.81799 3
      vertex 16.9799 5.81799 1.02
    endloop
  endfacet
  facet normal 0.82904 -0.559189 0
    outer loop
      vertex 16.8875 5.681 3
      vertex 16.9799 5.81799 1.02
      vertex 16.9799 5.81799 3
    endloop
  endfacet
  facet normal 0.82904 -0.559189 0
    outer loop
      vertex 16.9799 5.81799 1.02
      vertex 16.8875 5.681 3
      vertex 16.8875 5.681 1.02
    endloop
  endfacet
  facet normal 0.744166 -0.667994 0
    outer loop
      vertex 16.7699 5.54999 3
      vertex 16.8875 5.681 1.02
      vertex 16.8875 5.681 3
    endloop
  endfacet
  facet normal 0.744166 -0.667994 0
    outer loop
      vertex 16.8875 5.681 1.02
      vertex 16.7699 5.54999 3
      vertex 16.7699 5.54999 1.02
    endloop
  endfacet
  facet normal 0.677893 -0.735161 0
    outer loop
      vertex 16.6319 5.42274 1.02
      vertex 16.7699 5.54999 3
      vertex 16.6319 5.42274 3
    endloop
  endfacet
  facet normal 0.677893 -0.735161 0
    outer loop
      vertex 16.7699 5.54999 3
      vertex 16.6319 5.42274 1.02
      vertex 16.7699 5.54999 1.02
    endloop
  endfacet
  facet normal 0.638678 -0.769474 0
    outer loop
      vertex 16.478 5.295 1.02
      vertex 16.6319 5.42274 3
      vertex 16.478 5.295 3
    endloop
  endfacet
  facet normal 0.638678 -0.769474 0
    outer loop
      vertex 16.6319 5.42274 3
      vertex 16.478 5.295 1.02
      vertex 16.6319 5.42274 1.02
    endloop
  endfacet
  facet normal 0.635724 -0.771916 0
    outer loop
      vertex 16.3159 5.1615 1.02
      vertex 16.478 5.295 3
      vertex 16.3159 5.1615 3
    endloop
  endfacet
  facet normal 0.635724 -0.771916 0
    outer loop
      vertex 16.478 5.295 3
      vertex 16.3159 5.1615 1.02
      vertex 16.478 5.295 1.02
    endloop
  endfacet
  facet normal 0.661092 -0.750305 0
    outer loop
      vertex 16.1519 5.017 1.02
      vertex 16.3159 5.1615 3
      vertex 16.1519 5.017 3
    endloop
  endfacet
  facet normal 0.661092 -0.750305 0
    outer loop
      vertex 16.3159 5.1615 3
      vertex 16.1519 5.017 1.02
      vertex 16.3159 5.1615 1.02
    endloop
  endfacet
  facet normal 0.702224 -0.711956 0
    outer loop
      vertex 15.9917 4.85899 1.02
      vertex 16.1519 5.017 3
      vertex 15.9917 4.85899 3
    endloop
  endfacet
  facet normal 0.702224 -0.711956 0
    outer loop
      vertex 16.1519 5.017 3
      vertex 15.9917 4.85899 1.02
      vertex 16.1519 5.017 1.02
    endloop
  endfacet
  facet normal 0.755104 -0.655605 0
    outer loop
      vertex 15.8389 4.683 3
      vertex 15.9917 4.85899 1.02
      vertex 15.9917 4.85899 3
    endloop
  endfacet
  facet normal 0.755104 -0.655605 0
    outer loop
      vertex 15.9917 4.85899 1.02
      vertex 15.8389 4.683 3
      vertex 15.8389 4.683 1.02
    endloop
  endfacet
  facet normal 0.821332 -0.57045 0
    outer loop
      vertex 15.7012 4.48474 3
      vertex 15.8389 4.683 1.02
      vertex 15.8389 4.683 3
    endloop
  endfacet
  facet normal 0.821332 -0.57045 0
    outer loop
      vertex 15.8389 4.683 1.02
      vertex 15.7012 4.48474 3
      vertex 15.7012 4.48474 1.02
    endloop
  endfacet
  facet normal 0.89153 -0.452961 0
    outer loop
      vertex 15.586 4.258 3
      vertex 15.7012 4.48474 1.02
      vertex 15.7012 4.48474 3
    endloop
  endfacet
  facet normal 0.89153 -0.452961 0
    outer loop
      vertex 15.7012 4.48474 1.02
      vertex 15.586 4.258 3
      vertex 15.586 4.258 1.02
    endloop
  endfacet
  facet normal 1 -0 0
    outer loop
      vertex 15.586 4 3
      vertex 15.586 4.258 1.02
      vertex 15.586 4.258 3
    endloop
  endfacet
  facet normal 1 0 0
    outer loop
      vertex 15.586 4.258 1.02
      vertex 15.586 4 3
      vertex 15.586 4 1.02
    endloop
  endfacet
  facet normal 0 1 -0
    outer loop
      vertex 17.4809 4 1.02
      vertex 15.586 4 3
      vertex 17.4809 4 3
    endloop
  endfacet
  facet normal 0 1 0
    outer loop
      vertex 15.586 4 3
      vertex 17.4809 4 1.02
      vertex 15.586 4 1.02
    endloop
  endfacet
  facet normal -1 0 0
    outer loop
      vertex 17.4809 4 1.02
      vertex 17.4809 4.31099 3
      vertex 17.4809 4.31099 1.02
    endloop
  endfacet
  facet normal -1 -0 0
    outer loop
      vertex 17.4809 4.31099 3
      vertex 17.4809 4 1.02
      vertex 17.4809 4 3
    endloop
  endfacet
  facet normal -0.67901 0.734129 0
    outer loop
      vertex 19.5376 4.32199 1.02
      vertex 19.2246 4.03249 3
      vertex 19.5376 4.32199 3
    endloop
  endfacet
  facet normal -0.67901 0.734129 0
    outer loop
      vertex 19.2246 4.03249 3
      vertex 19.5376 4.32199 1.02
      vertex 19.2246 4.03249 1.02
    endloop
  endfacet
  facet normal -0.927934 0.372745 0
    outer loop
      vertex 19.5376 4.32199 1.02
      vertex 19.7274 4.79449 3
      vertex 19.7274 4.79449 1.02
    endloop
  endfacet
  facet normal -0.927934 0.372745 0
    outer loop
      vertex 19.7274 4.79449 3
      vertex 19.5376 4.32199 1.02
      vertex 19.5376 4.32199 3
    endloop
  endfacet
  facet normal -0.995241 0.0974427 0
    outer loop
      vertex 19.7274 4.79449 1.02
      vertex 19.7906 5.43999 3
      vertex 19.7906 5.43999 1.02
    endloop
  endfacet
  facet normal -0.995241 0.0974427 0
    outer loop
      vertex 19.7906 5.43999 3
      vertex 19.7274 4.79449 1.02
      vertex 19.7274 4.79449 3
    endloop
  endfacet
  facet normal -0.995784 -0.091731 0
    outer loop
      vertex 19.7906 5.43999 1.02
      vertex 19.7304 6.09349 3
      vertex 19.7304 6.09349 1.02
    endloop
  endfacet
  facet normal -0.995784 -0.091731 0
    outer loop
      vertex 19.7304 6.09349 3
      vertex 19.7906 5.43999 1.02
      vertex 19.7906 5.43999 3
    endloop
  endfacet
  facet normal -0.933455 -0.358693 0
    outer loop
      vertex 19.7304 6.09349 1.02
      vertex 19.5496 6.564 3
      vertex 19.5496 6.564 1.02
    endloop
  endfacet
  facet normal -0.933455 -0.358693 0
    outer loop
      vertex 19.5496 6.564 3
      vertex 19.7304 6.09349 1.02
      vertex 19.7304 6.09349 3
    endloop
  endfacet
  facet normal -0.680955 -0.732325 0
    outer loop
      vertex 19.2431 6.849 1.02
      vertex 19.5496 6.564 3
      vertex 19.2431 6.849 3
    endloop
  endfacet
  facet normal -0.680955 -0.732325 -0
    outer loop
      vertex 19.5496 6.564 3
      vertex 19.2431 6.849 1.02
      vertex 19.5496 6.564 1.02
    endloop
  endfacet
  facet normal -0.211233 -0.977436 0
    outer loop
      vertex 18.8036 6.94398 1.02
      vertex 19.2431 6.849 3
      vertex 18.8036 6.94398 3
    endloop
  endfacet
  facet normal -0.211233 -0.977436 -0
    outer loop
      vertex 19.2431 6.849 3
      vertex 18.8036 6.94398 1.02
      vertex 19.2431 6.849 1.02
    endloop
  endfacet
  facet normal 0.204368 -0.978894 0
    outer loop
      vertex 18.3534 6.84999 1.02
      vertex 18.8036 6.94398 3
      vertex 18.3534 6.84999 3
    endloop
  endfacet
  facet normal 0.204368 -0.978894 0
    outer loop
      vertex 18.8036 6.94398 3
      vertex 18.3534 6.84999 1.02
      vertex 18.8036 6.94398 1.02
    endloop
  endfacet
  facet normal 0.671961 -0.740587 0
    outer loop
      vertex 18.0426 6.56799 1.02
      vertex 18.3534 6.84999 3
      vertex 18.0426 6.56799 3
    endloop
  endfacet
  facet normal 0.671961 -0.740587 0
    outer loop
      vertex 18.3534 6.84999 3
      vertex 18.0426 6.56799 1.02
      vertex 18.3534 6.84999 1.02
    endloop
  endfacet
  facet normal 0.933727 -0.357986 0
    outer loop
      vertex 17.8626 6.0985 3
      vertex 18.0426 6.56799 1.02
      vertex 18.0426 6.56799 3
    endloop
  endfacet
  facet normal 0.933727 -0.357986 0
    outer loop
      vertex 18.0426 6.56799 1.02
      vertex 17.8626 6.0985 3
      vertex 17.8626 6.0985 1.02
    endloop
  endfacet
  facet normal 0.995875 -0.0907389 0
    outer loop
      vertex 17.8026 5.43999 3
      vertex 17.8626 6.0985 1.02
      vertex 17.8626 6.0985 3
    endloop
  endfacet
  facet normal 0.995875 -0.0907389 0
    outer loop
      vertex 17.8626 6.0985 1.02
      vertex 17.8026 5.43999 3
      vertex 17.8026 5.43999 1.02
    endloop
  endfacet
  facet normal 0.995483 0.0949396 0
    outer loop
      vertex 17.8644 4.79199 3
      vertex 17.8026 5.43999 1.02
      vertex 17.8026 5.43999 3
    endloop
  endfacet
  facet normal 0.995483 0.0949396 0
    outer loop
      vertex 17.8026 5.43999 1.02
      vertex 17.8644 4.79199 3
      vertex 17.8644 4.79199 1.02
    endloop
  endfacet
  facet normal 0.930905 0.365262 0
    outer loop
      vertex 18.0496 4.31999 3
      vertex 17.8644 4.79199 1.02
      vertex 17.8644 4.79199 3
    endloop
  endfacet
  facet normal 0.930905 0.365262 0
    outer loop
      vertex 17.8644 4.79199 1.02
      vertex 18.0496 4.31999 3
      vertex 18.0496 4.31999 1.02
    endloop
  endfacet
  facet normal 0.681209 0.732089 -0
    outer loop
      vertex 18.3591 4.032 1.02
      vertex 18.0496 4.31999 3
      vertex 18.3591 4.032 3
    endloop
  endfacet
  facet normal 0.681209 0.732089 0
    outer loop
      vertex 18.0496 4.31999 3
      vertex 18.3591 4.032 1.02
      vertex 18.0496 4.31999 1.02
    endloop
  endfacet
  facet normal 0.216691 0.97624 -0
    outer loop
      vertex 18.7916 3.936 1.02
      vertex 18.3591 4.032 3
      vertex 18.7916 3.936 3
    endloop
  endfacet
  facet normal 0.216691 0.97624 0
    outer loop
      vertex 18.3591 4.032 3
      vertex 18.7916 3.936 1.02
      vertex 18.3591 4.032 1.02
    endloop
  endfacet
  facet normal -0.217506 0.976059 0
    outer loop
      vertex 19.2246 4.03249 1.02
      vertex 18.7916 3.936 3
      vertex 19.2246 4.03249 3
    endloop
  endfacet
  facet normal -0.217506 0.976059 0
    outer loop
      vertex 18.7916 3.936 3
      vertex 19.2246 4.03249 1.02
      vertex 18.7916 3.936 1.02
    endloop
  endfacet
  facet normal -0.746598 -0.665275 0
    outer loop
      vertex 18.5144 4.3075 1.02
      vertex 18.3206 4.52499 3
      vertex 18.3206 4.52499 1.02
    endloop
  endfacet
  facet normal -0.746598 -0.665275 0
    outer loop
      vertex 18.3206 4.52499 3
      vertex 18.5144 4.3075 1.02
      vertex 18.5144 4.3075 3
    endloop
  endfacet
  facet normal -0.958126 -0.286348 0
    outer loop
      vertex 18.3206 4.52499 1.02
      vertex 18.2089 4.89874 3
      vertex 18.2089 4.89874 1.02
    endloop
  endfacet
  facet normal -0.958126 -0.286348 0
    outer loop
      vertex 18.2089 4.89874 3
      vertex 18.3206 4.52499 1.02
      vertex 18.3206 4.52499 3
    endloop
  endfacet
  facet normal -0.997634 -0.0687515 0
    outer loop
      vertex 18.2089 4.89874 1.02
      vertex 18.1716 5.43999 3
      vertex 18.1716 5.43999 1.02
    endloop
  endfacet
  facet normal -0.997634 -0.0687515 0
    outer loop
      vertex 18.1716 5.43999 3
      vertex 18.2089 4.89874 1.02
      vertex 18.2089 4.89874 3
    endloop
  endfacet
  facet normal -0.997795 0.0663694 0
    outer loop
      vertex 18.1716 5.43999 1.02
      vertex 18.2084 5.99324 3
      vertex 18.2084 5.99324 1.02
    endloop
  endfacet
  facet normal -0.997795 0.0663694 0
    outer loop
      vertex 18.2084 5.99324 3
      vertex 18.1716 5.43999 1.02
      vertex 18.1716 5.43999 3
    endloop
  endfacet
  facet normal -0.958762 0.284211 0
    outer loop
      vertex 18.2084 5.99324 1.02
      vertex 18.3186 6.36499 3
      vertex 18.3186 6.36499 1.02
    endloop
  endfacet
  facet normal -0.958762 0.284211 0
    outer loop
      vertex 18.3186 6.36499 3
      vertex 18.2084 5.99324 1.02
      vertex 18.2084 5.99324 3
    endloop
  endfacet
  facet normal -0.73555 0.677471 0
    outer loop
      vertex 18.3186 6.36499 1.02
      vertex 18.5134 6.57649 3
      vertex 18.5134 6.57649 1.02
    endloop
  endfacet
  facet normal -0.73555 0.677471 0
    outer loop
      vertex 18.5134 6.57649 3
      vertex 18.3186 6.36499 1.02
      vertex 18.3186 6.36499 3
    endloop
  endfacet
  facet normal -0.23607 0.971736 0
    outer loop
      vertex 18.8036 6.64699 1.02
      vertex 18.5134 6.57649 3
      vertex 18.8036 6.64699 3
    endloop
  endfacet
  facet normal -0.23607 0.971736 0
    outer loop
      vertex 18.5134 6.57649 3
      vertex 18.8036 6.64699 1.02
      vertex 18.5134 6.57649 1.02
    endloop
  endfacet
  facet normal 0.245361 0.969432 -0
    outer loop
      vertex 19.0861 6.57549 1.02
      vertex 18.8036 6.64699 3
      vertex 19.0861 6.57549 3
    endloop
  endfacet
  facet normal 0.245361 0.969432 0
    outer loop
      vertex 18.8036 6.64699 3
      vertex 19.0861 6.57549 1.02
      vertex 18.8036 6.64699 1.02
    endloop
  endfacet
  facet normal 0.74943 0.662084 0
    outer loop
      vertex 19.2756 6.36099 3
      vertex 19.0861 6.57549 1.02
      vertex 19.0861 6.57549 3
    endloop
  endfacet
  facet normal 0.74943 0.662084 0
    outer loop
      vertex 19.0861 6.57549 1.02
      vertex 19.2756 6.36099 3
      vertex 19.2756 6.36099 1.02
    endloop
  endfacet
  facet normal 0.960977 0.276627 0
    outer loop
      vertex 19.3829 5.98824 3
      vertex 19.2756 6.36099 1.02
      vertex 19.2756 6.36099 3
    endloop
  endfacet
  facet normal 0.960977 0.276627 0
    outer loop
      vertex 19.2756 6.36099 1.02
      vertex 19.3829 5.98824 3
      vertex 19.3829 5.98824 1.02
    endloop
  endfacet
  facet normal 0.997887 0.0649787 0
    outer loop
      vertex 19.4186 5.43999 3
      vertex 19.3829 5.98824 1.02
      vertex 19.3829 5.98824 3
    endloop
  endfacet
  facet normal 0.997887 0.0649787 0
    outer loop
      vertex 19.3829 5.98824 1.02
      vertex 19.4186 5.43999 3
      vertex 19.4186 5.43999 1.02
    endloop
  endfacet
  facet normal 0.997515 -0.0704581 0
    outer loop
      vertex 19.3809 4.90625 3
      vertex 19.4186 5.43999 1.02
      vertex 19.4186 5.43999 3
    endloop
  endfacet
  facet normal 0.997515 -0.0704581 0
    outer loop
      vertex 19.4186 5.43999 1.02
      vertex 19.3809 4.90625 3
      vertex 19.3809 4.90625 1.02
    endloop
  endfacet
  facet normal 0.957318 -0.289037 0
    outer loop
      vertex 19.2676 4.53099 3
      vertex 19.3809 4.90625 1.02
      vertex 19.3809 4.90625 3
    endloop
  endfacet
  facet normal 0.957318 -0.289037 0
    outer loop
      vertex 19.3809 4.90625 1.02
      vertex 19.2676 4.53099 3
      vertex 19.2676 4.53099 1.02
    endloop
  endfacet
  facet normal 0.754679 -0.656095 0
    outer loop
      vertex 19.0746 4.30899 3
      vertex 19.2676 4.53099 1.02
      vertex 19.2676 4.53099 3
    endloop
  endfacet
  facet normal 0.754679 -0.656095 0
    outer loop
      vertex 19.2676 4.53099 1.02
      vertex 19.0746 4.30899 3
      vertex 19.0746 4.30899 1.02
    endloop
  endfacet
  facet normal 0.256369 -0.966579 0
    outer loop
      vertex 18.7956 4.23499 1.02
      vertex 19.0746 4.30899 3
      vertex 18.7956 4.23499 3
    endloop
  endfacet
  facet normal 0.256369 -0.966579 0
    outer loop
      vertex 19.0746 4.30899 3
      vertex 18.7956 4.23499 1.02
      vertex 19.0746 4.30899 1.02
    endloop
  endfacet
  facet normal -0.249692 -0.968325 0
    outer loop
      vertex 18.5144 4.3075 1.02
      vertex 18.7956 4.23499 3
      vertex 18.5144 4.3075 3
    endloop
  endfacet
  facet normal -0.249692 -0.968325 -0
    outer loop
      vertex 18.7956 4.23499 3
      vertex 18.5144 4.3075 1.02
      vertex 18.7956 4.23499 1.02
    endloop
  endfacet
  facet normal 0 -1 0
    outer loop
      vertex 20.5133 4.31099 1.02
      vertex 22.0063 4.31099 3
      vertex 20.5133 4.31099 3
    endloop
  endfacet
  facet normal 0 -1 -0
    outer loop
      vertex 22.0063 4.31099 3
      vertex 20.5133 4.31099 1.02
      vertex 22.0063 4.31099 1.02
    endloop
  endfacet
  facet normal -0.877599 0.479396 0
    outer loop
      vertex 20.5133 4.31099 1.02
      vertex 20.5936 4.45799 3
      vertex 20.5936 4.45799 1.02
    endloop
  endfacet
  facet normal -0.877599 0.479396 0
    outer loop
      vertex 20.5936 4.45799 3
      vertex 20.5133 4.31099 1.02
      vertex 20.5133 4.31099 3
    endloop
  endfacet
  facet normal -0.790102 0.612975 0
    outer loop
      vertex 20.5936 4.45799 1.02
      vertex 20.7123 4.61099 3
      vertex 20.7123 4.61099 1.02
    endloop
  endfacet
  facet normal -0.790102 0.612975 0
    outer loop
      vertex 20.7123 4.61099 3
      vertex 20.5936 4.45799 1.02
      vertex 20.5936 4.45799 3
    endloop
  endfacet
  facet normal -0.714115 0.700028 0
    outer loop
      vertex 20.7123 4.61099 1.02
      vertex 20.8743 4.77625 3
      vertex 20.8743 4.77625 1.02
    endloop
  endfacet
  facet normal -0.714115 0.700028 0
    outer loop
      vertex 20.8743 4.77625 3
      vertex 20.7123 4.61099 1.02
      vertex 20.7123 4.61099 3
    endloop
  endfacet
  facet normal -0.658484 0.752594 0
    outer loop
      vertex 21.0843 4.95999 1.02
      vertex 20.8743 4.77625 3
      vertex 21.0843 4.95999 3
    endloop
  endfacet
  facet normal -0.658484 0.752594 0
    outer loop
      vertex 20.8743 4.77625 3
      vertex 21.0843 4.95999 1.02
      vertex 20.8743 4.77625 1.02
    endloop
  endfacet
  facet normal -0.650312 0.759667 0
    outer loop
      vertex 21.4406 5.265 1.02
      vertex 21.0843 4.95999 3
      vertex 21.4406 5.265 3
    endloop
  endfacet
  facet normal -0.650312 0.759667 0
    outer loop
      vertex 21.0843 4.95999 3
      vertex 21.4406 5.265 1.02
      vertex 21.0843 4.95999 1.02
    endloop
  endfacet
  facet normal -0.69771 0.716381 0
    outer loop
      vertex 21.6593 5.478 1.02
      vertex 21.4406 5.265 3
      vertex 21.6593 5.478 3
    endloop
  endfacet
  facet normal -0.69771 0.716381 0
    outer loop
      vertex 21.4406 5.265 3
      vertex 21.6593 5.478 1.02
      vertex 21.4406 5.265 1.02
    endloop
  endfacet
  facet normal -0.783818 0.62099 0
    outer loop
      vertex 21.6593 5.478 1.02
      vertex 21.7916 5.64499 3
      vertex 21.7916 5.64499 1.02
    endloop
  endfacet
  facet normal -0.783818 0.62099 0
    outer loop
      vertex 21.7916 5.64499 3
      vertex 21.6593 5.478 1.02
      vertex 21.6593 5.478 3
    endloop
  endfacet
  facet normal -0.869886 0.493253 0
    outer loop
      vertex 21.7916 5.64499 1.02
      vertex 21.8863 5.812 3
      vertex 21.8863 5.812 1.02
    endloop
  endfacet
  facet normal -0.869886 0.493253 0
    outer loop
      vertex 21.8863 5.812 3
      vertex 21.7916 5.64499 1.02
      vertex 21.7916 5.64499 3
    endloop
  endfacet
  facet normal -0.946681 0.322173 0
    outer loop
      vertex 21.8863 5.812 1.02
      vertex 21.9433 5.97949 3
      vertex 21.9433 5.97949 1.02
    endloop
  endfacet
  facet normal -0.946681 0.322173 0
    outer loop
      vertex 21.9433 5.97949 3
      vertex 21.8863 5.812 1.02
      vertex 21.8863 5.812 3
    endloop
  endfacet
  facet normal -0.993703 0.11205 0
    outer loop
      vertex 21.9433 5.97949 1.02
      vertex 21.9623 6.14799 3
      vertex 21.9623 6.14799 1.02
    endloop
  endfacet
  facet normal -0.993703 0.11205 0
    outer loop
      vertex 21.9623 6.14799 3
      vertex 21.9433 5.97949 1.02
      vertex 21.9433 5.97949 3
    endloop
  endfacet
  facet normal -0.985518 -0.16957 0
    outer loop
      vertex 21.9623 6.14799 1.02
      vertex 21.9041 6.48624 3
      vertex 21.9041 6.48624 1.02
    endloop
  endfacet
  facet normal -0.985518 -0.16957 0
    outer loop
      vertex 21.9041 6.48624 3
      vertex 21.9623 6.14799 1.02
      vertex 21.9623 6.14799 3
    endloop
  endfacet
  facet normal -0.820355 -0.571854 0
    outer loop
      vertex 21.9041 6.48624 1.02
      vertex 21.7293 6.737 3
      vertex 21.7293 6.737 1.02
    endloop
  endfacet
  facet normal -0.820355 -0.571854 0
    outer loop
      vertex 21.7293 6.737 3
      vertex 21.9041 6.48624 1.02
      vertex 21.9041 6.48624 3
    endloop
  endfacet
  facet normal -0.48199 -0.876177 0
    outer loop
      vertex 21.4471 6.89224 1.02
      vertex 21.7293 6.737 3
      vertex 21.4471 6.89224 3
    endloop
  endfacet
  facet normal -0.48199 -0.876177 -0
    outer loop
      vertex 21.7293 6.737 3
      vertex 21.4471 6.89224 1.02
      vertex 21.7293 6.737 1.02
    endloop
  endfacet
  facet normal -0.133944 -0.990989 0
    outer loop
      vertex 21.0643 6.94398 1.02
      vertex 21.4471 6.89224 3
      vertex 21.0643 6.94398 3
    endloop
  endfacet
  facet normal -0.133944 -0.990989 -0
    outer loop
      vertex 21.4471 6.89224 3
      vertex 21.0643 6.94398 1.02
      vertex 21.4471 6.89224 1.02
    endloop
  endfacet
  facet normal 0.140225 -0.99012 0
    outer loop
      vertex 20.7061 6.89325 1.02
      vertex 21.0643 6.94398 3
      vertex 20.7061 6.89325 3
    endloop
  endfacet
  facet normal 0.140225 -0.99012 0
    outer loop
      vertex 21.0643 6.94398 3
      vertex 20.7061 6.89325 1.02
      vertex 21.0643 6.94398 1.02
    endloop
  endfacet
  facet normal 0.468885 -0.883259 0
    outer loop
      vertex 20.4193 6.741 1.02
      vertex 20.7061 6.89325 3
      vertex 20.4193 6.741 3
    endloop
  endfacet
  facet normal 0.468885 -0.883259 0
    outer loop
      vertex 20.7061 6.89325 3
      vertex 20.4193 6.741 1.02
      vertex 20.7061 6.89325 1.02
    endloop
  endfacet
  facet normal 0.76797 -0.640486 0
    outer loop
      vertex 20.2208 6.50299 3
      vertex 20.4193 6.741 1.02
      vertex 20.4193 6.741 3
    endloop
  endfacet
  facet normal 0.76797 -0.640486 0
    outer loop
      vertex 20.4193 6.741 1.02
      vertex 20.2208 6.50299 3
      vertex 20.2208 6.50299 1.02
    endloop
  endfacet
  facet normal 0.956881 -0.290482 0
    outer loop
      vertex 20.1273 6.19499 3
      vertex 20.2208 6.50299 1.02
      vertex 20.2208 6.50299 3
    endloop
  endfacet
  facet normal 0.956881 -0.290482 0
    outer loop
      vertex 20.2208 6.50299 1.02
      vertex 20.1273 6.19499 3
      vertex 20.1273 6.19499 1.02
    endloop
  endfacet
  facet normal 0.0931758 0.99565 -0
    outer loop
      vertex 20.5013 6.15999 1.02
      vertex 20.1273 6.19499 3
      vertex 20.5013 6.15999 3
    endloop
  endfacet
  facet normal 0.0931758 0.99565 0
    outer loop
      vertex 20.1273 6.19499 3
      vertex 20.5013 6.15999 1.02
      vertex 20.1273 6.19499 1.02
    endloop
  endfacet
  facet normal -0.96257 0.271033 0
    outer loop
      vertex 20.5013 6.15999 1.02
      vertex 20.5586 6.36349 3
      vertex 20.5586 6.36349 1.02
    endloop
  endfacet
  facet normal -0.96257 0.271033 0
    outer loop
      vertex 20.5586 6.36349 3
      vertex 20.5013 6.15999 1.02
      vertex 20.5013 6.15999 3
    endloop
  endfacet
  facet normal -0.786623 0.617434 0
    outer loop
      vertex 20.5586 6.36349 1.02
      vertex 20.6783 6.51599 3
      vertex 20.6783 6.51599 1.02
    endloop
  endfacet
  facet normal -0.786623 0.617434 0
    outer loop
      vertex 20.6783 6.51599 3
      vertex 20.5586 6.36349 1.02
      vertex 20.5586 6.36349 3
    endloop
  endfacet
  facet normal -0.483379 0.875411 0
    outer loop
      vertex 20.8508 6.61124 1.02
      vertex 20.6783 6.51599 3
      vertex 20.8508 6.61124 3
    endloop
  endfacet
  facet normal -0.483379 0.875411 0
    outer loop
      vertex 20.6783 6.51599 3
      vertex 20.8508 6.61124 1.02
      vertex 20.6783 6.51599 1.02
    endloop
  endfacet
  facet normal -0.147094 0.989122 0
    outer loop
      vertex 21.0643 6.64299 1.02
      vertex 20.8508 6.61124 3
      vertex 21.0643 6.64299 3
    endloop
  endfacet
  facet normal -0.147094 0.989122 0
    outer loop
      vertex 20.8508 6.61124 3
      vertex 21.0643 6.64299 1.02
      vertex 20.8508 6.61124 1.02
    endloop
  endfacet
  facet normal 0.150106 0.98867 -0
    outer loop
      vertex 21.2833 6.60974 1.02
      vertex 21.0643 6.64299 3
      vertex 21.2833 6.60974 3
    endloop
  endfacet
  facet normal 0.150106 0.98867 0
    outer loop
      vertex 21.0643 6.64299 3
      vertex 21.2833 6.60974 1.02
      vertex 21.0643 6.64299 1.02
    endloop
  endfacet
  facet normal 0.517353 0.855772 -0
    outer loop
      vertex 21.4483 6.50999 1.02
      vertex 21.2833 6.60974 3
      vertex 21.4483 6.50999 3
    endloop
  endfacet
  facet normal 0.517353 0.855772 0
    outer loop
      vertex 21.2833 6.60974 3
      vertex 21.4483 6.50999 1.02
      vertex 21.2833 6.60974 1.02
    endloop
  endfacet
  facet normal 0.839641 0.543142 0
    outer loop
      vertex 21.5518 6.34999 3
      vertex 21.4483 6.50999 1.02
      vertex 21.4483 6.50999 3
    endloop
  endfacet
  facet normal 0.839641 0.543142 0
    outer loop
      vertex 21.4483 6.50999 1.02
      vertex 21.5518 6.34999 3
      vertex 21.5518 6.34999 1.02
    endloop
  endfacet
  facet normal 0.987253 0.15916 0
    outer loop
      vertex 21.5863 6.13599 3
      vertex 21.5518 6.34999 1.02
      vertex 21.5518 6.34999 3
    endloop
  endfacet
  facet normal 0.987253 0.15916 0
    outer loop
      vertex 21.5518 6.34999 1.02
      vertex 21.5863 6.13599 3
      vertex 21.5863 6.13599 1.02
    endloop
  endfacet
  facet normal 0.992849 -0.119378 0
    outer loop
      vertex 21.5661 5.96799 3
      vertex 21.5863 6.13599 1.02
      vertex 21.5863 6.13599 3
    endloop
  endfacet
  facet normal 0.992849 -0.119378 0
    outer loop
      vertex 21.5863 6.13599 1.02
      vertex 21.5661 5.96799 3
      vertex 21.5661 5.96799 1.02
    endloop
  endfacet
  facet normal 0.926763 -0.375648 0
    outer loop
      vertex 21.5053 5.81799 3
      vertex 21.5661 5.96799 1.02
      vertex 21.5661 5.96799 3
    endloop
  endfacet
  facet normal 0.926763 -0.375648 0
    outer loop
      vertex 21.5661 5.96799 1.02
      vertex 21.5053 5.81799 3
      vertex 21.5053 5.81799 1.02
    endloop
  endfacet
  facet normal 0.82876 -0.559605 0
    outer loop
      vertex 21.4128 5.681 3
      vertex 21.5053 5.81799 1.02
      vertex 21.5053 5.81799 3
    endloop
  endfacet
  facet normal 0.82876 -0.559605 0
    outer loop
      vertex 21.5053 5.81799 1.02
      vertex 21.4128 5.681 3
      vertex 21.4128 5.681 1.02
    endloop
  endfacet
  facet normal 0.744449 -0.66768 0
    outer loop
      vertex 21.2953 5.54999 3
      vertex 21.4128 5.681 1.02
      vertex 21.4128 5.681 3
    endloop
  endfacet
  facet normal 0.744449 -0.66768 0
    outer loop
      vertex 21.4128 5.681 1.02
      vertex 21.2953 5.54999 3
      vertex 21.2953 5.54999 1.02
    endloop
  endfacet
  facet normal 0.677893 -0.735161 0
    outer loop
      vertex 21.1573 5.42274 1.02
      vertex 21.2953 5.54999 3
      vertex 21.1573 5.42274 3
    endloop
  endfacet
  facet normal 0.677893 -0.735161 0
    outer loop
      vertex 21.2953 5.54999 3
      vertex 21.1573 5.42274 1.02
      vertex 21.2953 5.54999 1.02
    endloop
  endfacet
  facet normal 0.638433 -0.769678 0
    outer loop
      vertex 21.0033 5.295 1.02
      vertex 21.1573 5.42274 3
      vertex 21.0033 5.295 3
    endloop
  endfacet
  facet normal 0.638433 -0.769678 0
    outer loop
      vertex 21.1573 5.42274 3
      vertex 21.0033 5.295 1.02
      vertex 21.1573 5.42274 1.02
    endloop
  endfacet
  facet normal 0.635958 -0.771724 0
    outer loop
      vertex 20.8413 5.1615 1.02
      vertex 21.0033 5.295 3
      vertex 20.8413 5.1615 3
    endloop
  endfacet
  facet normal 0.635958 -0.771724 0
    outer loop
      vertex 21.0033 5.295 3
      vertex 20.8413 5.1615 1.02
      vertex 21.0033 5.295 1.02
    endloop
  endfacet
  facet normal 0.661092 -0.750305 0
    outer loop
      vertex 20.6773 5.017 1.02
      vertex 20.8413 5.1615 3
      vertex 20.6773 5.017 3
    endloop
  endfacet
  facet normal 0.661092 -0.750305 0
    outer loop
      vertex 20.8413 5.1615 3
      vertex 20.6773 5.017 1.02
      vertex 20.8413 5.1615 1.02
    endloop
  endfacet
  facet normal 0.702224 -0.711956 0
    outer loop
      vertex 20.5171 4.85899 1.02
      vertex 20.6773 5.017 3
      vertex 20.5171 4.85899 3
    endloop
  endfacet
  facet normal 0.702224 -0.711956 0
    outer loop
      vertex 20.6773 5.017 3
      vertex 20.5171 4.85899 1.02
      vertex 20.6773 5.017 1.02
    endloop
  endfacet
  facet normal 0.755104 -0.655605 0
    outer loop
      vertex 20.3643 4.683 3
      vertex 20.5171 4.85899 1.02
      vertex 20.5171 4.85899 3
    endloop
  endfacet
  facet normal 0.755104 -0.655605 0
    outer loop
      vertex 20.5171 4.85899 1.02
      vertex 20.3643 4.683 3
      vertex 20.3643 4.683 1.02
    endloop
  endfacet
  facet normal 0.821332 -0.57045 0
    outer loop
      vertex 20.2266 4.48474 3
      vertex 20.3643 4.683 1.02
      vertex 20.3643 4.683 3
    endloop
  endfacet
  facet normal 0.821332 -0.57045 0
    outer loop
      vertex 20.3643 4.683 1.02
      vertex 20.2266 4.48474 3
      vertex 20.2266 4.48474 1.02
    endloop
  endfacet
  facet normal 0.891372 -0.453273 0
    outer loop
      vertex 20.1113 4.258 3
      vertex 20.2266 4.48474 1.02
      vertex 20.2266 4.48474 3
    endloop
  endfacet
  facet normal 0.891372 -0.453273 0
    outer loop
      vertex 20.2266 4.48474 1.02
      vertex 20.1113 4.258 3
      vertex 20.1113 4.258 1.02
    endloop
  endfacet
  facet normal 1 -0 0
    outer loop
      vertex 20.1113 4 3
      vertex 20.1113 4.258 1.02
      vertex 20.1113 4.258 3
    endloop
  endfacet
  facet normal 1 0 0
    outer loop
      vertex 20.1113 4.258 1.02
      vertex 20.1113 4 3
      vertex 20.1113 4 1.02
    endloop
  endfacet
  facet normal 0 1 -0
    outer loop
      vertex 22.0063 4 1.02
      vertex 20.1113 4 3
      vertex 22.0063 4 3
    endloop
  endfacet
  facet normal 0 1 0
    outer loop
      vertex 20.1113 4 3
      vertex 22.0063 4 1.02
      vertex 20.1113 4 1.02
    endloop
  endfacet
  facet normal -1 0 0
    outer loop
      vertex 22.0063 4 1.02
      vertex 22.0063 4.31099 3
      vertex 22.0063 4.31099 1.02
    endloop
  endfacet
  facet normal -1 -0 0
    outer loop
      vertex 22.0063 4.31099 3
      vertex 22.0063 4 1.02
      vertex 22.0063 4 3
    endloop
  endfacet
  facet normal 0 -1 0
    outer loop
      vertex 23.579 4.31099 1.02
      vertex 24.275 4.31099 3
      vertex 23.579 4.31099 3
    endloop
  endfacet
  facet normal 0 -1 -0
    outer loop
      vertex 24.275 4.31099 3
      vertex 23.579 4.31099 1.02
      vertex 24.275 4.31099 1.02
    endloop
  endfacet
  facet normal -1 0 0
    outer loop
      vertex 23.579 4.31099 1.02
      vertex 23.579 6.87999 3
      vertex 23.579 6.87999 1.02
    endloop
  endfacet
  facet normal -1 -0 0
    outer loop
      vertex 23.579 6.87999 3
      vertex 23.579 4.31099 1.02
      vertex 23.579 4.31099 3
    endloop
  endfacet
  facet normal 0 -1 0
    outer loop
      vertex 23.242 6.87999 1.02
      vertex 23.579 6.87999 3
      vertex 23.242 6.87999 3
    endloop
  endfacet
  facet normal 0 -1 -0
    outer loop
      vertex 23.579 6.87999 3
      vertex 23.242 6.87999 1.02
      vertex 23.579 6.87999 1.02
    endloop
  endfacet
  facet normal 0.583957 -0.811784 0
    outer loop
      vertex 22.565 6.39299 1.02
      vertex 23.242 6.87999 3
      vertex 22.565 6.39299 3
    endloop
  endfacet
  facet normal 0.583957 -0.811784 0
    outer loop
      vertex 23.242 6.87999 3
      vertex 22.565 6.39299 1.02
      vertex 23.242 6.87999 1.02
    endloop
  endfacet
  facet normal 1 -0 0
    outer loop
      vertex 22.565 6.04799 3
      vertex 22.565 6.39299 1.02
      vertex 22.565 6.39299 3
    endloop
  endfacet
  facet normal 1 0 0
    outer loop
      vertex 22.565 6.39299 1.02
      vertex 22.565 6.04799 3
      vertex 22.565 6.04799 1.02
    endloop
  endfacet
  facet normal -0.598809 0.800892 0
    outer loop
      vertex 23.211 6.53099 1.02
      vertex 22.565 6.04799 3
      vertex 23.211 6.53099 3
    endloop
  endfacet
  facet normal -0.598809 0.800892 0
    outer loop
      vertex 22.565 6.04799 3
      vertex 23.211 6.53099 1.02
      vertex 22.565 6.04799 1.02
    endloop
  endfacet
  facet normal 1 -0 0
    outer loop
      vertex 23.211 4.31099 3
      vertex 23.211 6.53099 1.02
      vertex 23.211 6.53099 3
    endloop
  endfacet
  facet normal 1 0 0
    outer loop
      vertex 23.211 6.53099 1.02
      vertex 23.211 4.31099 3
      vertex 23.211 4.31099 1.02
    endloop
  endfacet
  facet normal 0 -1 0
    outer loop
      vertex 22.482 4.31099 1.02
      vertex 23.211 4.31099 3
      vertex 22.482 4.31099 3
    endloop
  endfacet
  facet normal 0 -1 -0
    outer loop
      vertex 23.211 4.31099 3
      vertex 22.482 4.31099 1.02
      vertex 23.211 4.31099 1.02
    endloop
  endfacet
  facet normal 1 -0 0
    outer loop
      vertex 22.482 4 3
      vertex 22.482 4.31099 1.02
      vertex 22.482 4.31099 3
    endloop
  endfacet
  facet normal 1 0 0
    outer loop
      vertex 22.482 4.31099 1.02
      vertex 22.482 4 3
      vertex 22.482 4 1.02
    endloop
  endfacet
  facet normal 0 1 -0
    outer loop
      vertex 24.275 4 1.02
      vertex 22.482 4 3
      vertex 24.275 4 3
    endloop
  endfacet
  facet normal 0 1 0
    outer loop
      vertex 22.482 4 3
      vertex 24.275 4 1.02
      vertex 22.482 4 1.02
    endloop
  endfacet
  facet normal -1 0 0
    outer loop
      vertex 24.275 4 1.02
      vertex 24.275 4.31099 3
      vertex 24.275 4.31099 1.02
    endloop
  endfacet
  facet normal -1 -0 0
    outer loop
      vertex 24.275 4.31099 3
      vertex 24.275 4 1.02
      vertex 24.275 4 3
    endloop
  endfacet
  facet normal 0 1 -0
    outer loop
      vertex 29.8934 5.22899 1.02
      vertex 29.0014 5.22899 3
      vertex 29.8934 5.22899 3
    endloop
  endfacet
  facet normal 0 1 0
    outer loop
      vertex 29.0014 5.22899 3
      vertex 29.8934 5.22899 1.02
      vertex 29.0014 5.22899 1.02
    endloop
  endfacet
  facet normal 0.855735 0.517414 0
    outer loop
      vertex 30.6365 4 3
      vertex 29.8934 5.22899 1.02
      vertex 29.8934 5.22899 3
    endloop
  endfacet
  facet normal 0.855735 0.517414 0
    outer loop
      vertex 29.8934 5.22899 1.02
      vertex 30.6365 4 3
      vertex 30.6365 4 1.02
    endloop
  endfacet
  facet normal 0 1 -0
    outer loop
      vertex 31.0835 4 1.02
      vertex 30.6365 4 3
      vertex 31.0835 4 3
    endloop
  endfacet
  facet normal 0 1 0
    outer loop
      vertex 30.6365 4 3
      vertex 31.0835 4 1.02
      vertex 30.6365 4 1.02
    endloop
  endfacet
  facet normal -0.843278 -0.537478 0
    outer loop
      vertex 31.0835 4 1.02
      vertex 30.2715 5.27399 3
      vertex 30.2715 5.27399 1.02
    endloop
  endfacet
  facet normal -0.843278 -0.537478 0
    outer loop
      vertex 30.2715 5.27399 3
      vertex 31.0835 4 1.02
      vertex 31.0835 4 3
    endloop
  endfacet
  facet normal -0.311141 0.950364 0
    outer loop
      vertex 30.5632 5.36949 1.02
      vertex 30.2715 5.27399 3
      vertex 30.5632 5.36949 3
    endloop
  endfacet
  facet normal -0.311141 0.950364 0
    outer loop
      vertex 30.2715 5.27399 3
      vertex 30.5632 5.36949 1.02
      vertex 30.2715 5.27399 1.02
    endloop
  endfacet
  facet normal -0.619184 0.785246 0
    outer loop
      vertex 30.7845 5.54399 1.02
      vertex 30.5632 5.36949 3
      vertex 30.7845 5.54399 3
    endloop
  endfacet
  facet normal -0.619184 0.785246 0
    outer loop
      vertex 30.5632 5.36949 3
      vertex 30.7845 5.54399 1.02
      vertex 30.5632 5.36949 1.02
    endloop
  endfacet
  facet normal -0.864334 0.502918 0
    outer loop
      vertex 30.7845 5.54399 1.02
      vertex 30.924 5.78374 3
      vertex 30.924 5.78374 1.02
    endloop
  endfacet
  facet normal -0.864334 0.502918 0
    outer loop
      vertex 30.924 5.78374 3
      vertex 30.7845 5.54399 1.02
      vertex 30.7845 5.54399 3
    endloop
  endfacet
  facet normal -0.987324 0.158717 0
    outer loop
      vertex 30.924 5.78374 1.02
      vertex 30.9705 6.073 3
      vertex 30.9705 6.073 1.02
    endloop
  endfacet
  facet normal -0.987324 0.158717 0
    outer loop
      vertex 30.9705 6.073 3
      vertex 30.924 5.78374 1.02
      vertex 30.924 5.78374 3
    endloop
  endfacet
  facet normal -0.981598 -0.190957 0
    outer loop
      vertex 30.9705 6.073 1.02
      vertex 30.9047 6.41124 3
      vertex 30.9047 6.41124 1.02
    endloop
  endfacet
  facet normal -0.981598 -0.190957 0
    outer loop
      vertex 30.9047 6.41124 3
      vertex 30.9705 6.073 1.02
      vertex 30.9705 6.073 3
    endloop
  endfacet
  facet normal -0.790762 -0.612123 0
    outer loop
      vertex 30.9047 6.41124 1.02
      vertex 30.7075 6.66599 3
      vertex 30.7075 6.66599 1.02
    endloop
  endfacet
  facet normal -0.790762 -0.612123 0
    outer loop
      vertex 30.7075 6.66599 3
      vertex 30.9047 6.41124 1.02
      vertex 30.9047 6.41124 3
    endloop
  endfacet
  facet normal -0.450241 -0.892907 0
    outer loop
      vertex 30.3892 6.82649 1.02
      vertex 30.7075 6.66599 3
      vertex 30.3892 6.82649 3
    endloop
  endfacet
  facet normal -0.450241 -0.892907 -0
    outer loop
      vertex 30.7075 6.66599 3
      vertex 30.3892 6.82649 1.02
      vertex 30.7075 6.66599 1.02
    endloop
  endfacet
  facet normal -0.123807 -0.992306 0
    outer loop
      vertex 29.9604 6.87999 1.02
      vertex 30.3892 6.82649 3
      vertex 29.9604 6.87999 3
    endloop
  endfacet
  facet normal -0.123807 -0.992306 -0
    outer loop
      vertex 30.3892 6.82649 3
      vertex 29.9604 6.87999 1.02
      vertex 30.3892 6.82649 1.02
    endloop
  endfacet
  facet normal 0 -1 0
    outer loop
      vertex 28.6134 6.87999 1.02
      vertex 29.9604 6.87999 3
      vertex 28.6134 6.87999 3
    endloop
  endfacet
  facet normal 0 -1 -0
    outer loop
      vertex 29.9604 6.87999 3
      vertex 28.6134 6.87999 1.02
      vertex 29.9604 6.87999 1.02
    endloop
  endfacet
  facet normal 1 -0 0
    outer loop
      vertex 28.6134 4 3
      vertex 28.6134 6.87999 1.02
      vertex 28.6134 6.87999 3
    endloop
  endfacet
  facet normal 1 0 0
    outer loop
      vertex 28.6134 6.87999 1.02
      vertex 28.6134 4 3
      vertex 28.6134 4 1.02
    endloop
  endfacet
  facet normal 0 1 -0
    outer loop
      vertex 29.0014 4 1.02
      vertex 28.6134 4 3
      vertex 29.0014 4 3
    endloop
  endfacet
  facet normal 0 1 0
    outer loop
      vertex 28.6134 4 3
      vertex 29.0014 4 1.02
      vertex 28.6134 4 1.02
    endloop
  endfacet
  facet normal -1 0 0
    outer loop
      vertex 29.0014 4 1.02
      vertex 29.0014 5.22899 3
      vertex 29.0014 5.22899 1.02
    endloop
  endfacet
  facet normal -1 -0 0
    outer loop
      vertex 29.0014 5.22899 3
      vertex 29.0014 4 1.02
      vertex 29.0014 4 3
    endloop
  endfacet
  facet normal -1 0 0
    outer loop
      vertex 29.0014 5.536 1.02
      vertex 29.0014 6.56898 3
      vertex 29.0014 6.56898 1.02
    endloop
  endfacet
  facet normal -1 -0 0
    outer loop
      vertex 29.0014 6.56898 3
      vertex 29.0014 5.536 1.02
      vertex 29.0014 5.536 3
    endloop
  endfacet
  facet normal 0 1 -0
    outer loop
      vertex 29.9225 6.56898 1.02
      vertex 29.0014 6.56898 3
      vertex 29.9225 6.56898 3
    endloop
  endfacet
  facet normal 0 1 0
    outer loop
      vertex 29.0014 6.56898 3
      vertex 29.9225 6.56898 1.02
      vertex 29.0014 6.56898 1.02
    endloop
  endfacet
  facet normal 0.112954 0.9936 -0
    outer loop
      vertex 30.2039 6.53699 1.02
      vertex 29.9225 6.56898 3
      vertex 30.2039 6.53699 3
    endloop
  endfacet
  facet normal 0.112954 0.9936 0
    outer loop
      vertex 29.9225 6.56898 3
      vertex 30.2039 6.53699 1.02
      vertex 29.9225 6.56898 1.02
    endloop
  endfacet
  facet normal 0.421563 0.906799 -0
    outer loop
      vertex 30.4104 6.44099 1.02
      vertex 30.2039 6.53699 3
      vertex 30.4104 6.44099 3
    endloop
  endfacet
  facet normal 0.421563 0.906799 0
    outer loop
      vertex 30.2039 6.53699 3
      vertex 30.4104 6.44099 1.02
      vertex 30.2039 6.53699 1.02
    endloop
  endfacet
  facet normal 0.776756 0.629802 0
    outer loop
      vertex 30.5379 6.28374 3
      vertex 30.4104 6.44099 1.02
      vertex 30.4104 6.44099 3
    endloop
  endfacet
  facet normal 0.776756 0.629802 0
    outer loop
      vertex 30.4104 6.44099 1.02
      vertex 30.5379 6.28374 3
      vertex 30.5379 6.28374 1.02
    endloop
  endfacet
  facet normal 0.981059 0.193711 0
    outer loop
      vertex 30.5805 6.06799 3
      vertex 30.5379 6.28374 1.02
      vertex 30.5379 6.28374 3
    endloop
  endfacet
  facet normal 0.981059 0.193711 0
    outer loop
      vertex 30.5379 6.28374 1.02
      vertex 30.5805 6.06799 3
      vertex 30.5805 6.06799 1.02
    endloop
  endfacet
  facet normal 0.982872 -0.184289 0
    outer loop
      vertex 30.5385 5.84399 3
      vertex 30.5805 6.06799 1.02
      vertex 30.5805 6.06799 3
    endloop
  endfacet
  facet normal 0.982872 -0.184289 0
    outer loop
      vertex 30.5805 6.06799 1.02
      vertex 30.5385 5.84399 3
      vertex 30.5385 5.84399 1.02
    endloop
  endfacet
  facet normal 0.8 -0.6 0
    outer loop
      vertex 30.4125 5.67599 3
      vertex 30.5385 5.84399 1.02
      vertex 30.5385 5.84399 3
    endloop
  endfacet
  facet normal 0.8 -0.6 0
    outer loop
      vertex 30.5385 5.84399 1.02
      vertex 30.4125 5.67599 3
      vertex 30.4125 5.67599 1.02
    endloop
  endfacet
  facet normal 0.461 -0.8874 0
    outer loop
      vertex 30.2104 5.571 1.02
      vertex 30.4125 5.67599 3
      vertex 30.2104 5.571 3
    endloop
  endfacet
  facet normal 0.461 -0.8874 0
    outer loop
      vertex 30.4125 5.67599 3
      vertex 30.2104 5.571 1.02
      vertex 30.4125 5.67599 1.02
    endloop
  endfacet
  facet normal 0.127624 -0.991823 0
    outer loop
      vertex 29.9384 5.536 1.02
      vertex 30.2104 5.571 3
      vertex 29.9384 5.536 3
    endloop
  endfacet
  facet normal 0.127624 -0.991823 0
    outer loop
      vertex 30.2104 5.571 3
      vertex 29.9384 5.536 1.02
      vertex 30.2104 5.571 1.02
    endloop
  endfacet
  facet normal 0 -1 0
    outer loop
      vertex 29.0014 5.536 1.02
      vertex 29.9384 5.536 3
      vertex 29.0014 5.536 3
    endloop
  endfacet
  facet normal 0 -1 -0
    outer loop
      vertex 29.9384 5.536 3
      vertex 29.0014 5.536 1.02
      vertex 29.9384 5.536 1.02
    endloop
  endfacet
  facet normal -0.436591 0.89966 0
    outer loop
      vertex 27.8346 4.215 1.02
      vertex 27.5023 4.05374 3
      vertex 27.8346 4.215 3
    endloop
  endfacet
  facet normal -0.436591 0.89966 0
    outer loop
      vertex 27.5023 4.05374 3
      vertex 27.8346 4.215 1.02
      vertex 27.5023 4.05374 1.02
    endloop
  endfacet
  facet normal -0.776441 0.63019 0
    outer loop
      vertex 27.8346 4.215 1.02
      vertex 28.0438 4.47275 3
      vertex 28.0438 4.47275 1.02
    endloop
  endfacet
  facet normal -0.776441 0.63019 0
    outer loop
      vertex 28.0438 4.47275 3
      vertex 27.8346 4.215 1.02
      vertex 27.8346 4.215 3
    endloop
  endfacet
  facet normal -0.979943 0.199278 0
    outer loop
      vertex 28.0438 4.47275 1.02
      vertex 28.1136 4.81599 3
      vertex 28.1136 4.81599 1.02
    endloop
  endfacet
  facet normal -0.979943 0.199278 0
    outer loop
      vertex 28.1136 4.81599 3
      vertex 28.0438 4.47275 1.02
      vertex 28.0438 4.47275 3
    endloop
  endfacet
  facet normal -0.985078 -0.17211 0
    outer loop
      vertex 28.1136 4.81599 1.02
      vertex 28.0673 5.08099 3
      vertex 28.0673 5.08099 1.02
    endloop
  endfacet
  facet normal -0.985078 -0.17211 0
    outer loop
      vertex 28.0673 5.08099 3
      vertex 28.1136 4.81599 1.02
      vertex 28.1136 4.81599 3
    endloop
  endfacet
  facet normal -0.840314 -0.5421 0
    outer loop
      vertex 28.0673 5.08099 1.02
      vertex 27.9286 5.29599 3
      vertex 27.9286 5.29599 1.02
    endloop
  endfacet
  facet normal -0.840314 -0.5421 0
    outer loop
      vertex 27.9286 5.29599 3
      vertex 28.0673 5.08099 1.02
      vertex 28.0673 5.08099 3
    endloop
  endfacet
  facet normal -0.565278 -0.824901 0
    outer loop
      vertex 27.7046 5.44949 1.02
      vertex 27.9286 5.29599 3
      vertex 27.7046 5.44949 3
    endloop
  endfacet
  facet normal -0.565278 -0.824901 -0
    outer loop
      vertex 27.9286 5.29599 3
      vertex 27.7046 5.44949 1.02
      vertex 27.9286 5.29599 1.02
    endloop
  endfacet
  facet normal -0.251604 -0.96783 0
    outer loop
      vertex 27.4026 5.528 1.02
      vertex 27.7046 5.44949 3
      vertex 27.4026 5.528 3
    endloop
  endfacet
  facet normal -0.251604 -0.96783 -0
    outer loop
      vertex 27.7046 5.44949 3
      vertex 27.4026 5.528 1.02
      vertex 27.7046 5.44949 1.02
    endloop
  endfacet
  facet normal -0.354012 0.935241 0
    outer loop
      vertex 27.6331 5.61525 1.02
      vertex 27.4026 5.528 3
      vertex 27.6331 5.61525 3
    endloop
  endfacet
  facet normal -0.354012 0.935241 0
    outer loop
      vertex 27.4026 5.528 3
      vertex 27.6331 5.61525 1.02
      vertex 27.4026 5.528 1.02
    endloop
  endfacet
  facet normal -0.642353 0.766409 0
    outer loop
      vertex 27.8046 5.75899 1.02
      vertex 27.6331 5.61525 3
      vertex 27.8046 5.75899 3
    endloop
  endfacet
  facet normal -0.642353 0.766409 0
    outer loop
      vertex 27.6331 5.61525 3
      vertex 27.8046 5.75899 1.02
      vertex 27.6331 5.61525 1.02
    endloop
  endfacet
  facet normal -0.874467 0.485086 0
    outer loop
      vertex 27.8046 5.75899 1.02
      vertex 27.9118 5.95224 3
      vertex 27.9118 5.95224 1.02
    endloop
  endfacet
  facet normal -0.874467 0.485086 0
    outer loop
      vertex 27.9118 5.95224 3
      vertex 27.8046 5.75899 1.02
      vertex 27.8046 5.75899 3
    endloop
  endfacet
  facet normal -0.988474 0.15139 0
    outer loop
      vertex 27.9118 5.95224 1.02
      vertex 27.9476 6.18599 3
      vertex 27.9476 6.18599 1.02
    endloop
  endfacet
  facet normal -0.988474 0.15139 0
    outer loop
      vertex 27.9476 6.18599 3
      vertex 27.9118 5.95224 1.02
      vertex 27.9118 5.95224 3
    endloop
  endfacet
  facet normal -0.900064 -0.435758 0
    outer loop
      vertex 27.9476 6.18599 1.02
      vertex 27.6956 6.7065 3
      vertex 27.6956 6.7065 1.02
    endloop
  endfacet
  facet normal -0.900064 -0.435758 0
    outer loop
      vertex 27.6956 6.7065 3
      vertex 27.9476 6.18599 1.02
      vertex 27.9476 6.18599 3
    endloop
  endfacet
  facet normal -0.22367 -0.974665 0
    outer loop
      vertex 26.9396 6.87999 1.02
      vertex 27.6956 6.7065 3
      vertex 26.9396 6.87999 3
    endloop
  endfacet
  facet normal -0.22367 -0.974665 -0
    outer loop
      vertex 27.6956 6.7065 3
      vertex 26.9396 6.87999 1.02
      vertex 27.6956 6.7065 1.02
    endloop
  endfacet
  facet normal 0 -1 0
    outer loop
      vertex 25.8996 6.87999 1.02
      vertex 26.9396 6.87999 3
      vertex 25.8996 6.87999 3
    endloop
  endfacet
  facet normal 0 -1 -0
    outer loop
      vertex 26.9396 6.87999 3
      vertex 25.8996 6.87999 1.02
      vertex 26.9396 6.87999 1.02
    endloop
  endfacet
  facet normal 1 -0 0
    outer loop
      vertex 25.8996 4 3
      vertex 25.8996 6.87999 1.02
      vertex 25.8996 6.87999 3
    endloop
  endfacet
  facet normal 1 0 0
    outer loop
      vertex 25.8996 6.87999 1.02
      vertex 25.8996 4 3
      vertex 25.8996 4 1.02
    endloop
  endfacet
  facet normal 0 1 -0
    outer loop
      vertex 27.0616 4 1.02
      vertex 25.8996 4 3
      vertex 27.0616 4 3
    endloop
  endfacet
  facet normal 0 1 0
    outer loop
      vertex 25.8996 4 3
      vertex 27.0616 4 1.02
      vertex 25.8996 4 1.02
    endloop
  endfacet
  facet normal -0.121046 0.992647 0
    outer loop
      vertex 27.5023 4.05374 1.02
      vertex 27.0616 4 3
      vertex 27.5023 4.05374 3
    endloop
  endfacet
  facet normal -0.121046 0.992647 0
    outer loop
      vertex 27.0616 4 3
      vertex 27.5023 4.05374 1.02
      vertex 27.0616 4 1.02
    endloop
  endfacet
  facet normal -1 0 0
    outer loop
      vertex 26.2876 5.66399 1.02
      vertex 26.2876 6.56898 3
      vertex 26.2876 6.56898 1.02
    endloop
  endfacet
  facet normal -1 -0 0
    outer loop
      vertex 26.2876 6.56898 3
      vertex 26.2876 5.66399 1.02
      vertex 26.2876 5.66399 3
    endloop
  endfacet
  facet normal 0 1 -0
    outer loop
      vertex 26.9396 6.56898 1.02
      vertex 26.2876 6.56898 3
      vertex 26.9396 6.56898 3
    endloop
  endfacet
  facet normal 0 1 0
    outer loop
      vertex 26.2876 6.56898 3
      vertex 26.9396 6.56898 1.02
      vertex 26.2876 6.56898 1.02
    endloop
  endfacet
  facet normal 0.0938152 0.99559 -0
    outer loop
      vertex 27.2048 6.54399 1.02
      vertex 26.9396 6.56898 3
      vertex 27.2048 6.54399 3
    endloop
  endfacet
  facet normal 0.0938152 0.99559 0
    outer loop
      vertex 26.9396 6.56898 3
      vertex 27.2048 6.54399 1.02
      vertex 26.9396 6.56898 1.02
    endloop
  endfacet
  facet normal 0.360913 0.932599 -0
    outer loop
      vertex 27.3986 6.46899 1.02
      vertex 27.2048 6.54399 3
      vertex 27.3986 6.46899 3
    endloop
  endfacet
  facet normal 0.360913 0.932599 0
    outer loop
      vertex 27.2048 6.54399 3
      vertex 27.3986 6.46899 1.02
      vertex 27.2048 6.54399 1.02
    endloop
  endfacet
  facet normal 0.742175 0.670206 0
    outer loop
      vertex 27.5178 6.33699 3
      vertex 27.3986 6.46899 1.02
      vertex 27.3986 6.46899 3
    endloop
  endfacet
  facet normal 0.742175 0.670206 0
    outer loop
      vertex 27.3986 6.46899 1.02
      vertex 27.5178 6.33699 3
      vertex 27.5178 6.33699 1.02
    endloop
  endfacet
  facet normal 0.98039 0.197068 0
    outer loop
      vertex 27.5576 6.13899 3
      vertex 27.5178 6.33699 1.02
      vertex 27.5178 6.33699 3
    endloop
  endfacet
  facet normal 0.98039 0.197068 0
    outer loop
      vertex 27.5178 6.33699 1.02
      vertex 27.5576 6.13899 3
      vertex 27.5576 6.13899 1.02
    endloop
  endfacet
  facet normal 0.98372 -0.179707 0
    outer loop
      vertex 27.5191 5.92824 3
      vertex 27.5576 6.13899 1.02
      vertex 27.5576 6.13899 3
    endloop
  endfacet
  facet normal 0.98372 -0.179707 0
    outer loop
      vertex 27.5576 6.13899 1.02
      vertex 27.5191 5.92824 3
      vertex 27.5191 5.92824 1.02
    endloop
  endfacet
  facet normal 0.78883 -0.614611 0
    outer loop
      vertex 27.4036 5.78 3
      vertex 27.5191 5.92824 1.02
      vertex 27.5191 5.92824 3
    endloop
  endfacet
  facet normal 0.78883 -0.614611 0
    outer loop
      vertex 27.5191 5.92824 1.02
      vertex 27.4036 5.78 3
      vertex 27.4036 5.78 1.02
    endloop
  endfacet
  facet normal 0.41188 -0.911238 0
    outer loop
      vertex 27.2111 5.69299 1.02
      vertex 27.4036 5.78 3
      vertex 27.2111 5.69299 3
    endloop
  endfacet
  facet normal 0.41188 -0.911238 0
    outer loop
      vertex 27.4036 5.78 3
      vertex 27.2111 5.69299 1.02
      vertex 27.4036 5.78 1.02
    endloop
  endfacet
  facet normal 0.10621 -0.994344 0
    outer loop
      vertex 26.9396 5.66399 1.02
      vertex 27.2111 5.69299 3
      vertex 26.9396 5.66399 3
    endloop
  endfacet
  facet normal 0.10621 -0.994344 0
    outer loop
      vertex 27.2111 5.69299 3
      vertex 26.9396 5.66399 1.02
      vertex 27.2111 5.69299 1.02
    endloop
  endfacet
  facet normal 0 -1 0
    outer loop
      vertex 26.2876 5.66399 1.02
      vertex 26.9396 5.66399 3
      vertex 26.2876 5.66399 3
    endloop
  endfacet
  facet normal 0 -1 -0
    outer loop
      vertex 26.9396 5.66399 3
      vertex 26.2876 5.66399 1.02
      vertex 26.9396 5.66399 1.02
    endloop
  endfacet
  facet normal -1 0 0
    outer loop
      vertex 26.2876 4.31099 1.02
      vertex 26.2876 5.36099 3
      vertex 26.2876 5.36099 1.02
    endloop
  endfacet
  facet normal -1 -0 0
    outer loop
      vertex 26.2876 5.36099 3
      vertex 26.2876 4.31099 1.02
      vertex 26.2876 4.31099 3
    endloop
  endfacet
  facet normal 0 1 -0
    outer loop
      vertex 27.0106 5.36099 1.02
      vertex 26.2876 5.36099 3
      vertex 27.0106 5.36099 3
    endloop
  endfacet
  facet normal 0 1 0
    outer loop
      vertex 26.2876 5.36099 3
      vertex 27.0106 5.36099 1.02
      vertex 26.2876 5.36099 1.02
    endloop
  endfacet
  facet normal 0.234721 0.972063 -0
    outer loop
      vertex 27.5438 5.23224 1.02
      vertex 27.0106 5.36099 3
      vertex 27.5438 5.23224 3
    endloop
  endfacet
  facet normal 0.234721 0.972063 0
    outer loop
      vertex 27.0106 5.36099 3
      vertex 27.5438 5.23224 1.02
      vertex 27.0106 5.36099 1.02
    endloop
  endfacet
  facet normal 0.908379 0.418148 0
    outer loop
      vertex 27.7216 4.84599 3
      vertex 27.5438 5.23224 1.02
      vertex 27.5438 5.23224 3
    endloop
  endfacet
  facet normal 0.908379 0.418148 0
    outer loop
      vertex 27.5438 5.23224 1.02
      vertex 27.7216 4.84599 3
      vertex 27.7216 4.84599 1.02
    endloop
  endfacet
  facet normal 0.985043 -0.172311 0
    outer loop
      vertex 27.6808 4.61275 3
      vertex 27.7216 4.84599 1.02
      vertex 27.7216 4.84599 3
    endloop
  endfacet
  facet normal 0.985043 -0.172311 0
    outer loop
      vertex 27.7216 4.84599 1.02
      vertex 27.6808 4.61275 3
      vertex 27.6808 4.61275 1.02
    endloop
  endfacet
  facet normal 0.808294 -0.588779 0
    outer loop
      vertex 27.5586 4.44499 3
      vertex 27.6808 4.61275 1.02
      vertex 27.6808 4.61275 3
    endloop
  endfacet
  facet normal 0.808294 -0.588779 0
    outer loop
      vertex 27.6808 4.61275 1.02
      vertex 27.5586 4.44499 3
      vertex 27.5586 4.44499 1.02
    endloop
  endfacet
  facet normal 0.431147 -0.902282 0
    outer loop
      vertex 27.3483 4.3445 1.02
      vertex 27.5586 4.44499 3
      vertex 27.3483 4.3445 3
    endloop
  endfacet
  facet normal 0.431147 -0.902282 0
    outer loop
      vertex 27.5586 4.44499 3
      vertex 27.3483 4.3445 1.02
      vertex 27.5586 4.44499 1.02
    endloop
  endfacet
  facet normal 0.108613 -0.994084 0
    outer loop
      vertex 27.0416 4.31099 1.02
      vertex 27.3483 4.3445 3
      vertex 27.0416 4.31099 3
    endloop
  endfacet
  facet normal 0.108613 -0.994084 0
    outer loop
      vertex 27.3483 4.3445 3
      vertex 27.0416 4.31099 1.02
      vertex 27.3483 4.3445 1.02
    endloop
  endfacet
  facet normal 0 -1 0
    outer loop
      vertex 26.2876 4.31099 1.02
      vertex 27.0416 4.31099 3
      vertex 26.2876 4.31099 3
    endloop
  endfacet
  facet normal 0 -1 -0
    outer loop
      vertex 27.0416 4.31099 3
      vertex 26.2876 4.31099 1.02
      vertex 27.0416 4.31099 1.02
    endloop
  endfacet
  facet normal -0.4739 0.880579 0
    outer loop
      vertex 12.5555 4.12099 1.02
      vertex 12.2977 3.98225 3
      vertex 12.5555 4.12099 3
    endloop
  endfacet
  facet normal -0.4739 0.880579 0
    outer loop
      vertex 12.2977 3.98225 3
      vertex 12.5555 4.12099 1.02
      vertex 12.2977 3.98225 1.02
    endloop
  endfacet
  facet normal -0.766853 0.641822 0
    outer loop
      vertex 12.5555 4.12099 1.02
      vertex 12.7365 4.33725 3
      vertex 12.7365 4.33725 1.02
    endloop
  endfacet
  facet normal -0.766853 0.641822 0
    outer loop
      vertex 12.7365 4.33725 3
      vertex 12.5555 4.12099 1.02
      vertex 12.5555 4.12099 3
    endloop
  endfacet
  facet normal -0.952622 0.304156 0
    outer loop
      vertex 12.7365 4.33725 1.02
      vertex 12.8255 4.616 3
      vertex 12.8255 4.616 1.02
    endloop
  endfacet
  facet normal -0.952622 0.304156 0
    outer loop
      vertex 12.8255 4.616 3
      vertex 12.7365 4.33725 1.02
      vertex 12.7365 4.33725 3
    endloop
  endfacet
  facet normal -0.0649035 -0.997892 0
    outer loop
      vertex 12.4565 4.64 1.02
      vertex 12.8255 4.616 3
      vertex 12.4565 4.64 3
    endloop
  endfacet
  facet normal -0.0649035 -0.997892 -0
    outer loop
      vertex 12.8255 4.616 3
      vertex 12.4565 4.64 1.02
      vertex 12.8255 4.616 1.02
    endloop
  endfacet
  facet normal 0.957902 -0.287095 0
    outer loop
      vertex 12.4012 4.45549 3
      vertex 12.4565 4.64 1.02
      vertex 12.4565 4.64 3
    endloop
  endfacet
  facet normal 0.957902 -0.287095 0
    outer loop
      vertex 12.4565 4.64 1.02
      vertex 12.4012 4.45549 3
      vertex 12.4012 4.45549 1.02
    endloop
  endfacet
  facet normal 0.774703 -0.632325 0
    outer loop
      vertex 12.2955 4.32599 3
      vertex 12.4012 4.45549 1.02
      vertex 12.4012 4.45549 3
    endloop
  endfacet
  facet normal 0.774703 -0.632325 0
    outer loop
      vertex 12.4012 4.45549 1.02
      vertex 12.2955 4.32599 3
      vertex 12.2955 4.32599 1.02
    endloop
  endfacet
  facet normal 0.46159 -0.887093 0
    outer loop
      vertex 12.1485 4.2495 1.02
      vertex 12.2955 4.32599 3
      vertex 12.1485 4.2495 3
    endloop
  endfacet
  facet normal 0.46159 -0.887093 0
    outer loop
      vertex 12.2955 4.32599 3
      vertex 12.1485 4.2495 1.02
      vertex 12.2955 4.32599 1.02
    endloop
  endfacet
  facet normal 0.141034 -0.990005 0
    outer loop
      vertex 11.9695 4.224 1.02
      vertex 12.1485 4.2495 3
      vertex 11.9695 4.224 3
    endloop
  endfacet
  facet normal 0.141034 -0.990005 0
    outer loop
      vertex 12.1485 4.2495 3
      vertex 11.9695 4.224 1.02
      vertex 12.1485 4.2495 1.02
    endloop
  endfacet
  facet normal -0.214342 -0.976759 0
    outer loop
      vertex 11.7257 4.2775 1.02
      vertex 11.9695 4.224 3
      vertex 11.7257 4.2775 3
    endloop
  endfacet
  facet normal -0.214342 -0.976759 -0
    outer loop
      vertex 11.9695 4.224 3
      vertex 11.7257 4.2775 1.02
      vertex 11.9695 4.224 1.02
    endloop
  endfacet
  facet normal -0.679681 -0.733508 0
    outer loop
      vertex 11.5525 4.43799 1.02
      vertex 11.7257 4.2775 3
      vertex 11.5525 4.43799 3
    endloop
  endfacet
  facet normal -0.679681 -0.733508 -0
    outer loop
      vertex 11.7257 4.2775 3
      vertex 11.5525 4.43799 1.02
      vertex 11.7257 4.2775 1.02
    endloop
  endfacet
  facet normal -0.934841 -0.355068 0
    outer loop
      vertex 11.5525 4.43799 1.02
      vertex 11.449 4.71049 3
      vertex 11.449 4.71049 1.02
    endloop
  endfacet
  facet normal -0.934841 -0.355068 0
    outer loop
      vertex 11.449 4.71049 3
      vertex 11.5525 4.43799 1.02
      vertex 11.5525 4.43799 3
    endloop
  endfacet
  facet normal -0.99606 -0.0886815 0
    outer loop
      vertex 11.449 4.71049 1.02
      vertex 11.4145 5.09799 3
      vertex 11.4145 5.09799 1.02
    endloop
  endfacet
  facet normal -0.99606 -0.0886815 0
    outer loop
      vertex 11.4145 5.09799 3
      vertex 11.449 4.71049 1.02
      vertex 11.449 4.71049 3
    endloop
  endfacet
  facet normal -0.996666 0.081589 0
    outer loop
      vertex 11.4145 5.09799 1.02
      vertex 11.447 5.495 3
      vertex 11.447 5.495 1.02
    endloop
  endfacet
  facet normal -0.996666 0.081589 0
    outer loop
      vertex 11.447 5.495 3
      vertex 11.4145 5.09799 1.02
      vertex 11.4145 5.09799 3
    endloop
  endfacet
  facet normal -0.937641 0.347605 0
    outer loop
      vertex 11.447 5.495 1.02
      vertex 11.5445 5.758 3
      vertex 11.5445 5.758 1.02
    endloop
  endfacet
  facet normal -0.937641 0.347605 0
    outer loop
      vertex 11.5445 5.758 3
      vertex 11.447 5.495 1.02
      vertex 11.447 5.495 3
    endloop
  endfacet
  facet normal -0.654083 0.756423 0
    outer loop
      vertex 11.7145 5.905 1.02
      vertex 11.5445 5.758 3
      vertex 11.7145 5.905 3
    endloop
  endfacet
  facet normal -0.654083 0.756423 0
    outer loop
      vertex 11.5445 5.758 3
      vertex 11.7145 5.905 1.02
      vertex 11.5445 5.758 1.02
    endloop
  endfacet
  facet normal -0.192303 0.981336 0
    outer loop
      vertex 11.9645 5.95399 1.02
      vertex 11.7145 5.905 3
      vertex 11.9645 5.95399 3
    endloop
  endfacet
  facet normal -0.192303 0.981336 0
    outer loop
      vertex 11.7145 5.905 3
      vertex 11.9645 5.95399 1.02
      vertex 11.7145 5.905 1.02
    endloop
  endfacet
  facet normal 0.148059 0.988979 -0
    outer loop
      vertex 12.1532 5.92574 1.02
      vertex 11.9645 5.95399 3
      vertex 12.1532 5.92574 3
    endloop
  endfacet
  facet normal 0.148059 0.988979 0
    outer loop
      vertex 11.9645 5.95399 3
      vertex 12.1532 5.92574 1.02
      vertex 11.9645 5.95399 1.02
    endloop
  endfacet
  facet normal 0.51705 0.855955 -0
    outer loop
      vertex 12.2935 5.84099 1.02
      vertex 12.1532 5.92574 3
      vertex 12.2935 5.84099 3
    endloop
  endfacet
  facet normal 0.51705 0.855955 0
    outer loop
      vertex 12.1532 5.92574 3
      vertex 12.2935 5.84099 1.02
      vertex 12.1532 5.92574 1.02
    endloop
  endfacet
  facet normal 0.816115 0.577889 0
    outer loop
      vertex 12.3875 5.70824 3
      vertex 12.2935 5.84099 1.02
      vertex 12.2935 5.84099 3
    endloop
  endfacet
  facet normal 0.816115 0.577889 0
    outer loop
      vertex 12.2935 5.84099 1.02
      vertex 12.3875 5.70824 3
      vertex 12.3875 5.70824 1.02
    endloop
  endfacet
  facet normal 0.960354 0.278784 0
    outer loop
      vertex 12.4375 5.536 3
      vertex 12.3875 5.70824 1.02
      vertex 12.3875 5.70824 3
    endloop
  endfacet
  facet normal 0.960354 0.278784 0
    outer loop
      vertex 12.3875 5.70824 1.02
      vertex 12.4375 5.536 3
      vertex 12.4375 5.536 1.02
    endloop
  endfacet
  facet normal -0.0768729 0.997041 0
    outer loop
      vertex 12.8135 5.56499 1.02
      vertex 12.4375 5.536 3
      vertex 12.8135 5.56499 3
    endloop
  endfacet
  facet normal -0.0768729 0.997041 0
    outer loop
      vertex 12.4375 5.536 3
      vertex 12.8135 5.56499 1.02
      vertex 12.4375 5.536 1.02
    endloop
  endfacet
  facet normal -0.943976 -0.330015 0
    outer loop
      vertex 12.8135 5.56499 1.02
      vertex 12.715 5.84674 3
      vertex 12.715 5.84674 1.02
    endloop
  endfacet
  facet normal -0.943976 -0.330015 0
    outer loop
      vertex 12.715 5.84674 3
      vertex 12.8135 5.56499 1.02
      vertex 12.8135 5.56499 3
    endloop
  endfacet
  facet normal -0.761536 -0.648123 0
    outer loop
      vertex 12.715 5.84674 1.02
      vertex 12.5335 6.06 3
      vertex 12.5335 6.06 1.02
    endloop
  endfacet
  facet normal -0.761536 -0.648123 0
    outer loop
      vertex 12.5335 6.06 3
      vertex 12.715 5.84674 1.02
      vertex 12.715 5.84674 3
    endloop
  endfacet
  facet normal -0.473947 -0.880553 0
    outer loop
      vertex 12.2827 6.19499 1.02
      vertex 12.5335 6.06 3
      vertex 12.2827 6.19499 3
    endloop
  endfacet
  facet normal -0.473947 -0.880553 -0
    outer loop
      vertex 12.5335 6.06 3
      vertex 12.2827 6.19499 1.02
      vertex 12.5335 6.06 1.02
    endloop
  endfacet
  facet normal -0.144477 -0.989508 0
    outer loop
      vertex 11.9745 6.23999 1.02
      vertex 12.2827 6.19499 3
      vertex 11.9745 6.23999 3
    endloop
  endfacet
  facet normal -0.144477 -0.989508 -0
    outer loop
      vertex 12.2827 6.19499 3
      vertex 11.9745 6.23999 1.02
      vertex 12.2827 6.19499 1.02
    endloop
  endfacet
  facet normal 0.180316 -0.983609 0
    outer loop
      vertex 11.5722 6.16624 1.02
      vertex 11.9745 6.23999 3
      vertex 11.5722 6.16624 3
    endloop
  endfacet
  facet normal 0.180316 -0.983609 0
    outer loop
      vertex 11.9745 6.23999 3
      vertex 11.5722 6.16624 1.02
      vertex 11.9745 6.23999 1.02
    endloop
  endfacet
  facet normal 0.597793 -0.801651 0
    outer loop
      vertex 11.2755 5.94499 1.02
      vertex 11.5722 6.16624 3
      vertex 11.2755 5.94499 3
    endloop
  endfacet
  facet normal 0.597793 -0.801651 0
    outer loop
      vertex 11.5722 6.16624 3
      vertex 11.2755 5.94499 1.02
      vertex 11.5722 6.16624 1.02
    endloop
  endfacet
  facet normal 0.892514 -0.45102 0
    outer loop
      vertex 11.0932 5.58424 3
      vertex 11.2755 5.94499 1.02
      vertex 11.2755 5.94499 3
    endloop
  endfacet
  facet normal 0.892514 -0.45102 0
    outer loop
      vertex 11.2755 5.94499 1.02
      vertex 11.0932 5.58424 3
      vertex 11.0932 5.58424 1.02
    endloop
  endfacet
  facet normal 0.992543 -0.121899 0
    outer loop
      vertex 11.0325 5.09 3
      vertex 11.0932 5.58424 1.02
      vertex 11.0932 5.58424 3
    endloop
  endfacet
  facet normal 0.992543 -0.121899 0
    outer loop
      vertex 11.0932 5.58424 1.02
      vertex 11.0325 5.09 3
      vertex 11.0325 5.09 1.02
    endloop
  endfacet
  facet normal 0.992687 0.120719 0
    outer loop
      vertex 11.093 4.5925 3
      vertex 11.0325 5.09 1.02
      vertex 11.0325 5.09 3
    endloop
  endfacet
  facet normal 0.992687 0.120719 0
    outer loop
      vertex 11.0325 5.09 1.02
      vertex 11.093 4.5925 3
      vertex 11.093 4.5925 1.02
    endloop
  endfacet
  facet normal 0.89418 0.447707 0
    outer loop
      vertex 11.2745 4.23 3
      vertex 11.093 4.5925 1.02
      vertex 11.093 4.5925 3
    endloop
  endfacet
  facet normal 0.89418 0.447707 0
    outer loop
      vertex 11.093 4.5925 1.02
      vertex 11.2745 4.23 3
      vertex 11.2745 4.23 1.02
    endloop
  endfacet
  facet normal 0.595471 0.803377 -0
    outer loop
      vertex 11.572 4.00949 1.02
      vertex 11.2745 4.23 3
      vertex 11.572 4.00949 3
    endloop
  endfacet
  facet normal 0.595471 0.803377 0
    outer loop
      vertex 11.2745 4.23 3
      vertex 11.572 4.00949 1.02
      vertex 11.2745 4.23 1.02
    endloop
  endfacet
  facet normal 0.177903 0.984048 -0
    outer loop
      vertex 11.9785 3.936 1.02
      vertex 11.572 4.00949 3
      vertex 11.9785 3.936 3
    endloop
  endfacet
  facet normal 0.177903 0.984048 0
    outer loop
      vertex 11.572 4.00949 3
      vertex 11.9785 3.936 1.02
      vertex 11.572 4.00949 1.02
    endloop
  endfacet
  facet normal -0.143396 0.989665 0
    outer loop
      vertex 12.2977 3.98225 1.02
      vertex 11.9785 3.936 3
      vertex 12.2977 3.98225 3
    endloop
  endfacet
  facet normal -0.143396 0.989665 0
    outer loop
      vertex 11.9785 3.936 3
      vertex 12.2977 3.98225 1.02
      vertex 11.9785 3.936 1.02
    endloop
  endfacet
  facet normal 0 0 1
    outer loop
      vertex 57.8699 9.43599 1.02
      vertex 58.4009 9.43599 1.02
      vertex 58.3442 10.0035 1.02
    endloop
  endfacet
  facet normal -0 0 1
    outer loop
      vertex 57.7804 10.0795 1.02
      vertex 58.3442 10.0035 1.02
      vertex 58.1739 10.49 1.02
    endloop
  endfacet
  facet normal 0 0 1
    outer loop
      vertex 58.4009 9.43599 1.02
      vertex 57.8699 9.43599 1.02
      vertex 58.3434 8.86925 1.02
    endloop
  endfacet
  facet normal -0 0 1
    outer loop
      vertex 57.5119 10.568 1.02
      vertex 58.1739 10.49 1.02
      vertex 57.8962 10.883 1.02
    endloop
  endfacet
  facet normal 0 0 1
    outer loop
      vertex 57.7812 8.76724 1.02
      vertex 58.3434 8.86925 1.02
      vertex 57.8699 9.43599 1.02
    endloop
  endfacet
  facet normal 0 0 1
    outer loop
      vertex 58.3434 8.86925 1.02
      vertex 57.7812 8.76724 1.02
      vertex 58.1709 8.377 1.02
    endloop
  endfacet
  facet normal 0 0 1
    outer loop
      vertex 58.3442 10.0035 1.02
      vertex 57.7804 10.0795 1.02
      vertex 57.8699 9.43599 1.02
    endloop
  endfacet
  facet normal 0 0 1
    outer loop
      vertex 57.5119 10.568 1.02
      vertex 57.8962 10.883 1.02
      vertex 57.5169 11.17 1.02
    endloop
  endfacet
  facet normal 0 0 1
    outer loop
      vertex 58.1739 10.49 1.02
      vertex 57.5119 10.568 1.02
      vertex 57.7804 10.0795 1.02
    endloop
  endfacet
  facet normal 0 0 1
    outer loop
      vertex 57.5169 11.17 1.02
      vertex 57.0812 10.877 1.02
      vertex 57.5119 10.568 1.02
    endloop
  endfacet
  facet normal 0 0 1
    outer loop
      vertex 57.0489 11.3455 1.02
      vertex 57.0812 10.877 1.02
      vertex 57.5169 11.17 1.02
    endloop
  endfacet
  facet normal 0 0 1
    outer loop
      vertex 56.5029 10.98 1.02
      vertex 57.0489 11.3455 1.02
      vertex 56.5029 11.404 1.02
    endloop
  endfacet
  facet normal 0 0 1
    outer loop
      vertex 57.0489 11.3455 1.02
      vertex 56.5029 10.98 1.02
      vertex 57.0812 10.877 1.02
    endloop
  endfacet
  facet normal 0 0 1
    outer loop
      vertex 56.5029 11.404 1.02
      vertex 55.9197 10.8785 1.02
      vertex 56.5029 10.98 1.02
    endloop
  endfacet
  facet normal -0 0 1
    outer loop
      vertex 55.7044 11.2735 1.02
      vertex 55.9197 10.8785 1.02
      vertex 56.5029 11.404 1.02
    endloop
  endfacet
  facet normal 0 0 1
    outer loop
      vertex 55.7044 11.2735 1.02
      vertex 55.4859 10.574 1.02
      vertex 55.9197 10.8785 1.02
    endloop
  endfacet
  facet normal -0 0 1
    outer loop
      vertex 55.1029 10.882 1.02
      vertex 55.4859 10.574 1.02
      vertex 55.7044 11.2735 1.02
    endloop
  endfacet
  facet normal -0 0 1
    outer loop
      vertex 54.7257 10.26 1.02
      vertex 55.2167 10.0865 1.02
      vertex 55.1029 10.882 1.02
    endloop
  endfacet
  facet normal 0 0 1
    outer loop
      vertex 55.4859 10.574 1.02
      vertex 55.1029 10.882 1.02
      vertex 55.2167 10.0865 1.02
    endloop
  endfacet
  facet normal 0 0 1
    outer loop
      vertex 57.5149 8.269 1.02
      vertex 58.1709 8.377 1.02
      vertex 57.7812 8.76724 1.02
    endloop
  endfacet
  facet normal 0 0 1
    outer loop
      vertex 58.1709 8.377 1.02
      vertex 57.5149 8.269 1.02
      vertex 57.8917 7.97549 1.02
    endloop
  endfacet
  facet normal 0 0 1
    outer loop
      vertex 57.5149 8.269 1.02
      vertex 57.5119 7.67899 1.02
      vertex 57.8917 7.97549 1.02
    endloop
  endfacet
  facet normal -0 0 1
    outer loop
      vertex 57.0829 7.95999 1.02
      vertex 57.5119 7.67899 1.02
      vertex 57.5149 8.269 1.02
    endloop
  endfacet
  facet normal 0 0 1
    outer loop
      vertex 57.0829 7.95999 1.02
      vertex 57.0434 7.49677 1.02
      vertex 57.5119 7.67899 1.02
    endloop
  endfacet
  facet normal -0 0 1
    outer loop
      vertex 56.4969 7.85699 1.02
      vertex 57.0434 7.49677 1.02
      vertex 57.0829 7.95999 1.02
    endloop
  endfacet
  facet normal 0 0 1
    outer loop
      vertex 57.0434 7.49677 1.02
      vertex 56.4969 7.85699 1.02
      vertex 56.4979 7.436 1.02
    endloop
  endfacet
  facet normal 0 0 1
    outer loop
      vertex 56.4969 7.85699 1.02
      vertex 55.9482 7.49626 1.02
      vertex 56.4979 7.436 1.02
    endloop
  endfacet
  facet normal 0 0 1
    outer loop
      vertex 55.9232 7.96349 1.02
      vertex 55.9482 7.49626 1.02
      vertex 56.4969 7.85699 1.02
    endloop
  endfacet
  facet normal 0 0 1
    outer loop
      vertex 55.4789 7.67699 1.02
      vertex 55.9232 7.96349 1.02
      vertex 55.4899 8.28299 1.02
    endloop
  endfacet
  facet normal 0 0 1
    outer loop
      vertex 55.9232 7.96349 1.02
      vertex 55.4789 7.67699 1.02
      vertex 55.9482 7.49626 1.02
    endloop
  endfacet
  facet normal -0 0 1
    outer loop
      vertex 54.8249 8.37299 1.02
      vertex 55.4899 8.28299 1.02
      vertex 55.2177 8.78474 1.02
    endloop
  endfacet
  facet normal 0 0 1
    outer loop
      vertex 55.4899 8.28299 1.02
      vertex 55.1014 7.9715 1.02
      vertex 55.4789 7.67699 1.02
    endloop
  endfacet
  facet normal -0 0 1
    outer loop
      vertex 54.6562 8.86674 1.02
      vertex 55.2177 8.78474 1.02
      vertex 55.1269 9.43599 1.02
    endloop
  endfacet
  facet normal 0 0 1
    outer loop
      vertex 54.5999 9.43599 1.02
      vertex 55.2167 10.0865 1.02
      vertex 54.7257 10.26 1.02
    endloop
  endfacet
  facet normal 0 -0 1
    outer loop
      vertex 54.6562 8.86674 1.02
      vertex 55.1269 9.43599 1.02
      vertex 54.5999 9.43599 1.02
    endloop
  endfacet
  facet normal 0 0 1
    outer loop
      vertex 55.2167 10.0865 1.02
      vertex 54.5999 9.43599 1.02
      vertex 55.1269 9.43599 1.02
    endloop
  endfacet
  facet normal 0 0 1
    outer loop
      vertex 55.2177 8.78474 1.02
      vertex 54.6562 8.86674 1.02
      vertex 54.8249 8.37299 1.02
    endloop
  endfacet
  facet normal 0 0 1
    outer loop
      vertex 55.4899 8.28299 1.02
      vertex 54.8249 8.37299 1.02
      vertex 55.1014 7.9715 1.02
    endloop
  endfacet
  facet normal 0 0 1
    outer loop
      vertex 50.2347 10.6952 1.02
      vertex 50.6785 10.9337 1.02
      vertex 50.385 11.204 1.02
    endloop
  endfacet
  facet normal 0 -0 1
    outer loop
      vertex 50.357 10.433 1.02
      vertex 50.6785 10.9337 1.02
      vertex 50.2347 10.6952 1.02
    endloop
  endfacet
  facet normal 0 0 1
    outer loop
      vertex 50.6785 10.9337 1.02
      vertex 50.357 10.433 1.02
      vertex 50.869 10.523 1.02
    endloop
  endfacet
  facet normal 0 0 1
    outer loop
      vertex 50.385 11.204 1.02
      vertex 50.036 10.874 1.02
      vertex 50.2347 10.6952 1.02
    endloop
  endfacet
  facet normal 0 0 1
    outer loop
      vertex 49.963 11.354 1.02
      vertex 50.036 10.874 1.02
      vertex 50.385 11.204 1.02
    endloop
  endfacet
  facet normal 0 0 1
    outer loop
      vertex 49.963 11.354 1.02
      vertex 49.7542 10.9775 1.02
      vertex 50.036 10.874 1.02
    endloop
  endfacet
  facet normal 0 0 1
    outer loop
      vertex 49.387 11.404 1.02
      vertex 49.7542 10.9775 1.02
      vertex 49.963 11.354 1.02
    endloop
  endfacet
  facet normal 0 0 1
    outer loop
      vertex 49.387 11.404 1.02
      vertex 49.381 11.012 1.02
      vertex 49.7542 10.9775 1.02
    endloop
  endfacet
  facet normal 0 0 1
    outer loop
      vertex 49.387 11.404 1.02
      vertex 48.9762 10.9735 1.02
      vertex 49.381 11.012 1.02
    endloop
  endfacet
  facet normal -0 0 1
    outer loop
      vertex 48.7662 11.337 1.02
      vertex 48.9762 10.9735 1.02
      vertex 49.387 11.404 1.02
    endloop
  endfacet
  facet normal 0 0 1
    outer loop
      vertex 48.7662 11.337 1.02
      vertex 48.68 10.858 1.02
      vertex 48.9762 10.9735 1.02
    endloop
  endfacet
  facet normal -0 0 1
    outer loop
      vertex 48.308 11.136 1.02
      vertex 48.68 10.858 1.02
      vertex 48.7662 11.337 1.02
    endloop
  endfacet
  facet normal 0 0 1
    outer loop
      vertex 48.68 10.858 1.02
      vertex 48.308 11.136 1.02
      vertex 48.4985 10.667 1.02
    endloop
  endfacet
  facet normal -0 0 1
    outer loop
      vertex 48.026 10.811 1.02
      vertex 48.4985 10.667 1.02
      vertex 48.308 11.136 1.02
    endloop
  endfacet
  facet normal 0 0 1
    outer loop
      vertex 48.4985 10.667 1.02
      vertex 48.026 10.811 1.02
      vertex 48.438 10.4 1.02
    endloop
  endfacet
  facet normal 0 -0 1
    outer loop
      vertex 47.95 10.1682 1.02
      vertex 48.438 10.4 1.02
      vertex 47.932 10.372 1.02
    endloop
  endfacet
  facet normal 0 -0 1
    outer loop
      vertex 48.004 9.989 1.02
      vertex 48.438 10.4 1.02
      vertex 47.95 10.1682 1.02
    endloop
  endfacet
  facet normal 0 0 1
    outer loop
      vertex 48.438 10.4 1.02
      vertex 48.026 10.811 1.02
      vertex 47.932 10.372 1.02
    endloop
  endfacet
  facet normal 0 0 1
    outer loop
      vertex 48.438 10.4 1.02
      vertex 48.212 9.69699 1.02
      vertex 48.3727 9.57874 1.02
    endloop
  endfacet
  facet normal 0 0 1
    outer loop
      vertex 48.438 10.4 1.02
      vertex 48.092 9.83249 1.02
      vertex 48.212 9.69699 1.02
    endloop
  endfacet
  facet normal 0 0 1
    outer loop
      vertex 48.438 10.4 1.02
      vertex 48.004 9.989 1.02
      vertex 48.092 9.83249 1.02
    endloop
  endfacet
  facet normal 0 0 1
    outer loop
      vertex 50.9432 8.75224 1.02
      vertex 50.4225 8.69899 1.02
      vertex 50.444 8.528 1.02
    endloop
  endfacet
  facet normal 0 0 1
    outer loop
      vertex 50.6257 9.299 1.02
      vertex 50.358 8.834 1.02
      vertex 50.4225 8.69899 1.02
    endloop
  endfacet
  facet normal 0 0 1
    outer loop
      vertex 50.118 9.028 1.02
      vertex 50.495 9.38699 1.02
      vertex 50.3497 9.46149 1.02
    endloop
  endfacet
  facet normal 0 0 1
    outer loop
      vertex 50.6257 9.299 1.02
      vertex 50.2555 8.9415 1.02
      vertex 50.358 8.834 1.02
    endloop
  endfacet
  facet normal 0 0 1
    outer loop
      vertex 50.118 9.028 1.02
      vertex 50.3497 9.46149 1.02
      vertex 50.194 9.52499 1.02
    endloop
  endfacet
  facet normal 0 0 1
    outer loop
      vertex 50.495 9.38699 1.02
      vertex 50.118 9.028 1.02
      vertex 50.2555 8.9415 1.02
    endloop
  endfacet
  facet normal 0 0 1
    outer loop
      vertex 49.948 9.09874 1.02
      vertex 50.194 9.52499 1.02
      vertex 50.03 9.57974 1.02
    endloop
  endfacet
  facet normal 0 0 1
    outer loop
      vertex 50.194 9.52499 1.02
      vertex 49.948 9.09874 1.02
      vertex 50.118 9.028 1.02
    endloop
  endfacet
  facet normal 0 0 1
    outer loop
      vertex 49.748 9.157 1.02
      vertex 50.03 9.57974 1.02
      vertex 49.858 9.62599 1.02
    endloop
  endfacet
  facet normal 0 0 1
    outer loop
      vertex 50.03 9.57974 1.02
      vertex 49.748 9.157 1.02
      vertex 49.948 9.09874 1.02
    endloop
  endfacet
  facet normal 0 0 1
    outer loop
      vertex 49.6825 9.66849 1.02
      vertex 49.748 9.157 1.02
      vertex 49.858 9.62599 1.02
    endloop
  endfacet
  facet normal 0 0 1
    outer loop
      vertex 49.6825 9.66849 1.02
      vertex 49.5215 9.21124 1.02
      vertex 49.748 9.157 1.02
    endloop
  endfacet
  facet normal 0 0 1
    outer loop
      vertex 49.506 9.70999 1.02
      vertex 49.5215 9.21124 1.02
      vertex 49.6825 9.66849 1.02
    endloop
  endfacet
  facet normal 0 0 1
    outer loop
      vertex 49.506 9.70999 1.02
      vertex 49.272 9.26999 1.02
      vertex 49.5215 9.21124 1.02
    endloop
  endfacet
  facet normal 0 0 1
    outer loop
      vertex 49.0665 9.8185 1.02
      vertex 49.272 9.26999 1.02
      vertex 49.506 9.70999 1.02
    endloop
  endfacet
  facet normal 0 0 1
    outer loop
      vertex 49.0665 9.8185 1.02
      vertex 48.8727 9.37099 1.02
      vertex 49.272 9.26999 1.02
    endloop
  endfacet
  facet normal 0 0 1
    outer loop
      vertex 48.802 9.90799 1.02
      vertex 48.8727 9.37099 1.02
      vertex 49.0665 9.8185 1.02
    endloop
  endfacet
  facet normal 0 0 1
    outer loop
      vertex 48.583 9.47198 1.02
      vertex 48.802 9.90799 1.02
      vertex 48.6465 9.99774 1.02
    endloop
  endfacet
  facet normal 0 0 1
    outer loop
      vertex 48.802 9.90799 1.02
      vertex 48.583 9.47198 1.02
      vertex 48.8727 9.37099 1.02
    endloop
  endfacet
  facet normal 0 0 1
    outer loop
      vertex 48.3727 9.57874 1.02
      vertex 48.6465 9.99774 1.02
      vertex 48.532 10.105 1.02
    endloop
  endfacet
  facet normal 0 0 1
    outer loop
      vertex 48.3727 9.57874 1.02
      vertex 48.532 10.105 1.02
      vertex 48.4615 10.2372 1.02
    endloop
  endfacet
  facet normal 0 0 1
    outer loop
      vertex 48.6465 9.99774 1.02
      vertex 48.3727 9.57874 1.02
      vertex 48.583 9.47198 1.02
    endloop
  endfacet
  facet normal 0 0 1
    outer loop
      vertex 48.3727 9.57874 1.02
      vertex 48.4615 10.2372 1.02
      vertex 48.438 10.4 1.02
    endloop
  endfacet
  facet normal 0 0 1
    outer loop
      vertex 50.4225 8.69899 1.02
      vertex 50.9432 8.75224 1.02
      vertex 50.899 8.922 1.02
    endloop
  endfacet
  facet normal 0 0 1
    outer loop
      vertex 50.9432 8.75224 1.02
      vertex 50.444 8.528 1.02
      vertex 50.958 8.55499 1.02
    endloop
  endfacet
  facet normal 0 0 1
    outer loop
      vertex 50.4225 8.69899 1.02
      vertex 50.899 8.922 1.02
      vertex 50.8297 9.06775 1.02
    endloop
  endfacet
  facet normal 0 0 1
    outer loop
      vertex 50.4225 8.69899 1.02
      vertex 50.8297 9.06775 1.02
      vertex 50.738 9.19299 1.02
    endloop
  endfacet
  facet normal 0 0 1
    outer loop
      vertex 50.4225 8.69899 1.02
      vertex 50.738 9.19299 1.02
      vertex 50.6257 9.299 1.02
    endloop
  endfacet
  facet normal 0 0 1
    outer loop
      vertex 50.958 8.55499 1.02
      vertex 50.444 8.528 1.02
      vertex 50.8542 8.08199 1.02
    endloop
  endfacet
  facet normal 0 0 1
    outer loop
      vertex 50.2555 8.9415 1.02
      vertex 50.6257 9.299 1.02
      vertex 50.495 9.38699 1.02
    endloop
  endfacet
  facet normal -0 0 1
    outer loop
      vertex 50.3757 8.23074 1.02
      vertex 50.8542 8.08199 1.02
      vertex 50.444 8.528 1.02
    endloop
  endfacet
  facet normal 0 0 1
    outer loop
      vertex 50.8542 8.08199 1.02
      vertex 50.3757 8.23074 1.02
      vertex 50.543 7.72899 1.02
    endloop
  endfacet
  facet normal -0 0 1
    outer loop
      vertex 50.171 8.015 1.02
      vertex 50.543 7.72899 1.02
      vertex 50.3757 8.23074 1.02
    endloop
  endfacet
  facet normal 0 0 1
    outer loop
      vertex 50.171 8.015 1.02
      vertex 50.0442 7.50925 1.02
      vertex 50.543 7.72899 1.02
    endloop
  endfacet
  facet normal -0 0 1
    outer loop
      vertex 49.8405 7.88449 1.02
      vertex 50.0442 7.50925 1.02
      vertex 50.171 8.015 1.02
    endloop
  endfacet
  facet normal 0 0 1
    outer loop
      vertex 49.376 7.436 1.02
      vertex 49.8405 7.88449 1.02
      vertex 49.395 7.84099 1.02
    endloop
  endfacet
  facet normal 0 0 1
    outer loop
      vertex 49.8405 7.88449 1.02
      vertex 49.376 7.436 1.02
      vertex 50.0442 7.50925 1.02
    endloop
  endfacet
  facet normal 0 0 1
    outer loop
      vertex 48.959 7.88148 1.02
      vertex 49.376 7.436 1.02
      vertex 49.395 7.84099 1.02
    endloop
  endfacet
  facet normal 0 0 1
    outer loop
      vertex 48.2702 7.67924 1.02
      vertex 48.959 7.88148 1.02
      vertex 48.625 8.00299 1.02
    endloop
  endfacet
  facet normal 0 0 1
    outer loop
      vertex 48.959 7.88148 1.02
      vertex 48.2702 7.67924 1.02
      vertex 49.376 7.436 1.02
    endloop
  endfacet
  facet normal 0 0 1
    outer loop
      vertex 48.3917 8.21074 1.02
      vertex 48.2702 7.67924 1.02
      vertex 48.625 8.00299 1.02
    endloop
  endfacet
  facet normal -0 0 1
    outer loop
      vertex 47.753 8.409 1.02
      vertex 48.3917 8.21074 1.02
      vertex 48.256 8.50999 1.02
    endloop
  endfacet
  facet normal 0 0 1
    outer loop
      vertex 48.3917 8.21074 1.02
      vertex 47.753 8.409 1.02
      vertex 48.2702 7.67924 1.02
    endloop
  endfacet
  facet normal 0 0 1
    outer loop
      vertex 61.4546 10.186 1.02
      vertex 61.9766 10.191 1.02
      vertex 61.8881 10.6765 1.02
    endloop
  endfacet
  facet normal -0 0 1
    outer loop
      vertex 61.2316 10.7395 1.02
      vertex 61.8881 10.6765 1.02
      vertex 61.6226 11.039 1.02
    endloop
  endfacet
  facet normal 0 0 1
    outer loop
      vertex 61.9766 10.191 1.02
      vertex 61.4546 10.186 1.02
      vertex 61.8879 9.7045 1.02
    endloop
  endfacet
  facet normal 0 0 1
    outer loop
      vertex 61.2371 9.6115 1.02
      vertex 61.8879 9.7045 1.02
      vertex 61.4546 10.186 1.02
    endloop
  endfacet
  facet normal 0 0 1
    outer loop
      vertex 61.8881 10.6765 1.02
      vertex 61.2316 10.7395 1.02
      vertex 61.4546 10.186 1.02
    endloop
  endfacet
  facet normal 0 0 1
    outer loop
      vertex 61.1969 11.2647 1.02
      vertex 61.2316 10.7395 1.02
      vertex 61.6226 11.039 1.02
    endloop
  endfacet
  facet normal 0 0 1
    outer loop
      vertex 60.5626 10.924 1.02
      vertex 61.1969 11.2647 1.02
      vertex 60.6256 11.34 1.02
    endloop
  endfacet
  facet normal 0 0 1
    outer loop
      vertex 61.1969 11.2647 1.02
      vertex 60.5626 10.924 1.02
      vertex 61.2316 10.7395 1.02
    endloop
  endfacet
  facet normal 0 0 1
    outer loop
      vertex 60.6256 11.34 1.02
      vertex 59.5326 10.924 1.02
      vertex 60.5626 10.924 1.02
    endloop
  endfacet
  facet normal 0 0 1
    outer loop
      vertex 59.0136 11.34 1.02
      vertex 59.5326 9.42 1.02
      vertex 59.5326 10.924 1.02
    endloop
  endfacet
  facet normal 0 0 1
    outer loop
      vertex 59.0136 7.5 1.02
      vertex 59.5326 9.42 1.02
      vertex 59.0136 11.34 1.02
    endloop
  endfacet
  facet normal -0 0 1
    outer loop
      vertex 59.0136 11.34 1.02
      vertex 59.5326 10.924 1.02
      vertex 60.6256 11.34 1.02
    endloop
  endfacet
  facet normal 0 0 1
    outer loop
      vertex 59.5326 9.42 1.02
      vertex 59.0136 7.5 1.02
      vertex 59.5326 9.00899 1.02
    endloop
  endfacet
  facet normal 0 0 1
    outer loop
      vertex 59.5326 9.00899 1.02
      vertex 59.0136 7.5 1.02
      vertex 59.5326 7.5 1.02
    endloop
  endfacet
  facet normal 0 0 1
    outer loop
      vertex 61.8879 9.7045 1.02
      vertex 61.2371 9.6115 1.02
      vertex 61.6216 9.32899 1.02
    endloop
  endfacet
  facet normal 0 0 1
    outer loop
      vertex 61.2371 9.6115 1.02
      vertex 61.2031 9.08899 1.02
      vertex 61.6216 9.32899 1.02
    endloop
  endfacet
  facet normal -0 0 1
    outer loop
      vertex 60.5846 9.42 1.02
      vertex 61.2031 9.08899 1.02
      vertex 61.2371 9.6115 1.02
    endloop
  endfacet
  facet normal 0 0 1
    outer loop
      vertex 61.2031 9.08899 1.02
      vertex 60.5846 9.42 1.02
      vertex 60.6576 9.00899 1.02
    endloop
  endfacet
  facet normal 0 0 1
    outer loop
      vertex 59.5326 9.00899 1.02
      vertex 60.5846 9.42 1.02
      vertex 59.5326 9.42 1.02
    endloop
  endfacet
  facet normal 0 0 1
    outer loop
      vertex 60.5846 9.42 1.02
      vertex 59.5326 9.00899 1.02
      vertex 60.6576 9.00899 1.02
    endloop
  endfacet
  facet normal 0 0 1
    outer loop
      vertex 54.3921 11.34 1.02
      vertex 53.0771 10.916 1.02
      vertex 54.3921 10.916 1.02
    endloop
  endfacet
  facet normal 0 0 1
    outer loop
      vertex 53.0771 10.916 1.02
      vertex 52.5601 10.916 1.02
      vertex 53.0771 7.5 1.02
    endloop
  endfacet
  facet normal 0 0 1
    outer loop
      vertex 54.3921 11.34 1.02
      vertex 52.5601 10.916 1.02
      vertex 53.0771 10.916 1.02
    endloop
  endfacet
  facet normal -0 0 1
    outer loop
      vertex 51.2441 11.34 1.02
      vertex 52.5601 10.916 1.02
      vertex 54.3921 11.34 1.02
    endloop
  endfacet
  facet normal 0 0 1
    outer loop
      vertex 52.5601 10.916 1.02
      vertex 51.2441 11.34 1.02
      vertex 51.2441 10.916 1.02
    endloop
  endfacet
  facet normal 0 0 1
    outer loop
      vertex 53.0771 7.5 1.02
      vertex 52.5601 10.916 1.02
      vertex 52.5601 7.5 1.02
    endloop
  endfacet
  facet normal -0.403151 0.915134 0
    outer loop
      vertex 50.543 7.72899 1.02
      vertex 50.0442 7.50925 3
      vertex 50.543 7.72899 3
    endloop
  endfacet
  facet normal -0.403151 0.915134 0
    outer loop
      vertex 50.0442 7.50925 3
      vertex 50.543 7.72899 1.02
      vertex 50.0442 7.50925 1.02
    endloop
  endfacet
  facet normal -0.750123 0.661298 0
    outer loop
      vertex 50.543 7.72899 1.02
      vertex 50.8542 8.08199 3
      vertex 50.8542 8.08199 1.02
    endloop
  endfacet
  facet normal -0.750123 0.661298 0
    outer loop
      vertex 50.8542 8.08199 3
      vertex 50.543 7.72899 1.02
      vertex 50.543 7.72899 3
    endloop
  endfacet
  facet normal -0.976757 0.21435 0
    outer loop
      vertex 50.8542 8.08199 1.02
      vertex 50.958 8.55499 3
      vertex 50.958 8.55499 1.02
    endloop
  endfacet
  facet normal -0.976757 0.21435 0
    outer loop
      vertex 50.958 8.55499 3
      vertex 50.8542 8.08199 1.02
      vertex 50.8542 8.08199 3
    endloop
  endfacet
  facet normal -0.997197 -0.0748214 0
    outer loop
      vertex 50.958 8.55499 1.02
      vertex 50.9432 8.75224 3
      vertex 50.9432 8.75224 1.02
    endloop
  endfacet
  facet normal -0.997197 -0.0748214 0
    outer loop
      vertex 50.9432 8.75224 3
      vertex 50.958 8.55499 1.02
      vertex 50.958 8.55499 3
    endloop
  endfacet
  facet normal -0.967736 -0.251967 0
    outer loop
      vertex 50.9432 8.75224 1.02
      vertex 50.899 8.922 3
      vertex 50.899 8.922 1.02
    endloop
  endfacet
  facet normal -0.967736 -0.251967 0
    outer loop
      vertex 50.899 8.922 3
      vertex 50.9432 8.75224 1.02
      vertex 50.9432 8.75224 3
    endloop
  endfacet
  facet normal -0.903112 -0.429404 0
    outer loop
      vertex 50.899 8.922 1.02
      vertex 50.8297 9.06775 3
      vertex 50.8297 9.06775 1.02
    endloop
  endfacet
  facet normal -0.903112 -0.429404 0
    outer loop
      vertex 50.8297 9.06775 3
      vertex 50.899 8.922 1.02
      vertex 50.899 8.922 3
    endloop
  endfacet
  facet normal -0.806843 -0.590766 0
    outer loop
      vertex 50.8297 9.06775 1.02
      vertex 50.738 9.19299 3
      vertex 50.738 9.19299 1.02
    endloop
  endfacet
  facet normal -0.806843 -0.590766 0
    outer loop
      vertex 50.738 9.19299 3
      vertex 50.8297 9.06775 1.02
      vertex 50.8297 9.06775 3
    endloop
  endfacet
  facet normal -0.686449 -0.727178 0
    outer loop
      vertex 50.6257 9.299 1.02
      vertex 50.738 9.19299 3
      vertex 50.6257 9.299 3
    endloop
  endfacet
  facet normal -0.686449 -0.727178 -0
    outer loop
      vertex 50.738 9.19299 3
      vertex 50.6257 9.299 1.02
      vertex 50.738 9.19299 1.02
    endloop
  endfacet
  facet normal -0.558459 -0.829532 0
    outer loop
      vertex 50.495 9.38699 1.02
      vertex 50.6257 9.299 3
      vertex 50.495 9.38699 3
    endloop
  endfacet
  facet normal -0.558459 -0.829532 -0
    outer loop
      vertex 50.6257 9.299 3
      vertex 50.495 9.38699 1.02
      vertex 50.6257 9.299 1.02
    endloop
  endfacet
  facet normal -0.456254 -0.889849 0
    outer loop
      vertex 50.3497 9.46149 1.02
      vertex 50.495 9.38699 3
      vertex 50.3497 9.46149 3
    endloop
  endfacet
  facet normal -0.456254 -0.889849 -0
    outer loop
      vertex 50.495 9.38699 3
      vertex 50.3497 9.46149 1.02
      vertex 50.495 9.38699 1.02
    endloop
  endfacet
  facet normal -0.377637 -0.925954 0
    outer loop
      vertex 50.194 9.52499 1.02
      vertex 50.3497 9.46149 3
      vertex 50.194 9.52499 3
    endloop
  endfacet
  facet normal -0.377637 -0.925954 -0
    outer loop
      vertex 50.3497 9.46149 3
      vertex 50.194 9.52499 1.02
      vertex 50.3497 9.46149 1.02
    endloop
  endfacet
  facet normal -0.316662 -0.948539 0
    outer loop
      vertex 50.03 9.57974 1.02
      vertex 50.194 9.52499 3
      vertex 50.03 9.57974 3
    endloop
  endfacet
  facet normal -0.316662 -0.948539 -0
    outer loop
      vertex 50.194 9.52499 3
      vertex 50.03 9.57974 1.02
      vertex 50.194 9.52499 1.02
    endloop
  endfacet
  facet normal -0.259671 -0.965697 0
    outer loop
      vertex 49.858 9.62599 1.02
      vertex 50.03 9.57974 3
      vertex 49.858 9.62599 3
    endloop
  endfacet
  facet normal -0.259671 -0.965697 -0
    outer loop
      vertex 50.03 9.57974 3
      vertex 49.858 9.62599 1.02
      vertex 50.03 9.57974 1.02
    endloop
  endfacet
  facet normal -0.235362 -0.971908 0
    outer loop
      vertex 49.6825 9.66849 1.02
      vertex 49.858 9.62599 3
      vertex 49.6825 9.66849 3
    endloop
  endfacet
  facet normal -0.235362 -0.971908 -0
    outer loop
      vertex 49.858 9.62599 3
      vertex 49.6825 9.66849 1.02
      vertex 49.858 9.62599 1.02
    endloop
  endfacet
  facet normal -0.228886 -0.973453 0
    outer loop
      vertex 49.506 9.70999 1.02
      vertex 49.6825 9.66849 3
      vertex 49.506 9.70999 3
    endloop
  endfacet
  facet normal -0.228886 -0.973453 -0
    outer loop
      vertex 49.6825 9.66849 3
      vertex 49.506 9.70999 1.02
      vertex 49.6825 9.66849 1.02
    endloop
  endfacet
  facet normal -0.239697 -0.970848 0
    outer loop
      vertex 49.0665 9.8185 1.02
      vertex 49.506 9.70999 3
      vertex 49.0665 9.8185 3
    endloop
  endfacet
  facet normal -0.239697 -0.970848 -0
    outer loop
      vertex 49.506 9.70999 3
      vertex 49.0665 9.8185 1.02
      vertex 49.506 9.70999 1.02
    endloop
  endfacet
  facet normal -0.32049 -0.947252 0
    outer loop
      vertex 48.802 9.90799 1.02
      vertex 49.0665 9.8185 3
      vertex 48.802 9.90799 3
    endloop
  endfacet
  facet normal -0.32049 -0.947252 -0
    outer loop
      vertex 49.0665 9.8185 3
      vertex 48.802 9.90799 1.02
      vertex 49.0665 9.8185 1.02
    endloop
  endfacet
  facet normal -0.499883 -0.866093 0
    outer loop
      vertex 48.6465 9.99774 1.02
      vertex 48.802 9.90799 3
      vertex 48.6465 9.99774 3
    endloop
  endfacet
  facet normal -0.499883 -0.866093 -0
    outer loop
      vertex 48.802 9.90799 3
      vertex 48.6465 9.99774 1.02
      vertex 48.802 9.90799 1.02
    endloop
  endfacet
  facet normal -0.683657 -0.729803 0
    outer loop
      vertex 48.532 10.105 1.02
      vertex 48.6465 9.99774 3
      vertex 48.532 10.105 3
    endloop
  endfacet
  facet normal -0.683657 -0.729803 -0
    outer loop
      vertex 48.6465 9.99774 3
      vertex 48.532 10.105 1.02
      vertex 48.6465 9.99774 1.02
    endloop
  endfacet
  facet normal -0.882371 -0.470554 0
    outer loop
      vertex 48.532 10.105 1.02
      vertex 48.4615 10.2372 3
      vertex 48.4615 10.2372 1.02
    endloop
  endfacet
  facet normal -0.882371 -0.470554 0
    outer loop
      vertex 48.4615 10.2372 3
      vertex 48.532 10.105 1.02
      vertex 48.532 10.105 3
    endloop
  endfacet
  facet normal -0.989742 -0.142868 0
    outer loop
      vertex 48.4615 10.2372 1.02
      vertex 48.438 10.4 3
      vertex 48.438 10.4 1.02
    endloop
  endfacet
  facet normal -0.989742 -0.142868 0
    outer loop
      vertex 48.438 10.4 3
      vertex 48.4615 10.2372 1.02
      vertex 48.4615 10.2372 3
    endloop
  endfacet
  facet normal -0.975276 0.22099 0
    outer loop
      vertex 48.438 10.4 1.02
      vertex 48.4985 10.667 3
      vertex 48.4985 10.667 1.02
    endloop
  endfacet
  facet normal -0.975276 0.22099 0
    outer loop
      vertex 48.4985 10.667 3
      vertex 48.438 10.4 1.02
      vertex 48.438 10.4 3
    endloop
  endfacet
  facet normal -0.724905 0.688849 0
    outer loop
      vertex 48.4985 10.667 1.02
      vertex 48.68 10.858 3
      vertex 48.68 10.858 1.02
    endloop
  endfacet
  facet normal -0.724905 0.688849 0
    outer loop
      vertex 48.68 10.858 3
      vertex 48.4985 10.667 1.02
      vertex 48.4985 10.667 3
    endloop
  endfacet
  facet normal -0.363296 0.931674 0
    outer loop
      vertex 48.9762 10.9735 1.02
      vertex 48.68 10.858 3
      vertex 48.9762 10.9735 3
    endloop
  endfacet
  facet normal -0.363296 0.931674 0
    outer loop
      vertex 48.68 10.858 3
      vertex 48.9762 10.9735 1.02
      vertex 48.68 10.858 1.02
    endloop
  endfacet
  facet normal -0.0946814 0.995508 0
    outer loop
      vertex 49.381 11.012 1.02
      vertex 48.9762 10.9735 3
      vertex 49.381 11.012 3
    endloop
  endfacet
  facet normal -0.0946814 0.995508 0
    outer loop
      vertex 48.9762 10.9735 3
      vertex 49.381 11.012 1.02
      vertex 48.9762 10.9735 1.02
    endloop
  endfacet
  facet normal 0.0920512 0.995754 -0
    outer loop
      vertex 49.7542 10.9775 1.02
      vertex 49.381 11.012 3
      vertex 49.7542 10.9775 3
    endloop
  endfacet
  facet normal 0.0920512 0.995754 0
    outer loop
      vertex 49.381 11.012 3
      vertex 49.7542 10.9775 1.02
      vertex 49.381 11.012 1.02
    endloop
  endfacet
  facet normal 0.344764 0.93869 -0
    outer loop
      vertex 50.036 10.874 1.02
      vertex 49.7542 10.9775 3
      vertex 50.036 10.874 3
    endloop
  endfacet
  facet normal 0.344764 0.93869 0
    outer loop
      vertex 49.7542 10.9775 3
      vertex 50.036 10.874 1.02
      vertex 49.7542 10.9775 1.02
    endloop
  endfacet
  facet normal 0.668903 0.74335 -0
    outer loop
      vertex 50.2347 10.6952 1.02
      vertex 50.036 10.874 3
      vertex 50.2347 10.6952 3
    endloop
  endfacet
  facet normal 0.668903 0.74335 0
    outer loop
      vertex 50.036 10.874 3
      vertex 50.2347 10.6952 1.02
      vertex 50.036 10.874 1.02
    endloop
  endfacet
  facet normal 0.906263 0.422715 0
    outer loop
      vertex 50.357 10.433 3
      vertex 50.2347 10.6952 1.02
      vertex 50.2347 10.6952 3
    endloop
  endfacet
  facet normal 0.906263 0.422715 0
    outer loop
      vertex 50.2347 10.6952 1.02
      vertex 50.357 10.433 3
      vertex 50.357 10.433 1.02
    endloop
  endfacet
  facet normal -0.173127 0.9849 0
    outer loop
      vertex 50.869 10.523 1.02
      vertex 50.357 10.433 3
      vertex 50.869 10.523 3
    endloop
  endfacet
  facet normal -0.173127 0.9849 0
    outer loop
      vertex 50.357 10.433 3
      vertex 50.869 10.523 1.02
      vertex 50.357 10.433 1.02
    endloop
  endfacet
  facet normal -0.907163 -0.42078 0
    outer loop
      vertex 50.869 10.523 1.02
      vertex 50.6785 10.9337 3
      vertex 50.6785 10.9337 1.02
    endloop
  endfacet
  facet normal -0.907163 -0.42078 0
    outer loop
      vertex 50.6785 10.9337 3
      vertex 50.869 10.523 1.02
      vertex 50.869 10.523 3
    endloop
  endfacet
  facet normal -0.677437 -0.735581 0
    outer loop
      vertex 50.385 11.204 1.02
      vertex 50.6785 10.9337 3
      vertex 50.385 11.204 3
    endloop
  endfacet
  facet normal -0.677437 -0.735581 -0
    outer loop
      vertex 50.6785 10.9337 3
      vertex 50.385 11.204 1.02
      vertex 50.6785 10.9337 1.02
    endloop
  endfacet
  facet normal -0.334922 -0.942246 0
    outer loop
      vertex 49.963 11.354 1.02
      vertex 50.385 11.204 3
      vertex 49.963 11.354 3
    endloop
  endfacet
  facet normal -0.334922 -0.942246 -0
    outer loop
      vertex 50.385 11.204 3
      vertex 49.963 11.354 1.02
      vertex 50.385 11.204 1.02
    endloop
  endfacet
  facet normal -0.0864803 -0.996254 0
    outer loop
      vertex 49.387 11.404 1.02
      vertex 49.963 11.354 3
      vertex 49.387 11.404 3
    endloop
  endfacet
  facet normal -0.0864803 -0.996254 -0
    outer loop
      vertex 49.963 11.354 3
      vertex 49.387 11.404 1.02
      vertex 49.963 11.354 1.02
    endloop
  endfacet
  facet normal 0.107302 -0.994226 0
    outer loop
      vertex 48.7662 11.337 1.02
      vertex 49.387 11.404 3
      vertex 48.7662 11.337 3
    endloop
  endfacet
  facet normal 0.107302 -0.994226 0
    outer loop
      vertex 49.387 11.404 3
      vertex 48.7662 11.337 1.02
      vertex 49.387 11.404 1.02
    endloop
  endfacet
  facet normal 0.40172 -0.915762 0
    outer loop
      vertex 48.308 11.136 1.02
      vertex 48.7662 11.337 3
      vertex 48.308 11.136 3
    endloop
  endfacet
  facet normal 0.40172 -0.915762 0
    outer loop
      vertex 48.7662 11.337 3
      vertex 48.308 11.136 1.02
      vertex 48.7662 11.337 1.02
    endloop
  endfacet
  facet normal 0.755306 -0.655373 0
    outer loop
      vertex 48.026 10.811 3
      vertex 48.308 11.136 1.02
      vertex 48.308 11.136 3
    endloop
  endfacet
  facet normal 0.755306 -0.655373 0
    outer loop
      vertex 48.308 11.136 1.02
      vertex 48.026 10.811 3
      vertex 48.026 10.811 1.02
    endloop
  endfacet
  facet normal 0.977835 -0.209377 0
    outer loop
      vertex 47.932 10.372 3
      vertex 48.026 10.811 1.02
      vertex 48.026 10.811 3
    endloop
  endfacet
  facet normal 0.977835 -0.209377 0
    outer loop
      vertex 48.026 10.811 1.02
      vertex 47.932 10.372 3
      vertex 47.932 10.372 1.02
    endloop
  endfacet
  facet normal 0.996122 0.0879794 0
    outer loop
      vertex 47.95 10.1682 3
      vertex 47.932 10.372 1.02
      vertex 47.932 10.372 3
    endloop
  endfacet
  facet normal 0.996122 0.0879794 0
    outer loop
      vertex 47.932 10.372 1.02
      vertex 47.95 10.1682 3
      vertex 47.95 10.1682 1.02
    endloop
  endfacet
  facet normal 0.957473 0.288524 0
    outer loop
      vertex 48.004 9.989 3
      vertex 47.95 10.1682 1.02
      vertex 47.95 10.1682 3
    endloop
  endfacet
  facet normal 0.957473 0.288524 0
    outer loop
      vertex 47.95 10.1682 1.02
      vertex 48.004 9.989 3
      vertex 48.004 9.989 1.02
    endloop
  endfacet
  facet normal 0.871663 0.490105 0
    outer loop
      vertex 48.092 9.83249 3
      vertex 48.004 9.989 1.02
      vertex 48.004 9.989 3
    endloop
  endfacet
  facet normal 0.871663 0.490105 0
    outer loop
      vertex 48.004 9.989 1.02
      vertex 48.092 9.83249 3
      vertex 48.092 9.83249 1.02
    endloop
  endfacet
  facet normal 0.748627 0.662991 0
    outer loop
      vertex 48.212 9.69699 3
      vertex 48.092 9.83249 1.02
      vertex 48.092 9.83249 3
    endloop
  endfacet
  facet normal 0.748627 0.662991 0
    outer loop
      vertex 48.092 9.83249 1.02
      vertex 48.212 9.69699 3
      vertex 48.212 9.69699 1.02
    endloop
  endfacet
  facet normal 0.592677 0.80544 -0
    outer loop
      vertex 48.3727 9.57874 1.02
      vertex 48.212 9.69699 3
      vertex 48.3727 9.57874 3
    endloop
  endfacet
  facet normal 0.592677 0.80544 0
    outer loop
      vertex 48.212 9.69699 3
      vertex 48.3727 9.57874 1.02
      vertex 48.212 9.69699 1.02
    endloop
  endfacet
  facet normal 0.452666 0.89168 -0
    outer loop
      vertex 48.583 9.47198 1.02
      vertex 48.3727 9.57874 3
      vertex 48.583 9.47198 3
    endloop
  endfacet
  facet normal 0.452666 0.89168 0
    outer loop
      vertex 48.3727 9.57874 3
      vertex 48.583 9.47198 1.02
      vertex 48.3727 9.57874 1.02
    endloop
  endfacet
  facet normal 0.329174 0.944269 -0
    outer loop
      vertex 48.8727 9.37099 1.02
      vertex 48.583 9.47198 3
      vertex 48.8727 9.37099 3
    endloop
  endfacet
  facet normal 0.329174 0.944269 0
    outer loop
      vertex 48.583 9.47198 3
      vertex 48.8727 9.37099 1.02
      vertex 48.583 9.47198 1.02
    endloop
  endfacet
  facet normal 0.24522 0.969468 -0
    outer loop
      vertex 49.272 9.26999 1.02
      vertex 48.8727 9.37099 3
      vertex 49.272 9.26999 3
    endloop
  endfacet
  facet normal 0.24522 0.969468 0
    outer loop
      vertex 48.8727 9.37099 3
      vertex 49.272 9.26999 1.02
      vertex 48.8727 9.37099 1.02
    endloop
  endfacet
  facet normal 0.229202 0.973379 -0
    outer loop
      vertex 49.5215 9.21124 1.02
      vertex 49.272 9.26999 3
      vertex 49.5215 9.21124 3
    endloop
  endfacet
  facet normal 0.229202 0.973379 0
    outer loop
      vertex 49.272 9.26999 3
      vertex 49.5215 9.21124 1.02
      vertex 49.272 9.26999 1.02
    endloop
  endfacet
  facet normal 0.232886 0.972504 -0
    outer loop
      vertex 49.748 9.157 1.02
      vertex 49.5215 9.21124 3
      vertex 49.748 9.157 3
    endloop
  endfacet
  facet normal 0.232886 0.972504 0
    outer loop
      vertex 49.5215 9.21124 3
      vertex 49.748 9.157 1.02
      vertex 49.5215 9.21124 1.02
    endloop
  endfacet
  facet normal 0.279676 0.960095 -0
    outer loop
      vertex 49.948 9.09874 1.02
      vertex 49.748 9.157 3
      vertex 49.948 9.09874 3
    endloop
  endfacet
  facet normal 0.279676 0.960095 0
    outer loop
      vertex 49.748 9.157 3
      vertex 49.948 9.09874 1.02
      vertex 49.748 9.157 1.02
    endloop
  endfacet
  facet normal 0.384183 0.923257 -0
    outer loop
      vertex 50.118 9.028 1.02
      vertex 49.948 9.09874 3
      vertex 50.118 9.028 3
    endloop
  endfacet
  facet normal 0.384183 0.923257 0
    outer loop
      vertex 49.948 9.09874 3
      vertex 50.118 9.028 1.02
      vertex 49.948 9.09874 1.02
    endloop
  endfacet
  facet normal 0.532487 0.846438 -0
    outer loop
      vertex 50.2555 8.9415 1.02
      vertex 50.118 9.028 3
      vertex 50.2555 8.9415 3
    endloop
  endfacet
  facet normal 0.532487 0.846438 0
    outer loop
      vertex 50.118 9.028 3
      vertex 50.2555 8.9415 1.02
      vertex 50.118 9.028 1.02
    endloop
  endfacet
  facet normal 0.723738 0.690075 0
    outer loop
      vertex 50.358 8.834 3
      vertex 50.2555 8.9415 1.02
      vertex 50.2555 8.9415 3
    endloop
  endfacet
  facet normal 0.723738 0.690075 0
    outer loop
      vertex 50.2555 8.9415 1.02
      vertex 50.358 8.834 3
      vertex 50.358 8.834 1.02
    endloop
  endfacet
  facet normal 0.902316 0.431075 0
    outer loop
      vertex 50.4225 8.69899 3
      vertex 50.358 8.834 1.02
      vertex 50.358 8.834 3
    endloop
  endfacet
  facet normal 0.902316 0.431075 0
    outer loop
      vertex 50.358 8.834 1.02
      vertex 50.4225 8.69899 3
      vertex 50.4225 8.69899 1.02
    endloop
  endfacet
  facet normal 0.992187 0.124756 0
    outer loop
      vertex 50.444 8.528 3
      vertex 50.4225 8.69899 1.02
      vertex 50.4225 8.69899 3
    endloop
  endfacet
  facet normal 0.992187 0.124756 0
    outer loop
      vertex 50.4225 8.69899 1.02
      vertex 50.444 8.528 3
      vertex 50.444 8.528 1.02
    endloop
  endfacet
  facet normal 0.974605 -0.22393 0
    outer loop
      vertex 50.3757 8.23074 3
      vertex 50.444 8.528 1.02
      vertex 50.444 8.528 3
    endloop
  endfacet
  facet normal 0.974605 -0.22393 0
    outer loop
      vertex 50.444 8.528 1.02
      vertex 50.3757 8.23074 3
      vertex 50.3757 8.23074 1.02
    endloop
  endfacet
  facet normal 0.725424 -0.688302 0
    outer loop
      vertex 50.171 8.015 3
      vertex 50.3757 8.23074 1.02
      vertex 50.3757 8.23074 3
    endloop
  endfacet
  facet normal 0.725424 -0.688302 0
    outer loop
      vertex 50.3757 8.23074 1.02
      vertex 50.171 8.015 3
      vertex 50.171 8.015 1.02
    endloop
  endfacet
  facet normal 0.367287 -0.930108 0
    outer loop
      vertex 49.8405 7.88449 1.02
      vertex 50.171 8.015 3
      vertex 49.8405 7.88449 3
    endloop
  endfacet
  facet normal 0.367287 -0.930108 0
    outer loop
      vertex 50.171 8.015 3
      vertex 49.8405 7.88449 1.02
      vertex 50.171 8.015 1.02
    endloop
  endfacet
  facet normal 0.0971809 -0.995267 0
    outer loop
      vertex 49.395 7.84099 1.02
      vertex 49.8405 7.88449 3
      vertex 49.395 7.84099 3
    endloop
  endfacet
  facet normal 0.0971809 -0.995267 0
    outer loop
      vertex 49.8405 7.88449 3
      vertex 49.395 7.84099 1.02
      vertex 49.8405 7.88449 1.02
    endloop
  endfacet
  facet normal -0.0924691 -0.995716 0
    outer loop
      vertex 48.959 7.88148 1.02
      vertex 49.395 7.84099 3
      vertex 48.959 7.88148 3
    endloop
  endfacet
  facet normal -0.0924691 -0.995716 -0
    outer loop
      vertex 49.395 7.84099 3
      vertex 48.959 7.88148 1.02
      vertex 49.395 7.84099 1.02
    endloop
  endfacet
  facet normal -0.341881 -0.939743 0
    outer loop
      vertex 48.625 8.00299 1.02
      vertex 48.959 7.88148 3
      vertex 48.625 8.00299 3
    endloop
  endfacet
  facet normal -0.341881 -0.939743 -0
    outer loop
      vertex 48.959 7.88148 3
      vertex 48.625 8.00299 1.02
      vertex 48.959 7.88148 1.02
    endloop
  endfacet
  facet normal -0.665029 -0.746817 0
    outer loop
      vertex 48.3917 8.21074 1.02
      vertex 48.625 8.00299 3
      vertex 48.3917 8.21074 3
    endloop
  endfacet
  facet normal -0.665029 -0.746817 -0
    outer loop
      vertex 48.625 8.00299 3
      vertex 48.3917 8.21074 1.02
      vertex 48.625 8.00299 1.02
    endloop
  endfacet
  facet normal -0.910736 -0.412989 0
    outer loop
      vertex 48.3917 8.21074 1.02
      vertex 48.256 8.50999 3
      vertex 48.256 8.50999 1.02
    endloop
  endfacet
  facet normal -0.910736 -0.412989 0
    outer loop
      vertex 48.256 8.50999 3
      vertex 48.3917 8.21074 1.02
      vertex 48.3917 8.21074 3
    endloop
  endfacet
  facet normal 0.196847 -0.980434 0
    outer loop
      vertex 47.753 8.409 1.02
      vertex 48.256 8.50999 3
      vertex 47.753 8.409 3
    endloop
  endfacet
  facet normal 0.196847 -0.980434 0
    outer loop
      vertex 48.256 8.50999 3
      vertex 47.753 8.409 1.02
      vertex 48.256 8.50999 1.02
    endloop
  endfacet
  facet normal 0.815873 0.578231 0
    outer loop
      vertex 48.2702 7.67924 3
      vertex 47.753 8.409 1.02
      vertex 47.753 8.409 3
    endloop
  endfacet
  facet normal 0.815873 0.578231 0
    outer loop
      vertex 47.753 8.409 1.02
      vertex 48.2702 7.67924 3
      vertex 48.2702 7.67924 1.02
    endloop
  endfacet
  facet normal 0.214831 0.976651 -0
    outer loop
      vertex 49.376 7.436 1.02
      vertex 48.2702 7.67924 3
      vertex 49.376 7.436 3
    endloop
  endfacet
  facet normal 0.214831 0.976651 0
    outer loop
      vertex 48.2702 7.67924 3
      vertex 49.376 7.436 1.02
      vertex 48.2702 7.67924 1.02
    endloop
  endfacet
  facet normal -0.10897 0.994045 0
    outer loop
      vertex 50.0442 7.50925 1.02
      vertex 49.376 7.436 3
      vertex 50.0442 7.50925 3
    endloop
  endfacet
  facet normal -0.10897 0.994045 0
    outer loop
      vertex 49.376 7.436 3
      vertex 50.0442 7.50925 1.02
      vertex 49.376 7.436 1.02
    endloop
  endfacet
  facet normal -0.36249 0.931987 0
    outer loop
      vertex 57.5119 7.67899 1.02
      vertex 57.0434 7.49677 3
      vertex 57.5119 7.67899 3
    endloop
  endfacet
  facet normal -0.36249 0.931987 0
    outer loop
      vertex 57.0434 7.49677 3
      vertex 57.5119 7.67899 1.02
      vertex 57.0434 7.49677 1.02
    endloop
  endfacet
  facet normal -0.615362 0.788245 0
    outer loop
      vertex 57.8917 7.97549 1.02
      vertex 57.5119 7.67899 3
      vertex 57.8917 7.97549 3
    endloop
  endfacet
  facet normal -0.615362 0.788245 0
    outer loop
      vertex 57.5119 7.67899 3
      vertex 57.8917 7.97549 1.02
      vertex 57.5119 7.67899 1.02
    endloop
  endfacet
  facet normal -0.821012 0.570911 0
    outer loop
      vertex 57.8917 7.97549 1.02
      vertex 58.1709 8.377 3
      vertex 58.1709 8.377 1.02
    endloop
  endfacet
  facet normal -0.821012 0.570911 0
    outer loop
      vertex 58.1709 8.377 3
      vertex 57.8917 7.97549 1.02
      vertex 57.8917 7.97549 3
    endloop
  endfacet
  facet normal -0.943731 0.330713 0
    outer loop
      vertex 58.1709 8.377 1.02
      vertex 58.3434 8.86925 3
      vertex 58.3434 8.86925 1.02
    endloop
  endfacet
  facet normal -0.943731 0.330713 0
    outer loop
      vertex 58.3434 8.86925 3
      vertex 58.1709 8.377 1.02
      vertex 58.1709 8.377 3
    endloop
  endfacet
  facet normal -0.994893 0.100939 0
    outer loop
      vertex 58.3434 8.86925 1.02
      vertex 58.4009 9.43599 3
      vertex 58.4009 9.43599 1.02
    endloop
  endfacet
  facet normal -0.994893 0.100939 0
    outer loop
      vertex 58.4009 9.43599 3
      vertex 58.3434 8.86925 1.02
      vertex 58.3434 8.86925 3
    endloop
  endfacet
  facet normal -0.995046 -0.0994152 0
    outer loop
      vertex 58.4009 9.43599 1.02
      vertex 58.3442 10.0035 3
      vertex 58.3442 10.0035 1.02
    endloop
  endfacet
  facet normal -0.995046 -0.0994152 0
    outer loop
      vertex 58.3442 10.0035 3
      vertex 58.4009 9.43599 1.02
      vertex 58.4009 9.43599 3
    endloop
  endfacet
  facet normal -0.943843 -0.330394 0
    outer loop
      vertex 58.3442 10.0035 1.02
      vertex 58.1739 10.49 3
      vertex 58.1739 10.49 1.02
    endloop
  endfacet
  facet normal -0.943843 -0.330394 0
    outer loop
      vertex 58.1739 10.49 3
      vertex 58.3442 10.0035 1.02
      vertex 58.3442 10.0035 3
    endloop
  endfacet
  facet normal -0.816686 -0.577083 0
    outer loop
      vertex 58.1739 10.49 1.02
      vertex 57.8962 10.883 3
      vertex 57.8962 10.883 1.02
    endloop
  endfacet
  facet normal -0.816686 -0.577083 0
    outer loop
      vertex 57.8962 10.883 3
      vertex 58.1739 10.49 1.02
      vertex 58.1739 10.49 3
    endloop
  endfacet
  facet normal -0.603392 -0.797445 0
    outer loop
      vertex 57.5169 11.17 1.02
      vertex 57.8962 10.883 3
      vertex 57.5169 11.17 3
    endloop
  endfacet
  facet normal -0.603392 -0.797445 -0
    outer loop
      vertex 57.8962 10.883 3
      vertex 57.5169 11.17 1.02
      vertex 57.8962 10.883 1.02
    endloop
  endfacet
  facet normal -0.351123 -0.936329 0
    outer loop
      vertex 57.0489 11.3455 1.02
      vertex 57.5169 11.17 3
      vertex 57.0489 11.3455 3
    endloop
  endfacet
  facet normal -0.351123 -0.936329 -0
    outer loop
      vertex 57.5169 11.17 3
      vertex 57.0489 11.3455 1.02
      vertex 57.5169 11.17 1.02
    endloop
  endfacet
  facet normal -0.106533 -0.994309 0
    outer loop
      vertex 56.5029 11.404 1.02
      vertex 57.0489 11.3455 3
      vertex 56.5029 11.404 3
    endloop
  endfacet
  facet normal -0.106533 -0.994309 -0
    outer loop
      vertex 57.0489 11.3455 3
      vertex 56.5029 11.404 1.02
      vertex 57.0489 11.3455 1.02
    endloop
  endfacet
  facet normal 0.161292 -0.986907 0
    outer loop
      vertex 55.7044 11.2735 1.02
      vertex 56.5029 11.404 3
      vertex 55.7044 11.2735 3
    endloop
  endfacet
  facet normal 0.161292 -0.986907 0
    outer loop
      vertex 56.5029 11.404 3
      vertex 55.7044 11.2735 1.02
      vertex 56.5029 11.404 1.02
    endloop
  endfacet
  facet normal 0.545502 -0.838109 0
    outer loop
      vertex 55.1029 10.882 1.02
      vertex 55.7044 11.2735 3
      vertex 55.1029 10.882 3
    endloop
  endfacet
  facet normal 0.545502 -0.838109 0
    outer loop
      vertex 55.7044 11.2735 3
      vertex 55.1029 10.882 1.02
      vertex 55.7044 11.2735 1.02
    endloop
  endfacet
  facet normal 0.855057 -0.518533 0
    outer loop
      vertex 54.7257 10.26 3
      vertex 55.1029 10.882 1.02
      vertex 55.1029 10.882 3
    endloop
  endfacet
  facet normal 0.855057 -0.518533 0
    outer loop
      vertex 55.1029 10.882 1.02
      vertex 54.7257 10.26 3
      vertex 54.7257 10.26 1.02
    endloop
  endfacet
  facet normal 0.988546 -0.150919 0
    outer loop
      vertex 54.5999 9.43599 3
      vertex 54.7257 10.26 1.02
      vertex 54.7257 10.26 3
    endloop
  endfacet
  facet normal 0.988546 -0.150919 0
    outer loop
      vertex 54.7257 10.26 1.02
      vertex 54.5999 9.43599 3
      vertex 54.5999 9.43599 1.02
    endloop
  endfacet
  facet normal 0.995145 0.0984219 0
    outer loop
      vertex 54.6562 8.86674 3
      vertex 54.5999 9.43599 1.02
      vertex 54.5999 9.43599 3
    endloop
  endfacet
  facet normal 0.995145 0.0984219 0
    outer loop
      vertex 54.5999 9.43599 1.02
      vertex 54.6562 8.86674 3
      vertex 54.6562 8.86674 1.02
    endloop
  endfacet
  facet normal 0.94629 0.32332 0
    outer loop
      vertex 54.8249 8.37299 3
      vertex 54.6562 8.86674 1.02
      vertex 54.6562 8.86674 3
    endloop
  endfacet
  facet normal 0.94629 0.32332 0
    outer loop
      vertex 54.6562 8.86674 1.02
      vertex 54.8249 8.37299 3
      vertex 54.8249 8.37299 1.02
    endloop
  endfacet
  facet normal 0.823586 0.567191 0
    outer loop
      vertex 55.1014 7.9715 3
      vertex 54.8249 8.37299 1.02
      vertex 54.8249 8.37299 3
    endloop
  endfacet
  facet normal 0.823586 0.567191 0
    outer loop
      vertex 54.8249 8.37299 1.02
      vertex 55.1014 7.9715 3
      vertex 55.1014 7.9715 1.02
    endloop
  endfacet
  facet normal 0.61511 0.788442 -0
    outer loop
      vertex 55.4789 7.67699 1.02
      vertex 55.1014 7.9715 3
      vertex 55.4789 7.67699 3
    endloop
  endfacet
  facet normal 0.61511 0.788442 0
    outer loop
      vertex 55.1014 7.9715 3
      vertex 55.4789 7.67699 1.02
      vertex 55.1014 7.9715 1.02
    endloop
  endfacet
  facet normal 0.359377 0.933192 -0
    outer loop
      vertex 55.9482 7.49626 1.02
      vertex 55.4789 7.67699 3
      vertex 55.9482 7.49626 3
    endloop
  endfacet
  facet normal 0.359377 0.933192 0
    outer loop
      vertex 55.4789 7.67699 3
      vertex 55.9482 7.49626 1.02
      vertex 55.4789 7.67699 1.02
    endloop
  endfacet
  facet normal 0.108971 0.994045 -0
    outer loop
      vertex 56.4979 7.436 1.02
      vertex 55.9482 7.49626 3
      vertex 56.4979 7.436 3
    endloop
  endfacet
  facet normal 0.108971 0.994045 0
    outer loop
      vertex 55.9482 7.49626 3
      vertex 56.4979 7.436 1.02
      vertex 55.9482 7.49626 1.02
    endloop
  endfacet
  facet normal -0.110717 0.993852 0
    outer loop
      vertex 57.0434 7.49677 1.02
      vertex 56.4979 7.436 3
      vertex 57.0434 7.49677 3
    endloop
  endfacet
  facet normal -0.110717 0.993852 0
    outer loop
      vertex 56.4979 7.436 3
      vertex 57.0434 7.49677 1.02
      vertex 56.4979 7.436 1.02
    endloop
  endfacet
  facet normal -0.593471 -0.804855 0
    outer loop
      vertex 55.4899 8.28299 1.02
      vertex 55.9232 7.96349 3
      vertex 55.4899 8.28299 3
    endloop
  endfacet
  facet normal -0.593471 -0.804855 -0
    outer loop
      vertex 55.9232 7.96349 3
      vertex 55.4899 8.28299 1.02
      vertex 55.9232 7.96349 1.02
    endloop
  endfacet
  facet normal -0.878985 -0.47685 0
    outer loop
      vertex 55.4899 8.28299 1.02
      vertex 55.2177 8.78474 3
      vertex 55.2177 8.78474 1.02
    endloop
  endfacet
  facet normal -0.878985 -0.47685 0
    outer loop
      vertex 55.2177 8.78474 3
      vertex 55.4899 8.28299 1.02
      vertex 55.4899 8.28299 3
    endloop
  endfacet
  facet normal -0.99042 -0.138088 0
    outer loop
      vertex 55.2177 8.78474 1.02
      vertex 55.1269 9.43599 3
      vertex 55.1269 9.43599 1.02
    endloop
  endfacet
  facet normal -0.99042 -0.138088 0
    outer loop
      vertex 55.1269 9.43599 3
      vertex 55.2177 8.78474 1.02
      vertex 55.2177 8.78474 3
    endloop
  endfacet
  facet normal -0.990606 0.136749 0
    outer loop
      vertex 55.1269 9.43599 1.02
      vertex 55.2167 10.0865 3
      vertex 55.2167 10.0865 1.02
    endloop
  endfacet
  facet normal -0.990606 0.136749 0
    outer loop
      vertex 55.2167 10.0865 3
      vertex 55.1269 9.43599 1.02
      vertex 55.1269 9.43599 3
    endloop
  endfacet
  facet normal -0.8754 0.4834 0
    outer loop
      vertex 55.2167 10.0865 1.02
      vertex 55.4859 10.574 3
      vertex 55.4859 10.574 1.02
    endloop
  endfacet
  facet normal -0.8754 0.4834 0
    outer loop
      vertex 55.4859 10.574 3
      vertex 55.2167 10.0865 1.02
      vertex 55.2167 10.0865 3
    endloop
  endfacet
  facet normal -0.574526 0.818487 0
    outer loop
      vertex 55.9197 10.8785 1.02
      vertex 55.4859 10.574 3
      vertex 55.9197 10.8785 3
    endloop
  endfacet
  facet normal -0.574526 0.818487 0
    outer loop
      vertex 55.4859 10.574 3
      vertex 55.9197 10.8785 1.02
      vertex 55.4859 10.574 1.02
    endloop
  endfacet
  facet normal -0.171462 0.985191 0
    outer loop
      vertex 56.5029 10.98 1.02
      vertex 55.9197 10.8785 3
      vertex 56.5029 10.98 3
    endloop
  endfacet
  facet normal -0.171462 0.985191 0
    outer loop
      vertex 55.9197 10.8785 3
      vertex 56.5029 10.98 1.02
      vertex 55.9197 10.8785 1.02
    endloop
  endfacet
  facet normal 0.175349 0.984506 -0
    outer loop
      vertex 57.0812 10.877 1.02
      vertex 56.5029 10.98 3
      vertex 57.0812 10.877 3
    endloop
  endfacet
  facet normal 0.175349 0.984506 0
    outer loop
      vertex 56.5029 10.98 3
      vertex 57.0812 10.877 1.02
      vertex 56.5029 10.98 1.02
    endloop
  endfacet
  facet normal 0.582932 0.812521 -0
    outer loop
      vertex 57.5119 10.568 1.02
      vertex 57.0812 10.877 3
      vertex 57.5119 10.568 3
    endloop
  endfacet
  facet normal 0.582932 0.812521 0
    outer loop
      vertex 57.0812 10.877 3
      vertex 57.5119 10.568 1.02
      vertex 57.0812 10.877 1.02
    endloop
  endfacet
  facet normal 0.876348 0.481678 0
    outer loop
      vertex 57.7804 10.0795 3
      vertex 57.5119 10.568 1.02
      vertex 57.5119 10.568 3
    endloop
  endfacet
  facet normal 0.876348 0.481678 0
    outer loop
      vertex 57.5119 10.568 1.02
      vertex 57.7804 10.0795 3
      vertex 57.7804 10.0795 1.02
    endloop
  endfacet
  facet normal 0.990466 0.137755 0
    outer loop
      vertex 57.8699 9.43599 3
      vertex 57.7804 10.0795 1.02
      vertex 57.7804 10.0795 3
    endloop
  endfacet
  facet normal 0.990466 0.137755 0
    outer loop
      vertex 57.7804 10.0795 1.02
      vertex 57.8699 9.43599 3
      vertex 57.8699 9.43599 1.02
    endloop
  endfacet
  facet normal 0.991318 -0.131484 0
    outer loop
      vertex 57.7812 8.76724 3
      vertex 57.8699 9.43599 1.02
      vertex 57.8699 9.43599 3
    endloop
  endfacet
  facet normal 0.991318 -0.131484 0
    outer loop
      vertex 57.8699 9.43599 1.02
      vertex 57.7812 8.76724 3
      vertex 57.7812 8.76724 1.02
    endloop
  endfacet
  facet normal 0.881932 -0.471376 0
    outer loop
      vertex 57.5149 8.269 3
      vertex 57.7812 8.76724 1.02
      vertex 57.7812 8.76724 3
    endloop
  endfacet
  facet normal 0.881932 -0.471376 0
    outer loop
      vertex 57.7812 8.76724 1.02
      vertex 57.5149 8.269 3
      vertex 57.5149 8.269 1.02
    endloop
  endfacet
  facet normal 0.581785 -0.813343 0
    outer loop
      vertex 57.0829 7.95999 1.02
      vertex 57.5149 8.269 3
      vertex 57.0829 7.95999 3
    endloop
  endfacet
  facet normal 0.581785 -0.813343 0
    outer loop
      vertex 57.5149 8.269 3
      vertex 57.0829 7.95999 1.02
      vertex 57.5149 8.269 1.02
    endloop
  endfacet
  facet normal 0.173114 -0.984902 0
    outer loop
      vertex 56.4969 7.85699 1.02
      vertex 57.0829 7.95999 3
      vertex 56.4969 7.85699 3
    endloop
  endfacet
  facet normal 0.173114 -0.984902 0
    outer loop
      vertex 57.0829 7.95999 3
      vertex 56.4969 7.85699 1.02
      vertex 57.0829 7.95999 1.02
    endloop
  endfacet
  facet normal -0.182519 -0.983202 0
    outer loop
      vertex 55.9232 7.96349 1.02
      vertex 56.4969 7.85699 3
      vertex 55.9232 7.96349 3
    endloop
  endfacet
  facet normal -0.182519 -0.983202 -0
    outer loop
      vertex 56.4969 7.85699 3
      vertex 55.9232 7.96349 1.02
      vertex 56.4969 7.85699 1.02
    endloop
  endfacet
  facet normal 0 1 -0
    outer loop
      vertex 54.3921 10.916 1.02
      vertex 53.0771 10.916 3
      vertex 54.3921 10.916 3
    endloop
  endfacet
  facet normal 0 1 0
    outer loop
      vertex 53.0771 10.916 3
      vertex 54.3921 10.916 1.02
      vertex 53.0771 10.916 1.02
    endloop
  endfacet
  facet normal -1 0 0
    outer loop
      vertex 54.3921 10.916 1.02
      vertex 54.3921 11.34 3
      vertex 54.3921 11.34 1.02
    endloop
  endfacet
  facet normal -1 -0 0
    outer loop
      vertex 54.3921 11.34 3
      vertex 54.3921 10.916 1.02
      vertex 54.3921 10.916 3
    endloop
  endfacet
  facet normal 0 -1 0
    outer loop
      vertex 51.2441 11.34 1.02
      vertex 54.3921 11.34 3
      vertex 51.2441 11.34 3
    endloop
  endfacet
  facet normal 0 -1 -0
    outer loop
      vertex 54.3921 11.34 3
      vertex 51.2441 11.34 1.02
      vertex 54.3921 11.34 1.02
    endloop
  endfacet
  facet normal 1 -0 0
    outer loop
      vertex 51.2441 10.916 3
      vertex 51.2441 11.34 1.02
      vertex 51.2441 11.34 3
    endloop
  endfacet
  facet normal 1 0 0
    outer loop
      vertex 51.2441 11.34 1.02
      vertex 51.2441 10.916 3
      vertex 51.2441 10.916 1.02
    endloop
  endfacet
  facet normal 0 1 -0
    outer loop
      vertex 52.5601 10.916 1.02
      vertex 51.2441 10.916 3
      vertex 52.5601 10.916 3
    endloop
  endfacet
  facet normal 0 1 0
    outer loop
      vertex 51.2441 10.916 3
      vertex 52.5601 10.916 1.02
      vertex 51.2441 10.916 1.02
    endloop
  endfacet
  facet normal 1 -0 0
    outer loop
      vertex 52.5601 7.5 3
      vertex 52.5601 10.916 1.02
      vertex 52.5601 10.916 3
    endloop
  endfacet
  facet normal 1 0 0
    outer loop
      vertex 52.5601 10.916 1.02
      vertex 52.5601 7.5 3
      vertex 52.5601 7.5 1.02
    endloop
  endfacet
  facet normal 0 1 -0
    outer loop
      vertex 53.0771 7.5 1.02
      vertex 52.5601 7.5 3
      vertex 53.0771 7.5 3
    endloop
  endfacet
  facet normal 0 1 0
    outer loop
      vertex 52.5601 7.5 3
      vertex 53.0771 7.5 1.02
      vertex 52.5601 7.5 1.02
    endloop
  endfacet
  facet normal -1 0 0
    outer loop
      vertex 53.0771 7.5 1.02
      vertex 53.0771 10.916 3
      vertex 53.0771 10.916 1.02
    endloop
  endfacet
  facet normal -1 -0 0
    outer loop
      vertex 53.0771 10.916 3
      vertex 53.0771 7.5 1.02
      vertex 53.0771 7.5 3
    endloop
  endfacet
  facet normal 0 1 -0
    outer loop
      vertex 60.6576 9.00899 1.02
      vertex 59.5326 9.00899 3
      vertex 60.6576 9.00899 3
    endloop
  endfacet
  facet normal 0 1 0
    outer loop
      vertex 59.5326 9.00899 3
      vertex 60.6576 9.00899 1.02
      vertex 59.5326 9.00899 1.02
    endloop
  endfacet
  facet normal -0.145102 0.989417 0
    outer loop
      vertex 61.2031 9.08899 1.02
      vertex 60.6576 9.00899 3
      vertex 61.2031 9.08899 3
    endloop
  endfacet
  facet normal -0.145102 0.989417 0
    outer loop
      vertex 60.6576 9.00899 3
      vertex 61.2031 9.08899 1.02
      vertex 60.6576 9.00899 1.02
    endloop
  endfacet
  facet normal -0.497478 0.867477 0
    outer loop
      vertex 61.6216 9.32899 1.02
      vertex 61.2031 9.08899 3
      vertex 61.6216 9.32899 3
    endloop
  endfacet
  facet normal -0.497478 0.867477 0
    outer loop
      vertex 61.2031 9.08899 3
      vertex 61.6216 9.32899 1.02
      vertex 61.2031 9.08899 1.02
    endloop
  endfacet
  facet normal -0.815703 0.578471 0
    outer loop
      vertex 61.6216 9.32899 1.02
      vertex 61.8879 9.7045 3
      vertex 61.8879 9.7045 1.02
    endloop
  endfacet
  facet normal -0.815703 0.578471 0
    outer loop
      vertex 61.8879 9.7045 3
      vertex 61.6216 9.32899 1.02
      vertex 61.6216 9.32899 3
    endloop
  endfacet
  facet normal -0.983782 0.179366 0
    outer loop
      vertex 61.8879 9.7045 1.02
      vertex 61.9766 10.191 3
      vertex 61.9766 10.191 1.02
    endloop
  endfacet
  facet normal -0.983782 0.179366 0
    outer loop
      vertex 61.9766 10.191 3
      vertex 61.8879 9.7045 1.02
      vertex 61.8879 9.7045 3
    endloop
  endfacet
  facet normal -0.983789 -0.179331 0
    outer loop
      vertex 61.9766 10.191 1.02
      vertex 61.8881 10.6765 3
      vertex 61.8881 10.6765 1.02
    endloop
  endfacet
  facet normal -0.983789 -0.179331 0
    outer loop
      vertex 61.8881 10.6765 3
      vertex 61.9766 10.191 1.02
      vertex 61.9766 10.191 3
    endloop
  endfacet
  facet normal -0.806759 -0.590881 0
    outer loop
      vertex 61.8881 10.6765 1.02
      vertex 61.6226 11.039 3
      vertex 61.6226 11.039 1.02
    endloop
  endfacet
  facet normal -0.806759 -0.590881 0
    outer loop
      vertex 61.6226 11.039 3
      vertex 61.8881 10.6765 1.02
      vertex 61.8881 10.6765 3
    endloop
  endfacet
  facet normal -0.468422 -0.883505 0
    outer loop
      vertex 61.1969 11.2647 1.02
      vertex 61.6226 11.039 3
      vertex 61.1969 11.2647 3
    endloop
  endfacet
  facet normal -0.468422 -0.883505 -0
    outer loop
      vertex 61.6226 11.039 3
      vertex 61.1969 11.2647 1.02
      vertex 61.6226 11.039 1.02
    endloop
  endfacet
  facet normal -0.130674 -0.991425 0
    outer loop
      vertex 60.6256 11.34 1.02
      vertex 61.1969 11.2647 3
      vertex 60.6256 11.34 3
    endloop
  endfacet
  facet normal -0.130674 -0.991425 -0
    outer loop
      vertex 61.1969 11.2647 3
      vertex 60.6256 11.34 1.02
      vertex 61.1969 11.2647 1.02
    endloop
  endfacet
  facet normal 0 -1 0
    outer loop
      vertex 59.0136 11.34 1.02
      vertex 60.6256 11.34 3
      vertex 59.0136 11.34 3
    endloop
  endfacet
  facet normal 0 -1 -0
    outer loop
      vertex 60.6256 11.34 3
      vertex 59.0136 11.34 1.02
      vertex 60.6256 11.34 1.02
    endloop
  endfacet
  facet normal 1 -0 0
    outer loop
      vertex 59.0136 7.5 3
      vertex 59.0136 11.34 1.02
      vertex 59.0136 11.34 3
    endloop
  endfacet
  facet normal 1 0 0
    outer loop
      vertex 59.0136 11.34 1.02
      vertex 59.0136 7.5 3
      vertex 59.0136 7.5 1.02
    endloop
  endfacet
  facet normal 0 1 -0
    outer loop
      vertex 59.5326 7.5 1.02
      vertex 59.0136 7.5 3
      vertex 59.5326 7.5 3
    endloop
  endfacet
  facet normal 0 1 0
    outer loop
      vertex 59.0136 7.5 3
      vertex 59.5326 7.5 1.02
      vertex 59.0136 7.5 1.02
    endloop
  endfacet
  facet normal -1 0 0
    outer loop
      vertex 59.5326 7.5 1.02
      vertex 59.5326 9.00899 3
      vertex 59.5326 9.00899 1.02
    endloop
  endfacet
  facet normal -1 -0 0
    outer loop
      vertex 59.5326 9.00899 3
      vertex 59.5326 7.5 1.02
      vertex 59.5326 7.5 3
    endloop
  endfacet
  facet normal -1 0 0
    outer loop
      vertex 59.5326 9.42 1.02
      vertex 59.5326 10.924 3
      vertex 59.5326 10.924 1.02
    endloop
  endfacet
  facet normal -1 -0 0
    outer loop
      vertex 59.5326 10.924 3
      vertex 59.5326 9.42 1.02
      vertex 59.5326 9.42 3
    endloop
  endfacet
  facet normal 0 1 -0
    outer loop
      vertex 60.5626 10.924 1.02
      vertex 59.5326 10.924 3
      vertex 60.5626 10.924 3
    endloop
  endfacet
  facet normal 0 1 0
    outer loop
      vertex 59.5326 10.924 3
      vertex 60.5626 10.924 1.02
      vertex 59.5326 10.924 1.02
    endloop
  endfacet
  facet normal 0.26586 0.964012 -0
    outer loop
      vertex 61.2316 10.7395 1.02
      vertex 60.5626 10.924 3
      vertex 61.2316 10.7395 3
    endloop
  endfacet
  facet normal 0.26586 0.964012 0
    outer loop
      vertex 60.5626 10.924 3
      vertex 61.2316 10.7395 1.02
      vertex 60.5626 10.924 1.02
    endloop
  endfacet
  facet normal 0.927549 0.373701 0
    outer loop
      vertex 61.4546 10.186 3
      vertex 61.2316 10.7395 1.02
      vertex 61.2316 10.7395 3
    endloop
  endfacet
  facet normal 0.927549 0.373701 0
    outer loop
      vertex 61.2316 10.7395 1.02
      vertex 61.4546 10.186 3
      vertex 61.4546 10.186 1.02
    endloop
  endfacet
  facet normal 0.935221 -0.354065 0
    outer loop
      vertex 61.2371 9.6115 3
      vertex 61.4546 10.186 1.02
      vertex 61.4546 10.186 3
    endloop
  endfacet
  facet normal 0.935221 -0.354065 0
    outer loop
      vertex 61.4546 10.186 1.02
      vertex 61.2371 9.6115 3
      vertex 61.2371 9.6115 1.02
    endloop
  endfacet
  facet normal 0.281609 -0.959529 0
    outer loop
      vertex 60.5846 9.42 1.02
      vertex 61.2371 9.6115 3
      vertex 60.5846 9.42 3
    endloop
  endfacet
  facet normal 0.281609 -0.959529 0
    outer loop
      vertex 61.2371 9.6115 3
      vertex 60.5846 9.42 1.02
      vertex 61.2371 9.6115 1.02
    endloop
  endfacet
  facet normal 0 -1 0
    outer loop
      vertex 59.5326 9.42 1.02
      vertex 60.5846 9.42 3
      vertex 59.5326 9.42 3
    endloop
  endfacet
  facet normal 0 -1 -0
    outer loop
      vertex 60.5846 9.42 3
      vertex 59.5326 9.42 1.02
      vertex 60.5846 9.42 1.02
    endloop
  endfacet
  facet normal -0 0 1
    outer loop
      vertex 65.675 10.361 1.02
      vertex 66.1495 10.117 1.02
      vertex 66.197 10.425 1.02
    endloop
  endfacet
  facet normal -0 0 1
    outer loop
      vertex 65.622 10.6207 1.02
      vertex 66.197 10.425 1.02
      vertex 65.86 11.1112 1.02
    endloop
  endfacet
  facet normal 0 0 1
    outer loop
      vertex 65.6237 10.0857 1.02
      vertex 66.1495 10.117 1.02
      vertex 65.675 10.361 1.02
    endloop
  endfacet
  facet normal 0 0 1
    outer loop
      vertex 66.1495 10.117 1.02
      vertex 65.6237 10.0857 1.02
      vertex 66.007 9.86299 1.02
    endloop
  endfacet
  facet normal 0 0 1
    outer loop
      vertex 66.197 10.425 1.02
      vertex 65.622 10.6207 1.02
      vertex 65.675 10.361 1.02
    endloop
  endfacet
  facet normal 0 0 1
    outer loop
      vertex 65.86 11.1112 1.02
      vertex 65.463 10.794 1.02
      vertex 65.622 10.6207 1.02
    endloop
  endfacet
  facet normal 0 0 1
    outer loop
      vertex 65.86 11.1112 1.02
      vertex 65.2035 10.8915 1.02
      vertex 65.463 10.794 1.02
    endloop
  endfacet
  facet normal 0 0 1
    outer loop
      vertex 64.849 11.34 1.02
      vertex 65.2035 10.8915 1.02
      vertex 65.86 11.1112 1.02
    endloop
  endfacet
  facet normal 0 0 1
    outer loop
      vertex 64.849 11.34 1.02
      vertex 64.849 10.924 1.02
      vertex 65.2035 10.8915 1.02
    endloop
  endfacet
  facet normal 0 0 1
    outer loop
      vertex 64.849 11.34 1.02
      vertex 63.976 10.924 1.02
      vertex 64.849 10.924 1.02
    endloop
  endfacet
  facet normal 0 0 1
    outer loop
      vertex 63.457 11.34 1.02
      vertex 63.976 9.73999 1.02
      vertex 63.976 10.924 1.02
    endloop
  endfacet
  facet normal 0 0 1
    outer loop
      vertex 63.976 9.73999 1.02
      vertex 63.457 11.34 1.02
      vertex 63.976 9.33499 1.02
    endloop
  endfacet
  facet normal 0 0 1
    outer loop
      vertex 63.457 7.5 1.02
      vertex 63.976 9.33499 1.02
      vertex 63.457 11.34 1.02
    endloop
  endfacet
  facet normal -0 0 1
    outer loop
      vertex 63.457 11.34 1.02
      vertex 63.976 10.924 1.02
      vertex 64.849 11.34 1.02
    endloop
  endfacet
  facet normal 0 0 1
    outer loop
      vertex 66.007 9.86299 1.02
      vertex 65.6237 10.0857 1.02
      vertex 65.7775 9.67325 1.02
    endloop
  endfacet
  facet normal -0 0 1
    outer loop
      vertex 65.47 9.892 1.02
      vertex 65.7775 9.67325 1.02
      vertex 65.6237 10.0857 1.02
    endloop
  endfacet
  facet normal 0 0 1
    outer loop
      vertex 65.47 9.892 1.02
      vertex 65.469 9.558 1.02
      vertex 65.7775 9.67325 1.02
    endloop
  endfacet
  facet normal 0 -0 1
    outer loop
      vertex 65.469 9.558 1.02
      vertex 65.47 9.892 1.02
      vertex 65.2122 9.778 1.02
    endloop
  endfacet
  facet normal -0 0 1
    outer loop
      vertex 65.895 8.63899 1.02
      vertex 66.42 8.59999 1.02
      vertex 66.358 8.9565 1.02
    endloop
  endfacet
  facet normal 0 0 1
    outer loop
      vertex 65.895 8.63899 1.02
      vertex 66.358 8.9565 1.02
      vertex 66.172 9.24599 1.02
    endloop
  endfacet
  facet normal 0 0 1
    outer loop
      vertex 65.8405 8.32349 1.02
      vertex 66.42 8.59999 1.02
      vertex 65.895 8.63899 1.02
    endloop
  endfacet
  facet normal 0 0 1
    outer loop
      vertex 66.42 8.59999 1.02
      vertex 65.8405 8.32349 1.02
      vertex 66.3267 8.13675 1.02
    endloop
  endfacet
  facet normal 0 0 1
    outer loop
      vertex 65.6572 9.161 1.02
      vertex 66.172 9.24599 1.02
      vertex 65.8727 9.4525 1.02
    endloop
  endfacet
  facet normal 0 0 1
    outer loop
      vertex 66.172 9.24599 1.02
      vertex 65.6572 9.161 1.02
      vertex 65.895 8.63899 1.02
    endloop
  endfacet
  facet normal 0 0 1
    outer loop
      vertex 65.469 9.558 1.02
      vertex 65.6572 9.161 1.02
      vertex 65.8727 9.4525 1.02
    endloop
  endfacet
  facet normal 0 0 1
    outer loop
      vertex 64.944 9.33499 1.02
      vertex 65.469 9.558 1.02
      vertex 65.2122 9.778 1.02
    endloop
  endfacet
  facet normal 0 0 1
    outer loop
      vertex 65.469 9.558 1.02
      vertex 64.944 9.33499 1.02
      vertex 65.6572 9.161 1.02
    endloop
  endfacet
  facet normal -0 0 1
    outer loop
      vertex 64.849 9.73999 1.02
      vertex 64.944 9.33499 1.02
      vertex 65.2122 9.778 1.02
    endloop
  endfacet
  facet normal 0 0 1
    outer loop
      vertex 63.976 9.33499 1.02
      vertex 64.849 9.73999 1.02
      vertex 63.976 9.73999 1.02
    endloop
  endfacet
  facet normal 0 0 1
    outer loop
      vertex 64.849 9.73999 1.02
      vertex 63.976 9.33499 1.02
      vertex 64.944 9.33499 1.02
    endloop
  endfacet
  facet normal 0 0 1
    outer loop
      vertex 66.3267 8.13675 1.02
      vertex 65.8405 8.32349 1.02
      vertex 66.047 7.78899 1.02
    endloop
  endfacet
  facet normal -0 0 1
    outer loop
      vertex 65.677 8.09698 1.02
      vertex 66.047 7.78899 1.02
      vertex 65.8405 8.32349 1.02
    endloop
  endfacet
  facet normal 0 0 1
    outer loop
      vertex 65.677 8.09698 1.02
      vertex 65.6022 7.57224 1.02
      vertex 66.047 7.78899 1.02
    endloop
  endfacet
  facet normal -0 0 1
    outer loop
      vertex 65.3952 7.96124 1.02
      vertex 65.6022 7.57224 1.02
      vertex 65.677 8.09698 1.02
    endloop
  endfacet
  facet normal 0 0 1
    outer loop
      vertex 65.3952 7.96124 1.02
      vertex 65.012 7.5 1.02
      vertex 65.6022 7.57224 1.02
    endloop
  endfacet
  facet normal -0 0 1
    outer loop
      vertex 64.984 7.91599 1.02
      vertex 65.012 7.5 1.02
      vertex 65.3952 7.96124 1.02
    endloop
  endfacet
  facet normal -0 0 1
    outer loop
      vertex 63.976 7.91599 1.02
      vertex 65.012 7.5 1.02
      vertex 64.984 7.91599 1.02
    endloop
  endfacet
  facet normal 0 0 1
    outer loop
      vertex 63.976 7.91599 1.02
      vertex 63.457 7.5 1.02
      vertex 65.012 7.5 1.02
    endloop
  endfacet
  facet normal 0 0 1
    outer loop
      vertex 63.976 9.33499 1.02
      vertex 63.457 7.5 1.02
      vertex 63.976 7.91599 1.02
    endloop
  endfacet
  facet normal 0 0 1
    outer loop
      vertex 73.6361 11.34 1.02
      vertex 73.0461 10.916 1.02
      vertex 73.6361 10.962 1.02
    endloop
  endfacet
  facet normal -0 0 1
    outer loop
      vertex 70.9121 11.34 1.02
      vertex 73.0461 10.916 1.02
      vertex 73.6361 11.34 1.02
    endloop
  endfacet
  facet normal 0 0 1
    outer loop
      vertex 73.0461 10.916 1.02
      vertex 70.9121 11.34 1.02
      vertex 70.9121 10.916 1.02
    endloop
  endfacet
  facet normal -0 0 1
    outer loop
      vertex 73.0461 10.916 1.02
      vertex 71.3041 7.924 1.02
      vertex 73.6361 10.962 1.02
    endloop
  endfacet
  facet normal 0 -0 1
    outer loop
      vertex 71.3041 7.924 1.02
      vertex 73.0461 10.916 1.02
      vertex 70.7141 7.88899 1.02
    endloop
  endfacet
  facet normal -0 0 1
    outer loop
      vertex 71.3041 7.924 1.02
      vertex 73.7641 7.5 1.02
      vertex 73.7641 7.924 1.02
    endloop
  endfacet
  facet normal 0 0 1
    outer loop
      vertex 70.7141 7.5 1.02
      vertex 71.3041 7.924 1.02
      vertex 70.7141 7.88899 1.02
    endloop
  endfacet
  facet normal 0 0 1
    outer loop
      vertex 71.3041 7.924 1.02
      vertex 70.7141 7.5 1.02
      vertex 73.7641 7.5 1.02
    endloop
  endfacet
  facet normal -0 0 1
    outer loop
      vertex 67.0491 11.34 1.02
      vertex 67.5681 8.931 1.02
      vertex 67.5681 11.34 1.02
    endloop
  endfacet
  facet normal 0 -0 1
    outer loop
      vertex 67.0974 8.46724 1.02
      vertex 67.5681 8.931 1.02
      vertex 67.0491 8.88899 1.02
    endloop
  endfacet
  facet normal 0 -0 1
    outer loop
      vertex 67.2421 8.10799 1.02
      vertex 67.5681 8.931 1.02
      vertex 67.0974 8.46724 1.02
    endloop
  endfacet
  facet normal 0 0 1
    outer loop
      vertex 67.5681 8.931 1.02
      vertex 67.0491 11.34 1.02
      vertex 67.0491 8.88899 1.02
    endloop
  endfacet
  facet normal 0 0 1
    outer loop
      vertex 67.5681 8.931 1.02
      vertex 67.2421 8.10799 1.02
      vertex 67.4744 7.81898 1.02
    endloop
  endfacet
  facet normal -0 0 1
    outer loop
      vertex 69.6941 8.967 1.02
      vertex 70.2101 8.939 1.02
      vertex 70.2101 11.34 1.02
    endloop
  endfacet
  facet normal 0 0 1
    outer loop
      vertex 70.2101 8.939 1.02
      vertex 69.6941 8.967 1.02
      vertex 70.1609 8.50323 1.02
    endloop
  endfacet
  facet normal 0 0 1
    outer loop
      vertex 69.6224 8.48824 1.02
      vertex 70.1609 8.50323 1.02
      vertex 69.6941 8.967 1.02
    endloop
  endfacet
  facet normal 0 0 1
    outer loop
      vertex 69.6941 8.967 1.02
      vertex 70.2101 11.34 1.02
      vertex 69.6941 11.34 1.02
    endloop
  endfacet
  facet normal 0 0 1
    outer loop
      vertex 70.1609 8.50323 1.02
      vertex 69.6224 8.48824 1.02
      vertex 70.0131 8.13199 1.02
    endloop
  endfacet
  facet normal -0 0 1
    outer loop
      vertex 69.4071 8.14 1.02
      vertex 70.0131 8.13199 1.02
      vertex 69.6224 8.48824 1.02
    endloop
  endfacet
  facet normal 0 0 1
    outer loop
      vertex 70.0131 8.13199 1.02
      vertex 69.4071 8.14 1.02
      vertex 69.7754 7.83374 1.02
    endloop
  endfacet
  facet normal 0 0 1
    outer loop
      vertex 69.7754 7.83374 1.02
      vertex 69.4071 8.14 1.02
      vertex 69.4561 7.61499 1.02
    endloop
  endfacet
  facet normal -0 0 1
    outer loop
      vertex 69.0629 7.92775 1.02
      vertex 69.4561 7.61499 1.02
      vertex 69.4071 8.14 1.02
    endloop
  endfacet
  facet normal 0 0 1
    outer loop
      vertex 69.4561 7.61499 1.02
      vertex 69.0629 7.92775 1.02
      vertex 69.0636 7.48076 1.02
    endloop
  endfacet
  facet normal -0 0 1
    outer loop
      vertex 68.6041 7.85699 1.02
      vertex 69.0636 7.48076 1.02
      vertex 69.0629 7.92775 1.02
    endloop
  endfacet
  facet normal 0 0 1
    outer loop
      vertex 69.0636 7.48076 1.02
      vertex 68.6041 7.85699 1.02
      vertex 68.6061 7.436 1.02
    endloop
  endfacet
  facet normal 0 0 1
    outer loop
      vertex 68.6041 7.85699 1.02
      vertex 68.1659 7.479 1.02
      vertex 68.6061 7.436 1.02
    endloop
  endfacet
  facet normal 0 0 1
    outer loop
      vertex 68.1601 7.92525 1.02
      vertex 68.1659 7.479 1.02
      vertex 68.6041 7.85699 1.02
    endloop
  endfacet
  facet normal 0 0 1
    outer loop
      vertex 67.7851 7.60799 1.02
      vertex 68.1601 7.92525 1.02
      vertex 67.8341 8.12999 1.02
    endloop
  endfacet
  facet normal 0 0 1
    outer loop
      vertex 68.1601 7.92525 1.02
      vertex 67.7851 7.60799 1.02
      vertex 68.1659 7.479 1.02
    endloop
  endfacet
  facet normal 0 0 1
    outer loop
      vertex 67.4744 7.81898 1.02
      vertex 67.8341 8.12999 1.02
      vertex 67.6346 8.46724 1.02
    endloop
  endfacet
  facet normal 0 0 1
    outer loop
      vertex 67.8341 8.12999 1.02
      vertex 67.4744 7.81898 1.02
      vertex 67.7851 7.60799 1.02
    endloop
  endfacet
  facet normal 0 0 1
    outer loop
      vertex 67.4744 7.81898 1.02
      vertex 67.6346 8.46724 1.02
      vertex 67.5681 8.931 1.02
    endloop
  endfacet
  facet normal 0 0 1
    outer loop
      vertex 76.9506 11.34 1.02
      vertex 76.3605 10.916 1.02
      vertex 76.9506 10.962 1.02
    endloop
  endfacet
  facet normal -0 0 1
    outer loop
      vertex 74.2266 11.34 1.02
      vertex 76.3605 10.916 1.02
      vertex 76.9506 11.34 1.02
    endloop
  endfacet
  facet normal 0 0 1
    outer loop
      vertex 76.3605 10.916 1.02
      vertex 74.2266 11.34 1.02
      vertex 74.2266 10.916 1.02
    endloop
  endfacet
  facet normal -0 0 1
    outer loop
      vertex 76.3605 10.916 1.02
      vertex 74.6186 7.924 1.02
      vertex 76.9506 10.962 1.02
    endloop
  endfacet
  facet normal 0 -0 1
    outer loop
      vertex 74.6186 7.924 1.02
      vertex 76.3605 10.916 1.02
      vertex 74.0285 7.88899 1.02
    endloop
  endfacet
  facet normal -0 0 1
    outer loop
      vertex 74.6186 7.924 1.02
      vertex 77.0786 7.5 1.02
      vertex 77.0786 7.924 1.02
    endloop
  endfacet
  facet normal 0 0 1
    outer loop
      vertex 74.0285 7.5 1.02
      vertex 74.6186 7.924 1.02
      vertex 74.0285 7.88899 1.02
    endloop
  endfacet
  facet normal 0 0 1
    outer loop
      vertex 74.6186 7.924 1.02
      vertex 74.0285 7.5 1.02
      vertex 77.0786 7.5 1.02
    endloop
  endfacet
  facet normal -0 0 1
    outer loop
      vertex 77.674 8.07599 1.02
      vertex 78.205 7.5 1.02
      vertex 78.205 8.07599 1.02
    endloop
  endfacet
  facet normal 0 0 1
    outer loop
      vertex 78.205 7.5 1.02
      vertex 77.674 8.07599 1.02
      vertex 77.674 7.5 1.02
    endloop
  endfacet
  facet normal -0.438055 0.898948 0
    outer loop
      vertex 66.047 7.78899 1.02
      vertex 65.6022 7.57224 3
      vertex 66.047 7.78899 3
    endloop
  endfacet
  facet normal -0.438055 0.898948 0
    outer loop
      vertex 65.6022 7.57224 3
      vertex 66.047 7.78899 1.02
      vertex 65.6022 7.57224 1.02
    endloop
  endfacet
  facet normal -0.779235 0.626731 0
    outer loop
      vertex 66.047 7.78899 1.02
      vertex 66.3267 8.13675 3
      vertex 66.3267 8.13675 1.02
    endloop
  endfacet
  facet normal -0.779235 0.626731 0
    outer loop
      vertex 66.3267 8.13675 3
      vertex 66.047 7.78899 1.02
      vertex 66.047 7.78899 3
    endloop
  endfacet
  facet normal -0.980314 0.197443 0
    outer loop
      vertex 66.3267 8.13675 1.02
      vertex 66.42 8.59999 3
      vertex 66.42 8.59999 1.02
    endloop
  endfacet
  facet normal -0.980314 0.197443 0
    outer loop
      vertex 66.42 8.59999 3
      vertex 66.3267 8.13675 1.02
      vertex 66.3267 8.13675 3
    endloop
  endfacet
  facet normal -0.985213 -0.171337 0
    outer loop
      vertex 66.42 8.59999 1.02
      vertex 66.358 8.9565 3
      vertex 66.358 8.9565 1.02
    endloop
  endfacet
  facet normal -0.985213 -0.171337 0
    outer loop
      vertex 66.358 8.9565 3
      vertex 66.42 8.59999 1.02
      vertex 66.42 8.59999 3
    endloop
  endfacet
  facet normal -0.841312 -0.54055 0
    outer loop
      vertex 66.358 8.9565 1.02
      vertex 66.172 9.24599 3
      vertex 66.172 9.24599 1.02
    endloop
  endfacet
  facet normal -0.841312 -0.54055 0
    outer loop
      vertex 66.172 9.24599 3
      vertex 66.358 8.9565 1.02
      vertex 66.358 8.9565 3
    endloop
  endfacet
  facet normal -0.567912 -0.823089 0
    outer loop
      vertex 65.8727 9.4525 1.02
      vertex 66.172 9.24599 3
      vertex 65.8727 9.4525 3
    endloop
  endfacet
  facet normal -0.567912 -0.823089 -0
    outer loop
      vertex 66.172 9.24599 3
      vertex 65.8727 9.4525 1.02
      vertex 66.172 9.24599 1.02
    endloop
  endfacet
  facet normal -0.252841 -0.967508 0
    outer loop
      vertex 65.469 9.558 1.02
      vertex 65.8727 9.4525 3
      vertex 65.469 9.558 3
    endloop
  endfacet
  facet normal -0.252841 -0.967508 -0
    outer loop
      vertex 65.8727 9.4525 3
      vertex 65.469 9.558 1.02
      vertex 65.8727 9.4525 1.02
    endloop
  endfacet
  facet normal -0.349958 0.936765 0
    outer loop
      vertex 65.7775 9.67325 1.02
      vertex 65.469 9.558 3
      vertex 65.7775 9.67325 3
    endloop
  endfacet
  facet normal -0.349958 0.936765 0
    outer loop
      vertex 65.469 9.558 3
      vertex 65.7775 9.67325 1.02
      vertex 65.469 9.558 1.02
    endloop
  endfacet
  facet normal -0.637187 0.770709 0
    outer loop
      vertex 66.007 9.86299 1.02
      vertex 65.7775 9.67325 3
      vertex 66.007 9.86299 3
    endloop
  endfacet
  facet normal -0.637187 0.770709 0
    outer loop
      vertex 65.7775 9.67325 3
      vertex 66.007 9.86299 1.02
      vertex 65.7775 9.67325 1.02
    endloop
  endfacet
  facet normal -0.872133 0.489268 0
    outer loop
      vertex 66.007 9.86299 1.02
      vertex 66.1495 10.117 3
      vertex 66.1495 10.117 1.02
    endloop
  endfacet
  facet normal -0.872133 0.489268 0
    outer loop
      vertex 66.1495 10.117 3
      vertex 66.007 9.86299 1.02
      vertex 66.007 9.86299 3
    endloop
  endfacet
  facet normal -0.988316 0.152419 0
    outer loop
      vertex 66.1495 10.117 1.02
      vertex 66.197 10.425 3
      vertex 66.197 10.425 1.02
    endloop
  endfacet
  facet normal -0.988316 0.152419 0
    outer loop
      vertex 66.197 10.425 3
      vertex 66.1495 10.117 1.02
      vertex 66.1495 10.117 3
    endloop
  endfacet
  facet normal -0.897596 -0.440819 0
    outer loop
      vertex 66.197 10.425 1.02
      vertex 65.86 11.1112 3
      vertex 65.86 11.1112 1.02
    endloop
  endfacet
  facet normal -0.897596 -0.440819 0
    outer loop
      vertex 65.86 11.1112 3
      vertex 66.197 10.425 1.02
      vertex 66.197 10.425 3
    endloop
  endfacet
  facet normal -0.220729 -0.975335 0
    outer loop
      vertex 64.849 11.34 1.02
      vertex 65.86 11.1112 3
      vertex 64.849 11.34 3
    endloop
  endfacet
  facet normal -0.220729 -0.975335 -0
    outer loop
      vertex 65.86 11.1112 3
      vertex 64.849 11.34 1.02
      vertex 65.86 11.1112 1.02
    endloop
  endfacet
  facet normal 0 -1 0
    outer loop
      vertex 63.457 11.34 1.02
      vertex 64.849 11.34 3
      vertex 63.457 11.34 3
    endloop
  endfacet
  facet normal 0 -1 -0
    outer loop
      vertex 64.849 11.34 3
      vertex 63.457 11.34 1.02
      vertex 64.849 11.34 1.02
    endloop
  endfacet
  facet normal 1 -0 0
    outer loop
      vertex 63.457 7.5 3
      vertex 63.457 11.34 1.02
      vertex 63.457 11.34 3
    endloop
  endfacet
  facet normal 1 0 0
    outer loop
      vertex 63.457 11.34 1.02
      vertex 63.457 7.5 3
      vertex 63.457 7.5 1.02
    endloop
  endfacet
  facet normal 0 1 -0
    outer loop
      vertex 65.012 7.5 1.02
      vertex 63.457 7.5 3
      vertex 65.012 7.5 3
    endloop
  endfacet
  facet normal 0 1 0
    outer loop
      vertex 63.457 7.5 3
      vertex 65.012 7.5 1.02
      vertex 63.457 7.5 1.02
    endloop
  endfacet
  facet normal -0.121492 0.992592 0
    outer loop
      vertex 65.6022 7.57224 1.02
      vertex 65.012 7.5 3
      vertex 65.6022 7.57224 3
    endloop
  endfacet
  facet normal -0.121492 0.992592 0
    outer loop
      vertex 65.012 7.5 3
      vertex 65.6022 7.57224 1.02
      vertex 65.012 7.5 1.02
    endloop
  endfacet
  facet normal -1 0 0
    outer loop
      vertex 63.976 9.73999 1.02
      vertex 63.976 10.924 3
      vertex 63.976 10.924 1.02
    endloop
  endfacet
  facet normal -1 -0 0
    outer loop
      vertex 63.976 10.924 3
      vertex 63.976 9.73999 1.02
      vertex 63.976 9.73999 3
    endloop
  endfacet
  facet normal 0 1 -0
    outer loop
      vertex 64.849 10.924 1.02
      vertex 63.976 10.924 3
      vertex 64.849 10.924 3
    endloop
  endfacet
  facet normal 0 1 0
    outer loop
      vertex 63.976 10.924 3
      vertex 64.849 10.924 1.02
      vertex 63.976 10.924 1.02
    endloop
  endfacet
  facet normal 0.0912956 0.995824 -0
    outer loop
      vertex 65.2035 10.8915 1.02
      vertex 64.849 10.924 3
      vertex 65.2035 10.8915 3
    endloop
  endfacet
  facet normal 0.0912956 0.995824 0
    outer loop
      vertex 64.849 10.924 3
      vertex 65.2035 10.8915 1.02
      vertex 64.849 10.924 1.02
    endloop
  endfacet
  facet normal 0.351716 0.936107 -0
    outer loop
      vertex 65.463 10.794 1.02
      vertex 65.2035 10.8915 3
      vertex 65.463 10.794 3
    endloop
  endfacet
  facet normal 0.351716 0.936107 0
    outer loop
      vertex 65.2035 10.8915 3
      vertex 65.463 10.794 1.02
      vertex 65.2035 10.8915 1.02
    endloop
  endfacet
  facet normal 0.736854 0.676052 0
    outer loop
      vertex 65.622 10.6207 3
      vertex 65.463 10.794 1.02
      vertex 65.463 10.794 3
    endloop
  endfacet
  facet normal 0.736854 0.676052 0
    outer loop
      vertex 65.463 10.794 1.02
      vertex 65.622 10.6207 3
      vertex 65.622 10.6207 1.02
    endloop
  endfacet
  facet normal 0.979804 0.19996 0
    outer loop
      vertex 65.675 10.361 3
      vertex 65.622 10.6207 1.02
      vertex 65.622 10.6207 3
    endloop
  endfacet
  facet normal 0.979804 0.19996 0
    outer loop
      vertex 65.622 10.6207 1.02
      vertex 65.675 10.361 3
      vertex 65.675 10.361 1.02
    endloop
  endfacet
  facet normal 0.983078 -0.183189 0
    outer loop
      vertex 65.6237 10.0857 3
      vertex 65.675 10.361 1.02
      vertex 65.675 10.361 3
    endloop
  endfacet
  facet normal 0.983078 -0.183189 0
    outer loop
      vertex 65.675 10.361 1.02
      vertex 65.6237 10.0857 3
      vertex 65.6237 10.0857 1.02
    endloop
  endfacet
  facet normal 0.783348 -0.621583 0
    outer loop
      vertex 65.47 9.892 3
      vertex 65.6237 10.0857 1.02
      vertex 65.6237 10.0857 3
    endloop
  endfacet
  facet normal 0.783348 -0.621583 0
    outer loop
      vertex 65.6237 10.0857 1.02
      vertex 65.47 9.892 3
      vertex 65.47 9.892 1.02
    endloop
  endfacet
  facet normal 0.404426 -0.914571 0
    outer loop
      vertex 65.2122 9.778 1.02
      vertex 65.47 9.892 3
      vertex 65.2122 9.778 3
    endloop
  endfacet
  facet normal 0.404426 -0.914571 0
    outer loop
      vertex 65.47 9.892 3
      vertex 65.2122 9.778 1.02
      vertex 65.47 9.892 1.02
    endloop
  endfacet
  facet normal 0.104085 -0.994568 0
    outer loop
      vertex 64.849 9.73999 1.02
      vertex 65.2122 9.778 3
      vertex 64.849 9.73999 3
    endloop
  endfacet
  facet normal 0.104085 -0.994568 0
    outer loop
      vertex 65.2122 9.778 3
      vertex 64.849 9.73999 1.02
      vertex 65.2122 9.778 1.02
    endloop
  endfacet
  facet normal 0 -1 0
    outer loop
      vertex 63.976 9.73999 1.02
      vertex 64.849 9.73999 3
      vertex 63.976 9.73999 3
    endloop
  endfacet
  facet normal 0 -1 -0
    outer loop
      vertex 64.849 9.73999 3
      vertex 63.976 9.73999 1.02
      vertex 64.849 9.73999 1.02
    endloop
  endfacet
  facet normal -1 0 0
    outer loop
      vertex 63.976 7.91599 1.02
      vertex 63.976 9.33499 3
      vertex 63.976 9.33499 1.02
    endloop
  endfacet
  facet normal -1 -0 0
    outer loop
      vertex 63.976 9.33499 3
      vertex 63.976 7.91599 1.02
      vertex 63.976 7.91599 3
    endloop
  endfacet
  facet normal 0 1 -0
    outer loop
      vertex 64.944 9.33499 1.02
      vertex 63.976 9.33499 3
      vertex 64.944 9.33499 3
    endloop
  endfacet
  facet normal 0 1 0
    outer loop
      vertex 63.976 9.33499 3
      vertex 64.944 9.33499 1.02
      vertex 63.976 9.33499 1.02
    endloop
  endfacet
  facet normal 0.237006 0.971508 -0
    outer loop
      vertex 65.6572 9.161 1.02
      vertex 64.944 9.33499 3
      vertex 65.6572 9.161 3
    endloop
  endfacet
  facet normal 0.237006 0.971508 0
    outer loop
      vertex 64.944 9.33499 3
      vertex 65.6572 9.161 1.02
      vertex 64.944 9.33499 1.02
    endloop
  endfacet
  facet normal 0.910023 0.414558 0
    outer loop
      vertex 65.895 8.63899 3
      vertex 65.6572 9.161 1.02
      vertex 65.6572 9.161 3
    endloop
  endfacet
  facet normal 0.910023 0.414558 0
    outer loop
      vertex 65.6572 9.161 1.02
      vertex 65.895 8.63899 3
      vertex 65.895 8.63899 1.02
    endloop
  endfacet
  facet normal 0.985406 -0.170221 0
    outer loop
      vertex 65.8405 8.32349 3
      vertex 65.895 8.63899 1.02
      vertex 65.895 8.63899 3
    endloop
  endfacet
  facet normal 0.985406 -0.170221 0
    outer loop
      vertex 65.895 8.63899 1.02
      vertex 65.8405 8.32349 3
      vertex 65.8405 8.32349 1.02
    endloop
  endfacet
  facet normal 0.810833 -0.585277 0
    outer loop
      vertex 65.677 8.09698 3
      vertex 65.8405 8.32349 1.02
      vertex 65.8405 8.32349 3
    endloop
  endfacet
  facet normal 0.810833 -0.585277 0
    outer loop
      vertex 65.8405 8.32349 1.02
      vertex 65.677 8.09698 3
      vertex 65.677 8.09698 1.02
    endloop
  endfacet
  facet normal 0.433967 -0.900929 0
    outer loop
      vertex 65.3952 7.96124 1.02
      vertex 65.677 8.09698 3
      vertex 65.3952 7.96124 3
    endloop
  endfacet
  facet normal 0.433967 -0.900929 0
    outer loop
      vertex 65.677 8.09698 3
      vertex 65.3952 7.96124 1.02
      vertex 65.677 8.09698 1.02
    endloop
  endfacet
  facet normal 0.109383 -0.994 0
    outer loop
      vertex 64.984 7.91599 1.02
      vertex 65.3952 7.96124 3
      vertex 64.984 7.91599 3
    endloop
  endfacet
  facet normal 0.109383 -0.994 0
    outer loop
      vertex 65.3952 7.96124 3
      vertex 64.984 7.91599 1.02
      vertex 65.3952 7.96124 1.02
    endloop
  endfacet
  facet normal 0 -1 0
    outer loop
      vertex 63.976 7.91599 1.02
      vertex 64.984 7.91599 3
      vertex 63.976 7.91599 3
    endloop
  endfacet
  facet normal 0 -1 -0
    outer loop
      vertex 64.984 7.91599 3
      vertex 63.976 7.91599 1.02
      vertex 64.984 7.91599 1.02
    endloop
  endfacet
  facet normal -0.323588 0.946198 0
    outer loop
      vertex 69.4561 7.61499 1.02
      vertex 69.0636 7.48076 3
      vertex 69.4561 7.61499 3
    endloop
  endfacet
  facet normal -0.323588 0.946198 0
    outer loop
      vertex 69.0636 7.48076 3
      vertex 69.4561 7.61499 1.02
      vertex 69.0636 7.48076 1.02
    endloop
  endfacet
  facet normal -0.565179 0.824968 0
    outer loop
      vertex 69.7754 7.83374 1.02
      vertex 69.4561 7.61499 3
      vertex 69.7754 7.83374 3
    endloop
  endfacet
  facet normal -0.565179 0.824968 0
    outer loop
      vertex 69.4561 7.61499 3
      vertex 69.7754 7.83374 1.02
      vertex 69.4561 7.61499 1.02
    endloop
  endfacet
  facet normal -0.782019 0.623255 0
    outer loop
      vertex 69.7754 7.83374 1.02
      vertex 70.0131 8.13199 3
      vertex 70.0131 8.13199 1.02
    endloop
  endfacet
  facet normal -0.782019 0.623255 0
    outer loop
      vertex 70.0131 8.13199 3
      vertex 69.7754 7.83374 1.02
      vertex 69.7754 7.83374 3
    endloop
  endfacet
  facet normal -0.929076 0.369889 0
    outer loop
      vertex 70.0131 8.13199 1.02
      vertex 70.1609 8.50323 3
      vertex 70.1609 8.50323 1.02
    endloop
  endfacet
  facet normal -0.929076 0.369889 0
    outer loop
      vertex 70.1609 8.50323 3
      vertex 70.0131 8.13199 1.02
      vertex 70.0131 8.13199 3
    endloop
  endfacet
  facet normal -0.993687 0.112191 0
    outer loop
      vertex 70.1609 8.50323 1.02
      vertex 70.2101 8.939 3
      vertex 70.2101 8.939 1.02
    endloop
  endfacet
  facet normal -0.993687 0.112191 0
    outer loop
      vertex 70.2101 8.939 3
      vertex 70.1609 8.50323 1.02
      vertex 70.1609 8.50323 3
    endloop
  endfacet
  facet normal -1 0 0
    outer loop
      vertex 70.2101 8.939 1.02
      vertex 70.2101 11.34 3
      vertex 70.2101 11.34 1.02
    endloop
  endfacet
  facet normal -1 -0 0
    outer loop
      vertex 70.2101 11.34 3
      vertex 70.2101 8.939 1.02
      vertex 70.2101 8.939 3
    endloop
  endfacet
  facet normal 0 -1 0
    outer loop
      vertex 69.6941 11.34 1.02
      vertex 70.2101 11.34 3
      vertex 69.6941 11.34 3
    endloop
  endfacet
  facet normal 0 -1 -0
    outer loop
      vertex 70.2101 11.34 3
      vertex 69.6941 11.34 1.02
      vertex 70.2101 11.34 1.02
    endloop
  endfacet
  facet normal 1 -0 0
    outer loop
      vertex 69.6941 8.967 3
      vertex 69.6941 11.34 1.02
      vertex 69.6941 11.34 3
    endloop
  endfacet
  facet normal 1 0 0
    outer loop
      vertex 69.6941 11.34 1.02
      vertex 69.6941 8.967 3
      vertex 69.6941 8.967 1.02
    endloop
  endfacet
  facet normal 0.988971 -0.14811 0
    outer loop
      vertex 69.6224 8.48824 3
      vertex 69.6941 8.967 1.02
      vertex 69.6941 8.967 3
    endloop
  endfacet
  facet normal 0.988971 -0.14811 0
    outer loop
      vertex 69.6941 8.967 1.02
      vertex 69.6224 8.48824 3
      vertex 69.6224 8.48824 1.02
    endloop
  endfacet
  facet normal 0.850568 -0.525865 0
    outer loop
      vertex 69.4071 8.14 3
      vertex 69.6224 8.48824 1.02
      vertex 69.6224 8.48824 3
    endloop
  endfacet
  facet normal 0.850568 -0.525865 0
    outer loop
      vertex 69.6224 8.48824 1.02
      vertex 69.4071 8.14 3
      vertex 69.4071 8.14 1.02
    endloop
  endfacet
  facet normal 0.524877 -0.851178 0
    outer loop
      vertex 69.0629 7.92775 1.02
      vertex 69.4071 8.14 3
      vertex 69.0629 7.92775 3
    endloop
  endfacet
  facet normal 0.524877 -0.851178 0
    outer loop
      vertex 69.4071 8.14 3
      vertex 69.0629 7.92775 1.02
      vertex 69.4071 8.14 1.02
    endloop
  endfacet
  facet normal 0.152426 -0.988315 0
    outer loop
      vertex 68.6041 7.85699 1.02
      vertex 69.0629 7.92775 3
      vertex 68.6041 7.85699 3
    endloop
  endfacet
  facet normal 0.152426 -0.988315 0
    outer loop
      vertex 69.0629 7.92775 3
      vertex 68.6041 7.85699 1.02
      vertex 69.0629 7.92775 1.02
    endloop
  endfacet
  facet normal -0.151953 -0.988388 0
    outer loop
      vertex 68.1601 7.92525 1.02
      vertex 68.6041 7.85699 3
      vertex 68.1601 7.92525 3
    endloop
  endfacet
  facet normal -0.151953 -0.988388 -0
    outer loop
      vertex 68.6041 7.85699 3
      vertex 68.1601 7.92525 1.02
      vertex 68.6041 7.85699 1.02
    endloop
  endfacet
  facet normal -0.531847 -0.84684 0
    outer loop
      vertex 67.8341 8.12999 1.02
      vertex 68.1601 7.92525 3
      vertex 67.8341 8.12999 3
    endloop
  endfacet
  facet normal -0.531847 -0.84684 -0
    outer loop
      vertex 68.1601 7.92525 3
      vertex 67.8341 8.12999 1.02
      vertex 68.1601 7.92525 1.02
    endloop
  endfacet
  facet normal -0.860685 -0.509138 0
    outer loop
      vertex 67.8341 8.12999 1.02
      vertex 67.6346 8.46724 3
      vertex 67.6346 8.46724 1.02
    endloop
  endfacet
  facet normal -0.860685 -0.509138 0
    outer loop
      vertex 67.6346 8.46724 3
      vertex 67.8341 8.12999 1.02
      vertex 67.8341 8.12999 3
    endloop
  endfacet
  facet normal -0.989875 -0.141941 0
    outer loop
      vertex 67.6346 8.46724 1.02
      vertex 67.5681 8.931 3
      vertex 67.5681 8.931 1.02
    endloop
  endfacet
  facet normal -0.989875 -0.141941 0
    outer loop
      vertex 67.5681 8.931 3
      vertex 67.6346 8.46724 1.02
      vertex 67.6346 8.46724 3
    endloop
  endfacet
  facet normal -1 0 0
    outer loop
      vertex 67.5681 8.931 1.02
      vertex 67.5681 11.34 3
      vertex 67.5681 11.34 1.02
    endloop
  endfacet
  facet normal -1 -0 0
    outer loop
      vertex 67.5681 11.34 3
      vertex 67.5681 8.931 1.02
      vertex 67.5681 8.931 3
    endloop
  endfacet
  facet normal 0 -1 0
    outer loop
      vertex 67.0491 11.34 1.02
      vertex 67.5681 11.34 3
      vertex 67.0491 11.34 3
    endloop
  endfacet
  facet normal 0 -1 -0
    outer loop
      vertex 67.5681 11.34 3
      vertex 67.0491 11.34 1.02
      vertex 67.5681 11.34 1.02
    endloop
  endfacet
  facet normal 1 -0 0
    outer loop
      vertex 67.0491 8.88899 3
      vertex 67.0491 11.34 1.02
      vertex 67.0491 11.34 3
    endloop
  endfacet
  facet normal 1 0 0
    outer loop
      vertex 67.0491 11.34 1.02
      vertex 67.0491 8.88899 3
      vertex 67.0491 8.88899 1.02
    endloop
  endfacet
  facet normal 0.993506 0.113779 0
    outer loop
      vertex 67.0974 8.46724 3
      vertex 67.0491 8.88899 1.02
      vertex 67.0491 8.88899 3
    endloop
  endfacet
  facet normal 0.993506 0.113779 0
    outer loop
      vertex 67.0491 8.88899 1.02
      vertex 67.0974 8.46724 3
      vertex 67.0974 8.46724 1.02
    endloop
  endfacet
  facet normal 0.927584 0.373615 0
    outer loop
      vertex 67.2421 8.10799 3
      vertex 67.0974 8.46724 1.02
      vertex 67.0974 8.46724 3
    endloop
  endfacet
  facet normal 0.927584 0.373615 0
    outer loop
      vertex 67.0974 8.46724 1.02
      vertex 67.2421 8.10799 3
      vertex 67.2421 8.10799 1.02
    endloop
  endfacet
  facet normal 0.77943 0.626489 0
    outer loop
      vertex 67.4744 7.81898 3
      vertex 67.2421 8.10799 1.02
      vertex 67.2421 8.10799 3
    endloop
  endfacet
  facet normal 0.77943 0.626489 0
    outer loop
      vertex 67.2421 8.10799 1.02
      vertex 67.4744 7.81898 3
      vertex 67.4744 7.81898 1.02
    endloop
  endfacet
  facet normal 0.561789 0.82728 -0
    outer loop
      vertex 67.7851 7.60799 1.02
      vertex 67.4744 7.81898 3
      vertex 67.7851 7.60799 3
    endloop
  endfacet
  facet normal 0.561789 0.82728 0
    outer loop
      vertex 67.4744 7.81898 3
      vertex 67.7851 7.60799 1.02
      vertex 67.4744 7.81898 1.02
    endloop
  endfacet
  facet normal 0.320828 0.947138 -0
    outer loop
      vertex 68.1659 7.479 1.02
      vertex 67.7851 7.60799 3
      vertex 68.1659 7.479 3
    endloop
  endfacet
  facet normal 0.320828 0.947138 0
    outer loop
      vertex 67.7851 7.60799 3
      vertex 68.1659 7.479 1.02
      vertex 67.7851 7.60799 1.02
    endloop
  endfacet
  facet normal 0.0972201 0.995263 -0
    outer loop
      vertex 68.6061 7.436 1.02
      vertex 68.1659 7.479 3
      vertex 68.6061 7.436 3
    endloop
  endfacet
  facet normal 0.0972201 0.995263 0
    outer loop
      vertex 68.1659 7.479 3
      vertex 68.6061 7.436 1.02
      vertex 68.1659 7.479 1.02
    endloop
  endfacet
  facet normal -0.0973712 0.995248 0
    outer loop
      vertex 69.0636 7.48076 1.02
      vertex 68.6061 7.436 3
      vertex 69.0636 7.48076 3
    endloop
  endfacet
  facet normal -0.0973712 0.995248 0
    outer loop
      vertex 68.6061 7.436 3
      vertex 69.0636 7.48076 1.02
      vertex 68.6061 7.436 1.02
    endloop
  endfacet
  facet normal 0 -1 0
    outer loop
      vertex 71.3041 7.924 1.02
      vertex 73.7641 7.924 3
      vertex 71.3041 7.924 3
    endloop
  endfacet
  facet normal 0 -1 -0
    outer loop
      vertex 73.7641 7.924 3
      vertex 71.3041 7.924 1.02
      vertex 73.7641 7.924 1.02
    endloop
  endfacet
  facet normal -0.793245 0.608903 0
    outer loop
      vertex 71.3041 7.924 1.02
      vertex 73.6361 10.962 3
      vertex 73.6361 10.962 1.02
    endloop
  endfacet
  facet normal -0.793245 0.608903 0
    outer loop
      vertex 73.6361 10.962 3
      vertex 71.3041 7.924 1.02
      vertex 71.3041 7.924 3
    endloop
  endfacet
  facet normal -1 0 0
    outer loop
      vertex 73.6361 10.962 1.02
      vertex 73.6361 11.34 3
      vertex 73.6361 11.34 1.02
    endloop
  endfacet
  facet normal -1 -0 0
    outer loop
      vertex 73.6361 11.34 3
      vertex 73.6361 10.962 1.02
      vertex 73.6361 10.962 3
    endloop
  endfacet
  facet normal 0 -1 0
    outer loop
      vertex 70.9121 11.34 1.02
      vertex 73.6361 11.34 3
      vertex 70.9121 11.34 3
    endloop
  endfacet
  facet normal 0 -1 -0
    outer loop
      vertex 73.6361 11.34 3
      vertex 70.9121 11.34 1.02
      vertex 73.6361 11.34 1.02
    endloop
  endfacet
  facet normal 1 -0 0
    outer loop
      vertex 70.9121 10.916 3
      vertex 70.9121 11.34 1.02
      vertex 70.9121 11.34 3
    endloop
  endfacet
  facet normal 1 0 0
    outer loop
      vertex 70.9121 11.34 1.02
      vertex 70.9121 10.916 3
      vertex 70.9121 10.916 1.02
    endloop
  endfacet
  facet normal 0 1 -0
    outer loop
      vertex 73.0461 10.916 1.02
      vertex 70.9121 10.916 3
      vertex 73.0461 10.916 3
    endloop
  endfacet
  facet normal 0 1 0
    outer loop
      vertex 70.9121 10.916 3
      vertex 73.0461 10.916 1.02
      vertex 70.9121 10.916 1.02
    endloop
  endfacet
  facet normal 0.792177 -0.610291 0
    outer loop
      vertex 70.7141 7.88899 3
      vertex 73.0461 10.916 1.02
      vertex 73.0461 10.916 3
    endloop
  endfacet
  facet normal 0.792177 -0.610291 0
    outer loop
      vertex 73.0461 10.916 1.02
      vertex 70.7141 7.88899 3
      vertex 70.7141 7.88899 1.02
    endloop
  endfacet
  facet normal 1 -0 0
    outer loop
      vertex 70.7141 7.5 3
      vertex 70.7141 7.88899 1.02
      vertex 70.7141 7.88899 3
    endloop
  endfacet
  facet normal 1 0 0
    outer loop
      vertex 70.7141 7.88899 1.02
      vertex 70.7141 7.5 3
      vertex 70.7141 7.5 1.02
    endloop
  endfacet
  facet normal 0 1 -0
    outer loop
      vertex 73.7641 7.5 1.02
      vertex 70.7141 7.5 3
      vertex 73.7641 7.5 3
    endloop
  endfacet
  facet normal 0 1 0
    outer loop
      vertex 70.7141 7.5 3
      vertex 73.7641 7.5 1.02
      vertex 70.7141 7.5 1.02
    endloop
  endfacet
  facet normal -1 0 0
    outer loop
      vertex 73.7641 7.5 1.02
      vertex 73.7641 7.924 3
      vertex 73.7641 7.924 1.02
    endloop
  endfacet
  facet normal -1 -0 0
    outer loop
      vertex 73.7641 7.924 3
      vertex 73.7641 7.5 1.02
      vertex 73.7641 7.5 3
    endloop
  endfacet
  facet normal 0 -1 0
    outer loop
      vertex 74.6186 7.924 1.02
      vertex 77.0786 7.924 3
      vertex 74.6186 7.924 3
    endloop
  endfacet
  facet normal 0 -1 -0
    outer loop
      vertex 77.0786 7.924 3
      vertex 74.6186 7.924 1.02
      vertex 77.0786 7.924 1.02
    endloop
  endfacet
  facet normal -0.793245 0.608903 0
    outer loop
      vertex 74.6186 7.924 1.02
      vertex 76.9506 10.962 3
      vertex 76.9506 10.962 1.02
    endloop
  endfacet
  facet normal -0.793245 0.608903 0
    outer loop
      vertex 76.9506 10.962 3
      vertex 74.6186 7.924 1.02
      vertex 74.6186 7.924 3
    endloop
  endfacet
  facet normal -1 0 0
    outer loop
      vertex 76.9506 10.962 1.02
      vertex 76.9506 11.34 3
      vertex 76.9506 11.34 1.02
    endloop
  endfacet
  facet normal -1 -0 0
    outer loop
      vertex 76.9506 11.34 3
      vertex 76.9506 10.962 1.02
      vertex 76.9506 10.962 3
    endloop
  endfacet
  facet normal 0 -1 0
    outer loop
      vertex 74.2266 11.34 1.02
      vertex 76.9506 11.34 3
      vertex 74.2266 11.34 3
    endloop
  endfacet
  facet normal 0 -1 -0
    outer loop
      vertex 76.9506 11.34 3
      vertex 74.2266 11.34 1.02
      vertex 76.9506 11.34 1.02
    endloop
  endfacet
  facet normal 1 -0 0
    outer loop
      vertex 74.2266 10.916 3
      vertex 74.2266 11.34 1.02
      vertex 74.2266 11.34 3
    endloop
  endfacet
  facet normal 1 0 0
    outer loop
      vertex 74.2266 11.34 1.02
      vertex 74.2266 10.916 3
      vertex 74.2266 10.916 1.02
    endloop
  endfacet
  facet normal 0 1 -0
    outer loop
      vertex 76.3605 10.916 1.02
      vertex 74.2266 10.916 3
      vertex 76.3605 10.916 3
    endloop
  endfacet
  facet normal 0 1 0
    outer loop
      vertex 74.2266 10.916 3
      vertex 76.3605 10.916 1.02
      vertex 74.2266 10.916 1.02
    endloop
  endfacet
  facet normal 0.792177 -0.610291 0
    outer loop
      vertex 74.0285 7.88899 3
      vertex 76.3605 10.916 1.02
      vertex 76.3605 10.916 3
    endloop
  endfacet
  facet normal 0.792177 -0.610291 0
    outer loop
      vertex 76.3605 10.916 1.02
      vertex 74.0285 7.88899 3
      vertex 74.0285 7.88899 1.02
    endloop
  endfacet
  facet normal 1 -0 0
    outer loop
      vertex 74.0285 7.5 3
      vertex 74.0285 7.88899 1.02
      vertex 74.0285 7.88899 3
    endloop
  endfacet
  facet normal 1 0 0
    outer loop
      vertex 74.0285 7.88899 1.02
      vertex 74.0285 7.5 3
      vertex 74.0285 7.5 1.02
    endloop
  endfacet
  facet normal 0 1 -0
    outer loop
      vertex 77.0786 7.5 1.02
      vertex 74.0285 7.5 3
      vertex 77.0786 7.5 3
    endloop
  endfacet
  facet normal 0 1 0
    outer loop
      vertex 74.0285 7.5 3
      vertex 77.0786 7.5 1.02
      vertex 74.0285 7.5 1.02
    endloop
  endfacet
  facet normal -1 0 0
    outer loop
      vertex 77.0786 7.5 1.02
      vertex 77.0786 7.924 3
      vertex 77.0786 7.924 1.02
    endloop
  endfacet
  facet normal -1 -0 0
    outer loop
      vertex 77.0786 7.924 3
      vertex 77.0786 7.5 1.02
      vertex 77.0786 7.5 3
    endloop
  endfacet
  facet normal 0 -1 0
    outer loop
      vertex 77.674 8.07599 1.02
      vertex 78.205 8.07599 3
      vertex 77.674 8.07599 3
    endloop
  endfacet
  facet normal 0 -1 -0
    outer loop
      vertex 78.205 8.07599 3
      vertex 77.674 8.07599 1.02
      vertex 78.205 8.07599 1.02
    endloop
  endfacet
  facet normal 1 -0 0
    outer loop
      vertex 77.674 7.5 3
      vertex 77.674 8.07599 1.02
      vertex 77.674 8.07599 3
    endloop
  endfacet
  facet normal 1 0 0
    outer loop
      vertex 77.674 8.07599 1.02
      vertex 77.674 7.5 3
      vertex 77.674 7.5 1.02
    endloop
  endfacet
  facet normal 0 1 -0
    outer loop
      vertex 78.205 7.5 1.02
      vertex 77.674 7.5 3
      vertex 78.205 7.5 3
    endloop
  endfacet
  facet normal 0 1 0
    outer loop
      vertex 77.674 7.5 3
      vertex 78.205 7.5 1.02
      vertex 77.674 7.5 1.02
    endloop
  endfacet
  facet normal -1 0 0
    outer loop
      vertex 78.205 7.5 1.02
      vertex 78.205 8.07599 3
      vertex 78.205 8.07599 1.02
    endloop
  endfacet
  facet normal -1 -0 0
    outer loop
      vertex 78.205 8.07599 3
      vertex 78.205 7.5 1.02
      vertex 78.205 7.5 3
    endloop
  endfacet
  facet normal 0 0 1
    outer loop
      vertex 84.0265 10.8795 1.02
      vertex 83.782 10.316 1.02
      vertex 84.274 10.476 1.02
    endloop
  endfacet
  facet normal 0 0 1
    outer loop
      vertex 83.6085 10.6007 1.02
      vertex 84.0265 10.8795 1.02
      vertex 83.67 11.17 1.02
    endloop
  endfacet
  facet normal 0 0 1
    outer loop
      vertex 84.0265 10.8795 1.02
      vertex 83.6085 10.6007 1.02
      vertex 83.782 10.316 1.02
    endloop
  endfacet
  facet normal 0 0 1
    outer loop
      vertex 83.67 11.17 1.02
      vertex 83.354 10.809 1.02
      vertex 83.6085 10.6007 1.02
    endloop
  endfacet
  facet normal 0 0 1
    outer loop
      vertex 83.2095 11.3455 1.02
      vertex 83.354 10.809 1.02
      vertex 83.67 11.17 1.02
    endloop
  endfacet
  facet normal 0 0 1
    outer loop
      vertex 83.2095 11.3455 1.02
      vertex 83.0312 10.9372 1.02
      vertex 83.354 10.809 1.02
    endloop
  endfacet
  facet normal 0 0 1
    outer loop
      vertex 82.648 11.404 1.02
      vertex 83.0312 10.9372 1.02
      vertex 83.2095 11.3455 1.02
    endloop
  endfacet
  facet normal 0 0 1
    outer loop
      vertex 83.0312 10.9372 1.02
      vertex 82.648 11.404 1.02
      vertex 82.653 10.98 1.02
    endloop
  endfacet
  facet normal 0 0 1
    outer loop
      vertex 82.648 11.404 1.02
      vertex 82.0875 10.8767 1.02
      vertex 82.653 10.98 1.02
    endloop
  endfacet
  facet normal -0 0 1
    outer loop
      vertex 81.868 11.2732 1.02
      vertex 82.0875 10.8767 1.02
      vertex 82.648 11.404 1.02
    endloop
  endfacet
  facet normal 0 0 1
    outer loop
      vertex 81.868 11.2732 1.02
      vertex 81.663 10.567 1.02
      vertex 82.0875 10.8767 1.02
    endloop
  endfacet
  facet normal -0 0 1
    outer loop
      vertex 81.278 10.881 1.02
      vertex 81.663 10.567 1.02
      vertex 81.868 11.2732 1.02
    endloop
  endfacet
  facet normal -0 0 1
    outer loop
      vertex 80.9067 10.2587 1.02
      vertex 81.3982 10.0785 1.02
      vertex 81.278 10.881 1.02
    endloop
  endfacet
  facet normal 0 0 1
    outer loop
      vertex 81.663 10.567 1.02
      vertex 81.278 10.881 1.02
      vertex 81.3982 10.0785 1.02
    endloop
  endfacet
  facet normal 0 0 1
    outer loop
      vertex 83.885 8.65199 1.02
      vertex 84.0242 8.00774 1.02
      vertex 84.309 8.44099 1.02
    endloop
  endfacet
  facet normal -0 0 1
    outer loop
      vertex 83.38 8.06024 1.02
      vertex 84.0242 8.00774 1.02
      vertex 83.885 8.65199 1.02
    endloop
  endfacet
  facet normal 0 0 1
    outer loop
      vertex 84.0242 8.00774 1.02
      vertex 83.38 8.06024 1.02
      vertex 83.644 7.69199 1.02
    endloop
  endfacet
  facet normal 0 0 1
    outer loop
      vertex 83.38 8.06024 1.02
      vertex 83.1817 7.5 1.02
      vertex 83.644 7.69199 1.02
    endloop
  endfacet
  facet normal -0 0 1
    outer loop
      vertex 82.675 7.86299 1.02
      vertex 83.1817 7.5 1.02
      vertex 83.38 8.06024 1.02
    endloop
  endfacet
  facet normal 0 0 1
    outer loop
      vertex 82.675 7.86299 1.02
      vertex 82.651 7.436 1.02
      vertex 83.1817 7.5 1.02
    endloop
  endfacet
  facet normal 0 0 1
    outer loop
      vertex 82.111 7.49651 1.02
      vertex 82.675 7.86299 1.02
      vertex 82.1117 7.97099 1.02
    endloop
  endfacet
  facet normal 0 0 1
    outer loop
      vertex 82.675 7.86299 1.02
      vertex 82.111 7.49651 1.02
      vertex 82.651 7.436 1.02
    endloop
  endfacet
  facet normal 0 0 1
    outer loop
      vertex 81.649 7.67799 1.02
      vertex 82.1117 7.97099 1.02
      vertex 81.678 8.295 1.02
    endloop
  endfacet
  facet normal 0 0 1
    outer loop
      vertex 82.1117 7.97099 1.02
      vertex 81.649 7.67799 1.02
      vertex 82.111 7.49651 1.02
    endloop
  endfacet
  facet normal -0 0 1
    outer loop
      vertex 81.004 8.37 1.02
      vertex 81.678 8.295 1.02
      vertex 81.402 8.79649 1.02
    endloop
  endfacet
  facet normal 0 0 1
    outer loop
      vertex 81.678 8.295 1.02
      vertex 81.2762 7.97198 1.02
      vertex 81.649 7.67799 1.02
    endloop
  endfacet
  facet normal -0 0 1
    outer loop
      vertex 80.8382 8.862 1.02
      vertex 81.402 8.79649 1.02
      vertex 81.31 9.437 1.02
    endloop
  endfacet
  facet normal 0 0 1
    outer loop
      vertex 80.783 9.43599 1.02
      vertex 81.3982 10.0785 1.02
      vertex 80.9067 10.2587 1.02
    endloop
  endfacet
  facet normal 0 -0 1
    outer loop
      vertex 80.8382 8.862 1.02
      vertex 81.31 9.437 1.02
      vertex 80.783 9.43599 1.02
    endloop
  endfacet
  facet normal 0 0 1
    outer loop
      vertex 81.3982 10.0785 1.02
      vertex 80.783 9.43599 1.02
      vertex 81.31 9.437 1.02
    endloop
  endfacet
  facet normal 0 0 1
    outer loop
      vertex 81.402 8.79649 1.02
      vertex 80.8382 8.862 1.02
      vertex 81.004 8.37 1.02
    endloop
  endfacet
  facet normal 0 0 1
    outer loop
      vertex 81.678 8.295 1.02
      vertex 81.004 8.37 1.02
      vertex 81.2762 7.97198 1.02
    endloop
  endfacet
  facet normal 0 0 1
    outer loop
      vertex 87.691 11.34 1.02
      vertex 86.376 10.916 1.02
      vertex 87.691 10.916 1.02
    endloop
  endfacet
  facet normal 0 0 1
    outer loop
      vertex 86.376 10.916 1.02
      vertex 85.859 10.916 1.02
      vertex 86.376 7.5 1.02
    endloop
  endfacet
  facet normal 0 0 1
    outer loop
      vertex 87.691 11.34 1.02
      vertex 85.859 10.916 1.02
      vertex 86.376 10.916 1.02
    endloop
  endfacet
  facet normal -0 0 1
    outer loop
      vertex 84.543 11.34 1.02
      vertex 85.859 10.916 1.02
      vertex 87.691 11.34 1.02
    endloop
  endfacet
  facet normal 0 0 1
    outer loop
      vertex 85.859 10.916 1.02
      vertex 84.543 11.34 1.02
      vertex 84.543 10.916 1.02
    endloop
  endfacet
  facet normal 0 0 1
    outer loop
      vertex 86.376 7.5 1.02
      vertex 85.859 10.916 1.02
      vertex 85.859 7.5 1.02
    endloop
  endfacet
  facet normal 0 0 1
    outer loop
      vertex 91.2554 10.6965 1.02
      vertex 90.7647 10.5262 1.02
      vertex 90.8214 10.226 1.02
    endloop
  endfacet
  facet normal 0 0 1
    outer loop
      vertex 90.9914 11.047 1.02
      vertex 90.5944 10.745 1.02
      vertex 90.7647 10.5262 1.02
    endloop
  endfacet
  facet normal 0 0 1
    outer loop
      vertex 90.5657 11.2667 1.02
      vertex 90.5944 10.745 1.02
      vertex 90.9914 11.047 1.02
    endloop
  endfacet
  facet normal 0 0 1
    outer loop
      vertex 90.5657 11.2667 1.02
      vertex 90.3174 10.8792 1.02
      vertex 90.5944 10.745 1.02
    endloop
  endfacet
  facet normal 0 0 1
    outer loop
      vertex 89.9924 11.34 1.02
      vertex 90.3174 10.8792 1.02
      vertex 90.5657 11.2667 1.02
    endloop
  endfacet
  facet normal 0 0 1
    outer loop
      vertex 89.9924 11.34 1.02
      vertex 89.9404 10.924 1.02
      vertex 90.3174 10.8792 1.02
    endloop
  endfacet
  facet normal 0 0 1
    outer loop
      vertex 89.9924 11.34 1.02
      vertex 88.7084 10.924 1.02
      vertex 89.9404 10.924 1.02
    endloop
  endfacet
  facet normal 0 0 1
    outer loop
      vertex 88.1894 11.34 1.02
      vertex 88.7084 9.48399 1.02
      vertex 88.7084 10.924 1.02
    endloop
  endfacet
  facet normal 0 0 1
    outer loop
      vertex 88.1894 7.5 1.02
      vertex 88.7084 9.48399 1.02
      vertex 88.1894 11.34 1.02
    endloop
  endfacet
  facet normal -0 0 1
    outer loop
      vertex 88.1894 11.34 1.02
      vertex 88.7084 10.924 1.02
      vertex 89.9924 11.34 1.02
    endloop
  endfacet
  facet normal 0 0 1
    outer loop
      vertex 88.7084 9.48399 1.02
      vertex 88.1894 7.5 1.02
      vertex 88.7084 9.073 1.02
    endloop
  endfacet
  facet normal 0 0 1
    outer loop
      vertex 88.7084 9.073 1.02
      vertex 88.1894 7.5 1.02
      vertex 88.7084 7.5 1.02
    endloop
  endfacet
  facet normal 0 0 1
    outer loop
      vertex 90.8214 10.226 1.02
      vertex 91.3434 10.231 1.02
      vertex 91.2554 10.6965 1.02
    endloop
  endfacet
  facet normal 0 0 1
    outer loop
      vertex 91.3434 10.231 1.02
      vertex 90.8214 10.226 1.02
      vertex 91.2812 9.83324 1.02
    endloop
  endfacet
  facet normal 0 0 1
    outer loop
      vertex 90.7647 10.5262 1.02
      vertex 91.2554 10.6965 1.02
      vertex 90.9914 11.047 1.02
    endloop
  endfacet
  facet normal -0 0 1
    outer loop
      vertex 90.7652 9.91324 1.02
      vertex 91.2812 9.83324 1.02
      vertex 90.8214 10.226 1.02
    endloop
  endfacet
  facet normal 0 0 1
    outer loop
      vertex 91.2812 9.83324 1.02
      vertex 90.7652 9.91324 1.02
      vertex 91.0944 9.504 1.02
    endloop
  endfacet
  facet normal -0 0 1
    outer loop
      vertex 90.5964 9.67899 1.02
      vertex 91.0944 9.504 1.02
      vertex 90.7652 9.91324 1.02
    endloop
  endfacet
  facet normal 0 0 1
    outer loop
      vertex 91.0944 9.504 1.02
      vertex 90.5964 9.67899 1.02
      vertex 90.7982 9.26424 1.02
    endloop
  endfacet
  facet normal -0 0 1
    outer loop
      vertex 90.3259 9.53275 1.02
      vertex 90.7982 9.26424 1.02
      vertex 90.5964 9.67899 1.02
    endloop
  endfacet
  facet normal 0 0 1
    outer loop
      vertex 90.7982 9.26424 1.02
      vertex 90.3259 9.53275 1.02
      vertex 90.4074 9.133 1.02
    endloop
  endfacet
  facet normal 0 0 1
    outer loop
      vertex 90.4074 9.133 1.02
      vertex 90.8974 7.5 1.02
      vertex 91.4954 7.5 1.02
    endloop
  endfacet
  facet normal -0 0 1
    outer loop
      vertex 89.9624 9.48399 1.02
      vertex 90.4074 9.133 1.02
      vertex 90.3259 9.53275 1.02
    endloop
  endfacet
  facet normal 0 0 1
    outer loop
      vertex 89.9024 9.073 1.02
      vertex 90.4074 9.133 1.02
      vertex 89.9624 9.48399 1.02
    endloop
  endfacet
  facet normal 0 0 1
    outer loop
      vertex 90.4074 9.133 1.02
      vertex 89.9024 9.073 1.02
      vertex 90.8974 7.5 1.02
    endloop
  endfacet
  facet normal -0 0 1
    outer loop
      vertex 88.7084 9.48399 1.02
      vertex 89.9024 9.073 1.02
      vertex 89.9624 9.48399 1.02
    endloop
  endfacet
  facet normal 0 0 1
    outer loop
      vertex 89.9024 9.073 1.02
      vertex 88.7084 9.48399 1.02
      vertex 88.7084 9.073 1.02
    endloop
  endfacet
  facet normal 0 0 1
    outer loop
      vertex 92.6264 11.34 1.02
      vertex 92.1074 11.34 1.02
      vertex 92.6264 7.924 1.02
    endloop
  endfacet
  facet normal -0 0 1
    outer loop
      vertex 92.6264 7.924 1.02
      vertex 94.5624 7.5 1.02
      vertex 94.5624 7.924 1.02
    endloop
  endfacet
  facet normal 0 0 1
    outer loop
      vertex 92.6264 7.924 1.02
      vertex 92.1074 7.5 1.02
      vertex 94.5624 7.5 1.02
    endloop
  endfacet
  facet normal 0 0 1
    outer loop
      vertex 92.1074 7.5 1.02
      vertex 92.6264 7.924 1.02
      vertex 92.1074 11.34 1.02
    endloop
  endfacet
  facet normal -0 0 1
    outer loop
      vertex 95.176 8.07599 1.02
      vertex 95.707 7.5 1.02
      vertex 95.707 8.07599 1.02
    endloop
  endfacet
  facet normal 0 0 1
    outer loop
      vertex 95.707 7.5 1.02
      vertex 95.176 8.07599 1.02
      vertex 95.176 7.5 1.02
    endloop
  endfacet
  facet normal -0.383534 0.923527 0
    outer loop
      vertex 83.644 7.69199 1.02
      vertex 83.1817 7.5 3
      vertex 83.644 7.69199 3
    endloop
  endfacet
  facet normal -0.383534 0.923527 0
    outer loop
      vertex 83.1817 7.5 3
      vertex 83.644 7.69199 1.02
      vertex 83.1817 7.5 1.02
    endloop
  endfacet
  facet normal -0.63889 0.769298 0
    outer loop
      vertex 84.0242 8.00774 1.02
      vertex 83.644 7.69199 3
      vertex 84.0242 8.00774 3
    endloop
  endfacet
  facet normal -0.63889 0.769298 0
    outer loop
      vertex 83.644 7.69199 3
      vertex 84.0242 8.00774 1.02
      vertex 83.644 7.69199 1.02
    endloop
  endfacet
  facet normal -0.835623 0.549303 0
    outer loop
      vertex 84.0242 8.00774 1.02
      vertex 84.309 8.44099 3
      vertex 84.309 8.44099 1.02
    endloop
  endfacet
  facet normal -0.835623 0.549303 0
    outer loop
      vertex 84.309 8.44099 3
      vertex 84.0242 8.00774 1.02
      vertex 84.0242 8.00774 3
    endloop
  endfacet
  facet normal -0.445524 -0.89527 0
    outer loop
      vertex 83.885 8.65199 1.02
      vertex 84.309 8.44099 3
      vertex 83.885 8.65199 3
    endloop
  endfacet
  facet normal -0.445524 -0.89527 -0
    outer loop
      vertex 84.309 8.44099 3
      vertex 83.885 8.65199 1.02
      vertex 84.309 8.44099 1.02
    endloop
  endfacet
  facet normal 0.760661 -0.649149 0
    outer loop
      vertex 83.38 8.06024 3
      vertex 83.885 8.65199 1.02
      vertex 83.885 8.65199 3
    endloop
  endfacet
  facet normal 0.760661 -0.649149 0
    outer loop
      vertex 83.885 8.65199 1.02
      vertex 83.38 8.06024 3
      vertex 83.38 8.06024 1.02
    endloop
  endfacet
  facet normal 0.26944 -0.963017 0
    outer loop
      vertex 82.675 7.86299 1.02
      vertex 83.38 8.06024 3
      vertex 82.675 7.86299 3
    endloop
  endfacet
  facet normal 0.26944 -0.963017 0
    outer loop
      vertex 83.38 8.06024 3
      vertex 82.675 7.86299 1.02
      vertex 83.38 8.06024 1.02
    endloop
  endfacet
  facet normal -0.188298 -0.982112 0
    outer loop
      vertex 82.1117 7.97099 1.02
      vertex 82.675 7.86299 3
      vertex 82.1117 7.97099 3
    endloop
  endfacet
  facet normal -0.188298 -0.982112 -0
    outer loop
      vertex 82.675 7.86299 3
      vertex 82.1117 7.97099 1.02
      vertex 82.675 7.86299 1.02
    endloop
  endfacet
  facet normal -0.598503 -0.80112 0
    outer loop
      vertex 81.678 8.295 1.02
      vertex 82.1117 7.97099 3
      vertex 81.678 8.295 3
    endloop
  endfacet
  facet normal -0.598503 -0.80112 -0
    outer loop
      vertex 82.1117 7.97099 3
      vertex 81.678 8.295 1.02
      vertex 82.1117 7.97099 1.02
    endloop
  endfacet
  facet normal -0.876083 -0.482161 0
    outer loop
      vertex 81.678 8.295 1.02
      vertex 81.402 8.79649 3
      vertex 81.402 8.79649 1.02
    endloop
  endfacet
  facet normal -0.876083 -0.482161 0
    outer loop
      vertex 81.402 8.79649 3
      vertex 81.678 8.295 1.02
      vertex 81.678 8.295 3
    endloop
  endfacet
  facet normal -0.989841 -0.142176 0
    outer loop
      vertex 81.402 8.79649 1.02
      vertex 81.31 9.437 3
      vertex 81.31 9.437 1.02
    endloop
  endfacet
  facet normal -0.989841 -0.142176 0
    outer loop
      vertex 81.31 9.437 3
      vertex 81.402 8.79649 1.02
      vertex 81.402 8.79649 3
    endloop
  endfacet
  facet normal -0.99068 0.136209 0
    outer loop
      vertex 81.31 9.437 1.02
      vertex 81.3982 10.0785 3
      vertex 81.3982 10.0785 1.02
    endloop
  endfacet
  facet normal -0.99068 0.136209 0
    outer loop
      vertex 81.3982 10.0785 3
      vertex 81.31 9.437 1.02
      vertex 81.31 9.437 3
    endloop
  endfacet
  facet normal -0.879144 0.476556 0
    outer loop
      vertex 81.3982 10.0785 1.02
      vertex 81.663 10.567 3
      vertex 81.663 10.567 1.02
    endloop
  endfacet
  facet normal -0.879144 0.476556 0
    outer loop
      vertex 81.663 10.567 3
      vertex 81.3982 10.0785 1.02
      vertex 81.3982 10.0785 3
    endloop
  endfacet
  facet normal -0.589382 0.807855 0
    outer loop
      vertex 82.0875 10.8767 1.02
      vertex 81.663 10.567 3
      vertex 82.0875 10.8767 3
    endloop
  endfacet
  facet normal -0.589382 0.807855 0
    outer loop
      vertex 81.663 10.567 3
      vertex 82.0875 10.8767 1.02
      vertex 81.663 10.567 1.02
    endloop
  endfacet
  facet normal -0.179697 0.983722 0
    outer loop
      vertex 82.653 10.98 1.02
      vertex 82.0875 10.8767 3
      vertex 82.653 10.98 3
    endloop
  endfacet
  facet normal -0.179697 0.983722 0
    outer loop
      vertex 82.0875 10.8767 3
      vertex 82.653 10.98 1.02
      vertex 82.0875 10.8767 1.02
    endloop
  endfacet
  facet normal 0.11245 0.993657 -0
    outer loop
      vertex 83.0312 10.9372 1.02
      vertex 82.653 10.98 3
      vertex 83.0312 10.9372 3
    endloop
  endfacet
  facet normal 0.11245 0.993657 0
    outer loop
      vertex 82.653 10.98 3
      vertex 83.0312 10.9372 1.02
      vertex 82.653 10.98 1.02
    endloop
  endfacet
  facet normal 0.369106 0.929387 -0
    outer loop
      vertex 83.354 10.809 1.02
      vertex 83.0312 10.9372 3
      vertex 83.354 10.809 3
    endloop
  endfacet
  facet normal 0.369106 0.929387 0
    outer loop
      vertex 83.0312 10.9372 3
      vertex 83.354 10.809 1.02
      vertex 83.0312 10.9372 1.02
    endloop
  endfacet
  facet normal 0.63337 0.773849 -0
    outer loop
      vertex 83.6085 10.6007 1.02
      vertex 83.354 10.809 3
      vertex 83.6085 10.6007 3
    endloop
  endfacet
  facet normal 0.63337 0.773849 0
    outer loop
      vertex 83.354 10.809 3
      vertex 83.6085 10.6007 1.02
      vertex 83.354 10.809 1.02
    endloop
  endfacet
  facet normal 0.853926 0.520394 0
    outer loop
      vertex 83.782 10.316 3
      vertex 83.6085 10.6007 1.02
      vertex 83.6085 10.6007 3
    endloop
  endfacet
  facet normal 0.853926 0.520394 0
    outer loop
      vertex 83.6085 10.6007 1.02
      vertex 83.782 10.316 3
      vertex 83.782 10.316 1.02
    endloop
  endfacet
  facet normal -0.309261 0.950977 0
    outer loop
      vertex 84.274 10.476 1.02
      vertex 83.782 10.316 3
      vertex 84.274 10.476 3
    endloop
  endfacet
  facet normal -0.309261 0.950977 0
    outer loop
      vertex 83.782 10.316 3
      vertex 84.274 10.476 1.02
      vertex 83.782 10.316 1.02
    endloop
  endfacet
  facet normal -0.852419 -0.522859 0
    outer loop
      vertex 84.274 10.476 1.02
      vertex 84.0265 10.8795 3
      vertex 84.0265 10.8795 1.02
    endloop
  endfacet
  facet normal -0.852419 -0.522859 0
    outer loop
      vertex 84.0265 10.8795 3
      vertex 84.274 10.476 1.02
      vertex 84.274 10.476 3
    endloop
  endfacet
  facet normal -0.631697 -0.775215 0
    outer loop
      vertex 83.67 11.17 1.02
      vertex 84.0265 10.8795 3
      vertex 83.67 11.17 3
    endloop
  endfacet
  facet normal -0.631697 -0.775215 -0
    outer loop
      vertex 84.0265 10.8795 3
      vertex 83.67 11.17 1.02
      vertex 84.0265 10.8795 1.02
    endloop
  endfacet
  facet normal -0.356122 -0.93444 0
    outer loop
      vertex 83.2095 11.3455 1.02
      vertex 83.67 11.17 3
      vertex 83.2095 11.3455 3
    endloop
  endfacet
  facet normal -0.356122 -0.93444 -0
    outer loop
      vertex 83.67 11.17 3
      vertex 83.2095 11.3455 1.02
      vertex 83.67 11.17 1.02
    endloop
  endfacet
  facet normal -0.103624 -0.994617 0
    outer loop
      vertex 82.648 11.404 1.02
      vertex 83.2095 11.3455 3
      vertex 82.648 11.404 3
    endloop
  endfacet
  facet normal -0.103624 -0.994617 -0
    outer loop
      vertex 83.2095 11.3455 3
      vertex 82.648 11.404 1.02
      vertex 83.2095 11.3455 1.02
    endloop
  endfacet
  facet normal 0.165383 -0.986229 0
    outer loop
      vertex 81.868 11.2732 1.02
      vertex 82.648 11.404 3
      vertex 81.868 11.2732 3
    endloop
  endfacet
  facet normal 0.165383 -0.986229 0
    outer loop
      vertex 82.648 11.404 3
      vertex 81.868 11.2732 1.02
      vertex 82.648 11.404 1.02
    endloop
  endfacet
  facet normal 0.553592 -0.832788 0
    outer loop
      vertex 81.278 10.881 1.02
      vertex 81.868 11.2732 3
      vertex 81.278 10.881 3
    endloop
  endfacet
  facet normal 0.553592 -0.832788 0
    outer loop
      vertex 81.868 11.2732 3
      vertex 81.278 10.881 1.02
      vertex 81.868 11.2732 1.02
    endloop
  endfacet
  facet normal 0.858757 -0.512384 0
    outer loop
      vertex 80.9067 10.2587 3
      vertex 81.278 10.881 1.02
      vertex 81.278 10.881 3
    endloop
  endfacet
  facet normal 0.858757 -0.512384 0
    outer loop
      vertex 81.278 10.881 1.02
      vertex 80.9067 10.2587 3
      vertex 80.9067 10.2587 1.02
    endloop
  endfacet
  facet normal 0.988885 -0.148685 0
    outer loop
      vertex 80.783 9.43599 3
      vertex 80.9067 10.2587 1.02
      vertex 80.9067 10.2587 3
    endloop
  endfacet
  facet normal 0.988885 -0.148685 0
    outer loop
      vertex 80.9067 10.2587 1.02
      vertex 80.783 9.43599 3
      vertex 80.783 9.43599 1.02
    endloop
  endfacet
  facet normal 0.995408 0.0957273 0
    outer loop
      vertex 80.8382 8.862 3
      vertex 80.783 9.43599 1.02
      vertex 80.783 9.43599 3
    endloop
  endfacet
  facet normal 0.995408 0.0957273 0
    outer loop
      vertex 80.783 9.43599 1.02
      vertex 80.8382 8.862 3
      vertex 80.8382 8.862 1.02
    endloop
  endfacet
  facet normal 0.947638 0.319346 0
    outer loop
      vertex 81.004 8.37 3
      vertex 80.8382 8.862 1.02
      vertex 80.8382 8.862 3
    endloop
  endfacet
  facet normal 0.947638 0.319346 0
    outer loop
      vertex 80.8382 8.862 1.02
      vertex 81.004 8.37 3
      vertex 81.004 8.37 1.02
    endloop
  endfacet
  facet normal 0.825432 0.564501 0
    outer loop
      vertex 81.2762 7.97198 3
      vertex 81.004 8.37 1.02
      vertex 81.004 8.37 3
    endloop
  endfacet
  facet normal 0.825432 0.564501 0
    outer loop
      vertex 81.004 8.37 1.02
      vertex 81.2762 7.97198 3
      vertex 81.2762 7.97198 1.02
    endloop
  endfacet
  facet normal 0.619221 0.785216 -0
    outer loop
      vertex 81.649 7.67799 1.02
      vertex 81.2762 7.97198 3
      vertex 81.649 7.67799 3
    endloop
  endfacet
  facet normal 0.619221 0.785216 0
    outer loop
      vertex 81.2762 7.97198 3
      vertex 81.649 7.67799 1.02
      vertex 81.2762 7.97198 1.02
    endloop
  endfacet
  facet normal 0.365617 0.930765 -0
    outer loop
      vertex 82.111 7.49651 1.02
      vertex 81.649 7.67799 3
      vertex 82.111 7.49651 3
    endloop
  endfacet
  facet normal 0.365617 0.930765 0
    outer loop
      vertex 81.649 7.67799 3
      vertex 82.111 7.49651 1.02
      vertex 81.649 7.67799 1.02
    endloop
  endfacet
  facet normal 0.111359 0.99378 -0
    outer loop
      vertex 82.651 7.436 1.02
      vertex 82.111 7.49651 3
      vertex 82.651 7.436 3
    endloop
  endfacet
  facet normal 0.111359 0.99378 0
    outer loop
      vertex 82.111 7.49651 3
      vertex 82.651 7.436 1.02
      vertex 82.111 7.49651 1.02
    endloop
  endfacet
  facet normal -0.119728 0.992807 0
    outer loop
      vertex 83.1817 7.5 1.02
      vertex 82.651 7.436 3
      vertex 83.1817 7.5 3
    endloop
  endfacet
  facet normal -0.119728 0.992807 0
    outer loop
      vertex 82.651 7.436 3
      vertex 83.1817 7.5 1.02
      vertex 82.651 7.436 1.02
    endloop
  endfacet
  facet normal 0 1 -0
    outer loop
      vertex 87.691 10.916 1.02
      vertex 86.376 10.916 3
      vertex 87.691 10.916 3
    endloop
  endfacet
  facet normal 0 1 0
    outer loop
      vertex 86.376 10.916 3
      vertex 87.691 10.916 1.02
      vertex 86.376 10.916 1.02
    endloop
  endfacet
  facet normal -1 0 0
    outer loop
      vertex 87.691 10.916 1.02
      vertex 87.691 11.34 3
      vertex 87.691 11.34 1.02
    endloop
  endfacet
  facet normal -1 -0 0
    outer loop
      vertex 87.691 11.34 3
      vertex 87.691 10.916 1.02
      vertex 87.691 10.916 3
    endloop
  endfacet
  facet normal 0 -1 0
    outer loop
      vertex 84.543 11.34 1.02
      vertex 87.691 11.34 3
      vertex 84.543 11.34 3
    endloop
  endfacet
  facet normal 0 -1 -0
    outer loop
      vertex 87.691 11.34 3
      vertex 84.543 11.34 1.02
      vertex 87.691 11.34 1.02
    endloop
  endfacet
  facet normal 1 -0 0
    outer loop
      vertex 84.543 10.916 3
      vertex 84.543 11.34 1.02
      vertex 84.543 11.34 3
    endloop
  endfacet
  facet normal 1 0 0
    outer loop
      vertex 84.543 11.34 1.02
      vertex 84.543 10.916 3
      vertex 84.543 10.916 1.02
    endloop
  endfacet
  facet normal 0 1 -0
    outer loop
      vertex 85.859 10.916 1.02
      vertex 84.543 10.916 3
      vertex 85.859 10.916 3
    endloop
  endfacet
  facet normal 0 1 0
    outer loop
      vertex 84.543 10.916 3
      vertex 85.859 10.916 1.02
      vertex 84.543 10.916 1.02
    endloop
  endfacet
  facet normal 1 -0 0
    outer loop
      vertex 85.859 7.5 3
      vertex 85.859 10.916 1.02
      vertex 85.859 10.916 3
    endloop
  endfacet
  facet normal 1 0 0
    outer loop
      vertex 85.859 10.916 1.02
      vertex 85.859 7.5 3
      vertex 85.859 7.5 1.02
    endloop
  endfacet
  facet normal 0 1 -0
    outer loop
      vertex 86.376 7.5 1.02
      vertex 85.859 7.5 3
      vertex 86.376 7.5 3
    endloop
  endfacet
  facet normal 0 1 0
    outer loop
      vertex 85.859 7.5 3
      vertex 86.376 7.5 1.02
      vertex 85.859 7.5 1.02
    endloop
  endfacet
  facet normal -1 0 0
    outer loop
      vertex 86.376 7.5 1.02
      vertex 86.376 10.916 3
      vertex 86.376 10.916 1.02
    endloop
  endfacet
  facet normal -1 -0 0
    outer loop
      vertex 86.376 10.916 3
      vertex 86.376 7.5 1.02
      vertex 86.376 7.5 3
    endloop
  endfacet
  facet normal 0 1 -0
    outer loop
      vertex 89.9024 9.073 1.02
      vertex 88.7084 9.073 3
      vertex 89.9024 9.073 3
    endloop
  endfacet
  facet normal 0 1 0
    outer loop
      vertex 88.7084 9.073 3
      vertex 89.9024 9.073 1.02
      vertex 88.7084 9.073 1.02
    endloop
  endfacet
  facet normal 0.845118 0.534579 0
    outer loop
      vertex 90.8974 7.5 3
      vertex 89.9024 9.073 1.02
      vertex 89.9024 9.073 3
    endloop
  endfacet
  facet normal 0.845118 0.534579 0
    outer loop
      vertex 89.9024 9.073 1.02
      vertex 90.8974 7.5 3
      vertex 90.8974 7.5 1.02
    endloop
  endfacet
  facet normal 0 1 -0
    outer loop
      vertex 91.4954 7.5 1.02
      vertex 90.8974 7.5 3
      vertex 91.4954 7.5 3
    endloop
  endfacet
  facet normal 0 1 0
    outer loop
      vertex 90.8974 7.5 3
      vertex 91.4954 7.5 1.02
      vertex 90.8974 7.5 1.02
    endloop
  endfacet
  facet normal -0.832207 -0.554465 0
    outer loop
      vertex 91.4954 7.5 1.02
      vertex 90.4074 9.133 3
      vertex 90.4074 9.133 1.02
    endloop
  endfacet
  facet normal -0.832207 -0.554465 0
    outer loop
      vertex 90.4074 9.133 3
      vertex 91.4954 7.5 1.02
      vertex 91.4954 7.5 3
    endloop
  endfacet
  facet normal -0.318352 0.947973 0
    outer loop
      vertex 90.7982 9.26424 1.02
      vertex 90.4074 9.133 3
      vertex 90.7982 9.26424 3
    endloop
  endfacet
  facet normal -0.318352 0.947973 0
    outer loop
      vertex 90.4074 9.133 3
      vertex 90.7982 9.26424 1.02
      vertex 90.4074 9.133 1.02
    endloop
  endfacet
  facet normal -0.629165 0.777272 0
    outer loop
      vertex 91.0944 9.504 1.02
      vertex 90.7982 9.26424 3
      vertex 91.0944 9.504 3
    endloop
  endfacet
  facet normal -0.629165 0.777272 0
    outer loop
      vertex 90.7982 9.26424 3
      vertex 91.0944 9.504 1.02
      vertex 90.7982 9.26424 1.02
    endloop
  endfacet
  facet normal -0.869761 0.493474 0
    outer loop
      vertex 91.0944 9.504 1.02
      vertex 91.2812 9.83324 3
      vertex 91.2812 9.83324 1.02
    endloop
  endfacet
  facet normal -0.869761 0.493474 0
    outer loop
      vertex 91.2812 9.83324 3
      vertex 91.0944 9.504 1.02
      vertex 91.0944 9.504 3
    endloop
  endfacet
  facet normal -0.987993 0.154498 0
    outer loop
      vertex 91.2812 9.83324 1.02
      vertex 91.3434 10.231 3
      vertex 91.3434 10.231 1.02
    endloop
  endfacet
  facet normal -0.987993 0.154498 0
    outer loop
      vertex 91.3434 10.231 3
      vertex 91.2812 9.83324 1.02
      vertex 91.2812 9.83324 3
    endloop
  endfacet
  facet normal -0.982596 -0.185754 0
    outer loop
      vertex 91.3434 10.231 1.02
      vertex 91.2554 10.6965 3
      vertex 91.2554 10.6965 1.02
    endloop
  endfacet
  facet normal -0.982596 -0.185754 0
    outer loop
      vertex 91.2554 10.6965 3
      vertex 91.3434 10.231 1.02
      vertex 91.3434 10.231 3
    endloop
  endfacet
  facet normal -0.798768 -0.60164 0
    outer loop
      vertex 91.2554 10.6965 1.02
      vertex 90.9914 11.047 3
      vertex 90.9914 11.047 1.02
    endloop
  endfacet
  facet normal -0.798768 -0.60164 0
    outer loop
      vertex 90.9914 11.047 3
      vertex 91.2554 10.6965 1.02
      vertex 91.2554 10.6965 3
    endloop
  endfacet
  facet normal -0.458616 -0.888634 0
    outer loop
      vertex 90.5657 11.2667 1.02
      vertex 90.9914 11.047 3
      vertex 90.5657 11.2667 3
    endloop
  endfacet
  facet normal -0.458616 -0.888634 -0
    outer loop
      vertex 90.9914 11.047 3
      vertex 90.5657 11.2667 1.02
      vertex 90.9914 11.047 1.02
    endloop
  endfacet
  facet normal -0.126824 -0.991925 0
    outer loop
      vertex 89.9924 11.34 1.02
      vertex 90.5657 11.2667 3
      vertex 89.9924 11.34 3
    endloop
  endfacet
  facet normal -0.126824 -0.991925 -0
    outer loop
      vertex 90.5657 11.2667 3
      vertex 89.9924 11.34 1.02
      vertex 90.5657 11.2667 1.02
    endloop
  endfacet
  facet normal 0 -1 0
    outer loop
      vertex 88.1894 11.34 1.02
      vertex 89.9924 11.34 3
      vertex 88.1894 11.34 3
    endloop
  endfacet
  facet normal 0 -1 -0
    outer loop
      vertex 89.9924 11.34 3
      vertex 88.1894 11.34 1.02
      vertex 89.9924 11.34 1.02
    endloop
  endfacet
  facet normal 1 -0 0
    outer loop
      vertex 88.1894 7.5 3
      vertex 88.1894 11.34 1.02
      vertex 88.1894 11.34 3
    endloop
  endfacet
  facet normal 1 0 0
    outer loop
      vertex 88.1894 11.34 1.02
      vertex 88.1894 7.5 3
      vertex 88.1894 7.5 1.02
    endloop
  endfacet
  facet normal 0 1 -0
    outer loop
      vertex 88.7084 7.5 1.02
      vertex 88.1894 7.5 3
      vertex 88.7084 7.5 3
    endloop
  endfacet
  facet normal 0 1 0
    outer loop
      vertex 88.1894 7.5 3
      vertex 88.7084 7.5 1.02
      vertex 88.1894 7.5 1.02
    endloop
  endfacet
  facet normal -1 0 0
    outer loop
      vertex 88.7084 7.5 1.02
      vertex 88.7084 9.073 3
      vertex 88.7084 9.073 1.02
    endloop
  endfacet
  facet normal -1 -0 0
    outer loop
      vertex 88.7084 9.073 3
      vertex 88.7084 7.5 1.02
      vertex 88.7084 7.5 3
    endloop
  endfacet
  facet normal -1 0 0
    outer loop
      vertex 88.7084 9.48399 1.02
      vertex 88.7084 10.924 3
      vertex 88.7084 10.924 1.02
    endloop
  endfacet
  facet normal -1 -0 0
    outer loop
      vertex 88.7084 10.924 3
      vertex 88.7084 9.48399 1.02
      vertex 88.7084 9.48399 3
    endloop
  endfacet
  facet normal 0 1 -0
    outer loop
      vertex 89.9404 10.924 1.02
      vertex 88.7084 10.924 3
      vertex 89.9404 10.924 3
    endloop
  endfacet
  facet normal 0 1 0
    outer loop
      vertex 88.7084 10.924 3
      vertex 89.9404 10.924 1.02
      vertex 88.7084 10.924 1.02
    endloop
  endfacet
  facet normal 0.118003 0.993013 -0
    outer loop
      vertex 90.3174 10.8792 1.02
      vertex 89.9404 10.924 3
      vertex 90.3174 10.8792 3
    endloop
  endfacet
  facet normal 0.118003 0.993013 0
    outer loop
      vertex 89.9404 10.924 3
      vertex 90.3174 10.8792 1.02
      vertex 89.9404 10.924 1.02
    endloop
  endfacet
  facet normal 0.436002 0.899945 -0
    outer loop
      vertex 90.5944 10.745 1.02
      vertex 90.3174 10.8792 3
      vertex 90.5944 10.745 3
    endloop
  endfacet
  facet normal 0.436002 0.899945 0
    outer loop
      vertex 90.3174 10.8792 3
      vertex 90.5944 10.745 1.02
      vertex 90.3174 10.8792 1.02
    endloop
  endfacet
  facet normal 0.789139 0.614215 0
    outer loop
      vertex 90.7647 10.5262 3
      vertex 90.5944 10.745 1.02
      vertex 90.5944 10.745 3
    endloop
  endfacet
  facet normal 0.789139 0.614215 0
    outer loop
      vertex 90.5944 10.745 1.02
      vertex 90.7647 10.5262 3
      vertex 90.7647 10.5262 1.02
    endloop
  endfacet
  facet normal 0.982627 0.185593 0
    outer loop
      vertex 90.8214 10.226 3
      vertex 90.7647 10.5262 1.02
      vertex 90.7647 10.5262 3
    endloop
  endfacet
  facet normal 0.982627 0.185593 0
    outer loop
      vertex 90.7647 10.5262 1.02
      vertex 90.8214 10.226 3
      vertex 90.8214 10.226 1.02
    endloop
  endfacet
  facet normal 0.984236 -0.176858 0
    outer loop
      vertex 90.7652 9.91324 3
      vertex 90.8214 10.226 1.02
      vertex 90.8214 10.226 3
    endloop
  endfacet
  facet normal 0.984236 -0.176858 0
    outer loop
      vertex 90.8214 10.226 1.02
      vertex 90.7652 9.91324 3
      vertex 90.7652 9.91324 1.02
    endloop
  endfacet
  facet normal 0.811304 -0.584624 0
    outer loop
      vertex 90.5964 9.67899 3
      vertex 90.7652 9.91324 1.02
      vertex 90.7652 9.91324 3
    endloop
  endfacet
  facet normal 0.811304 -0.584624 0
    outer loop
      vertex 90.7652 9.91324 1.02
      vertex 90.5964 9.67899 3
      vertex 90.5964 9.67899 1.02
    endloop
  endfacet
  facet normal 0.475577 -0.879674 0
    outer loop
      vertex 90.3259 9.53275 1.02
      vertex 90.5964 9.67899 3
      vertex 90.3259 9.53275 3
    endloop
  endfacet
  facet normal 0.475577 -0.879674 0
    outer loop
      vertex 90.5964 9.67899 3
      vertex 90.3259 9.53275 1.02
      vertex 90.5964 9.67899 1.02
    endloop
  endfacet
  facet normal 0.13295 -0.991123 0
    outer loop
      vertex 89.9624 9.48399 1.02
      vertex 90.3259 9.53275 3
      vertex 89.9624 9.48399 3
    endloop
  endfacet
  facet normal 0.13295 -0.991123 0
    outer loop
      vertex 90.3259 9.53275 3
      vertex 89.9624 9.48399 1.02
      vertex 90.3259 9.53275 1.02
    endloop
  endfacet
  facet normal 0 -1 0
    outer loop
      vertex 88.7084 9.48399 1.02
      vertex 89.9624 9.48399 3
      vertex 88.7084 9.48399 3
    endloop
  endfacet
  facet normal 0 -1 -0
    outer loop
      vertex 89.9624 9.48399 3
      vertex 88.7084 9.48399 1.02
      vertex 89.9624 9.48399 1.02
    endloop
  endfacet
  facet normal 0 -1 0
    outer loop
      vertex 92.6264 7.924 1.02
      vertex 94.5624 7.924 3
      vertex 92.6264 7.924 3
    endloop
  endfacet
  facet normal 0 -1 -0
    outer loop
      vertex 94.5624 7.924 3
      vertex 92.6264 7.924 1.02
      vertex 94.5624 7.924 1.02
    endloop
  endfacet
  facet normal -1 0 0
    outer loop
      vertex 92.6264 7.924 1.02
      vertex 92.6264 11.34 3
      vertex 92.6264 11.34 1.02
    endloop
  endfacet
  facet normal -1 -0 0
    outer loop
      vertex 92.6264 11.34 3
      vertex 92.6264 7.924 1.02
      vertex 92.6264 7.924 3
    endloop
  endfacet
  facet normal 0 -1 0
    outer loop
      vertex 92.1074 11.34 1.02
      vertex 92.6264 11.34 3
      vertex 92.1074 11.34 3
    endloop
  endfacet
  facet normal 0 -1 -0
    outer loop
      vertex 92.6264 11.34 3
      vertex 92.1074 11.34 1.02
      vertex 92.6264 11.34 1.02
    endloop
  endfacet
  facet normal 1 -0 0
    outer loop
      vertex 92.1074 7.5 3
      vertex 92.1074 11.34 1.02
      vertex 92.1074 11.34 3
    endloop
  endfacet
  facet normal 1 0 0
    outer loop
      vertex 92.1074 11.34 1.02
      vertex 92.1074 7.5 3
      vertex 92.1074 7.5 1.02
    endloop
  endfacet
  facet normal 0 1 -0
    outer loop
      vertex 94.5624 7.5 1.02
      vertex 92.1074 7.5 3
      vertex 94.5624 7.5 3
    endloop
  endfacet
  facet normal 0 1 0
    outer loop
      vertex 92.1074 7.5 3
      vertex 94.5624 7.5 1.02
      vertex 92.1074 7.5 1.02
    endloop
  endfacet
  facet normal -1 0 0
    outer loop
      vertex 94.5624 7.5 1.02
      vertex 94.5624 7.924 3
      vertex 94.5624 7.924 1.02
    endloop
  endfacet
  facet normal -1 -0 0
    outer loop
      vertex 94.5624 7.924 3
      vertex 94.5624 7.5 1.02
      vertex 94.5624 7.5 3
    endloop
  endfacet
  facet normal 0 -1 0
    outer loop
      vertex 95.176 8.07599 1.02
      vertex 95.707 8.07599 3
      vertex 95.176 8.07599 3
    endloop
  endfacet
  facet normal 0 -1 -0
    outer loop
      vertex 95.707 8.07599 3
      vertex 95.176 8.07599 1.02
      vertex 95.707 8.07599 1.02
    endloop
  endfacet
  facet normal 1 -0 0
    outer loop
      vertex 95.176 7.5 3
      vertex 95.176 8.07599 1.02
      vertex 95.176 8.07599 3
    endloop
  endfacet
  facet normal 1 0 0
    outer loop
      vertex 95.176 8.07599 1.02
      vertex 95.176 7.5 3
      vertex 95.176 7.5 1.02
    endloop
  endfacet
  facet normal 0 1 -0
    outer loop
      vertex 95.707 7.5 1.02
      vertex 95.176 7.5 3
      vertex 95.707 7.5 3
    endloop
  endfacet
  facet normal 0 1 0
    outer loop
      vertex 95.176 7.5 3
      vertex 95.707 7.5 1.02
      vertex 95.176 7.5 1.02
    endloop
  endfacet
  facet normal -1 0 0
    outer loop
      vertex 95.707 7.5 1.02
      vertex 95.707 8.07599 3
      vertex 95.707 8.07599 1.02
    endloop
  endfacet
  facet normal -1 -0 0
    outer loop
      vertex 95.707 8.07599 3
      vertex 95.707 7.5 1.02
      vertex 95.707 7.5 3
    endloop
  endfacet
endsolid OpenSCAD_Model
