; generated by PrusaSlicer 2.3.0+win64 on 2021-04-27 at 14:52:27 UTC

; 

; external perimeters extrusion width = 0.45mm
; perimeters extrusion width = 0.45mm
; infill extrusion width = 0.45mm
; solid infill extrusion width = 0.45mm
; top infill extrusion width = 0.40mm
; support material extrusion width = 0.35mm
; first layer extrusion width = 0.42mm

M201 X2000 Y2000 Z500 E4000 ; sets maximum accelerations, mm/sec^2
M203 X400 Y400 Z12 E120 ; sets maximum feedrates, mm/sec
M204 P1500 R1500 T1500 ; sets acceleration (P, T) and retract acceleration (R), mm/sec^2
M205 X10.00 Y10.00 Z0.20 E2.50 ; sets the jerk limits, mm/sec
M205 S0 T0 ; sets the minimum extruding and travel feed rate, mm/sec
M104 S200 ; set temperature
;TYPE:Custom
G28 ; home all axes
G1 Z5 F5000 ; lift nozzle
M109 S200 ; set temperature and wait for it to be reached
G21 ; set units to millimeters
G90 ; use absolute coordinates
M82 ; use absolute distances for extrusion
G92 E0
; Filament gcode
M106 S89.25
;LAYER_CHANGE
;Z:0.32
;HEIGHT:0.32
G1 Z0.320 F7800.000
G1 E-2.00000 F2400.000
G92 E0
G1 X70.537 Y60.057 F7800.000
G1 E2.00000 F2400.000
;TYPE:Skirt
;WIDTH:0.42
G1 F1200.000
G1 X71.737 Y59.082 E2.07228
G1 X72.505 Y58.670 E2.11299
G1 X73.328 Y58.367 E2.15399
G1 X74.185 Y58.179 E2.19500
G1 X75.053 Y58.111 E2.23571
G1 X174.888 Y58.111 E6.90208
G1 X176.089 Y58.226 E6.95845
G1 X177.246 Y58.565 E7.01483
G1 X178.319 Y59.117 E7.07120
G1 X179.267 Y59.862 E7.12757
G1 X180.058 Y60.772 E7.18394
G1 X180.662 Y61.816 E7.24031
G1 X181.058 Y62.955 E7.29669
G1 X181.232 Y64.149 E7.35306
G1 X181.232 Y121.001 E10.01036
G1 X180.976 Y122.507 E10.08177
G1 X180.370 Y123.903 E10.15290
G1 X179.446 Y125.119 E10.22432
G1 X178.263 Y126.077 E10.29545
G1 X177.495 Y126.488 E10.33616
G1 X176.672 Y126.791 E10.37716
G1 X175.815 Y126.979 E10.41816
G1 X174.947 Y127.047 E10.45887
G1 X74.993 Y127.046 E15.13077
G1 X73.438 Y126.823 E15.20421
G1 X71.985 Y126.224 E15.27765
G1 X70.724 Y125.288 E15.35109
G1 X69.731 Y124.070 E15.42453
G1 X69.322 Y123.308 E15.46495
G1 X69.021 Y122.497 E15.50537
G1 X68.833 Y121.653 E15.54579
G1 X68.761 Y120.798 E15.58592
G1 X68.763 Y64.263 E18.22839
G1 X69.001 Y62.729 E18.30096
G1 X69.605 Y61.298 E18.37353
G1 X70.501 Y60.105 E18.44330
G1 E16.44330 F2400.000
G92 E0
G1 X90.544 Y65.524 F7800.000
G1 E2.00000 F2400.000
G1 F1200.000
G1 X91.354 Y65.804 E2.04004
G1 X92.264 Y66.432 E2.09173
G1 X94.333 Y68.733 E2.23636
G1 X95.750 Y71.711 E2.39050
G1 X96.240 Y74.845 E2.53876
G1 X95.766 Y78.233 E2.69867
G1 X94.253 Y81.384 E2.86205
G1 X92.042 Y83.761 E3.01377
G1 X90.570 Y84.666 E3.09455
G1 X90.568 Y100.334 E3.82691
G1 X92.056 Y101.251 E3.90863
G1 X94.296 Y103.679 E4.06302
G1 X95.694 Y106.534 E4.21160
G1 X96.238 Y109.687 E4.36116
G1 X95.849 Y112.945 E4.51452
G1 X94.348 Y116.243 E4.68388
G1 X92.231 Y118.597 E4.83188
G1 X91.169 Y119.285 E4.89100
G1 X90.565 Y119.494 E4.92086
G1 X90.563 Y121.206 E5.00091
G1 X90.324 Y122.300 E5.05321
G1 X89.554 Y123.671 E5.12671
G1 X88.769 Y124.437 E5.17797
G1 X88.104 Y124.899 E5.21585
G1 X86.803 Y125.365 E5.28041
G1 X85.566 Y125.426 E5.33831
G1 X85.270 Y125.457 E5.35221
G1 X82.486 Y125.443 E5.48234
G1 X75.487 Y125.457 E5.80948
G1 X75.190 Y125.425 E5.82344
G1 X73.962 Y125.372 E5.88092
G1 X73.244 Y125.162 E5.91585
G1 X72.556 Y124.842 E5.95131
G1 X71.327 Y123.805 E6.02646
G1 X70.566 Y122.615 E6.09250
G1 X70.197 Y121.184 E6.16158
G1 X70.255 Y63.559 E8.85503
G1 X70.480 Y62.751 E8.89424
G1 X70.830 Y61.990 E8.93338
G1 X71.876 Y60.740 E9.00955
G1 X73.099 Y59.960 E9.07738
G1 X74.167 Y59.615 E9.12986
G1 X86.388 Y59.585 E9.70104
G1 X87.437 Y59.860 E9.75175
G1 X88.399 Y60.361 E9.80243
G1 X89.416 Y61.280 E9.86650
G1 X90.036 Y62.193 E9.91809
G1 X90.496 Y63.519 E9.98367
G1 X90.543 Y65.464 E10.07460
G1 X90.197 Y65.779 F7800.000
G1 F1200.000
G1 X91.175 Y66.108 E10.12281
G1 X92.047 Y66.710 E10.17234
G1 X94.054 Y68.949 E10.31290
G1 X95.407 Y71.791 E10.46003
G1 X95.889 Y74.823 E10.60351
G1 X95.437 Y78.107 E10.75844
G1 X93.977 Y81.165 E10.91682
G1 X91.802 Y83.503 E11.06613
G1 X90.218 Y84.468 E11.15278
G1 X90.216 Y100.532 E11.90362
G1 X91.815 Y101.508 E11.99116
G1 X94.020 Y103.898 E12.14318
G1 X95.367 Y106.665 E12.28700
G1 X95.887 Y109.721 E12.43188
G1 X95.504 Y112.876 E12.58045
G1 X94.069 Y116.028 E12.74233
G1 X91.986 Y118.344 E12.88795
G1 X90.999 Y118.977 E12.94272
G1 X90.215 Y119.239 E12.98139
G1 X90.211 Y121.188 E13.07245
G1 X90.004 Y122.152 E13.11857
G1 X89.290 Y123.437 E13.18728
G1 X88.535 Y124.175 E13.23663
G1 X87.924 Y124.597 E13.27132
G1 X86.712 Y125.024 E13.33139
G1 X85.540 Y125.076 E13.38622
G1 X85.262 Y125.105 E13.39929
G1 X82.487 Y125.092 E13.52901
G1 X75.496 Y125.105 E13.85574
G1 X75.216 Y125.075 E13.86892
G1 X74.039 Y125.028 E13.92398
G1 X73.356 Y124.829 E13.95724
G1 X72.727 Y124.534 E13.98970
G1 X71.576 Y123.556 E14.06032
G1 X70.878 Y122.451 E14.12137
G1 X70.548 Y121.163 E14.18356
G1 X70.600 Y63.629 E16.87271
G1 X70.806 Y62.885 E16.90883
G1 X71.139 Y62.159 E16.94617
G1 X72.126 Y60.988 E17.01774
G1 X73.267 Y60.269 E17.08075
G1 X74.248 Y59.958 E17.12886
G1 X86.322 Y59.930 E17.69322
G1 X87.293 Y60.181 E17.74009
G1 X88.216 Y60.662 E17.78876
G1 X89.138 Y61.497 E17.84687
G1 X89.712 Y62.331 E17.89421
G1 X90.155 Y63.607 E17.95735
G1 X90.196 Y65.719 E18.05606
G1 X89.850 Y66.035 F7800.000
G1 F1200.000
G1 X90.997 Y66.412 E18.11250
G1 X91.830 Y66.987 E18.15983
G1 X93.775 Y69.164 E18.29630
G1 X95.064 Y71.872 E18.43647
G1 X95.537 Y74.802 E18.57519
G1 X95.108 Y77.981 E18.72512
G1 X93.702 Y80.945 E18.87847
G1 X91.561 Y83.246 E19.02536
G1 X89.867 Y84.269 E19.11786
G1 X89.865 Y100.730 E19.88727
G1 X91.574 Y101.764 E19.98062
G1 X93.744 Y104.117 E20.13025
G1 X95.040 Y106.795 E20.26929
G1 X95.536 Y109.753 E20.40949
G1 X95.159 Y112.806 E20.55327
G1 X93.790 Y115.814 E20.70773
G1 X91.776 Y118.061 E20.84879
G1 X90.829 Y118.668 E20.90136
G1 X89.864 Y118.983 E20.94882
G1 X89.860 Y121.169 E21.05098
G1 X89.683 Y122.007 E21.09099
G1 X89.025 Y123.204 E21.15486
G1 X88.300 Y123.913 E21.20225
G1 X87.745 Y124.293 E21.23371
G1 X86.622 Y124.684 E21.28928
G1 X85.514 Y124.725 E21.34110
G1 X85.253 Y124.754 E21.35338
G1 X82.487 Y124.741 E21.48266
G1 X75.506 Y124.754 E21.80896
G1 X75.242 Y124.724 E21.82139
G1 X74.115 Y124.685 E21.87409
G1 X73.492 Y124.505 E21.90439
G1 X72.898 Y124.226 E21.93507
G1 X71.825 Y123.307 E22.00109
G1 X71.190 Y122.289 E22.05715
G1 X70.899 Y121.141 E22.11252
G1 X70.945 Y63.700 E24.79735
G1 X71.140 Y62.992 E24.83169
G1 X71.447 Y62.328 E24.86588
G1 X72.376 Y61.237 E24.93284
G1 X73.432 Y60.580 E24.99101
G1 X74.327 Y60.301 E25.03479
G1 X86.256 Y60.276 E25.59237
G1 X87.185 Y60.516 E25.63722
G1 X88.033 Y60.962 E25.68200
G1 X88.861 Y61.714 E25.73430
G1 X89.388 Y62.470 E25.77735
G1 X89.813 Y63.696 E25.83800
G1 X89.849 Y65.975 E25.94457
G1 X89.501 Y66.293 F7800.000
G1 F1200.000
G1 X90.819 Y66.716 E26.00928
G1 X91.613 Y67.264 E26.05439
G1 X93.496 Y69.379 E26.18675
G1 X94.721 Y71.954 E26.32002
G1 X95.186 Y74.782 E26.45400
G1 X94.779 Y77.856 E26.59893
G1 X93.426 Y80.726 E26.74722
G1 X91.321 Y82.988 E26.89165
G1 X89.516 Y84.070 E26.99001
G1 X89.514 Y100.930 E27.77806
G1 X91.333 Y102.021 E27.87722
G1 X93.468 Y104.336 E28.02442
G1 X94.712 Y106.924 E28.15865
G1 X95.185 Y109.785 E28.29418
G1 X94.814 Y112.736 E28.43318
G1 X93.510 Y115.600 E28.58027
G1 X91.566 Y117.779 E28.71675
G1 X90.659 Y118.360 E28.76709
G1 X89.787 Y118.638 E28.80989
G1 X89.513 Y118.664 E28.82275
G1 X89.509 Y121.151 E28.93903
G1 X89.362 Y121.863 E28.97299
G1 X88.761 Y122.972 E29.03195
G1 X88.066 Y123.650 E29.07734
G1 X87.568 Y123.989 E29.10551
G1 X86.534 Y124.343 E29.15655
G1 X85.489 Y124.374 E29.20544
G1 X85.244 Y124.403 E29.21697
G1 X82.488 Y124.389 E29.34580
G1 X75.516 Y124.403 E29.67165
G1 X75.267 Y124.373 E29.68335
G1 X74.191 Y124.341 E29.73369
G1 X73.603 Y124.171 E29.76228
G1 X73.070 Y123.919 E29.78985
G1 X72.076 Y123.060 E29.85126
G1 X71.504 Y122.129 E29.90233
G1 X71.251 Y121.120 E29.95096
G1 X71.290 Y63.770 E32.63154
G1 X71.465 Y63.126 E32.66273
G1 X71.756 Y62.498 E32.69507
G1 X72.624 Y61.487 E32.75734
G1 X73.596 Y60.891 E32.81064
G1 X74.404 Y60.645 E32.85012
G1 X86.191 Y60.622 E33.40109
G1 X87.040 Y60.837 E33.44200
G1 X87.849 Y61.263 E33.48474
G1 X88.586 Y61.933 E33.53130
G1 X89.064 Y62.609 E33.57000
G1 X89.472 Y63.784 E33.62812
G1 X89.500 Y66.233 E33.74263
G1 X89.152 Y66.665 F7800.000
G1 F1200.000
G1 X89.591 Y66.687 E33.76321
G1 X90.686 Y67.042 E33.81699
G1 X91.365 Y67.513 E33.85565
G1 X93.190 Y69.554 E33.98360
G1 X94.379 Y72.036 E34.11226
G1 X94.834 Y74.763 E34.24148
G1 X94.449 Y77.732 E34.38142
G1 X93.150 Y80.507 E34.52461
G1 X91.081 Y82.730 E34.66656
G1 X89.164 Y83.869 E34.77077
G1 X89.162 Y101.130 E35.57754
G1 X91.092 Y102.278 E35.68250
G1 X93.192 Y104.555 E35.82726
G1 X94.384 Y107.053 E35.95663
G1 X94.835 Y109.816 E36.08750
G1 X94.469 Y112.664 E36.22173
G1 X93.230 Y115.386 E36.36151
G1 X91.354 Y117.497 E36.49349
G1 X90.530 Y118.032 E36.53944
G1 X89.706 Y118.295 E36.57986
G1 X89.162 Y118.322 E36.60530
G1 X89.157 Y121.134 E36.73674
G1 X89.039 Y121.721 E36.76474
G1 X88.495 Y122.740 E36.81873
G1 X87.832 Y123.388 E36.86206
G1 X87.392 Y123.684 E36.88688
G1 X86.449 Y124.001 E36.93337
G1 X85.464 Y124.023 E36.97942
G1 X85.234 Y124.051 E36.99024
G1 X82.488 Y124.038 E37.11859
G1 X75.527 Y124.051 E37.44397
G1 X75.293 Y124.023 E37.45496
G1 X74.265 Y123.997 E37.50303
G1 X73.740 Y123.847 E37.52855
G1 X73.243 Y123.612 E37.55427
G1 X72.329 Y122.814 E37.61099
G1 X71.819 Y121.970 E37.65705
G1 X71.602 Y121.099 E37.69904
G1 X71.635 Y63.840 E40.37537
G1 X71.800 Y63.233 E40.40475
G1 X72.064 Y62.670 E40.43383
G1 X72.870 Y61.739 E40.49139
G1 X73.757 Y61.204 E40.53981
G1 X74.479 Y60.988 E40.57504
G1 X86.127 Y60.968 E41.11943
G1 X86.933 Y61.172 E41.15831
G1 X87.664 Y61.562 E41.19704
G1 X88.312 Y62.153 E41.23805
G1 X88.741 Y62.749 E41.27235
G1 X89.131 Y63.871 E41.32788
G1 X89.151 Y66.605 E41.45569
G1 X88.803 Y67.013 F7800.000
G1 F1200.000
G1 X89.509 Y67.029 E41.48872
G1 X90.551 Y67.367 E41.53992
G1 X91.146 Y67.788 E41.57396
G1 X92.884 Y69.728 E41.69571
G1 X94.051 Y72.165 E41.82202
G1 X94.483 Y74.794 E41.94654
G1 X94.104 Y77.659 E42.08160
G1 X92.844 Y80.332 E42.21973
G1 X90.842 Y82.472 E42.35669
G1 X88.813 Y83.668 E42.46679
G1 X88.811 Y101.331 E43.29235
G1 X90.851 Y102.536 E43.40310
G1 X92.915 Y104.773 E43.54539
G1 X94.056 Y107.180 E43.66988
G1 X94.484 Y109.846 E43.79609
G1 X94.124 Y112.592 E43.92554
G1 X92.921 Y115.216 E44.06043
G1 X91.108 Y117.246 E44.18765
G1 X90.400 Y117.705 E44.22708
G1 X89.624 Y117.953 E44.26520
G1 X88.811 Y117.978 E44.30318
G1 X88.806 Y121.115 E44.44978
G1 X88.700 Y121.625 E44.47413
G1 X88.231 Y122.508 E44.52087
G1 X87.599 Y123.125 E44.56215
G1 X87.218 Y123.378 E44.58354
G1 X86.366 Y123.659 E44.62547
G1 X85.439 Y123.672 E44.66879
G1 X85.224 Y123.700 E44.67894
G1 X82.489 Y123.687 E44.80677
G1 X75.538 Y123.700 E45.13164
G1 X75.319 Y123.672 E45.14195
G1 X74.338 Y123.652 E45.18785
G1 X73.877 Y123.523 E45.21023
G1 X73.415 Y123.305 E45.23406
G1 X72.583 Y122.569 E45.28601
G1 X72.134 Y121.814 E45.32705
G1 X71.953 Y121.078 E45.36250
G1 X71.980 Y63.908 E48.03465
G1 X72.125 Y63.368 E48.06081
G1 X72.371 Y62.841 E48.08797
G1 X73.115 Y61.992 E48.14074
G1 X73.916 Y61.518 E48.18424
G1 X74.553 Y61.333 E48.21525
G1 X86.064 Y61.314 E48.75327
G1 X86.787 Y61.493 E48.78810
G1 X87.478 Y61.861 E48.82470
G1 X88.060 Y62.398 E48.86171
G1 X88.441 Y62.932 E48.89236
G1 X88.780 Y63.903 E48.94042
G1 X88.802 Y66.953 E49.08298
G1 X88.454 Y67.363 F7800.000
G1 F1200.000
G1 X89.430 Y67.373 E49.12859
G1 X90.373 Y67.671 E49.17482
G1 X90.899 Y68.039 E49.20481
G1 X92.579 Y69.903 E49.32213
G1 X93.709 Y72.247 E49.44375
G1 X94.132 Y74.825 E49.56585
G1 X93.760 Y77.584 E49.69599
G1 X92.539 Y80.156 E49.82905
G1 X90.604 Y82.212 E49.96101
G1 X88.462 Y83.466 E50.07704
G1 X88.460 Y101.532 E50.92146
G1 X90.611 Y102.793 E51.03800
G1 X92.639 Y104.991 E51.17779
G1 X93.727 Y107.307 E51.29739
G1 X94.132 Y109.826 E51.41662
G1 X93.779 Y112.520 E51.54363
G1 X92.614 Y115.044 E51.67357
G1 X90.863 Y116.994 E51.79606
G1 X90.271 Y117.377 E51.82900
G1 X89.542 Y117.610 E51.86479
G1 X88.461 Y117.632 E51.91534
G1 X88.455 Y121.095 E52.07720
G1 X88.362 Y121.527 E52.09785
G1 X87.965 Y122.275 E52.13743
G1 X87.366 Y122.861 E52.17661
G1 X87.046 Y123.071 E52.19450
G1 X86.285 Y123.316 E52.23186
G1 X85.414 Y123.321 E52.27255
G1 X85.212 Y123.348 E52.28208
G1 X82.489 Y123.335 E52.40936
G1 X75.550 Y123.348 E52.73370
G1 X75.346 Y123.321 E52.74334
G1 X74.408 Y123.307 E52.78717
G1 X74.012 Y123.199 E52.80636
G1 X73.589 Y122.999 E52.82824
G1 X72.838 Y122.327 E52.87532
G1 X72.451 Y121.661 E52.91134
G1 X72.305 Y121.057 E52.94037
G1 X72.325 Y63.977 E55.60833
G1 X72.460 Y63.475 E55.63266
G1 X72.678 Y63.015 E55.65643
G1 X73.358 Y62.247 E55.70437
G1 X74.072 Y61.834 E55.74293
G1 X74.625 Y61.677 E55.76978
G1 X86.001 Y61.661 E56.30150
G1 X86.681 Y61.828 E56.33425
G1 X87.290 Y62.159 E56.36663
G1 X87.807 Y62.643 E56.39976
G1 X88.119 Y63.075 E56.42467
G1 X88.428 Y63.936 E56.46743
G1 X88.454 Y67.303 E56.62482
G1 X88.105 Y67.716 F7800.000
G1 F1200.000
G1 X89.353 Y67.716 E56.68314
G1 X90.197 Y67.976 E56.72440
G1 X90.653 Y68.290 E56.75028
G1 X92.274 Y70.079 E56.86310
G1 X93.381 Y72.377 E56.98232
G1 X93.781 Y74.855 E57.09964
G1 X93.416 Y77.509 E57.22488
G1 X92.234 Y79.979 E57.35286
G1 X90.367 Y81.952 E57.47984
G1 X88.385 Y83.104 E57.58696
G1 X88.111 Y83.192 E57.60044
G1 X88.108 Y101.808 E58.47057
G1 X88.385 Y101.896 E58.48416
G1 X90.371 Y103.051 E58.59156
G1 X92.333 Y105.166 E58.72638
G1 X93.384 Y107.388 E58.84125
G1 X93.781 Y109.856 E58.95810
G1 X93.434 Y112.447 E59.08027
G1 X92.307 Y114.872 E59.20527
G1 X90.617 Y116.741 E59.32304
G1 X90.142 Y117.050 E59.34953
G1 X89.461 Y117.267 E59.38296
G1 X88.110 Y117.284 E59.44610
G1 X88.103 Y121.075 E59.62329
G1 X88.025 Y121.427 E59.64018
G1 X87.700 Y122.043 E59.67273
G1 X87.134 Y122.597 E59.70974
G1 X86.877 Y122.762 E59.72402
G1 X86.207 Y122.972 E59.75682
G1 X85.389 Y122.970 E59.79504
G1 X85.200 Y122.997 E59.80399
G1 X82.490 Y122.984 E59.93067
G1 X75.563 Y122.997 E60.25442
G1 X75.373 Y122.969 E60.26341
G1 X74.477 Y122.962 E60.30531
G1 X74.148 Y122.874 E60.32122
G1 X73.763 Y122.692 E60.34110
G1 X73.096 Y122.087 E60.38320
G1 X72.769 Y121.510 E60.41419
G1 X72.656 Y121.037 E60.43693
G1 X72.671 Y64.044 E63.10082
G1 X72.785 Y63.610 E63.12182
G1 X72.984 Y63.189 E63.14359
G1 X73.599 Y62.505 E63.18659
G1 X74.224 Y62.151 E63.22016
G1 X74.694 Y62.022 E63.24292
G1 X85.940 Y62.007 E63.76857
G1 X86.534 Y62.148 E63.79712
G1 X87.101 Y62.456 E63.82727
G1 X87.554 Y62.886 E63.85645
G1 X87.799 Y63.222 E63.87587
G1 X88.077 Y63.971 E63.91321
G1 X88.105 Y67.656 E64.08549
G1 X87.757 Y68.068 F7800.000
G1 F1200.000
G1 X89.327 Y68.068 E64.15888
G1 X90.022 Y68.282 E64.19289
G1 X90.408 Y68.543 E64.21466
G1 X91.969 Y70.256 E64.32296
G1 X93.038 Y72.458 E64.43742
G1 X93.430 Y74.884 E64.55228
G1 X93.072 Y77.433 E64.67256
G1 X91.930 Y79.801 E64.79547
G1 X90.130 Y81.691 E64.91745
G1 X88.231 Y82.788 E65.01995
G1 X87.759 Y82.923 E65.04288
G1 X87.757 Y102.077 E65.93813
G1 X88.231 Y102.212 E65.96117
G1 X90.133 Y103.310 E66.06382
G1 X92.027 Y105.342 E66.19364
G1 X93.056 Y107.515 E66.30604
G1 X93.430 Y109.885 E66.41817
G1 X93.090 Y112.372 E66.53552
G1 X92.000 Y114.698 E66.65558
G1 X90.373 Y116.488 E66.76864
G1 X90.013 Y116.722 E66.78872
G1 X89.380 Y116.924 E66.81977
G1 X87.759 Y116.933 E66.89552
G1 X87.752 Y121.053 E67.08808
G1 X87.688 Y121.325 E67.10114
G1 X87.434 Y121.812 E67.12680
G1 X86.902 Y122.332 E67.16158
G1 X86.709 Y122.453 E67.17222
G1 X86.181 Y122.621 E67.19815
G1 X85.361 Y122.618 E67.23645
G1 X85.188 Y122.646 E67.24464
G1 X83.883 Y122.633 E67.30565
G1 X83.794 Y122.646 E67.30986
G1 X82.489 Y122.633 E67.37083
G1 X81.185 Y122.646 E67.43180
G1 X81.084 Y122.631 E67.43657
G1 X80.983 Y122.646 E67.44133
G1 X79.679 Y122.633 E67.50231
G1 X78.374 Y122.646 E67.56328
G1 X78.285 Y122.633 E67.56748
G1 X75.575 Y122.646 E67.69418
G1 X75.402 Y122.618 E67.70238
G1 X74.542 Y122.616 E67.74255
G1 X74.282 Y122.549 E67.75510
G1 X73.938 Y122.386 E67.77289
G1 X73.357 Y121.850 E67.80988
G1 X73.089 Y121.363 E67.83583
G1 X73.007 Y121.017 E67.85246
G1 X73.017 Y64.109 E70.51236
G1 X73.110 Y63.744 E70.52999
G1 X73.290 Y63.363 E70.54967
G1 X73.838 Y62.764 E70.58761
G1 X74.373 Y62.470 E70.61616
G1 X74.761 Y62.368 E70.63489
G1 X85.883 Y62.354 E71.15474
G1 X86.389 Y62.469 E71.17901
G1 X86.912 Y62.753 E71.20682
G1 X87.299 Y63.129 E71.23203
G1 X87.481 Y63.373 E71.24627
G1 X87.726 Y64.006 E71.27802
G1 X87.756 Y68.008 E71.46505
G1 X87.407 Y68.419 F7800.000
G1 F1200.000
G1 X89.300 Y68.419 E71.55357
G1 X89.850 Y68.589 E71.58046
G1 X90.163 Y68.797 E71.59803
G1 X91.692 Y70.473 E71.70408
G1 X92.711 Y72.587 E71.81376
G1 X93.079 Y74.913 E71.92382
G1 X92.728 Y77.355 E72.03915
G1 X91.626 Y79.623 E72.15701
G1 X89.933 Y81.399 E72.27171
G1 X88.076 Y82.471 E72.37191
G1 X87.408 Y82.652 E72.40425
G1 X87.406 Y102.348 E73.32487
G1 X88.076 Y102.529 E73.35733
G1 X89.934 Y103.602 E73.45763
G1 X91.722 Y105.517 E73.58008
G1 X92.713 Y107.595 E73.68769
G1 X93.079 Y109.913 E73.79739
G1 X92.746 Y112.297 E73.90986
G1 X91.694 Y114.524 E74.02499
G1 X90.129 Y116.234 E74.13337
G1 X89.883 Y116.395 E74.14707
G1 X89.300 Y116.581 E74.17571
G1 X87.408 Y116.581 E74.26412
G1 X87.405 Y120.999 E74.47063
G1 X87.365 Y121.185 E74.47952
G1 X87.137 Y121.623 E74.50259
G1 X86.675 Y122.063 E74.53239
G1 X86.545 Y122.142 E74.53951
G1 X86.153 Y122.269 E74.55878
G1 X85.330 Y122.267 E74.59724
G1 X85.171 Y122.294 E74.60480
G1 X84.015 Y122.294 E74.65884
G1 X83.895 Y122.273 E74.66453
G1 X83.775 Y122.294 E74.67022
G1 X82.609 Y122.294 E74.72470
G1 X82.489 Y122.273 E74.73039
G1 X82.370 Y122.294 E74.73608
G1 X81.204 Y122.294 E74.79056
G1 X81.084 Y122.273 E74.79625
G1 X80.964 Y122.294 E74.80194
G1 X79.799 Y122.294 E74.85642
G1 X79.679 Y122.273 E74.86211
G1 X79.559 Y122.294 E74.86780
G1 X78.393 Y122.294 E74.92228
G1 X78.274 Y122.273 E74.92797
G1 X78.154 Y122.294 E74.93366
G1 X76.988 Y122.294 E74.98814
G1 X76.868 Y122.273 E74.99383
G1 X76.748 Y122.294 E74.99952
G1 X75.592 Y122.294 E75.05357
G1 X75.432 Y122.267 E75.06116
G1 X74.604 Y122.270 E75.09986
G1 X74.415 Y122.223 E75.10894
G1 X74.114 Y122.081 E75.12452
G1 X73.620 Y121.615 E75.15624
G1 X73.410 Y121.220 E75.17716
G1 X73.359 Y120.997 E75.18786
G1 X73.363 Y64.172 E77.84390
G1 X73.436 Y63.878 E77.85809
G1 X73.596 Y63.539 E77.87561
G1 X74.073 Y63.026 E77.90834
G1 X74.517 Y62.791 E77.93180
G1 X74.824 Y62.714 E77.94663
G1 X76.080 Y62.710 E78.00530
G1 X76.162 Y62.727 E78.00925
G1 X76.285 Y62.706 E78.01510
G1 X77.451 Y62.706 E78.06958
G1 X77.571 Y62.727 E78.07527
G1 X77.691 Y62.706 E78.08096
G1 X78.856 Y62.706 E78.13544
G1 X78.976 Y62.727 E78.14113
G1 X79.096 Y62.706 E78.14682
G1 X80.262 Y62.706 E78.20130
G1 X80.381 Y62.727 E78.20699
G1 X80.501 Y62.706 E78.21268
G1 X81.667 Y62.706 E78.26716
G1 X81.787 Y62.727 E78.27285
G1 X81.907 Y62.706 E78.27854
G1 X83.072 Y62.706 E78.33302
G1 X83.192 Y62.727 E78.33871
G1 X83.312 Y62.706 E78.34440
G1 X84.478 Y62.706 E78.39888
G1 X84.597 Y62.727 E78.40457
G1 X84.717 Y62.706 E78.41026
G1 X85.864 Y62.706 E78.46384
G1 X86.247 Y62.791 E78.48219
G1 X86.686 Y63.023 E78.50540
G1 X87.043 Y63.370 E78.52868
G1 X87.183 Y63.560 E78.53971
G1 X87.386 Y64.100 E78.56667
G1 X87.406 Y68.359 E78.76575
G1 X87.057 Y68.770 F7800.000
G1 F1200.000
G1 X89.271 Y68.770 E78.86926
G1 X89.715 Y68.914 E78.89105
G1 X89.947 Y69.074 E78.90421
G1 X91.387 Y70.650 E79.00400
G1 X92.368 Y72.669 E79.10894
G1 X92.727 Y74.890 E79.21407
G1 X92.384 Y77.278 E79.32684
G1 X91.322 Y79.444 E79.43960
G1 X89.735 Y81.108 E79.54708
G1 X87.922 Y82.155 E79.64494
G1 X87.057 Y82.378 E79.68671
G1 X87.054 Y102.621 E80.63291
G1 X87.922 Y102.845 E80.67479
G1 X89.736 Y103.893 E80.77269
G1 X91.445 Y105.736 E80.89020
G1 X92.385 Y107.722 E80.99290
G1 X92.727 Y109.892 E81.09556
G1 X92.416 Y112.172 E81.20314
G1 X91.416 Y114.307 E81.31330
G1 X89.887 Y115.978 E81.41923
G1 X89.716 Y116.085 E81.42863
G1 X89.271 Y116.230 E81.45048
G1 X87.057 Y116.230 E81.55399
G1 X87.053 Y120.977 E81.77588
G1 X87.028 Y121.083 E81.78099
G1 X86.872 Y121.390 E81.79706
G1 X86.416 Y121.814 E81.82618
G1 X86.073 Y121.926 E81.84305
G1 X85.298 Y121.915 E81.87928
G1 X85.152 Y121.943 E81.88622
G1 X84.037 Y121.943 E81.93837
G1 X83.895 Y121.912 E81.94515
G1 X83.753 Y121.943 E81.95194
G1 X82.631 Y121.943 E82.00436
G1 X82.489 Y121.912 E82.01114
G1 X82.348 Y121.943 E82.01793
G1 X81.226 Y121.943 E82.07035
G1 X81.084 Y121.912 E82.07714
G1 X80.942 Y121.943 E82.08392
G1 X79.821 Y121.943 E82.13634
G1 X79.679 Y121.912 E82.14313
G1 X79.537 Y121.943 E82.14991
G1 X78.415 Y121.943 E82.20233
G1 X78.274 Y121.912 E82.20912
G1 X78.132 Y121.943 E82.21590
G1 X77.010 Y121.943 E82.26833
G1 X76.868 Y121.912 E82.27511
G1 X76.726 Y121.943 E82.28189
G1 X75.611 Y121.943 E82.33404
G1 X75.465 Y121.915 E82.34096
G1 X74.660 Y121.923 E82.37860
G1 X74.547 Y121.897 E82.38403
G1 X74.291 Y121.776 E82.39725
G1 X73.887 Y121.386 E82.42351
G1 X73.736 Y121.086 E82.43922
G1 X73.706 Y120.945 E82.44594
G1 X73.714 Y64.195 E85.09849
G1 X73.760 Y64.013 E85.10725
G1 X73.902 Y63.713 E85.12276
G1 X74.264 Y63.323 E85.14764
G1 X74.660 Y63.113 E85.16859
G1 X74.883 Y63.061 E85.17930
G1 X76.024 Y63.057 E85.23262
G1 X76.166 Y63.088 E85.23939
G1 X76.307 Y63.057 E85.24617
G1 X77.429 Y63.057 E85.29860
G1 X77.571 Y63.088 E85.30538
G1 X77.713 Y63.057 E85.31217
G1 X78.834 Y63.057 E85.36459
G1 X78.976 Y63.088 E85.37137
G1 X79.118 Y63.057 E85.37816
G1 X80.240 Y63.057 E85.43058
G1 X80.381 Y63.088 E85.43736
G1 X80.523 Y63.057 E85.44415
G1 X81.645 Y63.057 E85.49657
G1 X81.787 Y63.088 E85.50336
G1 X81.929 Y63.057 E85.51014
G1 X83.050 Y63.057 E85.56256
G1 X83.192 Y63.088 E85.56935
G1 X83.334 Y63.057 E85.57613
G1 X84.456 Y63.057 E85.62855
G1 X84.597 Y63.088 E85.63534
G1 X84.739 Y63.057 E85.64212
G1 X85.845 Y63.057 E85.69382
G1 X86.104 Y63.113 E85.70621
G1 X86.497 Y63.321 E85.72698
G1 X86.783 Y63.607 E85.74590
G1 X86.885 Y63.748 E85.75401
G1 X87.035 Y64.135 E85.77341
G1 X87.057 Y68.710 E85.98729
G1 X86.706 Y69.122 F7800.000
G1 F1200.000
G1 X89.241 Y69.122 E86.10576
G1 X89.575 Y69.237 E86.12231
G1 X89.700 Y69.325 E86.12944
G1 X91.111 Y70.868 E86.22717
G1 X92.025 Y72.751 E86.32500
G1 X92.376 Y74.919 E86.42768
G1 X92.056 Y77.149 E86.53297
G1 X91.049 Y79.222 E86.64071
G1 X89.537 Y80.816 E86.74338
G1 X87.768 Y81.838 E86.83886
G1 X86.705 Y82.102 E86.89005
G1 X86.703 Y102.897 E87.86204
G1 X87.768 Y103.162 E87.91335
G1 X89.537 Y104.184 E88.00883
G1 X91.140 Y105.911 E88.11899
G1 X92.042 Y107.802 E88.21691
G1 X92.376 Y109.921 E88.31714
G1 X92.072 Y112.097 E88.41984
G1 X91.110 Y114.132 E88.52506
G1 X89.674 Y115.698 E88.62439
G1 X89.577 Y115.762 E88.62980
G1 X89.241 Y115.878 E88.64646
G1 X86.705 Y115.878 E88.76495
G1 X86.705 Y120.928 E89.00099
G1 X86.604 Y121.160 E89.01279
G1 X86.244 Y121.503 E89.03606
G1 X86.044 Y121.574 E89.04596
G1 X85.259 Y121.563 E89.08267
G1 X85.130 Y121.592 E89.08884
G1 X84.064 Y121.592 E89.13869
G1 X83.895 Y121.547 E89.14686
G1 X83.726 Y121.592 E89.15503
G1 X82.658 Y121.592 E89.20493
G1 X82.489 Y121.547 E89.21310
G1 X82.321 Y121.592 E89.22127
G1 X81.253 Y121.592 E89.27116
G1 X81.084 Y121.547 E89.27933
G1 X80.915 Y121.592 E89.28750
G1 X79.848 Y121.592 E89.33740
G1 X79.679 Y121.547 E89.34557
G1 X79.510 Y121.592 E89.35374
G1 X78.442 Y121.592 E89.40363
G1 X78.274 Y121.547 E89.41180
G1 X78.105 Y121.592 E89.41997
G1 X77.037 Y121.592 E89.46986
G1 X76.868 Y121.547 E89.47803
G1 X76.699 Y121.592 E89.48620
G1 X75.633 Y121.592 E89.53606
G1 X75.504 Y121.563 E89.54223
G1 X74.674 Y121.568 E89.58102
G1 X74.470 Y121.472 E89.59157
G1 X74.160 Y121.162 E89.61208
G1 X74.057 Y120.928 E89.62398
G1 X74.061 Y64.254 E92.27299
G1 X74.087 Y64.145 E92.27823
G1 X74.207 Y63.890 E92.29141
G1 X74.495 Y63.589 E92.31087
G1 X74.794 Y63.438 E92.32655
G1 X74.935 Y63.408 E92.33328
G1 X75.997 Y63.408 E92.38289
G1 X76.166 Y63.453 E92.39106
G1 X76.334 Y63.408 E92.39923
G1 X77.402 Y63.408 E92.44912
G1 X77.571 Y63.453 E92.45729
G1 X77.740 Y63.408 E92.46546
G1 X78.807 Y63.408 E92.51536
G1 X78.976 Y63.453 E92.52353
G1 X79.145 Y63.408 E92.53170
G1 X80.213 Y63.408 E92.58159
G1 X80.381 Y63.453 E92.58976
G1 X80.550 Y63.408 E92.59793
G1 X81.618 Y63.408 E92.64782
G1 X81.787 Y63.453 E92.65599
G1 X81.956 Y63.408 E92.66416
G1 X83.023 Y63.408 E92.71406
G1 X83.192 Y63.453 E92.72223
G1 X83.361 Y63.408 E92.73040
G1 X84.428 Y63.408 E92.78029
G1 X84.597 Y63.453 E92.78846
G1 X84.766 Y63.408 E92.79663
G1 X85.828 Y63.408 E92.84624
G1 X85.969 Y63.438 E92.85297
G1 X86.270 Y63.590 E92.86875
G1 X86.524 Y63.844 E92.88552
G1 X86.584 Y63.929 E92.89041
G1 X86.695 Y64.227 E92.90527
G1 X86.706 Y69.062 E93.13124
G1 E91.13124 F2400.000
G92 E0
G1 X81.787 Y63.826 F7800.000
G1 E2.00000 F2400.000
G1 F1200.000
G1 X81.989 Y63.760 E2.00996
G1 X82.990 Y63.760 E2.05673
G1 X83.192 Y63.826 E2.06669
G1 X83.394 Y63.760 E2.07665
G1 X84.395 Y63.760 E2.12342
G1 X84.597 Y63.826 E2.13338
G1 X84.800 Y63.760 E2.14334
G1 X85.811 Y63.760 E2.19062
G1 X86.045 Y63.862 E2.20252
G1 X86.261 Y64.079 E2.21686
G1 X86.354 Y64.316 E2.22875
G1 X86.354 Y69.473 E2.46982
G1 X89.206 Y69.473 E2.60313
G1 X89.427 Y69.556 E2.61416
G1 X90.834 Y71.086 E2.71129
G1 X91.698 Y72.879 E2.80433
G1 X92.025 Y74.947 E2.90220
G1 X91.713 Y77.071 E3.00252
G1 X90.774 Y79.001 E3.10283
G1 X89.339 Y80.525 E3.20068
G1 X87.615 Y81.520 E3.29374
G1 X86.354 Y81.824 E3.35436
G1 X86.352 Y103.175 E4.35232
G1 X87.615 Y103.480 E4.41306
G1 X89.339 Y104.475 E4.50610
G1 X90.834 Y106.087 E4.60888
G1 X91.713 Y107.930 E4.70434
G1 X92.025 Y109.948 E4.79977
G1 X91.728 Y112.020 E4.89760
G1 X90.805 Y113.957 E4.99789
G1 X89.453 Y115.425 E5.09118
G1 X89.206 Y115.527 E5.10366
G1 X86.354 Y115.527 E5.23697
G1 X86.354 Y120.876 E5.48700
G1 X86.327 Y120.941 E5.49026
G1 X86.072 Y121.196 E5.50713
G1 X86.009 Y121.222 E5.51034
G1 X85.209 Y121.211 E5.54770
G1 X85.102 Y121.240 E5.55291
G1 X84.097 Y121.240 E5.59989
G1 X83.895 Y121.174 E5.60985
G1 X83.692 Y121.240 E5.61980
G1 X82.692 Y121.240 E5.66658
G1 X82.489 Y121.174 E5.67654
G1 X82.287 Y121.240 E5.68649
G1 X81.286 Y121.240 E5.73327
G1 X81.084 Y121.174 E5.74323
G1 X80.882 Y121.240 E5.75318
G1 X79.881 Y121.240 E5.79996
G1 X79.679 Y121.174 E5.80992
G1 X79.477 Y121.240 E5.81987
G1 X78.476 Y121.240 E5.86665
G1 X78.274 Y121.174 E5.87661
G1 X78.071 Y121.240 E5.88656
G1 X77.070 Y121.240 E5.93334
G1 X76.868 Y121.174 E5.94330
G1 X76.666 Y121.240 E5.95325
G1 X75.661 Y121.240 E6.00023
G1 X75.553 Y121.211 E6.00544
G1 X74.754 Y121.222 E6.04280
G1 X74.691 Y121.196 E6.04601
G1 X74.436 Y120.941 E6.06288
G1 X74.409 Y120.876 E6.06615
G1 X74.409 Y64.302 E8.71045
G1 X74.511 Y64.069 E8.72235
G1 X74.718 Y63.862 E8.73607
G1 X74.952 Y63.760 E8.74796
G1 X75.963 Y63.760 E8.79525
G1 X76.166 Y63.826 E8.80521
G1 X76.368 Y63.760 E8.81516
G1 X77.369 Y63.760 E8.86194
G1 X77.571 Y63.826 E8.87190
G1 X77.773 Y63.760 E8.88185
G1 X78.774 Y63.760 E8.92863
G1 X78.976 Y63.826 E8.93859
G1 X79.178 Y63.760 E8.94854
G1 X80.179 Y63.760 E8.99532
G1 X80.381 Y63.826 E9.00528
G1 X80.584 Y63.760 E9.01523
G1 X81.584 Y63.760 E9.06201
G1 X81.730 Y63.808 E9.06916
G1 X81.787 Y64.317 F7800.000
G1 F1200.000
G1 X81.966 Y64.138 E9.08100
G1 X82.030 Y64.111 E9.08426
G1 X82.949 Y64.111 E9.12718
G1 X83.013 Y64.138 E9.13044
G1 X83.192 Y64.317 E9.14228
G1 X83.371 Y64.138 E9.15411
G1 X83.436 Y64.111 E9.15738
G1 X84.354 Y64.111 E9.20029
G1 X84.418 Y64.138 E9.20356
G1 X84.597 Y64.317 E9.21539
G1 X84.776 Y64.138 E9.22722
G1 X84.841 Y64.111 E9.23049
G1 X85.759 Y64.111 E9.27340
G1 X85.824 Y64.138 E9.27667
G1 X85.976 Y64.290 E9.28674
G1 X86.003 Y64.355 E9.29001
G1 X86.003 Y69.824 E9.54567
G1 X89.165 Y69.824 E9.69349
G1 X89.232 Y69.854 E9.69690
G1 X90.529 Y71.262 E9.78638
G1 X91.370 Y73.008 E9.87696
G1 X91.674 Y74.974 E9.96994
G1 X91.369 Y76.992 E10.06533
G1 X90.500 Y78.781 E10.15829
G1 X89.141 Y80.234 E10.25129
G1 X87.462 Y81.203 E10.34188
G1 X86.003 Y81.545 E10.41194
G1 X86.000 Y103.455 E11.43602
G1 X87.462 Y103.797 E11.50621
G1 X89.140 Y104.766 E11.59679
G1 X90.529 Y106.262 E11.69219
G1 X91.385 Y108.058 E11.78517
G1 X91.674 Y109.974 E11.87575
G1 X91.385 Y111.943 E11.96875
G1 X90.529 Y113.738 E12.06173
G1 X89.232 Y115.146 E12.15120
G1 X89.165 Y115.176 E12.15461
G1 X86.003 Y115.176 E12.30243
G1 X86.003 Y120.768 E12.56384
G1 X85.900 Y120.871 E12.57064
G1 X85.403 Y120.871 E12.59387
G1 X85.257 Y120.726 E12.60349
G1 X85.121 Y120.862 E12.61250
G1 X85.056 Y120.889 E12.61577
G1 X84.138 Y120.889 E12.65868
G1 X84.074 Y120.862 E12.66195
G1 X83.895 Y120.683 E12.67378
G1 X83.716 Y120.862 E12.68562
G1 X83.651 Y120.889 E12.68888
G1 X82.733 Y120.889 E12.73180
G1 X82.668 Y120.862 E12.73506
G1 X82.489 Y120.683 E12.74690
G1 X82.310 Y120.862 E12.75873
G1 X82.246 Y120.889 E12.76200
G1 X81.328 Y120.889 E12.80491
G1 X81.263 Y120.862 E12.80818
G1 X81.084 Y120.683 E12.82001
G1 X80.905 Y120.862 E12.83184
G1 X80.841 Y120.889 E12.83511
G1 X79.922 Y120.889 E12.87803
G1 X79.858 Y120.862 E12.88129
G1 X79.679 Y120.683 E12.89313
G1 X79.500 Y120.862 E12.90496
G1 X79.435 Y120.889 E12.90822
G1 X78.517 Y120.889 E12.95114
G1 X78.453 Y120.862 E12.95441
G1 X78.274 Y120.683 E12.96624
G1 X78.094 Y120.862 E12.97807
G1 X78.030 Y120.889 E12.98134
G1 X77.112 Y120.889 E13.02425
G1 X77.047 Y120.862 E13.02752
G1 X76.868 Y120.683 E13.03935
G1 X76.689 Y120.862 E13.05119
G1 X76.625 Y120.889 E13.05445
G1 X75.706 Y120.889 E13.09737
G1 X75.642 Y120.862 E13.10063
G1 X75.506 Y120.726 E13.10965
G1 X75.360 Y120.871 E13.11926
G1 X74.863 Y120.871 E13.14250
G1 X74.760 Y120.768 E13.14930
G1 X74.760 Y64.355 E15.78613
G1 X74.787 Y64.290 E15.78939
G1 X74.939 Y64.138 E15.79947
G1 X75.004 Y64.111 E15.80273
G1 X75.922 Y64.111 E15.84565
G1 X75.987 Y64.138 E15.84891
G1 X76.166 Y64.317 E15.86075
G1 X76.345 Y64.138 E15.87258
G1 X76.409 Y64.111 E15.87585
G1 X77.327 Y64.111 E15.91876
G1 X77.392 Y64.138 E15.92203
G1 X77.571 Y64.317 E15.93386
G1 X77.750 Y64.138 E15.94569
G1 X77.814 Y64.111 E15.94896
G1 X78.733 Y64.111 E15.99188
G1 X78.797 Y64.138 E15.99514
G1 X78.976 Y64.317 E16.00698
G1 X79.155 Y64.138 E16.01881
G1 X79.220 Y64.111 E16.02208
G1 X80.138 Y64.111 E16.06499
G1 X80.202 Y64.138 E16.06826
G1 X80.381 Y64.317 E16.08009
G1 X80.560 Y64.138 E16.09192
G1 X80.625 Y64.111 E16.09519
G1 X81.543 Y64.111 E16.13810
G1 X81.608 Y64.138 E16.14137
G1 X81.744 Y64.274 E16.15040
G1 E14.15040 F2400.000
G92 E0
G1 X159.436 Y119.493 F7800.000
G1 E2.00000 F2400.000
G1 F1200.000
G1 X158.337 Y118.959 E2.05710
G1 X156.750 Y117.635 E2.15370
G1 X154.934 Y115.004 E2.30316
G1 X153.915 Y111.870 E2.45719
G1 X153.885 Y108.319 E2.62314
G1 X154.959 Y104.944 E2.78870
G1 X156.914 Y102.190 E2.94658
G1 X159.134 Y100.411 E3.07955
G1 X159.430 Y100.262 E3.09501
G1 X159.430 Y84.737 E3.82066
G1 X159.134 Y84.589 E3.83613
G1 X156.913 Y82.809 E3.96916
G1 X154.957 Y80.051 E4.12723
G1 X153.868 Y76.561 E4.29809
G1 X153.942 Y72.967 E4.46610
G1 X154.934 Y69.995 E4.61257
G1 X156.686 Y67.435 E4.75757
G1 X158.337 Y66.041 E4.85857
G1 X159.446 Y65.502 E4.91620
G1 X159.482 Y63.649 E5.00279
G1 X159.820 Y62.500 E5.05880
G1 X160.510 Y61.362 E5.12099
G1 X161.460 Y60.462 E5.18215
G1 X162.590 Y59.849 E5.24225
G1 X163.918 Y59.550 E5.30588
G1 X175.714 Y59.598 E5.85721
G1 X176.917 Y59.966 E5.91602
G1 X178.200 Y60.805 E5.98768
G1 X179.180 Y62.009 E6.06022
G1 X179.540 Y62.808 E6.10120
G1 X179.757 Y63.636 E6.14119
G1 X179.799 Y121.230 E8.83321
G1 X179.431 Y122.620 E8.90042
G1 X178.673 Y123.805 E8.96618
G1 X177.444 Y124.842 E9.04133
G1 X176.756 Y125.162 E9.07677
G1 X175.997 Y125.378 E9.11368
G1 X174.810 Y125.425 E9.16922
G1 X174.507 Y125.457 E9.18341
G1 X171.732 Y125.443 E9.31313
G1 X170.358 Y125.457 E9.37735
G1 X170.060 Y125.426 E9.39137
G1 X169.594 Y125.457 E9.41319
G1 X166.812 Y125.443 E9.54321
G1 X165.304 Y125.457 E9.61374
G1 X163.736 Y125.437 E9.68702
G1 X162.022 Y124.898 E9.77100
G1 X161.220 Y124.343 E9.81658
G1 X160.465 Y123.585 E9.86659
G1 X159.699 Y122.193 E9.94088
G1 X159.438 Y121.001 E9.99788
G1 X159.436 Y119.553 E10.06555
G1 X159.787 Y119.231 F7800.000
G1 F1200.000
G1 X159.582 Y119.173 E10.07548
G1 X158.545 Y118.675 E10.12925
G1 X156.994 Y117.381 E10.22368
G1 X155.237 Y114.826 E10.36860
G1 X154.266 Y111.839 E10.51541
G1 X154.229 Y108.399 E10.67621
G1 X155.286 Y105.077 E10.83915
G1 X157.186 Y102.414 E10.99206
G1 X159.336 Y100.699 E11.12062
G1 X159.781 Y100.486 E11.14368
G1 X159.781 Y84.514 E11.89026
G1 X159.336 Y84.301 E11.91334
G1 X157.185 Y82.585 E12.04195
G1 X155.283 Y79.918 E12.19503
G1 X154.220 Y76.539 E12.36063
G1 X154.284 Y73.052 E12.52362
G1 X155.238 Y70.173 E12.66540
G1 X156.962 Y67.653 E12.80811
G1 X158.545 Y66.324 E12.90472
G1 X159.582 Y65.827 E12.95845
G1 X159.793 Y65.768 E12.96871
G1 X159.826 Y63.724 E13.06429
G1 X160.134 Y62.660 E13.11603
G1 X160.771 Y61.599 E13.17389
G1 X161.648 Y60.759 E13.23066
G1 X162.736 Y60.170 E13.28847
G1 X163.974 Y59.898 E13.34773
G1 X175.638 Y59.942 E13.89290
G1 X176.748 Y60.275 E13.94709
G1 X177.946 Y61.049 E14.01378
G1 X178.870 Y62.175 E14.08185
G1 X179.204 Y62.911 E14.11964
G1 X179.411 Y63.703 E14.15786
G1 X179.447 Y121.208 E16.84570
G1 X179.120 Y122.456 E16.90602
G1 X178.424 Y123.556 E16.96683
G1 X177.273 Y124.534 E17.03745
G1 X176.644 Y124.829 E17.06991
G1 X175.961 Y125.028 E17.10317
G1 X174.784 Y125.075 E17.15825
G1 X174.499 Y125.105 E17.17162
G1 X171.731 Y125.092 E17.30098
G1 X170.366 Y125.106 E17.36483
G1 X170.085 Y125.076 E17.37803
G1 X169.856 Y125.076 E17.38873
G1 X169.582 Y125.105 E17.40160
G1 X166.812 Y125.092 E17.53109
G1 X165.306 Y125.105 E17.60146
G1 X163.766 Y125.086 E17.67346
G1 X162.199 Y124.593 E17.75024
G1 X161.457 Y124.084 E17.79231
G1 X160.732 Y123.355 E17.84036
G1 X160.019 Y122.047 E17.90997
G1 X159.790 Y120.982 E17.96089
G1 X159.787 Y119.291 E18.03997
G1 X160.137 Y118.946 F7800.000
G1 F1200.000
G1 X159.712 Y118.846 E18.06039
G1 X158.753 Y118.391 E18.11002
G1 X157.237 Y117.127 E18.20225
G1 X155.542 Y114.648 E18.34263
G1 X154.617 Y111.809 E18.48222
G1 X154.580 Y108.424 E18.64044
G1 X155.612 Y105.211 E18.79818
G1 X157.424 Y102.673 E18.94391
G1 X159.538 Y100.987 E19.07029
G1 X160.133 Y100.713 E19.10092
G1 X160.133 Y84.287 E19.86865
G1 X159.537 Y84.012 E19.89929
G1 X157.423 Y82.326 E20.02573
G1 X155.610 Y79.786 E20.17159
G1 X154.571 Y76.516 E20.33196
G1 X154.626 Y73.137 E20.48988
G1 X155.564 Y70.307 E20.62923
G1 X157.238 Y67.872 E20.76734
G1 X158.753 Y66.609 E20.85955
G1 X159.712 Y66.154 E20.90918
G1 X160.141 Y66.053 E20.92979
G1 X160.171 Y63.797 E21.03525
G1 X160.448 Y62.819 E21.08274
G1 X161.031 Y61.836 E21.13617
G1 X161.873 Y61.030 E21.19067
G1 X162.879 Y60.492 E21.24397
G1 X164.028 Y60.245 E21.29889
G1 X175.563 Y60.286 E21.83806
G1 X176.581 Y60.585 E21.88765
G1 X177.694 Y61.295 E21.94935
G1 X178.560 Y62.342 E22.01287
G1 X178.878 Y63.043 E22.04882
G1 X179.065 Y63.769 E22.08387
G1 X179.096 Y121.186 E24.76759
G1 X178.807 Y122.293 E24.82109
G1 X178.175 Y123.307 E24.87694
G1 X177.102 Y124.226 E24.94297
G1 X176.508 Y124.505 E24.97364
G1 X175.885 Y124.685 E25.00395
G1 X174.758 Y124.724 E25.05665
G1 X174.490 Y124.754 E25.06924
G1 X171.731 Y124.741 E25.19823
G1 X170.373 Y124.754 E25.26169
G1 X170.105 Y124.724 E25.27431
G1 X169.836 Y124.724 E25.28689
G1 X169.573 Y124.754 E25.29923
G1 X166.811 Y124.741 E25.42833
G1 X165.309 Y124.754 E25.49856
G1 X163.796 Y124.735 E25.56927
G1 X162.375 Y124.288 E25.63888
G1 X161.694 Y123.824 E25.67742
G1 X160.999 Y123.126 E25.72347
G1 X160.341 Y121.903 E25.78835
G1 X160.141 Y120.964 E25.83326
G1 X160.137 Y119.006 E25.92474
G1 X160.488 Y118.662 F7800.000
G1 F1200.000
G1 X159.842 Y118.519 E25.95568
G1 X158.959 Y118.106 E26.00125
G1 X157.513 Y116.908 E26.08903
G1 X155.868 Y114.515 E26.22473
G1 X154.959 Y111.726 E26.36187
G1 X154.932 Y108.450 E26.51500
G1 X155.938 Y105.345 E26.66754
G1 X157.662 Y102.933 E26.80612
G1 X159.739 Y101.276 E26.93030
G1 X160.484 Y100.941 E26.96849
G1 X160.484 Y84.059 E27.75757
G1 X159.739 Y83.723 E27.79577
G1 X157.661 Y82.066 E27.92000
G1 X155.936 Y79.652 E28.05868
G1 X154.923 Y76.492 E28.21381
G1 X154.968 Y73.221 E28.36668
G1 X155.868 Y70.485 E28.50128
G1 X157.513 Y68.092 E28.63706
G1 X158.959 Y66.894 E28.72481
G1 X159.842 Y66.481 E28.77038
G1 X160.490 Y66.337 E28.80141
G1 X160.515 Y63.868 E28.91684
G1 X160.763 Y62.976 E28.96008
G1 X161.293 Y62.071 E29.00912
G1 X162.061 Y61.328 E29.05907
G1 X163.022 Y60.813 E29.11004
G1 X164.043 Y60.597 E29.15881
G1 X175.490 Y60.630 E29.69384
G1 X176.416 Y60.896 E29.73885
G1 X177.442 Y61.542 E29.79555
G1 X178.251 Y62.510 E29.85451
G1 X178.542 Y63.146 E29.88717
G1 X178.719 Y63.835 E29.92043
G1 X178.745 Y121.164 E32.60004
G1 X178.494 Y122.132 E32.64680
G1 X177.924 Y123.060 E32.69768
G1 X176.930 Y123.919 E32.75910
G1 X176.397 Y124.171 E32.78667
G1 X175.809 Y124.341 E32.81525
G1 X174.732 Y124.373 E32.86560
G1 X174.481 Y124.403 E32.87743
G1 X171.730 Y124.389 E33.00603
G1 X170.381 Y124.403 E33.06906
G1 X170.126 Y124.373 E33.08109
G1 X169.814 Y124.373 E33.09563
G1 X169.564 Y124.403 E33.10743
G1 X166.810 Y124.389 E33.23612
G1 X165.311 Y124.403 E33.30620
G1 X163.826 Y124.384 E33.37562
G1 X162.551 Y123.983 E33.43812
G1 X161.931 Y123.564 E33.47309
G1 X161.266 Y122.897 E33.51710
G1 X160.663 Y121.761 E33.57720
G1 X160.492 Y120.945 E33.61615
G1 X160.488 Y118.722 E33.72006
G1 X160.839 Y118.318 F7800.000
G1 F1200.000
G1 X160.512 Y118.307 E33.73534
G1 X159.972 Y118.192 E33.76115
G1 X159.128 Y117.797 E33.80470
G1 X157.789 Y116.688 E33.88598
G1 X156.172 Y114.337 E34.01934
G1 X155.302 Y111.643 E34.15167
G1 X155.275 Y108.530 E34.29719
G1 X156.240 Y105.526 E34.44466
G1 X157.900 Y103.192 E34.57855
G1 X159.940 Y101.566 E34.70047
G1 X160.835 Y101.171 E34.74622
G1 X160.835 Y83.829 E35.55681
G1 X159.939 Y83.434 E35.60257
G1 X157.899 Y81.807 E35.72454
G1 X156.238 Y79.471 E35.85853
G1 X155.274 Y76.467 E36.00598
G1 X155.311 Y73.305 E36.15378
G1 X156.193 Y70.619 E36.28592
G1 X157.788 Y68.311 E36.41705
G1 X159.128 Y67.203 E36.49833
G1 X159.972 Y66.808 E36.54188
G1 X160.512 Y66.693 E36.56768
G1 X160.839 Y66.682 E36.58298
G1 X160.861 Y63.937 E36.71129
G1 X161.079 Y63.131 E36.75031
G1 X161.556 Y62.306 E36.79485
G1 X162.287 Y61.598 E36.84244
G1 X163.164 Y61.136 E36.88877
G1 X164.059 Y60.948 E36.93149
G1 X175.419 Y60.975 E37.46250
G1 X176.253 Y61.208 E37.50296
G1 X177.192 Y61.790 E37.55462
G1 X177.941 Y62.679 E37.60894
G1 X178.216 Y63.277 E37.63971
G1 X178.374 Y63.900 E37.66972
G1 X178.393 Y121.142 E40.34527
G1 X178.180 Y121.973 E40.38538
G1 X177.671 Y122.814 E40.43130
G1 X176.757 Y123.612 E40.48802
G1 X176.260 Y123.847 E40.51374
G1 X175.735 Y123.997 E40.53926
G1 X174.707 Y124.023 E40.58734
G1 X174.471 Y124.051 E40.59842
G1 X171.729 Y124.038 E40.72660
G1 X170.390 Y124.051 E40.78919
G1 X170.148 Y124.022 E40.80060
G1 X169.792 Y124.022 E40.81720
G1 X169.554 Y124.051 E40.82844
G1 X166.810 Y124.038 E40.95670
G1 X165.314 Y124.051 E41.02662
G1 X163.856 Y124.033 E41.09475
G1 X162.725 Y123.677 E41.15019
G1 X162.167 Y123.303 E41.18157
G1 X161.534 Y122.668 E41.22348
G1 X160.986 Y121.621 E41.27873
G1 X160.844 Y120.927 E41.31181
G1 X160.839 Y118.378 E41.43098
G1 X161.190 Y117.969 F7800.000
G1 F1200.000
G1 X160.564 Y117.959 E41.46023
G1 X160.101 Y117.865 E41.48229
G1 X159.297 Y117.488 E41.52380
G1 X158.064 Y116.469 E41.59861
G1 X156.498 Y114.205 E41.72726
G1 X155.644 Y111.561 E41.85710
G1 X155.626 Y108.556 E41.99757
G1 X156.542 Y105.707 E42.13744
G1 X158.139 Y103.451 E42.26662
G1 X160.140 Y101.855 E42.38626
G1 X161.187 Y101.403 E42.43955
G1 X161.187 Y83.597 E43.27182
G1 X160.140 Y83.145 E43.32512
G1 X158.138 Y81.548 E43.44480
G1 X156.541 Y79.290 E43.57406
G1 X155.618 Y76.388 E43.71644
G1 X155.653 Y73.388 E43.85663
G1 X156.497 Y70.798 E43.98398
G1 X158.064 Y68.531 E44.11277
G1 X159.297 Y67.512 E44.18758
G1 X160.101 Y67.135 E44.22908
G1 X160.564 Y67.041 E44.25114
G1 X161.189 Y67.031 E44.28035
G1 X161.206 Y64.004 E44.42181
G1 X161.396 Y63.284 E44.45664
G1 X161.818 Y62.541 E44.49660
G1 X162.513 Y61.869 E44.54176
G1 X163.303 Y61.459 E44.58339
G1 X164.074 Y61.300 E44.62015
G1 X175.350 Y61.320 E45.14723
G1 X176.092 Y61.522 E45.18318
G1 X176.944 Y62.040 E45.22978
G1 X177.633 Y62.849 E45.27945
G1 X177.879 Y63.380 E45.30679
G1 X178.028 Y63.965 E45.33500
G1 X178.042 Y121.120 E48.00648
G1 X177.865 Y121.816 E48.04006
G1 X177.417 Y122.569 E48.08100
G1 X176.585 Y123.305 E48.13295
G1 X176.123 Y123.523 E48.15678
G1 X175.662 Y123.652 E48.17916
G1 X174.681 Y123.672 E48.22506
G1 X174.461 Y123.700 E48.23543
G1 X171.728 Y123.687 E48.36316
G1 X170.399 Y123.700 E48.42527
G1 X170.171 Y123.670 E48.43603
G1 X169.769 Y123.670 E48.45481
G1 X169.543 Y123.700 E48.46547
G1 X166.809 Y123.687 E48.59325
G1 X165.316 Y123.700 E48.66302
G1 X163.887 Y123.682 E48.72986
G1 X162.898 Y123.370 E48.77830
G1 X162.403 Y123.042 E48.80605
G1 X161.803 Y122.439 E48.84582
G1 X161.310 Y121.483 E48.89614
G1 X161.195 Y120.910 E48.92343
G1 X161.190 Y118.029 E49.05809
G1 X161.540 Y117.620 F7800.000
G1 F1200.000
G1 X160.617 Y117.611 E49.10125
G1 X160.193 Y117.525 E49.12147
G1 X159.468 Y117.181 E49.15899
G1 X158.339 Y116.249 E49.22743
G1 X156.802 Y114.026 E49.35371
G1 X155.987 Y111.480 E49.47869
G1 X155.969 Y108.636 E49.61161
G1 X156.845 Y105.887 E49.74646
G1 X158.378 Y103.710 E49.87090
G1 X160.340 Y102.145 E49.98821
G1 X161.538 Y101.636 E50.04905
G1 X161.538 Y83.364 E50.90312
G1 X160.340 Y82.855 E50.96397
G1 X158.377 Y81.289 E51.08133
G1 X156.843 Y79.110 E51.20585
G1 X155.969 Y76.363 E51.34063
G1 X155.995 Y73.471 E51.47577
G1 X156.823 Y70.931 E51.60063
G1 X158.338 Y68.752 E51.72471
G1 X159.468 Y67.819 E51.79318
G1 X160.193 Y67.475 E51.83070
G1 X160.617 Y67.389 E51.85093
G1 X161.539 Y67.380 E51.89403
G1 X161.552 Y64.070 E52.04877
G1 X161.714 Y63.434 E52.07945
G1 X162.082 Y62.775 E52.11472
G1 X162.738 Y62.140 E52.15738
G1 X163.440 Y61.783 E52.19421
G1 X164.088 Y61.651 E52.22512
G1 X175.283 Y61.666 E52.74840
G1 X175.935 Y61.837 E52.77988
G1 X176.697 Y62.292 E52.82138
G1 X177.325 Y63.020 E52.86630
G1 X177.553 Y63.512 E52.89167
G1 X177.681 Y64.028 E52.91653
G1 X177.691 Y121.099 E55.58404
G1 X177.548 Y121.662 E55.61120
G1 X177.162 Y122.327 E55.64716
G1 X176.411 Y122.999 E55.69424
G1 X175.988 Y123.199 E55.71612
G1 X175.592 Y123.307 E55.73531
G1 X174.654 Y123.321 E55.77914
G1 X174.449 Y123.348 E55.78880
G1 X171.727 Y123.335 E55.91605
G1 X170.409 Y123.348 E55.97765
G1 X170.196 Y123.319 E55.98772
G1 X169.744 Y123.319 E56.00883
G1 X169.531 Y123.348 E56.01886
G1 X166.808 Y123.335 E56.14615
G1 X165.319 Y123.349 E56.21576
G1 X163.917 Y123.331 E56.28130
G1 X163.070 Y123.063 E56.32282
G1 X162.639 Y122.781 E56.34689
G1 X162.071 Y122.211 E56.38450
G1 X161.649 Y121.388 E56.42775
G1 X161.546 Y120.891 E56.45146
G1 X161.540 Y117.680 E56.60156
G1 X161.891 Y117.271 F7800.000
G1 F1200.000
G1 X160.636 Y117.260 E56.66021
G1 X160.322 Y117.198 E56.67521
G1 X159.673 Y116.894 E56.70869
G1 X158.613 Y116.028 E56.77269
G1 X157.129 Y113.894 E56.89416
G1 X156.330 Y111.399 E57.01663
G1 X156.321 Y108.663 E57.14452
G1 X157.148 Y106.066 E57.27187
G1 X158.617 Y103.969 E57.39155
G1 X160.539 Y102.435 E57.50651
G1 X161.889 Y101.871 E57.57490
G1 X161.889 Y83.129 E58.45089
G1 X160.539 Y82.565 E58.51928
G1 X158.616 Y81.030 E58.63429
G1 X157.147 Y78.931 E58.75403
G1 X156.313 Y76.284 E58.88378
G1 X156.338 Y73.554 E59.01139
G1 X157.126 Y71.110 E59.13139
G1 X158.612 Y68.973 E59.25308
G1 X159.673 Y68.106 E59.31709
G1 X160.322 Y67.802 E59.35058
G1 X160.636 Y67.740 E59.36558
G1 X161.890 Y67.729 E59.42418
G1 X161.898 Y64.133 E59.59225
G1 X162.034 Y63.580 E59.61884
G1 X162.346 Y63.008 E59.64930
G1 X162.962 Y62.412 E59.68936
G1 X163.574 Y62.109 E59.72131
G1 X164.103 Y62.003 E59.74650
G1 X175.220 Y62.012 E60.26611
G1 X175.781 Y62.153 E60.29316
G1 X176.453 Y62.546 E60.32953
G1 X177.017 Y63.191 E60.36959
G1 X177.227 Y63.644 E60.39293
G1 X177.335 Y64.090 E60.41439
G1 X177.339 Y121.077 E63.07801
G1 X177.231 Y121.510 E63.09889
G1 X176.904 Y122.087 E63.12988
G1 X176.237 Y122.692 E63.17197
G1 X175.852 Y122.874 E63.19185
G1 X175.523 Y122.962 E63.20777
G1 X174.627 Y122.969 E63.24966
G1 X174.437 Y122.997 E63.25864
G1 X171.726 Y122.984 E63.38535
G1 X170.420 Y122.997 E63.44639
G1 X170.222 Y122.968 E63.45574
G1 X169.717 Y122.968 E63.47935
G1 X169.519 Y122.997 E63.48872
G1 X166.808 Y122.984 E63.61545
G1 X165.321 Y122.997 E63.68492
G1 X163.947 Y122.980 E63.74914
G1 X163.240 Y122.755 E63.78384
G1 X162.874 Y122.519 E63.80418
G1 X162.340 Y121.983 E63.83959
G1 X161.987 Y121.292 E63.87585
G1 X161.897 Y120.871 E63.89593
G1 X161.891 Y117.331 E64.06139
G1 X162.242 Y116.923 F7800.000
G1 F1200.000
G1 X160.655 Y116.909 E64.13556
G1 X160.448 Y116.869 E64.14542
G1 X159.876 Y116.607 E64.17485
G1 X158.887 Y115.806 E64.23432
G1 X157.432 Y113.716 E64.35335
G1 X156.673 Y111.319 E64.47086
G1 X156.672 Y108.690 E64.59374
G1 X157.452 Y106.245 E64.71367
G1 X158.856 Y104.228 E64.82857
G1 X160.739 Y102.726 E64.94115
G1 X162.241 Y102.107 E65.01708
G1 X162.241 Y82.893 E65.91511
G1 X160.739 Y82.274 E65.99105
G1 X158.855 Y80.772 E66.10367
G1 X157.451 Y78.753 E66.21862
G1 X156.664 Y76.258 E66.34088
G1 X156.680 Y73.636 E66.46345
G1 X157.453 Y71.244 E66.58094
G1 X158.886 Y69.195 E66.69781
G1 X159.876 Y68.393 E66.75734
G1 X160.448 Y68.131 E66.78677
G1 X160.655 Y68.091 E66.79663
G1 X162.241 Y68.077 E66.87074
G1 X162.249 Y64.154 E67.05407
G1 X162.355 Y63.724 E67.07478
G1 X162.611 Y63.240 E67.10037
G1 X163.186 Y62.684 E67.13776
G1 X163.667 Y62.448 E67.16283
G1 X164.119 Y62.354 E67.18436
G1 X165.415 Y62.367 E67.24494
G1 X165.504 Y62.354 E67.24918
G1 X175.159 Y62.358 E67.70043
G1 X175.630 Y62.471 E67.72311
G1 X176.211 Y62.802 E67.75431
G1 X176.709 Y63.363 E67.78940
G1 X176.901 Y63.775 E67.81063
G1 X176.988 Y64.150 E67.82863
G1 X176.988 Y121.056 E70.48846
G1 X176.912 Y121.362 E70.50322
G1 X176.643 Y121.850 E70.52923
G1 X176.062 Y122.386 E70.56622
G1 X175.718 Y122.549 E70.58400
G1 X175.458 Y122.616 E70.59656
G1 X174.598 Y122.618 E70.63673
G1 X174.425 Y122.646 E70.64492
G1 X173.120 Y122.633 E70.70594
G1 X173.031 Y122.646 E70.71014
G1 X171.726 Y122.633 E70.77112
G1 X170.433 Y122.646 E70.83158
G1 X170.252 Y122.616 E70.84016
G1 X169.688 Y122.616 E70.86651
G1 X169.507 Y122.646 E70.87508
G1 X168.201 Y122.633 E70.93611
G1 X168.112 Y122.646 E70.94031
G1 X166.808 Y122.633 E71.00128
G1 X165.504 Y122.646 E71.06226
G1 X165.403 Y122.631 E71.06702
G1 X165.300 Y122.646 E71.07185
G1 X163.978 Y122.629 E71.13365
G1 X163.408 Y122.446 E71.16164
G1 X163.109 Y122.257 E71.17820
G1 X162.608 Y121.755 E71.21133
G1 X162.325 Y121.194 E71.24071
G1 X162.249 Y120.851 E71.25711
G1 X162.242 Y116.983 E71.43789
G1 X162.592 Y116.575 F7800.000
G1 F1200.000
G1 X160.672 Y116.558 E71.52765
G1 X160.571 Y116.539 E71.53248
G1 X160.078 Y116.319 E71.55769
G1 X159.127 Y115.549 E71.61490
G1 X157.759 Y113.583 E71.72684
G1 X157.024 Y111.290 E71.83939
G1 X157.015 Y108.769 E71.95722
G1 X157.756 Y106.423 E72.07221
G1 X159.095 Y104.486 E72.18228
G1 X160.938 Y103.016 E72.29244
G1 X162.592 Y102.344 E72.37591
G1 X162.592 Y82.656 E73.29610
G1 X160.938 Y81.983 E73.37957
G1 X159.094 Y80.513 E73.48978
G1 X157.755 Y78.575 E73.59988
G1 X157.008 Y76.180 E73.71718
G1 X157.023 Y73.717 E73.83229
G1 X157.756 Y71.422 E73.94490
G1 X159.126 Y69.452 E74.05706
G1 X160.078 Y68.681 E74.11431
G1 X160.571 Y68.461 E74.13953
G1 X160.672 Y68.442 E74.14436
G1 X162.592 Y68.425 E74.23408
G1 X162.596 Y64.214 E74.43091
G1 X162.677 Y63.868 E74.44753
G1 X162.909 Y63.429 E74.47072
G1 X163.365 Y62.987 E74.50041
G1 X163.801 Y62.773 E74.52312
G1 X164.137 Y62.706 E74.53910
G1 X165.283 Y62.706 E74.59267
G1 X165.403 Y62.727 E74.59836
G1 X165.522 Y62.706 E74.60405
G1 X166.688 Y62.706 E74.65853
G1 X166.808 Y62.727 E74.66422
G1 X166.928 Y62.706 E74.66991
G1 X168.093 Y62.706 E74.72439
G1 X168.213 Y62.727 E74.73008
G1 X168.333 Y62.706 E74.73577
G1 X169.499 Y62.706 E74.79025
G1 X169.619 Y62.727 E74.79594
G1 X169.738 Y62.706 E74.80163
G1 X170.904 Y62.706 E74.85611
G1 X171.024 Y62.727 E74.86180
G1 X171.144 Y62.706 E74.86749
G1 X172.309 Y62.706 E74.92197
G1 X172.429 Y62.727 E74.92766
G1 X172.549 Y62.706 E74.93335
G1 X173.715 Y62.706 E74.98783
G1 X173.834 Y62.727 E74.99351
G1 X173.955 Y62.706 E74.99923
G1 X175.137 Y62.709 E75.05451
G1 X175.483 Y62.791 E75.07110
G1 X175.971 Y63.061 E75.09718
G1 X176.404 Y63.537 E75.12726
G1 X176.564 Y63.878 E75.14484
G1 X176.637 Y64.172 E75.15903
G1 X176.641 Y120.997 E77.81507
G1 X176.590 Y121.220 E77.82577
G1 X176.380 Y121.615 E77.84668
G1 X175.886 Y122.081 E77.87841
G1 X175.585 Y122.223 E77.89399
G1 X175.396 Y122.270 E77.90306
G1 X174.568 Y122.267 E77.94177
G1 X174.408 Y122.294 E77.94936
G1 X173.252 Y122.294 E78.00341
G1 X173.132 Y122.273 E78.00910
G1 X173.012 Y122.294 E78.01479
G1 X171.846 Y122.294 E78.06927
G1 X171.726 Y122.273 E78.07496
G1 X171.607 Y122.294 E78.08065
G1 X170.450 Y122.294 E78.13470
G1 X170.284 Y122.265 E78.14261
G1 X169.656 Y122.265 E78.17194
G1 X169.489 Y122.294 E78.17985
G1 X168.333 Y122.294 E78.23390
G1 X168.213 Y122.273 E78.23959
G1 X168.093 Y122.294 E78.24527
G1 X166.928 Y122.294 E78.29976
G1 X166.808 Y122.273 E78.30544
G1 X166.688 Y122.294 E78.31113
G1 X165.522 Y122.294 E78.36562
G1 X165.403 Y122.273 E78.37130
G1 X165.283 Y122.294 E78.37697
G1 X164.060 Y122.286 E78.43416
G1 X163.538 Y122.118 E78.45979
G1 X163.341 Y121.993 E78.47069
G1 X162.907 Y121.567 E78.49911
G1 X162.662 Y121.091 E78.52418
G1 X162.600 Y120.829 E78.53673
G1 X162.593 Y116.635 E78.73276
G1 X162.943 Y116.227 F7800.000
G1 F1200.000
G1 X160.662 Y116.200 E78.83938
G1 X160.281 Y116.031 E78.85887
G1 X159.367 Y115.291 E78.91383
G1 X158.085 Y113.450 E79.01871
G1 X157.375 Y111.260 E79.12630
G1 X157.359 Y108.847 E79.23908
G1 X158.061 Y106.600 E79.34913
G1 X159.335 Y104.744 E79.45434
G1 X161.136 Y103.307 E79.56205
G1 X162.943 Y102.582 E79.65306
G1 X162.943 Y82.418 E80.59550
G1 X161.136 Y81.693 E80.68651
G1 X159.334 Y80.255 E80.79427
G1 X158.060 Y78.399 E80.89952
G1 X157.359 Y76.154 E81.00944
G1 X157.366 Y73.797 E81.11960
G1 X158.061 Y71.600 E81.22730
G1 X159.367 Y69.709 E81.33472
G1 X160.281 Y68.969 E81.38969
G1 X160.662 Y68.800 E81.40918
G1 X162.943 Y68.773 E81.51580
G1 X162.943 Y64.268 E81.72635
G1 X162.999 Y64.009 E81.73875
G1 X163.206 Y63.618 E81.75945
G1 X163.545 Y63.291 E81.78145
G1 X163.935 Y63.099 E81.80175
G1 X164.153 Y63.057 E81.81214
G1 X165.261 Y63.057 E81.86392
G1 X165.403 Y63.088 E81.87071
G1 X165.544 Y63.057 E81.87749
G1 X166.666 Y63.057 E81.92991
G1 X166.808 Y63.088 E81.93670
G1 X166.950 Y63.057 E81.94348
G1 X168.071 Y63.057 E81.99591
G1 X168.213 Y63.088 E82.00269
G1 X168.355 Y63.057 E82.00947
G1 X169.477 Y63.057 E82.06190
G1 X169.619 Y63.088 E82.06868
G1 X169.760 Y63.057 E82.07546
G1 X170.882 Y63.057 E82.12789
G1 X171.024 Y63.088 E82.13467
G1 X171.166 Y63.057 E82.14146
G1 X172.287 Y63.057 E82.19388
G1 X172.429 Y63.088 E82.20066
G1 X172.571 Y63.057 E82.20745
G1 X173.693 Y63.057 E82.25987
G1 X173.834 Y63.088 E82.26665
G1 X173.976 Y63.057 E82.27343
G1 X175.117 Y63.061 E82.32675
G1 X175.340 Y63.113 E82.33746
G1 X175.736 Y63.323 E82.35840
G1 X176.098 Y63.713 E82.38329
G1 X176.240 Y64.013 E82.39879
G1 X176.286 Y64.195 E82.40756
G1 X176.294 Y120.945 E85.06010
G1 X176.264 Y121.086 E85.06683
G1 X176.113 Y121.386 E85.08254
G1 X175.709 Y121.776 E85.10880
G1 X175.453 Y121.897 E85.12202
G1 X175.340 Y121.923 E85.12744
G1 X174.535 Y121.915 E85.16508
G1 X174.389 Y121.943 E85.17200
G1 X173.274 Y121.943 E85.22415
G1 X173.132 Y121.912 E85.23093
G1 X172.990 Y121.943 E85.23772
G1 X171.868 Y121.943 E85.29014
G1 X171.726 Y121.912 E85.29693
G1 X171.585 Y121.943 E85.30371
G1 X170.469 Y121.943 E85.35585
G1 X170.319 Y121.914 E85.36298
G1 X169.620 Y121.914 E85.39566
G1 X169.471 Y121.943 E85.40278
G1 X168.355 Y121.943 E85.45493
G1 X168.213 Y121.912 E85.46171
G1 X168.071 Y121.943 E85.46850
G1 X166.950 Y121.943 E85.52092
G1 X166.808 Y121.912 E85.52770
G1 X166.666 Y121.943 E85.53449
G1 X165.544 Y121.943 E85.58691
G1 X165.403 Y121.912 E85.59369
G1 X165.261 Y121.943 E85.60048
G1 X164.141 Y121.943 E85.65284
G1 X163.668 Y121.791 E85.67602
G1 X163.575 Y121.731 E85.68122
G1 X163.174 Y121.337 E85.70747
G1 X162.997 Y120.985 E85.72591
G1 X162.951 Y120.805 E85.73458
G1 X162.943 Y116.287 E85.94577
G1 X163.294 Y115.879 F7800.000
G1 F1200.000
G1 X160.750 Y115.856 E86.06469
G1 X160.482 Y115.742 E86.07832
G1 X159.608 Y115.034 E86.13088
G1 X158.389 Y113.272 E86.23105
G1 X157.718 Y111.179 E86.33376
G1 X157.710 Y108.873 E86.44154
G1 X158.366 Y106.776 E86.54425
G1 X159.575 Y105.002 E86.64457
G1 X161.335 Y103.598 E86.74981
G1 X163.295 Y102.821 E86.84836
G1 X163.295 Y82.179 E87.81314
G1 X161.335 Y81.402 E87.91169
G1 X159.574 Y79.997 E88.01698
G1 X158.365 Y78.222 E88.11735
G1 X157.710 Y76.127 E88.21997
G1 X157.710 Y73.876 E88.32519
G1 X158.365 Y71.776 E88.42798
G1 X159.608 Y69.966 E88.53062
G1 X160.482 Y69.258 E88.58318
G1 X160.750 Y69.144 E88.59681
G1 X163.295 Y69.121 E88.71573
G1 X163.295 Y64.286 E88.94174
G1 X163.324 Y64.145 E88.94847
G1 X163.476 Y63.844 E88.96425
G1 X163.730 Y63.590 E88.98103
G1 X164.031 Y63.438 E88.99681
G1 X164.172 Y63.408 E89.00353
G1 X165.234 Y63.408 E89.05314
G1 X165.403 Y63.453 E89.06131
G1 X165.572 Y63.408 E89.06948
G1 X166.639 Y63.408 E89.11938
G1 X166.808 Y63.453 E89.12755
G1 X166.977 Y63.408 E89.13572
G1 X168.044 Y63.408 E89.18561
G1 X168.213 Y63.453 E89.19378
G1 X168.382 Y63.408 E89.20195
G1 X169.450 Y63.408 E89.25184
G1 X169.619 Y63.453 E89.26001
G1 X169.787 Y63.408 E89.26818
G1 X170.855 Y63.408 E89.31808
G1 X171.024 Y63.453 E89.32625
G1 X171.193 Y63.408 E89.33442
G1 X172.260 Y63.408 E89.38431
G1 X172.429 Y63.453 E89.39248
G1 X172.598 Y63.408 E89.40065
G1 X173.666 Y63.408 E89.45055
G1 X173.834 Y63.453 E89.45872
G1 X174.003 Y63.408 E89.46688
G1 X175.065 Y63.408 E89.51650
G1 X175.206 Y63.438 E89.52322
G1 X175.505 Y63.589 E89.53891
G1 X175.793 Y63.890 E89.55837
G1 X175.913 Y64.145 E89.57155
G1 X175.939 Y64.254 E89.57678
G1 X175.937 Y120.958 E92.22718
G1 X175.840 Y121.162 E92.23770
G1 X175.530 Y121.472 E92.25822
G1 X175.295 Y121.574 E92.27020
G1 X174.496 Y121.563 E92.30755
G1 X174.367 Y121.592 E92.31372
G1 X173.301 Y121.592 E92.36357
G1 X173.132 Y121.547 E92.37174
G1 X172.963 Y121.592 E92.37991
G1 X171.895 Y121.592 E92.42980
G1 X171.726 Y121.547 E92.43797
G1 X171.558 Y121.592 E92.44614
G1 X170.491 Y121.592 E92.49599
G1 X170.361 Y121.562 E92.50222
G1 X169.579 Y121.562 E92.53879
G1 X169.449 Y121.592 E92.54502
G1 X168.382 Y121.592 E92.59487
G1 X168.213 Y121.547 E92.60304
G1 X168.044 Y121.592 E92.61121
G1 X166.977 Y121.592 E92.66110
G1 X166.808 Y121.547 E92.66927
G1 X166.639 Y121.592 E92.67744
G1 X165.572 Y121.592 E92.72734
G1 X165.403 Y121.547 E92.73551
G1 X165.234 Y121.592 E92.74368
G1 X164.169 Y121.592 E92.79343
G1 X163.832 Y121.481 E92.81002
G1 X163.444 Y121.110 E92.83510
G1 X163.324 Y120.855 E92.84828
G1 X163.298 Y120.746 E92.85352
G1 X163.294 Y115.939 E93.07822
G1 E91.07822 F2400.000
G92 E0
G1 X168.213 Y121.174 F7800.000
G1 E2.00000 F2400.000
G1 F1200.000
G1 X168.011 Y121.240 E2.00996
G1 X167.010 Y121.240 E2.05673
G1 X166.808 Y121.174 E2.06669
G1 X166.606 Y121.240 E2.07665
G1 X165.605 Y121.240 E2.12342
G1 X165.403 Y121.174 E2.13338
G1 X165.200 Y121.240 E2.14334
G1 X164.202 Y121.240 E2.19001
G1 X164.004 Y121.169 E2.19983
G1 X163.747 Y120.928 E2.21632
G1 X163.646 Y120.698 E2.22808
G1 X163.646 Y115.528 E2.46973
G1 X160.847 Y115.517 E2.60053
G1 X160.681 Y115.451 E2.60890
G1 X159.849 Y114.777 E2.65894
G1 X158.693 Y113.095 E2.75434
G1 X158.062 Y111.099 E2.85217
G1 X158.062 Y108.900 E2.95496
G1 X158.671 Y106.951 E3.05042
G1 X159.815 Y105.260 E3.14584
G1 X161.533 Y103.890 E3.24857
G1 X163.390 Y103.161 E3.34180
G1 X163.646 Y103.123 E3.35390
G1 X163.646 Y81.877 E4.34692
G1 X163.390 Y81.839 E4.35902
G1 X161.533 Y81.110 E4.45225
G1 X159.814 Y79.739 E4.55503
G1 X158.670 Y78.047 E4.65049
G1 X158.061 Y76.099 E4.74590
G1 X158.053 Y73.953 E4.84620
G1 X158.671 Y71.952 E4.94408
G1 X159.849 Y70.223 E5.04190
G1 X160.681 Y69.549 E5.09191
G1 X160.847 Y69.483 E5.10029
G1 X163.646 Y69.472 E5.23109
G1 X163.646 Y64.302 E5.47274
G1 X163.748 Y64.069 E5.48463
G1 X163.955 Y63.862 E5.49836
G1 X164.189 Y63.760 E5.51025
G1 X165.200 Y63.760 E5.55754
G1 X165.403 Y63.826 E5.56750
G1 X165.605 Y63.760 E5.57745
G1 X166.606 Y63.760 E5.62423
G1 X166.808 Y63.826 E5.63418
G1 X167.010 Y63.760 E5.64414
G1 X168.011 Y63.760 E5.69092
G1 X168.213 Y63.826 E5.70087
G1 X168.416 Y63.760 E5.71083
G1 X169.416 Y63.760 E5.75761
G1 X169.619 Y63.826 E5.76756
G1 X169.821 Y63.760 E5.77752
G1 X170.822 Y63.760 E5.82430
G1 X171.024 Y63.826 E5.83425
G1 X171.226 Y63.760 E5.84421
G1 X172.227 Y63.760 E5.89099
G1 X172.429 Y63.826 E5.90094
G1 X172.631 Y63.760 E5.91090
G1 X173.632 Y63.760 E5.95768
G1 X173.834 Y63.826 E5.96763
G1 X174.037 Y63.760 E5.97759
G1 X175.048 Y63.760 E6.02488
G1 X175.282 Y63.862 E6.03677
G1 X175.489 Y64.069 E6.05049
G1 X175.591 Y64.302 E6.06239
G1 X175.591 Y120.876 E8.70670
G1 X175.564 Y120.941 E8.70996
G1 X175.309 Y121.196 E8.72683
G1 X175.246 Y121.222 E8.73004
G1 X174.447 Y121.211 E8.76740
G1 X174.339 Y121.240 E8.77261
G1 X173.334 Y121.240 E8.81959
G1 X173.132 Y121.174 E8.82955
G1 X172.930 Y121.240 E8.83950
G1 X171.929 Y121.240 E8.88628
G1 X171.726 Y121.174 E8.89623
G1 X171.524 Y121.240 E8.90619
G1 X170.519 Y121.240 E8.95317
G1 X170.413 Y121.211 E8.95832
G1 X169.527 Y121.211 E8.99974
G1 X169.421 Y121.240 E9.00489
G1 X168.416 Y121.240 E9.05187
G1 X168.270 Y121.192 E9.05902
G1 E7.05902 F2400.000
G92 E0
G1 X171.024 Y64.317 F7800.000
G1 E2.00000 F2400.000
G1 F1200.000
G1 X171.203 Y64.138 E2.01183
G1 X171.267 Y64.111 E2.01510
G1 X172.186 Y64.111 E2.05801
G1 X172.250 Y64.138 E2.06128
G1 X172.429 Y64.317 E2.07311
G1 X172.608 Y64.138 E2.08495
G1 X172.673 Y64.111 E2.08821
G1 X173.591 Y64.111 E2.13113
G1 X173.655 Y64.138 E2.13440
G1 X173.834 Y64.317 E2.14623
G1 X174.013 Y64.138 E2.15806
G1 X174.078 Y64.111 E2.16133
G1 X174.996 Y64.111 E2.20424
G1 X175.061 Y64.138 E2.20751
G1 X175.213 Y64.290 E2.21758
G1 X175.240 Y64.355 E2.22085
G1 X175.240 Y120.768 E4.85768
G1 X175.137 Y120.871 E4.86448
G1 X174.640 Y120.871 E4.88771
G1 X174.494 Y120.726 E4.89733
G1 X174.358 Y120.862 E4.90634
G1 X174.294 Y120.889 E4.90961
G1 X173.375 Y120.889 E4.95252
G1 X173.311 Y120.862 E4.95579
G1 X173.132 Y120.683 E4.96762
G1 X172.953 Y120.862 E4.97946
G1 X172.888 Y120.889 E4.98272
G1 X171.970 Y120.889 E5.02564
G1 X171.906 Y120.862 E5.02890
G1 X171.726 Y120.683 E5.04074
G1 X171.547 Y120.862 E5.05257
G1 X171.483 Y120.889 E5.05584
G1 X170.565 Y120.889 E5.09875
G1 X170.500 Y120.862 E5.10202
G1 X170.364 Y120.726 E5.11103
G1 X170.218 Y120.871 E5.12065
G1 X169.721 Y120.871 E5.14388
G1 X169.576 Y120.726 E5.15349
G1 X169.440 Y120.862 E5.16251
G1 X169.375 Y120.889 E5.16577
G1 X168.457 Y120.889 E5.20869
G1 X168.392 Y120.862 E5.21195
G1 X168.213 Y120.683 E5.22379
G1 X168.034 Y120.862 E5.23562
G1 X167.970 Y120.889 E5.23889
G1 X167.051 Y120.889 E5.28180
G1 X166.987 Y120.862 E5.28507
G1 X166.808 Y120.683 E5.29690
G1 X166.629 Y120.862 E5.30874
G1 X166.564 Y120.889 E5.31200
G1 X165.646 Y120.889 E5.35492
G1 X165.582 Y120.862 E5.35818
G1 X165.403 Y120.683 E5.37002
G1 X165.224 Y120.862 E5.38185
G1 X165.159 Y120.889 E5.38512
G1 X164.241 Y120.889 E5.42803
G1 X164.176 Y120.862 E5.43130
G1 X164.024 Y120.710 E5.44137
G1 X163.997 Y120.645 E5.44464
G1 X163.997 Y115.176 E5.70029
G1 X160.931 Y115.176 E5.84360
G1 X160.876 Y115.156 E5.84636
G1 X160.090 Y114.520 E5.89358
G1 X158.998 Y112.919 E5.98418
G1 X158.405 Y111.020 E6.07716
G1 X158.405 Y108.980 E6.17254
G1 X158.998 Y107.081 E6.26552
G1 X160.090 Y105.480 E6.35609
G1 X161.686 Y104.207 E6.45151
G1 X163.491 Y103.499 E6.54214
G1 X163.997 Y103.450 E6.56591
G1 X163.997 Y81.550 E7.58955
G1 X163.491 Y81.501 E7.61332
G1 X161.686 Y80.793 E7.70395
G1 X160.090 Y79.520 E7.79935
G1 X158.976 Y77.872 E7.89234
G1 X158.405 Y76.020 E7.98292
G1 X158.397 Y74.031 E8.07590
G1 X158.999 Y72.081 E8.17130
G1 X160.090 Y70.479 E8.26188
G1 X160.876 Y69.844 E8.30910
G1 X160.931 Y69.824 E8.31186
G1 X163.997 Y69.824 E8.45516
G1 X163.997 Y64.355 E8.71082
G1 X164.024 Y64.290 E8.71409
G1 X164.176 Y64.138 E8.72416
G1 X164.241 Y64.111 E8.72743
G1 X165.159 Y64.111 E8.77034
G1 X165.224 Y64.138 E8.77361
G1 X165.403 Y64.317 E8.78544
G1 X165.582 Y64.138 E8.79728
G1 X165.646 Y64.111 E8.80054
G1 X166.564 Y64.111 E8.84346
G1 X166.629 Y64.138 E8.84672
G1 X166.808 Y64.317 E8.85856
G1 X166.987 Y64.138 E8.87039
G1 X167.051 Y64.111 E8.87366
G1 X167.970 Y64.111 E8.91657
G1 X168.034 Y64.138 E8.91984
G1 X168.213 Y64.317 E8.93167
G1 X168.392 Y64.138 E8.94350
G1 X168.457 Y64.111 E8.94677
G1 X169.375 Y64.111 E8.98969
G1 X169.440 Y64.138 E8.99295
G1 X169.619 Y64.317 E9.00479
G1 X169.798 Y64.138 E9.01662
G1 X169.862 Y64.111 E9.01989
G1 X170.780 Y64.111 E9.06280
G1 X170.845 Y64.138 E9.06607
G1 X170.981 Y64.274 E9.07510
G1 E7.07510 F2400.000
G92 E0
G1 X164.349 Y69.757 F7800.000
G1 E2.00000 F2400.000
;TYPE:Support material
G1 F1200.000
G1 X164.349 Y64.462 E2.24750
G1 X165.051 Y64.462 E2.28034
G1 X165.051 Y69.599 E2.52045
G1 X165.754 Y69.599 E2.55329
G1 X165.754 Y64.462 E2.79340
G1 X166.457 Y64.462 E2.82624
G1 X166.457 Y69.599 E3.06635
G1 X167.159 Y69.599 E3.09919
G1 X167.159 Y64.462 E3.33930
G1 X167.862 Y64.462 E3.37214
G1 X167.862 Y69.599 E3.61225
G1 X168.565 Y69.599 E3.64509
G1 X168.565 Y64.462 E3.88520
G1 X169.267 Y64.462 E3.91804
G1 X169.267 Y69.623 E4.15926
G1 X169.366 Y69.666 E4.16428
G1 X169.970 Y70.318 E4.20581
G1 X169.970 Y64.462 E4.47948
G1 X170.673 Y64.462 E4.51233
G1 X170.673 Y120.538 E7.13333
G1 X171.375 Y120.538 E7.16617
G1 X171.375 Y64.462 E9.78717
G1 X172.078 Y64.462 E9.82002
G1 X172.078 Y120.538 E12.44102
G1 X172.780 Y120.538 E12.47386
G1 X172.780 Y64.462 E15.09487
G1 X173.483 Y64.462 E15.12771
G1 X173.483 Y120.538 E17.74871
G1 X174.186 Y120.538 E17.78155
G1 X174.186 Y64.462 E20.40256
G1 X174.888 Y64.462 E20.43540
G1 X174.888 Y120.696 E23.06379
G1 X169.970 Y120.696 F7800.000
G1 F1200.000
G1 X169.970 Y114.682 E23.34486
G1 X169.366 Y115.334 E23.38638
G1 X169.267 Y115.377 E23.39140
G1 X169.267 Y120.538 E23.63262
G1 X168.565 Y120.538 E23.66547
G1 X168.565 Y115.401 E23.90557
G1 X167.862 Y115.401 E23.93842
G1 X167.862 Y120.538 E24.17852
G1 X167.159 Y120.538 E24.21136
G1 X167.159 Y115.401 E24.45147
G1 X166.457 Y115.401 E24.48431
G1 X166.457 Y120.538 E24.72442
G1 X165.754 Y120.538 E24.75726
G1 X165.754 Y115.401 E24.99737
G1 X165.051 Y115.401 E25.03021
G1 X165.051 Y120.538 E25.27031
G1 X164.349 Y120.538 E25.30316
G1 X164.349 Y115.243 E25.55065
G1 E23.55065 F2400.000
G92 E0
G1 X169.970 Y105.550 F7800.000
G1 E2.00000 F2400.000
G1 F1200.000
G1 X169.970 Y79.682 E3.20907
G1 X169.267 Y80.421 E3.25670
G1 X169.267 Y104.579 E4.38589
G1 X168.565 Y104.174 E4.42382
G1 X168.565 Y80.826 E5.51509
G1 X167.862 Y81.232 E5.55301
G1 X167.862 Y103.768 E6.60635
G1 X167.549 Y103.587 E6.62324
G1 X167.159 Y103.489 E6.64203
G1 X167.159 Y81.511 E7.66931
G1 X166.457 Y81.671 E7.70300
G1 X166.457 Y103.329 E8.71529
G1 X165.754 Y103.168 E8.74898
G1 X165.754 Y81.832 E9.74628
G1 X165.486 Y81.884 E9.75905
G1 X165.051 Y81.851 E9.77942
G1 X165.051 Y103.149 E10.77490
G1 X164.349 Y103.202 E10.80783
G1 X164.349 Y81.640 E11.81565
G1 E9.81565 F2400.000
G92 E0
G1 X85.651 Y81.693 F7800.000
G1 E2.00000 F2400.000
G1 F1200.000
G1 X85.651 Y103.145 E3.00269
G1 X85.486 Y103.116 E3.01055
G1 X84.949 Y103.157 E3.03572
G1 X84.949 Y81.843 E4.03192
G1 X84.246 Y81.791 E4.06486
G1 X84.246 Y103.209 E5.06598
G1 X83.543 Y103.262 E5.09892
G1 X83.543 Y81.738 E6.10496
G1 X83.435 Y81.721 E6.11008
G1 X82.841 Y81.488 E6.13993
G1 X82.841 Y103.512 E7.16938
G1 X82.138 Y103.788 E7.20466
G1 X82.138 Y81.212 E8.25989
G1 X81.576 Y80.991 E8.28813
G1 X81.435 Y80.891 E8.29619
G1 X81.435 Y104.109 E9.38144
G1 X80.733 Y104.670 E9.42344
G1 X80.733 Y80.330 E10.56107
G1 X80.030 Y79.770 E10.60308
G1 X80.030 Y105.230 E11.79309
G1 X79.921 Y105.328 E11.79996
G1 X79.635 Y105.748 E11.82370
G1 X79.599 Y105.863 E11.82935
G1 X79.599 Y114.137 E12.21604
G1 X79.635 Y114.252 E12.22169
G1 X79.921 Y114.672 E12.24542
G1 X80.030 Y114.770 E12.25229
G1 X80.030 Y120.538 E12.52187
G1 X80.733 Y120.538 E12.55472
G1 X80.733 Y115.330 E12.79810
G1 X80.893 Y115.401 E12.80628
G1 X81.435 Y115.401 E12.83163
G1 X81.435 Y120.538 E13.07174
G1 X82.138 Y120.538 E13.10458
G1 X82.138 Y115.401 E13.34469
G1 X82.841 Y115.401 E13.37753
G1 X82.841 Y120.538 E13.61764
G1 X83.543 Y120.538 E13.65048
G1 X83.543 Y115.401 E13.89058
G1 X84.246 Y115.401 E13.92343
G1 X84.246 Y120.538 E14.16353
G1 X84.949 Y120.538 E14.19638
G1 X84.949 Y115.401 E14.43648
G1 X85.651 Y115.401 E14.46932
G1 X85.651 Y120.696 E14.71682
G1 X75.112 Y120.696 F7800.000
G1 F1200.000
G1 X75.112 Y64.462 E17.34521
G1 X75.814 Y64.462 E17.37805
G1 X75.814 Y120.538 E19.99906
G1 X76.517 Y120.538 E20.03190
G1 X76.517 Y64.462 E22.65290
G1 X77.220 Y64.462 E22.68574
G1 X77.220 Y120.538 E25.30675
G1 X77.922 Y120.538 E25.33959
G1 X77.922 Y64.462 E27.96059
G1 X78.625 Y64.462 E27.99344
G1 X78.625 Y120.538 E30.61444
G1 X79.327 Y120.538 E30.64728
G1 X79.327 Y64.462 E33.26828
G1 X80.030 Y64.462 E33.30113
G1 X80.030 Y70.230 E33.57071
G1 X80.733 Y69.670 E33.61271
G1 X80.733 Y64.462 E33.85610
G1 X81.435 Y64.462 E33.88895
G1 X81.435 Y69.599 E34.12905
G1 X82.138 Y69.599 E34.16190
G1 X82.138 Y64.462 E34.40200
G1 X82.841 Y64.462 E34.43485
G1 X82.841 Y69.599 E34.67495
G1 X83.543 Y69.599 E34.70780
G1 X83.543 Y64.462 E34.94790
G1 X84.246 Y64.462 E34.98075
G1 X84.246 Y69.599 E35.22085
G1 X84.949 Y69.599 E35.25370
G1 X84.949 Y64.462 E35.49380
G1 X85.651 Y64.462 E35.52665
G1 X85.651 Y69.757 E35.77414
G1 E33.77414 F2400.000
G92 E0
G1 X88.950 Y114.590 F7800.000
G1 E2.00000 F2400.000
;TYPE:External perimeter
G1 F1200.000
G1 X81.105 Y114.590 E2.36669
G1 X80.539 Y114.139 E2.40050
G1 X80.410 Y113.950 E2.41121
G1 X80.410 Y106.050 E2.78044
G1 X80.539 Y105.861 E2.79115
G1 X81.957 Y104.730 E2.87594
G1 X83.646 Y104.067 E2.96072
G1 X85.455 Y103.932 E3.04551
G1 X87.223 Y104.335 E3.13029
G1 X88.794 Y105.242 E3.21508
G1 X90.028 Y106.572 E3.29986
G1 X90.815 Y108.206 E3.38465
G1 X91.085 Y110.000 E3.46943
G1 X90.815 Y111.794 E3.55422
G1 X90.028 Y113.428 E3.63901
G1 X88.991 Y114.546 E3.71029
G1 X88.649 Y114.326 F7800.000
G1 X88.797 Y114.239
;TYPE:Perimeter
G1 F1200.000
G1 X81.227 Y114.239 E4.06408
G1 X80.800 Y113.897 E4.08966
G1 X80.761 Y113.841 E4.09283
G1 X80.761 Y106.159 E4.45193
G1 X80.800 Y106.103 E4.45510
G1 X82.135 Y105.038 E4.53493
G1 X83.725 Y104.414 E4.61477
G1 X85.428 Y104.286 E4.69461
G1 X87.093 Y104.666 E4.77444
G1 X88.573 Y105.520 E4.85428
G1 X89.734 Y106.772 E4.93411
G1 X90.475 Y108.311 E5.01395
G1 X90.730 Y110.000 E5.09378
G1 X90.475 Y111.689 E5.17362
G1 X89.734 Y113.228 E5.25345
G1 X88.837 Y114.195 E5.31510
G1 X88.643 Y113.887 F7800.000
G1 F1200.000
G1 X81.350 Y113.887 E5.65597
G1 X81.113 Y113.698 E5.67019
G1 X81.113 Y106.302 E6.01586
G1 X82.313 Y105.345 E6.08760
G1 X83.804 Y104.760 E6.16248
G1 X85.402 Y104.640 E6.23737
G1 X86.964 Y104.997 E6.31225
G1 X88.351 Y105.798 E6.38714
G1 X89.441 Y106.972 E6.46202
G1 X90.136 Y108.416 E6.53691
G1 X90.375 Y110.000 E6.61179
G1 X90.136 Y111.584 E6.68668
G1 X89.441 Y113.028 E6.76156
G1 X88.684 Y113.843 E6.81357
G1 E4.81357 F2400.000
G92 E0
G1 X86.112 Y111.925 F7800.000
G1 E2.00000 F2400.000
;TYPE:External perimeter
G1 F1200.000
G1 X83.888 Y111.925 E2.10392
G1 X82.777 Y110.000 E2.20785
G1 X83.888 Y108.075 E2.31177
G1 X86.112 Y108.075 E2.41569
G1 X87.223 Y110.000 E2.51962
G1 X86.142 Y111.874 E2.62074
G1 X86.112 Y112.325 F7800.000
G1 E0.62074 F2400.000
G92 E0
G1 X83.685 Y107.723 F7800.000
G1 E2.00000 F2400.000
;TYPE:Perimeter
G1 F1200.000
G1 X86.315 Y107.723 E2.12289
G1 X87.629 Y110.000 E2.24577
G1 X86.315 Y112.277 E2.36866
G1 X83.685 Y112.277 E2.49154
G1 X82.371 Y110.000 E2.61443
G1 X83.655 Y107.775 E2.73451
G1 X83.483 Y107.372 F7800.000
G1 F1200.000
G1 X86.517 Y107.372 E2.87635
G1 X88.035 Y110.000 E3.01820
G1 X86.517 Y112.628 E3.16005
G1 X83.483 Y112.628 E3.30189
G1 X81.965 Y110.000 E3.44374
G1 X83.453 Y107.424 E3.58278
G1 E1.58278 F2400.000
G92 E0
G1 X89.491 Y107.319 F7800.000
G1 E2.00000 F2400.000
;TYPE:Solid infill
;WIDTH:0.431576
G1 F1200.000
G1 X88.168 Y105.997 E2.09031
G1 X86.954 Y105.295 E2.15801
G1 X89.629 Y107.971 E2.34066
G1 X89.881 Y108.494 E2.36873
G1 X89.924 Y108.779 E2.38262
G1 X86.249 Y105.104 E2.63354
G1 X85.584 Y104.952 E2.66648
G1 X90.015 Y109.383 E2.96902
G1 X90.106 Y109.988 E2.99853
G1 X85.050 Y104.931 E3.34379
G1 X84.572 Y104.967 E3.36691
G1 X90.042 Y110.437 E3.74041
G1 X89.975 Y110.883 E3.76218
G1 X87.310 Y108.217 E3.94418
G1 X86.669 Y107.108 E4.00600
G1 X86.201 Y107.108 E4.02863
G1 X84.095 Y105.002 E4.17242
G1 X83.863 Y105.020 E4.18364
G1 X83.674 Y105.094 E4.19348
G1 X85.688 Y107.108 E4.33100
G1 X85.174 Y107.108 E4.35578
G1 X83.305 Y105.239 E4.48343
G1 X82.936 Y105.384 E4.50255
G1 X84.661 Y107.108 E4.62032
G1 X84.148 Y107.108 E4.64509
G1 X82.568 Y105.528 E4.75299
G1 X82.446 Y105.576 E4.75931
G1 X82.255 Y105.728 E4.77111
G1 X83.635 Y107.108 E4.86534
G1 X83.331 Y107.108 E4.88002
G1 X83.254 Y107.241 E4.88741
G1 X81.969 Y105.956 E4.97513
G1 X81.684 Y106.184 E4.99277
G1 X83.066 Y107.566 E5.08716
G1 X82.878 Y107.892 E5.10530
G1 X81.398 Y106.412 E5.20635
G1 X81.376 Y106.429 E5.20772
G1 X81.376 Y106.903 E5.23058
G1 X82.690 Y108.217 E5.32032
G1 X82.503 Y108.542 E5.33846
G1 X81.376 Y107.416 E5.41537
G1 X81.376 Y107.929 E5.44015
G1 X82.315 Y108.868 E5.50424
G1 X82.127 Y109.193 E5.52238
G1 X81.376 Y108.442 E5.57364
G1 X81.376 Y108.956 E5.59842
G1 X81.939 Y109.518 E5.63685
G1 X81.751 Y109.844 E5.65499
G1 X81.376 Y109.469 E5.68060
G1 X81.376 Y109.982 E5.70538
G1 X82.457 Y111.063 E5.77921
G1 E3.77921 F2400.000
G92 E0
G1 X87.579 Y109.000 F7800.000
G1 E2.00000 F2400.000
G1 F1200.000
G1 X89.908 Y111.329 E2.15903
G1 X89.881 Y111.506 E2.16767
G1 X89.781 Y111.715 E2.17887
G1 X88.239 Y110.173 E2.28413
G1 X88.051 Y110.498 E2.30227
G1 X89.614 Y112.061 E2.40897
G1 X89.447 Y112.408 E2.42753
G1 X87.863 Y110.824 E2.53567
G1 X87.676 Y111.149 E2.55381
G1 X89.280 Y112.754 E2.66338
G1 X89.221 Y112.878 E2.67001
G1 X89.062 Y113.049 E2.68128
G1 X87.488 Y111.475 E2.78877
G1 X87.300 Y111.800 E2.80691
G1 X88.815 Y113.315 E2.91036
G1 X88.568 Y113.581 E2.92789
G1 X87.112 Y112.125 E3.02730
G1 X86.924 Y112.451 E3.04544
G1 X88.097 Y113.624 E3.12555
G1 X87.584 Y113.624 E3.15033
G1 X86.736 Y112.776 E3.20822
G1 X86.669 Y112.892 E3.21467
G1 X86.339 Y112.892 E3.23064
G1 X87.071 Y113.624 E3.28064
G1 X86.558 Y113.624 E3.30541
G1 X85.825 Y112.892 E3.35541
G1 X85.312 Y112.892 E3.38019
G1 X86.044 Y113.624 E3.43019
G1 X85.531 Y113.624 E3.45497
G1 X84.799 Y112.892 E3.50496
G1 X84.286 Y112.892 E3.52974
G1 X85.018 Y113.624 E3.57974
G1 X84.505 Y113.624 E3.60452
G1 X83.773 Y112.892 E3.65451
G1 X83.331 Y112.892 E3.67586
G1 X82.727 Y111.846 E3.73417
G1 X81.376 Y110.495 E3.82638
G1 X81.376 Y111.008 E3.85116
G1 X83.992 Y113.624 E4.02974
G1 X83.478 Y113.624 E4.05452
G1 X81.376 Y111.522 E4.19806
G1 X81.376 Y112.035 E4.22283
G1 X82.965 Y113.624 E4.33133
G1 X82.452 Y113.624 E4.35611
G1 X81.376 Y112.548 E4.42956
G1 X81.376 Y113.061 E4.45434
G1 X82.097 Y113.782 E4.50355
G1 E2.50355 F2400.000
G92 E0
G1 X168.950 Y114.590 F7800.000
G1 E2.00000 F2400.000
;TYPE:External perimeter
;WIDTH:0.42
G1 F1200.000
G1 X161.105 Y114.590 E2.36669
G1 X160.539 Y114.139 E2.40050
G1 X159.517 Y112.640 E2.48528
G1 X158.983 Y110.907 E2.57007
G1 X158.983 Y109.093 E2.65485
G1 X159.517 Y107.360 E2.73964
G1 X160.539 Y105.861 E2.82442
G1 X161.957 Y104.730 E2.90921
G1 X163.646 Y104.067 E2.99399
G1 X165.455 Y103.932 E3.07878
G1 X167.223 Y104.335 E3.16357
G1 X168.794 Y105.242 E3.24835
G1 X169.590 Y106.100 E3.30304
G1 X169.590 Y113.900 E3.66762
G1 X168.991 Y114.546 E3.70881
G1 X168.609 Y114.381 F7800.000
G1 X168.797 Y114.239
;TYPE:Perimeter
G1 F1200.000
G1 X161.228 Y114.239 E4.06259
G1 X160.800 Y113.897 E4.08817
G1 X159.837 Y112.486 E4.16801
G1 X159.334 Y110.854 E4.24784
G1 X159.334 Y109.146 E4.32768
G1 X159.837 Y107.514 E4.40751
G1 X160.800 Y106.103 E4.48735
G1 X162.135 Y105.038 E4.56719
G1 X163.725 Y104.414 E4.64702
G1 X165.428 Y104.286 E4.72686
G1 X167.093 Y104.666 E4.80669
G1 X168.573 Y105.520 E4.88653
G1 X169.239 Y106.238 E4.93230
G1 X169.239 Y113.762 E5.28399
G1 X168.837 Y114.195 E5.31157
G1 X168.643 Y113.887 F7800.000
G1 F1200.000
G1 X161.350 Y113.887 E5.65244
G1 X161.060 Y113.656 E5.66980
G1 X160.157 Y112.332 E5.74469
G1 X159.685 Y110.801 E5.81957
G1 X159.685 Y109.199 E5.89446
G1 X160.157 Y107.668 E5.96934
G1 X161.060 Y106.344 E6.04423
G1 X162.313 Y105.345 E6.11911
G1 X163.804 Y104.760 E6.19399
G1 X165.402 Y104.640 E6.26888
G1 X166.964 Y104.997 E6.34376
G1 X168.351 Y105.798 E6.41865
G1 X168.887 Y106.376 E6.45550
G1 X168.887 Y113.624 E6.79430
G1 X168.684 Y113.843 E6.80827
G1 E4.80827 F2400.000
G92 E0
G1 X166.112 Y111.925 F7800.000
G1 E2.00000 F2400.000
;TYPE:External perimeter
G1 F1200.000
G1 X163.888 Y111.925 E2.10392
G1 X162.777 Y110.000 E2.20785
G1 X163.888 Y108.075 E2.31177
G1 X166.112 Y108.075 E2.41569
G1 X167.223 Y110.000 E2.51962
G1 X166.142 Y111.874 E2.62074
G1 X166.112 Y112.325 F7800.000
G1 E0.62074 F2400.000
G92 E0
G1 X163.685 Y107.723 F7800.000
G1 E2.00000 F2400.000
;TYPE:Perimeter
G1 F1200.000
G1 X166.315 Y107.723 E2.12289
G1 X167.629 Y110.000 E2.24577
G1 X166.315 Y112.277 E2.36866
G1 X163.685 Y112.277 E2.49154
G1 X162.371 Y110.000 E2.61443
G1 X163.655 Y107.775 E2.73451
G1 X163.483 Y107.372 F7800.000
G1 F1200.000
G1 X166.517 Y107.372 E2.87635
G1 X168.035 Y110.000 E3.01820
G1 X166.517 Y112.628 E3.16005
G1 X163.483 Y112.628 E3.30189
G1 X161.965 Y110.000 E3.44374
G1 X163.453 Y107.424 E3.58278
G1 E1.58278 F2400.000
G92 E0
G1 X168.782 Y106.610 F7800.000
G1 E2.00000 F2400.000
;TYPE:Solid infill
;WIDTH:0.431948
G1 F1200.000
G1 X168.168 Y105.996 E2.04198
G1 X166.952 Y105.294 E2.10982
G1 X168.624 Y106.966 E2.22408
G1 X168.624 Y107.480 E2.24891
G1 X166.248 Y105.104 E2.41132
G1 X165.582 Y104.952 E2.44432
G1 X168.624 Y107.994 E2.65223
G1 X168.624 Y108.507 E2.67706
G1 X165.048 Y104.931 E2.92150
G1 X164.570 Y104.967 E2.94466
G1 X168.624 Y109.021 E3.22176
G1 X168.624 Y109.535 E3.24659
G1 X167.314 Y108.225 E3.33610
G1 X166.669 Y107.108 E3.39843
G1 X166.197 Y107.108 E3.42124
G1 X164.092 Y105.003 E3.56517
G1 X163.863 Y105.020 E3.57624
G1 X163.671 Y105.095 E3.58624
G1 X165.684 Y107.108 E3.72383
G1 X165.170 Y107.108 E3.74866
G1 X163.302 Y105.240 E3.87635
G1 X162.933 Y105.385 E3.89551
G1 X164.656 Y107.108 E4.01330
G1 X164.142 Y107.108 E4.03813
G1 X162.564 Y105.530 E4.14603
G1 X162.446 Y105.576 E4.15215
G1 X162.251 Y105.731 E4.16417
G1 X163.629 Y107.108 E4.25831
G1 X163.331 Y107.108 E4.27272
G1 X163.252 Y107.245 E4.28035
G1 X161.966 Y105.959 E4.36825
G1 X161.680 Y106.187 E4.38591
G1 X163.064 Y107.571 E4.48049
G1 X162.876 Y107.896 E4.49867
G1 X161.394 Y106.415 E4.59993
G1 X161.255 Y106.525 E4.60850
G1 X161.148 Y106.683 E4.61770
G1 X162.687 Y108.222 E4.72291
G1 X162.499 Y108.548 E4.74109
G1 X160.940 Y106.988 E4.84769
G1 X160.732 Y107.294 E4.86556
G1 X162.311 Y108.874 E4.97353
G1 X162.123 Y109.199 E4.99171
G1 X160.523 Y107.599 E5.10107
G1 X160.398 Y107.784 E5.11186
G1 X160.350 Y107.939 E5.11973
G1 X161.935 Y109.525 E5.22811
G1 X161.747 Y109.851 E5.24629
G1 X160.228 Y108.332 E5.35009
G1 X160.107 Y108.724 E5.36995
G1 X162.473 Y111.090 E5.53164
G1 E3.53164 F2400.000
G92 E0
G1 X167.584 Y109.009 F7800.000
G1 E2.00000 F2400.000
G1 F1200.000
G1 X168.624 Y110.049 E2.07106
G1 X168.624 Y110.562 E2.09589
G1 X168.237 Y110.176 E2.12230
G1 X168.049 Y110.502 E2.14047
G1 X168.624 Y111.076 E2.17974
G1 X168.624 Y111.590 E2.20457
G1 X167.861 Y110.827 E2.25668
G1 X167.673 Y111.153 E2.27486
G1 X168.624 Y112.104 E2.33983
G1 X168.624 Y112.617 E2.36466
G1 X167.485 Y111.479 E2.44248
G1 X167.297 Y111.804 E2.46066
G1 X168.624 Y113.131 E2.55133
G1 X168.624 Y113.521 E2.57017
G1 X168.564 Y113.585 E2.57441
G1 X167.109 Y112.130 E2.67386
G1 X166.921 Y112.456 E2.69204
G1 X168.089 Y113.624 E2.77187
G1 X167.575 Y113.624 E2.79670
G1 X166.733 Y112.782 E2.85428
G1 X166.669 Y112.892 E2.86042
G1 X166.329 Y112.892 E2.87686
G1 X167.062 Y113.624 E2.92691
G1 X166.548 Y113.624 E2.95174
G1 X165.816 Y112.892 E3.00178
G1 X165.302 Y112.892 E3.02661
G1 X166.034 Y113.624 E3.07666
G1 X165.520 Y113.624 E3.10149
G1 X164.788 Y112.892 E3.15154
G1 X164.274 Y112.892 E3.17637
G1 X165.007 Y113.624 E3.22642
G1 X164.493 Y113.624 E3.25125
G1 X163.761 Y112.892 E3.30130
G1 X163.331 Y112.892 E3.32209
G1 X162.743 Y111.874 E3.37890
G1 X159.986 Y109.117 E3.56731
G1 X159.949 Y109.239 E3.57345
G1 X159.949 Y109.593 E3.59060
G1 X163.979 Y113.624 E3.86608
G1 X163.465 Y113.624 E3.89091
G1 X159.949 Y110.107 E4.13128
G1 X159.949 Y110.621 E4.15610
G1 X162.952 Y113.624 E4.36136
G1 X162.438 Y113.624 E4.38619
G1 X160.115 Y111.301 E4.54494
G1 X160.344 Y112.044 E4.58252
G1 X161.924 Y113.624 E4.69050
G1 X161.443 Y113.624 E4.71377
G1 X161.284 Y113.497 E4.72359
G1 X160.642 Y112.855 E4.76748
G1 E2.76748 F2400.000
G92 E0
G1 X168.950 Y70.410 F7800.000
G1 E2.00000 F2400.000
;TYPE:External perimeter
;WIDTH:0.42
G1 F1200.000
G1 X169.590 Y71.100 E2.04399
G1 X169.590 Y78.900 E2.40857
G1 X168.794 Y79.758 E2.46326
G1 X167.223 Y80.665 E2.54805
G1 X165.455 Y81.068 E2.63284
G1 X163.646 Y80.933 E2.71762
G1 X161.957 Y80.270 E2.80240
G1 X160.539 Y79.139 E2.88719
G1 X159.517 Y77.640 E2.97198
G1 X158.983 Y75.907 E3.05676
G1 X158.983 Y74.093 E3.14155
G1 X159.517 Y72.360 E3.22633
G1 X160.539 Y70.861 E3.31112
G1 X161.105 Y70.410 E3.34492
G1 X168.890 Y70.410 E3.70881
G1 X168.947 Y70.810 F7800.000
G1 X168.797 Y70.761
;TYPE:Perimeter
G1 F1200.000
G1 X169.239 Y71.238 E3.73920
G1 X169.239 Y78.762 E4.09089
G1 X168.573 Y79.480 E4.13666
G1 X167.093 Y80.334 E4.21649
G1 X165.428 Y80.714 E4.29633
G1 X163.725 Y80.586 E4.37616
G1 X162.135 Y79.962 E4.45600
G1 X160.800 Y78.897 E4.53583
G1 X159.837 Y77.486 E4.61567
G1 X159.334 Y75.854 E4.69550
G1 X159.334 Y74.146 E4.77534
G1 X159.837 Y72.514 E4.85517
G1 X160.800 Y71.103 E4.93501
G1 X161.227 Y70.761 E4.96059
G1 X168.737 Y70.761 E5.31157
G1 X168.643 Y71.113 F7800.000
G1 F1200.000
G1 X168.887 Y71.376 E5.32834
G1 X168.887 Y78.624 E5.66715
G1 X168.351 Y79.202 E5.70399
G1 X166.964 Y80.003 E5.77888
G1 X165.402 Y80.360 E5.85377
G1 X163.804 Y80.240 E5.92865
G1 X162.313 Y79.655 E6.00353
G1 X161.060 Y78.656 E6.07842
G1 X160.157 Y77.332 E6.15331
G1 X159.685 Y75.801 E6.22819
G1 X159.685 Y74.199 E6.30308
G1 X160.157 Y72.668 E6.37796
G1 X161.060 Y71.344 E6.45285
G1 X161.350 Y71.113 E6.47021
G1 X168.583 Y71.113 E6.80828
G1 E4.80828 F2400.000
G92 E0
G1 X166.112 Y73.074 F7800.000
G1 E2.00000 F2400.000
;TYPE:External perimeter
G1 F1200.000
G1 X167.223 Y75.000 E2.10392
G1 X166.112 Y76.926 E2.20785
G1 X163.888 Y76.926 E2.31177
G1 X162.777 Y75.000 E2.41570
G1 X163.888 Y73.074 E2.51962
G1 X166.052 Y73.074 E2.62074
G1 X166.458 Y72.874 F7800.000
G1 E0.62074 F2400.000
G92 E0
G1 X163.685 Y72.723 F7800.000
G1 E2.00000 F2400.000
;TYPE:Perimeter
G1 F1200.000
G1 X166.315 Y72.723 E2.12289
G1 X167.629 Y75.000 E2.24577
G1 X166.315 Y77.277 E2.36866
G1 X163.685 Y77.277 E2.49155
G1 X162.371 Y75.000 E2.61443
G1 X163.655 Y72.775 E2.73451
G1 X163.483 Y72.372 F7800.000
G1 F1200.000
G1 X166.517 Y72.372 E2.87636
G1 X168.035 Y75.000 E3.01821
G1 X166.517 Y77.628 E3.16006
G1 X163.483 Y77.628 E3.30190
G1 X161.965 Y75.000 E3.44375
G1 X163.453 Y72.424 E3.58280
G1 E1.58280 F2400.000
G92 E0
G1 X168.782 Y71.634 F7800.000
G1 E2.00000 F2400.000
;TYPE:Solid infill
;WIDTH:0.431362
G1 F1200.000
G1 X168.524 Y71.376 E2.01760
G1 X168.011 Y71.376 E2.04235
G1 X168.624 Y71.989 E2.08416
G1 X168.624 Y72.502 E2.10891
G1 X167.498 Y71.376 E2.18572
G1 X166.985 Y71.376 E2.21047
G1 X168.624 Y73.015 E2.32229
G1 X168.624 Y73.528 E2.34704
G1 X166.472 Y71.376 E2.49385
G1 X165.959 Y71.376 E2.51860
G1 X168.624 Y74.041 E2.70042
G1 X168.624 Y74.553 E2.72517
G1 X167.340 Y73.269 E2.81279
G1 X166.670 Y72.108 E2.87748
G1 X166.179 Y72.108 E2.90116
G1 X165.447 Y71.376 E2.95113
G1 X164.934 Y71.376 E2.97588
G1 X165.666 Y72.108 E3.02584
G1 X165.153 Y72.108 E3.05059
G1 X164.421 Y71.376 E3.10055
G1 X163.908 Y71.376 E3.12530
G1 X164.640 Y72.108 E3.17527
G1 X164.127 Y72.108 E3.20002
G1 X163.395 Y71.376 E3.24998
G1 X162.882 Y71.376 E3.27473
G1 X163.614 Y72.108 E3.32470
G1 X163.330 Y72.108 E3.33839
G1 X163.247 Y72.254 E3.34648
G1 X162.369 Y71.376 E3.40637
G1 X161.856 Y71.376 E3.43112
G1 X163.059 Y72.579 E3.51319
G1 X162.871 Y72.904 E3.53131
G1 X161.387 Y71.420 E3.63256
G1 X161.255 Y71.525 E3.64070
G1 X161.144 Y71.689 E3.65028
G1 X162.683 Y73.229 E3.75535
G1 X162.496 Y73.554 E3.77347
G1 X160.936 Y71.994 E3.87992
G1 X160.728 Y72.299 E3.89773
G1 X162.308 Y73.880 E4.00556
G1 X162.120 Y74.205 E4.02368
G1 X160.520 Y72.604 E4.13289
G1 X160.398 Y72.784 E4.14336
G1 X160.348 Y72.945 E4.15152
G1 X161.932 Y74.530 E4.25966
G1 X161.745 Y74.855 E4.27777
G1 X160.227 Y73.337 E4.38135
G1 X160.106 Y73.729 E4.40115
G1 X162.481 Y76.105 E4.56325
G1 E2.56325 F2400.000
G92 E0
G1 X167.609 Y74.051 F7800.000
G1 E2.00000 F2400.000
G1 F1200.000
G1 X168.624 Y75.066 E2.06928
G1 X168.624 Y75.579 E2.09403
G1 X168.231 Y75.187 E2.12082
G1 X168.044 Y75.512 E2.13894
G1 X168.624 Y76.092 E2.17854
G1 X168.624 Y76.605 E2.20329
G1 X167.856 Y75.837 E2.25571
G1 X167.668 Y76.162 E2.27383
G1 X168.624 Y77.118 E2.33905
G1 X168.624 Y77.631 E2.36380
G1 X167.480 Y76.487 E2.44184
G1 X167.293 Y76.813 E2.45996
G1 X168.624 Y78.144 E2.55081
G1 X168.624 Y78.521 E2.56900
G1 X168.558 Y78.591 E2.57364
G1 X167.105 Y77.138 E2.67283
G1 X166.917 Y77.463 E2.69095
G1 X168.312 Y78.857 E2.78611
G1 X168.185 Y78.994 E2.79509
G1 X168.027 Y79.085 E2.80392
G1 X166.729 Y77.788 E2.89244
G1 X166.670 Y77.892 E2.89821
G1 X166.320 Y77.892 E2.91508
G1 X167.701 Y79.273 E3.00935
G1 X167.376 Y79.461 E3.02746
G1 X165.807 Y77.892 E3.13454
G1 X165.294 Y77.892 E3.15929
G1 X167.051 Y79.649 E3.27918
G1 X166.866 Y79.755 E3.28947
G1 X166.686 Y79.796 E3.29840
G1 X164.781 Y77.892 E3.42837
G1 X164.268 Y77.892 E3.45312
G1 X166.268 Y79.892 E3.58960
G1 X165.851 Y79.987 E3.61027
G1 X163.755 Y77.892 E3.75326
G1 X163.330 Y77.892 E3.77376
G1 X162.750 Y76.886 E3.82977
G1 X159.985 Y74.121 E4.01846
G1 X159.949 Y74.239 E4.02439
G1 X159.949 Y74.598 E4.04173
G1 X165.433 Y80.082 E4.41597
G1 X165.382 Y80.094 E4.41851
G1 X164.895 Y80.058 E4.44204
G1 X159.949 Y75.111 E4.77960
G1 X159.949 Y75.624 E4.80435
G1 X164.341 Y80.016 E5.10408
G1 X163.863 Y79.980 E5.12719
G1 X163.746 Y79.934 E5.13325
G1 X160.116 Y76.304 E5.38097
G1 X160.345 Y77.046 E5.41843
G1 X162.902 Y79.603 E5.59293
G1 X162.446 Y79.424 E5.61658
G1 X161.282 Y78.496 E5.68842
G1 X160.643 Y77.856 E5.73205
G1 E3.73205 F2400.000
G92 E0
G1 X88.950 Y70.410 F7800.000
G1 E2.00000 F2400.000
;TYPE:External perimeter
;WIDTH:0.42
G1 F1200.000
G1 X90.028 Y71.572 E2.07409
G1 X90.815 Y73.206 E2.15888
G1 X91.085 Y75.000 E2.24366
G1 X90.815 Y76.794 E2.32845
G1 X90.028 Y78.428 E2.41323
G1 X88.794 Y79.758 E2.49802
G1 X87.223 Y80.665 E2.58281
G1 X85.455 Y81.068 E2.66759
G1 X83.646 Y80.933 E2.75238
G1 X81.957 Y80.270 E2.83716
G1 X80.539 Y79.139 E2.92195
G1 X80.410 Y78.950 E2.93266
G1 X80.410 Y71.050 E3.30189
G1 X80.539 Y70.861 E3.31260
G1 X81.105 Y70.410 E3.34640
G1 X88.890 Y70.410 E3.71029
G1 X88.947 Y70.810 F7800.000
G1 X88.797 Y70.761
;TYPE:Perimeter
G1 F1200.000
G1 X89.734 Y71.772 E3.77474
G1 X90.475 Y73.311 E3.85458
G1 X90.730 Y75.000 E3.93441
G1 X90.475 Y76.689 E4.01425
G1 X89.734 Y78.228 E4.09408
G1 X88.573 Y79.480 E4.17392
G1 X87.093 Y80.334 E4.25376
G1 X85.428 Y80.714 E4.33359
G1 X83.725 Y80.586 E4.41343
G1 X82.135 Y79.962 E4.49326
G1 X80.800 Y78.897 E4.57310
G1 X80.761 Y78.841 E4.57627
G1 X80.761 Y71.159 E4.93537
G1 X80.800 Y71.103 E4.93854
G1 X81.227 Y70.761 E4.96412
G1 X88.737 Y70.761 E5.31510
G1 X88.643 Y71.113 F7800.000
G1 F1200.000
G1 X89.441 Y71.972 E5.36991
G1 X90.136 Y73.416 E5.44480
G1 X90.375 Y75.000 E5.51968
G1 X90.136 Y76.584 E5.59457
G1 X89.441 Y78.028 E5.66945
G1 X88.351 Y79.202 E5.74434
G1 X86.964 Y80.003 E5.81922
G1 X85.402 Y80.360 E5.89411
G1 X83.804 Y80.240 E5.96899
G1 X82.313 Y79.655 E6.04388
G1 X81.113 Y78.698 E6.11562
G1 X81.113 Y71.302 E6.46129
G1 X81.350 Y71.113 E6.47550
G1 X88.583 Y71.113 E6.81357
G1 E4.81357 F2400.000
G92 E0
G1 X86.112 Y73.074 F7800.000
G1 E2.00000 F2400.000
;TYPE:External perimeter
G1 F1200.000
G1 X87.223 Y75.000 E2.10392
G1 X86.112 Y76.926 E2.20785
G1 X83.888 Y76.926 E2.31177
G1 X82.777 Y75.000 E2.41570
G1 X83.888 Y73.074 E2.51962
G1 X86.052 Y73.074 E2.62074
G1 X86.458 Y72.874 F7800.000
G1 E0.62074 F2400.000
G92 E0
G1 X83.685 Y72.723 F7800.000
G1 E2.00000 F2400.000
;TYPE:Perimeter
G1 F1200.000
G1 X86.315 Y72.723 E2.12289
G1 X87.629 Y75.000 E2.24577
G1 X86.315 Y77.277 E2.36866
G1 X83.685 Y77.277 E2.49155
G1 X82.371 Y75.000 E2.61443
G1 X83.655 Y72.775 E2.73451
G1 X83.483 Y72.372 F7800.000
G1 F1200.000
G1 X86.517 Y72.372 E2.87636
G1 X88.035 Y75.000 E3.01821
G1 X86.517 Y77.628 E3.16006
G1 X83.483 Y77.628 E3.30190
G1 X81.965 Y75.000 E3.44375
G1 X83.453 Y72.424 E3.58280
G1 E1.58280 F2400.000
G92 E0
G1 X89.513 Y72.365 F7800.000
G1 E2.00000 F2400.000
;TYPE:Solid infill
;WIDTH:0.430991
G1 F1200.000
G1 X88.524 Y71.376 E2.06739
G1 X88.012 Y71.376 E2.09209
G1 X89.650 Y73.015 E2.20378
G1 X89.881 Y73.494 E2.22944
G1 X89.928 Y73.805 E2.24458
G1 X87.500 Y71.376 E2.41013
G1 X86.987 Y71.376 E2.43483
G1 X90.019 Y74.408 E2.64152
G1 X90.107 Y75.008 E2.67077
G1 X86.475 Y71.376 E2.91838
G1 X85.962 Y71.376 E2.94308
G1 X90.040 Y75.454 E3.22104
G1 X89.973 Y75.899 E3.24275
G1 X87.335 Y73.261 E3.42255
G1 X86.670 Y72.108 E3.48673
G1 X86.182 Y72.108 E3.51022
G1 X85.450 Y71.376 E3.56014
G1 X84.938 Y71.376 E3.58484
G1 X85.670 Y72.108 E3.63475
G1 X85.157 Y72.108 E3.65945
G1 X84.425 Y71.376 E3.70936
G1 X83.913 Y71.376 E3.73406
G1 X84.645 Y72.108 E3.78398
G1 X84.133 Y72.108 E3.80868
G1 X83.400 Y71.376 E3.85859
G1 X82.888 Y71.376 E3.88329
G1 X83.620 Y72.108 E3.93320
G1 X83.330 Y72.108 E3.94717
G1 X83.249 Y72.250 E3.95502
G1 X82.376 Y71.376 E4.01456
G1 X81.863 Y71.376 E4.03926
G1 X83.061 Y72.574 E4.12094
G1 X82.874 Y72.899 E4.13903
G1 X81.392 Y71.417 E4.24008
G1 X81.376 Y71.429 E4.24103
G1 X81.376 Y71.914 E4.26439
G1 X82.686 Y73.224 E4.35371
G1 X82.499 Y73.549 E4.37179
G1 X81.376 Y72.426 E4.44832
G1 X81.376 Y72.939 E4.47302
G1 X82.311 Y73.874 E4.53676
G1 X82.124 Y74.199 E4.55484
G1 X81.376 Y73.451 E4.60580
G1 X81.376 Y73.963 E4.63050
G1 X81.936 Y74.523 E4.66868
G1 X81.749 Y74.848 E4.68676
G1 X81.376 Y74.476 E4.71215
G1 X81.376 Y74.988 E4.73685
G1 X82.466 Y76.078 E4.81114
G1 E2.81114 F2400.000
G92 E0
G1 X87.603 Y74.042 F7800.000
G1 E2.00000 F2400.000
G1 F1200.000
G1 X89.906 Y76.344 E2.15696
G1 X89.881 Y76.506 E2.16483
G1 X89.775 Y76.726 E2.17662
G1 X88.233 Y75.184 E2.28176
G1 X88.045 Y75.509 E2.29984
G1 X89.609 Y77.072 E2.40641
G1 X89.442 Y77.418 E2.42492
G1 X87.858 Y75.834 E2.53292
G1 X87.670 Y76.158 E2.55100
G1 X89.276 Y77.764 E2.66044
G1 X89.221 Y77.878 E2.66653
G1 X89.055 Y78.056 E2.67825
G1 X87.483 Y76.483 E2.78546
G1 X87.295 Y76.808 E2.80354
G1 X88.809 Y78.322 E2.90672
G1 X88.562 Y78.587 E2.92420
G1 X87.108 Y77.133 E3.02335
G1 X86.920 Y77.458 E3.04143
G1 X88.315 Y78.853 E3.13656
G1 X88.185 Y78.994 E3.14581
G1 X88.032 Y79.082 E3.15432
G1 X86.732 Y77.783 E3.24291
G1 X86.670 Y77.892 E3.24898
G1 X86.329 Y77.892 E3.26539
G1 X87.707 Y79.270 E3.35933
G1 X87.382 Y79.457 E3.37741
G1 X85.817 Y77.892 E3.48413
G1 X85.304 Y77.892 E3.50883
G1 X87.058 Y79.645 E3.62834
G1 X86.866 Y79.755 E3.63899
G1 X86.695 Y79.794 E3.64747
G1 X84.792 Y77.892 E3.77718
G1 X84.280 Y77.892 E3.80188
G1 X86.278 Y79.890 E3.93807
G1 X85.860 Y79.985 E3.95870
G1 X83.767 Y77.892 E4.10139
G1 X83.330 Y77.892 E4.12244
G1 X82.734 Y76.858 E4.17995
G1 X81.376 Y75.501 E4.27251
G1 X81.376 Y76.013 E4.29721
G1 X85.443 Y80.080 E4.57445
G1 X85.382 Y80.094 E4.57749
G1 X84.909 Y80.059 E4.60032
G1 X81.376 Y76.525 E4.84118
G1 X81.376 Y77.038 E4.86588
G1 X84.355 Y80.017 E5.06897
G1 X83.863 Y79.980 E5.09276
G1 X83.769 Y79.943 E5.09763
G1 X81.376 Y77.550 E5.26077
G1 X81.376 Y78.063 E5.28547
G1 X83.205 Y79.892 E5.41017
;LAYER_CHANGE
;Z:0.62
;HEIGHT:0.3
G1 Z0.620 F7800.000
G1 X82.159 Y81.358
;TYPE:Support material
;WIDTH:0.35
G1 F3600.000
G1 X77.934 Y81.358 E5.56070
G1 X77.934 Y84.143 E5.65993
G1 X82.926 Y84.143 E5.83780
G1 X82.926 Y86.929 E5.93703
G1 X77.934 Y86.929 E6.11490
G1 X77.934 Y89.714 E6.21413
G1 X82.926 Y89.714 E6.39199
G1 X82.926 Y92.500 E6.49123
G1 X77.934 Y92.500 E6.66909
G1 X77.934 Y95.286 E6.76833
G1 X82.926 Y95.286 E6.94619
G1 X82.926 Y98.071 E7.04543
G1 X77.934 Y98.071 E7.22329
G1 X77.934 Y100.857 E7.32252
G1 X82.926 Y100.857 E7.50039
G1 X82.926 Y103.203 E7.58398
G1 X81.807 Y103.642 E7.62681
G1 X77.805 Y103.642 E7.76938
G1 E5.76938 F2400.000
G92 E0
G1 X79.600 Y114.136 F7800.000
G1 E2.00000 F2400.000
G1 F3600.000
G1 X79.600 Y112.031 E2.07499
G1 X77.677 Y112.031 E2.14351
G1 X77.677 Y117.538 E2.33969
G1 X83.184 Y117.538 E2.53586
G1 X83.184 Y115.400 E2.61204
G1 X80.893 Y115.400 E2.69364
G1 X80.765 Y115.355 E2.69848
G1 X79.962 Y114.715 E2.73504
G1 X79.636 Y114.252 E2.75524
G1 X79.600 Y114.136 E2.75954
G1 X79.852 Y114.785 F7800.000
G1 F3600.000
G1 X77.805 Y114.785 E2.83245
G1 E0.83245 F2400.000
G92 E0
G1 X79.600 Y79.136 F7800.000
G1 E2.00000 F2400.000
G1 F3600.000
G1 X79.600 Y78.604 E2.01897
G1 X77.677 Y78.604 E2.08749
G1 X77.677 Y106.396 E3.07754
G1 X79.600 Y106.396 E3.14606
G1 X79.600 Y105.864 E3.16503
G1 X79.636 Y105.748 E3.16932
G1 X79.962 Y105.285 E3.18952
G1 X81.524 Y104.039 E3.26069
G1 X83.184 Y103.379 E3.32432
G1 X83.184 Y81.621 E4.09939
G1 X81.524 Y80.961 E4.16303
G1 X79.962 Y79.715 E4.23419
G1 X79.636 Y79.252 E4.25439
G1 X79.600 Y79.136 E4.25868
G1 E2.25868 F2400.000
G92 E0
G1 X77.805 Y70.215 F7800.000
G1 E2.00000 F2400.000
G1 F3600.000
G1 X79.852 Y70.215 E2.07291
G1 E0.07291 F2400.000
G92 E0
G1 X83.184 Y69.600 F7800.000
G1 E2.00000 F2400.000
G1 F3600.000
G1 X80.893 Y69.600 E2.08159
G1 X80.765 Y69.645 E2.08644
G1 X79.962 Y70.285 E2.12300
G1 X79.636 Y70.748 E2.14320
G1 X79.600 Y70.864 E2.14750
G1 X79.600 Y72.968 E2.22249
G1 X77.677 Y72.968 E2.29100
G1 X77.677 Y67.462 E2.48718
G1 X83.184 Y67.462 E2.68336
G1 X83.184 Y69.600 E2.75954
G1 E0.75954 F2400.000
G92 E0
G1 X170.049 Y70.215 F7800.000
G1 E2.00000 F2400.000
G1 F3600.000
G1 X172.195 Y70.215 E2.07643
G1 X172.323 Y72.968 F7800.000
G1 F3600.000
G1 X170.400 Y72.968 E2.14495
G1 X170.400 Y70.863 E2.21994
G1 X170.345 Y70.722 E2.22534
G1 X169.365 Y69.667 E2.27664
G1 X169.212 Y69.600 E2.28259
G1 X166.816 Y69.600 E2.36793
G1 X166.816 Y67.462 E2.44411
G1 X172.323 Y67.462 E2.64029
G1 X172.323 Y72.968 E2.83647
G1 E0.83647 F2400.000
G92 E0
G1 X172.195 Y81.358 F7800.000
G1 E2.00000 F2400.000
G1 F3600.000
G1 X168.157 Y81.358 E2.14383
G1 X167.661 Y81.644 E2.16427
G1 X167.073 Y81.793 E2.18584
G1 X167.073 Y84.143 E2.26955
G1 X172.066 Y84.143 E2.44741
G1 X172.066 Y86.929 E2.54665
G1 X167.073 Y86.929 E2.72451
G1 X167.073 Y89.714 E2.82375
G1 X172.066 Y89.714 E3.00161
G1 X172.066 Y92.500 E3.10085
G1 X167.073 Y92.500 E3.27871
G1 X167.073 Y95.286 E3.37794
G1 X172.066 Y95.286 E3.55581
G1 X172.066 Y98.071 E3.65504
G1 X167.073 Y98.071 E3.83291
G1 X167.073 Y100.857 E3.93214
G1 X172.066 Y100.857 E4.11000
G1 X172.066 Y103.642 E4.20924
G1 X167.900 Y103.642 E4.35765
G1 X172.323 Y106.396 F7800.000
G1 F3600.000
G1 X170.400 Y106.396 E4.42617
G1 X170.400 Y105.863 E4.44513
G1 X170.345 Y105.723 E4.45053
G1 X169.326 Y104.624 E4.50391
G1 X167.549 Y103.588 E4.57718
G1 X166.816 Y103.412 E4.60401
G1 X166.816 Y81.588 E5.38144
G1 X167.549 Y81.412 E5.40828
G1 X169.326 Y80.376 E5.48155
G1 X170.345 Y79.278 E5.53493
G1 X170.400 Y79.137 E5.54032
G1 X170.400 Y78.604 E5.55929
G1 X172.323 Y78.604 E5.62781
G1 X172.323 Y106.396 E6.61787
G1 E4.61787 F2400.000
G92 E0
G1 X170.049 Y114.785 F7800.000
G1 E2.00000 F2400.000
G1 F3600.000
G1 X172.195 Y114.785 E2.07644
G1 X172.323 Y117.538 F7800.000
G1 F3600.000
G1 X166.816 Y117.538 E2.27261
G1 X166.816 Y115.400 E2.34879
G1 X169.212 Y115.400 E2.43414
G1 X169.365 Y115.333 E2.44008
G1 X170.345 Y114.277 E2.49139
G1 X170.400 Y114.137 E2.49678
G1 X170.400 Y112.031 E2.57177
G1 X172.323 Y112.031 E2.64029
G1 X172.323 Y117.538 E2.83647
G1 E0.83647 F2400.000
G92 E0
G1 X163.550 Y107.488 F7800.000
G1 E2.00000 F2400.000
;TYPE:Perimeter
;WIDTH:0.45
G1 F900.000
G1 X166.450 Y107.488 E2.13950
G1 X167.900 Y110.000 E2.27899
G1 X166.450 Y112.512 E2.41849
G1 X163.550 Y112.512 E2.55798
G1 X162.100 Y110.000 E2.69748
G1 X163.520 Y107.540 E2.83409
G1 E0.83409 F2400.000
G92 E0
G1 X166.112 Y112.126 F7800.000
G1 E2.00000 F2400.000
G1 F900.000
G1 X163.772 Y112.126 E2.11251
G1 X162.545 Y110.000 E2.23059
G1 X163.772 Y107.874 E2.34867
G1 X166.228 Y107.874 E2.46675
G1 X167.455 Y110.000 E2.58483
G1 X166.228 Y112.126 E2.70291
G1 X166.172 Y112.126 E2.70559
G1 X166.005 Y111.740 F7800.000
;TYPE:External perimeter
G1 F900.000
G1 X163.995 Y111.740 E2.80226
G1 X162.990 Y110.000 E2.89892
G1 X163.995 Y108.260 E2.99558
G1 X166.005 Y108.260 E3.09225
G1 X167.010 Y110.000 E3.18891
G1 X166.035 Y111.689 E3.28269
G1 X166.005 Y112.140 F7800.000
G1 X168.694 Y114.004
;TYPE:Perimeter
G1 F900.000
G1 X161.310 Y114.004 E3.63785
G1 X160.974 Y113.736 E3.65852
G1 X160.051 Y112.383 E3.73726
G1 X159.569 Y110.819 E3.81601
G1 X159.569 Y109.181 E3.89475
G1 X160.051 Y107.617 E3.97350
G1 X160.974 Y106.264 E4.05224
G1 X162.254 Y105.243 E4.13099
G1 X163.778 Y104.645 E4.20973
G1 X165.410 Y104.523 E4.28848
G1 X167.007 Y104.887 E4.36722
G1 X168.425 Y105.706 E4.44597
G1 X169.004 Y106.330 E4.48693
G1 X169.004 Y113.670 E4.83995
G1 X168.735 Y113.960 E4.85897
G1 X168.862 Y114.389 F7800.000
G1 F900.000
G1 X161.175 Y114.389 E5.22871
G1 X160.688 Y114.001 E5.25866
G1 X159.700 Y112.552 E5.34300
G1 X159.183 Y110.877 E5.42734
G1 X159.183 Y109.123 E5.51167
G1 X159.700 Y107.448 E5.59601
G1 X160.688 Y105.999 E5.68035
G1 X162.059 Y104.906 E5.76468
G1 X163.691 Y104.265 E5.84902
G1 X165.440 Y104.134 E5.93335
G1 X167.149 Y104.524 E6.01769
G1 X168.668 Y105.401 E6.10203
G1 X169.389 Y106.179 E6.15306
G1 X169.389 Y113.821 E6.52064
G1 X168.903 Y114.345 E6.55503
G1 X169.031 Y114.775 F7800.000
;TYPE:External perimeter
G1 F900.000
G1 X161.040 Y114.775 E6.93935
G1 X160.402 Y114.266 E6.97859
G1 X159.349 Y112.721 E7.06852
G1 X158.798 Y110.935 E7.15845
G1 X158.798 Y109.065 E7.24837
G1 X159.349 Y107.279 E7.33830
G1 X160.402 Y105.734 E7.42823
G1 X161.864 Y104.568 E7.51816
G1 X163.604 Y103.885 E7.60808
G1 X165.469 Y103.745 E7.69801
G1 X167.292 Y104.161 E7.78794
G1 X168.911 Y105.096 E7.87786
G1 X169.775 Y106.027 E7.93897
G1 X169.775 Y113.973 E8.32111
G1 X169.071 Y114.731 E8.37087
G1 X168.690 Y114.565 F7800.000
G1 X168.390 Y113.888
;TYPE:Solid infill
;WIDTH:0.462028
G1 F1200.000
G1 X168.715 Y113.556 E8.39389
G1 X168.715 Y113.001 E8.42142
G1 X168.001 Y113.715 E8.47146
G1 X167.439 Y113.715 E8.49935
G1 X168.715 Y112.439 E8.58883
G1 X168.715 Y111.876 E8.61672
G1 X166.876 Y113.715 E8.74565
G1 X166.314 Y113.715 E8.77354
G1 X168.715 Y111.314 E8.94191
G1 X168.715 Y110.752 E8.96980
G1 X165.752 Y113.715 E9.17762
G1 X165.189 Y113.715 E9.20551
G1 X166.103 Y112.801 E9.26959
G1 X165.541 Y112.801 E9.29748
G1 X164.627 Y113.715 E9.36156
G1 X164.065 Y113.715 E9.38945
G1 X164.978 Y112.801 E9.45354
G1 X164.416 Y112.801 E9.48143
G1 X163.502 Y113.715 E9.54551
G1 X162.940 Y113.715 E9.57340
G1 X163.854 Y112.801 E9.63749
G1 X163.383 Y112.801 E9.66083
G1 X163.349 Y112.743 E9.66416
G1 X162.378 Y113.715 E9.73232
G1 X161.815 Y113.715 E9.76021
G1 X163.143 Y112.386 E9.85337
G1 X162.938 Y112.030 E9.87379
G1 X161.323 Y113.644 E9.98704
G1 X161.188 Y113.537 E9.99560
G1 X161.058 Y113.347 E10.00702
G1 X162.732 Y111.673 E10.12439
G1 X162.526 Y111.317 E10.14481
G1 X160.830 Y113.012 E10.26373
G1 X160.602 Y112.678 E10.28380
G1 X162.320 Y110.960 E10.40428
G1 X162.114 Y110.604 E10.42470
G1 X160.374 Y112.344 E10.54673
G1 X160.315 Y112.256 E10.55197
G1 X160.217 Y111.939 E10.56845
G1 X161.908 Y110.247 E10.68709
G1 X161.766 Y110.000 E10.70125
G1 X162.001 Y109.592 E10.72461
G1 X160.084 Y111.509 E10.85906
G1 X159.952 Y111.079 E10.88136
G1 X162.769 Y108.261 E11.07899
G1 X163.383 Y107.199 E11.13984
G1 X163.832 Y107.199 E11.16211
G1 X166.063 Y104.968 E11.31857
G1 X166.520 Y105.073 E11.34186
G1 X164.394 Y107.199 E11.49100
G1 X164.957 Y107.199 E11.51889
G1 X166.961 Y105.195 E11.65948
G1 X167.317 Y105.401 E11.67989
G1 X165.519 Y107.199 E11.80604
G1 X166.081 Y107.199 E11.83393
G1 X167.674 Y105.606 E11.94564
G1 X168.031 Y105.812 E11.96606
G1 X166.627 Y107.216 E12.06452
G1 X166.833 Y107.572 E12.08493
G1 X168.352 Y106.053 E12.19151
G1 X168.623 Y106.345 E12.21124
G1 X167.039 Y107.929 E12.32236
G1 X167.244 Y108.285 E12.34278
G1 X168.715 Y106.815 E12.44590
G1 X168.715 Y107.378 E12.47379
G1 X167.450 Y108.642 E12.56248
G1 X167.656 Y108.998 E12.58289
G1 X168.715 Y107.940 E12.65714
G1 X168.715 Y108.502 E12.68503
G1 X167.862 Y109.355 E12.74484
G1 X168.068 Y109.712 E12.76525
G1 X168.715 Y109.065 E12.81062
G1 X168.715 Y109.627 E12.83851
G1 X168.088 Y110.254 E12.88248
G1 X167.319 Y111.584 E12.95869
G1 X168.888 Y110.016 E13.06871
G1 E11.06871 F2400.000
G92 E0
G1 X160.516 Y107.141 F7800.000
G1 E2.00000 F2400.000
G1 F1200.000
G1 X161.216 Y106.441 E2.04907
G1 X162.400 Y105.497 E2.12420
G1 X162.931 Y105.288 E2.15249
G1 X160.243 Y107.976 E2.34099
G1 X159.993 Y108.789 E2.38320
G1 X163.852 Y104.930 E2.65389
G1 X164.460 Y104.884 E2.68413
G1 X159.858 Y109.486 E3.00690
G1 X159.858 Y110.048 E3.03479
G1 X165.068 Y104.839 E3.40019
G1 X165.389 Y104.815 E3.41615
G1 X165.605 Y104.864 E3.42715
G1 X159.684 Y110.784 E3.84240
G1 E1.84240 F2400.000
G92 E0
G1 X163.550 Y72.488 F7800.000
G1 E2.00000 F2400.000
;TYPE:Perimeter
;WIDTH:0.45
G1 F900.000
G1 X166.450 Y72.488 E2.13950
G1 X167.900 Y75.000 E2.27899
G1 X166.450 Y77.512 E2.41849
G1 X163.550 Y77.512 E2.55799
G1 X162.100 Y75.000 E2.69749
G1 X163.520 Y72.540 E2.83410
G1 X166.285 Y72.974 F7800.000
G1 F900.000
G1 X167.455 Y75.000 E2.94661
G1 X166.228 Y77.126 E3.06469
G1 X163.772 Y77.126 E3.18277
G1 X162.545 Y75.000 E3.30085
G1 X163.772 Y72.874 E3.41893
G1 X166.228 Y72.874 E3.53701
G1 X166.255 Y72.922 E3.53970
G1 X166.005 Y73.259 F7800.000
;TYPE:External perimeter
G1 F900.000
G1 X167.010 Y75.000 E3.63636
G1 X166.005 Y76.741 E3.73303
G1 X163.995 Y76.741 E3.82969
G1 X162.990 Y75.000 E3.92635
G1 X163.995 Y73.259 E4.02302
G1 X165.945 Y73.259 E4.11680
G1 X166.351 Y73.059 F7800.000
G1 X168.694 Y70.996
;TYPE:Perimeter
G1 F900.000
G1 X169.004 Y71.330 E4.13870
G1 X169.004 Y78.670 E4.49172
G1 X168.425 Y79.294 E4.53268
G1 X167.007 Y80.113 E4.61143
G1 X165.410 Y80.477 E4.69018
G1 X163.778 Y80.355 E4.76892
G1 X162.254 Y79.757 E4.84766
G1 X160.974 Y78.736 E4.92641
G1 X160.051 Y77.383 E5.00516
G1 X159.569 Y75.819 E5.08390
G1 X159.569 Y74.181 E5.16265
G1 X160.051 Y72.617 E5.24139
G1 X160.974 Y71.264 E5.32014
G1 X161.310 Y70.996 E5.34080
G1 X168.634 Y70.996 E5.69308
G1 X168.862 Y70.611 F7800.000
G1 F900.000
G1 X169.389 Y71.179 E5.73035
G1 X169.389 Y78.821 E6.09793
G1 X168.668 Y79.599 E6.14897
G1 X167.149 Y80.476 E6.23331
G1 X165.440 Y80.866 E6.31764
G1 X163.691 Y80.735 E6.40198
G1 X162.059 Y80.094 E6.48631
G1 X160.688 Y79.001 E6.57065
G1 X159.700 Y77.552 E6.65499
G1 X159.183 Y75.877 E6.73932
G1 X159.183 Y74.123 E6.82366
G1 X159.700 Y72.448 E6.90799
G1 X160.688 Y70.999 E6.99233
G1 X161.175 Y70.611 E7.02228
G1 X168.802 Y70.611 E7.38914
G1 X169.031 Y70.225 F7800.000
;TYPE:External perimeter
G1 F900.000
G1 X169.775 Y71.027 E7.44179
G1 X169.775 Y78.973 E7.82393
G1 X168.911 Y79.904 E7.88503
G1 X167.292 Y80.839 E7.97496
G1 X165.469 Y81.255 E8.06489
G1 X163.604 Y81.115 E8.15482
G1 X161.864 Y80.432 E8.24474
G1 X160.402 Y79.266 E8.33467
G1 X159.349 Y77.722 E8.42460
G1 X158.798 Y75.935 E8.51453
G1 X158.798 Y74.065 E8.60445
G1 X159.349 Y72.278 E8.69438
G1 X160.402 Y70.734 E8.78431
G1 X161.040 Y70.225 E8.82355
G1 X168.971 Y70.225 E9.20499
G1 X169.028 Y70.625 F7800.000
G1 X168.888 Y75.033
;TYPE:Solid infill
;WIDTH:0.462616
G1 F1200.000
G1 X167.296 Y76.625 E9.31680
G1 X168.066 Y75.292 E9.39323
G1 X168.715 Y74.643 E9.43881
G1 X168.715 Y74.080 E9.46679
G1 X168.073 Y74.721 E9.51183
G1 X167.867 Y74.364 E9.53231
G1 X168.715 Y73.517 E9.59183
G1 X168.715 Y72.954 E9.61980
G1 X167.661 Y74.007 E9.69381
G1 X167.455 Y73.650 E9.71428
G1 X168.715 Y72.390 E9.80277
G1 X168.715 Y71.827 E9.83074
G1 X167.249 Y73.293 E9.93370
G1 X167.043 Y72.936 E9.95418
G1 X168.628 Y71.350 E10.06556
G1 X168.568 Y71.285 E10.06996
G1 X168.130 Y71.285 E10.09171
G1 X166.836 Y72.579 E10.18257
G1 X166.630 Y72.222 E10.20305
G1 X167.567 Y71.285 E10.26883
G1 X167.004 Y71.285 E10.29681
G1 X166.090 Y72.199 E10.36098
G1 X165.527 Y72.199 E10.38895
G1 X166.440 Y71.285 E10.45313
G1 X165.877 Y71.285 E10.48110
G1 X164.964 Y72.199 E10.54528
G1 X164.400 Y72.199 E10.57325
G1 X165.314 Y71.285 E10.63743
G1 X164.751 Y71.285 E10.66540
G1 X163.837 Y72.199 E10.72957
G1 X163.383 Y72.199 E10.75215
G1 X162.762 Y73.274 E10.81381
G1 X159.953 Y76.083 E11.01113
G1 X160.086 Y76.514 E11.03350
G1 X161.993 Y74.607 E11.16745
G1 X161.766 Y75.000 E11.19001
G1 X161.911 Y75.252 E11.20444
G1 X160.219 Y76.944 E11.32332
G1 X160.315 Y77.256 E11.33954
G1 X160.378 Y77.348 E11.34508
G1 X162.117 Y75.609 E11.46727
G1 X162.323 Y75.966 E11.48774
G1 X160.606 Y77.683 E11.60838
G1 X160.834 Y78.018 E11.62851
G1 X162.529 Y76.323 E11.74758
G1 X162.736 Y76.680 E11.76806
G1 X161.063 Y78.353 E11.88558
G1 X161.188 Y78.537 E11.89664
G1 X161.329 Y78.649 E11.90561
G1 X162.942 Y77.037 E12.01888
G1 X163.148 Y77.394 E12.03935
G1 X161.643 Y78.899 E12.14510
G1 X161.956 Y79.149 E12.16500
G1 X163.354 Y77.751 E12.26322
G1 X163.383 Y77.801 E12.26608
G1 X163.867 Y77.801 E12.29014
G1 X162.269 Y79.399 E12.40240
G1 X162.400 Y79.503 E12.41071
G1 X162.636 Y79.596 E12.42328
G1 X164.430 Y77.801 E12.54936
G1 X164.994 Y77.801 E12.57733
G1 X163.040 Y79.755 E12.71456
G1 X163.444 Y79.913 E12.73614
G1 X165.557 Y77.801 E12.88452
G1 X166.120 Y77.801 E12.91250
G1 X163.851 Y80.070 E13.07190
G1 X164.375 Y80.109 E13.09800
G1 X168.715 Y75.770 E13.40285
G1 X168.715 Y76.333 E13.43082
G1 X164.899 Y80.149 E13.69887
G1 X165.389 Y80.185 E13.72328
G1 X165.436 Y80.175 E13.72569
G1 X168.715 Y76.896 E13.95600
G1 X168.715 Y77.459 E13.98397
G1 X166.166 Y80.008 E14.16302
G1 X166.895 Y79.842 E14.20020
G1 X168.715 Y78.022 E14.32800
G1 X168.715 Y78.556 E14.35453
G1 X167.750 Y79.550 E14.42331
G1 X159.684 Y75.789 F7800.000
G1 F1200.000
G1 X164.188 Y71.285 E14.73963
G1 X163.625 Y71.285 E14.76761
G1 X159.858 Y75.052 E15.03218
G1 X159.858 Y74.489 E15.06015
G1 X163.061 Y71.285 E15.28516
G1 X162.498 Y71.285 E15.31314
G1 X159.992 Y73.792 E15.48921
G1 X160.243 Y72.978 E15.53154
G1 X161.935 Y71.285 E15.65040
G1 X161.411 Y71.285 E15.67643
G1 X161.218 Y71.440 E15.68871
G1 X160.515 Y72.142 E15.73805
G1 E13.73805 F2400.000
G92 E0
G1 X83.550 Y72.488 F7800.000
G1 E2.00000 F2400.000
;TYPE:Perimeter
;WIDTH:0.45
G1 F900.000
G1 X86.450 Y72.488 E2.13950
G1 X87.900 Y75.000 E2.27899
G1 X86.450 Y77.512 E2.41849
G1 X83.550 Y77.512 E2.55799
G1 X82.100 Y75.000 E2.69749
G1 X83.520 Y72.540 E2.83410
G1 X86.285 Y72.974 F7800.000
G1 F900.000
G1 X87.455 Y75.000 E2.94661
G1 X86.228 Y77.126 E3.06469
G1 X83.772 Y77.126 E3.18277
G1 X82.545 Y75.000 E3.30085
G1 X83.772 Y72.874 E3.41893
G1 X86.228 Y72.874 E3.53701
G1 X86.255 Y72.922 E3.53970
G1 X86.005 Y73.259 F7800.000
;TYPE:External perimeter
G1 F900.000
G1 X87.010 Y75.000 E3.63636
G1 X86.005 Y76.741 E3.73303
G1 X83.995 Y76.741 E3.82969
G1 X82.990 Y75.000 E3.92635
G1 X83.995 Y73.259 E4.02302
G1 X85.945 Y73.259 E4.11680
G1 X86.351 Y73.059 F7800.000
G1 X88.694 Y70.996
;TYPE:Perimeter
G1 F900.000
G1 X89.538 Y71.906 E4.17649
G1 X90.248 Y73.381 E4.25523
G1 X90.493 Y75.000 E4.33398
G1 X90.248 Y76.619 E4.41272
G1 X89.538 Y78.094 E4.49147
G1 X88.425 Y79.294 E4.57021
G1 X87.007 Y80.113 E4.64896
G1 X85.410 Y80.477 E4.72770
G1 X83.778 Y80.355 E4.80645
G1 X82.254 Y79.757 E4.88519
G1 X80.996 Y78.754 E4.96255
G1 X80.996 Y71.246 E5.32365
G1 X81.310 Y70.996 E5.34293
G1 X88.634 Y70.996 E5.69520
G1 X88.862 Y70.611 F7800.000
G1 F900.000
G1 X89.860 Y71.686 E5.76578
G1 X90.621 Y73.266 E5.85012
G1 X90.882 Y75.000 E5.93445
G1 X90.621 Y76.734 E6.01879
G1 X89.860 Y78.314 E6.10312
G1 X88.668 Y79.599 E6.18746
G1 X87.149 Y80.476 E6.27180
G1 X85.440 Y80.866 E6.35613
G1 X83.691 Y80.735 E6.44047
G1 X82.059 Y80.094 E6.52481
G1 X80.688 Y79.001 E6.60914
G1 X80.611 Y78.888 E6.61574
G1 X80.611 Y71.112 E6.98972
G1 X80.688 Y70.999 E6.99631
G1 X81.175 Y70.611 E7.02626
G1 X88.802 Y70.611 E7.39312
G1 X89.031 Y70.225 F7800.000
;TYPE:External perimeter
G1 F900.000
G1 X90.183 Y71.467 E7.47459
G1 X90.994 Y73.151 E7.56451
G1 X91.272 Y75.000 E7.65444
G1 X90.994 Y76.849 E7.74437
G1 X90.183 Y78.533 E7.83430
G1 X88.911 Y79.904 E7.92422
G1 X87.292 Y80.839 E8.01415
G1 X85.469 Y81.255 E8.10408
G1 X83.604 Y81.115 E8.19401
G1 X81.864 Y80.432 E8.28393
G1 X80.402 Y79.266 E8.37386
G1 X80.225 Y79.007 E8.38897
G1 X80.225 Y70.993 E8.77440
G1 X80.402 Y70.734 E8.78951
G1 X81.040 Y70.225 E8.82874
G1 X88.971 Y70.225 E9.21018
G1 X89.028 Y70.625 F7800.000
G1 X90.185 Y73.738
;TYPE:Solid infill
;WIDTH:0.462365
G1 F1200.000
G1 X87.293 Y76.630 E9.41321
G1 X88.062 Y75.298 E9.48954
G1 X89.944 Y73.416 E9.62169
G1 X89.761 Y73.036 E9.64262
G1 X88.074 Y74.723 E9.76104
G1 X87.868 Y74.366 E9.78149
G1 X89.578 Y72.656 E9.90154
G1 X89.396 Y72.276 E9.92247
G1 X87.662 Y74.010 E10.04414
G1 X87.456 Y73.653 E10.06459
G1 X89.172 Y71.937 E10.18504
G1 X88.901 Y71.645 E10.20481
G1 X87.250 Y73.296 E10.32071
G1 X87.044 Y72.939 E10.34116
G1 X88.630 Y71.353 E10.45251
G1 X88.568 Y71.285 E10.45708
G1 X88.135 Y71.285 E10.47856
G1 X86.838 Y72.582 E10.56959
G1 X86.632 Y72.225 E10.59004
G1 X87.572 Y71.285 E10.65603
G1 X87.009 Y71.285 E10.68397
G1 X86.096 Y72.199 E10.74810
G1 X85.533 Y72.199 E10.77604
G1 X86.447 Y71.285 E10.84017
G1 X85.884 Y71.285 E10.86811
G1 X84.970 Y72.199 E10.93225
G1 X84.407 Y72.199 E10.96018
G1 X85.321 Y71.285 E11.02432
G1 X84.758 Y71.285 E11.05226
G1 X83.845 Y72.199 E11.11639
G1 X83.383 Y72.199 E11.13931
G1 X82.752 Y73.291 E11.20192
G1 X81.285 Y74.758 E11.30489
G1 X81.285 Y75.321 E11.33283
G1 X81.983 Y74.623 E11.38182
G1 X81.766 Y75.000 E11.40342
G1 X81.913 Y75.256 E11.41808
G1 X81.285 Y75.884 E11.46217
G1 X81.285 Y76.447 E11.49011
G1 X82.119 Y75.613 E11.54865
G1 X82.325 Y75.969 E11.56911
G1 X81.285 Y77.009 E11.64211
G1 X81.285 Y77.572 E11.67005
G1 X82.531 Y76.326 E11.75752
G1 X82.737 Y76.683 E11.77798
G1 X81.285 Y78.135 E11.87991
G1 X81.285 Y78.615 E11.90371
G1 X81.332 Y78.652 E11.90665
G1 X82.943 Y77.040 E12.01979
G1 X83.149 Y77.397 E12.04024
G1 X81.645 Y78.901 E12.14586
G1 X81.958 Y79.151 E12.16574
G1 X83.356 Y77.754 E12.26384
G1 X83.383 Y77.801 E12.26655
G1 X83.871 Y77.801 E12.29078
G1 X82.271 Y79.401 E12.40308
G1 X82.400 Y79.503 E12.41126
G1 X82.638 Y79.597 E12.42395
G1 X84.434 Y77.801 E12.55002
G1 X84.997 Y77.801 E12.57795
G1 X83.042 Y79.755 E12.71516
G1 X83.446 Y79.914 E12.73671
G1 X85.559 Y77.801 E12.88505
G1 X86.122 Y77.801 E12.91299
G1 X83.853 Y80.070 E13.07230
G1 X84.376 Y80.110 E13.09836
G1 X90.107 Y74.380 E13.50061
G1 X90.180 Y74.869 E13.52517
G1 X84.900 Y80.149 E13.89583
G1 X85.389 Y80.185 E13.92015
G1 X85.437 Y80.174 E13.92264
G1 X90.127 Y75.485 E14.25184
G1 X90.027 Y76.148 E14.28511
G1 X86.167 Y80.008 E14.55611
G1 X86.896 Y79.841 E14.59324
G1 X89.750 Y76.987 E14.79360
G1 X89.297 Y77.929 E14.84550
G1 X88.338 Y78.962 E14.91543
G1 X87.750 Y79.550 E14.95670
G1 X81.112 Y74.369 F7800.000
G1 F1200.000
G1 X84.195 Y71.285 E15.17316
G1 X83.632 Y71.285 E15.20110
G1 X81.285 Y73.632 E15.36586
G1 X81.285 Y73.070 E15.39380
G1 X83.070 Y71.285 E15.51905
G1 X82.507 Y71.285 E15.54699
G1 X81.285 Y72.507 E15.63273
G1 X81.285 Y71.944 E15.66067
G1 X82.118 Y71.112 E15.71908
G1 E13.71908 F2400.000
G92 E0
G1 X83.550 Y107.488 F7800.000
G1 E2.00000 F2400.000
;TYPE:Perimeter
;WIDTH:0.45
G1 F900.000
G1 X86.450 Y107.488 E2.13950
G1 X87.900 Y110.000 E2.27899
G1 X86.450 Y112.512 E2.41849
G1 X83.550 Y112.512 E2.55798
G1 X82.100 Y110.000 E2.69748
G1 X83.520 Y107.540 E2.83409
G1 E0.83409 F2400.000
G92 E0
G1 X86.112 Y112.126 F7800.000
G1 E2.00000 F2400.000
G1 F900.000
G1 X83.772 Y112.126 E2.11251
G1 X82.545 Y110.000 E2.23059
G1 X83.772 Y107.874 E2.34867
G1 X86.228 Y107.874 E2.46675
G1 X87.455 Y110.000 E2.58483
G1 X86.228 Y112.126 E2.70291
G1 X86.172 Y112.126 E2.70559
G1 X86.005 Y111.740 F7800.000
;TYPE:External perimeter
G1 F900.000
G1 X83.995 Y111.740 E2.80226
G1 X82.990 Y110.000 E2.89892
G1 X83.995 Y108.260 E2.99558
G1 X86.005 Y108.260 E3.09225
G1 X87.010 Y110.000 E3.18891
G1 X86.035 Y111.689 E3.28269
G1 X86.005 Y112.140 F7800.000
G1 X88.694 Y114.004
;TYPE:Perimeter
G1 F900.000
G1 X81.310 Y114.004 E3.63785
G1 X80.996 Y113.754 E3.65713
G1 X80.996 Y106.246 E4.01822
G1 X82.254 Y105.243 E4.09558
G1 X83.778 Y104.645 E4.17433
G1 X85.410 Y104.523 E4.25307
G1 X87.007 Y104.887 E4.33182
G1 X88.425 Y105.706 E4.41056
G1 X89.538 Y106.906 E4.48931
G1 X90.248 Y108.381 E4.56806
G1 X90.493 Y110.000 E4.64680
G1 X90.248 Y111.619 E4.72555
G1 X89.538 Y113.094 E4.80429
G1 X88.735 Y113.960 E4.86109
G1 X88.862 Y114.389 F7800.000
G1 F900.000
G1 X81.175 Y114.389 E5.23084
G1 X80.688 Y114.001 E5.26079
G1 X80.611 Y113.888 E5.26738
G1 X80.611 Y106.112 E5.64137
G1 X80.688 Y105.999 E5.64796
G1 X82.059 Y104.906 E5.73230
G1 X83.691 Y104.265 E5.81663
G1 X85.440 Y104.134 E5.90097
G1 X87.149 Y104.524 E5.98531
G1 X88.668 Y105.401 E6.06964
G1 X89.860 Y106.686 E6.15398
G1 X90.621 Y108.266 E6.23831
G1 X90.882 Y110.000 E6.32265
G1 X90.621 Y111.734 E6.40699
G1 X89.860 Y113.314 E6.49132
G1 X88.903 Y114.345 E6.55901
G1 X89.031 Y114.775 F7800.000
;TYPE:External perimeter
G1 F900.000
G1 X81.040 Y114.775 E6.94334
G1 X80.402 Y114.266 E6.98258
G1 X80.225 Y114.007 E6.99769
G1 X80.225 Y105.993 E7.38311
G1 X80.402 Y105.734 E7.39822
G1 X81.864 Y104.568 E7.48815
G1 X83.604 Y103.885 E7.57808
G1 X85.469 Y103.745 E7.66800
G1 X87.292 Y104.161 E7.75793
G1 X88.911 Y105.096 E7.84786
G1 X90.183 Y106.467 E7.93779
G1 X90.994 Y108.151 E8.02771
G1 X91.272 Y110.000 E8.11764
G1 X90.994 Y111.849 E8.20757
G1 X90.183 Y113.533 E8.29749
G1 X89.071 Y114.731 E8.37607
G1 X88.730 Y114.511 F7800.000
G1 X88.390 Y113.888
;TYPE:Solid infill
;WIDTH:0.461778
G1 F1200.000
G1 X89.297 Y112.929 E8.44147
G1 X89.770 Y111.947 E8.49553
G1 X88.002 Y113.715 E8.61946
G1 X87.440 Y113.715 E8.64732
G1 X90.031 Y111.124 E8.82894
G1 X90.130 Y110.462 E8.86211
G1 X86.878 Y113.715 E9.09011
G1 X86.316 Y113.715 E9.11797
G1 X90.178 Y109.852 E9.38869
G1 X90.104 Y109.364 E9.41317
G1 X85.754 Y113.715 E9.71812
G1 X85.192 Y113.715 E9.74598
G1 X86.105 Y112.801 E9.81002
G1 X85.543 Y112.801 E9.83787
G1 X84.630 Y113.715 E9.90192
G1 X84.068 Y113.715 E9.92977
G1 X84.981 Y112.801 E9.99382
G1 X84.419 Y112.801 E10.02167
G1 X83.506 Y113.715 E10.08571
G1 X82.944 Y113.715 E10.11357
G1 X83.857 Y112.801 E10.17761
G1 X83.383 Y112.801 E10.20113
G1 X83.351 Y112.745 E10.20431
G1 X82.382 Y113.715 E10.27224
G1 X81.820 Y113.715 E10.30009
G1 X83.145 Y112.389 E10.39300
G1 X82.939 Y112.033 E10.41339
G1 X81.326 Y113.647 E10.52651
G1 X81.285 Y113.615 E10.52906
G1 X81.285 Y113.125 E10.55334
G1 X82.734 Y111.677 E10.65485
G1 X82.528 Y111.320 E10.67525
G1 X81.285 Y112.563 E10.76234
G1 X81.285 Y112.001 E10.79020
G1 X82.322 Y110.964 E10.86288
G1 X82.117 Y110.608 E10.88327
G1 X81.285 Y111.439 E10.94153
G1 X81.285 Y110.877 E10.96938
G1 X81.911 Y110.251 E11.01322
G1 X81.766 Y110.000 E11.02761
G1 X81.992 Y109.608 E11.05002
G1 X81.285 Y110.315 E11.09953
G1 X81.285 Y109.753 E11.12739
G1 X82.760 Y108.279 E11.23072
G1 X83.383 Y107.199 E11.29251
G1 X83.839 Y107.199 E11.31513
G1 X86.069 Y104.970 E11.47140
G1 X85.611 Y104.865 E11.49466
G1 X81.285 Y109.191 E11.79786
G1 X81.285 Y108.629 E11.82572
G1 X85.076 Y104.838 E12.09144
G1 X84.469 Y104.883 E12.12164
G1 X81.285 Y108.067 E12.34478
G1 X81.285 Y107.505 E12.37263
G1 X83.861 Y104.929 E12.55319
G1 X82.946 Y105.282 E12.60182
G1 X81.112 Y107.116 E12.73037
G1 X84.228 Y107.373 F7800.000
G1 F1200.000
G1 X86.526 Y105.074 E12.89149
G1 X86.900 Y105.159 E12.91049
G1 X86.965 Y105.197 E12.91423
G1 X84.963 Y107.199 E13.05456
G1 X85.525 Y107.199 E13.08241
G1 X87.321 Y105.403 E13.20832
G1 X87.678 Y105.609 E13.22871
G1 X86.087 Y107.199 E13.34020
G1 X86.617 Y107.199 E13.36647
G1 X86.629 Y107.219 E13.36764
G1 X88.034 Y105.814 E13.46613
G1 X88.242 Y105.934 E13.47805
G1 X88.355 Y106.056 E13.48624
G1 X86.835 Y107.576 E13.59279
G1 X87.040 Y107.932 E13.61318
G1 X88.625 Y106.347 E13.72427
G1 X88.896 Y106.639 E13.74398
G1 X87.246 Y108.288 E13.85961
G1 X87.452 Y108.645 E13.88001
G1 X89.166 Y106.930 E14.00018
G1 X89.297 Y107.071 E14.00968
G1 X89.391 Y107.267 E14.02049
G1 X87.657 Y109.001 E14.14202
G1 X87.863 Y109.357 E14.16241
G1 X89.574 Y107.646 E14.28232
G1 X89.756 Y108.026 E14.30319
G1 X88.069 Y109.713 E14.42148
G1 X88.234 Y110.000 E14.43788
G1 X88.084 Y110.260 E14.45277
G1 X89.939 Y108.405 E14.58280
G1 X89.969 Y108.467 E14.58622
G1 X90.031 Y108.876 E14.60669
G1 X86.842 Y112.064 E14.83019
;LAYER_CHANGE
;Z:0.92
;HEIGHT:0.3
G1 Z0.920 F7800.000
G1 E12.83019 F2400.000
G92 E0
G1 X79.852 Y114.785 F7800.000
G1 E2.00000 F2400.000
;TYPE:Support material
;WIDTH:0.35
G1 F3600.000
G1 X77.805 Y114.785 E2.07291
G1 X79.600 Y114.136 F7800.000
G1 F3600.000
G1 X79.636 Y114.252 E2.07720
G1 X79.962 Y114.715 E2.09741
G1 X80.765 Y115.355 E2.13397
G1 X80.893 Y115.400 E2.13881
G1 X83.184 Y115.400 E2.22041
G1 X83.184 Y117.538 E2.29658
G1 X77.677 Y117.538 E2.49276
G1 X77.677 Y112.031 E2.68894
G1 X79.600 Y112.031 E2.75746
G1 X79.600 Y114.136 E2.83245
G1 E0.83245 F2400.000
G92 E0
G1 X77.805 Y103.642 F7800.000
G1 E2.00000 F2400.000
G1 F3600.000
G1 X81.807 Y103.642 E2.14257
G1 X82.926 Y103.203 E2.18540
G1 X82.926 Y100.857 E2.26899
G1 X77.934 Y100.857 E2.44685
G1 X77.934 Y98.071 E2.54609
G1 X82.926 Y98.071 E2.72395
G1 X82.926 Y95.286 E2.82319
G1 X77.934 Y95.286 E3.00105
G1 X77.934 Y92.500 E3.10029
G1 X82.926 Y92.500 E3.27815
G1 X82.926 Y89.714 E3.37738
G1 X77.934 Y89.714 E3.55525
G1 X77.934 Y86.929 E3.65448
G1 X82.926 Y86.929 E3.83235
G1 X82.926 Y84.143 E3.93158
G1 X77.934 Y84.143 E4.10944
G1 X77.934 Y81.358 E4.20868
G1 X82.159 Y81.358 E4.35921
G1 E2.35921 F2400.000
G92 E0
G1 X79.600 Y79.136 F7800.000
G1 E2.00000 F2400.000
G1 F3600.000
G1 X79.636 Y79.252 E2.00430
G1 X79.962 Y79.715 E2.02450
G1 X81.524 Y80.961 E2.09566
G1 X83.184 Y81.621 E2.15929
G1 X83.184 Y103.379 E2.93436
G1 X81.524 Y104.039 E2.99800
G1 X79.962 Y105.285 E3.06916
G1 X79.636 Y105.748 E3.08936
G1 X79.600 Y105.864 E3.09365
G1 X79.600 Y106.396 E3.11262
G1 X77.677 Y106.396 E3.18114
G1 X77.677 Y78.604 E4.17120
G1 X79.600 Y78.604 E4.23972
G1 X79.600 Y79.136 E4.25868
G1 E2.25868 F2400.000
G92 E0
G1 X77.805 Y70.215 F7800.000
G1 E2.00000 F2400.000
G1 F3600.000
G1 X79.852 Y70.215 E2.07291
G1 E0.07291 F2400.000
G92 E0
G1 X83.184 Y69.600 F7800.000
G1 E2.00000 F2400.000
G1 F3600.000
G1 X80.893 Y69.600 E2.08159
G1 X80.765 Y69.645 E2.08644
G1 X79.962 Y70.285 E2.12300
G1 X79.636 Y70.748 E2.14320
G1 X79.600 Y70.864 E2.14750
G1 X79.600 Y72.968 E2.22249
G1 X77.677 Y72.968 E2.29100
G1 X77.677 Y67.462 E2.48718
G1 X83.184 Y67.462 E2.68336
G1 X83.184 Y69.600 E2.75954
G1 E0.75954 F2400.000
G92 E0
G1 X170.049 Y70.215 F7800.000
G1 E2.00000 F2400.000
G1 F3600.000
G1 X172.195 Y70.215 E2.07643
G1 X172.323 Y72.968 F7800.000
G1 F3600.000
G1 X172.323 Y67.462 E2.27261
G1 X166.816 Y67.462 E2.46879
G1 X166.816 Y69.600 E2.54497
G1 X169.212 Y69.600 E2.63032
G1 X169.365 Y69.667 E2.63626
G1 X170.345 Y70.722 E2.68757
G1 X170.400 Y70.863 E2.69296
G1 X170.400 Y72.968 E2.76795
G1 X172.323 Y72.968 E2.83647
G1 E0.83647 F2400.000
G92 E0
G1 X172.195 Y81.358 F7800.000
G1 E2.00000 F2400.000
G1 F3600.000
G1 X168.157 Y81.358 E2.14383
G1 X167.661 Y81.644 E2.16427
G1 X167.073 Y81.793 E2.18584
G1 X167.073 Y84.143 E2.26955
G1 X172.066 Y84.143 E2.44741
G1 X172.066 Y86.929 E2.54665
G1 X167.073 Y86.929 E2.72451
G1 X167.073 Y89.714 E2.82375
G1 X172.066 Y89.714 E3.00161
G1 X172.066 Y92.500 E3.10085
G1 X167.073 Y92.500 E3.27871
G1 X167.073 Y95.286 E3.37794
G1 X172.066 Y95.286 E3.55581
G1 X172.066 Y98.071 E3.65504
G1 X167.073 Y98.071 E3.83291
G1 X167.073 Y100.857 E3.93214
G1 X172.066 Y100.857 E4.11000
G1 X172.066 Y103.642 E4.20924
G1 X167.900 Y103.642 E4.35765
G1 X172.323 Y106.396 F7800.000
G1 F3600.000
G1 X172.323 Y78.604 E5.34771
G1 X170.400 Y78.604 E5.41622
G1 X170.400 Y79.137 E5.43520
G1 X170.345 Y79.278 E5.44059
G1 X169.326 Y80.376 E5.49397
G1 X167.549 Y81.412 E5.56724
G1 X166.816 Y81.588 E5.59407
G1 X166.816 Y103.412 E6.37150
G1 X167.549 Y103.588 E6.39834
G1 X169.326 Y104.624 E6.47161
G1 X170.345 Y105.723 E6.52499
G1 X170.400 Y105.863 E6.53038
G1 X170.400 Y106.396 E6.54935
G1 X172.323 Y106.396 E6.61787
G1 E4.61787 F2400.000
G92 E0
G1 X170.049 Y114.785 F7800.000
G1 E2.00000 F2400.000
G1 F3600.000
G1 X172.195 Y114.785 E2.07644
G1 X172.323 Y117.538 F7800.000
G1 F3600.000
G1 X166.816 Y117.538 E2.27261
G1 X166.816 Y115.400 E2.34879
G1 X169.212 Y115.400 E2.43414
G1 X169.365 Y115.333 E2.44008
G1 X170.345 Y114.277 E2.49139
G1 X170.400 Y114.137 E2.49678
G1 X170.400 Y112.031 E2.57177
G1 X172.323 Y112.031 E2.64029
G1 X172.323 Y117.538 E2.83647
G1 E0.83647 F2400.000
G92 E0
G1 X163.550 Y107.488 F7800.000
G1 E2.00000 F2400.000
;TYPE:Perimeter
;WIDTH:0.45
G1 F900.000
G1 X166.450 Y107.488 E2.13950
G1 X167.900 Y110.000 E2.27899
G1 X166.450 Y112.512 E2.41849
G1 X163.550 Y112.512 E2.55798
G1 X162.100 Y110.000 E2.69748
G1 X163.520 Y107.540 E2.83409
G1 X163.772 Y107.874 F7800.000
G1 F900.000
G1 X166.228 Y107.874 E2.95217
G1 X167.455 Y110.000 E3.07025
G1 X166.228 Y112.126 E3.18833
G1 X163.772 Y112.126 E3.30641
G1 X162.545 Y110.000 E3.42449
G1 X163.742 Y107.926 E3.53968
G1 E1.53968 F2400.000
G92 E0
G1 X166.005 Y111.740 F7800.000
G1 E2.00000 F2400.000
;TYPE:External perimeter
G1 F900.000
G1 X163.995 Y111.740 E2.09666
G1 X162.990 Y110.000 E2.19333
G1 X163.995 Y108.260 E2.28999
G1 X166.005 Y108.260 E2.38666
G1 X167.010 Y110.000 E2.48332
G1 X166.035 Y111.689 E2.57710
G1 X166.005 Y112.140 F7800.000
G1 X168.694 Y114.004
;TYPE:Perimeter
G1 F900.000
G1 X161.310 Y114.004 E2.93226
G1 X160.974 Y113.736 E2.95292
G1 X160.051 Y112.383 E3.03167
G1 X159.569 Y110.819 E3.11041
G1 X159.569 Y109.181 E3.18916
G1 X160.051 Y107.617 E3.26790
G1 X160.974 Y106.264 E3.34665
G1 X162.254 Y105.243 E3.42540
G1 X163.778 Y104.645 E3.50414
G1 X165.410 Y104.523 E3.58288
G1 X167.007 Y104.887 E3.66163
G1 X168.425 Y105.706 E3.74038
G1 X169.004 Y106.330 E3.78134
G1 X169.004 Y113.670 E4.13436
G1 X168.735 Y113.960 E4.15337
G1 X168.862 Y114.389 F7800.000
G1 F900.000
G1 X161.175 Y114.389 E4.52312
G1 X160.688 Y114.001 E4.55307
G1 X159.700 Y112.552 E4.63741
G1 X159.183 Y110.877 E4.72174
G1 X159.183 Y109.123 E4.80608
G1 X159.700 Y107.448 E4.89041
G1 X160.688 Y105.999 E4.97475
G1 X162.059 Y104.906 E5.05909
G1 X163.691 Y104.265 E5.14342
G1 X165.440 Y104.134 E5.22776
G1 X167.149 Y104.524 E5.31210
G1 X168.668 Y105.401 E5.39643
G1 X169.389 Y106.179 E5.44747
G1 X169.389 Y113.821 E5.81505
G1 X168.903 Y114.345 E5.84944
G1 X169.031 Y114.775 F7800.000
;TYPE:External perimeter
G1 F900.000
G1 X161.040 Y114.775 E6.23376
G1 X160.402 Y114.266 E6.27300
G1 X159.349 Y112.721 E6.36293
G1 X158.798 Y110.935 E6.45285
G1 X158.798 Y109.065 E6.54278
G1 X159.349 Y107.279 E6.63271
G1 X160.402 Y105.734 E6.72264
G1 X161.864 Y104.568 E6.81256
G1 X163.604 Y103.885 E6.90249
G1 X165.469 Y103.745 E6.99241
G1 X167.292 Y104.161 E7.08234
G1 X168.911 Y105.096 E7.17227
G1 X169.775 Y106.027 E7.23338
G1 X169.775 Y113.973 E7.61552
G1 X169.071 Y114.731 E7.66528
G1 X168.690 Y114.565 F7800.000
G1 X164.361 Y113.888
;TYPE:Solid infill
;WIDTH:0.462615
G1 F1200.000
G1 X159.858 Y109.385 E7.98160
G1 X159.858 Y109.948 E8.00957
G1 X163.625 Y113.715 E8.27415
G1 X163.061 Y113.715 E8.30212
G1 X159.858 Y110.511 E8.52713
G1 X159.858 Y110.775 E8.54024
G1 X159.992 Y111.208 E8.56274
G1 X162.498 Y113.715 E8.73881
G1 X161.935 Y113.715 E8.76679
G1 X160.243 Y112.022 E8.88565
G1 X160.315 Y112.256 E8.89780
G1 X161.175 Y113.518 E8.97366
G1 X161.545 Y113.888 E8.99965
G1 X163.715 Y104.794 F7800.000
G1 F1200.000
G1 X166.120 Y107.199 E9.16859
G1 X165.557 Y107.199 E9.19656
G1 X163.444 Y105.087 E9.34494
G1 X163.040 Y105.245 E9.36652
G1 X164.994 Y107.199 E9.50376
G1 X164.430 Y107.199 E9.53173
G1 X162.636 Y105.404 E9.65781
G1 X162.400 Y105.497 E9.67038
G1 X162.269 Y105.601 E9.67869
G1 X163.867 Y107.199 E9.79095
G1 X163.383 Y107.199 E9.81501
G1 X163.354 Y107.249 E9.81788
G1 X161.956 Y105.851 E9.91609
G1 X161.643 Y106.101 E9.93600
G1 X163.148 Y107.606 E10.04174
G1 X162.942 Y107.963 E10.06222
G1 X161.329 Y106.351 E10.17549
G1 X161.188 Y106.463 E10.18445
G1 X161.063 Y106.647 E10.19552
G1 X162.736 Y108.320 E10.31303
G1 X162.529 Y108.677 E10.33351
G1 X160.834 Y106.982 E10.45259
G1 X160.606 Y107.317 E10.47272
G1 X162.323 Y109.034 E10.59335
G1 X162.117 Y109.391 E10.61383
G1 X160.378 Y107.652 E10.73601
G1 X160.315 Y107.744 E10.74155
G1 X160.219 Y108.056 E10.75777
G1 X161.911 Y109.748 E10.87665
G1 X161.766 Y110.000 E10.89109
G1 X161.993 Y110.393 E10.91364
G1 X160.086 Y108.486 E11.04758
G1 X159.953 Y108.917 E11.06995
G1 X162.762 Y111.726 E11.26727
G1 X163.383 Y112.801 E11.32893
G1 X163.837 Y112.801 E11.35150
G1 X164.751 Y113.715 E11.41568
G1 X165.314 Y113.715 E11.44366
G1 X164.400 Y112.801 E11.50783
G1 X164.964 Y112.801 E11.53581
G1 X165.877 Y113.715 E11.59998
G1 X166.440 Y113.715 E11.62796
G1 X165.527 Y112.801 E11.69213
G1 X166.090 Y112.801 E11.72011
G1 X167.004 Y113.715 E11.78429
G1 X167.567 Y113.715 E11.81226
G1 X166.630 Y112.778 E11.87804
G1 X166.836 Y112.421 E11.89852
G1 X168.130 Y113.715 E11.98938
G1 X168.568 Y113.715 E12.01113
G1 X168.628 Y113.650 E12.01554
G1 X167.043 Y112.064 E12.12691
G1 X167.249 Y111.707 E12.14739
G1 X168.715 Y113.173 E12.25035
G1 X168.715 Y112.610 E12.27833
G1 X167.455 Y111.350 E12.36681
G1 X167.661 Y110.993 E12.38729
G1 X168.715 Y112.046 E12.46129
G1 X168.715 Y111.483 E12.48926
G1 X167.867 Y110.636 E12.54879
G1 X168.073 Y110.279 E12.56926
G1 X168.715 Y110.920 E12.61430
G1 X168.715 Y110.357 E12.64228
G1 X168.066 Y109.708 E12.68786
G1 X167.296 Y108.375 E12.76429
G1 X168.715 Y109.794 E12.86392
G1 X168.715 Y109.230 E12.89190
G1 X164.375 Y104.891 E13.19675
G1 X164.899 Y104.851 E13.22284
G1 X168.715 Y108.667 E13.49089
G1 X168.715 Y108.104 E13.51887
G1 X165.436 Y104.825 E13.74918
G1 X166.166 Y104.992 E13.78635
G1 X168.715 Y107.541 E13.96541
G1 X168.715 Y106.978 E13.99338
G1 X166.895 Y105.158 E14.12117
G1 X168.224 Y105.924 E14.19735
G1 X168.888 Y106.588 E14.24399
G1 E12.24399 F2400.000
G92 E0
G1 X163.550 Y72.488 F7800.000
G1 E2.00000 F2400.000
;TYPE:Perimeter
;WIDTH:0.45
G1 F900.000
G1 X166.450 Y72.488 E2.13950
G1 X166.850 Y73.181 E2.17796
G1 X167.900 Y75.000 E2.27899
G1 X166.450 Y77.512 E2.41849
G1 X163.550 Y77.512 E2.55799
G1 X162.100 Y75.000 E2.69749
G1 X163.520 Y72.540 E2.83410
G1 X163.772 Y72.874 F7800.000
G1 F900.000
G1 X166.228 Y72.874 E2.95218
G1 X166.516 Y73.374 E2.97994
G1 X167.455 Y75.000 E3.07026
G1 X166.228 Y77.126 E3.18834
G1 X163.772 Y77.126 E3.30642
G1 X162.545 Y75.000 E3.42450
G1 X163.742 Y72.926 E3.53970
G1 X166.005 Y73.259 F7800.000
;TYPE:External perimeter
G1 F900.000
G1 X167.010 Y75.000 E3.63636
G1 X166.005 Y76.741 E3.73303
G1 X163.995 Y76.741 E3.82969
G1 X162.990 Y75.000 E3.92635
G1 X163.995 Y73.259 E4.02302
G1 X165.945 Y73.259 E4.11680
G1 X166.351 Y73.059 F7800.000
G1 X168.694 Y70.996
;TYPE:Perimeter
G1 F900.000
G1 X169.004 Y71.330 E4.13870
G1 X169.004 Y78.670 E4.49172
G1 X168.425 Y79.294 E4.53268
G1 X167.007 Y80.113 E4.61143
G1 X165.410 Y80.477 E4.69018
G1 X163.778 Y80.355 E4.76892
G1 X162.254 Y79.757 E4.84766
G1 X160.974 Y78.736 E4.92641
G1 X160.051 Y77.383 E5.00516
G1 X159.569 Y75.819 E5.08390
G1 X159.569 Y74.181 E5.16265
G1 X160.051 Y72.617 E5.24139
G1 X160.974 Y71.264 E5.32014
G1 X161.310 Y70.996 E5.34080
G1 X168.634 Y70.996 E5.69308
G1 X168.862 Y70.611 F7800.000
G1 F900.000
G1 X169.389 Y71.179 E5.73035
G1 X169.389 Y78.821 E6.09793
G1 X168.668 Y79.599 E6.14897
G1 X167.149 Y80.476 E6.23331
G1 X165.440 Y80.866 E6.31764
G1 X163.691 Y80.735 E6.40198
G1 X162.059 Y80.094 E6.48631
G1 X160.688 Y79.001 E6.57065
G1 X159.700 Y77.552 E6.65499
G1 X159.183 Y75.877 E6.73932
G1 X159.183 Y74.123 E6.82366
G1 X159.700 Y72.448 E6.90799
G1 X160.688 Y70.999 E6.99233
G1 X161.175 Y70.611 E7.02228
G1 X168.802 Y70.611 E7.38914
G1 X169.031 Y70.225 F7800.000
;TYPE:External perimeter
G1 F900.000
G1 X169.775 Y71.027 E7.44179
G1 X169.775 Y78.973 E7.82393
G1 X168.911 Y79.904 E7.88503
G1 X167.292 Y80.839 E7.97496
G1 X165.469 Y81.255 E8.06489
G1 X163.604 Y81.115 E8.15482
G1 X161.864 Y80.432 E8.24474
G1 X160.402 Y79.266 E8.33467
G1 X159.349 Y77.722 E8.42460
G1 X158.798 Y75.935 E8.51453
G1 X158.798 Y74.065 E8.60445
G1 X159.349 Y72.278 E8.69438
G1 X160.402 Y70.734 E8.78431
G1 X161.040 Y70.225 E8.82355
G1 X168.971 Y70.225 E9.20499
G1 X169.028 Y70.625 F7800.000
G1 X168.888 Y71.610
;TYPE:Solid infill
;WIDTH:0.462029
G1 F1200.000
G1 X168.564 Y71.285 E9.22775
G1 X168.001 Y71.285 E9.25564
G1 X168.715 Y71.999 E9.30568
G1 X168.715 Y72.561 E9.33357
G1 X167.439 Y71.285 E9.42305
G1 X166.876 Y71.285 E9.45094
G1 X168.715 Y73.124 E9.57987
G1 X168.715 Y73.686 E9.60776
G1 X166.314 Y71.285 E9.77613
G1 X165.752 Y71.285 E9.80402
G1 X168.715 Y74.248 E10.01183
G1 X168.715 Y74.811 E10.03972
G1 X167.319 Y73.416 E10.13757
G1 X168.088 Y74.746 E10.21377
G1 X168.715 Y75.373 E10.25774
G1 X168.715 Y75.935 E10.28563
G1 X168.068 Y75.288 E10.33100
G1 X167.862 Y75.645 E10.35142
G1 X168.715 Y76.498 E10.41123
G1 X168.715 Y77.060 E10.43912
G1 X167.656 Y76.002 E10.51336
G1 X167.450 Y76.358 E10.53378
G1 X168.715 Y77.622 E10.62246
G1 X168.715 Y78.185 E10.65036
G1 X167.244 Y76.715 E10.75348
G1 X167.039 Y77.071 E10.77389
G1 X168.623 Y78.655 E10.88501
G1 X168.352 Y78.947 E10.90475
G1 X166.833 Y77.428 E11.01132
G1 X166.627 Y77.784 E11.03174
G1 X168.031 Y79.188 E11.13019
G1 X167.674 Y79.394 E11.15061
G1 X166.081 Y77.801 E11.26232
G1 X165.519 Y77.801 E11.29021
G1 X167.317 Y79.599 E11.41636
G1 X166.961 Y79.805 E11.43678
G1 X164.957 Y77.801 E11.57736
G1 X164.394 Y77.801 E11.60525
G1 X166.520 Y79.927 E11.75439
G1 X166.063 Y80.032 E11.77768
G1 X163.832 Y77.801 E11.93414
G1 X163.383 Y77.801 E11.95641
G1 X162.769 Y76.739 E12.01726
G1 X159.952 Y73.921 E12.21489
G1 X160.084 Y73.491 E12.23719
G1 X162.001 Y75.408 E12.37164
G1 X161.766 Y75.000 E12.39501
G1 X161.908 Y74.753 E12.40916
G1 X160.217 Y73.061 E12.52780
G1 X160.315 Y72.744 E12.54428
G1 X160.374 Y72.656 E12.54953
G1 X162.114 Y74.396 E12.67156
G1 X162.320 Y74.040 E12.69198
G1 X160.602 Y72.322 E12.81245
G1 X160.830 Y71.988 E12.83253
G1 X162.526 Y73.683 E12.95145
G1 X162.732 Y73.327 E12.97187
G1 X161.058 Y71.653 E13.08924
G1 X161.188 Y71.463 E13.10066
G1 X161.323 Y71.356 E13.10922
G1 X162.938 Y72.970 E13.22247
G1 X163.143 Y72.614 E13.24289
G1 X161.815 Y71.285 E13.33605
G1 X162.378 Y71.285 E13.36394
G1 X163.349 Y72.257 E13.43210
G1 X163.383 Y72.199 E13.43543
G1 X163.854 Y72.199 E13.45877
G1 X162.940 Y71.285 E13.52285
G1 X163.502 Y71.285 E13.55074
G1 X164.416 Y72.199 E13.61482
G1 X164.978 Y72.199 E13.64271
G1 X164.065 Y71.285 E13.70679
G1 X164.627 Y71.285 E13.73468
G1 X165.541 Y72.199 E13.79876
G1 X166.103 Y72.199 E13.82666
G1 X165.016 Y71.112 E13.90291
G1 E11.90291 F2400.000
G92 E0
G1 X162.312 Y79.655 F7800.000
G1 E2.00000 F2400.000
G1 F1200.000
G1 X161.176 Y78.519 E2.07966
G1 X160.315 Y77.256 E2.15549
G1 X160.243 Y77.024 E2.16753
G1 X162.931 Y79.712 E2.35603
G1 X163.852 Y80.070 E2.40505
G1 X159.993 Y76.211 E2.67574
G1 X159.858 Y75.775 E2.69837
G1 X159.858 Y75.514 E2.71131
G1 X164.460 Y80.116 E3.03407
G1 X165.068 Y80.161 E3.06431
G1 X159.858 Y74.952 E3.42971
G1 X159.858 Y74.389 E3.45760
G1 X165.750 Y80.281 E3.87085
G1 E1.87085 F2400.000
G92 E0
G1 X83.550 Y72.488 F7800.000
G1 E2.00000 F2400.000
;TYPE:Perimeter
;WIDTH:0.45
G1 F900.000
G1 X86.450 Y72.488 E2.13950
G1 X86.850 Y73.181 E2.17796
G1 X87.900 Y75.000 E2.27899
G1 X86.450 Y77.512 E2.41849
G1 X83.550 Y77.512 E2.55799
G1 X82.100 Y75.000 E2.69749
G1 X83.520 Y72.540 E2.83410
G1 X83.772 Y72.874 F7800.000
G1 F900.000
G1 X86.228 Y72.874 E2.95218
G1 X86.516 Y73.374 E2.97994
G1 X87.455 Y75.000 E3.07026
G1 X86.228 Y77.126 E3.18834
G1 X83.772 Y77.126 E3.30642
G1 X82.545 Y75.000 E3.42450
G1 X83.742 Y72.926 E3.53970
G1 X86.005 Y73.259 F7800.000
;TYPE:External perimeter
G1 F900.000
G1 X87.010 Y75.000 E3.63636
G1 X86.005 Y76.741 E3.73303
G1 X83.995 Y76.741 E3.82969
G1 X82.990 Y75.000 E3.92636
G1 X83.995 Y73.259 E4.02302
G1 X85.945 Y73.259 E4.11680
G1 X86.351 Y73.059 F7800.000
G1 X88.694 Y70.996
;TYPE:Perimeter
G1 F900.000
G1 X89.538 Y71.906 E4.17649
G1 X90.248 Y73.381 E4.25523
G1 X90.493 Y75.000 E4.33398
G1 X90.248 Y76.619 E4.41272
G1 X89.538 Y78.094 E4.49147
G1 X88.425 Y79.294 E4.57021
G1 X87.007 Y80.113 E4.64896
G1 X85.410 Y80.477 E4.72770
G1 X83.778 Y80.355 E4.80645
G1 X82.254 Y79.757 E4.88519
G1 X80.996 Y78.754 E4.96255
G1 X80.996 Y71.246 E5.32365
G1 X81.310 Y70.996 E5.34293
G1 X88.634 Y70.996 E5.69520
G1 X88.862 Y70.611 F7800.000
G1 F900.000
G1 X89.860 Y71.686 E5.76578
G1 X90.621 Y73.266 E5.85012
G1 X90.882 Y75.000 E5.93445
G1 X90.621 Y76.734 E6.01879
G1 X89.860 Y78.314 E6.10312
G1 X88.668 Y79.599 E6.18746
G1 X87.149 Y80.476 E6.27180
G1 X85.440 Y80.866 E6.35613
G1 X83.691 Y80.735 E6.44047
G1 X82.059 Y80.094 E6.52481
G1 X80.688 Y79.001 E6.60914
G1 X80.611 Y78.888 E6.61574
G1 X80.611 Y71.112 E6.98972
G1 X80.688 Y70.999 E6.99631
G1 X81.175 Y70.611 E7.02626
G1 X88.802 Y70.611 E7.39312
G1 X89.031 Y70.225 F7800.000
;TYPE:External perimeter
G1 F900.000
G1 X90.183 Y71.467 E7.47459
G1 X90.994 Y73.151 E7.56451
G1 X91.272 Y75.000 E7.65444
G1 X90.994 Y76.849 E7.74437
G1 X90.183 Y78.533 E7.83430
G1 X88.911 Y79.904 E7.92422
G1 X87.292 Y80.839 E8.01415
G1 X85.469 Y81.255 E8.10408
G1 X83.604 Y81.115 E8.19401
G1 X81.864 Y80.432 E8.28393
G1 X80.402 Y79.266 E8.37386
G1 X80.225 Y79.007 E8.38897
G1 X80.225 Y70.993 E8.77440
G1 X80.402 Y70.734 E8.78951
G1 X81.040 Y70.225 E8.82874
G1 X88.971 Y70.225 E9.21018
G1 X89.028 Y70.625 F7800.000
G1 X89.619 Y72.341
;TYPE:Solid infill
;WIDTH:0.461779
G1 F1200.000
G1 X88.564 Y71.285 E9.28417
G1 X88.002 Y71.285 E9.31203
G1 X89.770 Y73.053 E9.43596
G1 X89.969 Y73.467 E9.45873
G1 X90.031 Y73.876 E9.47924
G1 X87.440 Y71.285 E9.66085
G1 X86.878 Y71.285 E9.68871
G1 X90.130 Y74.538 E9.91671
G1 X90.200 Y75.000 E9.93986
G1 X90.178 Y75.148 E9.94726
G1 X86.316 Y71.285 E10.21798
G1 X85.754 Y71.285 E10.24584
G1 X90.104 Y75.636 E10.55079
G1 X90.031 Y76.124 E10.57527
G1 X87.316 Y73.410 E10.76553
G1 X88.084 Y74.740 E10.84163
G1 X89.939 Y76.595 E10.97166
G1 X89.756 Y76.974 E10.99253
G1 X88.069 Y75.287 E11.11083
G1 X87.863 Y75.643 E11.13122
G1 X89.574 Y77.354 E11.25113
G1 X89.391 Y77.733 E11.27200
G1 X87.657 Y75.999 E11.39352
G1 X87.452 Y76.355 E11.41392
G1 X89.166 Y78.070 E11.53409
G1 X88.896 Y78.361 E11.55380
G1 X87.246 Y76.712 E11.66943
G1 X87.040 Y77.068 E11.68982
G1 X88.625 Y78.653 E11.80091
G1 X88.355 Y78.944 E11.82062
G1 X86.835 Y77.424 E11.92717
G1 X86.629 Y77.781 E11.94756
G1 X88.034 Y79.186 E12.04606
G1 X87.678 Y79.391 E12.06645
G1 X86.087 Y77.801 E12.17794
G1 X85.525 Y77.801 E12.20580
G1 X87.321 Y79.597 E12.33170
G1 X86.965 Y79.803 E12.35210
G1 X84.963 Y77.801 E12.49242
G1 X84.401 Y77.801 E12.52028
G1 X86.526 Y79.926 E12.66923
G1 X86.069 Y80.030 E12.69249
G1 X83.839 Y77.801 E12.84876
G1 X83.383 Y77.801 E12.87138
G1 X82.760 Y76.721 E12.93317
G1 X81.285 Y75.247 E13.03650
G1 X81.285 Y74.685 E13.06436
G1 X81.992 Y75.392 E13.11387
G1 X81.766 Y75.000 E13.13629
G1 X81.911 Y74.749 E13.15067
G1 X81.285 Y74.123 E13.19451
G1 X81.285 Y73.561 E13.22237
G1 X82.117 Y74.392 E13.28063
G1 X82.322 Y74.036 E13.30102
G1 X81.285 Y72.999 E13.37370
G1 X81.285 Y72.437 E13.40155
G1 X82.528 Y73.680 E13.48865
G1 X82.734 Y73.323 E13.50904
G1 X81.285 Y71.875 E13.61056
G1 X81.285 Y71.385 E13.63483
G1 X81.326 Y71.353 E13.63738
G1 X82.939 Y72.967 E13.75050
G1 X83.145 Y72.611 E13.77089
G1 X81.820 Y71.285 E13.86380
G1 X82.382 Y71.285 E13.89166
G1 X83.351 Y72.255 E13.95959
G1 X83.383 Y72.199 E13.96277
G1 X83.857 Y72.199 E13.98628
G1 X82.944 Y71.285 E14.05032
G1 X83.506 Y71.285 E14.07818
G1 X84.419 Y72.199 E14.14222
G1 X84.981 Y72.199 E14.17007
G1 X84.068 Y71.285 E14.23411
G1 X84.630 Y71.285 E14.26197
G1 X85.543 Y72.199 E14.32601
G1 X86.105 Y72.199 E14.35387
G1 X85.018 Y71.112 E14.43007
G1 X81.112 Y77.884 F7800.000
G1 F1200.000
G1 X82.946 Y79.718 E14.55861
G1 X83.861 Y80.071 E14.60725
G1 X81.285 Y77.495 E14.78780
G1 X81.285 Y76.933 E14.81566
G1 X84.469 Y80.117 E15.03880
G1 X85.076 Y80.162 E15.06899
G1 X81.285 Y76.371 E15.33472
G1 X81.285 Y75.809 E15.36257
G1 X85.756 Y80.280 E15.67593
G1 E13.67593 F2400.000
G92 E0
G1 X83.550 Y107.488 F7800.000
G1 E2.00000 F2400.000
;TYPE:Perimeter
;WIDTH:0.45
G1 F900.000
G1 X86.450 Y107.488 E2.13950
G1 X87.900 Y110.000 E2.27899
G1 X86.450 Y112.512 E2.41849
G1 X83.550 Y112.512 E2.55798
G1 X82.100 Y110.000 E2.69748
G1 X83.520 Y107.540 E2.83409
G1 X83.772 Y107.874 F7800.000
G1 F900.000
G1 X86.228 Y107.874 E2.95217
G1 X87.455 Y110.000 E3.07025
G1 X86.228 Y112.126 E3.18833
G1 X83.772 Y112.126 E3.30641
G1 X82.545 Y110.000 E3.42449
G1 X83.742 Y107.926 E3.53968
G1 E1.53968 F2400.000
G92 E0
G1 X86.005 Y111.740 F7800.000
G1 E2.00000 F2400.000
;TYPE:External perimeter
G1 F900.000
G1 X83.995 Y111.740 E2.09666
G1 X82.990 Y110.000 E2.19333
G1 X83.995 Y108.260 E2.28999
G1 X86.005 Y108.260 E2.38666
G1 X87.010 Y110.000 E2.48332
G1 X86.035 Y111.689 E2.57710
G1 X86.005 Y112.140 F7800.000
G1 X88.694 Y114.004
;TYPE:Perimeter
G1 F900.000
G1 X81.310 Y114.004 E2.93226
G1 X80.996 Y113.754 E2.95154
G1 X80.996 Y106.246 E3.31263
G1 X82.254 Y105.243 E3.38999
G1 X83.778 Y104.645 E3.46874
G1 X85.410 Y104.523 E3.54748
G1 X87.007 Y104.887 E3.62623
G1 X88.425 Y105.706 E3.70497
G1 X89.538 Y106.906 E3.78372
G1 X90.248 Y108.381 E3.86246
G1 X90.493 Y110.000 E3.94121
G1 X90.248 Y111.619 E4.01995
G1 X89.538 Y113.094 E4.09870
G1 X88.735 Y113.960 E4.15550
G1 X88.862 Y114.389 F7800.000
G1 F900.000
G1 X81.175 Y114.389 E4.52525
G1 X80.688 Y114.001 E4.55520
G1 X80.611 Y113.888 E4.56179
G1 X80.611 Y106.112 E4.93577
G1 X80.688 Y105.999 E4.94237
G1 X82.059 Y104.906 E5.02670
G1 X83.691 Y104.265 E5.11104
G1 X85.440 Y104.134 E5.19538
G1 X87.149 Y104.524 E5.27971
G1 X88.668 Y105.401 E5.36405
G1 X89.860 Y106.686 E5.44839
G1 X90.621 Y108.266 E5.53272
G1 X90.882 Y110.000 E5.61706
G1 X90.621 Y111.734 E5.70139
G1 X89.860 Y113.314 E5.78573
G1 X88.903 Y114.345 E5.85342
G1 X89.031 Y114.775 F7800.000
;TYPE:External perimeter
G1 F900.000
G1 X81.040 Y114.775 E6.23775
G1 X80.402 Y114.266 E6.27699
G1 X80.225 Y114.007 E6.29209
G1 X80.225 Y105.993 E6.67752
G1 X80.402 Y105.734 E6.69263
G1 X81.864 Y104.568 E6.78256
G1 X83.604 Y103.885 E6.87248
G1 X85.469 Y103.745 E6.96241
G1 X87.292 Y104.161 E7.05234
G1 X88.911 Y105.096 E7.14227
G1 X90.183 Y106.467 E7.23219
G1 X90.994 Y108.151 E7.32212
G1 X91.272 Y110.000 E7.41205
G1 X90.994 Y111.849 E7.50197
G1 X90.183 Y113.533 E7.59190
G1 X89.071 Y114.731 E7.67048
G1 X88.730 Y114.511 F7800.000
G1 X84.369 Y113.888
;TYPE:Solid infill
;WIDTH:0.462364
G1 F1200.000
G1 X81.285 Y110.805 E7.88694
G1 X81.285 Y111.367 E7.91487
G1 X83.633 Y113.715 E8.07964
G1 X83.070 Y113.715 E8.10758
G1 X81.285 Y111.930 E8.23283
G1 X81.285 Y112.493 E8.26077
G1 X82.507 Y113.715 E8.34651
G1 X81.944 Y113.715 E8.37445
G1 X81.112 Y112.882 E8.43286
G1 X83.717 Y104.793 F7800.000
G1 F1200.000
G1 X86.122 Y107.199 E8.60174
G1 X85.560 Y107.199 E8.62968
G1 X83.446 Y105.086 E8.77802
G1 X83.042 Y105.245 E8.79957
G1 X84.997 Y107.199 E8.93677
G1 X84.434 Y107.199 E8.96471
G1 X82.638 Y105.403 E9.09078
G1 X82.400 Y105.497 E9.10347
G1 X82.271 Y105.599 E9.11165
G1 X83.871 Y107.199 E9.22395
G1 X83.383 Y107.199 E9.24818
G1 X83.356 Y107.246 E9.25090
G1 X81.958 Y105.849 E9.34900
G1 X81.645 Y106.099 E9.36888
G1 X83.150 Y107.603 E9.47449
G1 X82.943 Y107.960 E9.49495
G1 X81.332 Y106.348 E9.60808
G1 X81.285 Y106.385 E9.61103
G1 X81.285 Y106.865 E9.63482
G1 X82.737 Y108.317 E9.73676
G1 X82.531 Y108.674 E9.75721
G1 X81.285 Y107.428 E9.84468
G1 X81.285 Y107.990 E9.87262
G1 X82.325 Y109.031 E9.94563
G1 X82.119 Y109.387 E9.96608
G1 X81.285 Y108.553 E10.02463
G1 X81.285 Y109.116 E10.05257
G1 X81.913 Y109.744 E10.09665
G1 X81.766 Y110.000 E10.11132
G1 X81.983 Y110.377 E10.13292
G1 X81.285 Y109.679 E10.18190
G1 X81.285 Y110.242 E10.20984
G1 X82.752 Y111.709 E10.31281
G1 X83.383 Y112.801 E10.37542
G1 X83.845 Y112.801 E10.39834
G1 X84.758 Y113.715 E10.46247
G1 X85.321 Y113.715 E10.49041
G1 X84.407 Y112.801 E10.55455
G1 X84.970 Y112.801 E10.58249
G1 X85.884 Y113.715 E10.64662
G1 X86.447 Y113.715 E10.67456
G1 X85.533 Y112.801 E10.73870
G1 X86.096 Y112.801 E10.76664
G1 X87.010 Y113.715 E10.83077
G1 X87.572 Y113.715 E10.85871
G1 X86.632 Y112.775 E10.92470
G1 X86.838 Y112.418 E10.94515
G1 X88.135 Y113.715 E11.03619
G1 X88.568 Y113.715 E11.05767
G1 X88.631 Y113.647 E11.06224
G1 X87.044 Y112.061 E11.17358
G1 X87.250 Y111.704 E11.19403
G1 X88.901 Y113.355 E11.30993
G1 X89.172 Y113.063 E11.32970
G1 X87.456 Y111.347 E11.45016
G1 X87.662 Y110.990 E11.47061
G1 X89.396 Y112.724 E11.59228
G1 X89.578 Y112.344 E11.61321
G1 X87.868 Y110.634 E11.73325
G1 X88.074 Y110.277 E11.75370
G1 X89.761 Y111.964 E11.87213
G1 X89.944 Y111.584 E11.89306
G1 X88.062 Y109.702 E12.02520
G1 X87.293 Y108.370 E12.10153
G1 X90.033 Y111.110 E12.29386
G1 X90.107 Y110.620 E12.31841
G1 X84.376 Y104.890 E12.72066
G1 X84.900 Y104.851 E12.74672
G1 X90.180 Y110.131 E13.11739
G1 X90.200 Y110.000 E13.12398
G1 X90.127 Y109.515 E13.14832
G1 X85.437 Y104.826 E13.47752
G1 X86.167 Y104.992 E13.51465
G1 X90.027 Y108.852 E13.78565
G1 X89.969 Y108.467 E13.80499
G1 X89.750 Y108.013 E13.83003
G1 X86.896 Y105.159 E14.03039
G1 X88.225 Y105.924 E14.10651
G1 X89.599 Y107.299 E14.20299
;LAYER_CHANGE
;Z:1.22
;HEIGHT:0.3
G1 Z1.220 F7800.000
G1 E12.20299 F2400.000
G92 E0
G1 X79.600 Y114.136 F7800.000
G1 E2.00000 F2400.000
;TYPE:Support material
;WIDTH:0.35
G1 F3600.000
G1 X79.636 Y114.252 E2.00430
G1 X79.962 Y114.715 E2.02450
G1 X80.765 Y115.355 E2.06106
G1 X80.893 Y115.400 E2.06590
G1 X83.184 Y115.400 E2.14750
G1 X83.184 Y117.538 E2.22368
G1 X77.677 Y117.538 E2.41985
G1 X77.677 Y112.031 E2.61603
G1 X79.600 Y112.031 E2.68455
G1 X79.600 Y114.136 E2.75954
G1 X79.852 Y114.785 F7800.000
G1 F3600.000
G1 X77.805 Y114.785 E2.83245
G1 E0.83245 F2400.000
G92 E0
G1 X77.805 Y103.642 F7800.000
G1 E2.00000 F2400.000
G1 F3600.000
G1 X81.807 Y103.642 E2.14257
G1 X82.926 Y103.203 E2.18540
G1 X82.926 Y100.857 E2.26899
G1 X77.934 Y100.857 E2.44685
G1 X77.934 Y98.071 E2.54609
G1 X82.926 Y98.071 E2.72395
G1 X82.926 Y95.286 E2.82319
G1 X77.934 Y95.286 E3.00105
G1 X77.934 Y92.500 E3.10029
G1 X82.926 Y92.500 E3.27815
G1 X82.926 Y89.714 E3.37738
G1 X77.934 Y89.714 E3.55525
G1 X77.934 Y86.929 E3.65448
G1 X82.926 Y86.929 E3.83235
G1 X82.926 Y84.143 E3.93158
G1 X77.934 Y84.143 E4.10944
G1 X77.934 Y81.358 E4.20868
G1 X82.159 Y81.358 E4.35921
G1 E2.35921 F2400.000
G92 E0
G1 X79.600 Y79.136 F7800.000
G1 E2.00000 F2400.000
G1 F3600.000
G1 X79.600 Y78.604 E2.01897
G1 X77.677 Y78.604 E2.08749
G1 X77.677 Y106.396 E3.07754
G1 X79.600 Y106.396 E3.14606
G1 X79.600 Y105.864 E3.16503
G1 X79.636 Y105.748 E3.16932
G1 X79.962 Y105.285 E3.18952
G1 X81.524 Y104.039 E3.26069
G1 X83.184 Y103.379 E3.32432
G1 X83.184 Y81.621 E4.09939
G1 X81.524 Y80.961 E4.16303
G1 X79.962 Y79.715 E4.23419
G1 X79.636 Y79.252 E4.25439
G1 X79.600 Y79.136 E4.25868
G1 E2.25868 F2400.000
G92 E0
G1 X77.805 Y70.215 F7800.000
G1 E2.00000 F2400.000
G1 F3600.000
G1 X79.852 Y70.215 E2.07291
G1 E0.07291 F2400.000
G92 E0
G1 X83.184 Y69.600 F7800.000
G1 E2.00000 F2400.000
G1 F3600.000
G1 X83.184 Y67.462 E2.07618
G1 X77.677 Y67.462 E2.27236
G1 X77.677 Y72.968 E2.46854
G1 X79.600 Y72.968 E2.53705
G1 X79.600 Y70.864 E2.61204
G1 X79.636 Y70.748 E2.61634
G1 X79.962 Y70.285 E2.63654
G1 X80.765 Y69.645 E2.67310
G1 X80.893 Y69.600 E2.67795
G1 X83.184 Y69.600 E2.75954
G1 E0.75954 F2400.000
G92 E0
G1 X170.049 Y70.215 F7800.000
G1 E2.00000 F2400.000
G1 F3600.000
G1 X172.195 Y70.215 E2.07643
G1 X172.323 Y72.968 F7800.000
G1 F3600.000
G1 X172.323 Y67.462 E2.27261
G1 X166.816 Y67.462 E2.46879
G1 X166.816 Y69.600 E2.54497
G1 X169.212 Y69.600 E2.63032
G1 X169.365 Y69.667 E2.63626
G1 X170.345 Y70.722 E2.68757
G1 X170.400 Y70.863 E2.69296
G1 X170.400 Y72.968 E2.76795
G1 X172.323 Y72.968 E2.83647
G1 E0.83647 F2400.000
G92 E0
G1 X172.195 Y81.358 F7800.000
G1 E2.00000 F2400.000
G1 F3600.000
G1 X168.157 Y81.358 E2.14383
G1 X167.661 Y81.644 E2.16427
G1 X167.073 Y81.793 E2.18584
G1 X167.073 Y84.143 E2.26955
G1 X172.066 Y84.143 E2.44741
G1 X172.066 Y86.929 E2.54665
G1 X167.073 Y86.929 E2.72451
G1 X167.073 Y89.714 E2.82375
G1 X172.066 Y89.714 E3.00161
G1 X172.066 Y92.500 E3.10085
G1 X167.073 Y92.500 E3.27871
G1 X167.073 Y95.286 E3.37794
G1 X172.066 Y95.286 E3.55581
G1 X172.066 Y98.071 E3.65504
G1 X167.073 Y98.071 E3.83291
G1 X167.073 Y100.857 E3.93214
G1 X172.066 Y100.857 E4.11000
G1 X172.066 Y103.642 E4.20924
G1 X167.900 Y103.642 E4.35765
G1 X172.323 Y106.396 F7800.000
G1 F3600.000
G1 X170.400 Y106.396 E4.42617
G1 X170.400 Y105.863 E4.44513
G1 X170.345 Y105.723 E4.45053
G1 X169.326 Y104.624 E4.50391
G1 X167.549 Y103.588 E4.57718
G1 X166.816 Y103.412 E4.60401
G1 X166.816 Y81.588 E5.38144
G1 X167.549 Y81.412 E5.40828
G1 X169.326 Y80.376 E5.48155
G1 X170.345 Y79.278 E5.53493
G1 X170.400 Y79.137 E5.54032
G1 X170.400 Y78.604 E5.55929
G1 X172.323 Y78.604 E5.62781
G1 X172.323 Y106.396 E6.61787
G1 E4.61787 F2400.000
G92 E0
G1 X170.049 Y114.785 F7800.000
G1 E2.00000 F2400.000
G1 F3600.000
G1 X172.195 Y114.785 E2.07644
G1 X172.323 Y117.538 F7800.000
G1 F3600.000
G1 X172.323 Y112.031 E2.27261
G1 X170.400 Y112.031 E2.34113
G1 X170.400 Y114.137 E2.41612
G1 X170.345 Y114.277 E2.42152
G1 X169.365 Y115.333 E2.47282
G1 X169.212 Y115.400 E2.47877
G1 X166.816 Y115.400 E2.56411
G1 X166.816 Y117.538 E2.64029
G1 X172.323 Y117.538 E2.83647
G1 E0.83647 F2400.000
G92 E0
G1 X163.550 Y107.488 F7800.000
G1 E2.00000 F2400.000
;TYPE:Perimeter
;WIDTH:0.45
G1 F900.000
G1 X166.450 Y107.488 E2.13950
G1 X167.900 Y110.000 E2.27899
G1 X166.450 Y112.512 E2.41849
G1 X163.550 Y112.512 E2.55798
G1 X162.100 Y110.000 E2.69748
G1 X163.520 Y107.540 E2.83409
G1 X163.772 Y107.874 F7800.000
G1 F900.000
G1 X166.228 Y107.874 E2.95217
G1 X167.455 Y110.000 E3.07025
G1 X166.228 Y112.126 E3.18833
G1 X163.772 Y112.126 E3.30641
G1 X162.545 Y110.000 E3.42449
G1 X163.742 Y107.926 E3.53968
G1 E1.53968 F2400.000
G92 E0
G1 X166.005 Y111.740 F7800.000
G1 E2.00000 F2400.000
;TYPE:External perimeter
G1 F900.000
G1 X163.995 Y111.740 E2.09666
G1 X162.990 Y110.000 E2.19333
G1 X163.995 Y108.260 E2.28999
G1 X166.005 Y108.260 E2.38666
G1 X167.010 Y110.000 E2.48332
G1 X166.035 Y111.689 E2.57710
G1 X166.005 Y112.140 F7800.000
G1 X168.694 Y114.004
;TYPE:Perimeter
G1 F900.000
G1 X161.310 Y114.004 E2.93226
G1 X160.974 Y113.736 E2.95292
G1 X160.051 Y112.383 E3.03167
G1 X159.569 Y110.819 E3.11041
G1 X159.569 Y109.181 E3.18916
G1 X160.051 Y107.617 E3.26790
G1 X160.974 Y106.264 E3.34665
G1 X162.254 Y105.243 E3.42540
G1 X163.778 Y104.645 E3.50414
G1 X165.410 Y104.523 E3.58288
G1 X167.007 Y104.887 E3.66163
G1 X168.425 Y105.706 E3.74038
G1 X169.004 Y106.330 E3.78134
G1 X169.004 Y113.670 E4.13436
G1 X168.735 Y113.960 E4.15337
G1 X168.862 Y114.389 F7800.000
G1 F900.000
G1 X161.175 Y114.389 E4.52312
G1 X160.688 Y114.001 E4.55307
G1 X159.700 Y112.552 E4.63741
G1 X159.183 Y110.877 E4.72174
G1 X159.183 Y109.123 E4.80608
G1 X159.700 Y107.448 E4.89041
G1 X160.688 Y105.999 E4.97475
G1 X162.059 Y104.906 E5.05909
G1 X163.691 Y104.265 E5.14342
G1 X165.440 Y104.134 E5.22776
G1 X167.149 Y104.524 E5.31210
G1 X168.668 Y105.401 E5.39643
G1 X169.389 Y106.179 E5.44747
G1 X169.389 Y113.821 E5.81505
G1 X168.903 Y114.345 E5.84944
G1 X169.031 Y114.775 F7800.000
;TYPE:External perimeter
G1 F900.000
G1 X161.040 Y114.775 E6.23376
G1 X160.402 Y114.266 E6.27300
G1 X159.349 Y112.721 E6.36293
G1 X158.798 Y110.935 E6.45285
G1 X158.798 Y109.065 E6.54278
G1 X159.349 Y107.279 E6.63271
G1 X160.402 Y105.734 E6.72264
G1 X161.864 Y104.568 E6.81256
G1 X163.604 Y103.885 E6.90249
G1 X165.469 Y103.745 E6.99241
G1 X167.292 Y104.161 E7.08234
G1 X168.911 Y105.096 E7.17227
G1 X169.775 Y106.027 E7.23338
G1 X169.775 Y113.973 E7.61552
G1 X169.071 Y114.731 E7.66528
G1 X168.690 Y114.565 F7800.000
G1 X168.390 Y113.888
;TYPE:Solid infill
;WIDTH:0.462028
G1 F1200.000
G1 X168.715 Y113.556 E7.68829
G1 X168.715 Y113.001 E7.71583
G1 X168.001 Y113.715 E7.76587
G1 X167.439 Y113.715 E7.79376
G1 X168.715 Y112.439 E7.88324
G1 X168.715 Y111.876 E7.91113
G1 X166.876 Y113.715 E8.04006
G1 X166.314 Y113.715 E8.06795
G1 X168.715 Y111.314 E8.23632
G1 X168.715 Y110.752 E8.26421
G1 X165.752 Y113.715 E8.47202
G1 X165.189 Y113.715 E8.49991
G1 X166.103 Y112.801 E8.56399
G1 X165.541 Y112.801 E8.59188
G1 X164.627 Y113.715 E8.65596
G1 X164.065 Y113.715 E8.68386
G1 X164.978 Y112.801 E8.74794
G1 X164.416 Y112.801 E8.77583
G1 X163.502 Y113.715 E8.83991
G1 X162.940 Y113.715 E8.86780
G1 X163.854 Y112.801 E8.93188
G1 X163.383 Y112.801 E8.95523
G1 X163.349 Y112.743 E8.95856
G1 X162.378 Y113.715 E9.02671
G1 X161.815 Y113.715 E9.05460
G1 X163.143 Y112.386 E9.14777
G1 X162.938 Y112.030 E9.16818
G1 X161.323 Y113.644 E9.28144
G1 X161.188 Y113.537 E9.28999
G1 X161.058 Y113.347 E9.30141
G1 X162.732 Y111.673 E9.41878
G1 X162.526 Y111.317 E9.43920
G1 X160.830 Y113.012 E9.55812
G1 X160.602 Y112.678 E9.57819
G1 X162.320 Y110.960 E9.69867
G1 X162.114 Y110.604 E9.71909
G1 X160.374 Y112.344 E9.84112
G1 X160.315 Y112.256 E9.84636
G1 X160.217 Y111.939 E9.86284
G1 X161.908 Y110.247 E9.98148
G1 X161.766 Y110.000 E9.99564
G1 X162.001 Y109.592 E10.01900
G1 X160.084 Y111.509 E10.15344
G1 X159.952 Y111.079 E10.17575
G1 X162.769 Y108.261 E10.37338
G1 X163.383 Y107.199 E10.43422
G1 X163.832 Y107.199 E10.45649
G1 X166.063 Y104.968 E10.61296
G1 X166.520 Y105.073 E10.63625
G1 X164.394 Y107.199 E10.78538
G1 X164.957 Y107.199 E10.81327
G1 X166.961 Y105.195 E10.95386
G1 X167.317 Y105.401 E10.97428
G1 X165.519 Y107.199 E11.10043
G1 X166.081 Y107.199 E11.12832
G1 X167.674 Y105.606 E11.24003
G1 X168.030 Y105.812 E11.26045
G1 X166.627 Y107.216 E11.35890
G1 X166.833 Y107.572 E11.37932
G1 X168.352 Y106.053 E11.48589
G1 X168.623 Y106.345 E11.50562
G1 X167.039 Y107.929 E11.61674
G1 X167.244 Y108.285 E11.63716
G1 X168.715 Y106.815 E11.74028
G1 X168.715 Y107.378 E11.76817
G1 X167.450 Y108.642 E11.85685
G1 X167.656 Y108.998 E11.87727
G1 X168.715 Y107.940 E11.95152
G1 X168.715 Y108.502 E11.97941
G1 X167.862 Y109.355 E12.03921
G1 X168.068 Y109.711 E12.05963
G1 X168.715 Y109.065 E12.10500
G1 X168.715 Y109.627 E12.13289
G1 X168.088 Y110.254 E12.17685
G1 X167.320 Y111.584 E12.25306
G1 X168.888 Y110.016 E12.36308
G1 E10.36308 F2400.000
G92 E0
G1 X160.516 Y107.141 F7800.000
G1 E2.00000 F2400.000
G1 F1200.000
G1 X161.216 Y106.441 E2.04905
G1 X162.400 Y105.497 E2.12419
G1 X162.931 Y105.288 E2.15248
G1 X160.243 Y107.976 E2.34098
G1 X159.993 Y108.789 E2.38319
G1 X163.852 Y104.930 E2.65388
G1 X164.460 Y104.884 E2.68411
G1 X159.858 Y109.486 E3.00688
G1 X159.858 Y110.048 E3.03477
G1 X165.068 Y104.839 E3.40017
G1 X165.389 Y104.815 E3.41613
G1 X165.605 Y104.864 E3.42713
G1 X159.685 Y110.784 E3.84238
G1 E1.84238 F2400.000
G92 E0
G1 X163.550 Y72.488 F7800.000
G1 E2.00000 F2400.000
;TYPE:Perimeter
;WIDTH:0.45
G1 F900.000
G1 X166.450 Y72.488 E2.13950
G1 X167.900 Y75.000 E2.27899
G1 X166.450 Y77.512 E2.41849
G1 X163.550 Y77.512 E2.55799
G1 X162.100 Y75.000 E2.69749
G1 X163.520 Y72.540 E2.83410
G1 X163.772 Y72.874 F7800.000
G1 F900.000
G1 X166.228 Y72.874 E2.95218
G1 X166.560 Y73.449 E2.98414
G1 X167.455 Y75.000 E3.07026
G1 X166.228 Y77.126 E3.18834
G1 X163.772 Y77.126 E3.30642
G1 X162.545 Y75.000 E3.42450
G1 X163.742 Y72.926 E3.53970
G1 X166.005 Y73.259 F7800.000
;TYPE:External perimeter
G1 F900.000
G1 X167.010 Y75.000 E3.63636
G1 X166.005 Y76.741 E3.73303
G1 X163.995 Y76.741 E3.82969
G1 X162.990 Y75.000 E3.92636
G1 X163.995 Y73.259 E4.02302
G1 X165.945 Y73.259 E4.11680
G1 X166.351 Y73.059 F7800.000
G1 X168.694 Y70.996
;TYPE:Perimeter
G1 F900.000
G1 X169.004 Y71.330 E4.13870
G1 X169.004 Y78.670 E4.49172
G1 X168.425 Y79.294 E4.53268
G1 X167.007 Y80.113 E4.61143
G1 X165.410 Y80.477 E4.69018
G1 X163.778 Y80.355 E4.76892
G1 X162.254 Y79.757 E4.84766
G1 X160.974 Y78.736 E4.92641
G1 X160.051 Y77.383 E5.00516
G1 X159.569 Y75.819 E5.08390
G1 X159.569 Y74.181 E5.16265
G1 X160.051 Y72.617 E5.24139
G1 X160.974 Y71.264 E5.32014
G1 X161.310 Y70.996 E5.34080
G1 X168.634 Y70.996 E5.69308
G1 X168.862 Y70.611 F7800.000
G1 F900.000
G1 X169.389 Y71.179 E5.73035
G1 X169.389 Y78.821 E6.09793
G1 X168.668 Y79.599 E6.14897
G1 X167.149 Y80.476 E6.23331
G1 X165.440 Y80.866 E6.31764
G1 X163.691 Y80.735 E6.40198
G1 X162.059 Y80.094 E6.48631
G1 X160.688 Y79.001 E6.57065
G1 X159.700 Y77.552 E6.65499
G1 X159.183 Y75.877 E6.73932
G1 X159.183 Y74.123 E6.82366
G1 X159.700 Y72.448 E6.90799
G1 X160.688 Y70.999 E6.99233
G1 X161.175 Y70.611 E7.02228
G1 X168.802 Y70.611 E7.38914
G1 X169.031 Y70.225 F7800.000
;TYPE:External perimeter
G1 F900.000
G1 X169.775 Y71.027 E7.44179
G1 X169.775 Y78.973 E7.82393
G1 X168.911 Y79.904 E7.88503
G1 X167.292 Y80.839 E7.97496
G1 X165.469 Y81.255 E8.06489
G1 X163.604 Y81.115 E8.15482
G1 X161.864 Y80.432 E8.24474
G1 X160.402 Y79.266 E8.33467
G1 X159.349 Y77.722 E8.42460
G1 X158.798 Y75.935 E8.51453
G1 X158.798 Y74.065 E8.60445
G1 X159.349 Y72.278 E8.69438
G1 X160.402 Y70.734 E8.78431
G1 X161.040 Y70.225 E8.82355
G1 X168.971 Y70.225 E9.20499
G1 X169.028 Y70.625 F7800.000
G1 X168.888 Y75.033
;TYPE:Solid infill
;WIDTH:0.462615
G1 F1200.000
G1 X167.296 Y76.625 E9.31680
G1 X168.066 Y75.292 E9.39322
G1 X168.715 Y74.643 E9.43881
G1 X168.715 Y74.080 E9.46678
G1 X168.073 Y74.721 E9.51182
G1 X167.867 Y74.364 E9.53230
G1 X168.715 Y73.517 E9.59182
G1 X168.715 Y72.954 E9.61979
G1 X167.661 Y74.007 E9.69379
G1 X167.455 Y73.650 E9.71427
G1 X168.715 Y72.390 E9.80275
G1 X168.715 Y71.827 E9.83073
G1 X167.249 Y73.293 E9.93369
G1 X167.043 Y72.936 E9.95417
G1 X168.628 Y71.350 E10.06554
G1 X168.568 Y71.285 E10.06995
G1 X168.130 Y71.285 E10.09169
G1 X166.837 Y72.579 E10.18255
G1 X166.630 Y72.222 E10.20303
G1 X167.567 Y71.285 E10.26881
G1 X167.004 Y71.285 E10.29679
G1 X166.090 Y72.199 E10.36096
G1 X165.527 Y72.199 E10.38893
G1 X166.440 Y71.285 E10.45311
G1 X165.877 Y71.285 E10.48108
G1 X164.964 Y72.199 E10.54525
G1 X164.401 Y72.199 E10.57323
G1 X165.314 Y71.285 E10.63740
G1 X164.751 Y71.285 E10.66537
G1 X163.837 Y72.199 E10.72955
G1 X163.383 Y72.199 E10.75212
G1 X162.762 Y73.274 E10.81379
G1 X159.953 Y76.083 E11.01110
G1 X160.086 Y76.514 E11.03348
G1 X161.993 Y74.607 E11.16742
G1 X161.766 Y75.000 E11.18997
G1 X161.911 Y75.252 E11.20441
G1 X160.219 Y76.944 E11.32328
G1 X160.315 Y77.256 E11.33951
G1 X160.378 Y77.348 E11.34504
G1 X162.117 Y75.609 E11.46723
G1 X162.323 Y75.966 E11.48771
G1 X160.606 Y77.683 E11.60834
G1 X160.834 Y78.018 E11.62847
G1 X162.529 Y76.323 E11.74754
G1 X162.736 Y76.680 E11.76802
G1 X161.063 Y78.353 E11.88554
G1 X161.188 Y78.537 E11.89660
G1 X161.329 Y78.649 E11.90557
G1 X162.942 Y77.037 E12.01883
G1 X163.148 Y77.394 E12.03931
G1 X161.643 Y78.899 E12.14505
G1 X161.956 Y79.149 E12.16496
G1 X163.354 Y77.751 E12.26317
G1 X163.383 Y77.801 E12.26604
G1 X163.867 Y77.801 E12.29010
G1 X162.269 Y79.399 E12.40235
G1 X162.400 Y79.503 E12.41066
G1 X162.636 Y79.596 E12.42323
G1 X164.430 Y77.801 E12.54931
G1 X164.994 Y77.801 E12.57728
G1 X163.040 Y79.755 E12.71451
G1 X163.444 Y79.913 E12.73609
G1 X165.557 Y77.801 E12.88447
G1 X166.120 Y77.801 E12.91245
G1 X163.851 Y80.070 E13.07185
G1 X164.375 Y80.109 E13.09794
G1 X168.715 Y75.770 E13.40279
G1 X168.715 Y76.333 E13.43077
G1 X164.899 Y80.149 E13.69882
G1 X165.389 Y80.185 E13.72322
G1 X165.436 Y80.175 E13.72563
G1 X168.715 Y76.896 E13.95594
G1 X168.715 Y77.459 E13.98391
G1 X166.166 Y80.008 E14.16297
G1 X166.895 Y79.842 E14.20014
G1 X168.715 Y78.022 E14.32794
G1 X168.715 Y78.556 E14.35446
G1 X167.750 Y79.550 E14.42325
G1 X159.685 Y75.789 F7800.000
G1 F1200.000
G1 X164.188 Y71.285 E14.73957
G1 X163.625 Y71.285 E14.76754
G1 X159.858 Y75.052 E15.03212
G1 X159.858 Y74.489 E15.06009
G1 X163.061 Y71.285 E15.28510
G1 X162.498 Y71.285 E15.31307
G1 X159.992 Y73.792 E15.48914
G1 X160.243 Y72.978 E15.53147
G1 X161.935 Y71.285 E15.65034
G1 X161.411 Y71.285 E15.67637
G1 X161.218 Y71.440 E15.68864
G1 X160.515 Y72.142 E15.73798
G1 E13.73798 F2400.000
G92 E0
G1 X83.550 Y72.488 F7800.000
G1 E2.00000 F2400.000
;TYPE:Perimeter
;WIDTH:0.45
G1 F900.000
G1 X86.450 Y72.488 E2.13950
G1 X87.900 Y75.000 E2.27899
G1 X86.450 Y77.512 E2.41849
G1 X83.550 Y77.512 E2.55799
G1 X82.100 Y75.000 E2.69749
G1 X83.520 Y72.540 E2.83410
G1 X83.772 Y72.874 F7800.000
G1 F900.000
G1 X86.228 Y72.874 E2.95218
G1 X86.560 Y73.449 E2.98414
G1 X87.455 Y75.000 E3.07026
G1 X86.228 Y77.126 E3.18834
G1 X83.772 Y77.126 E3.30642
G1 X82.545 Y75.000 E3.42450
G1 X83.742 Y72.926 E3.53970
G1 X86.005 Y73.259 F7800.000
;TYPE:External perimeter
G1 F900.000
G1 X87.010 Y75.000 E3.63636
G1 X86.005 Y76.741 E3.73303
G1 X83.995 Y76.741 E3.82969
G1 X82.990 Y75.000 E3.92636
G1 X83.995 Y73.259 E4.02302
G1 X85.945 Y73.259 E4.11680
G1 X86.351 Y73.059 F7800.000
G1 X88.694 Y70.996
;TYPE:Perimeter
G1 F900.000
G1 X89.538 Y71.906 E4.17649
G1 X90.248 Y73.381 E4.25523
G1 X90.493 Y75.000 E4.33398
G1 X90.248 Y76.619 E4.41272
G1 X89.538 Y78.094 E4.49147
G1 X88.425 Y79.294 E4.57021
G1 X87.007 Y80.113 E4.64896
G1 X85.410 Y80.477 E4.72770
G1 X83.778 Y80.355 E4.80645
G1 X82.254 Y79.757 E4.88519
G1 X80.996 Y78.754 E4.96255
G1 X80.996 Y71.246 E5.32365
G1 X81.310 Y70.996 E5.34293
G1 X88.634 Y70.996 E5.69520
G1 X88.862 Y70.611 F7800.000
G1 F900.000
G1 X89.860 Y71.686 E5.76578
G1 X90.621 Y73.266 E5.85012
G1 X90.882 Y75.000 E5.93445
G1 X90.621 Y76.734 E6.01879
G1 X89.860 Y78.314 E6.10312
G1 X88.668 Y79.599 E6.18746
G1 X87.149 Y80.476 E6.27180
G1 X85.440 Y80.866 E6.35613
G1 X83.691 Y80.735 E6.44047
G1 X82.059 Y80.094 E6.52481
G1 X80.688 Y79.001 E6.60914
G1 X80.611 Y78.888 E6.61574
G1 X80.611 Y71.112 E6.98972
G1 X80.688 Y70.999 E6.99631
G1 X81.175 Y70.611 E7.02627
G1 X88.802 Y70.611 E7.39312
G1 X89.031 Y70.225 F7800.000
;TYPE:External perimeter
G1 F900.000
G1 X90.183 Y71.467 E7.47459
G1 X90.994 Y73.151 E7.56451
G1 X91.272 Y75.000 E7.65444
G1 X90.994 Y76.849 E7.74437
G1 X90.183 Y78.533 E7.83430
G1 X88.911 Y79.904 E7.92422
G1 X87.292 Y80.839 E8.01415
G1 X85.469 Y81.255 E8.10408
G1 X83.604 Y81.115 E8.19401
G1 X81.864 Y80.432 E8.28393
G1 X80.402 Y79.266 E8.37386
G1 X80.225 Y79.007 E8.38897
G1 X80.225 Y70.993 E8.77440
G1 X80.402 Y70.734 E8.78951
G1 X81.040 Y70.225 E8.82874
G1 X88.971 Y70.225 E9.21018
G1 X89.028 Y70.625 F7800.000
G1 X90.185 Y73.738
;TYPE:Solid infill
;WIDTH:0.462364
G1 F1200.000
G1 X87.293 Y76.630 E9.41321
G1 X88.062 Y75.298 E9.48954
G1 X89.944 Y73.416 E9.62168
G1 X89.761 Y73.036 E9.64261
G1 X88.074 Y74.723 E9.76103
G1 X87.868 Y74.366 E9.78149
G1 X89.578 Y72.656 E9.90153
G1 X89.396 Y72.276 E9.92246
G1 X87.662 Y74.009 E10.04412
G1 X87.456 Y73.653 E10.06458
G1 X89.172 Y71.937 E10.18503
G1 X88.901 Y71.645 E10.20480
G1 X87.250 Y73.296 E10.32070
G1 X87.044 Y72.939 E10.34115
G1 X88.630 Y71.353 E10.45249
G1 X88.568 Y71.285 E10.45706
G1 X88.135 Y71.285 E10.47854
G1 X86.838 Y72.582 E10.56957
G1 X86.632 Y72.225 E10.59003
G1 X87.572 Y71.285 E10.65601
G1 X87.009 Y71.285 E10.68395
G1 X86.096 Y72.199 E10.74808
G1 X85.533 Y72.199 E10.77602
G1 X86.447 Y71.285 E10.84015
G1 X85.884 Y71.285 E10.86809
G1 X84.970 Y72.199 E10.93222
G1 X84.407 Y72.199 E10.96016
G1 X85.321 Y71.285 E11.02429
G1 X84.758 Y71.285 E11.05223
G1 X83.845 Y72.199 E11.11636
G1 X83.383 Y72.199 E11.13928
G1 X82.752 Y73.291 E11.20190
G1 X81.285 Y74.758 E11.30486
G1 X81.285 Y75.321 E11.33280
G1 X81.983 Y74.623 E11.38179
G1 X81.766 Y75.000 E11.40339
G1 X81.913 Y75.256 E11.41805
G1 X81.285 Y75.884 E11.46214
G1 X81.285 Y76.447 E11.49007
G1 X82.119 Y75.613 E11.54862
G1 X82.325 Y75.969 E11.56907
G1 X81.285 Y77.009 E11.64208
G1 X81.285 Y77.572 E11.67002
G1 X82.531 Y76.326 E11.75749
G1 X82.737 Y76.683 E11.77794
G1 X81.285 Y78.135 E11.87987
G1 X81.285 Y78.615 E11.90367
G1 X81.332 Y78.652 E11.90661
G1 X82.943 Y77.040 E12.01975
G1 X83.149 Y77.397 E12.04020
G1 X81.645 Y78.901 E12.14582
G1 X81.958 Y79.151 E12.16570
G1 X83.355 Y77.754 E12.26379
G1 X83.383 Y77.801 E12.26651
G1 X83.871 Y77.801 E12.29074
G1 X82.271 Y79.401 E12.40304
G1 X82.400 Y79.503 E12.41121
G1 X82.638 Y79.597 E12.42390
G1 X84.434 Y77.801 E12.54997
G1 X84.997 Y77.801 E12.57791
G1 X83.042 Y79.755 E12.71511
G1 X83.446 Y79.914 E12.73666
G1 X85.559 Y77.801 E12.88500
G1 X86.122 Y77.801 E12.91294
G1 X83.853 Y80.070 E13.07225
G1 X84.376 Y80.110 E13.09831
G1 X90.107 Y74.380 E13.50056
G1 X90.180 Y74.869 E13.52511
G1 X84.900 Y80.149 E13.89578
G1 X85.389 Y80.185 E13.92010
G1 X85.437 Y80.174 E13.92258
G1 X90.127 Y75.485 E14.25179
G1 X90.027 Y76.148 E14.28506
G1 X86.167 Y80.008 E14.55605
G1 X86.896 Y79.841 E14.59318
G1 X89.750 Y76.987 E14.79354
G1 X89.297 Y77.929 E14.84544
G1 X88.338 Y78.962 E14.91537
G1 X87.750 Y79.550 E14.95664
G1 X81.112 Y74.369 F7800.000
G1 F1200.000
G1 X84.195 Y71.285 E15.17310
G1 X83.632 Y71.285 E15.20103
G1 X81.285 Y73.632 E15.36580
G1 X81.285 Y73.070 E15.39373
G1 X83.070 Y71.285 E15.51899
G1 X82.507 Y71.285 E15.54692
G1 X81.285 Y72.507 E15.63266
G1 X81.285 Y71.944 E15.66060
G1 X82.118 Y71.112 E15.71901
G1 E13.71901 F2400.000
G92 E0
G1 X83.550 Y107.488 F7800.000
G1 E2.00000 F2400.000
;TYPE:Perimeter
;WIDTH:0.45
G1 F900.000
G1 X86.450 Y107.488 E2.13950
G1 X87.900 Y110.000 E2.27899
G1 X86.450 Y112.512 E2.41849
G1 X83.550 Y112.512 E2.55798
G1 X82.100 Y110.000 E2.69748
G1 X83.520 Y107.540 E2.83409
G1 X83.772 Y107.874 F7800.000
G1 F900.000
G1 X86.228 Y107.874 E2.95217
G1 X87.455 Y110.000 E3.07025
G1 X86.228 Y112.126 E3.18833
G1 X83.772 Y112.126 E3.30641
G1 X82.545 Y110.000 E3.42449
G1 X83.742 Y107.926 E3.53968
G1 E1.53968 F2400.000
G92 E0
G1 X86.005 Y111.740 F7800.000
G1 E2.00000 F2400.000
;TYPE:External perimeter
G1 F900.000
G1 X83.995 Y111.740 E2.09666
G1 X82.990 Y110.000 E2.19333
G1 X83.995 Y108.260 E2.28999
G1 X86.005 Y108.260 E2.38666
G1 X87.010 Y110.000 E2.48332
G1 X86.035 Y111.689 E2.57710
G1 X86.005 Y112.140 F7800.000
G1 X88.694 Y114.004
;TYPE:Perimeter
G1 F900.000
G1 X81.310 Y114.004 E2.93226
G1 X80.996 Y113.754 E2.95154
G1 X80.996 Y106.246 E3.31263
G1 X82.254 Y105.243 E3.38999
G1 X83.778 Y104.645 E3.46874
G1 X85.410 Y104.523 E3.54748
G1 X87.007 Y104.887 E3.62623
G1 X88.425 Y105.706 E3.70497
G1 X89.538 Y106.906 E3.78372
G1 X90.248 Y108.381 E3.86246
G1 X90.493 Y110.000 E3.94121
G1 X90.248 Y111.619 E4.01995
G1 X89.538 Y113.094 E4.09870
G1 X88.735 Y113.960 E4.15550
G1 X88.862 Y114.389 F7800.000
G1 F900.000
G1 X81.175 Y114.389 E4.52525
G1 X80.688 Y114.001 E4.55520
G1 X80.611 Y113.888 E4.56179
G1 X80.611 Y106.112 E4.93577
G1 X80.688 Y105.999 E4.94237
G1 X82.059 Y104.906 E5.02670
G1 X83.691 Y104.265 E5.11104
G1 X85.440 Y104.134 E5.19538
G1 X87.149 Y104.524 E5.27971
G1 X88.668 Y105.401 E5.36405
G1 X89.860 Y106.686 E5.44839
G1 X90.621 Y108.266 E5.53272
G1 X90.882 Y110.000 E5.61706
G1 X90.621 Y111.734 E5.70139
G1 X89.860 Y113.314 E5.78573
G1 X88.903 Y114.345 E5.85342
G1 X89.031 Y114.775 F7800.000
;TYPE:External perimeter
G1 F900.000
G1 X81.040 Y114.775 E6.23775
G1 X80.402 Y114.266 E6.27699
G1 X80.225 Y114.007 E6.29209
G1 X80.225 Y105.993 E6.67752
G1 X80.402 Y105.734 E6.69263
G1 X81.864 Y104.568 E6.78256
G1 X83.604 Y103.885 E6.87248
G1 X85.469 Y103.745 E6.96241
G1 X87.292 Y104.161 E7.05234
G1 X88.911 Y105.096 E7.14227
G1 X90.183 Y106.467 E7.23219
G1 X90.994 Y108.151 E7.32212
G1 X91.272 Y110.000 E7.41205
G1 X90.994 Y111.849 E7.50197
G1 X90.183 Y113.533 E7.59190
G1 X89.071 Y114.731 E7.67048
G1 X88.730 Y114.511 F7800.000
G1 X88.390 Y113.888
;TYPE:Solid infill
;WIDTH:0.461777
G1 F1200.000
G1 X89.297 Y112.929 E7.73587
G1 X89.770 Y111.947 E7.78994
G1 X88.002 Y113.715 E7.91387
G1 X87.440 Y113.715 E7.94173
G1 X90.031 Y111.124 E8.12334
G1 X90.130 Y110.462 E8.15651
G1 X86.878 Y113.715 E8.38451
G1 X86.316 Y113.715 E8.41237
G1 X90.178 Y109.852 E8.68309
G1 X90.104 Y109.364 E8.70757
G1 X85.754 Y113.715 E9.01252
G1 X85.192 Y113.715 E9.04037
G1 X86.105 Y112.801 E9.10442
G1 X85.543 Y112.801 E9.13227
G1 X84.630 Y113.715 E9.19631
G1 X84.068 Y113.715 E9.22417
G1 X84.981 Y112.801 E9.28821
G1 X84.419 Y112.801 E9.31606
G1 X83.506 Y113.715 E9.38011
G1 X82.944 Y113.715 E9.40796
G1 X83.857 Y112.801 E9.47200
G1 X83.383 Y112.801 E9.49552
G1 X83.351 Y112.745 E9.49870
G1 X82.382 Y113.715 E9.56663
G1 X81.820 Y113.715 E9.59448
G1 X83.145 Y112.389 E9.68739
G1 X82.939 Y112.033 E9.70778
G1 X81.326 Y113.647 E9.82090
G1 X81.285 Y113.615 E9.82345
G1 X81.285 Y113.125 E9.84772
G1 X82.734 Y111.677 E9.94924
G1 X82.528 Y111.320 E9.96963
G1 X81.285 Y112.563 E10.05673
G1 X81.285 Y112.001 E10.08458
G1 X82.322 Y110.964 E10.15726
G1 X82.117 Y110.608 E10.17765
G1 X81.285 Y111.439 E10.23591
G1 X81.285 Y110.877 E10.26376
G1 X81.911 Y110.251 E10.30760
G1 X81.766 Y110.000 E10.32199
G1 X81.992 Y109.608 E10.34440
G1 X81.285 Y110.315 E10.39391
G1 X81.285 Y109.753 E10.42176
G1 X82.759 Y108.279 E10.52509
G1 X83.383 Y107.199 E10.58688
G1 X83.839 Y107.199 E10.60950
G1 X86.069 Y104.970 E10.76577
G1 X86.526 Y105.074 E10.78903
G1 X84.401 Y107.199 E10.93798
G1 X84.963 Y107.199 E10.96584
G1 X86.965 Y105.197 E11.10616
G1 X87.321 Y105.403 E11.12656
G1 X85.525 Y107.199 E11.25247
G1 X86.087 Y107.199 E11.28032
G1 X87.678 Y105.609 E11.39181
G1 X88.034 Y105.814 E11.41220
G1 X86.629 Y107.219 E11.51070
G1 X86.835 Y107.576 E11.53109
G1 X88.355 Y106.056 E11.63764
G1 X88.625 Y106.347 E11.65735
G1 X87.040 Y107.932 E11.76844
G1 X87.246 Y108.288 E11.78883
G1 X88.896 Y106.639 E11.90446
G1 X89.166 Y106.930 E11.92417
G1 X87.452 Y108.645 E12.04434
G1 X87.657 Y109.001 E12.06473
G1 X89.391 Y107.267 E12.18626
G1 X89.574 Y107.646 E12.20713
G1 X87.863 Y109.357 E12.32704
G1 X88.069 Y109.713 E12.34743
G1 X89.756 Y108.026 E12.46572
G1 X89.939 Y108.405 E12.48659
G1 X88.084 Y110.260 E12.61662
G1 X87.316 Y111.590 E12.69272
G1 X90.183 Y108.723 E12.89367
G1 X83.253 Y104.976 F7800.000
G1 F1200.000
G1 X81.285 Y106.943 E13.03156
G1 X81.285 Y107.505 E13.05942
G1 X83.861 Y104.929 E13.23997
G1 X84.469 Y104.883 E13.27017
G1 X81.285 Y108.067 E13.49330
G1 X81.285 Y108.629 E13.52116
G1 X85.076 Y104.838 E13.78688
G1 X85.389 Y104.815 E13.80241
G1 X85.611 Y104.865 E13.81371
G1 X81.112 Y109.364 E14.12908
;LAYER_CHANGE
;Z:1.52
;HEIGHT:0.3
G1 Z1.520 F7800.000
G1 E12.12908 F2400.000
G92 E0
G1 X79.600 Y114.136 F7800.000
G1 E2.00000 F2400.000
;TYPE:Support material
;WIDTH:0.35
G1 F3600.000
G1 X79.636 Y114.252 E2.00430
G1 X79.962 Y114.715 E2.02450
G1 X80.765 Y115.355 E2.06106
G1 X80.893 Y115.400 E2.06590
G1 X83.184 Y115.400 E2.14750
G1 X83.184 Y117.538 E2.22368
G1 X77.677 Y117.538 E2.41985
G1 X77.677 Y112.031 E2.61603
G1 X79.600 Y112.031 E2.68455
G1 X79.600 Y114.136 E2.75954
G1 X79.852 Y114.785 F7800.000
G1 F3600.000
G1 X77.805 Y114.785 E2.83245
G1 E0.83245 F2400.000
G92 E0
G1 X77.805 Y103.642 F7800.000
G1 E2.00000 F2400.000
G1 F3600.000
G1 X81.807 Y103.642 E2.14257
G1 X82.926 Y103.203 E2.18540
G1 X82.926 Y100.857 E2.26899
G1 X77.934 Y100.857 E2.44685
G1 X77.934 Y98.071 E2.54609
G1 X82.926 Y98.071 E2.72395
G1 X82.926 Y95.286 E2.82319
G1 X77.934 Y95.286 E3.00105
G1 X77.934 Y92.500 E3.10029
G1 X82.926 Y92.500 E3.27815
G1 X82.926 Y89.714 E3.37738
G1 X77.934 Y89.714 E3.55525
G1 X77.934 Y86.929 E3.65448
G1 X82.926 Y86.929 E3.83235
G1 X82.926 Y84.143 E3.93158
G1 X77.934 Y84.143 E4.10944
G1 X77.934 Y81.358 E4.20868
G1 X82.159 Y81.358 E4.35921
G1 E2.35921 F2400.000
G92 E0
G1 X79.600 Y79.136 F7800.000
G1 E2.00000 F2400.000
G1 F3600.000
G1 X79.600 Y78.604 E2.01897
G1 X77.677 Y78.604 E2.08749
G1 X77.677 Y106.396 E3.07754
G1 X79.600 Y106.396 E3.14606
G1 X79.600 Y105.864 E3.16503
G1 X79.636 Y105.748 E3.16932
G1 X79.962 Y105.285 E3.18952
G1 X81.524 Y104.039 E3.26069
G1 X83.184 Y103.379 E3.32432
G1 X83.184 Y81.621 E4.09939
G1 X81.524 Y80.961 E4.16303
G1 X79.962 Y79.715 E4.23419
G1 X79.636 Y79.252 E4.25439
G1 X79.600 Y79.136 E4.25868
G1 E2.25868 F2400.000
G92 E0
G1 X77.805 Y70.215 F7800.000
G1 E2.00000 F2400.000
G1 F3600.000
G1 X79.852 Y70.215 E2.07291
G1 E0.07291 F2400.000
G92 E0
G1 X83.184 Y69.600 F7800.000
G1 E2.00000 F2400.000
G1 F3600.000
G1 X83.184 Y67.462 E2.07618
G1 X77.677 Y67.462 E2.27236
G1 X77.677 Y72.968 E2.46854
G1 X79.600 Y72.968 E2.53705
G1 X79.600 Y70.864 E2.61204
G1 X79.636 Y70.748 E2.61634
G1 X79.962 Y70.285 E2.63654
G1 X80.765 Y69.645 E2.67310
G1 X80.893 Y69.600 E2.67795
G1 X83.184 Y69.600 E2.75954
G1 E0.75954 F2400.000
G92 E0
G1 X170.049 Y70.215 F7800.000
G1 E2.00000 F2400.000
G1 F3600.000
G1 X172.195 Y70.215 E2.07643
G1 X172.323 Y72.968 F7800.000
G1 F3600.000
G1 X172.323 Y67.462 E2.27261
G1 X166.816 Y67.462 E2.46879
G1 X166.816 Y69.600 E2.54497
G1 X169.212 Y69.600 E2.63032
G1 X169.365 Y69.667 E2.63626
G1 X170.345 Y70.722 E2.68757
G1 X170.400 Y70.863 E2.69296
G1 X170.400 Y72.968 E2.76795
G1 X172.323 Y72.968 E2.83647
G1 E0.83647 F2400.000
G92 E0
G1 X172.195 Y81.358 F7800.000
G1 E2.00000 F2400.000
G1 F3600.000
G1 X168.157 Y81.358 E2.14383
G1 X167.661 Y81.644 E2.16427
G1 X167.073 Y81.793 E2.18584
G1 X167.073 Y84.143 E2.26955
G1 X172.066 Y84.143 E2.44741
G1 X172.066 Y86.929 E2.54665
G1 X167.073 Y86.929 E2.72451
G1 X167.073 Y89.714 E2.82375
G1 X172.066 Y89.714 E3.00161
G1 X172.066 Y92.500 E3.10085
G1 X167.073 Y92.500 E3.27871
G1 X167.073 Y95.286 E3.37794
G1 X172.066 Y95.286 E3.55581
G1 X172.066 Y98.071 E3.65504
G1 X167.073 Y98.071 E3.83291
G1 X167.073 Y100.857 E3.93214
G1 X172.066 Y100.857 E4.11000
G1 X172.066 Y103.642 E4.20924
G1 X167.900 Y103.642 E4.35765
G1 X172.323 Y106.396 F7800.000
G1 F3600.000
G1 X170.400 Y106.396 E4.42617
G1 X170.400 Y105.863 E4.44513
G1 X170.345 Y105.723 E4.45053
G1 X169.326 Y104.624 E4.50391
G1 X167.549 Y103.588 E4.57718
G1 X166.816 Y103.412 E4.60401
G1 X166.816 Y81.588 E5.38144
G1 X167.549 Y81.412 E5.40828
G1 X169.326 Y80.376 E5.48155
G1 X170.345 Y79.278 E5.53493
G1 X170.400 Y79.137 E5.54032
G1 X170.400 Y78.604 E5.55929
G1 X172.323 Y78.604 E5.62781
G1 X172.323 Y106.396 E6.61787
G1 E4.61787 F2400.000
G92 E0
G1 X170.049 Y114.785 F7800.000
G1 E2.00000 F2400.000
G1 F3600.000
G1 X172.195 Y114.785 E2.07644
G1 X172.323 Y117.538 F7800.000
G1 F3600.000
G1 X172.323 Y112.031 E2.27261
G1 X170.400 Y112.031 E2.34113
G1 X170.400 Y114.137 E2.41612
G1 X170.345 Y114.277 E2.42152
G1 X169.365 Y115.333 E2.47282
G1 X169.212 Y115.400 E2.47877
G1 X166.816 Y115.400 E2.56411
G1 X166.816 Y117.538 E2.64029
G1 X172.323 Y117.538 E2.83647
G1 E0.83647 F2400.000
G92 E0
G1 X163.550 Y107.488 F7800.000
G1 E2.00000 F2400.000
;TYPE:Perimeter
;WIDTH:0.45
G1 F900.000
G1 X166.450 Y107.488 E2.13950
G1 X167.900 Y110.000 E2.27899
G1 X166.450 Y112.512 E2.41849
G1 X163.550 Y112.512 E2.55798
G1 X162.100 Y110.000 E2.69748
G1 X163.520 Y107.540 E2.83409
G1 X163.772 Y107.874 F7800.000
G1 F900.000
G1 X166.228 Y107.874 E2.95217
G1 X167.455 Y110.000 E3.07025
G1 X166.228 Y112.126 E3.18833
G1 X163.772 Y112.126 E3.30641
G1 X162.545 Y110.000 E3.42449
G1 X163.742 Y107.926 E3.53968
G1 E1.53968 F2400.000
G92 E0
G1 X166.005 Y111.740 F7800.000
G1 E2.00000 F2400.000
;TYPE:External perimeter
G1 F900.000
G1 X163.995 Y111.740 E2.09666
G1 X162.990 Y110.000 E2.19333
G1 X163.995 Y108.260 E2.28999
G1 X166.005 Y108.260 E2.38666
G1 X167.010 Y110.000 E2.48332
G1 X166.035 Y111.689 E2.57710
G1 X166.005 Y112.140 F7800.000
G1 X168.694 Y114.004
;TYPE:Perimeter
G1 F900.000
G1 X161.310 Y114.004 E2.93226
G1 X160.974 Y113.736 E2.95292
G1 X160.051 Y112.383 E3.03167
G1 X159.569 Y110.819 E3.11041
G1 X159.569 Y109.181 E3.18916
G1 X160.051 Y107.617 E3.26790
G1 X160.974 Y106.264 E3.34665
G1 X162.254 Y105.243 E3.42540
G1 X163.778 Y104.645 E3.50414
G1 X165.410 Y104.523 E3.58288
G1 X167.007 Y104.887 E3.66163
G1 X168.425 Y105.706 E3.74038
G1 X169.004 Y106.330 E3.78134
G1 X169.004 Y113.670 E4.13436
G1 X168.735 Y113.960 E4.15337
G1 X168.862 Y114.389 F7800.000
G1 F900.000
G1 X161.175 Y114.389 E4.52312
G1 X160.688 Y114.001 E4.55307
G1 X159.700 Y112.552 E4.63741
G1 X159.183 Y110.877 E4.72174
G1 X159.183 Y109.123 E4.80608
G1 X159.700 Y107.448 E4.89041
G1 X160.688 Y105.999 E4.97475
G1 X162.059 Y104.906 E5.05909
G1 X163.691 Y104.265 E5.14342
G1 X165.440 Y104.134 E5.22776
G1 X167.149 Y104.524 E5.31210
G1 X168.668 Y105.401 E5.39643
G1 X169.389 Y106.179 E5.44747
G1 X169.389 Y113.821 E5.81505
G1 X168.903 Y114.345 E5.84944
G1 X169.031 Y114.775 F7800.000
;TYPE:External perimeter
G1 F900.000
G1 X161.040 Y114.775 E6.23376
G1 X160.402 Y114.266 E6.27300
G1 X159.349 Y112.721 E6.36293
G1 X158.798 Y110.935 E6.45285
G1 X158.798 Y109.065 E6.54278
G1 X159.349 Y107.279 E6.63271
G1 X160.402 Y105.734 E6.72264
G1 X161.864 Y104.568 E6.81256
G1 X163.604 Y103.885 E6.90249
G1 X165.469 Y103.745 E6.99241
G1 X167.292 Y104.161 E7.08234
G1 X168.911 Y105.096 E7.17227
G1 X169.775 Y106.027 E7.23338
G1 X169.775 Y113.973 E7.61552
G1 X169.071 Y114.731 E7.66528
G1 X168.690 Y114.565 F7800.000
G1 X164.361 Y113.888
;TYPE:Solid infill
;WIDTH:0.462615
G1 F1200.000
G1 X159.858 Y109.385 E7.98160
G1 X159.858 Y109.948 E8.00957
G1 X163.625 Y113.715 E8.27414
G1 X163.061 Y113.715 E8.30212
G1 X159.858 Y110.511 E8.52713
G1 X159.858 Y110.775 E8.54023
G1 X159.992 Y111.208 E8.56273
G1 X162.498 Y113.715 E8.73880
G1 X161.935 Y113.715 E8.76678
G1 X160.243 Y112.022 E8.88564
G1 X160.315 Y112.256 E8.89779
G1 X161.175 Y113.518 E8.97365
G1 X161.545 Y113.888 E8.99964
G1 X163.715 Y104.794 F7800.000
G1 F1200.000
G1 X166.120 Y107.199 E9.16857
G1 X165.557 Y107.199 E9.19654
G1 X163.444 Y105.087 E9.34492
G1 X163.040 Y105.245 E9.36651
G1 X164.994 Y107.199 E9.50374
G1 X164.430 Y107.199 E9.53171
G1 X162.636 Y105.404 E9.65779
G1 X162.400 Y105.497 E9.67036
G1 X162.269 Y105.601 E9.67867
G1 X163.867 Y107.199 E9.79093
G1 X163.383 Y107.199 E9.81499
G1 X163.354 Y107.249 E9.81785
G1 X161.956 Y105.851 E9.91607
G1 X161.643 Y106.101 E9.93597
G1 X163.148 Y107.606 E10.04171
G1 X162.942 Y107.963 E10.06219
G1 X161.329 Y106.351 E10.17546
G1 X161.188 Y106.463 E10.18442
G1 X161.063 Y106.647 E10.19549
G1 X162.736 Y108.320 E10.31301
G1 X162.529 Y108.677 E10.33348
G1 X160.834 Y106.982 E10.45256
G1 X160.606 Y107.317 E10.47269
G1 X162.323 Y109.034 E10.59332
G1 X162.117 Y109.391 E10.61380
G1 X160.378 Y107.652 E10.73598
G1 X160.315 Y107.744 E10.74152
G1 X160.219 Y108.056 E10.75774
G1 X161.911 Y109.748 E10.87662
G1 X161.766 Y110.000 E10.89105
G1 X161.993 Y110.393 E10.91361
G1 X160.086 Y108.486 E11.04755
G1 X159.953 Y108.917 E11.06992
G1 X162.762 Y111.726 E11.26724
G1 X163.383 Y112.801 E11.32890
G1 X163.837 Y112.801 E11.35147
G1 X164.751 Y113.715 E11.41565
G1 X165.314 Y113.715 E11.44362
G1 X164.400 Y112.801 E11.50780
G1 X164.964 Y112.801 E11.53577
G1 X165.877 Y113.715 E11.59995
G1 X166.440 Y113.715 E11.62792
G1 X165.527 Y112.801 E11.69210
G1 X166.090 Y112.801 E11.72007
G1 X167.004 Y113.715 E11.78425
G1 X167.567 Y113.715 E11.81222
G1 X166.630 Y112.778 E11.87800
G1 X166.836 Y112.421 E11.89848
G1 X168.130 Y113.715 E11.98934
G1 X168.568 Y113.715 E12.01109
G1 X168.628 Y113.650 E12.01549
G1 X167.043 Y112.064 E12.12687
G1 X167.249 Y111.707 E12.14735
G1 X168.715 Y113.173 E12.25031
G1 X168.715 Y112.610 E12.27828
G1 X167.455 Y111.350 E12.36676
G1 X167.661 Y110.993 E12.38724
G1 X168.715 Y112.046 E12.46124
G1 X168.715 Y111.483 E12.48922
G1 X167.867 Y110.636 E12.54874
G1 X168.073 Y110.279 E12.56922
G1 X168.715 Y110.920 E12.61426
G1 X168.715 Y110.357 E12.64223
G1 X168.066 Y109.708 E12.68781
G1 X167.296 Y108.375 E12.76424
G1 X168.715 Y109.794 E12.86387
G1 X168.715 Y109.230 E12.89184
G1 X164.375 Y104.891 E13.19669
G1 X164.899 Y104.851 E13.22279
G1 X168.715 Y108.667 E13.49084
G1 X168.715 Y108.104 E13.51881
G1 X165.436 Y104.825 E13.74912
G1 X166.166 Y104.992 E13.78630
G1 X168.715 Y107.541 E13.96535
G1 X168.715 Y106.978 E13.99332
G1 X166.895 Y105.158 E14.12112
G1 X168.224 Y105.924 E14.19729
G1 X168.888 Y106.588 E14.24393
G1 E12.24393 F2400.000
G92 E0
G1 X163.550 Y72.488 F7800.000
G1 E2.00000 F2400.000
;TYPE:Perimeter
;WIDTH:0.45
G1 F900.000
G1 X166.450 Y72.488 E2.13950
G1 X167.900 Y75.000 E2.27899
G1 X166.450 Y77.512 E2.41849
G1 X163.550 Y77.512 E2.55799
G1 X162.100 Y75.000 E2.69749
G1 X163.520 Y72.540 E2.83410
G1 X163.772 Y72.874 F7800.000
G1 F900.000
G1 X166.228 Y72.874 E2.95218
G1 X167.455 Y75.000 E3.07026
G1 X166.228 Y77.126 E3.18834
G1 X163.772 Y77.126 E3.30642
G1 X162.545 Y75.000 E3.42450
G1 X163.742 Y72.926 E3.53970
G1 X166.005 Y73.259 F7800.000
;TYPE:External perimeter
G1 F900.000
G1 X167.010 Y75.000 E3.63636
G1 X166.005 Y76.741 E3.73303
G1 X163.995 Y76.741 E3.82969
G1 X162.990 Y75.000 E3.92636
G1 X163.995 Y73.259 E4.02302
G1 X165.945 Y73.259 E4.11680
G1 X166.351 Y73.059 F7800.000
G1 X168.694 Y70.996
;TYPE:Perimeter
G1 F900.000
G1 X169.004 Y71.330 E4.13870
G1 X169.004 Y78.670 E4.49172
G1 X168.425 Y79.294 E4.53268
G1 X167.007 Y80.113 E4.61143
G1 X165.410 Y80.477 E4.69018
G1 X163.778 Y80.355 E4.76892
G1 X162.254 Y79.757 E4.84766
G1 X160.974 Y78.736 E4.92641
G1 X160.051 Y77.383 E5.00516
G1 X159.569 Y75.819 E5.08390
G1 X159.569 Y74.181 E5.16265
G1 X160.051 Y72.617 E5.24139
G1 X160.974 Y71.264 E5.32014
G1 X161.310 Y70.996 E5.34080
G1 X168.634 Y70.996 E5.69308
G1 X168.862 Y70.611 F7800.000
G1 F900.000
G1 X169.389 Y71.179 E5.73035
G1 X169.389 Y78.821 E6.09793
G1 X168.668 Y79.599 E6.14897
G1 X167.149 Y80.476 E6.23331
G1 X165.440 Y80.866 E6.31764
G1 X163.691 Y80.735 E6.40198
G1 X162.059 Y80.094 E6.48631
G1 X160.688 Y79.001 E6.57065
G1 X159.700 Y77.552 E6.65499
G1 X159.183 Y75.877 E6.73932
G1 X159.183 Y74.123 E6.82366
G1 X159.700 Y72.448 E6.90799
G1 X160.688 Y70.999 E6.99233
G1 X161.175 Y70.611 E7.02228
G1 X168.802 Y70.611 E7.38914
G1 X169.031 Y70.225 F7800.000
;TYPE:External perimeter
G1 F900.000
G1 X169.775 Y71.027 E7.44179
G1 X169.775 Y78.973 E7.82393
G1 X168.911 Y79.904 E7.88503
G1 X167.292 Y80.839 E7.97496
G1 X165.469 Y81.255 E8.06489
G1 X163.604 Y81.115 E8.15482
G1 X161.864 Y80.432 E8.24474
G1 X160.402 Y79.266 E8.33467
G1 X159.349 Y77.722 E8.42460
G1 X158.798 Y75.935 E8.51453
G1 X158.798 Y74.065 E8.60445
G1 X159.349 Y72.278 E8.69438
G1 X160.402 Y70.734 E8.78431
G1 X161.040 Y70.225 E8.82355
G1 X168.971 Y70.225 E9.20499
G1 X169.028 Y70.625 F7800.000
G1 X168.888 Y71.610
;TYPE:Solid infill
;WIDTH:0.462029
G1 F1200.000
G1 X168.564 Y71.285 E9.22775
G1 X168.001 Y71.285 E9.25564
G1 X168.715 Y71.999 E9.30568
G1 X168.715 Y72.561 E9.33357
G1 X167.439 Y71.285 E9.42305
G1 X166.876 Y71.285 E9.45094
G1 X168.715 Y73.124 E9.57987
G1 X168.715 Y73.686 E9.60776
G1 X166.314 Y71.285 E9.77613
G1 X165.752 Y71.285 E9.80402
G1 X168.715 Y74.248 E10.01183
G1 X168.715 Y74.811 E10.03972
G1 X167.320 Y73.416 E10.13757
G1 X168.088 Y74.746 E10.21377
G1 X168.715 Y75.373 E10.25773
G1 X168.715 Y75.935 E10.28562
G1 X168.068 Y75.289 E10.33099
G1 X167.862 Y75.645 E10.35141
G1 X168.715 Y76.498 E10.41122
G1 X168.715 Y77.060 E10.43911
G1 X167.656 Y76.002 E10.51335
G1 X167.450 Y76.358 E10.53377
G1 X168.715 Y77.622 E10.62245
G1 X168.715 Y78.185 E10.65034
G1 X167.244 Y76.715 E10.75346
G1 X167.039 Y77.071 E10.77388
G1 X168.623 Y78.655 E10.88500
G1 X168.352 Y78.947 E10.90473
G1 X166.833 Y77.428 E11.01131
G1 X166.627 Y77.784 E11.03173
G1 X168.030 Y79.188 E11.13018
G1 X167.674 Y79.394 E11.15059
G1 X166.081 Y77.801 E11.26230
G1 X165.519 Y77.801 E11.29019
G1 X167.317 Y79.599 E11.41634
G1 X166.961 Y79.805 E11.43676
G1 X164.957 Y77.801 E11.57734
G1 X164.394 Y77.801 E11.60523
G1 X166.520 Y79.927 E11.75436
G1 X166.063 Y80.032 E11.77766
G1 X163.832 Y77.801 E11.93412
G1 X163.383 Y77.801 E11.95639
G1 X162.769 Y76.739 E12.01724
G1 X159.952 Y73.921 E12.21486
G1 X160.084 Y73.491 E12.23717
G1 X162.001 Y75.408 E12.37162
G1 X161.766 Y75.000 E12.39498
G1 X161.908 Y74.753 E12.40914
G1 X160.217 Y73.061 E12.52778
G1 X160.315 Y72.744 E12.54426
G1 X160.374 Y72.656 E12.54950
G1 X162.114 Y74.396 E12.67153
G1 X162.320 Y74.040 E12.69195
G1 X160.602 Y72.322 E12.81243
G1 X160.830 Y71.988 E12.83250
G1 X162.526 Y73.683 E12.95142
G1 X162.732 Y73.327 E12.97184
G1 X161.058 Y71.653 E13.08921
G1 X161.188 Y71.463 E13.10063
G1 X161.323 Y71.356 E13.10919
G1 X162.938 Y72.970 E13.22244
G1 X163.143 Y72.614 E13.24286
G1 X161.815 Y71.285 E13.33602
G1 X162.378 Y71.285 E13.36391
G1 X163.349 Y72.257 E13.43207
G1 X163.383 Y72.199 E13.43540
G1 X163.854 Y72.199 E13.45874
G1 X162.940 Y71.285 E13.52282
G1 X163.502 Y71.285 E13.55071
G1 X164.416 Y72.199 E13.61479
G1 X164.978 Y72.199 E13.64268
G1 X164.065 Y71.285 E13.70676
G1 X164.627 Y71.285 E13.73465
G1 X165.541 Y72.199 E13.79873
G1 X166.103 Y72.199 E13.82662
G1 X165.016 Y71.112 E13.90287
G1 E11.90287 F2400.000
G92 E0
G1 X162.312 Y79.655 F7800.000
G1 E2.00000 F2400.000
G1 F1200.000
G1 X161.176 Y78.519 E2.07964
G1 X160.315 Y77.256 E2.15548
G1 X160.243 Y77.024 E2.16752
G1 X162.931 Y79.712 E2.35602
G1 X163.852 Y80.070 E2.40503
G1 X159.993 Y76.211 E2.67572
G1 X159.858 Y75.775 E2.69835
G1 X159.858 Y75.514 E2.71129
G1 X164.460 Y80.116 E3.03405
G1 X165.068 Y80.161 E3.06429
G1 X159.858 Y74.952 E3.42969
G1 X159.858 Y74.389 E3.45758
G1 X165.750 Y80.281 E3.87082
G1 E1.87082 F2400.000
G92 E0
G1 X83.550 Y72.488 F7800.000
G1 E2.00000 F2400.000
;TYPE:Perimeter
;WIDTH:0.45
G1 F900.000
G1 X86.450 Y72.488 E2.13950
G1 X87.900 Y75.000 E2.27899
G1 X86.450 Y77.512 E2.41849
G1 X83.550 Y77.512 E2.55799
G1 X82.100 Y75.000 E2.69749
G1 X83.520 Y72.540 E2.83410
G1 X83.772 Y72.874 F7800.000
G1 F900.000
G1 X86.228 Y72.874 E2.95218
G1 X87.455 Y75.000 E3.07026
G1 X86.228 Y77.126 E3.18834
G1 X83.772 Y77.126 E3.30642
G1 X82.545 Y75.000 E3.42450
G1 X83.742 Y72.926 E3.53970
G1 X86.005 Y73.259 F7800.000
;TYPE:External perimeter
G1 F900.000
G1 X87.010 Y75.000 E3.63636
G1 X86.005 Y76.741 E3.73303
G1 X83.995 Y76.741 E3.82969
G1 X82.990 Y75.000 E3.92636
G1 X83.995 Y73.259 E4.02302
G1 X85.945 Y73.259 E4.11680
G1 X86.351 Y73.059 F7800.000
G1 X88.694 Y70.996
;TYPE:Perimeter
G1 F900.000
G1 X89.538 Y71.906 E4.17649
G1 X90.248 Y73.381 E4.25523
G1 X90.493 Y75.000 E4.33398
G1 X90.248 Y76.619 E4.41272
G1 X89.538 Y78.094 E4.49147
G1 X88.425 Y79.294 E4.57021
G1 X87.007 Y80.113 E4.64896
G1 X85.410 Y80.477 E4.72770
G1 X83.778 Y80.355 E4.80645
G1 X82.254 Y79.757 E4.88519
G1 X80.996 Y78.754 E4.96255
G1 X80.996 Y71.246 E5.32365
G1 X81.310 Y70.996 E5.34293
G1 X88.634 Y70.996 E5.69520
G1 X88.862 Y70.611 F7800.000
G1 F900.000
G1 X89.860 Y71.686 E5.76578
G1 X90.621 Y73.266 E5.85012
G1 X90.882 Y75.000 E5.93445
G1 X90.621 Y76.734 E6.01879
G1 X89.860 Y78.314 E6.10312
G1 X88.668 Y79.599 E6.18746
G1 X87.149 Y80.476 E6.27180
G1 X85.440 Y80.866 E6.35613
G1 X83.691 Y80.735 E6.44047
G1 X82.059 Y80.094 E6.52481
G1 X80.688 Y79.001 E6.60914
G1 X80.611 Y78.888 E6.61574
G1 X80.611 Y71.112 E6.98972
G1 X80.688 Y70.999 E6.99631
G1 X81.175 Y70.611 E7.02627
G1 X88.802 Y70.611 E7.39312
G1 X89.031 Y70.225 F7800.000
;TYPE:External perimeter
G1 F900.000
G1 X90.183 Y71.467 E7.47459
G1 X90.994 Y73.151 E7.56451
G1 X91.272 Y75.000 E7.65444
G1 X90.994 Y76.849 E7.74437
G1 X90.183 Y78.533 E7.83430
G1 X88.911 Y79.904 E7.92422
G1 X87.292 Y80.839 E8.01415
G1 X85.469 Y81.255 E8.10408
G1 X83.604 Y81.115 E8.19401
G1 X81.864 Y80.432 E8.28393
G1 X80.402 Y79.266 E8.37386
G1 X80.225 Y79.007 E8.38897
G1 X80.225 Y70.993 E8.77440
G1 X80.402 Y70.734 E8.78951
G1 X81.040 Y70.225 E8.82874
G1 X88.971 Y70.225 E9.21018
G1 X89.028 Y70.625 F7800.000
G1 X89.619 Y72.341
;TYPE:Solid infill
;WIDTH:0.461778
G1 F1200.000
G1 X88.564 Y71.285 E9.28417
G1 X88.002 Y71.285 E9.31203
G1 X89.770 Y73.053 E9.43596
G1 X89.969 Y73.467 E9.45872
G1 X90.031 Y73.876 E9.47923
G1 X87.440 Y71.285 E9.66085
G1 X86.878 Y71.285 E9.68871
G1 X90.130 Y74.538 E9.91671
G1 X90.200 Y75.000 E9.93986
G1 X90.178 Y75.148 E9.94725
G1 X86.316 Y71.285 E10.21797
G1 X85.754 Y71.285 E10.24583
G1 X90.104 Y75.636 E10.55078
G1 X90.031 Y76.124 E10.57526
G1 X87.316 Y73.410 E10.76552
G1 X88.084 Y74.740 E10.84162
G1 X89.939 Y76.595 E10.97165
G1 X89.756 Y76.974 E10.99252
G1 X88.069 Y75.287 E11.11081
G1 X87.863 Y75.643 E11.13120
G1 X89.574 Y77.354 E11.25111
G1 X89.391 Y77.733 E11.27198
G1 X87.657 Y75.999 E11.39350
G1 X87.452 Y76.355 E11.41390
G1 X89.166 Y78.070 E11.53407
G1 X88.896 Y78.361 E11.55378
G1 X87.246 Y76.712 E11.66941
G1 X87.040 Y77.068 E11.68980
G1 X88.625 Y78.653 E11.80089
G1 X88.355 Y78.944 E11.82060
G1 X86.835 Y77.424 E11.92715
G1 X86.629 Y77.781 E11.94754
G1 X88.034 Y79.186 E12.04603
G1 X87.678 Y79.391 E12.06642
G1 X86.087 Y77.801 E12.17791
G1 X85.525 Y77.801 E12.20577
G1 X87.321 Y79.597 E12.33167
G1 X86.965 Y79.803 E12.35207
G1 X84.963 Y77.801 E12.49239
G1 X84.401 Y77.801 E12.52025
G1 X86.526 Y79.926 E12.66920
G1 X86.069 Y80.030 E12.69246
G1 X83.839 Y77.801 E12.84873
G1 X83.383 Y77.801 E12.87135
G1 X82.760 Y76.721 E12.93314
G1 X81.285 Y75.247 E13.03647
G1 X81.285 Y74.685 E13.06432
G1 X81.992 Y75.392 E13.11383
G1 X81.766 Y75.000 E13.13625
G1 X81.911 Y74.749 E13.15063
G1 X81.285 Y74.123 E13.19447
G1 X81.285 Y73.561 E13.22233
G1 X82.117 Y74.392 E13.28058
G1 X82.322 Y74.036 E13.30097
G1 X81.285 Y72.999 E13.37365
G1 X81.285 Y72.437 E13.40151
G1 X82.528 Y73.680 E13.48860
G1 X82.734 Y73.323 E13.50899
G1 X81.285 Y71.875 E13.61051
G1 X81.285 Y71.385 E13.63479
G1 X81.326 Y71.353 E13.63733
G1 X82.939 Y72.967 E13.75045
G1 X83.145 Y72.611 E13.77084
G1 X81.820 Y71.285 E13.86375
G1 X82.382 Y71.285 E13.89161
G1 X83.351 Y72.255 E13.95954
G1 X83.383 Y72.199 E13.96272
G1 X83.857 Y72.199 E13.98623
G1 X82.944 Y71.285 E14.05027
G1 X83.506 Y71.285 E14.07812
G1 X84.419 Y72.199 E14.14216
G1 X84.981 Y72.199 E14.17002
G1 X84.068 Y71.285 E14.23406
G1 X84.630 Y71.285 E14.26191
G1 X85.543 Y72.199 E14.32595
G1 X86.105 Y72.199 E14.35381
G1 X85.018 Y71.112 E14.43001
G1 X81.112 Y77.884 F7800.000
G1 F1200.000
G1 X82.946 Y79.718 E14.55855
G1 X83.861 Y80.071 E14.60719
G1 X81.285 Y77.495 E14.78774
G1 X81.285 Y76.933 E14.81560
G1 X84.469 Y80.117 E15.03873
G1 X85.076 Y80.162 E15.06893
G1 X81.285 Y76.371 E15.33465
G1 X81.285 Y75.809 E15.36251
G1 X85.756 Y80.280 E15.67587
G1 E13.67587 F2400.000
G92 E0
G1 X83.550 Y107.488 F7800.000
G1 E2.00000 F2400.000
;TYPE:Perimeter
;WIDTH:0.45
G1 F900.000
G1 X86.450 Y107.488 E2.13950
G1 X87.900 Y110.000 E2.27899
G1 X86.450 Y112.512 E2.41849
G1 X83.550 Y112.512 E2.55798
G1 X82.100 Y110.000 E2.69748
G1 X83.520 Y107.540 E2.83409
G1 X83.772 Y107.874 F7800.000
G1 F900.000
G1 X86.228 Y107.874 E2.95217
G1 X87.455 Y110.000 E3.07025
G1 X86.228 Y112.126 E3.18833
G1 X83.772 Y112.126 E3.30641
G1 X82.545 Y110.000 E3.42449
G1 X83.742 Y107.926 E3.53968
G1 E1.53968 F2400.000
G92 E0
G1 X86.005 Y111.740 F7800.000
G1 E2.00000 F2400.000
;TYPE:External perimeter
G1 F900.000
G1 X83.995 Y111.740 E2.09666
G1 X82.990 Y110.000 E2.19333
G1 X83.995 Y108.260 E2.28999
G1 X86.005 Y108.260 E2.38666
G1 X87.010 Y110.000 E2.48332
G1 X86.035 Y111.689 E2.57710
G1 X86.005 Y112.140 F7800.000
G1 X88.694 Y114.004
;TYPE:Perimeter
G1 F900.000
G1 X81.310 Y114.004 E2.93226
G1 X80.996 Y113.754 E2.95154
G1 X80.996 Y106.246 E3.31263
G1 X82.254 Y105.243 E3.38999
G1 X83.778 Y104.645 E3.46874
G1 X85.410 Y104.523 E3.54748
G1 X87.007 Y104.887 E3.62623
G1 X88.425 Y105.706 E3.70497
G1 X89.538 Y106.906 E3.78372
G1 X90.248 Y108.381 E3.86246
G1 X90.493 Y110.000 E3.94121
G1 X90.248 Y111.619 E4.01995
G1 X89.538 Y113.094 E4.09870
G1 X88.735 Y113.960 E4.15550
G1 X88.862 Y114.389 F7800.000
G1 F900.000
G1 X81.175 Y114.389 E4.52525
G1 X80.688 Y114.001 E4.55520
G1 X80.611 Y113.888 E4.56179
G1 X80.611 Y106.112 E4.93577
G1 X80.688 Y105.999 E4.94237
G1 X82.059 Y104.906 E5.02670
G1 X83.691 Y104.265 E5.11104
G1 X85.440 Y104.134 E5.19538
G1 X87.149 Y104.524 E5.27971
G1 X88.668 Y105.401 E5.36405
G1 X89.860 Y106.686 E5.44839
G1 X90.621 Y108.266 E5.53272
G1 X90.882 Y110.000 E5.61706
G1 X90.621 Y111.734 E5.70139
G1 X89.860 Y113.314 E5.78573
G1 X88.903 Y114.345 E5.85342
G1 X89.031 Y114.775 F7800.000
;TYPE:External perimeter
G1 F900.000
G1 X81.040 Y114.775 E6.23775
G1 X80.402 Y114.266 E6.27699
G1 X80.225 Y114.007 E6.29209
G1 X80.225 Y105.993 E6.67752
G1 X80.402 Y105.734 E6.69263
G1 X81.864 Y104.568 E6.78256
G1 X83.604 Y103.885 E6.87248
G1 X85.469 Y103.745 E6.96241
G1 X87.292 Y104.161 E7.05234
G1 X88.911 Y105.096 E7.14227
G1 X90.183 Y106.467 E7.23219
G1 X90.994 Y108.151 E7.32212
G1 X91.272 Y110.000 E7.41205
G1 X90.994 Y111.849 E7.50197
G1 X90.183 Y113.533 E7.59190
G1 X89.071 Y114.731 E7.67048
G1 X88.730 Y114.511 F7800.000
G1 X82.118 Y113.888
;TYPE:Solid infill
;WIDTH:0.462364
G1 F1200.000
G1 X81.285 Y113.056 E7.72889
G1 X81.285 Y112.493 E7.75683
G1 X82.507 Y113.715 E7.84257
G1 X83.070 Y113.715 E7.87051
G1 X81.285 Y111.930 E7.99576
G1 X81.285 Y111.368 E8.02370
G1 X83.632 Y113.715 E8.18846
G1 X84.195 Y113.715 E8.21640
G1 X81.285 Y110.805 E8.42067
G1 X81.285 Y110.242 E8.44861
G1 X82.752 Y111.709 E8.55157
G1 X83.383 Y112.801 E8.61418
G1 X83.845 Y112.801 E8.63710
G1 X84.758 Y113.715 E8.70124
G1 X85.321 Y113.715 E8.72918
G1 X84.407 Y112.801 E8.79331
G1 X84.970 Y112.801 E8.82125
G1 X85.884 Y113.715 E8.88538
G1 X86.447 Y113.715 E8.91332
G1 X85.533 Y112.801 E8.97746
G1 X86.096 Y112.801 E9.00540
G1 X87.009 Y113.715 E9.06953
G1 X87.572 Y113.715 E9.09747
G1 X86.632 Y112.775 E9.16346
G1 X86.838 Y112.418 E9.18391
G1 X88.135 Y113.715 E9.27494
G1 X88.568 Y113.715 E9.29642
G1 X88.630 Y113.647 E9.30099
G1 X87.044 Y112.061 E9.41234
G1 X87.250 Y111.704 E9.43279
G1 X88.901 Y113.355 E9.54869
G1 X89.172 Y113.063 E9.56846
G1 X87.456 Y111.347 E9.68891
G1 X87.662 Y110.991 E9.70936
G1 X89.396 Y112.724 E9.83103
G1 X89.578 Y112.344 E9.85196
G1 X87.868 Y110.634 E9.97200
G1 X88.074 Y110.277 E9.99245
G1 X89.761 Y111.964 E10.11088
G1 X89.944 Y111.584 E10.13181
G1 X88.062 Y109.702 E10.26395
G1 X87.293 Y108.370 E10.34028
G1 X90.033 Y111.110 E10.53260
G1 X90.107 Y110.620 E10.55715
G1 X84.376 Y104.890 E10.95940
G1 X84.900 Y104.851 E10.98546
G1 X90.180 Y110.131 E11.35613
G1 X90.200 Y110.000 E11.36272
G1 X90.127 Y109.515 E11.38706
G1 X85.437 Y104.826 E11.71626
G1 X86.167 Y104.992 E11.75339
G1 X90.027 Y108.852 E12.02439
G1 X89.969 Y108.467 E12.04373
G1 X89.750 Y108.013 E12.06877
G1 X86.896 Y105.159 E12.26913
G1 X88.225 Y105.924 E12.34525
G1 X89.599 Y107.299 E12.44173
G1 X86.296 Y107.373 F7800.000
G1 F1200.000
G1 X83.853 Y104.930 E12.61322
G1 X83.446 Y105.086 E12.63484
G1 X85.559 Y107.199 E12.78318
G1 X84.997 Y107.199 E12.81112
G1 X83.042 Y105.245 E12.94832
G1 X82.638 Y105.403 E12.96988
G1 X84.434 Y107.199 E13.09594
G1 X83.871 Y107.199 E13.12388
G1 X82.271 Y105.599 E13.23618
G1 X81.958 Y105.849 E13.25606
G1 X83.356 Y107.246 E13.35416
G1 X83.149 Y107.603 E13.37461
G1 X81.645 Y106.099 E13.48023
G1 X81.332 Y106.348 E13.50011
G1 X82.943 Y107.960 E13.61325
G1 X82.737 Y108.317 E13.63370
G1 X81.285 Y106.865 E13.73563
G1 X81.285 Y107.428 E13.76357
G1 X82.531 Y108.674 E13.85104
G1 X82.325 Y109.031 E13.87149
G1 X81.285 Y107.991 E13.94450
G1 X81.285 Y108.553 E13.97244
G1 X82.119 Y109.387 E14.03098
G1 X81.913 Y109.744 E14.05143
G1 X81.285 Y109.116 E14.09552
G1 X81.285 Y109.679 E14.12346
G1 X82.457 Y110.851 E14.20573
;LAYER_CHANGE
;Z:1.82
;HEIGHT:0.3
G1 Z1.820 F7800.000
G1 E12.20573 F2400.000
G92 E0
G1 X77.730 Y106.557 F7800.000
G1 E2.00000 F2400.000
;TYPE:Support material interface
;WIDTH:0.35
G1 F3600.000
G1 X77.730 Y78.572 E2.99693
G1 X78.016 Y78.572 E3.00711
G1 X78.016 Y106.428 E3.99946
G1 X78.301 Y106.428 E4.00963
G1 X78.301 Y78.572 E5.00198
G1 X78.587 Y78.572 E5.01216
G1 X78.587 Y106.428 E6.00451
G1 X78.872 Y106.428 E6.01468
G1 X78.872 Y78.572 E7.00704
G1 X79.158 Y78.572 E7.01721
G1 X79.158 Y106.428 E8.00956
G1 X79.444 Y106.428 E8.01974
G1 X79.444 Y78.572 E9.01209
G1 X79.632 Y78.572 E9.01880
G1 X79.632 Y79.132 E9.03874
G1 X79.665 Y79.238 E9.04269
G1 X79.729 Y79.332 E9.04677
G1 X79.729 Y105.668 E9.98496
G1 X79.947 Y105.349 E9.99871
G1 X80.015 Y105.284 E10.00206
G1 X80.015 Y79.716 E10.91290
G1 X80.301 Y79.944 E10.92591
G1 X80.301 Y105.056 E11.82052
G1 X80.586 Y104.829 E11.83354
G1 X80.586 Y80.172 E12.71192
G1 X80.872 Y80.399 E12.72494
G1 X80.872 Y104.601 E13.58709
G1 X81.157 Y104.373 E13.60010
G1 X81.157 Y80.627 E14.44603
G1 X81.443 Y80.855 E14.45904
G1 X81.443 Y104.145 E15.28873
G1 X81.590 Y104.038 E15.29520
G1 X81.729 Y103.984 E15.30051
G1 X81.729 Y81.016 E16.11873
G1 X82.014 Y81.128 E16.12966
G1 X82.014 Y103.872 E16.93989
G1 X82.300 Y103.760 E16.95082
G1 X82.300 Y81.240 E17.75306
G1 X82.586 Y81.352 E17.76400
G1 X82.586 Y103.648 E18.55825
G1 X82.871 Y103.536 E18.56918
G1 X82.871 Y81.464 E19.35546
G1 X83.157 Y81.576 E19.36639
G1 X83.157 Y103.562 E20.14959
G1 E18.14959 F2400.000
G92 E0
G1 X83.157 Y117.699 F7800.000
G1 E2.00000 F2400.000
G1 F3600.000
G1 X83.157 Y115.368 E2.08305
G1 X82.871 Y115.368 E2.09323
G1 X82.871 Y117.571 E2.17170
G1 X82.586 Y117.571 E2.18187
G1 X82.586 Y115.368 E2.26034
G1 X82.300 Y115.368 E2.27052
G1 X82.300 Y117.571 E2.34899
G1 X82.014 Y117.571 E2.35917
G1 X82.014 Y115.368 E2.43764
G1 X81.729 Y115.368 E2.44781
G1 X81.729 Y117.571 E2.52628
G1 X81.443 Y117.571 E2.53646
G1 X81.443 Y115.368 E2.61493
G1 X81.157 Y115.368 E2.62511
G1 X81.157 Y117.571 E2.70358
G1 X80.872 Y117.571 E2.71375
G1 X80.872 Y115.358 E2.79256
G1 X80.781 Y115.327 E2.79600
G1 X80.586 Y115.171 E2.80486
G1 X80.586 Y117.571 E2.89032
G1 X80.301 Y117.571 E2.90050
G1 X80.301 Y114.944 E2.99408
G1 X80.015 Y114.716 E3.00709
G1 X80.015 Y117.571 E3.10879
G1 X79.729 Y117.571 E3.11896
G1 X79.729 Y114.332 E3.23433
G1 X79.665 Y114.238 E3.23841
G1 X79.632 Y114.132 E3.24236
G1 X79.632 Y111.999 E3.31832
G1 X79.444 Y111.999 E3.32503
G1 X79.444 Y117.571 E3.52350
G1 X79.158 Y117.571 E3.53368
G1 X79.158 Y111.999 E3.73215
G1 X78.872 Y111.999 E3.74233
G1 X78.872 Y117.571 E3.94080
G1 X78.587 Y117.571 E3.95097
G1 X78.587 Y111.999 E4.14944
G1 X78.301 Y111.999 E4.15962
G1 X78.301 Y117.571 E4.35809
G1 X78.016 Y117.571 E4.36827
G1 X78.016 Y111.999 E4.56674
G1 X77.730 Y111.999 E4.57691
G1 X77.730 Y117.699 E4.77996
G1 E2.77996 F2400.000
G92 E0
G1 X77.730 Y73.129 F7800.000
G1 E2.00000 F2400.000
G1 F3600.000
G1 X77.730 Y67.429 E2.20305
G1 X78.016 Y67.429 E2.21323
G1 X78.016 Y73.001 E2.41170
G1 X78.301 Y73.001 E2.42187
G1 X78.301 Y67.429 E2.62034
G1 X78.587 Y67.429 E2.63052
G1 X78.587 Y73.001 E2.82899
G1 X78.872 Y73.001 E2.83917
G1 X78.872 Y67.429 E3.03764
G1 X79.158 Y67.429 E3.04781
G1 X79.158 Y73.001 E3.24628
G1 X79.444 Y73.001 E3.25646
G1 X79.444 Y67.429 E3.45493
G1 X79.729 Y67.429 E3.46511
G1 X79.729 Y70.668 E3.58047
G1 X79.947 Y70.349 E3.59422
G1 X80.015 Y70.284 E3.59758
G1 X80.015 Y67.429 E3.69927
G1 X80.301 Y67.429 E3.70945
G1 X80.301 Y70.056 E3.80303
G1 X80.586 Y69.829 E3.81604
G1 X80.586 Y67.429 E3.90151
G1 X80.872 Y67.429 E3.91168
G1 X80.872 Y69.642 E3.99049
G1 X81.157 Y69.632 E4.00067
G1 X81.157 Y67.429 E4.07914
G1 X81.443 Y67.429 E4.08932
G1 X81.443 Y69.632 E4.16779
G1 X81.729 Y69.632 E4.17796
G1 X81.729 Y67.429 E4.25644
G1 X82.014 Y67.429 E4.26661
G1 X82.014 Y69.632 E4.34509
G1 X82.300 Y69.632 E4.35526
G1 X82.300 Y67.429 E4.43373
G1 X82.586 Y67.429 E4.44391
G1 X82.586 Y69.632 E4.52238
G1 X82.871 Y69.632 E4.53256
G1 X82.871 Y67.429 E4.61103
G1 X83.157 Y67.429 E4.62120
G1 X83.157 Y69.761 E4.70426
G1 E2.70426 F2400.000
G92 E0
G1 X166.843 Y69.761 F7800.000
G1 E2.00000 F2400.000
G1 F3600.000
G1 X166.843 Y67.429 E2.08305
G1 X167.129 Y67.429 E2.09323
G1 X167.129 Y69.632 E2.17170
G1 X167.414 Y69.632 E2.18187
G1 X167.414 Y67.429 E2.26035
G1 X167.700 Y67.429 E2.27052
G1 X167.700 Y69.632 E2.34900
G1 X167.986 Y69.632 E2.35917
G1 X167.986 Y67.429 E2.43764
G1 X168.271 Y67.429 E2.44782
G1 X168.271 Y69.632 E2.52629
G1 X168.557 Y69.632 E2.53647
G1 X168.557 Y67.429 E2.61494
G1 X168.842 Y67.429 E2.62511
G1 X168.842 Y69.632 E2.70359
G1 X169.128 Y69.632 E2.71376
G1 X169.128 Y67.429 E2.79224
G1 X169.414 Y67.429 E2.80241
G1 X169.414 Y69.766 E2.88567
G1 X169.699 Y70.074 E2.90062
G1 X169.699 Y67.429 E2.99485
G1 X169.985 Y67.429 E3.00502
G1 X169.985 Y70.382 E3.11021
G1 X170.271 Y70.690 E3.12517
G1 X170.271 Y67.429 E3.24132
G1 X170.556 Y67.429 E3.25149
G1 X170.556 Y73.001 E3.44997
G1 X170.842 Y73.001 E3.46014
G1 X170.842 Y67.429 E3.65861
G1 X171.127 Y67.429 E3.66879
G1 X171.127 Y73.001 E3.86726
G1 X171.413 Y73.001 E3.87743
G1 X171.413 Y67.429 E4.07591
G1 X171.699 Y67.429 E4.08608
G1 X171.699 Y73.001 E4.28455
G1 X171.984 Y73.001 E4.29473
G1 X171.984 Y67.429 E4.49320
G1 X172.270 Y67.429 E4.50337
G1 X172.270 Y73.129 E4.70642
G1 E2.70642 F2400.000
G92 E0
G1 X166.843 Y103.583 F7800.000
G1 E2.00000 F2400.000
G1 F3600.000
G1 X166.843 Y81.549 E2.78491
G1 X167.129 Y81.484 E2.79535
G1 X167.129 Y103.516 E3.58021
G1 X167.414 Y103.581 E3.59065
G1 X167.414 Y81.419 E4.38016
G1 X167.535 Y81.383 E4.38463
G1 X167.700 Y81.288 E4.39143
G1 X167.700 Y103.712 E5.19029
G1 X167.986 Y103.877 E5.20204
G1 X167.986 Y81.123 E6.01265
G1 X168.271 Y80.958 E6.02440
G1 X168.271 Y104.042 E6.84676
G1 X168.557 Y104.207 E6.85851
G1 X168.557 Y80.793 E7.69262
G1 X168.842 Y80.628 E7.70437
G1 X168.842 Y104.372 E8.55023
G1 X169.128 Y104.537 E8.56198
G1 X169.128 Y80.463 E9.41958
G1 X169.304 Y80.352 E9.42698
G1 X169.414 Y80.234 E9.43275
G1 X169.414 Y104.766 E10.30671
G1 X169.699 Y105.074 E10.32167
G1 X169.699 Y79.926 E11.21756
G1 X169.985 Y79.618 E11.23252
G1 X169.985 Y105.382 E12.15034
G1 X170.271 Y105.690 E12.16530
G1 X170.271 Y79.310 E13.10506
G1 X170.317 Y79.260 E13.10749
G1 X170.368 Y79.131 E13.11245
G1 X170.368 Y78.572 E13.13235
G1 X170.556 Y78.572 E13.13906
G1 X170.556 Y106.428 E14.13141
G1 X170.842 Y106.428 E14.14159
G1 X170.842 Y78.572 E15.13394
G1 X171.127 Y78.572 E15.14411
G1 X171.127 Y106.428 E16.13646
G1 X171.413 Y106.428 E16.14664
G1 X171.413 Y78.572 E17.13899
G1 X171.699 Y78.572 E17.14916
G1 X171.699 Y106.428 E18.14152
G1 X171.984 Y106.428 E18.15169
G1 X171.984 Y78.572 E19.14404
G1 X172.270 Y78.572 E19.15422
G1 X172.270 Y106.557 E20.15115
G1 E18.15115 F2400.000
G92 E0
G1 X172.270 Y117.699 F7800.000
G1 E2.00000 F2400.000
G1 F3600.000
G1 X172.270 Y111.999 E2.20305
G1 X171.984 Y111.999 E2.21323
G1 X171.984 Y117.571 E2.41170
G1 X171.699 Y117.571 E2.42187
G1 X171.699 Y111.999 E2.62034
G1 X171.413 Y111.999 E2.63052
G1 X171.413 Y117.571 E2.82899
G1 X171.127 Y117.571 E2.83917
G1 X171.127 Y111.999 E3.03764
G1 X170.842 Y111.999 E3.04781
G1 X170.842 Y117.571 E3.24628
G1 X170.556 Y117.571 E3.25646
G1 X170.556 Y111.999 E3.45493
G1 X170.368 Y111.999 E3.46164
G1 X170.368 Y114.130 E3.53756
G1 X170.317 Y114.260 E3.54252
G1 X170.271 Y114.310 E3.54495
G1 X170.271 Y117.571 E3.66110
G1 X169.985 Y117.571 E3.67128
G1 X169.985 Y114.618 E3.77647
G1 X169.699 Y114.926 E3.79143
G1 X169.699 Y117.571 E3.88565
G1 X169.414 Y117.571 E3.89582
G1 X169.414 Y115.234 E3.97907
G1 X169.346 Y115.306 E3.98261
G1 X169.205 Y115.368 E3.98808
G1 X169.128 Y115.368 E3.99084
G1 X169.128 Y117.571 E4.06931
G1 X168.842 Y117.571 E4.07948
G1 X168.842 Y115.368 E4.15796
G1 X168.557 Y115.368 E4.16813
G1 X168.557 Y117.571 E4.24660
G1 X168.271 Y117.571 E4.25678
G1 X168.271 Y115.368 E4.33525
G1 X167.986 Y115.368 E4.34542
G1 X167.986 Y117.571 E4.42390
G1 X167.700 Y117.571 E4.43407
G1 X167.700 Y115.368 E4.51254
G1 X167.414 Y115.368 E4.52272
G1 X167.414 Y117.571 E4.60119
G1 X167.129 Y117.571 E4.61136
G1 X167.129 Y115.368 E4.68984
G1 X166.843 Y115.368 E4.70001
G1 X166.843 Y117.699 E4.78306
G1 E2.78306 F2400.000
G92 E0
G1 X163.550 Y107.488 F7800.000
G1 E2.00000 F2400.000
;TYPE:Perimeter
;WIDTH:0.45
G1 F900.000
G1 X166.450 Y107.488 E2.13950
G1 X167.900 Y110.000 E2.27899
G1 X166.450 Y112.512 E2.41849
G1 X163.550 Y112.512 E2.55798
G1 X162.100 Y110.000 E2.69748
G1 X163.520 Y107.540 E2.83409
G1 X163.772 Y107.874 F7800.000
G1 F900.000
G1 X166.228 Y107.874 E2.95217
G1 X167.455 Y110.000 E3.07025
G1 X166.228 Y112.126 E3.18833
G1 X163.772 Y112.126 E3.30641
G1 X162.545 Y110.000 E3.42449
G1 X163.742 Y107.926 E3.53968
G1 E1.53968 F2400.000
G92 E0
G1 X166.005 Y111.740 F7800.000
G1 E2.00000 F2400.000
;TYPE:External perimeter
G1 F900.000
G1 X163.995 Y111.740 E2.09666
G1 X162.990 Y110.000 E2.19333
G1 X163.995 Y108.260 E2.28999
G1 X166.005 Y108.260 E2.38666
G1 X167.010 Y110.000 E2.48332
G1 X166.035 Y111.689 E2.57710
G1 X166.005 Y112.140 F7800.000
G1 X168.694 Y114.004
;TYPE:Perimeter
G1 F900.000
G1 X161.310 Y114.004 E2.93226
G1 X160.974 Y113.736 E2.95292
G1 X160.051 Y112.383 E3.03167
G1 X159.569 Y110.819 E3.11041
G1 X159.569 Y109.181 E3.18916
G1 X160.051 Y107.617 E3.26790
G1 X160.974 Y106.264 E3.34665
G1 X162.254 Y105.243 E3.42540
G1 X163.778 Y104.645 E3.50414
G1 X165.410 Y104.523 E3.58288
G1 X167.007 Y104.887 E3.66163
G1 X168.425 Y105.706 E3.74038
G1 X169.004 Y106.330 E3.78134
G1 X169.004 Y113.670 E4.13436
G1 X168.735 Y113.960 E4.15337
G1 X168.862 Y114.389 F7800.000
G1 F900.000
G1 X161.175 Y114.389 E4.52312
G1 X160.688 Y114.001 E4.55307
G1 X159.700 Y112.552 E4.63741
G1 X159.183 Y110.877 E4.72174
G1 X159.183 Y109.123 E4.80608
G1 X159.700 Y107.448 E4.89041
G1 X160.688 Y105.999 E4.97475
G1 X162.059 Y104.906 E5.05909
G1 X163.691 Y104.265 E5.14342
G1 X165.440 Y104.134 E5.22776
G1 X167.149 Y104.524 E5.31210
G1 X168.668 Y105.401 E5.39643
G1 X169.389 Y106.179 E5.44747
G1 X169.389 Y113.821 E5.81505
G1 X168.903 Y114.345 E5.84944
G1 X169.031 Y114.775 F7800.000
;TYPE:External perimeter
G1 F900.000
G1 X161.040 Y114.775 E6.23376
G1 X160.402 Y114.266 E6.27300
G1 X159.349 Y112.721 E6.36293
G1 X158.798 Y110.935 E6.45285
G1 X158.798 Y109.065 E6.54278
G1 X159.349 Y107.279 E6.63271
G1 X160.402 Y105.734 E6.72264
G1 X161.864 Y104.568 E6.81256
G1 X163.604 Y103.885 E6.90249
G1 X165.469 Y103.745 E6.99241
G1 X167.292 Y104.161 E7.08234
G1 X168.911 Y105.096 E7.17227
G1 X169.775 Y106.027 E7.23338
G1 X169.775 Y113.973 E7.61552
G1 X169.071 Y114.731 E7.66528
G1 X168.690 Y114.565 F7800.000
G1 X168.390 Y113.888
;TYPE:Solid infill
;WIDTH:0.462028
G1 F1200.000
G1 X168.715 Y113.556 E7.68829
G1 X168.715 Y113.001 E7.71583
G1 X168.001 Y113.715 E7.76587
G1 X167.439 Y113.715 E7.79376
G1 X168.715 Y112.439 E7.88324
G1 X168.715 Y111.876 E7.91113
G1 X166.876 Y113.715 E8.04006
G1 X166.314 Y113.715 E8.06795
G1 X168.715 Y111.314 E8.23632
G1 X168.715 Y110.752 E8.26421
G1 X165.752 Y113.715 E8.47202
G1 X165.189 Y113.715 E8.49991
G1 X166.103 Y112.801 E8.56399
G1 X165.541 Y112.801 E8.59188
G1 X164.627 Y113.715 E8.65596
G1 X164.065 Y113.715 E8.68386
G1 X164.978 Y112.801 E8.74794
G1 X164.416 Y112.801 E8.77583
G1 X163.502 Y113.715 E8.83991
G1 X162.940 Y113.715 E8.86780
G1 X163.854 Y112.801 E8.93188
G1 X163.383 Y112.801 E8.95523
G1 X163.349 Y112.743 E8.95856
G1 X162.378 Y113.715 E9.02671
G1 X161.815 Y113.715 E9.05460
G1 X163.143 Y112.386 E9.14777
G1 X162.938 Y112.030 E9.16818
G1 X161.323 Y113.644 E9.28144
G1 X161.188 Y113.537 E9.28999
G1 X161.058 Y113.347 E9.30141
G1 X162.732 Y111.673 E9.41878
G1 X162.526 Y111.317 E9.43920
G1 X160.830 Y113.012 E9.55812
G1 X160.602 Y112.678 E9.57819
G1 X162.320 Y110.960 E9.69867
G1 X162.114 Y110.604 E9.71909
G1 X160.374 Y112.344 E9.84112
G1 X160.315 Y112.256 E9.84636
G1 X160.217 Y111.939 E9.86284
G1 X161.908 Y110.247 E9.98148
G1 X161.766 Y110.000 E9.99564
G1 X162.001 Y109.592 E10.01900
G1 X160.084 Y111.509 E10.15344
G1 X159.952 Y111.079 E10.17575
G1 X162.769 Y108.261 E10.37338
G1 X163.383 Y107.199 E10.43422
G1 X163.832 Y107.199 E10.45649
G1 X166.063 Y104.968 E10.61296
G1 X165.605 Y104.864 E10.63625
G1 X159.858 Y110.611 E11.03932
G1 X159.858 Y110.048 E11.06722
G1 X165.068 Y104.839 E11.43262
G1 X164.460 Y104.884 E11.46285
G1 X159.858 Y109.486 E11.78562
G1 X159.858 Y109.225 E11.79856
G1 X159.993 Y108.789 E11.82118
G1 X163.852 Y104.930 E12.09188
G1 X162.931 Y105.288 E12.14089
G1 X160.243 Y107.976 E12.32939
G1 X160.315 Y107.744 E12.34143
G1 X161.176 Y106.481 E12.41726
G1 X162.312 Y105.345 E12.49691
G1 X164.221 Y107.373 F7800.000
G1 F1200.000
G1 X166.520 Y105.073 E12.65822
G1 X166.900 Y105.159 E12.67752
G1 X166.961 Y105.195 E12.68102
G1 X164.957 Y107.199 E12.82160
G1 X165.519 Y107.199 E12.84949
G1 X167.317 Y105.401 E12.97564
G1 X167.674 Y105.606 E12.99606
G1 X166.081 Y107.199 E13.10777
G1 X166.617 Y107.199 E13.13435
G1 X166.627 Y107.216 E13.13531
G1 X168.030 Y105.812 E13.23376
G1 X168.242 Y105.934 E13.24588
G1 X168.352 Y106.053 E13.25390
G1 X166.833 Y107.572 E13.36048
G1 X167.039 Y107.929 E13.38089
G1 X168.623 Y106.345 E13.49201
G1 X168.715 Y106.444 E13.49871
G1 X168.715 Y106.815 E13.51714
G1 X167.244 Y108.285 E13.62026
G1 X167.450 Y108.642 E13.64068
G1 X168.715 Y107.378 E13.72936
G1 X168.715 Y107.940 E13.75725
G1 X167.656 Y108.998 E13.83149
G1 X167.862 Y109.355 E13.85191
G1 X168.715 Y108.502 E13.91172
G1 X168.715 Y109.065 E13.93961
G1 X168.068 Y109.711 E13.98497
G1 X168.234 Y110.000 E14.00150
G1 X168.088 Y110.254 E14.01603
G1 X168.715 Y109.627 E14.06000
G1 X168.715 Y110.189 E14.08789
G1 X166.845 Y112.059 E14.21899
G1 E12.21899 F2400.000
G92 E0
G1 X163.550 Y72.488 F7800.000
G1 E2.00000 F2400.000
;TYPE:Perimeter
;WIDTH:0.45
G1 F900.000
G1 X166.450 Y72.488 E2.13950
G1 X167.900 Y75.000 E2.27899
G1 X166.450 Y77.512 E2.41849
G1 X163.550 Y77.512 E2.55799
G1 X162.100 Y75.000 E2.69749
G1 X163.520 Y72.540 E2.83410
G1 X163.772 Y72.874 F7800.000
G1 F900.000
G1 X166.228 Y72.874 E2.95218
G1 X167.455 Y75.000 E3.07026
G1 X166.228 Y77.126 E3.18834
G1 X163.772 Y77.126 E3.30642
G1 X162.545 Y75.000 E3.42450
G1 X163.742 Y72.926 E3.53970
G1 X166.005 Y73.259 F7800.000
;TYPE:External perimeter
G1 F900.000
G1 X167.010 Y75.000 E3.63636
G1 X166.005 Y76.741 E3.73303
G1 X163.995 Y76.741 E3.82969
G1 X162.990 Y75.000 E3.92636
G1 X163.995 Y73.259 E4.02302
G1 X165.945 Y73.259 E4.11680
G1 X166.351 Y73.059 F7800.000
G1 X168.694 Y70.996
;TYPE:Perimeter
G1 F900.000
G1 X169.004 Y71.330 E4.13870
G1 X169.004 Y78.670 E4.49172
G1 X168.425 Y79.294 E4.53268
G1 X167.007 Y80.113 E4.61143
G1 X165.410 Y80.477 E4.69018
G1 X163.778 Y80.355 E4.76892
G1 X162.254 Y79.757 E4.84766
G1 X160.974 Y78.736 E4.92641
G1 X160.051 Y77.383 E5.00516
G1 X159.569 Y75.819 E5.08390
G1 X159.569 Y74.181 E5.16265
G1 X160.051 Y72.617 E5.24139
G1 X160.974 Y71.264 E5.32014
G1 X161.310 Y70.996 E5.34080
G1 X168.634 Y70.996 E5.69308
G1 X168.862 Y70.611 F7800.000
G1 F900.000
G1 X169.389 Y71.179 E5.73035
G1 X169.389 Y78.821 E6.09793
G1 X168.668 Y79.599 E6.14897
G1 X167.149 Y80.476 E6.23331
G1 X165.440 Y80.866 E6.31764
G1 X163.691 Y80.735 E6.40198
G1 X162.059 Y80.094 E6.48631
G1 X160.688 Y79.001 E6.57065
G1 X159.700 Y77.552 E6.65499
G1 X159.183 Y75.877 E6.73932
G1 X159.183 Y74.123 E6.82366
G1 X159.700 Y72.448 E6.90799
G1 X160.688 Y70.999 E6.99233
G1 X161.175 Y70.611 E7.02228
G1 X168.802 Y70.611 E7.38914
G1 X169.031 Y70.225 F7800.000
;TYPE:External perimeter
G1 F900.000
G1 X169.775 Y71.027 E7.44179
G1 X169.775 Y78.973 E7.82393
G1 X168.911 Y79.904 E7.88503
G1 X167.292 Y80.839 E7.97496
G1 X165.469 Y81.255 E8.06489
G1 X163.604 Y81.115 E8.15482
G1 X161.864 Y80.432 E8.24474
G1 X160.402 Y79.266 E8.33467
G1 X159.349 Y77.722 E8.42460
G1 X158.798 Y75.935 E8.51453
G1 X158.798 Y74.065 E8.60445
G1 X159.349 Y72.278 E8.69438
G1 X160.402 Y70.734 E8.78431
G1 X161.040 Y70.225 E8.82355
G1 X168.971 Y70.225 E9.20499
G1 X169.028 Y70.625 F7800.000
G1 X168.888 Y75.033
;TYPE:Solid infill
;WIDTH:0.462615
G1 F1200.000
G1 X167.296 Y76.625 E9.31680
G1 X168.066 Y75.292 E9.39322
G1 X168.715 Y74.643 E9.43881
G1 X168.715 Y74.080 E9.46678
G1 X168.073 Y74.721 E9.51182
G1 X167.867 Y74.364 E9.53230
G1 X168.715 Y73.517 E9.59182
G1 X168.715 Y72.954 E9.61979
G1 X167.661 Y74.007 E9.69379
G1 X167.455 Y73.650 E9.71427
G1 X168.715 Y72.390 E9.80275
G1 X168.715 Y71.827 E9.83073
G1 X167.249 Y73.293 E9.93369
G1 X167.043 Y72.936 E9.95417
G1 X168.628 Y71.350 E10.06554
G1 X168.568 Y71.285 E10.06995
G1 X168.130 Y71.285 E10.09169
G1 X166.837 Y72.579 E10.18255
G1 X166.630 Y72.222 E10.20303
G1 X167.567 Y71.285 E10.26881
G1 X167.004 Y71.285 E10.29679
G1 X166.090 Y72.199 E10.36096
G1 X165.527 Y72.199 E10.38893
G1 X166.440 Y71.285 E10.45311
G1 X165.877 Y71.285 E10.48108
G1 X164.964 Y72.199 E10.54525
G1 X164.401 Y72.199 E10.57323
G1 X165.314 Y71.285 E10.63740
G1 X164.751 Y71.285 E10.66537
G1 X163.837 Y72.199 E10.72955
G1 X163.383 Y72.199 E10.75212
G1 X162.762 Y73.274 E10.81379
G1 X159.953 Y76.083 E11.01110
G1 X160.086 Y76.514 E11.03348
G1 X161.993 Y74.607 E11.16742
G1 X161.766 Y75.000 E11.18997
G1 X161.911 Y75.252 E11.20441
G1 X160.219 Y76.944 E11.32328
G1 X160.315 Y77.256 E11.33951
G1 X160.378 Y77.348 E11.34504
G1 X162.117 Y75.609 E11.46723
G1 X162.323 Y75.966 E11.48771
G1 X160.606 Y77.683 E11.60834
G1 X160.834 Y78.018 E11.62847
G1 X162.529 Y76.323 E11.74754
G1 X162.736 Y76.680 E11.76802
G1 X161.063 Y78.353 E11.88554
G1 X161.188 Y78.537 E11.89660
G1 X161.329 Y78.649 E11.90557
G1 X162.942 Y77.037 E12.01883
G1 X163.148 Y77.394 E12.03931
G1 X161.643 Y78.899 E12.14505
G1 X161.956 Y79.149 E12.16496
G1 X163.354 Y77.751 E12.26317
G1 X163.383 Y77.801 E12.26604
G1 X163.867 Y77.801 E12.29010
G1 X162.269 Y79.399 E12.40235
G1 X162.400 Y79.503 E12.41066
G1 X162.636 Y79.596 E12.42323
G1 X164.430 Y77.801 E12.54931
G1 X164.994 Y77.801 E12.57728
G1 X163.040 Y79.755 E12.71451
G1 X163.444 Y79.913 E12.73609
G1 X165.557 Y77.801 E12.88447
G1 X166.120 Y77.801 E12.91244
G1 X163.851 Y80.070 E13.07185
G1 X164.375 Y80.109 E13.09794
G1 X168.715 Y75.770 E13.40279
G1 X168.715 Y76.333 E13.43077
G1 X164.899 Y80.149 E13.69882
G1 X165.389 Y80.185 E13.72322
G1 X165.436 Y80.175 E13.72563
G1 X168.715 Y76.896 E13.95594
G1 X168.715 Y77.459 E13.98391
G1 X166.166 Y80.008 E14.16296
G1 X166.895 Y79.842 E14.20014
G1 X168.715 Y78.022 E14.32794
G1 X168.715 Y78.556 E14.35446
G1 X167.750 Y79.550 E14.42325
G1 X159.685 Y75.789 F7800.000
G1 F1200.000
G1 X164.188 Y71.285 E14.73957
G1 X163.625 Y71.285 E14.76754
G1 X159.858 Y75.052 E15.03212
G1 X159.858 Y74.489 E15.06009
G1 X163.061 Y71.285 E15.28510
G1 X162.498 Y71.285 E15.31307
G1 X159.992 Y73.792 E15.48914
G1 X160.243 Y72.978 E15.53147
G1 X161.935 Y71.285 E15.65034
G1 X161.411 Y71.285 E15.67637
G1 X161.218 Y71.440 E15.68864
G1 X160.515 Y72.142 E15.73798
G1 E13.73798 F2400.000
G92 E0
G1 X83.550 Y72.488 F7800.000
G1 E2.00000 F2400.000
;TYPE:Perimeter
;WIDTH:0.45
G1 F900.000
G1 X86.450 Y72.488 E2.13950
G1 X87.900 Y75.000 E2.27899
G1 X86.450 Y77.512 E2.41849
G1 X83.550 Y77.512 E2.55799
G1 X82.100 Y75.000 E2.69749
G1 X83.520 Y72.540 E2.83410
G1 X83.772 Y72.874 F7800.000
G1 F900.000
G1 X86.228 Y72.874 E2.95218
G1 X87.455 Y75.000 E3.07026
G1 X86.228 Y77.126 E3.18834
G1 X83.772 Y77.126 E3.30642
G1 X82.545 Y75.000 E3.42450
G1 X83.742 Y72.926 E3.53970
G1 X86.005 Y73.259 F7800.000
;TYPE:External perimeter
G1 F900.000
G1 X87.010 Y75.000 E3.63636
G1 X86.005 Y76.741 E3.73303
G1 X83.995 Y76.741 E3.82969
G1 X82.990 Y75.000 E3.92636
G1 X83.995 Y73.259 E4.02302
G1 X85.945 Y73.259 E4.11680
G1 X86.351 Y73.059 F7800.000
G1 X88.694 Y70.996
;TYPE:Perimeter
G1 F900.000
G1 X89.538 Y71.906 E4.17649
G1 X90.248 Y73.381 E4.25523
G1 X90.493 Y75.000 E4.33398
G1 X90.248 Y76.619 E4.41272
G1 X89.538 Y78.094 E4.49147
G1 X88.425 Y79.294 E4.57021
G1 X87.007 Y80.113 E4.64896
G1 X85.410 Y80.477 E4.72770
G1 X83.778 Y80.355 E4.80645
G1 X82.254 Y79.757 E4.88519
G1 X80.996 Y78.754 E4.96255
G1 X80.996 Y71.246 E5.32365
G1 X81.310 Y70.996 E5.34293
G1 X88.634 Y70.996 E5.69520
G1 X88.862 Y70.611 F7800.000
G1 F900.000
G1 X89.860 Y71.686 E5.76578
G1 X90.621 Y73.266 E5.85012
G1 X90.882 Y75.000 E5.93445
G1 X90.621 Y76.734 E6.01879
G1 X89.860 Y78.314 E6.10312
G1 X88.668 Y79.599 E6.18746
G1 X87.149 Y80.476 E6.27180
G1 X85.440 Y80.866 E6.35613
G1 X83.691 Y80.735 E6.44047
G1 X82.059 Y80.094 E6.52481
G1 X80.688 Y79.001 E6.60914
G1 X80.611 Y78.888 E6.61574
G1 X80.611 Y71.112 E6.98972
G1 X80.688 Y70.999 E6.99631
G1 X81.175 Y70.611 E7.02627
G1 X88.802 Y70.611 E7.39312
G1 X89.031 Y70.225 F7800.000
;TYPE:External perimeter
G1 F900.000
G1 X90.183 Y71.467 E7.47459
G1 X90.994 Y73.151 E7.56451
G1 X91.272 Y75.000 E7.65444
G1 X90.994 Y76.849 E7.74437
G1 X90.183 Y78.533 E7.83430
G1 X88.911 Y79.904 E7.92422
G1 X87.292 Y80.839 E8.01415
G1 X85.469 Y81.255 E8.10408
G1 X83.604 Y81.115 E8.19401
G1 X81.864 Y80.432 E8.28393
G1 X80.402 Y79.266 E8.37386
G1 X80.225 Y79.007 E8.38897
G1 X80.225 Y70.993 E8.77440
G1 X80.402 Y70.734 E8.78951
G1 X81.040 Y70.225 E8.82874
G1 X88.971 Y70.225 E9.21018
G1 X89.028 Y70.625 F7800.000
G1 X90.185 Y73.738
;TYPE:Solid infill
;WIDTH:0.462364
G1 F1200.000
G1 X87.293 Y76.630 E9.41321
G1 X88.062 Y75.298 E9.48954
G1 X89.944 Y73.416 E9.62168
G1 X89.761 Y73.036 E9.64261
G1 X88.074 Y74.723 E9.76103
G1 X87.868 Y74.366 E9.78149
G1 X89.578 Y72.656 E9.90153
G1 X89.396 Y72.276 E9.92246
G1 X87.662 Y74.009 E10.04412
G1 X87.456 Y73.653 E10.06458
G1 X89.172 Y71.937 E10.18503
G1 X88.901 Y71.645 E10.20480
G1 X87.250 Y73.296 E10.32070
G1 X87.044 Y72.939 E10.34115
G1 X88.630 Y71.353 E10.45249
G1 X88.568 Y71.285 E10.45706
G1 X88.135 Y71.285 E10.47854
G1 X86.838 Y72.582 E10.56957
G1 X86.632 Y72.225 E10.59003
G1 X87.572 Y71.285 E10.65601
G1 X87.009 Y71.285 E10.68395
G1 X86.096 Y72.199 E10.74808
G1 X85.533 Y72.199 E10.77602
G1 X86.447 Y71.285 E10.84015
G1 X85.884 Y71.285 E10.86809
G1 X84.970 Y72.199 E10.93222
G1 X84.407 Y72.199 E10.96016
G1 X85.321 Y71.285 E11.02429
G1 X84.758 Y71.285 E11.05223
G1 X83.845 Y72.199 E11.11636
G1 X83.383 Y72.199 E11.13928
G1 X82.752 Y73.291 E11.20190
G1 X81.285 Y74.758 E11.30486
G1 X81.285 Y75.321 E11.33280
G1 X81.983 Y74.623 E11.38179
G1 X81.766 Y75.000 E11.40339
G1 X81.913 Y75.256 E11.41805
G1 X81.285 Y75.884 E11.46214
G1 X81.285 Y76.447 E11.49007
G1 X82.119 Y75.613 E11.54862
G1 X82.325 Y75.969 E11.56907
G1 X81.285 Y77.009 E11.64208
G1 X81.285 Y77.572 E11.67002
G1 X82.531 Y76.326 E11.75749
G1 X82.737 Y76.683 E11.77794
G1 X81.285 Y78.135 E11.87987
G1 X81.285 Y78.615 E11.90367
G1 X81.332 Y78.652 E11.90661
G1 X82.943 Y77.040 E12.01975
G1 X83.149 Y77.397 E12.04020
G1 X81.645 Y78.901 E12.14582
G1 X81.958 Y79.151 E12.16570
G1 X83.355 Y77.754 E12.26379
G1 X83.383 Y77.801 E12.26651
G1 X83.871 Y77.801 E12.29074
G1 X82.271 Y79.401 E12.40304
G1 X82.400 Y79.503 E12.41121
G1 X82.638 Y79.597 E12.42390
G1 X84.434 Y77.801 E12.54997
G1 X84.997 Y77.801 E12.57791
G1 X83.042 Y79.755 E12.71511
G1 X83.446 Y79.914 E12.73666
G1 X85.559 Y77.801 E12.88500
G1 X86.122 Y77.801 E12.91294
G1 X83.853 Y80.070 E13.07225
G1 X84.376 Y80.110 E13.09831
G1 X90.107 Y74.380 E13.50056
G1 X90.180 Y74.869 E13.52511
G1 X84.900 Y80.149 E13.89578
G1 X85.389 Y80.185 E13.92010
G1 X85.437 Y80.174 E13.92258
G1 X90.127 Y75.485 E14.25179
G1 X90.027 Y76.148 E14.28506
G1 X86.167 Y80.008 E14.55605
G1 X86.896 Y79.841 E14.59318
G1 X89.750 Y76.987 E14.79354
G1 X89.297 Y77.929 E14.84544
G1 X88.338 Y78.962 E14.91537
G1 X87.750 Y79.550 E14.95664
G1 X81.112 Y74.369 F7800.000
G1 F1200.000
G1 X84.195 Y71.285 E15.17310
G1 X83.632 Y71.285 E15.20103
G1 X81.285 Y73.632 E15.36580
G1 X81.285 Y73.070 E15.39373
G1 X83.070 Y71.285 E15.51899
G1 X82.507 Y71.285 E15.54692
G1 X81.285 Y72.507 E15.63266
G1 X81.285 Y71.944 E15.66060
G1 X82.118 Y71.112 E15.71901
G1 E13.71901 F2400.000
G92 E0
G1 X83.550 Y107.488 F7800.000
G1 E2.00000 F2400.000
;TYPE:Perimeter
;WIDTH:0.45
G1 F900.000
G1 X86.450 Y107.488 E2.13950
G1 X87.900 Y110.000 E2.27899
G1 X86.450 Y112.512 E2.41849
G1 X83.550 Y112.512 E2.55798
G1 X82.100 Y110.000 E2.69748
G1 X83.520 Y107.540 E2.83409
G1 X83.772 Y107.874 F7800.000
G1 F900.000
G1 X86.228 Y107.874 E2.95217
G1 X87.455 Y110.000 E3.07025
G1 X86.228 Y112.126 E3.18833
G1 X83.772 Y112.126 E3.30641
G1 X82.545 Y110.000 E3.42449
G1 X83.742 Y107.926 E3.53968
G1 E1.53968 F2400.000
G92 E0
G1 X86.005 Y111.740 F7800.000
G1 E2.00000 F2400.000
;TYPE:External perimeter
G1 F900.000
G1 X83.995 Y111.740 E2.09666
G1 X82.990 Y110.000 E2.19333
G1 X83.995 Y108.260 E2.28999
G1 X86.005 Y108.260 E2.38666
G1 X87.010 Y110.000 E2.48332
G1 X86.035 Y111.689 E2.57710
G1 X86.005 Y112.140 F7800.000
G1 X88.694 Y114.004
;TYPE:Perimeter
G1 F900.000
G1 X81.310 Y114.004 E2.93226
G1 X80.996 Y113.754 E2.95154
G1 X80.996 Y106.246 E3.31263
G1 X82.254 Y105.243 E3.38999
G1 X83.778 Y104.645 E3.46874
G1 X85.410 Y104.523 E3.54748
G1 X87.007 Y104.887 E3.62623
G1 X88.425 Y105.706 E3.70497
G1 X89.538 Y106.906 E3.78372
G1 X90.248 Y108.381 E3.86246
G1 X90.493 Y110.000 E3.94121
G1 X90.248 Y111.619 E4.01995
G1 X89.538 Y113.094 E4.09870
G1 X88.735 Y113.960 E4.15550
G1 X88.862 Y114.389 F7800.000
G1 F900.000
G1 X81.175 Y114.389 E4.52525
G1 X80.688 Y114.001 E4.55520
G1 X80.611 Y113.888 E4.56179
G1 X80.611 Y106.112 E4.93577
G1 X80.688 Y105.999 E4.94237
G1 X82.059 Y104.906 E5.02670
G1 X83.691 Y104.265 E5.11104
G1 X85.440 Y104.134 E5.19538
G1 X87.149 Y104.524 E5.27971
G1 X88.668 Y105.401 E5.36405
G1 X89.860 Y106.686 E5.44839
G1 X90.621 Y108.266 E5.53272
G1 X90.882 Y110.000 E5.61706
G1 X90.621 Y111.734 E5.70139
G1 X89.860 Y113.314 E5.78573
G1 X88.903 Y114.345 E5.85342
G1 X89.031 Y114.775 F7800.000
;TYPE:External perimeter
G1 F900.000
G1 X81.040 Y114.775 E6.23775
G1 X80.402 Y114.266 E6.27699
G1 X80.225 Y114.007 E6.29209
G1 X80.225 Y105.993 E6.67752
G1 X80.402 Y105.734 E6.69263
G1 X81.864 Y104.568 E6.78256
G1 X83.604 Y103.885 E6.87248
G1 X85.469 Y103.745 E6.96241
G1 X87.292 Y104.161 E7.05234
G1 X88.911 Y105.096 E7.14227
G1 X90.183 Y106.467 E7.23219
G1 X90.994 Y108.151 E7.32212
G1 X91.272 Y110.000 E7.41205
G1 X90.994 Y111.849 E7.50197
G1 X90.183 Y113.533 E7.59190
G1 X89.071 Y114.731 E7.67048
G1 X88.730 Y114.511 F7800.000
G1 X88.390 Y113.888
;TYPE:Solid infill
;WIDTH:0.461777
G1 F1200.000
G1 X89.297 Y112.929 E7.73587
G1 X89.770 Y111.947 E7.78994
G1 X88.002 Y113.715 E7.91387
G1 X87.440 Y113.715 E7.94173
G1 X90.031 Y111.124 E8.12334
G1 X90.130 Y110.462 E8.15651
G1 X86.878 Y113.715 E8.38451
G1 X86.316 Y113.715 E8.41237
G1 X90.178 Y109.852 E8.68309
G1 X90.104 Y109.364 E8.70757
G1 X85.754 Y113.715 E9.01252
G1 X85.192 Y113.715 E9.04037
G1 X86.105 Y112.801 E9.10442
G1 X85.543 Y112.801 E9.13227
G1 X84.630 Y113.715 E9.19631
G1 X84.068 Y113.715 E9.22417
G1 X84.981 Y112.801 E9.28821
G1 X84.419 Y112.801 E9.31607
G1 X83.506 Y113.715 E9.38011
G1 X82.944 Y113.715 E9.40796
G1 X83.857 Y112.801 E9.47200
G1 X83.383 Y112.801 E9.49552
G1 X83.351 Y112.745 E9.49870
G1 X82.382 Y113.715 E9.56663
G1 X81.820 Y113.715 E9.59448
G1 X83.145 Y112.389 E9.68739
G1 X82.939 Y112.033 E9.70778
G1 X81.326 Y113.647 E9.82090
G1 X81.285 Y113.615 E9.82345
G1 X81.285 Y113.125 E9.84772
G1 X82.734 Y111.677 E9.94924
G1 X82.528 Y111.320 E9.96963
G1 X81.285 Y112.563 E10.05673
G1 X81.285 Y112.001 E10.08458
G1 X82.322 Y110.964 E10.15726
G1 X82.117 Y110.608 E10.17765
G1 X81.285 Y111.439 E10.23591
G1 X81.285 Y110.877 E10.26376
G1 X81.911 Y110.251 E10.30760
G1 X81.766 Y110.000 E10.32199
G1 X81.992 Y109.608 E10.34440
G1 X81.285 Y110.315 E10.39391
G1 X81.285 Y109.753 E10.42176
G1 X82.759 Y108.279 E10.52509
G1 X83.383 Y107.199 E10.58688
G1 X83.839 Y107.199 E10.60950
G1 X86.069 Y104.970 E10.76577
G1 X86.526 Y105.074 E10.78903
G1 X84.401 Y107.199 E10.93798
G1 X84.963 Y107.199 E10.96584
G1 X86.965 Y105.197 E11.10617
G1 X87.321 Y105.403 E11.12656
G1 X85.525 Y107.199 E11.25247
G1 X86.087 Y107.199 E11.28032
G1 X87.678 Y105.609 E11.39181
G1 X88.034 Y105.814 E11.41220
G1 X86.629 Y107.219 E11.51070
G1 X86.835 Y107.576 E11.53109
G1 X88.355 Y106.056 E11.63764
G1 X88.625 Y106.347 E11.65735
G1 X87.040 Y107.932 E11.76844
G1 X87.246 Y108.288 E11.78883
G1 X88.896 Y106.639 E11.90446
G1 X89.166 Y106.930 E11.92417
G1 X87.452 Y108.645 E12.04434
G1 X87.657 Y109.001 E12.06473
G1 X89.391 Y107.267 E12.18626
G1 X89.574 Y107.646 E12.20713
G1 X87.863 Y109.357 E12.32704
G1 X88.069 Y109.713 E12.34743
G1 X89.756 Y108.026 E12.46572
G1 X89.939 Y108.405 E12.48659
G1 X88.084 Y110.260 E12.61662
G1 X87.316 Y111.590 E12.69272
G1 X90.183 Y108.723 E12.89367
G1 X83.253 Y104.976 F7800.000
G1 F1200.000
G1 X81.285 Y106.943 E13.03156
G1 X81.285 Y107.505 E13.05942
G1 X83.861 Y104.929 E13.23997
G1 X84.469 Y104.883 E13.27017
G1 X81.285 Y108.067 E13.49330
G1 X81.285 Y108.629 E13.52116
G1 X85.076 Y104.838 E13.78688
G1 X85.389 Y104.815 E13.80241
G1 X85.611 Y104.865 E13.81371
G1 X81.112 Y109.364 E14.12908
;LAYER_CHANGE
;Z:2.12
;HEIGHT:0.3
G1 Z2.120 F7800.000
G1 E12.12908 F2400.000
G92 E0
G1 X77.730 Y106.557 F7800.000
G1 E2.00000 F2400.000
;TYPE:Support material interface
;WIDTH:0.35
G1 F3600.000
G1 X77.730 Y78.572 E2.99693
G1 X78.016 Y78.572 E3.00711
G1 X78.016 Y106.428 E3.99946
G1 X78.301 Y106.428 E4.00963
G1 X78.301 Y78.572 E5.00198
G1 X78.587 Y78.572 E5.01216
G1 X78.587 Y106.428 E6.00451
G1 X78.872 Y106.428 E6.01468
G1 X78.872 Y78.572 E7.00704
G1 X79.158 Y78.572 E7.01721
G1 X79.158 Y106.428 E8.00956
G1 X79.444 Y106.428 E8.01974
G1 X79.444 Y78.572 E9.01209
G1 X79.632 Y78.572 E9.01880
G1 X79.632 Y79.132 E9.03874
G1 X79.665 Y79.238 E9.04269
G1 X79.729 Y79.332 E9.04677
G1 X79.729 Y105.668 E9.98496
G1 X79.947 Y105.349 E9.99871
G1 X80.015 Y105.284 E10.00206
G1 X80.015 Y79.716 E10.91290
G1 X80.301 Y79.944 E10.92591
G1 X80.301 Y105.056 E11.82052
G1 X80.586 Y104.829 E11.83354
G1 X80.586 Y80.172 E12.71192
G1 X80.872 Y80.399 E12.72494
G1 X80.872 Y104.601 E13.58709
G1 X81.157 Y104.373 E13.60010
G1 X81.157 Y80.627 E14.44603
G1 X81.443 Y80.855 E14.45904
G1 X81.443 Y104.145 E15.28873
G1 X81.590 Y104.038 E15.29520
G1 X81.729 Y103.984 E15.30051
G1 X81.729 Y81.016 E16.11873
G1 X82.014 Y81.128 E16.12966
G1 X82.014 Y103.872 E16.93989
G1 X82.300 Y103.760 E16.95082
G1 X82.300 Y81.240 E17.75306
G1 X82.586 Y81.352 E17.76399
G1 X82.586 Y103.648 E18.55825
G1 X82.871 Y103.536 E18.56918
G1 X82.871 Y81.464 E19.35546
G1 X83.157 Y81.576 E19.36639
G1 X83.157 Y103.562 E20.14959
G1 E18.14959 F2400.000
G92 E0
G1 X83.157 Y117.699 F7800.000
G1 E2.00000 F2400.000
G1 F3600.000
G1 X83.157 Y115.368 E2.08305
G1 X82.871 Y115.368 E2.09323
G1 X82.871 Y117.571 E2.17170
G1 X82.586 Y117.571 E2.18187
G1 X82.586 Y115.368 E2.26034
G1 X82.300 Y115.368 E2.27052
G1 X82.300 Y117.571 E2.34899
G1 X82.014 Y117.571 E2.35917
G1 X82.014 Y115.368 E2.43764
G1 X81.729 Y115.368 E2.44781
G1 X81.729 Y117.571 E2.52628
G1 X81.443 Y117.571 E2.53646
G1 X81.443 Y115.368 E2.61493
G1 X81.157 Y115.368 E2.62511
G1 X81.157 Y117.571 E2.70358
G1 X80.872 Y117.571 E2.71375
G1 X80.872 Y115.358 E2.79256
G1 X80.781 Y115.327 E2.79600
G1 X80.586 Y115.171 E2.80486
G1 X80.586 Y117.571 E2.89032
G1 X80.301 Y117.571 E2.90050
G1 X80.301 Y114.944 E2.99408
G1 X80.015 Y114.716 E3.00709
G1 X80.015 Y117.571 E3.10879
G1 X79.729 Y117.571 E3.11896
G1 X79.729 Y114.332 E3.23433
G1 X79.665 Y114.238 E3.23841
G1 X79.632 Y114.132 E3.24236
G1 X79.632 Y111.999 E3.31832
G1 X79.444 Y111.999 E3.32503
G1 X79.444 Y117.571 E3.52350
G1 X79.158 Y117.571 E3.53368
G1 X79.158 Y111.999 E3.73215
G1 X78.872 Y111.999 E3.74233
G1 X78.872 Y117.571 E3.94080
G1 X78.587 Y117.571 E3.95097
G1 X78.587 Y111.999 E4.14944
G1 X78.301 Y111.999 E4.15962
G1 X78.301 Y117.571 E4.35809
G1 X78.016 Y117.571 E4.36827
G1 X78.016 Y111.999 E4.56674
G1 X77.730 Y111.999 E4.57691
G1 X77.730 Y117.699 E4.77996
G1 E2.77996 F2400.000
G92 E0
G1 X77.730 Y73.129 F7800.000
G1 E2.00000 F2400.000
G1 F3600.000
G1 X77.730 Y67.429 E2.20305
G1 X78.016 Y67.429 E2.21323
G1 X78.016 Y73.001 E2.41170
G1 X78.301 Y73.001 E2.42187
G1 X78.301 Y67.429 E2.62034
G1 X78.587 Y67.429 E2.63052
G1 X78.587 Y73.001 E2.82899
G1 X78.872 Y73.001 E2.83917
G1 X78.872 Y67.429 E3.03764
G1 X79.158 Y67.429 E3.04781
G1 X79.158 Y73.001 E3.24628
G1 X79.444 Y73.001 E3.25646
G1 X79.444 Y67.429 E3.45493
G1 X79.729 Y67.429 E3.46511
G1 X79.729 Y70.668 E3.58047
G1 X79.947 Y70.349 E3.59422
G1 X80.015 Y70.284 E3.59758
G1 X80.015 Y67.429 E3.69927
G1 X80.301 Y67.429 E3.70945
G1 X80.301 Y70.056 E3.80303
G1 X80.586 Y69.829 E3.81604
G1 X80.586 Y67.429 E3.90151
G1 X80.872 Y67.429 E3.91168
G1 X80.872 Y69.642 E3.99049
G1 X81.157 Y69.632 E4.00067
G1 X81.157 Y67.429 E4.07914
G1 X81.443 Y67.429 E4.08932
G1 X81.443 Y69.632 E4.16779
G1 X81.729 Y69.632 E4.17796
G1 X81.729 Y67.429 E4.25644
G1 X82.014 Y67.429 E4.26661
G1 X82.014 Y69.632 E4.34509
G1 X82.300 Y69.632 E4.35526
G1 X82.300 Y67.429 E4.43373
G1 X82.586 Y67.429 E4.44391
G1 X82.586 Y69.632 E4.52238
G1 X82.871 Y69.632 E4.53256
G1 X82.871 Y67.429 E4.61103
G1 X83.157 Y67.429 E4.62120
G1 X83.157 Y69.761 E4.70426
G1 E2.70426 F2400.000
G92 E0
G1 X166.843 Y69.761 F7800.000
G1 E2.00000 F2400.000
G1 F3600.000
G1 X166.843 Y67.429 E2.08305
G1 X167.129 Y67.429 E2.09323
G1 X167.129 Y69.632 E2.17170
G1 X167.414 Y69.632 E2.18187
G1 X167.414 Y67.429 E2.26035
G1 X167.700 Y67.429 E2.27052
G1 X167.700 Y69.632 E2.34900
G1 X167.986 Y69.632 E2.35917
G1 X167.986 Y67.429 E2.43764
G1 X168.271 Y67.429 E2.44782
G1 X168.271 Y69.632 E2.52629
G1 X168.557 Y69.632 E2.53647
G1 X168.557 Y67.429 E2.61494
G1 X168.842 Y67.429 E2.62511
G1 X168.842 Y69.632 E2.70359
G1 X169.128 Y69.632 E2.71376
G1 X169.128 Y67.429 E2.79224
G1 X169.414 Y67.429 E2.80241
G1 X169.414 Y69.766 E2.88567
G1 X169.699 Y70.074 E2.90062
G1 X169.699 Y67.429 E2.99485
G1 X169.985 Y67.429 E3.00502
G1 X169.985 Y70.382 E3.11021
G1 X170.271 Y70.690 E3.12517
G1 X170.271 Y67.429 E3.24132
G1 X170.556 Y67.429 E3.25149
G1 X170.556 Y73.001 E3.44997
G1 X170.842 Y73.001 E3.46014
G1 X170.842 Y67.429 E3.65861
G1 X171.127 Y67.429 E3.66879
G1 X171.127 Y73.001 E3.86726
G1 X171.413 Y73.001 E3.87743
G1 X171.413 Y67.429 E4.07591
G1 X171.699 Y67.429 E4.08608
G1 X171.699 Y73.001 E4.28455
G1 X171.984 Y73.001 E4.29473
G1 X171.984 Y67.429 E4.49320
G1 X172.270 Y67.429 E4.50337
G1 X172.270 Y73.129 E4.70642
G1 E2.70642 F2400.000
G92 E0
G1 X166.843 Y103.583 F7800.000
G1 E2.00000 F2400.000
G1 F3600.000
G1 X166.843 Y81.549 E2.78491
G1 X167.129 Y81.484 E2.79535
G1 X167.129 Y103.516 E3.58021
G1 X167.414 Y103.581 E3.59065
G1 X167.414 Y81.419 E4.38016
G1 X167.535 Y81.383 E4.38463
G1 X167.700 Y81.288 E4.39143
G1 X167.700 Y103.712 E5.19029
G1 X167.986 Y103.877 E5.20204
G1 X167.986 Y81.123 E6.01265
G1 X168.271 Y80.958 E6.02440
G1 X168.271 Y104.042 E6.84676
G1 X168.557 Y104.207 E6.85851
G1 X168.557 Y80.793 E7.69262
G1 X168.842 Y80.628 E7.70437
G1 X168.842 Y104.372 E8.55023
G1 X169.128 Y104.537 E8.56198
G1 X169.128 Y80.463 E9.41958
G1 X169.304 Y80.352 E9.42698
G1 X169.414 Y80.234 E9.43275
G1 X169.414 Y104.766 E10.30671
G1 X169.699 Y105.074 E10.32167
G1 X169.699 Y79.926 E11.21756
G1 X169.985 Y79.618 E11.23252
G1 X169.985 Y105.382 E12.15034
G1 X170.271 Y105.690 E12.16530
G1 X170.271 Y79.310 E13.10506
G1 X170.317 Y79.260 E13.10749
G1 X170.368 Y79.131 E13.11245
G1 X170.368 Y78.572 E13.13235
G1 X170.556 Y78.572 E13.13906
G1 X170.556 Y106.428 E14.13141
G1 X170.842 Y106.428 E14.14158
G1 X170.842 Y78.572 E15.13394
G1 X171.127 Y78.572 E15.14411
G1 X171.127 Y106.428 E16.13646
G1 X171.413 Y106.428 E16.14664
G1 X171.413 Y78.572 E17.13899
G1 X171.699 Y78.572 E17.14916
G1 X171.699 Y106.428 E18.14152
G1 X171.984 Y106.428 E18.15169
G1 X171.984 Y78.572 E19.14404
G1 X172.270 Y78.572 E19.15422
G1 X172.270 Y106.557 E20.15115
G1 E18.15115 F2400.000
G92 E0
G1 X172.270 Y117.699 F7800.000
G1 E2.00000 F2400.000
G1 F3600.000
G1 X172.270 Y111.999 E2.20305
G1 X171.984 Y111.999 E2.21323
G1 X171.984 Y117.571 E2.41170
G1 X171.699 Y117.571 E2.42187
G1 X171.699 Y111.999 E2.62034
G1 X171.413 Y111.999 E2.63052
G1 X171.413 Y117.571 E2.82899
G1 X171.127 Y117.571 E2.83917
G1 X171.127 Y111.999 E3.03764
G1 X170.842 Y111.999 E3.04781
G1 X170.842 Y117.571 E3.24628
G1 X170.556 Y117.571 E3.25646
G1 X170.556 Y111.999 E3.45493
G1 X170.368 Y111.999 E3.46164
G1 X170.368 Y114.130 E3.53756
G1 X170.317 Y114.260 E3.54252
G1 X170.271 Y114.310 E3.54495
G1 X170.271 Y117.571 E3.66110
G1 X169.985 Y117.571 E3.67128
G1 X169.985 Y114.618 E3.77647
G1 X169.699 Y114.926 E3.79143
G1 X169.699 Y117.571 E3.88565
G1 X169.414 Y117.571 E3.89582
G1 X169.414 Y115.234 E3.97907
G1 X169.346 Y115.306 E3.98261
G1 X169.205 Y115.368 E3.98808
G1 X169.128 Y115.368 E3.99084
G1 X169.128 Y117.571 E4.06931
G1 X168.842 Y117.571 E4.07948
G1 X168.842 Y115.368 E4.15796
G1 X168.557 Y115.368 E4.16813
G1 X168.557 Y117.571 E4.24660
G1 X168.271 Y117.571 E4.25678
G1 X168.271 Y115.368 E4.33525
G1 X167.986 Y115.368 E4.34542
G1 X167.986 Y117.571 E4.42390
G1 X167.700 Y117.571 E4.43407
G1 X167.700 Y115.368 E4.51254
G1 X167.414 Y115.368 E4.52272
G1 X167.414 Y117.571 E4.60119
G1 X167.129 Y117.571 E4.61136
G1 X167.129 Y115.368 E4.68984
G1 X166.843 Y115.368 E4.70001
G1 X166.843 Y117.699 E4.78306
G1 E2.78306 F2400.000
G92 E0
G1 X163.550 Y107.488 F7800.000
G1 E2.00000 F2400.000
;TYPE:Perimeter
;WIDTH:0.45
G1 F900.000
G1 X166.450 Y107.488 E2.13950
G1 X167.900 Y110.000 E2.27899
G1 X166.450 Y112.512 E2.41849
G1 X163.550 Y112.512 E2.55798
G1 X162.100 Y110.000 E2.69748
G1 X163.520 Y107.540 E2.83409
G1 X163.772 Y107.874 F7800.000
G1 F900.000
G1 X166.228 Y107.874 E2.95217
G1 X167.455 Y110.000 E3.07025
G1 X166.228 Y112.126 E3.18833
G1 X163.772 Y112.126 E3.30641
G1 X162.545 Y110.000 E3.42449
G1 X163.742 Y107.926 E3.53968
G1 E1.53968 F2400.000
G92 E0
G1 X166.005 Y111.740 F7800.000
G1 E2.00000 F2400.000
;TYPE:External perimeter
G1 F900.000
G1 X163.995 Y111.740 E2.09666
G1 X162.990 Y110.000 E2.19333
G1 X163.995 Y108.260 E2.28999
G1 X166.005 Y108.260 E2.38666
G1 X167.010 Y110.000 E2.48332
G1 X166.035 Y111.689 E2.57710
G1 X166.005 Y112.140 F7800.000
G1 X168.694 Y114.004
;TYPE:Perimeter
G1 F900.000
G1 X161.310 Y114.004 E2.93226
G1 X160.974 Y113.736 E2.95292
G1 X160.051 Y112.383 E3.03167
G1 X159.569 Y110.819 E3.11041
G1 X159.569 Y109.181 E3.18916
G1 X160.051 Y107.617 E3.26790
G1 X160.974 Y106.264 E3.34665
G1 X162.254 Y105.243 E3.42540
G1 X163.778 Y104.645 E3.50414
G1 X165.410 Y104.523 E3.58288
G1 X167.007 Y104.887 E3.66163
G1 X168.425 Y105.706 E3.74038
G1 X169.004 Y106.330 E3.78134
G1 X169.004 Y113.670 E4.13436
G1 X168.735 Y113.960 E4.15337
G1 X168.862 Y114.389 F7800.000
G1 F900.000
G1 X161.175 Y114.389 E4.52312
G1 X160.688 Y114.001 E4.55307
G1 X159.700 Y112.552 E4.63741
G1 X159.183 Y110.877 E4.72174
G1 X159.183 Y109.123 E4.80608
G1 X159.700 Y107.448 E4.89041
G1 X160.688 Y105.999 E4.97475
G1 X162.059 Y104.906 E5.05909
G1 X163.691 Y104.265 E5.14342
G1 X165.440 Y104.134 E5.22776
G1 X167.149 Y104.524 E5.31210
G1 X168.668 Y105.401 E5.39643
G1 X169.389 Y106.179 E5.44747
G1 X169.389 Y113.821 E5.81505
G1 X168.903 Y114.345 E5.84944
G1 X169.031 Y114.775 F7800.000
;TYPE:External perimeter
G1 F900.000
G1 X161.040 Y114.775 E6.23376
G1 X160.402 Y114.266 E6.27300
G1 X159.349 Y112.721 E6.36293
G1 X158.798 Y110.935 E6.45285
G1 X158.798 Y109.065 E6.54278
G1 X159.349 Y107.279 E6.63271
G1 X160.402 Y105.734 E6.72264
G1 X161.864 Y104.568 E6.81256
G1 X163.604 Y103.885 E6.90249
G1 X165.469 Y103.745 E6.99241
G1 X167.292 Y104.161 E7.08234
G1 X168.911 Y105.096 E7.17227
G1 X169.775 Y106.027 E7.23338
G1 X169.775 Y113.973 E7.61552
G1 X169.071 Y114.731 E7.66528
G1 X168.690 Y114.565 F7800.000
G1 X164.361 Y113.888
;TYPE:Solid infill
;WIDTH:0.462615
G1 F1200.000
G1 X159.858 Y109.385 E7.98160
G1 X159.858 Y109.948 E8.00957
G1 X163.625 Y113.715 E8.27414
G1 X163.061 Y113.715 E8.30212
G1 X159.858 Y110.511 E8.52713
G1 X159.858 Y110.775 E8.54023
G1 X159.992 Y111.208 E8.56273
G1 X162.498 Y113.715 E8.73880
G1 X161.935 Y113.715 E8.76678
G1 X160.243 Y112.022 E8.88564
G1 X160.315 Y112.256 E8.89779
G1 X161.175 Y113.518 E8.97365
G1 X161.545 Y113.888 E8.99964
G1 X163.715 Y104.794 F7800.000
G1 F1200.000
G1 X166.120 Y107.199 E9.16857
G1 X165.557 Y107.199 E9.19654
G1 X163.444 Y105.087 E9.34492
G1 X163.040 Y105.245 E9.36651
G1 X164.994 Y107.199 E9.50374
G1 X164.430 Y107.199 E9.53171
G1 X162.636 Y105.404 E9.65779
G1 X162.400 Y105.497 E9.67036
G1 X162.269 Y105.601 E9.67867
G1 X163.867 Y107.199 E9.79093
G1 X163.383 Y107.199 E9.81499
G1 X163.354 Y107.249 E9.81785
G1 X161.956 Y105.851 E9.91607
G1 X161.643 Y106.101 E9.93597
G1 X163.148 Y107.606 E10.04171
G1 X162.942 Y107.963 E10.06219
G1 X161.329 Y106.351 E10.17546
G1 X161.188 Y106.463 E10.18442
G1 X161.063 Y106.647 E10.19549
G1 X162.736 Y108.320 E10.31301
G1 X162.529 Y108.677 E10.33348
G1 X160.834 Y106.982 E10.45256
G1 X160.606 Y107.317 E10.47269
G1 X162.323 Y109.034 E10.59332
G1 X162.117 Y109.391 E10.61380
G1 X160.378 Y107.652 E10.73598
G1 X160.315 Y107.744 E10.74152
G1 X160.219 Y108.056 E10.75774
G1 X161.911 Y109.748 E10.87662
G1 X161.766 Y110.000 E10.89105
G1 X161.993 Y110.393 E10.91361
G1 X160.086 Y108.486 E11.04755
G1 X159.953 Y108.917 E11.06992
G1 X162.762 Y111.726 E11.26724
G1 X163.383 Y112.801 E11.32890
G1 X163.837 Y112.801 E11.35147
G1 X164.751 Y113.715 E11.41565
G1 X165.314 Y113.715 E11.44362
G1 X164.400 Y112.801 E11.50780
G1 X164.964 Y112.801 E11.53577
G1 X165.877 Y113.715 E11.59995
G1 X166.440 Y113.715 E11.62792
G1 X165.527 Y112.801 E11.69210
G1 X166.090 Y112.801 E11.72007
G1 X167.004 Y113.715 E11.78425
G1 X167.567 Y113.715 E11.81222
G1 X166.630 Y112.778 E11.87800
G1 X166.836 Y112.421 E11.89848
G1 X168.130 Y113.715 E11.98934
G1 X168.568 Y113.715 E12.01109
G1 X168.628 Y113.650 E12.01549
G1 X167.043 Y112.064 E12.12687
G1 X167.249 Y111.707 E12.14735
G1 X168.715 Y113.173 E12.25031
G1 X168.715 Y112.610 E12.27828
G1 X167.455 Y111.350 E12.36676
G1 X167.661 Y110.993 E12.38724
G1 X168.715 Y112.046 E12.46124
G1 X168.715 Y111.483 E12.48922
G1 X167.867 Y110.636 E12.54874
G1 X168.073 Y110.279 E12.56922
G1 X168.715 Y110.920 E12.61426
G1 X168.715 Y110.357 E12.64223
G1 X168.066 Y109.708 E12.68781
G1 X167.296 Y108.375 E12.76424
G1 X168.715 Y109.794 E12.86387
G1 X168.715 Y109.230 E12.89184
G1 X164.375 Y104.891 E13.19669
G1 X164.899 Y104.851 E13.22279
G1 X168.715 Y108.667 E13.49084
G1 X168.715 Y108.104 E13.51881
G1 X165.436 Y104.825 E13.74912
G1 X166.166 Y104.992 E13.78630
G1 X168.715 Y107.541 E13.96535
G1 X168.715 Y106.978 E13.99332
G1 X166.895 Y105.158 E14.12112
G1 X168.224 Y105.924 E14.19729
G1 X168.888 Y106.588 E14.24393
G1 E12.24393 F2400.000
G92 E0
G1 X163.550 Y72.488 F7800.000
G1 E2.00000 F2400.000
;TYPE:Perimeter
;WIDTH:0.45
G1 F900.000
G1 X166.450 Y72.488 E2.13950
G1 X167.900 Y75.000 E2.27899
G1 X166.450 Y77.512 E2.41849
G1 X163.550 Y77.512 E2.55799
G1 X162.100 Y75.000 E2.69749
G1 X163.520 Y72.540 E2.83410
G1 X163.772 Y72.874 F7800.000
G1 F900.000
G1 X166.228 Y72.874 E2.95218
G1 X167.455 Y75.000 E3.07026
G1 X166.228 Y77.126 E3.18834
G1 X163.772 Y77.126 E3.30642
G1 X162.545 Y75.000 E3.42450
G1 X163.742 Y72.926 E3.53970
G1 X166.005 Y73.259 F7800.000
;TYPE:External perimeter
G1 F900.000
G1 X167.010 Y75.000 E3.63636
G1 X166.005 Y76.741 E3.73303
G1 X163.995 Y76.741 E3.82969
G1 X162.990 Y75.000 E3.92636
G1 X163.995 Y73.259 E4.02302
G1 X165.945 Y73.259 E4.11680
G1 X166.351 Y73.059 F7800.000
G1 X168.694 Y70.996
;TYPE:Perimeter
G1 F900.000
G1 X169.004 Y71.330 E4.13870
G1 X169.004 Y78.670 E4.49172
G1 X168.425 Y79.294 E4.53268
G1 X167.007 Y80.113 E4.61143
G1 X165.410 Y80.477 E4.69018
G1 X163.778 Y80.355 E4.76892
G1 X162.254 Y79.757 E4.84766
G1 X160.974 Y78.736 E4.92641
G1 X160.051 Y77.383 E5.00516
G1 X159.569 Y75.819 E5.08390
G1 X159.569 Y74.181 E5.16265
G1 X160.051 Y72.617 E5.24139
G1 X160.974 Y71.264 E5.32014
G1 X161.310 Y70.996 E5.34080
G1 X168.634 Y70.996 E5.69308
G1 X168.862 Y70.611 F7800.000
G1 F900.000
G1 X169.389 Y71.179 E5.73035
G1 X169.389 Y78.821 E6.09793
G1 X168.668 Y79.599 E6.14897
G1 X167.149 Y80.476 E6.23331
G1 X165.440 Y80.866 E6.31764
G1 X163.691 Y80.735 E6.40198
G1 X162.059 Y80.094 E6.48631
G1 X160.688 Y79.001 E6.57065
G1 X159.700 Y77.552 E6.65499
G1 X159.183 Y75.877 E6.73932
G1 X159.183 Y74.123 E6.82366
G1 X159.700 Y72.448 E6.90799
G1 X160.688 Y70.999 E6.99233
G1 X161.175 Y70.611 E7.02228
G1 X168.802 Y70.611 E7.38914
G1 X169.031 Y70.225 F7800.000
;TYPE:External perimeter
G1 F900.000
G1 X169.775 Y71.027 E7.44179
G1 X169.775 Y78.973 E7.82393
G1 X168.911 Y79.904 E7.88503
G1 X167.292 Y80.839 E7.97496
G1 X165.469 Y81.255 E8.06489
G1 X163.604 Y81.115 E8.15482
G1 X161.864 Y80.432 E8.24474
G1 X160.402 Y79.266 E8.33467
G1 X159.349 Y77.722 E8.42460
G1 X158.798 Y75.935 E8.51453
G1 X158.798 Y74.065 E8.60445
G1 X159.349 Y72.278 E8.69438
G1 X160.402 Y70.734 E8.78431
G1 X161.040 Y70.225 E8.82355
G1 X168.971 Y70.225 E9.20499
G1 X169.028 Y70.625 F7800.000
G1 X168.888 Y71.610
;TYPE:Solid infill
;WIDTH:0.462029
G1 F1200.000
G1 X168.564 Y71.285 E9.22775
G1 X168.001 Y71.285 E9.25564
G1 X168.715 Y71.999 E9.30568
G1 X168.715 Y72.561 E9.33357
G1 X167.439 Y71.285 E9.42305
G1 X166.876 Y71.285 E9.45094
G1 X168.715 Y73.124 E9.57987
G1 X168.715 Y73.686 E9.60776
G1 X166.314 Y71.285 E9.77613
G1 X165.752 Y71.285 E9.80402
G1 X168.715 Y74.248 E10.01183
G1 X168.715 Y74.811 E10.03972
G1 X167.320 Y73.416 E10.13757
G1 X168.088 Y74.746 E10.21377
G1 X168.715 Y75.373 E10.25773
G1 X168.715 Y75.935 E10.28562
G1 X168.068 Y75.289 E10.33099
G1 X167.862 Y75.645 E10.35141
G1 X168.715 Y76.498 E10.41122
G1 X168.715 Y77.060 E10.43911
G1 X167.656 Y76.002 E10.51335
G1 X167.450 Y76.358 E10.53377
G1 X168.715 Y77.622 E10.62245
G1 X168.715 Y78.185 E10.65034
G1 X167.244 Y76.715 E10.75346
G1 X167.039 Y77.071 E10.77388
G1 X168.623 Y78.655 E10.88500
G1 X168.352 Y78.947 E10.90473
G1 X166.833 Y77.428 E11.01131
G1 X166.627 Y77.784 E11.03173
G1 X168.030 Y79.188 E11.13018
G1 X167.674 Y79.394 E11.15059
G1 X166.081 Y77.801 E11.26230
G1 X165.519 Y77.801 E11.29019
G1 X167.317 Y79.599 E11.41634
G1 X166.961 Y79.805 E11.43676
G1 X164.957 Y77.801 E11.57734
G1 X164.394 Y77.801 E11.60523
G1 X166.520 Y79.927 E11.75436
G1 X166.063 Y80.032 E11.77766
G1 X163.832 Y77.801 E11.93412
G1 X163.383 Y77.801 E11.95639
G1 X162.769 Y76.739 E12.01724
G1 X159.952 Y73.921 E12.21486
G1 X160.084 Y73.491 E12.23717
G1 X162.001 Y75.408 E12.37162
G1 X161.766 Y75.000 E12.39498
G1 X161.908 Y74.753 E12.40914
G1 X160.217 Y73.061 E12.52778
G1 X160.315 Y72.744 E12.54426
G1 X160.374 Y72.656 E12.54950
G1 X162.114 Y74.396 E12.67153
G1 X162.320 Y74.040 E12.69195
G1 X160.602 Y72.322 E12.81243
G1 X160.830 Y71.988 E12.83250
G1 X162.526 Y73.683 E12.95142
G1 X162.732 Y73.327 E12.97184
G1 X161.058 Y71.653 E13.08921
G1 X161.188 Y71.463 E13.10063
G1 X161.323 Y71.356 E13.10919
G1 X162.938 Y72.970 E13.22244
G1 X163.143 Y72.614 E13.24286
G1 X161.815 Y71.285 E13.33602
G1 X162.378 Y71.285 E13.36391
G1 X163.349 Y72.257 E13.43207
G1 X163.383 Y72.199 E13.43540
G1 X163.854 Y72.199 E13.45874
G1 X162.940 Y71.285 E13.52282
G1 X163.502 Y71.285 E13.55071
G1 X164.416 Y72.199 E13.61479
G1 X164.978 Y72.199 E13.64268
G1 X164.065 Y71.285 E13.70676
G1 X164.627 Y71.285 E13.73465
G1 X165.541 Y72.199 E13.79873
G1 X166.103 Y72.199 E13.82662
G1 X165.016 Y71.112 E13.90287
G1 E11.90287 F2400.000
G92 E0
G1 X162.312 Y79.655 F7800.000
G1 E2.00000 F2400.000
G1 F1200.000
G1 X161.176 Y78.519 E2.07964
G1 X160.315 Y77.256 E2.15548
G1 X160.243 Y77.024 E2.16752
G1 X162.931 Y79.712 E2.35602
G1 X163.852 Y80.070 E2.40503
G1 X159.993 Y76.211 E2.67572
G1 X159.858 Y75.775 E2.69835
G1 X159.858 Y75.514 E2.71129
G1 X164.460 Y80.116 E3.03405
G1 X165.068 Y80.161 E3.06429
G1 X159.858 Y74.952 E3.42969
G1 X159.858 Y74.389 E3.45758
G1 X165.750 Y80.281 E3.87082
G1 E1.87082 F2400.000
G92 E0
G1 X83.550 Y72.488 F7800.000
G1 E2.00000 F2400.000
;TYPE:Perimeter
;WIDTH:0.45
G1 F900.000
G1 X86.450 Y72.488 E2.13950
G1 X87.900 Y75.000 E2.27899
G1 X86.450 Y77.512 E2.41849
G1 X83.550 Y77.512 E2.55799
G1 X82.100 Y75.000 E2.69749
G1 X83.520 Y72.540 E2.83410
G1 X83.772 Y72.874 F7800.000
G1 F900.000
G1 X86.228 Y72.874 E2.95218
G1 X87.455 Y75.000 E3.07026
G1 X86.228 Y77.126 E3.18834
G1 X83.772 Y77.126 E3.30642
G1 X82.545 Y75.000 E3.42450
G1 X83.742 Y72.926 E3.53970
G1 X86.005 Y73.259 F7800.000
;TYPE:External perimeter
G1 F900.000
G1 X87.010 Y75.000 E3.63636
G1 X86.005 Y76.741 E3.73303
G1 X83.995 Y76.741 E3.82969
G1 X82.990 Y75.000 E3.92636
G1 X83.995 Y73.259 E4.02302
G1 X85.945 Y73.259 E4.11680
G1 X86.351 Y73.059 F7800.000
G1 X88.694 Y70.996
;TYPE:Perimeter
G1 F900.000
G1 X89.538 Y71.906 E4.17649
G1 X90.248 Y73.381 E4.25523
G1 X90.493 Y75.000 E4.33398
G1 X90.248 Y76.619 E4.41272
G1 X89.538 Y78.094 E4.49147
G1 X88.425 Y79.294 E4.57021
G1 X87.007 Y80.113 E4.64896
G1 X85.410 Y80.477 E4.72770
G1 X83.778 Y80.355 E4.80645
G1 X82.254 Y79.757 E4.88519
G1 X80.996 Y78.754 E4.96255
G1 X80.996 Y71.246 E5.32365
G1 X81.310 Y70.996 E5.34293
G1 X88.634 Y70.996 E5.69520
G1 X88.862 Y70.611 F7800.000
G1 F900.000
G1 X89.860 Y71.686 E5.76578
G1 X90.621 Y73.266 E5.85012
G1 X90.882 Y75.000 E5.93445
G1 X90.621 Y76.734 E6.01879
G1 X89.860 Y78.314 E6.10312
G1 X88.668 Y79.599 E6.18746
G1 X87.149 Y80.476 E6.27180
G1 X85.440 Y80.866 E6.35613
G1 X83.691 Y80.735 E6.44047
G1 X82.059 Y80.094 E6.52481
G1 X80.688 Y79.001 E6.60914
G1 X80.611 Y78.888 E6.61574
G1 X80.611 Y71.112 E6.98972
G1 X80.688 Y70.999 E6.99631
G1 X81.175 Y70.611 E7.02627
G1 X88.802 Y70.611 E7.39312
G1 X89.031 Y70.225 F7800.000
;TYPE:External perimeter
G1 F900.000
G1 X90.183 Y71.467 E7.47459
G1 X90.994 Y73.151 E7.56451
G1 X91.272 Y75.000 E7.65444
G1 X90.994 Y76.849 E7.74437
G1 X90.183 Y78.533 E7.83430
G1 X88.911 Y79.904 E7.92422
G1 X87.292 Y80.839 E8.01415
G1 X85.469 Y81.255 E8.10408
G1 X83.604 Y81.115 E8.19401
G1 X81.864 Y80.432 E8.28393
G1 X80.402 Y79.266 E8.37386
G1 X80.225 Y79.007 E8.38897
G1 X80.225 Y70.993 E8.77440
G1 X80.402 Y70.734 E8.78951
G1 X81.040 Y70.225 E8.82874
G1 X88.971 Y70.225 E9.21018
G1 X89.028 Y70.625 F7800.000
G1 X89.619 Y72.341
;TYPE:Solid infill
;WIDTH:0.461778
G1 F1200.000
G1 X88.564 Y71.285 E9.28417
G1 X88.002 Y71.285 E9.31203
G1 X89.770 Y73.053 E9.43596
G1 X89.969 Y73.467 E9.45872
G1 X90.031 Y73.876 E9.47923
G1 X87.440 Y71.285 E9.66085
G1 X86.878 Y71.285 E9.68871
G1 X90.130 Y74.538 E9.91671
G1 X90.200 Y75.000 E9.93986
G1 X90.178 Y75.148 E9.94726
G1 X86.316 Y71.285 E10.21797
G1 X85.754 Y71.285 E10.24583
G1 X90.104 Y75.636 E10.55078
G1 X90.031 Y76.124 E10.57526
G1 X87.316 Y73.410 E10.76552
G1 X88.084 Y74.740 E10.84162
G1 X89.939 Y76.595 E10.97165
G1 X89.756 Y76.974 E10.99252
G1 X88.069 Y75.287 E11.11081
G1 X87.863 Y75.643 E11.13120
G1 X89.574 Y77.354 E11.25111
G1 X89.391 Y77.733 E11.27198
G1 X87.657 Y75.999 E11.39350
G1 X87.452 Y76.355 E11.41390
G1 X89.166 Y78.070 E11.53407
G1 X88.896 Y78.361 E11.55378
G1 X87.246 Y76.712 E11.66941
G1 X87.040 Y77.068 E11.68980
G1 X88.625 Y78.653 E11.80089
G1 X88.355 Y78.944 E11.82060
G1 X86.835 Y77.424 E11.92715
G1 X86.629 Y77.781 E11.94754
G1 X88.034 Y79.186 E12.04603
G1 X87.678 Y79.391 E12.06642
G1 X86.087 Y77.801 E12.17791
G1 X85.525 Y77.801 E12.20577
G1 X87.321 Y79.597 E12.33167
G1 X86.965 Y79.803 E12.35207
G1 X84.963 Y77.801 E12.49239
G1 X84.401 Y77.801 E12.52025
G1 X86.526 Y79.926 E12.66920
G1 X86.069 Y80.030 E12.69246
G1 X83.839 Y77.801 E12.84873
G1 X83.383 Y77.801 E12.87135
G1 X82.760 Y76.721 E12.93314
G1 X81.285 Y75.247 E13.03647
G1 X81.285 Y74.685 E13.06432
G1 X81.992 Y75.392 E13.11383
G1 X81.766 Y75.000 E13.13625
G1 X81.911 Y74.749 E13.15063
G1 X81.285 Y74.123 E13.19447
G1 X81.285 Y73.561 E13.22233
G1 X82.117 Y74.392 E13.28058
G1 X82.322 Y74.036 E13.30097
G1 X81.285 Y72.999 E13.37365
G1 X81.285 Y72.437 E13.40151
G1 X82.528 Y73.680 E13.48860
G1 X82.734 Y73.323 E13.50900
G1 X81.285 Y71.875 E13.61051
G1 X81.285 Y71.385 E13.63479
G1 X81.326 Y71.353 E13.63733
G1 X82.939 Y72.967 E13.75045
G1 X83.145 Y72.611 E13.77084
G1 X81.820 Y71.285 E13.86375
G1 X82.382 Y71.285 E13.89161
G1 X83.351 Y72.255 E13.95954
G1 X83.383 Y72.199 E13.96272
G1 X83.857 Y72.199 E13.98623
G1 X82.944 Y71.285 E14.05027
G1 X83.506 Y71.285 E14.07812
G1 X84.419 Y72.199 E14.14216
G1 X84.981 Y72.199 E14.17002
G1 X84.068 Y71.285 E14.23406
G1 X84.630 Y71.285 E14.26191
G1 X85.543 Y72.199 E14.32595
G1 X86.105 Y72.199 E14.35381
G1 X85.018 Y71.112 E14.43001
G1 X81.112 Y77.884 F7800.000
G1 F1200.000
G1 X82.946 Y79.718 E14.55855
G1 X83.861 Y80.071 E14.60719
G1 X81.285 Y77.495 E14.78774
G1 X81.285 Y76.933 E14.81560
G1 X84.469 Y80.117 E15.03873
G1 X85.076 Y80.162 E15.06893
G1 X81.285 Y76.371 E15.33465
G1 X81.285 Y75.809 E15.36251
G1 X85.756 Y80.280 E15.67587
G1 E13.67587 F2400.000
G92 E0
G1 X83.550 Y107.488 F7800.000
G1 E2.00000 F2400.000
;TYPE:Perimeter
;WIDTH:0.45
G1 F900.000
G1 X86.450 Y107.488 E2.13950
G1 X87.900 Y110.000 E2.27899
G1 X86.450 Y112.512 E2.41849
G1 X83.550 Y112.512 E2.55798
G1 X82.100 Y110.000 E2.69748
G1 X83.520 Y107.540 E2.83409
G1 X83.772 Y107.874 F7800.000
G1 F900.000
G1 X86.228 Y107.874 E2.95217
G1 X87.455 Y110.000 E3.07025
G1 X86.228 Y112.126 E3.18833
G1 X83.772 Y112.126 E3.30641
G1 X82.545 Y110.000 E3.42449
G1 X83.742 Y107.926 E3.53968
G1 E1.53968 F2400.000
G92 E0
G1 X86.005 Y111.740 F7800.000
G1 E2.00000 F2400.000
;TYPE:External perimeter
G1 F900.000
G1 X83.995 Y111.740 E2.09666
G1 X82.990 Y110.000 E2.19333
G1 X83.995 Y108.260 E2.28999
G1 X86.005 Y108.260 E2.38666
G1 X87.010 Y110.000 E2.48332
G1 X86.035 Y111.689 E2.57710
G1 X86.005 Y112.140 F7800.000
G1 X88.694 Y114.004
;TYPE:Perimeter
G1 F900.000
G1 X81.310 Y114.004 E2.93226
G1 X80.996 Y113.754 E2.95154
G1 X80.996 Y106.246 E3.31263
G1 X82.254 Y105.243 E3.38999
G1 X83.778 Y104.645 E3.46874
G1 X85.410 Y104.523 E3.54748
G1 X87.007 Y104.887 E3.62623
G1 X88.425 Y105.706 E3.70497
G1 X89.538 Y106.906 E3.78372
G1 X90.248 Y108.381 E3.86246
G1 X90.493 Y110.000 E3.94121
G1 X90.248 Y111.619 E4.01995
G1 X89.538 Y113.094 E4.09870
G1 X88.735 Y113.960 E4.15550
G1 X88.862 Y114.389 F7800.000
G1 F900.000
G1 X81.175 Y114.389 E4.52525
G1 X80.688 Y114.001 E4.55520
G1 X80.611 Y113.888 E4.56179
G1 X80.611 Y106.112 E4.93577
G1 X80.688 Y105.999 E4.94237
G1 X82.059 Y104.906 E5.02670
G1 X83.691 Y104.265 E5.11104
G1 X85.440 Y104.134 E5.19538
G1 X87.149 Y104.524 E5.27971
G1 X88.668 Y105.401 E5.36405
G1 X89.860 Y106.686 E5.44839
G1 X90.621 Y108.266 E5.53272
G1 X90.882 Y110.000 E5.61706
G1 X90.621 Y111.734 E5.70139
G1 X89.860 Y113.314 E5.78573
G1 X88.903 Y114.345 E5.85342
G1 X89.031 Y114.775 F7800.000
;TYPE:External perimeter
G1 F900.000
G1 X81.040 Y114.775 E6.23775
G1 X80.402 Y114.266 E6.27699
G1 X80.225 Y114.007 E6.29209
G1 X80.225 Y105.993 E6.67752
G1 X80.402 Y105.734 E6.69263
G1 X81.864 Y104.568 E6.78256
G1 X83.604 Y103.885 E6.87248
G1 X85.469 Y103.745 E6.96241
G1 X87.292 Y104.161 E7.05234
G1 X88.911 Y105.096 E7.14227
G1 X90.183 Y106.467 E7.23219
G1 X90.994 Y108.151 E7.32212
G1 X91.272 Y110.000 E7.41205
G1 X90.994 Y111.849 E7.50197
G1 X90.183 Y113.533 E7.59190
G1 X89.071 Y114.731 E7.67048
G1 X88.730 Y114.511 F7800.000
G1 X82.118 Y113.888
;TYPE:Solid infill
;WIDTH:0.462364
G1 F1200.000
G1 X81.285 Y113.056 E7.72889
G1 X81.285 Y112.493 E7.75683
G1 X82.507 Y113.715 E7.84257
G1 X83.070 Y113.715 E7.87051
G1 X81.285 Y111.930 E7.99576
G1 X81.285 Y111.368 E8.02370
G1 X83.632 Y113.715 E8.18846
G1 X84.195 Y113.715 E8.21640
G1 X81.285 Y110.805 E8.42067
G1 X81.285 Y110.242 E8.44861
G1 X82.752 Y111.709 E8.55157
G1 X83.383 Y112.801 E8.61418
G1 X83.845 Y112.801 E8.63710
G1 X84.758 Y113.715 E8.70124
G1 X85.321 Y113.715 E8.72918
G1 X84.407 Y112.801 E8.79331
G1 X84.970 Y112.801 E8.82125
G1 X85.884 Y113.715 E8.88538
G1 X86.447 Y113.715 E8.91332
G1 X85.533 Y112.801 E8.97746
G1 X86.096 Y112.801 E9.00540
G1 X87.009 Y113.715 E9.06953
G1 X87.572 Y113.715 E9.09747
G1 X86.632 Y112.775 E9.16346
G1 X86.838 Y112.418 E9.18391
G1 X88.135 Y113.715 E9.27494
G1 X88.568 Y113.715 E9.29642
G1 X88.630 Y113.647 E9.30099
G1 X87.044 Y112.061 E9.41234
G1 X87.250 Y111.704 E9.43279
G1 X88.901 Y113.355 E9.54869
G1 X89.172 Y113.063 E9.56846
G1 X87.456 Y111.347 E9.68891
G1 X87.662 Y110.991 E9.70936
G1 X89.396 Y112.724 E9.83103
G1 X89.578 Y112.344 E9.85196
G1 X87.868 Y110.634 E9.97200
G1 X88.074 Y110.277 E9.99245
G1 X89.761 Y111.964 E10.11088
G1 X89.944 Y111.584 E10.13181
G1 X88.062 Y109.702 E10.26395
G1 X87.293 Y108.370 E10.34028
G1 X90.033 Y111.110 E10.53260
G1 X90.107 Y110.620 E10.55715
G1 X84.376 Y104.890 E10.95940
G1 X84.900 Y104.851 E10.98546
G1 X90.180 Y110.131 E11.35613
G1 X90.200 Y110.000 E11.36272
G1 X90.127 Y109.515 E11.38706
G1 X85.437 Y104.826 E11.71626
G1 X86.167 Y104.992 E11.75339
G1 X90.027 Y108.852 E12.02439
G1 X89.969 Y108.467 E12.04373
G1 X89.750 Y108.013 E12.06877
G1 X86.896 Y105.159 E12.26913
G1 X88.225 Y105.924 E12.34525
G1 X89.599 Y107.299 E12.44173
G1 X86.296 Y107.373 F7800.000
G1 F1200.000
G1 X83.853 Y104.930 E12.61322
G1 X83.446 Y105.086 E12.63484
G1 X85.559 Y107.199 E12.78318
G1 X84.997 Y107.199 E12.81112
G1 X83.042 Y105.245 E12.94832
G1 X82.638 Y105.403 E12.96988
G1 X84.434 Y107.199 E13.09594
G1 X83.871 Y107.199 E13.12388
G1 X82.271 Y105.599 E13.23618
G1 X81.958 Y105.849 E13.25607
G1 X83.356 Y107.246 E13.35416
G1 X83.149 Y107.603 E13.37462
G1 X81.645 Y106.099 E13.48023
G1 X81.332 Y106.348 E13.50011
G1 X82.943 Y107.960 E13.61325
G1 X82.737 Y108.317 E13.63370
G1 X81.285 Y106.865 E13.73563
G1 X81.285 Y107.428 E13.76357
G1 X82.531 Y108.674 E13.85104
G1 X82.325 Y109.031 E13.87149
G1 X81.285 Y107.991 E13.94450
G1 X81.285 Y108.553 E13.97244
G1 X82.119 Y109.387 E14.03098
G1 X81.913 Y109.744 E14.05144
G1 X81.285 Y109.116 E14.09552
G1 X81.285 Y109.679 E14.12346
G1 X82.457 Y110.851 E14.20573
;LAYER_CHANGE
;Z:2.42
;HEIGHT:0.3
G1 Z2.420 F7800.000
G1 E12.20573 F2400.000
G92 E0
G1 X77.730 Y106.557 F7800.000
G1 E2.00000 F2400.000
;TYPE:Support material interface
;WIDTH:0.35
G1 F3600.000
G1 X77.730 Y78.572 E2.99693
G1 X78.016 Y78.572 E3.00711
G1 X78.016 Y106.428 E3.99946
G1 X78.301 Y106.428 E4.00963
G1 X78.301 Y78.572 E5.00198
G1 X78.587 Y78.572 E5.01216
G1 X78.587 Y106.428 E6.00451
G1 X78.872 Y106.428 E6.01468
G1 X78.872 Y78.572 E7.00704
G1 X79.158 Y78.572 E7.01721
G1 X79.158 Y106.428 E8.00956
G1 X79.444 Y106.428 E8.01974
G1 X79.444 Y78.572 E9.01209
G1 X79.632 Y78.572 E9.01880
G1 X79.632 Y79.132 E9.03874
G1 X79.665 Y79.238 E9.04269
G1 X79.729 Y79.332 E9.04677
G1 X79.729 Y105.668 E9.98496
G1 X79.947 Y105.349 E9.99871
G1 X80.015 Y105.284 E10.00206
G1 X80.015 Y79.716 E10.91290
G1 X80.301 Y79.944 E10.92591
G1 X80.301 Y105.056 E11.82052
G1 X80.586 Y104.829 E11.83354
G1 X80.586 Y80.172 E12.71192
G1 X80.872 Y80.399 E12.72494
G1 X80.872 Y104.601 E13.58709
G1 X81.157 Y104.373 E13.60010
G1 X81.157 Y80.627 E14.44603
G1 X81.443 Y80.855 E14.45904
G1 X81.443 Y104.145 E15.28873
G1 X81.590 Y104.038 E15.29520
G1 X81.729 Y103.984 E15.30051
G1 X81.729 Y81.016 E16.11873
G1 X82.014 Y81.128 E16.12966
G1 X82.014 Y103.872 E16.93989
G1 X82.300 Y103.760 E16.95082
G1 X82.300 Y81.240 E17.75306
G1 X82.586 Y81.352 E17.76399
G1 X82.586 Y103.648 E18.55825
G1 X82.871 Y103.536 E18.56918
G1 X82.871 Y81.464 E19.35546
G1 X83.157 Y81.576 E19.36639
G1 X83.157 Y103.562 E20.14959
G1 E18.14959 F2400.000
G92 E0
G1 X83.157 Y117.699 F7800.000
G1 E2.00000 F2400.000
G1 F3600.000
G1 X83.157 Y115.368 E2.08305
G1 X82.871 Y115.368 E2.09323
G1 X82.871 Y117.571 E2.17170
G1 X82.586 Y117.571 E2.18187
G1 X82.586 Y115.368 E2.26034
G1 X82.300 Y115.368 E2.27052
G1 X82.300 Y117.571 E2.34899
G1 X82.014 Y117.571 E2.35917
G1 X82.014 Y115.368 E2.43764
G1 X81.729 Y115.368 E2.44781
G1 X81.729 Y117.571 E2.52628
G1 X81.443 Y117.571 E2.53646
G1 X81.443 Y115.368 E2.61493
G1 X81.157 Y115.368 E2.62511
G1 X81.157 Y117.571 E2.70358
G1 X80.872 Y117.571 E2.71375
G1 X80.872 Y115.358 E2.79256
G1 X80.781 Y115.327 E2.79600
G1 X80.586 Y115.171 E2.80486
G1 X80.586 Y117.571 E2.89032
G1 X80.301 Y117.571 E2.90050
G1 X80.301 Y114.944 E2.99408
G1 X80.015 Y114.716 E3.00709
G1 X80.015 Y117.571 E3.10879
G1 X79.729 Y117.571 E3.11896
G1 X79.729 Y114.332 E3.23433
G1 X79.665 Y114.238 E3.23841
G1 X79.632 Y114.132 E3.24236
G1 X79.632 Y111.999 E3.31832
G1 X79.444 Y111.999 E3.32503
G1 X79.444 Y117.571 E3.52350
G1 X79.158 Y117.571 E3.53368
G1 X79.158 Y111.999 E3.73215
G1 X78.872 Y111.999 E3.74233
G1 X78.872 Y117.571 E3.94080
G1 X78.587 Y117.571 E3.95097
G1 X78.587 Y111.999 E4.14944
G1 X78.301 Y111.999 E4.15962
G1 X78.301 Y117.571 E4.35809
G1 X78.016 Y117.571 E4.36827
G1 X78.016 Y111.999 E4.56674
G1 X77.730 Y111.999 E4.57691
G1 X77.730 Y117.699 E4.77996
G1 E2.77996 F2400.000
G92 E0
G1 X77.730 Y73.129 F7800.000
G1 E2.00000 F2400.000
G1 F3600.000
G1 X77.730 Y67.429 E2.20305
G1 X78.016 Y67.429 E2.21323
G1 X78.016 Y73.001 E2.41170
G1 X78.301 Y73.001 E2.42187
G1 X78.301 Y67.429 E2.62034
G1 X78.587 Y67.429 E2.63052
G1 X78.587 Y73.001 E2.82899
G1 X78.872 Y73.001 E2.83917
G1 X78.872 Y67.429 E3.03764
G1 X79.158 Y67.429 E3.04781
G1 X79.158 Y73.001 E3.24628
G1 X79.444 Y73.001 E3.25646
G1 X79.444 Y67.429 E3.45493
G1 X79.729 Y67.429 E3.46511
G1 X79.729 Y70.668 E3.58047
G1 X79.947 Y70.349 E3.59422
G1 X80.015 Y70.284 E3.59758
G1 X80.015 Y67.429 E3.69927
G1 X80.301 Y67.429 E3.70945
G1 X80.301 Y70.056 E3.80303
G1 X80.586 Y69.829 E3.81604
G1 X80.586 Y67.429 E3.90151
G1 X80.872 Y67.429 E3.91168
G1 X80.872 Y69.642 E3.99049
G1 X81.157 Y69.632 E4.00067
G1 X81.157 Y67.429 E4.07914
G1 X81.443 Y67.429 E4.08932
G1 X81.443 Y69.632 E4.16779
G1 X81.729 Y69.632 E4.17796
G1 X81.729 Y67.429 E4.25644
G1 X82.014 Y67.429 E4.26661
G1 X82.014 Y69.632 E4.34509
G1 X82.300 Y69.632 E4.35526
G1 X82.300 Y67.429 E4.43373
G1 X82.586 Y67.429 E4.44391
G1 X82.586 Y69.632 E4.52238
G1 X82.871 Y69.632 E4.53256
G1 X82.871 Y67.429 E4.61103
G1 X83.157 Y67.429 E4.62120
G1 X83.157 Y69.761 E4.70426
G1 E2.70426 F2400.000
G92 E0
G1 X166.843 Y69.761 F7800.000
G1 E2.00000 F2400.000
G1 F3600.000
G1 X166.843 Y67.429 E2.08305
G1 X167.129 Y67.429 E2.09323
G1 X167.129 Y69.632 E2.17170
G1 X167.414 Y69.632 E2.18187
G1 X167.414 Y67.429 E2.26035
G1 X167.700 Y67.429 E2.27052
G1 X167.700 Y69.632 E2.34900
G1 X167.986 Y69.632 E2.35917
G1 X167.986 Y67.429 E2.43764
G1 X168.271 Y67.429 E2.44782
G1 X168.271 Y69.632 E2.52629
G1 X168.557 Y69.632 E2.53647
G1 X168.557 Y67.429 E2.61494
G1 X168.842 Y67.429 E2.62511
G1 X168.842 Y69.632 E2.70359
G1 X169.128 Y69.632 E2.71376
G1 X169.128 Y67.429 E2.79224
G1 X169.414 Y67.429 E2.80241
G1 X169.414 Y69.766 E2.88567
G1 X169.699 Y70.074 E2.90062
G1 X169.699 Y67.429 E2.99485
G1 X169.985 Y67.429 E3.00502
G1 X169.985 Y70.382 E3.11021
G1 X170.271 Y70.690 E3.12517
G1 X170.271 Y67.429 E3.24132
G1 X170.556 Y67.429 E3.25149
G1 X170.556 Y73.001 E3.44997
G1 X170.842 Y73.001 E3.46014
G1 X170.842 Y67.429 E3.65861
G1 X171.127 Y67.429 E3.66879
G1 X171.127 Y73.001 E3.86726
G1 X171.413 Y73.001 E3.87743
G1 X171.413 Y67.429 E4.07591
G1 X171.699 Y67.429 E4.08608
G1 X171.699 Y73.001 E4.28455
G1 X171.984 Y73.001 E4.29473
G1 X171.984 Y67.429 E4.49320
G1 X172.270 Y67.429 E4.50337
G1 X172.270 Y73.129 E4.70642
G1 E2.70642 F2400.000
G92 E0
G1 X166.843 Y103.583 F7800.000
G1 E2.00000 F2400.000
G1 F3600.000
G1 X166.843 Y81.549 E2.78491
G1 X167.129 Y81.484 E2.79535
G1 X167.129 Y103.516 E3.58021
G1 X167.414 Y103.581 E3.59065
G1 X167.414 Y81.419 E4.38016
G1 X167.535 Y81.383 E4.38463
G1 X167.700 Y81.288 E4.39143
G1 X167.700 Y103.712 E5.19029
G1 X167.986 Y103.877 E5.20204
G1 X167.986 Y81.123 E6.01265
G1 X168.271 Y80.958 E6.02440
G1 X168.271 Y104.042 E6.84676
G1 X168.557 Y104.207 E6.85851
G1 X168.557 Y80.793 E7.69262
G1 X168.842 Y80.628 E7.70437
G1 X168.842 Y104.372 E8.55023
G1 X169.128 Y104.537 E8.56198
G1 X169.128 Y80.463 E9.41958
G1 X169.304 Y80.352 E9.42698
G1 X169.414 Y80.234 E9.43275
G1 X169.414 Y104.766 E10.30671
G1 X169.699 Y105.074 E10.32167
G1 X169.699 Y79.926 E11.21756
G1 X169.985 Y79.618 E11.23252
G1 X169.985 Y105.382 E12.15034
G1 X170.271 Y105.690 E12.16530
G1 X170.271 Y79.310 E13.10506
G1 X170.317 Y79.260 E13.10749
G1 X170.368 Y79.131 E13.11245
G1 X170.368 Y78.572 E13.13235
G1 X170.556 Y78.572 E13.13906
G1 X170.556 Y106.428 E14.13141
G1 X170.842 Y106.428 E14.14158
G1 X170.842 Y78.572 E15.13394
G1 X171.127 Y78.572 E15.14411
G1 X171.127 Y106.428 E16.13646
G1 X171.413 Y106.428 E16.14664
G1 X171.413 Y78.572 E17.13899
G1 X171.699 Y78.572 E17.14916
G1 X171.699 Y106.428 E18.14152
G1 X171.984 Y106.428 E18.15169
G1 X171.984 Y78.572 E19.14404
G1 X172.270 Y78.572 E19.15422
G1 X172.270 Y106.557 E20.15115
G1 E18.15115 F2400.000
G92 E0
G1 X172.270 Y117.699 F7800.000
G1 E2.00000 F2400.000
G1 F3600.000
G1 X172.270 Y111.999 E2.20305
G1 X171.984 Y111.999 E2.21323
G1 X171.984 Y117.571 E2.41170
G1 X171.699 Y117.571 E2.42187
G1 X171.699 Y111.999 E2.62034
G1 X171.413 Y111.999 E2.63052
G1 X171.413 Y117.571 E2.82899
G1 X171.127 Y117.571 E2.83917
G1 X171.127 Y111.999 E3.03764
G1 X170.842 Y111.999 E3.04781
G1 X170.842 Y117.571 E3.24628
G1 X170.556 Y117.571 E3.25646
G1 X170.556 Y111.999 E3.45493
G1 X170.368 Y111.999 E3.46164
G1 X170.368 Y114.130 E3.53756
G1 X170.317 Y114.260 E3.54252
G1 X170.271 Y114.310 E3.54495
G1 X170.271 Y117.571 E3.66110
G1 X169.985 Y117.571 E3.67128
G1 X169.985 Y114.618 E3.77647
G1 X169.699 Y114.926 E3.79143
G1 X169.699 Y117.571 E3.88565
G1 X169.414 Y117.571 E3.89582
G1 X169.414 Y115.234 E3.97907
G1 X169.346 Y115.306 E3.98261
G1 X169.205 Y115.368 E3.98808
G1 X169.128 Y115.368 E3.99084
G1 X169.128 Y117.571 E4.06931
G1 X168.842 Y117.571 E4.07948
G1 X168.842 Y115.368 E4.15796
G1 X168.557 Y115.368 E4.16813
G1 X168.557 Y117.571 E4.24660
G1 X168.271 Y117.571 E4.25678
G1 X168.271 Y115.368 E4.33525
G1 X167.986 Y115.368 E4.34542
G1 X167.986 Y117.571 E4.42390
G1 X167.700 Y117.571 E4.43407
G1 X167.700 Y115.368 E4.51254
G1 X167.414 Y115.368 E4.52272
G1 X167.414 Y117.571 E4.60119
G1 X167.129 Y117.571 E4.61136
G1 X167.129 Y115.368 E4.68984
G1 X166.843 Y115.368 E4.70001
G1 X166.843 Y117.699 E4.78306
G1 E2.78306 F2400.000
G92 E0
G1 X163.550 Y107.488 F7800.000
G1 E2.00000 F2400.000
;TYPE:Perimeter
;WIDTH:0.45
G1 F900.000
G1 X166.450 Y107.488 E2.13950
G1 X167.900 Y110.000 E2.27899
G1 X166.450 Y112.512 E2.41849
G1 X163.550 Y112.512 E2.55798
G1 X162.100 Y110.000 E2.69748
G1 X163.520 Y107.540 E2.83409
G1 X163.772 Y107.874 F7800.000
G1 F900.000
G1 X166.228 Y107.874 E2.95217
G1 X167.455 Y110.000 E3.07025
G1 X166.228 Y112.126 E3.18833
G1 X163.772 Y112.126 E3.30641
G1 X162.545 Y110.000 E3.42449
G1 X163.742 Y107.926 E3.53968
G1 E1.53968 F2400.000
G92 E0
G1 X166.005 Y111.740 F7800.000
G1 E2.00000 F2400.000
;TYPE:External perimeter
G1 F900.000
G1 X163.995 Y111.740 E2.09666
G1 X162.990 Y110.000 E2.19333
G1 X163.995 Y108.260 E2.28999
G1 X166.005 Y108.260 E2.38666
G1 X167.010 Y110.000 E2.48332
G1 X166.035 Y111.689 E2.57710
G1 X166.005 Y112.140 F7800.000
G1 X168.694 Y114.004
;TYPE:Perimeter
G1 F900.000
G1 X161.310 Y114.004 E2.93226
G1 X160.974 Y113.736 E2.95292
G1 X160.051 Y112.383 E3.03167
G1 X159.569 Y110.819 E3.11041
G1 X159.569 Y109.181 E3.18916
G1 X160.051 Y107.617 E3.26790
G1 X160.974 Y106.264 E3.34665
G1 X162.254 Y105.243 E3.42540
G1 X163.778 Y104.645 E3.50414
G1 X165.410 Y104.523 E3.58288
G1 X167.007 Y104.887 E3.66163
G1 X168.425 Y105.706 E3.74038
G1 X169.004 Y106.330 E3.78134
G1 X169.004 Y113.670 E4.13436
G1 X168.735 Y113.960 E4.15337
G1 X168.862 Y114.389 F7800.000
G1 F900.000
G1 X161.175 Y114.389 E4.52312
G1 X160.688 Y114.001 E4.55307
G1 X159.700 Y112.552 E4.63741
G1 X159.183 Y110.877 E4.72174
G1 X159.183 Y109.123 E4.80608
G1 X159.700 Y107.448 E4.89041
G1 X160.688 Y105.999 E4.97475
G1 X162.059 Y104.906 E5.05909
G1 X163.691 Y104.265 E5.14342
G1 X165.440 Y104.134 E5.22776
G1 X167.149 Y104.524 E5.31210
G1 X168.668 Y105.401 E5.39643
G1 X169.389 Y106.179 E5.44747
G1 X169.389 Y113.821 E5.81505
G1 X168.903 Y114.345 E5.84944
G1 X169.031 Y114.775 F7800.000
;TYPE:External perimeter
G1 F900.000
G1 X161.040 Y114.775 E6.23376
G1 X160.402 Y114.266 E6.27300
G1 X159.349 Y112.721 E6.36293
G1 X158.798 Y110.935 E6.45285
G1 X158.798 Y109.065 E6.54278
G1 X159.349 Y107.279 E6.63271
G1 X160.402 Y105.734 E6.72264
G1 X161.864 Y104.568 E6.81256
G1 X163.604 Y103.885 E6.90249
G1 X165.469 Y103.745 E6.99241
G1 X167.292 Y104.161 E7.08234
G1 X168.911 Y105.096 E7.17227
G1 X169.775 Y106.027 E7.23338
G1 X169.775 Y113.973 E7.61552
G1 X169.071 Y114.731 E7.66528
G1 X168.690 Y114.565 F7800.000
G1 X168.390 Y113.888
;TYPE:Solid infill
;WIDTH:0.462028
G1 F1200.000
G1 X168.715 Y113.556 E7.68829
G1 X168.715 Y113.001 E7.71583
G1 X168.001 Y113.715 E7.76587
G1 X167.439 Y113.715 E7.79376
G1 X168.715 Y112.439 E7.88324
G1 X168.715 Y111.876 E7.91113
G1 X166.876 Y113.715 E8.04006
G1 X166.314 Y113.715 E8.06795
G1 X168.715 Y111.314 E8.23632
G1 X168.715 Y110.752 E8.26421
G1 X165.752 Y113.715 E8.47202
G1 X165.189 Y113.715 E8.49991
G1 X166.103 Y112.801 E8.56399
G1 X165.541 Y112.801 E8.59188
G1 X164.627 Y113.715 E8.65596
G1 X164.065 Y113.715 E8.68386
G1 X164.978 Y112.801 E8.74794
G1 X164.416 Y112.801 E8.77583
G1 X163.502 Y113.715 E8.83991
G1 X162.940 Y113.715 E8.86780
G1 X163.854 Y112.801 E8.93188
G1 X163.383 Y112.801 E8.95523
G1 X163.349 Y112.743 E8.95856
G1 X162.378 Y113.715 E9.02671
G1 X161.815 Y113.715 E9.05460
G1 X163.143 Y112.386 E9.14777
G1 X162.938 Y112.030 E9.16818
G1 X161.323 Y113.644 E9.28144
G1 X161.188 Y113.537 E9.28999
G1 X161.058 Y113.347 E9.30141
G1 X162.732 Y111.673 E9.41878
G1 X162.526 Y111.317 E9.43920
G1 X160.830 Y113.012 E9.55812
G1 X160.602 Y112.678 E9.57819
G1 X162.320 Y110.960 E9.69867
G1 X162.114 Y110.604 E9.71909
G1 X160.374 Y112.344 E9.84112
G1 X160.315 Y112.256 E9.84636
G1 X160.217 Y111.939 E9.86284
G1 X161.908 Y110.247 E9.98148
G1 X161.766 Y110.000 E9.99564
G1 X162.001 Y109.592 E10.01900
G1 X160.084 Y111.509 E10.15344
G1 X159.952 Y111.079 E10.17575
G1 X162.769 Y108.261 E10.37338
G1 X163.383 Y107.199 E10.43422
G1 X163.832 Y107.199 E10.45649
G1 X166.063 Y104.968 E10.61296
G1 X166.520 Y105.073 E10.63625
G1 X164.394 Y107.199 E10.78538
G1 X164.957 Y107.199 E10.81327
G1 X166.961 Y105.195 E10.95386
G1 X167.317 Y105.401 E10.97428
G1 X165.519 Y107.199 E11.10043
G1 X166.081 Y107.199 E11.12832
G1 X167.674 Y105.606 E11.24003
G1 X168.030 Y105.812 E11.26045
G1 X166.627 Y107.216 E11.35890
G1 X166.833 Y107.572 E11.37931
G1 X168.352 Y106.053 E11.48589
G1 X168.623 Y106.345 E11.50562
G1 X167.039 Y107.929 E11.61674
G1 X167.244 Y108.285 E11.63716
G1 X168.715 Y106.815 E11.74028
G1 X168.715 Y107.378 E11.76817
G1 X167.450 Y108.642 E11.85685
G1 X167.656 Y108.998 E11.87727
G1 X168.715 Y107.940 E11.95152
G1 X168.715 Y108.502 E11.97941
G1 X167.862 Y109.355 E12.03921
G1 X168.068 Y109.711 E12.05963
G1 X168.715 Y109.065 E12.10500
G1 X168.715 Y109.627 E12.13289
G1 X168.088 Y110.254 E12.17685
G1 X167.320 Y111.584 E12.25306
G1 X168.888 Y110.016 E12.36308
G1 E10.36308 F2400.000
G92 E0
G1 X160.516 Y107.141 F7800.000
G1 E2.00000 F2400.000
G1 F1200.000
G1 X161.216 Y106.441 E2.04905
G1 X162.400 Y105.497 E2.12419
G1 X162.931 Y105.288 E2.15248
G1 X160.243 Y107.976 E2.34098
G1 X159.993 Y108.789 E2.38319
G1 X163.852 Y104.930 E2.65388
G1 X164.460 Y104.884 E2.68411
G1 X159.858 Y109.486 E3.00688
G1 X159.858 Y110.048 E3.03477
G1 X165.068 Y104.839 E3.40017
G1 X165.389 Y104.815 E3.41613
G1 X165.605 Y104.864 E3.42713
G1 X159.685 Y110.784 E3.84238
G1 E1.84238 F2400.000
G92 E0
G1 X163.550 Y72.488 F7800.000
G1 E2.00000 F2400.000
;TYPE:Perimeter
;WIDTH:0.45
G1 F900.000
G1 X166.450 Y72.488 E2.13950
G1 X167.900 Y75.000 E2.27899
G1 X166.450 Y77.512 E2.41849
G1 X163.550 Y77.512 E2.55799
G1 X162.100 Y75.000 E2.69749
G1 X163.520 Y72.540 E2.83410
G1 X163.772 Y72.874 F7800.000
G1 F900.000
G1 X166.228 Y72.874 E2.95218
G1 X167.455 Y75.000 E3.07026
G1 X166.228 Y77.126 E3.18834
G1 X163.772 Y77.126 E3.30642
G1 X162.545 Y75.000 E3.42450
G1 X163.742 Y72.926 E3.53970
G1 X166.005 Y73.259 F7800.000
;TYPE:External perimeter
G1 F900.000
G1 X167.010 Y75.000 E3.63636
G1 X166.005 Y76.741 E3.73303
G1 X163.995 Y76.741 E3.82969
G1 X162.990 Y75.000 E3.92636
G1 X163.995 Y73.259 E4.02302
G1 X165.945 Y73.259 E4.11680
G1 X166.351 Y73.059 F7800.000
G1 X168.694 Y70.996
;TYPE:Perimeter
G1 F900.000
G1 X169.004 Y71.330 E4.13870
G1 X169.004 Y78.670 E4.49172
G1 X168.425 Y79.294 E4.53268
G1 X167.007 Y80.113 E4.61143
G1 X165.410 Y80.477 E4.69018
G1 X163.778 Y80.355 E4.76892
G1 X162.254 Y79.757 E4.84766
G1 X160.974 Y78.736 E4.92641
G1 X160.051 Y77.383 E5.00516
G1 X159.569 Y75.819 E5.08390
G1 X159.569 Y74.181 E5.16265
G1 X160.051 Y72.617 E5.24139
G1 X160.974 Y71.264 E5.32014
G1 X161.310 Y70.996 E5.34080
G1 X168.634 Y70.996 E5.69308
G1 X168.862 Y70.611 F7800.000
G1 F900.000
G1 X169.389 Y71.179 E5.73035
G1 X169.389 Y78.821 E6.09793
G1 X168.668 Y79.599 E6.14897
G1 X167.149 Y80.476 E6.23331
G1 X165.440 Y80.866 E6.31764
G1 X163.691 Y80.735 E6.40198
G1 X162.059 Y80.094 E6.48631
G1 X160.688 Y79.001 E6.57065
G1 X159.700 Y77.552 E6.65499
G1 X159.183 Y75.877 E6.73932
G1 X159.183 Y74.123 E6.82366
G1 X159.700 Y72.448 E6.90799
G1 X160.688 Y70.999 E6.99233
G1 X161.175 Y70.611 E7.02228
G1 X168.802 Y70.611 E7.38914
G1 X169.031 Y70.225 F7800.000
;TYPE:External perimeter
G1 F900.000
G1 X169.775 Y71.027 E7.44179
G1 X169.775 Y78.973 E7.82393
G1 X168.911 Y79.904 E7.88503
G1 X167.292 Y80.839 E7.97496
G1 X165.469 Y81.255 E8.06489
G1 X163.604 Y81.115 E8.15482
G1 X161.864 Y80.432 E8.24474
G1 X160.402 Y79.266 E8.33467
G1 X159.349 Y77.722 E8.42460
G1 X158.798 Y75.935 E8.51453
G1 X158.798 Y74.065 E8.60445
G1 X159.349 Y72.278 E8.69438
G1 X160.402 Y70.734 E8.78431
G1 X161.040 Y70.225 E8.82355
G1 X168.971 Y70.225 E9.20499
G1 X169.028 Y70.625 F7800.000
G1 X164.227 Y72.373
;TYPE:Solid infill
;WIDTH:0.462615
G1 F1200.000
G1 X165.314 Y71.285 E9.28135
G1 X165.877 Y71.285 E9.30932
G1 X164.964 Y72.199 E9.37350
G1 X165.527 Y72.199 E9.40147
G1 X166.440 Y71.285 E9.46564
G1 X167.004 Y71.285 E9.49362
G1 X166.090 Y72.199 E9.55779
G1 X166.617 Y72.199 E9.58397
G1 X166.630 Y72.222 E9.58528
G1 X167.567 Y71.285 E9.65106
G1 X168.130 Y71.285 E9.67904
G1 X166.837 Y72.579 E9.76990
G1 X167.043 Y72.936 E9.79038
G1 X168.628 Y71.350 E9.90175
G1 X168.715 Y71.444 E9.90806
G1 X168.715 Y71.827 E9.92712
G1 X167.249 Y73.293 E10.03008
G1 X167.455 Y73.650 E10.05056
G1 X168.715 Y72.390 E10.13904
G1 X168.715 Y72.954 E10.16701
G1 X167.661 Y74.007 E10.24101
G1 X167.867 Y74.364 E10.26149
G1 X168.715 Y73.517 E10.32101
G1 X168.715 Y74.080 E10.34898
G1 X168.073 Y74.721 E10.39402
G1 X168.234 Y75.000 E10.41001
G1 X168.066 Y75.292 E10.42677
G1 X168.715 Y74.643 E10.47235
G1 X168.715 Y75.206 E10.50032
G1 X166.822 Y77.099 E10.63325
G1 X167.750 Y79.550 F7800.000
G1 F1200.000
G1 X168.715 Y78.556 E10.70203
G1 X168.715 Y78.022 E10.72856
G1 X166.895 Y79.842 E10.85636
G1 X166.166 Y80.008 E10.89353
G1 X168.715 Y77.459 E11.07258
G1 X168.715 Y76.896 E11.10056
G1 X165.436 Y80.175 E11.33087
G1 X165.389 Y80.185 E11.33328
G1 X164.899 Y80.149 E11.35768
G1 X168.715 Y76.333 E11.62573
G1 X168.715 Y75.770 E11.65370
G1 X164.375 Y80.109 E11.95856
G1 X163.851 Y80.070 E11.98465
G1 X166.120 Y77.801 E12.14405
G1 X165.557 Y77.801 E12.17203
G1 X163.444 Y79.913 E12.32040
G1 X163.040 Y79.755 E12.34199
G1 X164.994 Y77.801 E12.47921
G1 X164.430 Y77.801 E12.50719
G1 X162.636 Y79.596 E12.63327
G1 X162.400 Y79.503 E12.64583
G1 X162.269 Y79.399 E12.65415
G1 X163.867 Y77.801 E12.76640
G1 X163.383 Y77.801 E12.79046
G1 X163.354 Y77.751 E12.79333
G1 X161.956 Y79.149 E12.89154
G1 X161.643 Y78.899 E12.91144
G1 X163.148 Y77.394 E13.01719
G1 X162.942 Y77.037 E13.03766
G1 X161.329 Y78.649 E13.15093
G1 X161.188 Y78.537 E13.15990
G1 X161.063 Y78.353 E13.17096
G1 X162.736 Y76.680 E13.28848
G1 X162.529 Y76.323 E13.30896
G1 X160.834 Y78.018 E13.42803
G1 X160.606 Y77.683 E13.44816
G1 X162.323 Y75.966 E13.56879
G1 X162.117 Y75.609 E13.58927
G1 X160.378 Y77.348 E13.71146
G1 X160.315 Y77.256 E13.71699
G1 X160.219 Y76.944 E13.73321
G1 X161.911 Y75.252 E13.85209
G1 X161.766 Y75.000 E13.86653
G1 X161.993 Y74.607 E13.88908
G1 X160.086 Y76.514 E14.02302
G1 X159.953 Y76.083 E14.04540
G1 X162.762 Y73.274 E14.24271
G1 X163.383 Y72.199 E14.30438
G1 X163.837 Y72.199 E14.32695
G1 X164.751 Y71.285 E14.39112
G1 X164.188 Y71.285 E14.41910
G1 X159.858 Y75.615 E14.72323
G1 X159.858 Y75.052 E14.75120
G1 X163.625 Y71.285 E15.01578
G1 X163.061 Y71.285 E15.04375
G1 X159.858 Y74.489 E15.26876
G1 X159.858 Y74.225 E15.28186
G1 X159.992 Y73.792 E15.30437
G1 X162.498 Y71.285 E15.48044
G1 X161.935 Y71.285 E15.50841
G1 X160.243 Y72.978 E15.62727
G1 X160.315 Y72.744 E15.63942
G1 X161.175 Y71.482 E15.71528
G1 X161.545 Y71.112 E15.74127
G1 E13.74127 F2400.000
G92 E0
G1 X83.550 Y72.488 F7800.000
G1 E2.00000 F2400.000
;TYPE:Perimeter
;WIDTH:0.45
G1 F900.000
G1 X86.450 Y72.488 E2.13950
G1 X87.900 Y75.000 E2.27899
G1 X86.450 Y77.512 E2.41849
G1 X83.550 Y77.512 E2.55799
G1 X82.100 Y75.000 E2.69749
G1 X83.520 Y72.540 E2.83410
G1 X83.772 Y72.874 F7800.000
G1 F900.000
G1 X86.228 Y72.874 E2.95218
G1 X87.455 Y75.000 E3.07026
G1 X86.228 Y77.126 E3.18834
G1 X83.772 Y77.126 E3.30642
G1 X82.545 Y75.000 E3.42450
G1 X83.742 Y72.926 E3.53970
G1 X86.005 Y73.259 F7800.000
;TYPE:External perimeter
G1 F900.000
G1 X87.010 Y75.000 E3.63636
G1 X86.005 Y76.741 E3.73303
G1 X83.995 Y76.741 E3.82969
G1 X82.990 Y75.000 E3.92636
G1 X83.995 Y73.259 E4.02302
G1 X85.945 Y73.259 E4.11680
G1 X86.351 Y73.059 F7800.000
G1 X88.694 Y70.996
;TYPE:Perimeter
G1 F900.000
G1 X89.538 Y71.906 E4.17649
G1 X90.248 Y73.381 E4.25523
G1 X90.493 Y75.000 E4.33398
G1 X90.248 Y76.619 E4.41272
G1 X89.538 Y78.094 E4.49147
G1 X88.425 Y79.294 E4.57021
G1 X87.007 Y80.113 E4.64896
G1 X85.410 Y80.477 E4.72770
G1 X83.778 Y80.355 E4.80645
G1 X82.254 Y79.757 E4.88519
G1 X80.996 Y78.754 E4.96255
G1 X80.996 Y71.246 E5.32365
G1 X81.310 Y70.996 E5.34293
G1 X88.634 Y70.996 E5.69520
G1 X88.862 Y70.611 F7800.000
G1 F900.000
G1 X89.860 Y71.686 E5.76578
G1 X90.621 Y73.266 E5.85012
G1 X90.882 Y75.000 E5.93445
G1 X90.621 Y76.734 E6.01879
G1 X89.860 Y78.314 E6.10312
G1 X88.668 Y79.599 E6.18746
G1 X87.149 Y80.476 E6.27180
G1 X85.440 Y80.866 E6.35613
G1 X83.691 Y80.735 E6.44047
G1 X82.059 Y80.094 E6.52481
G1 X80.688 Y79.001 E6.60914
G1 X80.611 Y78.888 E6.61574
G1 X80.611 Y71.112 E6.98972
G1 X80.688 Y70.999 E6.99631
G1 X81.175 Y70.611 E7.02627
G1 X88.802 Y70.611 E7.39312
G1 X89.031 Y70.225 F7800.000
;TYPE:External perimeter
G1 F900.000
G1 X90.183 Y71.467 E7.47459
G1 X90.994 Y73.151 E7.56451
G1 X91.272 Y75.000 E7.65444
G1 X90.994 Y76.849 E7.74437
G1 X90.183 Y78.533 E7.83430
G1 X88.911 Y79.904 E7.92422
G1 X87.292 Y80.839 E8.01415
G1 X85.469 Y81.255 E8.10408
G1 X83.604 Y81.115 E8.19401
G1 X81.864 Y80.432 E8.28393
G1 X80.402 Y79.266 E8.37386
G1 X80.225 Y79.007 E8.38897
G1 X80.225 Y70.993 E8.77440
G1 X80.402 Y70.734 E8.78951
G1 X81.040 Y70.225 E8.82874
G1 X88.971 Y70.225 E9.21018
G1 X89.028 Y70.625 F7800.000
G1 X84.234 Y72.373
;TYPE:Solid infill
;WIDTH:0.462364
G1 F1200.000
G1 X85.321 Y71.285 E9.28650
G1 X85.884 Y71.285 E9.31444
G1 X84.970 Y72.199 E9.37857
G1 X85.533 Y72.199 E9.40651
G1 X86.447 Y71.285 E9.47064
G1 X87.009 Y71.285 E9.49858
G1 X86.096 Y72.199 E9.56271
G1 X86.617 Y72.199 E9.58859
G1 X86.632 Y72.225 E9.59010
G1 X87.572 Y71.285 E9.65608
G1 X88.135 Y71.285 E9.68402
G1 X86.838 Y72.582 E9.77505
G1 X87.044 Y72.939 E9.79550
G1 X88.630 Y71.353 E9.90685
G1 X88.901 Y71.645 E9.92662
G1 X87.250 Y73.296 E10.04251
G1 X87.456 Y73.653 E10.06297
G1 X89.172 Y71.937 E10.18342
G1 X89.297 Y72.071 E10.19248
G1 X89.396 Y72.276 E10.20382
G1 X87.662 Y74.009 E10.32548
G1 X87.868 Y74.366 E10.34593
G1 X89.578 Y72.656 E10.46598
G1 X89.761 Y73.036 E10.48691
G1 X88.074 Y74.723 E10.60533
G1 X88.234 Y75.000 E10.62120
G1 X88.062 Y75.298 E10.63830
G1 X89.944 Y73.416 E10.77044
G1 X89.969 Y73.467 E10.77326
G1 X90.033 Y73.890 E10.79451
G1 X86.819 Y77.104 E11.02011
G1 X87.750 Y79.550 F7800.000
G1 F1200.000
G1 X88.338 Y78.962 E11.06138
G1 X89.297 Y77.929 E11.13131
G1 X89.750 Y76.987 E11.18321
G1 X86.896 Y79.841 E11.38357
G1 X86.167 Y80.008 E11.42070
G1 X90.027 Y76.148 E11.69170
G1 X90.127 Y75.485 E11.72496
G1 X85.437 Y80.174 E12.05417
G1 X85.389 Y80.185 E12.05665
G1 X84.900 Y80.149 E12.08097
G1 X90.180 Y74.869 E12.45164
G1 X90.107 Y74.380 E12.47619
G1 X84.376 Y80.110 E12.87844
G1 X83.853 Y80.070 E12.90450
G1 X86.122 Y77.801 E13.06381
G1 X85.559 Y77.801 E13.09175
G1 X83.446 Y79.914 E13.24009
G1 X83.042 Y79.755 E13.26164
G1 X84.997 Y77.801 E13.39884
G1 X84.434 Y77.801 E13.42678
G1 X82.638 Y79.597 E13.55285
G1 X82.400 Y79.503 E13.56554
G1 X82.271 Y79.401 E13.57371
G1 X83.871 Y77.801 E13.68601
G1 X83.383 Y77.801 E13.71024
G1 X83.355 Y77.754 E13.71296
G1 X81.958 Y79.151 E13.81105
G1 X81.645 Y78.901 E13.83093
G1 X83.149 Y77.397 E13.93655
G1 X82.943 Y77.040 E13.95700
G1 X81.332 Y78.652 E14.07014
G1 X81.285 Y78.615 E14.07308
G1 X81.285 Y78.135 E14.09688
G1 X82.737 Y76.683 E14.19881
G1 X82.531 Y76.326 E14.21926
G1 X81.285 Y77.572 E14.30673
G1 X81.285 Y77.009 E14.33467
G1 X82.325 Y75.969 E14.40768
G1 X82.119 Y75.613 E14.42813
G1 X81.285 Y76.447 E14.48668
G1 X81.285 Y75.884 E14.51462
G1 X81.913 Y75.256 E14.55870
G1 X81.766 Y75.000 E14.57336
G1 X81.983 Y74.623 E14.59496
G1 X81.285 Y75.321 E14.64395
G1 X81.285 Y74.758 E14.67189
G1 X82.752 Y73.291 E14.77485
G1 X83.383 Y72.199 E14.83747
G1 X83.845 Y72.199 E14.86039
G1 X84.758 Y71.285 E14.92452
G1 X84.195 Y71.285 E14.95246
G1 X81.285 Y74.195 E15.15673
G1 X81.285 Y73.632 E15.18467
G1 X83.632 Y71.285 E15.34943
G1 X83.070 Y71.285 E15.37737
G1 X81.285 Y73.070 E15.50262
G1 X81.285 Y72.507 E15.53056
G1 X82.507 Y71.285 E15.61630
G1 X81.944 Y71.285 E15.64424
G1 X81.112 Y72.118 E15.70265
G1 E13.70265 F2400.000
G92 E0
G1 X83.550 Y107.488 F7800.000
G1 E2.00000 F2400.000
;TYPE:Perimeter
;WIDTH:0.45
G1 F900.000
G1 X86.450 Y107.488 E2.13950
G1 X87.900 Y110.000 E2.27899
G1 X86.450 Y112.512 E2.41849
G1 X83.550 Y112.512 E2.55798
G1 X82.100 Y110.000 E2.69748
G1 X83.520 Y107.540 E2.83409
G1 X83.772 Y107.874 F7800.000
G1 F900.000
G1 X86.228 Y107.874 E2.95217
G1 X87.455 Y110.000 E3.07025
G1 X86.228 Y112.126 E3.18833
G1 X83.772 Y112.126 E3.30641
G1 X82.545 Y110.000 E3.42449
G1 X83.742 Y107.926 E3.53968
G1 E1.53968 F2400.000
G92 E0
G1 X86.005 Y111.740 F7800.000
G1 E2.00000 F2400.000
;TYPE:External perimeter
G1 F900.000
G1 X83.995 Y111.740 E2.09666
G1 X82.990 Y110.000 E2.19333
G1 X83.995 Y108.260 E2.28999
G1 X86.005 Y108.260 E2.38666
G1 X87.010 Y110.000 E2.48332
G1 X86.035 Y111.689 E2.57710
G1 X86.005 Y112.140 F7800.000
G1 X88.694 Y114.004
;TYPE:Perimeter
G1 F900.000
G1 X81.310 Y114.004 E2.93226
G1 X80.996 Y113.754 E2.95154
G1 X80.996 Y106.246 E3.31263
G1 X82.254 Y105.243 E3.38999
G1 X83.778 Y104.645 E3.46874
G1 X85.410 Y104.523 E3.54748
G1 X87.007 Y104.887 E3.62623
G1 X88.425 Y105.706 E3.70497
G1 X89.538 Y106.906 E3.78372
G1 X90.248 Y108.381 E3.86246
G1 X90.493 Y110.000 E3.94121
G1 X90.248 Y111.619 E4.01995
G1 X89.538 Y113.094 E4.09870
G1 X88.735 Y113.960 E4.15550
G1 X88.862 Y114.389 F7800.000
G1 F900.000
G1 X81.175 Y114.389 E4.52525
G1 X80.688 Y114.001 E4.55520
G1 X80.611 Y113.888 E4.56179
G1 X80.611 Y106.112 E4.93577
G1 X80.688 Y105.999 E4.94237
G1 X82.059 Y104.906 E5.02670
G1 X83.691 Y104.265 E5.11104
G1 X85.440 Y104.134 E5.19538
G1 X87.149 Y104.524 E5.27971
G1 X88.668 Y105.401 E5.36405
G1 X89.860 Y106.686 E5.44839
G1 X90.621 Y108.266 E5.53272
G1 X90.882 Y110.000 E5.61706
G1 X90.621 Y111.734 E5.70139
G1 X89.860 Y113.314 E5.78573
G1 X88.903 Y114.345 E5.85342
G1 X89.031 Y114.775 F7800.000
;TYPE:External perimeter
G1 F900.000
G1 X81.040 Y114.775 E6.23775
G1 X80.402 Y114.266 E6.27699
G1 X80.225 Y114.007 E6.29209
G1 X80.225 Y105.993 E6.67752
G1 X80.402 Y105.734 E6.69263
G1 X81.864 Y104.568 E6.78256
G1 X83.604 Y103.885 E6.87248
G1 X85.469 Y103.745 E6.96241
G1 X87.292 Y104.161 E7.05234
G1 X88.911 Y105.096 E7.14227
G1 X90.183 Y106.467 E7.23219
G1 X90.994 Y108.151 E7.32212
G1 X91.272 Y110.000 E7.41205
G1 X90.994 Y111.849 E7.50197
G1 X90.183 Y113.533 E7.59190
G1 X89.071 Y114.731 E7.67048
G1 X88.730 Y114.511 F7800.000
G1 X88.390 Y113.888
;TYPE:Solid infill
;WIDTH:0.461777
G1 F1200.000
G1 X89.297 Y112.929 E7.73587
G1 X89.770 Y111.947 E7.78994
G1 X88.002 Y113.715 E7.91387
G1 X87.440 Y113.715 E7.94173
G1 X90.031 Y111.124 E8.12334
G1 X90.130 Y110.462 E8.15651
G1 X86.878 Y113.715 E8.38451
G1 X86.316 Y113.715 E8.41237
G1 X90.178 Y109.852 E8.68309
G1 X90.104 Y109.364 E8.70757
G1 X85.754 Y113.715 E9.01252
G1 X85.192 Y113.715 E9.04037
G1 X86.105 Y112.801 E9.10442
G1 X85.543 Y112.801 E9.13227
G1 X84.630 Y113.715 E9.19631
G1 X84.068 Y113.715 E9.22417
G1 X84.981 Y112.801 E9.28821
G1 X84.419 Y112.801 E9.31606
G1 X83.506 Y113.715 E9.38011
G1 X82.944 Y113.715 E9.40796
G1 X83.857 Y112.801 E9.47200
G1 X83.383 Y112.801 E9.49552
G1 X83.351 Y112.745 E9.49870
G1 X82.382 Y113.715 E9.56663
G1 X81.820 Y113.715 E9.59448
G1 X83.145 Y112.389 E9.68739
G1 X82.939 Y112.033 E9.70778
G1 X81.326 Y113.647 E9.82090
G1 X81.285 Y113.615 E9.82345
G1 X81.285 Y113.125 E9.84772
G1 X82.734 Y111.677 E9.94924
G1 X82.528 Y111.320 E9.96963
G1 X81.285 Y112.563 E10.05673
G1 X81.285 Y112.001 E10.08458
G1 X82.322 Y110.964 E10.15726
G1 X82.117 Y110.608 E10.17765
G1 X81.285 Y111.439 E10.23591
G1 X81.285 Y110.877 E10.26376
G1 X81.911 Y110.251 E10.30760
G1 X81.766 Y110.000 E10.32199
G1 X81.992 Y109.608 E10.34440
G1 X81.285 Y110.315 E10.39391
G1 X81.285 Y109.753 E10.42176
G1 X82.759 Y108.279 E10.52509
G1 X83.383 Y107.199 E10.58688
G1 X83.839 Y107.199 E10.60950
G1 X86.069 Y104.970 E10.76577
G1 X86.526 Y105.074 E10.78903
G1 X84.401 Y107.199 E10.93798
G1 X84.963 Y107.199 E10.96584
G1 X86.965 Y105.197 E11.10617
G1 X87.321 Y105.403 E11.12656
G1 X85.525 Y107.199 E11.25247
G1 X86.087 Y107.199 E11.28032
G1 X87.678 Y105.609 E11.39181
G1 X88.034 Y105.814 E11.41220
G1 X86.629 Y107.219 E11.51070
G1 X86.835 Y107.576 E11.53109
G1 X88.355 Y106.056 E11.63764
G1 X88.625 Y106.347 E11.65735
G1 X87.040 Y107.932 E11.76844
G1 X87.246 Y108.288 E11.78883
G1 X88.896 Y106.639 E11.90446
G1 X89.166 Y106.930 E11.92417
G1 X87.452 Y108.645 E12.04434
G1 X87.657 Y109.001 E12.06473
G1 X89.391 Y107.267 E12.18626
G1 X89.574 Y107.646 E12.20713
G1 X87.863 Y109.357 E12.32704
G1 X88.069 Y109.713 E12.34743
G1 X89.756 Y108.026 E12.46572
G1 X89.939 Y108.405 E12.48659
G1 X88.084 Y110.260 E12.61662
G1 X87.316 Y111.590 E12.69272
G1 X90.183 Y108.723 E12.89367
G1 X83.253 Y104.976 F7800.000
G1 F1200.000
G1 X81.285 Y106.943 E13.03156
G1 X81.285 Y107.505 E13.05942
G1 X83.861 Y104.929 E13.23997
G1 X84.469 Y104.883 E13.27017
G1 X81.285 Y108.067 E13.49330
G1 X81.285 Y108.629 E13.52116
G1 X85.076 Y104.838 E13.78688
G1 X85.389 Y104.815 E13.80241
G1 X85.611 Y104.865 E13.81371
G1 X81.112 Y109.364 E14.12908
;LAYER_CHANGE
;Z:2.72
;HEIGHT:0.3
G1 Z2.720 F7800.000
G1 E12.12908 F2400.000
G92 E0
G1 X77.730 Y106.557 F7800.000
G1 E2.00000 F2400.000
;TYPE:Support material interface
;WIDTH:0.35
G1 F3600.000
G1 X77.730 Y78.572 E2.99693
G1 X78.016 Y78.572 E3.00710
G1 X78.016 Y106.428 E3.99946
G1 X78.301 Y106.428 E4.00963
G1 X78.301 Y78.572 E5.00198
G1 X78.587 Y78.572 E5.01216
G1 X78.587 Y106.428 E6.00451
G1 X78.872 Y106.428 E6.01468
G1 X78.872 Y78.572 E7.00703
G1 X79.158 Y78.572 E7.01721
G1 X79.158 Y106.428 E8.00956
G1 X79.444 Y106.428 E8.01973
G1 X79.444 Y78.572 E9.01208
G1 X79.632 Y78.572 E9.01880
G1 X79.632 Y79.132 E9.03874
G1 X79.665 Y79.238 E9.04269
G1 X79.729 Y79.332 E9.04677
G1 X79.729 Y105.668 E9.98495
G1 X79.947 Y105.349 E9.99870
G1 X80.015 Y105.284 E10.00205
G1 X80.015 Y79.716 E10.91289
G1 X80.301 Y79.944 E10.92591
G1 X80.301 Y105.056 E11.82052
G1 X80.586 Y104.829 E11.83353
G1 X80.586 Y80.172 E12.71192
G1 X80.872 Y80.399 E12.72493
G1 X80.872 Y104.601 E13.58708
G1 X81.157 Y104.373 E13.60010
G1 X81.157 Y80.627 E14.44602
G1 X81.443 Y80.855 E14.45903
G1 X81.443 Y104.145 E15.28873
G1 X81.590 Y104.038 E15.29520
G1 X81.729 Y103.984 E15.30050
G1 X81.729 Y81.016 E16.11872
G1 X82.014 Y81.128 E16.12965
G1 X82.014 Y103.872 E16.93988
G1 X82.300 Y103.760 E16.95081
G1 X82.300 Y81.240 E17.75306
G1 X82.586 Y81.352 E17.76399
G1 X82.586 Y103.648 E18.55825
G1 X82.871 Y103.536 E18.56918
G1 X82.871 Y81.464 E19.35545
G1 X83.157 Y81.576 E19.36638
G1 X83.157 Y103.562 E20.14959
G1 E18.14959 F2400.000
G92 E0
G1 X83.157 Y117.699 F7800.000
G1 E2.00000 F2400.000
G1 F3600.000
G1 X83.157 Y115.368 E2.08305
G1 X82.871 Y115.368 E2.09323
G1 X82.871 Y117.571 E2.17170
G1 X82.586 Y117.571 E2.18187
G1 X82.586 Y115.368 E2.26034
G1 X82.300 Y115.368 E2.27052
G1 X82.300 Y117.571 E2.34899
G1 X82.014 Y117.571 E2.35916
G1 X82.014 Y115.368 E2.43764
G1 X81.729 Y115.368 E2.44781
G1 X81.729 Y117.571 E2.52628
G1 X81.443 Y117.571 E2.53646
G1 X81.443 Y115.368 E2.61493
G1 X81.157 Y115.368 E2.62510
G1 X81.157 Y117.571 E2.70358
G1 X80.872 Y117.571 E2.71375
G1 X80.872 Y115.358 E2.79256
G1 X80.781 Y115.327 E2.79600
G1 X80.586 Y115.171 E2.80486
G1 X80.586 Y117.571 E2.89032
G1 X80.301 Y117.571 E2.90050
G1 X80.301 Y114.944 E2.99408
G1 X80.015 Y114.716 E3.00709
G1 X80.015 Y117.571 E3.10878
G1 X79.729 Y117.571 E3.11896
G1 X79.729 Y114.332 E3.23433
G1 X79.665 Y114.238 E3.23840
G1 X79.632 Y114.132 E3.24235
G1 X79.632 Y111.999 E3.31831
G1 X79.444 Y111.999 E3.32503
G1 X79.444 Y117.571 E3.52350
G1 X79.158 Y117.571 E3.53367
G1 X79.158 Y111.999 E3.73215
G1 X78.872 Y111.999 E3.74232
G1 X78.872 Y117.571 E3.94079
G1 X78.587 Y117.571 E3.95097
G1 X78.587 Y111.999 E4.14944
G1 X78.301 Y111.999 E4.15961
G1 X78.301 Y117.571 E4.35808
G1 X78.016 Y117.571 E4.36826
G1 X78.016 Y111.999 E4.56673
G1 X77.730 Y111.999 E4.57690
G1 X77.730 Y117.699 E4.77995
G1 E2.77995 F2400.000
G92 E0
G1 X77.730 Y73.129 F7800.000
G1 E2.00000 F2400.000
G1 F3600.000
G1 X77.730 Y67.429 E2.20305
G1 X78.016 Y67.429 E2.21322
G1 X78.016 Y73.001 E2.41170
G1 X78.301 Y73.001 E2.42187
G1 X78.301 Y67.429 E2.62034
G1 X78.587 Y67.429 E2.63052
G1 X78.587 Y73.001 E2.82899
G1 X78.872 Y73.001 E2.83916
G1 X78.872 Y67.429 E3.03763
G1 X79.158 Y67.429 E3.04781
G1 X79.158 Y73.001 E3.24628
G1 X79.444 Y73.001 E3.25645
G1 X79.444 Y67.429 E3.45493
G1 X79.729 Y67.429 E3.46510
G1 X79.729 Y70.668 E3.58047
G1 X79.947 Y70.349 E3.59422
G1 X80.015 Y70.284 E3.59757
G1 X80.015 Y67.429 E3.69927
G1 X80.301 Y67.429 E3.70944
G1 X80.301 Y70.056 E3.80302
G1 X80.586 Y69.829 E3.81603
G1 X80.586 Y67.429 E3.90150
G1 X80.872 Y67.429 E3.91168
G1 X80.872 Y69.642 E3.99048
G1 X81.157 Y69.632 E4.00066
G1 X81.157 Y67.429 E4.07913
G1 X81.443 Y67.429 E4.08931
G1 X81.443 Y69.632 E4.16778
G1 X81.729 Y69.632 E4.17796
G1 X81.729 Y67.429 E4.25643
G1 X82.014 Y67.429 E4.26660
G1 X82.014 Y69.632 E4.34508
G1 X82.300 Y69.632 E4.35525
G1 X82.300 Y67.429 E4.43372
G1 X82.586 Y67.429 E4.44390
G1 X82.586 Y69.632 E4.52237
G1 X82.871 Y69.632 E4.53255
G1 X82.871 Y67.429 E4.61102
G1 X83.157 Y67.429 E4.62120
G1 X83.157 Y69.761 E4.70425
G1 E2.70425 F2400.000
G92 E0
G1 X166.843 Y69.761 F7800.000
G1 E2.00000 F2400.000
G1 F3600.000
G1 X166.843 Y67.429 E2.08305
G1 X167.129 Y67.429 E2.09323
G1 X167.129 Y69.632 E2.17170
G1 X167.414 Y69.632 E2.18187
G1 X167.414 Y67.429 E2.26035
G1 X167.700 Y67.429 E2.27052
G1 X167.700 Y69.632 E2.34899
G1 X167.986 Y69.632 E2.35917
G1 X167.986 Y67.429 E2.43764
G1 X168.271 Y67.429 E2.44782
G1 X168.271 Y69.632 E2.52629
G1 X168.557 Y69.632 E2.53646
G1 X168.557 Y67.429 E2.61494
G1 X168.842 Y67.429 E2.62511
G1 X168.842 Y69.632 E2.70358
G1 X169.128 Y69.632 E2.71376
G1 X169.128 Y67.429 E2.79223
G1 X169.414 Y67.429 E2.80241
G1 X169.414 Y69.766 E2.88566
G1 X169.699 Y70.074 E2.90062
G1 X169.699 Y67.429 E2.99484
G1 X169.985 Y67.429 E3.00502
G1 X169.985 Y70.382 E3.11020
G1 X170.271 Y70.690 E3.12516
G1 X170.271 Y67.429 E3.24132
G1 X170.556 Y67.429 E3.25149
G1 X170.556 Y73.001 E3.44996
G1 X170.842 Y73.001 E3.46014
G1 X170.842 Y67.429 E3.65861
G1 X171.127 Y67.429 E3.66878
G1 X171.127 Y73.001 E3.86725
G1 X171.413 Y73.001 E3.87743
G1 X171.413 Y67.429 E4.07590
G1 X171.699 Y67.429 E4.08607
G1 X171.699 Y73.001 E4.28454
G1 X171.984 Y73.001 E4.29472
G1 X171.984 Y67.429 E4.49319
G1 X172.270 Y67.429 E4.50337
G1 X172.270 Y73.129 E4.70642
G1 E2.70642 F2400.000
G92 E0
G1 X166.843 Y103.583 F7800.000
G1 E2.00000 F2400.000
G1 F3600.000
G1 X166.843 Y81.549 E2.78491
G1 X167.129 Y81.484 E2.79535
G1 X167.129 Y103.516 E3.58021
G1 X167.414 Y103.581 E3.59065
G1 X167.414 Y81.419 E4.38016
G1 X167.535 Y81.383 E4.38463
G1 X167.700 Y81.288 E4.39143
G1 X167.700 Y103.712 E5.19029
G1 X167.986 Y103.877 E5.20204
G1 X167.986 Y81.123 E6.01265
G1 X168.271 Y80.958 E6.02440
G1 X168.271 Y104.042 E6.84676
G1 X168.557 Y104.207 E6.85851
G1 X168.557 Y80.793 E7.69262
G1 X168.842 Y80.628 E7.70437
G1 X168.842 Y104.372 E8.55023
G1 X169.128 Y104.537 E8.56198
G1 X169.128 Y80.463 E9.41958
G1 X169.304 Y80.352 E9.42698
G1 X169.414 Y80.234 E9.43275
G1 X169.414 Y104.766 E10.30671
G1 X169.699 Y105.074 E10.32167
G1 X169.699 Y79.926 E11.21756
G1 X169.985 Y79.618 E11.23252
G1 X169.985 Y105.382 E12.15034
G1 X170.271 Y105.690 E12.16530
G1 X170.271 Y79.310 E13.10506
G1 X170.317 Y79.260 E13.10749
G1 X170.368 Y79.131 E13.11245
G1 X170.368 Y78.572 E13.13235
G1 X170.556 Y78.572 E13.13906
G1 X170.556 Y106.428 E14.13141
G1 X170.842 Y106.428 E14.14158
G1 X170.842 Y78.572 E15.13393
G1 X171.127 Y78.572 E15.14411
G1 X171.127 Y106.428 E16.13646
G1 X171.413 Y106.428 E16.14664
G1 X171.413 Y78.572 E17.13899
G1 X171.699 Y78.572 E17.14916
G1 X171.699 Y106.428 E18.14151
G1 X171.984 Y106.428 E18.15169
G1 X171.984 Y78.572 E19.14404
G1 X172.270 Y78.572 E19.15421
G1 X172.270 Y106.557 E20.15114
G1 E18.15114 F2400.000
G92 E0
G1 X172.270 Y117.699 F7800.000
G1 E2.00000 F2400.000
G1 F3600.000
G1 X172.270 Y111.999 E2.20305
G1 X171.984 Y111.999 E2.21322
G1 X171.984 Y117.571 E2.41170
G1 X171.699 Y117.571 E2.42187
G1 X171.699 Y111.999 E2.62034
G1 X171.413 Y111.999 E2.63052
G1 X171.413 Y117.571 E2.82899
G1 X171.127 Y117.571 E2.83916
G1 X171.127 Y111.999 E3.03763
G1 X170.842 Y111.999 E3.04781
G1 X170.842 Y117.571 E3.24628
G1 X170.556 Y117.571 E3.25645
G1 X170.556 Y111.999 E3.45493
G1 X170.368 Y111.999 E3.46164
G1 X170.368 Y114.130 E3.53756
G1 X170.317 Y114.260 E3.54252
G1 X170.271 Y114.310 E3.54495
G1 X170.271 Y117.571 E3.66110
G1 X169.985 Y117.571 E3.67127
G1 X169.985 Y114.618 E3.77646
G1 X169.699 Y114.926 E3.79142
G1 X169.699 Y117.571 E3.88564
G1 X169.414 Y117.571 E3.89581
G1 X169.414 Y115.234 E3.97907
G1 X169.346 Y115.306 E3.98261
G1 X169.205 Y115.368 E3.98807
G1 X169.128 Y115.368 E3.99083
G1 X169.128 Y117.571 E4.06930
G1 X168.842 Y117.571 E4.07948
G1 X168.842 Y115.368 E4.15795
G1 X168.557 Y115.368 E4.16812
G1 X168.557 Y117.571 E4.24659
G1 X168.271 Y117.571 E4.25677
G1 X168.271 Y115.368 E4.33524
G1 X167.986 Y115.368 E4.34542
G1 X167.986 Y117.571 E4.42389
G1 X167.700 Y117.571 E4.43406
G1 X167.700 Y115.368 E4.51253
G1 X167.414 Y115.368 E4.52271
G1 X167.414 Y117.571 E4.60118
G1 X167.129 Y117.571 E4.61136
G1 X167.129 Y115.368 E4.68983
G1 X166.843 Y115.368 E4.70000
G1 X166.843 Y117.699 E4.78305
G1 E2.78305 F2400.000
G92 E0
G1 X163.550 Y107.488 F7800.000
G1 E2.00000 F2400.000
;TYPE:Perimeter
;WIDTH:0.45
G1 F900.000
G1 X166.450 Y107.488 E2.13950
G1 X167.900 Y110.000 E2.27899
G1 X166.450 Y112.512 E2.41849
G1 X163.550 Y112.512 E2.55798
G1 X162.100 Y110.000 E2.69748
G1 X163.520 Y107.540 E2.83409
G1 X163.772 Y107.874 F7800.000
G1 F900.000
G1 X166.228 Y107.874 E2.95217
G1 X167.455 Y110.000 E3.07025
G1 X166.228 Y112.126 E3.18833
G1 X163.772 Y112.126 E3.30641
G1 X162.545 Y110.000 E3.42449
G1 X163.742 Y107.926 E3.53968
G1 E1.53968 F2400.000
G92 E0
G1 X166.005 Y111.740 F7800.000
G1 E2.00000 F2400.000
;TYPE:External perimeter
G1 F900.000
G1 X163.995 Y111.740 E2.09666
G1 X162.990 Y110.000 E2.19333
G1 X163.995 Y108.260 E2.28999
G1 X166.005 Y108.260 E2.38666
G1 X167.010 Y110.000 E2.48332
G1 X166.035 Y111.689 E2.57710
G1 X166.005 Y112.140 F7800.000
G1 X168.694 Y114.004
;TYPE:Perimeter
G1 F900.000
G1 X161.310 Y114.004 E2.93226
G1 X160.974 Y113.736 E2.95292
G1 X160.051 Y112.383 E3.03167
G1 X159.569 Y110.819 E3.11041
G1 X159.569 Y109.181 E3.18916
G1 X160.051 Y107.617 E3.26790
G1 X160.974 Y106.264 E3.34665
G1 X162.254 Y105.243 E3.42540
G1 X163.778 Y104.645 E3.50414
G1 X165.410 Y104.523 E3.58288
G1 X167.007 Y104.887 E3.66163
G1 X168.425 Y105.706 E3.74038
G1 X169.004 Y106.330 E3.78134
G1 X169.004 Y113.670 E4.13436
G1 X168.735 Y113.960 E4.15337
G1 X168.862 Y114.389 F7800.000
G1 F900.000
G1 X161.175 Y114.389 E4.52312
G1 X160.688 Y114.001 E4.55307
G1 X159.700 Y112.552 E4.63741
G1 X159.183 Y110.877 E4.72174
G1 X159.183 Y109.123 E4.80608
G1 X159.700 Y107.448 E4.89041
G1 X160.688 Y105.999 E4.97475
G1 X162.059 Y104.906 E5.05909
G1 X163.691 Y104.265 E5.14342
G1 X165.440 Y104.134 E5.22776
G1 X167.149 Y104.524 E5.31210
G1 X168.668 Y105.401 E5.39643
G1 X169.389 Y106.179 E5.44747
G1 X169.389 Y113.821 E5.81505
G1 X168.903 Y114.345 E5.84944
G1 X169.031 Y114.775 F7800.000
;TYPE:External perimeter
G1 F900.000
G1 X161.040 Y114.775 E6.23376
G1 X160.402 Y114.266 E6.27300
G1 X159.349 Y112.721 E6.36293
G1 X158.798 Y110.935 E6.45285
G1 X158.798 Y109.065 E6.54278
G1 X159.349 Y107.279 E6.63271
G1 X160.402 Y105.734 E6.72264
G1 X161.864 Y104.568 E6.81256
G1 X163.604 Y103.885 E6.90249
G1 X165.469 Y103.745 E6.99241
G1 X167.292 Y104.161 E7.08234
G1 X168.911 Y105.096 E7.17227
G1 X169.775 Y106.027 E7.23338
G1 X169.775 Y113.973 E7.61552
G1 X169.071 Y114.731 E7.66528
G1 X168.690 Y114.565 F7800.000
G1 X164.361 Y113.888
;TYPE:Solid infill
;WIDTH:0.462615
G1 F1200.000
G1 X159.858 Y109.385 E7.98160
G1 X159.858 Y109.948 E8.00957
G1 X163.625 Y113.715 E8.27414
G1 X163.061 Y113.715 E8.30212
G1 X159.858 Y110.511 E8.52713
G1 X159.858 Y110.775 E8.54023
G1 X159.992 Y111.208 E8.56273
G1 X162.498 Y113.715 E8.73880
G1 X161.935 Y113.715 E8.76678
G1 X160.243 Y112.022 E8.88564
G1 X160.315 Y112.256 E8.89779
G1 X161.175 Y113.518 E8.97365
G1 X161.545 Y113.888 E8.99964
G1 X163.715 Y104.794 F7800.000
G1 F1200.000
G1 X166.120 Y107.199 E9.16857
G1 X165.557 Y107.199 E9.19654
G1 X163.444 Y105.087 E9.34492
G1 X163.040 Y105.245 E9.36651
G1 X164.994 Y107.199 E9.50374
G1 X164.430 Y107.199 E9.53171
G1 X162.636 Y105.404 E9.65779
G1 X162.400 Y105.497 E9.67036
G1 X162.269 Y105.601 E9.67867
G1 X163.867 Y107.199 E9.79093
G1 X163.383 Y107.199 E9.81499
G1 X163.354 Y107.249 E9.81785
G1 X161.956 Y105.851 E9.91607
G1 X161.643 Y106.101 E9.93597
G1 X163.148 Y107.606 E10.04171
G1 X162.942 Y107.963 E10.06219
G1 X161.329 Y106.351 E10.17546
G1 X161.188 Y106.463 E10.18442
G1 X161.063 Y106.647 E10.19549
G1 X162.736 Y108.320 E10.31301
G1 X162.529 Y108.677 E10.33348
G1 X160.834 Y106.982 E10.45256
G1 X160.606 Y107.317 E10.47269
G1 X162.323 Y109.034 E10.59332
G1 X162.117 Y109.391 E10.61380
G1 X160.378 Y107.652 E10.73598
G1 X160.315 Y107.744 E10.74152
G1 X160.219 Y108.056 E10.75774
G1 X161.911 Y109.748 E10.87662
G1 X161.766 Y110.000 E10.89105
G1 X161.993 Y110.393 E10.91361
G1 X160.086 Y108.486 E11.04755
G1 X159.953 Y108.917 E11.06992
G1 X162.762 Y111.726 E11.26724
G1 X163.383 Y112.801 E11.32890
G1 X163.837 Y112.801 E11.35147
G1 X164.751 Y113.715 E11.41565
G1 X165.314 Y113.715 E11.44362
G1 X164.400 Y112.801 E11.50780
G1 X164.964 Y112.801 E11.53577
G1 X165.877 Y113.715 E11.59995
G1 X166.440 Y113.715 E11.62792
G1 X165.527 Y112.801 E11.69210
G1 X166.090 Y112.801 E11.72007
G1 X167.004 Y113.715 E11.78425
G1 X167.567 Y113.715 E11.81222
G1 X166.630 Y112.778 E11.87800
G1 X166.836 Y112.421 E11.89848
G1 X168.130 Y113.715 E11.98934
G1 X168.568 Y113.715 E12.01109
G1 X168.628 Y113.650 E12.01549
G1 X167.043 Y112.064 E12.12687
G1 X167.249 Y111.707 E12.14735
G1 X168.715 Y113.173 E12.25031
G1 X168.715 Y112.610 E12.27828
G1 X167.455 Y111.350 E12.36676
G1 X167.661 Y110.993 E12.38724
G1 X168.715 Y112.046 E12.46124
G1 X168.715 Y111.483 E12.48922
G1 X167.867 Y110.636 E12.54874
G1 X168.073 Y110.279 E12.56922
G1 X168.715 Y110.920 E12.61426
G1 X168.715 Y110.357 E12.64223
G1 X168.066 Y109.708 E12.68781
G1 X167.296 Y108.375 E12.76424
G1 X168.715 Y109.794 E12.86387
G1 X168.715 Y109.230 E12.89184
G1 X164.375 Y104.891 E13.19669
G1 X164.899 Y104.851 E13.22279
G1 X168.715 Y108.667 E13.49084
G1 X168.715 Y108.104 E13.51881
G1 X165.436 Y104.825 E13.74912
G1 X166.166 Y104.992 E13.78630
G1 X168.715 Y107.541 E13.96535
G1 X168.715 Y106.978 E13.99332
G1 X166.895 Y105.158 E14.12112
G1 X168.224 Y105.924 E14.19729
G1 X168.888 Y106.588 E14.24393
G1 E12.24393 F2400.000
G92 E0
G1 X163.550 Y72.488 F7800.000
G1 E2.00000 F2400.000
;TYPE:Perimeter
;WIDTH:0.45
G1 F900.000
G1 X166.450 Y72.488 E2.13950
G1 X167.900 Y75.000 E2.27899
G1 X166.450 Y77.512 E2.41849
G1 X163.550 Y77.512 E2.55799
G1 X162.100 Y75.000 E2.69749
G1 X163.520 Y72.540 E2.83410
G1 X163.772 Y72.874 F7800.000
G1 F900.000
G1 X166.228 Y72.874 E2.95218
G1 X167.455 Y75.000 E3.07026
G1 X166.228 Y77.126 E3.18834
G1 X163.772 Y77.126 E3.30642
G1 X162.545 Y75.000 E3.42450
G1 X163.742 Y72.926 E3.53970
G1 X166.005 Y73.259 F7800.000
;TYPE:External perimeter
G1 F900.000
G1 X167.010 Y75.000 E3.63636
G1 X166.005 Y76.741 E3.73303
G1 X163.995 Y76.741 E3.82969
G1 X162.990 Y75.000 E3.92636
G1 X163.995 Y73.259 E4.02302
G1 X165.945 Y73.259 E4.11680
G1 X166.351 Y73.059 F7800.000
G1 X168.694 Y70.996
;TYPE:Perimeter
G1 F900.000
G1 X169.004 Y71.330 E4.13870
G1 X169.004 Y78.670 E4.49172
G1 X168.425 Y79.294 E4.53268
G1 X167.007 Y80.113 E4.61143
G1 X165.410 Y80.477 E4.69018
G1 X163.778 Y80.355 E4.76892
G1 X162.254 Y79.757 E4.84766
G1 X160.974 Y78.736 E4.92641
G1 X160.051 Y77.383 E5.00516
G1 X159.569 Y75.819 E5.08390
G1 X159.569 Y74.181 E5.16265
G1 X160.051 Y72.617 E5.24139
G1 X160.974 Y71.264 E5.32014
G1 X161.310 Y70.996 E5.34080
G1 X168.634 Y70.996 E5.69308
G1 X168.862 Y70.611 F7800.000
G1 F900.000
G1 X169.389 Y71.179 E5.73035
G1 X169.389 Y78.821 E6.09793
G1 X168.668 Y79.599 E6.14897
G1 X167.149 Y80.476 E6.23331
G1 X165.440 Y80.866 E6.31764
G1 X163.691 Y80.735 E6.40198
G1 X162.059 Y80.094 E6.48631
G1 X160.688 Y79.001 E6.57065
G1 X159.700 Y77.552 E6.65499
G1 X159.183 Y75.877 E6.73932
G1 X159.183 Y74.123 E6.82366
G1 X159.700 Y72.448 E6.90799
G1 X160.688 Y70.999 E6.99233
G1 X161.175 Y70.611 E7.02228
G1 X168.802 Y70.611 E7.38914
G1 X169.031 Y70.225 F7800.000
;TYPE:External perimeter
G1 F900.000
G1 X169.775 Y71.027 E7.44179
G1 X169.775 Y78.973 E7.82393
G1 X168.911 Y79.904 E7.88503
G1 X167.292 Y80.839 E7.97496
G1 X165.469 Y81.255 E8.06489
G1 X163.604 Y81.115 E8.15482
G1 X161.864 Y80.432 E8.24474
G1 X160.402 Y79.266 E8.33467
G1 X159.349 Y77.722 E8.42460
G1 X158.798 Y75.935 E8.51453
G1 X158.798 Y74.065 E8.60445
G1 X159.349 Y72.278 E8.69438
G1 X160.402 Y70.734 E8.78431
G1 X161.040 Y70.225 E8.82355
G1 X168.971 Y70.225 E9.20499
G1 X169.028 Y70.625 F7800.000
G1 X168.888 Y71.610
;TYPE:Solid infill
;WIDTH:0.462029
G1 F1200.000
G1 X168.564 Y71.285 E9.22775
G1 X168.001 Y71.285 E9.25564
G1 X168.715 Y71.999 E9.30568
G1 X168.715 Y72.561 E9.33357
G1 X167.439 Y71.285 E9.42305
G1 X166.876 Y71.285 E9.45094
G1 X168.715 Y73.124 E9.57986
G1 X168.715 Y73.686 E9.60776
G1 X166.314 Y71.285 E9.77612
G1 X165.752 Y71.285 E9.80402
G1 X168.715 Y74.248 E10.01183
G1 X168.715 Y74.811 E10.03972
G1 X167.320 Y73.416 E10.13757
G1 X168.088 Y74.746 E10.21377
G1 X168.715 Y75.373 E10.25773
G1 X168.715 Y75.935 E10.28562
G1 X168.068 Y75.289 E10.33099
G1 X167.862 Y75.645 E10.35141
G1 X168.715 Y76.498 E10.41122
G1 X168.715 Y77.060 E10.43911
G1 X167.656 Y76.002 E10.51335
G1 X167.450 Y76.358 E10.53377
G1 X168.715 Y77.622 E10.62245
G1 X168.715 Y78.185 E10.65034
G1 X167.244 Y76.715 E10.75346
G1 X167.039 Y77.071 E10.77388
G1 X168.623 Y78.655 E10.88500
G1 X168.352 Y78.947 E10.90473
G1 X166.833 Y77.428 E11.01131
G1 X166.627 Y77.784 E11.03172
G1 X168.030 Y79.188 E11.13018
G1 X167.674 Y79.394 E11.15059
G1 X166.081 Y77.801 E11.26230
G1 X165.519 Y77.801 E11.29019
G1 X167.317 Y79.599 E11.41634
G1 X166.961 Y79.805 E11.43676
G1 X164.957 Y77.801 E11.57734
G1 X164.394 Y77.801 E11.60523
G1 X166.520 Y79.927 E11.75436
G1 X166.063 Y80.032 E11.77766
G1 X163.832 Y77.801 E11.93412
G1 X163.383 Y77.801 E11.95639
G1 X162.769 Y76.739 E12.01724
G1 X159.952 Y73.921 E12.21486
G1 X160.084 Y73.491 E12.23717
G1 X162.001 Y75.408 E12.37162
G1 X161.766 Y75.000 E12.39498
G1 X161.908 Y74.753 E12.40914
G1 X160.217 Y73.061 E12.52778
G1 X160.315 Y72.744 E12.54426
G1 X160.374 Y72.656 E12.54950
G1 X162.114 Y74.396 E12.67153
G1 X162.320 Y74.040 E12.69195
G1 X160.602 Y72.322 E12.81243
G1 X160.830 Y71.988 E12.83250
G1 X162.526 Y73.683 E12.95142
G1 X162.732 Y73.327 E12.97184
G1 X161.058 Y71.653 E13.08921
G1 X161.188 Y71.463 E13.10063
G1 X161.323 Y71.356 E13.10919
G1 X162.938 Y72.970 E13.22244
G1 X163.143 Y72.614 E13.24286
G1 X161.815 Y71.285 E13.33602
G1 X162.378 Y71.285 E13.36391
G1 X163.349 Y72.257 E13.43207
G1 X163.383 Y72.199 E13.43539
G1 X163.854 Y72.199 E13.45874
G1 X162.940 Y71.285 E13.52282
G1 X163.502 Y71.285 E13.55071
G1 X164.416 Y72.199 E13.61479
G1 X164.978 Y72.199 E13.64268
G1 X164.065 Y71.285 E13.70676
G1 X164.627 Y71.285 E13.73465
G1 X165.541 Y72.199 E13.79873
G1 X166.103 Y72.199 E13.82662
G1 X165.016 Y71.112 E13.90287
G1 E11.90287 F2400.000
G92 E0
G1 X162.312 Y79.655 F7800.000
G1 E2.00000 F2400.000
G1 F1200.000
G1 X161.176 Y78.519 E2.07965
G1 X160.315 Y77.256 E2.15548
G1 X160.243 Y77.024 E2.16752
G1 X162.931 Y79.712 E2.35602
G1 X163.852 Y80.070 E2.40503
G1 X159.993 Y76.211 E2.67572
G1 X159.858 Y75.775 E2.69835
G1 X159.858 Y75.514 E2.71129
G1 X164.460 Y80.116 E3.03405
G1 X165.068 Y80.161 E3.06429
G1 X159.858 Y74.952 E3.42969
G1 X159.858 Y74.389 E3.45758
G1 X165.750 Y80.281 E3.87082
G1 E1.87082 F2400.000
G92 E0
G1 X83.550 Y72.488 F7800.000
G1 E2.00000 F2400.000
;TYPE:Perimeter
;WIDTH:0.45
G1 F900.000
G1 X86.450 Y72.488 E2.13950
G1 X87.900 Y75.000 E2.27899
G1 X86.450 Y77.512 E2.41849
G1 X83.550 Y77.512 E2.55799
G1 X82.100 Y75.000 E2.69749
G1 X83.520 Y72.540 E2.83410
G1 X83.772 Y72.874 F7800.000
G1 F900.000
G1 X86.228 Y72.874 E2.95218
G1 X87.455 Y75.000 E3.07026
G1 X86.228 Y77.126 E3.18834
G1 X83.772 Y77.126 E3.30642
G1 X82.545 Y75.000 E3.42450
G1 X83.742 Y72.926 E3.53970
G1 X86.005 Y73.259 F7800.000
;TYPE:External perimeter
G1 F900.000
G1 X87.010 Y75.000 E3.63636
G1 X86.005 Y76.741 E3.73303
G1 X83.995 Y76.741 E3.82969
G1 X82.990 Y75.000 E3.92636
G1 X83.995 Y73.259 E4.02302
G1 X85.945 Y73.259 E4.11680
G1 X86.351 Y73.059 F7800.000
G1 X88.694 Y70.996
;TYPE:Perimeter
G1 F900.000
G1 X89.538 Y71.906 E4.17649
G1 X90.248 Y73.381 E4.25523
G1 X90.493 Y75.000 E4.33398
G1 X90.248 Y76.619 E4.41272
G1 X89.538 Y78.094 E4.49147
G1 X88.425 Y79.294 E4.57021
G1 X87.007 Y80.113 E4.64896
G1 X85.410 Y80.477 E4.72770
G1 X83.778 Y80.355 E4.80645
G1 X82.254 Y79.757 E4.88519
G1 X80.996 Y78.754 E4.96255
G1 X80.996 Y71.246 E5.32365
G1 X81.310 Y70.996 E5.34293
G1 X88.634 Y70.996 E5.69520
G1 X88.862 Y70.611 F7800.000
G1 F900.000
G1 X89.860 Y71.686 E5.76578
G1 X90.621 Y73.266 E5.85012
G1 X90.882 Y75.000 E5.93445
G1 X90.621 Y76.734 E6.01879
G1 X89.860 Y78.314 E6.10312
G1 X88.668 Y79.599 E6.18746
G1 X87.149 Y80.476 E6.27180
G1 X85.440 Y80.866 E6.35613
G1 X83.691 Y80.735 E6.44047
G1 X82.059 Y80.094 E6.52481
G1 X80.688 Y79.001 E6.60914
G1 X80.611 Y78.888 E6.61574
G1 X80.611 Y71.112 E6.98972
G1 X80.688 Y70.999 E6.99631
G1 X81.175 Y70.611 E7.02627
G1 X88.802 Y70.611 E7.39312
G1 X89.031 Y70.225 F7800.000
;TYPE:External perimeter
G1 F900.000
G1 X90.183 Y71.467 E7.47459
G1 X90.994 Y73.151 E7.56451
G1 X91.272 Y75.000 E7.65444
G1 X90.994 Y76.849 E7.74437
G1 X90.183 Y78.533 E7.83430
G1 X88.911 Y79.904 E7.92422
G1 X87.292 Y80.839 E8.01415
G1 X85.469 Y81.255 E8.10408
G1 X83.604 Y81.115 E8.19401
G1 X81.864 Y80.432 E8.28393
G1 X80.402 Y79.266 E8.37386
G1 X80.225 Y79.007 E8.38897
G1 X80.225 Y70.993 E8.77440
G1 X80.402 Y70.734 E8.78951
G1 X81.040 Y70.225 E8.82874
G1 X88.971 Y70.225 E9.21018
G1 X89.028 Y70.625 F7800.000
G1 X89.619 Y72.341
;TYPE:Solid infill
;WIDTH:0.461778
G1 F1200.000
G1 X88.564 Y71.285 E9.28417
G1 X88.002 Y71.285 E9.31203
G1 X89.770 Y73.053 E9.43596
G1 X89.969 Y73.467 E9.45872
G1 X90.031 Y73.876 E9.47923
G1 X87.440 Y71.285 E9.66085
G1 X86.878 Y71.285 E9.68871
G1 X90.130 Y74.538 E9.91671
G1 X90.200 Y75.000 E9.93986
G1 X90.178 Y75.148 E9.94726
G1 X86.316 Y71.285 E10.21797
G1 X85.754 Y71.285 E10.24583
G1 X90.104 Y75.636 E10.55078
G1 X90.031 Y76.124 E10.57526
G1 X87.316 Y73.410 E10.76552
G1 X88.084 Y74.740 E10.84162
G1 X89.939 Y76.595 E10.97165
G1 X89.756 Y76.974 E10.99252
G1 X88.069 Y75.287 E11.11081
G1 X87.863 Y75.643 E11.13120
G1 X89.574 Y77.354 E11.25111
G1 X89.391 Y77.733 E11.27198
G1 X87.657 Y75.999 E11.39350
G1 X87.452 Y76.355 E11.41390
G1 X89.166 Y78.070 E11.53407
G1 X88.896 Y78.361 E11.55378
G1 X87.246 Y76.712 E11.66941
G1 X87.040 Y77.068 E11.68980
G1 X88.625 Y78.653 E11.80089
G1 X88.355 Y78.944 E11.82060
G1 X86.835 Y77.424 E11.92715
G1 X86.629 Y77.781 E11.94754
G1 X88.034 Y79.186 E12.04603
G1 X87.678 Y79.391 E12.06642
G1 X86.087 Y77.801 E12.17791
G1 X85.525 Y77.801 E12.20577
G1 X87.321 Y79.597 E12.33167
G1 X86.965 Y79.803 E12.35207
G1 X84.963 Y77.801 E12.49239
G1 X84.401 Y77.801 E12.52025
G1 X86.526 Y79.926 E12.66920
G1 X86.069 Y80.030 E12.69246
G1 X83.839 Y77.801 E12.84873
G1 X83.383 Y77.801 E12.87135
G1 X82.760 Y76.721 E12.93314
G1 X81.285 Y75.247 E13.03647
G1 X81.285 Y74.685 E13.06432
G1 X81.992 Y75.392 E13.11383
G1 X81.766 Y75.000 E13.13625
G1 X81.911 Y74.749 E13.15063
G1 X81.285 Y74.123 E13.19447
G1 X81.285 Y73.561 E13.22233
G1 X82.117 Y74.392 E13.28058
G1 X82.322 Y74.036 E13.30097
G1 X81.285 Y72.999 E13.37365
G1 X81.285 Y72.437 E13.40151
G1 X82.528 Y73.680 E13.48860
G1 X82.734 Y73.323 E13.50900
G1 X81.285 Y71.875 E13.61051
G1 X81.285 Y71.385 E13.63479
G1 X81.326 Y71.353 E13.63733
G1 X82.939 Y72.967 E13.75045
G1 X83.145 Y72.611 E13.77084
G1 X81.820 Y71.285 E13.86375
G1 X82.382 Y71.285 E13.89161
G1 X83.351 Y72.255 E13.95954
G1 X83.383 Y72.199 E13.96272
G1 X83.857 Y72.199 E13.98623
G1 X82.944 Y71.285 E14.05027
G1 X83.506 Y71.285 E14.07812
G1 X84.419 Y72.199 E14.14216
G1 X84.981 Y72.199 E14.17002
G1 X84.068 Y71.285 E14.23406
G1 X84.630 Y71.285 E14.26191
G1 X85.543 Y72.199 E14.32595
G1 X86.105 Y72.199 E14.35381
G1 X85.018 Y71.112 E14.43001
G1 X81.112 Y77.884 F7800.000
G1 F1200.000
G1 X82.946 Y79.718 E14.55855
G1 X83.861 Y80.071 E14.60719
G1 X81.285 Y77.495 E14.78774
G1 X81.285 Y76.933 E14.81560
G1 X84.469 Y80.117 E15.03873
G1 X85.076 Y80.162 E15.06893
G1 X81.285 Y76.371 E15.33465
G1 X81.285 Y75.809 E15.36251
G1 X85.756 Y80.280 E15.67587
G1 E13.67587 F2400.000
G92 E0
G1 X83.550 Y107.488 F7800.000
G1 E2.00000 F2400.000
;TYPE:Perimeter
;WIDTH:0.45
G1 F900.000
G1 X86.450 Y107.488 E2.13950
G1 X87.900 Y110.000 E2.27899
G1 X86.450 Y112.512 E2.41849
G1 X83.550 Y112.512 E2.55798
G1 X82.100 Y110.000 E2.69748
G1 X83.520 Y107.540 E2.83409
G1 X83.772 Y107.874 F7800.000
G1 F900.000
G1 X86.228 Y107.874 E2.95217
G1 X87.455 Y110.000 E3.07025
G1 X86.228 Y112.126 E3.18833
G1 X83.772 Y112.126 E3.30641
G1 X82.545 Y110.000 E3.42449
G1 X83.742 Y107.926 E3.53968
G1 E1.53968 F2400.000
G92 E0
G1 X86.005 Y111.740 F7800.000
G1 E2.00000 F2400.000
;TYPE:External perimeter
G1 F900.000
G1 X83.995 Y111.740 E2.09666
G1 X82.990 Y110.000 E2.19333
G1 X83.995 Y108.260 E2.28999
G1 X86.005 Y108.260 E2.38666
G1 X87.010 Y110.000 E2.48332
G1 X86.035 Y111.689 E2.57710
G1 X86.005 Y112.140 F7800.000
G1 X88.694 Y114.004
;TYPE:Perimeter
G1 F900.000
G1 X81.310 Y114.004 E2.93226
G1 X80.996 Y113.754 E2.95154
G1 X80.996 Y106.246 E3.31263
G1 X82.254 Y105.243 E3.38999
G1 X83.778 Y104.645 E3.46874
G1 X85.410 Y104.523 E3.54748
G1 X87.007 Y104.887 E3.62623
G1 X88.425 Y105.706 E3.70497
G1 X89.538 Y106.906 E3.78372
G1 X90.248 Y108.381 E3.86246
G1 X90.493 Y110.000 E3.94121
G1 X90.248 Y111.619 E4.01995
G1 X89.538 Y113.094 E4.09870
G1 X88.735 Y113.960 E4.15550
G1 X88.862 Y114.389 F7800.000
G1 F900.000
G1 X81.175 Y114.389 E4.52525
G1 X80.688 Y114.001 E4.55520
G1 X80.611 Y113.888 E4.56179
G1 X80.611 Y106.112 E4.93577
G1 X80.688 Y105.999 E4.94237
G1 X82.059 Y104.906 E5.02670
G1 X83.691 Y104.265 E5.11104
G1 X85.440 Y104.134 E5.19538
G1 X87.149 Y104.524 E5.27971
G1 X88.668 Y105.401 E5.36405
G1 X89.860 Y106.686 E5.44839
G1 X90.621 Y108.266 E5.53272
G1 X90.882 Y110.000 E5.61706
G1 X90.621 Y111.734 E5.70139
G1 X89.860 Y113.314 E5.78573
G1 X88.903 Y114.345 E5.85342
G1 X89.031 Y114.775 F7800.000
;TYPE:External perimeter
G1 F900.000
G1 X81.040 Y114.775 E6.23775
G1 X80.402 Y114.266 E6.27699
G1 X80.225 Y114.007 E6.29209
G1 X80.225 Y105.993 E6.67752
G1 X80.402 Y105.734 E6.69263
G1 X81.864 Y104.568 E6.78256
G1 X83.604 Y103.885 E6.87248
G1 X85.469 Y103.745 E6.96241
G1 X87.292 Y104.161 E7.05234
G1 X88.911 Y105.096 E7.14227
G1 X90.183 Y106.467 E7.23219
G1 X90.994 Y108.151 E7.32212
G1 X91.272 Y110.000 E7.41205
G1 X90.994 Y111.849 E7.50197
G1 X90.183 Y113.533 E7.59190
G1 X89.071 Y114.731 E7.67048
G1 X88.730 Y114.511 F7800.000
G1 X82.118 Y113.888
;TYPE:Solid infill
;WIDTH:0.462364
G1 F1200.000
G1 X81.285 Y113.056 E7.72889
G1 X81.285 Y112.493 E7.75683
G1 X82.507 Y113.715 E7.84257
G1 X83.070 Y113.715 E7.87051
G1 X81.285 Y111.930 E7.99576
G1 X81.285 Y111.368 E8.02370
G1 X83.632 Y113.715 E8.18846
G1 X84.195 Y113.715 E8.21640
G1 X81.285 Y110.805 E8.42067
G1 X81.285 Y110.242 E8.44861
G1 X82.752 Y111.709 E8.55157
G1 X83.383 Y112.801 E8.61418
G1 X83.845 Y112.801 E8.63710
G1 X84.758 Y113.715 E8.70124
G1 X85.321 Y113.715 E8.72918
G1 X84.407 Y112.801 E8.79331
G1 X84.970 Y112.801 E8.82125
G1 X85.884 Y113.715 E8.88538
G1 X86.447 Y113.715 E8.91332
G1 X85.533 Y112.801 E8.97746
G1 X86.096 Y112.801 E9.00540
G1 X87.009 Y113.715 E9.06953
G1 X87.572 Y113.715 E9.09747
G1 X86.632 Y112.775 E9.16346
G1 X86.838 Y112.418 E9.18391
G1 X88.135 Y113.715 E9.27494
G1 X88.568 Y113.715 E9.29642
G1 X88.630 Y113.647 E9.30099
G1 X87.044 Y112.061 E9.41234
G1 X87.250 Y111.704 E9.43279
G1 X88.901 Y113.355 E9.54869
G1 X89.172 Y113.063 E9.56846
G1 X87.456 Y111.347 E9.68891
G1 X87.662 Y110.991 E9.70936
G1 X89.396 Y112.724 E9.83103
G1 X89.578 Y112.344 E9.85196
G1 X87.868 Y110.634 E9.97200
G1 X88.074 Y110.277 E9.99245
G1 X89.761 Y111.964 E10.11088
G1 X89.944 Y111.584 E10.13181
G1 X88.062 Y109.702 E10.26395
G1 X87.293 Y108.370 E10.34028
G1 X90.033 Y111.110 E10.53260
G1 X90.107 Y110.620 E10.55715
G1 X84.376 Y104.890 E10.95940
G1 X84.900 Y104.851 E10.98546
G1 X90.180 Y110.131 E11.35613
G1 X90.200 Y110.000 E11.36272
G1 X90.127 Y109.515 E11.38706
G1 X85.437 Y104.826 E11.71626
G1 X86.167 Y104.992 E11.75339
G1 X90.027 Y108.852 E12.02439
G1 X89.969 Y108.467 E12.04373
G1 X89.750 Y108.013 E12.06877
G1 X86.896 Y105.159 E12.26913
G1 X88.225 Y105.924 E12.34525
G1 X89.599 Y107.299 E12.44173
G1 X86.296 Y107.373 F7800.000
G1 F1200.000
G1 X83.853 Y104.930 E12.61322
G1 X83.446 Y105.086 E12.63484
G1 X85.559 Y107.199 E12.78318
G1 X84.997 Y107.199 E12.81112
G1 X83.042 Y105.245 E12.94832
G1 X82.638 Y105.403 E12.96988
G1 X84.434 Y107.199 E13.09594
G1 X83.871 Y107.199 E13.12388
G1 X82.271 Y105.599 E13.23618
G1 X81.958 Y105.849 E13.25606
G1 X83.356 Y107.246 E13.35416
G1 X83.149 Y107.603 E13.37461
G1 X81.645 Y106.099 E13.48023
G1 X81.332 Y106.348 E13.50011
G1 X82.943 Y107.960 E13.61325
G1 X82.737 Y108.317 E13.63370
G1 X81.285 Y106.865 E13.73563
G1 X81.285 Y107.428 E13.76357
G1 X82.531 Y108.674 E13.85104
G1 X82.325 Y109.031 E13.87149
G1 X81.285 Y107.991 E13.94450
G1 X81.285 Y108.553 E13.97244
G1 X82.119 Y109.387 E14.03098
G1 X81.913 Y109.744 E14.05143
G1 X81.285 Y109.116 E14.09552
G1 X81.285 Y109.679 E14.12346
G1 X82.457 Y110.851 E14.20573
M106 S224.4
;LAYER_CHANGE
;Z:2.82
;HEIGHT:0.0999999
G1 Z2.820 F7800.000
G1 E12.20573 F2400.000
G92 E0
G1 X79.729 Y106.557 F7800.000
G1 E2.00000 F2400.000
;TYPE:Support material interface
;WIDTH:0.35
G1 F3600.000
G1 X79.729 Y79.332 E2.37186
G1 X79.665 Y79.238 E2.37343
G1 X79.632 Y79.132 E2.37494
G1 X79.632 Y78.572 E2.38259
G1 X79.444 Y78.572 E2.38516
G1 X79.444 Y106.428 E2.76565
G1 X79.158 Y106.428 E2.76955
G1 X79.158 Y78.572 E3.15004
G1 X78.872 Y78.572 E3.15394
G1 X78.872 Y106.428 E3.53443
G1 X78.587 Y106.428 E3.53834
G1 X78.587 Y78.572 E3.91883
G1 X78.301 Y78.572 E3.92273
G1 X78.301 Y106.428 E4.30322
G1 X78.016 Y106.428 E4.30712
G1 X78.016 Y78.572 E4.68761
G1 X77.730 Y78.572 E4.69151
G1 X77.730 Y106.557 E5.07376
G1 E3.07376 F2400.000
G92 E0
G1 X77.730 Y117.699 F7800.000
G1 E2.00000 F2400.000
G1 F3600.000
G1 X77.730 Y111.999 E2.07785
G1 X78.016 Y111.999 E2.08176
G1 X78.016 Y117.571 E2.15785
G1 X78.301 Y117.571 E2.16176
G1 X78.301 Y111.999 E2.23785
G1 X78.587 Y111.999 E2.24175
G1 X78.587 Y117.571 E2.31785
G1 X78.872 Y117.571 E2.32175
G1 X78.872 Y111.999 E2.39785
G1 X79.158 Y111.999 E2.40175
G1 X79.158 Y117.571 E2.47785
G1 X79.444 Y117.571 E2.48175
G1 X79.444 Y111.999 E2.55785
G1 X79.632 Y111.999 E2.56043
G1 X79.632 Y114.132 E2.58955
G1 X79.665 Y114.238 E2.59107
G1 X79.729 Y114.332 E2.59263
G1 X79.729 Y117.571 E2.63686
G1 X80.015 Y117.571 E2.64077
G1 X80.015 Y115.343 E2.67120
G1 X80.301 Y115.343 E2.67510
G1 X80.301 Y117.571 E2.70553
G1 X80.586 Y117.571 E2.70943
G1 X80.586 Y115.171 E2.74220
G1 X80.781 Y115.327 E2.74559
G1 X80.872 Y115.358 E2.74691
G1 X80.872 Y117.571 E2.77713
G1 X81.157 Y117.571 E2.78103
G1 X81.157 Y115.368 E2.81112
G1 X81.443 Y115.368 E2.81502
G1 X81.443 Y117.571 E2.84511
G1 X81.729 Y117.571 E2.84901
G1 X81.729 Y115.368 E2.87910
G1 X82.014 Y115.368 E2.88300
G1 X82.014 Y117.571 E2.91309
G1 X82.300 Y117.571 E2.91699
G1 X82.300 Y115.368 E2.94707
G1 X82.586 Y115.368 E2.95098
G1 X82.586 Y117.571 E2.98106
G1 X82.871 Y117.571 E2.98496
G1 X82.871 Y115.368 E3.01505
G1 X83.157 Y115.368 E3.01895
G1 X83.157 Y117.699 E3.05080
G1 E1.05080 F2400.000
G92 E0
G1 X77.730 Y73.129 F7800.000
G1 E2.00000 F2400.000
G1 F3600.000
G1 X77.730 Y67.429 E2.07785
G1 X78.016 Y67.429 E2.08176
G1 X78.016 Y73.001 E2.15785
G1 X78.301 Y73.001 E2.16176
G1 X78.301 Y67.429 E2.23785
G1 X78.587 Y67.429 E2.24175
G1 X78.587 Y73.001 E2.31785
G1 X78.872 Y73.001 E2.32175
G1 X78.872 Y67.429 E2.39785
G1 X79.158 Y67.429 E2.40175
G1 X79.158 Y73.001 E2.47785
G1 X79.444 Y73.001 E2.48175
G1 X79.444 Y67.429 E2.55785
G1 X79.729 Y67.429 E2.56175
G1 X79.729 Y73.129 E2.63961
G1 E0.63961 F2400.000
G92 E0
G1 X80.015 Y69.814 F7800.000
G1 E2.00000 F2400.000
G1 F3600.000
G1 X80.015 Y67.429 E2.03257
G1 X80.301 Y67.429 E2.03647
G1 X80.301 Y69.657 E2.06690
G1 X80.501 Y69.657 E2.06964
G1 X80.501 Y69.896 E2.07291
G1 X80.586 Y69.829 E2.07439
G1 X80.586 Y67.429 E2.10716
G1 X80.872 Y67.429 E2.11107
G1 X80.872 Y69.642 E2.14128
G1 X81.157 Y69.632 E2.14519
G1 X81.157 Y67.429 E2.17527
G1 X81.443 Y67.429 E2.17917
G1 X81.443 Y69.632 E2.20926
G1 X81.729 Y69.632 E2.21316
G1 X81.729 Y67.429 E2.24325
G1 X82.014 Y67.429 E2.24715
G1 X82.014 Y69.632 E2.27724
G1 X82.300 Y69.632 E2.28114
G1 X82.300 Y67.429 E2.31123
G1 X82.586 Y67.429 E2.31513
G1 X82.586 Y69.632 E2.34522
G1 X82.871 Y69.632 E2.34912
G1 X82.871 Y67.429 E2.37921
G1 X83.157 Y67.429 E2.38311
G1 X83.157 Y69.761 E2.41496
G1 E0.41496 F2400.000
G92 E0
G1 X166.843 Y69.761 F7800.000
G1 E2.00000 F2400.000
G1 F3600.000
G1 X166.843 Y67.429 E2.03184
G1 X167.129 Y67.429 E2.03575
G1 X167.129 Y69.632 E2.06583
G1 X167.414 Y69.632 E2.06973
G1 X167.414 Y67.429 E2.09982
G1 X167.700 Y67.429 E2.10372
G1 X167.700 Y69.632 E2.13381
G1 X167.986 Y69.632 E2.13771
G1 X167.986 Y67.429 E2.16780
G1 X168.271 Y67.429 E2.17170
G1 X168.271 Y69.632 E2.20179
G1 X168.557 Y69.632 E2.20569
G1 X168.557 Y67.429 E2.23578
G1 X168.842 Y67.429 E2.23968
G1 X168.842 Y69.632 E2.26977
G1 X169.128 Y69.632 E2.27367
G1 X169.128 Y67.429 E2.30376
G1 X169.414 Y67.429 E2.30766
G1 X169.414 Y69.766 E2.33958
G1 X169.467 Y69.824 E2.34066
G1 X169.467 Y69.657 E2.34295
G1 X169.699 Y69.657 E2.34611
G1 X169.699 Y67.429 E2.37654
G1 X169.985 Y67.429 E2.38045
G1 X169.985 Y69.814 E2.41301
G1 E0.41301 F2400.000
G92 E0
G1 X170.271 Y73.129 F7800.000
G1 E2.00000 F2400.000
G1 F3600.000
G1 X170.271 Y67.429 E2.07785
G1 X170.556 Y67.429 E2.08176
G1 X170.556 Y73.001 E2.15785
G1 X170.842 Y73.001 E2.16176
G1 X170.842 Y67.429 E2.23785
G1 X171.127 Y67.429 E2.24175
G1 X171.127 Y73.001 E2.31785
G1 X171.413 Y73.001 E2.32175
G1 X171.413 Y67.429 E2.39785
G1 X171.699 Y67.429 E2.40175
G1 X171.699 Y73.001 E2.47785
G1 X171.984 Y73.001 E2.48175
G1 X171.984 Y67.429 E2.55785
G1 X172.270 Y67.429 E2.56175
G1 X172.270 Y73.129 E2.63961
G1 E0.63961 F2400.000
G92 E0
G1 X170.271 Y106.557 F7800.000
G1 E2.00000 F2400.000
G1 F3600.000
G1 X170.271 Y79.310 E2.37216
G1 X170.317 Y79.260 E2.37309
G1 X170.368 Y79.131 E2.37500
G1 X170.368 Y78.572 E2.38263
G1 X170.556 Y78.572 E2.38520
G1 X170.556 Y106.428 E2.76569
G1 X170.842 Y106.428 E2.76959
G1 X170.842 Y78.572 E3.15008
G1 X171.127 Y78.572 E3.15398
G1 X171.127 Y106.428 E3.53447
G1 X171.413 Y106.428 E3.53838
G1 X171.413 Y78.572 E3.91887
G1 X171.699 Y78.572 E3.92277
G1 X171.699 Y106.428 E4.30326
G1 X171.984 Y106.428 E4.30716
G1 X171.984 Y78.572 E4.68765
G1 X172.270 Y78.572 E4.69155
G1 X172.270 Y106.557 E5.07380
G1 E3.07380 F2400.000
G92 E0
G1 X172.270 Y117.699 F7800.000
G1 E2.00000 F2400.000
G1 F3600.000
G1 X172.270 Y111.999 E2.07785
G1 X171.984 Y111.999 E2.08176
G1 X171.984 Y117.571 E2.15785
G1 X171.699 Y117.571 E2.16176
G1 X171.699 Y111.999 E2.23785
G1 X171.413 Y111.999 E2.24175
G1 X171.413 Y117.571 E2.31785
G1 X171.127 Y117.571 E2.32175
G1 X171.127 Y111.999 E2.39785
G1 X170.842 Y111.999 E2.40175
G1 X170.842 Y117.571 E2.47785
G1 X170.556 Y117.571 E2.48175
G1 X170.556 Y111.999 E2.55785
G1 X170.368 Y111.999 E2.56043
G1 X170.368 Y114.130 E2.58954
G1 X170.317 Y114.260 E2.59144
G1 X170.271 Y114.310 E2.59237
G1 X170.271 Y117.571 E2.63690
G1 X169.985 Y117.571 E2.64081
G1 X169.985 Y115.343 E2.67124
G1 X169.699 Y115.343 E2.67514
G1 X169.699 Y117.571 E2.70557
G1 X169.414 Y117.571 E2.70947
G1 X169.414 Y115.234 E2.74139
G1 X169.346 Y115.306 E2.74275
G1 X169.205 Y115.368 E2.74484
G1 X169.128 Y115.368 E2.74590
G1 X169.128 Y117.571 E2.77599
G1 X168.842 Y117.571 E2.77989
G1 X168.842 Y115.368 E2.80998
G1 X168.557 Y115.368 E2.81388
G1 X168.557 Y117.571 E2.84396
G1 X168.271 Y117.571 E2.84787
G1 X168.271 Y115.368 E2.87795
G1 X167.986 Y115.368 E2.88186
G1 X167.986 Y117.571 E2.91194
G1 X167.700 Y117.571 E2.91584
G1 X167.700 Y115.368 E2.94593
G1 X167.414 Y115.368 E2.94983
G1 X167.414 Y117.571 E2.97992
G1 X167.129 Y117.571 E2.98382
G1 X167.129 Y115.368 E3.01391
G1 X166.843 Y115.368 E3.01781
G1 X166.843 Y117.699 E3.04966
M106 S249.9
;LAYER_CHANGE
;Z:2.98
;HEIGHT:0.16
G1 Z2.980 F7800.000
G1 E1.04966 F2400.000
G92 E0
G1 X170.532 Y114.785 F7800.000
G1 E2.00000 F2400.000
;TYPE:Support material
G1 F3600.000
G1 X172.191 Y114.785 E2.03484
G1 X172.323 Y117.538 F7800.000
G1 F3600.000
G1 X166.816 Y117.538 E2.15048
G1 X166.816 Y115.400 E2.19538
G1 X170.166 Y115.400 E2.26571
G1 X170.400 Y115.166 E2.27267
G1 X170.400 Y112.031 E2.33848
G1 X172.323 Y112.031 E2.37887
G1 X172.323 Y117.538 E2.49450
G1 E0.49450 F2400.000
G92 E0
G1 X172.323 Y106.396 F7800.000
G1 E2.00000 F2400.000
G1 F3600.000
G1 X172.323 Y78.604 E2.58357
G1 X170.400 Y78.604 E2.62396
G1 X170.400 Y106.396 E3.20754
G1 X172.323 Y106.396 E3.24792
G1 X170.532 Y103.642 F7800.000
G1 F3600.000
G1 X172.063 Y103.642 E3.28007
G1 X172.063 Y100.857 E3.33856
G1 X170.660 Y100.857 E3.36801
G1 X170.660 Y98.071 E3.42650
G1 X172.063 Y98.071 E3.45595
G1 X172.063 Y95.286 E3.51444
G1 X170.660 Y95.286 E3.54389
G1 X170.660 Y92.500 E3.60238
G1 X172.063 Y92.500 E3.63182
G1 X172.063 Y89.714 E3.69032
G1 X170.660 Y89.714 E3.71976
G1 X170.660 Y86.929 E3.77826
G1 X172.063 Y86.929 E3.80770
G1 X172.063 Y84.143 E3.86620
G1 X170.660 Y84.143 E3.89564
G1 X170.660 Y81.358 E3.95414
G1 X172.191 Y81.358 E3.98628
G1 E1.98628 F2400.000
G92 E0
G1 X172.323 Y72.968 F7800.000
G1 E2.00000 F2400.000
G1 F3600.000
G1 X172.323 Y67.462 E2.11563
G1 X166.816 Y67.462 E2.23127
G1 X166.816 Y69.600 E2.27617
G1 X170.166 Y69.600 E2.34650
G1 X170.400 Y69.834 E2.35346
G1 X170.400 Y72.968 E2.41927
G1 X172.323 Y72.968 E2.45965
G1 X172.191 Y70.215 F7800.000
G1 F3600.000
G1 X170.532 Y70.215 E2.49450
G1 E0.49450 F2400.000
G92 E0
G1 X83.184 Y69.600 F7800.000
G1 E2.00000 F2400.000
G1 F3600.000
G1 X79.834 Y69.600 E2.07033
G1 X79.600 Y69.834 E2.07729
G1 X79.600 Y72.968 E2.14310
G1 X77.677 Y72.968 E2.18348
G1 X77.677 Y67.462 E2.29912
G1 X83.184 Y67.462 E2.41475
G1 X83.184 Y69.600 E2.45965
G1 E0.45965 F2400.000
G92 E0
G1 X79.468 Y70.215 F7800.000
G1 E2.00000 F2400.000
G1 F3600.000
G1 X77.809 Y70.215 E2.03485
G1 E0.03485 F2400.000
G92 E0
G1 X79.468 Y81.358 F7800.000
G1 E2.00000 F2400.000
G1 F3600.000
G1 X77.937 Y81.358 E2.03215
G1 X77.937 Y84.143 E2.09064
G1 X79.340 Y84.143 E2.12009
G1 X79.340 Y86.929 E2.17858
G1 X77.937 Y86.929 E2.20803
G1 X77.937 Y89.714 E2.26652
G1 X79.340 Y89.714 E2.29597
G1 X79.340 Y92.500 E2.35446
G1 X77.937 Y92.500 E2.38391
G1 X77.937 Y95.286 E2.44240
G1 X79.340 Y95.286 E2.47185
G1 X79.340 Y98.071 E2.53034
G1 X77.937 Y98.071 E2.55979
G1 X77.937 Y100.857 E2.61828
G1 X79.340 Y100.857 E2.64773
G1 X79.340 Y103.642 E2.70622
G1 X77.809 Y103.642 E2.73837
G1 X79.600 Y106.396 F7800.000
G1 F3600.000
G1 X79.600 Y78.604 E3.32194
G1 X77.677 Y78.604 E3.36233
G1 X77.677 Y106.396 E3.94590
G1 X79.600 Y106.396 E3.98629
G1 E1.98629 F2400.000
G92 E0
G1 X77.809 Y114.785 F7800.000
G1 E2.00000 F2400.000
G1 F3600.000
G1 X79.468 Y114.785 E2.03485
G1 X79.600 Y115.166 F7800.000
G1 F3600.000
G1 X79.600 Y112.031 E2.10066
G1 X77.677 Y112.031 E2.14104
G1 X77.677 Y117.538 E2.25668
G1 X83.184 Y117.538 E2.37231
G1 X83.184 Y115.400 E2.41721
G1 X79.834 Y115.400 E2.48754
G1 X79.600 Y115.166 E2.49450
M106 S89.25
;LAYER_CHANGE
;Z:3.02
;HEIGHT:0.04
G1 Z3.020 F7800.000
G1 E0.49450 F2400.000
G92 E0
G1 X163.550 Y107.488 F7800.000
G1 E2.00000 F2400.000
;TYPE:Perimeter
;WIDTH:0.45
;HEIGHT:0.3
G1 F900.000
G1 X166.450 Y107.488 E2.13950
G1 X167.900 Y110.000 E2.27899
G1 X166.450 Y112.512 E2.41849
G1 X163.550 Y112.512 E2.55798
G1 X162.100 Y110.000 E2.69748
G1 X163.520 Y107.540 E2.83409
G1 X163.772 Y107.874 F7800.000
G1 F900.000
G1 X166.228 Y107.874 E2.95217
G1 X167.455 Y110.000 E3.07025
G1 X166.228 Y112.126 E3.18833
G1 X163.772 Y112.126 E3.30641
G1 X162.545 Y110.000 E3.42449
G1 X163.742 Y107.926 E3.53968
G1 E1.53968 F2400.000
G92 E0
G1 X166.005 Y111.740 F7800.000
G1 E2.00000 F2400.000
;TYPE:External perimeter
G1 F900.000
G1 X163.995 Y111.740 E2.09666
G1 X162.990 Y110.000 E2.19333
G1 X163.995 Y108.260 E2.28999
G1 X166.005 Y108.260 E2.38666
G1 X167.010 Y110.000 E2.48332
G1 X166.035 Y111.689 E2.57710
G1 X166.005 Y112.140 F7800.000
G1 X168.694 Y114.004
;TYPE:Perimeter
G1 F900.000
G1 X161.310 Y114.004 E2.93226
G1 X160.974 Y113.736 E2.95292
G1 X160.051 Y112.383 E3.03167
G1 X159.569 Y110.819 E3.11041
G1 X159.569 Y109.181 E3.18916
G1 X160.051 Y107.617 E3.26790
G1 X160.974 Y106.264 E3.34665
G1 X162.254 Y105.243 E3.42540
G1 X163.778 Y104.645 E3.50414
G1 X165.410 Y104.523 E3.58288
G1 X167.007 Y104.887 E3.66163
G1 X168.425 Y105.706 E3.74038
G1 X169.004 Y106.330 E3.78134
G1 X169.004 Y113.670 E4.13436
G1 X168.735 Y113.960 E4.15337
G1 X168.862 Y114.389 F7800.000
G1 F900.000
G1 X161.175 Y114.389 E4.52312
G1 X160.688 Y114.001 E4.55307
G1 X159.700 Y112.552 E4.63741
G1 X159.183 Y110.877 E4.72174
G1 X159.183 Y109.123 E4.80608
G1 X159.700 Y107.448 E4.89041
G1 X160.688 Y105.999 E4.97475
G1 X162.059 Y104.906 E5.05909
G1 X163.691 Y104.265 E5.14342
G1 X165.440 Y104.134 E5.22776
G1 X167.149 Y104.524 E5.31210
G1 X168.668 Y105.401 E5.39643
G1 X169.389 Y106.179 E5.44747
G1 X169.389 Y113.821 E5.81505
G1 X168.903 Y114.345 E5.84944
G1 X169.031 Y114.775 F7800.000
;TYPE:External perimeter
G1 F900.000
G1 X161.040 Y114.775 E6.23376
G1 X160.402 Y114.266 E6.27300
G1 X159.349 Y112.721 E6.36293
G1 X158.798 Y110.935 E6.45285
G1 X158.798 Y109.065 E6.54278
G1 X159.349 Y107.279 E6.63271
G1 X160.402 Y105.734 E6.72264
G1 X161.864 Y104.568 E6.81256
G1 X163.604 Y103.885 E6.90249
G1 X165.469 Y103.745 E6.99241
G1 X167.292 Y104.161 E7.08234
G1 X168.911 Y105.096 E7.17227
G1 X169.775 Y106.027 E7.23338
G1 X169.775 Y113.973 E7.61552
G1 X169.071 Y114.731 E7.66528
G1 X168.690 Y114.565 F7800.000
G1 X168.390 Y113.888
;TYPE:Solid infill
;WIDTH:0.462028
G1 F1200.000
G1 X168.715 Y113.556 E7.68829
G1 X168.715 Y113.001 E7.71583
G1 X168.001 Y113.715 E7.76587
G1 X167.439 Y113.715 E7.79376
G1 X168.715 Y112.439 E7.88324
G1 X168.715 Y111.876 E7.91113
G1 X166.876 Y113.715 E8.04006
G1 X166.314 Y113.715 E8.06795
G1 X168.715 Y111.314 E8.23632
G1 X168.715 Y110.752 E8.26421
G1 X165.752 Y113.715 E8.47202
G1 X165.189 Y113.715 E8.49991
G1 X166.103 Y112.801 E8.56399
G1 X165.541 Y112.801 E8.59188
G1 X164.627 Y113.715 E8.65596
G1 X164.065 Y113.715 E8.68386
G1 X164.978 Y112.801 E8.74794
G1 X164.416 Y112.801 E8.77583
G1 X163.502 Y113.715 E8.83991
G1 X162.940 Y113.715 E8.86780
G1 X163.854 Y112.801 E8.93188
G1 X163.383 Y112.801 E8.95523
G1 X163.349 Y112.743 E8.95856
G1 X162.378 Y113.715 E9.02671
G1 X161.815 Y113.715 E9.05460
G1 X163.143 Y112.386 E9.14777
G1 X162.938 Y112.030 E9.16818
G1 X161.323 Y113.644 E9.28144
G1 X161.188 Y113.537 E9.28999
G1 X161.058 Y113.347 E9.30141
G1 X162.732 Y111.673 E9.41878
G1 X162.526 Y111.317 E9.43920
G1 X160.830 Y113.012 E9.55812
G1 X160.602 Y112.678 E9.57819
G1 X162.320 Y110.960 E9.69867
G1 X162.114 Y110.604 E9.71909
G1 X160.374 Y112.344 E9.84112
G1 X160.315 Y112.256 E9.84636
G1 X160.217 Y111.939 E9.86284
G1 X161.908 Y110.247 E9.98148
G1 X161.766 Y110.000 E9.99564
G1 X162.001 Y109.592 E10.01900
G1 X160.084 Y111.509 E10.15344
G1 X159.952 Y111.079 E10.17575
G1 X162.769 Y108.261 E10.37338
G1 X163.383 Y107.199 E10.43422
G1 X163.832 Y107.199 E10.45649
G1 X166.063 Y104.968 E10.61296
G1 X165.605 Y104.864 E10.63625
G1 X159.858 Y110.611 E11.03932
G1 X159.858 Y110.048 E11.06722
G1 X165.068 Y104.839 E11.43262
G1 X164.460 Y104.884 E11.46285
G1 X159.858 Y109.486 E11.78562
G1 X159.858 Y109.225 E11.79855
G1 X159.993 Y108.789 E11.82118
G1 X163.852 Y104.930 E12.09187
G1 X162.931 Y105.288 E12.14089
G1 X160.243 Y107.976 E12.32939
G1 X160.315 Y107.744 E12.34143
G1 X161.176 Y106.481 E12.41726
G1 X162.312 Y105.345 E12.49691
G1 X164.221 Y107.373 F7800.000
G1 F1200.000
G1 X166.520 Y105.073 E12.65822
G1 X166.900 Y105.159 E12.67752
G1 X166.961 Y105.195 E12.68102
G1 X164.957 Y107.199 E12.82160
G1 X165.519 Y107.199 E12.84949
G1 X167.317 Y105.401 E12.97564
G1 X167.674 Y105.606 E12.99606
G1 X166.081 Y107.199 E13.10777
G1 X166.617 Y107.199 E13.13435
G1 X166.627 Y107.216 E13.13531
G1 X168.030 Y105.812 E13.23376
G1 X168.242 Y105.934 E13.24588
G1 X168.352 Y106.053 E13.25390
G1 X166.833 Y107.572 E13.36048
G1 X167.039 Y107.929 E13.38089
G1 X168.623 Y106.345 E13.49201
G1 X168.715 Y106.444 E13.49871
G1 X168.715 Y106.815 E13.51714
G1 X167.244 Y108.285 E13.62026
G1 X167.450 Y108.642 E13.64068
G1 X168.715 Y107.378 E13.72936
G1 X168.715 Y107.940 E13.75725
G1 X167.656 Y108.998 E13.83149
G1 X167.862 Y109.355 E13.85191
G1 X168.715 Y108.502 E13.91172
G1 X168.715 Y109.065 E13.93961
G1 X168.068 Y109.711 E13.98497
G1 X168.234 Y110.000 E14.00150
G1 X168.088 Y110.254 E14.01603
G1 X168.715 Y109.627 E14.06000
G1 X168.715 Y110.189 E14.08789
G1 X166.845 Y112.059 E14.21899
G1 E12.21899 F2400.000
G92 E0
G1 X163.550 Y72.488 F7800.000
G1 E2.00000 F2400.000
;TYPE:Perimeter
;WIDTH:0.45
G1 F900.000
G1 X166.450 Y72.488 E2.13950
G1 X167.900 Y75.000 E2.27899
G1 X166.450 Y77.512 E2.41849
G1 X163.550 Y77.512 E2.55799
G1 X162.100 Y75.000 E2.69749
G1 X163.520 Y72.540 E2.83410
G1 X163.772 Y72.874 F7800.000
G1 F900.000
G1 X166.228 Y72.874 E2.95218
G1 X167.455 Y75.000 E3.07026
G1 X166.228 Y77.126 E3.18834
G1 X163.772 Y77.126 E3.30642
G1 X162.545 Y75.000 E3.42450
G1 X163.742 Y72.926 E3.53970
G1 X166.005 Y73.259 F7800.000
;TYPE:External perimeter
G1 F900.000
G1 X167.010 Y75.000 E3.63636
G1 X166.005 Y76.741 E3.73303
G1 X163.995 Y76.741 E3.82969
G1 X162.990 Y75.000 E3.92636
G1 X163.995 Y73.259 E4.02302
G1 X165.945 Y73.259 E4.11680
G1 X166.351 Y73.059 F7800.000
G1 X168.694 Y70.996
;TYPE:Perimeter
G1 F900.000
G1 X169.004 Y71.330 E4.13870
G1 X169.004 Y78.670 E4.49172
G1 X168.425 Y79.294 E4.53268
G1 X167.007 Y80.113 E4.61143
G1 X165.410 Y80.477 E4.69018
G1 X163.778 Y80.355 E4.76892
G1 X162.254 Y79.757 E4.84766
G1 X160.974 Y78.736 E4.92641
G1 X160.051 Y77.383 E5.00516
G1 X159.569 Y75.819 E5.08390
G1 X159.569 Y74.181 E5.16265
G1 X160.051 Y72.617 E5.24139
G1 X160.974 Y71.264 E5.32014
G1 X161.310 Y70.996 E5.34080
G1 X168.634 Y70.996 E5.69308
G1 X168.862 Y70.611 F7800.000
G1 F900.000
G1 X169.389 Y71.179 E5.73035
G1 X169.389 Y78.821 E6.09793
G1 X168.668 Y79.599 E6.14897
G1 X167.149 Y80.476 E6.23331
G1 X165.440 Y80.866 E6.31764
G1 X163.691 Y80.735 E6.40198
G1 X162.059 Y80.094 E6.48631
G1 X160.688 Y79.001 E6.57065
G1 X159.700 Y77.552 E6.65499
G1 X159.183 Y75.877 E6.73932
G1 X159.183 Y74.123 E6.82366
G1 X159.700 Y72.448 E6.90799
G1 X160.688 Y70.999 E6.99233
G1 X161.175 Y70.611 E7.02228
G1 X168.802 Y70.611 E7.38914
G1 X169.031 Y70.225 F7800.000
;TYPE:External perimeter
G1 F900.000
G1 X169.775 Y71.027 E7.44179
G1 X169.775 Y78.973 E7.82393
G1 X168.911 Y79.904 E7.88503
G1 X167.292 Y80.839 E7.97496
G1 X165.469 Y81.255 E8.06489
G1 X163.604 Y81.115 E8.15482
G1 X161.864 Y80.432 E8.24474
G1 X160.402 Y79.266 E8.33467
G1 X159.349 Y77.722 E8.42460
G1 X158.798 Y75.935 E8.51453
G1 X158.798 Y74.065 E8.60445
G1 X159.349 Y72.278 E8.69438
G1 X160.402 Y70.734 E8.78431
G1 X161.040 Y70.225 E8.82355
G1 X168.971 Y70.225 E9.20499
G1 X169.028 Y70.625 F7800.000
G1 X168.888 Y75.033
;TYPE:Solid infill
;WIDTH:0.462615
G1 F1200.000
G1 X167.296 Y76.625 E9.31680
G1 X168.066 Y75.292 E9.39322
G1 X168.715 Y74.643 E9.43881
G1 X168.715 Y74.080 E9.46678
G1 X168.073 Y74.721 E9.51182
G1 X167.867 Y74.364 E9.53230
G1 X168.715 Y73.517 E9.59182
G1 X168.715 Y72.954 E9.61979
G1 X167.661 Y74.007 E9.69379
G1 X167.455 Y73.650 E9.71427
G1 X168.715 Y72.390 E9.80275
G1 X168.715 Y71.827 E9.83073
G1 X167.249 Y73.293 E9.93369
G1 X167.043 Y72.936 E9.95417
G1 X168.628 Y71.350 E10.06554
G1 X168.568 Y71.285 E10.06995
G1 X168.130 Y71.285 E10.09169
G1 X166.837 Y72.579 E10.18255
G1 X166.630 Y72.222 E10.20303
G1 X167.567 Y71.285 E10.26881
G1 X167.004 Y71.285 E10.29679
G1 X166.090 Y72.199 E10.36096
G1 X165.527 Y72.199 E10.38893
G1 X166.440 Y71.285 E10.45311
G1 X165.877 Y71.285 E10.48108
G1 X164.964 Y72.199 E10.54525
G1 X164.401 Y72.199 E10.57323
G1 X165.314 Y71.285 E10.63740
G1 X164.751 Y71.285 E10.66537
G1 X163.837 Y72.199 E10.72955
G1 X163.383 Y72.199 E10.75212
G1 X162.762 Y73.274 E10.81379
G1 X159.953 Y76.083 E11.01110
G1 X160.086 Y76.514 E11.03348
G1 X161.993 Y74.607 E11.16742
G1 X161.766 Y75.000 E11.18997
G1 X161.911 Y75.252 E11.20441
G1 X160.219 Y76.944 E11.32328
G1 X160.315 Y77.256 E11.33951
G1 X160.378 Y77.348 E11.34504
G1 X162.117 Y75.609 E11.46723
G1 X162.323 Y75.966 E11.48771
G1 X160.606 Y77.683 E11.60834
G1 X160.834 Y78.018 E11.62847
G1 X162.529 Y76.323 E11.74754
G1 X162.736 Y76.680 E11.76802
G1 X161.063 Y78.353 E11.88554
G1 X161.188 Y78.537 E11.89660
G1 X161.329 Y78.649 E11.90557
G1 X162.942 Y77.037 E12.01883
G1 X163.148 Y77.394 E12.03931
G1 X161.643 Y78.899 E12.14505
G1 X161.956 Y79.149 E12.16496
G1 X163.354 Y77.751 E12.26317
G1 X163.383 Y77.801 E12.26604
G1 X163.867 Y77.801 E12.29010
G1 X162.269 Y79.399 E12.40235
G1 X162.400 Y79.503 E12.41066
G1 X162.636 Y79.596 E12.42323
G1 X164.430 Y77.801 E12.54931
G1 X164.994 Y77.801 E12.57728
G1 X163.040 Y79.755 E12.71451
G1 X163.444 Y79.913 E12.73609
G1 X165.557 Y77.801 E12.88447
G1 X166.120 Y77.801 E12.91245
G1 X163.851 Y80.070 E13.07185
G1 X164.375 Y80.109 E13.09794
G1 X168.715 Y75.770 E13.40279
G1 X168.715 Y76.333 E13.43077
G1 X164.899 Y80.149 E13.69882
G1 X165.389 Y80.185 E13.72322
G1 X165.436 Y80.175 E13.72563
G1 X168.715 Y76.896 E13.95594
G1 X168.715 Y77.459 E13.98391
G1 X166.166 Y80.008 E14.16296
G1 X166.895 Y79.842 E14.20014
G1 X168.715 Y78.022 E14.32794
G1 X168.715 Y78.556 E14.35446
G1 X167.750 Y79.550 E14.42325
G1 X159.685 Y75.789 F7800.000
G1 F1200.000
G1 X164.188 Y71.285 E14.73957
G1 X163.625 Y71.285 E14.76754
G1 X159.858 Y75.052 E15.03212
G1 X159.858 Y74.489 E15.06009
G1 X163.061 Y71.285 E15.28510
G1 X162.498 Y71.285 E15.31307
G1 X159.992 Y73.792 E15.48914
G1 X160.243 Y72.978 E15.53147
G1 X161.935 Y71.285 E15.65034
G1 X161.411 Y71.285 E15.67637
G1 X161.218 Y71.440 E15.68864
G1 X160.515 Y72.142 E15.73798
G1 E13.73798 F2400.000
G92 E0
G1 X83.550 Y72.488 F7800.000
G1 E2.00000 F2400.000
;TYPE:Perimeter
;WIDTH:0.45
G1 F900.000
G1 X86.450 Y72.488 E2.13950
G1 X87.900 Y75.000 E2.27899
G1 X86.450 Y77.512 E2.41849
G1 X83.550 Y77.512 E2.55799
G1 X82.100 Y75.000 E2.69749
G1 X83.520 Y72.540 E2.83410
G1 X83.772 Y72.874 F7800.000
G1 F900.000
G1 X86.228 Y72.874 E2.95218
G1 X87.455 Y75.000 E3.07026
G1 X86.228 Y77.126 E3.18834
G1 X83.772 Y77.126 E3.30642
G1 X82.545 Y75.000 E3.42450
G1 X83.742 Y72.926 E3.53970
G1 X86.005 Y73.259 F7800.000
;TYPE:External perimeter
G1 F900.000
G1 X87.010 Y75.000 E3.63636
G1 X86.005 Y76.741 E3.73303
G1 X83.995 Y76.741 E3.82969
G1 X82.990 Y75.000 E3.92636
G1 X83.995 Y73.259 E4.02302
G1 X85.945 Y73.259 E4.11680
G1 X86.351 Y73.059 F7800.000
G1 X88.694 Y70.996
;TYPE:Perimeter
G1 F900.000
G1 X89.538 Y71.906 E4.17649
G1 X90.248 Y73.381 E4.25523
G1 X90.493 Y75.000 E4.33398
G1 X90.248 Y76.619 E4.41272
G1 X89.538 Y78.094 E4.49147
G1 X88.425 Y79.294 E4.57021
G1 X87.007 Y80.113 E4.64896
G1 X85.410 Y80.477 E4.72770
G1 X83.778 Y80.355 E4.80645
G1 X82.254 Y79.757 E4.88519
G1 X80.996 Y78.754 E4.96255
G1 X80.996 Y71.246 E5.32365
G1 X81.310 Y70.996 E5.34293
G1 X88.634 Y70.996 E5.69520
G1 X88.862 Y70.611 F7800.000
G1 F900.000
G1 X89.860 Y71.686 E5.76578
G1 X90.621 Y73.266 E5.85012
G1 X90.882 Y75.000 E5.93445
G1 X90.621 Y76.734 E6.01879
G1 X89.860 Y78.314 E6.10312
G1 X88.668 Y79.599 E6.18746
G1 X87.149 Y80.476 E6.27180
G1 X85.440 Y80.866 E6.35613
G1 X83.691 Y80.735 E6.44047
G1 X82.059 Y80.094 E6.52481
G1 X80.688 Y79.001 E6.60914
G1 X80.611 Y78.888 E6.61574
G1 X80.611 Y71.112 E6.98972
G1 X80.688 Y70.999 E6.99631
G1 X81.175 Y70.611 E7.02627
G1 X88.802 Y70.611 E7.39312
G1 X89.031 Y70.225 F7800.000
;TYPE:External perimeter
G1 F900.000
G1 X90.183 Y71.467 E7.47459
G1 X90.994 Y73.151 E7.56451
G1 X91.272 Y75.000 E7.65444
G1 X90.994 Y76.849 E7.74437
G1 X90.183 Y78.533 E7.83430
G1 X88.911 Y79.904 E7.92422
G1 X87.292 Y80.839 E8.01415
G1 X85.469 Y81.255 E8.10408
G1 X83.604 Y81.115 E8.19401
G1 X81.864 Y80.432 E8.28393
G1 X80.402 Y79.266 E8.37386
G1 X80.225 Y79.007 E8.38897
G1 X80.225 Y70.993 E8.77440
G1 X80.402 Y70.734 E8.78951
G1 X81.040 Y70.225 E8.82874
G1 X88.971 Y70.225 E9.21018
G1 X89.028 Y70.625 F7800.000
G1 X90.185 Y73.738
;TYPE:Solid infill
;WIDTH:0.462364
G1 F1200.000
G1 X87.293 Y76.630 E9.41321
G1 X88.062 Y75.298 E9.48954
G1 X89.944 Y73.416 E9.62168
G1 X89.761 Y73.036 E9.64261
G1 X88.074 Y74.723 E9.76103
G1 X87.868 Y74.366 E9.78149
G1 X89.578 Y72.656 E9.90153
G1 X89.396 Y72.276 E9.92246
G1 X87.662 Y74.009 E10.04412
G1 X87.456 Y73.653 E10.06458
G1 X89.172 Y71.937 E10.18503
G1 X88.901 Y71.645 E10.20480
G1 X87.250 Y73.296 E10.32070
G1 X87.044 Y72.939 E10.34115
G1 X88.630 Y71.353 E10.45249
G1 X88.568 Y71.285 E10.45706
G1 X88.135 Y71.285 E10.47854
G1 X86.838 Y72.582 E10.56957
G1 X86.632 Y72.225 E10.59003
G1 X87.572 Y71.285 E10.65601
G1 X87.009 Y71.285 E10.68395
G1 X86.096 Y72.199 E10.74808
G1 X85.533 Y72.199 E10.77602
G1 X86.447 Y71.285 E10.84015
G1 X85.884 Y71.285 E10.86809
G1 X84.970 Y72.199 E10.93222
G1 X84.407 Y72.199 E10.96016
G1 X85.321 Y71.285 E11.02429
G1 X84.758 Y71.285 E11.05223
G1 X83.845 Y72.199 E11.11636
G1 X83.383 Y72.199 E11.13928
G1 X82.752 Y73.291 E11.20190
G1 X81.285 Y74.758 E11.30486
G1 X81.285 Y75.321 E11.33280
G1 X81.983 Y74.623 E11.38179
G1 X81.766 Y75.000 E11.40339
G1 X81.913 Y75.256 E11.41805
G1 X81.285 Y75.884 E11.46214
G1 X81.285 Y76.447 E11.49007
G1 X82.119 Y75.613 E11.54862
G1 X82.325 Y75.969 E11.56907
G1 X81.285 Y77.009 E11.64208
G1 X81.285 Y77.572 E11.67002
G1 X82.531 Y76.326 E11.75749
G1 X82.737 Y76.683 E11.77794
G1 X81.285 Y78.135 E11.87987
G1 X81.285 Y78.615 E11.90367
G1 X81.332 Y78.652 E11.90661
G1 X82.943 Y77.040 E12.01975
G1 X83.149 Y77.397 E12.04020
G1 X81.645 Y78.901 E12.14582
G1 X81.958 Y79.151 E12.16570
G1 X83.355 Y77.754 E12.26379
G1 X83.383 Y77.801 E12.26651
G1 X83.871 Y77.801 E12.29074
G1 X82.271 Y79.401 E12.40304
G1 X82.400 Y79.503 E12.41121
G1 X82.638 Y79.597 E12.42390
G1 X84.434 Y77.801 E12.54997
G1 X84.997 Y77.801 E12.57791
G1 X83.042 Y79.755 E12.71511
G1 X83.446 Y79.914 E12.73666
G1 X85.559 Y77.801 E12.88500
G1 X86.122 Y77.801 E12.91294
G1 X83.853 Y80.070 E13.07225
G1 X84.376 Y80.110 E13.09831
G1 X90.107 Y74.380 E13.50056
G1 X90.180 Y74.869 E13.52511
G1 X84.900 Y80.149 E13.89578
G1 X85.389 Y80.185 E13.92010
G1 X85.437 Y80.174 E13.92258
G1 X90.127 Y75.485 E14.25179
G1 X90.027 Y76.148 E14.28506
G1 X86.167 Y80.008 E14.55605
G1 X86.896 Y79.841 E14.59318
G1 X89.750 Y76.987 E14.79354
G1 X89.297 Y77.929 E14.84544
G1 X88.338 Y78.962 E14.91537
G1 X87.750 Y79.550 E14.95664
G1 X81.112 Y74.369 F7800.000
G1 F1200.000
G1 X84.195 Y71.285 E15.17310
G1 X83.632 Y71.285 E15.20103
G1 X81.285 Y73.632 E15.36580
G1 X81.285 Y73.070 E15.39373
G1 X83.070 Y71.285 E15.51899
G1 X82.507 Y71.285 E15.54692
G1 X81.285 Y72.507 E15.63266
G1 X81.285 Y71.944 E15.66060
G1 X82.118 Y71.112 E15.71901
G1 E13.71901 F2400.000
G92 E0
G1 X83.550 Y107.488 F7800.000
G1 E2.00000 F2400.000
;TYPE:Perimeter
;WIDTH:0.45
G1 F900.000
G1 X86.450 Y107.488 E2.13950
G1 X87.900 Y110.000 E2.27899
G1 X86.450 Y112.512 E2.41849
G1 X83.550 Y112.512 E2.55798
G1 X82.100 Y110.000 E2.69748
G1 X83.520 Y107.540 E2.83409
G1 X83.772 Y107.874 F7800.000
G1 F900.000
G1 X86.228 Y107.874 E2.95217
G1 X87.455 Y110.000 E3.07025
G1 X86.228 Y112.126 E3.18833
G1 X83.772 Y112.126 E3.30641
G1 X82.545 Y110.000 E3.42449
G1 X83.742 Y107.926 E3.53968
G1 E1.53968 F2400.000
G92 E0
G1 X86.005 Y111.740 F7800.000
G1 E2.00000 F2400.000
;TYPE:External perimeter
G1 F900.000
G1 X83.995 Y111.740 E2.09666
G1 X82.990 Y110.000 E2.19333
G1 X83.995 Y108.260 E2.28999
G1 X86.005 Y108.260 E2.38666
G1 X87.010 Y110.000 E2.48332
G1 X86.035 Y111.689 E2.57710
G1 X86.005 Y112.140 F7800.000
G1 X88.694 Y114.004
;TYPE:Perimeter
G1 F900.000
G1 X81.310 Y114.004 E2.93226
G1 X80.996 Y113.754 E2.95154
G1 X80.996 Y106.246 E3.31263
G1 X82.254 Y105.243 E3.38999
G1 X83.778 Y104.645 E3.46874
G1 X85.410 Y104.523 E3.54748
G1 X87.007 Y104.887 E3.62623
G1 X88.425 Y105.706 E3.70497
G1 X89.538 Y106.906 E3.78372
G1 X90.248 Y108.381 E3.86246
G1 X90.493 Y110.000 E3.94121
G1 X90.248 Y111.619 E4.01995
G1 X89.538 Y113.094 E4.09870
G1 X88.735 Y113.960 E4.15550
G1 X88.862 Y114.389 F7800.000
G1 F900.000
G1 X81.175 Y114.389 E4.52525
G1 X80.688 Y114.001 E4.55520
G1 X80.611 Y113.888 E4.56179
G1 X80.611 Y106.112 E4.93577
G1 X80.688 Y105.999 E4.94237
G1 X82.059 Y104.906 E5.02670
G1 X83.691 Y104.265 E5.11104
G1 X85.440 Y104.134 E5.19538
G1 X87.149 Y104.524 E5.27971
G1 X88.668 Y105.401 E5.36405
G1 X89.860 Y106.686 E5.44839
G1 X90.621 Y108.266 E5.53272
G1 X90.882 Y110.000 E5.61706
G1 X90.621 Y111.734 E5.70139
G1 X89.860 Y113.314 E5.78573
G1 X88.903 Y114.345 E5.85342
G1 X89.031 Y114.775 F7800.000
;TYPE:External perimeter
G1 F900.000
G1 X81.040 Y114.775 E6.23775
G1 X80.402 Y114.266 E6.27699
G1 X80.225 Y114.007 E6.29209
G1 X80.225 Y105.993 E6.67752
G1 X80.402 Y105.734 E6.69263
G1 X81.864 Y104.568 E6.78256
G1 X83.604 Y103.885 E6.87248
G1 X85.469 Y103.745 E6.96241
G1 X87.292 Y104.161 E7.05234
G1 X88.911 Y105.096 E7.14227
G1 X90.183 Y106.467 E7.23219
G1 X90.994 Y108.151 E7.32212
G1 X91.272 Y110.000 E7.41205
G1 X90.994 Y111.849 E7.50197
G1 X90.183 Y113.533 E7.59190
G1 X89.071 Y114.731 E7.67048
G1 X88.730 Y114.511 F7800.000
G1 X88.390 Y113.888
;TYPE:Solid infill
;WIDTH:0.461777
G1 F1200.000
G1 X89.297 Y112.929 E7.73587
G1 X89.770 Y111.947 E7.78994
G1 X88.002 Y113.715 E7.91387
G1 X87.440 Y113.715 E7.94173
G1 X90.031 Y111.124 E8.12334
G1 X90.130 Y110.462 E8.15651
G1 X86.878 Y113.715 E8.38451
G1 X86.316 Y113.715 E8.41237
G1 X90.178 Y109.852 E8.68309
G1 X90.104 Y109.364 E8.70757
G1 X85.754 Y113.715 E9.01252
G1 X85.192 Y113.715 E9.04037
G1 X86.105 Y112.801 E9.10442
G1 X85.543 Y112.801 E9.13227
G1 X84.630 Y113.715 E9.19631
G1 X84.068 Y113.715 E9.22417
G1 X84.981 Y112.801 E9.28821
G1 X84.419 Y112.801 E9.31606
G1 X83.506 Y113.715 E9.38011
G1 X82.944 Y113.715 E9.40796
G1 X83.857 Y112.801 E9.47200
G1 X83.383 Y112.801 E9.49552
G1 X83.351 Y112.745 E9.49870
G1 X82.382 Y113.715 E9.56663
G1 X81.820 Y113.715 E9.59448
G1 X83.145 Y112.389 E9.68739
G1 X82.939 Y112.033 E9.70778
G1 X81.326 Y113.647 E9.82090
G1 X81.285 Y113.615 E9.82345
G1 X81.285 Y113.125 E9.84772
G1 X82.734 Y111.677 E9.94924
G1 X82.528 Y111.320 E9.96963
G1 X81.285 Y112.563 E10.05673
G1 X81.285 Y112.001 E10.08458
G1 X82.322 Y110.964 E10.15726
G1 X82.117 Y110.608 E10.17765
G1 X81.285 Y111.439 E10.23591
G1 X81.285 Y110.877 E10.26376
G1 X81.911 Y110.251 E10.30760
G1 X81.766 Y110.000 E10.32199
G1 X81.992 Y109.608 E10.34440
G1 X81.285 Y110.315 E10.39391
G1 X81.285 Y109.753 E10.42176
G1 X82.759 Y108.279 E10.52509
G1 X83.383 Y107.199 E10.58688
G1 X83.839 Y107.199 E10.60950
G1 X86.069 Y104.970 E10.76577
G1 X86.526 Y105.074 E10.78903
G1 X84.401 Y107.199 E10.93798
G1 X84.963 Y107.199 E10.96584
G1 X86.965 Y105.197 E11.10616
G1 X87.321 Y105.403 E11.12656
G1 X85.525 Y107.199 E11.25247
G1 X86.087 Y107.199 E11.28032
G1 X87.678 Y105.609 E11.39181
G1 X88.034 Y105.814 E11.41220
G1 X86.629 Y107.219 E11.51070
G1 X86.835 Y107.576 E11.53109
G1 X88.355 Y106.056 E11.63764
G1 X88.625 Y106.347 E11.65735
G1 X87.040 Y107.932 E11.76844
G1 X87.246 Y108.288 E11.78883
G1 X88.896 Y106.639 E11.90446
G1 X89.166 Y106.930 E11.92417
G1 X87.452 Y108.645 E12.04434
G1 X87.657 Y109.001 E12.06473
G1 X89.391 Y107.267 E12.18626
G1 X89.574 Y107.646 E12.20713
G1 X87.863 Y109.357 E12.32704
G1 X88.069 Y109.713 E12.34743
G1 X89.756 Y108.026 E12.46572
G1 X89.939 Y108.405 E12.48659
G1 X88.084 Y110.260 E12.61662
G1 X87.316 Y111.590 E12.69272
G1 X90.183 Y108.723 E12.89367
G1 X83.253 Y104.976 F7800.000
G1 F1200.000
G1 X81.285 Y106.943 E13.03156
G1 X81.285 Y107.505 E13.05942
G1 X83.861 Y104.929 E13.23997
G1 X84.469 Y104.883 E13.27017
G1 X81.285 Y108.067 E13.49330
G1 X81.285 Y108.629 E13.52116
G1 X85.076 Y104.838 E13.78688
G1 X85.389 Y104.815 E13.80241
G1 X85.611 Y104.865 E13.81371
G1 X81.112 Y109.364 E14.12908
;LAYER_CHANGE
;Z:3.32
;HEIGHT:0.3
G1 Z3.320 F7800.000
G1 E12.12908 F2400.000
G92 E0
G1 X163.550 Y107.488 F7800.000
G1 E2.00000 F2400.000
;TYPE:Perimeter
;WIDTH:0.45
G1 F900.000
G1 X166.450 Y107.488 E2.13950
G1 X167.900 Y110.000 E2.27899
G1 X166.450 Y112.512 E2.41849
G1 X163.550 Y112.512 E2.55798
G1 X162.100 Y110.000 E2.69748
G1 X163.520 Y107.540 E2.83409
G1 X163.772 Y107.874 F7800.000
G1 F900.000
G1 X166.228 Y107.874 E2.95217
G1 X167.455 Y110.000 E3.07025
G1 X166.228 Y112.126 E3.18833
G1 X163.772 Y112.126 E3.30641
G1 X162.545 Y110.000 E3.42449
G1 X163.742 Y107.926 E3.53968
G1 E1.53968 F2400.000
G92 E0
G1 X166.005 Y111.740 F7800.000
G1 E2.00000 F2400.000
;TYPE:External perimeter
G1 F900.000
G1 X163.995 Y111.740 E2.09666
G1 X162.990 Y110.000 E2.19333
G1 X163.995 Y108.260 E2.28999
G1 X166.005 Y108.260 E2.38666
G1 X167.010 Y110.000 E2.48332
G1 X166.035 Y111.689 E2.57710
G1 X166.005 Y112.140 F7800.000
G1 E0.57710 F2400.000
G92 E0
G1 X163.550 Y72.488 F7800.000
G1 E2.00000 F2400.000
;TYPE:Perimeter
G1 F900.000
G1 X166.450 Y72.488 E2.13950
G1 X167.900 Y75.000 E2.27899
G1 X166.450 Y77.512 E2.41849
G1 X163.550 Y77.512 E2.55799
G1 X162.100 Y75.000 E2.69749
G1 X163.520 Y72.540 E2.83410
G1 X163.772 Y72.874 F7800.000
G1 F900.000
G1 X166.228 Y72.874 E2.95218
G1 X167.455 Y75.000 E3.07026
G1 X166.228 Y77.126 E3.18834
G1 X163.772 Y77.126 E3.30642
G1 X162.545 Y75.000 E3.42450
G1 X163.742 Y72.926 E3.53970
G1 X166.005 Y73.259 F7800.000
;TYPE:External perimeter
G1 F900.000
G1 X167.010 Y75.000 E3.63636
G1 X166.005 Y76.741 E3.73303
G1 X163.995 Y76.741 E3.82969
G1 X162.990 Y75.000 E3.92636
G1 X163.995 Y73.259 E4.02302
G1 X165.945 Y73.259 E4.11680
G1 X166.351 Y73.059 F7800.000
G1 E2.11680 F2400.000
G92 E0
G1 X83.550 Y72.488 F7800.000
G1 E2.00000 F2400.000
;TYPE:Perimeter
G1 F900.000
G1 X86.450 Y72.488 E2.13950
G1 X87.900 Y75.000 E2.27899
G1 X86.450 Y77.512 E2.41849
G1 X83.550 Y77.512 E2.55799
G1 X82.100 Y75.000 E2.69749
G1 X83.520 Y72.540 E2.83410
G1 X83.772 Y72.874 F7800.000
G1 F900.000
G1 X86.228 Y72.874 E2.95218
G1 X87.455 Y75.000 E3.07026
G1 X86.228 Y77.126 E3.18834
G1 X83.772 Y77.126 E3.30642
G1 X82.545 Y75.000 E3.42450
G1 X83.742 Y72.926 E3.53970
G1 X86.005 Y73.259 F7800.000
;TYPE:External perimeter
G1 F900.000
G1 X87.010 Y75.000 E3.63636
G1 X86.005 Y76.741 E3.73303
G1 X83.995 Y76.741 E3.82969
G1 X82.990 Y75.000 E3.92636
G1 X83.995 Y73.259 E4.02302
G1 X85.945 Y73.259 E4.11680
G1 X86.351 Y73.059 F7800.000
G1 E2.11680 F2400.000
G92 E0
G1 X83.550 Y107.488 F7800.000
G1 E2.00000 F2400.000
;TYPE:Perimeter
G1 F900.000
G1 X86.450 Y107.488 E2.13950
G1 X87.900 Y110.000 E2.27899
G1 X86.450 Y112.512 E2.41849
G1 X83.550 Y112.512 E2.55798
G1 X82.100 Y110.000 E2.69748
G1 X83.520 Y107.540 E2.83409
G1 X83.772 Y107.874 F7800.000
G1 F900.000
G1 X86.228 Y107.874 E2.95217
G1 X87.455 Y110.000 E3.07025
G1 X86.228 Y112.126 E3.18833
G1 X83.772 Y112.126 E3.30641
G1 X82.545 Y110.000 E3.42449
G1 X83.742 Y107.926 E3.53968
G1 E1.53968 F2400.000
G92 E0
G1 X86.005 Y111.740 F7800.000
G1 E2.00000 F2400.000
;TYPE:External perimeter
G1 F900.000
G1 X83.995 Y111.740 E2.09666
G1 X82.990 Y110.000 E2.19333
G1 X83.995 Y108.260 E2.28999
G1 X86.005 Y108.260 E2.38666
G1 X87.010 Y110.000 E2.48332
G1 X86.035 Y111.689 E2.57710
G1 X86.005 Y112.140 F7800.000
G1 E0.57710 F2400.000
G92 E0
G1 X80.996 Y70.996 F7800.000
G1 E2.00000 F2400.000
;TYPE:Perimeter
G1 F3600.000
G1 X90.326 Y70.996 E2.44873
;TYPE:Overhang perimeter
;WIDTH:0.4
;HEIGHT:0.4
M106 S255
G1 X159.709 Y70.996 E6.07362
M106 S89.25
;TYPE:Perimeter
;WIDTH:0.45
;HEIGHT:0.3
G1 X169.004 Y70.996 E6.52068
G1 X169.004 Y80.341 E6.97014
;TYPE:Overhang perimeter
;WIDTH:0.4
;HEIGHT:0.4
M106 S255
G1 X169.004 Y104.659 E8.24062
M106 S89.25
;TYPE:Perimeter
;WIDTH:0.45
;HEIGHT:0.3
G1 X169.004 Y114.004 E8.69008
G1 X159.709 Y114.004 E9.13714
;TYPE:Overhang perimeter
;WIDTH:0.4
;HEIGHT:0.4
M106 S255
G1 X90.326 Y114.004 E12.76203
M106 S89.25
;TYPE:Perimeter
;WIDTH:0.45
;HEIGHT:0.3
G1 X80.996 Y114.004 E13.21076
G1 X80.996 Y104.716 E13.65746
;TYPE:Overhang perimeter
;WIDTH:0.4
;HEIGHT:0.4
M106 S255
G1 X80.996 Y80.284 E14.93392
M106 S89.25
;TYPE:Perimeter
;WIDTH:0.45
;HEIGHT:0.3
G1 X80.996 Y71.056 E15.37774
G1 X80.611 Y70.611 F7800.000
G1 F3600.000
G1 X89.968 Y70.611 E15.82780
;TYPE:Overhang perimeter
;WIDTH:0.4
;HEIGHT:0.4
M106 S255
G1 X159.971 Y70.611 E19.48512
M106 S89.25
;TYPE:Perimeter
;WIDTH:0.45
;HEIGHT:0.3
G1 X169.389 Y70.611 E19.93809
G1 X169.389 Y80.013 E20.39032
;TYPE:Overhang perimeter
;WIDTH:0.4
;HEIGHT:0.4
M106 S255
G1 X169.389 Y104.987 E21.69507
M106 S89.25
;TYPE:Perimeter
;WIDTH:0.45
;HEIGHT:0.3
G1 X169.389 Y114.389 E22.14730
G1 X159.972 Y114.389 E22.60027
;TYPE:Overhang perimeter
;WIDTH:0.4
;HEIGHT:0.4
M106 S255
G1 X89.968 Y114.389 E26.25759
M106 S89.25
;TYPE:Perimeter
;WIDTH:0.45
;HEIGHT:0.3
G1 X80.611 Y114.389 E26.70765
G1 X80.611 Y105.024 E27.15811
;TYPE:Overhang perimeter
;WIDTH:0.4
;HEIGHT:0.4
M106 S255
G1 X80.611 Y79.976 E28.46670
M106 S89.25
;TYPE:Perimeter
;WIDTH:0.45
;HEIGHT:0.3
G1 X80.611 Y70.671 E28.91428
G1 X89.031 Y70.225 F7800.000
;TYPE:External perimeter
G1 F1800.000
G1 X89.610 Y70.225 E28.94216
;TYPE:Overhang perimeter
;WIDTH:0.4
;HEIGHT:0.4
M106 S255
G1 F3600.000
G1 X160.358 Y70.225 E32.63838
M106 S89.25
;TYPE:External perimeter
;WIDTH:0.45
;HEIGHT:0.3
G1 F1800.000
G1 X169.610 Y70.225 E33.08337
;TYPE:Overhang perimeter
;WIDTH:0.4
;HEIGHT:0.4
M106 S255
G1 F3600.000
G1 X169.775 Y70.225 E33.09198
G1 X169.775 Y70.403 E33.10125
M106 S89.25
;TYPE:External perimeter
;WIDTH:0.45
;HEIGHT:0.3
G1 F1800.000
G1 X169.775 Y79.597 E33.54350
;TYPE:Overhang perimeter
;WIDTH:0.4
;HEIGHT:0.4
M106 S255
G1 F3600.000
G1 X169.775 Y105.403 E34.89168
M106 S89.25
;TYPE:External perimeter
;WIDTH:0.45
;HEIGHT:0.3
G1 F1800.000
G1 X169.775 Y114.597 E35.33393
;TYPE:Overhang perimeter
;WIDTH:0.4
;HEIGHT:0.4
M106 S255
G1 F3600.000
G1 X169.775 Y114.775 E35.34320
G1 X169.610 Y114.775 E35.35181
M106 S89.25
;TYPE:External perimeter
;WIDTH:0.45
;HEIGHT:0.3
G1 F1800.000
G1 X160.358 Y114.775 E35.79680
;TYPE:Overhang perimeter
;WIDTH:0.4
;HEIGHT:0.4
M106 S255
G1 F3600.000
G1 X89.610 Y114.775 E39.49302
M106 S89.25
;TYPE:External perimeter
;WIDTH:0.45
;HEIGHT:0.3
G1 F1800.000
G1 X80.358 Y114.775 E39.93802
;TYPE:Overhang perimeter
;WIDTH:0.4
;HEIGHT:0.4
M106 S255
G1 F3600.000
G1 X80.225 Y114.775 E39.94497
G1 X80.225 Y114.669 E39.95052
M106 S89.25
;TYPE:External perimeter
;WIDTH:0.45
;HEIGHT:0.3
G1 F1800.000
G1 X80.225 Y105.331 E40.39963
;TYPE:Overhang perimeter
;WIDTH:0.4
;HEIGHT:0.4
M106 S255
G1 F3600.000
G1 X80.225 Y79.669 E41.74036
M106 S89.25
;TYPE:External perimeter
;WIDTH:0.45
;HEIGHT:0.3
G1 F1800.000
G1 X80.225 Y70.331 E42.18947
;TYPE:Overhang perimeter
;WIDTH:0.4
;HEIGHT:0.4
M106 S255
G1 F3600.000
G1 X80.225 Y70.225 E42.19501
G1 X80.358 Y70.225 E42.20197
M106 S89.25
;TYPE:External perimeter
;WIDTH:0.45
;HEIGHT:0.3
G1 F1800.000
G1 X88.971 Y70.225 E42.61619
G1 X84.358 Y72.199 F7800.000
;TYPE:Internal infill
G1 F4800.000
G1 X83.383 Y72.199 E42.66309
G1 X83.169 Y72.569 E42.68365
G1 X81.285 Y73.074 E42.77744
G1 X81.285 Y74.962 E42.86826
G1 X82.370 Y76.047 E42.94203
G1 X83.037 Y77.202 E43.00621
G1 X82.196 Y77.177 F7800.000
;TYPE:Bridge infill
;WIDTH:0.400681
;HEIGHT:0.4
M106 S255
G1 F3600.000
G1 X81.318 Y77.177 E43.05228
G1 X81.318 Y77.628 E43.07591
G1 X82.437 Y77.628 E43.13458
G1 X83.002 Y78.078 E43.17248
G1 X81.318 Y78.078 E43.26077
G1 X81.318 Y78.529 E43.28440
G1 X168.682 Y78.529 E47.86431
G1 X168.682 Y78.980 E47.88794
G1 X81.318 Y78.980 E52.46786
G1 X81.318 Y79.430 E52.49148
G1 X168.682 Y79.430 E57.07140
G1 X168.682 Y79.881 E57.09502
G1 X81.318 Y79.881 E61.67494
G1 X81.318 Y80.332 E61.69857
G1 X168.682 Y80.332 E66.27848
G1 X168.682 Y80.782 E66.30211
G1 X81.318 Y80.782 E70.88202
G1 X81.318 Y81.233 E70.90565
G1 X168.682 Y81.233 E75.48556
G1 X168.682 Y81.684 E75.50919
G1 X81.318 Y81.684 E80.08911
G1 X81.318 Y82.134 E80.11273
G1 X168.682 Y82.134 E84.69265
G1 X168.682 Y82.585 E84.71627
G1 X81.318 Y82.585 E89.29619
G1 X81.318 Y83.036 E89.31981
G1 X168.682 Y83.036 E93.89973
G1 X168.682 Y83.486 E93.92336
G1 X81.318 Y83.486 E98.50327
G1 X81.318 Y83.937 E98.52690
G1 X168.682 Y83.937 E103.10681
G1 X168.682 Y84.388 E103.13044
G1 X81.318 Y84.388 E107.71036
G1 X81.318 Y84.838 E107.73398
G1 X168.682 Y84.838 E112.31390
G1 X168.682 Y85.289 E112.33752
G1 X81.318 Y85.289 E116.91744
G1 X81.318 Y85.740 E116.94107
G1 X168.682 Y85.740 E121.52098
G1 X168.682 Y86.190 E121.54461
G1 X81.318 Y86.190 E126.12452
G1 X81.318 Y86.641 E126.14815
G1 X168.682 Y86.641 E130.72806
G1 X168.682 Y87.092 E130.75169
G1 X81.318 Y87.092 E135.33161
G1 X81.318 Y87.543 E135.35523
G1 X168.682 Y87.543 E139.93515
G1 X168.682 Y87.993 E139.95877
G1 X81.318 Y87.993 E144.53869
G1 X81.318 Y88.444 E144.56232
G1 X168.682 Y88.444 E149.14223
G1 X168.682 Y88.895 E149.16586
G1 X81.318 Y88.895 E153.74577
G1 X81.318 Y89.345 E153.76940
G1 X168.682 Y89.345 E158.34932
G1 X168.682 Y89.796 E158.37294
G1 X81.318 Y89.796 E162.95286
G1 X81.318 Y90.247 E162.97648
G1 X168.682 Y90.247 E167.55640
G1 X168.682 Y90.697 E167.58003
G1 X81.318 Y90.697 E172.15994
G1 X81.318 Y91.148 E172.18357
G1 X168.682 Y91.148 E176.76348
G1 X168.682 Y91.599 E176.78711
G1 X81.318 Y91.599 E181.36703
G1 X81.318 Y92.049 E181.39065
G1 X168.682 Y92.049 E185.97057
G1 X168.682 Y92.500 E185.99419
G1 X81.318 Y92.500 E190.57411
G1 X81.318 Y92.951 E190.59774
G1 X168.682 Y92.951 E195.17765
G1 X168.682 Y93.401 E195.20128
G1 X81.318 Y93.401 E199.78119
G1 X81.318 Y93.852 E199.80482
G1 X168.682 Y93.852 E204.38474
G1 X168.682 Y94.303 E204.40836
G1 X81.318 Y94.303 E208.98828
G1 X81.318 Y94.753 E209.01190
G1 X168.682 Y94.753 E213.59182
G1 X168.682 Y95.204 E213.61545
G1 X81.318 Y95.204 E218.19536
G1 X81.318 Y95.655 E218.21899
G1 X168.682 Y95.655 E222.79890
G1 X168.682 Y96.105 E222.82253
G1 X81.318 Y96.105 E227.40245
G1 X81.318 Y96.556 E227.42607
G1 X168.682 Y96.556 E232.00599
G1 X168.682 Y97.007 E232.02961
G1 X81.318 Y97.007 E236.60953
G1 X81.318 Y97.458 E236.63316
G1 X168.682 Y97.458 E241.21307
G1 X168.682 Y97.908 E241.23670
G1 X81.318 Y97.908 E245.81662
G1 X81.318 Y98.359 E245.84024
G1 X168.682 Y98.359 E250.42016
G1 X168.682 Y98.810 E250.44378
G1 X81.318 Y98.810 E255.02370
G1 X81.318 Y99.260 E255.04733
G1 X168.682 Y99.260 E259.62724
G1 X168.682 Y99.711 E259.65087
G1 X81.318 Y99.711 E264.23078
G1 X81.318 Y100.162 E264.25441
G1 X168.682 Y100.162 E268.83433
G1 X168.682 Y100.612 E268.85795
G1 X81.318 Y100.612 E273.43787
G1 X81.318 Y101.063 E273.46150
G1 X168.682 Y101.063 E278.04141
G1 X168.682 Y101.514 E278.06504
G1 X81.318 Y101.514 E282.64495
G1 X81.318 Y101.964 E282.66858
G1 X168.682 Y101.964 E287.24850
G1 X168.682 Y102.415 E287.27212
G1 X81.318 Y102.415 E291.85204
G1 X81.318 Y102.866 E291.87566
G1 X168.682 Y102.866 E296.45558
G1 X168.682 Y103.316 E296.47921
G1 X81.318 Y103.316 E301.05912
G1 X81.318 Y103.767 E301.08275
G1 X168.682 Y103.767 E305.66267
G1 X168.682 Y104.218 E305.68629
G1 X81.318 Y104.218 E310.26621
G1 X81.318 Y104.668 E310.28983
G1 X168.682 Y104.668 E314.86975
G1 X168.682 Y105.119 E314.89338
G1 X81.318 Y105.119 E319.47329
G1 X81.318 Y105.570 E319.49692
G1 X168.682 Y105.570 E324.07684
G1 X168.682 Y106.020 E324.10046
G1 X81.318 Y106.020 E328.68038
G1 X81.318 Y106.471 E328.70400
G1 X168.682 Y106.471 E333.28392
G1 X168.682 Y106.922 E333.30755
G1 X166.973 Y106.922 E333.39714
G1 X167.754 Y107.372 E333.44440
G1 X168.682 Y107.372 E333.49307
G1 X168.682 Y107.823 E333.51670
G1 X168.129 Y107.823 E333.54568
M106 S89.25
G1 X166.963 Y107.798 F7800.000
;TYPE:Internal infill
;WIDTH:0.45
;HEIGHT:0.3
G1 F4800.000
G1 X167.630 Y108.953 E333.60986
G1 X168.715 Y110.038 E333.68363
G1 X168.715 Y111.926 E333.77445
G1 X166.831 Y112.431 E333.86825
G1 X166.617 Y112.801 E333.88880
G1 X165.642 Y112.801 E333.93569
G1 X163.335 Y113.682 F7800.000
;TYPE:Bridge infill
;WIDTH:0.400681
;HEIGHT:0.4
M106 S255
G1 F3600.000
G1 X87.017 Y113.682 E337.93652
G1 X86.873 Y113.352 E337.95542
G1 X86.984 Y113.231 E337.96402
G1 X162.783 Y113.231 E341.93760
G1 X162.475 Y112.781 E341.96619
G1 X87.402 Y112.781 E345.90174
G1 X87.821 Y112.330 E345.93397
G1 X162.168 Y112.330 E349.83149
G1 X161.861 Y111.879 E349.86008
G1 X88.149 Y111.879 E353.72428
G1 X88.366 Y111.429 E353.75050
G1 X161.618 Y111.429 E357.59062
G1 X161.479 Y110.978 E357.61534
G1 X88.546 Y110.978 E361.43872
G1 X88.614 Y110.527 E361.46261
G1 X161.348 Y110.527 E365.27551
G1 X161.348 Y110.077 E365.29914
G1 X88.682 Y110.077 E369.10847
G1 X88.694 Y110.000 E369.11253
G1 X88.637 Y109.626 E369.13237
G1 X161.348 Y109.626 E372.94406
G1 X161.348 Y109.449 E372.95331
G1 X161.432 Y109.175 E372.96835
G1 X88.569 Y109.175 E376.78804
G1 X88.530 Y108.911 E376.80203
G1 X88.440 Y108.725 E376.81290
G1 X161.571 Y108.725 E380.64667
G1 X161.672 Y108.397 E380.66461
G1 X161.756 Y108.274 E380.67246
G1 X88.223 Y108.274 E384.52731
G1 X88.052 Y107.919 E384.54794
G1 X87.963 Y107.823 E384.55482
G1 X162.064 Y107.823 E388.43941
G1 X162.292 Y107.488 E388.46069
G1 X162.437 Y107.372 E388.47038
G1 X87.545 Y107.372 E392.39645
G1 X87.303 Y107.112 E392.41507
G1 X86.973 Y106.922 E392.43503
G1 X163.400 Y106.922 E396.44155
M106 S89.25
G1 X162.623 Y108.515 F7800.000
;TYPE:Internal infill
;WIDTH:0.45
;HEIGHT:0.3
G1 F4800.000
G1 X163.383 Y107.199 E396.51461
G1 X164.177 Y107.199 E396.55283
G1 X164.282 Y106.810 E396.57219
G1 X165.244 Y106.738 E396.61863
G1 X165.465 Y106.788 E396.62952
G1 X165.876 Y107.199 E396.65745
G1 X166.617 Y107.199 E396.69310
G1 X166.866 Y107.631 E396.71707
G1 X167.207 Y107.539 E396.73404
G1 X168.653 Y108.374 E396.81436
G1 X168.223 Y109.980 E396.89432
G1 X168.234 Y110.000 E396.89542
G1 X168.203 Y110.054 E396.89842
G1 X167.222 Y113.715 E397.08069
G1 X165.847 Y113.715 E397.14683
G1 X164.933 Y112.801 E397.20898
G1 X165.450 Y112.801 E397.23380
G1 X163.374 Y113.357 E397.33714
G1 X162.766 Y112.466 E397.38903
G1 X162.900 Y111.965 E397.41395
G1 X161.766 Y110.000 E397.52309
G1 X161.900 Y109.767 E397.53601
G1 X161.765 Y109.633 E397.54516
G1 X161.765 Y109.512 E397.55095
G1 X161.939 Y108.951 E397.57921
G1 X162.451 Y108.814 E397.60470
G1 X161.996 Y109.600 E397.64839
G1 E395.64839 F2400.000
G92 E0
G1 X168.885 Y77.177 F7800.000
G1 E2.00000 F2400.000
;TYPE:Bridge infill
;WIDTH:0.400681
;HEIGHT:0.4
M106 S255
G1 F3600.000
G1 X168.534 Y77.177 E2.01837
G1 X167.754 Y77.628 E2.06563
G1 X168.682 Y77.628 E2.11431
G1 X168.682 Y78.078 E2.13793
G1 X166.568 Y78.078 E2.24876
M106 S89.25
G1 X163.400 Y78.078 F7800.000
M106 S255
G1 F3600.000
G1 X86.973 Y78.078 E6.25529
G1 X87.303 Y77.888 E6.27526
G1 X87.544 Y77.628 E6.29387
G1 X162.437 Y77.628 E10.21995
G1 X162.292 Y77.512 E10.22964
G1 X162.064 Y77.177 E10.25092
G1 X87.963 Y77.177 E14.13552
G1 X88.052 Y77.081 E14.14239
G1 X88.223 Y76.726 E14.16302
G1 X161.756 Y76.726 E18.01788
G1 X161.672 Y76.603 E18.02572
G1 X161.571 Y76.276 E18.04367
G1 X88.440 Y76.276 E21.87744
G1 X88.530 Y76.089 E21.88831
G1 X88.569 Y75.825 E21.90230
G1 X161.432 Y75.825 E25.72199
G1 X161.348 Y75.551 E25.73704
G1 X161.348 Y75.374 E25.74628
G1 X88.637 Y75.374 E29.55797
G1 X88.694 Y75.000 E29.57781
G1 X88.682 Y74.923 E29.58186
G1 X161.348 Y74.923 E33.39120
G1 X161.348 Y74.473 E33.41483
G1 X88.614 Y74.473 E37.22773
G1 X88.546 Y74.022 E37.25162
G1 X161.479 Y74.022 E41.07499
G1 X161.618 Y73.571 E41.09972
G1 X88.366 Y73.571 E44.93983
G1 X88.149 Y73.121 E44.96606
G1 X161.861 Y73.121 E48.83025
G1 X162.168 Y72.670 E48.85884
G1 X87.821 Y72.670 E52.75636
G1 X87.402 Y72.219 E52.78859
G1 X162.475 Y72.219 E56.72413
G1 X162.783 Y71.769 E56.75272
G1 X86.984 Y71.769 E60.72630
G1 X86.873 Y71.648 E60.73491
G1 X87.017 Y71.318 E60.75380
G1 X163.335 Y71.318 E64.75463
M106 S89.25
G1 X166.533 Y71.285 F7800.000
;TYPE:Internal infill
;WIDTH:0.45
;HEIGHT:0.3
G1 F4800.000
G1 X164.219 Y71.285 E64.86591
G1 X163.974 Y72.199 E64.91140
G1 X163.597 Y72.199 E64.92957
G1 X163.239 Y71.841 E64.95390
G1 X162.053 Y73.581 E65.05516
G1 X161.765 Y74.512 E65.10206
G1 X161.765 Y75.463 E65.14776
G1 X161.997 Y75.401 E65.15930
G1 X162.762 Y76.725 E65.23284
G1 X162.623 Y77.242 E65.25857
G1 X163.364 Y77.833 E65.30418
G1 X164.272 Y78.189 E65.35107
G1 X165.244 Y78.262 E65.39797
G1 X166.195 Y78.045 E65.44487
G1 X167.382 Y77.360 E65.51080
G1 X167.824 Y75.711 E65.59291
G1 X167.562 Y76.164 E65.61812
G1 X168.254 Y76.856 E65.66519
G1 X168.715 Y76.590 E65.69077
G1 X168.715 Y73.601 E65.83456
G1 X167.599 Y73.900 E65.89011
G1 X168.084 Y74.740 E65.93677
G1 X168.715 Y72.387 E66.05392
G1 X168.715 Y71.285 E66.10691
G1 X167.503 Y71.285 E66.16520
G1 E64.16520 F2400.000
G92 E0
G1 X88.004 Y75.400 F7800.000
G1 E2.00000 F2400.000
G1 F4800.000
G1 X87.549 Y76.186 E2.04368
G1 X88.088 Y76.042 E2.07052
G1 X88.126 Y75.964 E2.07466
G1 X88.218 Y75.351 E2.10450
G1 X88.100 Y75.233 E2.11254
G1 X88.234 Y75.000 E2.12545
G1 X87.100 Y73.035 E2.23460
G1 X87.209 Y72.626 E2.25497
G1 X86.380 Y71.732 E2.31360
G1 X86.392 Y71.706 E2.31498
G1 X84.551 Y72.199 E2.40665
G1 X85.066 Y72.199 E2.43146
G1 X84.153 Y71.285 E2.49360
G1 X82.778 Y71.285 E2.55974
G1 X81.797 Y74.946 E2.74201
G1 X81.766 Y75.000 E2.74501
G1 X81.777 Y75.020 E2.74611
G1 X81.404 Y76.411 E2.81539
G1 X81.515 Y76.358 E2.82129
G1 X82.871 Y77.440 E2.90474
G1 X83.134 Y77.369 E2.91780
G1 X83.383 Y77.801 E2.94177
G1 X84.124 Y77.801 E2.97743
G1 X84.532 Y78.209 E3.00515
G1 X85.244 Y78.262 E3.03952
G1 X85.729 Y78.151 E3.06341
G1 X85.823 Y77.801 E3.08086
G1 X86.617 Y77.801 E3.11908
G1 X87.377 Y76.485 E3.19214
G1 E1.19214 F2400.000
G92 E0
G1 X83.400 Y106.922 F7800.000
G1 E2.00000 F2400.000
;TYPE:Bridge infill
;WIDTH:0.400681
;HEIGHT:0.4
M106 S255
G1 F3600.000
G1 X81.318 Y106.922 E2.10917
G1 X81.318 Y107.372 E2.13279
G1 X82.437 Y107.372 E2.19146
G1 X81.872 Y107.823 E2.22936
G1 X81.115 Y107.823 E2.26902
M106 S89.25
G1 X82.497 Y113.715 F7800.000
;TYPE:Internal infill
;WIDTH:0.45
;HEIGHT:0.3
G1 F4800.000
G1 X81.285 Y113.715 E2.32730
G1 X81.285 Y112.613 E2.38030
G1 X81.916 Y110.260 E2.49744
G1 X82.401 Y111.100 E2.54411
G1 X81.285 Y111.399 E2.59966
G1 X81.285 Y108.532 E2.73758
G1 X81.515 Y108.642 E2.74983
G1 X81.921 Y108.318 E2.77480
G1 X82.438 Y108.836 E2.80998
G1 X82.176 Y109.289 E2.83519
G1 X82.576 Y107.796 E2.90957
G1 X83.364 Y107.167 E2.95806
G1 X84.272 Y106.811 E3.00496
G1 X85.244 Y106.738 E3.05186
G1 X86.195 Y106.955 E3.09875
G1 X87.040 Y107.443 E3.14565
G1 X87.367 Y107.795 E3.16880
G1 X87.238 Y108.275 E3.19269
G1 X88.003 Y109.599 E3.26623
G1 X88.203 Y109.546 E3.27618
G1 X88.271 Y110.000 E3.29827
G1 X88.126 Y110.964 E3.34517
G1 X87.703 Y111.843 E3.39206
G1 X86.616 Y113.014 E3.46890
G1 X86.403 Y112.801 E3.48337
G1 X86.026 Y112.801 E3.50154
G1 X85.781 Y113.715 E3.54703
G1 X83.467 Y113.715 E3.65831
;LAYER_CHANGE
;Z:3.62
;HEIGHT:0.3
G1 Z3.620 F7800.000
G1 X163.550 Y107.488
;TYPE:Perimeter
G1 F900.000
G1 X166.450 Y107.488 E3.79780
G1 X167.900 Y110.000 E3.93730
G1 X166.450 Y112.512 E4.07680
G1 X163.550 Y112.512 E4.21629
G1 X162.100 Y110.000 E4.35579
G1 X163.520 Y107.540 E4.49240
G1 X163.772 Y107.874 F7800.000
G1 F900.000
G1 X166.228 Y107.874 E4.61048
G1 X167.455 Y110.000 E4.72856
G1 X166.228 Y112.126 E4.84664
G1 X163.772 Y112.126 E4.96472
G1 X162.545 Y110.000 E5.08280
G1 X163.742 Y107.926 E5.19799
G1 E3.19799 F2400.000
G92 E0
G1 X166.005 Y111.740 F7800.000
G1 E2.00000 F2400.000
;TYPE:External perimeter
G1 F900.000
G1 X163.995 Y111.740 E2.09666
G1 X162.990 Y110.000 E2.19333
G1 X163.995 Y108.260 E2.28999
G1 X166.005 Y108.260 E2.38666
G1 X167.010 Y110.000 E2.48332
G1 X166.035 Y111.689 E2.57710
G1 X166.005 Y112.140 F7800.000
G1 E0.57710 F2400.000
G92 E0
G1 X163.550 Y72.488 F7800.000
G1 E2.00000 F2400.000
;TYPE:Perimeter
G1 F900.000
G1 X166.450 Y72.488 E2.13950
G1 X167.900 Y75.000 E2.27899
G1 X166.450 Y77.512 E2.41849
G1 X163.550 Y77.512 E2.55799
G1 X162.100 Y75.000 E2.69749
G1 X163.520 Y72.540 E2.83410
G1 X163.772 Y72.874 F7800.000
G1 F900.000
G1 X166.228 Y72.874 E2.95218
G1 X167.455 Y75.000 E3.07026
G1 X166.228 Y77.126 E3.18834
G1 X163.772 Y77.126 E3.30642
G1 X162.545 Y75.000 E3.42450
G1 X163.742 Y72.926 E3.53970
G1 X166.005 Y73.259 F7800.000
;TYPE:External perimeter
G1 F900.000
G1 X167.010 Y75.000 E3.63636
G1 X166.005 Y76.741 E3.73303
G1 X163.995 Y76.741 E3.82969
G1 X162.990 Y75.000 E3.92636
G1 X163.995 Y73.259 E4.02302
G1 X165.945 Y73.259 E4.11680
G1 X166.351 Y73.059 F7800.000
G1 X83.550 Y72.488
;TYPE:Perimeter
G1 F900.000
G1 X86.450 Y72.488 E4.25630
G1 X87.900 Y75.000 E4.39579
G1 X86.450 Y77.512 E4.53529
G1 X83.550 Y77.512 E4.67479
G1 X82.100 Y75.000 E4.81428
G1 X83.520 Y72.540 E4.95090
G1 X83.772 Y72.874 F7800.000
G1 F900.000
G1 X86.228 Y72.874 E5.06898
G1 X87.455 Y75.000 E5.18706
G1 X86.228 Y77.126 E5.30514
G1 X83.772 Y77.126 E5.42322
G1 X82.545 Y75.000 E5.54130
G1 X83.742 Y72.926 E5.65650
G1 X86.005 Y73.259 F7800.000
;TYPE:External perimeter
G1 F900.000
G1 X87.010 Y75.000 E5.75316
G1 X86.005 Y76.741 E5.84982
G1 X83.995 Y76.741 E5.94649
G1 X82.990 Y75.000 E6.04315
G1 X83.995 Y73.259 E6.13982
G1 X85.945 Y73.259 E6.23360
G1 X86.351 Y73.059 F7800.000
G1 E4.23360 F2400.000
G92 E0
G1 X83.550 Y107.488 F7800.000
G1 E2.00000 F2400.000
;TYPE:Perimeter
G1 F900.000
G1 X86.450 Y107.488 E2.13950
G1 X87.900 Y110.000 E2.27899
G1 X86.450 Y112.512 E2.41849
G1 X83.550 Y112.512 E2.55798
G1 X82.100 Y110.000 E2.69748
G1 X83.520 Y107.540 E2.83409
G1 X83.772 Y107.874 F7800.000
G1 F900.000
G1 X86.228 Y107.874 E2.95217
G1 X87.455 Y110.000 E3.07025
G1 X86.228 Y112.126 E3.18833
G1 X83.772 Y112.126 E3.30641
G1 X82.545 Y110.000 E3.42449
G1 X83.742 Y107.926 E3.53968
G1 E1.53968 F2400.000
G92 E0
G1 X86.005 Y111.740 F7800.000
G1 E2.00000 F2400.000
;TYPE:External perimeter
G1 F900.000
G1 X83.995 Y111.740 E2.09666
G1 X82.990 Y110.000 E2.19333
G1 X83.995 Y108.260 E2.28999
G1 X86.005 Y108.260 E2.38666
G1 X87.010 Y110.000 E2.48332
G1 X86.035 Y111.689 E2.57710
G1 X86.005 Y112.140 F7800.000
G1 E0.57710 F2400.000
G92 E0
G1 X80.996 Y70.996 F7800.000
G1 E2.00000 F2400.000
;TYPE:Perimeter
G1 F3600.000
G1 X169.004 Y70.996 E6.23286
G1 X169.004 Y114.004 E8.30138
G1 X80.996 Y114.004 E12.53424
G1 X80.996 Y71.056 E14.59987
G1 X80.611 Y70.611 F7800.000
G1 F3600.000
G1 X169.389 Y70.611 E18.86982
G1 X169.389 Y114.389 E20.97543
G1 X80.611 Y114.389 E25.24539
G1 X80.611 Y70.671 E27.34811
G1 X80.225 Y70.225 F7800.000
;TYPE:External perimeter
G1 F1800.000
G1 X169.775 Y70.225 E31.65516
G1 X169.775 Y114.775 E33.79786
G1 X80.225 Y114.775 E38.10491
G1 X80.225 Y70.285 E40.24473
G1 X80.620 Y70.286 F7800.000
G1 X85.188 Y72.120
;TYPE:Solid infill
;WIDTH:0.450622
G1 F1200.000
G1 X86.023 Y71.285 E40.30161
G1 X86.569 Y71.285 E40.32792
G1 X85.656 Y72.199 E40.39016
G1 X86.202 Y72.199 E40.41648
G1 X87.116 Y71.285 E40.47872
G1 X87.662 Y71.285 E40.50503
G1 X86.665 Y72.282 E40.57294
G1 X86.865 Y72.628 E40.59220
G1 X88.208 Y71.285 E40.68370
G1 X88.754 Y71.285 E40.71001
G1 X87.065 Y72.975 E40.82510
G1 X87.265 Y73.321 E40.84437
G1 X89.301 Y71.285 E40.98305
G1 X89.847 Y71.285 E41.00936
G1 X87.465 Y73.667 E41.17164
G1 X87.665 Y74.014 E41.19090
G1 X90.393 Y71.285 E41.37677
G1 X90.939 Y71.285 E41.40308
G1 X87.865 Y74.360 E41.61255
G1 X87.901 Y74.423 E41.61603
G1 X88.511 Y74.007 E41.65162
G1 X88.544 Y74.226 E41.66234
G1 X91.486 Y71.285 E41.86270
G1 X92.032 Y71.285 E41.88902
G1 X88.616 Y74.701 E42.12172
G1 X88.661 Y75.000 E42.13628
G1 X88.625 Y75.238 E42.14789
G1 X92.578 Y71.285 E42.41718
G1 X93.124 Y71.285 E42.44350
G1 X88.283 Y76.127 E42.77332
G1 X88.247 Y75.160 F7800.000
;TYPE:Internal infill
;WIDTH:0.45
G1 F4800.000
G1 X88.271 Y75.000 E42.78111
G1 X88.221 Y74.671 E42.79712
G1 X88.094 Y74.758 E42.80452
G1 X88.234 Y75.000 E42.81799
G1 X88.100 Y75.233 E42.83091
G1 X88.218 Y75.351 E42.83895
G1 X88.126 Y75.964 E42.86878
G1 X88.088 Y76.042 E42.87292
G1 X87.549 Y76.186 E42.89976
G1 X86.617 Y77.801 E42.98944
G1 X85.823 Y77.801 E43.02766
G1 X85.729 Y78.151 E43.04511
G1 X85.244 Y78.262 E43.06899
G1 X84.532 Y78.209 E43.10337
G1 X84.124 Y77.801 E43.13109
G1 X83.383 Y77.801 E43.16675
G1 X83.134 Y77.369 E43.19072
G1 X82.871 Y77.440 E43.20378
G1 X81.515 Y76.358 E43.28723
G1 X81.404 Y76.411 E43.29313
G1 X81.777 Y75.020 E43.36241
G1 X81.766 Y75.000 E43.36351
G1 X81.797 Y74.946 E43.36651
G1 X82.778 Y71.285 E43.54878
G1 X84.153 Y71.285 E43.61492
G1 X84.814 Y71.946 E43.65987
G1 X84.789 Y72.002 E43.66281
G1 X84.888 Y72.109 E43.66979
G1 X84.551 Y72.199 E43.68659
G1 X83.383 Y72.199 E43.74275
G1 X83.169 Y72.569 E43.76331
G1 X81.285 Y73.074 E43.85711
G1 X81.285 Y74.962 E43.94793
G1 X82.370 Y76.047 E44.02170
G1 X83.037 Y77.202 E44.08588
G1 X81.112 Y77.289 F7800.000
;TYPE:Solid infill
;WIDTH:0.450622
G1 F1200.000
G1 X81.534 Y76.867 E44.11466
G1 X81.838 Y77.109 E44.13339
G1 X81.285 Y77.662 E44.17105
G1 X81.285 Y78.208 E44.19737
G1 X82.142 Y77.351 E44.25574
G1 X82.446 Y77.594 E44.27446
G1 X81.285 Y78.754 E44.35353
G1 X81.285 Y79.301 E44.37985
G1 X82.750 Y77.836 E44.47962
G1 X83.054 Y78.078 E44.49835
G1 X81.285 Y79.847 E44.61883
G1 X81.285 Y80.393 E44.64514
G1 X83.412 Y78.266 E44.79005
G1 X83.805 Y78.420 E44.81035
G1 X81.285 Y80.939 E44.98199
G1 X81.285 Y81.486 E45.00831
G1 X84.201 Y78.570 E45.20691
G1 X84.709 Y78.609 E45.23146
G1 X81.285 Y82.032 E45.46468
G1 X81.285 Y82.578 E45.49099
G1 X85.217 Y78.647 E45.75883
G1 X85.274 Y78.651 E45.76157
G1 X85.902 Y78.507 E45.79264
G1 X81.285 Y83.124 E46.10717
G1 X81.285 Y83.670 E46.13349
G1 X93.670 Y71.285 E46.97726
G1 X94.217 Y71.285 E47.00357
G1 X81.285 Y84.217 E47.88455
G1 X81.285 Y84.763 E47.91087
G1 X94.763 Y71.285 E48.82906
G1 X95.309 Y71.285 E48.85538
G1 X81.285 Y85.309 E49.81079
G1 X81.285 Y85.855 E49.83710
G1 X95.855 Y71.285 E50.82973
G1 X96.402 Y71.285 E50.85604
G1 X81.285 Y86.402 E51.88588
G1 X81.285 Y86.948 E51.91219
G1 X96.948 Y71.285 E52.97924
G1 X97.494 Y71.285 E53.00556
G1 X81.285 Y87.494 E54.10982
G1 X81.285 Y88.040 E54.13614
G1 X98.040 Y71.285 E55.27761
G1 X98.586 Y71.285 E55.30393
G1 X81.285 Y88.586 E56.48262
G1 X81.285 Y89.133 E56.50893
G1 X99.133 Y71.285 E57.72484
G1 X99.679 Y71.285 E57.75115
G1 X81.285 Y89.679 E59.00427
G1 X81.285 Y90.225 E59.03059
G1 X100.225 Y71.285 E60.32092
G1 X100.771 Y71.285 E60.34723
G1 X81.285 Y90.771 E61.67478
G1 X81.285 Y91.318 E61.70110
G1 X101.318 Y71.285 E63.06586
G1 X101.864 Y71.285 E63.09217
G1 X81.285 Y91.864 E64.49414
G1 X81.285 Y92.410 E64.52046
G1 X102.410 Y71.285 E65.95964
G1 X102.956 Y71.285 E65.98596
G1 X81.285 Y92.956 E67.46236
G1 X81.285 Y93.503 E67.48867
G1 X103.503 Y71.285 E69.00229
G1 X104.049 Y71.285 E69.02860
G1 X81.285 Y94.049 E70.57943
G1 X81.285 Y94.595 E70.60575
G1 X104.595 Y71.285 E72.19379
G1 X105.141 Y71.285 E72.22010
G1 X81.285 Y95.141 E73.84536
G1 X81.285 Y95.687 E73.87167
G1 X105.687 Y71.285 E75.53414
G1 X106.234 Y71.285 E75.56045
G1 X81.285 Y96.234 E77.26014
G1 X81.285 Y96.780 E77.28645
G1 X106.780 Y71.285 E79.02335
G1 X107.326 Y71.285 E79.04966
G1 X81.285 Y97.326 E80.82377
G1 X81.285 Y97.872 E80.85009
G1 X107.872 Y71.285 E82.66141
G1 X108.419 Y71.285 E82.68772
G1 X81.285 Y98.419 E84.53626
G1 X81.285 Y98.965 E84.56258
G1 X108.965 Y71.285 E86.44833
G1 X109.511 Y71.285 E86.47464
G1 X81.285 Y99.511 E88.39761
G1 X81.285 Y100.057 E88.42392
G1 X110.057 Y71.285 E90.38410
G1 X110.603 Y71.285 E90.41041
G1 X81.285 Y100.603 E92.40780
G1 X81.285 Y101.150 E92.43412
G1 X111.150 Y71.285 E94.46872
G1 X111.696 Y71.285 E94.49504
G1 X81.285 Y101.696 E96.56686
G1 X81.285 Y102.242 E96.59317
G1 X112.242 Y71.285 E98.70220
G1 X112.788 Y71.285 E98.72852
G1 X81.285 Y102.788 E100.87476
G1 X81.285 Y103.335 E100.90108
G1 X113.335 Y71.285 E103.08454
G1 X113.881 Y71.285 E103.11085
G1 X81.285 Y103.881 E105.33153
G1 X81.285 Y104.427 E105.35784
G1 X114.427 Y71.285 E107.61573
G1 X114.973 Y71.285 E107.64204
G1 X81.285 Y104.973 E109.93714
G1 X81.285 Y105.520 E109.96346
G1 X115.520 Y71.285 E112.29577
G1 X116.066 Y71.285 E112.32209
G1 X81.285 Y106.066 E114.69161
G1 X81.285 Y106.612 E114.71793
G1 X116.612 Y71.285 E117.12467
G1 X117.158 Y71.285 E117.15098
G1 X81.285 Y107.158 E119.59494
G1 X81.285 Y107.704 E119.62125
G1 X117.704 Y71.285 E122.10242
G1 X118.251 Y71.285 E122.12874
G1 X81.385 Y108.151 E124.64036
G1 X81.464 Y108.190 E124.64460
G1 X83.169 Y106.829 E124.74969
G1 X83.307 Y106.775 E124.75680
G1 X118.797 Y71.285 E127.17468
G1 X119.343 Y71.285 E127.20099
G1 X84.199 Y106.430 E129.59532
G1 X84.789 Y106.385 E129.62385
G1 X119.889 Y71.285 E132.01516
G1 X120.436 Y71.285 E132.04147
G1 X85.354 Y106.367 E134.43155
G1 X85.798 Y106.469 E134.45353
G1 X120.982 Y71.285 E136.85052
G1 X121.528 Y71.285 E136.87684
G1 X86.243 Y106.570 E139.28075
G1 X86.338 Y106.592 E139.28542
G1 X86.610 Y106.749 E139.30059
G1 X122.074 Y71.285 E141.71669
G1 X122.620 Y71.285 E141.74301
G1 X86.957 Y106.949 E144.17273
G1 X87.298 Y107.154 E144.19191
G1 X123.167 Y71.285 E146.63559
G1 X123.713 Y71.285 E146.66191
G1 X87.561 Y107.437 E149.12489
G1 X87.824 Y107.721 E149.14351
G1 X124.259 Y71.285 E151.62580
G1 X124.805 Y71.285 E151.65211
G1 X88.067 Y108.024 E154.15506
G1 X88.244 Y108.393 E154.17478
G1 X125.352 Y71.285 E156.70285
G1 X125.898 Y71.285 E156.72916
G1 X88.422 Y108.762 E159.28235
G1 X88.498 Y108.921 E159.29087
G1 X88.539 Y109.190 E159.30400
G1 X126.444 Y71.285 E161.88641
G1 X126.990 Y71.285 E161.91273
G1 X88.611 Y109.665 E164.52747
G1 X88.661 Y110.000 E164.54379
G1 X88.633 Y110.189 E164.55302
G1 X127.537 Y71.285 E167.20348
G1 X128.083 Y71.285 E167.22980
G1 X85.654 Y113.715 E170.12043
G1 X86.200 Y113.715 E170.14674
G1 X128.629 Y71.285 E173.03737
G1 X129.175 Y71.285 E173.06369
G1 X86.746 Y113.715 E175.95432
G1 X87.292 Y113.715 E175.98063
G1 X129.721 Y71.285 E178.87126
G1 X130.268 Y71.285 E178.89758
G1 X87.839 Y113.715 E181.78821
G1 X88.385 Y113.715 E181.81452
G1 X130.814 Y71.285 E184.70515
G1 X131.360 Y71.285 E184.73147
G1 X88.931 Y113.715 E187.62210
G1 X89.477 Y113.715 E187.64841
G1 X131.906 Y71.285 E190.53904
G1 X132.453 Y71.285 E190.56536
G1 X90.023 Y113.715 E193.45599
G1 X90.570 Y113.715 E193.48230
G1 X132.999 Y71.285 E196.37293
G1 X133.545 Y71.285 E196.39925
G1 X91.116 Y113.715 E199.28988
G1 X91.662 Y113.715 E199.31619
G1 X134.091 Y71.285 E202.20682
G1 X134.637 Y71.285 E202.23314
G1 X92.208 Y113.715 E205.12377
G1 X92.755 Y113.715 E205.15008
G1 X135.184 Y71.285 E208.04071
G1 X135.730 Y71.285 E208.06703
G1 X93.301 Y113.715 E210.95766
G1 X93.847 Y113.715 E210.98397
G1 X136.276 Y71.285 E213.87460
G1 X136.822 Y71.285 E213.90092
G1 X94.393 Y113.715 E216.79155
G1 X94.939 Y113.715 E216.81786
G1 X137.369 Y71.285 E219.70850
G1 X137.915 Y71.285 E219.73481
G1 X95.486 Y113.715 E222.62544
G1 X96.032 Y113.715 E222.65175
G1 X138.461 Y71.285 E225.54239
G1 X139.007 Y71.285 E225.56870
G1 X96.578 Y113.715 E228.45933
G1 X97.124 Y113.715 E228.48564
G1 X139.554 Y71.285 E231.37628
G1 X140.100 Y71.285 E231.40259
G1 X97.671 Y113.715 E234.29322
G1 X98.217 Y113.715 E234.31954
G1 X140.646 Y71.285 E237.21017
G1 X141.192 Y71.285 E237.23648
G1 X98.763 Y113.715 E240.12711
G1 X99.309 Y113.715 E240.15343
G1 X141.738 Y71.285 E243.04406
G1 X142.285 Y71.285 E243.07037
G1 X99.856 Y113.715 E245.96100
G1 X100.402 Y113.715 E245.98732
G1 X142.831 Y71.285 E248.87795
G1 X143.377 Y71.285 E248.90426
G1 X100.948 Y113.715 E251.79489
G1 X101.494 Y113.715 E251.82121
G1 X143.923 Y71.285 E254.71184
G1 X144.470 Y71.285 E254.73815
G1 X102.040 Y113.715 E257.62878
G1 X102.587 Y113.715 E257.65510
G1 X145.016 Y71.285 E260.54573
G1 X145.562 Y71.285 E260.57204
G1 X103.133 Y113.715 E263.46267
G1 X103.679 Y113.715 E263.48899
G1 X146.108 Y71.285 E266.37962
G1 X146.654 Y71.285 E266.40593
G1 X104.225 Y113.715 E269.29656
G1 X104.772 Y113.715 E269.32288
G1 X147.201 Y71.285 E272.21351
G1 X147.747 Y71.285 E272.23982
G1 X105.318 Y113.715 E275.13045
G1 X105.864 Y113.715 E275.15677
G1 X148.293 Y71.285 E278.04740
G1 X148.839 Y71.285 E278.07371
G1 X106.410 Y113.715 E280.96434
G1 X106.956 Y113.715 E280.99066
G1 X149.386 Y71.285 E283.88129
G1 X149.932 Y71.285 E283.90760
G1 X107.503 Y113.715 E286.79824
G1 X108.049 Y113.715 E286.82455
G1 X150.478 Y71.285 E289.71518
G1 X151.024 Y71.285 E289.74149
G1 X108.595 Y113.715 E292.63213
G1 X109.141 Y113.715 E292.65844
G1 X151.571 Y71.285 E295.54907
G1 X152.117 Y71.285 E295.57538
G1 X109.688 Y113.715 E298.46602
G1 X110.234 Y113.715 E298.49233
G1 X152.663 Y71.285 E301.38296
G1 X153.209 Y71.285 E301.40928
G1 X110.780 Y113.715 E304.29991
G1 X111.326 Y113.715 E304.32622
G1 X153.755 Y71.285 E307.21685
G1 X154.302 Y71.285 E307.24317
G1 X111.873 Y113.715 E310.13380
G1 X112.419 Y113.715 E310.16011
G1 X154.848 Y71.285 E313.05074
G1 X155.394 Y71.285 E313.07706
G1 X112.965 Y113.715 E315.96769
G1 X113.511 Y113.715 E315.99400
G1 X155.940 Y71.285 E318.88463
G1 X156.487 Y71.285 E318.91095
G1 X114.057 Y113.715 E321.80158
G1 X114.604 Y113.715 E321.82789
G1 X157.033 Y71.285 E324.71852
G1 X157.579 Y71.285 E324.74484
G1 X115.150 Y113.715 E327.63547
G1 X115.696 Y113.715 E327.66178
G1 X158.125 Y71.285 E330.55241
G1 X158.671 Y71.285 E330.57873
G1 X116.242 Y113.715 E333.46936
G1 X116.789 Y113.715 E333.49567
G1 X159.218 Y71.285 E336.38631
G1 X159.764 Y71.285 E336.41262
G1 X117.335 Y113.715 E339.30325
G1 X117.881 Y113.715 E339.32956
G1 X160.310 Y71.285 E342.22020
G1 X160.856 Y71.285 E342.24651
G1 X118.427 Y113.715 E345.13714
G1 X118.973 Y113.715 E345.16346
G1 X161.403 Y71.285 E348.05409
G1 X161.949 Y71.285 E348.08040
G1 X119.520 Y113.715 E350.97103
G1 X120.066 Y113.715 E350.99735
G1 X162.495 Y71.285 E353.88798
G1 X163.041 Y71.285 E353.91429
G1 X120.612 Y113.715 E356.80492
G1 X121.158 Y113.715 E356.83124
G1 X162.216 Y72.657 E359.62841
G1 X161.701 Y73.412 E359.67240
G1 X161.565 Y73.854 E359.69472
G1 X121.705 Y113.715 E362.41034
G1 X122.251 Y113.715 E362.43665
G1 X161.380 Y74.586 E365.10244
G1 X161.380 Y75.132 E365.12876
G1 X122.797 Y113.715 E367.75734
G1 X123.343 Y113.715 E367.78365
G1 X161.411 Y75.647 E370.37715
G1 X161.540 Y76.064 E370.39819
G1 X123.890 Y113.715 E372.96325
G1 X124.436 Y113.715 E372.98956
G1 X161.669 Y76.482 E375.52617
G1 X161.701 Y76.588 E375.53155
G1 X161.866 Y76.830 E375.54565
G1 X124.982 Y113.715 E378.05852
G1 X125.528 Y113.715 E378.08483
G1 X162.088 Y77.155 E380.57558
G1 X162.309 Y77.480 E380.59452
G1 X126.074 Y113.715 E383.06313
G1 X126.621 Y113.715 E383.08945
G1 X162.610 Y77.725 E385.54138
G1 X162.914 Y77.967 E385.56010
G1 X127.167 Y113.715 E387.99552
G1 X127.713 Y113.715 E388.02183
G1 X163.232 Y78.195 E390.44170
G1 X163.625 Y78.349 E390.46200
G1 X128.259 Y113.715 E392.87139
G1 X128.806 Y113.715 E392.89770
G1 X164.017 Y78.503 E395.29660
G1 X164.185 Y78.569 E395.30531
G1 X164.475 Y78.591 E395.31932
G1 X129.352 Y113.715 E397.71223
G1 X129.898 Y113.715 E397.73855
G1 X164.983 Y78.629 E400.12887
G1 X165.274 Y78.651 E400.14288
G1 X165.577 Y78.582 E400.15789
G1 X130.444 Y113.715 E402.55145
G1 X130.990 Y113.715 E402.57776
G1 X166.285 Y78.420 E404.98233
G1 X166.338 Y78.408 E404.98492
G1 X167.534 Y77.717 E405.05148
G1 X131.537 Y113.715 E407.50392
G1 X132.083 Y113.715 E407.53024
G1 X168.715 Y77.083 E410.02589
G1 X168.715 Y77.629 E410.05220
G1 X132.629 Y113.715 E412.51064
G1 X133.175 Y113.715 E412.53696
G1 X168.715 Y78.175 E414.95819
G1 X168.715 Y78.722 E414.98450
G1 X133.722 Y113.715 E417.36851
G1 X134.268 Y113.715 E417.39483
G1 X168.715 Y79.268 E419.74163
G1 X168.715 Y79.814 E419.76794
G1 X134.814 Y113.715 E422.07753
G1 X135.360 Y113.715 E422.10384
G1 X168.715 Y80.360 E424.37621
G1 X168.715 Y80.907 E424.40253
G1 X135.907 Y113.715 E426.63768
G1 X136.453 Y113.715 E426.66400
G1 X168.715 Y81.453 E428.86194
G1 X168.715 Y81.999 E428.88826
G1 X136.999 Y113.715 E431.04899
G1 X137.545 Y113.715 E431.07530
G1 X168.715 Y82.545 E433.19882
G1 X168.715 Y83.091 E433.22514
G1 X138.091 Y113.715 E435.31144
G1 X138.638 Y113.715 E435.33775
G1 X168.715 Y83.638 E437.38684
G1 X168.715 Y84.184 E437.41316
G1 X139.184 Y113.715 E439.42504
G1 X139.730 Y113.715 E439.45135
G1 X168.715 Y84.730 E441.42601
G1 X168.715 Y85.276 E441.45233
G1 X140.276 Y113.715 E443.38978
G1 X140.823 Y113.715 E443.41609
G1 X168.715 Y85.823 E445.31633
G1 X168.715 Y86.369 E445.34264
G1 X141.369 Y113.715 E447.20566
G1 X141.915 Y113.715 E447.23198
G1 X168.715 Y86.915 E449.05779
G1 X168.715 Y87.461 E449.08410
G1 X142.461 Y113.715 E450.87270
G1 X143.007 Y113.715 E450.89901
G1 X168.715 Y88.008 E452.65039
G1 X168.715 Y88.554 E452.67671
G1 X143.554 Y113.715 E454.39087
G1 X144.100 Y113.715 E454.41719
G1 X168.715 Y89.100 E456.09414
G1 X168.715 Y89.646 E456.12046
G1 X144.646 Y113.715 E457.76020
G1 X145.192 Y113.715 E457.78651
G1 X168.715 Y90.192 E459.38904
G1 X168.715 Y90.739 E459.41535
G1 X145.739 Y113.715 E460.98067
G1 X146.285 Y113.715 E461.00698
G1 X168.715 Y91.285 E462.53508
G1 X168.715 Y91.831 E462.56140
G1 X146.831 Y113.715 E464.05228
G1 X147.377 Y113.715 E464.07860
G1 X168.715 Y92.377 E465.53227
G1 X168.715 Y92.924 E465.55858
G1 X147.924 Y113.715 E466.97504
G1 X148.470 Y113.715 E467.00136
G1 X168.715 Y93.470 E468.38060
G1 X168.715 Y94.016 E468.40692
G1 X149.016 Y113.715 E469.74895
G1 X149.562 Y113.715 E469.77526
G1 X168.715 Y94.562 E471.08008
G1 X168.715 Y95.108 E471.10640
G1 X150.108 Y113.715 E472.37400
G1 X150.655 Y113.715 E472.40032
G1 X168.715 Y95.655 E473.63071
G1 X168.715 Y96.201 E473.65702
G1 X151.201 Y113.715 E474.85020
G1 X151.747 Y113.715 E474.87651
G1 X168.715 Y96.747 E476.03248
G1 X168.715 Y97.293 E476.05879
G1 X152.293 Y113.715 E477.17754
G1 X152.840 Y113.715 E477.20386
G1 X168.715 Y97.840 E478.28539
G1 X168.715 Y98.386 E478.31171
G1 X153.386 Y113.715 E479.35603
G1 X153.932 Y113.715 E479.38234
G1 X168.715 Y98.932 E480.38945
G1 X168.715 Y99.478 E480.41577
G1 X154.478 Y113.715 E481.38566
G1 X155.024 Y113.715 E481.41198
G1 X168.715 Y100.025 E482.34466
G1 X168.715 Y100.571 E482.37098
G1 X155.397 Y113.888 E483.27827
G1 X162.623 Y108.515 F7800.000
;TYPE:Internal infill
;WIDTH:0.45
G1 F4800.000
G1 X163.383 Y107.199 E483.35133
G1 X164.177 Y107.199 E483.38955
G1 X164.282 Y106.810 E483.40891
G1 X165.244 Y106.738 E483.45535
G1 X165.465 Y106.788 E483.46623
G1 X165.876 Y107.199 E483.49417
G1 X166.617 Y107.199 E483.52982
G1 X166.866 Y107.631 E483.55379
G1 X167.207 Y107.539 E483.57076
G1 X168.653 Y108.374 E483.65108
G1 X168.223 Y109.980 E483.73104
G1 X168.234 Y110.000 E483.73214
G1 X168.203 Y110.054 E483.73514
G1 X167.222 Y113.715 E483.91741
G1 X165.847 Y113.715 E483.98355
G1 X164.933 Y112.801 E484.04570
G1 X165.450 Y112.801 E484.07052
G1 X163.374 Y113.357 E484.17386
G1 X162.766 Y112.466 E484.22575
G1 X162.900 Y111.965 E484.25067
G1 X161.766 Y110.000 E484.35981
G1 X161.900 Y109.767 E484.37273
G1 X161.765 Y109.633 E484.38188
G1 X161.765 Y109.512 E484.38767
G1 X161.939 Y108.951 E484.41593
G1 X162.451 Y108.814 E484.44142
G1 X161.996 Y109.600 E484.48511
G1 X162.498 Y113.888 F7800.000
;TYPE:Solid infill
;WIDTH:0.450622
G1 F1200.000
G1 X162.957 Y113.430 E484.51635
G1 X162.735 Y113.105 E484.53529
G1 X162.125 Y113.715 E484.57683
G1 X161.579 Y113.715 E484.60315
G1 X162.514 Y112.780 E484.66682
G1 X162.292 Y112.455 E484.68576
G1 X161.033 Y113.715 E484.77156
G1 X160.487 Y113.715 E484.79787
G1 X162.071 Y112.130 E484.90580
G1 X161.850 Y111.806 E484.92474
G1 X159.941 Y113.715 E485.05479
G1 X159.394 Y113.715 E485.08111
G1 X161.659 Y111.450 E485.23538
G1 X161.530 Y111.033 E485.25643
G1 X158.848 Y113.715 E485.43914
G1 X158.302 Y113.715 E485.46546
G1 X161.401 Y110.615 E485.67661
G1 X161.380 Y110.546 E485.68011
G1 X161.380 Y110.090 E485.70205
G1 X157.756 Y113.715 E485.94896
G1 X157.209 Y113.715 E485.97527
G1 X161.380 Y109.544 E486.25939
G1 X161.380 Y109.454 E486.26372
G1 X161.583 Y108.794 E486.29699
G1 X156.663 Y113.715 E486.63220
G1 X156.117 Y113.715 E486.65851
G1 X168.715 Y101.117 E487.51677
G1 X168.715 Y101.663 E487.54308
G1 X163.793 Y106.585 E487.87837
G1 X164.185 Y106.431 E487.89867
G1 X164.518 Y106.406 E487.91475
G1 X168.715 Y102.209 E488.20064
G1 X168.715 Y102.756 E488.22696
G1 X165.109 Y106.362 E488.47262
G1 X165.274 Y106.349 E488.48059
G1 X165.594 Y106.422 E488.49642
G1 X168.715 Y103.302 E488.70902
G1 X168.715 Y103.848 E488.73533
G1 X166.039 Y106.524 E488.91762
G1 X166.338 Y106.592 E488.93238
G1 X166.451 Y106.658 E488.93871
G1 X168.715 Y104.394 E489.09290
G1 X168.715 Y104.941 E489.11922
G1 X166.798 Y106.858 E489.24982
G1 X167.144 Y107.057 E489.26908
G1 X168.715 Y105.487 E489.37609
G1 X168.715 Y106.033 E489.40241
G1 X167.490 Y107.257 E489.48582
G1 X167.836 Y107.457 E489.50509
G1 X168.715 Y106.579 E489.56491
G1 X168.715 Y107.125 E489.59122
G1 X168.183 Y107.657 E489.62746
G1 X168.529 Y107.857 E489.64672
G1 X168.888 Y107.498 E489.67118
G1 X166.963 Y107.798 F7800.000
;TYPE:Internal infill
;WIDTH:0.45
G1 F4800.000
G1 X167.630 Y108.953 E489.73536
G1 X168.715 Y110.038 E489.80914
G1 X168.715 Y111.926 E489.89995
G1 X166.831 Y112.431 E489.99375
G1 X166.617 Y112.801 E490.01431
G1 X165.642 Y112.801 E490.06119
G1 E488.06119 F2400.000
G92 E0
G1 X166.533 Y71.285 F7800.000
G1 E2.00000 F2400.000
G1 F4800.000
G1 X164.219 Y71.285 E2.11128
G1 X163.974 Y72.199 E2.15677
G1 X163.597 Y72.199 E2.17494
G1 X163.239 Y71.841 E2.19927
G1 X162.053 Y73.581 E2.30053
G1 X161.765 Y74.512 E2.34743
G1 X161.765 Y75.463 E2.39313
G1 X161.997 Y75.401 E2.40467
G1 X162.762 Y76.725 E2.47821
G1 X162.623 Y77.242 E2.50394
G1 X163.364 Y77.833 E2.54955
G1 X164.272 Y78.189 E2.59644
G1 X165.244 Y78.262 E2.64334
G1 X166.195 Y78.045 E2.69024
G1 X167.382 Y77.360 E2.75617
G1 X167.824 Y75.711 E2.83828
G1 X167.562 Y76.164 E2.86349
G1 X168.254 Y76.856 E2.91056
G1 X168.715 Y76.590 E2.93614
G1 X168.715 Y73.601 E3.07993
G1 X167.599 Y73.900 E3.13548
G1 X168.084 Y74.740 E3.18214
G1 X168.715 Y72.387 E3.29929
G1 X168.715 Y71.285 E3.35229
G1 X167.503 Y71.285 E3.41057
G1 X85.265 Y113.557 F7800.000
;TYPE:Solid infill
;WIDTH:0.450622
G1 F1200.000
G1 X86.195 Y112.627 E3.47391
G1 X86.957 Y111.864 F7800.000
G1 F1200.000
G1 X88.230 Y110.592 E3.56062
G1 X87.498 Y107.937 F7800.000
;TYPE:Internal infill
;WIDTH:0.45
G1 F4800.000
G1 X87.703 Y108.157 E3.57509
G1 X88.126 Y109.036 E3.62199
G1 X88.203 Y109.546 E3.64680
G1 X88.003 Y109.599 E3.65674
G1 X87.238 Y108.275 E3.73028
G1 X87.367 Y107.795 E3.75417
G1 X87.040 Y107.443 E3.77732
G1 X86.195 Y106.955 E3.82422
G1 X85.244 Y106.738 E3.87111
G1 X84.272 Y106.811 E3.91802
G1 X83.364 Y107.167 E3.96491
G1 X82.576 Y107.796 E4.01341
G1 X82.176 Y109.289 E4.08778
G1 X82.438 Y108.836 E4.11299
G1 X81.921 Y108.318 E4.14817
G1 X81.515 Y108.642 E4.17314
G1 X81.285 Y108.532 E4.18539
G1 X81.285 Y111.399 E4.32331
G1 X82.401 Y111.100 E4.37886
G1 X81.916 Y110.260 E4.42553
G1 X81.285 Y112.613 E4.54267
G1 X81.285 Y113.715 E4.59567
G1 X82.497 Y113.715 E4.65395
;LAYER_CHANGE
;Z:3.92
;HEIGHT:0.3
G1 Z3.920 F7800.000
G1 E2.65395 F2400.000
G92 E0
G1 X163.550 Y107.488 F7800.000
G1 E2.00000 F2400.000
;TYPE:Perimeter
G1 F900.000
G1 X166.450 Y107.488 E2.13950
G1 X167.900 Y110.000 E2.27899
G1 X166.450 Y112.512 E2.41849
G1 X163.550 Y112.512 E2.55798
G1 X162.100 Y110.000 E2.69748
G1 X163.520 Y107.540 E2.83409
G1 X163.772 Y107.874 F7800.000
G1 F900.000
G1 X166.228 Y107.874 E2.95217
G1 X167.455 Y110.000 E3.07025
G1 X166.228 Y112.126 E3.18833
G1 X163.772 Y112.126 E3.30641
G1 X162.545 Y110.000 E3.42449
G1 X163.742 Y107.926 E3.53968
G1 E1.53968 F2400.000
G92 E0
G1 X166.005 Y111.740 F7800.000
G1 E2.00000 F2400.000
;TYPE:External perimeter
G1 F900.000
G1 X163.995 Y111.740 E2.09666
G1 X162.990 Y110.000 E2.19333
G1 X163.995 Y108.260 E2.28999
G1 X166.005 Y108.260 E2.38666
G1 X167.010 Y110.000 E2.48332
G1 X166.035 Y111.689 E2.57710
G1 X166.005 Y112.140 F7800.000
G1 E0.57710 F2400.000
G92 E0
G1 X163.550 Y72.488 F7800.000
G1 E2.00000 F2400.000
;TYPE:Perimeter
G1 F900.000
G1 X166.450 Y72.488 E2.13950
G1 X167.900 Y75.000 E2.27899
G1 X166.450 Y77.512 E2.41849
G1 X163.550 Y77.512 E2.55799
G1 X162.100 Y75.000 E2.69749
G1 X163.520 Y72.540 E2.83410
G1 X163.772 Y72.874 F7800.000
G1 F900.000
G1 X166.228 Y72.874 E2.95218
G1 X167.455 Y75.000 E3.07026
G1 X166.228 Y77.126 E3.18834
G1 X163.772 Y77.126 E3.30642
G1 X162.545 Y75.000 E3.42450
G1 X163.742 Y72.926 E3.53970
G1 X166.005 Y73.259 F7800.000
;TYPE:External perimeter
G1 F900.000
G1 X167.010 Y75.000 E3.63636
G1 X166.005 Y76.741 E3.73303
G1 X163.995 Y76.741 E3.82969
G1 X162.990 Y75.000 E3.92636
G1 X163.995 Y73.259 E4.02302
G1 X165.945 Y73.259 E4.11680
G1 X166.351 Y73.059 F7800.000
G1 E2.11680 F2400.000
G92 E0
G1 X83.550 Y72.488 F7800.000
G1 E2.00000 F2400.000
;TYPE:Perimeter
G1 F900.000
G1 X86.450 Y72.488 E2.13950
G1 X87.900 Y75.000 E2.27899
G1 X86.450 Y77.512 E2.41849
G1 X83.550 Y77.512 E2.55799
G1 X82.100 Y75.000 E2.69749
G1 X83.520 Y72.540 E2.83410
G1 X83.772 Y72.874 F7800.000
G1 F900.000
G1 X86.228 Y72.874 E2.95218
G1 X87.455 Y75.000 E3.07026
G1 X86.228 Y77.126 E3.18834
G1 X83.772 Y77.126 E3.30642
G1 X82.545 Y75.000 E3.42450
G1 X83.742 Y72.926 E3.53970
G1 X86.005 Y73.259 F7800.000
;TYPE:External perimeter
G1 F900.000
G1 X87.010 Y75.000 E3.63636
G1 X86.005 Y76.741 E3.73303
G1 X83.995 Y76.741 E3.82969
G1 X82.990 Y75.000 E3.92636
G1 X83.995 Y73.259 E4.02302
G1 X85.945 Y73.259 E4.11680
G1 X86.351 Y73.059 F7800.000
G1 E2.11680 F2400.000
G92 E0
G1 X83.550 Y107.488 F7800.000
G1 E2.00000 F2400.000
;TYPE:Perimeter
G1 F900.000
G1 X86.450 Y107.488 E2.13950
G1 X87.900 Y110.000 E2.27899
G1 X86.450 Y112.512 E2.41849
G1 X83.550 Y112.512 E2.55798
G1 X82.100 Y110.000 E2.69748
G1 X83.520 Y107.540 E2.83409
G1 X83.772 Y107.874 F7800.000
G1 F900.000
G1 X86.228 Y107.874 E2.95217
G1 X87.455 Y110.000 E3.07025
G1 X86.228 Y112.126 E3.18833
G1 X83.772 Y112.126 E3.30641
G1 X82.545 Y110.000 E3.42449
G1 X83.742 Y107.926 E3.53968
G1 E1.53968 F2400.000
G92 E0
G1 X86.005 Y111.740 F7800.000
G1 E2.00000 F2400.000
;TYPE:External perimeter
G1 F900.000
G1 X83.995 Y111.740 E2.09666
G1 X82.990 Y110.000 E2.19333
G1 X83.995 Y108.260 E2.28999
G1 X86.005 Y108.260 E2.38666
G1 X87.010 Y110.000 E2.48332
G1 X86.035 Y111.689 E2.57710
G1 X86.005 Y112.140 F7800.000
G1 E0.57710 F2400.000
G92 E0
G1 X80.996 Y70.996 F7800.000
G1 E2.00000 F2400.000
;TYPE:Perimeter
G1 F3600.000
G1 X169.004 Y70.996 E6.23286
G1 X169.004 Y114.004 E8.30138
G1 X80.996 Y114.004 E12.53424
G1 X80.996 Y71.056 E14.59987
G1 X80.611 Y70.611 F7800.000
G1 F3600.000
G1 X169.389 Y70.611 E18.86982
G1 X169.389 Y114.389 E20.97543
G1 X80.611 Y114.389 E25.24539
G1 X80.611 Y70.671 E27.34811
G1 X80.225 Y70.225 F7800.000
;TYPE:External perimeter
G1 F1800.000
G1 X169.775 Y70.225 E31.65516
G1 X169.775 Y114.775 E33.79786
G1 X80.225 Y114.775 E38.10491
G1 X80.225 Y70.285 E40.24473
G1 X80.620 Y70.286 F7800.000
G1 X86.195 Y72.373
;TYPE:Solid infill
;WIDTH:0.450622
G1 F1200.000
G1 X85.397 Y71.575 E40.29909
G1 X85.523 Y71.285 E40.31429
G1 X85.654 Y71.285 E40.32059
G1 X88.566 Y74.198 E40.51904
G1 X88.588 Y73.674 E40.54432
G1 X86.200 Y71.285 E40.70704
G1 X86.746 Y71.285 E40.73335
G1 X88.630 Y73.170 E40.86172
G1 X88.719 Y72.712 E40.88418
G1 X87.292 Y71.285 E40.98135
G1 X87.839 Y71.285 E41.00767
G1 X88.838 Y72.285 E41.07573
G1 X88.971 Y71.871 E41.09665
G1 X88.385 Y71.285 E41.13656
G1 X88.931 Y71.285 E41.16287
G1 X89.273 Y71.628 E41.18619
G1 X88.802 Y74.980 F7800.000
G1 F1200.000
G1 X87.432 Y73.610 E41.27958
G1 X88.178 Y74.902 E41.35148
G1 X88.710 Y75.434 E41.38771
G1 X88.929 Y76.200 E41.42610
G1 X88.050 Y75.320 E41.48605
G1 X87.850 Y75.666 E41.50531
G1 X90.419 Y78.236 E41.68038
G1 X84.317 Y77.801 F7800.000
;TYPE:Internal infill
;WIDTH:0.45
G1 F4800.000
G1 X85.823 Y77.801 E41.75279
G1 X85.729 Y78.151 E41.77024
G1 X85.244 Y78.262 E41.79412
G1 X84.532 Y78.209 E41.82850
G1 X84.124 Y77.801 E41.85622
G1 X83.383 Y77.801 E41.89188
G1 X83.134 Y77.369 E41.91585
G1 X82.871 Y77.440 E41.92891
G1 X81.515 Y76.358 E42.01236
G1 X81.404 Y76.411 E42.01826
G1 X81.777 Y75.020 E42.08754
G1 X81.766 Y75.000 E42.08864
G1 X81.797 Y74.946 E42.09164
G1 X82.778 Y71.285 E42.27391
G1 X84.153 Y71.285 E42.34005
G1 X84.814 Y71.946 E42.38500
G1 X84.789 Y72.002 E42.38794
G1 X84.888 Y72.109 E42.39492
G1 X84.551 Y72.199 E42.41172
G1 X83.383 Y72.199 E42.46788
G1 X83.169 Y72.569 E42.48844
G1 X81.285 Y73.074 E42.58224
G1 X81.285 Y74.962 E42.67305
G1 X82.370 Y76.047 E42.74683
G1 X83.037 Y77.202 E42.81101
G1 X85.425 Y106.562 F7800.000
;TYPE:Solid infill
;WIDTH:0.450622
G1 F1200.000
G1 X81.285 Y102.422 E43.09304
G1 X81.285 Y102.968 E43.11936
G1 X84.709 Y106.392 E43.35258
G1 X84.201 Y106.430 E43.37713
G1 X81.285 Y103.514 E43.57573
G1 X81.285 Y104.061 E43.60204
G1 X83.805 Y106.580 E43.77369
G1 X83.413 Y106.734 E43.79399
G1 X81.285 Y104.607 E43.93890
G1 X81.285 Y105.153 E43.96522
G1 X83.054 Y106.922 E44.08570
G1 X82.750 Y107.164 E44.10442
G1 X81.285 Y105.699 E44.20420
G1 X81.285 Y106.246 E44.23051
G1 X82.446 Y107.406 E44.30959
G1 X82.142 Y107.649 E44.32831
G1 X81.285 Y106.792 E44.38668
G1 X81.285 Y107.338 E44.41300
G1 X81.838 Y107.891 E44.45067
G1 X81.534 Y108.133 E44.46939
G1 X81.112 Y107.711 E44.49818
G1 X84.602 Y106.786 F7800.000
;TYPE:Internal infill
;WIDTH:0.45
G1 F4800.000
G1 X84.272 Y106.811 E44.51407
G1 X83.364 Y107.167 E44.56097
G1 X82.576 Y107.796 E44.60946
G1 X82.176 Y109.289 E44.68384
G1 X82.438 Y108.836 E44.70905
G1 X81.921 Y108.318 E44.74423
G1 X81.515 Y108.642 E44.76920
G1 X81.285 Y108.532 E44.78145
G1 X81.285 Y111.399 E44.91937
G1 X82.401 Y111.100 E44.97492
G1 X81.916 Y110.260 E45.02158
G1 X81.285 Y112.613 E45.13873
G1 X81.285 Y113.715 E45.19172
G1 X82.497 Y113.715 E45.25001
G1 X85.188 Y112.880 F7800.000
;TYPE:Solid infill
;WIDTH:0.450622
G1 F1200.000
G1 X86.023 Y113.715 E45.30690
G1 X86.569 Y113.715 E45.33321
G1 X85.656 Y112.801 E45.39545
G1 X86.202 Y112.801 E45.42177
G1 X87.116 Y113.715 E45.48401
G1 X87.662 Y113.715 E45.51033
G1 X86.665 Y112.718 E45.57824
G1 X86.865 Y112.371 E45.59750
G1 X88.208 Y113.715 E45.68900
G1 X88.754 Y113.715 E45.71531
G1 X87.065 Y112.025 E45.83041
G1 X87.265 Y111.679 E45.84967
G1 X89.316 Y113.715 E45.98888
G1 X88.764 Y113.164 E46.02643
G1 X88.764 Y112.632 E46.05205
G1 X87.465 Y111.333 E46.14057
G1 X87.665 Y110.986 E46.15983
G1 X88.764 Y112.086 E46.23473
G1 X88.764 Y111.539 E46.26104
G1 X87.865 Y110.640 E46.32232
G1 X88.065 Y110.294 E46.34158
G1 X88.764 Y110.993 E46.38924
G1 X88.764 Y110.447 E46.41555
G1 X88.121 Y109.804 E46.45937
G1 X87.375 Y108.511 E46.53126
G1 X88.764 Y109.901 E46.62592
G1 X88.764 Y109.355 E46.65223
G1 X81.285 Y101.876 E47.16175
G1 X81.285 Y101.330 E47.18807
G1 X88.764 Y108.808 E47.69759
G1 X88.764 Y108.262 E47.72390
G1 X81.285 Y100.783 E48.23342
G1 X81.285 Y100.237 E48.25973
G1 X88.764 Y107.716 E48.76925
G1 X88.764 Y107.170 E48.79556
G1 X81.285 Y99.691 E49.30508
G1 X81.285 Y99.145 E49.33140
G1 X88.791 Y106.650 E49.84276
G1 X89.064 Y106.377 E49.86137
G1 X81.285 Y98.598 E50.39133
G1 X81.285 Y98.052 E50.41765
G1 X89.337 Y106.104 E50.96622
G1 X89.611 Y105.831 E50.98483
G1 X81.285 Y97.506 E51.55201
G1 X81.285 Y96.960 E51.57832
G1 X89.884 Y105.558 E52.16411
G1 X90.157 Y105.285 E52.18272
G1 X81.285 Y96.413 E52.78712
G1 X81.285 Y95.867 E52.81343
G1 X90.430 Y105.012 E53.43643
G1 X90.635 Y104.807 E53.45037
G1 X90.772 Y104.807 E53.45697
G1 X81.285 Y95.321 E54.10325
G1 X81.285 Y94.775 E54.12957
G1 X91.318 Y104.807 E54.81306
G1 X91.864 Y104.807 E54.83937
G1 X81.285 Y94.229 E55.56008
G1 X81.285 Y93.682 E55.58639
G1 X92.410 Y104.807 E56.34431
G1 X92.957 Y104.807 E56.37063
G1 X81.285 Y93.136 E57.16576
G1 X81.285 Y92.590 E57.19207
G1 X93.503 Y104.807 E58.02442
G1 X93.798 Y104.807 E58.03867
G1 X94.346 Y105.355 E58.07599
G1 X94.491 Y105.250 E58.08463
G1 X81.285 Y92.044 E58.98433
G1 X81.285 Y91.497 E59.01064
G1 X94.873 Y105.085 E59.93637
G1 X95.148 Y104.967 E59.95078
G1 X95.278 Y104.944 E59.95712
G1 X81.285 Y90.951 E60.91039
G1 X81.285 Y90.405 E60.93671
G1 X95.739 Y104.858 E61.92139
G1 X96.200 Y104.773 E61.94398
G1 X81.285 Y89.859 E62.96007
G1 X81.285 Y89.313 E62.98639
G1 X96.717 Y104.744 E64.03774
G1 X96.871 Y104.742 E64.04514
G1 X97.335 Y104.816 E64.06777
G1 X81.285 Y88.766 E65.16119
G1 X81.285 Y88.220 E65.18751
G1 X97.875 Y104.810 E66.31774
G1 X98.419 Y104.807 E66.34393
G1 X81.285 Y87.674 E67.51120
G1 X81.285 Y87.128 E67.53751
G1 X98.965 Y104.807 E68.74200
G1 X99.511 Y104.807 E68.76831
G1 X81.285 Y86.581 E70.01001
G1 X81.285 Y86.035 E70.03632
G1 X100.057 Y104.807 E71.31523
G1 X100.604 Y104.807 E71.34155
G1 X81.285 Y85.489 E72.65767
G1 X81.285 Y84.943 E72.68398
G1 X101.150 Y104.807 E74.03732
G1 X101.696 Y104.807 E74.06364
G1 X81.285 Y84.396 E75.45419
G1 X81.285 Y83.850 E75.48050
G1 X102.242 Y104.807 E76.90827
G1 X102.397 Y104.807 E76.91573
G1 X102.510 Y104.892 E76.92255
G1 X102.818 Y104.837 E76.93763
G1 X81.285 Y83.304 E78.40464
G1 X81.285 Y82.758 E78.43096
G1 X103.281 Y104.754 E79.92951
G1 X103.359 Y104.740 E79.93331
G1 X103.823 Y104.749 E79.95568
G1 X81.285 Y82.212 E81.49114
G1 X81.285 Y81.665 E81.51746
G1 X104.427 Y104.807 E83.09408
G1 X104.974 Y104.807 E83.12039
G1 X81.285 Y81.119 E84.73422
G1 X81.285 Y80.573 E84.76054
G1 X105.520 Y104.807 E86.41158
G1 X106.066 Y104.807 E86.43790
G1 X81.285 Y80.027 E88.12616
G1 X81.285 Y79.480 E88.15247
G1 X106.612 Y104.807 E89.87795
G1 X107.158 Y104.807 E89.90426
G1 X81.285 Y78.934 E91.66695
G1 X81.285 Y78.388 E91.69326
G1 X108.182 Y105.285 E93.52568
G1 X108.572 Y105.128 E93.54592
G1 X81.285 Y77.842 E95.40491
G1 X81.285 Y77.296 E95.43122
G1 X108.962 Y104.972 E97.31677
G1 X109.393 Y104.857 E97.33828
G1 X81.385 Y76.849 E99.24647
G1 X81.464 Y76.810 E99.25071
G1 X83.169 Y78.171 E99.35580
G1 X83.307 Y78.225 E99.36291
G1 X109.881 Y104.799 E101.17336
G1 X110.374 Y104.745 E101.19723
G1 X84.199 Y78.570 E102.98048
G1 X84.789 Y78.615 E103.00900
G1 X110.947 Y104.772 E104.79109
G1 X111.564 Y104.843 E104.82101
G1 X85.354 Y78.633 E106.60669
G1 X85.798 Y78.531 E106.62866
G1 X112.264 Y104.997 E108.43176
G1 X112.334 Y104.967 E108.43539
G1 X112.711 Y104.898 E108.45388
G1 X86.243 Y78.430 E110.25711
G1 X86.338 Y78.408 E110.26178
G1 X86.610 Y78.251 E110.27695
G1 X113.172 Y104.813 E112.08658
G1 X113.514 Y104.749 E112.10330
G1 X113.654 Y104.748 E112.11005
G1 X86.957 Y78.051 E113.92888
G1 X87.208 Y77.906 E113.94284
G1 X86.741 Y77.587 E113.97008
G1 X86.850 Y77.398 E113.98062
G1 X114.221 Y104.768 E115.84533
G1 X114.466 Y104.807 E115.85732
G1 X114.806 Y104.807 E115.87366
G1 X87.050 Y77.051 E117.76462
G1 X87.250 Y76.705 E117.78388
G1 X115.352 Y104.807 E119.69843
G1 X115.898 Y104.807 E119.72475
G1 X87.450 Y76.359 E121.66289
G1 X87.650 Y76.013 E121.68215
G1 X116.444 Y104.807 E123.64388
G1 X116.991 Y104.807 E123.67020
G1 X91.016 Y78.833 E125.43979
G1 X91.774 Y79.201 E125.48036
G1 X91.930 Y79.201 E125.48790
G1 X117.537 Y104.807 E127.23243
G1 X118.083 Y104.807 E127.25874
G1 X92.477 Y79.201 E129.00327
G1 X93.023 Y79.201 E129.02958
G1 X118.629 Y104.807 E130.77411
G1 X119.175 Y104.807 E130.80043
G1 X93.569 Y79.201 E132.54495
G1 X94.115 Y79.201 E132.57127
G1 X119.722 Y104.807 E134.31580
G1 X120.268 Y104.807 E134.34211
G1 X94.661 Y79.201 E136.08664
G1 X95.208 Y79.201 E136.11295
G1 X120.814 Y104.807 E137.85748
G1 X121.360 Y104.807 E137.88379
G1 X95.754 Y79.201 E139.62832
G1 X96.003 Y79.201 E139.64033
G1 X96.203 Y79.104 E139.65103
G1 X121.907 Y104.807 E141.40218
G1 X122.287 Y104.807 E141.42050
G1 X122.427 Y104.782 E141.42738
G1 X96.571 Y78.925 E143.18897
G1 X96.843 Y78.793 E143.20356
G1 X97.086 Y78.894 E143.21624
G1 X122.937 Y104.745 E144.97745
G1 X123.298 Y104.753 E144.99485
G1 X123.546 Y104.808 E145.00709
G1 X97.802 Y79.064 E146.76102
G1 X98.420 Y79.136 E146.79098
G1 X124.249 Y104.965 E148.55071
G1 X124.343 Y104.986 E148.55534
G1 X124.734 Y104.904 E148.57460
G1 X98.942 Y79.111 E150.33181
G1 X99.423 Y79.046 E150.35520
G1 X125.193 Y104.816 E152.11088
G1 X125.522 Y104.754 E152.12701
G1 X125.673 Y104.750 E152.13427
G1 X99.947 Y79.024 E153.88688
G1 X100.514 Y79.137 E153.91471
G1 X100.605 Y79.136 E153.91911
G1 X126.236 Y104.767 E155.66527
G1 X126.869 Y104.854 E155.69606
G1 X101.147 Y79.132 E157.44845
G1 X101.600 Y79.038 E157.47073
G1 X127.382 Y104.820 E159.22719
G1 X127.852 Y104.744 E159.25015
G1 X102.148 Y79.040 E161.00136
G1 X102.778 Y79.124 E161.03203
G1 X128.413 Y104.759 E162.77847
G1 X128.840 Y104.796 E162.79912
G1 X129.034 Y104.834 E162.80865
G1 X103.330 Y79.130 E164.55982
G1 X103.811 Y79.065 E164.58321
G1 X129.544 Y104.798 E166.33634
G1 X129.804 Y104.750 E166.34910
G1 X130.039 Y104.746 E166.36041
G1 X104.274 Y78.981 E168.11574
G1 X104.364 Y78.952 E168.12032
G1 X104.740 Y79.073 E168.13934
G1 X104.912 Y79.073 E168.14760
G1 X130.625 Y104.786 E169.89943
G1 X130.757 Y104.807 E169.90587
G1 X131.192 Y104.807 E169.92683
G1 X105.458 Y79.073 E171.68008
G1 X106.004 Y79.073 E171.70639
G1 X131.739 Y104.807 E173.45964
G1 X132.285 Y104.807 E173.48595
G1 X106.550 Y79.073 E175.23920
G1 X107.097 Y79.073 E175.26552
G1 X132.831 Y104.807 E177.01877
G1 X133.377 Y104.807 E177.04508
G1 X107.643 Y79.073 E178.79833
G1 X108.189 Y79.073 E178.82464
G1 X142.831 Y113.715 E181.18474
G1 X143.377 Y113.715 E181.21105
G1 X108.735 Y79.073 E183.57114
G1 X109.265 Y79.056 E183.59668
G1 X143.923 Y113.715 E185.95789
G1 X144.470 Y113.715 E185.98420
G1 X109.829 Y79.074 E188.34424
G1 X110.374 Y79.073 E188.37053
G1 X145.016 Y113.715 E190.73061
G1 X145.562 Y113.715 E190.75692
G1 X110.920 Y79.072 E193.11704
G1 X111.466 Y79.072 E193.14332
G1 X146.108 Y113.715 E195.50347
G1 X146.654 Y113.715 E195.52979
G1 X112.011 Y79.071 E197.88997
G1 X112.514 Y79.028 E197.91427
G1 X147.201 Y113.715 E200.27744
G1 X147.747 Y113.715 E200.30376
G1 X112.996 Y78.964 E202.67127
G1 X113.157 Y78.929 E202.67919
G1 X113.626 Y79.048 E202.70250
G1 X148.293 Y113.715 E205.06431
G1 X148.839 Y113.715 E205.09063
G1 X114.237 Y79.112 E207.44805
G1 X114.454 Y79.135 E207.45856
G1 X114.804 Y79.133 E207.47547
G1 X149.386 Y113.715 E209.83143
G1 X149.932 Y113.715 E209.85774
G1 X115.305 Y79.087 E212.21684
G1 X115.552 Y79.065 E212.22879
G1 X115.778 Y79.014 E212.23996
G1 X150.478 Y113.715 E214.60403
G1 X151.024 Y113.715 E214.63034
G1 X116.281 Y78.971 E216.99734
G1 X116.935 Y79.079 E217.02927
G1 X151.571 Y113.715 E219.38893
G1 X152.117 Y113.715 E219.41524
G1 X117.539 Y79.137 E221.77098
G1 X117.678 Y79.140 E221.77767
G1 X118.047 Y79.099 E221.79558
G1 X152.663 Y113.715 E224.15391
G1 X153.209 Y113.715 E224.18022
G1 X118.537 Y79.042 E226.54241
G1 X118.970 Y78.929 E226.56397
G1 X153.755 Y113.715 E228.93385
G1 X154.302 Y113.715 E228.96017
G1 X119.361 Y78.773 E231.34065
G1 X119.747 Y78.614 E231.36079
G1 X154.848 Y113.715 E233.75217
G1 X155.394 Y113.715 E233.77848
G1 X120.089 Y78.410 E236.18376
G1 X120.395 Y78.169 E236.20249
G1 X155.940 Y113.715 E238.62415
G1 X156.487 Y113.715 E238.65046
G1 X120.693 Y77.921 E241.08904
G1 X120.811 Y77.822 E241.09649
G1 X120.963 Y77.645 E241.10771
G1 X157.033 Y113.715 E243.56511
G1 X157.579 Y113.715 E243.59143
G1 X121.204 Y77.340 E246.06957
G1 X121.409 Y76.998 E246.08876
G1 X158.125 Y113.715 E248.59019
G1 X158.671 Y113.715 E248.61650
G1 X121.613 Y76.656 E251.14122
G1 X121.818 Y76.315 E251.16040
G1 X159.218 Y113.715 E253.70840
G1 X159.764 Y113.715 E253.73472
G1 X122.022 Y75.973 E256.30600
G1 X122.227 Y75.631 E256.32519
G1 X160.310 Y113.715 E258.91975
G1 X160.856 Y113.715 E258.94607
G1 X122.016 Y74.874 E261.59222
G1 X121.865 Y74.467 E261.61314
G1 X121.926 Y74.238 E261.62454
G1 X161.403 Y113.715 E264.31399
G1 X161.949 Y113.715 E264.34031
G1 X122.043 Y73.808 E267.05905
G1 X122.159 Y73.379 E267.08050
G1 X162.495 Y113.715 E269.82853
G1 X163.041 Y113.715 E269.85485
G1 X121.816 Y72.489 E272.66349
G1 X121.156 Y71.499 E272.72078
G1 X120.987 Y71.285 E272.73392
G1 X121.158 Y71.285 E272.74219
G1 X162.216 Y112.343 E275.53937
G1 X161.701 Y111.588 E275.58336
G1 X161.565 Y111.146 E275.60568
G1 X121.705 Y71.285 E278.32130
G1 X122.251 Y71.285 E278.34761
G1 X161.380 Y110.414 E281.01340
G1 X161.380 Y109.868 E281.03972
G1 X122.797 Y71.285 E283.66830
G1 X123.343 Y71.285 E283.69461
G1 X161.411 Y109.353 E286.28811
G1 X161.540 Y108.936 E286.30915
G1 X123.890 Y71.285 E288.87420
G1 X124.436 Y71.285 E288.90052
G1 X161.669 Y108.518 E291.43713
G1 X161.701 Y108.412 E291.44251
G1 X161.866 Y108.170 E291.45660
G1 X124.982 Y71.285 E293.96948
G1 X125.528 Y71.285 E293.99579
G1 X162.088 Y107.845 E296.48653
G1 X162.309 Y107.520 E296.50547
G1 X126.074 Y71.285 E298.97409
G1 X126.621 Y71.285 E299.00040
G1 X162.610 Y107.275 E301.45233
G1 X162.914 Y107.033 E301.47105
G1 X127.167 Y71.285 E303.90647
G1 X127.713 Y71.285 E303.93278
G1 X163.232 Y106.805 E306.35266
G1 X163.625 Y106.651 E306.37296
G1 X128.259 Y71.285 E308.78234
G1 X128.806 Y71.285 E308.80865
G1 X164.017 Y106.497 E311.20755
G1 X164.185 Y106.431 E311.21626
G1 X164.475 Y106.409 E311.23027
G1 X129.352 Y71.285 E313.62319
G1 X129.898 Y71.285 E313.64950
G1 X164.984 Y106.371 E316.03982
G1 X165.274 Y106.349 E316.05383
G1 X165.577 Y106.418 E316.06884
G1 X130.444 Y71.285 E318.46240
G1 X130.991 Y71.285 E318.48872
G1 X166.285 Y106.580 E320.89328
G1 X166.338 Y106.592 E320.89587
G1 X167.534 Y107.283 E320.96243
G1 X131.537 Y71.285 E323.41487
G1 X132.083 Y71.285 E323.44119
G1 X168.715 Y107.917 E325.93684
G1 X168.715 Y107.371 E325.96316
G1 X132.629 Y71.285 E328.42160
G1 X133.175 Y71.285 E328.44791
G1 X168.715 Y106.825 E330.86914
G1 X168.715 Y106.278 E330.89545
G1 X133.722 Y71.285 E333.27947
G1 X134.268 Y71.285 E333.30578
G1 X168.715 Y105.732 E335.65258
G1 X168.715 Y105.186 E335.67890
G1 X134.814 Y71.285 E337.98848
G1 X135.360 Y71.285 E338.01480
G1 X168.715 Y104.640 E340.28717
G1 X168.715 Y104.093 E340.31348
G1 X135.907 Y71.285 E342.54864
G1 X136.453 Y71.285 E342.57496
G1 X168.715 Y103.547 E344.77290
G1 X168.715 Y103.001 E344.79922
G1 X136.999 Y71.285 E346.95995
G1 X137.545 Y71.285 E346.98626
G1 X168.715 Y102.455 E349.10978
G1 X168.715 Y101.909 E349.13610
G1 X138.091 Y71.285 E351.22240
G1 X138.638 Y71.285 E351.24871
G1 X168.715 Y101.362 E353.29781
G1 X168.715 Y100.816 E353.32412
G1 X139.184 Y71.285 E355.33600
G1 X139.730 Y71.285 E355.36231
G1 X168.715 Y100.270 E357.33698
G1 X168.715 Y99.724 E357.36329
G1 X140.276 Y71.285 E359.30074
G1 X140.823 Y71.285 E359.32705
G1 X168.715 Y99.177 E361.22729
G1 X168.715 Y98.631 E361.25360
G1 X141.369 Y71.285 E363.11663
G1 X141.915 Y71.285 E363.14294
G1 X168.715 Y98.085 E364.96875
G1 X168.715 Y97.539 E364.99506
G1 X142.461 Y71.285 E366.78366
G1 X143.008 Y71.285 E366.80997
G1 X168.715 Y96.992 E368.56136
G1 X168.715 Y96.446 E368.58767
G1 X143.554 Y71.285 E370.30184
G1 X144.100 Y71.285 E370.32815
G1 X168.715 Y95.900 E372.00511
G1 X168.715 Y95.354 E372.03142
G1 X144.646 Y71.285 E373.67116
G1 X145.192 Y71.285 E373.69748
G1 X168.715 Y94.808 E375.30000
G1 X168.715 Y94.261 E375.32632
G1 X145.739 Y71.285 E376.89163
G1 X146.285 Y71.285 E376.91794
G1 X168.715 Y93.715 E378.44605
G1 X168.715 Y93.169 E378.47236
G1 X146.831 Y71.285 E379.96325
G1 X147.377 Y71.285 E379.98956
G1 X168.715 Y92.623 E381.44323
G1 X168.715 Y92.076 E381.46955
G1 X147.924 Y71.285 E382.88601
G1 X148.470 Y71.285 E382.91232
G1 X168.715 Y91.530 E384.29157
G1 X168.715 Y90.984 E384.31788
G1 X149.016 Y71.285 E385.65991
G1 X149.562 Y71.285 E385.68622
G1 X168.715 Y90.438 E386.99104
G1 X168.715 Y89.892 E387.01736
G1 X150.108 Y71.285 E388.28496
G1 X150.655 Y71.285 E388.31128
G1 X168.715 Y89.345 E389.54167
G1 X168.715 Y88.799 E389.56798
G1 X151.201 Y71.285 E390.76116
G1 X151.747 Y71.285 E390.78747
G1 X168.715 Y88.253 E391.94344
G1 X168.715 Y87.707 E391.96975
G1 X152.293 Y71.285 E393.08850
G1 X152.840 Y71.285 E393.11481
G1 X168.715 Y87.160 E394.19635
G1 X168.715 Y86.614 E394.22266
G1 X153.386 Y71.285 E395.26699
G1 X153.932 Y71.285 E395.29330
G1 X168.715 Y86.068 E396.30041
G1 X168.715 Y85.522 E396.32672
G1 X154.478 Y71.285 E397.29662
G1 X155.024 Y71.285 E397.32293
G1 X168.715 Y84.975 E398.25561
G1 X168.715 Y84.429 E398.28193
G1 X155.571 Y71.285 E399.17740
G1 X156.117 Y71.285 E399.20371
G1 X168.715 Y83.883 E400.06197
G1 X168.715 Y83.337 E400.08828
G1 X163.793 Y78.415 E400.42357
G1 X164.185 Y78.569 E400.44386
G1 X164.518 Y78.594 E400.45995
G1 X168.715 Y82.791 E400.74584
G1 X168.715 Y82.244 E400.77215
G1 X165.109 Y78.638 E401.01781
G1 X165.274 Y78.651 E401.02578
G1 X165.594 Y78.578 E401.04162
G1 X168.715 Y81.698 E401.25421
G1 X168.715 Y81.152 E401.28052
G1 X166.039 Y78.476 E401.46281
G1 X166.338 Y78.408 E401.47757
G1 X166.451 Y78.342 E401.48390
G1 X168.715 Y80.606 E401.63809
G1 X168.715 Y80.059 E401.66441
G1 X166.798 Y78.142 E401.79501
G1 X167.144 Y77.943 E401.81427
G1 X168.715 Y79.513 E401.92128
G1 X168.715 Y78.967 E401.94759
G1 X167.490 Y77.743 E402.03101
G1 X167.836 Y77.543 E402.05027
G1 X168.715 Y78.421 E402.11010
G1 X168.715 Y77.875 E402.13641
G1 X168.183 Y77.343 E402.17264
G1 X168.529 Y77.143 E402.19191
G1 X168.888 Y77.502 E402.21637
G1 X167.503 Y71.285 F7800.000
;TYPE:Internal infill
;WIDTH:0.45
G1 F4800.000
G1 X168.715 Y71.285 E402.27465
G1 X168.715 Y72.387 E402.32765
G1 X168.084 Y74.740 E402.44479
G1 X167.599 Y73.900 E402.49146
G1 X168.715 Y73.601 E402.54701
G1 X168.715 Y76.590 E402.69080
G1 X168.254 Y76.856 E402.71638
G1 X167.562 Y76.164 E402.76345
G1 X167.824 Y75.711 E402.78865
G1 X167.382 Y77.360 E402.87077
G1 X166.195 Y78.045 E402.93670
G1 X165.244 Y78.262 E402.98360
G1 X164.272 Y78.189 E403.03050
G1 X163.364 Y77.833 E403.07739
G1 X162.623 Y77.242 E403.12300
G1 X162.762 Y76.725 E403.14872
G1 X161.997 Y75.401 E403.22227
G1 X161.765 Y75.463 E403.23380
G1 X161.765 Y74.512 E403.27951
G1 X162.053 Y73.581 E403.32641
G1 X163.239 Y71.841 E403.42767
G1 X163.597 Y72.199 E403.45200
G1 X163.974 Y72.199 E403.47017
G1 X164.219 Y71.285 E403.51566
G1 X166.533 Y71.285 E403.62694
G1 X163.082 Y71.695 F7800.000
;TYPE:Solid infill
;WIDTH:0.450622
G1 F1200.000
G1 X162.672 Y71.285 E403.65487
G1 X162.125 Y71.285 E403.68118
G1 X162.735 Y71.895 E403.72273
G1 X162.514 Y72.220 E403.74166
G1 X161.579 Y71.285 E403.80534
G1 X161.033 Y71.285 E403.83165
G1 X162.292 Y72.545 E403.91745
G1 X162.071 Y72.870 E403.93639
G1 X160.487 Y71.285 E404.04432
G1 X159.941 Y71.285 E404.07063
G1 X161.850 Y73.194 E404.20069
G1 X161.701 Y73.412 E404.21335
G1 X161.659 Y73.550 E404.22032
G1 X159.394 Y71.285 E404.37460
G1 X158.848 Y71.285 E404.40091
G1 X161.530 Y73.967 E404.58363
G1 X161.401 Y74.385 E404.60467
G1 X158.302 Y71.285 E404.81583
G1 X157.756 Y71.285 E404.84214
G1 X161.380 Y74.910 E405.08905
G1 X161.380 Y75.456 E405.11537
G1 X157.209 Y71.285 E405.39949
G1 X156.663 Y71.285 E405.42580
G1 X161.846 Y76.468 E405.77890
G1 X166.963 Y107.798 F7800.000
;TYPE:Internal infill
;WIDTH:0.45
G1 F4800.000
G1 X167.630 Y108.953 E405.84308
G1 X168.715 Y110.038 E405.91685
G1 X168.715 Y111.926 E406.00767
G1 X166.831 Y112.431 E406.10147
G1 X166.617 Y112.801 E406.12202
G1 X165.642 Y112.801 E406.16891
G1 E404.16891 F2400.000
G92 E0
G1 X161.996 Y109.600 F7800.000
G1 E2.00000 F2400.000
G1 F4800.000
G1 X162.451 Y108.814 E2.04369
G1 X161.939 Y108.951 E2.06918
G1 X161.765 Y109.512 E2.09743
G1 X161.765 Y109.633 E2.10323
G1 X161.900 Y109.767 E2.11238
G1 X161.766 Y110.000 E2.12529
G1 X162.900 Y111.965 E2.23444
G1 X162.766 Y112.466 E2.25935
G1 X163.374 Y113.357 E2.31125
G1 X165.450 Y112.801 E2.41459
G1 X164.933 Y112.801 E2.43941
G1 X165.847 Y113.715 E2.50155
G1 X167.222 Y113.715 E2.56770
G1 X168.203 Y110.054 E2.74996
G1 X168.234 Y110.000 E2.75296
G1 X168.223 Y109.980 E2.75406
G1 X168.653 Y108.374 E2.83403
G1 X167.207 Y107.539 E2.91434
G1 X166.866 Y107.631 E2.93131
G1 X166.617 Y107.199 E2.95528
G1 X165.876 Y107.199 E2.99094
G1 X165.465 Y106.788 E3.01887
G1 X165.244 Y106.738 E3.02976
G1 X164.282 Y106.810 E3.07620
G1 X164.177 Y107.199 E3.09556
G1 X163.383 Y107.199 E3.13377
G1 X162.623 Y108.515 E3.20684
G1 X142.458 Y113.888 F7800.000
;TYPE:Solid infill
;WIDTH:0.450622
G1 F1200.000
G1 X135.681 Y107.111 E3.66855
G1 X135.681 Y107.657 E3.69487
G1 X141.738 Y113.715 E4.10755
G1 X141.192 Y113.715 E4.13386
G1 X135.508 Y108.030 E4.52115
G1 X133.510 Y105.017 F7800.000
;TYPE:Top solid infill
;WIDTH:0.4011
G1 F900.000
G1 X135.320 Y106.828 E4.62871
G1 X135.320 Y107.304 E4.64871
G1 X133.184 Y105.168 E4.77558
G1 X132.708 Y105.168 E4.79557
G1 X135.320 Y107.780 E4.95073
G1 X135.320 Y108.256 E4.97073
G1 X132.232 Y105.168 E5.15416
G1 X131.756 Y105.168 E5.17416
G1 X136.207 Y109.620 E5.43856
G1 X136.207 Y110.096 E5.45856
G1 X131.280 Y105.168 E5.75124
G1 X130.815 Y105.179 E5.77077
G1 X136.207 Y110.572 E6.09105
G1 X136.207 Y111.048 E6.11105
G1 X130.264 Y105.104 E6.46408
G1 X129.800 Y105.117 E6.48355
G1 X136.207 Y111.524 E6.86410
G1 X136.204 Y111.997 E6.88394
G1 X129.398 Y105.191 E7.28813
G1 X129.185 Y105.231 E7.29725
G1 X128.907 Y105.176 E7.30912
G1 X135.989 Y112.259 E7.72975
G1 X135.775 Y112.520 E7.74396
G1 X128.373 Y105.118 E8.18361
G1 X127.883 Y105.105 E8.20419
G1 X135.561 Y112.782 E8.66019
G1 X135.346 Y113.044 E8.67441
G1 X127.473 Y105.171 E9.14205
G1 X127.350 Y105.190 E9.14726
G1 X127.109 Y105.283 E9.15813
G1 X135.132 Y113.306 E9.63468
G1 X134.927 Y113.557 E9.64828
G1 X134.910 Y113.560 E9.64901
G1 X126.519 Y105.170 E10.14736
G1 X125.976 Y105.102 E10.17035
G1 X134.514 Y113.640 E10.67745
G1 X134.118 Y113.720 E10.69442
G1 X125.519 Y105.121 E11.20515
G1 X125.119 Y105.198 E11.22224
G1 X133.661 Y113.740 E11.72957
G1 X133.185 Y113.740 E11.74957
G1 X124.719 Y105.274 E12.25237
G1 X124.480 Y105.320 E12.26258
G1 X124.379 Y105.364 E12.26723
G1 X124.319 Y105.350 E12.26980
G1 X132.708 Y113.740 E12.76807
G1 X132.232 Y113.740 E12.78807
G1 X123.706 Y105.213 E13.29446
G1 X123.255 Y105.113 E13.31388
G1 X123.127 Y105.110 E13.31927
G1 X131.756 Y113.740 E13.83180
G1 X131.280 Y113.740 E13.85180
G1 X122.649 Y105.109 E14.36442
G1 X122.232 Y105.168 E14.38211
G1 X130.804 Y113.740 E14.89121
G1 X130.327 Y113.740 E14.91121
G1 X121.756 Y105.168 E15.42031
G1 X121.280 Y105.168 E15.44031
G1 X129.851 Y113.740 E15.94941
G1 X129.375 Y113.740 E15.96941
G1 X120.803 Y105.168 E16.47851
G1 X120.327 Y105.168 E16.49851
G1 X128.899 Y113.740 E17.00761
G1 X128.423 Y113.740 E17.02761
G1 X119.851 Y105.168 E17.53671
G1 X119.375 Y105.168 E17.55671
G1 X127.946 Y113.740 E18.06582
G1 X127.470 Y113.740 E18.08581
G1 X118.899 Y105.168 E18.59492
G1 X118.422 Y105.168 E18.61492
G1 X126.994 Y113.740 E19.12402
G1 X126.518 Y113.740 E19.14402
G1 X117.946 Y105.168 E19.65312
G1 X117.470 Y105.168 E19.67312
G1 X126.042 Y113.740 E20.18222
G1 X125.566 Y113.740 E20.20222
G1 X116.994 Y105.168 E20.71132
G1 X116.518 Y105.168 E20.73132
G1 X125.089 Y113.740 E21.24043
G1 X124.504 Y113.630 E21.26544
G1 X116.041 Y105.168 E21.76805
G1 X115.565 Y105.168 E21.78805
G1 X124.014 Y113.617 E22.28985
G1 X123.713 Y113.740 E22.30349
G1 X123.661 Y113.740 E22.30569
G1 X115.089 Y105.168 E22.81480
G1 X114.613 Y105.168 E22.83480
G1 X123.185 Y113.740 E23.34390
G1 X122.708 Y113.740 E23.36390
G1 X114.080 Y105.111 E23.87636
G1 X113.602 Y105.109 E23.89645
G1 X122.232 Y113.740 E24.40905
G1 X122.089 Y113.740 E24.41506
G1 X121.685 Y113.669 E24.43227
G1 X113.192 Y105.176 E24.93672
G1 X112.790 Y105.250 E24.95389
G1 X121.250 Y113.710 E25.45634
G1 X121.042 Y113.740 E25.46514
G1 X120.804 Y113.740 E25.47516
G1 X112.397 Y105.333 E25.97447
G1 X112.213 Y105.412 E25.98288
G1 X111.872 Y105.284 E25.99818
G1 X120.327 Y113.740 E26.50038
G1 X119.851 Y113.740 E26.52038
G1 X111.286 Y105.174 E27.02911
G1 X110.748 Y105.112 E27.05185
G1 X119.375 Y113.740 E27.56423
G1 X118.899 Y113.740 E27.58423
G1 X110.274 Y105.115 E28.09646
G1 X109.849 Y105.165 E28.11447
G1 X118.423 Y113.740 E28.62372
G1 X117.946 Y113.740 E28.64372
G1 X109.428 Y105.221 E29.14968
G1 X109.054 Y105.323 E29.16595
G1 X117.470 Y113.740 E29.66581
G1 X116.994 Y113.740 E29.68581
G1 X108.714 Y105.460 E30.17757
G1 X108.374 Y105.596 E30.19295
G1 X116.518 Y113.740 E30.67663
G1 X116.042 Y113.740 E30.69663
G1 X108.062 Y105.760 E31.17054
G1 X107.841 Y105.888 E31.18128
G1 X107.120 Y105.168 E31.22408
G1 X106.994 Y105.168 E31.22940
G1 X115.565 Y113.740 E31.73850
G1 X115.089 Y113.740 E31.75850
G1 X106.518 Y105.168 E32.26760
G1 X106.041 Y105.168 E32.28760
G1 X114.613 Y113.740 E32.79671
G1 X114.137 Y113.740 E32.81670
G1 X105.565 Y105.168 E33.32581
G1 X105.089 Y105.168 E33.34581
G1 X113.661 Y113.740 E33.85491
G1 X113.185 Y113.740 E33.87491
G1 X104.613 Y105.168 E34.38401
G1 X104.199 Y105.168 E34.40138
G1 X104.119 Y105.150 E34.40484
G1 X112.708 Y113.740 E34.91501
G1 X112.232 Y113.740 E34.93501
G1 X103.598 Y105.105 E35.44782
G1 X103.388 Y105.101 E35.45666
G1 X103.159 Y105.142 E35.46643
G1 X111.756 Y113.740 E35.97705
G1 X111.280 Y113.740 E35.99705
G1 X102.755 Y105.215 E36.50336
G1 X102.419 Y105.275 E36.51769
G1 X102.277 Y105.168 E36.52519
G1 X102.232 Y105.168 E36.52707
G1 X110.804 Y113.740 E37.03617
G1 X110.327 Y113.740 E37.05617
G1 X101.756 Y105.168 E37.56527
G1 X101.279 Y105.168 E37.58527
G1 X109.851 Y113.740 E38.09438
G1 X109.375 Y113.740 E38.11437
G1 X100.803 Y105.168 E38.62348
G1 X100.327 Y105.168 E38.64348
G1 X108.899 Y113.740 E39.15258
G1 X108.423 Y113.740 E39.17258
G1 X99.851 Y105.168 E39.68168
G1 X99.375 Y105.168 E39.70168
G1 X107.946 Y113.740 E40.21078
G1 X107.597 Y113.740 E40.22546
G1 X107.570 Y113.722 E40.22681
G1 X107.470 Y113.740 E40.23108
G1 X98.899 Y105.168 E40.74018
G1 X98.422 Y105.168 E40.76018
G1 X106.994 Y113.740 E41.26928
G1 X106.518 Y113.740 E41.28928
G1 X97.969 Y105.191 E41.79700
G1 X97.871 Y105.266 E41.80217
G1 X97.511 Y105.209 E41.81750
G1 X106.042 Y113.740 E42.32418
G1 X105.565 Y113.740 E42.34417
G1 X96.945 Y105.119 E42.85616
G1 X96.845 Y105.103 E42.86042
G1 X96.458 Y105.108 E42.87667
G1 X105.089 Y113.740 E43.38929
G1 X104.613 Y113.740 E43.40929
G1 X96.042 Y105.169 E43.91833
G1 X95.641 Y105.243 E43.93549
G1 X104.137 Y113.740 E44.44012
G1 X103.661 Y113.740 E44.46012
G1 X95.241 Y105.320 E44.96018
G1 X94.908 Y105.463 E44.97541
G1 X103.184 Y113.740 E45.46698
G1 X102.708 Y113.740 E45.48698
G1 X94.591 Y105.623 E45.96907
G1 X94.316 Y105.823 E45.98338
G1 X102.232 Y113.740 E46.45357
G1 X101.756 Y113.740 E46.47357
G1 X93.184 Y105.168 E46.98267
G1 X92.708 Y105.168 E47.00267
G1 X101.280 Y113.740 E47.51177
G1 X100.804 Y113.740 E47.53177
G1 X92.232 Y105.168 E48.04087
G1 X91.756 Y105.168 E48.06087
G1 X100.327 Y113.740 E48.56997
G1 X99.851 Y113.740 E48.58997
G1 X91.279 Y105.168 E49.09907
G1 X90.803 Y105.168 E49.11907
G1 X99.375 Y113.740 E49.62818
G1 X98.899 Y113.740 E49.64817
G1 X90.555 Y105.396 E50.14371
G1 X90.317 Y105.634 E50.15785
G1 X98.423 Y113.740 E50.63925
G1 X97.946 Y113.740 E50.65924
G1 X90.079 Y105.872 E51.12650
G1 X89.841 Y106.111 E51.14064
G1 X97.470 Y113.740 E51.59375
G1 X96.994 Y113.740 E51.61375
G1 X89.603 Y106.349 E52.05272
G1 X89.365 Y106.587 E52.06686
G1 X96.518 Y113.740 E52.49169
G1 X96.042 Y113.740 E52.51169
G1 X89.127 Y106.825 E52.92238
G1 X89.125 Y107.299 E52.94229
G1 X95.565 Y113.740 E53.32482
G1 X95.089 Y113.740 E53.34481
G1 X89.125 Y107.775 E53.69906
G1 X89.125 Y108.251 E53.71906
G1 X94.613 Y113.740 E54.04502
G1 X94.137 Y113.740 E54.06502
G1 X89.125 Y108.728 E54.36270
G1 X89.125 Y109.204 E54.38270
G1 X93.661 Y113.740 E54.65209
G1 X93.184 Y113.740 E54.67209
G1 X89.125 Y109.680 E54.91320
G1 X89.125 Y110.156 E54.93320
G1 X92.708 Y113.740 E55.14603
G1 X92.232 Y113.740 E55.16603
G1 X89.125 Y110.632 E55.35058
G1 X89.125 Y111.109 E55.37058
G1 X91.756 Y113.740 E55.52685
G1 X91.280 Y113.740 E55.54685
G1 X89.125 Y111.585 E55.67483
G1 X89.125 Y112.061 E55.69483
G1 X90.803 Y113.740 E55.79453
G1 X90.327 Y113.740 E55.81453
G1 X89.125 Y112.537 E55.88594
G1 X89.125 Y113.013 E55.90594
G1 X90.002 Y113.891 E55.95805
G1 X86.236 Y107.373 F7800.000
;TYPE:Solid infill
;WIDTH:0.450622
G1 F1200.000
G1 X85.767 Y106.904 E55.98999
G1 E53.98999 F2400.000
G92 E0
G1 X121.303 Y72.097 F7800.000
G1 E2.00000 F2400.000
;TYPE:Top solid infill
;WIDTH:0.402279
G1 F900.000
G1 X120.461 Y71.260 E2.04999
G1 X119.988 Y71.260 E2.06993
G1 X121.712 Y72.984 E2.17268
G1 X121.840 Y73.176 E2.18240
G1 X121.752 Y73.502 E2.19661
G1 X119.511 Y71.260 E2.33021
G1 X119.033 Y71.260 E2.35035
G1 X121.650 Y73.878 E2.50637
G1 X121.549 Y74.254 E2.52279
G1 X118.555 Y71.260 E2.70122
G1 X118.077 Y71.260 E2.72136
G1 X121.596 Y74.780 E2.93110
G1 X121.868 Y75.529 E2.96469
G1 X117.599 Y71.260 E3.21910
G1 X117.121 Y71.260 E3.23924
G1 X121.689 Y75.828 E3.51147
G1 X121.510 Y76.127 E3.52615
G1 X116.643 Y71.260 E3.81620
G1 X116.166 Y71.260 E3.83634
G1 X121.331 Y76.426 E4.14421
G1 X121.152 Y76.725 E4.15889
G1 X115.688 Y71.260 E4.48458
G1 X115.210 Y71.260 E4.50472
G1 X120.973 Y77.024 E4.84823
G1 X120.867 Y77.201 E4.85695
G1 X120.778 Y77.306 E4.86275
G1 X114.732 Y71.260 E5.22308
G1 X114.254 Y71.260 E5.24322
G1 X120.557 Y77.564 E5.61890
G1 X120.297 Y77.781 E5.63320
G1 X113.776 Y71.260 E6.02185
G1 X113.298 Y71.260 E6.04199
G1 X120.037 Y77.999 E6.44359
G1 X119.942 Y78.078 E6.44878
G1 X119.751 Y78.191 E6.45814
G1 X112.821 Y71.260 E6.87122
G1 X112.343 Y71.260 E6.89136
G1 X119.437 Y78.355 E7.31419
G1 X119.095 Y78.491 E7.32969
G1 X111.865 Y71.260 E7.76064
G1 X111.387 Y71.260 E7.78078
G1 X118.745 Y78.618 E8.21931
G1 X118.462 Y78.689 E8.23160
G1 X118.350 Y78.702 E8.23633
G1 X110.909 Y71.260 E8.67984
G1 X110.431 Y71.260 E8.69998
G1 X117.921 Y78.750 E9.14636
G1 X117.662 Y78.779 E9.15734
G1 X117.467 Y78.774 E9.16556
G1 X109.953 Y71.260 E9.61338
G1 X109.476 Y71.260 E9.63352
G1 X116.927 Y78.712 E10.07766
G1 X116.355 Y78.618 E10.10210
G1 X108.998 Y71.260 E10.54063
G1 X108.520 Y71.260 E10.56077
G1 X115.878 Y78.618 E10.99931
G1 X115.490 Y78.708 E11.01611
G1 X108.042 Y71.260 E11.45999
G1 X107.564 Y71.260 E11.48013
G1 X115.052 Y78.748 E11.92643
G1 X114.601 Y78.775 E11.94548
G1 X107.086 Y71.260 E12.39336
G1 X106.608 Y71.260 E12.41350
G1 X114.081 Y78.733 E12.85886
G1 X113.657 Y78.688 E12.87684
G1 X113.523 Y78.653 E12.88266
G1 X106.130 Y71.260 E13.32326
G1 X105.653 Y71.260 E13.34340
G1 X112.993 Y78.601 E13.78088
G1 X112.571 Y78.656 E13.79883
G1 X105.175 Y71.260 E14.23963
G1 X104.697 Y71.260 E14.25977
G1 X112.142 Y78.706 E14.70351
G1 X111.670 Y78.711 E14.72342
G1 X104.219 Y71.260 E15.16749
G1 X103.741 Y71.260 E15.18763
G1 X111.192 Y78.712 E15.63173
G1 X110.715 Y78.712 E15.65185
G1 X103.263 Y71.260 E16.09597
G1 X102.785 Y71.260 E16.11611
G1 X110.238 Y78.713 E16.56027
G1 X109.760 Y78.713 E16.58039
G1 X102.308 Y71.260 E17.02457
G1 X101.830 Y71.260 E17.04471
G1 X109.263 Y78.694 E17.48774
G1 X108.804 Y78.712 E17.50711
G1 X101.352 Y71.260 E17.95124
G1 X100.874 Y71.260 E17.97138
G1 X108.326 Y78.712 E18.41551
G1 X107.848 Y78.712 E18.43565
G1 X100.396 Y71.260 E18.87978
G1 X99.918 Y71.260 E18.89992
G1 X107.370 Y78.712 E19.34405
G1 X106.892 Y78.712 E19.36419
G1 X99.440 Y71.260 E19.80832
G1 X98.963 Y71.260 E19.82846
G1 X106.414 Y78.712 E20.27260
G1 X105.936 Y78.712 E20.29273
G1 X98.485 Y71.260 E20.73687
G1 X98.007 Y71.260 E20.75701
G1 X105.459 Y78.712 E21.20114
G1 X104.981 Y78.712 E21.22128
G1 X97.529 Y71.260 E21.66541
G1 X97.051 Y71.260 E21.68555
G1 X104.363 Y78.572 E22.12135
G1 X104.086 Y78.664 E22.13365
G1 X103.990 Y78.677 E22.13774
G1 X96.573 Y71.260 E22.57977
G1 X96.095 Y71.260 E22.59991
G1 X103.569 Y78.734 E23.04532
G1 X103.132 Y78.775 E23.06381
G1 X95.618 Y71.260 E23.51168
G1 X95.140 Y71.260 E23.53182
G1 X102.618 Y78.739 E23.97755
G1 X102.059 Y78.657 E24.00139
G1 X94.662 Y71.260 E24.44225
G1 X94.184 Y71.260 E24.46239
G1 X101.594 Y78.671 E24.90405
G1 X101.201 Y78.756 E24.92099
G1 X93.706 Y71.260 E25.36771
G1 X93.228 Y71.260 E25.38785
G1 X100.742 Y78.774 E25.83570
G1 X100.548 Y78.776 E25.84388
G1 X100.196 Y78.706 E25.85900
G1 X92.750 Y71.260 E26.30278
G1 X92.273 Y71.260 E26.32292
G1 X99.647 Y78.635 E26.76246
G1 X99.560 Y78.664 E26.76632
G1 X99.241 Y78.707 E26.77989
G1 X91.795 Y71.260 E27.22372
G1 X91.317 Y71.260 E27.24386
G1 X98.820 Y78.764 E27.69107
G1 X98.352 Y78.774 E27.71079
G1 X90.839 Y71.260 E28.15860
G1 X90.361 Y71.260 E28.17874
G1 X97.801 Y78.700 E28.62214
G1 X97.570 Y78.669 E28.63194
G1 X97.163 Y78.540 E28.64993
G1 X89.883 Y71.260 E29.08382
G1 X89.674 Y71.260 E29.09262
G1 X89.583 Y71.438 E29.10103
G1 X96.637 Y78.492 E29.52148
G1 X96.315 Y78.648 E29.53655
G1 X89.419 Y71.752 E29.94755
G1 X89.274 Y72.085 E29.96284
G1 X95.994 Y78.804 E30.36334
G1 X95.920 Y78.840 E30.36678
G1 X95.552 Y78.840 E30.38232
G1 X89.165 Y72.454 E30.76297
G1 X89.061 Y72.827 E30.77932
G1 X95.074 Y78.840 E31.13770
G1 X94.596 Y78.840 E31.15784
G1 X88.987 Y73.231 E31.49213
G1 X88.950 Y73.672 E31.51079
G1 X94.118 Y78.840 E31.81879
G1 X93.640 Y78.840 E31.83893
G1 X88.926 Y74.126 E32.11989
G1 X88.962 Y74.640 E32.14159
G1 X93.162 Y78.840 E32.39195
G1 X92.684 Y78.840 E32.41208
G1 X89.023 Y75.178 E32.63034
G1 X89.195 Y75.828 E32.65868
G1 X92.207 Y78.840 E32.83818
G1 X91.857 Y78.840 E32.85292
G1 X91.608 Y78.719 E32.86459
G1 X89.198 Y76.310 E33.00821
G1 E31.00821 F2400.000
G92 E0
G1 X135.903 Y113.888 F7800.000
G1 E2.00000 F2400.000
;TYPE:Solid infill
;WIDTH:0.450622
G1 F1200.000
G1 X135.474 Y113.458 E2.02928
G1 X135.719 Y113.158 E2.04798
G1 X136.276 Y113.715 E2.08591
G1 X136.822 Y113.715 E2.11222
G1 X135.965 Y112.857 E2.17062
G1 X136.211 Y112.557 E2.18932
G1 X137.369 Y113.715 E2.26818
G1 X137.915 Y113.715 E2.29449
G1 X136.457 Y112.257 E2.39382
G1 X136.568 Y112.121 E2.40228
G1 X136.568 Y111.822 E2.41669
G1 X138.461 Y113.715 E2.54566
G1 X139.007 Y113.715 E2.57197
G1 X136.568 Y111.275 E2.73815
G1 X136.568 Y110.729 E2.76447
G1 X139.554 Y113.715 E2.96786
G1 X140.100 Y113.715 E2.99417
G1 X136.568 Y110.183 E3.23478
G1 X136.568 Y109.637 E3.26110
G1 X140.820 Y113.888 E3.55074
G1 E1.55074 F2400.000
G92 E0
G1 X133.125 Y110.571 F7800.000
G1 E2.00000 F2400.000
;TYPE:Ironing
;WIDTH:0.406036
;HEIGHT:0.028125
G1 F900.000
G1 X133.125 Y110.874 E2.00142
G1 X132.972 Y110.853 E2.00214
G1 X132.875 Y110.798 E2.00266
G1 X132.875 Y110.513 E2.00399
G1 X132.375 Y110.931 F7800.000
G1 F900.000
G1 X132.375 Y108.013 E2.01765
G1 X132.125 Y108.013 F7800.000
G1 F900.000
G1 X132.125 Y110.931 E2.03130
G1 E0.03130 F2400.000
G92 E0
G1 X131.125 Y108.354 F7800.000
G1 E2.00000 F2400.000
G1 F900.000
G1 X131.125 Y110.630 E2.01064
G1 X130.875 Y110.106 F7800.000
G1 F900.000
G1 X130.875 Y110.665 E2.01326
G1 X130.686 Y110.796 E2.01433
G1 X130.625 Y110.805 E2.01462
G1 X130.625 Y110.652 E2.01534
G1 X130.578 Y110.693 E2.01563
G1 X130.375 Y110.732 E2.01660
G1 X130.375 Y110.845 E2.01713
G1 X130.162 Y110.879 E2.01813
G1 X130.125 Y110.865 E2.01832
G1 X130.125 Y110.767 E2.01878
G1 X129.875 Y110.719 E2.01997
G1 X129.875 Y110.768 E2.02020
G1 X129.625 Y110.671 E2.02145
G1 X129.625 Y110.602 E2.02177
G1 X129.430 Y110.437 E2.02297
G1 X129.375 Y110.298 E2.02367
G1 X129.375 Y110.695 E2.02553
G1 E0.02553 F2400.000
G92 E0
G1 X130.875 Y108.856 F7800.000
G1 E2.00000 F2400.000
G1 F900.000
G1 X130.875 Y108.301 E2.00260
G1 X130.654 Y108.150 E2.00385
G1 X130.625 Y108.145 E2.00399
G1 X130.625 Y108.308 E2.00475
G1 X130.560 Y108.252 E2.00515
G1 X130.375 Y108.218 E2.00603
G1 X130.375 Y108.103 E2.00657
G1 X130.132 Y108.063 E2.00772
G1 X130.125 Y108.171 E2.00822
G1 X129.875 Y108.223 E2.00942
G1 X129.875 Y108.108 E2.00996
G1 X129.625 Y108.151 E2.01114
G1 X129.625 Y108.340 E2.01203
G1 X129.427 Y108.520 E2.01328
G1 X129.375 Y108.655 E2.01395
G1 X129.375 Y108.328 E2.01548
G1 X129.256 Y108.415 E2.01616
G1 X129.125 Y108.672 E2.01752
G1 X129.125 Y110.459 E2.02587
G1 X128.375 Y110.601 F7800.000
G1 F900.000
G1 X128.375 Y110.819 E2.02690
G1 X128.125 Y110.819 E2.02807
G1 X128.125 Y110.601 E2.02909
G1 E0.02909 F2400.000
G92 E0
G1 X128.375 Y108.317 F7800.000
G1 E2.00000 F2400.000
G1 F900.000
G1 X128.375 Y108.085 E2.00109
G1 X128.125 Y108.063 E2.00226
G1 X128.125 Y108.359 E2.00365
G1 X127.875 Y108.035 F7800.000
G1 F900.000
G1 X127.875 Y111.571 E2.02019
G1 X127.625 Y111.305 F7800.000
G1 F900.000
G1 X127.625 Y110.713 E2.02296
G1 X127.375 Y110.713 E2.02413
G1 X127.375 Y110.931 E2.02515
G1 X126.625 Y110.757 F7800.000
G1 F900.000
G1 X126.625 Y110.247 E2.02753
G1 X126.582 Y110.244 E2.02773
G1 X126.538 Y110.382 E2.02841
G1 X126.375 Y110.587 E2.02964
G1 X126.375 Y110.765 E2.03047
G1 X126.248 Y110.830 E2.03114
G1 X126.125 Y110.847 E2.03172
G1 X126.125 Y110.715 E2.03234
G1 X125.875 Y110.749 E2.03352
G1 X125.875 Y110.881 E2.03413
G1 X125.625 Y110.836 E2.03532
G1 X125.625 Y110.707 E2.03593
G1 X125.468 Y110.676 E2.03667
G1 X125.375 Y110.596 E2.03725
G1 X125.375 Y110.784 E2.03813
G1 X125.125 Y110.598 E2.03958
G1 X125.125 Y109.662 E2.04396
G1 X126.625 Y108.876 F7800.000
G1 F900.000
G1 X126.625 Y108.354 E2.04640
G1 X126.569 Y108.286 E2.04682
G1 X126.375 Y108.180 E2.04785
G1 X126.375 Y108.361 E2.04870
G1 X126.125 Y108.234 E2.05001
G1 X126.125 Y108.099 E2.05064
G1 X125.875 Y108.064 E2.05182
G1 X125.875 Y108.197 E2.05245
G1 X125.625 Y108.247 E2.05364
G1 X125.625 Y108.109 E2.05428
G1 X125.386 Y108.152 E2.05542
G1 X125.375 Y108.375 E2.05646
G1 X125.202 Y108.535 E2.05757
G1 X125.125 Y108.736 E2.05857
G1 X125.125 Y108.345 E2.06039
G1 X125.035 Y108.412 E2.06092
G1 X124.875 Y108.729 E2.06258
G1 X124.875 Y110.463 E2.07069
G1 X123.875 Y109.366 F7800.000
G1 F900.000
G1 X123.875 Y110.590 E2.07642
G1 X123.625 Y110.162 F7800.000
G1 F900.000
G1 X123.625 Y110.581 E2.07838
G1 X123.375 Y110.683 E2.07964
G1 X123.375 Y110.640 E2.07984
G1 X123.275 Y110.710 E2.08041
G1 X123.125 Y110.735 E2.08112
G1 X123.125 Y110.785 E2.08136
G1 X122.896 Y110.879 E2.08251
G1 X122.875 Y110.875 E2.08262
G1 X122.875 Y110.768 E2.08312
G1 X122.625 Y110.720 E2.08431
G1 X122.625 Y110.831 E2.08483
G1 X122.375 Y110.775 E2.08602
G1 X122.375 Y110.585 E2.08691
G1 X122.241 Y110.485 E2.08769
G1 X122.125 Y110.274 E2.08882
G1 X122.125 Y110.735 E2.09097
G1 X123.625 Y109.715 F7800.000
G1 F900.000
G1 X123.625 Y109.478 E2.09209
G1 X123.375 Y109.478 E2.09325
G1 X123.375 Y109.603 E2.09384
G1 X123.125 Y109.603 E2.09501
G1 X123.125 Y109.478 E2.09559
G1 X122.875 Y109.478 E2.09676
G1 X122.875 Y109.603 E2.09735
G1 X122.625 Y109.603 E2.09852
G1 X122.625 Y109.478 E2.09910
G1 X122.375 Y109.478 E2.10027
G1 X122.375 Y109.603 E2.10085
G1 X122.125 Y109.603 E2.10202
G1 X122.125 Y109.366 E2.10313
G1 X123.875 Y108.704 F7800.000
G1 F900.000
G1 X123.875 Y108.532 E2.10394
G1 X123.626 Y108.225 E2.10579
G1 X123.625 Y108.437 E2.10678
G1 X123.508 Y108.328 E2.10752
G1 X123.375 Y108.269 E2.10820
G1 X123.375 Y108.167 E2.10868
G1 X123.125 Y108.110 E2.10988
G1 X123.125 Y108.200 E2.11030
G1 X122.875 Y108.186 E2.11147
G1 X122.875 Y108.072 E2.11201
G1 X122.625 Y108.114 E2.11319
G1 X122.625 Y108.234 E2.11375
G1 X122.521 Y108.254 E2.11425
G1 X122.375 Y108.370 E2.11512
G1 X122.375 Y108.172 E2.11605
G1 X122.125 Y108.347 E2.11747
G1 X122.125 Y109.096 E2.12098
G1 X121.875 Y108.469 F7800.000
G1 F900.000
G1 X121.875 Y110.477 E2.13037
G1 E0.13037 F2400.000
G92 E0
G1 X120.875 Y108.013 F7800.000
G1 E2.00000 F2400.000
G1 F900.000
G1 X120.875 Y110.450 E2.01140
G1 X120.755 Y110.678 E2.01261
G1 X120.625 Y110.760 E2.01332
G1 X120.625 Y110.407 E2.01497
G1 X120.551 Y110.545 E2.01571
G1 X120.375 Y110.680 E2.01675
G1 X120.375 Y110.848 E2.01753
G1 X120.140 Y110.882 E2.01864
G1 X120.125 Y110.880 E2.01871
G1 X120.125 Y110.743 E2.01936
G1 X119.970 Y110.756 E2.02008
G1 X119.875 Y110.738 E2.02054
G1 X119.875 Y110.854 E2.02108
G1 X119.656 Y110.772 E2.02218
G1 X119.625 Y110.746 E2.02236
G1 X119.625 Y110.558 E2.02324
G1 X119.125 Y110.931 F7800.000
G1 F900.000
G1 X119.125 Y108.013 E2.03689
G1 X118.875 Y108.013 F7800.000
G1 F900.000
G1 X118.875 Y110.931 E2.05055
G1 E0.05055 F2400.000
G92 E0
G1 X117.875 Y108.013 F7800.000
G1 E2.00000 F2400.000
G1 F900.000
G1 X117.875 Y110.417 E2.01125
G1 X117.737 Y110.678 E2.01263
G1 X117.625 Y110.749 E2.01325
G1 X117.625 Y110.374 E2.01500
G1 X117.534 Y110.545 E2.01591
G1 X117.375 Y110.674 E2.01686
G1 X117.375 Y110.846 E2.01766
G1 X117.125 Y110.882 E2.01885
G1 X117.125 Y110.742 E2.01950
G1 X116.953 Y110.756 E2.02031
G1 X116.875 Y110.741 E2.02068
G1 X116.875 Y110.856 E2.02122
G1 X116.638 Y110.772 E2.02239
G1 X116.625 Y110.571 E2.02333
G1 X116.125 Y110.931 F7800.000
G1 F900.000
G1 X116.125 Y108.013 E2.03698
G1 X115.875 Y108.013 F7800.000
G1 F900.000
G1 X115.875 Y110.931 E2.05064
G1 E0.05064 F2400.000
G92 E0
G1 X114.875 Y108.432 F7800.000
G1 E2.00000 F2400.000
G1 F900.000
G1 X114.875 Y110.556 E2.00993
G1 X114.625 Y109.958 F7800.000
G1 F900.000
G1 X114.625 Y110.637 E2.01311
G1 X114.395 Y110.796 E2.01442
G1 X114.375 Y110.799 E2.01451
G1 X114.375 Y110.617 E2.01536
G1 X114.287 Y110.693 E2.01591
G1 X114.125 Y110.724 E2.01668
G1 X114.125 Y110.839 E2.01722
G1 X113.875 Y110.879 E2.01840
G1 X113.875 Y110.772 E2.01890
G1 X113.625 Y110.727 E2.02009
G1 X113.625 Y110.784 E2.02035
G1 X113.375 Y110.687 E2.02161
G1 X113.375 Y110.637 E2.02184
G1 X113.139 Y110.437 E2.02329
G1 X113.125 Y110.402 E2.02347
G1 X113.125 Y110.711 E2.02491
G1 E0.02491 F2400.000
G92 E0
G1 X114.625 Y109.016 F7800.000
G1 E2.00000 F2400.000
G1 F900.000
G1 X114.625 Y108.329 E2.00321
G1 X114.375 Y108.158 E2.00463
G1 X114.375 Y108.343 E2.00549
G1 X114.269 Y108.252 E2.00615
G1 X114.125 Y108.225 E2.00683
G1 X114.125 Y108.110 E2.00737
G1 X113.875 Y108.068 E2.00855
G1 X113.875 Y108.178 E2.00907
G1 X113.834 Y108.171 E2.00926
G1 X113.625 Y108.215 E2.01026
G1 X113.625 Y108.101 E2.01080
G1 X113.375 Y108.144 E2.01198
G1 X113.375 Y108.303 E2.01272
G1 X113.125 Y108.548 E2.01436
G1 X113.125 Y108.299 E2.01553
G1 X112.965 Y108.414 E2.01645
G1 X112.875 Y108.592 E2.01738
G1 X112.875 Y110.602 E2.02679
G1 X111.875 Y111.395 F7800.000
G1 F900.000
G1 X111.875 Y111.015 E2.02856
G1 X111.724 Y110.965 E2.02931
G1 X111.625 Y111.128 E2.03020
G1 X111.625 Y111.453 E2.03172
G1 X111.493 Y111.560 E2.03251
G1 X111.375 Y111.605 E2.03310
G1 X111.375 Y111.361 E2.03425
G1 X111.305 Y111.418 E2.03467
G1 X111.125 Y111.489 E2.03558
G1 X111.125 Y111.701 E2.03657
G1 X111.067 Y111.723 E2.03686
G1 X110.875 Y111.743 E2.03776
G1 X110.875 Y111.568 E2.03858
G1 X110.625 Y111.596 E2.03975
G1 X110.625 Y111.769 E2.04056
G1 X110.539 Y111.778 E2.04097
G1 X110.375 Y111.750 E2.04174
G1 X110.375 Y111.577 E2.04256
G1 X110.125 Y111.531 E2.04374
G1 X110.125 Y111.709 E2.04457
G1 X109.875 Y111.667 E2.04576
G1 X109.875 Y111.459 E2.04673
G1 X109.625 Y111.277 E2.04818
G1 X109.625 Y111.537 E2.04939
G1 X109.375 Y111.371 E2.05080
G1 X109.375 Y110.771 E2.05360
G1 E0.05360 F2400.000
G92 E0
G1 X111.875 Y109.087 F7800.000
G1 E2.00000 F2400.000
G1 F900.000
G1 X111.875 Y108.680 E2.00190
G1 X111.817 Y108.592 E2.00240
G1 X111.625 Y108.433 E2.00356
G1 X111.625 Y108.787 E2.00522
G1 X111.375 Y108.494 E2.00702
G1 X111.375 Y108.263 E2.00811
G1 X111.125 Y108.159 E2.00937
G1 X111.125 Y108.391 E2.01046
G1 X110.875 Y108.321 E2.01167
G1 X110.875 Y108.103 E2.01269
G1 X110.625 Y108.072 E2.01387
G1 X110.625 Y108.251 E2.01470
G1 X110.567 Y108.235 E2.01499
G1 X110.375 Y108.272 E2.01590
G1 X110.375 Y108.080 E2.01680
G1 X110.125 Y108.108 E2.01797
G1 X110.125 Y108.319 E2.01896
G1 X109.947 Y108.354 E2.01981
G1 X109.875 Y108.407 E2.02023
G1 X109.875 Y108.179 E2.02130
G1 X109.625 Y108.277 E2.02255
G1 X109.625 Y108.594 E2.02403
G1 X109.468 Y108.711 E2.02495
G1 X109.375 Y108.881 E2.02585
G1 X109.375 Y108.464 E2.02780
G1 X109.255 Y108.558 E2.02851
G1 X109.125 Y108.749 E2.02959
G1 X109.125 Y111.070 E2.04045
G1 X108.913 Y110.716 E2.04238
G1 X108.875 Y110.460 E2.04359
G1 X108.875 Y108.956 E2.05063
G1 E0.05063 F2400.000
G92 E0
G1 X106.625 Y110.569 F7800.000
G1 E2.00000 F2400.000
G1 F900.000
G1 X106.625 Y110.880 E2.00145
G1 X106.431 Y110.853 E2.00237
G1 X106.375 Y110.821 E2.00267
G1 X106.375 Y110.523 E2.00407
G1 X105.875 Y110.931 F7800.000
G1 F900.000
G1 X105.875 Y108.013 E2.01772
G1 X105.625 Y108.013 F7800.000
G1 F900.000
G1 X105.625 Y110.931 E2.03137
G1 X104.625 Y109.366 F7800.000
G1 F900.000
G1 X104.625 Y110.397 E2.03619
G1 X104.375 Y109.917 F7800.000
G1 F900.000
G1 X104.375 Y110.559 E2.03920
G1 X104.125 Y110.662 E2.04046
G1 X104.125 Y110.604 E2.04073
G1 X103.972 Y110.710 E2.04160
G1 X103.875 Y110.726 E2.04206
G1 X103.875 Y110.764 E2.04224
G1 X103.625 Y110.866 E2.04350
G1 X103.625 Y110.769 E2.04396
G1 X103.375 Y110.730 E2.04514
G1 X103.375 Y110.840 E2.04565
G1 X103.125 Y110.797 E2.04684
G1 X103.125 Y110.625 E2.04765
G1 X102.938 Y110.485 E2.04874
G1 X102.875 Y110.370 E2.04935
G1 X102.875 Y110.773 E2.05123
G1 X104.375 Y109.715 F7800.000
G1 F900.000
G1 X104.375 Y109.478 E2.05234
G1 X104.125 Y109.478 E2.05351
G1 X104.125 Y109.603 E2.05410
G1 X103.875 Y109.603 E2.05527
G1 X103.875 Y109.478 E2.05585
G1 X103.625 Y109.478 E2.05702
G1 X103.625 Y109.603 E2.05761
G1 X103.375 Y109.603 E2.05877
G1 X103.375 Y109.478 E2.05936
G1 X103.125 Y109.478 E2.06053
G1 X103.125 Y109.603 E2.06111
G1 X102.875 Y109.603 E2.06228
G1 X102.875 Y109.366 E2.06339
G1 X104.375 Y108.703 F7800.000
G1 F900.000
G1 X104.375 Y108.289 E2.06533
G1 X104.323 Y108.225 E2.06571
G1 X104.125 Y108.179 E2.06666
G1 X104.125 Y108.293 E2.06719
G1 X103.946 Y108.214 E2.06811
G1 X103.875 Y108.206 E2.06844
G1 X103.875 Y108.122 E2.06884
G1 X103.625 Y108.064 E2.07004
G1 X103.625 Y108.177 E2.07056
G1 X103.375 Y108.224 E2.07175
G1 X103.375 Y108.105 E2.07231
G1 X103.125 Y108.148 E2.07349
G1 X103.125 Y108.328 E2.07434
G1 X102.913 Y108.496 E2.07560
G1 X102.875 Y108.577 E2.07602
G1 X102.875 Y108.310 E2.07727
G1 X102.729 Y108.412 E2.07810
G1 X102.625 Y108.611 E2.07915
G1 X102.625 Y110.575 E2.08834
G1 X101.875 Y110.931 F7800.000
G1 F900.000
G1 X101.875 Y109.953 E2.09291
G1 X101.625 Y109.080 F7800.000
G1 F900.000
G1 X101.625 Y110.631 E2.10017
G1 X101.375 Y109.661 F7800.000
G1 F900.000
G1 X101.375 Y108.616 E2.10506
G1 X101.234 Y108.125 E2.10744
G1 X101.125 Y108.125 E2.10796
G1 X101.125 Y108.281 E2.10868
G1 X100.954 Y108.279 E2.10949
G1 X100.875 Y108.604 E2.11105
G1 X100.875 Y108.013 E2.11382
G1 X100.625 Y108.602 F7800.000
G1 F900.000
G1 X100.625 Y110.058 E2.12063
G1 X100.375 Y110.931 F7800.000
G1 F900.000
G1 X100.375 Y110.083 E2.12460
G1 X100.250 Y110.666 E2.12739
G1 X100.125 Y110.666 E2.12797
G1 X100.125 Y110.819 E2.12869
G1 X99.984 Y110.819 E2.12935
G1 X99.875 Y110.404 E2.13135
G1 X99.875 Y109.448 E2.13582
G1 X99.625 Y108.470 F7800.000
G1 F900.000
G1 X99.625 Y109.896 E2.14249
G1 X99.375 Y108.946 F7800.000
G1 F900.000
G1 X99.375 Y108.125 E2.14633
G1 X99.125 Y108.125 E2.14750
G1 X99.125 Y108.823 E2.15076
G1 X98.875 Y109.837 F7800.000
G1 F900.000
G1 X98.875 Y108.324 E2.15784
G1 X98.625 Y109.217 F7800.000
G1 F900.000
G1 X98.625 Y110.376 E2.16326
G1 X98.515 Y110.819 E2.16539
G1 X98.375 Y110.819 E2.16605
G1 X98.375 Y110.111 E2.16936
G1 X97.625 Y108.319 F7800.000
G1 F900.000
G1 X97.625 Y110.646 E2.18024
G1 X97.375 Y110.168 F7800.000
G1 F900.000
G1 X97.375 Y110.681 E2.18264
G1 X97.209 Y110.796 E2.18358
G1 X97.125 Y110.809 E2.18398
G1 X97.125 Y110.672 E2.18462
G1 X97.101 Y110.693 E2.18477
G1 X96.875 Y110.736 E2.18585
G1 X96.875 Y110.849 E2.18637
G1 X96.686 Y110.879 E2.18727
G1 X96.625 Y110.856 E2.18758
G1 X96.625 Y110.763 E2.18801
G1 X96.375 Y110.715 E2.18920
G1 X96.375 Y110.759 E2.18941
G1 X96.125 Y110.662 E2.19066
G1 X96.125 Y110.582 E2.19103
G1 X95.953 Y110.437 E2.19208
G1 X95.875 Y110.238 E2.19308
G1 X95.875 Y110.686 E2.19518
G1 E0.19518 F2400.000
G92 E0
G1 X97.375 Y108.148 F7800.000
G1 E2.00000 F2400.000
G1 F900.000
G1 X97.375 Y108.500 E2.00165
G1 X97.125 Y108.288 E2.00318
G1 X97.125 Y108.141 E2.00387
G1 X96.875 Y108.099 E2.00505
G1 X96.875 Y108.213 E2.00559
G1 X96.625 Y108.176 E2.00677
G1 X96.625 Y108.068 E2.00727
G1 X96.375 Y108.112 E2.00846
G1 X96.375 Y108.228 E2.00900
G1 X96.240 Y108.256 E2.00965
G1 X96.125 Y108.361 E2.01037
G1 X96.125 Y108.164 E2.01130
G1 X95.875 Y108.345 E2.01274
G1 X95.875 Y109.253 E2.01699
G1 X95.625 Y108.471 F7800.000
G1 F900.000
G1 X95.625 Y110.377 E2.02591
G1 X94.625 Y109.935 F7800.000
G1 F900.000
G1 X94.625 Y111.437 E2.03293
G1 X94.375 Y110.777 F7800.000
G1 F900.000
G1 X94.375 Y111.499 E2.03631
G1 X94.125 Y111.631 E2.03763
G1 X94.125 Y111.383 E2.03879
G1 X93.875 Y111.452 E2.04001
G1 X93.875 Y111.674 E2.04104
G1 X93.625 Y111.707 E2.04222
G1 X93.625 Y111.521 E2.04309
G1 X93.523 Y111.549 E2.04359
G1 X93.375 Y111.549 E2.04428
G1 X93.375 Y111.715 E2.04506
G1 X93.125 Y111.715 E2.04623
G1 X93.125 Y111.549 E2.04700
G1 X92.875 Y111.549 E2.04817
G1 X92.875 Y111.715 E2.04895
G1 X92.625 Y111.715 E2.05012
G1 X92.625 Y111.437 E2.05142
G1 X94.375 Y110.590 F7800.000
G1 F900.000
G1 X94.375 Y109.864 E2.05481
G1 X94.125 Y109.721 E2.05616
G1 X94.125 Y109.965 E2.05730
G1 X93.875 Y109.892 E2.05852
G1 X93.875 Y109.676 E2.05953
G1 X93.625 Y109.639 E2.06071
G1 X93.625 Y109.818 E2.06155
G1 X93.546 Y109.795 E2.06194
G1 X93.375 Y109.795 E2.06274
G1 X93.375 Y109.634 E2.06349
G1 X93.125 Y109.634 E2.06466
G1 X93.125 Y109.795 E2.06541
G1 X92.875 Y109.795 E2.06658
G1 X92.875 Y109.634 E2.06733
G1 X92.625 Y109.634 E2.06850
G1 X92.625 Y109.907 E2.06978
G1 X92.375 Y108.013 F7800.000
G1 F900.000
G1 X92.375 Y111.715 E2.08710
G1 X92.125 Y111.715 E2.08827
G1 X92.125 Y108.013 E2.10559
G1 E0.10559 F2400.000
G92 E0
G1 X92.375 Y75.290 F7800.000
G1 E2.00000 F2400.000
G1 F900.000
G1 X92.375 Y75.637 E2.00162
G1 X92.281 Y75.517 E2.00233
G1 X92.125 Y75.217 E2.00391
G1 X92.125 Y74.228 E2.00854
G1 X92.375 Y72.885 F7800.000
G1 F900.000
G1 X92.375 Y72.539 E2.01016
G1 X92.280 Y72.660 E2.01088
G1 X92.125 Y72.959 E2.01245
G1 X92.125 Y73.947 E2.01708
G1 E0.01708 F2400.000
G92 E0
G1 X94.625 Y74.933 F7800.000
G1 E2.00000 F2400.000
G1 F900.000
G1 X94.625 Y74.676 E2.00120
G1 X94.529 Y74.668 E2.00165
G1 X94.502 Y74.763 E2.00212
G1 X94.375 Y74.938 E2.00312
G1 X94.375 Y75.003 E2.00343
G1 X94.243 Y75.074 E2.00413
G1 X94.125 Y75.092 E2.00469
G1 X94.125 Y75.056 E2.00485
G1 X93.962 Y75.081 E2.00563
G1 X93.875 Y75.064 E2.00604
G1 X93.875 Y75.095 E2.00618
G1 X93.625 Y75.049 E2.00737
G1 X93.625 Y74.844 E2.00833
G1 X94.625 Y73.617 F7800.000
G1 F900.000
G1 X94.625 Y73.399 E2.00935
G1 X94.475 Y73.220 E2.01044
G1 X94.375 Y73.166 E2.01097
G1 X94.375 Y73.226 E2.01126
G1 X94.187 Y73.129 E2.01225
G1 X94.125 Y73.120 E2.01254
G1 X94.125 Y73.084 E2.01271
G1 X93.981 Y73.063 E2.01339
G1 X93.875 Y73.082 E2.01389
G1 X93.875 Y73.117 E2.01406
G1 X93.666 Y73.163 E2.01506
G1 X93.625 Y73.200 E2.01532
G1 X93.623 Y73.127 E2.01566
G1 X93.375 Y73.311 E2.01711
G1 X93.375 Y75.004 E2.02502
G1 E0.02502 F2400.000
G92 E0
G1 X95.875 Y73.233 F7800.000
G1 E2.00000 F2400.000
G1 F900.000
G1 X95.875 Y74.942 E2.00799
G1 X95.625 Y74.550 F7800.000
G1 F900.000
G1 X95.625 Y75.267 E2.01134
G1 X95.496 Y75.516 E2.01266
G1 X95.375 Y75.670 E2.01357
G1 X95.375 Y75.341 E2.01511
G1 X95.625 Y73.623 F7800.000
G1 F900.000
G1 X95.625 Y72.908 E2.01846
G1 X95.495 Y72.658 E2.01977
G1 X95.375 Y72.505 E2.02068
G1 X95.375 Y72.833 E2.02222
G1 E0.02222 F2400.000
G92 E0
G1 X99.125 Y74.487 F7800.000
G1 E2.00000 F2400.000
G1 F900.000
G1 X99.125 Y75.766 E2.00598
G1 X98.875 Y75.554 F7800.000
G1 F900.000
G1 X98.875 Y75.772 E2.00701
G1 X98.625 Y75.806 E2.00819
G1 X98.625 Y75.756 E2.00842
G1 X98.539 Y75.769 E2.00883
G1 X98.375 Y75.745 E2.00960
G1 X98.375 Y75.795 E2.00983
G1 X98.220 Y75.773 E2.01057
G1 X98.125 Y75.722 E2.01107
G1 X98.125 Y75.643 E2.01144
G1 X98.070 Y75.613 E2.01173
G1 X97.920 Y75.421 E2.01287
G1 X97.875 Y75.295 E2.01350
G1 X97.875 Y75.699 E2.01539
G1 X98.875 Y74.648 F7800.000
G1 F900.000
G1 X98.875 Y74.400 E2.01655
G1 X98.625 Y74.181 E2.01810
G1 X98.625 Y74.255 E2.01844
G1 X98.375 Y74.047 E2.01996
G1 X98.375 Y73.965 E2.02035
G1 X98.125 Y73.726 E2.02196
G1 X98.125 Y73.973 E2.02312
G1 X99.125 Y73.298 F7800.000
G1 F900.000
G1 X99.125 Y73.125 E2.02393
G1 X98.875 Y73.125 E2.02510
G1 X98.875 Y73.186 E2.02538
G1 X98.625 Y73.186 E2.02655
G1 X98.625 Y73.125 E2.02684
G1 X98.375 Y73.125 E2.02801
G1 X98.375 Y73.186 E2.02829
G1 X98.125 Y73.186 E2.02946
G1 X98.125 Y73.125 E2.02975
G1 X97.875 Y73.125 E2.03091
G1 X97.875 Y73.705 E2.03363
G1 E0.03363 F2400.000
G92 E0
G1 X101.625 Y73.573 F7800.000
G1 E2.00000 F2400.000
G1 F900.000
G1 X101.625 Y75.333 E2.00823
G1 X101.375 Y75.061 F7800.000
G1 F900.000
G1 X101.375 Y75.556 E2.01055
G1 X101.183 Y75.734 E2.01177
G1 X101.125 Y75.747 E2.01205
G1 X101.125 Y75.695 E2.01229
G1 X100.875 Y75.758 E2.01350
G1 X100.875 Y75.801 E2.01370
G1 X100.803 Y75.816 E2.01404
G1 X100.625 Y75.779 E2.01489
G1 X100.625 Y75.732 E2.01511
G1 X100.447 Y75.689 E2.01597
G1 X100.375 Y75.611 E2.01647
G1 X100.375 Y75.842 E2.01755
G1 E0.01755 F2400.000
G92 E0
G1 X101.375 Y73.843 F7800.000
G1 E2.00000 F2400.000
G1 F900.000
G1 X101.375 Y73.342 E2.00235
G1 X101.164 Y73.147 E2.00369
G1 X101.125 Y73.138 E2.00388
G1 X101.125 Y73.193 E2.00413
G1 X100.875 Y73.127 E2.00534
G1 X100.875 Y73.083 E2.00555
G1 X100.792 Y73.064 E2.00595
G1 X100.625 Y73.101 E2.00674
G1 X100.625 Y73.150 E2.00697
G1 X100.446 Y73.196 E2.00784
G1 X100.375 Y73.276 E2.00834
G1 X100.375 Y73.188 E2.00875
G1 X100.156 Y73.392 E2.01015
G1 X100.125 Y73.470 E2.01054
G1 X100.125 Y75.626 E2.02063
G1 E0.02063 F2400.000
G92 E0
G1 X103.625 Y74.462 F7800.000
G1 E2.00000 F2400.000
G1 F900.000
G1 X103.625 Y75.652 E2.00556
G1 X103.407 Y75.771 E2.00673
G1 X103.375 Y75.776 E2.00688
G1 X103.375 Y75.700 E2.00723
G1 X103.327 Y75.730 E2.00750
G1 X103.125 Y75.760 E2.00845
G1 X103.125 Y75.810 E2.00868
G1 X103.065 Y75.818 E2.00897
G1 X102.875 Y75.791 E2.00986
G1 X102.875 Y75.741 E2.01009
G1 X102.810 Y75.732 E2.01040
G1 X102.625 Y75.629 E2.01139
G1 X102.625 Y75.709 E2.01176
G1 X102.500 Y75.642 E2.01243
G1 X102.375 Y75.493 E2.01334
G1 X102.375 Y75.184 E2.01478
G1 X103.375 Y74.620 F7800.000
G1 F900.000
G1 X103.375 Y74.376 E2.01592
G1 X103.125 Y74.159 E2.01747
G1 X103.125 Y74.233 E2.01781
G1 X102.875 Y74.025 E2.01934
G1 X102.875 Y73.943 E2.01972
G1 X102.625 Y73.700 E2.02135
G1 X102.625 Y73.948 E2.02250
G1 X103.875 Y73.298 F7800.000
G1 F900.000
G1 X103.875 Y73.125 E2.02332
G1 X103.625 Y73.125 E2.02449
G1 X103.625 Y73.186 E2.02477
G1 X103.375 Y73.186 E2.02594
G1 X103.375 Y73.125 E2.02622
G1 X103.125 Y73.125 E2.02739
G1 X103.125 Y73.186 E2.02768
G1 X102.875 Y73.186 E2.02885
G1 X102.875 Y73.125 E2.02913
G1 X102.625 Y73.125 E2.03030
G1 X102.625 Y73.298 E2.03111
G1 X102.375 Y73.013 F7800.000
G1 F900.000
G1 X102.375 Y73.676 E2.03422
G1 E0.03422 F2400.000
G92 E0
G1 X106.125 Y73.013 F7800.000
G1 E2.00000 F2400.000
G1 F900.000
G1 X106.125 Y73.186 E2.00081
G1 X105.875 Y73.186 E2.00198
G1 X105.875 Y73.125 E2.00227
G1 X105.625 Y73.125 E2.00344
G1 X105.625 Y73.298 E2.00425
G1 E0.00425 F2400.000
G92 E0
G1 X105.375 Y75.867 F7800.000
G1 E2.00000 F2400.000
G1 F900.000
G1 X105.375 Y73.125 E2.01283
G1 X105.125 Y73.125 E2.01400
G1 X105.125 Y73.186 E2.01428
G1 X104.875 Y73.186 E2.01545
G1 X104.875 Y73.125 E2.01574
G1 X104.625 Y73.125 E2.01691
G1 X104.625 Y73.298 E2.01772
G1 E0.01772 F2400.000
G92 E0
G1 X105.125 Y75.482 F7800.000
G1 E2.00000 F2400.000
G1 F900.000
G1 X105.125 Y75.642 E2.00075
G1 X104.875 Y75.462 E2.00219
G1 X104.875 Y75.295 E2.00297
G1 E0.00297 F2400.000
G92 E0
G1 X109.875 Y74.318 F7800.000
G1 E2.00000 F2400.000
G1 F900.000
G1 X109.875 Y73.463 E2.00400
G1 X109.755 Y73.315 E2.00489
G1 X109.625 Y73.252 E2.00556
G1 X109.625 Y73.338 E2.00596
G1 X109.375 Y73.222 E2.00725
G1 X109.375 Y73.164 E2.00752
G1 X109.125 Y73.134 E2.00870
G1 X109.125 Y73.194 E2.00899
G1 X108.875 Y73.186 E2.01016
G1 X108.875 Y73.125 E2.01044
G1 X108.625 Y73.125 E2.01161
G1 X108.625 Y73.186 E2.01190
G1 X108.375 Y73.186 E2.01306
G1 X108.375 Y73.013 E2.01388
G1 X109.375 Y74.286 F7800.000
G1 F900.000
G1 X109.375 Y74.406 E2.01444
G1 X109.283 Y74.430 E2.01488
G1 X109.274 Y74.584 E2.01561
G1 X109.125 Y74.558 E2.01632
G1 X109.125 Y74.462 E2.01677
G1 X109.025 Y74.486 E2.01724
G1 X108.875 Y74.486 E2.01795
G1 X108.875 Y74.539 E2.01820
G1 X108.625 Y74.539 E2.01937
G1 X108.625 Y74.486 E2.01961
G1 X108.375 Y74.486 E2.02078
G1 X108.375 Y74.651 E2.02156
G1 X109.625 Y74.626 F7800.000
G1 F900.000
G1 X109.625 Y75.566 E2.02595
G1 X109.609 Y75.598 E2.02612
G1 X109.375 Y75.652 E2.02725
G1 X109.375 Y75.612 E2.02743
G1 X109.234 Y75.667 E2.02814
G1 X109.125 Y75.677 E2.02865
G1 X109.125 Y75.709 E2.02880
G1 X108.925 Y75.755 E2.02976
G1 X108.875 Y75.755 E2.03000
G1 X108.875 Y75.694 E2.03028
G1 X108.625 Y75.694 E2.03145
G1 X108.625 Y75.755 E2.03173
G1 X108.375 Y75.755 E2.03290
G1 X108.375 Y75.581 E2.03372
G1 X108.125 Y75.867 F7800.000
G1 F900.000
G1 X108.125 Y73.013 E2.04707
G1 E0.04707 F2400.000
G92 E0
G1 X112.625 Y75.694 F7800.000
G1 E2.00000 F2400.000
G1 F900.000
G1 X112.625 Y74.434 E2.00589
G1 X112.375 Y74.642 F7800.000
G1 F900.000
G1 X112.375 Y74.321 E2.00739
G1 X112.625 Y73.696 F7800.000
G1 F900.000
G1 X112.625 Y73.261 E2.00943
G1 X112.375 Y73.674 E2.01169
G1 X112.375 Y74.088 E2.01363
G1 X112.125 Y73.870 F7800.000
G1 F900.000
G1 X112.125 Y74.434 E2.01626
G1 X111.875 Y74.411 E2.01744
G1 X111.875 Y74.354 E2.01771
G1 X111.625 Y74.354 E2.01887
G1 X111.625 Y74.411 E2.01914
G1 X111.375 Y74.411 E2.02031
G1 X111.375 Y74.354 E2.02058
G1 X111.125 Y74.354 E2.02175
G1 X111.125 Y74.523 E2.02254
G1 X112.375 Y75.471 F7800.000
G1 F900.000
G1 X112.375 Y75.694 E2.02358
G1 X112.125 Y75.733 E2.02476
G1 X112.125 Y75.672 E2.02505
G1 X111.875 Y75.694 E2.02623
G1 X111.875 Y75.755 E2.02651
G1 X111.625 Y75.755 E2.02768
G1 X111.625 Y75.694 E2.02797
G1 X111.375 Y75.694 E2.02914
G1 X111.375 Y75.755 E2.02942
G1 X111.125 Y75.755 E2.03059
G1 X111.125 Y75.581 E2.03140
G1 X110.875 Y75.867 F7800.000
G1 F900.000
G1 X110.875 Y73.013 E2.04475
G1 E0.04475 F2400.000
G92 E0
G1 X115.625 Y74.254 F7800.000
G1 E2.00000 F2400.000
G1 F900.000
G1 X115.625 Y73.338 E2.00428
G1 X115.375 Y73.547 F7800.000
G1 F900.000
G1 X115.375 Y73.246 E2.00569
G1 X115.125 Y73.134 E2.00697
G1 X115.125 Y73.204 E2.00730
G1 X114.990 Y73.150 E2.00798
G1 X114.875 Y73.138 E2.00852
G1 X114.875 Y73.091 E2.00874
G1 X114.625 Y73.063 E2.00991
G1 X114.625 Y73.114 E2.01015
G1 X114.375 Y73.137 E2.01133
G1 X114.375 Y73.116 E2.01142
G1 X114.125 Y73.171 E2.01262
G1 X114.125 Y73.200 E2.01275
G1 X113.987 Y73.251 E2.01344
G1 X113.875 Y73.350 E2.01414
G1 X113.875 Y73.227 E2.01472
G1 X113.861 Y73.230 E2.01479
G1 X113.625 Y73.563 E2.01669
G1 X113.625 Y73.696 E2.01732
G1 X115.375 Y73.966 F7800.000
G1 F900.000
G1 X115.375 Y74.312 E2.01894
G1 X115.180 Y74.403 E2.01995
G1 X115.125 Y74.422 E2.02022
G1 X115.125 Y74.297 E2.02080
G1 X114.875 Y74.373 E2.02202
G1 X114.875 Y74.492 E2.02258
G1 X114.625 Y74.552 E2.02378
G1 X114.625 Y74.433 E2.02434
G1 X114.375 Y74.496 E2.02555
G1 X114.375 Y74.615 E2.02610
G1 X114.125 Y74.700 E2.02733
G1 X114.125 Y74.455 E2.02848
G1 X115.375 Y75.237 F7800.000
G1 F900.000
G1 X115.375 Y75.616 E2.03025
G1 X115.300 Y75.685 E2.03073
G1 X115.125 Y75.747 E2.03160
G1 X115.125 Y75.674 E2.03194
G1 X114.875 Y75.753 E2.03316
G1 X114.875 Y75.796 E2.03337
G1 X114.625 Y75.818 E2.03454
G1 X114.625 Y75.776 E2.03474
G1 X114.375 Y75.753 E2.03591
G1 X114.375 Y75.791 E2.03609
G1 X114.191 Y75.771 E2.03696
G1 X114.125 Y75.742 E2.03730
G1 X114.125 Y75.559 E2.03815
G1 X113.875 Y75.753 F7800.000
G1 F900.000
G1 X113.875 Y74.568 E2.04369
G1 E0.04369 F2400.000
G92 E0
G1 X118.375 Y75.140 F7800.000
G1 E2.00000 F2400.000
G1 F900.000
G1 X118.375 Y75.534 E2.00184
G1 X118.228 Y75.656 E2.00274
G1 X118.125 Y75.696 E2.00325
G1 X118.125 Y75.600 E2.00370
G1 X117.875 Y75.705 E2.00497
G1 X117.875 Y75.781 E2.00533
G1 X117.625 Y75.808 E2.00651
G1 X117.625 Y75.742 E2.00681
G1 X117.530 Y75.753 E2.00726
G1 X117.375 Y75.725 E2.00800
G1 X117.375 Y75.791 E2.00831
G1 X117.125 Y75.749 E2.00950
G1 X117.125 Y75.678 E2.00982
G1 X117.060 Y75.666 E2.01014
G1 X116.875 Y75.529 E2.01121
G1 X116.875 Y75.647 E2.01176
G1 X116.625 Y75.478 E2.01317
G1 X116.625 Y75.022 E2.01530
G1 E0.01530 F2400.000
G92 E0
G1 X118.375 Y73.723 F7800.000
G1 E2.00000 F2400.000
G1 F900.000
G1 X118.375 Y73.369 E2.00165
G1 X118.209 Y73.234 E2.00265
G1 X118.125 Y73.199 E2.00308
G1 X118.125 Y73.283 E2.00347
G1 X117.875 Y73.214 E2.00469
G1 X117.875 Y73.103 E2.00521
G1 X117.625 Y73.073 E2.00638
G1 X117.625 Y73.146 E2.00673
G1 X117.555 Y73.127 E2.00707
G1 X117.375 Y73.162 E2.00792
G1 X117.375 Y73.080 E2.00831
G1 X117.125 Y73.118 E2.00949
G1 X117.125 Y73.210 E2.00992
G1 X117.077 Y73.220 E2.01016
G1 X116.875 Y73.373 E2.01134
G1 X116.875 Y73.217 E2.01207
G1 X116.846 Y73.228 E2.01221
G1 X116.625 Y73.406 E2.01354
G1 X116.625 Y73.889 E2.01580
G1 X116.375 Y73.556 F7800.000
G1 F900.000
G1 X116.375 Y75.302 E2.02397
;LAYER_CHANGE
;Z:4.22
;HEIGHT:0.3
G1 Z4.220 F7800.000
G1 E0.02397 F2400.000
G92 E0
G1 X126.352 Y109.133 F7800.000
G1 E2.00000 F2400.000
;TYPE:External perimeter
;WIDTH:0.45
G1 F900.000
G1 X127.287 Y109.070 E2.04507
G1 X127.287 Y109.945 E2.08714
G1 X126.332 Y109.875 E2.13317
G1 X126.223 Y110.217 E2.15047
G1 X126.150 Y110.312 E2.15621
G1 X126.040 Y110.373 E2.16228
G1 X125.866 Y110.397 E2.17072
G1 X125.626 Y110.350 E2.18248
G1 X125.488 Y110.231 E2.19127
G1 X125.388 Y109.965 E2.20496
G1 X125.349 Y109.487 E2.22801
G1 X125.391 Y109.021 E2.25051
G1 X125.499 Y108.737 E2.26515
G1 X125.647 Y108.600 E2.27484
G1 X125.873 Y108.551 E2.28595
G1 X126.033 Y108.574 E2.29371
G1 X126.153 Y108.639 E2.30031
G1 X126.239 Y108.747 E2.30693
G1 X126.335 Y109.075 E2.32336
G1 X126.420 Y109.527 F7800.000
G1 E0.32336 F2400.000
G92 E0
G1 X123.951 Y108.929 F7800.000
G1 E2.00000 F2400.000
G1 F900.000
G1 X124.471 Y108.779 E2.02599
G1 X124.428 Y109.128 E2.04290
G1 X123.980 Y109.128 E2.06446
G1 X123.960 Y108.988 E2.07124
G1 X124.351 Y108.907 F7800.000
G1 X122.379 Y108.970
G1 F900.000
G1 X122.497 Y108.720 E2.08456
G1 X122.671 Y108.582 E2.09523
G1 X122.937 Y108.530 E2.10826
G1 X123.156 Y108.555 E2.11885
G1 X123.313 Y108.625 E2.12711
G1 X123.419 Y108.723 E2.13406
G1 X123.636 Y109.128 E2.15617
G1 X122.360 Y109.128 E2.21753
G1 X122.372 Y109.030 E2.22230
G1 X122.589 Y108.789 F7800.000
G1 E0.22230 F2400.000
G92 E0
G1 X126.860 Y110.601 F7800.000
G1 E2.00000 F2400.000
;WIDTH:0.41367
G1 F1800.000
G1 X127.115 Y110.333 E2.01613
;WIDTH:0.429457
G1 X127.317 Y110.368 E2.02549
G1 X127.329 Y110.405 E2.02729
G1 X127.296 Y110.451 E2.02986
;WIDTH:0.290929
G1 X127.196 Y110.588 E2.03464
G1 E0.03464 F2400.000
G92 E0
G1 X128.244 Y108.543 F7800.000
G1 E2.00000 F2400.000
;WIDTH:0.45
G1 F900.000
G1 X128.762 Y108.613 E2.02517
G1 X128.694 Y108.748 E2.03247
G1 X128.601 Y109.493 E2.06857
G1 X128.850 Y110.363 E2.11211
G1 X128.227 Y110.363 E2.14209
G1 X128.238 Y108.603 E2.22677
G1 X128.594 Y108.737 F7800.000
G1 E0.22677 F2400.000
G92 E0
G1 X118.392 Y108.000 F7800.000
G1 E2.00000 F2400.000
;WIDTH:0.732881
G1 F1800.000
G1 X118.392 Y109.756 E2.14644
G1 E0.14644 F2400.000
G92 E0
G1 X105.450 Y109.512 F7800.000
G1 E2.00000 F2400.000
;WIDTH:0.362745
G1 F1800.000
G1 X105.021 Y109.483 E2.01600
;WIDTH:0.324791
G1 X105.006 Y109.463 E2.01683
;WIDTH:0.284046
G1 X104.990 Y109.442 E2.01753
;WIDTH:0.2433
G1 X104.913 Y109.353 E2.02017
G1 X103.368 Y108.582 F7800.000
;WIDTH:0.45
G1 F900.000
G1 X103.634 Y108.530 E2.03321
G1 X103.853 Y108.555 E2.04380
G1 X104.010 Y108.625 E2.05205
G1 X104.116 Y108.723 E2.05900
G1 X104.334 Y109.128 E2.08111
G1 X103.058 Y109.128 E2.14248
G1 X103.076 Y108.970 E2.15013
G1 X103.195 Y108.720 E2.16345
G1 X103.321 Y108.619 E2.17124
G1 X103.590 Y108.737 F7800.000
G1 X102.017 Y109.439
;WIDTH:0.488011
G1 F1800.000
G1 X102.190 Y110.239 E2.21451
;WIDTH:0.534185
G1 X102.363 Y110.664 E2.24134
G1 E0.24134 F2400.000
G92 E0
G1 X99.234 Y108.625 F7800.000
G1 E2.00000 F2400.000
;WIDTH:0.32952
G1 F1800.000
G1 X99.245 Y109.479 E2.02824
G1 X98.525 Y109.527 F7800.000
;WIDTH:0.374014
G1 F1800.000
G1 X97.820 Y110.503 E2.07474
G1 E0.07474 F2400.000
G92 E0
G1 X98.415 Y73.536 F7800.000
G1 E2.00000 F2400.000
;WIDTH:0.45
G1 F900.000
G1 X99.723 Y73.536 E2.06292
G1 X99.643 Y73.739 E2.07342
G1 X99.557 Y74.649 E2.11739
G1 X99.301 Y74.327 E2.13717
G1 X99.067 Y74.099 E2.15287
G1 X98.460 Y73.575 E2.19144
G1 X98.803 Y73.632 F7800.000
G1 E0.19144 F2400.000
G92 E0
G1 X101.953 Y73.788 F7800.000
G1 E2.00000 F2400.000
G1 F900.000
G1 X102.121 Y73.727 E2.00860
G1 X102.355 Y74.015 E2.02648
G1 X102.693 Y74.331 E2.04870
G1 X103.005 Y74.589 E2.06820
G1 X103.238 Y74.824 E2.08413
G1 X103.346 Y75.025 E2.09508
G1 X103.359 Y75.131 E2.10025
G1 X103.337 Y75.267 E2.10688
G1 X103.288 Y75.344 E2.11128
G1 X103.205 Y75.394 E2.11590
G1 X103.064 Y75.415 E2.12277
G1 X102.924 Y75.395 E2.12958
G1 X102.827 Y75.341 E2.13491
G1 X102.763 Y75.260 E2.13989
G1 X102.667 Y74.918 E2.15693
G1 X101.966 Y74.984 E2.19078
G1 X102.017 Y74.439 E2.21709
G1 X101.959 Y73.848 E2.24566
G1 X102.125 Y73.839 F7800.000
G1 X102.940 Y73.536
G1 F900.000
G1 X104.986 Y73.536 E2.34405
G1 X104.986 Y75.082 E2.41840
G1 X104.340 Y74.599 E2.45719
G1 X104.340 Y74.846 E2.46908
G1 X104.146 Y74.878 E2.47851
G1 X104.092 Y74.719 E2.48657
G1 X103.979 Y74.519 E2.49766
G1 X103.827 Y74.327 E2.50943
G1 X103.593 Y74.099 E2.52514
G1 X102.986 Y73.575 E2.56371
G1 X103.329 Y73.632 F7800.000
G1 E0.56371 F2400.000
G92 E0
G1 X112.628 Y74.134 F7800.000
G1 E2.00000 F2400.000
G1 F900.000
G1 X112.851 Y73.784 E2.01996
G1 X113.907 Y73.995 E2.07177
G1 X114.063 Y73.652 E2.08988
G1 X114.169 Y73.557 E2.09675
G1 X114.351 Y73.491 E2.10604
G1 X114.626 Y73.465 E2.11934
G1 X114.906 Y73.493 E2.13284
G1 X115.076 Y73.562 E2.14169
G1 X115.154 Y73.645 E2.14718
G1 X115.183 Y73.775 E2.15357
G1 X115.150 Y73.887 E2.15918
G1 X114.959 Y73.986 E2.16950
G1 X114.171 Y74.187 E2.20860
G1 X113.930 Y74.272 E2.22089
G1 X113.743 Y74.369 E2.23102
G1 X113.589 Y74.484 E2.24029
G1 X113.468 Y74.623 E2.24913
G1 X113.379 Y74.783 E2.25795
G1 X113.350 Y74.882 E2.26290
G1 X113.166 Y74.870 E2.27178
G1 X113.140 Y74.707 E2.27973
G1 X112.957 Y74.394 E2.29714
G1 X112.675 Y74.171 E2.31446
G1 X112.998 Y73.982 F7800.000
G1 X114.149 Y75.111
G1 F900.000
G1 X114.278 Y75.015 E2.32219
G1 X115.173 Y74.776 E2.36672
G1 X115.565 Y74.610 E2.38719
G1 X115.893 Y74.345 E2.40746
G1 X116.005 Y75.106 E2.44446
G1 X115.215 Y74.968 E2.48304
G1 X115.070 Y75.278 E2.49951
G1 X114.988 Y75.352 E2.50483
G1 X114.846 Y75.404 E2.51211
G1 X114.617 Y75.425 E2.52313
G1 X114.368 Y75.401 E2.53518
G1 X114.223 Y75.343 E2.54268
G1 X114.164 Y75.279 E2.54690
G1 X114.141 Y75.171 E2.55220
G1 X114.310 Y75.110 F7800.000
G1 E0.55220 F2400.000
G92 E0
G1 X125.764 Y109.169 F7800.000
G1 E2.00000 F2400.000
;TYPE:Perimeter
G1 F900.000
G1 X125.955 Y109.150 E2.00922
G1 X126.053 Y109.482 E2.02587
G1 X125.949 Y109.807 E2.04225
G1 X125.760 Y109.786 E2.05139
G1 X125.736 Y109.488 E2.06575
G1 X125.759 Y109.229 E2.07828
G1 E0.07828 F2400.000
G92 E0
G1 X111.617 Y109.911 F7800.000
G1 E2.00000 F2400.000
G1 F900.000
G1 X111.977 Y109.732 E2.01936
G1 X112.149 Y110.330 E2.04929
G1 X111.398 Y110.086 E2.08723
G1 X111.028 Y110.694 E2.12148
G1 X110.927 Y110.776 E2.12773
G1 X110.768 Y110.840 E2.13596
G1 X110.561 Y110.863 E2.14601
G1 X110.221 Y110.801 E2.16260
G1 X110.021 Y110.655 E2.17453
G1 X109.875 Y110.385 E2.18929
G1 X109.813 Y109.939 E2.21096
G1 X109.877 Y109.493 E2.23260
G1 X110.036 Y109.205 E2.24843
G1 X110.251 Y109.044 E2.26136
G1 X110.536 Y108.990 E2.27528
G1 X110.923 Y109.098 E2.29463
G1 X111.578 Y109.865 E2.34315
G1 E0.34315 F2400.000
G92 E0
G1 X117.268 Y74.905 F7800.000
G1 E2.00000 F2400.000
G1 F900.000
G1 X117.186 Y74.751 E2.00840
G1 X117.146 Y74.454 E2.02281
G1 X117.188 Y74.159 E2.03715
G1 X117.279 Y73.990 E2.04639
G1 X117.385 Y73.909 E2.05278
G1 X117.526 Y73.882 E2.05970
G1 X117.737 Y73.939 E2.07022
G1 X118.108 Y74.365 E2.09738
G1 X117.773 Y74.934 E2.12914
G1 X117.734 Y74.967 E2.13157
G1 X117.660 Y74.997 E2.13542
G1 X117.554 Y75.010 E2.14057
G1 X117.361 Y74.974 E2.15001
G1 X117.316 Y74.941 E2.15269
G1 E0.15269 F2400.000
G92 E0
G1 X104.290 Y74.080 F7800.000
G1 E2.00000 F2400.000
G1 F900.000
G1 X104.343 Y73.922 E2.00803
G1 X104.600 Y73.922 E2.02042
G1 X104.600 Y74.312 E2.03920
G1 X104.338 Y74.116 E2.05495
G1 E0.05495 F2400.000
G92 E0
G1 X93.442 Y72.412 F7800.000
G1 E2.00000 F2400.000
G1 F900.000
G1 X93.888 Y71.828 E2.03534
G1 X94.298 Y72.366 E2.06789
G1 X93.954 Y72.320 E2.08456
G1 X93.501 Y72.402 E2.10670
G1 E0.10670 F2400.000
G92 E0
G1 X93.442 Y75.763 F7800.000
G1 E2.00000 F2400.000
G1 F900.000
G1 X93.963 Y75.859 E2.02548
G1 X94.298 Y75.810 E2.04175
G1 X93.888 Y76.348 E2.07429
G1 X93.479 Y75.811 E2.10679
G1 E0.10679 F2400.000
G92 E0
G1 X107.289 Y72.389 F7800.000
G1 E2.00000 F2400.000
G1 F900.000
G1 X109.099 Y72.389 E2.08704
G1 X109.677 Y72.460 E2.11508
G1 X110.003 Y72.618 E2.13248
G1 X110.003 Y72.389 E2.14347
G1 X111.612 Y72.389 E2.22087
G1 X111.612 Y73.187 E2.25924
G1 X111.781 Y73.234 E2.26769
G1 X112.292 Y72.389 E2.31518
G1 X114.256 Y72.389 E2.40963
G1 X114.555 Y72.323 E2.42437
G1 X115.270 Y72.393 E2.45892
G1 X115.857 Y72.656 E2.48984
G1 X116.074 Y72.905 E2.50572
G1 X116.472 Y72.585 E2.53029
G1 X116.978 Y72.384 E2.55648
G1 X117.522 Y72.323 E2.58278
G1 X118.081 Y72.386 E2.60988
G1 X118.590 Y72.595 E2.63631
G1 X119.015 Y72.943 E2.66275
G1 X119.666 Y73.919 E2.71917
G1 X118.475 Y74.501 E2.78291
G1 X119.658 Y74.895 E2.84288
G1 X119.030 Y75.945 E2.90176
G1 X118.607 Y76.298 E2.92823
G1 X118.094 Y76.498 E2.95473
G1 X117.510 Y76.560 E2.98300
G1 X116.714 Y76.425 E3.02182
G1 X116.061 Y75.985 E3.05970
G1 X115.688 Y76.327 E3.08405
G1 X115.182 Y76.508 E3.10987
G1 X114.614 Y76.558 E3.13730
G1 X113.996 Y76.489 E3.16722
G1 X113.440 Y76.242 E3.19646
G1 X113.227 Y75.992 E3.21224
G1 X113.106 Y76.149 E3.22177
G1 X112.570 Y76.419 E3.25064
G1 X111.998 Y76.491 E3.27834
G1 X110.003 Y76.491 E3.37432
G1 X110.003 Y76.262 E3.38529
G1 X109.009 Y76.491 E3.43434
G1 X107.289 Y76.491 E3.51706
G1 X107.289 Y72.449 E3.71143
G1 X107.675 Y72.775 F7800.000
;TYPE:External perimeter
G1 F1800.000
G1 X109.075 Y72.775 E3.77879
G1 X109.567 Y72.835 E3.80261
G1 X109.978 Y73.034 E3.82458
G1 X110.388 Y73.540 E3.85592
G1 X110.388 Y72.775 E3.89273
G1 X111.226 Y72.775 E3.93303
G1 X111.226 Y74.004 E3.99214
G1 X111.767 Y74.004 E4.01812
G1 X112.510 Y72.775 E4.08720
G1 X113.494 Y72.775 E4.13453
G1 X113.362 Y72.981 E4.14628
G1 X114.578 Y72.713 E4.20617
G1 X115.170 Y72.771 E4.23477
G1 X115.622 Y72.973 E4.25857
G1 X115.925 Y73.322 E4.28080
G1 X116.003 Y73.683 E4.29858
G1 X116.337 Y73.188 E4.32729
G1 X116.668 Y72.922 E4.34772
G1 X117.073 Y72.762 E4.36866
G1 X117.522 Y72.711 E4.39038
G1 X117.985 Y72.763 E4.41280
G1 X118.390 Y72.930 E4.43388
G1 X118.727 Y73.205 E4.45478
G1 X119.101 Y73.766 E4.48723
G1 X118.398 Y74.110 E4.52486
G1 X117.951 Y73.598 E4.55751
G1 X117.541 Y73.486 E4.57797
G1 X117.223 Y73.548 E4.59354
G1 X116.980 Y73.733 E4.60826
G1 X116.816 Y74.036 E4.62484
G1 X116.757 Y74.453 E4.64507
G1 X116.813 Y74.871 E4.66536
G1 X116.969 Y75.163 E4.68126
G1 X117.203 Y75.337 E4.69531
G1 X117.541 Y75.400 E4.71186
G1 X117.759 Y75.374 E4.72238
G1 X117.938 Y75.300 E4.73172
G1 X118.072 Y75.186 E4.74019
G1 X118.275 Y74.841 E4.75942
G1 X119.081 Y75.109 E4.80025
G1 X118.733 Y75.691 E4.83287
G1 X118.409 Y75.961 E4.85316
G1 X118.002 Y76.120 E4.87416
G1 X117.522 Y76.171 E4.89739
G1 X116.860 Y76.059 E4.92965
G1 X116.337 Y75.706 E4.96002
G1 X116.027 Y75.177 E4.98950
G1 X115.771 Y75.728 E5.01871
G1 X115.484 Y75.991 E5.03739
G1 X115.099 Y76.128 E5.05707
G1 X114.618 Y76.170 E5.08028
G1 X114.098 Y76.113 E5.10547
G1 X113.677 Y75.925 E5.12764
G1 X113.396 Y75.597 E5.14841
G1 X113.339 Y75.328 E5.16164
G1 X113.150 Y75.329 E5.17074
G1 X113.115 Y75.507 E5.17943
G1 X112.854 Y75.844 E5.19995
G1 X112.456 Y76.045 E5.22142
G1 X111.974 Y76.105 E5.24475
G1 X110.388 Y76.105 E5.32103
G1 X110.388 Y75.204 E5.36436
G1 X110.262 Y75.175 E5.37058
G1 X110.388 Y75.166 E5.37666
G1 X110.388 Y74.305 E5.41807
G1 X110.222 Y74.256 E5.42640
G1 X110.093 Y74.456 E5.43787
G1 X109.949 Y74.555 E5.44629
G1 X110.128 Y74.878 E5.46407
G1 X110.175 Y75.182 E5.47884
G1 X110.201 Y75.180 E5.48009
G1 X109.851 Y75.902 E5.51866
G1 X108.965 Y76.105 E5.56238
G1 X107.675 Y76.105 E5.62445
G1 X107.675 Y72.835 E5.78173
G1 X107.625 Y72.378 F7800.000
G1 X96.975 Y72.389
;TYPE:Perimeter
G1 F900.000
G1 X100.092 Y72.389 E5.93160
G1 X100.092 Y72.466 E5.93528
G1 X100.778 Y72.314 E5.96909
G1 X101.501 Y72.467 E6.00463
G1 X101.501 Y72.389 E6.00836
G1 X106.886 Y72.389 E6.26735
G1 X106.886 Y73.922 E6.34105
G1 X106.190 Y73.922 E6.37452
G1 X106.190 Y76.491 E6.49808
G1 X105.045 Y76.491 E6.55313
G1 X104.315 Y75.965 E6.59641
G1 X104.149 Y76.203 E6.61037
G1 X103.642 Y76.482 E6.63820
G1 X103.062 Y76.560 E6.66632
G1 X102.514 Y76.483 E6.69294
G1 X102.027 Y76.224 E6.71947
G1 X101.900 Y76.072 E6.72901
G1 X101.536 Y76.410 E6.75292
G1 X100.806 Y76.568 E6.78885
G1 X100.066 Y76.414 E6.82520
G1 X99.705 Y76.086 E6.84865
G1 X99.623 Y76.203 E6.85552
G1 X99.116 Y76.482 E6.88335
G1 X98.537 Y76.560 E6.91147
G1 X97.989 Y76.483 E6.93809
G1 X97.502 Y76.224 E6.96461
G1 X97.147 Y75.799 E6.99124
G1 X96.800 Y74.657 E7.04866
G1 X97.847 Y74.559 E7.09920
G1 X97.552 Y74.284 E7.11861
G1 X97.356 Y74.058 E7.13295
G1 X97.176 Y73.799 E7.14816
G1 X96.975 Y73.404 E7.16944
G1 X96.975 Y72.449 E7.21536
G1 X97.361 Y72.775 F7800.000
;TYPE:External perimeter
G1 F900.000
G1 X99.706 Y72.775 E7.32815
G1 X99.706 Y73.332 E7.35496
G1 X100.251 Y72.826 E7.39075
G1 X100.780 Y72.708 E7.41681
G1 X101.332 Y72.825 E7.44396
G1 X101.886 Y73.338 E7.48028
G1 X101.886 Y72.775 E7.50736
G1 X106.500 Y72.775 E7.72926
G1 X106.500 Y73.536 E7.76587
G1 X105.804 Y73.536 E7.79934
G1 X105.804 Y76.105 E7.92290
G1 X105.169 Y76.105 E7.95342
G1 X104.152 Y75.373 E8.01371
G1 X104.117 Y75.574 E8.02351
G1 X103.884 Y75.909 E8.04315
G1 X103.519 Y76.110 E8.06319
G1 X103.064 Y76.171 E8.08528
G1 X102.635 Y76.110 E8.10608
G1 X102.275 Y75.919 E8.12572
G1 X102.019 Y75.612 E8.14494
G1 X101.984 Y75.497 E8.15073
G1 X101.819 Y75.491 E8.15868
G1 X101.741 Y75.693 E8.16911
G1 X101.351 Y76.056 E8.19471
G1 X100.804 Y76.174 E8.22161
G1 X100.248 Y76.058 E8.24897
G1 X99.852 Y75.699 E8.27468
G1 X99.729 Y75.378 E8.29121
G1 X99.358 Y75.909 E8.32235
G1 X98.993 Y76.110 E8.34239
G1 X98.538 Y76.171 E8.36448
G1 X98.110 Y76.110 E8.38528
G1 X97.750 Y75.919 E8.40491
G1 X97.493 Y75.612 E8.42414
G1 X97.307 Y74.997 E8.45508
G1 X98.142 Y74.918 E8.49543
G1 X98.238 Y75.260 E8.51247
G1 X98.302 Y75.341 E8.51745
G1 X98.399 Y75.395 E8.52278
G1 X98.539 Y75.415 E8.52958
G1 X98.680 Y75.394 E8.53646
G1 X98.762 Y75.344 E8.54108
G1 X98.812 Y75.267 E8.54548
G1 X98.834 Y75.131 E8.55211
G1 X98.821 Y75.025 E8.55728
G1 X98.713 Y74.824 E8.56823
G1 X98.480 Y74.589 E8.58415
G1 X98.167 Y74.331 E8.60366
G1 X97.830 Y74.015 E8.62588
G1 X97.661 Y73.821 E8.63824
G1 X97.508 Y73.600 E8.65118
G1 X97.361 Y73.312 E8.66674
G1 X97.361 Y72.835 E8.68968
G1 X97.338 Y72.376 F7800.000
G1 E6.68968 F2400.000
G92 E0
G1 X92.212 Y71.557 F7800.000
G1 E2.00000 F2400.000
;TYPE:Perimeter
G1 F900.000
G1 X95.565 Y71.557 E2.16129
G1 X96.116 Y72.258 E2.20417
G1 X96.405 Y72.814 E2.23428
G1 X96.575 Y73.423 E2.26472
G1 X96.630 Y74.084 E2.29660
G1 X96.576 Y74.749 E2.32872
G1 X96.406 Y75.357 E2.35909
G1 X96.118 Y75.915 E2.38928
G1 X95.565 Y76.619 E2.43231
G1 X92.212 Y76.619 E2.59361
G1 X91.660 Y75.918 E2.63649
G1 X91.371 Y75.362 E2.66665
G1 X91.200 Y74.753 E2.69706
G1 X91.145 Y74.092 E2.72893
G1 X91.200 Y73.427 E2.76106
G1 X91.370 Y72.817 E2.79149
G1 X91.659 Y72.260 E2.82169
G1 X92.174 Y71.605 E2.86180
G1 X94.460 Y71.943 F7800.000
;TYPE:External perimeter
G1 F900.000
G1 X95.378 Y71.943 E2.90593
G1 X95.791 Y72.468 E2.93805
G1 X96.044 Y72.956 E2.96450
G1 X96.194 Y73.492 E2.99126
G1 X96.243 Y74.084 E3.01984
G1 X96.194 Y74.681 E3.04866
G1 X96.045 Y75.216 E3.07535
G1 X95.792 Y75.706 E3.10189
G1 X95.378 Y76.233 E3.13413
G1 X94.461 Y76.233 E3.17825
G1 X95.052 Y75.456 E3.22524
G1 X95.261 Y75.037 E3.24772
G1 X95.384 Y74.587 E3.27015
G1 X95.425 Y74.088 E3.29425
G1 X95.384 Y73.588 E3.31836
G1 X95.262 Y73.138 E3.34078
G1 X95.054 Y72.722 E3.36320
G1 X94.497 Y71.991 E3.40740
G1 X94.382 Y71.551 F7800.000
G1 X95.127 Y73.822
G1 F900.000
G1 X94.292 Y73.876 E3.44764
G1 X94.199 Y73.563 E3.46337
G1 X94.151 Y73.504 E3.46702
G1 X94.079 Y73.467 E3.47091
G1 X93.978 Y73.452 E3.47580
G1 X93.834 Y73.484 E3.48291
G1 X93.744 Y73.567 E3.48878
G1 X93.670 Y73.761 E3.49878
G1 X93.640 Y74.099 E3.51507
G1 X93.669 Y74.446 E3.53181
G1 X93.735 Y74.626 E3.54104
G1 X93.816 Y74.696 E3.54619
G1 X93.970 Y74.726 E3.55370
G1 X94.075 Y74.710 E3.55884
G1 X94.137 Y74.673 E3.56230
G1 X94.182 Y74.609 E3.56605
G1 X94.272 Y74.298 E3.58165
G1 X95.122 Y74.363 E3.62265
G1 X94.914 Y74.961 E3.65310
G1 X94.677 Y75.238 E3.67062
G1 X94.354 Y75.412 E3.68826
G1 X93.970 Y75.468 E3.70693
G1 X93.480 Y75.378 E3.73091
G1 X93.099 Y75.094 E3.75379
G1 X92.875 Y74.651 E3.77767
G1 X92.806 Y74.090 E3.80483
G1 X92.874 Y73.527 E3.83213
G1 X93.097 Y73.081 E3.85609
G1 X93.480 Y72.797 E3.87901
G1 X93.963 Y72.710 E3.90261
G1 X94.368 Y72.765 E3.92228
G1 X94.700 Y72.943 E3.94041
G1 X94.937 Y73.227 E3.95818
G1 X95.109 Y73.765 E3.98534
G1 X95.205 Y74.214 F7800.000
G1 E1.98534 F2400.000
G92 E0
G1 X92.399 Y71.943 F7800.000
G1 E2.00000 F2400.000
G1 F900.000
G1 X93.315 Y71.943 E2.04407
G1 X92.721 Y72.723 E2.09125
G1 X92.513 Y73.142 E2.11374
G1 X92.392 Y73.592 E2.13612
G1 X92.352 Y74.088 E2.16008
G1 X92.393 Y74.586 E2.18412
G1 X92.514 Y75.038 E2.20661
G1 X92.723 Y75.456 E2.22912
G1 X93.316 Y76.233 E2.27609
G1 X92.399 Y76.233 E2.32019
G1 X91.986 Y75.708 E2.35232
G1 X91.732 Y75.219 E2.37882
G1 X91.582 Y74.684 E2.40554
G1 X91.532 Y74.092 E2.43411
G1 X91.581 Y73.495 E2.46294
G1 X91.731 Y72.959 E2.48969
G1 X91.984 Y72.470 E2.51621
G1 X92.362 Y71.990 E2.54555
G1 X92.476 Y71.551 F7800.000
G1 E0.54555 F2400.000
G92 E0
G1 X90.961 Y107.004 F7800.000
G1 E2.00000 F2400.000
;TYPE:Perimeter
G1 F3600.000
G1 X93.472 Y107.004 E2.12079
G1 X93.472 Y108.513 E2.19337
G1 X93.674 Y108.513 E2.20306
G1 X94.455 Y108.627 E2.24103
G1 X94.468 Y108.518 E2.24632
G1 X94.903 Y107.666 E2.29235
G1 X95.691 Y107.093 E2.33920
G1 X96.633 Y106.929 E2.38518
G1 X97.603 Y107.082 E2.43241
G1 X98.083 Y107.411 E2.46040
G1 X98.197 Y107.004 E2.48073
G1 X102.080 Y107.004 E2.66747
G1 X102.198 Y107.415 E2.68807
G1 X102.663 Y107.089 E2.71542
G1 X103.637 Y106.924 E2.76293
G1 X104.467 Y107.109 E2.80382
G1 X104.467 Y107.004 E2.80887
G1 X106.944 Y107.004 E2.92796
G1 X106.944 Y109.519 E3.04894
G1 X107.717 Y109.439 E3.08632
G1 X107.744 Y109.153 E3.10018
G1 X107.991 Y108.421 E3.13729
G1 X108.427 Y107.784 E3.17443
G1 X109.034 Y107.305 E3.21165
G1 X109.756 Y107.021 E3.24894
G1 X110.525 Y106.935 E3.28618
G1 X111.321 Y107.026 E3.32471
G1 X112.052 Y107.330 E3.36275
G1 X112.285 Y107.523 E3.37732
G1 X112.877 Y107.093 E3.41251
G1 X113.818 Y106.929 E3.45850
G1 X114.712 Y107.070 E3.50201
G1 X114.712 Y107.004 E3.50520
G1 X122.071 Y107.004 E3.85914
G1 X122.071 Y107.071 E3.86239
G1 X122.940 Y106.924 E3.90478
G1 X124.250 Y107.216 E3.96937
G1 X124.444 Y107.454 E3.98413
G1 X124.929 Y107.095 E4.01316
G1 X125.844 Y106.930 E4.05788
G1 X126.624 Y107.037 E4.09576
G1 X127.048 Y107.271 E4.11901
G1 X127.926 Y106.936 E4.16425
G1 X128.470 Y106.961 E4.19042
G1 X129.151 Y107.096 E4.22380
G1 X130.109 Y106.929 E4.27061
G1 X131.008 Y107.071 E4.31437
G1 X131.008 Y107.004 E4.31760
G1 X133.485 Y107.004 E4.43669
G1 X133.485 Y109.519 E4.55767
G1 X134.372 Y109.427 E4.60056
G1 X134.372 Y111.851 E4.71711
G1 X133.175 Y112.014 E4.77519
G1 X132.654 Y111.940 E4.80050
G1 X130.982 Y111.940 E4.88093
G1 X130.982 Y111.884 E4.88365
G1 X130.040 Y112.034 E4.92953
G1 X129.541 Y111.841 E4.95526
G1 X129.541 Y111.940 E4.96003
G1 X128.998 Y111.940 E4.98615
G1 X128.998 Y112.580 E5.01693
G1 X126.878 Y112.580 E5.11891
G1 X126.734 Y111.940 E5.15046
G1 X126.403 Y111.940 E5.16636
G1 X125.851 Y112.017 E5.19316
G1 X124.927 Y111.848 E5.23835
G1 X124.416 Y111.469 E5.26894
G1 X123.022 Y112.039 E5.34142
G1 X121.957 Y111.853 E5.39342
G1 X121.504 Y111.531 E5.42011
G1 X120.913 Y111.903 E5.45371
G1 X120.162 Y112.012 E5.49018
G1 X119.572 Y111.940 E5.51876
G1 X117.639 Y111.940 E5.61173
G1 X117.145 Y112.012 E5.63576
G1 X116.555 Y111.940 E5.66435
G1 X114.670 Y111.940 E5.75498
G1 X114.672 Y111.887 E5.75755
G1 X113.749 Y112.034 E5.80250
G1 X112.886 Y111.700 E5.84704
G1 X112.674 Y112.045 E5.86651
G1 X112.062 Y112.544 E5.90450
G1 X111.329 Y112.823 E5.94219
G1 X110.503 Y112.909 E5.98212
G1 X109.380 Y112.721 E6.03690
G1 X108.425 Y112.086 E6.09207
G1 X108.000 Y111.374 E6.13192
G1 X107.831 Y111.421 E6.14040
G1 X107.831 Y111.851 E6.16108
G1 X106.634 Y112.014 E6.21916
G1 X106.113 Y111.940 E6.24447
G1 X104.441 Y111.940 E6.32490
G1 X104.442 Y111.743 E6.33437
G1 X103.719 Y112.039 E6.37193
G1 X103.155 Y111.940 E6.39946
G1 X97.152 Y111.940 E6.68820
G1 X96.563 Y112.034 E6.71686
G1 X95.687 Y111.695 E6.76207
G1 X95.235 Y112.312 E6.79888
G1 X94.448 Y112.729 E6.84168
G1 X93.634 Y112.836 E6.88117
G1 X90.961 Y112.836 E7.00976
G1 X90.961 Y107.064 E7.28740
G1 X131.392 Y107.389 F7800.000
G1 F3600.000
G1 X133.099 Y107.389 E7.36949
G1 X133.099 Y109.512 E7.47158
G1 X133.129 Y109.837 E7.48729
G1 X133.167 Y109.940 E7.49255
G1 X133.986 Y109.855 E7.53214
G1 X133.986 Y111.514 E7.61193
G1 X133.176 Y111.624 E7.65125
G1 X132.718 Y111.555 E7.67353
G1 X131.369 Y111.555 E7.73840
G1 X131.371 Y111.217 E7.75465
G1 X130.966 Y111.496 E7.77829
G1 X130.082 Y111.637 E7.82137
G1 X129.156 Y111.278 E7.86916
G1 X129.156 Y111.555 E7.88246
G1 X128.613 Y111.555 E7.90857
G1 X128.613 Y112.195 E7.93936
G1 X127.186 Y112.195 E8.00795
G1 X127.042 Y111.555 E8.03950
G1 X126.561 Y111.555 E8.06264
G1 X126.561 Y111.529 E8.06387
G1 X125.860 Y111.626 E8.09793
G1 X125.085 Y111.485 E8.13582
G1 X124.472 Y111.029 E8.17255
G1 X122.979 Y111.640 E8.25014
G1 X122.109 Y111.488 E8.29261
G1 X121.418 Y110.998 E8.33335
G1 X121.313 Y111.196 E8.34412
G1 X120.777 Y111.533 E8.37463
G1 X120.155 Y111.623 E8.40484
G1 X119.697 Y111.575 E8.42698
G1 X119.644 Y111.555 E8.42973
G1 X118.083 Y111.555 E8.50477
G1 X118.089 Y111.326 E8.51578
G1 X117.759 Y111.533 E8.53455
G1 X117.137 Y111.623 E8.56476
G1 X116.679 Y111.575 E8.58690
G1 X116.626 Y111.555 E8.58965
G1 X115.066 Y111.555 E8.66469
G1 X115.074 Y111.221 E8.68075
G1 X114.675 Y111.496 E8.70406
G1 X113.791 Y111.637 E8.74714
G1 X112.725 Y111.224 E8.80213
G1 X112.379 Y111.787 E8.83391
G1 X111.866 Y112.206 E8.86576
G1 X111.239 Y112.445 E8.89804
G1 X110.515 Y112.520 E8.93302
G1 X109.525 Y112.354 E8.98132
G1 X108.711 Y111.813 E9.02832
G1 X108.208 Y110.968 E9.07562
G1 X108.055 Y109.952 E9.12503
G1 X108.124 Y109.234 E9.15976
G1 X108.339 Y108.595 E9.19217
G1 X108.712 Y108.050 E9.22391
G1 X109.228 Y107.643 E9.25557
G1 X109.850 Y107.399 E9.28767
G1 X110.525 Y107.323 E9.32035
G1 X111.223 Y107.403 E9.35417
G1 X111.850 Y107.663 E9.38680
G1 X112.323 Y108.056 E9.41635
G1 X112.390 Y107.923 E9.42351
G1 X113.031 Y107.458 E9.46160
G1 X113.822 Y107.319 E9.50020
G1 X114.642 Y107.449 E9.54016
G1 X115.098 Y107.761 E9.56670
G1 X115.098 Y107.389 E9.58457
G1 X121.685 Y107.389 E9.90142
G1 X121.685 Y107.757 E9.91908
G1 X122.116 Y107.455 E9.94439
G1 X122.930 Y107.316 E9.98407
G1 X124.036 Y107.563 E10.03857
G1 X124.377 Y107.984 E10.06463
G1 X125.086 Y107.459 E10.10705
G1 X125.852 Y107.320 E10.14449
G1 X126.501 Y107.410 E10.17598
G1 X127.125 Y107.754 E10.21024
G1 X127.157 Y107.642 E10.21585
G1 X127.989 Y107.324 E10.25867
G1 X128.423 Y107.344 E10.27958
G1 X129.251 Y107.509 E10.32018
G1 X129.322 Y107.458 E10.32440
G1 X130.112 Y107.319 E10.36299
G1 X130.933 Y107.449 E10.40296
G1 X131.390 Y107.762 E10.42957
G1 X131.392 Y107.449 E10.44460
G1 X128.819 Y107.816 F7800.000
;TYPE:External perimeter
G1 F1800.000
G1 X128.819 Y108.300 E10.46785
G1 X129.476 Y107.822 E10.50694
G1 X130.116 Y107.710 E10.53815
G1 X130.787 Y107.817 E10.57085
G1 X131.291 Y108.162 E10.60023
G1 X131.595 Y108.734 E10.63141
G1 X131.771 Y108.691 E10.64008
G1 X131.776 Y107.775 E10.68414
G1 X132.713 Y107.775 E10.72924
G1 X132.713 Y109.530 E10.81363
G1 X132.750 Y109.924 E10.83268
G1 X132.842 Y110.171 E10.84535
G1 X132.960 Y110.290 E10.85341
G1 X133.130 Y110.331 E10.86182
G1 X133.600 Y110.283 E10.88456
G1 X133.600 Y111.177 E10.92760
G1 X133.177 Y111.235 E10.94816
G1 X132.857 Y111.190 E10.96370
G1 X132.663 Y111.080 E10.97442
G1 X132.658 Y111.169 E10.97871
G1 X131.757 Y111.169 E11.02205
G1 X131.762 Y110.295 E11.06407
G1 X131.583 Y110.253 E11.07290
G1 X131.316 Y110.786 E11.10161
G1 X130.819 Y111.129 E11.13061
G1 X130.124 Y111.240 E11.16448
G1 X128.770 Y110.715 E11.23433
G1 X128.770 Y111.169 E11.25616
G1 X128.227 Y111.169 E11.28228
G1 X128.227 Y111.809 E11.31306
G1 X127.495 Y111.809 E11.34827
G1 X127.351 Y111.169 E11.37982
G1 X126.947 Y111.169 E11.39925
G1 X126.947 Y110.866 E11.41384
G1 X126.355 Y111.168 E11.44583
G1 X125.868 Y111.236 E11.46946
G1 X125.243 Y111.122 E11.50004
G1 X124.761 Y110.764 E11.52888
G1 X124.475 Y110.200 E11.55929
G1 X124.458 Y110.063 E11.56596
G1 X124.268 Y110.049 E11.57511
G1 X124.070 Y110.777 E11.61138
G1 X122.936 Y111.241 E11.67035
G1 X122.261 Y111.123 E11.70328
G1 X121.762 Y110.769 E11.73270
G1 X121.441 Y110.170 E11.76541
G1 X121.274 Y110.201 E11.77358
G1 X121.237 Y110.514 E11.78871
G1 X121.021 Y110.924 E11.81103
G1 X120.640 Y111.163 E11.83263
G1 X120.147 Y111.235 E11.85660
G1 X119.788 Y111.197 E11.87399
G1 X119.394 Y111.046 E11.89424
G1 X119.389 Y111.169 E11.90014
G1 X118.479 Y111.169 E11.94393
G1 X118.501 Y109.988 E12.00073
G1 X118.283 Y109.975 E12.01123
G1 X118.220 Y110.514 E12.03731
G1 X118.003 Y110.924 E12.05963
G1 X117.623 Y111.163 E12.08123
G1 X117.130 Y111.235 E12.10520
G1 X116.770 Y111.197 E12.12259
G1 X116.377 Y111.046 E12.14284
G1 X116.372 Y111.169 E12.14875
G1 X115.462 Y111.169 E12.19253
G1 X115.484 Y110.273 E12.23561
G1 X115.304 Y110.229 E12.24453
G1 X115.025 Y110.786 E12.27454
G1 X114.528 Y111.129 E12.30354
G1 X113.833 Y111.240 E12.33741
G1 X112.683 Y110.794 E12.39674
G1 X112.310 Y109.493 E12.46185
G1 X112.357 Y109.112 E12.48031
G1 X111.715 Y109.432 E12.51483
G1 X111.140 Y108.758 E12.55740
G1 X110.552 Y108.594 E12.58677
G1 X110.092 Y108.682 E12.60932
G1 X109.738 Y108.946 E12.63053
G1 X109.506 Y109.369 E12.65375
G1 X109.424 Y109.938 E12.68137
G1 X109.502 Y110.507 E12.70903
G1 X109.723 Y110.915 E12.73134
G1 X110.065 Y111.165 E12.75170
G1 X110.547 Y111.253 E12.77527
G1 X110.863 Y111.217 E12.79054
G1 X111.125 Y111.113 E12.80412
G1 X111.323 Y110.951 E12.81641
G1 X111.569 Y110.547 E12.83916
G1 X112.502 Y110.850 E12.88633
G1 X112.085 Y111.530 E12.92466
G1 X111.671 Y111.867 E12.95037
G1 X111.149 Y112.066 E12.97723
G1 X110.528 Y112.131 E13.00727
G1 X109.670 Y111.987 E13.04909
G1 X108.998 Y111.540 E13.08793
G1 X108.578 Y110.836 E13.12736
G1 X108.443 Y109.942 E13.17084
G1 X108.504 Y109.315 E13.20115
G1 X108.687 Y108.769 E13.22886
G1 X108.997 Y108.317 E13.25521
G1 X109.422 Y107.981 E13.28129
G1 X109.943 Y107.776 E13.30819
G1 X110.524 Y107.711 E13.33633
G1 X111.126 Y107.780 E13.36543
G1 X111.648 Y107.997 E13.39266
G1 X112.081 Y108.356 E13.41968
G1 X112.374 Y108.803 E13.44541
G1 X112.692 Y108.181 E13.47902
G1 X113.185 Y107.822 E13.50836
G1 X113.825 Y107.710 E13.53957
G1 X114.496 Y107.817 E13.57227
G1 X115.000 Y108.162 E13.60166
G1 X115.308 Y108.740 E13.63318
G1 X115.483 Y108.697 E13.64188
G1 X115.483 Y107.775 E13.68621
G1 X116.422 Y107.775 E13.73137
G1 X116.422 Y109.697 E13.82382
G1 X116.466 Y110.027 E13.83984
G1 X116.577 Y110.238 E13.85128
G1 X116.737 Y110.358 E13.86090
G1 X116.971 Y110.403 E13.87240
G1 X117.125 Y110.390 E13.87982
G1 X117.212 Y110.360 E13.88423
G1 X117.295 Y110.248 E13.89095
G1 X117.327 Y110.102 E13.89813
G1 X117.340 Y107.775 E14.01008
G1 X119.440 Y107.775 E14.11106
G1 X119.440 Y109.697 E14.20351
G1 X119.484 Y110.027 E14.21952
G1 X119.594 Y110.238 E14.23096
G1 X119.754 Y110.358 E14.24058
G1 X119.989 Y110.403 E14.25208
G1 X120.143 Y110.390 E14.25951
G1 X120.229 Y110.360 E14.26391
G1 X120.313 Y110.248 E14.27063
G1 X120.345 Y110.102 E14.27782
G1 X120.358 Y107.775 E14.38976
G1 X121.300 Y107.775 E14.43507
G1 X121.300 Y108.675 E14.47835
G1 X121.476 Y108.718 E14.48707
G1 X121.762 Y108.174 E14.51664
G1 X122.267 Y107.820 E14.54629
G1 X122.920 Y107.709 E14.57816
G1 X123.821 Y107.910 E14.62258
G1 X124.484 Y108.726 E14.67315
G1 X124.760 Y108.180 E14.70259
G1 X125.243 Y107.822 E14.73151
G1 X125.860 Y107.711 E14.76167
G1 X126.377 Y107.782 E14.78677
G1 X126.798 Y108.014 E14.80989
G1 X127.095 Y108.374 E14.83229
G1 X127.136 Y108.506 E14.83896
G1 X127.308 Y108.504 E14.84723
G1 X127.474 Y107.934 E14.87580
G1 X128.051 Y107.713 E14.90553
G1 X128.376 Y107.728 E14.92118
G1 X128.760 Y107.805 E14.93999
G1 X129.219 Y107.834 F7800.000
G1 X91.346 Y107.389
;TYPE:Perimeter
G1 F3600.000
G1 X93.087 Y107.389 E15.02369
G1 X93.087 Y108.898 E15.09627
G1 X93.646 Y108.898 E15.12315
G1 X94.350 Y109.002 E15.15739
G1 X94.767 Y109.241 E15.18052
G1 X94.843 Y108.633 E15.20997
G1 X95.205 Y107.923 E15.24830
G1 X95.845 Y107.458 E15.28640
G1 X96.636 Y107.319 E15.32499
G1 X97.457 Y107.449 E15.36496
G1 X98.111 Y107.897 E15.40308
G1 X98.266 Y108.189 E15.41897
G1 X98.490 Y107.389 E15.45889
G1 X99.995 Y107.389 E15.53131
G1 X100.048 Y107.600 E15.54175
G1 X100.229 Y107.599 E15.55048
G1 X100.280 Y107.389 E15.56087
G1 X101.789 Y107.389 E15.63346
G1 X102.017 Y108.186 E15.67331
G1 X102.161 Y107.912 E15.68820
G1 X102.814 Y107.455 E15.72652
G1 X103.627 Y107.316 E15.76621
G1 X104.850 Y107.589 E15.82647
G1 X104.851 Y107.389 E15.83609
G1 X106.558 Y107.389 E15.91818
G1 X106.558 Y109.512 E16.02027
G1 X106.588 Y109.837 E16.03598
G1 X106.626 Y109.940 E16.04124
G1 X107.445 Y109.855 E16.08083
G1 X107.445 Y111.514 E16.16062
G1 X106.635 Y111.624 E16.19995
G1 X106.177 Y111.555 E16.22222
G1 X104.828 Y111.555 E16.28709
G1 X104.830 Y111.168 E16.30569
G1 X103.676 Y111.640 E16.36568
G1 X102.971 Y111.517 E16.40011
G1 X102.982 Y111.555 E16.40201
G1 X101.217 Y111.555 E16.48688
G1 X101.143 Y111.261 E16.50146
G1 X100.963 Y111.261 E16.51013
G1 X100.889 Y111.555 E16.52470
G1 X99.416 Y111.555 E16.59554
G1 X99.341 Y111.268 E16.60979
G1 X99.161 Y111.269 E16.61845
G1 X99.090 Y111.555 E16.63261
G1 X97.324 Y111.555 E16.71757
G1 X97.333 Y111.521 E16.71926
G1 X96.605 Y111.637 E16.75471
G1 X95.450 Y111.189 E16.81432
G1 X95.407 Y111.424 E16.82580
G1 X94.976 Y112.013 E16.86090
G1 X94.329 Y112.356 E16.89611
G1 X93.609 Y112.451 E16.93103
G1 X91.346 Y112.451 E17.03986
G1 X91.346 Y107.449 E17.28040
G1 E15.28040 F2400.000
G92 E0
G1 X105.214 Y108.766 F7800.000
G1 E2.00000 F2400.000
;TYPE:External perimeter
G1 F1800.000
G1 X104.649 Y108.929 E2.02829
G1 X104.677 Y109.128 E2.03795
G1 X105.227 Y109.128 E2.06442
G1 X105.235 Y107.775 E2.12949
G1 X106.172 Y107.775 E2.17460
G1 X106.172 Y109.530 E2.25899
G1 X106.209 Y109.924 E2.27804
G1 X106.301 Y110.171 E2.29070
G1 X106.419 Y110.290 E2.29877
G1 X106.589 Y110.331 E2.30717
G1 X107.059 Y110.283 E2.32992
G1 X107.059 Y111.177 E2.37296
G1 X106.636 Y111.235 E2.39351
G1 X106.316 Y111.190 E2.40905
G1 X106.122 Y111.080 E2.41977
G1 X106.117 Y111.169 E2.42406
G1 X105.216 Y111.169 E2.46740
G1 X105.223 Y109.869 E2.52992
G1 X105.022 Y109.842 E2.53968
G1 X104.768 Y110.777 E2.58629
G1 X103.633 Y111.241 E2.64526
G1 X102.958 Y111.123 E2.67820
G1 X102.531 Y110.820 E2.70338
G1 X102.397 Y110.915 E2.71127
G1 X102.470 Y111.169 E2.72399
G1 X101.517 Y111.169 E2.76981
G1 X101.142 Y109.683 E2.84352
G1 X100.962 Y109.683 E2.85219
G1 X100.588 Y111.169 E2.92589
G1 X99.714 Y111.169 E2.96794
G1 X99.332 Y109.704 E3.04075
G1 X99.152 Y109.705 E3.04941
G1 X98.789 Y111.169 E3.12197
G1 X97.832 Y111.169 E3.16797
G1 X97.963 Y110.701 E3.19134
G1 X97.343 Y111.129 E3.22756
G1 X96.648 Y111.240 E3.26143
G1 X95.497 Y110.794 E3.32075
G1 X95.124 Y109.493 E3.38586
G1 X95.217 Y108.748 E3.42196
G1 X95.506 Y108.181 E3.45259
G1 X96.000 Y107.822 E3.48194
G1 X96.639 Y107.710 E3.51315
G1 X97.311 Y107.817 E3.54585
G1 X97.815 Y108.162 E3.57523
G1 X98.115 Y108.727 E3.60603
G1 X98.179 Y109.239 E3.63086
G1 X98.368 Y109.253 E3.63997
G1 X98.782 Y107.775 E3.71381
G1 X99.694 Y107.775 E3.75765
G1 X100.053 Y109.223 E3.82941
G1 X100.235 Y109.222 E3.83815
G1 X100.583 Y107.775 E3.90975
G1 X101.498 Y107.775 E3.95376
G1 X101.912 Y109.221 E4.02612
G1 X102.101 Y109.207 E4.03520
G1 X102.159 Y108.745 E4.05756
G1 X102.459 Y108.174 E4.08860
G1 X102.964 Y107.820 E4.11825
G1 X103.617 Y107.709 E4.15013
G1 X104.518 Y107.910 E4.19453
G1 X105.176 Y108.719 E4.24467
G1 X105.411 Y109.114 F7800.000
G1 E2.24467 F2400.000
G92 E0
G1 X91.732 Y107.775 F7800.000
G1 E2.00000 F2400.000
G1 F900.000
G1 X92.701 Y107.775 E2.04661
G1 X92.701 Y109.284 E2.11918
G1 X93.617 Y109.284 E2.16326
G1 X94.221 Y109.373 E2.19262
G1 X94.720 Y109.658 E2.22026
G1 X95.044 Y110.115 E2.24718
G1 X95.149 Y110.691 E2.27534
G1 X95.044 Y111.268 E2.30354
G1 X94.717 Y111.714 E2.33011
G1 X94.210 Y111.982 E2.35773
G1 X93.584 Y112.065 E2.38810
G1 X91.732 Y112.065 E2.47716
G1 X91.732 Y107.835 E2.68061
G1 X91.678 Y107.379 F7800.000
G1 X83.550 Y107.488
;TYPE:Perimeter
G1 F900.000
G1 X86.450 Y107.488 E2.82010
G1 X87.900 Y110.000 E2.95960
G1 X86.450 Y112.512 E3.09910
G1 X83.550 Y112.512 E3.23859
G1 X82.100 Y110.000 E3.37809
G1 X83.520 Y107.540 E3.51470
G1 X83.772 Y107.874 F7800.000
G1 F900.000
G1 X86.228 Y107.874 E3.63278
G1 X87.455 Y110.000 E3.75086
G1 X86.228 Y112.126 E3.86894
G1 X83.772 Y112.126 E3.98702
G1 X82.545 Y110.000 E4.10510
G1 X83.742 Y107.926 E4.22029
G1 E2.22029 F2400.000
G92 E0
G1 X86.005 Y111.740 F7800.000
G1 E2.00000 F2400.000
;TYPE:External perimeter
G1 F900.000
G1 X83.995 Y111.740 E2.09666
G1 X82.990 Y110.000 E2.19333
G1 X83.995 Y108.260 E2.28999
G1 X86.005 Y108.260 E2.38666
G1 X87.010 Y110.000 E2.48332
G1 X86.035 Y111.689 E2.57710
G1 X86.005 Y112.140 F7800.000
G1 E0.57710 F2400.000
G92 E0
G1 X83.550 Y72.488 F7800.000
G1 E2.00000 F2400.000
;TYPE:Perimeter
G1 F900.000
G1 X86.450 Y72.488 E2.13950
G1 X87.900 Y75.000 E2.27899
G1 X86.450 Y77.512 E2.41849
G1 X83.550 Y77.512 E2.55799
G1 X82.100 Y75.000 E2.69749
G1 X83.520 Y72.540 E2.83410
G1 X83.772 Y72.874 F7800.000
G1 F900.000
G1 X86.228 Y72.874 E2.95218
G1 X87.455 Y75.000 E3.07026
G1 X86.228 Y77.126 E3.18834
G1 X83.772 Y77.126 E3.30642
G1 X82.545 Y75.000 E3.42450
G1 X83.742 Y72.926 E3.53970
G1 X86.005 Y73.259 F7800.000
;TYPE:External perimeter
G1 F900.000
G1 X87.010 Y75.000 E3.63636
G1 X86.005 Y76.741 E3.73303
G1 X83.995 Y76.741 E3.82969
G1 X82.990 Y75.000 E3.92636
G1 X83.995 Y73.259 E4.02302
G1 X85.945 Y73.259 E4.11680
G1 X86.351 Y73.059 F7800.000
G1 E2.11680 F2400.000
G92 E0
G1 X163.550 Y72.488 F7800.000
G1 E2.00000 F2400.000
;TYPE:Perimeter
G1 F900.000
G1 X166.450 Y72.488 E2.13950
G1 X167.900 Y75.000 E2.27899
G1 X166.450 Y77.512 E2.41849
G1 X163.550 Y77.512 E2.55799
G1 X162.100 Y75.000 E2.69749
G1 X163.520 Y72.540 E2.83410
G1 X163.772 Y72.874 F7800.000
G1 F900.000
G1 X166.228 Y72.874 E2.95218
G1 X167.455 Y75.000 E3.07026
G1 X166.228 Y77.126 E3.18834
G1 X163.772 Y77.126 E3.30642
G1 X162.545 Y75.000 E3.42450
G1 X163.742 Y72.926 E3.53970
G1 X166.005 Y73.259 F7800.000
;TYPE:External perimeter
G1 F900.000
G1 X167.010 Y75.000 E3.63636
G1 X166.005 Y76.741 E3.73303
G1 X163.995 Y76.741 E3.82969
G1 X162.990 Y75.000 E3.92636
G1 X163.995 Y73.259 E4.02302
G1 X165.945 Y73.259 E4.11680
G1 X166.351 Y73.059 F7800.000
G1 E2.11680 F2400.000
G92 E0
G1 X163.550 Y107.488 F7800.000
G1 E2.00000 F2400.000
;TYPE:Perimeter
G1 F900.000
G1 X166.450 Y107.488 E2.13950
G1 X167.900 Y110.000 E2.27899
G1 X166.450 Y112.512 E2.41849
G1 X163.550 Y112.512 E2.55798
G1 X162.100 Y110.000 E2.69748
G1 X163.520 Y107.540 E2.83409
G1 X163.772 Y107.874 F7800.000
G1 F900.000
G1 X166.228 Y107.874 E2.95217
G1 X167.455 Y110.000 E3.07025
G1 X166.228 Y112.126 E3.18833
G1 X163.772 Y112.126 E3.30641
G1 X162.545 Y110.000 E3.42449
G1 X163.742 Y107.926 E3.53968
G1 E1.53968 F2400.000
G92 E0
G1 X166.005 Y111.740 F7800.000
G1 E2.00000 F2400.000
;TYPE:External perimeter
G1 F900.000
G1 X163.995 Y111.740 E2.09666
G1 X162.990 Y110.000 E2.19333
G1 X163.995 Y108.260 E2.28999
G1 X166.005 Y108.260 E2.38666
G1 X167.010 Y110.000 E2.48332
G1 X166.035 Y111.689 E2.57710
G1 X166.005 Y112.140 F7800.000
G1 E0.57710 F2400.000
G92 E0
G1 X80.996 Y70.996 F7800.000
G1 E2.00000 F2400.000
;TYPE:Perimeter
G1 F3600.000
G1 X92.163 Y70.996 E2.53706
G1 X91.333 Y72.050 E2.60156
G1 X91.009 Y72.675 E2.63543
G1 X90.819 Y73.358 E2.66955
G1 X90.758 Y74.093 E2.70498
G1 X90.819 Y74.822 E2.74016
G1 X91.011 Y75.504 E2.77425
G1 X91.335 Y76.128 E2.80806
G1 X92.024 Y77.004 E2.86170
G1 X95.753 Y77.004 E3.04102
G1 X96.444 Y76.125 E3.09482
G1 X96.695 Y75.638 E3.12118
G1 X96.801 Y75.986 E3.13868
G1 X97.254 Y76.529 E3.17271
G1 X97.868 Y76.855 E3.20613
G1 X98.536 Y76.950 E3.23857
G1 X99.239 Y76.855 E3.27271
G1 X99.699 Y76.602 E3.29797
G1 X99.885 Y76.770 E3.31001
G1 X100.807 Y76.962 E3.35534
G1 X101.721 Y76.765 E3.40031
G1 X101.904 Y76.595 E3.41230
G1 X102.393 Y76.855 E3.43896
G1 X103.061 Y76.950 E3.47140
G1 X103.765 Y76.855 E3.50554
G1 X104.403 Y76.504 E3.54058
G1 X104.921 Y76.876 E3.57128
G1 X106.575 Y76.876 E3.65084
G1 X106.575 Y74.307 E3.77440
G1 X106.903 Y74.307 E3.79018
G1 X106.903 Y76.876 E3.91374
G1 X109.052 Y76.876 E4.01711
G1 X109.617 Y76.747 E4.04498
G1 X109.617 Y76.876 E4.05121
G1 X112.022 Y76.876 E4.16689
G1 X112.684 Y76.794 E4.19895
G1 X113.176 Y76.546 E4.22545
G1 X113.893 Y76.866 E4.26326
G1 X114.610 Y76.945 E4.29791
G1 X115.265 Y76.888 E4.32955
G1 X115.891 Y76.664 E4.36151
G1 X116.097 Y76.475 E4.37500
G1 X116.567 Y76.791 E4.40225
G1 X117.498 Y76.949 E4.44763
G1 X118.186 Y76.876 E4.48093
G1 X118.806 Y76.634 E4.51294
G1 X119.327 Y76.199 E4.54558
G1 X120.236 Y74.680 E4.63072
G1 X119.493 Y74.433 E4.66840
G1 X120.231 Y74.072 E4.70794
G1 X119.304 Y72.681 E4.78832
G1 X118.790 Y72.260 E4.82032
G1 X118.178 Y72.009 E4.85210
G1 X117.522 Y71.935 E4.88388
G1 X116.884 Y72.007 E4.91475
G1 X116.276 Y72.248 E4.94620
G1 X116.138 Y72.359 E4.95469
G1 X115.370 Y72.016 E4.99516
G1 X114.532 Y71.934 E5.03566
G1 X114.214 Y72.004 E5.05133
G1 X109.617 Y72.004 E5.27241
G1 X109.617 Y72.064 E5.27532
G1 X109.122 Y72.004 E5.29930
G1 X101.176 Y72.004 E5.68150
G1 X100.776 Y71.919 E5.70116
G1 X100.394 Y72.004 E5.71997
G1 X96.533 Y72.004 E5.90566
G1 X96.434 Y72.038 E5.91071
G1 X95.614 Y70.996 E5.97447
G1 X169.004 Y70.996 E9.50426
G1 X169.004 Y114.004 E11.57278
G1 X80.996 Y114.004 E15.80564
G1 X80.996 Y71.056 E17.87127
G1 E15.87127 F2400.000
G92 E0
G1 X110.334 Y109.464 F7800.000
G1 E2.00000 F2400.000
G1 F900.000
G1 X110.411 Y109.406 E2.00466
G1 X110.519 Y109.386 E2.00994
G1 X110.706 Y109.438 E2.01928
G1 X111.077 Y109.873 E2.04677
G1 X110.732 Y110.439 E2.07868
G1 X110.574 Y110.474 E2.08644
G1 X110.377 Y110.438 E2.09606
G1 X110.318 Y110.395 E2.09956
G1 X110.247 Y110.263 E2.10675
G1 X110.203 Y109.940 E2.12245
G1 X110.249 Y109.618 E2.13810
G1 X110.305 Y109.517 E2.14365
G1 E0.14365 F2400.000
G92 E0
G1 X80.611 Y70.611 F7800.000
G1 E2.00000 F2400.000
G1 F3600.000
G1 X169.389 Y70.611 E6.26996
G1 X169.389 Y114.389 E8.37556
G1 X80.611 Y114.389 E12.64552
G1 X80.611 Y70.671 E14.74824
G1 X80.225 Y70.225 F7800.000
;TYPE:External perimeter
G1 F1800.000
G1 X169.775 Y70.225 E19.05529
G1 X169.775 Y114.775 E21.19799
G1 X80.225 Y114.775 E25.50504
G1 X80.225 Y70.285 E27.64486
G1 X80.620 Y70.286 F7800.000
G1 X84.358 Y72.199
;TYPE:Internal infill
G1 F4800.000
G1 X83.383 Y72.199 E27.69175
G1 X83.169 Y72.569 E27.71231
G1 X81.285 Y73.074 E27.80611
G1 X81.285 Y74.962 E27.89692
G1 X82.370 Y76.047 E27.97070
G1 X83.037 Y77.202 E28.03488
G1 E26.03488 F2400.000
G92 E0
G1 X88.383 Y71.285 F7800.000
G1 E2.00000 F2400.000
G1 F4800.000
G1 X90.697 Y71.285 E2.11128
G1 X91.184 Y71.772 E2.14438
G1 X91.089 Y71.892 E2.15175
G1 X90.738 Y72.569 E2.18838
G1 X90.533 Y73.307 E2.22526
G1 X90.481 Y73.937 E2.25566
G1 E0.25566 F2400.000
G92 E0
G1 X92.789 Y73.019 F7800.000
G1 E2.00000 F2400.000
;TYPE:Gap fill
;WIDTH:0.244275
G1 F1200.000
G1 X93.152 Y72.661 E2.01145
G1 X93.062 Y72.677 F7800.000
;WIDTH:0.181738
G1 F1200.000
G1 X92.896 Y72.929 E2.01586
;WIDTH:0.175347
G1 X92.746 Y73.230 E2.02052
;WIDTH:0.174574
G1 X92.660 Y73.456 E2.02384
;WIDTH:0.125534
G1 X92.579 Y74.086 E2.02869
;WIDTH:0.130754
G1 X92.578 Y74.088 E2.02870
;WIDTH:0.130729
G1 X92.657 Y74.711 E2.03390
;WIDTH:0.125126
G1 X92.748 Y74.949 E2.03583
G1 X92.897 Y75.246 E2.03835
G1 X93.062 Y75.497 E2.04063
G1 X93.151 Y75.514 F7800.000
;WIDTH:0.245003
G1 F1200.000
G1 X92.788 Y75.155 E2.05212
G1 X94.538 Y75.557 F7800.000
;WIDTH:0.14479
G1 F1200.000
G1 X94.668 Y75.514 E2.05349
;WIDTH:0.171199
G1 X94.798 Y75.471 E2.05532
G1 X94.390 Y74.088 F7800.000
;WIDTH:0.153092
G1 F1200.000
G1 X94.644 Y74.090 E2.05812
;WIDTH:0.187802
G1 X94.898 Y74.091 E2.06203
;WIDTH:0.222513
G1 X95.152 Y74.093 E2.06704
;WIDTH:0.222512
G1 X95.226 Y74.020 E2.06909
G1 X94.792 Y72.696 F7800.000
;WIDTH:0.168289
G1 F1200.000
G1 X94.547 Y72.617 E2.07243
G1 X95.438 Y71.084 F7800.000
;WIDTH:0.625535
G1 F1200.000
G1 X92.339 Y71.084 E2.28933
G1 E0.28933 F2400.000
G92 E0
G1 X116.135 Y75.766 F7800.000
G1 E2.00000 F2400.000
;WIDTH:0.158896
G1 F1200.000
G1 X116.051 Y75.694 E2.00130
;WIDTH:0.158895
G1 X116.022 Y75.718 E2.00175
;WIDTH:0.125491
G1 X115.995 Y75.754 E2.00209
G1 X114.954 Y75.070 F7800.000
;WIDTH:0.199303
G1 F1200.000
G1 X114.851 Y75.125 E2.00406
;WIDTH:0.206458
G1 X114.787 Y75.144 E2.00525
;WIDTH:0.20646
G1 X114.618 Y75.173 E2.00829
;WIDTH:0.180214
G1 X114.425 Y75.187 E2.01108
G1 X114.151 Y73.922 F7800.000
;WIDTH:0.197818
G1 F1200.000
G1 X114.420 Y73.799 E2.01600
G1 X114.625 Y73.764 E2.01946
G1 X114.982 Y73.757 E2.02540
G1 X114.056 Y72.606 F7800.000
;WIDTH:0.153039
G1 F1200.000
G1 X113.813 Y72.633 E2.02810
G1 E0.02810 F2400.000
G92 E0
G1 X103.855 Y73.729 F7800.000
G1 E2.00000 F2400.000
;WIDTH:0.201081
G1 F1200.000
G1 X104.009 Y74.158 E2.00777
;WIDTH:0.174561
G1 X104.012 Y74.164 E2.00787
;WIDTH:0.170666
G1 X104.147 Y74.304 E2.01045
G1 X104.120 Y73.980 F7800.000
;WIDTH:0.330195
G1 F1200.000
G1 X103.474 Y73.729 E2.03342
G1 X102.209 Y74.143 F7800.000
;WIDTH:0.331603
G1 F1200.000
G1 X102.470 Y74.743 E2.05523
G1 X102.204 Y74.506 F7800.000
;WIDTH:0.374045
G1 F1200.000
G1 X102.832 Y74.709 E2.08071
G1 X102.831 Y74.720 F7800.000
;WIDTH:0.127097
G1 F1200.000
G1 X103.149 Y75.208 E2.08527
G1 E0.08527 F2400.000
G92 E0
G1 X107.469 Y77.165 F7800.000
G1 E2.00000 F2400.000
;TYPE:Internal infill
;WIDTH:0.45
G1 F4800.000
G1 X105.156 Y77.165 E2.11128
G1 X97.234 Y106.729 E3.58336
G1 X97.712 Y106.807 E3.60666
G1 X97.913 Y106.944 E3.61836
G1 X97.978 Y106.715 E3.62983
G1 X98.769 Y106.715 E3.66790
G1 X168.715 Y87.973 E7.15070
G1 X168.715 Y85.659 E7.26199
G1 X168.715 Y95.077 F7800.000
G1 F4800.000
G1 X168.715 Y92.763 E7.37327
G1 X116.648 Y106.715 E9.96582
G1 X116.401 Y106.715 E9.97773
G1 X125.894 Y71.285 E11.74186
G1 X128.207 Y71.285 E11.85314
G1 X137.952 Y71.285 F7800.000
G1 F4800.000
G1 X140.266 Y71.285 E11.96442
G1 X130.773 Y106.715 E13.72855
G1 X132.670 Y106.715 E13.81983
G1 X103.181 Y77.225 E15.82565
G1 X103.060 Y77.242 E15.83153
G1 X102.303 Y77.134 E15.86833
G1 X102.164 Y77.061 E15.87587
G1 X81.285 Y82.655 E16.91548
G1 X81.285 Y81.506 E16.97074
G1 X106.494 Y106.715 E18.68538
G1 X106.819 Y106.715 E18.70103
G1 X114.721 Y77.226 E20.16938
G1 X115.327 Y77.173 E20.19866
G1 X115.983 Y76.939 E20.23215
G1 X152.759 Y113.715 E22.73360
G1 X152.850 Y113.715 E22.73800
G1 X162.762 Y76.725 E24.57983
G1 X161.997 Y75.401 E24.65338
G1 X81.285 Y97.027 E28.67227
G1 X81.285 Y99.341 E28.78355
G1 X81.285 Y89.923 F7800.000
G1 F4800.000
G1 X81.285 Y92.237 E28.89484
G1 X159.476 Y71.285 E32.78821
G1 X159.428 Y71.285 E32.79051
G1 X148.060 Y113.715 E34.90319
G1 X146.215 Y113.715 E34.99193
G1 X109.665 Y77.165 E37.47796
G1 X109.946 Y77.165 E37.49146
G1 X102.029 Y106.715 E38.96281
G1 X102.298 Y106.715 E38.97575
G1 X102.364 Y106.946 E38.98732
G1 X102.551 Y106.815 E38.99829
G1 X103.664 Y106.626 E39.05260
G1 X104.099 Y106.726 E39.07409
G1 E37.07409 F2400.000
G92 E0
G1 X103.965 Y108.849 F7800.000
G1 E2.00000 F2400.000
;TYPE:Gap fill
;WIDTH:0.27307
G1 F1200.000
G1 X103.646 Y108.831 E2.00832
;WIDTH:0.273069
G1 X103.342 Y108.860 E2.01628
G1 E0.01628 F2400.000
G92 E0
G1 X105.002 Y110.739 F7800.000
G1 E2.00000 F2400.000
;WIDTH:0.141471
G1 F1200.000
G1 X104.980 Y110.898 E2.00154
G1 E0.00154 F2400.000
G92 E0
G1 X110.879 Y109.819 F7800.000
G1 E2.00000 F2400.000
;TYPE:Solid infill
;WIDTH:0.527124
G1 F1200.000
G1 X110.398 Y110.299 E2.03922
G1 E0.03922 F2400.000
G92 E0
G1 X107.843 Y111.217 F7800.000
G1 E2.00000 F2400.000
;TYPE:Gap fill
;WIDTH:0.406153
G1 F1200.000
G1 X107.796 Y110.596 E2.02657
;WIDTH:0.288375
G1 X107.749 Y109.947 E2.04475
;WIDTH:0.306528
G1 X107.765 Y109.628 E2.05438
G1 X107.544 Y108.841 F7800.000
;TYPE:Internal infill
;WIDTH:0.45
G1 F4800.000
G1 X107.460 Y109.092 E2.06710
G1 X107.452 Y109.176 E2.07117
G1 X107.233 Y109.198 E2.08175
G1 X107.233 Y107.454 E2.16567
G1 X107.868 Y108.089 E2.20886
G1 X108.213 Y107.584 E2.23825
G1 X108.889 Y107.051 E2.27966
G1 X109.672 Y106.743 E2.32014
G1 E0.32014 F2400.000
G92 E0
G1 X116.907 Y110.194 F7800.000
G1 E2.00000 F2400.000
;TYPE:Gap fill
;WIDTH:0.571989
G1 F1200.000
G1 X116.894 Y109.855 E2.02154
;WIDTH:0.596763
G1 X116.881 Y109.667 E2.03403
G1 X116.881 Y107.582 E2.17245
G1 X119.899 Y107.582 F7800.000
G1 F1200.000
G1 X119.899 Y109.667 E2.31088
G1 X119.911 Y109.855 E2.32337
;WIDTH:0.571973
G1 X119.924 Y110.194 E2.34490
G1 E0.34490 F2400.000
G92 E0
G1 X122.644 Y108.860 F7800.000
G1 E2.00000 F2400.000
;WIDTH:0.273069
G1 F1200.000
G1 X122.949 Y108.831 E2.00796
;WIDTH:0.27307
G1 X123.268 Y108.849 E2.01628
G1 E0.01628 F2400.000
G92 E0
G1 X124.306 Y110.645 F7800.000
G1 E2.00000 F2400.000
;WIDTH:0.129062
G1 F1200.000
G1 X124.551 Y110.822 E2.00244
G1 X126.754 Y111.248 F7800.000
;WIDTH:0.165677
G1 F1200.000
G1 X126.542 Y111.314 E2.00525
G1 X126.076 Y110.045 F7800.000
;WIDTH:0.244051
G1 F1200.000
G1 X125.962 Y110.093 E2.00801
;WIDTH:0.253221
G1 X125.758 Y110.079 E2.01284
;WIDTH:0.262002
G1 X125.613 Y110.016 E2.01673
G1 X125.646 Y108.893 F7800.000
;WIDTH:0.249432
G1 F1200.000
G1 X125.939 Y108.857 E2.02355
G1 X126.087 Y108.914 E2.02720
G1 X127.014 Y107.938 F7800.000
;WIDTH:0.15161
G1 F1200.000
G1 X127.118 Y108.024 E2.02867
;WIDTH:0.18484
G1 X127.222 Y108.110 E2.03070
G1 X128.458 Y108.766 F7800.000
;WIDTH:0.13681
G1 F1200.000
G1 X128.445 Y108.978 E2.03261
G1 X128.443 Y109.726 F7800.000
;WIDTH:0.166456
G1 F1200.000
G1 X128.474 Y109.948 E2.03547
;WIDTH:0.214531
G1 X128.505 Y110.170 E2.03966
G1 X130.605 Y112.237 F7800.000
;TYPE:Internal infill
;WIDTH:0.45
G1 F4800.000
G1 X130.008 Y112.332 E2.06870
G1 X129.743 Y112.229 E2.08238
G1 X129.295 Y112.229 E2.10394
G1 X129.287 Y112.590 E2.12128
G1 X129.123 Y112.869 F7800.000
G1 F4800.000
G1 X128.897 Y113.715 E2.16336
G1 X131.211 Y113.715 E2.27464
G1 X134.661 Y111.277 F7800.000
G1 F4800.000
G1 X134.661 Y110.083 E2.33207
G1 X145.056 Y71.285 E4.26391
G1 X147.370 Y71.285 E4.37519
G1 X160.369 Y71.285 F7800.000
G1 F4800.000
G1 X162.683 Y71.285 E4.48647
G1 X163.597 Y72.199 E4.54861
G1 X163.974 Y72.199 E4.56678
G1 X164.219 Y71.285 E4.61227
G1 X168.715 Y71.285 E4.82848
G1 X168.715 Y72.387 E4.88148
G1 X168.084 Y74.740 E4.99862
G1 X167.599 Y73.900 E5.04529
G1 X168.715 Y73.601 E5.10084
G1 X168.715 Y75.914 E5.21212
G1 X166.963 Y107.798 F7800.000
G1 F4800.000
G1 X167.630 Y108.953 E5.27630
G1 X168.715 Y110.038 E5.35007
G1 X168.715 Y111.926 E5.44089
G1 X166.831 Y112.431 E5.53468
G1 X166.617 Y112.801 E5.55524
G1 X165.642 Y112.801 E5.60213
G1 E3.60213 F2400.000
G92 E0
G1 X99.949 Y106.715 F7800.000
G1 E2.00000 F2400.000
G1 F4800.000
G1 X81.285 Y88.051 E3.26951
G1 X81.285 Y87.446 E3.29858
G1 X141.597 Y71.285 E6.30170
G1 X143.051 Y71.285 E6.37160
G1 X168.715 Y96.949 E8.11724
G1 X168.715 Y97.554 E8.14632
G1 X133.774 Y106.916 E9.88613
G1 X133.774 Y107.818 E9.92949
G1 X139.670 Y113.715 E10.33057
G1 X138.478 Y113.715 E10.38791
G1 X149.847 Y71.285 E12.50059
G1 X149.595 Y71.285 E12.51273
G1 X168.715 Y90.405 E13.81324
G1 X168.715 Y90.266 E13.81992
G1 X164.177 Y107.199 E14.66306
G1 X163.383 Y107.199 E14.70128
G1 X162.623 Y108.515 E14.77434
G1 X161.788 Y109.962 F7800.000
G1 F4800.000
G1 X161.766 Y110.000 E14.77648
G1 X162.900 Y111.965 E14.88562
G1 X162.432 Y113.715 E14.97273
G1 X162.040 Y113.715 E14.99156
G1 X165.450 Y112.801 E15.16134
G1 X164.933 Y112.801 E15.18616
G1 X165.847 Y113.715 E15.24830
G1 X167.222 Y113.715 E15.31444
G1 X168.203 Y110.054 E15.49671
G1 X168.234 Y110.000 E15.49971
G1 X168.223 Y109.980 E15.50081
G1 X168.715 Y108.145 E15.59217
G1 X168.715 Y107.135 E15.64075
G1 X166.866 Y107.631 E15.73278
G1 X166.617 Y107.199 E15.75675
G1 X165.876 Y107.199 E15.79241
G1 X129.962 Y71.285 E18.23521
G1 X130.684 Y71.285 E18.26995
G1 X121.191 Y106.715 E20.03408
G1 X119.582 Y106.715 E20.11147
G1 X88.100 Y75.233 E22.25284
G1 X87.549 Y76.186 E22.30580
G1 X90.667 Y75.351 E22.46104
G1 X90.740 Y75.611 E22.47403
G1 X91.044 Y76.195 E22.50569
G1 X82.176 Y109.289 E24.15357
G1 X82.438 Y108.836 E24.17878
G1 X81.285 Y107.683 E24.25718
G1 X81.285 Y106.609 E24.30885
G1 X168.715 Y83.182 E28.66223
G1 X168.715 Y83.861 E28.69489
G1 X156.139 Y71.285 E29.55027
G1 X154.638 Y71.285 E29.62247
G1 X143.269 Y113.715 E31.73515
G1 X144.161 Y113.715 E31.77806
G1 X162.451 Y108.814 E32.68875
G1 X161.900 Y109.767 E32.74171
G1 X123.418 Y71.285 E35.35921
G1 X123.718 Y71.285 E35.37365
G1 X119.452 Y72.428 E35.58605
G1 X118.939 Y72.009 E35.61795
G1 X118.251 Y71.726 E35.65374
G1 X117.536 Y71.642 E35.68837
G1 X117.261 Y71.673 E35.70165
G1 X116.874 Y71.285 E35.72801
G1 X116.312 Y71.285 E35.75501
G1 X116.120 Y72.003 E35.79072
G1 X116.095 Y72.023 E35.79226
G1 X115.445 Y71.733 E35.82650
G1 X114.544 Y71.635 E35.87010
G1 X114.182 Y71.715 E35.88790
G1 X113.889 Y71.715 E35.90200
G1 X113.835 Y71.285 F7800.000
G1 F4800.000
G1 X111.522 Y71.285 E36.01328
G1 X111.407 Y71.715 E36.03465
G1 X110.759 Y71.715 E36.06582
G1 X110.330 Y71.285 E36.09500
G1 X108.016 Y71.285 E36.20628
G1 X108.930 Y71.715 F7800.000
G1 F4800.000
G1 X106.616 Y71.715 E36.31757
G1 X106.731 Y71.285 E36.33893
G1 X105.839 Y71.285 E36.38183
G1 X104.238 Y71.715 E36.46157
G1 X104.215 Y71.715 E36.46268
G1 X103.785 Y71.285 E36.49187
G1 X101.940 Y71.285 E36.58061
G1 X101.825 Y71.715 E36.60198
G1 X101.220 Y71.715 E36.63109
G1 X100.792 Y71.619 E36.65218
G1 X100.362 Y71.715 E36.67336
G1 X97.670 Y71.715 E36.80283
G1 X97.241 Y71.285 E36.83202
G1 X97.150 Y71.285 E36.83642
G1 X97.035 Y71.715 E36.85779
G1 X96.548 Y71.715 E36.88122
G1 X96.210 Y71.285 E36.90748
G1 X96.957 Y71.285 E36.94342
G1 X96.583 Y72.197 F7800.000
;TYPE:Gap fill
;WIDTH:0.167502
G1 F1200.000
G1 X96.682 Y72.715 E36.95021
G1 X96.759 Y73.279 E36.95752
G1 X96.800 Y73.532 F7800.000
;WIDTH:0.15703
G1 F1200.000
G1 X96.829 Y73.636 E36.95876
;WIDTH:0.195679
G1 X96.858 Y73.739 E36.96052
;WIDTH:0.234329
G1 X96.888 Y73.842 E36.96279
;WIDTH:0.272978
G1 X96.917 Y73.945 E36.96558
;WIDTH:0.27971
G1 X97.075 Y74.437 E36.97947
G1 X97.076 Y74.437 F7800.000
;WIDTH:0.356478
G1 F1200.000
G1 X96.794 Y73.534 E37.01394
G1 X96.705 Y75.074 F7800.000
;WIDTH:0.130956
G1 F1200.000
G1 X96.706 Y75.124 E37.01436
;WIDTH:0.130957
G1 X96.673 Y75.206 E37.01509
G1 X98.306 Y74.720 F7800.000
;WIDTH:0.126875
G1 F1200.000
G1 X98.623 Y75.208 E37.01963
G1 E35.01963 F2400.000
G92 E0
G1 X98.153 Y77.188 F7800.000
G1 E2.00000 F2400.000
;TYPE:Internal infill
;WIDTH:0.45
G1 F4800.000
G1 X98.535 Y77.242 E2.01853
G1 X99.331 Y77.134 E2.05719
G1 X99.658 Y76.954 E2.07510
G1 X99.749 Y77.037 E2.08100
G1 X100.365 Y77.166 E2.11128
G1 X92.447 Y106.715 E3.58262
G1 X90.672 Y106.715 E3.66803
G1 X90.672 Y107.253 E3.69390
G1 X94.389 Y108.036 F7800.000
G1 F4800.000
G1 X94.252 Y108.305 E3.70842
G1 X93.761 Y108.233 E3.73229
G1 X93.761 Y108.056 E3.74080
G1 X94.477 Y107.865 E3.77643
G1 X94.503 Y107.813 E3.77923
G1 X93.761 Y107.071 E3.82970
G1 X93.761 Y106.715 E3.84683
G1 X93.405 Y106.715 E3.86396
G1 X81.285 Y94.595 E4.68834
G1 X81.285 Y94.734 E4.69502
G1 X85.823 Y77.801 E5.53816
G1 X86.617 Y77.801 E5.57638
G1 X87.377 Y76.485 E5.64944
G1 X88.212 Y75.038 F7800.000
G1 F4800.000
G1 X88.234 Y75.000 E5.65158
G1 X87.100 Y73.035 E5.76072
G1 X87.568 Y71.285 E5.84782
G1 X87.960 Y71.285 E5.86666
G1 X84.551 Y72.199 E6.03643
G1 X85.066 Y72.199 E6.06124
G1 X84.153 Y71.285 E6.12338
G1 X82.778 Y71.285 E6.18952
G1 X81.797 Y74.946 E6.37179
G1 X81.766 Y75.000 E6.37479
G1 X81.777 Y75.020 E6.37589
G1 X81.285 Y76.855 E6.46725
G1 X81.285 Y77.865 E6.51583
G1 X83.134 Y77.369 E6.60786
G1 X83.383 Y77.801 E6.63183
G1 X84.124 Y77.801 E6.66749
G1 X113.086 Y106.763 E8.63744
G1 X112.761 Y106.820 E8.65333
G1 X112.296 Y107.157 E8.68093
G1 X112.203 Y107.079 E8.68679
G1 X111.581 Y106.821 E8.71915
G1 X119.886 Y75.829 E10.26233
G1 X120.360 Y75.036 E10.30679
G1 X118.789 Y71.285 F7800.000
G1 F4800.000
G1 X121.103 Y71.285 E10.41807
G1 X120.420 Y73.834 E10.54499
G1 X120.655 Y74.187 E10.56535
G1 X120.272 Y74.387 E10.58614
G1 X120.669 Y74.519 E10.60627
G1 X120.459 Y74.871 E10.62596
G1 X159.303 Y113.715 E13.26808
G1 X157.641 Y113.715 E13.34801
G1 X167.824 Y75.711 E15.24036
G1 X167.562 Y76.164 E15.26557
G1 X168.715 Y77.317 E15.34396
G1 X168.715 Y78.391 E15.39564
G1 X81.285 Y101.818 E19.74901
G1 X81.285 Y101.139 E19.78168
G1 X90.672 Y110.525 E20.42011
G1 X90.672 Y108.884 E20.49902
G1 X88.003 Y109.599 E20.63189
G1 X87.238 Y108.275 E20.70544
G1 X95.540 Y77.293 E22.24812
G1 X95.893 Y77.293 E22.26511
G1 X96.251 Y76.839 E22.29292
G1 X126.078 Y106.666 E24.32172
G1 X125.998 Y106.654 E24.32559
G1 X135.475 Y71.285 E26.08671
G1 X136.506 Y71.285 E26.13631
G1 X168.715 Y103.494 E28.32708
G1 X168.715 Y102.345 E28.38233
G1 X134.661 Y111.469 E30.07798
G1 X134.661 Y112.103 E30.10846
G1 X134.099 Y112.180 E30.13573
G1 X133.688 Y113.715 E30.21216
G1 X133.126 Y113.715 E30.23916
G1 X131.641 Y112.229 E30.34018
G1 X131.824 Y112.229 E30.34899
G1 X126.282 Y113.715 E30.62497
G1 X126.582 Y113.715 E30.63940
G1 X125.028 Y112.160 E30.74511
G1 X124.809 Y112.120 E30.75582
G1 X124.579 Y111.950 E30.76959
G1 X124.106 Y113.715 E30.85746
G1 X121.793 Y113.715 E30.96874
G1 X121.844 Y112.127 F7800.000
G1 F4800.000
G1 X121.494 Y111.879 E30.98936
G1 X121.015 Y112.181 E31.01661
G1 X120.166 Y112.304 E31.05787
G1 X119.709 Y112.248 E31.08002
G1 X119.316 Y113.715 E31.15304
G1 X120.038 Y113.715 E31.18777
G1 X118.553 Y112.229 E31.28879
G1 X117.660 Y112.229 E31.33172
G1 X117.148 Y112.304 E31.35660
G1 X116.537 Y112.229 E31.38620
G1 X114.923 Y112.229 E31.46384
G1 X114.525 Y113.715 E31.53779
G1 X113.494 Y113.715 E31.58739
G1 X112.411 Y112.632 E31.66103
G1 X112.395 Y112.645 E31.66200
G1 X113.654 Y112.308 E31.72466
G1 X113.006 Y112.057 E31.75807
G1 X112.895 Y112.238 E31.76831
G1 X112.561 Y112.510 E31.78904
G1 X112.048 Y113.715 F7800.000
G1 F4800.000
G1 X109.734 Y113.715 E31.90032
G1 X109.899 Y113.101 E31.93088
G1 X110.388 Y113.183 E31.95472
G1 X108.403 Y113.715 E32.05355
G1 X106.949 Y113.715 E32.12345
G1 X105.464 Y112.229 E32.22447
G1 X105.341 Y112.229 E32.23038
G1 X104.944 Y113.715 E32.30433
G1 X102.630 Y113.715 E32.41561
G1 X102.865 Y112.229 F7800.000
G1 F4800.000
G1 X100.551 Y112.229 E32.52689
G1 X100.153 Y113.715 E32.60084
G1 X100.405 Y113.715 E32.61298
G1 X98.920 Y112.229 E32.71399
G1 X97.175 Y112.229 E32.79795
G1 X96.614 Y112.319 E32.82527
G1 X93.465 Y113.125 F7800.000
G1 F4800.000
G1 X93.653 Y113.125 E32.83434
G1 X94.538 Y113.009 E32.87724
G1 X95.429 Y112.537 E32.92575
G1 X95.553 Y112.367 E32.93586
G1 X96.185 Y112.198 E32.96731
G1 X95.808 Y112.052 E32.98675
G1 X95.362 Y113.715 E33.06955
G1 X93.861 Y113.715 E33.14175
G1 X93.272 Y113.125 E33.18182
G1 X92.722 Y113.125 E33.20826
G1 X90.524 Y113.715 E33.31773
G1 X90.572 Y113.715 E33.32003
G1 X90.729 Y113.125 E33.34936
G1 X90.672 Y113.125 E33.35214
G1 X90.672 Y110.870 E33.46064
G1 X89.631 Y113.715 F7800.000
G1 F4800.000
G1 X87.317 Y113.715 E33.57193
G1 X86.403 Y112.801 E33.63407
G1 X86.026 Y112.801 E33.65223
G1 X85.781 Y113.715 E33.69772
G1 X81.285 Y113.715 E33.91394
G1 X81.285 Y112.613 E33.96693
G1 X81.916 Y110.260 E34.08408
G1 X82.401 Y111.100 E34.13075
G1 X81.285 Y111.399 E34.18629
G1 X81.285 Y109.086 E34.29757
G1 E32.29757 F2400.000
G92 E0
G1 X130.054 Y108.939 F7800.000
G1 E2.00000 F2400.000
;TYPE:Perimeter
G1 F900.000
G1 X130.139 Y108.922 E2.00420
G1 X130.239 Y108.941 E2.00909
G1 X130.297 Y109.089 E2.01676
G1 X130.332 Y109.476 E2.03545
G1 X130.298 Y109.869 E2.05442
G1 X130.246 Y110.007 E2.06150
G1 X130.157 Y110.024 E2.06589
G1 X130.050 Y110.004 E2.07112
G1 X129.992 Y109.856 E2.07878
G1 X129.957 Y109.475 E2.09716
G1 X129.991 Y109.101 E2.11521
G1 X130.032 Y108.995 E2.12070
G1 X129.881 Y108.580 F7800.000
;TYPE:External perimeter
G1 F900.000
G1 X130.137 Y108.529 E2.13328
G1 X130.404 Y108.579 E2.14631
G1 X130.566 Y108.718 E2.15658
G1 X130.676 Y109.001 E2.17119
G1 X130.719 Y109.475 E2.19412
G1 X130.678 Y109.955 E2.21726
G1 X130.573 Y110.234 E2.23161
G1 X130.420 Y110.367 E2.24134
G1 X130.157 Y110.417 E2.25423
G1 X129.887 Y110.365 E2.26747
G1 X129.723 Y110.227 E2.27775
G1 X129.613 Y109.946 E2.29229
G1 X129.570 Y109.475 E2.31502
G1 X129.612 Y109.013 E2.33735
G1 X129.724 Y108.724 E2.35226
G1 X129.837 Y108.621 E2.35961
G1 X130.100 Y108.723 F7800.000
G1 E0.35961 F2400.000
G92 E0
G1 X122.348 Y109.953 F7800.000
G1 E2.00000 F2400.000
G1 F900.000
G1 X123.464 Y109.953 E2.05371
G1 X123.292 Y110.272 E2.07114
G1 X123.139 Y110.378 E2.08008
G1 X122.905 Y110.417 E2.09152
G1 X122.676 Y110.374 E2.10272
G1 X122.511 Y110.250 E2.11263
G1 X122.377 Y110.006 E2.12605
G1 X122.730 Y110.072 F7800.000
G1 X122.770 Y110.170
;TYPE:Gap fill
;WIDTH:0.139414
G1 F1200.000
G1 X122.907 Y110.183 E2.12734
;WIDTH:0.139415
G1 X123.059 Y110.171 E2.12877
G1 E0.12877 F2400.000
G92 E0
G1 X113.763 Y108.939 F7800.000
G1 E2.00000 F2400.000
;TYPE:Perimeter
;WIDTH:0.45
G1 F900.000
G1 X113.848 Y108.922 E2.00420
G1 X113.948 Y108.941 E2.00909
G1 X114.006 Y109.089 E2.01676
G1 X114.041 Y109.476 E2.03545
G1 X114.007 Y109.869 E2.05442
G1 X113.955 Y110.007 E2.06150
G1 X113.866 Y110.024 E2.06589
G1 X113.759 Y110.004 E2.07112
G1 X113.701 Y109.856 E2.07878
G1 X113.666 Y109.475 E2.09716
G1 X113.700 Y109.101 E2.11521
G1 X113.741 Y108.995 E2.12070
G1 X113.590 Y108.580 F7800.000
;TYPE:External perimeter
G1 F900.000
G1 X113.846 Y108.529 E2.13328
G1 X114.113 Y108.579 E2.14631
G1 X114.276 Y108.718 E2.15658
G1 X114.385 Y109.001 E2.17119
G1 X114.428 Y109.475 E2.19412
G1 X114.387 Y109.955 E2.21726
G1 X114.282 Y110.234 E2.23161
G1 X114.129 Y110.367 E2.24134
G1 X113.866 Y110.417 E2.25423
G1 X113.596 Y110.365 E2.26746
G1 X113.432 Y110.227 E2.27775
G1 X113.322 Y109.946 E2.29229
G1 X113.279 Y109.475 E2.31502
G1 X113.321 Y109.013 E2.33735
G1 X113.433 Y108.724 E2.35225
G1 X113.546 Y108.621 E2.35961
G1 X113.809 Y108.723 F7800.000
G1 E0.35961 F2400.000
G92 E0
G1 X103.045 Y109.953 F7800.000
G1 E2.00000 F2400.000
G1 F900.000
G1 X104.162 Y109.953 E2.05371
G1 X103.989 Y110.272 E2.07113
G1 X103.837 Y110.378 E2.08007
G1 X103.602 Y110.417 E2.09151
G1 X103.373 Y110.374 E2.10272
G1 X103.208 Y110.250 E2.11262
G1 X103.074 Y110.006 E2.12604
G1 X103.427 Y110.072 F7800.000
G1 X103.467 Y110.170
;TYPE:Gap fill
;WIDTH:0.139416
G1 F1200.000
G1 X103.605 Y110.183 E2.12734
;WIDTH:0.139415
G1 X103.756 Y110.171 E2.12876
G1 E0.12876 F2400.000
G92 E0
G1 X96.577 Y108.939 F7800.000
G1 E2.00000 F2400.000
;TYPE:Perimeter
;WIDTH:0.45
G1 F900.000
G1 X96.663 Y108.922 E2.00420
G1 X96.763 Y108.941 E2.00909
G1 X96.820 Y109.089 E2.01676
G1 X96.855 Y109.476 E2.03545
G1 X96.822 Y109.869 E2.05442
G1 X96.770 Y110.007 E2.06149
G1 X96.680 Y110.024 E2.06589
G1 X96.573 Y110.004 E2.07112
G1 X96.515 Y109.856 E2.07878
G1 X96.480 Y109.475 E2.09716
G1 X96.515 Y109.101 E2.11521
G1 X96.556 Y108.995 E2.12070
G1 X96.404 Y108.580 F7800.000
;TYPE:External perimeter
G1 F900.000
G1 X96.661 Y108.529 E2.13328
G1 X96.927 Y108.579 E2.14631
G1 X97.090 Y108.718 E2.15659
G1 X97.200 Y109.001 E2.17119
G1 X97.242 Y109.475 E2.19412
G1 X97.201 Y109.955 E2.21727
G1 X97.097 Y110.234 E2.23161
G1 X96.943 Y110.367 E2.24135
G1 X96.680 Y110.417 E2.25424
G1 X96.410 Y110.365 E2.26747
G1 X96.247 Y110.227 E2.27776
G1 X96.136 Y109.946 E2.29229
G1 X96.093 Y109.475 E2.31502
G1 X96.136 Y109.013 E2.33735
G1 X96.247 Y108.724 E2.35226
G1 X96.360 Y108.621 E2.35962
G1 X96.623 Y108.723 F7800.000
G1 E0.35962 F2400.000
G92 E0
G1 X93.087 Y110.533 F7800.000
G1 E2.00000 F2400.000
;TYPE:Perimeter
G1 F900.000
G1 X93.455 Y110.535 E2.01774
G1 X93.623 Y110.584 E2.02612
G1 X93.621 Y110.759 E2.03452
G1 X93.423 Y110.813 E2.04439
G1 X93.087 Y110.813 E2.06058
G1 X93.087 Y110.593 E2.07117
G1 X92.701 Y110.146 F7800.000
;TYPE:External perimeter
G1 F900.000
G1 X93.512 Y110.150 E2.11016
G1 X94.010 Y110.296 E2.13512
G1 X94.156 Y110.683 E2.15505
G1 X94.008 Y111.052 E2.17417
G1 X93.476 Y111.199 E2.20073
G1 X92.701 Y111.199 E2.23799
G1 X92.701 Y110.206 E2.28575
G1 X93.081 Y110.270 F7800.000
G1 X93.839 Y110.450
;TYPE:Gap fill
;WIDTH:0.15641
G1 F1200.000
G1 X93.859 Y110.566 E2.28709
;WIDTH:0.159022
G1 X93.880 Y110.681 E2.28847
G1 X93.836 Y110.900 E2.29110
G1 E0.29110 F2400.000
G92 E0
G1 X100.522 Y73.637 F7800.000
G1 E2.00000 F2400.000
;TYPE:External perimeter
;WIDTH:0.45
G1 F900.000
G1 X100.636 Y73.509 E2.00824
G1 X100.800 Y73.469 E2.01639
G1 X100.950 Y73.509 E2.02384
G1 X101.066 Y73.642 E2.03235
G1 X101.158 Y73.947 E2.04767
G1 X101.193 Y74.441 E2.07146
G1 X101.160 Y74.949 E2.09598
G1 X101.073 Y75.250 E2.11103
G1 X100.964 Y75.374 E2.11901
G1 X100.802 Y75.415 E2.12700
G1 X100.633 Y75.374 E2.13540
G1 X100.519 Y75.251 E2.14344
G1 X100.431 Y74.953 E2.15838
G1 X100.397 Y74.440 E2.18311
G1 X100.432 Y73.939 E2.20726
G1 X100.505 Y73.695 E2.21953
G1 X100.693 Y73.640 F7800.000
G1 X100.757 Y73.678
;TYPE:Gap fill
;WIDTH:0.413445
G1 F1200.000
G1 X100.795 Y74.014 E2.23424
;WIDTH:0.414516
G1 X100.795 Y74.886 E2.27231
G1 X100.761 Y75.207 E2.28641
G1 E0.28641 F2400.000
G92 E0
G1 X108.513 Y73.536 F7800.000
G1 E2.00000 F2400.000
;TYPE:External perimeter
;WIDTH:0.45
G1 F900.000
G1 X109.037 Y73.537 E2.02522
G1 X109.286 Y73.564 E2.03726
G1 X109.410 Y73.623 E2.04389
G1 X109.468 Y73.703 E2.04862
G1 X109.488 Y73.816 E2.05413
G1 X109.385 Y74.039 E2.06596
G1 X108.984 Y74.136 E2.08581
G1 X108.513 Y74.136 E2.10847
G1 X108.513 Y73.596 E2.13443
G1 X108.894 Y73.655 F7800.000
G1 X109.277 Y73.773
;TYPE:Gap fill
;WIDTH:0.198322
G1 F1200.000
G1 X109.202 Y73.816 E2.13588
G1 X108.705 Y73.836 E2.14418
G1 X108.513 Y74.889 F7800.000
;TYPE:External perimeter
;WIDTH:0.45
G1 F900.000
G1 X108.934 Y74.890 E2.16446
G1 X109.151 Y74.913 E2.17496
G1 X109.260 Y74.962 E2.18071
G1 X109.308 Y75.023 E2.18442
G1 X109.329 Y75.137 E2.18999
G1 X109.309 Y75.232 E2.19465
G1 X109.267 Y75.278 E2.19766
G1 X109.153 Y75.323 E2.20358
G1 X108.929 Y75.344 E2.21439
G1 X108.513 Y75.344 E2.23442
G1 X108.513 Y74.949 E2.25340
G1 X108.897 Y74.999 F7800.000
G1 X108.705 Y75.117
;TYPE:Gap fill
;WIDTH:0.13325
G1 F1200.000
G1 X108.918 Y75.117 E2.25523
;WIDTH:0.133053
G1 X108.922 Y75.117 E2.25526
;WIDTH:0.132693
G1 X109.021 Y75.117 E2.25610
G1 E0.25610 F2400.000
G92 E0
G1 X111.226 Y74.761 F7800.000
G1 E2.00000 F2400.000
;TYPE:External perimeter
;WIDTH:0.45
G1 F900.000
G1 X111.931 Y74.762 E2.03388
G1 X112.142 Y74.789 E2.04413
G1 X112.263 Y74.852 E2.05069
G1 X112.327 Y74.937 E2.05580
G1 X112.351 Y75.067 E2.06216
G1 X112.328 Y75.185 E2.06797
G1 X112.268 Y75.259 E2.07252
G1 X112.142 Y75.318 E2.07921
G1 X111.910 Y75.344 E2.09046
G1 X111.226 Y75.344 E2.12333
G1 X111.226 Y74.821 E2.14847
G1 X111.615 Y74.855 F7800.000
G1 X111.419 Y75.053
;TYPE:Gap fill
;WIDTH:0.223298
G1 F1200.000
G1 X112.068 Y75.055 E2.16134
;WIDTH:0.218093
G1 X112.080 Y75.055 E2.16157
;LAYER_CHANGE
;Z:4.52
;HEIGHT:0.3
G1 Z4.520 F7800.000
G1 E0.16157 F2400.000
G92 E0
G1 X126.352 Y109.133 F7800.000
G1 E2.00000 F2400.000
;TYPE:External perimeter
;WIDTH:0.45
G1 F900.000
G1 X127.287 Y109.070 E2.04507
G1 X127.287 Y109.945 E2.08714
G1 X126.332 Y109.875 E2.13317
G1 X126.223 Y110.217 E2.15047
G1 X126.150 Y110.312 E2.15621
G1 X126.040 Y110.373 E2.16228
G1 X125.866 Y110.397 E2.17072
G1 X125.626 Y110.350 E2.18248
G1 X125.488 Y110.231 E2.19127
G1 X125.388 Y109.965 E2.20496
G1 X125.349 Y109.487 E2.22801
G1 X125.391 Y109.021 E2.25051
G1 X125.499 Y108.737 E2.26515
G1 X125.647 Y108.600 E2.27484
G1 X125.873 Y108.551 E2.28595
G1 X126.033 Y108.574 E2.29371
G1 X126.153 Y108.639 E2.30031
G1 X126.239 Y108.747 E2.30693
G1 X126.335 Y109.075 E2.32336
G1 X126.420 Y109.527 F7800.000
G1 E0.32336 F2400.000
G92 E0
G1 X123.951 Y108.929 F7800.000
G1 E2.00000 F2400.000
G1 F900.000
G1 X124.471 Y108.779 E2.02599
G1 X124.428 Y109.128 E2.04290
G1 X123.980 Y109.128 E2.06446
G1 X123.960 Y108.988 E2.07124
G1 X124.351 Y108.907 F7800.000
G1 X122.379 Y108.970
G1 F900.000
G1 X122.497 Y108.720 E2.08456
G1 X122.671 Y108.582 E2.09523
G1 X122.937 Y108.530 E2.10826
G1 X123.156 Y108.555 E2.11885
G1 X123.313 Y108.625 E2.12711
G1 X123.419 Y108.723 E2.13406
G1 X123.636 Y109.128 E2.15617
G1 X122.360 Y109.128 E2.21753
G1 X122.372 Y109.030 E2.22230
G1 X122.589 Y108.789 F7800.000
G1 E0.22230 F2400.000
G92 E0
G1 X126.860 Y110.601 F7800.000
G1 E2.00000 F2400.000
;WIDTH:0.41367
G1 F1800.000
G1 X127.115 Y110.333 E2.01613
;WIDTH:0.429457
G1 X127.317 Y110.368 E2.02549
G1 X127.329 Y110.405 E2.02729
G1 X127.296 Y110.451 E2.02986
;WIDTH:0.290929
G1 X127.196 Y110.588 E2.03464
G1 E0.03464 F2400.000
G92 E0
G1 X128.244 Y108.543 F7800.000
G1 E2.00000 F2400.000
;WIDTH:0.45
G1 F900.000
G1 X128.762 Y108.613 E2.02517
G1 X128.694 Y108.748 E2.03247
G1 X128.601 Y109.493 E2.06857
G1 X128.850 Y110.363 E2.11211
G1 X128.227 Y110.363 E2.14209
G1 X128.238 Y108.603 E2.22677
G1 X128.594 Y108.737 F7800.000
G1 E0.22677 F2400.000
G92 E0
G1 X118.392 Y108.000 F7800.000
G1 E2.00000 F2400.000
;WIDTH:0.732881
G1 F1800.000
G1 X118.392 Y109.756 E2.14644
G1 E0.14644 F2400.000
G92 E0
G1 X105.450 Y109.512 F7800.000
G1 E2.00000 F2400.000
;WIDTH:0.362745
G1 F1800.000
G1 X105.021 Y109.483 E2.01600
;WIDTH:0.324791
G1 X105.006 Y109.463 E2.01683
;WIDTH:0.284046
G1 X104.990 Y109.442 E2.01753
;WIDTH:0.2433
G1 X104.913 Y109.353 E2.02017
G1 X103.368 Y108.582 F7800.000
;WIDTH:0.45
G1 F900.000
G1 X103.634 Y108.530 E2.03321
G1 X103.853 Y108.555 E2.04380
G1 X104.010 Y108.625 E2.05205
G1 X104.116 Y108.723 E2.05900
G1 X104.334 Y109.128 E2.08111
G1 X103.058 Y109.128 E2.14248
G1 X103.076 Y108.970 E2.15013
G1 X103.195 Y108.720 E2.16345
G1 X103.321 Y108.619 E2.17124
G1 X103.590 Y108.737 F7800.000
G1 X102.017 Y109.439
;WIDTH:0.488011
G1 F1800.000
G1 X102.190 Y110.239 E2.21451
;WIDTH:0.534185
G1 X102.363 Y110.664 E2.24134
G1 E0.24134 F2400.000
G92 E0
G1 X99.234 Y108.625 F7800.000
G1 E2.00000 F2400.000
;WIDTH:0.32952
G1 F1800.000
G1 X99.245 Y109.479 E2.02824
G1 X98.525 Y109.527 F7800.000
;WIDTH:0.374014
G1 F1800.000
G1 X97.820 Y110.503 E2.07474
G1 E0.07474 F2400.000
G92 E0
G1 X98.415 Y73.536 F7800.000
G1 E2.00000 F2400.000
;WIDTH:0.45
G1 F900.000
G1 X99.723 Y73.536 E2.06292
G1 X99.643 Y73.739 E2.07342
G1 X99.557 Y74.649 E2.11739
G1 X99.301 Y74.327 E2.13717
G1 X99.067 Y74.099 E2.15287
G1 X98.460 Y73.575 E2.19144
G1 X98.803 Y73.632 F7800.000
G1 E0.19144 F2400.000
G92 E0
G1 X101.953 Y73.788 F7800.000
G1 E2.00000 F2400.000
G1 F900.000
G1 X102.121 Y73.727 E2.00860
G1 X102.355 Y74.015 E2.02648
G1 X102.693 Y74.331 E2.04870
G1 X103.005 Y74.589 E2.06820
G1 X103.238 Y74.824 E2.08413
G1 X103.346 Y75.025 E2.09508
G1 X103.359 Y75.131 E2.10025
G1 X103.337 Y75.267 E2.10688
G1 X103.288 Y75.344 E2.11128
G1 X103.205 Y75.394 E2.11590
G1 X103.064 Y75.415 E2.12277
G1 X102.924 Y75.395 E2.12958
G1 X102.827 Y75.341 E2.13491
G1 X102.763 Y75.260 E2.13989
G1 X102.667 Y74.918 E2.15693
G1 X101.966 Y74.984 E2.19078
G1 X102.017 Y74.439 E2.21709
G1 X101.959 Y73.848 E2.24566
G1 X102.125 Y73.839 F7800.000
G1 X102.940 Y73.536
G1 F900.000
G1 X104.986 Y73.536 E2.34405
G1 X104.986 Y75.082 E2.41840
G1 X104.340 Y74.599 E2.45719
G1 X104.340 Y74.846 E2.46908
G1 X104.146 Y74.878 E2.47851
G1 X104.092 Y74.719 E2.48657
G1 X103.979 Y74.519 E2.49766
G1 X103.827 Y74.327 E2.50943
G1 X103.593 Y74.099 E2.52514
G1 X102.986 Y73.575 E2.56371
G1 X103.329 Y73.632 F7800.000
G1 E0.56371 F2400.000
G92 E0
G1 X112.628 Y74.134 F7800.000
G1 E2.00000 F2400.000
G1 F900.000
G1 X112.851 Y73.784 E2.01996
G1 X113.907 Y73.995 E2.07176
G1 X114.063 Y73.652 E2.08988
G1 X114.169 Y73.557 E2.09675
G1 X114.351 Y73.491 E2.10604
G1 X114.626 Y73.465 E2.11934
G1 X114.906 Y73.493 E2.13284
G1 X115.076 Y73.562 E2.14169
G1 X115.154 Y73.645 E2.14718
G1 X115.183 Y73.775 E2.15357
G1 X115.158 Y73.868 E2.15819
G1 X115.068 Y73.940 E2.16377
G1 X114.826 Y74.025 E2.17611
G1 X114.172 Y74.187 E2.20848
G1 X113.930 Y74.272 E2.22081
G1 X113.743 Y74.369 E2.23094
G1 X113.589 Y74.484 E2.24021
G1 X113.468 Y74.623 E2.24905
G1 X113.379 Y74.783 E2.25787
G1 X113.350 Y74.882 E2.26282
G1 X113.166 Y74.870 E2.27170
G1 X113.140 Y74.707 E2.27965
G1 X112.957 Y74.394 E2.29706
G1 X112.675 Y74.171 E2.31437
G1 X112.998 Y73.982 F7800.000
G1 X114.149 Y75.111
G1 F900.000
G1 X114.278 Y75.015 E2.32211
G1 X114.445 Y74.958 E2.33060
G1 X115.168 Y74.777 E2.36645
G1 X115.438 Y74.675 E2.38032
G1 X115.692 Y74.523 E2.39454
G1 X115.886 Y74.301 E2.40873
G1 X116.005 Y75.106 E2.44787
G1 X115.215 Y74.968 E2.48644
G1 X115.070 Y75.278 E2.50292
G1 X114.988 Y75.352 E2.50823
G1 X114.846 Y75.404 E2.51551
G1 X114.617 Y75.425 E2.52653
G1 X114.368 Y75.401 E2.53858
G1 X114.223 Y75.343 E2.54608
G1 X114.164 Y75.279 E2.55030
G1 X114.141 Y75.171 E2.55561
G1 X114.310 Y75.110 F7800.000
G1 E0.55561 F2400.000
G92 E0
G1 X125.982 Y109.241 F7800.000
G1 E2.00000 F2400.000
;TYPE:Perimeter
G1 F900.000
G1 X126.053 Y109.482 E2.01211
G1 X125.949 Y109.807 E2.02848
G1 X125.760 Y109.786 E2.03763
G1 X125.736 Y109.488 E2.05198
G1 X125.764 Y109.169 E2.06740
G1 X125.955 Y109.150 E2.07661
G1 X125.965 Y109.183 E2.07828
G1 E0.07828 F2400.000
G92 E0
G1 X112.149 Y110.330 F7800.000
G1 E2.00000 F2400.000
G1 F900.000
G1 X111.398 Y110.086 E2.03794
G1 X111.028 Y110.694 E2.07219
G1 X110.927 Y110.776 E2.07845
G1 X110.768 Y110.840 E2.08667
G1 X110.561 Y110.863 E2.09672
G1 X110.221 Y110.801 E2.11332
G1 X110.021 Y110.655 E2.12524
G1 X109.875 Y110.385 E2.14000
G1 X109.813 Y109.939 E2.16167
G1 X109.877 Y109.493 E2.18331
G1 X110.036 Y109.205 E2.19914
G1 X110.251 Y109.044 E2.21207
G1 X110.536 Y108.990 E2.22599
G1 X110.923 Y109.098 E2.24534
G1 X111.617 Y109.911 E2.29674
G1 X111.977 Y109.732 E2.31610
G1 X112.132 Y110.272 E2.34315
G1 E0.34315 F2400.000
G92 E0
G1 X117.279 Y73.990 F7800.000
G1 E2.00000 F2400.000
G1 F900.000
G1 X117.385 Y73.909 E2.00639
G1 X117.526 Y73.882 E2.01331
G1 X117.737 Y73.939 E2.02383
G1 X118.108 Y74.365 E2.05099
G1 X117.773 Y74.934 E2.08275
G1 X117.734 Y74.967 E2.08519
G1 X117.660 Y74.997 E2.08904
G1 X117.554 Y75.010 E2.09418
G1 X117.361 Y74.974 E2.10362
G1 X117.268 Y74.905 E2.10919
G1 X117.186 Y74.751 E2.11760
G1 X117.146 Y74.454 E2.13200
G1 X117.188 Y74.159 E2.14634
G1 X117.251 Y74.042 E2.15269
G1 E0.15269 F2400.000
G92 E0
G1 X104.319 Y73.994 F7800.000
G1 E2.00000 F2400.000
G1 F900.000
G1 X104.343 Y73.922 E2.00368
G1 X104.600 Y73.922 E2.01608
G1 X104.600 Y74.312 E2.03485
G1 X104.290 Y74.080 E2.05349
G1 X104.300 Y74.051 E2.05495
G1 E0.05495 F2400.000
G92 E0
G1 X93.442 Y72.412 F7800.000
G1 E2.00000 F2400.000
G1 F900.000
G1 X93.888 Y71.828 E2.03534
G1 X94.297 Y72.365 E2.06783
G1 X93.968 Y72.317 E2.08384
G1 X93.501 Y72.402 E2.10663
G1 E0.10663 F2400.000
G92 E0
G1 X93.442 Y75.763 F7800.000
G1 E2.00000 F2400.000
G1 F900.000
G1 X93.963 Y75.859 E2.02548
G1 X94.298 Y75.810 E2.04175
G1 X93.888 Y76.348 E2.07429
G1 X93.479 Y75.811 E2.10679
G1 E0.10679 F2400.000
G92 E0
G1 X111.077 Y109.873 F7800.000
G1 E2.00000 F2400.000
G1 F900.000
G1 X110.732 Y110.439 E2.03192
G1 X110.574 Y110.474 E2.03968
G1 X110.377 Y110.438 E2.04929
G1 X110.318 Y110.395 E2.05279
G1 X110.247 Y110.263 E2.05999
G1 X110.203 Y109.940 E2.07568
G1 X110.249 Y109.618 E2.09133
G1 X110.334 Y109.464 E2.09977
G1 X110.411 Y109.406 E2.10442
G1 X110.519 Y109.386 E2.10971
G1 X110.706 Y109.438 E2.11904
G1 X111.038 Y109.827 E2.14365
G1 E0.14365 F2400.000
G92 E0
G1 X119.666 Y73.919 F7800.000
G1 E2.00000 F2400.000
G1 F900.000
G1 X118.475 Y74.501 E2.06374
G1 X119.658 Y74.895 E2.12371
G1 X119.030 Y75.945 E2.18259
G1 X118.607 Y76.298 E2.20906
G1 X118.094 Y76.498 E2.23556
G1 X117.510 Y76.560 E2.26382
G1 X116.714 Y76.425 E2.30265
G1 X116.061 Y75.985 E2.34052
G1 X115.688 Y76.327 E2.36488
G1 X115.182 Y76.508 E2.39070
G1 X114.614 Y76.558 E2.41813
G1 X113.996 Y76.489 E2.44805
G1 X113.440 Y76.242 E2.47729
G1 X113.227 Y75.992 E2.49307
G1 X113.106 Y76.149 E2.50260
G1 X112.570 Y76.419 E2.53147
G1 X111.998 Y76.491 E2.55917
G1 X110.003 Y76.491 E2.65515
G1 X110.003 Y76.262 E2.66612
G1 X109.009 Y76.491 E2.71517
G1 X107.289 Y76.491 E2.79789
G1 X107.289 Y72.389 E2.99514
G1 X109.099 Y72.389 E3.08218
G1 X109.677 Y72.460 E3.11022
G1 X110.003 Y72.618 E3.12762
G1 X110.003 Y72.389 E3.13861
G1 X111.612 Y72.389 E3.21601
G1 X111.612 Y73.187 E3.25438
G1 X111.781 Y73.234 E3.26283
G1 X112.292 Y72.389 E3.31032
G1 X114.256 Y72.389 E3.40477
G1 X114.580 Y72.318 E3.42073
G1 X115.274 Y72.395 E3.45431
G1 X115.857 Y72.656 E3.48504
G1 X116.074 Y72.905 E3.50092
G1 X116.472 Y72.585 E3.52548
G1 X116.978 Y72.384 E3.55167
G1 X117.534 Y72.321 E3.57855
G1 X118.083 Y72.387 E3.60517
G1 X118.590 Y72.595 E3.63151
G1 X119.015 Y72.943 E3.65796
G1 X119.632 Y73.869 E3.71149
G1 E1.71149 F2400.000
G92 E0
G1 X107.675 Y72.775 F7800.000
G1 E2.00000 F2400.000
;TYPE:External perimeter
G1 F1800.000
G1 X109.075 Y72.775 E2.06737
G1 X109.567 Y72.835 E2.09118
G1 X109.978 Y73.034 E2.11316
G1 X110.388 Y73.540 E2.14449
G1 X110.388 Y72.775 E2.18130
G1 X111.226 Y72.775 E2.22161
G1 X111.226 Y74.004 E2.28072
G1 X111.767 Y74.004 E2.30669
G1 X112.510 Y72.775 E2.37577
G1 X113.494 Y72.775 E2.42310
G1 X113.362 Y72.981 E2.43486
G1 X114.601 Y72.708 E2.49585
G1 X115.172 Y72.772 E2.52347
G1 X115.622 Y72.973 E2.54720
G1 X115.925 Y73.322 E2.56943
G1 X116.003 Y73.683 E2.58720
G1 X116.337 Y73.188 E2.61592
G1 X116.668 Y72.922 E2.63635
G1 X117.073 Y72.762 E2.65729
G1 X117.532 Y72.709 E2.67953
G1 X117.985 Y72.763 E2.70147
G1 X118.390 Y72.930 E2.72252
G1 X118.727 Y73.205 E2.74342
G1 X119.101 Y73.766 E2.77587
G1 X118.398 Y74.110 E2.81350
G1 X117.951 Y73.598 E2.84615
G1 X117.541 Y73.486 E2.86661
G1 X117.223 Y73.548 E2.88218
G1 X116.980 Y73.733 E2.89690
G1 X116.816 Y74.036 E2.91348
G1 X116.757 Y74.453 E2.93371
G1 X116.813 Y74.871 E2.95400
G1 X116.969 Y75.163 E2.96990
G1 X117.203 Y75.337 E2.98395
G1 X117.541 Y75.400 E3.00050
G1 X117.759 Y75.374 E3.01102
G1 X117.938 Y75.300 E3.02036
G1 X118.072 Y75.186 E3.02883
G1 X118.275 Y74.841 E3.04806
G1 X119.081 Y75.109 E3.08889
G1 X118.733 Y75.691 E3.12151
G1 X118.409 Y75.961 E3.14180
G1 X118.002 Y76.120 E3.16279
G1 X117.522 Y76.171 E3.18602
G1 X116.860 Y76.059 E3.21829
G1 X116.337 Y75.706 E3.24866
G1 X116.027 Y75.177 E3.27814
G1 X115.771 Y75.728 E3.30735
G1 X115.484 Y75.991 E3.32603
G1 X115.099 Y76.128 E3.34571
G1 X114.618 Y76.170 E3.36892
G1 X114.098 Y76.113 E3.39410
G1 X113.677 Y75.925 E3.41627
G1 X113.396 Y75.597 E3.43705
G1 X113.339 Y75.328 E3.45028
G1 X113.150 Y75.329 E3.45937
G1 X113.115 Y75.507 E3.46807
G1 X112.854 Y75.844 E3.48859
G1 X112.456 Y76.045 E3.51006
G1 X111.974 Y76.105 E3.53339
G1 X110.388 Y76.105 E3.60967
G1 X110.388 Y75.204 E3.65299
G1 X110.262 Y75.175 E3.65922
G1 X110.388 Y75.166 E3.66530
G1 X110.388 Y74.305 E3.70671
G1 X110.222 Y74.256 E3.71503
G1 X110.093 Y74.456 E3.72650
G1 X109.949 Y74.555 E3.73492
G1 X110.128 Y74.878 E3.75271
G1 X110.175 Y75.182 E3.76748
G1 X110.201 Y75.180 E3.76873
G1 X109.851 Y75.902 E3.80730
G1 X108.965 Y76.105 E3.85102
G1 X107.675 Y76.105 E3.91309
G1 X107.675 Y72.835 E4.07036
G1 X107.625 Y72.378 F7800.000
G1 X106.886 Y72.389
;TYPE:Perimeter
G1 F900.000
G1 X106.886 Y73.922 E4.14406
G1 X106.190 Y73.922 E4.17753
G1 X106.190 Y76.491 E4.30109
G1 X105.045 Y76.491 E4.35614
G1 X104.315 Y75.965 E4.39942
G1 X104.149 Y76.203 E4.41338
G1 X103.642 Y76.482 E4.44121
G1 X103.062 Y76.560 E4.46933
G1 X102.514 Y76.483 E4.49595
G1 X102.027 Y76.224 E4.52248
G1 X101.900 Y76.072 E4.53202
G1 X101.536 Y76.410 E4.55593
G1 X100.806 Y76.568 E4.59186
G1 X100.066 Y76.414 E4.62821
G1 X99.705 Y76.086 E4.65166
G1 X99.623 Y76.203 E4.65853
G1 X99.116 Y76.482 E4.68636
G1 X98.537 Y76.560 E4.71448
G1 X97.989 Y76.483 E4.74110
G1 X97.502 Y76.224 E4.76762
G1 X97.147 Y75.799 E4.79425
G1 X96.800 Y74.657 E4.85167
G1 X97.847 Y74.559 E4.90221
G1 X97.552 Y74.284 E4.92162
G1 X97.356 Y74.058 E4.93596
G1 X97.176 Y73.799 E4.95117
G1 X96.975 Y73.404 E4.97245
G1 X96.975 Y72.389 E5.02126
G1 X100.092 Y72.389 E5.17114
G1 X100.092 Y72.466 E5.17482
G1 X100.792 Y72.310 E5.20932
G1 X101.501 Y72.468 E5.24425
G1 X101.501 Y72.389 E5.24805
G1 X106.826 Y72.389 E5.50416
G1 X97.361 Y72.775 F7800.000
;TYPE:External perimeter
G1 F900.000
G1 X99.706 Y72.775 E5.61694
G1 X99.706 Y73.332 E5.64376
G1 X100.251 Y72.826 E5.67954
G1 X100.792 Y72.706 E5.70620
G1 X101.333 Y72.826 E5.73286
G1 X101.886 Y73.338 E5.76913
G1 X101.886 Y72.775 E5.79621
G1 X106.500 Y72.775 E6.01811
G1 X106.500 Y73.536 E6.05471
G1 X105.804 Y73.536 E6.08818
G1 X105.804 Y76.105 E6.21174
G1 X105.169 Y76.105 E6.24226
G1 X104.152 Y75.373 E6.30255
G1 X104.117 Y75.574 E6.31235
G1 X103.884 Y75.909 E6.33199
G1 X103.519 Y76.110 E6.35203
G1 X103.064 Y76.171 E6.37412
G1 X102.635 Y76.110 E6.39492
G1 X102.275 Y75.919 E6.41456
G1 X102.019 Y75.612 E6.43379
G1 X101.984 Y75.497 E6.43958
G1 X101.819 Y75.491 E6.44752
G1 X101.741 Y75.693 E6.45795
G1 X101.351 Y76.056 E6.48356
G1 X100.804 Y76.174 E6.51046
G1 X100.248 Y76.058 E6.53782
G1 X99.852 Y75.699 E6.56352
G1 X99.729 Y75.378 E6.58006
G1 X99.358 Y75.909 E6.61119
G1 X98.993 Y76.110 E6.63123
G1 X98.538 Y76.171 E6.65333
G1 X98.110 Y76.110 E6.67412
G1 X97.750 Y75.919 E6.69376
G1 X97.493 Y75.612 E6.71299
G1 X97.307 Y74.997 E6.74392
G1 X98.142 Y74.918 E6.78427
G1 X98.238 Y75.260 E6.80131
G1 X98.302 Y75.341 E6.80629
G1 X98.399 Y75.395 E6.81162
G1 X98.539 Y75.415 E6.81843
G1 X98.680 Y75.394 E6.82530
G1 X98.762 Y75.344 E6.82992
G1 X98.812 Y75.267 E6.83432
G1 X98.834 Y75.131 E6.84095
G1 X98.821 Y75.025 E6.84612
G1 X98.713 Y74.824 E6.85707
G1 X98.480 Y74.589 E6.87300
G1 X98.167 Y74.331 E6.89250
G1 X97.830 Y74.015 E6.91472
G1 X97.661 Y73.821 E6.92708
G1 X97.508 Y73.600 E6.94002
G1 X97.361 Y73.312 E6.95559
G1 X97.361 Y72.835 E6.97852
G1 X97.338 Y72.376 F7800.000
G1 X95.565 Y71.557
;TYPE:Perimeter
G1 F900.000
G1 X96.116 Y72.258 E7.02140
G1 X96.405 Y72.814 E7.05151
G1 X96.575 Y73.423 E7.08195
G1 X96.630 Y74.084 E7.11383
G1 X96.576 Y74.749 E7.14595
G1 X96.406 Y75.357 E7.17632
G1 X96.118 Y75.915 E7.20651
G1 X95.565 Y76.619 E7.24954
G1 X92.212 Y76.619 E7.41084
G1 X91.660 Y75.918 E7.45372
G1 X91.371 Y75.362 E7.48388
G1 X91.200 Y74.753 E7.51429
G1 X91.145 Y74.092 E7.54616
G1 X91.200 Y73.427 E7.57829
G1 X91.370 Y72.817 E7.60872
G1 X91.659 Y72.260 E7.63892
G1 X92.212 Y71.557 E7.68191
G1 X95.505 Y71.557 E7.84032
G1 X94.460 Y71.943 F7800.000
;TYPE:External perimeter
G1 F900.000
G1 X95.378 Y71.943 E7.88445
G1 X95.791 Y72.468 E7.91657
G1 X96.044 Y72.956 E7.94302
G1 X96.194 Y73.492 E7.96978
G1 X96.243 Y74.084 E7.99836
G1 X96.194 Y74.681 E8.02718
G1 X96.045 Y75.216 E8.05388
G1 X95.792 Y75.706 E8.08041
G1 X95.378 Y76.233 E8.11265
G1 X94.461 Y76.233 E8.15677
G1 X95.052 Y75.456 E8.20376
G1 X95.261 Y75.037 E8.22624
G1 X95.384 Y74.587 E8.24867
G1 X95.425 Y74.088 E8.27278
G1 X95.384 Y73.588 E8.29688
G1 X95.262 Y73.138 E8.31930
G1 X95.054 Y72.722 E8.34172
G1 X94.497 Y71.991 E8.38592
G1 X94.382 Y71.551 F7800.000
G1 X95.127 Y73.822
G1 F900.000
G1 X94.292 Y73.876 E8.42617
G1 X94.199 Y73.563 E8.44189
G1 X94.151 Y73.504 E8.44554
G1 X94.079 Y73.467 E8.44943
G1 X93.978 Y73.452 E8.45433
G1 X93.834 Y73.484 E8.46143
G1 X93.744 Y73.567 E8.46731
G1 X93.670 Y73.761 E8.47730
G1 X93.640 Y74.099 E8.49359
G1 X93.669 Y74.446 E8.51034
G1 X93.735 Y74.626 E8.51956
G1 X93.816 Y74.696 E8.52471
G1 X93.970 Y74.726 E8.53222
G1 X94.075 Y74.710 E8.53736
G1 X94.137 Y74.673 E8.54083
G1 X94.182 Y74.609 E8.54457
G1 X94.272 Y74.298 E8.56017
G1 X95.122 Y74.363 E8.60118
G1 X94.914 Y74.961 E8.63162
G1 X94.677 Y75.238 E8.64914
G1 X94.354 Y75.412 E8.66678
G1 X93.970 Y75.468 E8.68545
G1 X93.480 Y75.378 E8.70943
G1 X93.099 Y75.094 E8.73231
G1 X92.875 Y74.651 E8.75619
G1 X92.806 Y74.090 E8.78335
G1 X92.874 Y73.527 E8.81065
G1 X93.097 Y73.081 E8.83461
G1 X93.480 Y72.797 E8.85753
G1 X93.975 Y72.708 E8.88169
G1 X94.369 Y72.765 E8.90088
G1 X94.700 Y72.943 E8.91895
G1 X94.937 Y73.227 E8.93672
G1 X95.109 Y73.765 E8.96388
G1 X95.205 Y74.214 F7800.000
G1 E6.96388 F2400.000
G92 E0
G1 X92.399 Y71.943 F7800.000
G1 E2.00000 F2400.000
G1 F900.000
G1 X93.315 Y71.943 E2.04407
G1 X92.721 Y72.723 E2.09125
G1 X92.513 Y73.142 E2.11374
G1 X92.392 Y73.592 E2.13612
G1 X92.352 Y74.088 E2.16008
G1 X92.393 Y74.586 E2.18412
G1 X92.514 Y75.038 E2.20661
G1 X92.723 Y75.456 E2.22912
G1 X93.316 Y76.233 E2.27609
G1 X92.399 Y76.233 E2.32019
G1 X91.986 Y75.708 E2.35232
G1 X91.732 Y75.219 E2.37882
G1 X91.582 Y74.684 E2.40554
G1 X91.532 Y74.092 E2.43411
G1 X91.581 Y73.495 E2.46294
G1 X91.731 Y72.959 E2.48969
G1 X91.984 Y72.470 E2.51621
G1 X92.362 Y71.990 E2.54555
G1 X92.476 Y71.551 F7800.000
G1 E0.54555 F2400.000
G92 E0
G1 X124.253 Y107.219 F7800.000
G1 E2.00000 F2400.000
;TYPE:Perimeter
G1 F3600.000
G1 X124.444 Y107.454 E2.01458
G1 X124.929 Y107.095 E2.04360
G1 X125.863 Y106.927 E2.08924
G1 X126.627 Y107.040 E2.12642
G1 X127.049 Y107.270 E2.14952
G1 X127.947 Y106.928 E2.19575
G1 X128.479 Y106.962 E2.22141
G1 X129.151 Y107.096 E2.25434
G1 X130.128 Y106.925 E2.30205
G1 X131.008 Y107.072 E2.34497
G1 X131.008 Y107.004 E2.34825
G1 X133.485 Y107.004 E2.46734
G1 X133.485 Y109.519 E2.58833
G1 X134.372 Y109.427 E2.63122
G1 X134.372 Y111.851 E2.74776
G1 X133.175 Y112.014 E2.80585
G1 X132.654 Y111.940 E2.83115
G1 X130.982 Y111.940 E2.91159
G1 X130.982 Y111.884 E2.91431
G1 X130.040 Y112.034 E2.96019
G1 X129.541 Y111.841 E2.98592
G1 X129.541 Y111.940 E2.99069
G1 X128.998 Y111.940 E3.01681
G1 X128.998 Y112.580 E3.04759
G1 X126.878 Y112.580 E3.14956
G1 X126.734 Y111.940 E3.18111
G1 X126.403 Y111.940 E3.19702
G1 X125.851 Y112.017 E3.22381
G1 X124.927 Y111.848 E3.26900
G1 X124.416 Y111.469 E3.29960
G1 X123.022 Y112.039 E3.37208
G1 X121.957 Y111.853 E3.42408
G1 X121.504 Y111.531 E3.45077
G1 X120.913 Y111.903 E3.48437
G1 X120.162 Y112.012 E3.52083
G1 X119.572 Y111.940 E3.54941
G1 X117.639 Y111.940 E3.64238
G1 X117.145 Y112.012 E3.66642
G1 X116.555 Y111.940 E3.69501
G1 X114.670 Y111.940 E3.78563
G1 X114.672 Y111.887 E3.78821
G1 X113.749 Y112.034 E3.83315
G1 X112.886 Y111.700 E3.87769
G1 X112.674 Y112.045 E3.89716
G1 X112.062 Y112.544 E3.93515
G1 X111.329 Y112.823 E3.97285
G1 X110.503 Y112.909 E4.01278
G1 X109.380 Y112.721 E4.06755
G1 X108.425 Y112.086 E4.12273
G1 X108.000 Y111.374 E4.16258
G1 X107.831 Y111.421 E4.17106
G1 X107.831 Y111.851 E4.19173
G1 X106.634 Y112.014 E4.24982
G1 X106.113 Y111.940 E4.27512
G1 X104.441 Y111.940 E4.35556
G1 X104.442 Y111.743 E4.36503
G1 X103.719 Y112.039 E4.40258
G1 X103.155 Y111.940 E4.43011
G1 X97.152 Y111.940 E4.71886
G1 X96.563 Y112.034 E4.74751
G1 X95.687 Y111.695 E4.79272
G1 X95.235 Y112.312 E4.82953
G1 X94.448 Y112.729 E4.87234
G1 X93.634 Y112.836 E4.91182
G1 X90.961 Y112.836 E5.04041
G1 X90.961 Y107.004 E5.32094
G1 X93.472 Y107.004 E5.44173
G1 X93.472 Y108.513 E5.51431
G1 X93.674 Y108.513 E5.52400
G1 X94.455 Y108.627 E5.56197
G1 X94.468 Y108.518 E5.56725
G1 X94.903 Y107.666 E5.61329
G1 X95.691 Y107.093 E5.66014
G1 X96.651 Y106.925 E5.70701
G1 X97.606 Y107.084 E5.75358
G1 X98.083 Y107.411 E5.78137
G1 X98.197 Y107.004 E5.80169
G1 X102.080 Y107.004 E5.98844
G1 X102.198 Y107.415 E6.00903
G1 X102.663 Y107.089 E6.03639
G1 X103.655 Y106.920 E6.08478
G1 X104.467 Y107.108 E6.12484
G1 X104.467 Y107.004 E6.12984
G1 X106.944 Y107.004 E6.24893
G1 X106.944 Y109.519 E6.36991
G1 X107.717 Y109.439 E6.40729
G1 X107.744 Y109.153 E6.42115
G1 X107.991 Y108.421 E6.45826
G1 X108.427 Y107.784 E6.49540
G1 X109.034 Y107.305 E6.53262
G1 X109.756 Y107.021 E6.56991
G1 X110.542 Y106.933 E6.60795
G1 X111.324 Y107.027 E6.64584
G1 X112.052 Y107.330 E6.68373
G1 X112.285 Y107.523 E6.69831
G1 X112.877 Y107.093 E6.73350
G1 X113.837 Y106.925 E6.78038
G1 X114.712 Y107.071 E6.82306
G1 X114.712 Y107.004 E6.82630
G1 X122.071 Y107.004 E7.18024
G1 X122.071 Y107.071 E7.18349
G1 X122.958 Y106.920 E7.22676
G1 X124.194 Y107.206 E7.28780
G1 X124.037 Y107.565 F7800.000
G1 F3600.000
G1 X124.377 Y107.984 E7.31373
G1 X125.086 Y107.459 E7.35615
G1 X125.869 Y107.317 E7.39442
G1 X126.503 Y107.411 E7.42523
G1 X127.125 Y107.752 E7.45936
G1 X127.157 Y107.642 E7.46489
G1 X128.006 Y107.318 E7.50857
G1 X128.429 Y107.346 E7.52896
G1 X129.251 Y107.509 E7.56928
G1 X129.322 Y107.458 E7.57350
G1 X130.129 Y107.317 E7.61292
G1 X130.935 Y107.451 E7.65222
G1 X131.390 Y107.762 E7.67871
G1 X131.392 Y107.389 E7.69662
G1 X133.099 Y107.389 E7.77872
G1 X133.099 Y109.512 E7.88081
G1 X133.129 Y109.837 E7.89651
G1 X133.167 Y109.940 E7.90178
G1 X133.986 Y109.855 E7.94136
G1 X133.986 Y111.514 E8.02116
G1 X133.176 Y111.624 E8.06048
G1 X132.718 Y111.555 E8.08275
G1 X131.369 Y111.555 E8.14762
G1 X131.371 Y111.217 E8.16387
G1 X130.966 Y111.496 E8.18751
G1 X130.082 Y111.637 E8.23059
G1 X129.156 Y111.278 E8.27838
G1 X129.156 Y111.555 E8.29168
G1 X128.613 Y111.555 E8.31780
G1 X128.613 Y112.195 E8.34858
G1 X127.186 Y112.195 E8.41717
G1 X127.042 Y111.555 E8.44872
G1 X126.561 Y111.555 E8.47186
G1 X126.561 Y111.529 E8.47310
G1 X125.860 Y111.626 E8.50716
G1 X125.085 Y111.485 E8.54504
G1 X124.472 Y111.029 E8.58177
G1 X122.979 Y111.640 E8.65936
G1 X122.109 Y111.488 E8.70183
G1 X121.418 Y110.998 E8.74257
G1 X121.313 Y111.196 E8.75335
G1 X120.777 Y111.533 E8.78385
G1 X120.155 Y111.623 E8.81407
G1 X119.697 Y111.575 E8.83620
G1 X119.644 Y111.555 E8.83896
G1 X118.083 Y111.555 E8.91399
G1 X118.089 Y111.326 E8.92501
G1 X117.759 Y111.533 E8.94378
G1 X117.137 Y111.623 E8.97399
G1 X116.679 Y111.575 E8.99612
G1 X116.626 Y111.555 E8.99888
G1 X115.066 Y111.555 E9.07391
G1 X115.074 Y111.221 E9.08998
G1 X114.675 Y111.496 E9.11328
G1 X113.791 Y111.637 E9.15636
G1 X112.725 Y111.224 E9.21135
G1 X112.379 Y111.787 E9.24314
G1 X111.866 Y112.206 E9.27498
G1 X111.239 Y112.445 E9.30726
G1 X110.515 Y112.520 E9.34225
G1 X109.525 Y112.354 E9.39054
G1 X108.711 Y111.813 E9.43755
G1 X108.208 Y110.968 E9.48484
G1 X108.055 Y109.952 E9.53425
G1 X108.124 Y109.234 E9.56899
G1 X108.339 Y108.595 E9.60140
G1 X108.712 Y108.050 E9.63314
G1 X109.228 Y107.643 E9.66479
G1 X109.850 Y107.399 E9.69689
G1 X110.540 Y107.321 E9.73032
G1 X111.225 Y107.404 E9.76350
G1 X111.850 Y107.663 E9.79604
G1 X112.323 Y108.056 E9.82559
G1 X112.390 Y107.923 E9.83275
G1 X113.031 Y107.458 E9.87084
G1 X113.838 Y107.317 E9.91026
G1 X114.644 Y107.451 E9.94956
G1 X115.098 Y107.761 E9.97598
G1 X115.098 Y107.389 E9.99385
G1 X121.685 Y107.389 E10.31069
G1 X121.685 Y107.757 E10.32836
G1 X122.116 Y107.455 E10.35366
G1 X122.947 Y107.314 E10.39416
G1 X123.979 Y107.552 E10.44511
G1 X128.819 Y107.816 F7800.000
;TYPE:External perimeter
G1 F1800.000
G1 X128.819 Y108.300 E10.46837
G1 X129.476 Y107.822 E10.50746
G1 X130.131 Y107.708 E10.53941
G1 X130.788 Y107.817 E10.57145
G1 X131.291 Y108.162 E10.60079
G1 X131.595 Y108.734 E10.63196
G1 X131.771 Y108.691 E10.64064
G1 X131.776 Y107.775 E10.68469
G1 X132.713 Y107.775 E10.72980
G1 X132.713 Y109.530 E10.81419
G1 X132.750 Y109.924 E10.83324
G1 X132.842 Y110.171 E10.84590
G1 X132.960 Y110.290 E10.85397
G1 X133.130 Y110.331 E10.86237
G1 X133.600 Y110.283 E10.88512
G1 X133.600 Y111.177 E10.92816
G1 X133.177 Y111.235 E10.94871
G1 X132.857 Y111.190 E10.96425
G1 X132.663 Y111.080 E10.97497
G1 X132.658 Y111.169 E10.97926
G1 X131.757 Y111.169 E11.02260
G1 X131.762 Y110.295 E11.06462
G1 X131.583 Y110.253 E11.07345
G1 X131.316 Y110.786 E11.10216
G1 X130.819 Y111.129 E11.13117
G1 X130.124 Y111.240 E11.16503
G1 X128.770 Y110.715 E11.23489
G1 X128.770 Y111.169 E11.25672
G1 X128.227 Y111.169 E11.28283
G1 X128.227 Y111.809 E11.31362
G1 X127.495 Y111.809 E11.34882
G1 X127.351 Y111.169 E11.38037
G1 X126.947 Y111.169 E11.39981
G1 X126.947 Y110.866 E11.41440
G1 X126.355 Y111.168 E11.44638
G1 X125.868 Y111.236 E11.47001
G1 X125.243 Y111.122 E11.50060
G1 X124.761 Y110.764 E11.52943
G1 X124.475 Y110.200 E11.55985
G1 X124.458 Y110.063 E11.56651
G1 X124.268 Y110.049 E11.57566
G1 X124.070 Y110.777 E11.61194
G1 X122.936 Y111.241 E11.67090
G1 X122.261 Y111.123 E11.70384
G1 X121.762 Y110.769 E11.73326
G1 X121.441 Y110.170 E11.76596
G1 X121.274 Y110.201 E11.77413
G1 X121.237 Y110.514 E11.78927
G1 X121.021 Y110.924 E11.81159
G1 X120.640 Y111.163 E11.83318
G1 X120.147 Y111.235 E11.85716
G1 X119.788 Y111.197 E11.87454
G1 X119.394 Y111.046 E11.89479
G1 X119.389 Y111.169 E11.90070
G1 X118.479 Y111.169 E11.94448
G1 X118.501 Y109.988 E12.00129
G1 X118.283 Y109.975 E12.01178
G1 X118.220 Y110.514 E12.03786
G1 X118.003 Y110.924 E12.06018
G1 X117.623 Y111.163 E12.08178
G1 X117.130 Y111.235 E12.10575
G1 X116.770 Y111.197 E12.12314
G1 X116.377 Y111.046 E12.14340
G1 X116.372 Y111.169 E12.14930
G1 X115.462 Y111.169 E12.19308
G1 X115.484 Y110.273 E12.23616
G1 X115.304 Y110.229 E12.24508
G1 X115.025 Y110.786 E12.27509
G1 X114.528 Y111.129 E12.30410
G1 X113.833 Y111.240 E12.33796
G1 X112.683 Y110.794 E12.39729
G1 X112.310 Y109.493 E12.46240
G1 X112.357 Y109.112 E12.48086
G1 X111.715 Y109.432 E12.51538
G1 X111.140 Y108.758 E12.55796
G1 X110.552 Y108.594 E12.58732
G1 X110.092 Y108.682 E12.60987
G1 X109.738 Y108.946 E12.63108
G1 X109.506 Y109.369 E12.65430
G1 X109.424 Y109.938 E12.68193
G1 X109.502 Y110.507 E12.70958
G1 X109.723 Y110.915 E12.73189
G1 X110.065 Y111.165 E12.75225
G1 X110.547 Y111.253 E12.77583
G1 X110.863 Y111.217 E12.79109
G1 X111.125 Y111.113 E12.80467
G1 X111.323 Y110.951 E12.81697
G1 X111.569 Y110.547 E12.83971
G1 X112.502 Y110.850 E12.88688
G1 X112.085 Y111.530 E12.92522
G1 X111.671 Y111.867 E12.95092
G1 X111.149 Y112.066 E12.97778
G1 X110.528 Y112.131 E13.00782
G1 X109.670 Y111.987 E13.04964
G1 X108.998 Y111.540 E13.08848
G1 X108.578 Y110.836 E13.12791
G1 X108.443 Y109.942 E13.17139
G1 X108.504 Y109.315 E13.20171
G1 X108.687 Y108.769 E13.22942
G1 X108.997 Y108.317 E13.25576
G1 X109.422 Y107.981 E13.28184
G1 X109.943 Y107.776 E13.30875
G1 X110.539 Y107.709 E13.33757
G1 X111.126 Y107.780 E13.36603
G1 X111.648 Y107.997 E13.39323
G1 X112.081 Y108.356 E13.42025
G1 X112.374 Y108.803 E13.44598
G1 X112.692 Y108.181 E13.47958
G1 X113.185 Y107.822 E13.50893
G1 X113.840 Y107.708 E13.54089
G1 X114.497 Y107.817 E13.57292
G1 X115.000 Y108.162 E13.60226
G1 X115.308 Y108.740 E13.63379
G1 X115.483 Y108.697 E13.64249
G1 X115.483 Y107.775 E13.68682
G1 X116.422 Y107.775 E13.73198
G1 X116.422 Y109.697 E13.82443
G1 X116.466 Y110.027 E13.84045
G1 X116.577 Y110.238 E13.85188
G1 X116.737 Y110.358 E13.86150
G1 X116.971 Y110.403 E13.87300
G1 X117.125 Y110.390 E13.88043
G1 X117.212 Y110.360 E13.88484
G1 X117.295 Y110.248 E13.89156
G1 X117.327 Y110.102 E13.89874
G1 X117.340 Y107.775 E14.01068
G1 X119.440 Y107.775 E14.11166
G1 X119.440 Y109.697 E14.20411
G1 X119.484 Y110.027 E14.22013
G1 X119.594 Y110.238 E14.23157
G1 X119.754 Y110.358 E14.24119
G1 X119.989 Y110.403 E14.25268
G1 X120.143 Y110.390 E14.26011
G1 X120.229 Y110.360 E14.26452
G1 X120.313 Y110.248 E14.27124
G1 X120.345 Y110.102 E14.27843
G1 X120.358 Y107.775 E14.39037
G1 X121.300 Y107.775 E14.43567
G1 X121.300 Y108.675 E14.47896
G1 X121.476 Y108.718 E14.48768
G1 X121.762 Y108.174 E14.51725
G1 X122.267 Y107.820 E14.54690
G1 X122.935 Y107.707 E14.57952
G1 X123.822 Y107.911 E14.62327
G1 X124.484 Y108.726 E14.67381
G1 X124.760 Y108.180 E14.70325
G1 X125.243 Y107.822 E14.73216
G1 X125.875 Y107.708 E14.76306
G1 X126.378 Y107.782 E14.78749
G1 X126.796 Y108.011 E14.81042
G1 X127.095 Y108.374 E14.83299
G1 X127.136 Y108.506 E14.83966
G1 X127.308 Y108.504 E14.84792
G1 X127.474 Y107.934 E14.87650
G1 X128.065 Y107.708 E14.90691
G1 X128.378 Y107.729 E14.92204
G1 X128.760 Y107.805 E14.94075
G1 X129.218 Y107.835 F7800.000
G1 X104.850 Y107.592
;TYPE:Perimeter
G1 F3600.000
G1 X104.851 Y107.389 E14.95048
G1 X106.558 Y107.389 E15.03258
G1 X106.558 Y109.512 E15.13467
G1 X106.588 Y109.837 E15.15038
G1 X106.626 Y109.940 E15.15564
G1 X107.445 Y109.855 E15.19523
G1 X107.445 Y111.514 E15.27502
G1 X106.635 Y111.624 E15.31434
G1 X106.177 Y111.555 E15.33661
G1 X104.828 Y111.555 E15.40148
G1 X104.830 Y111.168 E15.42009
G1 X103.676 Y111.640 E15.48008
G1 X102.971 Y111.517 E15.51450
G1 X102.982 Y111.555 E15.51641
G1 X101.217 Y111.555 E15.60128
G1 X101.143 Y111.261 E15.61585
G1 X100.963 Y111.261 E15.62453
G1 X100.889 Y111.555 E15.63909
G1 X99.416 Y111.555 E15.70994
G1 X99.341 Y111.268 E15.72419
G1 X99.161 Y111.269 E15.73284
G1 X99.090 Y111.555 E15.74701
G1 X97.324 Y111.555 E15.83197
G1 X97.333 Y111.521 E15.83366
G1 X96.605 Y111.637 E15.86911
G1 X95.450 Y111.189 E15.92871
G1 X95.407 Y111.424 E15.94019
G1 X94.976 Y112.013 E15.97530
G1 X94.329 Y112.356 E16.01050
G1 X93.609 Y112.451 E16.04543
G1 X91.346 Y112.451 E16.15426
G1 X91.346 Y107.389 E16.39769
G1 X93.087 Y107.389 E16.48139
G1 X93.087 Y108.898 E16.55396
G1 X93.646 Y108.898 E16.58085
G1 X94.350 Y109.002 E16.61508
G1 X94.767 Y109.241 E16.63821
G1 X94.843 Y108.633 E16.66767
G1 X95.205 Y107.923 E16.70600
G1 X95.845 Y107.458 E16.74409
G1 X96.653 Y107.317 E16.78351
G1 X97.459 Y107.451 E16.82281
G1 X98.111 Y107.897 E16.86081
G1 X98.266 Y108.189 E16.87670
G1 X98.490 Y107.389 E16.91662
G1 X99.995 Y107.389 E16.98904
G1 X100.048 Y107.600 E16.99947
G1 X100.229 Y107.599 E17.00821
G1 X100.280 Y107.389 E17.01859
G1 X101.789 Y107.389 E17.09119
G1 X102.017 Y108.186 E17.13104
G1 X102.161 Y107.912 E17.14592
G1 X102.814 Y107.455 E17.18424
G1 X103.644 Y107.314 E17.22475
G1 X104.791 Y107.578 E17.28139
G1 X105.214 Y108.766 F7800.000
;TYPE:External perimeter
G1 F1800.000
G1 X104.649 Y108.929 E17.30968
G1 X104.677 Y109.128 E17.31934
G1 X105.227 Y109.128 E17.34581
G1 X105.235 Y107.775 E17.41089
G1 X106.172 Y107.775 E17.45599
G1 X106.172 Y109.530 E17.54038
G1 X106.209 Y109.924 E17.55943
G1 X106.301 Y110.171 E17.57210
G1 X106.419 Y110.290 E17.58016
G1 X106.589 Y110.331 E17.58857
G1 X107.059 Y110.283 E17.61131
G1 X107.059 Y111.177 E17.65435
G1 X106.636 Y111.235 E17.67491
G1 X106.316 Y111.190 E17.69044
G1 X106.122 Y111.080 E17.70117
G1 X106.117 Y111.169 E17.70546
G1 X105.216 Y111.169 E17.74879
G1 X105.223 Y109.869 E17.81131
G1 X105.022 Y109.842 E17.82108
G1 X104.768 Y110.777 E17.86769
G1 X103.633 Y111.241 E17.92665
G1 X102.958 Y111.123 E17.95960
G1 X102.531 Y110.820 E17.98477
G1 X102.397 Y110.915 E17.99266
G1 X102.470 Y111.169 E18.00539
G1 X101.517 Y111.169 E18.05121
G1 X101.142 Y109.683 E18.12492
G1 X100.962 Y109.683 E18.13359
G1 X100.588 Y111.169 E18.20728
G1 X99.714 Y111.169 E18.24933
G1 X99.332 Y109.704 E18.32215
G1 X99.152 Y109.705 E18.33080
G1 X98.789 Y111.169 E18.40336
G1 X97.832 Y111.169 E18.44937
G1 X97.963 Y110.701 E18.47273
G1 X97.343 Y111.129 E18.50895
G1 X96.648 Y111.240 E18.54282
G1 X95.497 Y110.794 E18.60214
G1 X95.124 Y109.493 E18.66726
G1 X95.217 Y108.748 E18.70336
G1 X95.506 Y108.181 E18.73398
G1 X96.000 Y107.822 E18.76333
G1 X96.654 Y107.708 E18.79528
G1 X97.311 Y107.817 E18.82733
G1 X97.815 Y108.162 E18.85666
G1 X98.115 Y108.727 E18.88746
G1 X98.179 Y109.239 E18.91229
G1 X98.368 Y109.253 E18.92140
G1 X98.782 Y107.775 E18.99524
G1 X99.694 Y107.775 E19.03908
G1 X100.053 Y109.223 E19.11085
G1 X100.235 Y109.222 E19.11958
G1 X100.583 Y107.775 E19.19119
G1 X101.498 Y107.775 E19.23519
G1 X101.912 Y109.221 E19.30755
G1 X102.101 Y109.207 E19.31663
G1 X102.159 Y108.745 E19.33899
G1 X102.459 Y108.174 E19.37004
G1 X102.964 Y107.820 E19.39968
G1 X103.632 Y107.707 E19.43230
G1 X104.519 Y107.911 E19.47605
G1 X105.176 Y108.719 E19.52615
G1 X105.411 Y109.114 F7800.000
G1 E17.52615 F2400.000
G92 E0
G1 X91.732 Y107.775 F7800.000
G1 E2.00000 F2400.000
G1 F900.000
G1 X92.701 Y107.775 E2.04661
G1 X92.701 Y109.284 E2.11918
G1 X93.617 Y109.284 E2.16326
G1 X94.221 Y109.373 E2.19262
G1 X94.720 Y109.658 E2.22026
G1 X95.044 Y110.115 E2.24718
G1 X95.149 Y110.691 E2.27534
G1 X95.044 Y111.268 E2.30353
G1 X94.717 Y111.714 E2.33012
G1 X94.210 Y111.982 E2.35773
G1 X93.584 Y112.065 E2.38810
G1 X91.732 Y112.065 E2.47716
G1 X91.732 Y107.835 E2.68061
G1 X91.678 Y107.379 F7800.000
G1 X83.550 Y107.488
;TYPE:Perimeter
G1 F900.000
G1 X86.450 Y107.488 E2.82010
G1 X87.900 Y110.000 E2.95960
G1 X86.450 Y112.512 E3.09910
G1 X83.550 Y112.512 E3.23859
G1 X82.100 Y110.000 E3.37809
G1 X83.520 Y107.540 E3.51470
G1 X83.772 Y107.874 F7800.000
G1 F900.000
G1 X86.228 Y107.874 E3.63278
G1 X87.455 Y110.000 E3.75086
G1 X86.228 Y112.126 E3.86894
G1 X83.772 Y112.126 E3.98702
G1 X82.545 Y110.000 E4.10510
G1 X83.742 Y107.926 E4.22029
G1 E2.22029 F2400.000
G92 E0
G1 X86.005 Y111.740 F7800.000
G1 E2.00000 F2400.000
;TYPE:External perimeter
G1 F900.000
G1 X83.995 Y111.740 E2.09666
G1 X82.990 Y110.000 E2.19333
G1 X83.995 Y108.260 E2.28999
G1 X86.005 Y108.260 E2.38666
G1 X87.010 Y110.000 E2.48332
G1 X86.035 Y111.689 E2.57710
G1 X86.005 Y112.140 F7800.000
G1 E0.57710 F2400.000
G92 E0
G1 X83.550 Y72.488 F7800.000
G1 E2.00000 F2400.000
;TYPE:Perimeter
G1 F900.000
G1 X86.450 Y72.488 E2.13950
G1 X87.900 Y75.000 E2.27899
G1 X86.450 Y77.512 E2.41849
G1 X83.550 Y77.512 E2.55799
G1 X82.100 Y75.000 E2.69749
G1 X83.520 Y72.540 E2.83410
G1 X83.772 Y72.874 F7800.000
G1 F900.000
G1 X86.228 Y72.874 E2.95218
G1 X87.455 Y75.000 E3.07026
G1 X86.228 Y77.126 E3.18834
G1 X83.772 Y77.126 E3.30642
G1 X82.545 Y75.000 E3.42450
G1 X83.742 Y72.926 E3.53970
G1 X86.005 Y73.259 F7800.000
;TYPE:External perimeter
G1 F900.000
G1 X87.010 Y75.000 E3.63636
G1 X86.005 Y76.741 E3.73303
G1 X83.995 Y76.741 E3.82969
G1 X82.990 Y75.000 E3.92636
G1 X83.995 Y73.259 E4.02302
G1 X85.945 Y73.259 E4.11680
G1 X86.351 Y73.059 F7800.000
G1 E2.11680 F2400.000
G92 E0
G1 X163.550 Y72.488 F7800.000
G1 E2.00000 F2400.000
;TYPE:Perimeter
G1 F900.000
G1 X166.450 Y72.488 E2.13950
G1 X167.900 Y75.000 E2.27899
G1 X166.450 Y77.512 E2.41849
G1 X163.550 Y77.512 E2.55799
G1 X162.100 Y75.000 E2.69749
G1 X163.520 Y72.540 E2.83410
G1 X163.772 Y72.874 F7800.000
G1 F900.000
G1 X166.228 Y72.874 E2.95218
G1 X167.455 Y75.000 E3.07026
G1 X166.228 Y77.126 E3.18834
G1 X163.772 Y77.126 E3.30642
G1 X162.545 Y75.000 E3.42450
G1 X163.742 Y72.926 E3.53970
G1 X166.005 Y73.259 F7800.000
;TYPE:External perimeter
G1 F900.000
G1 X167.010 Y75.000 E3.63636
G1 X166.005 Y76.741 E3.73303
G1 X163.995 Y76.741 E3.82969
G1 X162.990 Y75.000 E3.92636
G1 X163.995 Y73.259 E4.02302
G1 X165.945 Y73.259 E4.11680
G1 X166.351 Y73.059 F7800.000
G1 E2.11680 F2400.000
G92 E0
G1 X163.550 Y107.488 F7800.000
G1 E2.00000 F2400.000
;TYPE:Perimeter
G1 F900.000
G1 X166.450 Y107.488 E2.13950
G1 X167.900 Y110.000 E2.27899
G1 X166.450 Y112.512 E2.41849
G1 X163.550 Y112.512 E2.55798
G1 X162.100 Y110.000 E2.69748
G1 X163.520 Y107.540 E2.83409
G1 X163.772 Y107.874 F7800.000
G1 F900.000
G1 X166.228 Y107.874 E2.95217
G1 X167.455 Y110.000 E3.07025
G1 X166.228 Y112.126 E3.18833
G1 X163.772 Y112.126 E3.30641
G1 X162.545 Y110.000 E3.42449
G1 X163.742 Y107.926 E3.53968
G1 E1.53968 F2400.000
G92 E0
G1 X166.005 Y111.740 F7800.000
G1 E2.00000 F2400.000
;TYPE:External perimeter
G1 F900.000
G1 X163.995 Y111.740 E2.09666
G1 X162.990 Y110.000 E2.19333
G1 X163.995 Y108.260 E2.28999
G1 X166.005 Y108.260 E2.38666
G1 X167.010 Y110.000 E2.48332
G1 X166.035 Y111.689 E2.57710
G1 X166.005 Y112.140 F7800.000
G1 E0.57710 F2400.000
G92 E0
G1 X80.996 Y70.996 F7800.000
G1 E2.00000 F2400.000
;TYPE:Perimeter
G1 F3600.000
G1 X92.163 Y70.996 E2.53706
G1 X91.333 Y72.050 E2.60156
G1 X91.009 Y72.675 E2.63543
G1 X90.819 Y73.358 E2.66955
G1 X90.758 Y74.093 E2.70498
G1 X90.819 Y74.822 E2.74016
G1 X91.011 Y75.504 E2.77425
G1 X91.335 Y76.128 E2.80806
G1 X92.024 Y77.004 E2.86170
G1 X95.753 Y77.004 E3.04102
G1 X96.444 Y76.125 E3.09482
G1 X96.695 Y75.638 E3.12118
G1 X96.801 Y75.986 E3.13868
G1 X97.254 Y76.529 E3.17271
G1 X97.868 Y76.855 E3.20613
G1 X98.536 Y76.950 E3.23857
G1 X99.239 Y76.855 E3.27271
G1 X99.699 Y76.602 E3.29797
G1 X99.885 Y76.770 E3.31001
G1 X100.807 Y76.962 E3.35534
G1 X101.721 Y76.765 E3.40031
G1 X101.904 Y76.595 E3.41230
G1 X102.393 Y76.855 E3.43896
G1 X103.061 Y76.950 E3.47140
G1 X103.765 Y76.855 E3.50554
G1 X104.403 Y76.504 E3.54058
G1 X104.921 Y76.876 E3.57128
G1 X106.575 Y76.876 E3.65084
G1 X106.575 Y74.307 E3.77440
G1 X106.903 Y74.307 E3.79018
G1 X106.903 Y76.876 E3.91374
G1 X109.052 Y76.876 E4.01711
G1 X109.617 Y76.747 E4.04498
G1 X109.617 Y76.876 E4.05121
G1 X112.022 Y76.876 E4.16689
G1 X112.684 Y76.794 E4.19895
G1 X113.176 Y76.546 E4.22545
G1 X113.893 Y76.866 E4.26326
G1 X114.610 Y76.945 E4.29791
G1 X115.265 Y76.888 E4.32955
G1 X115.891 Y76.664 E4.36151
G1 X116.097 Y76.475 E4.37500
G1 X116.567 Y76.791 E4.40225
G1 X117.498 Y76.949 E4.44763
G1 X118.186 Y76.876 E4.48093
G1 X118.806 Y76.634 E4.51294
G1 X119.327 Y76.199 E4.54558
G1 X120.236 Y74.680 E4.63072
G1 X119.493 Y74.433 E4.66840
G1 X120.231 Y74.072 E4.70794
G1 X119.304 Y72.681 E4.78832
G1 X118.790 Y72.260 E4.82032
G1 X118.181 Y72.010 E4.85196
G1 X117.535 Y71.933 E4.88326
G1 X116.884 Y72.007 E4.91477
G1 X116.276 Y72.248 E4.94621
G1 X116.138 Y72.359 E4.95470
G1 X115.376 Y72.019 E4.99485
G1 X114.559 Y71.928 E5.03438
G1 X114.214 Y72.004 E5.05139
G1 X109.617 Y72.004 E5.27248
G1 X109.617 Y72.064 E5.27538
G1 X109.122 Y72.004 E5.29937
G1 X101.188 Y72.004 E5.68095
G1 X100.792 Y71.915 E5.70049
G1 X100.394 Y72.004 E5.72009
G1 X96.533 Y72.004 E5.90578
G1 X96.434 Y72.038 E5.91083
G1 X95.614 Y70.996 E5.97460
G1 X169.004 Y70.996 E9.50438
G1 X169.004 Y114.004 E11.57290
G1 X80.996 Y114.004 E15.80576
G1 X80.996 Y71.056 E17.87139
G1 X80.611 Y70.611 F7800.000
G1 F3600.000
G1 X169.389 Y70.611 E22.14134
G1 X169.389 Y114.389 E24.24695
G1 X80.611 Y114.389 E28.51691
G1 X80.611 Y70.671 E30.61963
G1 X80.225 Y70.225 F7800.000
;TYPE:External perimeter
G1 F1800.000
G1 X169.775 Y70.225 E34.92668
G1 X169.775 Y114.775 E37.06938
G1 X80.225 Y114.775 E41.37643
G1 X80.225 Y70.285 E43.51625
G1 X80.620 Y70.286 F7800.000
G1 X84.358 Y72.199
;TYPE:Internal infill
G1 F4800.000
G1 X83.383 Y72.199 E43.56314
G1 X83.169 Y72.569 E43.58370
G1 X81.285 Y73.074 E43.67750
G1 X81.285 Y74.962 E43.76831
G1 X82.370 Y76.047 E43.84209
G1 X83.037 Y77.202 E43.90627
G1 E41.90627 F2400.000
G92 E0
G1 X88.383 Y71.285 F7800.000
G1 E2.00000 F2400.000
G1 F4800.000
G1 X90.697 Y71.285 E2.11128
G1 X91.184 Y71.772 E2.14438
G1 X91.089 Y71.892 E2.15175
G1 X90.738 Y72.569 E2.18838
G1 X90.533 Y73.307 E2.22526
G1 X90.481 Y73.937 E2.25566
G1 E0.25566 F2400.000
G92 E0
G1 X92.789 Y73.019 F7800.000
G1 E2.00000 F2400.000
;TYPE:Gap fill
;WIDTH:0.244275
G1 F1200.000
G1 X93.152 Y72.661 E2.01145
G1 X93.062 Y72.677 F7800.000
;WIDTH:0.181738
G1 F1200.000
G1 X92.896 Y72.929 E2.01586
;WIDTH:0.175347
G1 X92.746 Y73.230 E2.02052
;WIDTH:0.174574
G1 X92.660 Y73.456 E2.02384
;WIDTH:0.125534
G1 X92.579 Y74.086 E2.02869
;WIDTH:0.130754
G1 X92.578 Y74.088 E2.02870
;WIDTH:0.130729
G1 X92.657 Y74.711 E2.03390
;WIDTH:0.125126
G1 X92.748 Y74.949 E2.03583
G1 X92.897 Y75.246 E2.03835
G1 X93.062 Y75.497 E2.04063
G1 X93.151 Y75.514 F7800.000
;WIDTH:0.245003
G1 F1200.000
G1 X92.788 Y75.155 E2.05212
G1 X94.538 Y75.557 F7800.000
;WIDTH:0.144791
G1 F1200.000
G1 X94.668 Y75.514 E2.05349
;WIDTH:0.171201
G1 X94.798 Y75.471 E2.05532
G1 X94.390 Y74.088 F7800.000
;WIDTH:0.153092
G1 F1200.000
G1 X94.644 Y74.090 E2.05812
;WIDTH:0.187802
G1 X94.898 Y74.091 E2.06203
;WIDTH:0.222513
G1 X95.152 Y74.093 E2.06704
;WIDTH:0.222514
G1 X95.226 Y74.020 E2.06909
G1 X94.794 Y72.699 F7800.000
;WIDTH:0.166263
G1 F1200.000
G1 X94.552 Y72.620 E2.07232
G1 X95.438 Y71.084 F7800.000
;WIDTH:0.625535
G1 F1200.000
G1 X92.339 Y71.084 E2.28922
G1 E0.28922 F2400.000
G92 E0
G1 X116.135 Y75.766 F7800.000
G1 E2.00000 F2400.000
;WIDTH:0.158896
G1 F1200.000
G1 X116.051 Y75.694 E2.00130
;WIDTH:0.158895
G1 X116.022 Y75.718 E2.00175
;WIDTH:0.125491
G1 X115.995 Y75.754 E2.00209
G1 X114.954 Y75.070 F7800.000
;WIDTH:0.199304
G1 F1200.000
G1 X114.851 Y75.125 E2.00406
;WIDTH:0.206459
G1 X114.787 Y75.144 E2.00525
;WIDTH:0.20646
G1 X114.618 Y75.173 E2.00829
;WIDTH:0.180214
G1 X114.425 Y75.187 E2.01108
G1 X114.151 Y73.923 F7800.000
;WIDTH:0.278068
G1 F1200.000
G1 X114.421 Y73.801 E2.01896
G1 X114.625 Y73.766 E2.02449
G1 X114.979 Y73.741 E2.03395
G1 X114.056 Y72.606 F7800.000
;WIDTH:0.153039
G1 F1200.000
G1 X113.813 Y72.633 E2.03664
G1 E0.03664 F2400.000
G92 E0
G1 X103.855 Y73.729 F7800.000
G1 E2.00000 F2400.000
;WIDTH:0.201081
G1 F1200.000
G1 X104.009 Y74.158 E2.00777
;WIDTH:0.174561
G1 X104.012 Y74.164 E2.00787
;WIDTH:0.170666
G1 X104.147 Y74.304 E2.01045
G1 X104.120 Y73.980 F7800.000
;WIDTH:0.330195
G1 F1200.000
G1 X103.474 Y73.729 E2.03342
G1 X102.209 Y74.143 F7800.000
;WIDTH:0.331603
G1 F1200.000
G1 X102.470 Y74.743 E2.05523
G1 X102.204 Y74.506 F7800.000
;WIDTH:0.374045
G1 F1200.000
G1 X102.832 Y74.709 E2.08071
G1 X102.831 Y74.720 F7800.000
;WIDTH:0.127097
G1 F1200.000
G1 X103.149 Y75.208 E2.08527
G1 E0.08527 F2400.000
G92 E0
G1 X107.469 Y77.165 F7800.000
G1 E2.00000 F2400.000
;TYPE:Internal infill
;WIDTH:0.45
G1 F4800.000
G1 X105.156 Y77.165 E2.11128
G1 X97.234 Y106.729 E3.58336
G1 X97.717 Y106.810 E3.60690
G1 X97.913 Y106.944 E3.61834
G1 X97.978 Y106.715 E3.62980
G1 X98.769 Y106.715 E3.66787
G1 X168.715 Y87.973 E7.15068
G1 X168.715 Y85.659 E7.26196
G1 X168.715 Y95.077 F7800.000
G1 F4800.000
G1 X168.715 Y92.763 E7.37324
G1 X116.648 Y106.715 E9.96580
G1 X116.401 Y106.715 E9.97771
G1 X125.894 Y71.285 E11.74184
G1 X128.207 Y71.285 E11.85312
G1 X137.952 Y71.285 F7800.000
G1 F4800.000
G1 X140.266 Y71.285 E11.96440
G1 X130.773 Y106.715 E13.72853
G1 X132.670 Y106.715 E13.81981
G1 X103.181 Y77.225 E15.82563
G1 X103.060 Y77.242 E15.83150
G1 X102.303 Y77.134 E15.86830
G1 X102.164 Y77.061 E15.87585
G1 X81.285 Y82.655 E16.91546
G1 X81.285 Y81.506 E16.97072
G1 X106.494 Y106.715 E18.68535
G1 X106.819 Y106.715 E18.70101
G1 X114.721 Y77.226 E20.16936
G1 X115.327 Y77.173 E20.19863
G1 X115.983 Y76.939 E20.23212
G1 X152.759 Y113.715 E22.73357
G1 X152.850 Y113.715 E22.73798
G1 X162.762 Y76.725 E24.57981
G1 X161.997 Y75.401 E24.65336
G1 X81.285 Y97.027 E28.67225
G1 X81.285 Y99.341 E28.78353
G1 X81.285 Y89.923 F7800.000
G1 F4800.000
G1 X81.285 Y92.237 E28.89481
G1 X159.476 Y71.285 E32.78818
G1 X159.428 Y71.285 E32.79048
G1 X148.060 Y113.715 E34.90316
G1 X146.215 Y113.715 E34.99190
G1 X109.665 Y77.165 E37.47793
G1 X109.946 Y77.165 E37.49143
G1 X102.029 Y106.715 E38.96278
G1 X102.298 Y106.715 E38.97573
G1 X102.364 Y106.946 E38.98730
G1 X102.551 Y106.815 E38.99827
G1 X103.664 Y106.626 E39.05257
G1 X104.099 Y106.726 E39.07406
G1 E37.07406 F2400.000
G92 E0
G1 X103.965 Y108.849 F7800.000
G1 E2.00000 F2400.000
;TYPE:Gap fill
;WIDTH:0.27307
G1 F1200.000
G1 X103.646 Y108.831 E2.00832
;WIDTH:0.273069
G1 X103.342 Y108.860 E2.01628
G1 E0.01628 F2400.000
G92 E0
G1 X105.002 Y110.739 F7800.000
G1 E2.00000 F2400.000
;WIDTH:0.141471
G1 F1200.000
G1 X104.980 Y110.898 E2.00154
G1 X107.843 Y111.217 F7800.000
;WIDTH:0.406153
G1 F1200.000
G1 X107.796 Y110.596 E2.02811
;WIDTH:0.288375
G1 X107.749 Y109.947 E2.04629
;WIDTH:0.306527
G1 X107.765 Y109.628 E2.05593
G1 X107.544 Y108.841 F7800.000
;TYPE:Internal infill
;WIDTH:0.45
G1 F4800.000
G1 X107.460 Y109.092 E2.06865
G1 X107.452 Y109.176 E2.07271
G1 X107.233 Y109.198 E2.08329
G1 X107.233 Y107.454 E2.16721
G1 X107.868 Y108.089 E2.21040
G1 X108.213 Y107.584 E2.23980
G1 X108.889 Y107.051 E2.28120
G1 X109.672 Y106.743 E2.32169
G1 E0.32169 F2400.000
G92 E0
G1 X110.395 Y109.593 F7800.000
G1 E2.00000 F2400.000
;TYPE:Solid infill
;WIDTH:0.527124
G1 F1200.000
G1 X110.840 Y110.039 E2.03637
G1 E0.03637 F2400.000
G92 E0
G1 X116.907 Y110.194 F7800.000
G1 E2.00000 F2400.000
;TYPE:Gap fill
;WIDTH:0.571989
G1 F1200.000
G1 X116.894 Y109.855 E2.02154
;WIDTH:0.596763
G1 X116.881 Y109.667 E2.03403
G1 X116.881 Y107.582 E2.17245
G1 X119.899 Y107.582 F7800.000
G1 F1200.000
G1 X119.899 Y109.667 E2.31088
G1 X119.911 Y109.855 E2.32337
;WIDTH:0.571973
G1 X119.924 Y110.194 E2.34490
G1 E0.34490 F2400.000
G92 E0
G1 X122.644 Y108.860 F7800.000
G1 E2.00000 F2400.000
;WIDTH:0.273069
G1 F1200.000
G1 X122.949 Y108.831 E2.00796
;WIDTH:0.27307
G1 X123.268 Y108.849 E2.01628
G1 E0.01628 F2400.000
G92 E0
G1 X124.306 Y110.645 F7800.000
G1 E2.00000 F2400.000
;WIDTH:0.129062
G1 F1200.000
G1 X124.551 Y110.822 E2.00244
G1 X126.754 Y111.248 F7800.000
;WIDTH:0.165677
G1 F1200.000
G1 X126.542 Y111.314 E2.00525
G1 X126.076 Y110.045 F7800.000
;WIDTH:0.244051
G1 F1200.000
G1 X125.962 Y110.093 E2.00801
;WIDTH:0.253221
G1 X125.758 Y110.079 E2.01284
;WIDTH:0.262002
G1 X125.613 Y110.016 E2.01673
G1 X125.646 Y108.893 F7800.000
;WIDTH:0.249432
G1 F1200.000
G1 X125.939 Y108.857 E2.02355
G1 X126.087 Y108.914 E2.02720
G1 X127.011 Y107.934 F7800.000
;WIDTH:0.152495
G1 F1200.000
G1 X127.116 Y108.022 E2.02871
;WIDTH:0.186608
G1 X127.222 Y108.109 E2.03080
G1 X128.458 Y108.766 F7800.000
;WIDTH:0.13681
G1 F1200.000
G1 X128.445 Y108.978 E2.03271
G1 X128.443 Y109.726 F7800.000
;WIDTH:0.166456
G1 F1200.000
G1 X128.474 Y109.948 E2.03557
;WIDTH:0.214531
G1 X128.505 Y110.170 E2.03976
G1 X130.605 Y112.237 F7800.000
;TYPE:Internal infill
;WIDTH:0.45
G1 F4800.000
G1 X130.008 Y112.332 E2.06880
G1 X129.743 Y112.229 E2.08248
G1 X129.295 Y112.229 E2.10404
G1 X129.287 Y112.590 E2.12138
G1 X129.123 Y112.869 F7800.000
G1 F4800.000
G1 X128.897 Y113.715 E2.16346
G1 X131.211 Y113.715 E2.27474
G1 X134.661 Y111.277 F7800.000
G1 F4800.000
G1 X134.661 Y110.083 E2.33217
G1 X145.056 Y71.285 E4.26401
G1 X147.370 Y71.285 E4.37529
G1 X160.369 Y71.285 F7800.000
G1 F4800.000
G1 X162.683 Y71.285 E4.48657
G1 X163.597 Y72.199 E4.54871
G1 X163.974 Y72.199 E4.56688
G1 X164.219 Y71.285 E4.61237
G1 X168.715 Y71.285 E4.82858
G1 X168.715 Y72.387 E4.88158
G1 X168.084 Y74.740 E4.99872
G1 X167.599 Y73.900 E5.04539
G1 X168.715 Y73.601 E5.10094
G1 X168.715 Y75.914 E5.21222
G1 X166.963 Y107.798 F7800.000
G1 F4800.000
G1 X167.630 Y108.953 E5.27640
G1 X168.715 Y110.038 E5.35017
G1 X168.715 Y111.926 E5.44099
G1 X166.831 Y112.431 E5.53479
G1 X166.617 Y112.801 E5.55534
G1 X165.642 Y112.801 E5.60223
G1 E3.60223 F2400.000
G92 E0
G1 X99.949 Y106.715 F7800.000
G1 E2.00000 F2400.000
G1 F4800.000
G1 X81.285 Y88.051 E3.26951
G1 X81.285 Y87.446 E3.29858
G1 X141.597 Y71.285 E6.30170
G1 X143.051 Y71.285 E6.37160
G1 X168.715 Y96.949 E8.11724
G1 X168.715 Y97.554 E8.14632
G1 X133.774 Y106.916 E9.88613
G1 X133.774 Y107.818 E9.92949
G1 X139.670 Y113.715 E10.33057
G1 X138.478 Y113.715 E10.38791
G1 X149.847 Y71.285 E12.50059
G1 X149.595 Y71.285 E12.51273
G1 X168.715 Y90.405 E13.81324
G1 X168.715 Y90.266 E13.81992
G1 X164.177 Y107.199 E14.66306
G1 X163.383 Y107.199 E14.70128
G1 X162.623 Y108.515 E14.77434
G1 X161.788 Y109.962 F7800.000
G1 F4800.000
G1 X161.766 Y110.000 E14.77648
G1 X162.900 Y111.965 E14.88562
G1 X162.432 Y113.715 E14.97273
G1 X162.040 Y113.715 E14.99156
G1 X165.450 Y112.801 E15.16134
G1 X164.933 Y112.801 E15.18616
G1 X165.847 Y113.715 E15.24830
G1 X167.222 Y113.715 E15.31444
G1 X168.203 Y110.054 E15.49671
G1 X168.234 Y110.000 E15.49971
G1 X168.223 Y109.980 E15.50081
G1 X168.715 Y108.145 E15.59217
G1 X168.715 Y107.135 E15.64075
G1 X166.866 Y107.631 E15.73278
G1 X166.617 Y107.199 E15.75675
G1 X165.876 Y107.199 E15.79241
G1 X129.962 Y71.285 E18.23521
G1 X130.684 Y71.285 E18.26995
G1 X121.191 Y106.715 E20.03408
G1 X119.582 Y106.715 E20.11147
G1 X88.100 Y75.233 E22.25284
G1 X87.549 Y76.186 E22.30580
G1 X90.667 Y75.351 E22.46104
G1 X90.740 Y75.611 E22.47403
G1 X91.044 Y76.195 E22.50569
G1 X82.176 Y109.290 E24.15357
G1 X82.438 Y108.836 E24.17878
G1 X81.285 Y107.683 E24.25718
G1 X81.285 Y106.609 E24.30885
G1 X168.715 Y83.182 E28.66223
G1 X168.715 Y83.861 E28.69489
G1 X156.139 Y71.285 E29.55028
G1 X154.638 Y71.285 E29.62247
G1 X143.269 Y113.715 E31.73516
G1 X144.161 Y113.715 E31.77806
G1 X162.451 Y108.814 E32.68876
G1 X161.900 Y109.767 E32.74171
G1 X123.418 Y71.285 E35.35921
G1 X123.718 Y71.285 E35.37365
G1 X119.452 Y72.428 E35.58605
G1 X118.939 Y72.009 E35.61795
G1 X118.254 Y71.728 E35.65356
G1 X117.536 Y71.642 E35.68837
G1 X117.261 Y71.673 E35.70164
G1 X116.874 Y71.285 E35.72800
G1 X116.312 Y71.285 E35.75500
G1 X116.120 Y72.003 E35.79071
G1 X116.095 Y72.023 E35.79226
G1 X115.453 Y71.736 E35.82608
G1 X114.544 Y71.635 E35.87008
G1 X114.182 Y71.715 E35.88788
G1 X113.889 Y71.715 E35.90199
G1 X113.835 Y71.285 F7800.000
G1 F4800.000
G1 X111.522 Y71.285 E36.01328
G1 X111.407 Y71.715 E36.03464
G1 X110.759 Y71.715 E36.06581
G1 X110.330 Y71.285 E36.09500
G1 X108.016 Y71.285 E36.20628
G1 X108.930 Y71.715 F7800.000
G1 F4800.000
G1 X106.616 Y71.715 E36.31756
G1 X106.731 Y71.285 E36.33893
G1 X105.839 Y71.285 E36.38183
G1 X104.238 Y71.715 E36.46157
G1 X104.215 Y71.715 E36.46268
G1 X103.785 Y71.285 E36.49187
G1 X101.940 Y71.285 E36.58061
G1 X101.825 Y71.715 E36.60197
G1 X101.220 Y71.715 E36.63108
G1 X100.792 Y71.619 E36.65218
G1 X100.362 Y71.715 E36.67335
G1 X97.670 Y71.715 E36.80283
G1 X97.241 Y71.285 E36.83201
G1 X97.150 Y71.285 E36.83642
G1 X97.035 Y71.715 E36.85778
G1 X96.548 Y71.715 E36.88122
G1 X96.210 Y71.285 E36.90748
G1 X96.957 Y71.285 E36.94341
G1 X96.583 Y72.197 F7800.000
;TYPE:Gap fill
;WIDTH:0.167502
G1 F1200.000
G1 X96.682 Y72.715 E36.95021
G1 X96.759 Y73.279 E36.95751
G1 X96.800 Y73.532 F7800.000
;WIDTH:0.15703
G1 F1200.000
G1 X96.829 Y73.636 E36.95875
;WIDTH:0.195679
G1 X96.858 Y73.739 E36.96051
;WIDTH:0.234329
G1 X96.888 Y73.842 E36.96278
;WIDTH:0.272978
G1 X96.917 Y73.945 E36.96557
;WIDTH:0.27971
G1 X97.075 Y74.437 E36.97946
G1 X97.076 Y74.437 F7800.000
;WIDTH:0.356478
G1 F1200.000
G1 X96.794 Y73.534 E37.01394
G1 X96.705 Y75.074 F7800.000
;WIDTH:0.130956
G1 F1200.000
G1 X96.706 Y75.124 E37.01435
;WIDTH:0.130957
G1 X96.673 Y75.206 E37.01509
G1 X98.306 Y74.720 F7800.000
;WIDTH:0.126875
G1 F1200.000
G1 X98.623 Y75.208 E37.01962
G1 E35.01962 F2400.000
G92 E0
G1 X98.153 Y77.188 F7800.000
G1 E2.00000 F2400.000
;TYPE:Internal infill
;WIDTH:0.45
G1 F4800.000
G1 X98.535 Y77.242 E2.01853
G1 X99.331 Y77.134 E2.05719
G1 X99.658 Y76.954 E2.07510
G1 X99.749 Y77.037 E2.08100
G1 X100.365 Y77.166 E2.11128
G1 X92.447 Y106.715 E3.58262
G1 X90.672 Y106.715 E3.66803
G1 X90.672 Y107.253 E3.69390
G1 X94.389 Y108.036 F7800.000
G1 F4800.000
G1 X94.252 Y108.305 E3.70842
G1 X93.761 Y108.233 E3.73229
G1 X93.761 Y108.056 E3.74080
G1 X94.477 Y107.865 E3.77643
G1 X94.503 Y107.813 E3.77923
G1 X93.761 Y107.071 E3.82970
G1 X93.761 Y106.715 E3.84683
G1 X93.405 Y106.715 E3.86396
G1 X81.285 Y94.595 E4.68834
G1 X81.285 Y94.734 E4.69502
G1 X85.823 Y77.801 E5.53816
G1 X86.617 Y77.801 E5.57638
G1 X87.377 Y76.485 E5.64944
G1 X88.212 Y75.038 F7800.000
G1 F4800.000
G1 X88.234 Y75.000 E5.65158
G1 X87.100 Y73.035 E5.76072
G1 X87.568 Y71.285 E5.84782
G1 X87.960 Y71.285 E5.86666
G1 X84.551 Y72.199 E6.03643
G1 X85.066 Y72.199 E6.06124
G1 X84.153 Y71.285 E6.12338
G1 X82.778 Y71.285 E6.18952
G1 X81.797 Y74.946 E6.37179
G1 X81.766 Y75.000 E6.37479
G1 X81.777 Y75.020 E6.37589
G1 X81.285 Y76.855 E6.46725
G1 X81.285 Y77.865 E6.51583
G1 X83.134 Y77.369 E6.60786
G1 X83.383 Y77.801 E6.63183
G1 X84.124 Y77.801 E6.66749
G1 X113.086 Y106.763 E8.63744
G1 X112.761 Y106.820 E8.65333
G1 X112.296 Y107.157 E8.68093
G1 X112.203 Y107.079 E8.68679
G1 X111.581 Y106.821 E8.71915
G1 X119.886 Y75.829 E10.26233
G1 X120.360 Y75.036 E10.30679
G1 X118.789 Y71.285 F7800.000
G1 F4800.000
G1 X121.103 Y71.285 E10.41807
G1 X120.420 Y73.834 E10.54499
G1 X120.655 Y74.187 E10.56535
G1 X120.272 Y74.387 E10.58614
G1 X120.669 Y74.519 E10.60627
G1 X120.459 Y74.871 E10.62596
G1 X159.303 Y113.715 E13.26808
G1 X157.641 Y113.715 E13.34801
G1 X167.824 Y75.711 E15.24036
G1 X167.562 Y76.164 E15.26557
G1 X168.715 Y77.317 E15.34396
G1 X168.715 Y78.391 E15.39564
G1 X81.285 Y101.818 E19.74902
G1 X81.285 Y101.139 E19.78168
G1 X90.672 Y110.525 E20.42011
G1 X90.672 Y108.884 E20.49902
G1 X88.003 Y109.599 E20.63189
G1 X87.238 Y108.275 E20.70544
G1 X95.540 Y77.293 E22.24812
G1 X95.893 Y77.293 E22.26511
G1 X96.251 Y76.839 E22.29292
G1 X126.078 Y106.666 E24.32172
G1 X125.998 Y106.654 E24.32559
G1 X135.475 Y71.285 E26.08671
G1 X136.506 Y71.285 E26.13631
G1 X168.715 Y103.494 E28.32707
G1 X168.715 Y102.345 E28.38233
G1 X134.661 Y111.469 E30.07798
G1 X134.661 Y112.103 E30.10846
G1 X134.099 Y112.180 E30.13573
G1 X133.688 Y113.715 E30.21216
G1 X133.126 Y113.715 E30.23916
G1 X131.641 Y112.229 E30.34017
G1 X131.824 Y112.229 E30.34899
G1 X126.282 Y113.715 E30.62496
G1 X126.582 Y113.715 E30.63940
G1 X125.028 Y112.160 E30.74511
G1 X124.809 Y112.120 E30.75582
G1 X124.579 Y111.950 E30.76958
G1 X124.106 Y113.715 E30.85746
G1 X121.793 Y113.715 E30.96874
G1 X121.844 Y112.127 F7800.000
G1 F4800.000
G1 X121.494 Y111.879 E30.98936
G1 X121.015 Y112.181 E31.01661
G1 X120.166 Y112.304 E31.05787
G1 X119.709 Y112.248 E31.08001
G1 X119.316 Y113.715 E31.15303
G1 X120.038 Y113.715 E31.18777
G1 X118.553 Y112.229 E31.28879
G1 X117.660 Y112.229 E31.33171
G1 X117.148 Y112.304 E31.35660
G1 X116.537 Y112.229 E31.38620
G1 X114.923 Y112.229 E31.46384
G1 X114.525 Y113.715 E31.53779
G1 X113.494 Y113.715 E31.58739
G1 X112.411 Y112.632 E31.66103
G1 X112.395 Y112.645 E31.66200
G1 X113.654 Y112.308 E31.72465
G1 X113.006 Y112.057 E31.75807
G1 X112.895 Y112.238 E31.76831
G1 X112.561 Y112.510 E31.78904
G1 X112.048 Y113.715 F7800.000
G1 F4800.000
G1 X109.734 Y113.715 E31.90032
G1 X109.899 Y113.101 E31.93088
G1 X110.388 Y113.183 E31.95472
G1 X108.403 Y113.715 E32.05355
G1 X106.949 Y113.715 E32.12345
G1 X105.464 Y112.229 E32.22447
G1 X105.341 Y112.229 E32.23038
G1 X104.944 Y113.715 E32.30432
G1 X102.630 Y113.715 E32.41561
G1 X102.865 Y112.229 F7800.000
G1 F4800.000
G1 X100.551 Y112.229 E32.52689
G1 X100.153 Y113.715 E32.60084
G1 X100.405 Y113.715 E32.61298
G1 X98.920 Y112.229 E32.71399
G1 X97.175 Y112.229 E32.79795
G1 X96.614 Y112.319 E32.82527
G1 X93.465 Y113.125 F7800.000
G1 F4800.000
G1 X93.653 Y113.125 E32.83434
G1 X94.538 Y113.009 E32.87724
G1 X95.429 Y112.537 E32.92574
G1 X95.553 Y112.367 E32.93585
G1 X96.185 Y112.198 E32.96731
G1 X95.808 Y112.052 E32.98675
G1 X95.362 Y113.715 E33.06955
G1 X93.861 Y113.715 E33.14175
G1 X93.272 Y113.125 E33.18182
G1 X92.722 Y113.125 E33.20826
G1 X90.524 Y113.715 E33.31773
G1 X90.572 Y113.715 E33.32003
G1 X90.729 Y113.125 E33.34936
G1 X90.672 Y113.125 E33.35214
G1 X90.672 Y110.870 E33.46064
G1 X89.631 Y113.715 F7800.000
G1 F4800.000
G1 X87.317 Y113.715 E33.57192
G1 X86.403 Y112.801 E33.63407
G1 X86.026 Y112.801 E33.65223
G1 X85.781 Y113.715 E33.69772
G1 X81.285 Y113.715 E33.91394
G1 X81.285 Y112.613 E33.96693
G1 X81.916 Y110.260 E34.08408
G1 X82.401 Y111.100 E34.13074
G1 X81.285 Y111.399 E34.18629
G1 X81.285 Y109.086 E34.29757
G1 E32.29757 F2400.000
G92 E0
G1 X130.066 Y108.908 F7800.000
G1 E2.00000 F2400.000
;TYPE:Perimeter
G1 F900.000
G1 X130.239 Y108.941 E2.00850
G1 X130.297 Y109.089 E2.01617
G1 X130.332 Y109.476 E2.03486
G1 X130.298 Y109.869 E2.05383
G1 X130.246 Y110.007 E2.06090
G1 X130.157 Y110.024 E2.06530
G1 X130.050 Y110.004 E2.07053
G1 X129.992 Y109.856 E2.07819
G1 X129.957 Y109.475 E2.09656
G1 X129.991 Y109.101 E2.11462
G1 X130.044 Y108.964 E2.12171
G1 X129.881 Y108.580 F7800.000
;TYPE:External perimeter
G1 F900.000
G1 X130.129 Y108.527 E2.13390
G1 X130.404 Y108.579 E2.14735
G1 X130.566 Y108.718 E2.15762
G1 X130.676 Y109.001 E2.17222
G1 X130.719 Y109.475 E2.19515
G1 X130.678 Y109.955 E2.21830
G1 X130.573 Y110.234 E2.23264
G1 X130.420 Y110.367 E2.24238
G1 X130.157 Y110.417 E2.25527
G1 X129.887 Y110.365 E2.26850
G1 X129.723 Y110.227 E2.27879
G1 X129.613 Y109.946 E2.29332
G1 X129.570 Y109.475 E2.31605
G1 X129.612 Y109.013 E2.33839
G1 X129.724 Y108.724 E2.35329
G1 X129.837 Y108.621 E2.36065
G1 X130.095 Y108.717 F7800.000
G1 E0.36065 F2400.000
G92 E0
G1 X122.348 Y109.953 F7800.000
G1 E2.00000 F2400.000
G1 F900.000
G1 X123.469 Y109.953 E2.05394
G1 X123.293 Y110.271 E2.07142
G1 X123.139 Y110.378 E2.08042
G1 X122.905 Y110.417 E2.09186
G1 X122.676 Y110.374 E2.10306
G1 X122.511 Y110.250 E2.11297
G1 X122.377 Y110.006 E2.12639
G1 X122.730 Y110.072 F7800.000
G1 X122.770 Y110.170
;TYPE:Gap fill
;WIDTH:0.139414
G1 F1200.000
G1 X122.907 Y110.183 E2.12768
;WIDTH:0.139415
G1 X123.059 Y110.171 E2.12911
G1 E0.12911 F2400.000
G92 E0
G1 X113.775 Y108.908 F7800.000
G1 E2.00000 F2400.000
;TYPE:Perimeter
;WIDTH:0.45
G1 F900.000
G1 X113.948 Y108.941 E2.00850
G1 X114.006 Y109.089 E2.01616
G1 X114.041 Y109.476 E2.03486
G1 X114.007 Y109.869 E2.05382
G1 X113.955 Y110.007 E2.06090
G1 X113.866 Y110.024 E2.06530
G1 X113.759 Y110.004 E2.07053
G1 X113.701 Y109.856 E2.07819
G1 X113.666 Y109.475 E2.09656
G1 X113.700 Y109.101 E2.11462
G1 X113.753 Y108.964 E2.12171
G1 X113.590 Y108.580 F7800.000
;TYPE:External perimeter
G1 F900.000
G1 X113.838 Y108.527 E2.13390
G1 X114.113 Y108.579 E2.14734
G1 X114.276 Y108.718 E2.15762
G1 X114.385 Y109.001 E2.17222
G1 X114.428 Y109.475 E2.19515
G1 X114.387 Y109.955 E2.21830
G1 X114.282 Y110.234 E2.23264
G1 X114.129 Y110.367 E2.24238
G1 X113.866 Y110.417 E2.25527
G1 X113.596 Y110.365 E2.26850
G1 X113.432 Y110.227 E2.27879
G1 X113.322 Y109.946 E2.29332
G1 X113.279 Y109.475 E2.31605
G1 X113.321 Y109.013 E2.33838
G1 X113.433 Y108.724 E2.35329
G1 X113.546 Y108.621 E2.36065
G1 X113.804 Y108.717 F7800.000
G1 E0.36065 F2400.000
G92 E0
G1 X103.045 Y109.953 F7800.000
G1 E2.00000 F2400.000
G1 F900.000
G1 X104.166 Y109.953 E2.05393
G1 X103.990 Y110.271 E2.07142
G1 X103.837 Y110.378 E2.08041
G1 X103.602 Y110.417 E2.09185
G1 X103.373 Y110.374 E2.10306
G1 X103.208 Y110.250 E2.11296
G1 X103.074 Y110.006 E2.12638
G1 X103.427 Y110.072 F7800.000
G1 X103.467 Y110.170
;TYPE:Gap fill
;WIDTH:0.139416
G1 F1200.000
G1 X103.605 Y110.183 E2.12768
;WIDTH:0.139415
G1 X103.756 Y110.171 E2.12910
G1 E0.12910 F2400.000
G92 E0
G1 X96.589 Y108.908 F7800.000
G1 E2.00000 F2400.000
;TYPE:Perimeter
;WIDTH:0.45
G1 F900.000
G1 X96.763 Y108.941 E2.00850
G1 X96.820 Y109.089 E2.01617
G1 X96.855 Y109.476 E2.03486
G1 X96.822 Y109.869 E2.05382
G1 X96.770 Y110.007 E2.06090
G1 X96.680 Y110.024 E2.06530
G1 X96.573 Y110.004 E2.07053
G1 X96.515 Y109.856 E2.07819
G1 X96.480 Y109.475 E2.09656
G1 X96.515 Y109.101 E2.11462
G1 X96.568 Y108.964 E2.12171
G1 X96.404 Y108.580 F7800.000
;TYPE:External perimeter
G1 F900.000
G1 X96.652 Y108.527 E2.13390
G1 X96.927 Y108.579 E2.14735
G1 X97.090 Y108.718 E2.15762
G1 X97.200 Y109.001 E2.17223
G1 X97.242 Y109.475 E2.19515
G1 X97.201 Y109.955 E2.21830
G1 X97.097 Y110.234 E2.23265
G1 X96.943 Y110.367 E2.24238
G1 X96.680 Y110.417 E2.25527
G1 X96.410 Y110.365 E2.26850
G1 X96.247 Y110.227 E2.27879
G1 X96.136 Y109.946 E2.29333
G1 X96.093 Y109.475 E2.31606
G1 X96.136 Y109.013 E2.33839
G1 X96.247 Y108.724 E2.35329
G1 X96.360 Y108.621 E2.36065
G1 X96.618 Y108.717 F7800.000
G1 E0.36065 F2400.000
G92 E0
G1 X93.087 Y110.531 F7800.000
G1 E2.00000 F2400.000
;TYPE:Perimeter
G1 F900.000
G1 X93.440 Y110.531 E2.01701
G1 X93.623 Y110.584 E2.02615
G1 X93.621 Y110.759 E2.03455
G1 X93.423 Y110.813 E2.04442
G1 X93.087 Y110.813 E2.06062
G1 X93.087 Y110.591 E2.07133
G1 X92.701 Y110.146 F7800.000
;TYPE:External perimeter
G1 F900.000
G1 X93.496 Y110.145 E2.10955
G1 X94.010 Y110.296 E2.13532
G1 X94.156 Y110.683 E2.15525
G1 X94.008 Y111.052 E2.17437
G1 X93.476 Y111.199 E2.20093
G1 X92.701 Y111.199 E2.23818
G1 X92.701 Y110.206 E2.28594
G1 X93.082 Y110.269 F7800.000
G1 X93.839 Y110.451
;TYPE:Gap fill
;WIDTH:0.15641
G1 F1200.000
G1 X93.859 Y110.566 E2.28728
;WIDTH:0.159022
G1 X93.880 Y110.681 E2.28866
G1 X93.836 Y110.900 E2.29130
G1 E0.29130 F2400.000
G92 E0
G1 X100.522 Y73.637 F7800.000
G1 E2.00000 F2400.000
;TYPE:External perimeter
;WIDTH:0.45
G1 F900.000
G1 X100.637 Y73.508 E2.00831
G1 X100.795 Y73.468 E2.01616
G1 X100.950 Y73.509 E2.02389
G1 X101.066 Y73.642 E2.03239
G1 X101.158 Y73.947 E2.04772
G1 X101.193 Y74.441 E2.07151
G1 X101.160 Y74.949 E2.09603
G1 X101.073 Y75.250 E2.11108
G1 X100.964 Y75.374 E2.11906
G1 X100.802 Y75.415 E2.12705
G1 X100.633 Y75.374 E2.13545
G1 X100.519 Y75.251 E2.14349
G1 X100.431 Y74.953 E2.15842
G1 X100.397 Y74.440 E2.18315
G1 X100.432 Y73.939 E2.20731
G1 X100.505 Y73.695 E2.21958
G1 X100.695 Y73.640 F7800.000
G1 X100.757 Y73.677
;TYPE:Gap fill
;WIDTH:0.413445
G1 F1200.000
G1 X100.795 Y74.014 E2.23437
;WIDTH:0.414516
G1 X100.795 Y74.886 E2.27244
G1 X100.761 Y75.207 E2.28653
G1 E0.28653 F2400.000
G92 E0
G1 X108.513 Y73.538 F7800.000
G1 E2.00000 F2400.000
;TYPE:External perimeter
;WIDTH:0.45
G1 F900.000
G1 X109.083 Y73.542 E2.02742
G1 X109.286 Y73.564 E2.03725
G1 X109.410 Y73.623 E2.04388
G1 X109.468 Y73.703 E2.04861
G1 X109.488 Y73.816 E2.05411
G1 X109.385 Y74.039 E2.06595
G1 X108.984 Y74.136 E2.08580
G1 X108.513 Y74.136 E2.10846
G1 X108.513 Y73.598 E2.13435
G1 X108.894 Y73.658 F7800.000
G1 X109.277 Y73.773
;TYPE:Gap fill
;WIDTH:0.198321
G1 F1200.000
G1 X109.202 Y73.816 E2.13580
G1 X108.705 Y73.838 E2.14410
G1 X108.513 Y74.891 F7800.000
;TYPE:External perimeter
;WIDTH:0.45
G1 F900.000
G1 X108.975 Y74.894 E2.16633
G1 X109.151 Y74.913 E2.17487
G1 X109.260 Y74.962 E2.18062
G1 X109.308 Y75.023 E2.18433
G1 X109.329 Y75.137 E2.18990
G1 X109.309 Y75.232 E2.19456
G1 X109.267 Y75.278 E2.19757
G1 X109.153 Y75.323 E2.20349
G1 X108.929 Y75.344 E2.21430
G1 X108.513 Y75.344 E2.23433
G1 X108.513 Y74.951 E2.25324
G1 X108.897 Y75.002 F7800.000
G1 X108.705 Y75.118
;TYPE:Gap fill
;WIDTH:0.130439
G1 F1200.000
G1 X108.918 Y75.119 E2.25500
;WIDTH:0.129121
G1 X108.962 Y75.117 E2.25535
;WIDTH:0.124698
G1 X109.021 Y75.117 E2.25579
G1 E0.25579 F2400.000
G92 E0
G1 X111.226 Y74.762 F7800.000
G1 E2.00000 F2400.000
;TYPE:External perimeter
;WIDTH:0.45
G1 F900.000
G1 X111.971 Y74.767 E2.03583
G1 X112.142 Y74.789 E2.04411
G1 X112.263 Y74.852 E2.05068
G1 X112.327 Y74.937 E2.05579
G1 X112.351 Y75.067 E2.06214
G1 X112.328 Y75.185 E2.06795
G1 X112.268 Y75.259 E2.07250
G1 X112.142 Y75.318 E2.07920
G1 X111.910 Y75.344 E2.09045
G1 X111.226 Y75.344 E2.12332
G1 X111.226 Y74.822 E2.14840
G1 X111.615 Y74.857 F7800.000
G1 X111.419 Y75.054
;TYPE:Gap fill
;WIDTH:0.223298
G1 F1200.000
G1 X112.068 Y75.055 E2.16127
;WIDTH:0.218093
G1 X112.080 Y75.055 E2.16149
;LAYER_CHANGE
;Z:4.82
;HEIGHT:0.3
G1 Z4.820 F7800.000
G1 E0.16149 F2400.000
G92 E0
G1 X126.352 Y109.133 F7800.000
G1 E2.00000 F2400.000
;TYPE:External perimeter
;WIDTH:0.45
G1 F900.000
G1 X127.287 Y109.070 E2.04507
G1 X127.287 Y109.945 E2.08714
G1 X126.332 Y109.875 E2.13317
G1 X126.223 Y110.217 E2.15047
G1 X126.150 Y110.312 E2.15621
G1 X126.040 Y110.373 E2.16228
G1 X125.866 Y110.397 E2.17072
G1 X125.626 Y110.350 E2.18248
G1 X125.488 Y110.231 E2.19127
G1 X125.388 Y109.965 E2.20496
G1 X125.349 Y109.487 E2.22801
G1 X125.391 Y109.021 E2.25051
G1 X125.499 Y108.737 E2.26515
G1 X125.647 Y108.600 E2.27484
G1 X125.873 Y108.551 E2.28595
G1 X126.033 Y108.574 E2.29371
G1 X126.153 Y108.639 E2.30031
G1 X126.239 Y108.747 E2.30693
G1 X126.335 Y109.075 E2.32336
G1 X126.420 Y109.527 F7800.000
G1 E0.32336 F2400.000
G92 E0
G1 X123.951 Y108.929 F7800.000
G1 E2.00000 F2400.000
G1 F900.000
G1 X124.471 Y108.779 E2.02599
G1 X124.428 Y109.128 E2.04290
G1 X123.980 Y109.128 E2.06446
G1 X123.960 Y108.988 E2.07124
G1 X124.351 Y108.907 F7800.000
G1 X122.379 Y108.970
G1 F900.000
G1 X122.497 Y108.720 E2.08456
G1 X122.671 Y108.582 E2.09523
G1 X122.937 Y108.530 E2.10826
G1 X123.156 Y108.555 E2.11885
G1 X123.313 Y108.625 E2.12711
G1 X123.419 Y108.723 E2.13406
G1 X123.636 Y109.128 E2.15617
G1 X122.360 Y109.128 E2.21753
G1 X122.372 Y109.030 E2.22230
G1 X122.589 Y108.789 F7800.000
G1 E0.22230 F2400.000
G92 E0
G1 X126.860 Y110.601 F7800.000
G1 E2.00000 F2400.000
;WIDTH:0.41367
G1 F1800.000
G1 X127.115 Y110.333 E2.01613
;WIDTH:0.429457
G1 X127.317 Y110.368 E2.02549
G1 X127.329 Y110.405 E2.02729
G1 X127.296 Y110.451 E2.02986
;WIDTH:0.290929
G1 X127.196 Y110.588 E2.03464
G1 E0.03464 F2400.000
G92 E0
G1 X128.244 Y108.543 F7800.000
G1 E2.00000 F2400.000
;WIDTH:0.45
G1 F900.000
G1 X128.762 Y108.613 E2.02517
G1 X128.694 Y108.748 E2.03247
G1 X128.601 Y109.493 E2.06857
G1 X128.850 Y110.363 E2.11211
G1 X128.227 Y110.363 E2.14209
G1 X128.238 Y108.603 E2.22677
G1 X128.594 Y108.737 F7800.000
G1 E0.22677 F2400.000
G92 E0
G1 X118.392 Y108.000 F7800.000
G1 E2.00000 F2400.000
;WIDTH:0.732881
G1 F1800.000
G1 X118.392 Y109.756 E2.14644
G1 E0.14644 F2400.000
G92 E0
G1 X105.450 Y109.512 F7800.000
G1 E2.00000 F2400.000
;WIDTH:0.362745
G1 F1800.000
G1 X105.021 Y109.483 E2.01600
;WIDTH:0.324791
G1 X105.006 Y109.463 E2.01683
;WIDTH:0.284046
G1 X104.990 Y109.442 E2.01753
;WIDTH:0.2433
G1 X104.913 Y109.353 E2.02017
G1 X103.368 Y108.582 F7800.000
;WIDTH:0.45
G1 F900.000
G1 X103.634 Y108.530 E2.03321
G1 X103.853 Y108.555 E2.04380
G1 X104.010 Y108.625 E2.05205
G1 X104.116 Y108.723 E2.05900
G1 X104.334 Y109.128 E2.08111
G1 X103.058 Y109.128 E2.14248
G1 X103.076 Y108.970 E2.15013
G1 X103.195 Y108.720 E2.16345
G1 X103.321 Y108.619 E2.17124
G1 X103.590 Y108.737 F7800.000
G1 X102.017 Y109.439
;WIDTH:0.488011
G1 F1800.000
G1 X102.190 Y110.239 E2.21451
;WIDTH:0.534185
G1 X102.363 Y110.664 E2.24134
G1 E0.24134 F2400.000
G92 E0
G1 X99.234 Y108.625 F7800.000
G1 E2.00000 F2400.000
;WIDTH:0.32952
G1 F1800.000
G1 X99.245 Y109.479 E2.02824
G1 X98.525 Y109.527 F7800.000
;WIDTH:0.374014
G1 F1800.000
G1 X97.820 Y110.503 E2.07474
G1 E0.07474 F2400.000
G92 E0
G1 X98.415 Y73.536 F7800.000
G1 E2.00000 F2400.000
;WIDTH:0.45
G1 F900.000
G1 X99.723 Y73.536 E2.06292
G1 X99.643 Y73.739 E2.07342
G1 X99.557 Y74.649 E2.11739
G1 X99.301 Y74.327 E2.13717
G1 X99.067 Y74.099 E2.15287
G1 X98.460 Y73.575 E2.19144
G1 X98.803 Y73.632 F7800.000
G1 E0.19144 F2400.000
G92 E0
G1 X101.953 Y73.788 F7800.000
G1 E2.00000 F2400.000
G1 F900.000
G1 X102.121 Y73.727 E2.00860
G1 X102.355 Y74.015 E2.02648
G1 X102.693 Y74.331 E2.04870
G1 X103.005 Y74.589 E2.06820
G1 X103.238 Y74.824 E2.08413
G1 X103.346 Y75.025 E2.09508
G1 X103.359 Y75.131 E2.10025
G1 X103.337 Y75.267 E2.10688
G1 X103.288 Y75.344 E2.11128
G1 X103.205 Y75.394 E2.11590
G1 X103.064 Y75.415 E2.12277
G1 X102.924 Y75.395 E2.12958
G1 X102.827 Y75.341 E2.13491
G1 X102.763 Y75.260 E2.13989
G1 X102.667 Y74.918 E2.15693
G1 X101.966 Y74.984 E2.19078
G1 X102.017 Y74.439 E2.21709
G1 X101.959 Y73.848 E2.24566
G1 X102.125 Y73.839 F7800.000
G1 X102.940 Y73.536
G1 F900.000
G1 X104.986 Y73.536 E2.34405
G1 X104.986 Y75.082 E2.41840
G1 X104.340 Y74.599 E2.45719
G1 X104.340 Y74.846 E2.46908
G1 X104.146 Y74.878 E2.47851
G1 X104.092 Y74.719 E2.48657
G1 X103.979 Y74.519 E2.49766
G1 X103.827 Y74.327 E2.50943
G1 X103.593 Y74.099 E2.52514
G1 X102.986 Y73.575 E2.56371
G1 X103.329 Y73.632 F7800.000
G1 E0.56371 F2400.000
G92 E0
G1 X112.628 Y74.134 F7800.000
G1 E2.00000 F2400.000
G1 F900.000
G1 X112.851 Y73.784 E2.01996
G1 X113.907 Y73.995 E2.07176
G1 X114.063 Y73.652 E2.08988
G1 X114.169 Y73.557 E2.09675
G1 X114.351 Y73.491 E2.10604
G1 X114.626 Y73.465 E2.11934
G1 X114.906 Y73.493 E2.13284
G1 X115.076 Y73.562 E2.14169
G1 X115.154 Y73.645 E2.14718
G1 X115.183 Y73.775 E2.15357
G1 X115.158 Y73.868 E2.15819
G1 X115.068 Y73.940 E2.16377
G1 X114.826 Y74.025 E2.17611
G1 X114.172 Y74.187 E2.20848
G1 X113.930 Y74.272 E2.22081
G1 X113.743 Y74.369 E2.23094
G1 X113.589 Y74.484 E2.24021
G1 X113.468 Y74.623 E2.24905
G1 X113.379 Y74.783 E2.25787
G1 X113.350 Y74.882 E2.26282
G1 X113.166 Y74.870 E2.27170
G1 X113.140 Y74.707 E2.27965
G1 X112.957 Y74.394 E2.29706
G1 X112.675 Y74.171 E2.31437
G1 X112.998 Y73.982 F7800.000
G1 X114.149 Y75.111
G1 F900.000
G1 X114.278 Y75.015 E2.32211
G1 X114.445 Y74.958 E2.33060
G1 X115.168 Y74.777 E2.36645
G1 X115.438 Y74.675 E2.38032
G1 X115.692 Y74.523 E2.39454
G1 X115.886 Y74.301 E2.40873
G1 X116.005 Y75.106 E2.44787
G1 X115.215 Y74.968 E2.48644
G1 X115.070 Y75.278 E2.50292
G1 X114.988 Y75.352 E2.50823
G1 X114.846 Y75.404 E2.51551
G1 X114.617 Y75.425 E2.52653
G1 X114.368 Y75.401 E2.53858
G1 X114.223 Y75.343 E2.54608
G1 X114.164 Y75.279 E2.55030
G1 X114.141 Y75.171 E2.55561
G1 X114.310 Y75.110 F7800.000
G1 E0.55561 F2400.000
G92 E0
G1 X125.982 Y109.241 F7800.000
G1 E2.00000 F2400.000
;TYPE:Perimeter
G1 F900.000
G1 X126.053 Y109.482 E2.01211
G1 X125.949 Y109.807 E2.02848
G1 X125.760 Y109.786 E2.03763
G1 X125.736 Y109.488 E2.05198
G1 X125.764 Y109.169 E2.06740
G1 X125.955 Y109.150 E2.07661
G1 X125.965 Y109.183 E2.07828
G1 E0.07828 F2400.000
G92 E0
G1 X112.149 Y110.330 F7800.000
G1 E2.00000 F2400.000
G1 F900.000
G1 X111.398 Y110.086 E2.03794
G1 X111.028 Y110.694 E2.07219
G1 X110.927 Y110.776 E2.07845
G1 X110.768 Y110.840 E2.08667
G1 X110.561 Y110.863 E2.09672
G1 X110.221 Y110.801 E2.11332
G1 X110.021 Y110.655 E2.12524
G1 X109.875 Y110.385 E2.14000
G1 X109.813 Y109.939 E2.16167
G1 X109.877 Y109.493 E2.18331
G1 X110.036 Y109.205 E2.19914
G1 X110.251 Y109.044 E2.21207
G1 X110.536 Y108.990 E2.22599
G1 X110.923 Y109.098 E2.24534
G1 X111.617 Y109.911 E2.29674
G1 X111.977 Y109.732 E2.31610
G1 X112.132 Y110.272 E2.34315
G1 E0.34315 F2400.000
G92 E0
G1 X117.279 Y73.990 F7800.000
G1 E2.00000 F2400.000
G1 F900.000
G1 X117.385 Y73.909 E2.00639
G1 X117.526 Y73.882 E2.01331
G1 X117.737 Y73.939 E2.02383
G1 X118.108 Y74.365 E2.05099
G1 X117.773 Y74.934 E2.08275
G1 X117.734 Y74.967 E2.08519
G1 X117.660 Y74.997 E2.08904
G1 X117.554 Y75.010 E2.09418
G1 X117.361 Y74.974 E2.10362
G1 X117.268 Y74.905 E2.10919
G1 X117.186 Y74.751 E2.11760
G1 X117.146 Y74.454 E2.13200
G1 X117.188 Y74.159 E2.14634
G1 X117.251 Y74.042 E2.15269
G1 E0.15269 F2400.000
G92 E0
G1 X104.319 Y73.994 F7800.000
G1 E2.00000 F2400.000
G1 F900.000
G1 X104.343 Y73.922 E2.00368
G1 X104.600 Y73.922 E2.01608
G1 X104.600 Y74.312 E2.03485
G1 X104.290 Y74.080 E2.05349
G1 X104.300 Y74.051 E2.05495
G1 E0.05495 F2400.000
G92 E0
G1 X93.442 Y72.413 F7800.000
G1 E2.00000 F2400.000
G1 F900.000
G1 X93.888 Y71.828 E2.03535
G1 X94.297 Y72.365 E2.06784
G1 X93.968 Y72.317 E2.08385
G1 X93.501 Y72.402 E2.10665
G1 E0.10665 F2400.000
G92 E0
G1 X93.442 Y75.763 F7800.000
G1 E2.00000 F2400.000
G1 F900.000
G1 X93.963 Y75.859 E2.02548
G1 X94.298 Y75.810 E2.04175
G1 X93.888 Y76.348 E2.07429
G1 X93.479 Y75.811 E2.10679
G1 E0.10679 F2400.000
G92 E0
G1 X111.077 Y109.873 F7800.000
G1 E2.00000 F2400.000
G1 F900.000
G1 X110.732 Y110.439 E2.03192
G1 X110.574 Y110.474 E2.03968
G1 X110.377 Y110.438 E2.04929
G1 X110.318 Y110.395 E2.05279
G1 X110.247 Y110.263 E2.05999
G1 X110.203 Y109.940 E2.07568
G1 X110.249 Y109.618 E2.09133
G1 X110.334 Y109.464 E2.09977
G1 X110.411 Y109.406 E2.10442
G1 X110.519 Y109.386 E2.10971
G1 X110.706 Y109.438 E2.11904
G1 X111.038 Y109.827 E2.14365
G1 E0.14365 F2400.000
G92 E0
G1 X119.666 Y73.919 F7800.000
G1 E2.00000 F2400.000
G1 F900.000
G1 X118.475 Y74.501 E2.06374
G1 X119.658 Y74.895 E2.12371
G1 X119.030 Y75.945 E2.18259
G1 X118.607 Y76.298 E2.20906
G1 X118.094 Y76.498 E2.23556
G1 X117.510 Y76.560 E2.26382
G1 X116.714 Y76.425 E2.30265
G1 X116.061 Y75.985 E2.34052
G1 X115.688 Y76.327 E2.36488
G1 X115.182 Y76.508 E2.39070
G1 X114.614 Y76.558 E2.41813
G1 X113.996 Y76.489 E2.44805
G1 X113.440 Y76.242 E2.47729
G1 X113.227 Y75.992 E2.49307
G1 X113.106 Y76.149 E2.50260
G1 X112.570 Y76.419 E2.53147
G1 X111.998 Y76.491 E2.55917
G1 X110.003 Y76.491 E2.65515
G1 X110.003 Y76.262 E2.66612
G1 X109.009 Y76.491 E2.71517
G1 X107.289 Y76.491 E2.79789
G1 X107.289 Y72.389 E2.99514
G1 X109.099 Y72.389 E3.08218
G1 X109.677 Y72.460 E3.11022
G1 X110.003 Y72.618 E3.12762
G1 X110.003 Y72.389 E3.13861
G1 X111.612 Y72.389 E3.21601
G1 X111.612 Y73.187 E3.25438
G1 X111.781 Y73.234 E3.26283
G1 X112.292 Y72.389 E3.31032
G1 X114.256 Y72.389 E3.40477
G1 X114.580 Y72.318 E3.42073
G1 X115.274 Y72.395 E3.45431
G1 X115.857 Y72.656 E3.48504
G1 X116.074 Y72.905 E3.50092
G1 X116.472 Y72.585 E3.52548
G1 X116.978 Y72.384 E3.55167
G1 X117.534 Y72.321 E3.57855
G1 X118.083 Y72.387 E3.60517
G1 X118.590 Y72.595 E3.63151
G1 X119.015 Y72.943 E3.65796
G1 X119.632 Y73.869 E3.71149
G1 E1.71149 F2400.000
G92 E0
G1 X107.675 Y72.775 F7800.000
G1 E2.00000 F2400.000
;TYPE:External perimeter
G1 F1800.000
G1 X109.075 Y72.775 E2.06737
G1 X109.567 Y72.835 E2.09118
G1 X109.978 Y73.034 E2.11316
G1 X110.388 Y73.540 E2.14449
G1 X110.388 Y72.775 E2.18130
G1 X111.226 Y72.775 E2.22161
G1 X111.226 Y74.004 E2.28072
G1 X111.767 Y74.004 E2.30669
G1 X112.510 Y72.775 E2.37577
G1 X113.494 Y72.775 E2.42310
G1 X113.362 Y72.981 E2.43486
G1 X114.601 Y72.708 E2.49585
G1 X115.172 Y72.772 E2.52347
G1 X115.622 Y72.973 E2.54720
G1 X115.925 Y73.322 E2.56943
G1 X116.003 Y73.683 E2.58720
G1 X116.337 Y73.188 E2.61592
G1 X116.668 Y72.922 E2.63635
G1 X117.073 Y72.762 E2.65729
G1 X117.532 Y72.709 E2.67953
G1 X117.985 Y72.763 E2.70147
G1 X118.390 Y72.930 E2.72252
G1 X118.727 Y73.205 E2.74342
G1 X119.101 Y73.766 E2.77587
G1 X118.398 Y74.110 E2.81350
G1 X117.951 Y73.598 E2.84615
G1 X117.541 Y73.486 E2.86661
G1 X117.223 Y73.548 E2.88218
G1 X116.980 Y73.733 E2.89690
G1 X116.816 Y74.036 E2.91348
G1 X116.757 Y74.453 E2.93371
G1 X116.813 Y74.871 E2.95400
G1 X116.969 Y75.163 E2.96990
G1 X117.203 Y75.337 E2.98395
G1 X117.541 Y75.400 E3.00050
G1 X117.759 Y75.374 E3.01102
G1 X117.938 Y75.300 E3.02036
G1 X118.072 Y75.186 E3.02883
G1 X118.275 Y74.841 E3.04806
G1 X119.081 Y75.109 E3.08889
G1 X118.733 Y75.691 E3.12151
G1 X118.409 Y75.961 E3.14180
G1 X118.002 Y76.120 E3.16279
G1 X117.522 Y76.171 E3.18602
G1 X116.860 Y76.059 E3.21829
G1 X116.337 Y75.706 E3.24866
G1 X116.027 Y75.177 E3.27814
G1 X115.771 Y75.728 E3.30735
G1 X115.484 Y75.991 E3.32603
G1 X115.099 Y76.128 E3.34571
G1 X114.618 Y76.170 E3.36892
G1 X114.098 Y76.113 E3.39410
G1 X113.677 Y75.925 E3.41627
G1 X113.396 Y75.597 E3.43705
G1 X113.339 Y75.328 E3.45028
G1 X113.150 Y75.329 E3.45937
G1 X113.115 Y75.507 E3.46807
G1 X112.854 Y75.844 E3.48859
G1 X112.456 Y76.045 E3.51006
G1 X111.974 Y76.105 E3.53339
G1 X110.388 Y76.105 E3.60967
G1 X110.388 Y75.204 E3.65299
G1 X110.262 Y75.175 E3.65922
G1 X110.388 Y75.166 E3.66530
G1 X110.388 Y74.305 E3.70671
G1 X110.222 Y74.256 E3.71503
G1 X110.093 Y74.456 E3.72650
G1 X109.949 Y74.555 E3.73492
G1 X110.128 Y74.878 E3.75271
G1 X110.175 Y75.182 E3.76748
G1 X110.201 Y75.180 E3.76873
G1 X109.851 Y75.902 E3.80730
G1 X108.965 Y76.105 E3.85102
G1 X107.675 Y76.105 E3.91309
G1 X107.675 Y72.835 E4.07036
G1 X107.625 Y72.378 F7800.000
G1 X106.886 Y72.389
;TYPE:Perimeter
G1 F900.000
G1 X106.886 Y73.922 E4.14406
G1 X106.190 Y73.922 E4.17753
G1 X106.190 Y76.491 E4.30109
G1 X105.045 Y76.491 E4.35614
G1 X104.315 Y75.965 E4.39942
G1 X104.149 Y76.203 E4.41338
G1 X103.642 Y76.482 E4.44121
G1 X103.062 Y76.560 E4.46933
G1 X102.514 Y76.483 E4.49595
G1 X102.027 Y76.224 E4.52248
G1 X101.900 Y76.072 E4.53202
G1 X101.536 Y76.410 E4.55593
G1 X100.806 Y76.568 E4.59186
G1 X100.066 Y76.414 E4.62821
G1 X99.705 Y76.086 E4.65166
G1 X99.623 Y76.203 E4.65853
G1 X99.116 Y76.482 E4.68636
G1 X98.537 Y76.560 E4.71448
G1 X97.989 Y76.483 E4.74110
G1 X97.502 Y76.224 E4.76762
G1 X97.147 Y75.799 E4.79425
G1 X96.800 Y74.657 E4.85167
G1 X97.847 Y74.559 E4.90221
G1 X97.552 Y74.284 E4.92162
G1 X97.356 Y74.058 E4.93596
G1 X97.176 Y73.799 E4.95117
G1 X96.975 Y73.404 E4.97245
G1 X96.975 Y72.389 E5.02126
G1 X100.092 Y72.389 E5.17114
G1 X100.092 Y72.466 E5.17482
G1 X100.792 Y72.310 E5.20932
G1 X101.501 Y72.468 E5.24425
G1 X101.501 Y72.389 E5.24805
G1 X106.826 Y72.389 E5.50416
G1 X97.361 Y72.775 F7800.000
;TYPE:External perimeter
G1 F900.000
G1 X99.706 Y72.775 E5.61694
G1 X99.706 Y73.332 E5.64376
G1 X100.251 Y72.826 E5.67954
G1 X100.792 Y72.706 E5.70620
G1 X101.333 Y72.826 E5.73286
G1 X101.886 Y73.338 E5.76913
G1 X101.886 Y72.775 E5.79620
G1 X106.500 Y72.775 E6.01811
G1 X106.500 Y73.536 E6.05471
G1 X105.804 Y73.536 E6.08818
G1 X105.804 Y76.105 E6.21174
G1 X105.169 Y76.105 E6.24226
G1 X104.152 Y75.373 E6.30255
G1 X104.117 Y75.574 E6.31235
G1 X103.884 Y75.909 E6.33199
G1 X103.519 Y76.110 E6.35203
G1 X103.064 Y76.171 E6.37412
G1 X102.635 Y76.110 E6.39492
G1 X102.275 Y75.919 E6.41456
G1 X102.019 Y75.612 E6.43379
G1 X101.984 Y75.497 E6.43958
G1 X101.819 Y75.491 E6.44752
G1 X101.741 Y75.693 E6.45795
G1 X101.351 Y76.056 E6.48356
G1 X100.804 Y76.174 E6.51046
G1 X100.248 Y76.058 E6.53782
G1 X99.852 Y75.699 E6.56352
G1 X99.729 Y75.378 E6.58005
G1 X99.358 Y75.909 E6.61119
G1 X98.993 Y76.110 E6.63123
G1 X98.538 Y76.171 E6.65333
G1 X98.110 Y76.110 E6.67412
G1 X97.750 Y75.919 E6.69376
G1 X97.493 Y75.612 E6.71299
G1 X97.307 Y74.997 E6.74392
G1 X98.142 Y74.918 E6.78427
G1 X98.238 Y75.260 E6.80131
G1 X98.302 Y75.341 E6.80629
G1 X98.399 Y75.395 E6.81162
G1 X98.539 Y75.415 E6.81843
G1 X98.680 Y75.394 E6.82530
G1 X98.762 Y75.344 E6.82992
G1 X98.812 Y75.267 E6.83432
G1 X98.834 Y75.131 E6.84095
G1 X98.821 Y75.025 E6.84612
G1 X98.713 Y74.824 E6.85707
G1 X98.480 Y74.589 E6.87300
G1 X98.167 Y74.331 E6.89250
G1 X97.830 Y74.015 E6.91472
G1 X97.661 Y73.821 E6.92708
G1 X97.508 Y73.600 E6.94002
G1 X97.361 Y73.312 E6.95559
G1 X97.361 Y72.835 E6.97852
G1 X97.338 Y72.376 F7800.000
G1 X95.565 Y71.557
;TYPE:Perimeter
G1 F900.000
G1 X96.116 Y72.258 E7.02140
G1 X96.405 Y72.814 E7.05151
G1 X96.575 Y73.423 E7.08195
G1 X96.630 Y74.084 E7.11383
G1 X96.576 Y74.749 E7.14595
G1 X96.406 Y75.357 E7.17632
G1 X96.118 Y75.915 E7.20651
G1 X95.565 Y76.619 E7.24954
G1 X92.212 Y76.619 E7.41084
G1 X91.660 Y75.918 E7.45372
G1 X91.371 Y75.362 E7.48388
G1 X91.200 Y74.753 E7.51429
G1 X91.145 Y74.092 E7.54616
G1 X91.200 Y73.427 E7.57829
G1 X91.370 Y72.817 E7.60872
G1 X91.659 Y72.260 E7.63892
G1 X92.212 Y71.557 E7.68191
G1 X95.505 Y71.557 E7.84032
G1 X94.460 Y71.943 F7800.000
;TYPE:External perimeter
G1 F900.000
G1 X95.378 Y71.943 E7.88445
G1 X95.791 Y72.468 E7.91657
G1 X96.044 Y72.956 E7.94302
G1 X96.194 Y73.492 E7.96978
G1 X96.243 Y74.084 E7.99836
G1 X96.194 Y74.681 E8.02718
G1 X96.045 Y75.216 E8.05388
G1 X95.792 Y75.706 E8.08041
G1 X95.378 Y76.233 E8.11265
G1 X94.461 Y76.233 E8.15677
G1 X95.052 Y75.456 E8.20376
G1 X95.261 Y75.037 E8.22624
G1 X95.384 Y74.587 E8.24867
G1 X95.425 Y74.088 E8.27278
G1 X95.384 Y73.588 E8.29688
G1 X95.262 Y73.138 E8.31930
G1 X95.054 Y72.722 E8.34172
G1 X94.497 Y71.991 E8.38592
G1 X94.382 Y71.551 F7800.000
G1 X95.127 Y73.822
G1 F900.000
G1 X94.292 Y73.876 E8.42617
G1 X94.199 Y73.563 E8.44189
G1 X94.151 Y73.504 E8.44554
G1 X94.079 Y73.467 E8.44943
G1 X93.978 Y73.452 E8.45433
G1 X93.834 Y73.484 E8.46143
G1 X93.744 Y73.567 E8.46731
G1 X93.670 Y73.761 E8.47730
G1 X93.640 Y74.099 E8.49359
G1 X93.669 Y74.446 E8.51034
G1 X93.735 Y74.626 E8.51956
G1 X93.816 Y74.696 E8.52471
G1 X93.970 Y74.726 E8.53222
G1 X94.075 Y74.710 E8.53736
G1 X94.137 Y74.673 E8.54083
G1 X94.182 Y74.609 E8.54457
G1 X94.272 Y74.298 E8.56017
G1 X95.122 Y74.363 E8.60118
G1 X94.914 Y74.961 E8.63162
G1 X94.677 Y75.238 E8.64914
G1 X94.354 Y75.412 E8.66678
G1 X93.970 Y75.468 E8.68545
G1 X93.480 Y75.378 E8.70943
G1 X93.099 Y75.094 E8.73231
G1 X92.875 Y74.651 E8.75619
G1 X92.806 Y74.090 E8.78335
G1 X92.874 Y73.527 E8.81065
G1 X93.097 Y73.081 E8.83461
G1 X93.480 Y72.797 E8.85753
G1 X93.975 Y72.708 E8.88169
G1 X94.369 Y72.765 E8.90088
G1 X94.700 Y72.943 E8.91895
G1 X94.937 Y73.227 E8.93672
G1 X95.109 Y73.765 E8.96388
G1 X95.205 Y74.214 F7800.000
G1 E6.96388 F2400.000
G92 E0
G1 X92.399 Y71.943 F7800.000
G1 E2.00000 F2400.000
G1 F900.000
G1 X93.315 Y71.943 E2.04407
G1 X92.721 Y72.723 E2.09125
G1 X92.513 Y73.142 E2.11374
G1 X92.392 Y73.592 E2.13612
G1 X92.352 Y74.088 E2.16008
G1 X92.393 Y74.586 E2.18412
G1 X92.514 Y75.038 E2.20661
G1 X92.723 Y75.456 E2.22912
G1 X93.316 Y76.233 E2.27609
G1 X92.399 Y76.233 E2.32019
G1 X91.986 Y75.708 E2.35232
G1 X91.732 Y75.219 E2.37882
G1 X91.582 Y74.684 E2.40554
G1 X91.532 Y74.092 E2.43411
G1 X91.581 Y73.495 E2.46294
G1 X91.731 Y72.959 E2.48969
G1 X91.984 Y72.470 E2.51621
G1 X92.362 Y71.990 E2.54555
G1 X92.476 Y71.551 F7800.000
G1 E0.54555 F2400.000
G92 E0
G1 X124.253 Y107.219 F7800.000
G1 E2.00000 F2400.000
;TYPE:Perimeter
G1 F3600.000
G1 X124.444 Y107.454 E2.01458
G1 X124.929 Y107.095 E2.04360
G1 X125.863 Y106.927 E2.08924
G1 X126.627 Y107.040 E2.12642
G1 X127.049 Y107.270 E2.14952
G1 X127.947 Y106.928 E2.19575
G1 X128.479 Y106.962 E2.22141
G1 X129.151 Y107.096 E2.25434
G1 X130.128 Y106.925 E2.30205
G1 X131.008 Y107.072 E2.34497
G1 X131.008 Y107.004 E2.34825
G1 X133.485 Y107.004 E2.46734
G1 X133.485 Y109.519 E2.58833
G1 X134.372 Y109.427 E2.63122
G1 X134.372 Y111.851 E2.74776
G1 X133.175 Y112.014 E2.80585
G1 X132.654 Y111.940 E2.83115
G1 X130.982 Y111.940 E2.91159
G1 X130.982 Y111.884 E2.91431
G1 X130.040 Y112.034 E2.96019
G1 X129.541 Y111.841 E2.98592
G1 X129.541 Y111.940 E2.99069
G1 X128.998 Y111.940 E3.01681
G1 X128.998 Y112.580 E3.04759
G1 X126.878 Y112.580 E3.14956
G1 X126.734 Y111.940 E3.18111
G1 X126.403 Y111.940 E3.19702
G1 X125.851 Y112.017 E3.22381
G1 X124.927 Y111.848 E3.26900
G1 X124.416 Y111.469 E3.29960
G1 X123.022 Y112.039 E3.37208
G1 X121.957 Y111.853 E3.42408
G1 X121.504 Y111.531 E3.45077
G1 X120.913 Y111.903 E3.48437
G1 X120.162 Y112.012 E3.52083
G1 X119.572 Y111.940 E3.54941
G1 X117.639 Y111.940 E3.64238
G1 X117.145 Y112.012 E3.66642
G1 X116.555 Y111.940 E3.69500
G1 X114.670 Y111.940 E3.78563
G1 X114.672 Y111.887 E3.78821
G1 X113.749 Y112.034 E3.83315
G1 X112.886 Y111.700 E3.87769
G1 X112.674 Y112.045 E3.89716
G1 X112.062 Y112.544 E3.93515
G1 X111.329 Y112.823 E3.97285
G1 X110.503 Y112.909 E4.01278
G1 X109.380 Y112.721 E4.06755
G1 X108.425 Y112.086 E4.12273
G1 X108.000 Y111.374 E4.16258
G1 X107.831 Y111.421 E4.17106
G1 X107.831 Y111.851 E4.19173
G1 X106.634 Y112.014 E4.24982
G1 X106.113 Y111.940 E4.27512
G1 X104.441 Y111.940 E4.35556
G1 X104.442 Y111.743 E4.36503
G1 X103.719 Y112.039 E4.40258
G1 X103.155 Y111.940 E4.43011
G1 X97.152 Y111.940 E4.71886
G1 X96.563 Y112.034 E4.74751
G1 X95.687 Y111.695 E4.79272
G1 X95.235 Y112.312 E4.82953
G1 X94.448 Y112.729 E4.87234
G1 X93.634 Y112.836 E4.91182
G1 X90.961 Y112.836 E5.04041
G1 X90.961 Y107.004 E5.32094
G1 X93.472 Y107.004 E5.44173
G1 X93.472 Y108.513 E5.51431
G1 X93.674 Y108.513 E5.52400
G1 X94.455 Y108.627 E5.56197
G1 X94.468 Y108.518 E5.56725
G1 X94.903 Y107.666 E5.61329
G1 X95.691 Y107.093 E5.66014
G1 X96.651 Y106.925 E5.70701
G1 X97.606 Y107.084 E5.75358
G1 X98.083 Y107.411 E5.78137
G1 X98.197 Y107.004 E5.80169
G1 X102.080 Y107.004 E5.98844
G1 X102.198 Y107.415 E6.00903
G1 X102.663 Y107.089 E6.03639
G1 X103.655 Y106.920 E6.08478
G1 X104.467 Y107.108 E6.12484
G1 X104.467 Y107.004 E6.12984
G1 X106.944 Y107.004 E6.24893
G1 X106.944 Y109.519 E6.36991
G1 X107.717 Y109.439 E6.40729
G1 X107.744 Y109.153 E6.42115
G1 X107.991 Y108.421 E6.45826
G1 X108.427 Y107.784 E6.49540
G1 X109.034 Y107.305 E6.53262
G1 X109.756 Y107.021 E6.56991
G1 X110.542 Y106.933 E6.60795
G1 X111.324 Y107.027 E6.64584
G1 X112.052 Y107.330 E6.68373
G1 X112.285 Y107.523 E6.69831
G1 X112.877 Y107.093 E6.73350
G1 X113.837 Y106.925 E6.78038
G1 X114.712 Y107.071 E6.82306
G1 X114.712 Y107.004 E6.82630
G1 X122.071 Y107.004 E7.18024
G1 X122.071 Y107.071 E7.18349
G1 X122.958 Y106.920 E7.22676
G1 X124.194 Y107.206 E7.28780
G1 X124.037 Y107.565 F7800.000
G1 F3600.000
G1 X124.377 Y107.984 E7.31373
G1 X125.086 Y107.459 E7.35615
G1 X125.869 Y107.317 E7.39442
G1 X126.503 Y107.411 E7.42523
G1 X127.125 Y107.752 E7.45936
G1 X127.157 Y107.642 E7.46489
G1 X128.006 Y107.318 E7.50857
G1 X128.429 Y107.346 E7.52896
G1 X129.251 Y107.509 E7.56928
G1 X129.322 Y107.458 E7.57350
G1 X130.129 Y107.317 E7.61292
G1 X130.935 Y107.451 E7.65222
G1 X131.390 Y107.762 E7.67871
G1 X131.392 Y107.389 E7.69662
G1 X133.099 Y107.389 E7.77872
G1 X133.099 Y109.512 E7.88081
G1 X133.129 Y109.837 E7.89651
G1 X133.167 Y109.940 E7.90178
G1 X133.986 Y109.855 E7.94136
G1 X133.986 Y111.514 E8.02116
G1 X133.176 Y111.624 E8.06048
G1 X132.718 Y111.555 E8.08275
G1 X131.369 Y111.555 E8.14762
G1 X131.371 Y111.217 E8.16387
G1 X130.966 Y111.496 E8.18751
G1 X130.082 Y111.637 E8.23059
G1 X129.156 Y111.278 E8.27838
G1 X129.156 Y111.555 E8.29168
G1 X128.613 Y111.555 E8.31780
G1 X128.613 Y112.195 E8.34858
G1 X127.186 Y112.195 E8.41717
G1 X127.042 Y111.555 E8.44872
G1 X126.561 Y111.555 E8.47186
G1 X126.561 Y111.529 E8.47310
G1 X125.860 Y111.626 E8.50716
G1 X125.085 Y111.485 E8.54504
G1 X124.472 Y111.029 E8.58177
G1 X122.979 Y111.640 E8.65936
G1 X122.109 Y111.488 E8.70183
G1 X121.418 Y110.998 E8.74257
G1 X121.313 Y111.196 E8.75335
G1 X120.777 Y111.533 E8.78385
G1 X120.155 Y111.623 E8.81407
G1 X119.697 Y111.575 E8.83620
G1 X119.644 Y111.555 E8.83896
G1 X118.083 Y111.555 E8.91399
G1 X118.089 Y111.326 E8.92501
G1 X117.759 Y111.533 E8.94377
G1 X117.137 Y111.623 E8.97399
G1 X116.679 Y111.575 E8.99612
G1 X116.626 Y111.555 E8.99888
G1 X115.066 Y111.555 E9.07391
G1 X115.074 Y111.221 E9.08998
G1 X114.675 Y111.496 E9.11328
G1 X113.791 Y111.637 E9.15636
G1 X112.725 Y111.224 E9.21135
G1 X112.379 Y111.787 E9.24313
G1 X111.866 Y112.206 E9.27498
G1 X111.239 Y112.445 E9.30726
G1 X110.515 Y112.520 E9.34225
G1 X109.525 Y112.354 E9.39054
G1 X108.711 Y111.813 E9.43755
G1 X108.208 Y110.968 E9.48484
G1 X108.055 Y109.952 E9.53425
G1 X108.124 Y109.234 E9.56899
G1 X108.339 Y108.595 E9.60140
G1 X108.712 Y108.050 E9.63314
G1 X109.228 Y107.643 E9.66479
G1 X109.850 Y107.399 E9.69689
G1 X110.540 Y107.321 E9.73032
G1 X111.225 Y107.404 E9.76350
G1 X111.850 Y107.663 E9.79604
G1 X112.323 Y108.056 E9.82559
G1 X112.390 Y107.923 E9.83275
G1 X113.031 Y107.458 E9.87084
G1 X113.838 Y107.317 E9.91026
G1 X114.644 Y107.451 E9.94956
G1 X115.098 Y107.761 E9.97598
G1 X115.098 Y107.389 E9.99385
G1 X121.685 Y107.389 E10.31069
G1 X121.685 Y107.757 E10.32836
G1 X122.116 Y107.455 E10.35366
G1 X122.947 Y107.314 E10.39416
G1 X123.979 Y107.552 E10.44511
G1 X128.819 Y107.816 F7800.000
;TYPE:External perimeter
G1 F1800.000
G1 X128.819 Y108.300 E10.46836
G1 X129.476 Y107.822 E10.50746
G1 X130.131 Y107.708 E10.53941
G1 X130.788 Y107.817 E10.57145
G1 X131.291 Y108.162 E10.60079
G1 X131.595 Y108.734 E10.63196
G1 X131.771 Y108.691 E10.64064
G1 X131.776 Y107.775 E10.68469
G1 X132.713 Y107.775 E10.72979
G1 X132.713 Y109.530 E10.81419
G1 X132.750 Y109.924 E10.83324
G1 X132.842 Y110.171 E10.84590
G1 X132.960 Y110.290 E10.85397
G1 X133.130 Y110.331 E10.86237
G1 X133.600 Y110.283 E10.88511
G1 X133.600 Y111.177 E10.92815
G1 X133.177 Y111.235 E10.94871
G1 X132.857 Y111.190 E10.96425
G1 X132.663 Y111.080 E10.97497
G1 X132.658 Y111.169 E10.97926
G1 X131.757 Y111.169 E11.02260
G1 X131.762 Y110.295 E11.06462
G1 X131.583 Y110.253 E11.07345
G1 X131.316 Y110.786 E11.10216
G1 X130.819 Y111.129 E11.13117
G1 X130.124 Y111.240 E11.16503
G1 X128.770 Y110.715 E11.23489
G1 X128.770 Y111.169 E11.25672
G1 X128.227 Y111.169 E11.28283
G1 X128.227 Y111.809 E11.31362
G1 X127.495 Y111.809 E11.34882
G1 X127.351 Y111.169 E11.38037
G1 X126.947 Y111.169 E11.39980
G1 X126.947 Y110.866 E11.41440
G1 X126.355 Y111.168 E11.44638
G1 X125.868 Y111.236 E11.47001
G1 X125.243 Y111.122 E11.50059
G1 X124.761 Y110.764 E11.52943
G1 X124.475 Y110.200 E11.55985
G1 X124.458 Y110.063 E11.56651
G1 X124.268 Y110.049 E11.57566
G1 X124.070 Y110.777 E11.61193
G1 X122.936 Y111.241 E11.67090
G1 X122.261 Y111.123 E11.70384
G1 X121.762 Y110.769 E11.73326
G1 X121.441 Y110.170 E11.76596
G1 X121.274 Y110.201 E11.77413
G1 X121.237 Y110.514 E11.78927
G1 X121.021 Y110.924 E11.81159
G1 X120.640 Y111.163 E11.83318
G1 X120.147 Y111.235 E11.85716
G1 X119.788 Y111.197 E11.87454
G1 X119.394 Y111.046 E11.89479
G1 X119.389 Y111.169 E11.90069
G1 X118.479 Y111.169 E11.94448
G1 X118.501 Y109.988 E12.00129
G1 X118.283 Y109.975 E12.01178
G1 X118.220 Y110.514 E12.03786
G1 X118.003 Y110.924 E12.06018
G1 X117.623 Y111.163 E12.08178
G1 X117.130 Y111.235 E12.10575
G1 X116.770 Y111.197 E12.12314
G1 X116.377 Y111.046 E12.14340
G1 X116.372 Y111.169 E12.14930
G1 X115.462 Y111.169 E12.19308
G1 X115.484 Y110.273 E12.23616
G1 X115.304 Y110.229 E12.24508
G1 X115.025 Y110.786 E12.27509
G1 X114.528 Y111.129 E12.30410
G1 X113.833 Y111.240 E12.33796
G1 X112.683 Y110.794 E12.39729
G1 X112.310 Y109.493 E12.46240
G1 X112.357 Y109.112 E12.48086
G1 X111.715 Y109.432 E12.51538
G1 X111.140 Y108.758 E12.55796
G1 X110.552 Y108.594 E12.58732
G1 X110.092 Y108.682 E12.60987
G1 X109.738 Y108.946 E12.63108
G1 X109.506 Y109.369 E12.65430
G1 X109.424 Y109.938 E12.68193
G1 X109.502 Y110.507 E12.70958
G1 X109.723 Y110.915 E12.73189
G1 X110.065 Y111.165 E12.75225
G1 X110.547 Y111.253 E12.77582
G1 X110.863 Y111.217 E12.79109
G1 X111.125 Y111.113 E12.80467
G1 X111.323 Y110.951 E12.81696
G1 X111.569 Y110.547 E12.83971
G1 X112.502 Y110.850 E12.88688
G1 X112.085 Y111.530 E12.92522
G1 X111.671 Y111.867 E12.95092
G1 X111.149 Y112.066 E12.97778
G1 X110.528 Y112.131 E13.00782
G1 X109.670 Y111.987 E13.04964
G1 X108.998 Y111.540 E13.08848
G1 X108.578 Y110.836 E13.12791
G1 X108.443 Y109.942 E13.17139
G1 X108.504 Y109.315 E13.20171
G1 X108.687 Y108.769 E13.22942
G1 X108.997 Y108.317 E13.25576
G1 X109.422 Y107.981 E13.28184
G1 X109.943 Y107.776 E13.30875
G1 X110.539 Y107.709 E13.33757
G1 X111.126 Y107.780 E13.36603
G1 X111.648 Y107.997 E13.39323
G1 X112.081 Y108.356 E13.42025
G1 X112.374 Y108.803 E13.44598
G1 X112.692 Y108.181 E13.47958
G1 X113.185 Y107.822 E13.50893
G1 X113.840 Y107.708 E13.54088
G1 X114.497 Y107.817 E13.57292
G1 X115.000 Y108.162 E13.60226
G1 X115.308 Y108.740 E13.63379
G1 X115.483 Y108.697 E13.64248
G1 X115.483 Y107.775 E13.68682
G1 X116.422 Y107.775 E13.73198
G1 X116.422 Y109.697 E13.82443
G1 X116.466 Y110.027 E13.84045
G1 X116.577 Y110.238 E13.85188
G1 X116.737 Y110.358 E13.86150
G1 X116.971 Y110.403 E13.87300
G1 X117.125 Y110.390 E13.88043
G1 X117.212 Y110.360 E13.88484
G1 X117.295 Y110.248 E13.89156
G1 X117.327 Y110.102 E13.89874
G1 X117.340 Y107.775 E14.01068
G1 X119.440 Y107.775 E14.11166
G1 X119.440 Y109.697 E14.20411
G1 X119.484 Y110.027 E14.22013
G1 X119.594 Y110.238 E14.23157
G1 X119.754 Y110.358 E14.24118
G1 X119.989 Y110.403 E14.25268
G1 X120.143 Y110.390 E14.26011
G1 X120.229 Y110.360 E14.26452
G1 X120.313 Y110.248 E14.27124
G1 X120.345 Y110.102 E14.27842
G1 X120.358 Y107.775 E14.39037
G1 X121.300 Y107.775 E14.43567
G1 X121.300 Y108.675 E14.47896
G1 X121.476 Y108.718 E14.48768
G1 X121.762 Y108.174 E14.51725
G1 X122.267 Y107.820 E14.54690
G1 X122.935 Y107.707 E14.57951
G1 X123.822 Y107.911 E14.62327
G1 X124.484 Y108.726 E14.67381
G1 X124.760 Y108.180 E14.70325
G1 X125.243 Y107.822 E14.73216
G1 X125.875 Y107.708 E14.76306
G1 X126.378 Y107.782 E14.78749
G1 X126.796 Y108.011 E14.81042
G1 X127.095 Y108.374 E14.83299
G1 X127.136 Y108.506 E14.83966
G1 X127.308 Y108.504 E14.84792
G1 X127.474 Y107.934 E14.87650
G1 X128.065 Y107.708 E14.90691
G1 X128.378 Y107.729 E14.92204
G1 X128.760 Y107.805 E14.94075
G1 X129.218 Y107.835 F7800.000
G1 X104.850 Y107.592
;TYPE:Perimeter
G1 F3600.000
G1 X104.851 Y107.389 E14.95048
G1 X106.558 Y107.389 E15.03258
G1 X106.558 Y109.512 E15.13467
G1 X106.588 Y109.837 E15.15038
G1 X106.626 Y109.940 E15.15564
G1 X107.445 Y109.855 E15.19523
G1 X107.445 Y111.514 E15.27502
G1 X106.635 Y111.624 E15.31434
G1 X106.177 Y111.555 E15.33661
G1 X104.828 Y111.555 E15.40148
G1 X104.830 Y111.168 E15.42009
G1 X103.676 Y111.640 E15.48008
G1 X102.971 Y111.517 E15.51450
G1 X102.982 Y111.555 E15.51641
G1 X101.217 Y111.555 E15.60128
G1 X101.143 Y111.261 E15.61585
G1 X100.963 Y111.261 E15.62452
G1 X100.889 Y111.555 E15.63909
G1 X99.416 Y111.555 E15.70994
G1 X99.341 Y111.268 E15.72419
G1 X99.161 Y111.269 E15.73284
G1 X99.090 Y111.555 E15.74701
G1 X97.324 Y111.555 E15.83197
G1 X97.333 Y111.521 E15.83366
G1 X96.605 Y111.637 E15.86911
G1 X95.450 Y111.189 E15.92871
G1 X95.407 Y111.424 E15.94019
G1 X94.976 Y112.013 E15.97530
G1 X94.329 Y112.356 E16.01050
G1 X93.609 Y112.451 E16.04543
G1 X91.346 Y112.451 E16.15426
G1 X91.346 Y107.389 E16.39769
G1 X93.087 Y107.389 E16.48139
G1 X93.087 Y108.898 E16.55396
G1 X93.646 Y108.898 E16.58085
G1 X94.350 Y109.002 E16.61508
G1 X94.767 Y109.241 E16.63821
G1 X94.843 Y108.633 E16.66767
G1 X95.205 Y107.923 E16.70600
G1 X95.845 Y107.458 E16.74409
G1 X96.653 Y107.317 E16.78351
G1 X97.459 Y107.451 E16.82281
G1 X98.111 Y107.897 E16.86081
G1 X98.266 Y108.189 E16.87670
G1 X98.490 Y107.389 E16.91662
G1 X99.995 Y107.389 E16.98904
G1 X100.048 Y107.600 E16.99947
G1 X100.229 Y107.599 E17.00821
G1 X100.280 Y107.389 E17.01859
G1 X101.789 Y107.389 E17.09119
G1 X102.017 Y108.186 E17.13104
G1 X102.161 Y107.912 E17.14592
G1 X102.814 Y107.455 E17.18424
G1 X103.644 Y107.314 E17.22475
G1 X104.791 Y107.578 E17.28139
G1 X105.214 Y108.766 F7800.000
;TYPE:External perimeter
G1 F1800.000
G1 X104.649 Y108.929 E17.30968
G1 X104.677 Y109.128 E17.31934
G1 X105.227 Y109.128 E17.34581
G1 X105.235 Y107.775 E17.41088
G1 X106.172 Y107.775 E17.45599
G1 X106.172 Y109.530 E17.54038
G1 X106.209 Y109.924 E17.55943
G1 X106.301 Y110.171 E17.57210
G1 X106.419 Y110.290 E17.58016
G1 X106.589 Y110.331 E17.58857
G1 X107.059 Y110.283 E17.61131
G1 X107.059 Y111.177 E17.65435
G1 X106.636 Y111.235 E17.67491
G1 X106.316 Y111.190 E17.69044
G1 X106.122 Y111.080 E17.70117
G1 X106.117 Y111.169 E17.70546
G1 X105.216 Y111.169 E17.74879
G1 X105.223 Y109.869 E17.81131
G1 X105.022 Y109.842 E17.82108
G1 X104.768 Y110.777 E17.86769
G1 X103.633 Y111.241 E17.92665
G1 X102.958 Y111.123 E17.95959
G1 X102.531 Y110.820 E17.98477
G1 X102.397 Y110.915 E17.99266
G1 X102.470 Y111.169 E18.00539
G1 X101.517 Y111.169 E18.05121
G1 X101.142 Y109.683 E18.12492
G1 X100.962 Y109.683 E18.13359
G1 X100.588 Y111.169 E18.20728
G1 X99.714 Y111.169 E18.24933
G1 X99.332 Y109.704 E18.32215
G1 X99.152 Y109.705 E18.33080
G1 X98.789 Y111.169 E18.40336
G1 X97.832 Y111.169 E18.44937
G1 X97.963 Y110.701 E18.47273
G1 X97.343 Y111.129 E18.50895
G1 X96.648 Y111.240 E18.54282
G1 X95.497 Y110.794 E18.60214
G1 X95.124 Y109.493 E18.66726
G1 X95.217 Y108.748 E18.70336
G1 X95.506 Y108.181 E18.73398
G1 X96.000 Y107.822 E18.76333
G1 X96.654 Y107.708 E18.79528
G1 X97.311 Y107.817 E18.82732
G1 X97.815 Y108.162 E18.85666
G1 X98.115 Y108.727 E18.88746
G1 X98.179 Y109.239 E18.91229
G1 X98.368 Y109.253 E18.92140
G1 X98.782 Y107.775 E18.99524
G1 X99.694 Y107.775 E19.03908
G1 X100.053 Y109.223 E19.11084
G1 X100.235 Y109.222 E19.11958
G1 X100.583 Y107.775 E19.19118
G1 X101.498 Y107.775 E19.23519
G1 X101.912 Y109.221 E19.30755
G1 X102.101 Y109.207 E19.31663
G1 X102.159 Y108.745 E19.33899
G1 X102.459 Y108.174 E19.37003
G1 X102.964 Y107.820 E19.39968
G1 X103.632 Y107.707 E19.43230
G1 X104.519 Y107.911 E19.47605
G1 X105.176 Y108.719 E19.52615
G1 X105.411 Y109.114 F7800.000
G1 E17.52615 F2400.000
G92 E0
G1 X91.732 Y107.775 F7800.000
G1 E2.00000 F2400.000
G1 F900.000
G1 X92.701 Y107.775 E2.04661
G1 X92.701 Y109.284 E2.11918
G1 X93.617 Y109.284 E2.16326
G1 X94.221 Y109.373 E2.19262
G1 X94.720 Y109.658 E2.22026
G1 X95.044 Y110.115 E2.24718
G1 X95.149 Y110.691 E2.27534
G1 X95.044 Y111.268 E2.30353
G1 X94.717 Y111.714 E2.33012
G1 X94.210 Y111.982 E2.35773
G1 X93.584 Y112.065 E2.38810
G1 X91.732 Y112.065 E2.47716
G1 X91.732 Y107.835 E2.68061
G1 X91.678 Y107.379 F7800.000
G1 X83.550 Y107.488
;TYPE:Perimeter
G1 F900.000
G1 X86.450 Y107.488 E2.82010
G1 X87.900 Y110.000 E2.95960
G1 X86.450 Y112.512 E3.09910
G1 X83.550 Y112.512 E3.23859
G1 X82.100 Y110.000 E3.37809
G1 X83.520 Y107.540 E3.51470
G1 X83.772 Y107.874 F7800.000
G1 F900.000
G1 X86.228 Y107.874 E3.63278
G1 X87.455 Y110.000 E3.75086
G1 X86.228 Y112.126 E3.86894
G1 X83.772 Y112.126 E3.98702
G1 X82.545 Y110.000 E4.10510
G1 X83.742 Y107.926 E4.22029
G1 E2.22029 F2400.000
G92 E0
G1 X86.005 Y111.740 F7800.000
G1 E2.00000 F2400.000
;TYPE:External perimeter
G1 F900.000
G1 X83.995 Y111.740 E2.09666
G1 X82.990 Y110.000 E2.19333
G1 X83.995 Y108.260 E2.28999
G1 X86.005 Y108.260 E2.38666
G1 X87.010 Y110.000 E2.48332
G1 X86.035 Y111.689 E2.57710
G1 X86.005 Y112.140 F7800.000
G1 E0.57710 F2400.000
G92 E0
G1 X83.550 Y72.488 F7800.000
G1 E2.00000 F2400.000
;TYPE:Perimeter
G1 F900.000
G1 X86.450 Y72.488 E2.13950
G1 X87.900 Y75.000 E2.27899
G1 X86.450 Y77.512 E2.41849
G1 X83.550 Y77.512 E2.55799
G1 X82.100 Y75.000 E2.69749
G1 X83.520 Y72.540 E2.83410
G1 X83.772 Y72.874 F7800.000
G1 F900.000
G1 X86.228 Y72.874 E2.95218
G1 X87.455 Y75.000 E3.07026
G1 X86.228 Y77.126 E3.18834
G1 X83.772 Y77.126 E3.30642
G1 X82.545 Y75.000 E3.42450
G1 X83.742 Y72.926 E3.53970
G1 X86.005 Y73.259 F7800.000
;TYPE:External perimeter
G1 F900.000
G1 X87.010 Y75.000 E3.63636
G1 X86.005 Y76.741 E3.73303
G1 X83.995 Y76.741 E3.82969
G1 X82.990 Y75.000 E3.92636
G1 X83.995 Y73.259 E4.02302
G1 X85.945 Y73.259 E4.11680
G1 X86.351 Y73.059 F7800.000
G1 E2.11680 F2400.000
G92 E0
G1 X163.550 Y72.488 F7800.000
G1 E2.00000 F2400.000
;TYPE:Perimeter
G1 F900.000
G1 X166.450 Y72.488 E2.13950
G1 X167.900 Y75.000 E2.27899
G1 X166.450 Y77.512 E2.41849
G1 X163.550 Y77.512 E2.55799
G1 X162.100 Y75.000 E2.69749
G1 X163.520 Y72.540 E2.83410
G1 X163.772 Y72.874 F7800.000
G1 F900.000
G1 X166.228 Y72.874 E2.95218
G1 X167.455 Y75.000 E3.07026
G1 X166.228 Y77.126 E3.18834
G1 X163.772 Y77.126 E3.30642
G1 X162.545 Y75.000 E3.42450
G1 X163.742 Y72.926 E3.53970
G1 X166.005 Y73.259 F7800.000
;TYPE:External perimeter
G1 F900.000
G1 X167.010 Y75.000 E3.63636
G1 X166.005 Y76.741 E3.73303
G1 X163.995 Y76.741 E3.82969
G1 X162.990 Y75.000 E3.92636
G1 X163.995 Y73.259 E4.02302
G1 X165.945 Y73.259 E4.11680
G1 X166.351 Y73.059 F7800.000
G1 E2.11680 F2400.000
G92 E0
G1 X163.550 Y107.488 F7800.000
G1 E2.00000 F2400.000
;TYPE:Perimeter
G1 F900.000
G1 X166.450 Y107.488 E2.13950
G1 X167.900 Y110.000 E2.27899
G1 X166.450 Y112.512 E2.41849
G1 X163.550 Y112.512 E2.55798
G1 X162.100 Y110.000 E2.69748
G1 X163.520 Y107.540 E2.83409
G1 X163.772 Y107.874 F7800.000
G1 F900.000
G1 X166.228 Y107.874 E2.95217
G1 X167.455 Y110.000 E3.07025
G1 X166.228 Y112.126 E3.18833
G1 X163.772 Y112.126 E3.30641
G1 X162.545 Y110.000 E3.42449
G1 X163.742 Y107.926 E3.53968
G1 E1.53968 F2400.000
G92 E0
G1 X166.005 Y111.740 F7800.000
G1 E2.00000 F2400.000
;TYPE:External perimeter
G1 F900.000
G1 X163.995 Y111.740 E2.09666
G1 X162.990 Y110.000 E2.19333
G1 X163.995 Y108.260 E2.28999
G1 X166.005 Y108.260 E2.38666
G1 X167.010 Y110.000 E2.48332
G1 X166.035 Y111.689 E2.57710
G1 X166.005 Y112.140 F7800.000
G1 E0.57710 F2400.000
G92 E0
G1 X80.996 Y70.996 F7800.000
G1 E2.00000 F2400.000
;TYPE:Perimeter
G1 F3600.000
G1 X92.163 Y70.996 E2.53706
G1 X91.333 Y72.050 E2.60156
G1 X91.009 Y72.675 E2.63543
G1 X90.819 Y73.358 E2.66955
G1 X90.758 Y74.093 E2.70498
G1 X90.819 Y74.822 E2.74016
G1 X91.011 Y75.504 E2.77425
G1 X91.335 Y76.128 E2.80806
G1 X92.024 Y77.004 E2.86170
G1 X95.753 Y77.004 E3.04102
G1 X96.444 Y76.125 E3.09482
G1 X96.695 Y75.638 E3.12118
G1 X96.801 Y75.986 E3.13868
G1 X97.254 Y76.529 E3.17271
G1 X97.868 Y76.855 E3.20613
G1 X98.536 Y76.950 E3.23857
G1 X99.239 Y76.855 E3.27271
G1 X99.699 Y76.602 E3.29797
G1 X99.885 Y76.770 E3.31001
G1 X100.807 Y76.962 E3.35534
G1 X101.721 Y76.765 E3.40031
G1 X101.904 Y76.595 E3.41230
G1 X102.393 Y76.855 E3.43896
G1 X103.061 Y76.950 E3.47140
G1 X103.765 Y76.855 E3.50554
G1 X104.403 Y76.504 E3.54058
G1 X104.921 Y76.876 E3.57128
G1 X106.575 Y76.876 E3.65084
G1 X106.575 Y74.307 E3.77440
G1 X106.903 Y74.307 E3.79018
G1 X106.903 Y76.876 E3.91374
G1 X109.052 Y76.876 E4.01711
G1 X109.617 Y76.747 E4.04498
G1 X109.617 Y76.876 E4.05121
G1 X112.022 Y76.876 E4.16689
G1 X112.684 Y76.794 E4.19895
G1 X113.176 Y76.546 E4.22545
G1 X113.893 Y76.866 E4.26326
G1 X114.610 Y76.945 E4.29791
G1 X115.265 Y76.888 E4.32955
G1 X115.891 Y76.664 E4.36151
G1 X116.097 Y76.475 E4.37500
G1 X116.567 Y76.791 E4.40225
G1 X117.498 Y76.949 E4.44763
G1 X118.186 Y76.876 E4.48093
G1 X118.806 Y76.634 E4.51294
G1 X119.327 Y76.199 E4.54558
G1 X120.236 Y74.680 E4.63072
G1 X119.493 Y74.433 E4.66840
G1 X120.231 Y74.072 E4.70794
G1 X119.304 Y72.681 E4.78832
G1 X118.790 Y72.260 E4.82032
G1 X118.181 Y72.010 E4.85196
G1 X117.535 Y71.933 E4.88326
G1 X116.884 Y72.007 E4.91477
G1 X116.276 Y72.248 E4.94621
G1 X116.138 Y72.359 E4.95470
G1 X115.376 Y72.019 E4.99485
G1 X114.559 Y71.928 E5.03438
G1 X114.214 Y72.004 E5.05139
G1 X109.617 Y72.004 E5.27248
G1 X109.617 Y72.064 E5.27538
G1 X109.122 Y72.004 E5.29937
G1 X101.188 Y72.004 E5.68095
G1 X100.792 Y71.915 E5.70049
G1 X100.394 Y72.004 E5.72009
G1 X96.533 Y72.004 E5.90578
G1 X96.434 Y72.038 E5.91083
G1 X95.614 Y70.996 E5.97460
G1 X169.004 Y70.996 E9.50438
G1 X169.004 Y114.004 E11.57290
G1 X80.996 Y114.004 E15.80576
G1 X80.996 Y71.056 E17.87139
G1 X80.611 Y70.611 F7800.000
G1 F3600.000
G1 X169.389 Y70.611 E22.14134
G1 X169.389 Y114.389 E24.24695
G1 X80.611 Y114.389 E28.51691
G1 X80.611 Y70.671 E30.61963
G1 X80.225 Y70.225 F7800.000
;TYPE:External perimeter
G1 F1800.000
G1 X169.775 Y70.225 E34.92668
G1 X169.775 Y114.775 E37.06938
G1 X80.225 Y114.775 E41.37643
G1 X80.225 Y70.285 E43.51625
G1 X80.620 Y70.286 F7800.000
G1 X84.358 Y72.199
;TYPE:Internal infill
G1 F4800.000
G1 X83.383 Y72.199 E43.56314
G1 X83.169 Y72.569 E43.58370
G1 X81.285 Y73.074 E43.67750
G1 X81.285 Y74.962 E43.76831
G1 X82.370 Y76.047 E43.84209
G1 X83.037 Y77.202 E43.90627
G1 E41.90627 F2400.000
G92 E0
G1 X88.383 Y71.285 F7800.000
G1 E2.00000 F2400.000
G1 F4800.000
G1 X90.697 Y71.285 E2.11128
G1 X91.184 Y71.772 E2.14438
G1 X91.089 Y71.892 E2.15175
G1 X90.738 Y72.569 E2.18838
G1 X90.533 Y73.307 E2.22526
G1 X90.481 Y73.937 E2.25566
G1 E0.25566 F2400.000
G92 E0
G1 X92.789 Y73.019 F7800.000
G1 E2.00000 F2400.000
;TYPE:Gap fill
;WIDTH:0.244158
G1 F1200.000
G1 X93.152 Y72.661 E2.01143
G1 X93.061 Y72.678 F7800.000
;WIDTH:0.181738
G1 F1200.000
G1 X92.896 Y72.929 E2.01583
;WIDTH:0.175347
G1 X92.746 Y73.230 E2.02049
;WIDTH:0.174574
G1 X92.660 Y73.456 E2.02382
;WIDTH:0.125534
G1 X92.579 Y74.086 E2.02866
;WIDTH:0.130754
G1 X92.578 Y74.088 E2.02868
;WIDTH:0.130729
G1 X92.657 Y74.711 E2.03388
;WIDTH:0.125126
G1 X92.748 Y74.949 E2.03581
G1 X92.897 Y75.246 E2.03833
G1 X93.062 Y75.497 E2.04060
G1 X93.151 Y75.514 F7800.000
;WIDTH:0.245003
G1 F1200.000
G1 X92.788 Y75.155 E2.05210
G1 X94.538 Y75.557 F7800.000
;WIDTH:0.14479
G1 F1200.000
G1 X94.668 Y75.514 E2.05347
;WIDTH:0.171199
G1 X94.798 Y75.471 E2.05529
G1 X94.390 Y74.088 F7800.000
;WIDTH:0.153092
G1 F1200.000
G1 X94.644 Y74.090 E2.05810
;WIDTH:0.187802
G1 X94.898 Y74.091 E2.06201
;WIDTH:0.222513
G1 X95.152 Y74.093 E2.06701
;WIDTH:0.222512
G1 X95.226 Y74.020 E2.06906
G1 X94.794 Y72.699 F7800.000
;WIDTH:0.166261
G1 F1200.000
G1 X94.552 Y72.620 E2.07230
G1 X95.438 Y71.084 F7800.000
;WIDTH:0.625535
G1 F1200.000
G1 X92.339 Y71.084 E2.28920
G1 E0.28920 F2400.000
G92 E0
G1 X116.135 Y75.766 F7800.000
G1 E2.00000 F2400.000
;WIDTH:0.158897
G1 F1200.000
G1 X116.051 Y75.694 E2.00130
;WIDTH:0.158895
G1 X116.022 Y75.718 E2.00175
;WIDTH:0.125491
G1 X115.995 Y75.754 E2.00209
G1 X114.954 Y75.070 F7800.000
;WIDTH:0.199304
G1 F1200.000
G1 X114.851 Y75.125 E2.00406
;WIDTH:0.206459
G1 X114.787 Y75.144 E2.00525
;WIDTH:0.20646
G1 X114.618 Y75.173 E2.00829
;WIDTH:0.180214
G1 X114.425 Y75.187 E2.01108
G1 X114.151 Y73.923 F7800.000
;WIDTH:0.278068
G1 F1200.000
G1 X114.421 Y73.801 E2.01896
G1 X114.625 Y73.766 E2.02449
G1 X114.979 Y73.741 E2.03395
G1 X114.056 Y72.606 F7800.000
;WIDTH:0.153039
G1 F1200.000
G1 X113.813 Y72.633 E2.03664
G1 E0.03664 F2400.000
G92 E0
G1 X103.855 Y73.729 F7800.000
G1 E2.00000 F2400.000
;WIDTH:0.201081
G1 F1200.000
G1 X104.009 Y74.158 E2.00777
;WIDTH:0.174561
G1 X104.012 Y74.164 E2.00787
;WIDTH:0.170666
G1 X104.147 Y74.304 E2.01045
G1 X104.120 Y73.980 F7800.000
;WIDTH:0.330195
G1 F1200.000
G1 X103.474 Y73.729 E2.03342
G1 X102.209 Y74.143 F7800.000
;WIDTH:0.331603
G1 F1200.000
G1 X102.470 Y74.743 E2.05523
G1 X102.204 Y74.506 F7800.000
;WIDTH:0.374045
G1 F1200.000
G1 X102.832 Y74.709 E2.08071
G1 X102.831 Y74.720 F7800.000
;WIDTH:0.127097
G1 F1200.000
G1 X103.149 Y75.208 E2.08527
G1 E0.08527 F2400.000
G92 E0
G1 X107.469 Y77.165 F7800.000
G1 E2.00000 F2400.000
;TYPE:Internal infill
;WIDTH:0.45
G1 F4800.000
G1 X105.156 Y77.165 E2.11128
G1 X97.234 Y106.729 E3.58336
G1 X97.717 Y106.810 E3.60690
G1 X97.913 Y106.944 E3.61834
G1 X97.978 Y106.715 E3.62980
G1 X98.769 Y106.715 E3.66787
G1 X168.715 Y87.973 E7.15068
G1 X168.715 Y85.659 E7.26196
G1 X168.715 Y95.077 F7800.000
G1 F4800.000
G1 X168.715 Y92.763 E7.37324
G1 X116.648 Y106.715 E9.96580
G1 X116.401 Y106.715 E9.97771
G1 X125.894 Y71.285 E11.74184
G1 X128.207 Y71.285 E11.85312
G1 X137.952 Y71.285 F7800.000
G1 F4800.000
G1 X140.266 Y71.285 E11.96440
G1 X130.773 Y106.715 E13.72853
G1 X132.670 Y106.715 E13.81981
G1 X103.181 Y77.225 E15.82563
G1 X103.060 Y77.242 E15.83150
G1 X102.303 Y77.134 E15.86830
G1 X102.164 Y77.061 E15.87585
G1 X81.285 Y82.655 E16.91546
G1 X81.285 Y81.506 E16.97072
G1 X106.494 Y106.715 E18.68535
G1 X106.819 Y106.715 E18.70101
G1 X114.721 Y77.226 E20.16936
G1 X115.327 Y77.173 E20.19863
G1 X115.983 Y76.939 E20.23212
G1 X152.759 Y113.715 E22.73357
G1 X152.850 Y113.715 E22.73798
G1 X162.762 Y76.725 E24.57981
G1 X161.997 Y75.401 E24.65336
G1 X81.285 Y97.027 E28.67225
G1 X81.285 Y99.341 E28.78353
G1 X81.285 Y89.923 F7800.000
G1 F4800.000
G1 X81.285 Y92.237 E28.89481
G1 X159.476 Y71.285 E32.78818
G1 X159.428 Y71.285 E32.79048
G1 X148.060 Y113.715 E34.90316
G1 X146.215 Y113.715 E34.99190
G1 X109.665 Y77.165 E37.47793
G1 X109.946 Y77.165 E37.49143
G1 X102.029 Y106.715 E38.96278
G1 X102.298 Y106.715 E38.97573
G1 X102.364 Y106.946 E38.98730
G1 X102.551 Y106.815 E38.99827
G1 X103.664 Y106.626 E39.05257
G1 X104.099 Y106.726 E39.07406
G1 E37.07406 F2400.000
G92 E0
G1 X103.965 Y108.849 F7800.000
G1 E2.00000 F2400.000
;TYPE:Gap fill
;WIDTH:0.27307
G1 F1200.000
G1 X103.646 Y108.831 E2.00832
;WIDTH:0.273069
G1 X103.342 Y108.860 E2.01628
G1 E0.01628 F2400.000
G92 E0
G1 X105.002 Y110.739 F7800.000
G1 E2.00000 F2400.000
;WIDTH:0.141471
G1 F1200.000
G1 X104.980 Y110.898 E2.00154
G1 E0.00154 F2400.000
G92 E0
G1 X110.879 Y109.819 F7800.000
G1 E2.00000 F2400.000
;TYPE:Solid infill
;WIDTH:0.527124
G1 F1200.000
G1 X110.398 Y110.299 E2.03922
G1 E0.03922 F2400.000
G92 E0
G1 X107.843 Y111.217 F7800.000
G1 E2.00000 F2400.000
;TYPE:Gap fill
;WIDTH:0.406153
G1 F1200.000
G1 X107.796 Y110.596 E2.02657
;WIDTH:0.288375
G1 X107.749 Y109.947 E2.04475
;WIDTH:0.306528
G1 X107.765 Y109.628 E2.05438
G1 X107.544 Y108.841 F7800.000
;TYPE:Internal infill
;WIDTH:0.45
G1 F4800.000
G1 X107.460 Y109.092 E2.06710
G1 X107.452 Y109.176 E2.07117
G1 X107.233 Y109.198 E2.08175
G1 X107.233 Y107.454 E2.16567
G1 X107.868 Y108.089 E2.20886
G1 X108.213 Y107.584 E2.23825
G1 X108.889 Y107.051 E2.27966
G1 X109.672 Y106.743 E2.32014
G1 E0.32014 F2400.000
G92 E0
G1 X116.907 Y110.194 F7800.000
G1 E2.00000 F2400.000
;TYPE:Gap fill
;WIDTH:0.571989
G1 F1200.000
G1 X116.894 Y109.855 E2.02154
;WIDTH:0.596763
G1 X116.881 Y109.667 E2.03403
G1 X116.881 Y107.582 E2.17245
G1 X119.899 Y107.582 F7800.000
G1 F1200.000
G1 X119.899 Y109.667 E2.31088
G1 X119.911 Y109.855 E2.32337
;WIDTH:0.571973
G1 X119.924 Y110.194 E2.34490
G1 E0.34490 F2400.000
G92 E0
G1 X122.644 Y108.860 F7800.000
G1 E2.00000 F2400.000
;WIDTH:0.273069
G1 F1200.000
G1 X122.949 Y108.831 E2.00796
;WIDTH:0.27307
G1 X123.268 Y108.849 E2.01628
G1 E0.01628 F2400.000
G92 E0
G1 X124.306 Y110.645 F7800.000
G1 E2.00000 F2400.000
;WIDTH:0.129062
G1 F1200.000
G1 X124.551 Y110.822 E2.00244
G1 X126.754 Y111.248 F7800.000
;WIDTH:0.165677
G1 F1200.000
G1 X126.542 Y111.314 E2.00525
G1 X126.076 Y110.045 F7800.000
;WIDTH:0.244051
G1 F1200.000
G1 X125.962 Y110.093 E2.00801
;WIDTH:0.253221
G1 X125.758 Y110.079 E2.01284
;WIDTH:0.262002
G1 X125.613 Y110.016 E2.01673
G1 X125.646 Y108.893 F7800.000
;WIDTH:0.249432
G1 F1200.000
G1 X125.939 Y108.857 E2.02355
G1 X126.087 Y108.914 E2.02720
G1 X127.011 Y107.934 F7800.000
;WIDTH:0.152494
G1 F1200.000
G1 X127.116 Y108.022 E2.02871
;WIDTH:0.186608
G1 X127.222 Y108.109 E2.03080
G1 X128.458 Y108.766 F7800.000
;WIDTH:0.13681
G1 F1200.000
G1 X128.445 Y108.978 E2.03271
G1 X128.443 Y109.726 F7800.000
;WIDTH:0.166456
G1 F1200.000
G1 X128.474 Y109.948 E2.03557
;WIDTH:0.214531
G1 X128.505 Y110.170 E2.03976
G1 X130.605 Y112.237 F7800.000
;TYPE:Internal infill
;WIDTH:0.45
G1 F4800.000
G1 X130.008 Y112.332 E2.06880
G1 X129.743 Y112.229 E2.08248
G1 X129.295 Y112.229 E2.10404
G1 X129.287 Y112.590 E2.12138
G1 X129.123 Y112.869 F7800.000
G1 F4800.000
G1 X128.897 Y113.715 E2.16346
G1 X131.211 Y113.715 E2.27474
G1 X134.661 Y111.277 F7800.000
G1 F4800.000
G1 X134.661 Y110.083 E2.33217
G1 X145.056 Y71.285 E4.26401
G1 X147.370 Y71.285 E4.37529
G1 X160.369 Y71.285 F7800.000
G1 F4800.000
G1 X162.683 Y71.285 E4.48657
G1 X163.597 Y72.199 E4.54871
G1 X163.974 Y72.199 E4.56688
G1 X164.219 Y71.285 E4.61237
G1 X168.715 Y71.285 E4.82858
G1 X168.715 Y72.387 E4.88158
G1 X168.084 Y74.740 E4.99872
G1 X167.599 Y73.900 E5.04539
G1 X168.715 Y73.601 E5.10094
G1 X168.715 Y75.914 E5.21222
G1 X166.963 Y107.798 F7800.000
G1 F4800.000
G1 X167.630 Y108.953 E5.27640
G1 X168.715 Y110.038 E5.35017
G1 X168.715 Y111.926 E5.44099
G1 X166.831 Y112.431 E5.53479
G1 X166.617 Y112.801 E5.55534
G1 X165.642 Y112.801 E5.60223
G1 E3.60223 F2400.000
G92 E0
G1 X99.949 Y106.715 F7800.000
G1 E2.00000 F2400.000
G1 F4800.000
G1 X81.285 Y88.051 E3.26951
G1 X81.285 Y87.446 E3.29858
G1 X141.597 Y71.285 E6.30170
G1 X143.051 Y71.285 E6.37160
G1 X168.715 Y96.949 E8.11724
G1 X168.715 Y97.554 E8.14632
G1 X133.774 Y106.916 E9.88613
G1 X133.774 Y107.818 E9.92949
G1 X139.670 Y113.715 E10.33057
G1 X138.478 Y113.715 E10.38791
G1 X149.847 Y71.285 E12.50059
G1 X149.595 Y71.285 E12.51273
G1 X168.715 Y90.405 E13.81324
G1 X168.715 Y90.266 E13.81992
G1 X164.177 Y107.199 E14.66306
G1 X163.383 Y107.199 E14.70128
G1 X162.623 Y108.515 E14.77434
G1 X161.788 Y109.962 F7800.000
G1 F4800.000
G1 X161.766 Y110.000 E14.77648
G1 X162.900 Y111.965 E14.88562
G1 X162.432 Y113.715 E14.97273
G1 X162.040 Y113.715 E14.99156
G1 X165.450 Y112.801 E15.16134
G1 X164.933 Y112.801 E15.18616
G1 X165.847 Y113.715 E15.24830
G1 X167.222 Y113.715 E15.31444
G1 X168.203 Y110.054 E15.49671
G1 X168.234 Y110.000 E15.49971
G1 X168.223 Y109.980 E15.50081
G1 X168.715 Y108.145 E15.59217
G1 X168.715 Y107.135 E15.64075
G1 X166.866 Y107.631 E15.73278
G1 X166.617 Y107.199 E15.75675
G1 X165.876 Y107.199 E15.79241
G1 X129.962 Y71.285 E18.23521
G1 X130.684 Y71.285 E18.26995
G1 X121.191 Y106.715 E20.03408
G1 X119.582 Y106.715 E20.11147
G1 X88.100 Y75.233 E22.25284
G1 X87.549 Y76.186 E22.30580
G1 X90.667 Y75.351 E22.46104
G1 X90.740 Y75.611 E22.47403
G1 X91.044 Y76.195 E22.50569
G1 X82.176 Y109.289 E24.15357
G1 X82.438 Y108.836 E24.17878
G1 X81.285 Y107.683 E24.25718
G1 X81.285 Y106.609 E24.30885
G1 X168.715 Y83.182 E28.66223
G1 X168.715 Y83.861 E28.69489
G1 X156.139 Y71.285 E29.55027
G1 X154.638 Y71.285 E29.62247
G1 X143.269 Y113.715 E31.73515
G1 X144.161 Y113.715 E31.77806
G1 X162.451 Y108.814 E32.68875
G1 X161.900 Y109.767 E32.74171
G1 X123.418 Y71.285 E35.35921
G1 X123.718 Y71.285 E35.37365
G1 X119.452 Y72.428 E35.58605
G1 X118.939 Y72.009 E35.61795
G1 X118.254 Y71.728 E35.65356
G1 X117.536 Y71.642 E35.68837
G1 X117.261 Y71.673 E35.70164
G1 X116.874 Y71.285 E35.72800
G1 X116.312 Y71.285 E35.75500
G1 X116.120 Y72.003 E35.79071
G1 X116.095 Y72.023 E35.79226
G1 X115.453 Y71.736 E35.82608
G1 X114.544 Y71.635 E35.87008
G1 X114.182 Y71.715 E35.88787
G1 X113.889 Y71.715 E35.90199
G1 X113.835 Y71.285 F7800.000
G1 F4800.000
G1 X111.522 Y71.285 E36.01327
G1 X111.407 Y71.715 E36.03464
G1 X110.759 Y71.715 E36.06581
G1 X110.330 Y71.285 E36.09500
G1 X108.016 Y71.285 E36.20628
G1 X108.930 Y71.715 F7800.000
G1 F4800.000
G1 X106.616 Y71.715 E36.31756
G1 X106.731 Y71.285 E36.33893
G1 X105.839 Y71.285 E36.38183
G1 X104.238 Y71.715 E36.46156
G1 X104.215 Y71.715 E36.46268
G1 X103.785 Y71.285 E36.49187
G1 X101.940 Y71.285 E36.58061
G1 X101.825 Y71.715 E36.60197
G1 X101.220 Y71.715 E36.63108
G1 X100.792 Y71.619 E36.65217
G1 X100.362 Y71.715 E36.67335
G1 X97.670 Y71.715 E36.80282
G1 X97.241 Y71.285 E36.83201
G1 X97.150 Y71.285 E36.83641
G1 X97.035 Y71.715 E36.85778
G1 X96.548 Y71.715 E36.88121
G1 X96.210 Y71.285 E36.90748
G1 X96.957 Y71.285 E36.94341
G1 X96.583 Y72.197 F7800.000
;TYPE:Gap fill
;WIDTH:0.167502
G1 F1200.000
G1 X96.682 Y72.715 E36.95020
G1 X96.759 Y73.279 E36.95751
G1 X96.800 Y73.532 F7800.000
;WIDTH:0.15703
G1 F1200.000
G1 X96.829 Y73.636 E36.95875
;WIDTH:0.195679
G1 X96.858 Y73.739 E36.96051
;WIDTH:0.234329
G1 X96.888 Y73.842 E36.96278
;WIDTH:0.272978
G1 X96.917 Y73.945 E36.96557
;WIDTH:0.27971
G1 X97.075 Y74.437 E36.97946
G1 X97.076 Y74.437 F7800.000
;WIDTH:0.356478
G1 F1200.000
G1 X96.794 Y73.534 E37.01394
G1 X96.705 Y75.074 F7800.000
;WIDTH:0.130956
G1 F1200.000
G1 X96.706 Y75.124 E37.01435
;WIDTH:0.130957
G1 X96.673 Y75.206 E37.01509
G1 X98.306 Y74.720 F7800.000
;WIDTH:0.126875
G1 F1200.000
G1 X98.623 Y75.208 E37.01962
G1 E35.01962 F2400.000
G92 E0
G1 X98.153 Y77.188 F7800.000
G1 E2.00000 F2400.000
;TYPE:Internal infill
;WIDTH:0.45
G1 F4800.000
G1 X98.535 Y77.242 E2.01853
G1 X99.331 Y77.134 E2.05719
G1 X99.658 Y76.954 E2.07510
G1 X99.749 Y77.037 E2.08100
G1 X100.365 Y77.166 E2.11128
G1 X92.447 Y106.715 E3.58262
G1 X90.672 Y106.715 E3.66803
G1 X90.672 Y107.253 E3.69390
G1 X94.389 Y108.036 F7800.000
G1 F4800.000
G1 X94.252 Y108.305 E3.70842
G1 X93.761 Y108.233 E3.73229
G1 X93.761 Y108.056 E3.74080
G1 X94.477 Y107.865 E3.77643
G1 X94.503 Y107.813 E3.77923
G1 X93.761 Y107.071 E3.82970
G1 X93.761 Y106.715 E3.84683
G1 X93.405 Y106.715 E3.86396
G1 X81.285 Y94.595 E4.68834
G1 X81.285 Y94.734 E4.69502
G1 X85.823 Y77.801 E5.53816
G1 X86.617 Y77.801 E5.57638
G1 X87.377 Y76.485 E5.64944
G1 X88.212 Y75.038 F7800.000
G1 F4800.000
G1 X88.234 Y75.000 E5.65158
G1 X87.100 Y73.035 E5.76072
G1 X87.568 Y71.285 E5.84782
G1 X87.960 Y71.285 E5.86666
G1 X84.551 Y72.199 E6.03643
G1 X85.066 Y72.199 E6.06124
G1 X84.153 Y71.285 E6.12338
G1 X82.778 Y71.285 E6.18952
G1 X81.797 Y74.946 E6.37179
G1 X81.766 Y75.000 E6.37479
G1 X81.777 Y75.020 E6.37589
G1 X81.285 Y76.855 E6.46725
G1 X81.285 Y77.865 E6.51583
G1 X83.134 Y77.369 E6.60786
G1 X83.383 Y77.801 E6.63183
G1 X84.124 Y77.801 E6.66749
G1 X113.086 Y106.763 E8.63744
G1 X112.761 Y106.820 E8.65333
G1 X112.296 Y107.157 E8.68093
G1 X112.203 Y107.079 E8.68679
G1 X111.581 Y106.821 E8.71915
G1 X119.886 Y75.829 E10.26233
G1 X120.360 Y75.036 E10.30679
G1 X118.789 Y71.285 F7800.000
G1 F4800.000
G1 X121.103 Y71.285 E10.41807
G1 X120.420 Y73.834 E10.54499
G1 X120.655 Y74.187 E10.56535
G1 X120.272 Y74.387 E10.58614
G1 X120.669 Y74.519 E10.60627
G1 X120.459 Y74.871 E10.62596
G1 X159.303 Y113.715 E13.26808
G1 X157.641 Y113.715 E13.34801
G1 X167.824 Y75.711 E15.24036
G1 X167.562 Y76.164 E15.26557
G1 X168.715 Y77.317 E15.34396
G1 X168.715 Y78.391 E15.39564
G1 X81.285 Y101.818 E19.74902
G1 X81.285 Y101.139 E19.78168
G1 X90.672 Y110.525 E20.42011
G1 X90.672 Y108.884 E20.49902
G1 X88.003 Y109.599 E20.63189
G1 X87.238 Y108.275 E20.70544
G1 X95.540 Y77.293 E22.24812
G1 X95.893 Y77.293 E22.26511
G1 X96.251 Y76.839 E22.29292
G1 X126.078 Y106.666 E24.32172
G1 X125.998 Y106.654 E24.32559
G1 X135.475 Y71.285 E26.08671
G1 X136.506 Y71.285 E26.13631
G1 X168.715 Y103.494 E28.32707
G1 X168.715 Y102.345 E28.38233
G1 X134.661 Y111.469 E30.07798
G1 X134.661 Y112.103 E30.10846
G1 X134.099 Y112.180 E30.13573
G1 X133.688 Y113.715 E30.21216
G1 X133.126 Y113.715 E30.23916
G1 X131.641 Y112.229 E30.34017
G1 X131.824 Y112.229 E30.34899
G1 X126.282 Y113.715 E30.62496
G1 X126.582 Y113.715 E30.63940
G1 X125.028 Y112.160 E30.74511
G1 X124.809 Y112.120 E30.75582
G1 X124.579 Y111.950 E30.76958
G1 X124.106 Y113.715 E30.85746
G1 X121.793 Y113.715 E30.96874
G1 X121.844 Y112.127 F7800.000
G1 F4800.000
G1 X121.494 Y111.879 E30.98936
G1 X121.015 Y112.181 E31.01661
G1 X120.166 Y112.304 E31.05787
G1 X119.709 Y112.248 E31.08001
G1 X119.316 Y113.715 E31.15303
G1 X120.038 Y113.715 E31.18777
G1 X118.553 Y112.229 E31.28879
G1 X117.660 Y112.229 E31.33171
G1 X117.148 Y112.304 E31.35660
G1 X116.537 Y112.229 E31.38620
G1 X114.923 Y112.229 E31.46384
G1 X114.525 Y113.715 E31.53779
G1 X113.494 Y113.715 E31.58739
G1 X112.411 Y112.632 E31.66103
G1 X112.395 Y112.645 E31.66200
G1 X113.654 Y112.308 E31.72465
G1 X113.006 Y112.057 E31.75807
G1 X112.895 Y112.238 E31.76831
G1 X112.561 Y112.510 E31.78904
G1 X112.048 Y113.715 F7800.000
G1 F4800.000
G1 X109.734 Y113.715 E31.90032
G1 X109.899 Y113.101 E31.93088
G1 X110.388 Y113.183 E31.95472
G1 X108.403 Y113.715 E32.05355
G1 X106.949 Y113.715 E32.12345
G1 X105.464 Y112.229 E32.22447
G1 X105.341 Y112.229 E32.23038
G1 X104.944 Y113.715 E32.30432
G1 X102.630 Y113.715 E32.41561
G1 X102.865 Y112.229 F7800.000
G1 F4800.000
G1 X100.551 Y112.229 E32.52689
G1 X100.153 Y113.715 E32.60084
G1 X100.405 Y113.715 E32.61298
G1 X98.920 Y112.229 E32.71399
G1 X97.175 Y112.229 E32.79795
G1 X96.614 Y112.319 E32.82527
G1 X93.465 Y113.125 F7800.000
G1 F4800.000
G1 X93.653 Y113.125 E32.83434
G1 X94.538 Y113.009 E32.87724
G1 X95.429 Y112.537 E32.92574
G1 X95.553 Y112.367 E32.93585
G1 X96.185 Y112.198 E32.96731
G1 X95.808 Y112.052 E32.98675
G1 X95.362 Y113.715 E33.06955
G1 X93.861 Y113.715 E33.14175
G1 X93.272 Y113.125 E33.18182
G1 X92.722 Y113.125 E33.20826
G1 X90.524 Y113.715 E33.31773
G1 X90.572 Y113.715 E33.32003
G1 X90.729 Y113.125 E33.34936
G1 X90.672 Y113.125 E33.35214
G1 X90.672 Y110.870 E33.46064
G1 X89.631 Y113.715 F7800.000
G1 F4800.000
G1 X87.317 Y113.715 E33.57192
G1 X86.403 Y112.801 E33.63407
G1 X86.026 Y112.801 E33.65223
G1 X85.781 Y113.715 E33.69772
G1 X81.285 Y113.715 E33.91394
G1 X81.285 Y112.613 E33.96693
G1 X81.916 Y110.260 E34.08408
G1 X82.401 Y111.100 E34.13074
G1 X81.285 Y111.399 E34.18629
G1 X81.285 Y109.086 E34.29757
G1 E32.29757 F2400.000
G92 E0
G1 X130.066 Y108.908 F7800.000
G1 E2.00000 F2400.000
;TYPE:Perimeter
G1 F900.000
G1 X130.239 Y108.941 E2.00850
G1 X130.297 Y109.089 E2.01617
G1 X130.332 Y109.476 E2.03486
G1 X130.298 Y109.869 E2.05383
G1 X130.246 Y110.007 E2.06090
G1 X130.157 Y110.024 E2.06530
G1 X130.050 Y110.004 E2.07053
G1 X129.992 Y109.856 E2.07819
G1 X129.957 Y109.475 E2.09656
G1 X129.991 Y109.101 E2.11462
G1 X130.044 Y108.964 E2.12171
G1 X129.881 Y108.580 F7800.000
;TYPE:External perimeter
G1 F900.000
G1 X130.129 Y108.527 E2.13390
G1 X130.404 Y108.579 E2.14735
G1 X130.566 Y108.718 E2.15762
G1 X130.676 Y109.001 E2.17222
G1 X130.719 Y109.475 E2.19515
G1 X130.678 Y109.955 E2.21830
G1 X130.573 Y110.234 E2.23264
G1 X130.420 Y110.367 E2.24238
G1 X130.157 Y110.417 E2.25527
G1 X129.887 Y110.365 E2.26850
G1 X129.723 Y110.227 E2.27879
G1 X129.613 Y109.946 E2.29332
G1 X129.570 Y109.475 E2.31605
G1 X129.612 Y109.013 E2.33839
G1 X129.724 Y108.724 E2.35329
G1 X129.837 Y108.621 E2.36065
G1 X130.095 Y108.717 F7800.000
G1 E0.36065 F2400.000
G92 E0
G1 X122.348 Y109.953 F7800.000
G1 E2.00000 F2400.000
G1 F900.000
G1 X123.469 Y109.953 E2.05394
G1 X123.293 Y110.271 E2.07142
G1 X123.139 Y110.378 E2.08042
G1 X122.905 Y110.417 E2.09186
G1 X122.676 Y110.374 E2.10306
G1 X122.511 Y110.250 E2.11297
G1 X122.377 Y110.006 E2.12639
G1 X122.730 Y110.072 F7800.000
G1 X122.770 Y110.170
;TYPE:Gap fill
;WIDTH:0.139414
G1 F1200.000
G1 X122.907 Y110.183 E2.12768
;WIDTH:0.139415
G1 X123.059 Y110.171 E2.12911
G1 E0.12911 F2400.000
G92 E0
G1 X113.775 Y108.908 F7800.000
G1 E2.00000 F2400.000
;TYPE:Perimeter
;WIDTH:0.45
G1 F900.000
G1 X113.948 Y108.941 E2.00850
G1 X114.006 Y109.089 E2.01616
G1 X114.041 Y109.476 E2.03486
G1 X114.007 Y109.869 E2.05382
G1 X113.955 Y110.007 E2.06090
G1 X113.866 Y110.024 E2.06530
G1 X113.759 Y110.004 E2.07053
G1 X113.701 Y109.856 E2.07819
G1 X113.666 Y109.475 E2.09656
G1 X113.700 Y109.101 E2.11462
G1 X113.753 Y108.964 E2.12171
G1 X113.590 Y108.580 F7800.000
;TYPE:External perimeter
G1 F900.000
G1 X113.838 Y108.527 E2.13390
G1 X114.113 Y108.579 E2.14734
G1 X114.276 Y108.718 E2.15762
G1 X114.385 Y109.001 E2.17222
G1 X114.428 Y109.475 E2.19515
G1 X114.387 Y109.955 E2.21830
G1 X114.282 Y110.234 E2.23264
G1 X114.129 Y110.367 E2.24238
G1 X113.866 Y110.417 E2.25527
G1 X113.596 Y110.365 E2.26850
G1 X113.432 Y110.227 E2.27879
G1 X113.322 Y109.946 E2.29332
G1 X113.279 Y109.475 E2.31605
G1 X113.321 Y109.013 E2.33838
G1 X113.433 Y108.724 E2.35329
G1 X113.546 Y108.621 E2.36065
G1 X113.804 Y108.717 F7800.000
G1 E0.36065 F2400.000
G92 E0
G1 X103.045 Y109.953 F7800.000
G1 E2.00000 F2400.000
G1 F900.000
G1 X104.166 Y109.953 E2.05393
G1 X103.990 Y110.271 E2.07142
G1 X103.837 Y110.378 E2.08041
G1 X103.602 Y110.417 E2.09185
G1 X103.373 Y110.374 E2.10306
G1 X103.208 Y110.250 E2.11296
G1 X103.074 Y110.006 E2.12638
G1 X103.427 Y110.072 F7800.000
G1 X103.467 Y110.170
;TYPE:Gap fill
;WIDTH:0.139416
G1 F1200.000
G1 X103.605 Y110.183 E2.12768
;WIDTH:0.139415
G1 X103.756 Y110.171 E2.12910
G1 E0.12910 F2400.000
G92 E0
G1 X96.589 Y108.908 F7800.000
G1 E2.00000 F2400.000
;TYPE:Perimeter
;WIDTH:0.45
G1 F900.000
G1 X96.763 Y108.941 E2.00850
G1 X96.820 Y109.089 E2.01617
G1 X96.855 Y109.476 E2.03486
G1 X96.822 Y109.869 E2.05382
G1 X96.770 Y110.007 E2.06090
G1 X96.680 Y110.024 E2.06530
G1 X96.573 Y110.004 E2.07053
G1 X96.515 Y109.856 E2.07819
G1 X96.480 Y109.475 E2.09656
G1 X96.515 Y109.101 E2.11462
G1 X96.568 Y108.964 E2.12171
G1 X96.404 Y108.580 F7800.000
;TYPE:External perimeter
G1 F900.000
G1 X96.652 Y108.527 E2.13390
G1 X96.927 Y108.579 E2.14735
G1 X97.090 Y108.718 E2.15762
G1 X97.200 Y109.001 E2.17223
G1 X97.242 Y109.475 E2.19515
G1 X97.201 Y109.955 E2.21830
G1 X97.097 Y110.234 E2.23265
G1 X96.943 Y110.367 E2.24238
G1 X96.680 Y110.417 E2.25527
G1 X96.410 Y110.365 E2.26850
G1 X96.247 Y110.227 E2.27879
G1 X96.136 Y109.946 E2.29333
G1 X96.093 Y109.475 E2.31606
G1 X96.136 Y109.013 E2.33839
G1 X96.247 Y108.724 E2.35329
G1 X96.360 Y108.621 E2.36065
G1 X96.618 Y108.717 F7800.000
G1 E0.36065 F2400.000
G92 E0
G1 X93.087 Y110.531 F7800.000
G1 E2.00000 F2400.000
;TYPE:Perimeter
G1 F900.000
G1 X93.440 Y110.531 E2.01701
G1 X93.623 Y110.584 E2.02615
G1 X93.621 Y110.759 E2.03455
G1 X93.423 Y110.813 E2.04442
G1 X93.087 Y110.813 E2.06062
G1 X93.087 Y110.591 E2.07133
G1 X92.701 Y110.146 F7800.000
;TYPE:External perimeter
G1 F900.000
G1 X93.496 Y110.145 E2.10955
G1 X94.010 Y110.296 E2.13532
G1 X94.156 Y110.683 E2.15525
G1 X94.008 Y111.052 E2.17437
G1 X93.476 Y111.199 E2.20093
G1 X92.701 Y111.199 E2.23818
G1 X92.701 Y110.206 E2.28594
G1 X93.082 Y110.269 F7800.000
G1 X93.839 Y110.450
;TYPE:Gap fill
;WIDTH:0.156411
G1 F1200.000
G1 X93.859 Y110.566 E2.28728
;WIDTH:0.159021
G1 X93.880 Y110.681 E2.28866
G1 X93.836 Y110.900 E2.29130
G1 E0.29130 F2400.000
G92 E0
G1 X100.522 Y73.637 F7800.000
G1 E2.00000 F2400.000
;TYPE:External perimeter
;WIDTH:0.45
G1 F900.000
G1 X100.637 Y73.508 E2.00831
G1 X100.795 Y73.468 E2.01616
G1 X100.950 Y73.509 E2.02389
G1 X101.066 Y73.642 E2.03239
G1 X101.158 Y73.947 E2.04772
G1 X101.193 Y74.441 E2.07151
G1 X101.160 Y74.949 E2.09603
G1 X101.073 Y75.250 E2.11108
G1 X100.964 Y75.374 E2.11906
G1 X100.802 Y75.415 E2.12705
G1 X100.633 Y75.374 E2.13545
G1 X100.519 Y75.251 E2.14349
G1 X100.431 Y74.953 E2.15842
G1 X100.397 Y74.440 E2.18315
G1 X100.432 Y73.939 E2.20731
G1 X100.505 Y73.695 E2.21958
G1 X100.695 Y73.640 F7800.000
G1 X100.757 Y73.677
;TYPE:Gap fill
;WIDTH:0.413445
G1 F1200.000
G1 X100.795 Y74.014 E2.23437
;WIDTH:0.414516
G1 X100.795 Y74.886 E2.27244
G1 X100.761 Y75.207 E2.28653
G1 E0.28653 F2400.000
G92 E0
G1 X108.513 Y73.539 F7800.000
G1 E2.00000 F2400.000
;TYPE:External perimeter
;WIDTH:0.45
G1 F900.000
G1 X109.286 Y73.564 E2.03721
G1 X109.410 Y73.623 E2.04384
G1 X109.468 Y73.703 E2.04857
G1 X109.488 Y73.816 E2.05407
G1 X109.385 Y74.039 E2.06591
G1 X108.984 Y74.136 E2.08576
G1 X108.513 Y74.136 E2.10842
G1 X108.513 Y73.599 E2.13425
G1 X108.892 Y73.666 F7800.000
G1 X109.277 Y73.773
;TYPE:Gap fill
;WIDTH:0.198322
G1 F1200.000
G1 X109.202 Y73.816 E2.13570
G1 X108.949 Y73.840 E2.13995
G1 X108.705 Y73.839 E2.14401
G1 X108.513 Y74.892 F7800.000
;TYPE:External perimeter
;WIDTH:0.45
G1 F900.000
G1 X109.151 Y74.913 E2.17475
G1 X109.260 Y74.962 E2.18050
G1 X109.308 Y75.023 E2.18421
G1 X109.329 Y75.137 E2.18978
G1 X109.309 Y75.232 E2.19444
G1 X109.267 Y75.278 E2.19745
G1 X109.153 Y75.323 E2.20337
G1 X108.929 Y75.344 E2.21418
G1 X108.513 Y75.344 E2.23421
G1 X108.513 Y74.952 E2.25306
G1 X108.895 Y75.009 F7800.000
G1 X108.705 Y75.119
;TYPE:Gap fill
;WIDTH:0.127941
G1 F1200.000
G1 X108.919 Y75.121 E2.25475
;WIDTH:0.125611
G1 X109.013 Y75.117 E2.25548
G1 E0.25548 F2400.000
G92 E0
G1 X111.226 Y74.764 F7800.000
G1 E2.00000 F2400.000
;TYPE:External perimeter
;WIDTH:0.45
G1 F900.000
G1 X112.012 Y74.772 E2.03779
G1 X112.142 Y74.789 E2.04410
G1 X112.263 Y74.852 E2.05066
G1 X112.327 Y74.937 E2.05577
G1 X112.351 Y75.067 E2.06213
G1 X112.328 Y75.185 E2.06794
G1 X112.268 Y75.259 E2.07249
G1 X112.142 Y75.318 E2.07918
G1 X111.910 Y75.344 E2.09043
G1 X111.226 Y75.344 E2.12330
G1 X111.226 Y74.824 E2.14833
G1 X111.615 Y74.859 F7800.000
G1 X111.419 Y75.055
;TYPE:Gap fill
;WIDTH:0.223299
G1 F1200.000
G1 X112.068 Y75.055 E2.16120
;WIDTH:0.218093
G1 X112.080 Y75.055 E2.16142
;LAYER_CHANGE
;Z:5.12
;HEIGHT:0.3
G1 Z5.120 F7800.000
G1 E0.16142 F2400.000
G92 E0
G1 X126.352 Y109.133 F7800.000
G1 E2.00000 F2400.000
;TYPE:External perimeter
;WIDTH:0.45
G1 F900.000
G1 X127.287 Y109.070 E2.04507
G1 X127.287 Y109.945 E2.08714
G1 X126.332 Y109.875 E2.13317
G1 X126.223 Y110.217 E2.15047
G1 X126.150 Y110.312 E2.15621
G1 X126.040 Y110.373 E2.16228
G1 X125.866 Y110.397 E2.17072
G1 X125.626 Y110.350 E2.18248
G1 X125.488 Y110.231 E2.19127
G1 X125.388 Y109.965 E2.20496
G1 X125.349 Y109.487 E2.22801
G1 X125.391 Y109.021 E2.25051
G1 X125.499 Y108.737 E2.26515
G1 X125.647 Y108.600 E2.27484
G1 X125.873 Y108.551 E2.28595
G1 X126.033 Y108.574 E2.29371
G1 X126.153 Y108.639 E2.30031
G1 X126.239 Y108.747 E2.30693
G1 X126.335 Y109.075 E2.32336
G1 X126.420 Y109.527 F7800.000
G1 E0.32336 F2400.000
G92 E0
G1 X123.951 Y108.929 F7800.000
G1 E2.00000 F2400.000
G1 F900.000
G1 X124.471 Y108.779 E2.02599
G1 X124.428 Y109.128 E2.04290
G1 X123.980 Y109.128 E2.06446
G1 X123.960 Y108.988 E2.07124
G1 X124.351 Y108.907 F7800.000
G1 X122.379 Y108.970
G1 F900.000
G1 X122.497 Y108.720 E2.08456
G1 X122.671 Y108.582 E2.09523
G1 X122.937 Y108.530 E2.10826
G1 X123.156 Y108.555 E2.11885
G1 X123.313 Y108.625 E2.12711
G1 X123.419 Y108.723 E2.13406
G1 X123.636 Y109.128 E2.15617
G1 X122.360 Y109.128 E2.21753
G1 X122.372 Y109.030 E2.22230
G1 X122.589 Y108.789 F7800.000
G1 E0.22230 F2400.000
G92 E0
G1 X126.860 Y110.601 F7800.000
G1 E2.00000 F2400.000
;WIDTH:0.41367
G1 F1800.000
G1 X127.115 Y110.333 E2.01613
;WIDTH:0.429457
G1 X127.317 Y110.368 E2.02549
G1 X127.329 Y110.405 E2.02729
G1 X127.296 Y110.451 E2.02986
;WIDTH:0.290929
G1 X127.196 Y110.588 E2.03464
G1 E0.03464 F2400.000
G92 E0
G1 X128.244 Y108.543 F7800.000
G1 E2.00000 F2400.000
;WIDTH:0.45
G1 F900.000
G1 X128.762 Y108.613 E2.02517
G1 X128.694 Y108.748 E2.03247
G1 X128.601 Y109.493 E2.06857
G1 X128.850 Y110.363 E2.11211
G1 X128.227 Y110.363 E2.14209
G1 X128.238 Y108.603 E2.22677
G1 X128.594 Y108.737 F7800.000
G1 E0.22677 F2400.000
G92 E0
G1 X118.392 Y108.000 F7800.000
G1 E2.00000 F2400.000
;WIDTH:0.732881
G1 F1800.000
G1 X118.392 Y109.756 E2.14644
G1 E0.14644 F2400.000
G92 E0
G1 X105.450 Y109.512 F7800.000
G1 E2.00000 F2400.000
;WIDTH:0.362745
G1 F1800.000
G1 X105.021 Y109.483 E2.01600
;WIDTH:0.324791
G1 X105.006 Y109.463 E2.01683
;WIDTH:0.284046
G1 X104.990 Y109.442 E2.01753
;WIDTH:0.2433
G1 X104.913 Y109.353 E2.02017
G1 X103.368 Y108.582 F7800.000
;WIDTH:0.45
G1 F900.000
G1 X103.634 Y108.530 E2.03321
G1 X103.853 Y108.555 E2.04380
G1 X104.010 Y108.625 E2.05205
G1 X104.116 Y108.723 E2.05900
G1 X104.334 Y109.128 E2.08111
G1 X103.058 Y109.128 E2.14248
G1 X103.076 Y108.970 E2.15013
G1 X103.195 Y108.720 E2.16345
G1 X103.321 Y108.619 E2.17124
G1 X103.590 Y108.737 F7800.000
G1 X102.017 Y109.439
;WIDTH:0.488011
G1 F1800.000
G1 X102.190 Y110.239 E2.21451
;WIDTH:0.534185
G1 X102.363 Y110.664 E2.24134
G1 E0.24134 F2400.000
G92 E0
G1 X99.234 Y108.625 F7800.000
G1 E2.00000 F2400.000
;WIDTH:0.32952
G1 F1800.000
G1 X99.245 Y109.479 E2.02824
G1 X98.525 Y109.527 F7800.000
;WIDTH:0.374014
G1 F1800.000
G1 X97.820 Y110.503 E2.07474
G1 E0.07474 F2400.000
G92 E0
G1 X98.415 Y73.536 F7800.000
G1 E2.00000 F2400.000
;WIDTH:0.45
G1 F900.000
G1 X99.723 Y73.536 E2.06292
G1 X99.643 Y73.739 E2.07342
G1 X99.557 Y74.649 E2.11739
G1 X99.301 Y74.327 E2.13717
G1 X99.067 Y74.099 E2.15287
G1 X98.460 Y73.575 E2.19144
G1 X98.803 Y73.632 F7800.000
G1 E0.19144 F2400.000
G92 E0
G1 X101.953 Y73.788 F7800.000
G1 E2.00000 F2400.000
G1 F900.000
G1 X102.121 Y73.727 E2.00860
G1 X102.355 Y74.015 E2.02648
G1 X102.693 Y74.331 E2.04870
G1 X103.005 Y74.589 E2.06820
G1 X103.238 Y74.824 E2.08413
G1 X103.346 Y75.025 E2.09508
G1 X103.359 Y75.131 E2.10025
G1 X103.337 Y75.267 E2.10688
G1 X103.288 Y75.344 E2.11128
G1 X103.205 Y75.394 E2.11590
G1 X103.064 Y75.415 E2.12277
G1 X102.924 Y75.395 E2.12958
G1 X102.827 Y75.341 E2.13491
G1 X102.763 Y75.260 E2.13989
G1 X102.667 Y74.918 E2.15693
G1 X101.966 Y74.984 E2.19078
G1 X102.017 Y74.439 E2.21709
G1 X101.959 Y73.848 E2.24566
G1 X102.125 Y73.839 F7800.000
G1 X102.940 Y73.536
G1 F900.000
G1 X104.986 Y73.536 E2.34405
G1 X104.986 Y75.082 E2.41840
G1 X104.340 Y74.599 E2.45719
G1 X104.340 Y74.846 E2.46908
G1 X104.146 Y74.878 E2.47851
G1 X104.092 Y74.719 E2.48657
G1 X103.979 Y74.519 E2.49766
G1 X103.827 Y74.327 E2.50943
G1 X103.593 Y74.099 E2.52514
G1 X102.986 Y73.575 E2.56371
G1 X103.329 Y73.632 F7800.000
G1 E0.56371 F2400.000
G92 E0
G1 X112.628 Y74.134 F7800.000
G1 E2.00000 F2400.000
G1 F900.000
G1 X112.851 Y73.784 E2.01996
G1 X113.907 Y73.995 E2.07176
G1 X114.063 Y73.652 E2.08988
G1 X114.169 Y73.557 E2.09675
G1 X114.351 Y73.491 E2.10604
G1 X114.626 Y73.465 E2.11934
G1 X114.906 Y73.493 E2.13284
G1 X115.076 Y73.562 E2.14169
G1 X115.154 Y73.645 E2.14718
G1 X115.183 Y73.775 E2.15357
G1 X115.158 Y73.868 E2.15819
G1 X115.068 Y73.940 E2.16377
G1 X114.826 Y74.025 E2.17611
G1 X114.172 Y74.187 E2.20848
G1 X113.930 Y74.272 E2.22081
G1 X113.743 Y74.369 E2.23094
G1 X113.589 Y74.484 E2.24021
G1 X113.468 Y74.623 E2.24905
G1 X113.379 Y74.783 E2.25787
G1 X113.350 Y74.882 E2.26282
G1 X113.166 Y74.870 E2.27170
G1 X113.140 Y74.707 E2.27965
G1 X112.957 Y74.394 E2.29706
G1 X112.675 Y74.171 E2.31437
G1 X112.998 Y73.982 F7800.000
G1 X114.149 Y75.111
G1 F900.000
G1 X114.278 Y75.015 E2.32211
G1 X114.445 Y74.958 E2.33060
G1 X115.168 Y74.777 E2.36645
G1 X115.438 Y74.675 E2.38032
G1 X115.692 Y74.523 E2.39454
G1 X115.886 Y74.301 E2.40873
G1 X116.005 Y75.106 E2.44787
G1 X115.215 Y74.968 E2.48644
G1 X115.070 Y75.278 E2.50292
G1 X114.988 Y75.352 E2.50823
G1 X114.846 Y75.404 E2.51551
G1 X114.617 Y75.425 E2.52653
G1 X114.368 Y75.401 E2.53858
G1 X114.223 Y75.343 E2.54608
G1 X114.164 Y75.279 E2.55030
G1 X114.141 Y75.171 E2.55561
G1 X114.310 Y75.110 F7800.000
G1 E0.55561 F2400.000
G92 E0
G1 X125.982 Y109.241 F7800.000
G1 E2.00000 F2400.000
;TYPE:Perimeter
G1 F900.000
G1 X126.053 Y109.482 E2.01211
G1 X125.949 Y109.807 E2.02848
G1 X125.760 Y109.786 E2.03763
G1 X125.736 Y109.488 E2.05198
G1 X125.764 Y109.169 E2.06740
G1 X125.955 Y109.150 E2.07661
G1 X125.965 Y109.183 E2.07828
G1 E0.07828 F2400.000
G92 E0
G1 X112.149 Y110.330 F7800.000
G1 E2.00000 F2400.000
G1 F900.000
G1 X111.398 Y110.086 E2.03794
G1 X111.028 Y110.694 E2.07219
G1 X110.927 Y110.776 E2.07845
G1 X110.768 Y110.840 E2.08667
G1 X110.561 Y110.863 E2.09672
G1 X110.221 Y110.801 E2.11332
G1 X110.021 Y110.655 E2.12524
G1 X109.875 Y110.385 E2.14000
G1 X109.813 Y109.939 E2.16167
G1 X109.877 Y109.493 E2.18331
G1 X110.036 Y109.205 E2.19914
G1 X110.251 Y109.044 E2.21207
G1 X110.536 Y108.990 E2.22599
G1 X110.923 Y109.098 E2.24534
G1 X111.617 Y109.911 E2.29674
G1 X111.977 Y109.732 E2.31610
G1 X112.132 Y110.272 E2.34315
G1 E0.34315 F2400.000
G92 E0
G1 X117.279 Y73.990 F7800.000
G1 E2.00000 F2400.000
G1 F900.000
G1 X117.385 Y73.909 E2.00639
G1 X117.526 Y73.882 E2.01331
G1 X117.737 Y73.939 E2.02383
G1 X118.108 Y74.365 E2.05099
G1 X117.773 Y74.934 E2.08275
G1 X117.734 Y74.967 E2.08519
G1 X117.660 Y74.997 E2.08904
G1 X117.554 Y75.010 E2.09418
G1 X117.361 Y74.974 E2.10362
G1 X117.268 Y74.905 E2.10919
G1 X117.186 Y74.751 E2.11760
G1 X117.146 Y74.454 E2.13200
G1 X117.188 Y74.159 E2.14634
G1 X117.251 Y74.042 E2.15269
G1 E0.15269 F2400.000
G92 E0
G1 X104.319 Y73.994 F7800.000
G1 E2.00000 F2400.000
G1 F900.000
G1 X104.343 Y73.922 E2.00368
G1 X104.600 Y73.922 E2.01608
G1 X104.600 Y74.312 E2.03485
G1 X104.290 Y74.080 E2.05349
G1 X104.300 Y74.051 E2.05495
G1 E0.05495 F2400.000
G92 E0
G1 X93.442 Y72.412 F7800.000
G1 E2.00000 F2400.000
G1 F900.000
G1 X93.888 Y71.828 E2.03534
G1 X94.297 Y72.365 E2.06784
G1 X93.968 Y72.317 E2.08384
G1 X93.501 Y72.402 E2.10663
G1 E0.10663 F2400.000
G92 E0
G1 X93.442 Y75.763 F7800.000
G1 E2.00000 F2400.000
G1 F900.000
G1 X93.963 Y75.859 E2.02548
G1 X94.298 Y75.810 E2.04175
G1 X93.888 Y76.348 E2.07429
G1 X93.479 Y75.811 E2.10679
G1 E0.10679 F2400.000
G92 E0
G1 X111.077 Y109.873 F7800.000
G1 E2.00000 F2400.000
G1 F900.000
G1 X110.732 Y110.439 E2.03192
G1 X110.574 Y110.474 E2.03968
G1 X110.377 Y110.438 E2.04929
G1 X110.318 Y110.395 E2.05279
G1 X110.247 Y110.263 E2.05999
G1 X110.203 Y109.940 E2.07568
G1 X110.249 Y109.618 E2.09133
G1 X110.334 Y109.464 E2.09977
G1 X110.411 Y109.406 E2.10442
G1 X110.519 Y109.386 E2.10971
G1 X110.706 Y109.438 E2.11904
G1 X111.038 Y109.827 E2.14365
G1 E0.14365 F2400.000
G92 E0
G1 X119.666 Y73.919 F7800.000
G1 E2.00000 F2400.000
G1 F900.000
G1 X118.475 Y74.501 E2.06374
G1 X119.658 Y74.895 E2.12371
G1 X119.030 Y75.945 E2.18259
G1 X118.607 Y76.298 E2.20906
G1 X118.094 Y76.498 E2.23556
G1 X117.510 Y76.560 E2.26382
G1 X116.714 Y76.425 E2.30265
G1 X116.061 Y75.985 E2.34052
G1 X115.688 Y76.327 E2.36488
G1 X115.182 Y76.508 E2.39070
G1 X114.614 Y76.558 E2.41813
G1 X113.996 Y76.489 E2.44805
G1 X113.440 Y76.242 E2.47729
G1 X113.227 Y75.992 E2.49307
G1 X113.106 Y76.149 E2.50260
G1 X112.570 Y76.419 E2.53147
G1 X111.998 Y76.491 E2.55917
G1 X110.003 Y76.491 E2.65515
G1 X110.003 Y76.262 E2.66612
G1 X109.009 Y76.491 E2.71517
G1 X107.289 Y76.491 E2.79789
G1 X107.289 Y72.389 E2.99514
G1 X109.099 Y72.389 E3.08218
G1 X109.677 Y72.460 E3.11022
G1 X110.003 Y72.618 E3.12762
G1 X110.003 Y72.389 E3.13861
G1 X111.612 Y72.389 E3.21601
G1 X111.612 Y73.187 E3.25438
G1 X111.781 Y73.234 E3.26283
G1 X112.292 Y72.389 E3.31032
G1 X114.256 Y72.389 E3.40477
G1 X114.580 Y72.318 E3.42073
G1 X115.274 Y72.395 E3.45431
G1 X115.857 Y72.656 E3.48504
G1 X116.074 Y72.905 E3.50092
G1 X116.472 Y72.585 E3.52548
G1 X116.978 Y72.384 E3.55167
G1 X117.534 Y72.321 E3.57855
G1 X118.083 Y72.387 E3.60517
G1 X118.590 Y72.595 E3.63151
G1 X119.015 Y72.943 E3.65796
G1 X119.632 Y73.869 E3.71149
G1 E1.71149 F2400.000
G92 E0
G1 X107.675 Y72.775 F7800.000
G1 E2.00000 F2400.000
;TYPE:External perimeter
G1 F1800.000
G1 X109.075 Y72.775 E2.06737
G1 X109.567 Y72.835 E2.09118
G1 X109.978 Y73.034 E2.11316
G1 X110.388 Y73.540 E2.14449
G1 X110.388 Y72.775 E2.18130
G1 X111.226 Y72.775 E2.22161
G1 X111.226 Y74.004 E2.28072
G1 X111.767 Y74.004 E2.30669
G1 X112.510 Y72.775 E2.37577
G1 X113.494 Y72.775 E2.42310
G1 X113.362 Y72.981 E2.43486
G1 X114.601 Y72.708 E2.49585
G1 X115.172 Y72.772 E2.52347
G1 X115.622 Y72.973 E2.54720
G1 X115.925 Y73.322 E2.56943
G1 X116.003 Y73.683 E2.58720
G1 X116.337 Y73.188 E2.61592
G1 X116.668 Y72.922 E2.63635
G1 X117.073 Y72.762 E2.65729
G1 X117.532 Y72.709 E2.67953
G1 X117.985 Y72.763 E2.70147
G1 X118.390 Y72.930 E2.72252
G1 X118.727 Y73.205 E2.74342
G1 X119.101 Y73.766 E2.77587
G1 X118.398 Y74.110 E2.81350
G1 X117.951 Y73.598 E2.84615
G1 X117.541 Y73.486 E2.86661
G1 X117.223 Y73.548 E2.88218
G1 X116.980 Y73.733 E2.89690
G1 X116.816 Y74.036 E2.91348
G1 X116.757 Y74.453 E2.93371
G1 X116.813 Y74.871 E2.95400
G1 X116.969 Y75.163 E2.96990
G1 X117.203 Y75.337 E2.98395
G1 X117.541 Y75.400 E3.00050
G1 X117.759 Y75.374 E3.01102
G1 X117.938 Y75.300 E3.02036
G1 X118.072 Y75.186 E3.02883
G1 X118.275 Y74.841 E3.04806
G1 X119.081 Y75.109 E3.08889
G1 X118.733 Y75.691 E3.12151
G1 X118.409 Y75.961 E3.14180
G1 X118.002 Y76.120 E3.16279
G1 X117.522 Y76.171 E3.18602
G1 X116.860 Y76.059 E3.21829
G1 X116.337 Y75.706 E3.24866
G1 X116.027 Y75.177 E3.27814
G1 X115.771 Y75.728 E3.30735
G1 X115.484 Y75.991 E3.32603
G1 X115.099 Y76.128 E3.34571
G1 X114.618 Y76.170 E3.36892
G1 X114.098 Y76.113 E3.39410
G1 X113.677 Y75.925 E3.41627
G1 X113.396 Y75.597 E3.43705
G1 X113.339 Y75.328 E3.45028
G1 X113.150 Y75.329 E3.45937
G1 X113.115 Y75.507 E3.46807
G1 X112.854 Y75.844 E3.48859
G1 X112.456 Y76.045 E3.51006
G1 X111.974 Y76.105 E3.53339
G1 X110.388 Y76.105 E3.60967
G1 X110.388 Y75.204 E3.65299
G1 X110.262 Y75.175 E3.65922
G1 X110.388 Y75.166 E3.66530
G1 X110.388 Y74.305 E3.70671
G1 X110.222 Y74.256 E3.71503
G1 X110.093 Y74.456 E3.72650
G1 X109.949 Y74.555 E3.73492
G1 X110.128 Y74.878 E3.75271
G1 X110.175 Y75.182 E3.76748
G1 X110.201 Y75.180 E3.76873
G1 X109.851 Y75.902 E3.80730
G1 X108.965 Y76.105 E3.85102
G1 X107.675 Y76.105 E3.91309
G1 X107.675 Y72.835 E4.07036
G1 X107.625 Y72.378 F7800.000
G1 X106.886 Y72.389
;TYPE:Perimeter
G1 F900.000
G1 X106.886 Y73.922 E4.14406
G1 X106.190 Y73.922 E4.17753
G1 X106.190 Y76.491 E4.30109
G1 X105.045 Y76.491 E4.35614
G1 X104.315 Y75.965 E4.39942
G1 X104.149 Y76.203 E4.41338
G1 X103.642 Y76.482 E4.44121
G1 X103.062 Y76.560 E4.46933
G1 X102.514 Y76.483 E4.49595
G1 X102.027 Y76.224 E4.52248
G1 X101.900 Y76.072 E4.53202
G1 X101.536 Y76.410 E4.55593
G1 X100.806 Y76.568 E4.59186
G1 X100.066 Y76.414 E4.62821
G1 X99.705 Y76.086 E4.65166
G1 X99.623 Y76.203 E4.65853
G1 X99.116 Y76.482 E4.68636
G1 X98.537 Y76.560 E4.71448
G1 X97.989 Y76.483 E4.74110
G1 X97.502 Y76.224 E4.76762
G1 X97.147 Y75.799 E4.79425
G1 X96.800 Y74.657 E4.85167
G1 X97.847 Y74.559 E4.90221
G1 X97.552 Y74.284 E4.92162
G1 X97.356 Y74.058 E4.93596
G1 X97.176 Y73.799 E4.95117
G1 X96.975 Y73.404 E4.97245
G1 X96.975 Y72.389 E5.02126
G1 X100.092 Y72.389 E5.17114
G1 X100.092 Y72.466 E5.17482
G1 X100.792 Y72.310 E5.20932
G1 X101.501 Y72.468 E5.24425
G1 X101.501 Y72.389 E5.24805
G1 X106.826 Y72.389 E5.50416
G1 X97.361 Y72.775 F7800.000
;TYPE:External perimeter
G1 F900.000
G1 X99.706 Y72.775 E5.61694
G1 X99.706 Y73.332 E5.64376
G1 X100.251 Y72.826 E5.67954
G1 X100.792 Y72.706 E5.70620
G1 X101.333 Y72.826 E5.73286
G1 X101.886 Y73.338 E5.76913
G1 X101.886 Y72.775 E5.79620
G1 X106.500 Y72.775 E6.01811
G1 X106.500 Y73.536 E6.05471
G1 X105.804 Y73.536 E6.08818
G1 X105.804 Y76.105 E6.21174
G1 X105.169 Y76.105 E6.24226
G1 X104.152 Y75.373 E6.30255
G1 X104.117 Y75.574 E6.31235
G1 X103.884 Y75.909 E6.33199
G1 X103.519 Y76.110 E6.35203
G1 X103.064 Y76.171 E6.37412
G1 X102.635 Y76.110 E6.39492
G1 X102.275 Y75.919 E6.41456
G1 X102.019 Y75.612 E6.43379
G1 X101.984 Y75.497 E6.43958
G1 X101.819 Y75.491 E6.44752
G1 X101.741 Y75.693 E6.45795
G1 X101.351 Y76.056 E6.48356
G1 X100.804 Y76.174 E6.51046
G1 X100.248 Y76.058 E6.53782
G1 X99.852 Y75.699 E6.56352
G1 X99.729 Y75.378 E6.58005
G1 X99.358 Y75.909 E6.61119
G1 X98.993 Y76.110 E6.63123
G1 X98.538 Y76.171 E6.65333
G1 X98.110 Y76.110 E6.67412
G1 X97.750 Y75.919 E6.69376
G1 X97.493 Y75.612 E6.71299
G1 X97.307 Y74.997 E6.74392
G1 X98.142 Y74.918 E6.78427
G1 X98.238 Y75.260 E6.80131
G1 X98.302 Y75.341 E6.80629
G1 X98.399 Y75.395 E6.81162
G1 X98.539 Y75.415 E6.81843
G1 X98.680 Y75.394 E6.82530
G1 X98.762 Y75.344 E6.82992
G1 X98.812 Y75.267 E6.83432
G1 X98.834 Y75.131 E6.84095
G1 X98.821 Y75.025 E6.84612
G1 X98.713 Y74.824 E6.85707
G1 X98.480 Y74.589 E6.87300
G1 X98.167 Y74.331 E6.89250
G1 X97.830 Y74.015 E6.91472
G1 X97.661 Y73.821 E6.92708
G1 X97.508 Y73.600 E6.94002
G1 X97.361 Y73.312 E6.95559
G1 X97.361 Y72.835 E6.97852
G1 X97.338 Y72.376 F7800.000
G1 X95.565 Y71.557
;TYPE:Perimeter
G1 F900.000
G1 X96.116 Y72.258 E7.02140
G1 X96.405 Y72.814 E7.05151
G1 X96.575 Y73.423 E7.08195
G1 X96.630 Y74.084 E7.11383
G1 X96.576 Y74.749 E7.14595
G1 X96.406 Y75.357 E7.17632
G1 X96.118 Y75.915 E7.20651
G1 X95.565 Y76.619 E7.24954
G1 X92.212 Y76.619 E7.41084
G1 X91.660 Y75.918 E7.45372
G1 X91.371 Y75.362 E7.48388
G1 X91.200 Y74.753 E7.51429
G1 X91.145 Y74.092 E7.54616
G1 X91.200 Y73.427 E7.57829
G1 X91.370 Y72.817 E7.60872
G1 X91.659 Y72.260 E7.63892
G1 X92.212 Y71.557 E7.68191
G1 X95.505 Y71.557 E7.84032
G1 X94.460 Y71.943 F7800.000
;TYPE:External perimeter
G1 F900.000
G1 X95.378 Y71.943 E7.88445
G1 X95.791 Y72.468 E7.91657
G1 X96.044 Y72.956 E7.94302
G1 X96.194 Y73.492 E7.96978
G1 X96.243 Y74.084 E7.99836
G1 X96.194 Y74.681 E8.02718
G1 X96.045 Y75.216 E8.05388
G1 X95.792 Y75.706 E8.08041
G1 X95.378 Y76.233 E8.11265
G1 X94.461 Y76.233 E8.15677
G1 X95.052 Y75.456 E8.20376
G1 X95.261 Y75.037 E8.22624
G1 X95.384 Y74.587 E8.24867
G1 X95.425 Y74.088 E8.27278
G1 X95.384 Y73.588 E8.29688
G1 X95.262 Y73.138 E8.31930
G1 X95.054 Y72.722 E8.34172
G1 X94.497 Y71.991 E8.38592
G1 X94.382 Y71.551 F7800.000
G1 X95.127 Y73.822
G1 F900.000
G1 X94.292 Y73.876 E8.42617
G1 X94.199 Y73.563 E8.44189
G1 X94.151 Y73.504 E8.44554
G1 X94.079 Y73.467 E8.44943
G1 X93.978 Y73.452 E8.45433
G1 X93.834 Y73.484 E8.46143
G1 X93.744 Y73.567 E8.46731
G1 X93.670 Y73.761 E8.47730
G1 X93.640 Y74.099 E8.49359
G1 X93.669 Y74.446 E8.51034
G1 X93.735 Y74.626 E8.51956
G1 X93.816 Y74.696 E8.52471
G1 X93.970 Y74.726 E8.53222
G1 X94.075 Y74.710 E8.53736
G1 X94.137 Y74.673 E8.54083
G1 X94.182 Y74.609 E8.54457
G1 X94.272 Y74.298 E8.56017
G1 X95.122 Y74.363 E8.60118
G1 X94.914 Y74.961 E8.63162
G1 X94.677 Y75.238 E8.64914
G1 X94.354 Y75.412 E8.66678
G1 X93.970 Y75.468 E8.68545
G1 X93.480 Y75.378 E8.70943
G1 X93.099 Y75.094 E8.73231
G1 X92.875 Y74.651 E8.75619
G1 X92.806 Y74.090 E8.78335
G1 X92.874 Y73.527 E8.81065
G1 X93.097 Y73.081 E8.83461
G1 X93.480 Y72.797 E8.85753
G1 X93.975 Y72.708 E8.88169
G1 X94.369 Y72.765 E8.90088
G1 X94.700 Y72.943 E8.91895
G1 X94.937 Y73.227 E8.93672
G1 X95.109 Y73.765 E8.96388
G1 X95.205 Y74.214 F7800.000
G1 E6.96388 F2400.000
G92 E0
G1 X92.399 Y71.943 F7800.000
G1 E2.00000 F2400.000
G1 F900.000
G1 X93.315 Y71.943 E2.04407
G1 X92.721 Y72.723 E2.09125
G1 X92.513 Y73.142 E2.11374
G1 X92.392 Y73.592 E2.13612
G1 X92.352 Y74.088 E2.16008
G1 X92.393 Y74.586 E2.18412
G1 X92.514 Y75.038 E2.20661
G1 X92.723 Y75.456 E2.22912
G1 X93.316 Y76.233 E2.27609
G1 X92.399 Y76.233 E2.32019
G1 X91.986 Y75.708 E2.35232
G1 X91.732 Y75.219 E2.37882
G1 X91.582 Y74.684 E2.40554
G1 X91.532 Y74.092 E2.43411
G1 X91.581 Y73.495 E2.46294
G1 X91.731 Y72.959 E2.48969
G1 X91.984 Y72.470 E2.51621
G1 X92.362 Y71.990 E2.54555
G1 X92.476 Y71.551 F7800.000
G1 E0.54555 F2400.000
G92 E0
G1 X124.253 Y107.219 F7800.000
G1 E2.00000 F2400.000
;TYPE:Perimeter
G1 F3600.000
G1 X124.444 Y107.454 E2.01458
G1 X124.929 Y107.095 E2.04360
G1 X125.863 Y106.927 E2.08924
G1 X126.627 Y107.040 E2.12642
G1 X127.049 Y107.270 E2.14952
G1 X127.947 Y106.928 E2.19575
G1 X128.479 Y106.962 E2.22141
G1 X129.151 Y107.096 E2.25434
G1 X130.128 Y106.925 E2.30205
G1 X131.008 Y107.072 E2.34497
G1 X131.008 Y107.004 E2.34825
G1 X133.485 Y107.004 E2.46734
G1 X133.485 Y109.519 E2.58833
G1 X134.372 Y109.427 E2.63122
G1 X134.372 Y111.851 E2.74776
G1 X133.175 Y112.014 E2.80585
G1 X132.654 Y111.940 E2.83115
G1 X130.982 Y111.940 E2.91159
G1 X130.982 Y111.884 E2.91431
G1 X130.040 Y112.034 E2.96019
G1 X129.541 Y111.841 E2.98592
G1 X129.541 Y111.940 E2.99069
G1 X128.998 Y111.940 E3.01681
G1 X128.998 Y112.580 E3.04759
G1 X126.878 Y112.580 E3.14956
G1 X126.734 Y111.940 E3.18111
G1 X126.403 Y111.940 E3.19702
G1 X125.851 Y112.017 E3.22381
G1 X124.927 Y111.848 E3.26900
G1 X124.416 Y111.469 E3.29960
G1 X123.022 Y112.039 E3.37208
G1 X121.957 Y111.853 E3.42408
G1 X121.504 Y111.531 E3.45077
G1 X120.913 Y111.903 E3.48437
G1 X120.162 Y112.012 E3.52083
G1 X119.572 Y111.940 E3.54941
G1 X117.639 Y111.940 E3.64238
G1 X117.145 Y112.012 E3.66642
G1 X116.555 Y111.940 E3.69500
G1 X114.670 Y111.940 E3.78563
G1 X114.672 Y111.887 E3.78821
G1 X113.749 Y112.034 E3.83315
G1 X112.886 Y111.700 E3.87769
G1 X112.674 Y112.045 E3.89716
G1 X112.062 Y112.544 E3.93515
G1 X111.329 Y112.823 E3.97285
G1 X110.503 Y112.909 E4.01278
G1 X109.380 Y112.721 E4.06755
G1 X108.425 Y112.086 E4.12273
G1 X108.000 Y111.374 E4.16258
G1 X107.831 Y111.421 E4.17106
G1 X107.831 Y111.851 E4.19173
G1 X106.634 Y112.014 E4.24982
G1 X106.113 Y111.940 E4.27512
G1 X104.441 Y111.940 E4.35556
G1 X104.442 Y111.743 E4.36503
G1 X103.719 Y112.039 E4.40258
G1 X103.155 Y111.940 E4.43011
G1 X97.152 Y111.940 E4.71886
G1 X96.563 Y112.034 E4.74751
G1 X95.687 Y111.695 E4.79272
G1 X95.235 Y112.312 E4.82953
G1 X94.448 Y112.729 E4.87234
G1 X93.634 Y112.836 E4.91182
G1 X90.961 Y112.836 E5.04041
G1 X90.961 Y107.004 E5.32094
G1 X93.472 Y107.004 E5.44173
G1 X93.472 Y108.513 E5.51431
G1 X93.674 Y108.513 E5.52400
G1 X94.455 Y108.627 E5.56197
G1 X94.468 Y108.518 E5.56725
G1 X94.903 Y107.666 E5.61329
G1 X95.691 Y107.093 E5.66014
G1 X96.651 Y106.925 E5.70701
G1 X97.606 Y107.084 E5.75358
G1 X98.083 Y107.411 E5.78137
G1 X98.197 Y107.004 E5.80169
G1 X102.080 Y107.004 E5.98844
G1 X102.198 Y107.415 E6.00903
G1 X102.663 Y107.089 E6.03639
G1 X103.655 Y106.920 E6.08478
G1 X104.467 Y107.108 E6.12484
G1 X104.467 Y107.004 E6.12984
G1 X106.944 Y107.004 E6.24893
G1 X106.944 Y109.519 E6.36991
G1 X107.717 Y109.439 E6.40729
G1 X107.744 Y109.153 E6.42115
G1 X107.991 Y108.421 E6.45826
G1 X108.427 Y107.784 E6.49540
G1 X109.034 Y107.305 E6.53262
G1 X109.756 Y107.021 E6.56991
G1 X110.542 Y106.933 E6.60795
G1 X111.324 Y107.027 E6.64584
G1 X112.052 Y107.330 E6.68373
G1 X112.285 Y107.523 E6.69831
G1 X112.877 Y107.093 E6.73350
G1 X113.837 Y106.925 E6.78038
G1 X114.712 Y107.071 E6.82306
G1 X114.712 Y107.004 E6.82630
G1 X122.071 Y107.004 E7.18024
G1 X122.071 Y107.071 E7.18349
G1 X122.958 Y106.920 E7.22676
G1 X124.194 Y107.206 E7.28780
G1 X124.037 Y107.565 F7800.000
G1 F3600.000
G1 X124.377 Y107.984 E7.31373
G1 X125.086 Y107.459 E7.35615
G1 X125.869 Y107.317 E7.39442
G1 X126.503 Y107.411 E7.42523
G1 X127.125 Y107.752 E7.45936
G1 X127.157 Y107.642 E7.46489
G1 X128.006 Y107.318 E7.50857
G1 X128.429 Y107.346 E7.52896
G1 X129.251 Y107.509 E7.56928
G1 X129.322 Y107.458 E7.57350
G1 X130.129 Y107.317 E7.61292
G1 X130.935 Y107.451 E7.65222
G1 X131.390 Y107.762 E7.67871
G1 X131.392 Y107.389 E7.69662
G1 X133.099 Y107.389 E7.77872
G1 X133.099 Y109.512 E7.88081
G1 X133.129 Y109.837 E7.89651
G1 X133.167 Y109.940 E7.90178
G1 X133.986 Y109.855 E7.94136
G1 X133.986 Y111.514 E8.02116
G1 X133.176 Y111.624 E8.06048
G1 X132.718 Y111.555 E8.08275
G1 X131.369 Y111.555 E8.14762
G1 X131.371 Y111.217 E8.16387
G1 X130.966 Y111.496 E8.18751
G1 X130.082 Y111.637 E8.23059
G1 X129.156 Y111.278 E8.27838
G1 X129.156 Y111.555 E8.29168
G1 X128.613 Y111.555 E8.31780
G1 X128.613 Y112.195 E8.34858
G1 X127.186 Y112.195 E8.41717
G1 X127.042 Y111.555 E8.44872
G1 X126.561 Y111.555 E8.47186
G1 X126.561 Y111.529 E8.47309
G1 X125.860 Y111.626 E8.50716
G1 X125.085 Y111.485 E8.54504
G1 X124.472 Y111.029 E8.58177
G1 X122.979 Y111.640 E8.65936
G1 X122.109 Y111.488 E8.70183
G1 X121.418 Y110.998 E8.74257
G1 X121.313 Y111.196 E8.75335
G1 X120.777 Y111.533 E8.78385
G1 X120.155 Y111.623 E8.81407
G1 X119.697 Y111.575 E8.83620
G1 X119.644 Y111.555 E8.83896
G1 X118.083 Y111.555 E8.91399
G1 X118.089 Y111.326 E8.92501
G1 X117.759 Y111.533 E8.94377
G1 X117.137 Y111.623 E8.97399
G1 X116.679 Y111.575 E8.99612
G1 X116.626 Y111.555 E8.99888
G1 X115.066 Y111.555 E9.07391
G1 X115.074 Y111.221 E9.08998
G1 X114.675 Y111.496 E9.11328
G1 X113.791 Y111.637 E9.15636
G1 X112.725 Y111.224 E9.21135
G1 X112.379 Y111.787 E9.24313
G1 X111.866 Y112.206 E9.27498
G1 X111.239 Y112.445 E9.30726
G1 X110.515 Y112.520 E9.34225
G1 X109.525 Y112.354 E9.39054
G1 X108.711 Y111.813 E9.43755
G1 X108.208 Y110.968 E9.48484
G1 X108.055 Y109.952 E9.53425
G1 X108.124 Y109.234 E9.56899
G1 X108.339 Y108.595 E9.60140
G1 X108.712 Y108.050 E9.63314
G1 X109.228 Y107.643 E9.66479
G1 X109.850 Y107.399 E9.69689
G1 X110.540 Y107.321 E9.73032
G1 X111.225 Y107.404 E9.76350
G1 X111.850 Y107.663 E9.79604
G1 X112.323 Y108.056 E9.82559
G1 X112.390 Y107.923 E9.83275
G1 X113.031 Y107.458 E9.87084
G1 X113.838 Y107.317 E9.91026
G1 X114.644 Y107.451 E9.94956
G1 X115.098 Y107.761 E9.97598
G1 X115.098 Y107.389 E9.99385
G1 X121.685 Y107.389 E10.31069
G1 X121.685 Y107.757 E10.32836
G1 X122.116 Y107.455 E10.35366
G1 X122.947 Y107.314 E10.39416
G1 X123.979 Y107.552 E10.44511
G1 X128.819 Y107.816 F7800.000
;TYPE:External perimeter
G1 F1800.000
G1 X128.819 Y108.300 E10.46836
G1 X129.476 Y107.822 E10.50746
G1 X130.131 Y107.708 E10.53941
G1 X130.788 Y107.817 E10.57145
G1 X131.291 Y108.162 E10.60079
G1 X131.595 Y108.734 E10.63196
G1 X131.771 Y108.691 E10.64063
G1 X131.776 Y107.775 E10.68469
G1 X132.713 Y107.775 E10.72979
G1 X132.713 Y109.530 E10.81419
G1 X132.750 Y109.924 E10.83324
G1 X132.842 Y110.171 E10.84590
G1 X132.960 Y110.290 E10.85397
G1 X133.130 Y110.331 E10.86237
G1 X133.600 Y110.283 E10.88511
G1 X133.600 Y111.177 E10.92815
G1 X133.177 Y111.235 E10.94871
G1 X132.857 Y111.190 E10.96425
G1 X132.663 Y111.080 E10.97497
G1 X132.658 Y111.169 E10.97926
G1 X131.757 Y111.169 E11.02260
G1 X131.762 Y110.295 E11.06462
G1 X131.583 Y110.253 E11.07345
G1 X131.316 Y110.786 E11.10216
G1 X130.819 Y111.129 E11.13117
G1 X130.124 Y111.240 E11.16503
G1 X128.770 Y110.715 E11.23489
G1 X128.770 Y111.169 E11.25672
G1 X128.227 Y111.169 E11.28283
G1 X128.227 Y111.809 E11.31362
G1 X127.495 Y111.809 E11.34882
G1 X127.351 Y111.169 E11.38037
G1 X126.947 Y111.169 E11.39980
G1 X126.947 Y110.866 E11.41440
G1 X126.355 Y111.168 E11.44638
G1 X125.868 Y111.236 E11.47001
G1 X125.243 Y111.122 E11.50059
G1 X124.761 Y110.764 E11.52943
G1 X124.475 Y110.200 E11.55985
G1 X124.458 Y110.063 E11.56651
G1 X124.268 Y110.049 E11.57566
G1 X124.070 Y110.777 E11.61193
G1 X122.936 Y111.241 E11.67090
G1 X122.261 Y111.123 E11.70384
G1 X121.762 Y110.769 E11.73326
G1 X121.441 Y110.170 E11.76596
G1 X121.274 Y110.201 E11.77413
G1 X121.237 Y110.514 E11.78927
G1 X121.021 Y110.924 E11.81159
G1 X120.640 Y111.163 E11.83318
G1 X120.147 Y111.235 E11.85716
G1 X119.788 Y111.197 E11.87454
G1 X119.394 Y111.046 E11.89479
G1 X119.389 Y111.169 E11.90069
G1 X118.479 Y111.169 E11.94448
G1 X118.501 Y109.988 E12.00129
G1 X118.283 Y109.975 E12.01178
G1 X118.220 Y110.514 E12.03786
G1 X118.003 Y110.924 E12.06018
G1 X117.623 Y111.163 E12.08178
G1 X117.130 Y111.235 E12.10575
G1 X116.770 Y111.197 E12.12314
G1 X116.377 Y111.046 E12.14340
G1 X116.372 Y111.169 E12.14930
G1 X115.462 Y111.169 E12.19308
G1 X115.484 Y110.273 E12.23616
G1 X115.304 Y110.229 E12.24508
G1 X115.025 Y110.786 E12.27509
G1 X114.528 Y111.129 E12.30410
G1 X113.833 Y111.240 E12.33796
G1 X112.683 Y110.794 E12.39729
G1 X112.310 Y109.493 E12.46240
G1 X112.357 Y109.112 E12.48086
G1 X111.715 Y109.432 E12.51538
G1 X111.140 Y108.758 E12.55796
G1 X110.552 Y108.594 E12.58732
G1 X110.092 Y108.682 E12.60987
G1 X109.738 Y108.946 E12.63108
G1 X109.506 Y109.369 E12.65430
G1 X109.424 Y109.938 E12.68193
G1 X109.502 Y110.507 E12.70958
G1 X109.723 Y110.915 E12.73189
G1 X110.065 Y111.165 E12.75225
G1 X110.547 Y111.253 E12.77582
G1 X110.863 Y111.217 E12.79109
G1 X111.125 Y111.113 E12.80467
G1 X111.323 Y110.951 E12.81696
G1 X111.569 Y110.547 E12.83971
G1 X112.502 Y110.850 E12.88688
G1 X112.085 Y111.530 E12.92522
G1 X111.671 Y111.867 E12.95092
G1 X111.149 Y112.066 E12.97778
G1 X110.528 Y112.131 E13.00782
G1 X109.670 Y111.987 E13.04964
G1 X108.998 Y111.540 E13.08848
G1 X108.578 Y110.836 E13.12791
G1 X108.443 Y109.942 E13.17139
G1 X108.504 Y109.315 E13.20170
G1 X108.687 Y108.769 E13.22942
G1 X108.997 Y108.317 E13.25576
G1 X109.422 Y107.981 E13.28184
G1 X109.943 Y107.776 E13.30875
G1 X110.539 Y107.709 E13.33757
G1 X111.126 Y107.780 E13.36603
G1 X111.648 Y107.997 E13.39323
G1 X112.081 Y108.356 E13.42025
G1 X112.374 Y108.803 E13.44598
G1 X112.692 Y108.181 E13.47958
G1 X113.185 Y107.822 E13.50893
G1 X113.840 Y107.708 E13.54088
G1 X114.497 Y107.817 E13.57292
G1 X115.000 Y108.162 E13.60226
G1 X115.308 Y108.740 E13.63379
G1 X115.483 Y108.697 E13.64248
G1 X115.483 Y107.775 E13.68682
G1 X116.422 Y107.775 E13.73198
G1 X116.422 Y109.697 E13.82443
G1 X116.466 Y110.027 E13.84045
G1 X116.577 Y110.238 E13.85188
G1 X116.737 Y110.358 E13.86150
G1 X116.971 Y110.403 E13.87300
G1 X117.125 Y110.390 E13.88043
G1 X117.212 Y110.360 E13.88484
G1 X117.295 Y110.248 E13.89155
G1 X117.327 Y110.102 E13.89874
G1 X117.340 Y107.775 E14.01068
G1 X119.440 Y107.775 E14.11166
G1 X119.440 Y109.697 E14.20411
G1 X119.484 Y110.027 E14.22013
G1 X119.594 Y110.238 E14.23157
G1 X119.754 Y110.358 E14.24118
G1 X119.989 Y110.403 E14.25268
G1 X120.143 Y110.390 E14.26011
G1 X120.229 Y110.360 E14.26452
G1 X120.313 Y110.248 E14.27124
G1 X120.345 Y110.102 E14.27842
G1 X120.358 Y107.775 E14.39037
G1 X121.300 Y107.775 E14.43567
G1 X121.300 Y108.675 E14.47896
G1 X121.476 Y108.718 E14.48768
G1 X121.762 Y108.174 E14.51725
G1 X122.267 Y107.820 E14.54690
G1 X122.935 Y107.707 E14.57951
G1 X123.822 Y107.911 E14.62327
G1 X124.484 Y108.726 E14.67381
G1 X124.760 Y108.180 E14.70325
G1 X125.243 Y107.822 E14.73216
G1 X125.875 Y107.708 E14.76306
G1 X126.378 Y107.782 E14.78749
G1 X126.796 Y108.011 E14.81042
G1 X127.095 Y108.374 E14.83299
G1 X127.136 Y108.506 E14.83966
G1 X127.308 Y108.504 E14.84792
G1 X127.474 Y107.934 E14.87650
G1 X128.065 Y107.708 E14.90691
G1 X128.378 Y107.729 E14.92204
G1 X128.760 Y107.805 E14.94075
G1 X129.218 Y107.835 F7800.000
G1 X104.850 Y107.592
;TYPE:Perimeter
G1 F3600.000
G1 X104.851 Y107.389 E14.95048
G1 X106.558 Y107.389 E15.03258
G1 X106.558 Y109.512 E15.13467
G1 X106.588 Y109.837 E15.15038
G1 X106.626 Y109.940 E15.15564
G1 X107.445 Y109.855 E15.19523
G1 X107.445 Y111.514 E15.27502
G1 X106.635 Y111.624 E15.31434
G1 X106.177 Y111.555 E15.33661
G1 X104.828 Y111.555 E15.40148
G1 X104.830 Y111.168 E15.42009
G1 X103.676 Y111.640 E15.48008
G1 X102.971 Y111.517 E15.51450
G1 X102.982 Y111.555 E15.51641
G1 X101.217 Y111.555 E15.60128
G1 X101.143 Y111.261 E15.61585
G1 X100.963 Y111.261 E15.62452
G1 X100.889 Y111.555 E15.63909
G1 X99.416 Y111.555 E15.70994
G1 X99.341 Y111.268 E15.72419
G1 X99.161 Y111.269 E15.73284
G1 X99.090 Y111.555 E15.74701
G1 X97.324 Y111.555 E15.83197
G1 X97.333 Y111.521 E15.83366
G1 X96.605 Y111.637 E15.86911
G1 X95.450 Y111.189 E15.92871
G1 X95.407 Y111.424 E15.94019
G1 X94.976 Y112.013 E15.97530
G1 X94.329 Y112.356 E16.01050
G1 X93.609 Y112.451 E16.04543
G1 X91.346 Y112.451 E16.15426
G1 X91.346 Y107.389 E16.39769
G1 X93.087 Y107.389 E16.48139
G1 X93.087 Y108.898 E16.55396
G1 X93.646 Y108.898 E16.58085
G1 X94.350 Y109.002 E16.61508
G1 X94.767 Y109.241 E16.63821
G1 X94.843 Y108.633 E16.66767
G1 X95.205 Y107.923 E16.70600
G1 X95.845 Y107.458 E16.74409
G1 X96.653 Y107.317 E16.78351
G1 X97.459 Y107.451 E16.82281
G1 X98.111 Y107.897 E16.86081
G1 X98.266 Y108.189 E16.87670
G1 X98.490 Y107.389 E16.91662
G1 X99.995 Y107.389 E16.98904
G1 X100.048 Y107.600 E16.99947
G1 X100.229 Y107.599 E17.00821
G1 X100.280 Y107.389 E17.01859
G1 X101.789 Y107.389 E17.09119
G1 X102.017 Y108.186 E17.13103
G1 X102.161 Y107.912 E17.14592
G1 X102.814 Y107.455 E17.18424
G1 X103.644 Y107.314 E17.22475
G1 X104.791 Y107.578 E17.28139
G1 X105.214 Y108.766 F7800.000
;TYPE:External perimeter
G1 F1800.000
G1 X104.649 Y108.929 E17.30968
G1 X104.677 Y109.128 E17.31934
G1 X105.227 Y109.128 E17.34581
G1 X105.235 Y107.775 E17.41088
G1 X106.172 Y107.775 E17.45599
G1 X106.172 Y109.530 E17.54038
G1 X106.209 Y109.924 E17.55943
G1 X106.301 Y110.171 E17.57210
G1 X106.419 Y110.290 E17.58016
G1 X106.589 Y110.331 E17.58857
G1 X107.059 Y110.283 E17.61131
G1 X107.059 Y111.177 E17.65435
G1 X106.636 Y111.235 E17.67491
G1 X106.316 Y111.190 E17.69044
G1 X106.122 Y111.080 E17.70117
G1 X106.117 Y111.169 E17.70546
G1 X105.216 Y111.169 E17.74879
G1 X105.223 Y109.869 E17.81131
G1 X105.022 Y109.842 E17.82108
G1 X104.768 Y110.777 E17.86769
G1 X103.633 Y111.241 E17.92665
G1 X102.958 Y111.123 E17.95959
G1 X102.531 Y110.820 E17.98477
G1 X102.397 Y110.915 E17.99266
G1 X102.470 Y111.169 E18.00539
G1 X101.517 Y111.169 E18.05121
G1 X101.142 Y109.683 E18.12492
G1 X100.962 Y109.683 E18.13359
G1 X100.588 Y111.169 E18.20728
G1 X99.714 Y111.169 E18.24933
G1 X99.332 Y109.704 E18.32215
G1 X99.152 Y109.705 E18.33080
G1 X98.789 Y111.169 E18.40336
G1 X97.832 Y111.169 E18.44937
G1 X97.963 Y110.701 E18.47273
G1 X97.343 Y111.129 E18.50895
G1 X96.648 Y111.240 E18.54282
G1 X95.497 Y110.794 E18.60214
G1 X95.124 Y109.493 E18.66726
G1 X95.217 Y108.748 E18.70336
G1 X95.506 Y108.181 E18.73398
G1 X96.000 Y107.822 E18.76333
G1 X96.654 Y107.708 E18.79528
G1 X97.311 Y107.817 E18.82732
G1 X97.815 Y108.162 E18.85666
G1 X98.115 Y108.727 E18.88746
G1 X98.179 Y109.239 E18.91229
G1 X98.368 Y109.253 E18.92140
G1 X98.782 Y107.775 E18.99524
G1 X99.694 Y107.775 E19.03908
G1 X100.053 Y109.223 E19.11084
G1 X100.235 Y109.222 E19.11958
G1 X100.583 Y107.775 E19.19118
G1 X101.498 Y107.775 E19.23519
G1 X101.912 Y109.221 E19.30755
G1 X102.101 Y109.207 E19.31663
G1 X102.159 Y108.745 E19.33899
G1 X102.459 Y108.174 E19.37003
G1 X102.964 Y107.820 E19.39968
G1 X103.632 Y107.707 E19.43230
G1 X104.519 Y107.911 E19.47605
G1 X105.176 Y108.719 E19.52615
G1 X105.411 Y109.114 F7800.000
G1 E17.52615 F2400.000
G92 E0
G1 X91.732 Y107.775 F7800.000
G1 E2.00000 F2400.000
G1 F900.000
G1 X92.701 Y107.775 E2.04661
G1 X92.701 Y109.284 E2.11918
G1 X93.617 Y109.284 E2.16326
G1 X94.221 Y109.373 E2.19262
G1 X94.720 Y109.658 E2.22026
G1 X95.044 Y110.115 E2.24718
G1 X95.149 Y110.691 E2.27534
G1 X95.044 Y111.268 E2.30353
G1 X94.717 Y111.714 E2.33012
G1 X94.210 Y111.982 E2.35773
G1 X93.584 Y112.065 E2.38810
G1 X91.732 Y112.065 E2.47716
G1 X91.732 Y107.835 E2.68061
G1 X91.678 Y107.379 F7800.000
G1 X83.550 Y107.488
;TYPE:Perimeter
G1 F900.000
G1 X86.450 Y107.488 E2.82010
G1 X87.900 Y110.000 E2.95960
G1 X86.450 Y112.512 E3.09910
G1 X83.550 Y112.512 E3.23859
G1 X82.100 Y110.000 E3.37809
G1 X83.520 Y107.540 E3.51470
G1 X83.772 Y107.874 F7800.000
G1 F900.000
G1 X86.228 Y107.874 E3.63278
G1 X87.455 Y110.000 E3.75086
G1 X86.228 Y112.126 E3.86894
G1 X83.772 Y112.126 E3.98702
G1 X82.545 Y110.000 E4.10510
G1 X83.742 Y107.926 E4.22029
G1 E2.22029 F2400.000
G92 E0
G1 X86.005 Y111.740 F7800.000
G1 E2.00000 F2400.000
;TYPE:External perimeter
G1 F900.000
G1 X83.995 Y111.740 E2.09666
G1 X82.990 Y110.000 E2.19333
G1 X83.995 Y108.260 E2.28999
G1 X86.005 Y108.260 E2.38666
G1 X87.010 Y110.000 E2.48332
G1 X86.035 Y111.689 E2.57710
G1 X86.005 Y112.140 F7800.000
G1 E0.57710 F2400.000
G92 E0
G1 X83.550 Y72.488 F7800.000
G1 E2.00000 F2400.000
;TYPE:Perimeter
G1 F900.000
G1 X86.450 Y72.488 E2.13950
G1 X87.900 Y75.000 E2.27899
G1 X86.450 Y77.512 E2.41849
G1 X83.550 Y77.512 E2.55799
G1 X82.100 Y75.000 E2.69749
G1 X83.520 Y72.540 E2.83410
G1 X83.772 Y72.874 F7800.000
G1 F900.000
G1 X86.228 Y72.874 E2.95218
G1 X87.455 Y75.000 E3.07026
G1 X86.228 Y77.126 E3.18834
G1 X83.772 Y77.126 E3.30642
G1 X82.545 Y75.000 E3.42450
G1 X83.742 Y72.926 E3.53970
G1 X86.005 Y73.259 F7800.000
;TYPE:External perimeter
G1 F900.000
G1 X87.010 Y75.000 E3.63636
G1 X86.005 Y76.741 E3.73303
G1 X83.995 Y76.741 E3.82969
G1 X82.990 Y75.000 E3.92636
G1 X83.995 Y73.259 E4.02302
G1 X85.945 Y73.259 E4.11680
G1 X86.351 Y73.059 F7800.000
G1 E2.11680 F2400.000
G92 E0
G1 X163.550 Y72.488 F7800.000
G1 E2.00000 F2400.000
;TYPE:Perimeter
G1 F900.000
G1 X166.450 Y72.488 E2.13950
G1 X167.900 Y75.000 E2.27899
G1 X166.450 Y77.512 E2.41849
G1 X163.550 Y77.512 E2.55799
G1 X162.100 Y75.000 E2.69749
G1 X163.520 Y72.540 E2.83410
G1 X163.772 Y72.874 F7800.000
G1 F900.000
G1 X166.228 Y72.874 E2.95218
G1 X167.455 Y75.000 E3.07026
G1 X166.228 Y77.126 E3.18834
G1 X163.772 Y77.126 E3.30642
G1 X162.545 Y75.000 E3.42450
G1 X163.742 Y72.926 E3.53970
G1 X166.005 Y73.259 F7800.000
;TYPE:External perimeter
G1 F900.000
G1 X167.010 Y75.000 E3.63636
G1 X166.005 Y76.741 E3.73303
G1 X163.995 Y76.741 E3.82969
G1 X162.990 Y75.000 E3.92636
G1 X163.995 Y73.259 E4.02302
G1 X165.945 Y73.259 E4.11680
G1 X166.351 Y73.059 F7800.000
G1 E2.11680 F2400.000
G92 E0
G1 X163.550 Y107.488 F7800.000
G1 E2.00000 F2400.000
;TYPE:Perimeter
G1 F900.000
G1 X166.450 Y107.488 E2.13950
G1 X167.900 Y110.000 E2.27899
G1 X166.450 Y112.512 E2.41849
G1 X163.550 Y112.512 E2.55798
G1 X162.100 Y110.000 E2.69748
G1 X163.520 Y107.540 E2.83409
G1 X163.772 Y107.874 F7800.000
G1 F900.000
G1 X166.228 Y107.874 E2.95217
G1 X167.455 Y110.000 E3.07025
G1 X166.228 Y112.126 E3.18833
G1 X163.772 Y112.126 E3.30641
G1 X162.545 Y110.000 E3.42449
G1 X163.742 Y107.926 E3.53968
G1 E1.53968 F2400.000
G92 E0
G1 X166.005 Y111.740 F7800.000
G1 E2.00000 F2400.000
;TYPE:External perimeter
G1 F900.000
G1 X163.995 Y111.740 E2.09666
G1 X162.990 Y110.000 E2.19333
G1 X163.995 Y108.260 E2.28999
G1 X166.005 Y108.260 E2.38666
G1 X167.010 Y110.000 E2.48332
G1 X166.035 Y111.689 E2.57710
G1 X166.005 Y112.140 F7800.000
G1 E0.57710 F2400.000
G92 E0
G1 X80.996 Y70.996 F7800.000
G1 E2.00000 F2400.000
;TYPE:Perimeter
G1 F3600.000
G1 X92.163 Y70.996 E2.53706
G1 X91.333 Y72.050 E2.60156
G1 X91.009 Y72.675 E2.63543
G1 X90.819 Y73.358 E2.66955
G1 X90.758 Y74.093 E2.70498
G1 X90.819 Y74.822 E2.74016
G1 X91.011 Y75.504 E2.77425
G1 X91.335 Y76.128 E2.80806
G1 X92.024 Y77.004 E2.86170
G1 X95.753 Y77.004 E3.04102
G1 X96.444 Y76.125 E3.09482
G1 X96.695 Y75.638 E3.12118
G1 X96.801 Y75.986 E3.13868
G1 X97.254 Y76.529 E3.17271
G1 X97.868 Y76.855 E3.20613
G1 X98.536 Y76.950 E3.23857
G1 X99.239 Y76.855 E3.27271
G1 X99.699 Y76.602 E3.29797
G1 X99.885 Y76.770 E3.31001
G1 X100.807 Y76.962 E3.35534
G1 X101.721 Y76.765 E3.40031
G1 X101.904 Y76.595 E3.41230
G1 X102.393 Y76.855 E3.43896
G1 X103.061 Y76.950 E3.47140
G1 X103.765 Y76.855 E3.50554
G1 X104.403 Y76.504 E3.54058
G1 X104.921 Y76.876 E3.57128
G1 X106.575 Y76.876 E3.65084
G1 X106.575 Y74.307 E3.77440
G1 X106.903 Y74.307 E3.79018
G1 X106.903 Y76.876 E3.91374
G1 X109.052 Y76.876 E4.01711
G1 X109.617 Y76.747 E4.04498
G1 X109.617 Y76.876 E4.05121
G1 X112.022 Y76.876 E4.16689
G1 X112.684 Y76.794 E4.19895
G1 X113.176 Y76.546 E4.22545
G1 X113.893 Y76.866 E4.26326
G1 X114.610 Y76.945 E4.29791
G1 X115.265 Y76.888 E4.32955
G1 X115.891 Y76.664 E4.36151
G1 X116.097 Y76.475 E4.37500
G1 X116.567 Y76.791 E4.40225
G1 X117.498 Y76.949 E4.44763
G1 X118.186 Y76.876 E4.48093
G1 X118.806 Y76.634 E4.51294
G1 X119.327 Y76.199 E4.54558
G1 X120.236 Y74.680 E4.63072
G1 X119.493 Y74.433 E4.66840
G1 X120.231 Y74.072 E4.70794
G1 X119.304 Y72.681 E4.78832
G1 X118.790 Y72.260 E4.82032
G1 X118.181 Y72.010 E4.85196
G1 X117.535 Y71.933 E4.88326
G1 X116.884 Y72.007 E4.91477
G1 X116.276 Y72.248 E4.94621
G1 X116.138 Y72.359 E4.95470
G1 X115.376 Y72.019 E4.99485
G1 X114.559 Y71.928 E5.03438
G1 X114.214 Y72.004 E5.05139
G1 X109.617 Y72.004 E5.27248
G1 X109.617 Y72.064 E5.27538
G1 X109.122 Y72.004 E5.29937
G1 X101.188 Y72.004 E5.68095
G1 X100.792 Y71.915 E5.70049
G1 X100.394 Y72.004 E5.72009
G1 X96.533 Y72.004 E5.90578
G1 X96.434 Y72.038 E5.91083
G1 X95.614 Y70.996 E5.97460
G1 X169.004 Y70.996 E9.50438
G1 X169.004 Y114.004 E11.57290
G1 X80.996 Y114.004 E15.80576
G1 X80.996 Y71.056 E17.87139
G1 X80.611 Y70.611 F7800.000
G1 F3600.000
G1 X169.389 Y70.611 E22.14134
G1 X169.389 Y114.389 E24.24695
G1 X80.611 Y114.389 E28.51691
G1 X80.611 Y70.671 E30.61963
G1 X80.225 Y70.225 F7800.000
;TYPE:External perimeter
G1 F1800.000
G1 X169.775 Y70.225 E34.92668
G1 X169.775 Y114.775 E37.06938
G1 X80.225 Y114.775 E41.37643
G1 X80.225 Y70.285 E43.51625
G1 X80.620 Y70.286 F7800.000
G1 X84.358 Y72.199
;TYPE:Internal infill
G1 F4800.000
G1 X83.383 Y72.199 E43.56314
G1 X83.169 Y72.569 E43.58370
G1 X81.285 Y73.074 E43.67750
G1 X81.285 Y74.962 E43.76831
G1 X82.370 Y76.047 E43.84209
G1 X83.037 Y77.202 E43.90627
G1 E41.90627 F2400.000
G92 E0
G1 X88.383 Y71.285 F7800.000
G1 E2.00000 F2400.000
G1 F4800.000
G1 X90.697 Y71.285 E2.11128
G1 X91.184 Y71.772 E2.14438
G1 X91.089 Y71.892 E2.15175
G1 X90.738 Y72.569 E2.18838
G1 X90.533 Y73.307 E2.22526
G1 X90.481 Y73.937 E2.25566
G1 E0.25566 F2400.000
G92 E0
G1 X92.789 Y73.019 F7800.000
G1 E2.00000 F2400.000
;TYPE:Gap fill
;WIDTH:0.244274
G1 F1200.000
G1 X93.152 Y72.661 E2.01145
G1 X93.062 Y72.677 F7800.000
;WIDTH:0.181738
G1 F1200.000
G1 X92.896 Y72.929 E2.01586
;WIDTH:0.175347
G1 X92.746 Y73.230 E2.02052
;WIDTH:0.174574
G1 X92.660 Y73.456 E2.02384
;WIDTH:0.125534
G1 X92.579 Y74.086 E2.02869
;WIDTH:0.130754
G1 X92.578 Y74.088 E2.02870
;WIDTH:0.130729
G1 X92.657 Y74.711 E2.03390
;WIDTH:0.125126
G1 X92.748 Y74.949 E2.03583
G1 X92.897 Y75.246 E2.03835
G1 X93.062 Y75.497 E2.04063
G1 X93.151 Y75.514 F7800.000
;WIDTH:0.245003
G1 F1200.000
G1 X92.788 Y75.155 E2.05212
G1 X94.538 Y75.557 F7800.000
;WIDTH:0.14479
G1 F1200.000
G1 X94.668 Y75.514 E2.05349
;WIDTH:0.171199
G1 X94.798 Y75.471 E2.05531
G1 X94.390 Y74.088 F7800.000
;WIDTH:0.153092
G1 F1200.000
G1 X94.644 Y74.090 E2.05812
;WIDTH:0.187802
G1 X94.898 Y74.091 E2.06203
;WIDTH:0.222513
G1 X95.152 Y74.093 E2.06704
;WIDTH:0.222512
G1 X95.226 Y74.020 E2.06909
G1 X94.794 Y72.699 F7800.000
;WIDTH:0.166259
G1 F1200.000
G1 X94.552 Y72.620 E2.07232
G1 X95.438 Y71.084 F7800.000
;WIDTH:0.625535
G1 F1200.000
G1 X92.339 Y71.084 E2.28922
G1 E0.28922 F2400.000
G92 E0
G1 X116.135 Y75.766 F7800.000
G1 E2.00000 F2400.000
;WIDTH:0.158897
G1 F1200.000
G1 X116.051 Y75.694 E2.00130
;WIDTH:0.158895
G1 X116.022 Y75.718 E2.00175
;WIDTH:0.125491
G1 X115.995 Y75.754 E2.00209
G1 X114.954 Y75.070 F7800.000
;WIDTH:0.199304
G1 F1200.000
G1 X114.851 Y75.125 E2.00406
;WIDTH:0.206459
G1 X114.787 Y75.144 E2.00525
;WIDTH:0.20646
G1 X114.618 Y75.173 E2.00829
;WIDTH:0.180214
G1 X114.425 Y75.187 E2.01108
G1 X114.151 Y73.923 F7800.000
;WIDTH:0.278068
G1 F1200.000
G1 X114.421 Y73.801 E2.01896
G1 X114.625 Y73.766 E2.02449
G1 X114.979 Y73.741 E2.03395
G1 X114.056 Y72.606 F7800.000
;WIDTH:0.153039
G1 F1200.000
G1 X113.813 Y72.633 E2.03664
G1 E0.03664 F2400.000
G92 E0
G1 X103.855 Y73.729 F7800.000
G1 E2.00000 F2400.000
;WIDTH:0.201081
G1 F1200.000
G1 X104.009 Y74.158 E2.00777
;WIDTH:0.174561
G1 X104.012 Y74.164 E2.00787
;WIDTH:0.170666
G1 X104.147 Y74.304 E2.01045
G1 X104.120 Y73.980 F7800.000
;WIDTH:0.330195
G1 F1200.000
G1 X103.474 Y73.729 E2.03342
G1 X102.209 Y74.143 F7800.000
;WIDTH:0.331603
G1 F1200.000
G1 X102.470 Y74.743 E2.05523
G1 X102.204 Y74.506 F7800.000
;WIDTH:0.374045
G1 F1200.000
G1 X102.832 Y74.709 E2.08071
G1 X102.831 Y74.720 F7800.000
;WIDTH:0.127097
G1 F1200.000
G1 X103.149 Y75.208 E2.08527
G1 E0.08527 F2400.000
G92 E0
G1 X107.469 Y77.165 F7800.000
G1 E2.00000 F2400.000
;TYPE:Internal infill
;WIDTH:0.45
G1 F4800.000
G1 X105.156 Y77.165 E2.11128
G1 X97.234 Y106.729 E3.58336
G1 X97.717 Y106.810 E3.60690
G1 X97.913 Y106.944 E3.61834
G1 X97.978 Y106.715 E3.62980
G1 X98.769 Y106.715 E3.66787
G1 X168.715 Y87.973 E7.15068
G1 X168.715 Y85.659 E7.26196
G1 X168.715 Y95.077 F7800.000
G1 F4800.000
G1 X168.715 Y92.763 E7.37324
G1 X116.648 Y106.715 E9.96580
G1 X116.401 Y106.715 E9.97771
G1 X125.894 Y71.285 E11.74184
G1 X128.207 Y71.285 E11.85312
G1 X137.952 Y71.285 F7800.000
G1 F4800.000
G1 X140.266 Y71.285 E11.96440
G1 X130.773 Y106.715 E13.72853
G1 X132.670 Y106.715 E13.81981
G1 X103.181 Y77.225 E15.82563
G1 X103.060 Y77.242 E15.83150
G1 X102.303 Y77.134 E15.86830
G1 X102.164 Y77.061 E15.87585
G1 X81.285 Y82.655 E16.91546
G1 X81.285 Y81.506 E16.97072
G1 X106.494 Y106.715 E18.68535
G1 X106.819 Y106.715 E18.70101
G1 X114.721 Y77.226 E20.16936
G1 X115.327 Y77.173 E20.19863
G1 X115.983 Y76.939 E20.23212
G1 X152.759 Y113.715 E22.73357
G1 X152.850 Y113.715 E22.73798
G1 X162.762 Y76.725 E24.57981
G1 X161.997 Y75.401 E24.65336
G1 X81.285 Y97.027 E28.67225
G1 X81.285 Y99.341 E28.78353
G1 X81.285 Y89.923 F7800.000
G1 F4800.000
G1 X81.285 Y92.237 E28.89481
G1 X159.476 Y71.285 E32.78818
G1 X159.428 Y71.285 E32.79048
G1 X148.060 Y113.715 E34.90316
G1 X146.215 Y113.715 E34.99190
G1 X109.665 Y77.165 E37.47793
G1 X109.946 Y77.165 E37.49143
G1 X102.029 Y106.715 E38.96278
G1 X102.298 Y106.715 E38.97573
G1 X102.364 Y106.946 E38.98730
G1 X102.551 Y106.815 E38.99827
G1 X103.664 Y106.626 E39.05257
G1 X104.099 Y106.726 E39.07406
G1 E37.07406 F2400.000
G92 E0
G1 X103.965 Y108.849 F7800.000
G1 E2.00000 F2400.000
;TYPE:Gap fill
;WIDTH:0.27307
G1 F1200.000
G1 X103.646 Y108.831 E2.00832
;WIDTH:0.273069
G1 X103.342 Y108.860 E2.01628
G1 E0.01628 F2400.000
G92 E0
G1 X105.002 Y110.739 F7800.000
G1 E2.00000 F2400.000
;WIDTH:0.141471
G1 F1200.000
G1 X104.980 Y110.898 E2.00154
G1 X107.843 Y111.217 F7800.000
;WIDTH:0.406153
G1 F1200.000
G1 X107.796 Y110.596 E2.02811
;WIDTH:0.288375
G1 X107.749 Y109.947 E2.04629
;WIDTH:0.306528
G1 X107.765 Y109.628 E2.05593
G1 X107.544 Y108.841 F7800.000
;TYPE:Internal infill
;WIDTH:0.45
G1 F4800.000
G1 X107.460 Y109.092 E2.06864
G1 X107.452 Y109.176 E2.07271
G1 X107.233 Y109.198 E2.08329
G1 X107.233 Y107.454 E2.16721
G1 X107.868 Y108.089 E2.21040
G1 X108.213 Y107.584 E2.23980
G1 X108.889 Y107.051 E2.28120
G1 X109.672 Y106.743 E2.32169
G1 E0.32169 F2400.000
G92 E0
G1 X110.395 Y109.593 F7800.000
G1 E2.00000 F2400.000
;TYPE:Solid infill
;WIDTH:0.527124
G1 F1200.000
G1 X110.840 Y110.039 E2.03637
G1 E0.03637 F2400.000
G92 E0
G1 X116.907 Y110.194 F7800.000
G1 E2.00000 F2400.000
;TYPE:Gap fill
;WIDTH:0.571989
G1 F1200.000
G1 X116.894 Y109.855 E2.02154
;WIDTH:0.596763
G1 X116.881 Y109.667 E2.03403
G1 X116.881 Y107.582 E2.17245
G1 X119.899 Y107.582 F7800.000
G1 F1200.000
G1 X119.899 Y109.667 E2.31088
G1 X119.911 Y109.855 E2.32337
;WIDTH:0.571973
G1 X119.924 Y110.194 E2.34490
G1 E0.34490 F2400.000
G92 E0
G1 X122.644 Y108.860 F7800.000
G1 E2.00000 F2400.000
;WIDTH:0.273069
G1 F1200.000
G1 X122.949 Y108.831 E2.00796
;WIDTH:0.27307
G1 X123.268 Y108.849 E2.01628
G1 E0.01628 F2400.000
G92 E0
G1 X124.306 Y110.645 F7800.000
G1 E2.00000 F2400.000
;WIDTH:0.129062
G1 F1200.000
G1 X124.551 Y110.822 E2.00244
G1 X126.754 Y111.248 F7800.000
;WIDTH:0.165677
G1 F1200.000
G1 X126.542 Y111.314 E2.00525
G1 X126.076 Y110.045 F7800.000
;WIDTH:0.244051
G1 F1200.000
G1 X125.962 Y110.093 E2.00801
;WIDTH:0.253221
G1 X125.758 Y110.079 E2.01284
;WIDTH:0.262002
G1 X125.613 Y110.016 E2.01673
G1 X125.646 Y108.893 F7800.000
;WIDTH:0.249432
G1 F1200.000
G1 X125.939 Y108.857 E2.02355
G1 X126.087 Y108.914 E2.02720
G1 X127.011 Y107.934 F7800.000
;WIDTH:0.152495
G1 F1200.000
G1 X127.116 Y108.022 E2.02871
;WIDTH:0.186609
G1 X127.222 Y108.109 E2.03080
G1 X128.458 Y108.766 F7800.000
;WIDTH:0.13681
G1 F1200.000
G1 X128.445 Y108.978 E2.03271
G1 X128.443 Y109.726 F7800.000
;WIDTH:0.166456
G1 F1200.000
G1 X128.474 Y109.948 E2.03557
;WIDTH:0.214531
G1 X128.505 Y110.170 E2.03977
G1 X130.605 Y112.237 F7800.000
;TYPE:Internal infill
;WIDTH:0.45
G1 F4800.000
G1 X130.008 Y112.332 E2.06880
G1 X129.743 Y112.229 E2.08248
G1 X129.295 Y112.229 E2.10404
G1 X129.287 Y112.590 E2.12138
G1 X129.123 Y112.869 F7800.000
G1 F4800.000
G1 X128.897 Y113.715 E2.16346
G1 X131.211 Y113.715 E2.27474
G1 X134.661 Y111.277 F7800.000
G1 F4800.000
G1 X134.661 Y110.083 E2.33217
G1 X145.056 Y71.285 E4.26401
G1 X147.370 Y71.285 E4.37529
G1 X160.369 Y71.285 F7800.000
G1 F4800.000
G1 X162.683 Y71.285 E4.48657
G1 X163.597 Y72.199 E4.54871
G1 X163.974 Y72.199 E4.56688
G1 X164.219 Y71.285 E4.61237
G1 X168.715 Y71.285 E4.82858
G1 X168.715 Y72.387 E4.88158
G1 X168.084 Y74.740 E4.99872
G1 X167.599 Y73.900 E5.04539
G1 X168.715 Y73.601 E5.10094
G1 X168.715 Y75.914 E5.21222
G1 X166.963 Y107.798 F7800.000
G1 F4800.000
G1 X167.630 Y108.953 E5.27640
G1 X168.715 Y110.038 E5.35017
G1 X168.715 Y111.926 E5.44099
G1 X166.831 Y112.431 E5.53479
G1 X166.617 Y112.801 E5.55534
G1 X165.642 Y112.801 E5.60223
G1 E3.60223 F2400.000
G92 E0
G1 X99.949 Y106.715 F7800.000
G1 E2.00000 F2400.000
G1 F4800.000
G1 X81.285 Y88.051 E3.26951
G1 X81.285 Y87.446 E3.29858
G1 X141.597 Y71.285 E6.30170
G1 X143.051 Y71.285 E6.37160
G1 X168.715 Y96.949 E8.11724
G1 X168.715 Y97.554 E8.14632
G1 X133.774 Y106.916 E9.88613
G1 X133.774 Y107.818 E9.92949
G1 X139.670 Y113.715 E10.33057
G1 X138.478 Y113.715 E10.38791
G1 X149.847 Y71.285 E12.50059
G1 X149.595 Y71.285 E12.51273
G1 X168.715 Y90.405 E13.81324
G1 X168.715 Y90.266 E13.81992
G1 X164.177 Y107.199 E14.66306
G1 X163.383 Y107.199 E14.70128
G1 X162.623 Y108.515 E14.77434
G1 X161.788 Y109.962 F7800.000
G1 F4800.000
G1 X161.766 Y110.000 E14.77648
G1 X162.900 Y111.965 E14.88562
G1 X162.432 Y113.715 E14.97273
G1 X162.040 Y113.715 E14.99156
G1 X165.450 Y112.801 E15.16134
G1 X164.933 Y112.801 E15.18616
G1 X165.847 Y113.715 E15.24830
G1 X167.222 Y113.715 E15.31444
G1 X168.203 Y110.054 E15.49671
G1 X168.234 Y110.000 E15.49971
G1 X168.223 Y109.980 E15.50081
G1 X168.715 Y108.145 E15.59217
G1 X168.715 Y107.135 E15.64075
G1 X166.866 Y107.631 E15.73278
G1 X166.617 Y107.199 E15.75675
G1 X165.876 Y107.199 E15.79241
G1 X129.962 Y71.285 E18.23521
G1 X130.684 Y71.285 E18.26995
G1 X121.191 Y106.715 E20.03408
G1 X119.582 Y106.715 E20.11147
G1 X88.100 Y75.233 E22.25284
G1 X87.549 Y76.186 E22.30580
G1 X90.667 Y75.351 E22.46104
G1 X90.740 Y75.611 E22.47403
G1 X91.044 Y76.195 E22.50569
G1 X82.176 Y109.289 E24.15357
G1 X82.438 Y108.836 E24.17878
G1 X81.285 Y107.683 E24.25718
G1 X81.285 Y106.609 E24.30885
G1 X168.715 Y83.182 E28.66223
G1 X168.715 Y83.861 E28.69489
G1 X156.139 Y71.285 E29.55027
G1 X154.638 Y71.285 E29.62247
G1 X143.269 Y113.715 E31.73515
G1 X144.161 Y113.715 E31.77806
G1 X162.451 Y108.814 E32.68875
G1 X161.900 Y109.767 E32.74171
G1 X123.418 Y71.285 E35.35921
G1 X123.718 Y71.285 E35.37365
G1 X119.452 Y72.428 E35.58605
G1 X118.939 Y72.009 E35.61795
G1 X118.254 Y71.728 E35.65356
G1 X117.536 Y71.642 E35.68837
G1 X117.261 Y71.673 E35.70164
G1 X116.874 Y71.285 E35.72800
G1 X116.312 Y71.285 E35.75500
G1 X116.120 Y72.003 E35.79071
G1 X116.095 Y72.023 E35.79226
G1 X115.453 Y71.736 E35.82608
G1 X114.544 Y71.635 E35.87008
G1 X114.182 Y71.715 E35.88787
G1 X113.889 Y71.715 E35.90199
G1 X113.835 Y71.285 F7800.000
G1 F4800.000
G1 X111.522 Y71.285 E36.01327
G1 X111.407 Y71.715 E36.03464
G1 X110.759 Y71.715 E36.06581
G1 X110.330 Y71.285 E36.09500
G1 X108.016 Y71.285 E36.20628
G1 X108.930 Y71.715 F7800.000
G1 F4800.000
G1 X106.616 Y71.715 E36.31756
G1 X106.731 Y71.285 E36.33893
G1 X105.839 Y71.285 E36.38183
G1 X104.238 Y71.715 E36.46156
G1 X104.215 Y71.715 E36.46268
G1 X103.785 Y71.285 E36.49187
G1 X101.940 Y71.285 E36.58061
G1 X101.825 Y71.715 E36.60197
G1 X101.220 Y71.715 E36.63108
G1 X100.792 Y71.619 E36.65217
G1 X100.362 Y71.715 E36.67335
G1 X97.670 Y71.715 E36.80282
G1 X97.241 Y71.285 E36.83201
G1 X97.150 Y71.285 E36.83641
G1 X97.035 Y71.715 E36.85778
G1 X96.548 Y71.715 E36.88121
G1 X96.210 Y71.285 E36.90748
G1 X96.957 Y71.285 E36.94341
G1 X96.583 Y72.197 F7800.000
;TYPE:Gap fill
;WIDTH:0.167502
G1 F1200.000
G1 X96.682 Y72.715 E36.95020
G1 X96.759 Y73.279 E36.95751
G1 X96.800 Y73.532 F7800.000
;WIDTH:0.15703
G1 F1200.000
G1 X96.829 Y73.636 E36.95875
;WIDTH:0.195679
G1 X96.858 Y73.739 E36.96051
;WIDTH:0.234329
G1 X96.888 Y73.842 E36.96278
;WIDTH:0.272978
G1 X96.917 Y73.945 E36.96557
;WIDTH:0.27971
G1 X97.075 Y74.437 E36.97946
G1 X97.076 Y74.437 F7800.000
;WIDTH:0.356478
G1 F1200.000
G1 X96.794 Y73.534 E37.01394
G1 X96.705 Y75.074 F7800.000
;WIDTH:0.130956
G1 F1200.000
G1 X96.706 Y75.124 E37.01435
;WIDTH:0.130957
G1 X96.673 Y75.206 E37.01509
G1 X98.306 Y74.720 F7800.000
;WIDTH:0.126875
G1 F1200.000
G1 X98.623 Y75.208 E37.01962
G1 E35.01962 F2400.000
G92 E0
G1 X98.153 Y77.188 F7800.000
G1 E2.00000 F2400.000
;TYPE:Internal infill
;WIDTH:0.45
G1 F4800.000
G1 X98.535 Y77.242 E2.01853
G1 X99.331 Y77.134 E2.05719
G1 X99.658 Y76.954 E2.07510
G1 X99.749 Y77.037 E2.08100
G1 X100.365 Y77.166 E2.11128
G1 X92.447 Y106.715 E3.58262
G1 X90.672 Y106.715 E3.66803
G1 X90.672 Y107.253 E3.69390
G1 X94.389 Y108.036 F7800.000
G1 F4800.000
G1 X94.252 Y108.305 E3.70842
G1 X93.761 Y108.233 E3.73229
G1 X93.761 Y108.056 E3.74080
G1 X94.477 Y107.865 E3.77643
G1 X94.503 Y107.813 E3.77923
G1 X93.761 Y107.071 E3.82970
G1 X93.761 Y106.715 E3.84683
G1 X93.405 Y106.715 E3.86396
G1 X81.285 Y94.595 E4.68834
G1 X81.285 Y94.734 E4.69502
G1 X85.823 Y77.801 E5.53816
G1 X86.617 Y77.801 E5.57638
G1 X87.377 Y76.485 E5.64944
G1 X88.212 Y75.038 F7800.000
G1 F4800.000
G1 X88.234 Y75.000 E5.65158
G1 X87.100 Y73.035 E5.76072
G1 X87.568 Y71.285 E5.84782
G1 X87.960 Y71.285 E5.86666
G1 X84.551 Y72.199 E6.03643
G1 X85.066 Y72.199 E6.06124
G1 X84.153 Y71.285 E6.12338
G1 X82.778 Y71.285 E6.18952
G1 X81.797 Y74.946 E6.37179
G1 X81.766 Y75.000 E6.37479
G1 X81.777 Y75.020 E6.37589
G1 X81.285 Y76.855 E6.46725
G1 X81.285 Y77.865 E6.51583
G1 X83.134 Y77.369 E6.60786
G1 X83.383 Y77.801 E6.63183
G1 X84.124 Y77.801 E6.66749
G1 X113.086 Y106.763 E8.63744
G1 X112.761 Y106.820 E8.65333
G1 X112.296 Y107.157 E8.68093
G1 X112.203 Y107.079 E8.68679
G1 X111.581 Y106.821 E8.71915
G1 X119.886 Y75.829 E10.26233
G1 X120.360 Y75.036 E10.30679
G1 X118.789 Y71.285 F7800.000
G1 F4800.000
G1 X121.103 Y71.285 E10.41807
G1 X120.420 Y73.834 E10.54499
G1 X120.655 Y74.187 E10.56535
G1 X120.272 Y74.387 E10.58614
G1 X120.669 Y74.519 E10.60627
G1 X120.459 Y74.871 E10.62596
G1 X159.303 Y113.715 E13.26808
G1 X157.641 Y113.715 E13.34801
G1 X167.824 Y75.711 E15.24036
G1 X167.562 Y76.164 E15.26557
G1 X168.715 Y77.317 E15.34396
G1 X168.715 Y78.391 E15.39564
G1 X81.285 Y101.818 E19.74902
G1 X81.285 Y101.139 E19.78168
G1 X90.672 Y110.525 E20.42011
G1 X90.672 Y108.884 E20.49902
G1 X88.003 Y109.599 E20.63190
G1 X87.238 Y108.275 E20.70544
G1 X95.540 Y77.293 E22.24812
G1 X95.893 Y77.293 E22.26511
G1 X96.251 Y76.839 E22.29292
G1 X126.078 Y106.666 E24.32172
G1 X125.998 Y106.654 E24.32559
G1 X135.475 Y71.285 E26.08671
G1 X136.506 Y71.285 E26.13631
G1 X168.715 Y103.494 E28.32707
G1 X168.715 Y102.345 E28.38233
G1 X134.661 Y111.469 E30.07798
G1 X134.661 Y112.103 E30.10846
G1 X134.099 Y112.180 E30.13573
G1 X133.688 Y113.715 E30.21216
G1 X133.126 Y113.715 E30.23916
G1 X131.641 Y112.229 E30.34017
G1 X131.824 Y112.229 E30.34899
G1 X126.282 Y113.715 E30.62496
G1 X126.582 Y113.715 E30.63940
G1 X125.028 Y112.160 E30.74511
G1 X124.809 Y112.120 E30.75582
G1 X124.579 Y111.950 E30.76958
G1 X124.106 Y113.715 E30.85746
G1 X121.793 Y113.715 E30.96874
G1 X121.844 Y112.127 F7800.000
G1 F4800.000
G1 X121.494 Y111.879 E30.98936
G1 X121.015 Y112.181 E31.01661
G1 X120.166 Y112.304 E31.05787
G1 X119.709 Y112.248 E31.08001
G1 X119.316 Y113.715 E31.15303
G1 X120.038 Y113.715 E31.18777
G1 X118.553 Y112.229 E31.28879
G1 X117.660 Y112.229 E31.33171
G1 X117.148 Y112.304 E31.35660
G1 X116.537 Y112.229 E31.38620
G1 X114.923 Y112.229 E31.46384
G1 X114.525 Y113.715 E31.53779
G1 X113.494 Y113.715 E31.58739
G1 X112.411 Y112.632 E31.66103
G1 X112.395 Y112.645 E31.66200
G1 X113.654 Y112.308 E31.72465
G1 X113.006 Y112.057 E31.75807
G1 X112.895 Y112.238 E31.76831
G1 X112.561 Y112.510 E31.78904
G1 X112.048 Y113.715 F7800.000
G1 F4800.000
G1 X109.734 Y113.715 E31.90032
G1 X109.899 Y113.101 E31.93088
G1 X110.388 Y113.183 E31.95472
G1 X108.403 Y113.715 E32.05355
G1 X106.949 Y113.715 E32.12345
G1 X105.464 Y112.229 E32.22447
G1 X105.341 Y112.229 E32.23038
G1 X104.944 Y113.715 E32.30432
G1 X102.630 Y113.715 E32.41561
G1 X102.865 Y112.229 F7800.000
G1 F4800.000
G1 X100.551 Y112.229 E32.52689
G1 X100.153 Y113.715 E32.60084
G1 X100.405 Y113.715 E32.61298
G1 X98.920 Y112.229 E32.71399
G1 X97.175 Y112.229 E32.79795
G1 X96.614 Y112.319 E32.82527
G1 X93.465 Y113.125 F7800.000
G1 F4800.000
G1 X93.653 Y113.125 E32.83434
G1 X94.538 Y113.009 E32.87724
G1 X95.429 Y112.537 E32.92574
G1 X95.553 Y112.367 E32.93585
G1 X96.185 Y112.198 E32.96731
G1 X95.808 Y112.052 E32.98675
G1 X95.362 Y113.715 E33.06955
G1 X93.861 Y113.715 E33.14175
G1 X93.272 Y113.125 E33.18182
G1 X92.722 Y113.125 E33.20826
G1 X90.524 Y113.715 E33.31773
G1 X90.572 Y113.715 E33.32003
G1 X90.729 Y113.125 E33.34936
G1 X90.672 Y113.125 E33.35214
G1 X90.672 Y110.870 E33.46064
G1 X89.631 Y113.715 F7800.000
G1 F4800.000
G1 X87.317 Y113.715 E33.57192
G1 X86.403 Y112.801 E33.63407
G1 X86.026 Y112.801 E33.65223
G1 X85.781 Y113.715 E33.69772
G1 X81.285 Y113.715 E33.91394
G1 X81.285 Y112.613 E33.96693
G1 X81.916 Y110.260 E34.08408
G1 X82.401 Y111.100 E34.13074
G1 X81.285 Y111.399 E34.18629
G1 X81.285 Y109.086 E34.29757
G1 E32.29757 F2400.000
G92 E0
G1 X130.066 Y108.908 F7800.000
G1 E2.00000 F2400.000
;TYPE:Perimeter
G1 F900.000
G1 X130.239 Y108.941 E2.00850
G1 X130.297 Y109.089 E2.01617
G1 X130.332 Y109.476 E2.03486
G1 X130.298 Y109.869 E2.05383
G1 X130.246 Y110.007 E2.06090
G1 X130.157 Y110.024 E2.06530
G1 X130.050 Y110.004 E2.07053
G1 X129.992 Y109.856 E2.07819
G1 X129.957 Y109.475 E2.09656
G1 X129.991 Y109.101 E2.11462
G1 X130.044 Y108.964 E2.12171
G1 X129.881 Y108.580 F7800.000
;TYPE:External perimeter
G1 F900.000
G1 X130.129 Y108.527 E2.13390
G1 X130.404 Y108.579 E2.14735
G1 X130.566 Y108.718 E2.15762
G1 X130.676 Y109.001 E2.17222
G1 X130.719 Y109.475 E2.19515
G1 X130.678 Y109.955 E2.21830
G1 X130.573 Y110.234 E2.23264
G1 X130.420 Y110.367 E2.24238
G1 X130.157 Y110.417 E2.25527
G1 X129.887 Y110.365 E2.26850
G1 X129.723 Y110.227 E2.27879
G1 X129.613 Y109.946 E2.29332
G1 X129.570 Y109.475 E2.31605
G1 X129.612 Y109.013 E2.33839
G1 X129.724 Y108.724 E2.35329
G1 X129.837 Y108.621 E2.36065
G1 X130.095 Y108.717 F7800.000
G1 E0.36065 F2400.000
G92 E0
G1 X122.348 Y109.953 F7800.000
G1 E2.00000 F2400.000
G1 F900.000
G1 X123.469 Y109.953 E2.05394
G1 X123.293 Y110.271 E2.07142
G1 X123.139 Y110.378 E2.08042
G1 X122.905 Y110.417 E2.09186
G1 X122.676 Y110.374 E2.10306
G1 X122.511 Y110.250 E2.11297
G1 X122.377 Y110.006 E2.12639
G1 X122.730 Y110.072 F7800.000
G1 X122.770 Y110.170
;TYPE:Gap fill
;WIDTH:0.139414
G1 F1200.000
G1 X122.907 Y110.183 E2.12768
;WIDTH:0.139415
G1 X123.059 Y110.171 E2.12911
G1 E0.12911 F2400.000
G92 E0
G1 X113.775 Y108.908 F7800.000
G1 E2.00000 F2400.000
;TYPE:Perimeter
;WIDTH:0.45
G1 F900.000
G1 X113.948 Y108.941 E2.00850
G1 X114.006 Y109.089 E2.01616
G1 X114.041 Y109.476 E2.03486
G1 X114.007 Y109.869 E2.05382
G1 X113.955 Y110.007 E2.06090
G1 X113.866 Y110.024 E2.06530
G1 X113.759 Y110.004 E2.07053
G1 X113.701 Y109.856 E2.07819
G1 X113.666 Y109.475 E2.09656
G1 X113.700 Y109.101 E2.11462
G1 X113.753 Y108.964 E2.12171
G1 X113.590 Y108.580 F7800.000
;TYPE:External perimeter
G1 F900.000
G1 X113.838 Y108.527 E2.13390
G1 X114.113 Y108.579 E2.14734
G1 X114.276 Y108.718 E2.15762
G1 X114.385 Y109.001 E2.17222
G1 X114.428 Y109.475 E2.19515
G1 X114.387 Y109.955 E2.21830
G1 X114.282 Y110.234 E2.23264
G1 X114.129 Y110.367 E2.24238
G1 X113.866 Y110.417 E2.25527
G1 X113.596 Y110.365 E2.26850
G1 X113.432 Y110.227 E2.27879
G1 X113.322 Y109.946 E2.29332
G1 X113.279 Y109.475 E2.31605
G1 X113.321 Y109.013 E2.33838
G1 X113.433 Y108.724 E2.35329
G1 X113.546 Y108.621 E2.36065
G1 X113.804 Y108.717 F7800.000
G1 E0.36065 F2400.000
G92 E0
G1 X103.045 Y109.953 F7800.000
G1 E2.00000 F2400.000
G1 F900.000
G1 X104.166 Y109.953 E2.05393
G1 X103.990 Y110.271 E2.07142
G1 X103.837 Y110.378 E2.08041
G1 X103.602 Y110.417 E2.09185
G1 X103.373 Y110.374 E2.10306
G1 X103.208 Y110.250 E2.11296
G1 X103.074 Y110.006 E2.12638
G1 X103.427 Y110.072 F7800.000
G1 X103.467 Y110.170
;TYPE:Gap fill
;WIDTH:0.139416
G1 F1200.000
G1 X103.605 Y110.183 E2.12768
;WIDTH:0.139415
G1 X103.756 Y110.171 E2.12910
G1 E0.12910 F2400.000
G92 E0
G1 X96.589 Y108.908 F7800.000
G1 E2.00000 F2400.000
;TYPE:Perimeter
;WIDTH:0.45
G1 F900.000
G1 X96.763 Y108.941 E2.00850
G1 X96.820 Y109.089 E2.01617
G1 X96.855 Y109.476 E2.03486
G1 X96.822 Y109.869 E2.05382
G1 X96.770 Y110.007 E2.06090
G1 X96.680 Y110.024 E2.06530
G1 X96.573 Y110.004 E2.07053
G1 X96.515 Y109.856 E2.07819
G1 X96.480 Y109.475 E2.09656
G1 X96.515 Y109.101 E2.11462
G1 X96.568 Y108.964 E2.12171
G1 X96.404 Y108.580 F7800.000
;TYPE:External perimeter
G1 F900.000
G1 X96.652 Y108.527 E2.13390
G1 X96.927 Y108.579 E2.14735
G1 X97.090 Y108.718 E2.15762
G1 X97.200 Y109.001 E2.17223
G1 X97.242 Y109.475 E2.19515
G1 X97.201 Y109.955 E2.21830
G1 X97.097 Y110.234 E2.23265
G1 X96.943 Y110.367 E2.24238
G1 X96.680 Y110.417 E2.25527
G1 X96.410 Y110.365 E2.26850
G1 X96.247 Y110.227 E2.27879
G1 X96.136 Y109.946 E2.29333
G1 X96.093 Y109.475 E2.31606
G1 X96.136 Y109.013 E2.33839
G1 X96.247 Y108.724 E2.35329
G1 X96.360 Y108.621 E2.36065
G1 X96.618 Y108.717 F7800.000
G1 E0.36065 F2400.000
G92 E0
G1 X93.087 Y110.531 F7800.000
G1 E2.00000 F2400.000
;TYPE:Perimeter
G1 F900.000
G1 X93.440 Y110.531 E2.01701
G1 X93.623 Y110.584 E2.02615
G1 X93.621 Y110.759 E2.03455
G1 X93.423 Y110.813 E2.04442
G1 X93.087 Y110.813 E2.06062
G1 X93.087 Y110.591 E2.07133
G1 X92.701 Y110.146 F7800.000
;TYPE:External perimeter
G1 F900.000
G1 X93.496 Y110.145 E2.10955
G1 X94.010 Y110.296 E2.13532
G1 X94.156 Y110.683 E2.15525
G1 X94.008 Y111.052 E2.17437
G1 X93.476 Y111.199 E2.20093
G1 X92.701 Y111.199 E2.23818
G1 X92.701 Y110.206 E2.28594
G1 X93.082 Y110.269 F7800.000
G1 X93.839 Y110.450
;TYPE:Gap fill
;WIDTH:0.15641
G1 F1200.000
G1 X93.859 Y110.566 E2.28728
;WIDTH:0.159021
G1 X93.880 Y110.681 E2.28866
G1 X93.836 Y110.900 E2.29130
G1 E0.29130 F2400.000
G92 E0
G1 X100.522 Y73.637 F7800.000
G1 E2.00000 F2400.000
;TYPE:External perimeter
;WIDTH:0.45
G1 F900.000
G1 X100.637 Y73.508 E2.00831
G1 X100.795 Y73.468 E2.01616
G1 X100.950 Y73.509 E2.02389
G1 X101.066 Y73.642 E2.03239
G1 X101.158 Y73.947 E2.04772
G1 X101.193 Y74.441 E2.07151
G1 X101.160 Y74.949 E2.09603
G1 X101.073 Y75.250 E2.11108
G1 X100.964 Y75.374 E2.11906
G1 X100.802 Y75.415 E2.12705
G1 X100.633 Y75.374 E2.13545
G1 X100.519 Y75.251 E2.14349
G1 X100.431 Y74.953 E2.15842
G1 X100.397 Y74.440 E2.18315
G1 X100.432 Y73.939 E2.20731
G1 X100.505 Y73.695 E2.21958
G1 X100.695 Y73.640 F7800.000
G1 X100.757 Y73.677
;TYPE:Gap fill
;WIDTH:0.413445
G1 F1200.000
G1 X100.795 Y74.014 E2.23437
;WIDTH:0.414516
G1 X100.795 Y74.886 E2.27244
G1 X100.761 Y75.207 E2.28653
G1 E0.28653 F2400.000
G92 E0
G1 X108.513 Y73.539 F7800.000
G1 E2.00000 F2400.000
;TYPE:External perimeter
;WIDTH:0.45
G1 F900.000
G1 X109.029 Y73.536 E2.02485
G1 X109.286 Y73.564 E2.03726
G1 X109.410 Y73.623 E2.04390
G1 X109.468 Y73.703 E2.04863
G1 X109.488 Y73.816 E2.05413
G1 X109.385 Y74.039 E2.06596
G1 X108.984 Y74.136 E2.08581
G1 X108.513 Y74.136 E2.10847
G1 X108.513 Y73.599 E2.13431
G1 X108.895 Y73.656 F7800.000
G1 X109.277 Y73.773
;TYPE:Gap fill
;WIDTH:0.198321
G1 F1200.000
G1 X109.202 Y73.816 E2.13575
G1 X108.705 Y73.836 E2.14405
G1 X108.513 Y74.893 F7800.000
;TYPE:External perimeter
;WIDTH:0.45
G1 F900.000
G1 X109.151 Y74.913 E2.17478
G1 X109.260 Y74.962 E2.18054
G1 X109.308 Y75.023 E2.18425
G1 X109.329 Y75.137 E2.18982
G1 X109.309 Y75.232 E2.19448
G1 X109.267 Y75.278 E2.19749
G1 X109.153 Y75.323 E2.20341
G1 X108.929 Y75.344 E2.21422
G1 X108.513 Y75.344 E2.23425
G1 X108.513 Y74.953 E2.25305
G1 X108.895 Y75.010 F7800.000
G1 X108.705 Y75.120
;TYPE:Gap fill
;WIDTH:0.125706
G1 F1200.000
G1 X108.919 Y75.122 E2.25468
;WIDTH:0.122459
G1 X108.982 Y75.120 E2.25514
G1 E0.25514 F2400.000
G92 E0
G1 X111.226 Y74.764 F7800.000
G1 E2.00000 F2400.000
;TYPE:External perimeter
;WIDTH:0.45
G1 F900.000
G1 X111.924 Y74.761 E2.03355
G1 X112.142 Y74.789 E2.04413
G1 X112.263 Y74.852 E2.05070
G1 X112.327 Y74.937 E2.05581
G1 X112.351 Y75.067 E2.06216
G1 X112.328 Y75.185 E2.06797
G1 X112.268 Y75.259 E2.07252
G1 X112.142 Y75.318 E2.07922
G1 X111.910 Y75.344 E2.09047
G1 X111.226 Y75.344 E2.12333
G1 X111.226 Y74.824 E2.14837
G1 X111.616 Y74.856 F7800.000
G1 X111.419 Y75.052
;TYPE:Gap fill
;WIDTH:0.236492
G1 F1200.000
G1 X112.059 Y75.053 E2.16211
;WIDTH:0.223298
G1 X112.068 Y75.055 E2.16229
;WIDTH:0.218093
G1 X112.080 Y75.055 E2.16251
;LAYER_CHANGE
;Z:5.42
;HEIGHT:0.3
G1 Z5.420 F7800.000
G1 E0.16251 F2400.000
G92 E0
G1 X126.352 Y109.133 F7800.000
G1 E2.00000 F2400.000
;TYPE:External perimeter
;WIDTH:0.45
G1 F900.000
G1 X127.287 Y109.070 E2.04507
G1 X127.287 Y109.945 E2.08714
G1 X126.332 Y109.875 E2.13317
G1 X126.223 Y110.217 E2.15047
G1 X126.150 Y110.312 E2.15621
G1 X126.040 Y110.373 E2.16228
G1 X125.866 Y110.397 E2.17072
G1 X125.626 Y110.350 E2.18248
G1 X125.488 Y110.231 E2.19127
G1 X125.388 Y109.965 E2.20496
G1 X125.349 Y109.487 E2.22801
G1 X125.391 Y109.021 E2.25051
G1 X125.499 Y108.737 E2.26515
G1 X125.647 Y108.600 E2.27484
G1 X125.873 Y108.551 E2.28595
G1 X126.033 Y108.574 E2.29371
G1 X126.153 Y108.639 E2.30031
G1 X126.239 Y108.747 E2.30693
G1 X126.335 Y109.075 E2.32336
G1 X126.420 Y109.527 F7800.000
G1 E0.32336 F2400.000
G92 E0
G1 X123.951 Y108.929 F7800.000
G1 E2.00000 F2400.000
G1 F900.000
G1 X124.471 Y108.779 E2.02599
G1 X124.428 Y109.128 E2.04290
G1 X123.980 Y109.128 E2.06446
G1 X123.960 Y108.988 E2.07124
G1 X124.351 Y108.907 F7800.000
G1 X122.379 Y108.970
G1 F900.000
G1 X122.497 Y108.720 E2.08456
G1 X122.671 Y108.582 E2.09523
G1 X122.937 Y108.530 E2.10826
G1 X123.156 Y108.555 E2.11885
G1 X123.313 Y108.625 E2.12711
G1 X123.419 Y108.723 E2.13406
G1 X123.636 Y109.128 E2.15617
G1 X122.360 Y109.128 E2.21753
G1 X122.372 Y109.030 E2.22230
G1 X122.589 Y108.789 F7800.000
G1 E0.22230 F2400.000
G92 E0
G1 X126.860 Y110.601 F7800.000
G1 E2.00000 F2400.000
;WIDTH:0.41367
G1 F1800.000
G1 X127.115 Y110.333 E2.01613
;WIDTH:0.429457
G1 X127.317 Y110.368 E2.02549
G1 X127.329 Y110.405 E2.02729
G1 X127.296 Y110.451 E2.02986
;WIDTH:0.290929
G1 X127.196 Y110.588 E2.03464
G1 E0.03464 F2400.000
G92 E0
G1 X128.244 Y108.543 F7800.000
G1 E2.00000 F2400.000
;WIDTH:0.45
G1 F900.000
G1 X128.762 Y108.613 E2.02517
G1 X128.694 Y108.748 E2.03247
G1 X128.601 Y109.493 E2.06857
G1 X128.850 Y110.363 E2.11211
G1 X128.227 Y110.363 E2.14209
G1 X128.238 Y108.603 E2.22677
G1 X128.594 Y108.737 F7800.000
G1 E0.22677 F2400.000
G92 E0
G1 X118.392 Y108.000 F7800.000
G1 E2.00000 F2400.000
;WIDTH:0.732881
G1 F1800.000
G1 X118.392 Y109.756 E2.14644
G1 E0.14644 F2400.000
G92 E0
G1 X105.450 Y109.512 F7800.000
G1 E2.00000 F2400.000
;WIDTH:0.362745
G1 F1800.000
G1 X105.021 Y109.483 E2.01600
;WIDTH:0.324791
G1 X105.006 Y109.463 E2.01683
;WIDTH:0.284046
G1 X104.990 Y109.442 E2.01753
;WIDTH:0.2433
G1 X104.913 Y109.353 E2.02017
G1 X103.368 Y108.582 F7800.000
;WIDTH:0.45
G1 F900.000
G1 X103.634 Y108.530 E2.03321
G1 X103.853 Y108.555 E2.04380
G1 X104.010 Y108.625 E2.05205
G1 X104.116 Y108.723 E2.05900
G1 X104.334 Y109.128 E2.08111
G1 X103.058 Y109.128 E2.14248
G1 X103.076 Y108.970 E2.15013
G1 X103.195 Y108.720 E2.16345
G1 X103.321 Y108.619 E2.17124
G1 X103.590 Y108.737 F7800.000
G1 X102.017 Y109.439
;WIDTH:0.488011
G1 F1800.000
G1 X102.190 Y110.239 E2.21451
;WIDTH:0.534185
G1 X102.363 Y110.664 E2.24134
G1 E0.24134 F2400.000
G92 E0
G1 X99.234 Y108.625 F7800.000
G1 E2.00000 F2400.000
;WIDTH:0.32952
G1 F1800.000
G1 X99.245 Y109.479 E2.02824
G1 X98.525 Y109.527 F7800.000
;WIDTH:0.374014
G1 F1800.000
G1 X97.820 Y110.503 E2.07474
G1 E0.07474 F2400.000
G92 E0
G1 X98.415 Y73.536 F7800.000
G1 E2.00000 F2400.000
;WIDTH:0.45
G1 F900.000
G1 X99.723 Y73.536 E2.06292
G1 X99.643 Y73.739 E2.07342
G1 X99.557 Y74.649 E2.11739
G1 X99.301 Y74.327 E2.13717
G1 X99.067 Y74.099 E2.15287
G1 X98.460 Y73.575 E2.19144
G1 X98.803 Y73.632 F7800.000
G1 E0.19144 F2400.000
G92 E0
G1 X101.953 Y73.788 F7800.000
G1 E2.00000 F2400.000
G1 F900.000
G1 X102.121 Y73.727 E2.00860
G1 X102.355 Y74.015 E2.02648
G1 X102.693 Y74.331 E2.04870
G1 X103.005 Y74.589 E2.06820
G1 X103.238 Y74.824 E2.08413
G1 X103.346 Y75.025 E2.09508
G1 X103.359 Y75.131 E2.10025
G1 X103.337 Y75.267 E2.10688
G1 X103.288 Y75.344 E2.11128
G1 X103.205 Y75.394 E2.11590
G1 X103.064 Y75.415 E2.12277
G1 X102.924 Y75.395 E2.12958
G1 X102.827 Y75.341 E2.13491
G1 X102.763 Y75.260 E2.13989
G1 X102.667 Y74.918 E2.15693
G1 X101.966 Y74.984 E2.19078
G1 X102.017 Y74.439 E2.21709
G1 X101.959 Y73.848 E2.24566
G1 X102.125 Y73.839 F7800.000
G1 X102.940 Y73.536
G1 F900.000
G1 X104.986 Y73.536 E2.34405
G1 X104.986 Y75.082 E2.41840
G1 X104.340 Y74.599 E2.45719
G1 X104.340 Y74.846 E2.46908
G1 X104.146 Y74.878 E2.47851
G1 X104.092 Y74.719 E2.48657
G1 X103.979 Y74.519 E2.49766
G1 X103.827 Y74.327 E2.50943
G1 X103.593 Y74.099 E2.52514
G1 X102.986 Y73.575 E2.56371
G1 X103.329 Y73.632 F7800.000
G1 E0.56371 F2400.000
G92 E0
G1 X112.628 Y74.134 F7800.000
G1 E2.00000 F2400.000
G1 F900.000
G1 X112.851 Y73.784 E2.01996
G1 X113.907 Y73.995 E2.07176
G1 X114.063 Y73.652 E2.08988
G1 X114.169 Y73.557 E2.09675
G1 X114.351 Y73.491 E2.10604
G1 X114.626 Y73.465 E2.11934
G1 X114.906 Y73.493 E2.13284
G1 X115.076 Y73.562 E2.14169
G1 X115.154 Y73.645 E2.14718
G1 X115.183 Y73.775 E2.15357
G1 X115.158 Y73.868 E2.15819
G1 X115.068 Y73.940 E2.16377
G1 X114.826 Y74.025 E2.17611
G1 X114.172 Y74.187 E2.20848
G1 X113.930 Y74.272 E2.22081
G1 X113.743 Y74.369 E2.23094
G1 X113.589 Y74.484 E2.24021
G1 X113.468 Y74.623 E2.24905
G1 X113.379 Y74.783 E2.25787
G1 X113.350 Y74.882 E2.26282
G1 X113.166 Y74.870 E2.27170
G1 X113.140 Y74.707 E2.27965
G1 X112.957 Y74.394 E2.29706
G1 X112.675 Y74.171 E2.31437
G1 X112.998 Y73.982 F7800.000
G1 X114.149 Y75.111
G1 F900.000
G1 X114.278 Y75.015 E2.32211
G1 X114.445 Y74.958 E2.33060
G1 X115.168 Y74.777 E2.36645
G1 X115.438 Y74.675 E2.38032
G1 X115.692 Y74.523 E2.39454
G1 X115.886 Y74.301 E2.40873
G1 X116.005 Y75.106 E2.44787
G1 X115.215 Y74.968 E2.48644
G1 X115.070 Y75.278 E2.50292
G1 X114.988 Y75.352 E2.50823
G1 X114.846 Y75.404 E2.51551
G1 X114.617 Y75.425 E2.52653
G1 X114.368 Y75.401 E2.53858
G1 X114.223 Y75.343 E2.54608
G1 X114.164 Y75.279 E2.55030
G1 X114.141 Y75.171 E2.55561
G1 X114.310 Y75.110 F7800.000
G1 E0.55561 F2400.000
G92 E0
G1 X125.982 Y109.241 F7800.000
G1 E2.00000 F2400.000
;TYPE:Perimeter
G1 F900.000
G1 X126.053 Y109.482 E2.01211
G1 X125.949 Y109.807 E2.02848
G1 X125.760 Y109.786 E2.03763
G1 X125.736 Y109.488 E2.05198
G1 X125.764 Y109.169 E2.06740
G1 X125.955 Y109.150 E2.07661
G1 X125.965 Y109.183 E2.07828
G1 E0.07828 F2400.000
G92 E0
G1 X112.149 Y110.330 F7800.000
G1 E2.00000 F2400.000
G1 F900.000
G1 X111.398 Y110.086 E2.03794
G1 X111.028 Y110.694 E2.07219
G1 X110.927 Y110.776 E2.07845
G1 X110.768 Y110.840 E2.08667
G1 X110.561 Y110.863 E2.09672
G1 X110.221 Y110.801 E2.11332
G1 X110.021 Y110.655 E2.12524
G1 X109.875 Y110.385 E2.14000
G1 X109.813 Y109.939 E2.16167
G1 X109.877 Y109.493 E2.18331
G1 X110.036 Y109.205 E2.19914
G1 X110.251 Y109.044 E2.21207
G1 X110.536 Y108.990 E2.22599
G1 X110.923 Y109.098 E2.24534
G1 X111.617 Y109.911 E2.29674
G1 X111.977 Y109.732 E2.31610
G1 X112.132 Y110.272 E2.34315
G1 E0.34315 F2400.000
G92 E0
G1 X117.279 Y73.990 F7800.000
G1 E2.00000 F2400.000
G1 F900.000
G1 X117.385 Y73.909 E2.00639
G1 X117.526 Y73.882 E2.01331
G1 X117.737 Y73.939 E2.02383
G1 X118.108 Y74.365 E2.05099
G1 X117.773 Y74.934 E2.08275
G1 X117.734 Y74.967 E2.08519
G1 X117.660 Y74.997 E2.08904
G1 X117.554 Y75.010 E2.09418
G1 X117.361 Y74.974 E2.10362
G1 X117.268 Y74.905 E2.10919
G1 X117.186 Y74.751 E2.11760
G1 X117.146 Y74.454 E2.13200
G1 X117.188 Y74.159 E2.14634
G1 X117.251 Y74.042 E2.15269
G1 E0.15269 F2400.000
G92 E0
G1 X104.319 Y73.994 F7800.000
G1 E2.00000 F2400.000
G1 F900.000
G1 X104.343 Y73.922 E2.00368
G1 X104.600 Y73.922 E2.01608
G1 X104.600 Y74.312 E2.03485
G1 X104.290 Y74.080 E2.05349
G1 X104.300 Y74.051 E2.05495
G1 E0.05495 F2400.000
G92 E0
G1 X93.442 Y72.412 F7800.000
G1 E2.00000 F2400.000
G1 F900.000
G1 X93.888 Y71.828 E2.03534
G1 X94.297 Y72.365 E2.06784
G1 X93.968 Y72.317 E2.08384
G1 X93.501 Y72.402 E2.10663
G1 E0.10663 F2400.000
G92 E0
G1 X93.442 Y75.763 F7800.000
G1 E2.00000 F2400.000
G1 F900.000
G1 X93.963 Y75.859 E2.02548
G1 X94.298 Y75.810 E2.04175
G1 X93.888 Y76.348 E2.07429
G1 X93.479 Y75.811 E2.10679
G1 E0.10679 F2400.000
G92 E0
G1 X111.077 Y109.873 F7800.000
G1 E2.00000 F2400.000
G1 F900.000
G1 X110.732 Y110.439 E2.03192
G1 X110.574 Y110.474 E2.03968
G1 X110.377 Y110.438 E2.04929
G1 X110.318 Y110.395 E2.05279
G1 X110.247 Y110.263 E2.05999
G1 X110.203 Y109.940 E2.07568
G1 X110.249 Y109.618 E2.09133
G1 X110.334 Y109.464 E2.09977
G1 X110.411 Y109.406 E2.10442
G1 X110.519 Y109.386 E2.10971
G1 X110.706 Y109.438 E2.11904
G1 X111.038 Y109.827 E2.14365
G1 E0.14365 F2400.000
G92 E0
G1 X119.666 Y73.919 F7800.000
G1 E2.00000 F2400.000
G1 F900.000
G1 X118.475 Y74.501 E2.06374
G1 X119.658 Y74.895 E2.12371
G1 X119.030 Y75.945 E2.18259
G1 X118.607 Y76.298 E2.20906
G1 X118.094 Y76.498 E2.23556
G1 X117.510 Y76.560 E2.26382
G1 X116.714 Y76.425 E2.30265
G1 X116.061 Y75.985 E2.34052
G1 X115.688 Y76.327 E2.36488
G1 X115.182 Y76.508 E2.39070
G1 X114.614 Y76.558 E2.41813
G1 X113.996 Y76.489 E2.44805
G1 X113.440 Y76.242 E2.47729
G1 X113.227 Y75.992 E2.49307
G1 X113.106 Y76.149 E2.50260
G1 X112.570 Y76.419 E2.53147
G1 X111.998 Y76.491 E2.55917
G1 X110.003 Y76.491 E2.65515
G1 X110.003 Y76.262 E2.66612
G1 X109.009 Y76.491 E2.71517
G1 X107.289 Y76.491 E2.79789
G1 X107.289 Y72.389 E2.99514
G1 X109.099 Y72.389 E3.08218
G1 X109.677 Y72.460 E3.11022
G1 X110.003 Y72.618 E3.12762
G1 X110.003 Y72.389 E3.13861
G1 X111.612 Y72.389 E3.21601
G1 X111.612 Y73.187 E3.25438
G1 X111.781 Y73.234 E3.26283
G1 X112.292 Y72.389 E3.31032
G1 X114.256 Y72.389 E3.40477
G1 X114.580 Y72.318 E3.42073
G1 X115.274 Y72.395 E3.45431
G1 X115.857 Y72.656 E3.48504
G1 X116.074 Y72.905 E3.50092
G1 X116.472 Y72.585 E3.52548
G1 X116.978 Y72.384 E3.55167
G1 X117.534 Y72.321 E3.57855
G1 X118.083 Y72.387 E3.60517
G1 X118.590 Y72.595 E3.63151
G1 X119.015 Y72.943 E3.65796
G1 X119.632 Y73.869 E3.71149
G1 E1.71149 F2400.000
G92 E0
G1 X107.675 Y72.775 F7800.000
G1 E2.00000 F2400.000
;TYPE:External perimeter
G1 F1800.000
G1 X109.075 Y72.775 E2.06737
G1 X109.567 Y72.835 E2.09118
G1 X109.978 Y73.034 E2.11316
G1 X110.388 Y73.540 E2.14449
G1 X110.388 Y72.775 E2.18130
G1 X111.226 Y72.775 E2.22161
G1 X111.226 Y74.004 E2.28072
G1 X111.767 Y74.004 E2.30669
G1 X112.510 Y72.775 E2.37577
G1 X113.494 Y72.775 E2.42310
G1 X113.362 Y72.981 E2.43486
G1 X114.601 Y72.708 E2.49585
G1 X115.172 Y72.772 E2.52347
G1 X115.622 Y72.973 E2.54720
G1 X115.925 Y73.322 E2.56943
G1 X116.003 Y73.683 E2.58720
G1 X116.337 Y73.188 E2.61592
G1 X116.668 Y72.922 E2.63635
G1 X117.073 Y72.762 E2.65729
G1 X117.532 Y72.709 E2.67953
G1 X117.985 Y72.763 E2.70147
G1 X118.390 Y72.930 E2.72252
G1 X118.727 Y73.205 E2.74342
G1 X119.101 Y73.766 E2.77587
G1 X118.398 Y74.110 E2.81350
G1 X117.951 Y73.598 E2.84615
G1 X117.541 Y73.486 E2.86661
G1 X117.223 Y73.548 E2.88218
G1 X116.980 Y73.733 E2.89690
G1 X116.816 Y74.036 E2.91348
G1 X116.757 Y74.453 E2.93371
G1 X116.813 Y74.871 E2.95400
G1 X116.969 Y75.163 E2.96990
G1 X117.203 Y75.337 E2.98395
G1 X117.541 Y75.400 E3.00050
G1 X117.759 Y75.374 E3.01102
G1 X117.938 Y75.300 E3.02036
G1 X118.072 Y75.186 E3.02883
G1 X118.275 Y74.841 E3.04806
G1 X119.081 Y75.109 E3.08889
G1 X118.733 Y75.691 E3.12151
G1 X118.409 Y75.961 E3.14180
G1 X118.002 Y76.120 E3.16279
G1 X117.522 Y76.171 E3.18602
G1 X116.860 Y76.059 E3.21829
G1 X116.337 Y75.706 E3.24866
G1 X116.027 Y75.177 E3.27814
G1 X115.771 Y75.728 E3.30735
G1 X115.484 Y75.991 E3.32603
G1 X115.099 Y76.128 E3.34571
G1 X114.618 Y76.170 E3.36892
G1 X114.098 Y76.113 E3.39410
G1 X113.677 Y75.925 E3.41627
G1 X113.396 Y75.597 E3.43705
G1 X113.339 Y75.328 E3.45028
G1 X113.150 Y75.329 E3.45937
G1 X113.115 Y75.507 E3.46807
G1 X112.854 Y75.844 E3.48859
G1 X112.456 Y76.045 E3.51006
G1 X111.974 Y76.105 E3.53339
G1 X110.388 Y76.105 E3.60967
G1 X110.388 Y75.204 E3.65299
G1 X110.262 Y75.175 E3.65922
G1 X110.388 Y75.166 E3.66530
G1 X110.388 Y74.305 E3.70671
G1 X110.222 Y74.256 E3.71503
G1 X110.093 Y74.456 E3.72650
G1 X109.949 Y74.555 E3.73492
G1 X110.128 Y74.878 E3.75271
G1 X110.175 Y75.182 E3.76748
G1 X110.201 Y75.180 E3.76873
G1 X109.851 Y75.902 E3.80730
G1 X108.965 Y76.105 E3.85102
G1 X107.675 Y76.105 E3.91309
G1 X107.675 Y72.835 E4.07036
G1 X107.625 Y72.378 F7800.000
G1 X106.886 Y72.389
;TYPE:Perimeter
G1 F900.000
G1 X106.886 Y73.922 E4.14406
G1 X106.190 Y73.922 E4.17753
G1 X106.190 Y76.491 E4.30109
G1 X105.045 Y76.491 E4.35614
G1 X104.315 Y75.965 E4.39942
G1 X104.149 Y76.203 E4.41338
G1 X103.642 Y76.482 E4.44121
G1 X103.062 Y76.560 E4.46933
G1 X102.514 Y76.483 E4.49595
G1 X102.027 Y76.224 E4.52248
G1 X101.900 Y76.072 E4.53202
G1 X101.536 Y76.410 E4.55593
G1 X100.806 Y76.568 E4.59186
G1 X100.066 Y76.414 E4.62821
G1 X99.705 Y76.086 E4.65166
G1 X99.623 Y76.203 E4.65853
G1 X99.116 Y76.482 E4.68636
G1 X98.537 Y76.560 E4.71448
G1 X97.989 Y76.483 E4.74110
G1 X97.502 Y76.224 E4.76762
G1 X97.147 Y75.799 E4.79425
G1 X96.800 Y74.657 E4.85167
G1 X97.847 Y74.559 E4.90221
G1 X97.552 Y74.284 E4.92162
G1 X97.356 Y74.058 E4.93596
G1 X97.176 Y73.799 E4.95117
G1 X96.975 Y73.404 E4.97245
G1 X96.975 Y72.389 E5.02126
G1 X100.092 Y72.389 E5.17114
G1 X100.092 Y72.466 E5.17482
G1 X100.792 Y72.310 E5.20932
G1 X101.501 Y72.468 E5.24425
G1 X101.501 Y72.389 E5.24805
G1 X106.826 Y72.389 E5.50416
G1 X97.361 Y72.775 F7800.000
;TYPE:External perimeter
G1 F900.000
G1 X99.706 Y72.775 E5.61694
G1 X99.706 Y73.332 E5.64376
G1 X100.251 Y72.826 E5.67954
G1 X100.792 Y72.706 E5.70620
G1 X101.333 Y72.826 E5.73286
G1 X101.886 Y73.338 E5.76913
G1 X101.886 Y72.775 E5.79620
G1 X106.500 Y72.775 E6.01811
G1 X106.500 Y73.536 E6.05471
G1 X105.804 Y73.536 E6.08818
G1 X105.804 Y76.105 E6.21174
G1 X105.169 Y76.105 E6.24226
G1 X104.152 Y75.373 E6.30255
G1 X104.117 Y75.574 E6.31235
G1 X103.884 Y75.909 E6.33199
G1 X103.519 Y76.110 E6.35203
G1 X103.064 Y76.171 E6.37412
G1 X102.635 Y76.110 E6.39492
G1 X102.275 Y75.919 E6.41456
G1 X102.019 Y75.612 E6.43379
G1 X101.984 Y75.497 E6.43958
G1 X101.819 Y75.491 E6.44752
G1 X101.741 Y75.693 E6.45795
G1 X101.351 Y76.056 E6.48356
G1 X100.804 Y76.174 E6.51046
G1 X100.248 Y76.058 E6.53782
G1 X99.852 Y75.699 E6.56352
G1 X99.729 Y75.378 E6.58005
G1 X99.358 Y75.909 E6.61119
G1 X98.993 Y76.110 E6.63123
G1 X98.538 Y76.171 E6.65333
G1 X98.110 Y76.110 E6.67412
G1 X97.750 Y75.919 E6.69376
G1 X97.493 Y75.612 E6.71299
G1 X97.307 Y74.997 E6.74392
G1 X98.142 Y74.918 E6.78427
G1 X98.238 Y75.260 E6.80131
G1 X98.302 Y75.341 E6.80629
G1 X98.399 Y75.395 E6.81162
G1 X98.539 Y75.415 E6.81843
G1 X98.680 Y75.394 E6.82530
G1 X98.762 Y75.344 E6.82992
G1 X98.812 Y75.267 E6.83432
G1 X98.834 Y75.131 E6.84095
G1 X98.821 Y75.025 E6.84612
G1 X98.713 Y74.824 E6.85707
G1 X98.480 Y74.589 E6.87300
G1 X98.167 Y74.331 E6.89250
G1 X97.830 Y74.015 E6.91472
G1 X97.661 Y73.821 E6.92708
G1 X97.508 Y73.600 E6.94002
G1 X97.361 Y73.312 E6.95559
G1 X97.361 Y72.835 E6.97852
G1 X97.338 Y72.376 F7800.000
G1 X95.565 Y71.557
;TYPE:Perimeter
G1 F900.000
G1 X96.116 Y72.258 E7.02140
G1 X96.405 Y72.814 E7.05151
G1 X96.575 Y73.423 E7.08195
G1 X96.630 Y74.084 E7.11383
G1 X96.576 Y74.749 E7.14595
G1 X96.406 Y75.357 E7.17632
G1 X96.118 Y75.915 E7.20651
G1 X95.565 Y76.619 E7.24954
G1 X92.212 Y76.619 E7.41084
G1 X91.660 Y75.918 E7.45372
G1 X91.371 Y75.362 E7.48388
G1 X91.200 Y74.753 E7.51429
G1 X91.145 Y74.092 E7.54616
G1 X91.200 Y73.427 E7.57829
G1 X91.370 Y72.817 E7.60872
G1 X91.659 Y72.260 E7.63892
G1 X92.212 Y71.557 E7.68191
G1 X95.505 Y71.557 E7.84032
G1 X94.460 Y71.943 F7800.000
;TYPE:External perimeter
G1 F900.000
G1 X95.378 Y71.943 E7.88445
G1 X95.791 Y72.468 E7.91657
G1 X96.044 Y72.956 E7.94302
G1 X96.194 Y73.492 E7.96978
G1 X96.243 Y74.084 E7.99836
G1 X96.194 Y74.681 E8.02718
G1 X96.045 Y75.216 E8.05388
G1 X95.792 Y75.706 E8.08041
G1 X95.378 Y76.233 E8.11265
G1 X94.461 Y76.233 E8.15677
G1 X95.052 Y75.456 E8.20376
G1 X95.261 Y75.037 E8.22624
G1 X95.384 Y74.587 E8.24867
G1 X95.425 Y74.088 E8.27278
G1 X95.384 Y73.588 E8.29688
G1 X95.262 Y73.138 E8.31930
G1 X95.054 Y72.722 E8.34172
G1 X94.497 Y71.991 E8.38592
G1 X94.382 Y71.551 F7800.000
G1 X95.127 Y73.822
G1 F900.000
G1 X94.292 Y73.876 E8.42617
G1 X94.199 Y73.563 E8.44189
G1 X94.151 Y73.504 E8.44554
G1 X94.079 Y73.467 E8.44943
G1 X93.978 Y73.452 E8.45433
G1 X93.834 Y73.484 E8.46143
G1 X93.744 Y73.567 E8.46731
G1 X93.670 Y73.761 E8.47730
G1 X93.640 Y74.099 E8.49359
G1 X93.669 Y74.446 E8.51034
G1 X93.735 Y74.626 E8.51956
G1 X93.816 Y74.696 E8.52471
G1 X93.970 Y74.726 E8.53222
G1 X94.075 Y74.710 E8.53736
G1 X94.137 Y74.673 E8.54083
G1 X94.182 Y74.609 E8.54457
G1 X94.272 Y74.298 E8.56017
G1 X95.122 Y74.363 E8.60118
G1 X94.914 Y74.961 E8.63162
G1 X94.677 Y75.238 E8.64914
G1 X94.354 Y75.412 E8.66678
G1 X93.970 Y75.468 E8.68545
G1 X93.480 Y75.378 E8.70943
G1 X93.099 Y75.094 E8.73231
G1 X92.875 Y74.651 E8.75619
G1 X92.806 Y74.090 E8.78335
G1 X92.874 Y73.527 E8.81065
G1 X93.097 Y73.081 E8.83461
G1 X93.480 Y72.797 E8.85753
G1 X93.975 Y72.708 E8.88169
G1 X94.369 Y72.765 E8.90088
G1 X94.700 Y72.943 E8.91895
G1 X94.937 Y73.227 E8.93672
G1 X95.109 Y73.765 E8.96388
G1 X95.205 Y74.214 F7800.000
G1 E6.96388 F2400.000
G92 E0
G1 X92.399 Y71.943 F7800.000
G1 E2.00000 F2400.000
G1 F900.000
G1 X93.315 Y71.943 E2.04407
G1 X92.721 Y72.723 E2.09125
G1 X92.513 Y73.142 E2.11374
G1 X92.392 Y73.592 E2.13612
G1 X92.352 Y74.088 E2.16008
G1 X92.393 Y74.586 E2.18412
G1 X92.514 Y75.038 E2.20661
G1 X92.723 Y75.456 E2.22912
G1 X93.316 Y76.233 E2.27609
G1 X92.399 Y76.233 E2.32019
G1 X91.986 Y75.708 E2.35232
G1 X91.732 Y75.219 E2.37882
G1 X91.582 Y74.684 E2.40554
G1 X91.532 Y74.092 E2.43411
G1 X91.581 Y73.495 E2.46294
G1 X91.731 Y72.959 E2.48969
G1 X91.984 Y72.470 E2.51621
G1 X92.362 Y71.990 E2.54555
G1 X92.476 Y71.551 F7800.000
G1 E0.54555 F2400.000
G92 E0
G1 X124.253 Y107.219 F7800.000
G1 E2.00000 F2400.000
;TYPE:Perimeter
G1 F3600.000
G1 X124.444 Y107.454 E2.01458
G1 X124.929 Y107.095 E2.04360
G1 X125.863 Y106.927 E2.08924
G1 X126.627 Y107.040 E2.12642
G1 X127.049 Y107.270 E2.14952
G1 X127.947 Y106.928 E2.19575
G1 X128.479 Y106.962 E2.22141
G1 X129.151 Y107.096 E2.25434
G1 X130.128 Y106.925 E2.30205
G1 X131.008 Y107.072 E2.34497
G1 X131.008 Y107.004 E2.34825
G1 X133.485 Y107.004 E2.46734
G1 X133.485 Y109.519 E2.58833
G1 X134.372 Y109.427 E2.63122
G1 X134.372 Y111.851 E2.74776
G1 X133.175 Y112.014 E2.80585
G1 X132.654 Y111.940 E2.83115
G1 X130.982 Y111.940 E2.91159
G1 X130.982 Y111.884 E2.91431
G1 X130.040 Y112.034 E2.96019
G1 X129.541 Y111.841 E2.98592
G1 X129.541 Y111.940 E2.99069
G1 X128.998 Y111.940 E3.01681
G1 X128.998 Y112.580 E3.04759
G1 X126.878 Y112.580 E3.14956
G1 X126.734 Y111.940 E3.18111
G1 X126.403 Y111.940 E3.19702
G1 X125.851 Y112.017 E3.22381
G1 X124.927 Y111.848 E3.26900
G1 X124.416 Y111.469 E3.29960
G1 X123.022 Y112.039 E3.37208
G1 X121.957 Y111.853 E3.42408
G1 X121.504 Y111.531 E3.45077
G1 X120.913 Y111.903 E3.48437
G1 X120.162 Y112.012 E3.52083
G1 X119.572 Y111.940 E3.54941
G1 X117.639 Y111.940 E3.64238
G1 X117.145 Y112.012 E3.66642
G1 X116.555 Y111.940 E3.69500
G1 X114.670 Y111.940 E3.78563
G1 X114.672 Y111.887 E3.78821
G1 X113.749 Y112.034 E3.83315
G1 X112.886 Y111.700 E3.87769
G1 X112.674 Y112.045 E3.89716
G1 X112.062 Y112.544 E3.93515
G1 X111.329 Y112.823 E3.97285
G1 X110.503 Y112.909 E4.01278
G1 X109.380 Y112.721 E4.06755
G1 X108.425 Y112.086 E4.12273
G1 X108.000 Y111.374 E4.16258
G1 X107.831 Y111.421 E4.17106
G1 X107.831 Y111.851 E4.19173
G1 X106.634 Y112.014 E4.24982
G1 X106.113 Y111.940 E4.27512
G1 X104.441 Y111.940 E4.35556
G1 X104.442 Y111.743 E4.36503
G1 X103.719 Y112.039 E4.40258
G1 X103.155 Y111.940 E4.43011
G1 X97.152 Y111.940 E4.71886
G1 X96.563 Y112.034 E4.74751
G1 X95.687 Y111.695 E4.79272
G1 X95.235 Y112.312 E4.82953
G1 X94.448 Y112.729 E4.87234
G1 X93.634 Y112.836 E4.91182
G1 X90.961 Y112.836 E5.04041
G1 X90.961 Y107.004 E5.32094
G1 X93.472 Y107.004 E5.44173
G1 X93.472 Y108.513 E5.51431
G1 X93.674 Y108.513 E5.52400
G1 X94.455 Y108.627 E5.56197
G1 X94.468 Y108.518 E5.56725
G1 X94.903 Y107.666 E5.61329
G1 X95.691 Y107.093 E5.66014
G1 X96.651 Y106.925 E5.70701
G1 X97.606 Y107.084 E5.75358
G1 X98.083 Y107.411 E5.78137
G1 X98.197 Y107.004 E5.80169
G1 X102.080 Y107.004 E5.98844
G1 X102.198 Y107.415 E6.00903
G1 X102.663 Y107.089 E6.03639
G1 X103.655 Y106.920 E6.08478
G1 X104.467 Y107.108 E6.12484
G1 X104.467 Y107.004 E6.12984
G1 X106.944 Y107.004 E6.24893
G1 X106.944 Y109.519 E6.36991
G1 X107.717 Y109.439 E6.40729
G1 X107.744 Y109.153 E6.42115
G1 X107.991 Y108.421 E6.45826
G1 X108.427 Y107.784 E6.49540
G1 X109.034 Y107.305 E6.53262
G1 X109.756 Y107.021 E6.56991
G1 X110.542 Y106.933 E6.60795
G1 X111.324 Y107.027 E6.64584
G1 X112.052 Y107.330 E6.68373
G1 X112.285 Y107.523 E6.69831
G1 X112.877 Y107.093 E6.73350
G1 X113.837 Y106.925 E6.78038
G1 X114.712 Y107.071 E6.82306
G1 X114.712 Y107.004 E6.82630
G1 X122.071 Y107.004 E7.18024
G1 X122.071 Y107.071 E7.18349
G1 X122.958 Y106.920 E7.22676
G1 X124.194 Y107.206 E7.28780
G1 X124.037 Y107.565 F7800.000
G1 F3600.000
G1 X124.377 Y107.984 E7.31373
G1 X125.086 Y107.459 E7.35615
G1 X125.869 Y107.317 E7.39442
G1 X126.503 Y107.411 E7.42523
G1 X127.125 Y107.752 E7.45936
G1 X127.157 Y107.642 E7.46489
G1 X128.006 Y107.318 E7.50857
G1 X128.429 Y107.346 E7.52896
G1 X129.251 Y107.509 E7.56928
G1 X129.322 Y107.458 E7.57350
G1 X130.129 Y107.317 E7.61292
G1 X130.935 Y107.451 E7.65222
G1 X131.390 Y107.762 E7.67871
G1 X131.392 Y107.389 E7.69662
G1 X133.099 Y107.389 E7.77872
G1 X133.099 Y109.512 E7.88081
G1 X133.129 Y109.837 E7.89651
G1 X133.167 Y109.940 E7.90178
G1 X133.986 Y109.855 E7.94136
G1 X133.986 Y111.514 E8.02116
G1 X133.176 Y111.624 E8.06048
G1 X132.718 Y111.555 E8.08275
G1 X131.369 Y111.555 E8.14762
G1 X131.371 Y111.217 E8.16387
G1 X130.966 Y111.496 E8.18751
G1 X130.082 Y111.637 E8.23059
G1 X129.156 Y111.278 E8.27838
G1 X129.156 Y111.555 E8.29168
G1 X128.613 Y111.555 E8.31780
G1 X128.613 Y112.195 E8.34858
G1 X127.186 Y112.195 E8.41717
G1 X127.042 Y111.555 E8.44872
G1 X126.561 Y111.555 E8.47186
G1 X126.561 Y111.529 E8.47309
G1 X125.860 Y111.626 E8.50716
G1 X125.085 Y111.485 E8.54504
G1 X124.472 Y111.029 E8.58177
G1 X122.979 Y111.640 E8.65936
G1 X122.109 Y111.488 E8.70183
G1 X121.418 Y110.998 E8.74257
G1 X121.313 Y111.196 E8.75335
G1 X120.777 Y111.533 E8.78385
G1 X120.155 Y111.623 E8.81407
G1 X119.697 Y111.575 E8.83620
G1 X119.644 Y111.555 E8.83896
G1 X118.083 Y111.555 E8.91399
G1 X118.089 Y111.326 E8.92501
G1 X117.759 Y111.533 E8.94377
G1 X117.137 Y111.623 E8.97399
G1 X116.679 Y111.575 E8.99612
G1 X116.626 Y111.555 E8.99888
G1 X115.066 Y111.555 E9.07391
G1 X115.074 Y111.221 E9.08998
G1 X114.675 Y111.496 E9.11328
G1 X113.791 Y111.637 E9.15636
G1 X112.725 Y111.224 E9.21135
G1 X112.379 Y111.787 E9.24313
G1 X111.866 Y112.206 E9.27498
G1 X111.239 Y112.445 E9.30726
G1 X110.515 Y112.520 E9.34225
G1 X109.525 Y112.354 E9.39054
G1 X108.711 Y111.813 E9.43755
G1 X108.208 Y110.968 E9.48484
G1 X108.055 Y109.952 E9.53425
G1 X108.124 Y109.234 E9.56899
G1 X108.339 Y108.595 E9.60140
G1 X108.712 Y108.050 E9.63314
G1 X109.228 Y107.643 E9.66479
G1 X109.850 Y107.399 E9.69689
G1 X110.540 Y107.321 E9.73032
G1 X111.225 Y107.404 E9.76350
G1 X111.850 Y107.663 E9.79604
G1 X112.323 Y108.056 E9.82559
G1 X112.390 Y107.923 E9.83275
G1 X113.031 Y107.458 E9.87084
G1 X113.838 Y107.317 E9.91026
G1 X114.644 Y107.451 E9.94956
G1 X115.098 Y107.761 E9.97598
G1 X115.098 Y107.389 E9.99385
G1 X121.685 Y107.389 E10.31069
G1 X121.685 Y107.757 E10.32835
G1 X122.116 Y107.455 E10.35366
G1 X122.947 Y107.314 E10.39416
G1 X123.979 Y107.552 E10.44511
G1 X128.819 Y107.816 F7800.000
;TYPE:External perimeter
G1 F1800.000
G1 X128.819 Y108.300 E10.46836
G1 X129.476 Y107.822 E10.50746
G1 X130.131 Y107.708 E10.53941
G1 X130.788 Y107.817 E10.57145
G1 X131.291 Y108.162 E10.60079
G1 X131.595 Y108.734 E10.63196
G1 X131.771 Y108.691 E10.64063
G1 X131.776 Y107.775 E10.68469
G1 X132.713 Y107.775 E10.72979
G1 X132.713 Y109.530 E10.81419
G1 X132.750 Y109.924 E10.83324
G1 X132.842 Y110.171 E10.84590
G1 X132.960 Y110.290 E10.85397
G1 X133.130 Y110.331 E10.86237
G1 X133.600 Y110.283 E10.88511
G1 X133.600 Y111.177 E10.92815
G1 X133.177 Y111.235 E10.94871
G1 X132.857 Y111.190 E10.96425
G1 X132.663 Y111.080 E10.97497
G1 X132.658 Y111.169 E10.97926
G1 X131.757 Y111.169 E11.02260
G1 X131.762 Y110.295 E11.06462
G1 X131.583 Y110.253 E11.07345
G1 X131.316 Y110.786 E11.10216
G1 X130.819 Y111.129 E11.13117
G1 X130.124 Y111.240 E11.16503
G1 X128.770 Y110.715 E11.23488
G1 X128.770 Y111.169 E11.25672
G1 X128.227 Y111.169 E11.28283
G1 X128.227 Y111.809 E11.31362
G1 X127.495 Y111.809 E11.34882
G1 X127.351 Y111.169 E11.38037
G1 X126.947 Y111.169 E11.39980
G1 X126.947 Y110.866 E11.41440
G1 X126.355 Y111.168 E11.44638
G1 X125.868 Y111.236 E11.47001
G1 X125.243 Y111.122 E11.50059
G1 X124.761 Y110.764 E11.52943
G1 X124.475 Y110.200 E11.55985
G1 X124.458 Y110.063 E11.56651
G1 X124.268 Y110.049 E11.57566
G1 X124.070 Y110.777 E11.61193
G1 X122.936 Y111.241 E11.67090
G1 X122.261 Y111.123 E11.70384
G1 X121.762 Y110.769 E11.73326
G1 X121.441 Y110.170 E11.76596
G1 X121.274 Y110.201 E11.77413
G1 X121.237 Y110.514 E11.78927
G1 X121.021 Y110.924 E11.81159
G1 X120.640 Y111.163 E11.83318
G1 X120.147 Y111.235 E11.85716
G1 X119.788 Y111.197 E11.87454
G1 X119.394 Y111.046 E11.89479
G1 X119.389 Y111.169 E11.90069
G1 X118.479 Y111.169 E11.94448
G1 X118.501 Y109.988 E12.00129
G1 X118.283 Y109.975 E12.01178
G1 X118.220 Y110.514 E12.03786
G1 X118.003 Y110.924 E12.06018
G1 X117.623 Y111.163 E12.08178
G1 X117.130 Y111.235 E12.10575
G1 X116.770 Y111.197 E12.12314
G1 X116.377 Y111.046 E12.14339
G1 X116.372 Y111.169 E12.14930
G1 X115.462 Y111.169 E12.19308
G1 X115.484 Y110.273 E12.23616
G1 X115.304 Y110.229 E12.24508
G1 X115.025 Y110.786 E12.27509
G1 X114.528 Y111.129 E12.30410
G1 X113.833 Y111.240 E12.33796
G1 X112.683 Y110.794 E12.39729
G1 X112.310 Y109.493 E12.46240
G1 X112.357 Y109.112 E12.48086
G1 X111.715 Y109.432 E12.51538
G1 X111.140 Y108.758 E12.55796
G1 X110.552 Y108.594 E12.58732
G1 X110.092 Y108.682 E12.60987
G1 X109.738 Y108.946 E12.63108
G1 X109.506 Y109.369 E12.65430
G1 X109.424 Y109.938 E12.68193
G1 X109.502 Y110.507 E12.70958
G1 X109.723 Y110.915 E12.73189
G1 X110.065 Y111.165 E12.75225
G1 X110.547 Y111.253 E12.77582
G1 X110.863 Y111.217 E12.79109
G1 X111.125 Y111.113 E12.80467
G1 X111.323 Y110.951 E12.81696
G1 X111.569 Y110.547 E12.83971
G1 X112.502 Y110.850 E12.88688
G1 X112.085 Y111.530 E12.92522
G1 X111.671 Y111.867 E12.95092
G1 X111.149 Y112.066 E12.97778
G1 X110.528 Y112.131 E13.00782
G1 X109.670 Y111.987 E13.04964
G1 X108.998 Y111.540 E13.08848
G1 X108.578 Y110.836 E13.12791
G1 X108.443 Y109.942 E13.17139
G1 X108.504 Y109.315 E13.20170
G1 X108.687 Y108.769 E13.22942
G1 X108.997 Y108.317 E13.25576
G1 X109.422 Y107.981 E13.28184
G1 X109.943 Y107.776 E13.30875
G1 X110.539 Y107.709 E13.33757
G1 X111.126 Y107.780 E13.36603
G1 X111.648 Y107.997 E13.39323
G1 X112.081 Y108.356 E13.42025
G1 X112.374 Y108.803 E13.44598
G1 X112.692 Y108.181 E13.47958
G1 X113.185 Y107.822 E13.50893
G1 X113.840 Y107.708 E13.54088
G1 X114.497 Y107.817 E13.57292
G1 X115.000 Y108.162 E13.60226
G1 X115.308 Y108.740 E13.63379
G1 X115.483 Y108.697 E13.64248
G1 X115.483 Y107.775 E13.68682
G1 X116.422 Y107.775 E13.73198
G1 X116.422 Y109.697 E13.82443
G1 X116.466 Y110.027 E13.84045
G1 X116.577 Y110.238 E13.85188
G1 X116.737 Y110.358 E13.86150
G1 X116.971 Y110.403 E13.87300
G1 X117.125 Y110.390 E13.88043
G1 X117.212 Y110.360 E13.88484
G1 X117.295 Y110.248 E13.89155
G1 X117.327 Y110.102 E13.89874
G1 X117.340 Y107.775 E14.01068
G1 X119.440 Y107.775 E14.11166
G1 X119.440 Y109.697 E14.20411
G1 X119.484 Y110.027 E14.22013
G1 X119.594 Y110.238 E14.23156
G1 X119.754 Y110.358 E14.24118
G1 X119.989 Y110.403 E14.25268
G1 X120.143 Y110.390 E14.26011
G1 X120.229 Y110.360 E14.26452
G1 X120.313 Y110.248 E14.27124
G1 X120.345 Y110.102 E14.27842
G1 X120.358 Y107.775 E14.39037
G1 X121.300 Y107.775 E14.43567
G1 X121.300 Y108.675 E14.47896
G1 X121.476 Y108.718 E14.48768
G1 X121.762 Y108.174 E14.51725
G1 X122.267 Y107.820 E14.54690
G1 X122.935 Y107.707 E14.57951
G1 X123.822 Y107.911 E14.62327
G1 X124.484 Y108.726 E14.67381
G1 X124.760 Y108.180 E14.70325
G1 X125.243 Y107.822 E14.73216
G1 X125.875 Y107.708 E14.76305
G1 X126.378 Y107.782 E14.78749
G1 X126.796 Y108.011 E14.81042
G1 X127.095 Y108.374 E14.83299
G1 X127.136 Y108.506 E14.83966
G1 X127.308 Y108.504 E14.84792
G1 X127.474 Y107.934 E14.87650
G1 X128.065 Y107.708 E14.90691
G1 X128.378 Y107.729 E14.92204
G1 X128.760 Y107.805 E14.94075
G1 X129.218 Y107.835 F7800.000
G1 X104.850 Y107.592
;TYPE:Perimeter
G1 F3600.000
G1 X104.851 Y107.389 E14.95048
G1 X106.558 Y107.389 E15.03258
G1 X106.558 Y109.512 E15.13467
G1 X106.588 Y109.837 E15.15038
G1 X106.626 Y109.940 E15.15564
G1 X107.445 Y109.855 E15.19523
G1 X107.445 Y111.514 E15.27502
G1 X106.635 Y111.624 E15.31434
G1 X106.177 Y111.555 E15.33661
G1 X104.828 Y111.555 E15.40148
G1 X104.830 Y111.168 E15.42009
G1 X103.676 Y111.640 E15.48008
G1 X102.971 Y111.517 E15.51450
G1 X102.982 Y111.555 E15.51641
G1 X101.217 Y111.555 E15.60128
G1 X101.143 Y111.261 E15.61585
G1 X100.963 Y111.261 E15.62452
G1 X100.889 Y111.555 E15.63909
G1 X99.416 Y111.555 E15.70994
G1 X99.341 Y111.268 E15.72419
G1 X99.161 Y111.269 E15.73284
G1 X99.090 Y111.555 E15.74701
G1 X97.324 Y111.555 E15.83197
G1 X97.333 Y111.521 E15.83366
G1 X96.605 Y111.637 E15.86911
G1 X95.450 Y111.189 E15.92871
G1 X95.407 Y111.424 E15.94019
G1 X94.976 Y112.013 E15.97530
G1 X94.329 Y112.356 E16.01050
G1 X93.609 Y112.451 E16.04543
G1 X91.346 Y112.451 E16.15426
G1 X91.346 Y107.389 E16.39769
G1 X93.087 Y107.389 E16.48139
G1 X93.087 Y108.898 E16.55396
G1 X93.646 Y108.898 E16.58085
G1 X94.350 Y109.002 E16.61508
G1 X94.767 Y109.241 E16.63821
G1 X94.843 Y108.633 E16.66767
G1 X95.205 Y107.923 E16.70600
G1 X95.845 Y107.458 E16.74409
G1 X96.653 Y107.317 E16.78351
G1 X97.459 Y107.451 E16.82281
G1 X98.111 Y107.897 E16.86081
G1 X98.266 Y108.189 E16.87670
G1 X98.490 Y107.389 E16.91662
G1 X99.995 Y107.389 E16.98904
G1 X100.048 Y107.600 E16.99947
G1 X100.229 Y107.599 E17.00821
G1 X100.280 Y107.389 E17.01859
G1 X101.789 Y107.389 E17.09119
G1 X102.017 Y108.186 E17.13103
G1 X102.161 Y107.912 E17.14592
G1 X102.814 Y107.455 E17.18424
G1 X103.644 Y107.314 E17.22475
G1 X104.791 Y107.578 E17.28139
G1 X105.214 Y108.766 F7800.000
;TYPE:External perimeter
G1 F1800.000
G1 X104.649 Y108.929 E17.30968
G1 X104.677 Y109.128 E17.31934
G1 X105.227 Y109.128 E17.34581
G1 X105.235 Y107.775 E17.41088
G1 X106.172 Y107.775 E17.45599
G1 X106.172 Y109.530 E17.54038
G1 X106.209 Y109.924 E17.55943
G1 X106.301 Y110.171 E17.57210
G1 X106.419 Y110.290 E17.58016
G1 X106.589 Y110.331 E17.58857
G1 X107.059 Y110.283 E17.61131
G1 X107.059 Y111.177 E17.65435
G1 X106.636 Y111.235 E17.67491
G1 X106.316 Y111.190 E17.69044
G1 X106.122 Y111.080 E17.70117
G1 X106.117 Y111.169 E17.70546
G1 X105.216 Y111.169 E17.74879
G1 X105.223 Y109.869 E17.81131
G1 X105.022 Y109.842 E17.82108
G1 X104.768 Y110.777 E17.86768
G1 X103.633 Y111.241 E17.92665
G1 X102.958 Y111.123 E17.95959
G1 X102.531 Y110.820 E17.98477
G1 X102.397 Y110.915 E17.99266
G1 X102.470 Y111.169 E18.00538
G1 X101.517 Y111.169 E18.05121
G1 X101.142 Y109.683 E18.12492
G1 X100.962 Y109.683 E18.13359
G1 X100.588 Y111.169 E18.20728
G1 X99.714 Y111.169 E18.24933
G1 X99.332 Y109.704 E18.32215
G1 X99.152 Y109.705 E18.33080
G1 X98.789 Y111.169 E18.40336
G1 X97.832 Y111.169 E18.44937
G1 X97.963 Y110.701 E18.47273
G1 X97.343 Y111.129 E18.50895
G1 X96.648 Y111.240 E18.54282
G1 X95.497 Y110.794 E18.60214
G1 X95.124 Y109.493 E18.66726
G1 X95.217 Y108.748 E18.70336
G1 X95.506 Y108.181 E18.73398
G1 X96.000 Y107.822 E18.76333
G1 X96.654 Y107.708 E18.79528
G1 X97.311 Y107.817 E18.82732
G1 X97.815 Y108.162 E18.85666
G1 X98.115 Y108.727 E18.88746
G1 X98.179 Y109.239 E18.91229
G1 X98.368 Y109.253 E18.92140
G1 X98.782 Y107.775 E18.99524
G1 X99.694 Y107.775 E19.03908
G1 X100.053 Y109.223 E19.11084
G1 X100.235 Y109.222 E19.11958
G1 X100.583 Y107.775 E19.19118
G1 X101.498 Y107.775 E19.23519
G1 X101.912 Y109.221 E19.30755
G1 X102.101 Y109.207 E19.31662
G1 X102.159 Y108.745 E19.33899
G1 X102.459 Y108.174 E19.37003
G1 X102.964 Y107.820 E19.39968
G1 X103.632 Y107.707 E19.43230
G1 X104.519 Y107.911 E19.47605
G1 X105.176 Y108.719 E19.52615
G1 X105.411 Y109.114 F7800.000
G1 E17.52615 F2400.000
G92 E0
G1 X91.732 Y107.775 F7800.000
G1 E2.00000 F2400.000
G1 F900.000
G1 X92.701 Y107.775 E2.04661
G1 X92.701 Y109.284 E2.11918
G1 X93.617 Y109.284 E2.16326
G1 X94.221 Y109.373 E2.19262
G1 X94.720 Y109.658 E2.22026
G1 X95.044 Y110.115 E2.24718
G1 X95.149 Y110.691 E2.27534
G1 X95.044 Y111.268 E2.30353
G1 X94.717 Y111.714 E2.33012
G1 X94.210 Y111.982 E2.35773
G1 X93.584 Y112.065 E2.38810
G1 X91.732 Y112.065 E2.47716
G1 X91.732 Y107.835 E2.68061
G1 X91.678 Y107.379 F7800.000
G1 X83.550 Y107.488
;TYPE:Perimeter
G1 F900.000
G1 X86.450 Y107.488 E2.82010
G1 X87.900 Y110.000 E2.95960
G1 X86.450 Y112.512 E3.09910
G1 X83.550 Y112.512 E3.23859
G1 X82.100 Y110.000 E3.37809
G1 X83.520 Y107.540 E3.51470
G1 X83.772 Y107.874 F7800.000
G1 F900.000
G1 X86.228 Y107.874 E3.63278
G1 X87.455 Y110.000 E3.75086
G1 X86.228 Y112.126 E3.86894
G1 X83.772 Y112.126 E3.98702
G1 X82.545 Y110.000 E4.10510
G1 X83.742 Y107.926 E4.22029
G1 E2.22029 F2400.000
G92 E0
G1 X86.005 Y111.740 F7800.000
G1 E2.00000 F2400.000
;TYPE:External perimeter
G1 F900.000
G1 X83.995 Y111.740 E2.09666
G1 X82.990 Y110.000 E2.19333
G1 X83.995 Y108.260 E2.28999
G1 X86.005 Y108.260 E2.38666
G1 X87.010 Y110.000 E2.48332
G1 X86.035 Y111.689 E2.57710
G1 X86.005 Y112.140 F7800.000
G1 E0.57710 F2400.000
G92 E0
G1 X83.550 Y72.488 F7800.000
G1 E2.00000 F2400.000
;TYPE:Perimeter
G1 F900.000
G1 X86.450 Y72.488 E2.13950
G1 X87.900 Y75.000 E2.27899
G1 X86.450 Y77.512 E2.41849
G1 X83.550 Y77.512 E2.55799
G1 X82.100 Y75.000 E2.69749
G1 X83.520 Y72.540 E2.83410
G1 X83.772 Y72.874 F7800.000
G1 F900.000
G1 X86.228 Y72.874 E2.95218
G1 X87.455 Y75.000 E3.07026
G1 X86.228 Y77.126 E3.18834
G1 X83.772 Y77.126 E3.30642
G1 X82.545 Y75.000 E3.42450
G1 X83.742 Y72.926 E3.53970
G1 X86.005 Y73.259 F7800.000
;TYPE:External perimeter
G1 F900.000
G1 X87.010 Y75.000 E3.63636
G1 X86.005 Y76.741 E3.73303
G1 X83.995 Y76.741 E3.82969
G1 X82.990 Y75.000 E3.92636
G1 X83.995 Y73.259 E4.02302
G1 X85.945 Y73.259 E4.11680
G1 X86.351 Y73.059 F7800.000
G1 E2.11680 F2400.000
G92 E0
G1 X163.550 Y72.488 F7800.000
G1 E2.00000 F2400.000
;TYPE:Perimeter
G1 F900.000
G1 X166.450 Y72.488 E2.13950
G1 X167.900 Y75.000 E2.27899
G1 X166.450 Y77.512 E2.41849
G1 X163.550 Y77.512 E2.55799
G1 X162.100 Y75.000 E2.69749
G1 X163.520 Y72.540 E2.83410
G1 X163.772 Y72.874 F7800.000
G1 F900.000
G1 X166.228 Y72.874 E2.95218
G1 X167.455 Y75.000 E3.07026
G1 X166.228 Y77.126 E3.18834
G1 X163.772 Y77.126 E3.30642
G1 X162.545 Y75.000 E3.42450
G1 X163.742 Y72.926 E3.53970
G1 X166.005 Y73.259 F7800.000
;TYPE:External perimeter
G1 F900.000
G1 X167.010 Y75.000 E3.63636
G1 X166.005 Y76.741 E3.73303
G1 X163.995 Y76.741 E3.82969
G1 X162.990 Y75.000 E3.92636
G1 X163.995 Y73.259 E4.02302
G1 X165.945 Y73.259 E4.11680
G1 X166.351 Y73.059 F7800.000
G1 E2.11680 F2400.000
G92 E0
G1 X163.550 Y107.488 F7800.000
G1 E2.00000 F2400.000
;TYPE:Perimeter
G1 F900.000
G1 X166.450 Y107.488 E2.13950
G1 X167.900 Y110.000 E2.27899
G1 X166.450 Y112.512 E2.41849
G1 X163.550 Y112.512 E2.55798
G1 X162.100 Y110.000 E2.69748
G1 X163.520 Y107.540 E2.83409
G1 X163.772 Y107.874 F7800.000
G1 F900.000
G1 X166.228 Y107.874 E2.95217
G1 X167.455 Y110.000 E3.07025
G1 X166.228 Y112.126 E3.18833
G1 X163.772 Y112.126 E3.30641
G1 X162.545 Y110.000 E3.42449
G1 X163.742 Y107.926 E3.53968
G1 E1.53968 F2400.000
G92 E0
G1 X166.005 Y111.740 F7800.000
G1 E2.00000 F2400.000
;TYPE:External perimeter
G1 F900.000
G1 X163.995 Y111.740 E2.09666
G1 X162.990 Y110.000 E2.19333
G1 X163.995 Y108.260 E2.28999
G1 X166.005 Y108.260 E2.38666
G1 X167.010 Y110.000 E2.48332
G1 X166.035 Y111.689 E2.57710
G1 X166.005 Y112.140 F7800.000
G1 E0.57710 F2400.000
G92 E0
G1 X80.996 Y70.996 F7800.000
G1 E2.00000 F2400.000
;TYPE:Perimeter
G1 F3600.000
G1 X92.163 Y70.996 E2.53706
G1 X91.333 Y72.050 E2.60156
G1 X91.009 Y72.675 E2.63543
G1 X90.819 Y73.358 E2.66955
G1 X90.758 Y74.093 E2.70498
G1 X90.819 Y74.822 E2.74016
G1 X91.011 Y75.504 E2.77425
G1 X91.335 Y76.128 E2.80806
G1 X92.024 Y77.004 E2.86170
G1 X95.753 Y77.004 E3.04102
G1 X96.444 Y76.125 E3.09482
G1 X96.695 Y75.638 E3.12118
G1 X96.801 Y75.986 E3.13868
G1 X97.254 Y76.529 E3.17271
G1 X97.868 Y76.855 E3.20613
G1 X98.536 Y76.950 E3.23857
G1 X99.239 Y76.855 E3.27271
G1 X99.699 Y76.602 E3.29797
G1 X99.885 Y76.770 E3.31001
G1 X100.807 Y76.962 E3.35534
G1 X101.721 Y76.765 E3.40031
G1 X101.904 Y76.595 E3.41230
G1 X102.393 Y76.855 E3.43896
G1 X103.061 Y76.950 E3.47140
G1 X103.765 Y76.855 E3.50554
G1 X104.403 Y76.504 E3.54058
G1 X104.921 Y76.876 E3.57128
G1 X106.575 Y76.876 E3.65084
G1 X106.575 Y74.307 E3.77440
G1 X106.903 Y74.307 E3.79018
G1 X106.903 Y76.876 E3.91374
G1 X109.052 Y76.876 E4.01711
G1 X109.617 Y76.747 E4.04498
G1 X109.617 Y76.876 E4.05121
G1 X112.022 Y76.876 E4.16689
G1 X112.684 Y76.794 E4.19895
G1 X113.176 Y76.546 E4.22545
G1 X113.893 Y76.866 E4.26326
G1 X114.610 Y76.945 E4.29791
G1 X115.265 Y76.888 E4.32955
G1 X115.891 Y76.664 E4.36151
G1 X116.097 Y76.475 E4.37500
G1 X116.567 Y76.791 E4.40225
G1 X117.498 Y76.949 E4.44763
G1 X118.186 Y76.876 E4.48093
G1 X118.806 Y76.634 E4.51294
G1 X119.327 Y76.199 E4.54558
G1 X120.236 Y74.680 E4.63072
G1 X119.493 Y74.433 E4.66840
G1 X120.231 Y74.072 E4.70794
G1 X119.304 Y72.681 E4.78832
G1 X118.790 Y72.260 E4.82032
G1 X118.181 Y72.010 E4.85196
G1 X117.535 Y71.933 E4.88326
G1 X116.884 Y72.007 E4.91476
G1 X116.276 Y72.248 E4.94621
G1 X116.138 Y72.359 E4.95470
G1 X115.376 Y72.019 E4.99485
G1 X114.559 Y71.928 E5.03438
G1 X114.214 Y72.004 E5.05139
G1 X109.617 Y72.004 E5.27248
G1 X109.617 Y72.064 E5.27538
G1 X109.122 Y72.004 E5.29937
G1 X101.188 Y72.004 E5.68095
G1 X100.792 Y71.915 E5.70049
G1 X100.394 Y72.004 E5.72009
G1 X96.533 Y72.004 E5.90578
G1 X96.434 Y72.038 E5.91083
G1 X95.614 Y70.996 E5.97460
G1 X169.004 Y70.996 E9.50438
G1 X169.004 Y114.004 E11.57290
G1 X80.996 Y114.004 E15.80576
G1 X80.996 Y71.056 E17.87139
G1 X80.611 Y70.611 F7800.000
G1 F3600.000
G1 X169.389 Y70.611 E22.14134
G1 X169.389 Y114.389 E24.24695
G1 X80.611 Y114.389 E28.51691
G1 X80.611 Y70.671 E30.61963
G1 X80.225 Y70.225 F7800.000
;TYPE:External perimeter
G1 F1800.000
G1 X169.775 Y70.225 E34.92668
G1 X169.775 Y114.775 E37.06938
G1 X80.225 Y114.775 E41.37643
G1 X80.225 Y70.285 E43.51625
G1 X80.620 Y70.286 F7800.000
G1 X81.112 Y71.934
;TYPE:Solid infill
;WIDTH:0.470057
G1 F1200.000
G1 X81.760 Y71.285 E43.56265
G1 X82.334 Y71.285 E43.59168
G1 X81.285 Y72.334 E43.66671
G1 X81.285 Y72.908 E43.69574
G1 X82.908 Y71.285 E43.81183
G1 X83.481 Y71.285 E43.84086
G1 X81.112 Y73.655 E44.01041
G1 X92.339 Y71.084 F7800.000
;TYPE:Gap fill
;WIDTH:0.625535
G1 F1200.000
G1 X95.438 Y71.084 E44.22731
G1 X94.552 Y72.620 F7800.000
;WIDTH:0.166259
G1 F1200.000
G1 X94.794 Y72.699 E44.23055
G1 X95.226 Y74.020 F7800.000
;WIDTH:0.222512
G1 F1200.000
G1 X95.152 Y74.093 E44.23260
;WIDTH:0.222513
G1 X94.898 Y74.091 E44.23761
;WIDTH:0.187802
G1 X94.644 Y74.090 E44.24151
;WIDTH:0.153092
G1 X94.390 Y74.088 E44.24432
G1 X94.798 Y75.471 F7800.000
;WIDTH:0.171199
G1 F1200.000
G1 X94.668 Y75.514 E44.24615
;WIDTH:0.14479
G1 X94.538 Y75.557 E44.24752
G1 X92.788 Y75.155 F7800.000
;WIDTH:0.245003
G1 F1200.000
G1 X93.151 Y75.514 E44.25901
G1 X93.062 Y75.497 F7800.000
;WIDTH:0.125126
G1 F1200.000
G1 X92.897 Y75.246 E44.26129
G1 X92.748 Y74.949 E44.26381
G1 X92.657 Y74.711 E44.26574
;WIDTH:0.130729
G1 X92.578 Y74.088 E44.27094
;WIDTH:0.130754
G1 X92.579 Y74.086 E44.27095
;WIDTH:0.125534
G1 X92.660 Y73.456 E44.27579
;WIDTH:0.174574
G1 X92.746 Y73.230 E44.27912
;WIDTH:0.175347
G1 X92.896 Y72.929 E44.28378
;WIDTH:0.181738
G1 X93.062 Y72.677 E44.28819
G1 X93.152 Y72.661 F7800.000
;WIDTH:0.244274
G1 F1200.000
G1 X92.789 Y73.019 E44.29964
G1 E42.29964 F2400.000
G92 E0
G1 X87.335 Y76.217 F7800.000
G1 E2.00000 F2400.000
;TYPE:Bridge infill
;WIDTH:0.401443
;HEIGHT:0.4
M106 S255
G1 F3600.000
G1 X90.597 Y72.955 E2.24280
G1 X90.844 Y72.069 E2.29116
G1 X88.141 Y74.773 E2.49237
G1 X87.907 Y74.368 E2.51696
G1 X90.958 Y71.318 E2.74400
G1 X90.319 Y71.318 E2.77760
G1 X87.673 Y73.964 E2.97452
G1 X87.439 Y73.559 E2.99911
G1 X89.681 Y71.318 E3.16591
G1 X89.042 Y71.318 E3.19950
G1 X87.206 Y73.154 E3.33618
G1 X86.972 Y72.749 E3.36077
G1 X88.404 Y71.318 E3.46732
G1 X87.765 Y71.318 E3.50092
G1 X86.738 Y72.345 E3.57735
G1 X86.505 Y71.940 E3.60195
G1 X87.127 Y71.318 E3.64826
G1 X86.489 Y71.318 E3.68185
G1 X86.123 Y71.683 E3.70907
M106 S89.25
G1 X85.837 Y72.373 F7800.000
;TYPE:Solid infill
;WIDTH:0.470057
;HEIGHT:0.3
G1 F1200.000
G1 X86.113 Y72.096 E3.72883
G1 X85.903 Y71.733 E3.75008
G1 X85.436 Y72.199 E3.78344
G1 X84.863 Y72.199 E3.81247
G1 X85.693 Y71.369 E3.87186
G1 X85.644 Y71.285 E3.87675
G1 X85.203 Y71.285 E3.89910
G1 X84.289 Y72.199 E3.96448
G1 X83.715 Y72.199 E3.99351
G1 X84.629 Y71.285 E4.05888
G1 X84.055 Y71.285 E4.08791
G1 X81.285 Y74.055 E4.28610
G1 X81.285 Y74.629 E4.31513
G1 X82.929 Y72.986 E4.43272
G1 X82.145 Y74.343 E4.51203
G1 X81.285 Y75.203 E4.57354
G1 X81.285 Y75.776 E4.60257
G1 X81.874 Y75.188 E4.64469
G1 X82.084 Y75.551 E4.66594
G1 X81.285 Y76.350 E4.72309
G1 X81.285 Y76.755 E4.74358
G1 X81.516 Y76.693 E4.75565
G1 X82.294 Y75.915 E4.81133
G1 X82.504 Y76.279 E4.83258
G1 X82.054 Y76.729 E4.86477
G1 X81.115 Y77.968 F7800.000
;TYPE:Bridge infill
;WIDTH:0.401443
;HEIGHT:0.4
M106 S255
G1 F3600.000
G1 X82.119 Y76.964 E4.93947
G1 X82.763 Y76.792 E4.97456
G1 X82.824 Y76.898 E4.98099
G1 X81.318 Y78.404 E5.09310
G1 X81.318 Y79.042 E5.12669
G1 X83.058 Y77.302 E5.25619
G1 X83.291 Y77.707 E5.28078
G1 X81.318 Y79.681 E5.42767
G1 X81.318 Y80.319 E5.46127
G1 X83.804 Y77.833 E5.64628
G1 X84.442 Y77.833 E5.67987
G1 X81.318 Y80.958 E5.91239
G1 X81.318 Y81.596 E5.94599
G1 X85.081 Y77.833 E6.22602
G1 X85.719 Y77.833 E6.25962
G1 X81.318 Y82.235 E6.58716
G1 X81.318 Y82.873 E6.62076
G1 X90.466 Y73.725 E7.30158
G1 X90.436 Y74.093 E7.32103
G1 X90.459 Y74.370 E7.33567
G1 X81.318 Y83.511 E8.01596
G1 X81.318 Y84.150 E8.04956
G1 X90.520 Y74.947 E8.73443
G1 X90.660 Y75.446 E8.76168
G1 X81.318 Y84.788 E9.45695
G1 X81.318 Y85.427 E9.49055
G1 X90.851 Y75.894 E10.20000
G1 X91.071 Y76.312 E10.22488
G1 X81.318 Y86.065 E10.95069
G1 X81.318 Y86.704 E10.98429
G1 X91.352 Y76.669 E11.73102
G1 X91.633 Y77.027 E11.75495
G1 X81.318 Y87.342 E12.52261
G1 X81.318 Y87.980 E12.55620
G1 X91.972 Y77.326 E13.34913
G1 X92.611 Y77.326 E13.38273
G1 X81.318 Y88.619 E14.22316
G1 X81.318 Y89.257 E14.25676
G1 X93.249 Y77.326 E15.14471
G1 X93.888 Y77.326 E15.17831
G1 X81.318 Y89.896 E16.11377
G1 X81.318 Y90.534 E16.14737
G1 X94.526 Y77.326 E17.13034
G1 X95.165 Y77.326 E17.16394
G1 X81.318 Y91.173 E18.19442
G1 X81.318 Y91.811 E18.22802
G1 X96.589 Y76.540 E19.36450
G1 X97.006 Y76.761 E19.38934
G1 X81.318 Y92.450 E20.55685
G1 X81.318 Y93.088 E20.59045
G1 X97.423 Y76.983 E21.78899
G1 X97.767 Y77.165 E21.80949
G1 X97.865 Y77.179 E21.81469
G1 X81.318 Y93.726 E23.04612
G1 X81.318 Y94.365 E23.07971
G1 X98.424 Y77.258 E24.35276
G1 X98.535 Y77.274 E24.35864
G1 X99.127 Y77.194 E24.39008
G1 X81.318 Y95.003 E25.71542
G1 X81.318 Y95.642 E25.74902
G1 X99.865 Y77.094 E27.12932
G1 X100.393 Y77.204 E27.15771
G1 X81.318 Y96.280 E28.57732
G1 X81.318 Y96.919 E28.61092
G1 X100.983 Y77.253 E30.07440
G1 X101.797 Y77.077 E30.11825
G1 X81.318 Y97.557 E31.64234
G1 X81.318 Y98.195 E31.67593
G1 X102.341 Y77.172 E33.24046
G1 X102.900 Y77.252 E33.27019
G1 X81.318 Y98.834 E34.87634
G1 X81.318 Y99.472 E34.90993
G1 X103.587 Y77.203 E36.56721
G1 X103.867 Y77.165 E36.58207
G1 X104.380 Y76.883 E36.61288
G1 X104.476 Y76.952 E36.61912
G1 X81.318 Y100.111 E38.34256
G1 X81.318 Y100.749 E38.37616
G1 X104.869 Y77.198 E40.12886
G1 X105.508 Y77.198 E40.16245
G1 X81.318 Y101.388 E41.96266
G1 X81.318 Y102.026 E41.99625
G1 X106.146 Y77.198 E43.84397
G1 X106.785 Y77.198 E43.87757
G1 X81.318 Y102.664 E45.77280
G1 X81.318 Y103.303 E45.80640
G1 X107.423 Y77.198 E47.74914
G1 X108.061 Y77.198 E47.78274
G1 X81.318 Y103.941 E49.77299
G1 X81.318 Y104.580 E49.80659
G1 X108.700 Y77.198 E51.84436
G1 X109.338 Y77.198 E51.87795
G1 X81.318 Y105.218 E53.96323
G1 X81.318 Y105.857 E53.99683
G1 X109.977 Y77.198 E56.12962
G1 X110.615 Y77.198 E56.16322
G1 X81.318 Y106.495 E58.34352
G1 X81.318 Y107.134 E58.37712
G1 X111.254 Y77.198 E60.60493
G1 X111.892 Y77.198 E60.63853
G1 X81.318 Y107.772 E62.91386
G1 X81.318 Y107.821 E62.91644
G1 X81.782 Y107.946 E62.94176
G1 X112.600 Y77.128 E65.23519
G1 X112.779 Y77.106 E65.24467
G1 X113.184 Y76.901 E65.26856
G1 X113.378 Y76.988 E65.27976
G1 X82.286 Y108.081 E67.59364
G1 X82.763 Y108.208 E67.61963
G1 X83.364 Y107.167 E67.68291
G1 X83.838 Y107.167 E67.70785
G1 X113.823 Y77.182 E69.93932
G1 X114.398 Y77.245 E69.96977
G1 X84.477 Y107.167 E72.19653
G1 X85.115 Y107.167 E72.23013
G1 X115.053 Y77.229 E74.45809
G1 X115.334 Y77.204 E74.47294
G1 X115.928 Y76.993 E74.50611
G1 X85.753 Y107.167 E76.75167
G1 X86.392 Y107.167 E76.78527
G1 X116.460 Y77.099 E79.02291
G1 X117.006 Y77.192 E79.05204
G1 X86.780 Y107.417 E81.30139
G1 X87.014 Y107.822 E81.32599
G1 X117.571 Y77.265 E83.60003
G1 X118.296 Y77.178 E83.63847
G1 X87.248 Y108.226 E85.94909
G1 X87.481 Y108.631 E85.97368
G1 X124.795 Y71.318 E88.75054
G1 X125.433 Y71.318 E88.78414
G1 X87.567 Y109.184 E91.60215
M106 S89.25
G1 X84.940 Y113.888 F7800.000
;TYPE:Solid infill
;WIDTH:0.458005
;HEIGHT:0.3
G1 F1200.000
G1 X86.027 Y112.801 E91.67763
G1 X85.470 Y112.801 E91.70496
G1 X84.557 Y113.715 E91.76839
G1 X84.000 Y113.715 E91.79572
G1 X84.914 Y112.801 E91.85916
G1 X84.357 Y112.801 E91.88649
G1 X83.443 Y113.715 E91.94992
G1 X82.887 Y113.715 E91.97725
G1 X83.800 Y112.801 E92.04069
G1 X83.383 Y112.801 E92.06118
G1 X83.332 Y112.713 E92.06618
G1 X82.330 Y113.715 E92.13574
G1 X81.773 Y113.715 E92.16307
G1 X83.128 Y112.360 E92.25713
G1 X82.924 Y112.007 E92.27714
G1 X81.285 Y113.646 E92.39094
G1 X81.285 Y113.089 E92.41827
G1 X82.721 Y111.654 E92.51792
G1 X82.517 Y111.301 E92.53792
G1 X81.285 Y112.533 E92.62343
G1 X81.285 Y111.976 E92.65075
G1 X82.313 Y110.948 E92.72211
G1 X82.109 Y110.595 E92.74212
G1 X81.285 Y111.419 E92.79932
G1 X81.285 Y110.863 E92.82665
G1 X81.906 Y110.242 E92.86972
G1 X81.766 Y110.000 E92.88345
G1 X82.004 Y109.587 E92.90685
G1 X81.285 Y110.306 E92.95673
G1 X81.285 Y109.749 E92.98406
G1 X82.472 Y108.563 E93.06643
G1 X82.033 Y108.445 E93.08874
G1 X81.285 Y109.193 E93.14063
G1 X81.285 Y108.636 E93.16796
G1 X81.735 Y108.186 E93.19920
G1 E91.19920 F2400.000
G92 E0
G1 X94.093 Y108.457 F7800.000
G1 E2.00000 F2400.000
;WIDTH:0.527124
G1 F1200.000
G1 X94.657 Y107.893 E2.04608
G1 E0.04608 F2400.000
G92 E0
G1 X103.342 Y108.860 F7800.000
G1 E2.00000 F2400.000
;TYPE:Gap fill
;WIDTH:0.273069
G1 F1200.000
G1 X103.646 Y108.831 E2.00796
;WIDTH:0.27307
G1 X103.965 Y108.849 E2.01628
G1 E0.01628 F2400.000
G92 E0
G1 X105.002 Y110.739 F7800.000
G1 E2.00000 F2400.000
;WIDTH:0.141471
G1 F1200.000
G1 X104.980 Y110.898 E2.00154
G1 E0.00154 F2400.000
G92 E0
G1 X108.242 Y107.849 F7800.000
G1 E2.00000 F2400.000
;TYPE:Solid infill
;WIDTH:0.483264
G1 F1200.000
G1 X107.059 Y109.032 E2.08738
G1 X107.765 Y109.628 F7800.000
;TYPE:Gap fill
;WIDTH:0.306528
G1 F1200.000
G1 X107.749 Y109.947 E2.09702
;WIDTH:0.288375
G1 X107.796 Y110.596 E2.11519
;WIDTH:0.406153
G1 X107.843 Y111.217 E2.14176
G1 E0.14176 F2400.000
G92 E0
G1 X110.398 Y110.299 F7800.000
G1 E2.00000 F2400.000
;TYPE:Solid infill
;WIDTH:0.527124
G1 F1200.000
G1 X110.879 Y109.819 E2.03922
G1 E0.03922 F2400.000
G92 E0
G1 X116.907 Y110.194 F7800.000
G1 E2.00000 F2400.000
;TYPE:Gap fill
;WIDTH:0.571989
G1 F1200.000
G1 X116.894 Y109.855 E2.02154
;WIDTH:0.596763
G1 X116.881 Y109.667 E2.03403
G1 X116.881 Y107.582 E2.17245
G1 X119.899 Y107.582 F7800.000
G1 F1200.000
G1 X119.899 Y109.667 E2.31088
G1 X119.911 Y109.855 E2.32337
;WIDTH:0.571973
G1 X119.924 Y110.194 E2.34490
G1 E0.34490 F2400.000
G92 E0
G1 X122.644 Y108.860 F7800.000
G1 E2.00000 F2400.000
;WIDTH:0.273069
G1 F1200.000
G1 X122.949 Y108.831 E2.00796
;WIDTH:0.27307
G1 X123.268 Y108.849 E2.01628
G1 E0.01628 F2400.000
G92 E0
G1 X124.306 Y110.645 F7800.000
G1 E2.00000 F2400.000
;WIDTH:0.129062
G1 F1200.000
G1 X124.551 Y110.822 E2.00244
G1 X126.754 Y111.248 F7800.000
;WIDTH:0.165677
G1 F1200.000
G1 X126.542 Y111.314 E2.00525
G1 X126.076 Y110.045 F7800.000
;WIDTH:0.244051
G1 F1200.000
G1 X125.962 Y110.093 E2.00801
;WIDTH:0.253221
G1 X125.758 Y110.079 E2.01284
;WIDTH:0.262002
G1 X125.613 Y110.016 E2.01673
G1 X125.646 Y108.893 F7800.000
;WIDTH:0.249432
G1 F1200.000
G1 X125.939 Y108.857 E2.02355
G1 X126.087 Y108.914 E2.02720
G1 X127.011 Y107.934 F7800.000
;WIDTH:0.152495
G1 F1200.000
G1 X127.116 Y108.022 E2.02871
;WIDTH:0.186609
G1 X127.222 Y108.109 E2.03080
G1 X128.458 Y108.766 F7800.000
;WIDTH:0.13681
G1 F1200.000
G1 X128.445 Y108.978 E2.03271
G1 X128.443 Y109.726 F7800.000
;WIDTH:0.166456
G1 F1200.000
G1 X128.474 Y109.948 E2.03557
;WIDTH:0.214531
G1 X128.505 Y110.170 E2.03977
G1 X129.930 Y112.116 F7800.000
;TYPE:Solid infill
;WIDTH:0.453537
G1 F1200.000
G1 X128.332 Y113.715 E2.14950
G1 X128.882 Y113.715 E2.17622
G1 X130.313 Y112.283 E2.27445
G1 X130.691 Y112.223 E2.29302
G1 X130.917 Y112.229 E2.30402
G1 X129.432 Y113.715 E2.40597
G1 X129.983 Y113.715 E2.43268
G1 X131.468 Y112.229 E2.53462
G1 X132.018 Y112.229 E2.56134
G1 X130.533 Y113.715 E2.66328
G1 X131.083 Y113.715 E2.68999
G1 X132.569 Y112.229 E2.79194
G1 X133.059 Y112.289 E2.81591
G1 X131.634 Y113.715 E2.91374
G1 X132.184 Y113.715 E2.94045
G1 X133.659 Y112.240 E3.04169
G1 X134.275 Y112.156 E3.07187
G1 X134.275 Y112.174 E3.07276
G1 X132.734 Y113.715 E3.17852
G1 X133.285 Y113.715 E3.20523
G1 X134.275 Y112.724 E3.27321
G1 X134.275 Y113.275 E3.29992
G1 X133.662 Y113.888 E3.34203
G1 X127.608 Y113.888 F7800.000
G1 F1200.000
G1 X128.626 Y112.869 E3.41196
G1 X128.076 Y112.869 E3.43867
G1 X127.231 Y113.715 E3.49668
G1 X126.681 Y113.715 E3.52340
G1 X127.526 Y112.869 E3.58141
G1 X126.975 Y112.869 E3.60812
G1 X126.130 Y113.715 E3.66613
G1 X125.580 Y113.715 E3.69285
G1 X126.606 Y112.689 E3.76327
G1 X126.505 Y112.239 E3.78562
G1 X125.030 Y113.715 E3.88689
G1 X124.479 Y113.715 E3.91360
G1 X125.890 Y112.303 E4.01047
G1 X125.845 Y112.310 E4.01269
G1 X125.413 Y112.231 E4.03402
G1 X123.929 Y113.715 E4.13588
G1 X123.379 Y113.715 E4.16260
G1 X124.947 Y112.146 E4.27029
G1 X124.809 Y112.120 E4.27713
G1 X124.587 Y111.956 E4.29054
G1 X122.828 Y113.715 E4.41127
G1 X122.278 Y113.715 E4.43799
G1 X124.069 Y111.923 E4.56097
G1 X123.139 Y112.303 E4.60978
G1 X121.727 Y113.715 E4.70665
G1 X121.177 Y113.715 E4.73336
G1 X122.628 Y112.264 E4.83296
G1 X122.160 Y112.182 E4.85604
G1 X120.627 Y113.715 E4.96126
G1 X120.076 Y113.715 E4.98798
G1 X121.739 Y112.052 E5.10207
G1 X121.494 Y111.879 E5.11660
G1 X121.137 Y112.104 E5.13711
G1 X119.526 Y113.715 E5.24766
G1 X118.976 Y113.715 E5.27437
G1 X120.424 Y112.266 E5.37380
G1 X120.166 Y112.304 E5.38648
G1 X119.872 Y112.268 E5.40083
G1 X118.425 Y113.715 E5.50013
G1 X117.875 Y113.715 E5.52685
G1 X119.360 Y112.229 E5.62879
G1 X118.810 Y112.229 E5.65550
G1 X117.325 Y113.715 E5.75745
G1 X116.774 Y113.715 E5.78416
G1 X118.259 Y112.229 E5.88610
G1 X117.709 Y112.229 E5.91282
G1 X116.224 Y113.715 E6.01476
G1 X115.674 Y113.715 E6.04147
G1 X117.092 Y112.297 E6.13880
G1 X116.601 Y112.237 E6.16280
G1 X115.123 Y113.715 E6.26422
G1 X114.573 Y113.715 E6.29093
G1 X116.058 Y112.229 E6.39287
G1 X115.508 Y112.229 E6.41959
G1 X114.023 Y113.715 E6.52153
G1 X113.472 Y113.715 E6.54824
G1 X114.957 Y112.229 E6.65019
G1 X114.407 Y112.229 E6.67690
G1 X112.922 Y113.715 E6.77884
G1 X112.372 Y113.715 E6.80556
G1 X113.761 Y112.325 E6.90092
G1 X113.717 Y112.332 E6.90306
G1 X113.347 Y112.189 E6.92234
G1 X111.821 Y113.715 E7.02708
G1 X111.271 Y113.715 E7.05379
G1 X112.176 Y112.810 E7.11590
G1 X111.397 Y113.107 E7.15636
G1 X111.321 Y113.115 E7.16008
G1 X110.720 Y113.715 E7.20127
G1 X110.170 Y113.715 E7.22798
G1 X110.706 Y113.179 E7.26478
G1 X110.494 Y113.201 E7.27512
G1 X110.186 Y113.149 E7.29031
G1 X109.620 Y113.715 E7.32915
G1 X109.069 Y113.715 E7.35586
G1 X109.714 Y113.070 E7.40012
G1 X109.251 Y112.982 E7.42298
G1 X108.519 Y113.715 E7.47325
G1 X107.969 Y113.715 E7.49996
G1 X108.921 Y112.762 E7.56532
G1 X108.590 Y112.543 E7.58459
G1 X107.418 Y113.715 E7.66503
G1 X106.868 Y113.715 E7.69174
G1 X108.260 Y112.323 E7.78727
G1 X108.210 Y112.290 E7.79016
G1 X108.100 Y112.106 E7.80057
G1 X107.899 Y112.133 E7.81043
G1 X106.318 Y113.715 E7.91898
G1 X105.767 Y113.715 E7.94569
G1 X107.262 Y112.220 E8.04828
G1 X106.627 Y112.305 E8.07938
G1 X105.217 Y113.715 E8.17615
G1 X104.667 Y113.715 E8.20286
G1 X106.144 Y112.237 E8.30431
G1 X105.601 Y112.229 E8.33067
G1 X104.116 Y113.715 E8.43261
G1 X103.566 Y113.715 E8.45932
G1 X105.051 Y112.229 E8.56127
G1 X104.501 Y112.229 E8.58798
G1 X103.016 Y113.715 E8.68992
G1 X102.465 Y113.715 E8.71664
G1 X103.904 Y112.275 E8.81542
G1 X103.751 Y112.338 E8.82345
G1 X103.360 Y112.270 E8.84274
G1 X101.915 Y113.715 E8.94193
G1 X101.365 Y113.715 E8.96864
G1 X102.850 Y112.229 E9.07058
G1 X102.299 Y112.229 E9.09730
G1 X100.814 Y113.715 E9.19924
G1 X100.264 Y113.715 E9.22595
G1 X101.749 Y112.229 E9.32790
G1 X101.199 Y112.229 E9.35461
G1 X99.713 Y113.715 E9.45655
G1 X99.163 Y113.715 E9.48327
G1 X100.648 Y112.229 E9.58521
G1 X100.098 Y112.229 E9.61192
G1 X98.613 Y113.715 E9.71387
G1 X98.062 Y113.715 E9.74058
G1 X99.548 Y112.229 E9.84252
G1 X98.997 Y112.229 E9.86923
G1 X97.512 Y113.715 E9.97118
G1 X96.962 Y113.715 E9.99789
G1 X98.447 Y112.229 E10.09983
G1 X97.897 Y112.229 E10.12655
G1 X96.411 Y113.715 E10.22849
G1 X95.861 Y113.715 E10.25520
G1 X97.346 Y112.229 E10.35715
G1 X97.175 Y112.229 E10.36547
G1 X96.724 Y112.301 E10.38764
G1 X95.311 Y113.715 E10.48463
G1 X94.760 Y113.715 E10.51135
G1 X96.251 Y112.224 E10.61369
G1 X95.855 Y112.070 E10.63434
G1 X94.210 Y113.715 E10.74724
G1 X93.660 Y113.715 E10.77395
G1 X94.339 Y113.035 E10.82060
G1 X93.705 Y113.119 E10.85163
G1 X93.109 Y113.715 E10.89254
G1 X92.559 Y113.715 E10.91926
G1 X93.148 Y113.125 E10.95970
G1 X92.598 Y113.125 E10.98641
G1 X92.009 Y113.715 E11.02685
G1 X91.458 Y113.715 E11.05356
G1 X92.047 Y113.125 E11.09400
G1 X91.497 Y113.125 E11.12071
G1 X90.884 Y113.739 E11.16282
G1 X89.889 Y113.885 F7800.000
;TYPE:Bridge infill
;WIDTH:0.401443
;HEIGHT:0.4
M106 S255
G1 F3600.000
G1 X90.639 Y113.134 E11.21867
G1 X90.639 Y112.496 E11.25227
G1 X89.453 Y113.682 E11.34056
G1 X88.814 Y113.682 E11.37416
G1 X90.639 Y111.857 E11.50997
G1 X90.639 Y111.219 E11.54356
G1 X88.176 Y113.682 E11.72688
G1 X87.538 Y113.682 E11.76048
G1 X90.639 Y110.581 E11.99131
G1 X90.639 Y109.942 E12.02491
G1 X86.899 Y113.682 E12.30325
G1 X86.261 Y113.682 E12.33685
G1 X90.639 Y109.304 E12.66271
G1 X90.639 Y108.665 E12.69630
G1 X86.860 Y112.445 E12.97755
G1 X87.732 Y110.934 E13.06934
G1 X90.639 Y108.027 E13.28568
G1 X90.639 Y107.388 E13.31928
G1 X88.182 Y109.845 E13.50214
G1 X87.949 Y109.441 E13.52673
G1 X126.072 Y71.318 E16.36383
G1 X126.710 Y71.318 E16.39743
G1 X91.345 Y106.682 E19.02925
G1 X91.984 Y106.682 E19.06285
G1 X127.349 Y71.318 E21.69467
G1 X127.987 Y71.318 E21.72827
G1 X92.622 Y106.682 E24.36009
G1 X93.261 Y106.682 E24.39369
G1 X128.625 Y71.318 E27.02551
G1 X129.264 Y71.318 E27.05911
G1 X93.794 Y106.788 E29.69878
G1 X93.794 Y107.426 E29.73238
G1 X129.902 Y71.318 E32.41957
G1 X130.541 Y71.318 E32.45316
G1 X93.794 Y108.074 E35.18822
G1 X95.562 Y106.789 E35.30328
G1 X95.738 Y106.759 E35.31267
G1 X131.179 Y71.318 E37.95016
G1 X131.818 Y71.318 E37.98376
G1 X96.512 Y106.623 E40.61120
G1 X96.650 Y106.599 E40.61857
G1 X97.099 Y106.674 E40.64256
G1 X132.456 Y71.318 E43.27378
G1 X133.094 Y71.318 E43.30737
G1 X97.730 Y106.682 E45.93920
G1 X98.368 Y106.682 E45.97279
G1 X133.733 Y71.318 E48.60462
G1 X134.371 Y71.318 E48.63821
G1 X99.007 Y106.682 E51.27004
G1 X99.645 Y106.682 E51.30363
G1 X135.010 Y71.318 E53.93546
G1 X135.648 Y71.318 E53.96905
G1 X100.284 Y106.682 E56.60088
G1 X100.922 Y106.682 E56.63447
G1 X136.287 Y71.318 E59.26630
G1 X136.925 Y71.318 E59.29989
G1 X101.560 Y106.682 E61.93172
G1 X102.199 Y106.682 E61.96531
G1 X137.564 Y71.318 E64.59714
G1 X138.202 Y71.318 E64.63073
G1 X102.837 Y106.682 E67.26256
G1 X103.138 Y106.682 E67.27840
G1 X103.545 Y106.613 E67.30010
G1 X138.840 Y71.318 E69.92678
G1 X139.479 Y71.318 E69.96037
G1 X104.114 Y106.682 E72.59220
G1 X104.753 Y106.682 E72.62579
G1 X140.117 Y71.318 E75.25762
G1 X140.756 Y71.318 E75.29121
G1 X105.391 Y106.682 E77.92304
G1 X106.029 Y106.682 E77.95663
G1 X141.394 Y71.318 E80.58846
G1 X142.033 Y71.318 E80.62206
G1 X106.668 Y106.682 E83.25388
G1 X107.265 Y106.682 E83.28530
G1 X107.265 Y106.724 E83.28748
G1 X142.671 Y71.318 E85.92238
G1 X143.309 Y71.318 E85.95597
G1 X107.265 Y107.362 E88.63839
G1 X107.265 Y108.001 E88.67199
G1 X143.948 Y71.318 E91.40191
G1 X144.586 Y71.318 E91.43551
G1 X108.887 Y107.017 E94.09226
G1 X109.678 Y106.706 E94.13700
G1 X109.856 Y106.686 E94.14642
G1 X145.225 Y71.318 E96.77855
G1 X145.863 Y71.318 E96.81215
G1 X110.568 Y106.613 E99.43877
G1 X111.138 Y106.681 E99.46897
G1 X146.502 Y71.318 E102.10071
G1 X147.140 Y71.318 E102.13431
G1 X111.645 Y106.813 E104.77583
G1 X112.096 Y107.000 E104.80153
G1 X147.779 Y71.318 E107.45700
G1 X148.417 Y71.318 E107.49060
G1 X112.987 Y106.747 E110.12727
G1 X113.761 Y106.612 E110.16858
G1 X149.055 Y71.318 E112.79520
G1 X149.694 Y71.318 E112.82880
G1 X114.330 Y106.682 E115.46057
G1 X114.968 Y106.682 E115.49413
G1 X150.332 Y71.318 E118.12596
G1 X150.971 Y71.318 E118.15955
G1 X115.606 Y106.682 E120.79138
G1 X116.244 Y106.682 E120.82497
G1 X151.609 Y71.318 E123.45680
G1 X152.248 Y71.318 E123.49039
G1 X116.883 Y106.682 E126.12222
G1 X117.521 Y106.682 E126.15581
G1 X152.886 Y71.318 E128.78764
G1 X153.524 Y71.318 E128.82124
G1 X118.160 Y106.682 E131.45306
G1 X118.798 Y106.682 E131.48666
G1 X154.163 Y71.318 E134.11848
G1 X154.801 Y71.318 E134.15208
G1 X119.437 Y106.682 E136.78390
G1 X120.075 Y106.682 E136.81750
G1 X155.440 Y71.318 E139.44932
G1 X156.078 Y71.318 E139.48292
G1 X120.713 Y106.682 E142.11474
G1 X121.352 Y106.682 E142.14834
G1 X156.717 Y71.318 E144.78016
G1 X157.355 Y71.318 E144.81376
G1 X121.990 Y106.682 E147.44558
G1 X122.441 Y106.682 E147.46929
G1 X122.667 Y106.644 E147.48137
G1 X157.994 Y71.318 E150.11033
G1 X158.632 Y71.318 E150.14393
G1 X123.284 Y106.666 E152.77452
G1 X123.803 Y106.785 E152.80253
G1 X159.270 Y71.318 E155.44203
G1 X159.909 Y71.318 E155.47562
G1 X124.321 Y106.905 E158.12402
G1 X124.569 Y106.962 E158.13737
G1 X124.798 Y106.792 E158.15240
G1 X125.133 Y106.732 E158.17032
G1 X160.547 Y71.318 E160.80582
G1 X161.186 Y71.318 E160.83941
G1 X125.897 Y106.607 E163.46560
G1 X126.453 Y106.689 E163.49519
G1 X161.824 Y71.318 E166.12750
G1 X162.463 Y71.318 E166.16109
G1 X126.937 Y106.843 E168.80487
G1 X127.073 Y106.917 E168.81300
G1 X127.766 Y106.653 E168.85203
G1 X163.101 Y71.318 E171.48165
G1 X163.739 Y71.318 E171.51525
G1 X128.421 Y106.637 E174.14366
G1 X128.964 Y106.731 E174.17271
G1 X163.140 Y72.556 E176.71601
G1 X162.267 Y74.067 E176.80780
G1 X129.652 Y106.682 E179.23505
G1 X130.126 Y106.599 E179.26041
G1 X130.338 Y106.635 E179.27168
G1 X161.818 Y75.155 E181.61440
G1 X162.051 Y75.559 E181.63900
G1 X130.928 Y106.682 E183.95515
G1 X131.567 Y106.682 E183.98875
G1 X162.285 Y75.964 E186.27478
G1 X162.519 Y76.369 E186.29938
G1 X132.205 Y106.682 E188.55529
G1 X132.844 Y106.682 E188.58889
G1 X162.753 Y76.774 E190.81468
G1 X162.986 Y77.178 E190.83927
G1 X133.482 Y106.682 E193.03494
G1 X133.806 Y106.682 E193.05198
G1 X133.806 Y106.997 E193.06854
G1 X163.220 Y77.583 E195.25751
G1 X163.364 Y77.833 E195.27270
G1 X163.608 Y77.833 E195.28554
G1 X133.806 Y107.636 E197.50342
G1 X133.806 Y108.274 E197.53702
G1 X164.247 Y77.833 E199.80240
G1 X164.885 Y77.833 E199.83600
G1 X133.806 Y108.912 E202.14890
G1 X133.806 Y109.163 E202.16207
G1 X134.239 Y109.118 E202.18497
G1 X165.524 Y77.833 E204.51317
G1 X166.162 Y77.833 E204.54677
G1 X134.693 Y109.302 E206.88868
G1 X134.693 Y109.941 E206.92228
G1 X167.714 Y76.920 E209.37970
G1 X168.218 Y77.054 E209.40713
G1 X134.693 Y110.579 E211.90202
G1 X134.693 Y111.218 E211.93562
G1 X168.682 Y77.228 E214.46509
G1 X168.682 Y77.867 E214.49869
G1 X134.693 Y111.856 E217.02816
G1 X134.693 Y112.494 E217.06176
G1 X168.682 Y78.505 E219.59123
G1 X168.682 Y79.143 E219.62483
G1 X134.693 Y113.133 E222.15430
G1 X134.693 Y113.682 E222.18322
G1 X134.782 Y113.682 E222.18790
G1 X168.682 Y79.782 E224.71075
G1 X168.682 Y80.420 E224.74435
G1 X135.420 Y113.682 E227.21969
G1 X136.059 Y113.682 E227.25328
G1 X168.682 Y81.059 E229.68111
G1 X168.682 Y81.697 E229.71471
G1 X136.697 Y113.682 E232.09502
G1 X137.336 Y113.682 E232.12862
G1 X168.682 Y82.336 E234.46143
G1 X168.682 Y82.974 E234.49502
G1 X137.974 Y113.682 E236.78031
G1 X138.613 Y113.682 E236.81391
G1 X168.682 Y83.613 E239.05169
G1 X168.682 Y84.251 E239.08529
G1 X139.251 Y113.682 E241.27555
G1 X139.889 Y113.682 E241.30915
G1 X168.682 Y84.889 E243.45191
G1 X168.682 Y85.528 E243.48550
G1 X140.528 Y113.682 E245.58075
G1 X141.166 Y113.682 E245.61434
G1 X168.682 Y86.166 E247.66207
G1 X168.682 Y86.805 E247.69567
G1 X141.805 Y113.682 E249.69589
G1 X142.443 Y113.682 E249.72949
G1 X168.682 Y87.443 E251.68219
G1 X168.682 Y88.082 E251.71579
G1 X143.082 Y113.682 E253.62098
G1 X143.720 Y113.682 E253.65458
G1 X168.682 Y88.720 E255.51226
G1 X168.682 Y89.358 E255.54586
G1 X144.358 Y113.682 E257.35603
G1 X144.997 Y113.682 E257.38963
G1 X168.682 Y89.997 E259.15228
G1 X168.682 Y90.635 E259.18588
G1 X145.635 Y113.682 E260.90103
G1 X146.274 Y113.682 E260.93462
G1 X168.682 Y91.274 E262.60226
G1 X168.682 Y91.912 E262.63585
G1 X146.912 Y113.682 E264.25598
G1 X147.551 Y113.682 E264.28957
G1 X168.682 Y92.551 E265.86218
G1 X168.682 Y93.189 E265.89578
G1 X148.189 Y113.682 E267.42088
G1 X148.828 Y113.682 E267.45447
G1 X168.682 Y93.828 E268.93206
G1 X168.682 Y94.466 E268.96566
G1 X149.466 Y113.682 E270.39573
G1 X150.104 Y113.682 E270.42933
G1 X168.682 Y95.104 E271.81189
G1 X168.682 Y95.743 E271.84548
G1 X150.743 Y113.682 E273.18053
G1 X151.381 Y113.682 E273.21413
G1 X168.682 Y96.381 E274.50167
G1 X168.682 Y97.020 E274.53526
G1 X152.020 Y113.682 E275.77529
G1 X152.658 Y113.682 E275.80888
G1 X168.682 Y97.658 E277.00140
G1 X168.682 Y98.297 E277.03499
G1 X153.297 Y113.682 E278.17999
G1 X153.935 Y113.682 E278.21359
G1 X168.682 Y98.935 E279.31108
G1 X168.682 Y99.573 E279.34468
G1 X154.573 Y113.682 E280.39465
G1 X155.212 Y113.682 E280.42825
G1 X168.682 Y100.212 E281.43071
G1 X168.682 Y100.850 E281.46431
G1 X155.850 Y113.682 E282.41926
G1 X156.489 Y113.682 E282.45286
G1 X168.682 Y101.489 E283.36030
G1 X168.682 Y102.127 E283.39389
G1 X157.127 Y113.682 E284.25382
G1 X157.766 Y113.682 E284.28742
G1 X162.112 Y109.336 E284.61085
G1 X161.729 Y110.000 E284.65118
G1 X161.860 Y110.227 E284.66497
G1 X158.404 Y113.682 E284.92212
G1 X159.043 Y113.682 E284.95572
G1 X162.093 Y110.632 E285.18275
G1 X162.327 Y111.036 E285.20734
G1 X159.681 Y113.682 E285.40425
G1 X160.319 Y113.682 E285.43785
G1 X162.561 Y111.441 E285.60464
G1 X162.794 Y111.846 E285.62923
G1 X160.958 Y113.682 E285.76590
G1 X161.596 Y113.682 E285.79950
G1 X163.028 Y112.251 E285.90604
G1 X163.262 Y112.655 E285.93064
G1 X162.235 Y113.682 E286.00706
G1 X162.873 Y113.682 E286.04066
G1 X163.495 Y113.060 E286.08696
G1 X163.729 Y113.465 E286.11156
G1 X163.309 Y113.885 E286.14281
M106 S89.25
G1 X164.223 Y112.627 F7800.000
;TYPE:Solid infill
;WIDTH:0.466041
;HEIGHT:0.3
G1 F1200.000
G1 X163.909 Y112.941 E286.16504
G1 X164.117 Y113.301 E286.18587
G1 X164.617 Y112.801 E286.22133
G1 X165.185 Y112.801 E286.24978
G1 X164.325 Y113.661 E286.31075
G1 X164.356 Y113.715 E286.31382
G1 X164.840 Y113.715 E286.33808
G1 X165.754 Y112.801 E286.40281
G1 X166.322 Y112.801 E286.43127
G1 X165.234 Y113.888 E286.50829
G1 X168.075 Y113.888 F7800.000
G1 F1200.000
G1 X168.715 Y113.248 E286.55364
G1 X168.715 Y112.680 E286.58209
G1 X167.680 Y113.715 E286.65539
G1 X167.112 Y113.715 E286.68385
G1 X168.715 Y112.112 E286.79739
G1 X168.715 Y111.544 E286.82584
G1 X166.544 Y113.715 E286.97963
G1 X165.976 Y113.715 E287.00808
G1 X168.715 Y110.976 E287.20211
G1 X168.715 Y110.408 E287.23057
G1 X167.021 Y112.102 E287.35056
G1 X167.797 Y110.757 E287.42830
G1 X168.715 Y109.840 E287.49332
G1 X168.715 Y109.272 E287.52177
G1 X168.144 Y109.843 E287.56223
G1 X167.936 Y109.483 E287.58306
G1 X168.715 Y108.704 E287.63824
G1 X168.715 Y108.245 E287.66123
G1 X168.565 Y108.285 E287.66897
G1 X167.728 Y109.123 E287.72831
G1 X167.520 Y108.762 E287.74914
G1 X168.035 Y108.248 E287.78563
G1 X167.595 Y108.322 F7800.000
;TYPE:Bridge infill
;WIDTH:0.401443
;HEIGHT:0.4
M106 S255
G1 F3600.000
G1 X168.682 Y107.235 E287.86655
G1 X168.682 Y106.596 E287.90015
G1 X167.176 Y108.103 E288.01225
G1 X166.942 Y107.698 E288.03685
G1 X168.682 Y105.958 E288.16634
G1 X168.682 Y105.319 E288.19994
G1 X166.709 Y107.293 E288.34682
G1 X166.636 Y107.167 E288.35449
G1 X166.196 Y107.167 E288.37761
G1 X168.682 Y104.681 E288.56261
G1 X168.682 Y104.043 E288.59620
G1 X165.558 Y107.167 E288.82871
G1 X164.920 Y107.167 E288.86231
G1 X168.682 Y103.404 E289.14233
G1 X168.682 Y102.766 E289.17593
G1 X164.079 Y107.369 E289.51854
M106 S89.25
G1 X168.265 Y76.814 F7800.000
;TYPE:Solid infill
;WIDTH:0.458009
;HEIGHT:0.3
G1 F1200.000
G1 X168.715 Y76.364 E289.54978
G1 X168.715 Y75.807 E289.57711
G1 X167.967 Y76.555 E289.62901
G1 X167.528 Y76.437 E289.65132
G1 X168.715 Y75.251 E289.73370
G1 X168.715 Y74.694 E289.76103
G1 X167.996 Y75.412 E289.81091
G1 X168.234 Y75.000 E289.83428
G1 X168.094 Y74.758 E289.84803
G1 X168.715 Y74.137 E289.89109
G1 X168.715 Y73.581 E289.91842
G1 X167.891 Y74.405 E289.97563
G1 X167.687 Y74.052 E289.99564
G1 X168.715 Y73.024 E290.06700
G1 X168.715 Y72.467 E290.09433
G1 X167.483 Y73.699 E290.17983
G1 X167.279 Y73.346 E290.19984
G1 X168.715 Y71.911 E290.29949
G1 X168.715 Y71.354 E290.32682
G1 X167.076 Y72.993 E290.44062
G1 X166.872 Y72.640 E290.46063
G1 X168.226 Y71.285 E290.55468
G1 X167.670 Y71.285 E290.58201
G1 X166.668 Y72.287 E290.65157
G1 X166.617 Y72.199 E290.65656
G1 X166.199 Y72.199 E290.67707
G1 X167.113 Y71.285 E290.74050
G1 X166.556 Y71.285 E290.76783
G1 X165.643 Y72.199 E290.83126
G1 X165.086 Y72.199 E290.85859
G1 X166.000 Y71.285 E290.92202
G1 X165.443 Y71.285 E290.94935
G1 X164.529 Y72.199 E291.01278
G1 X163.973 Y72.199 E291.04011
G1 X165.060 Y71.112 E291.11559
G1 X113.813 Y72.633 F7800.000
;TYPE:Gap fill
;WIDTH:0.125773
G1 F1200.000
G1 X114.056 Y72.606 E291.11746
G1 X114.979 Y73.741 F7800.000
;WIDTH:0.278068
G1 F1200.000
G1 X114.625 Y73.766 E291.12692
G1 X114.421 Y73.801 E291.13245
G1 X114.151 Y73.923 E291.14032
G1 X114.425 Y75.187 F7800.000
;WIDTH:0.180214
G1 F1200.000
G1 X114.618 Y75.173 E291.14312
;WIDTH:0.20646
G1 X114.787 Y75.144 E291.14616
;WIDTH:0.206459
G1 X114.851 Y75.125 E291.14735
;WIDTH:0.199304
G1 X114.954 Y75.070 E291.14932
G1 X115.995 Y75.754 F7800.000
;WIDTH:0.125491
G1 F1200.000
G1 X116.022 Y75.718 E291.14966
;WIDTH:0.158895
G1 X116.051 Y75.694 E291.15011
;WIDTH:0.158897
G1 X116.135 Y75.766 E291.15141
G1 E289.15141 F2400.000
G92 E0
G1 X119.750 Y75.724 F7800.000
G1 E2.00000 F2400.000
;TYPE:Bridge infill
;WIDTH:0.401443
;HEIGHT:0.4
M106 S255
G1 F3600.000
G1 X124.156 Y71.318 E2.32790
G1 X123.518 Y71.318 E2.36150
G1 X120.676 Y74.160 E2.57302
G1 X120.420 Y73.777 E2.59725
G1 X122.880 Y71.318 E2.78025
G1 X122.241 Y71.318 E2.81385
G1 X120.165 Y73.394 E2.96833
G1 X119.910 Y73.010 E2.99256
G1 X121.603 Y71.318 E3.11853
G1 X120.964 Y71.318 E3.15213
G1 X119.655 Y72.627 E3.24958
G1 X119.399 Y72.244 E3.27381
G1 X120.326 Y71.318 E3.34274
G1 X119.687 Y71.318 E3.37634
G1 X119.144 Y71.861 E3.41676
G1 X118.889 Y71.478 E3.44098
G1 X119.251 Y71.115 E3.46795
M106 S89.25
G1 X118.189 Y71.895 F7800.000
;TYPE:Solid infill
;WIDTH:0.450011
;HEIGHT:0.3
G1 F1200.000
G1 X118.474 Y71.609 E3.48739
G1 X118.259 Y71.285 E3.50607
G1 X117.858 Y71.680 E3.53316
G1 X117.536 Y71.642 E3.54876
G1 X117.327 Y71.666 E3.55885
G1 X117.707 Y71.285 E3.58471
G1 X117.162 Y71.285 E3.61094
G1 X116.664 Y71.783 E3.64477
G1 X116.095 Y72.023 E3.67448
G1 X115.946 Y71.956 E3.68235
G1 X116.616 Y71.285 E3.72796
G1 X116.071 Y71.285 E3.75419
G1 X115.569 Y71.788 E3.78836
G1 X115.453 Y71.736 E3.79445
G1 X115.113 Y71.698 E3.81092
G1 X115.526 Y71.285 E3.83899
G1 X114.980 Y71.285 E3.86523
G1 X114.622 Y71.644 E3.88959
G1 X114.544 Y71.635 E3.89338
G1 X114.182 Y71.715 E3.91117
G1 X114.006 Y71.715 E3.91967
G1 X114.435 Y71.285 E3.94886
G1 X113.890 Y71.285 E3.97509
G1 X113.460 Y71.715 E4.00428
G1 X112.915 Y71.715 E4.03051
G1 X113.344 Y71.285 E4.05970
G1 X112.799 Y71.285 E4.08593
G1 X112.370 Y71.715 E4.11512
G1 X111.824 Y71.715 E4.14135
G1 X112.253 Y71.285 E4.17054
G1 X111.708 Y71.285 E4.19677
G1 X111.279 Y71.715 E4.22596
G1 X110.734 Y71.715 E4.25219
G1 X111.163 Y71.285 E4.28138
G1 X110.617 Y71.285 E4.30761
G1 X110.188 Y71.715 E4.33680
G1 X109.643 Y71.715 E4.36303
G1 X110.072 Y71.285 E4.39222
G1 X109.527 Y71.285 E4.41845
G1 X109.098 Y71.715 E4.44764
G1 X108.552 Y71.715 E4.47387
G1 X108.981 Y71.285 E4.50306
G1 X108.436 Y71.285 E4.52929
G1 X108.007 Y71.715 E4.55848
G1 X107.461 Y71.715 E4.58471
G1 X107.891 Y71.285 E4.61390
G1 X107.345 Y71.285 E4.64013
G1 X106.916 Y71.715 E4.66932
G1 X106.371 Y71.715 E4.69555
G1 X106.800 Y71.285 E4.72474
G1 X106.254 Y71.285 E4.75097
G1 X105.825 Y71.715 E4.78016
G1 X105.280 Y71.715 E4.80639
G1 X105.709 Y71.285 E4.83557
G1 X105.164 Y71.285 E4.86181
G1 X104.735 Y71.715 E4.89099
G1 X104.189 Y71.715 E4.91723
G1 X104.618 Y71.285 E4.94641
G1 X104.073 Y71.285 E4.97264
G1 X103.644 Y71.715 E5.00183
G1 X103.099 Y71.715 E5.02806
G1 X103.528 Y71.285 E5.05725
G1 X102.982 Y71.285 E5.08348
G1 X102.553 Y71.715 E5.11267
G1 X102.008 Y71.715 E5.13890
G1 X102.437 Y71.285 E5.16809
G1 X101.892 Y71.285 E5.19432
G1 X101.462 Y71.715 E5.22351
G1 X101.220 Y71.715 E5.23516
G1 X100.972 Y71.659 E5.24738
G1 X101.346 Y71.285 E5.27281
G1 X100.801 Y71.285 E5.29904
G1 X100.362 Y71.715 E5.32855
G1 X99.826 Y71.715 E5.35433
G1 X100.255 Y71.285 E5.38352
G1 X99.710 Y71.285 E5.40975
G1 X99.281 Y71.715 E5.43894
G1 X98.736 Y71.715 E5.46517
G1 X99.165 Y71.285 E5.49436
G1 X98.619 Y71.285 E5.52059
G1 X98.190 Y71.715 E5.54978
G1 X97.645 Y71.715 E5.57601
G1 X98.074 Y71.285 E5.60519
G1 X97.529 Y71.285 E5.63143
G1 X97.100 Y71.715 E5.66061
G1 X96.554 Y71.715 E5.68685
G1 X96.983 Y71.285 E5.71603
G1 X96.438 Y71.285 E5.74226
G1 X96.187 Y71.537 E5.75935
G1 X96.583 Y72.197 F7800.000
;TYPE:Gap fill
;WIDTH:0.167502
G1 F1200.000
G1 X96.682 Y72.715 E5.76615
G1 X96.759 Y73.279 E5.77346
G1 X96.800 Y73.532 F7800.000
;WIDTH:0.15703
G1 F1200.000
G1 X96.829 Y73.636 E5.77470
;WIDTH:0.195679
G1 X96.858 Y73.739 E5.77645
;WIDTH:0.234329
G1 X96.888 Y73.842 E5.77873
;WIDTH:0.272978
G1 X96.917 Y73.945 E5.78152
;WIDTH:0.27971
G1 X97.075 Y74.437 E5.79541
G1 X97.076 Y74.437 F7800.000
;WIDTH:0.356478
G1 F1200.000
G1 X96.794 Y73.534 E5.82988
G1 X96.705 Y75.074 F7800.000
;WIDTH:0.130956
G1 F1200.000
G1 X96.706 Y75.124 E5.83029
;WIDTH:0.130957
G1 X96.673 Y75.206 E5.83103
G1 X98.306 Y74.720 F7800.000
;WIDTH:0.126875
G1 F1200.000
G1 X98.623 Y75.208 E5.83557
G1 E3.83557 F2400.000
G92 E0
G1 X103.149 Y75.208 F7800.000
G1 E2.00000 F2400.000
;WIDTH:0.127097
G1 F1200.000
G1 X102.831 Y74.720 E2.00455
G1 X102.832 Y74.709 F7800.000
;WIDTH:0.374045
G1 F1200.000
G1 X102.204 Y74.506 E2.03004
G1 X102.470 Y74.743 F7800.000
;WIDTH:0.331603
G1 F1200.000
G1 X102.209 Y74.143 E2.05184
G1 X103.474 Y73.729 F7800.000
;WIDTH:0.330195
G1 F1200.000
G1 X104.120 Y73.980 E2.07481
G1 X104.147 Y74.304 F7800.000
;WIDTH:0.170666
G1 F1200.000
G1 X104.012 Y74.164 E2.07739
;WIDTH:0.174561
G1 X104.009 Y74.158 E2.07749
;WIDTH:0.201081
G1 X103.855 Y73.729 E2.08527
G1 E0.08527 F2400.000
G92 E0
G1 X130.066 Y108.908 F7800.000
G1 E2.00000 F2400.000
;TYPE:Perimeter
;WIDTH:0.45
G1 F900.000
G1 X130.239 Y108.941 E2.00850
G1 X130.297 Y109.089 E2.01616
G1 X130.332 Y109.476 E2.03486
G1 X130.298 Y109.869 E2.05382
G1 X130.246 Y110.007 E2.06090
G1 X130.157 Y110.024 E2.06530
G1 X130.050 Y110.004 E2.07053
G1 X129.992 Y109.856 E2.07819
G1 X129.957 Y109.475 E2.09656
G1 X129.991 Y109.101 E2.11462
G1 X130.044 Y108.964 E2.12171
G1 X129.881 Y108.580 F7800.000
;TYPE:External perimeter
G1 F900.000
G1 X130.129 Y108.527 E2.13390
G1 X130.404 Y108.579 E2.14735
G1 X130.566 Y108.718 E2.15762
G1 X130.676 Y109.001 E2.17222
G1 X130.719 Y109.475 E2.19515
G1 X130.678 Y109.955 E2.21830
G1 X130.573 Y110.234 E2.23264
G1 X130.420 Y110.367 E2.24238
G1 X130.157 Y110.417 E2.25527
G1 X129.887 Y110.365 E2.26850
G1 X129.723 Y110.227 E2.27879
G1 X129.613 Y109.946 E2.29332
G1 X129.570 Y109.475 E2.31605
G1 X129.612 Y109.013 E2.33839
G1 X129.724 Y108.724 E2.35329
G1 X129.837 Y108.621 E2.36065
G1 X130.095 Y108.717 F7800.000
G1 E0.36065 F2400.000
G92 E0
G1 X122.348 Y109.953 F7800.000
G1 E2.00000 F2400.000
G1 F900.000
G1 X123.469 Y109.953 E2.05394
G1 X123.293 Y110.271 E2.07142
G1 X123.139 Y110.378 E2.08042
G1 X122.905 Y110.417 E2.09186
G1 X122.676 Y110.374 E2.10306
G1 X122.511 Y110.250 E2.11297
G1 X122.377 Y110.006 E2.12639
G1 X122.730 Y110.072 F7800.000
G1 X122.770 Y110.170
;TYPE:Gap fill
;WIDTH:0.139414
G1 F1200.000
G1 X122.907 Y110.183 E2.12768
;WIDTH:0.139415
G1 X123.059 Y110.171 E2.12911
G1 E0.12911 F2400.000
G92 E0
G1 X113.775 Y108.908 F7800.000
G1 E2.00000 F2400.000
;TYPE:Perimeter
;WIDTH:0.45
G1 F900.000
G1 X113.948 Y108.941 E2.00850
G1 X114.006 Y109.089 E2.01616
G1 X114.041 Y109.476 E2.03486
G1 X114.007 Y109.869 E2.05382
G1 X113.955 Y110.007 E2.06090
G1 X113.866 Y110.024 E2.06530
G1 X113.759 Y110.004 E2.07053
G1 X113.701 Y109.856 E2.07819
G1 X113.666 Y109.475 E2.09656
G1 X113.700 Y109.101 E2.11462
G1 X113.753 Y108.964 E2.12171
G1 X113.590 Y108.580 F7800.000
;TYPE:External perimeter
G1 F900.000
G1 X113.838 Y108.527 E2.13390
G1 X114.113 Y108.579 E2.14734
G1 X114.276 Y108.718 E2.15762
G1 X114.385 Y109.001 E2.17222
G1 X114.428 Y109.475 E2.19515
G1 X114.387 Y109.955 E2.21830
G1 X114.282 Y110.234 E2.23264
G1 X114.129 Y110.367 E2.24238
G1 X113.866 Y110.417 E2.25527
G1 X113.596 Y110.365 E2.26850
G1 X113.432 Y110.227 E2.27879
G1 X113.322 Y109.946 E2.29332
G1 X113.279 Y109.475 E2.31605
G1 X113.321 Y109.013 E2.33838
G1 X113.433 Y108.724 E2.35329
G1 X113.546 Y108.621 E2.36065
G1 X113.804 Y108.717 F7800.000
G1 E0.36065 F2400.000
G92 E0
G1 X103.045 Y109.953 F7800.000
G1 E2.00000 F2400.000
G1 F900.000
G1 X104.166 Y109.953 E2.05393
G1 X103.990 Y110.271 E2.07142
G1 X103.837 Y110.378 E2.08041
G1 X103.602 Y110.417 E2.09185
G1 X103.373 Y110.374 E2.10306
G1 X103.208 Y110.250 E2.11296
G1 X103.074 Y110.006 E2.12638
G1 X103.427 Y110.072 F7800.000
G1 X103.467 Y110.170
;TYPE:Gap fill
;WIDTH:0.139416
G1 F1200.000
G1 X103.605 Y110.183 E2.12768
;WIDTH:0.139415
G1 X103.756 Y110.171 E2.12910
G1 E0.12910 F2400.000
G92 E0
G1 X96.589 Y108.908 F7800.000
G1 E2.00000 F2400.000
;TYPE:Perimeter
;WIDTH:0.45
G1 F900.000
G1 X96.763 Y108.941 E2.00850
G1 X96.820 Y109.089 E2.01617
G1 X96.855 Y109.476 E2.03486
G1 X96.822 Y109.869 E2.05382
G1 X96.770 Y110.007 E2.06090
G1 X96.680 Y110.024 E2.06530
G1 X96.573 Y110.004 E2.07053
G1 X96.515 Y109.856 E2.07819
G1 X96.480 Y109.475 E2.09656
G1 X96.515 Y109.101 E2.11462
G1 X96.568 Y108.964 E2.12171
G1 X96.404 Y108.580 F7800.000
;TYPE:External perimeter
G1 F900.000
G1 X96.652 Y108.527 E2.13390
G1 X96.927 Y108.579 E2.14735
G1 X97.090 Y108.718 E2.15762
G1 X97.200 Y109.001 E2.17223
G1 X97.242 Y109.475 E2.19515
G1 X97.201 Y109.955 E2.21830
G1 X97.097 Y110.234 E2.23265
G1 X96.943 Y110.367 E2.24238
G1 X96.680 Y110.417 E2.25527
G1 X96.410 Y110.365 E2.26850
G1 X96.247 Y110.227 E2.27879
G1 X96.136 Y109.946 E2.29333
G1 X96.093 Y109.475 E2.31606
G1 X96.136 Y109.013 E2.33839
G1 X96.247 Y108.724 E2.35329
G1 X96.360 Y108.621 E2.36065
G1 X96.618 Y108.717 F7800.000
G1 E0.36065 F2400.000
G92 E0
G1 X93.087 Y110.531 F7800.000
G1 E2.00000 F2400.000
;TYPE:Perimeter
G1 F900.000
G1 X93.440 Y110.531 E2.01701
G1 X93.623 Y110.584 E2.02615
G1 X93.621 Y110.759 E2.03455
G1 X93.423 Y110.813 E2.04442
G1 X93.087 Y110.813 E2.06062
G1 X93.087 Y110.591 E2.07133
G1 X92.701 Y110.146 F7800.000
;TYPE:External perimeter
G1 F900.000
G1 X93.496 Y110.145 E2.10955
G1 X94.010 Y110.296 E2.13532
G1 X94.156 Y110.683 E2.15525
G1 X94.008 Y111.052 E2.17437
G1 X93.476 Y111.199 E2.20093
G1 X92.701 Y111.199 E2.23818
G1 X92.701 Y110.206 E2.28594
G1 X93.082 Y110.269 F7800.000
G1 X93.839 Y110.450
;TYPE:Gap fill
;WIDTH:0.156411
G1 F1200.000
G1 X93.859 Y110.566 E2.28728
;WIDTH:0.159021
G1 X93.880 Y110.681 E2.28866
G1 X93.836 Y110.900 E2.29130
G1 E0.29130 F2400.000
G92 E0
G1 X100.522 Y73.637 F7800.000
G1 E2.00000 F2400.000
;TYPE:External perimeter
;WIDTH:0.45
G1 F900.000
G1 X100.637 Y73.508 E2.00831
G1 X100.795 Y73.468 E2.01616
G1 X100.950 Y73.509 E2.02389
G1 X101.066 Y73.642 E2.03239
G1 X101.158 Y73.947 E2.04772
G1 X101.193 Y74.441 E2.07151
G1 X101.160 Y74.949 E2.09603
G1 X101.073 Y75.250 E2.11108
G1 X100.964 Y75.374 E2.11906
G1 X100.802 Y75.415 E2.12705
G1 X100.633 Y75.374 E2.13545
G1 X100.519 Y75.251 E2.14349
G1 X100.431 Y74.953 E2.15842
G1 X100.397 Y74.440 E2.18315
G1 X100.432 Y73.939 E2.20731
G1 X100.505 Y73.695 E2.21958
G1 X100.695 Y73.640 F7800.000
G1 X100.757 Y73.677
;TYPE:Gap fill
;WIDTH:0.413445
G1 F1200.000
G1 X100.795 Y74.014 E2.23437
;WIDTH:0.414516
G1 X100.795 Y74.886 E2.27244
G1 X100.761 Y75.207 E2.28653
G1 E0.28653 F2400.000
G92 E0
G1 X108.513 Y73.539 F7800.000
G1 E2.00000 F2400.000
;TYPE:External perimeter
;WIDTH:0.45
G1 F900.000
G1 X109.029 Y73.536 E2.02485
G1 X109.286 Y73.564 E2.03726
G1 X109.410 Y73.623 E2.04390
G1 X109.468 Y73.703 E2.04863
G1 X109.488 Y73.816 E2.05413
G1 X109.385 Y74.039 E2.06596
G1 X108.984 Y74.136 E2.08581
G1 X108.513 Y74.136 E2.10847
G1 X108.513 Y73.599 E2.13431
G1 X108.895 Y73.656 F7800.000
G1 X108.705 Y73.836
;TYPE:Gap fill
;WIDTH:0.205029
G1 F1200.000
G1 X109.202 Y73.816 E2.14302
;WIDTH:0.19832
G1 X109.277 Y73.773 E2.14447
G1 X108.513 Y74.893 F7800.000
;TYPE:External perimeter
;WIDTH:0.45
G1 F900.000
G1 X108.928 Y74.889 E2.16443
G1 X109.151 Y74.913 E2.17525
G1 X109.260 Y74.962 E2.18100
G1 X109.308 Y75.023 E2.18471
G1 X109.329 Y75.137 E2.19028
G1 X109.309 Y75.232 E2.19495
G1 X109.267 Y75.278 E2.19795
G1 X109.153 Y75.323 E2.20388
G1 X108.929 Y75.344 E2.21468
G1 X108.513 Y75.344 E2.23471
G1 X108.513 Y74.953 E2.25351
G1 X108.898 Y74.999 F7800.000
G1 X108.705 Y75.116
;TYPE:Gap fill
;WIDTH:0.133755
G1 F1200.000
G1 X108.916 Y75.116 E2.25533
;WIDTH:0.133754
G1 X108.918 Y75.117 E2.25535
;WIDTH:0.133453
G1 X109.021 Y75.117 E2.25624
G1 E0.25624 F2400.000
G92 E0
G1 X111.226 Y74.764 F7800.000
G1 E2.00000 F2400.000
;TYPE:External perimeter
;WIDTH:0.45
G1 F900.000
G1 X111.924 Y74.761 E2.03355
G1 X112.142 Y74.789 E2.04413
G1 X112.263 Y74.852 E2.05070
G1 X112.327 Y74.937 E2.05581
G1 X112.351 Y75.067 E2.06216
G1 X112.328 Y75.185 E2.06797
G1 X112.268 Y75.259 E2.07252
G1 X112.142 Y75.318 E2.07922
G1 X111.910 Y75.344 E2.09047
G1 X111.226 Y75.344 E2.12333
G1 X111.226 Y74.824 E2.14837
G1 X111.616 Y74.856 F7800.000
G1 X111.419 Y75.052
;TYPE:Gap fill
;WIDTH:0.226423
G1 F1200.000
G1 X112.059 Y75.053 E2.16131
;WIDTH:0.223298
G1 X112.068 Y75.055 E2.16148
;WIDTH:0.218093
G1 X112.080 Y75.055 E2.16171
;LAYER_CHANGE
;Z:5.72
;HEIGHT:0.3
G1 Z5.720 F7800.000
G1 E0.16171 F2400.000
G92 E0
G1 X126.352 Y109.133 F7800.000
G1 E2.00000 F2400.000
;TYPE:External perimeter
;WIDTH:0.45
G1 F900.000
G1 X127.287 Y109.070 E2.04507
G1 X127.287 Y109.945 E2.08714
G1 X126.332 Y109.875 E2.13317
G1 X126.223 Y110.217 E2.15047
G1 X126.150 Y110.312 E2.15621
G1 X126.040 Y110.373 E2.16228
G1 X125.866 Y110.397 E2.17072
G1 X125.626 Y110.350 E2.18248
G1 X125.488 Y110.231 E2.19127
G1 X125.388 Y109.965 E2.20496
G1 X125.349 Y109.487 E2.22801
G1 X125.391 Y109.021 E2.25051
G1 X125.499 Y108.737 E2.26515
G1 X125.647 Y108.600 E2.27484
G1 X125.873 Y108.551 E2.28595
G1 X126.033 Y108.574 E2.29371
G1 X126.153 Y108.639 E2.30031
G1 X126.239 Y108.747 E2.30693
G1 X126.335 Y109.075 E2.32336
G1 X126.420 Y109.527 F7800.000
G1 E0.32336 F2400.000
G92 E0
G1 X123.951 Y108.929 F7800.000
G1 E2.00000 F2400.000
G1 F900.000
G1 X124.471 Y108.779 E2.02599
G1 X124.428 Y109.128 E2.04290
G1 X123.980 Y109.128 E2.06446
G1 X123.960 Y108.988 E2.07124
G1 X124.351 Y108.907 F7800.000
G1 X122.379 Y108.970
G1 F900.000
G1 X122.497 Y108.720 E2.08456
G1 X122.671 Y108.582 E2.09523
G1 X122.937 Y108.530 E2.10826
G1 X123.156 Y108.555 E2.11885
G1 X123.313 Y108.625 E2.12711
G1 X123.419 Y108.723 E2.13406
G1 X123.636 Y109.128 E2.15617
G1 X122.360 Y109.128 E2.21753
G1 X122.372 Y109.030 E2.22230
G1 X122.589 Y108.789 F7800.000
G1 E0.22230 F2400.000
G92 E0
G1 X126.860 Y110.601 F7800.000
G1 E2.00000 F2400.000
;WIDTH:0.41367
G1 F1800.000
G1 X127.115 Y110.333 E2.01613
;WIDTH:0.429457
G1 X127.317 Y110.368 E2.02549
G1 X127.329 Y110.405 E2.02729
G1 X127.296 Y110.451 E2.02986
;WIDTH:0.290929
G1 X127.196 Y110.588 E2.03464
G1 E0.03464 F2400.000
G92 E0
G1 X128.244 Y108.543 F7800.000
G1 E2.00000 F2400.000
;WIDTH:0.45
G1 F900.000
G1 X128.762 Y108.613 E2.02517
G1 X128.694 Y108.748 E2.03247
G1 X128.601 Y109.493 E2.06857
G1 X128.850 Y110.363 E2.11211
G1 X128.227 Y110.363 E2.14209
G1 X128.238 Y108.603 E2.22676
G1 X128.594 Y108.737 F7800.000
G1 E0.22676 F2400.000
G92 E0
G1 X118.392 Y108.000 F7800.000
G1 E2.00000 F2400.000
;WIDTH:0.732881
G1 F1800.000
G1 X118.392 Y109.756 E2.14644
G1 E0.14644 F2400.000
G92 E0
G1 X105.450 Y109.512 F7800.000
G1 E2.00000 F2400.000
;WIDTH:0.362745
G1 F1800.000
G1 X105.021 Y109.483 E2.01600
;WIDTH:0.324791
G1 X105.006 Y109.463 E2.01683
;WIDTH:0.284046
G1 X104.990 Y109.442 E2.01753
;WIDTH:0.2433
G1 X104.913 Y109.353 E2.02017
G1 X103.368 Y108.582 F7800.000
;WIDTH:0.45
G1 F900.000
G1 X103.634 Y108.530 E2.03321
G1 X103.853 Y108.555 E2.04380
G1 X104.010 Y108.625 E2.05205
G1 X104.116 Y108.723 E2.05900
G1 X104.334 Y109.128 E2.08111
G1 X103.058 Y109.128 E2.14248
G1 X103.076 Y108.970 E2.15013
G1 X103.195 Y108.720 E2.16345
G1 X103.321 Y108.619 E2.17124
G1 X103.590 Y108.737 F7800.000
G1 X102.017 Y109.439
;WIDTH:0.488011
G1 F1800.000
G1 X102.190 Y110.239 E2.21451
;WIDTH:0.534185
G1 X102.363 Y110.664 E2.24134
G1 E0.24134 F2400.000
G92 E0
G1 X99.234 Y108.625 F7800.000
G1 E2.00000 F2400.000
;WIDTH:0.32952
G1 F1800.000
G1 X99.245 Y109.479 E2.02824
G1 X98.525 Y109.527 F7800.000
;WIDTH:0.374014
G1 F1800.000
G1 X97.820 Y110.503 E2.07474
G1 E0.07474 F2400.000
G92 E0
G1 X98.415 Y73.536 F7800.000
G1 E2.00000 F2400.000
;WIDTH:0.45
G1 F900.000
G1 X99.723 Y73.536 E2.06292
G1 X99.643 Y73.739 E2.07342
G1 X99.557 Y74.649 E2.11739
G1 X99.301 Y74.327 E2.13717
G1 X99.067 Y74.099 E2.15287
G1 X98.460 Y73.575 E2.19144
G1 X98.803 Y73.632 F7800.000
G1 E0.19144 F2400.000
G92 E0
G1 X101.953 Y73.788 F7800.000
G1 E2.00000 F2400.000
G1 F900.000
G1 X102.121 Y73.727 E2.00860
G1 X102.355 Y74.015 E2.02648
G1 X102.693 Y74.331 E2.04870
G1 X103.005 Y74.589 E2.06820
G1 X103.238 Y74.824 E2.08413
G1 X103.346 Y75.025 E2.09508
G1 X103.359 Y75.131 E2.10025
G1 X103.337 Y75.267 E2.10688
G1 X103.288 Y75.344 E2.11128
G1 X103.205 Y75.394 E2.11590
G1 X103.064 Y75.415 E2.12277
G1 X102.924 Y75.395 E2.12958
G1 X102.827 Y75.341 E2.13491
G1 X102.763 Y75.260 E2.13989
G1 X102.667 Y74.918 E2.15693
G1 X101.966 Y74.984 E2.19078
G1 X102.017 Y74.439 E2.21709
G1 X101.959 Y73.848 E2.24566
G1 X102.125 Y73.839 F7800.000
G1 X102.940 Y73.536
G1 F900.000
G1 X104.986 Y73.536 E2.34405
G1 X104.986 Y75.082 E2.41840
G1 X104.340 Y74.599 E2.45719
G1 X104.340 Y74.846 E2.46908
G1 X104.146 Y74.878 E2.47851
G1 X104.092 Y74.719 E2.48657
G1 X103.979 Y74.519 E2.49766
G1 X103.827 Y74.327 E2.50943
G1 X103.593 Y74.099 E2.52514
G1 X102.986 Y73.575 E2.56371
G1 X103.329 Y73.632 F7800.000
G1 E0.56371 F2400.000
G92 E0
G1 X112.628 Y74.134 F7800.000
G1 E2.00000 F2400.000
G1 F900.000
G1 X112.851 Y73.784 E2.01996
G1 X113.907 Y73.995 E2.07176
G1 X114.063 Y73.652 E2.08988
G1 X114.169 Y73.557 E2.09675
G1 X114.351 Y73.491 E2.10604
G1 X114.626 Y73.465 E2.11934
G1 X114.906 Y73.493 E2.13284
G1 X115.076 Y73.562 E2.14169
G1 X115.154 Y73.645 E2.14718
G1 X115.183 Y73.775 E2.15357
G1 X115.158 Y73.868 E2.15819
G1 X115.068 Y73.940 E2.16377
G1 X114.826 Y74.025 E2.17611
G1 X114.172 Y74.187 E2.20848
G1 X113.930 Y74.272 E2.22081
G1 X113.743 Y74.369 E2.23094
G1 X113.589 Y74.484 E2.24021
G1 X113.468 Y74.623 E2.24905
G1 X113.379 Y74.783 E2.25787
G1 X113.350 Y74.882 E2.26282
G1 X113.166 Y74.870 E2.27170
G1 X113.140 Y74.707 E2.27965
G1 X112.957 Y74.394 E2.29706
G1 X112.675 Y74.171 E2.31437
G1 X112.998 Y73.982 F7800.000
G1 X114.149 Y75.111
G1 F900.000
G1 X114.278 Y75.015 E2.32211
G1 X114.445 Y74.958 E2.33060
G1 X115.168 Y74.777 E2.36645
G1 X115.438 Y74.675 E2.38032
G1 X115.692 Y74.523 E2.39454
G1 X115.886 Y74.301 E2.40873
G1 X116.005 Y75.106 E2.44787
G1 X115.215 Y74.968 E2.48644
G1 X115.070 Y75.278 E2.50292
G1 X114.988 Y75.352 E2.50823
G1 X114.846 Y75.404 E2.51551
G1 X114.617 Y75.425 E2.52653
G1 X114.368 Y75.401 E2.53858
G1 X114.223 Y75.343 E2.54608
G1 X114.164 Y75.279 E2.55030
G1 X114.141 Y75.171 E2.55561
G1 X114.310 Y75.110 F7800.000
G1 E0.55561 F2400.000
G92 E0
G1 X125.982 Y109.241 F7800.000
G1 E2.00000 F2400.000
;TYPE:Perimeter
G1 F900.000
G1 X126.053 Y109.482 E2.01211
G1 X125.949 Y109.807 E2.02848
G1 X125.760 Y109.786 E2.03763
G1 X125.736 Y109.488 E2.05198
G1 X125.764 Y109.169 E2.06740
G1 X125.955 Y109.150 E2.07661
G1 X125.965 Y109.183 E2.07828
G1 E0.07828 F2400.000
G92 E0
G1 X112.149 Y110.330 F7800.000
G1 E2.00000 F2400.000
G1 F900.000
G1 X111.398 Y110.086 E2.03794
G1 X111.028 Y110.694 E2.07219
G1 X110.927 Y110.776 E2.07845
G1 X110.768 Y110.840 E2.08667
G1 X110.561 Y110.863 E2.09672
G1 X110.221 Y110.801 E2.11332
G1 X110.021 Y110.655 E2.12524
G1 X109.875 Y110.385 E2.14000
G1 X109.813 Y109.939 E2.16167
G1 X109.877 Y109.493 E2.18331
G1 X110.036 Y109.205 E2.19914
G1 X110.251 Y109.044 E2.21207
G1 X110.536 Y108.990 E2.22599
G1 X110.923 Y109.098 E2.24534
G1 X111.617 Y109.911 E2.29674
G1 X111.977 Y109.732 E2.31610
G1 X112.132 Y110.272 E2.34315
G1 E0.34315 F2400.000
G92 E0
G1 X117.279 Y73.990 F7800.000
G1 E2.00000 F2400.000
G1 F900.000
G1 X117.385 Y73.909 E2.00639
G1 X117.526 Y73.882 E2.01331
G1 X117.737 Y73.939 E2.02383
G1 X118.108 Y74.365 E2.05099
G1 X117.773 Y74.934 E2.08275
G1 X117.734 Y74.967 E2.08519
G1 X117.660 Y74.997 E2.08904
G1 X117.554 Y75.010 E2.09418
G1 X117.361 Y74.974 E2.10362
G1 X117.268 Y74.905 E2.10919
G1 X117.186 Y74.751 E2.11760
G1 X117.146 Y74.454 E2.13200
G1 X117.188 Y74.159 E2.14634
G1 X117.251 Y74.042 E2.15269
G1 E0.15269 F2400.000
G92 E0
G1 X104.319 Y73.994 F7800.000
G1 E2.00000 F2400.000
G1 F900.000
G1 X104.343 Y73.922 E2.00368
G1 X104.600 Y73.922 E2.01608
G1 X104.600 Y74.312 E2.03485
G1 X104.290 Y74.080 E2.05349
G1 X104.300 Y74.051 E2.05495
G1 E0.05495 F2400.000
G92 E0
G1 X93.442 Y72.412 F7800.000
G1 E2.00000 F2400.000
G1 F900.000
G1 X93.888 Y71.828 E2.03534
G1 X94.297 Y72.365 E2.06784
G1 X93.968 Y72.317 E2.08384
G1 X93.501 Y72.402 E2.10663
G1 E0.10663 F2400.000
G92 E0
G1 X93.442 Y75.763 F7800.000
G1 E2.00000 F2400.000
G1 F900.000
G1 X93.963 Y75.859 E2.02548
G1 X94.298 Y75.810 E2.04175
G1 X93.888 Y76.348 E2.07429
G1 X93.479 Y75.811 E2.10679
G1 E0.10679 F2400.000
G92 E0
G1 X111.077 Y109.873 F7800.000
G1 E2.00000 F2400.000
G1 F900.000
G1 X110.732 Y110.439 E2.03192
G1 X110.574 Y110.474 E2.03968
G1 X110.377 Y110.438 E2.04929
G1 X110.318 Y110.395 E2.05279
G1 X110.247 Y110.263 E2.05999
G1 X110.203 Y109.940 E2.07568
G1 X110.249 Y109.618 E2.09133
G1 X110.334 Y109.464 E2.09977
G1 X110.411 Y109.406 E2.10442
G1 X110.519 Y109.386 E2.10971
G1 X110.706 Y109.438 E2.11904
G1 X111.038 Y109.827 E2.14365
G1 E0.14365 F2400.000
G92 E0
G1 X119.666 Y73.919 F7800.000
G1 E2.00000 F2400.000
G1 F900.000
G1 X118.475 Y74.501 E2.06374
G1 X119.658 Y74.895 E2.12371
G1 X119.030 Y75.945 E2.18259
G1 X118.607 Y76.298 E2.20906
G1 X118.094 Y76.498 E2.23556
G1 X117.510 Y76.560 E2.26382
G1 X116.714 Y76.425 E2.30265
G1 X116.061 Y75.985 E2.34052
G1 X115.688 Y76.327 E2.36488
G1 X115.182 Y76.508 E2.39070
G1 X114.614 Y76.558 E2.41813
G1 X113.996 Y76.489 E2.44805
G1 X113.440 Y76.242 E2.47729
G1 X113.227 Y75.992 E2.49307
G1 X113.106 Y76.149 E2.50260
G1 X112.570 Y76.419 E2.53147
G1 X111.998 Y76.491 E2.55917
G1 X110.003 Y76.491 E2.65515
G1 X110.003 Y76.262 E2.66612
G1 X109.009 Y76.491 E2.71517
G1 X107.289 Y76.491 E2.79789
G1 X107.289 Y72.389 E2.99514
G1 X109.099 Y72.389 E3.08218
G1 X109.677 Y72.460 E3.11022
G1 X110.003 Y72.618 E3.12762
G1 X110.003 Y72.389 E3.13861
G1 X111.612 Y72.389 E3.21601
G1 X111.612 Y73.187 E3.25438
G1 X111.781 Y73.234 E3.26283
G1 X112.292 Y72.389 E3.31032
G1 X114.256 Y72.389 E3.40477
G1 X114.580 Y72.318 E3.42073
G1 X115.274 Y72.395 E3.45431
G1 X115.857 Y72.656 E3.48504
G1 X116.074 Y72.905 E3.50092
G1 X116.472 Y72.585 E3.52548
G1 X116.978 Y72.384 E3.55167
G1 X117.534 Y72.321 E3.57855
G1 X118.083 Y72.387 E3.60517
G1 X118.590 Y72.595 E3.63151
G1 X119.015 Y72.943 E3.65796
G1 X119.632 Y73.869 E3.71149
G1 E1.71149 F2400.000
G92 E0
G1 X107.675 Y72.775 F7800.000
G1 E2.00000 F2400.000
;TYPE:External perimeter
G1 F1800.000
G1 X109.075 Y72.775 E2.06737
G1 X109.567 Y72.835 E2.09118
G1 X109.978 Y73.034 E2.11316
G1 X110.388 Y73.540 E2.14449
G1 X110.388 Y72.775 E2.18130
G1 X111.226 Y72.775 E2.22161
G1 X111.226 Y74.004 E2.28072
G1 X111.767 Y74.004 E2.30669
G1 X112.510 Y72.775 E2.37577
G1 X113.494 Y72.775 E2.42310
G1 X113.362 Y72.981 E2.43486
G1 X114.601 Y72.708 E2.49585
G1 X115.172 Y72.772 E2.52347
G1 X115.622 Y72.973 E2.54720
G1 X115.925 Y73.322 E2.56943
G1 X116.003 Y73.683 E2.58720
G1 X116.337 Y73.188 E2.61592
G1 X116.668 Y72.922 E2.63635
G1 X117.073 Y72.762 E2.65729
G1 X117.532 Y72.709 E2.67953
G1 X117.985 Y72.763 E2.70147
G1 X118.390 Y72.930 E2.72252
G1 X118.727 Y73.205 E2.74342
G1 X119.101 Y73.766 E2.77587
G1 X118.398 Y74.110 E2.81350
G1 X117.951 Y73.598 E2.84615
G1 X117.541 Y73.486 E2.86661
G1 X117.223 Y73.548 E2.88218
G1 X116.980 Y73.733 E2.89690
G1 X116.816 Y74.036 E2.91348
G1 X116.757 Y74.453 E2.93371
G1 X116.813 Y74.871 E2.95400
G1 X116.969 Y75.163 E2.96990
G1 X117.203 Y75.337 E2.98395
G1 X117.541 Y75.400 E3.00050
G1 X117.759 Y75.374 E3.01102
G1 X117.938 Y75.300 E3.02036
G1 X118.072 Y75.186 E3.02883
G1 X118.275 Y74.841 E3.04806
G1 X119.081 Y75.109 E3.08889
G1 X118.733 Y75.691 E3.12151
G1 X118.409 Y75.961 E3.14180
G1 X118.002 Y76.120 E3.16279
G1 X117.522 Y76.171 E3.18602
G1 X116.860 Y76.059 E3.21829
G1 X116.337 Y75.706 E3.24866
G1 X116.027 Y75.177 E3.27814
G1 X115.771 Y75.728 E3.30735
G1 X115.484 Y75.991 E3.32603
G1 X115.099 Y76.128 E3.34571
G1 X114.618 Y76.170 E3.36892
G1 X114.098 Y76.113 E3.39410
G1 X113.677 Y75.925 E3.41627
G1 X113.396 Y75.597 E3.43705
G1 X113.339 Y75.328 E3.45028
G1 X113.150 Y75.329 E3.45937
G1 X113.115 Y75.507 E3.46807
G1 X112.854 Y75.844 E3.48859
G1 X112.456 Y76.045 E3.51006
G1 X111.974 Y76.105 E3.53339
G1 X110.388 Y76.105 E3.60967
G1 X110.388 Y75.204 E3.65299
G1 X110.262 Y75.175 E3.65922
G1 X110.388 Y75.166 E3.66530
G1 X110.388 Y74.305 E3.70671
G1 X110.222 Y74.256 E3.71503
G1 X110.093 Y74.456 E3.72650
G1 X109.949 Y74.555 E3.73492
G1 X110.128 Y74.878 E3.75271
G1 X110.175 Y75.182 E3.76748
G1 X110.201 Y75.180 E3.76873
G1 X109.851 Y75.902 E3.80730
G1 X108.965 Y76.105 E3.85102
G1 X107.675 Y76.105 E3.91309
G1 X107.675 Y72.835 E4.07036
G1 X107.625 Y72.378 F7800.000
G1 X106.886 Y72.389
;TYPE:Perimeter
G1 F900.000
G1 X106.886 Y73.922 E4.14406
G1 X106.190 Y73.922 E4.17753
G1 X106.190 Y76.491 E4.30109
G1 X105.045 Y76.491 E4.35614
G1 X104.315 Y75.965 E4.39942
G1 X104.149 Y76.203 E4.41338
G1 X103.642 Y76.482 E4.44121
G1 X103.062 Y76.560 E4.46933
G1 X102.514 Y76.483 E4.49595
G1 X102.027 Y76.224 E4.52248
G1 X101.900 Y76.072 E4.53202
G1 X101.536 Y76.410 E4.55593
G1 X100.806 Y76.568 E4.59186
G1 X100.066 Y76.414 E4.62821
G1 X99.705 Y76.086 E4.65166
G1 X99.623 Y76.203 E4.65853
G1 X99.116 Y76.482 E4.68636
G1 X98.537 Y76.560 E4.71448
G1 X97.989 Y76.483 E4.74110
G1 X97.502 Y76.224 E4.76762
G1 X97.147 Y75.799 E4.79425
G1 X96.800 Y74.657 E4.85167
G1 X97.847 Y74.559 E4.90221
G1 X97.552 Y74.284 E4.92162
G1 X97.356 Y74.058 E4.93596
G1 X97.176 Y73.799 E4.95117
G1 X96.975 Y73.404 E4.97245
G1 X96.975 Y72.389 E5.02126
G1 X100.092 Y72.389 E5.17114
G1 X100.092 Y72.466 E5.17482
G1 X100.792 Y72.310 E5.20932
G1 X101.501 Y72.468 E5.24425
G1 X101.501 Y72.389 E5.24805
G1 X106.826 Y72.389 E5.50416
G1 X97.361 Y72.775 F7800.000
;TYPE:External perimeter
G1 F900.000
G1 X99.706 Y72.775 E5.61694
G1 X99.706 Y73.332 E5.64375
G1 X100.251 Y72.826 E5.67954
G1 X100.792 Y72.706 E5.70620
G1 X101.333 Y72.826 E5.73286
G1 X101.886 Y73.338 E5.76913
G1 X101.886 Y72.775 E5.79620
G1 X106.500 Y72.775 E6.01811
G1 X106.500 Y73.536 E6.05471
G1 X105.804 Y73.536 E6.08818
G1 X105.804 Y76.105 E6.21174
G1 X105.169 Y76.105 E6.24226
G1 X104.152 Y75.373 E6.30255
G1 X104.117 Y75.574 E6.31235
G1 X103.884 Y75.909 E6.33199
G1 X103.519 Y76.110 E6.35203
G1 X103.064 Y76.171 E6.37412
G1 X102.635 Y76.110 E6.39492
G1 X102.275 Y75.919 E6.41456
G1 X102.019 Y75.612 E6.43379
G1 X101.984 Y75.497 E6.43958
G1 X101.819 Y75.491 E6.44752
G1 X101.741 Y75.693 E6.45795
G1 X101.351 Y76.056 E6.48356
G1 X100.804 Y76.174 E6.51046
G1 X100.248 Y76.058 E6.53782
G1 X99.852 Y75.699 E6.56352
G1 X99.729 Y75.378 E6.58005
G1 X99.358 Y75.909 E6.61119
G1 X98.993 Y76.110 E6.63123
G1 X98.538 Y76.171 E6.65333
G1 X98.110 Y76.110 E6.67412
G1 X97.750 Y75.919 E6.69376
G1 X97.493 Y75.612 E6.71299
G1 X97.307 Y74.997 E6.74392
G1 X98.142 Y74.918 E6.78427
G1 X98.238 Y75.260 E6.80131
G1 X98.302 Y75.341 E6.80629
G1 X98.399 Y75.395 E6.81162
G1 X98.539 Y75.415 E6.81843
G1 X98.680 Y75.394 E6.82530
G1 X98.762 Y75.344 E6.82992
G1 X98.812 Y75.267 E6.83432
G1 X98.834 Y75.131 E6.84095
G1 X98.821 Y75.025 E6.84612
G1 X98.713 Y74.824 E6.85707
G1 X98.480 Y74.589 E6.87300
G1 X98.167 Y74.331 E6.89250
G1 X97.830 Y74.015 E6.91472
G1 X97.661 Y73.821 E6.92708
G1 X97.508 Y73.600 E6.94002
G1 X97.361 Y73.312 E6.95559
G1 X97.361 Y72.835 E6.97852
G1 X97.338 Y72.376 F7800.000
G1 X95.565 Y71.557
;TYPE:Perimeter
G1 F900.000
G1 X96.116 Y72.258 E7.02140
G1 X96.405 Y72.814 E7.05151
G1 X96.575 Y73.423 E7.08195
G1 X96.630 Y74.084 E7.11383
G1 X96.576 Y74.749 E7.14595
G1 X96.406 Y75.357 E7.17632
G1 X96.118 Y75.915 E7.20651
G1 X95.565 Y76.619 E7.24954
G1 X92.212 Y76.619 E7.41084
G1 X91.660 Y75.918 E7.45372
G1 X91.371 Y75.362 E7.48388
G1 X91.200 Y74.753 E7.51429
G1 X91.145 Y74.092 E7.54616
G1 X91.200 Y73.427 E7.57829
G1 X91.370 Y72.817 E7.60872
G1 X91.659 Y72.260 E7.63892
G1 X92.212 Y71.557 E7.68191
G1 X95.505 Y71.557 E7.84032
G1 X94.460 Y71.943 F7800.000
;TYPE:External perimeter
G1 F900.000
G1 X95.378 Y71.943 E7.88445
G1 X95.791 Y72.468 E7.91657
G1 X96.044 Y72.956 E7.94302
G1 X96.194 Y73.492 E7.96978
G1 X96.243 Y74.084 E7.99836
G1 X96.194 Y74.681 E8.02718
G1 X96.045 Y75.216 E8.05388
G1 X95.792 Y75.706 E8.08041
G1 X95.378 Y76.233 E8.11265
G1 X94.461 Y76.233 E8.15677
G1 X95.052 Y75.456 E8.20376
G1 X95.261 Y75.037 E8.22624
G1 X95.384 Y74.587 E8.24867
G1 X95.425 Y74.088 E8.27278
G1 X95.384 Y73.588 E8.29688
G1 X95.262 Y73.138 E8.31930
G1 X95.054 Y72.722 E8.34172
G1 X94.497 Y71.991 E8.38592
G1 X94.382 Y71.551 F7800.000
G1 X95.127 Y73.822
G1 F900.000
G1 X94.292 Y73.876 E8.42617
G1 X94.199 Y73.563 E8.44189
G1 X94.151 Y73.504 E8.44554
G1 X94.079 Y73.467 E8.44943
G1 X93.978 Y73.452 E8.45433
G1 X93.834 Y73.484 E8.46143
G1 X93.744 Y73.567 E8.46731
G1 X93.670 Y73.761 E8.47730
G1 X93.640 Y74.099 E8.49359
G1 X93.669 Y74.446 E8.51034
G1 X93.735 Y74.626 E8.51956
G1 X93.816 Y74.696 E8.52471
G1 X93.970 Y74.726 E8.53222
G1 X94.075 Y74.710 E8.53736
G1 X94.137 Y74.673 E8.54083
G1 X94.182 Y74.609 E8.54457
G1 X94.272 Y74.298 E8.56017
G1 X95.122 Y74.363 E8.60118
G1 X94.914 Y74.961 E8.63162
G1 X94.677 Y75.238 E8.64914
G1 X94.354 Y75.412 E8.66678
G1 X93.970 Y75.468 E8.68545
G1 X93.480 Y75.378 E8.70943
G1 X93.099 Y75.094 E8.73231
G1 X92.875 Y74.651 E8.75619
G1 X92.806 Y74.090 E8.78335
G1 X92.874 Y73.527 E8.81065
G1 X93.097 Y73.081 E8.83461
G1 X93.480 Y72.797 E8.85753
G1 X93.975 Y72.708 E8.88169
G1 X94.369 Y72.765 E8.90088
G1 X94.700 Y72.943 E8.91895
G1 X94.937 Y73.227 E8.93672
G1 X95.109 Y73.765 E8.96388
G1 X95.205 Y74.214 F7800.000
G1 E6.96388 F2400.000
G92 E0
G1 X92.399 Y71.943 F7800.000
G1 E2.00000 F2400.000
G1 F900.000
G1 X93.315 Y71.943 E2.04407
G1 X92.721 Y72.723 E2.09125
G1 X92.513 Y73.142 E2.11374
G1 X92.392 Y73.592 E2.13612
G1 X92.352 Y74.088 E2.16008
G1 X92.393 Y74.586 E2.18412
G1 X92.514 Y75.038 E2.20661
G1 X92.723 Y75.456 E2.22912
G1 X93.316 Y76.233 E2.27609
G1 X92.399 Y76.233 E2.32019
G1 X91.986 Y75.708 E2.35232
G1 X91.732 Y75.219 E2.37882
G1 X91.582 Y74.684 E2.40554
G1 X91.532 Y74.092 E2.43411
G1 X91.581 Y73.495 E2.46294
G1 X91.731 Y72.959 E2.48969
G1 X91.984 Y72.470 E2.51621
G1 X92.362 Y71.990 E2.54555
G1 X92.476 Y71.551 F7800.000
G1 E0.54555 F2400.000
G92 E0
G1 X124.253 Y107.219 F7800.000
G1 E2.00000 F2400.000
;TYPE:Perimeter
G1 F3600.000
G1 X124.444 Y107.454 E2.01458
G1 X124.929 Y107.095 E2.04360
G1 X125.863 Y106.927 E2.08924
G1 X126.627 Y107.040 E2.12642
G1 X127.049 Y107.270 E2.14952
G1 X127.947 Y106.928 E2.19575
G1 X128.479 Y106.962 E2.22141
G1 X129.151 Y107.096 E2.25434
G1 X130.128 Y106.925 E2.30205
G1 X131.008 Y107.072 E2.34497
G1 X131.008 Y107.004 E2.34825
G1 X133.485 Y107.004 E2.46734
G1 X133.485 Y109.519 E2.58833
G1 X134.372 Y109.427 E2.63122
G1 X134.372 Y111.851 E2.74776
G1 X133.175 Y112.014 E2.80585
G1 X132.654 Y111.940 E2.83115
G1 X130.982 Y111.940 E2.91159
G1 X130.982 Y111.884 E2.91431
G1 X130.040 Y112.034 E2.96019
G1 X129.541 Y111.841 E2.98592
G1 X129.541 Y111.940 E2.99069
G1 X128.998 Y111.940 E3.01681
G1 X128.998 Y112.580 E3.04759
G1 X126.878 Y112.580 E3.14956
G1 X126.734 Y111.940 E3.18111
G1 X126.403 Y111.940 E3.19702
G1 X125.851 Y112.017 E3.22381
G1 X124.927 Y111.848 E3.26900
G1 X124.416 Y111.469 E3.29960
G1 X123.022 Y112.039 E3.37208
G1 X121.957 Y111.853 E3.42408
G1 X121.504 Y111.531 E3.45077
G1 X120.913 Y111.903 E3.48437
G1 X120.162 Y112.012 E3.52083
G1 X119.572 Y111.940 E3.54941
G1 X117.639 Y111.940 E3.64238
G1 X117.145 Y112.012 E3.66642
G1 X116.555 Y111.940 E3.69500
G1 X114.670 Y111.940 E3.78563
G1 X114.672 Y111.887 E3.78821
G1 X113.749 Y112.034 E3.83315
G1 X112.886 Y111.700 E3.87769
G1 X112.674 Y112.045 E3.89716
G1 X112.062 Y112.544 E3.93515
G1 X111.329 Y112.823 E3.97285
G1 X110.503 Y112.909 E4.01278
G1 X109.380 Y112.721 E4.06755
G1 X108.425 Y112.086 E4.12273
G1 X108.000 Y111.374 E4.16258
G1 X107.831 Y111.421 E4.17106
G1 X107.831 Y111.851 E4.19173
G1 X106.634 Y112.014 E4.24982
G1 X106.113 Y111.940 E4.27512
G1 X104.441 Y111.940 E4.35556
G1 X104.442 Y111.743 E4.36503
G1 X103.719 Y112.039 E4.40258
G1 X103.155 Y111.940 E4.43011
G1 X97.152 Y111.940 E4.71886
G1 X96.563 Y112.034 E4.74751
G1 X95.687 Y111.695 E4.79272
G1 X95.235 Y112.312 E4.82953
G1 X94.448 Y112.729 E4.87234
G1 X93.634 Y112.836 E4.91182
G1 X90.961 Y112.836 E5.04041
G1 X90.961 Y107.004 E5.32094
G1 X93.472 Y107.004 E5.44173
G1 X93.472 Y108.513 E5.51431
G1 X93.674 Y108.513 E5.52400
G1 X94.455 Y108.627 E5.56197
G1 X94.468 Y108.518 E5.56725
G1 X94.903 Y107.666 E5.61329
G1 X95.691 Y107.093 E5.66014
G1 X96.651 Y106.925 E5.70701
G1 X97.606 Y107.084 E5.75358
G1 X98.083 Y107.411 E5.78137
G1 X98.197 Y107.004 E5.80169
G1 X102.080 Y107.004 E5.98844
G1 X102.198 Y107.415 E6.00903
G1 X102.663 Y107.089 E6.03639
G1 X103.655 Y106.920 E6.08478
G1 X104.467 Y107.108 E6.12484
G1 X104.467 Y107.004 E6.12984
G1 X106.944 Y107.004 E6.24893
G1 X106.944 Y109.519 E6.36991
G1 X107.717 Y109.439 E6.40729
G1 X107.744 Y109.153 E6.42115
G1 X107.991 Y108.421 E6.45826
G1 X108.427 Y107.784 E6.49540
G1 X109.034 Y107.305 E6.53262
G1 X109.756 Y107.021 E6.56991
G1 X110.542 Y106.933 E6.60795
G1 X111.324 Y107.027 E6.64584
G1 X112.052 Y107.330 E6.68373
G1 X112.285 Y107.523 E6.69831
G1 X112.877 Y107.093 E6.73350
G1 X113.837 Y106.925 E6.78038
G1 X114.712 Y107.071 E6.82306
G1 X114.712 Y107.004 E6.82630
G1 X122.071 Y107.004 E7.18024
G1 X122.071 Y107.071 E7.18349
G1 X122.958 Y106.920 E7.22676
G1 X124.194 Y107.206 E7.28780
G1 X124.037 Y107.565 F7800.000
G1 F3600.000
G1 X124.377 Y107.984 E7.31373
G1 X125.086 Y107.459 E7.35615
G1 X125.869 Y107.317 E7.39442
G1 X126.503 Y107.411 E7.42523
G1 X127.125 Y107.752 E7.45936
G1 X127.157 Y107.642 E7.46489
G1 X128.006 Y107.318 E7.50857
G1 X128.429 Y107.346 E7.52896
G1 X129.251 Y107.509 E7.56928
G1 X129.322 Y107.458 E7.57350
G1 X130.129 Y107.317 E7.61292
G1 X130.935 Y107.451 E7.65222
G1 X131.390 Y107.762 E7.67871
G1 X131.392 Y107.389 E7.69662
G1 X133.099 Y107.389 E7.77872
G1 X133.099 Y109.512 E7.88081
G1 X133.129 Y109.837 E7.89651
G1 X133.167 Y109.940 E7.90178
G1 X133.986 Y109.855 E7.94136
G1 X133.986 Y111.514 E8.02116
G1 X133.176 Y111.624 E8.06048
G1 X132.718 Y111.555 E8.08275
G1 X131.369 Y111.555 E8.14762
G1 X131.371 Y111.217 E8.16387
G1 X130.966 Y111.496 E8.18751
G1 X130.082 Y111.637 E8.23059
G1 X129.156 Y111.278 E8.27838
G1 X129.156 Y111.555 E8.29168
G1 X128.613 Y111.555 E8.31780
G1 X128.613 Y112.195 E8.34858
G1 X127.186 Y112.195 E8.41717
G1 X127.042 Y111.555 E8.44872
G1 X126.561 Y111.555 E8.47186
G1 X126.561 Y111.529 E8.47309
G1 X125.860 Y111.626 E8.50716
G1 X125.085 Y111.485 E8.54504
G1 X124.472 Y111.029 E8.58177
G1 X122.979 Y111.640 E8.65936
G1 X122.109 Y111.488 E8.70183
G1 X121.418 Y110.998 E8.74257
G1 X121.313 Y111.196 E8.75335
G1 X120.777 Y111.533 E8.78385
G1 X120.155 Y111.623 E8.81407
G1 X119.697 Y111.575 E8.83620
G1 X119.644 Y111.555 E8.83896
G1 X118.083 Y111.555 E8.91399
G1 X118.089 Y111.326 E8.92501
G1 X117.759 Y111.533 E8.94377
G1 X117.137 Y111.623 E8.97399
G1 X116.679 Y111.575 E8.99612
G1 X116.626 Y111.555 E8.99888
G1 X115.066 Y111.555 E9.07391
G1 X115.074 Y111.221 E9.08998
G1 X114.675 Y111.496 E9.11328
G1 X113.791 Y111.637 E9.15636
G1 X112.725 Y111.224 E9.21135
G1 X112.379 Y111.787 E9.24313
G1 X111.866 Y112.206 E9.27498
G1 X111.239 Y112.445 E9.30726
G1 X110.515 Y112.520 E9.34225
G1 X109.525 Y112.354 E9.39054
G1 X108.711 Y111.813 E9.43755
G1 X108.208 Y110.968 E9.48484
G1 X108.055 Y109.952 E9.53425
G1 X108.124 Y109.234 E9.56899
G1 X108.339 Y108.595 E9.60140
G1 X108.712 Y108.050 E9.63314
G1 X109.228 Y107.643 E9.66479
G1 X109.850 Y107.399 E9.69689
G1 X110.540 Y107.321 E9.73032
G1 X111.225 Y107.404 E9.76350
G1 X111.850 Y107.663 E9.79604
G1 X112.323 Y108.056 E9.82559
G1 X112.390 Y107.923 E9.83275
G1 X113.031 Y107.458 E9.87084
G1 X113.838 Y107.317 E9.91026
G1 X114.644 Y107.451 E9.94956
G1 X115.098 Y107.761 E9.97598
G1 X115.098 Y107.389 E9.99385
G1 X121.685 Y107.389 E10.31069
G1 X121.685 Y107.757 E10.32835
G1 X122.116 Y107.455 E10.35366
G1 X122.947 Y107.314 E10.39416
G1 X123.979 Y107.552 E10.44511
G1 X128.819 Y107.816 F7800.000
;TYPE:External perimeter
G1 F1800.000
G1 X128.819 Y108.300 E10.46836
G1 X129.476 Y107.822 E10.50746
G1 X130.131 Y107.708 E10.53941
G1 X130.788 Y107.817 E10.57145
G1 X131.291 Y108.162 E10.60079
G1 X131.595 Y108.734 E10.63196
G1 X131.771 Y108.691 E10.64063
G1 X131.776 Y107.775 E10.68469
G1 X132.713 Y107.775 E10.72979
G1 X132.713 Y109.530 E10.81419
G1 X132.750 Y109.924 E10.83324
G1 X132.842 Y110.171 E10.84590
G1 X132.960 Y110.290 E10.85397
G1 X133.130 Y110.331 E10.86237
G1 X133.600 Y110.283 E10.88511
G1 X133.600 Y111.177 E10.92815
G1 X133.177 Y111.235 E10.94871
G1 X132.857 Y111.190 E10.96425
G1 X132.663 Y111.080 E10.97497
G1 X132.658 Y111.169 E10.97926
G1 X131.757 Y111.169 E11.02260
G1 X131.762 Y110.295 E11.06462
G1 X131.583 Y110.253 E11.07345
G1 X131.316 Y110.786 E11.10216
G1 X130.819 Y111.129 E11.13117
G1 X130.124 Y111.240 E11.16503
G1 X128.770 Y110.715 E11.23489
G1 X128.770 Y111.169 E11.25672
G1 X128.227 Y111.169 E11.28283
G1 X128.227 Y111.809 E11.31362
G1 X127.495 Y111.809 E11.34882
G1 X127.351 Y111.169 E11.38037
G1 X126.947 Y111.169 E11.39980
G1 X126.947 Y110.866 E11.41440
G1 X126.355 Y111.168 E11.44638
G1 X125.868 Y111.236 E11.47001
G1 X125.243 Y111.122 E11.50059
G1 X124.761 Y110.764 E11.52943
G1 X124.475 Y110.200 E11.55985
G1 X124.458 Y110.063 E11.56651
G1 X124.268 Y110.049 E11.57566
G1 X124.070 Y110.777 E11.61193
G1 X122.936 Y111.241 E11.67090
G1 X122.261 Y111.123 E11.70384
G1 X121.762 Y110.769 E11.73326
G1 X121.441 Y110.170 E11.76596
G1 X121.274 Y110.201 E11.77413
G1 X121.237 Y110.514 E11.78927
G1 X121.021 Y110.924 E11.81159
G1 X120.640 Y111.163 E11.83318
G1 X120.147 Y111.235 E11.85716
G1 X119.788 Y111.197 E11.87454
G1 X119.394 Y111.046 E11.89479
G1 X119.389 Y111.169 E11.90069
G1 X118.479 Y111.169 E11.94448
G1 X118.501 Y109.988 E12.00129
G1 X118.283 Y109.975 E12.01178
G1 X118.220 Y110.514 E12.03786
G1 X118.003 Y110.924 E12.06018
G1 X117.623 Y111.163 E12.08178
G1 X117.130 Y111.235 E12.10575
G1 X116.770 Y111.197 E12.12314
G1 X116.377 Y111.046 E12.14339
G1 X116.372 Y111.169 E12.14930
G1 X115.462 Y111.169 E12.19308
G1 X115.484 Y110.273 E12.23616
G1 X115.304 Y110.229 E12.24508
G1 X115.025 Y110.786 E12.27509
G1 X114.528 Y111.129 E12.30410
G1 X113.833 Y111.240 E12.33796
G1 X112.683 Y110.794 E12.39729
G1 X112.310 Y109.493 E12.46240
G1 X112.357 Y109.112 E12.48086
G1 X111.715 Y109.432 E12.51538
G1 X111.140 Y108.758 E12.55796
G1 X110.552 Y108.594 E12.58732
G1 X110.092 Y108.682 E12.60987
G1 X109.738 Y108.946 E12.63108
G1 X109.506 Y109.369 E12.65430
G1 X109.424 Y109.938 E12.68193
G1 X109.502 Y110.507 E12.70958
G1 X109.723 Y110.915 E12.73189
G1 X110.065 Y111.165 E12.75225
G1 X110.547 Y111.253 E12.77582
G1 X110.863 Y111.217 E12.79109
G1 X111.125 Y111.113 E12.80467
G1 X111.323 Y110.951 E12.81696
G1 X111.569 Y110.547 E12.83971
G1 X112.502 Y110.850 E12.88688
G1 X112.085 Y111.530 E12.92522
G1 X111.671 Y111.867 E12.95092
G1 X111.149 Y112.066 E12.97778
G1 X110.528 Y112.131 E13.00782
G1 X109.670 Y111.987 E13.04964
G1 X108.998 Y111.540 E13.08848
G1 X108.578 Y110.836 E13.12791
G1 X108.443 Y109.942 E13.17139
G1 X108.504 Y109.315 E13.20170
G1 X108.687 Y108.769 E13.22942
G1 X108.997 Y108.317 E13.25576
G1 X109.422 Y107.981 E13.28184
G1 X109.943 Y107.776 E13.30875
G1 X110.539 Y107.709 E13.33757
G1 X111.126 Y107.780 E13.36603
G1 X111.648 Y107.997 E13.39323
G1 X112.081 Y108.356 E13.42025
G1 X112.374 Y108.803 E13.44598
G1 X112.692 Y108.181 E13.47958
G1 X113.185 Y107.822 E13.50893
G1 X113.840 Y107.708 E13.54088
G1 X114.497 Y107.817 E13.57292
G1 X115.000 Y108.162 E13.60226
G1 X115.308 Y108.740 E13.63379
G1 X115.483 Y108.697 E13.64248
G1 X115.483 Y107.775 E13.68682
G1 X116.422 Y107.775 E13.73198
G1 X116.422 Y109.697 E13.82443
G1 X116.466 Y110.027 E13.84045
G1 X116.577 Y110.238 E13.85188
G1 X116.737 Y110.358 E13.86150
G1 X116.971 Y110.403 E13.87300
G1 X117.125 Y110.390 E13.88043
G1 X117.212 Y110.360 E13.88484
G1 X117.295 Y110.248 E13.89155
G1 X117.327 Y110.102 E13.89874
G1 X117.340 Y107.775 E14.01068
G1 X119.440 Y107.775 E14.11166
G1 X119.440 Y109.697 E14.20411
G1 X119.484 Y110.027 E14.22013
G1 X119.594 Y110.238 E14.23156
G1 X119.754 Y110.358 E14.24118
G1 X119.989 Y110.403 E14.25268
G1 X120.143 Y110.390 E14.26011
G1 X120.229 Y110.360 E14.26452
G1 X120.313 Y110.248 E14.27124
G1 X120.345 Y110.102 E14.27842
G1 X120.358 Y107.775 E14.39037
G1 X121.300 Y107.775 E14.43567
G1 X121.300 Y108.675 E14.47896
G1 X121.476 Y108.718 E14.48768
G1 X121.762 Y108.174 E14.51725
G1 X122.267 Y107.820 E14.54690
G1 X122.935 Y107.707 E14.57951
G1 X123.822 Y107.911 E14.62327
G1 X124.484 Y108.726 E14.67381
G1 X124.760 Y108.180 E14.70325
G1 X125.243 Y107.822 E14.73216
G1 X125.875 Y107.708 E14.76305
G1 X126.378 Y107.782 E14.78749
G1 X126.796 Y108.011 E14.81042
G1 X127.095 Y108.374 E14.83299
G1 X127.136 Y108.506 E14.83966
G1 X127.308 Y108.504 E14.84792
G1 X127.474 Y107.934 E14.87650
G1 X128.065 Y107.708 E14.90691
G1 X128.378 Y107.729 E14.92204
G1 X128.760 Y107.805 E14.94075
G1 X129.218 Y107.835 F7800.000
G1 X104.850 Y107.592
;TYPE:Perimeter
G1 F3600.000
G1 X104.851 Y107.389 E14.95048
G1 X106.558 Y107.389 E15.03258
G1 X106.558 Y109.512 E15.13467
G1 X106.588 Y109.837 E15.15038
G1 X106.626 Y109.940 E15.15564
G1 X107.445 Y109.855 E15.19523
G1 X107.445 Y111.514 E15.27502
G1 X106.635 Y111.624 E15.31434
G1 X106.177 Y111.555 E15.33661
G1 X104.828 Y111.555 E15.40148
G1 X104.830 Y111.168 E15.42009
G1 X103.676 Y111.640 E15.48008
G1 X102.971 Y111.517 E15.51450
G1 X102.982 Y111.555 E15.51641
G1 X101.217 Y111.555 E15.60128
G1 X101.143 Y111.261 E15.61585
G1 X100.963 Y111.261 E15.62452
G1 X100.889 Y111.555 E15.63909
G1 X99.416 Y111.555 E15.70994
G1 X99.341 Y111.268 E15.72419
G1 X99.161 Y111.269 E15.73284
G1 X99.090 Y111.555 E15.74701
G1 X97.324 Y111.555 E15.83197
G1 X97.333 Y111.521 E15.83366
G1 X96.605 Y111.637 E15.86911
G1 X95.450 Y111.189 E15.92871
G1 X95.407 Y111.424 E15.94019
G1 X94.976 Y112.013 E15.97530
G1 X94.329 Y112.356 E16.01050
G1 X93.609 Y112.451 E16.04543
G1 X91.346 Y112.451 E16.15426
G1 X91.346 Y107.389 E16.39769
G1 X93.087 Y107.389 E16.48139
G1 X93.087 Y108.898 E16.55396
G1 X93.646 Y108.898 E16.58085
G1 X94.350 Y109.002 E16.61508
G1 X94.767 Y109.241 E16.63821
G1 X94.843 Y108.633 E16.66767
G1 X95.205 Y107.923 E16.70599
G1 X95.845 Y107.458 E16.74409
G1 X96.653 Y107.317 E16.78351
G1 X97.459 Y107.451 E16.82281
G1 X98.111 Y107.897 E16.86081
G1 X98.266 Y108.189 E16.87670
G1 X98.490 Y107.389 E16.91662
G1 X99.995 Y107.389 E16.98904
G1 X100.048 Y107.600 E16.99947
G1 X100.229 Y107.599 E17.00821
G1 X100.280 Y107.389 E17.01859
G1 X101.789 Y107.389 E17.09119
G1 X102.017 Y108.186 E17.13103
G1 X102.161 Y107.912 E17.14592
G1 X102.814 Y107.455 E17.18424
G1 X103.644 Y107.314 E17.22475
G1 X104.791 Y107.578 E17.28139
G1 X105.214 Y108.766 F7800.000
;TYPE:External perimeter
G1 F1800.000
G1 X104.649 Y108.929 E17.30968
G1 X104.677 Y109.128 E17.31934
G1 X105.227 Y109.128 E17.34581
G1 X105.235 Y107.775 E17.41088
G1 X106.172 Y107.775 E17.45599
G1 X106.172 Y109.530 E17.54038
G1 X106.209 Y109.924 E17.55943
G1 X106.301 Y110.171 E17.57210
G1 X106.419 Y110.290 E17.58016
G1 X106.589 Y110.331 E17.58857
G1 X107.059 Y110.283 E17.61131
G1 X107.059 Y111.177 E17.65435
G1 X106.636 Y111.235 E17.67491
G1 X106.316 Y111.190 E17.69044
G1 X106.122 Y111.080 E17.70117
G1 X106.117 Y111.169 E17.70546
G1 X105.216 Y111.169 E17.74879
G1 X105.223 Y109.869 E17.81131
G1 X105.022 Y109.842 E17.82108
G1 X104.768 Y110.777 E17.86768
G1 X103.633 Y111.241 E17.92665
G1 X102.958 Y111.123 E17.95959
G1 X102.531 Y110.820 E17.98477
G1 X102.397 Y110.915 E17.99266
G1 X102.470 Y111.169 E18.00538
G1 X101.517 Y111.169 E18.05121
G1 X101.142 Y109.683 E18.12492
G1 X100.962 Y109.683 E18.13359
G1 X100.588 Y111.169 E18.20728
G1 X99.714 Y111.169 E18.24933
G1 X99.332 Y109.704 E18.32215
G1 X99.152 Y109.705 E18.33080
G1 X98.789 Y111.169 E18.40336
G1 X97.832 Y111.169 E18.44937
G1 X97.963 Y110.701 E18.47273
G1 X97.343 Y111.129 E18.50895
G1 X96.648 Y111.240 E18.54282
G1 X95.497 Y110.794 E18.60214
G1 X95.124 Y109.493 E18.66726
G1 X95.217 Y108.748 E18.70336
G1 X95.506 Y108.181 E18.73398
G1 X96.000 Y107.822 E18.76333
G1 X96.654 Y107.708 E18.79528
G1 X97.311 Y107.817 E18.82732
G1 X97.815 Y108.162 E18.85666
G1 X98.115 Y108.727 E18.88746
G1 X98.179 Y109.239 E18.91229
G1 X98.368 Y109.253 E18.92140
G1 X98.782 Y107.775 E18.99524
G1 X99.694 Y107.775 E19.03908
G1 X100.053 Y109.223 E19.11084
G1 X100.235 Y109.222 E19.11958
G1 X100.583 Y107.775 E19.19118
G1 X101.498 Y107.775 E19.23519
G1 X101.912 Y109.221 E19.30755
G1 X102.101 Y109.207 E19.31662
G1 X102.159 Y108.745 E19.33899
G1 X102.459 Y108.174 E19.37003
G1 X102.964 Y107.820 E19.39968
G1 X103.632 Y107.707 E19.43230
G1 X104.519 Y107.911 E19.47605
G1 X105.176 Y108.719 E19.52615
G1 X105.411 Y109.114 F7800.000
G1 E17.52615 F2400.000
G92 E0
G1 X91.732 Y107.775 F7800.000
G1 E2.00000 F2400.000
G1 F900.000
G1 X92.701 Y107.775 E2.04661
G1 X92.701 Y109.284 E2.11918
G1 X93.617 Y109.284 E2.16326
G1 X94.221 Y109.373 E2.19262
G1 X94.720 Y109.658 E2.22026
G1 X95.044 Y110.115 E2.24718
G1 X95.149 Y110.691 E2.27534
G1 X95.044 Y111.268 E2.30353
G1 X94.717 Y111.714 E2.33012
G1 X94.210 Y111.982 E2.35773
G1 X93.584 Y112.065 E2.38810
G1 X91.732 Y112.065 E2.47716
G1 X91.732 Y107.835 E2.68061
G1 X91.678 Y107.379 F7800.000
G1 X83.550 Y107.488
;TYPE:Perimeter
G1 F900.000
G1 X86.450 Y107.488 E2.82010
G1 X87.900 Y110.000 E2.95960
G1 X86.450 Y112.512 E3.09910
G1 X83.550 Y112.512 E3.23859
G1 X82.100 Y110.000 E3.37809
G1 X83.520 Y107.540 E3.51470
G1 X83.772 Y107.874 F7800.000
G1 F900.000
G1 X86.228 Y107.874 E3.63278
G1 X87.455 Y110.000 E3.75086
G1 X86.228 Y112.126 E3.86894
G1 X83.772 Y112.126 E3.98702
G1 X82.545 Y110.000 E4.10510
G1 X83.742 Y107.926 E4.22029
G1 E2.22029 F2400.000
G92 E0
G1 X86.005 Y111.740 F7800.000
G1 E2.00000 F2400.000
;TYPE:External perimeter
G1 F900.000
G1 X83.995 Y111.740 E2.09666
G1 X82.990 Y110.000 E2.19333
G1 X83.995 Y108.260 E2.28999
G1 X86.005 Y108.260 E2.38666
G1 X87.010 Y110.000 E2.48332
G1 X86.035 Y111.689 E2.57710
G1 X86.005 Y112.140 F7800.000
G1 E0.57710 F2400.000
G92 E0
G1 X83.550 Y72.488 F7800.000
G1 E2.00000 F2400.000
;TYPE:Perimeter
G1 F900.000
G1 X86.450 Y72.488 E2.13950
G1 X87.900 Y75.000 E2.27899
G1 X86.450 Y77.512 E2.41849
G1 X83.550 Y77.512 E2.55799
G1 X82.100 Y75.000 E2.69749
G1 X83.520 Y72.540 E2.83410
G1 X83.772 Y72.874 F7800.000
G1 F900.000
G1 X86.228 Y72.874 E2.95218
G1 X87.455 Y75.000 E3.07026
G1 X86.228 Y77.126 E3.18834
G1 X83.772 Y77.126 E3.30642
G1 X82.545 Y75.000 E3.42450
G1 X83.742 Y72.926 E3.53970
G1 X86.005 Y73.259 F7800.000
;TYPE:External perimeter
G1 F900.000
G1 X87.010 Y75.000 E3.63636
G1 X86.005 Y76.741 E3.73303
G1 X83.995 Y76.741 E3.82969
G1 X82.990 Y75.000 E3.92636
G1 X83.995 Y73.259 E4.02302
G1 X85.945 Y73.259 E4.11680
G1 X86.351 Y73.059 F7800.000
G1 E2.11680 F2400.000
G92 E0
G1 X163.550 Y72.488 F7800.000
G1 E2.00000 F2400.000
;TYPE:Perimeter
G1 F900.000
G1 X166.450 Y72.488 E2.13950
G1 X167.900 Y75.000 E2.27899
G1 X166.450 Y77.512 E2.41849
G1 X163.550 Y77.512 E2.55799
G1 X162.100 Y75.000 E2.69749
G1 X163.520 Y72.540 E2.83410
G1 X163.772 Y72.874 F7800.000
G1 F900.000
G1 X166.228 Y72.874 E2.95218
G1 X167.455 Y75.000 E3.07026
G1 X166.228 Y77.126 E3.18834
G1 X163.772 Y77.126 E3.30642
G1 X162.545 Y75.000 E3.42450
G1 X163.742 Y72.926 E3.53970
G1 X166.005 Y73.259 F7800.000
;TYPE:External perimeter
G1 F900.000
G1 X167.010 Y75.000 E3.63636
G1 X166.005 Y76.741 E3.73303
G1 X163.995 Y76.741 E3.82969
G1 X162.990 Y75.000 E3.92636
G1 X163.995 Y73.259 E4.02302
G1 X165.945 Y73.259 E4.11680
G1 X166.351 Y73.059 F7800.000
G1 E2.11680 F2400.000
G92 E0
G1 X163.550 Y107.488 F7800.000
G1 E2.00000 F2400.000
;TYPE:Perimeter
G1 F900.000
G1 X166.450 Y107.488 E2.13950
G1 X167.900 Y110.000 E2.27899
G1 X166.450 Y112.512 E2.41849
G1 X163.550 Y112.512 E2.55798
G1 X162.100 Y110.000 E2.69748
G1 X163.520 Y107.540 E2.83409
G1 X163.772 Y107.874 F7800.000
G1 F900.000
G1 X166.228 Y107.874 E2.95217
G1 X167.455 Y110.000 E3.07025
G1 X166.228 Y112.126 E3.18833
G1 X163.772 Y112.126 E3.30641
G1 X162.545 Y110.000 E3.42449
G1 X163.742 Y107.926 E3.53968
G1 E1.53968 F2400.000
G92 E0
G1 X166.005 Y111.740 F7800.000
G1 E2.00000 F2400.000
;TYPE:External perimeter
G1 F900.000
G1 X163.995 Y111.740 E2.09666
G1 X162.990 Y110.000 E2.19333
G1 X163.995 Y108.260 E2.28999
G1 X166.005 Y108.260 E2.38666
G1 X167.010 Y110.000 E2.48332
G1 X166.035 Y111.689 E2.57710
G1 X166.005 Y112.140 F7800.000
G1 E0.57710 F2400.000
G92 E0
G1 X80.996 Y70.996 F7800.000
G1 E2.00000 F2400.000
;TYPE:Perimeter
G1 F3600.000
G1 X92.163 Y70.996 E2.53706
G1 X91.333 Y72.050 E2.60156
G1 X91.009 Y72.675 E2.63543
G1 X90.819 Y73.358 E2.66955
G1 X90.758 Y74.093 E2.70498
G1 X90.819 Y74.822 E2.74016
G1 X91.011 Y75.504 E2.77425
G1 X91.335 Y76.128 E2.80806
G1 X92.024 Y77.004 E2.86170
G1 X95.753 Y77.004 E3.04102
G1 X96.444 Y76.125 E3.09482
G1 X96.695 Y75.638 E3.12118
G1 X96.801 Y75.986 E3.13868
G1 X97.254 Y76.529 E3.17271
G1 X97.868 Y76.855 E3.20613
G1 X98.536 Y76.950 E3.23857
G1 X99.239 Y76.855 E3.27271
G1 X99.699 Y76.602 E3.29797
G1 X99.885 Y76.770 E3.31001
G1 X100.807 Y76.962 E3.35534
G1 X101.721 Y76.765 E3.40031
G1 X101.904 Y76.595 E3.41230
G1 X102.393 Y76.855 E3.43896
G1 X103.061 Y76.950 E3.47140
G1 X103.765 Y76.855 E3.50554
G1 X104.403 Y76.504 E3.54058
G1 X104.921 Y76.876 E3.57128
G1 X106.575 Y76.876 E3.65084
G1 X106.575 Y74.307 E3.77440
G1 X106.903 Y74.307 E3.79018
G1 X106.903 Y76.876 E3.91374
G1 X109.052 Y76.876 E4.01711
G1 X109.617 Y76.747 E4.04498
G1 X109.617 Y76.876 E4.05121
G1 X112.022 Y76.876 E4.16689
G1 X112.684 Y76.794 E4.19895
G1 X113.176 Y76.546 E4.22545
G1 X113.893 Y76.866 E4.26326
G1 X114.610 Y76.945 E4.29791
G1 X115.265 Y76.888 E4.32955
G1 X115.891 Y76.664 E4.36151
G1 X116.097 Y76.475 E4.37500
G1 X116.567 Y76.791 E4.40225
G1 X117.498 Y76.949 E4.44763
G1 X118.186 Y76.876 E4.48093
G1 X118.806 Y76.634 E4.51294
G1 X119.327 Y76.199 E4.54558
G1 X120.236 Y74.680 E4.63072
G1 X119.493 Y74.433 E4.66840
G1 X120.231 Y74.072 E4.70794
G1 X119.304 Y72.681 E4.78832
G1 X118.790 Y72.260 E4.82032
G1 X118.181 Y72.010 E4.85196
G1 X117.535 Y71.933 E4.88326
G1 X116.884 Y72.007 E4.91477
G1 X116.276 Y72.248 E4.94621
G1 X116.138 Y72.359 E4.95470
G1 X115.376 Y72.019 E4.99485
G1 X114.559 Y71.928 E5.03438
G1 X114.214 Y72.004 E5.05139
G1 X109.617 Y72.004 E5.27248
G1 X109.617 Y72.064 E5.27538
G1 X109.122 Y72.004 E5.29937
G1 X101.188 Y72.004 E5.68095
G1 X100.792 Y71.915 E5.70049
G1 X100.394 Y72.004 E5.72009
G1 X96.533 Y72.004 E5.90578
G1 X96.434 Y72.038 E5.91083
G1 X95.614 Y70.996 E5.97460
G1 X169.004 Y70.996 E9.50438
G1 X169.004 Y114.004 E11.57290
G1 X80.996 Y114.004 E15.80576
G1 X80.996 Y71.056 E17.87139
G1 X80.611 Y70.611 F7800.000
G1 F3600.000
G1 X169.389 Y70.611 E22.14134
G1 X169.389 Y114.389 E24.24695
G1 X80.611 Y114.389 E28.51691
G1 X80.611 Y70.671 E30.61963
G1 X80.225 Y70.225 F7800.000
;TYPE:External perimeter
G1 F1800.000
G1 X169.775 Y70.225 E34.92668
G1 X169.775 Y114.775 E37.06938
G1 X80.225 Y114.775 E41.37643
G1 X80.225 Y70.285 E43.51625
G1 X80.620 Y70.286 F7800.000
G1 X86.289 Y72.373
;TYPE:Solid infill
;WIDTH:0.450862
G1 F1200.000
G1 X85.202 Y71.285 E43.59036
G1 X84.656 Y71.285 E43.61671
G1 X85.569 Y72.199 E43.67899
G1 X85.023 Y72.199 E43.70533
G1 X84.109 Y71.285 E43.76761
G1 X83.562 Y71.285 E43.79396
G1 X84.476 Y72.199 E43.85624
G1 X83.929 Y72.199 E43.88259
G1 X83.016 Y71.285 E43.94487
G1 X82.469 Y71.285 E43.97121
G1 X83.383 Y72.199 E44.03349
G1 X83.183 Y72.546 E44.05278
G1 X81.923 Y71.285 E44.13868
G1 X81.376 Y71.285 E44.16503
G1 X82.983 Y72.892 E44.27455
G1 X82.783 Y73.239 E44.29384
G1 X81.285 Y71.741 E44.39591
G1 X81.285 Y72.288 E44.42225
G1 X82.583 Y73.585 E44.51069
G1 X82.383 Y73.932 E44.52997
G1 X81.285 Y72.834 E44.60477
G1 X81.285 Y73.381 E44.63111
G1 X82.183 Y74.278 E44.69227
G1 X81.982 Y74.625 E44.71156
G1 X81.285 Y73.928 E44.75908
G1 X81.285 Y74.474 E44.78542
G1 X81.782 Y74.971 E44.81930
G1 X81.766 Y75.000 E44.82091
G1 X82.450 Y76.185 E44.88688
G1 X81.285 Y75.021 E44.96628
G1 X81.285 Y75.567 E44.99262
G1 X112.632 Y106.913 E47.12952
G1 X112.315 Y107.144 E47.14838
G1 X81.285 Y76.114 E49.26370
G1 X81.285 Y76.660 E49.29005
G1 X111.366 Y106.741 E51.34068
G1 X110.745 Y106.666 E51.37086
G1 X81.285 Y77.207 E53.37912
G1 X81.285 Y77.753 E53.40547
G1 X110.211 Y106.679 E55.37735
G1 X109.720 Y106.734 E55.40119
G1 X81.285 Y78.300 E57.33957
G1 X81.285 Y78.847 E57.36592
G1 X109.320 Y106.882 E59.27708
G1 X108.928 Y107.036 E59.29740
G1 X81.285 Y79.393 E61.18181
G1 X81.285 Y79.940 E61.20816
G1 X108.614 Y107.268 E63.07115
G1 X108.308 Y107.509 E63.08991
G1 X81.285 Y80.486 E64.93208
G1 X81.285 Y81.033 E64.95842
G1 X108.060 Y107.808 E66.78367
G1 X107.838 Y108.132 E66.80263
G1 X107.233 Y107.527 E66.84389
G1 X107.233 Y108.073 E66.87024
G1 X107.659 Y108.500 E66.89930
G1 X107.521 Y108.909 E66.92010
G1 X107.233 Y108.620 E66.93978
G1 X107.233 Y109.166 E66.96612
G1 X107.420 Y109.354 E66.97888
G1 X107.765 Y109.628 F7800.000
;TYPE:Gap fill
;WIDTH:0.306528
G1 F1200.000
G1 X107.749 Y109.947 E66.98852
;WIDTH:0.288375
G1 X107.796 Y110.596 E67.00670
;WIDTH:0.406153
G1 X107.843 Y111.217 E67.03327
G1 X104.980 Y110.898 F7800.000
;WIDTH:0.141471
G1 F1200.000
G1 X105.002 Y110.739 E67.03481
G1 E65.03481 F2400.000
G92 E0
G1 X103.965 Y108.849 F7800.000
G1 E2.00000 F2400.000
;WIDTH:0.27307
G1 F1200.000
G1 X103.646 Y108.831 E2.00832
;WIDTH:0.273069
G1 X103.342 Y108.860 E2.01628
G1 E0.01628 F2400.000
G92 E0
G1 X106.594 Y106.888 F7800.000
G1 E2.00000 F2400.000
;TYPE:Solid infill
;WIDTH:0.450862
G1 F1200.000
G1 X81.285 Y81.579 E3.72531
G1 X81.285 Y82.126 E3.75166
G1 X105.874 Y106.715 E5.42788
G1 X105.327 Y106.715 E5.45422
G1 X81.285 Y82.673 E7.09318
G1 X81.285 Y83.219 E7.11953
G1 X104.781 Y106.715 E8.72123
G1 X104.234 Y106.715 E8.74758
G1 X81.285 Y83.766 E10.31202
G1 X81.285 Y84.312 E10.33837
G1 X103.608 Y106.635 E11.86013
G1 X103.141 Y106.715 E11.88297
G1 X81.285 Y84.859 E13.37289
G1 X81.285 Y85.405 E13.39923
G1 X102.674 Y106.794 E14.85731
G1 X102.551 Y106.815 E14.86334
G1 X102.364 Y106.946 E14.87433
G1 X102.298 Y106.715 E14.88593
G1 X102.048 Y106.715 E14.89796
G1 X81.285 Y85.952 E16.31337
G1 X81.285 Y86.499 E16.33971
G1 X101.501 Y106.715 E17.71785
G1 X100.955 Y106.715 E17.74420
G1 X81.285 Y87.045 E19.08508
G1 X81.285 Y87.592 E19.11143
G1 X100.408 Y106.715 E20.41505
G1 X99.862 Y106.715 E20.44140
G1 X81.285 Y88.138 E21.70776
G1 X81.285 Y88.685 E21.73411
G1 X99.315 Y106.715 E22.96321
G1 X98.769 Y106.715 E22.98955
G1 X81.285 Y89.231 E24.18140
G1 X81.285 Y89.778 E24.20774
G1 X98.222 Y106.715 E25.36232
G1 X97.978 Y106.715 E25.37410
G1 X97.913 Y106.944 E25.38560
G1 X97.887 Y106.926 E25.38713
G1 X81.285 Y90.325 E26.51888
G1 X81.285 Y90.871 E26.54523
G1 X97.126 Y106.711 E27.62507
G1 X96.650 Y106.632 E27.64831
G1 X96.522 Y106.654 E27.65456
G1 X81.285 Y91.418 E28.69326
G1 X81.285 Y91.964 E28.71961
G1 X96.057 Y106.736 E29.72658
G1 X95.591 Y106.817 E29.74935
G1 X81.285 Y92.511 E30.72461
G1 X81.285 Y93.057 E30.75095
G1 X95.270 Y107.042 E31.70428
G1 X94.953 Y107.272 E31.72314
G1 X81.285 Y93.604 E32.65488
G1 X81.285 Y94.150 E32.68123
G1 X94.653 Y107.519 E33.59254
G1 X94.469 Y107.881 E33.61213
G1 X93.761 Y107.173 E33.66036
G1 X93.761 Y107.720 E33.68670
G1 X94.413 Y108.372 E33.73115
G1 X93.476 Y106.888 F7800.000
G1 F1200.000
G1 X81.285 Y94.697 E34.56222
G1 X81.285 Y95.244 E34.58857
G1 X92.756 Y106.715 E35.37055
G1 X92.210 Y106.715 E35.39690
G1 X81.285 Y95.790 E36.14162
G1 X81.285 Y96.337 E36.16797
G1 X91.663 Y106.715 E36.87543
G1 X91.117 Y106.715 E36.90178
G1 X81.285 Y96.883 E37.57198
G1 X81.285 Y97.430 E37.59833
G1 X90.672 Y106.816 E38.23819
G1 X90.672 Y107.363 E38.26453
G1 X81.285 Y97.976 E38.90439
G1 X81.285 Y98.523 E38.93074
G1 X90.672 Y107.909 E39.57060
G1 X90.672 Y108.456 E39.59695
G1 X81.285 Y99.070 E40.23681
G1 X81.285 Y99.616 E40.26316
G1 X90.672 Y109.002 E40.90302
G1 X90.672 Y109.549 E40.92936
G1 X81.285 Y100.163 E41.56922
G1 X81.285 Y100.709 E41.59557
G1 X90.672 Y110.095 E42.23543
G1 X90.672 Y110.642 E42.26178
G1 X81.285 Y101.256 E42.90164
G1 X81.285 Y101.802 E42.92798
G1 X90.672 Y111.189 E43.56785
G1 X90.672 Y111.735 E43.59419
G1 X87.275 Y108.339 E43.82573
G1 X88.022 Y109.632 E43.89772
G1 X90.845 Y112.455 E44.09018
G1 X86.309 Y107.373 F7800.000
G1 F1200.000
G1 X81.285 Y102.349 E44.43265
G1 X81.285 Y102.896 E44.45899
G1 X85.589 Y107.199 E44.75237
G1 X85.042 Y107.199 E44.77871
G1 X81.285 Y103.442 E45.03483
G1 X81.285 Y103.989 E45.06117
G1 X84.496 Y107.199 E45.28003
G1 X83.949 Y107.199 E45.30637
G1 X81.285 Y104.535 E45.48797
G1 X81.285 Y105.082 E45.51431
G1 X83.403 Y107.199 E45.65865
G1 X83.383 Y107.199 E45.65960
G1 X83.190 Y107.533 E45.67819
G1 X81.285 Y105.628 E45.80803
G1 X81.285 Y106.175 E45.83438
G1 X82.990 Y107.880 E45.95058
G1 X82.790 Y108.226 E45.96987
G1 X81.285 Y106.722 E46.07243
G1 X81.285 Y107.268 E46.09878
G1 X82.590 Y108.573 E46.18770
G1 X82.390 Y108.919 E46.20699
G1 X81.285 Y107.815 E46.28227
G1 X81.285 Y108.361 E46.30862
G1 X82.190 Y109.266 E46.37027
G1 X81.990 Y109.612 E46.38956
G1 X81.285 Y108.908 E46.43757
G1 X81.285 Y109.454 E46.46391
G1 X81.790 Y109.959 E46.49829
G1 X81.766 Y110.000 E46.50059
G1 X82.423 Y111.139 E46.56397
G1 X81.285 Y110.001 E46.64152
G1 X81.285 Y110.547 E46.66787
G1 X84.452 Y113.715 E46.88377
G1 X83.906 Y113.715 E46.91012
G1 X81.285 Y111.094 E47.08876
G1 X81.285 Y111.641 E47.11511
G1 X83.359 Y113.715 E47.25649
G1 X82.813 Y113.715 E47.28283
G1 X81.285 Y112.187 E47.38696
G1 X81.285 Y112.734 E47.41330
G1 X82.266 Y113.715 E47.48017
G1 X81.720 Y113.715 E47.50651
G1 X81.112 Y113.107 E47.54794
G1 X83.912 Y112.627 F7800.000
G1 F1200.000
G1 X84.999 Y113.715 E47.62206
G1 X85.546 Y113.715 E47.64840
G1 X84.632 Y112.801 E47.71069
G1 X85.179 Y112.801 E47.73703
G1 X86.092 Y113.715 E47.79932
G1 X86.639 Y113.715 E47.82566
G1 X85.725 Y112.801 E47.88795
G1 X86.272 Y112.801 E47.91429
G1 X87.185 Y113.715 E47.97658
G1 X87.732 Y113.715 E48.00292
G1 X86.691 Y112.673 E48.07390
G1 X86.891 Y112.327 E48.09319
G1 X88.278 Y113.715 E48.18778
G1 X88.825 Y113.715 E48.21413
G1 X87.091 Y111.980 E48.33235
G1 X87.291 Y111.634 E48.35164
G1 X89.372 Y113.715 E48.49348
G1 X89.918 Y113.715 E48.51982
G1 X87.491 Y111.287 E48.68529
G1 X87.691 Y110.941 E48.70457
G1 X90.465 Y113.715 E48.89366
G1 X91.011 Y113.715 E48.92000
G1 X87.891 Y110.594 E49.13271
G1 X88.091 Y110.248 E49.15200
G1 X91.558 Y113.715 E49.38832
G1 X92.104 Y113.715 E49.41467
G1 X91.515 Y113.125 E49.45483
G1 X92.062 Y113.125 E49.48118
G1 X92.651 Y113.715 E49.52134
G1 X93.198 Y113.715 E49.54769
G1 X92.608 Y113.125 E49.58785
G1 X93.155 Y113.125 E49.61420
G1 X93.744 Y113.715 E49.65436
G1 X94.291 Y113.715 E49.68070
G1 X93.696 Y113.120 E49.72125
G1 X94.179 Y113.056 E49.74473
G1 X94.837 Y113.715 E49.78961
G1 X95.384 Y113.715 E49.81596
G1 X94.629 Y112.960 E49.86738
G1 X94.987 Y112.771 E49.88687
G1 X95.930 Y113.715 E49.95121
G1 X96.477 Y113.715 E49.97755
G1 X95.344 Y112.582 E50.05480
G1 X95.429 Y112.537 E50.05942
G1 X95.605 Y112.296 E50.07380
G1 X97.024 Y113.715 E50.17051
G1 X97.570 Y113.715 E50.19685
G1 X95.970 Y112.115 E50.30593
G1 X96.532 Y112.332 E50.33496
G1 X96.706 Y112.304 E50.34349
G1 X98.117 Y113.715 E50.43963
G1 X98.663 Y113.715 E50.46598
G1 X97.178 Y112.229 E50.56722
G1 X97.725 Y112.229 E50.59357
G1 X99.210 Y113.715 E50.69481
G1 X99.756 Y113.715 E50.72116
G1 X98.271 Y112.229 E50.82240
G1 X98.818 Y112.229 E50.84875
G1 X100.303 Y113.715 E50.94999
G1 X100.849 Y113.715 E50.97634
G1 X99.364 Y112.229 E51.07758
G1 X99.911 Y112.229 E51.10393
G1 X101.396 Y113.715 E51.20517
G1 X101.943 Y113.715 E51.23152
G1 X100.457 Y112.229 E51.33276
G1 X101.004 Y112.229 E51.35910
G1 X102.489 Y113.715 E51.46035
G1 X103.036 Y113.715 E51.48669
G1 X101.551 Y112.229 E51.58794
G1 X102.097 Y112.229 E51.61428
G1 X103.582 Y113.715 E51.71553
G1 X104.129 Y113.715 E51.74187
G1 X102.644 Y112.229 E51.84312
G1 X103.203 Y112.242 E51.87009
G1 X104.675 Y113.715 E51.97046
G1 X105.222 Y113.715 E51.99681
G1 X103.818 Y112.311 E52.09251
G1 X104.150 Y112.175 E52.10980
G1 X104.150 Y112.229 E52.11243
G1 X104.283 Y112.229 E52.11887
G1 X105.769 Y113.715 E52.22011
G1 X106.315 Y113.715 E52.24646
G1 X104.830 Y112.229 E52.34770
G1 X105.377 Y112.229 E52.37405
G1 X106.862 Y113.715 E52.47529
G1 X107.408 Y113.715 E52.50164
G1 X105.923 Y112.229 E52.60288
G1 X106.093 Y112.229 E52.61105
G1 X106.532 Y112.291 E52.63243
G1 X107.955 Y113.715 E52.72944
G1 X108.501 Y113.715 E52.75579
G1 X107.037 Y112.251 E52.85559
G1 X107.518 Y112.185 E52.87899
G1 X109.048 Y113.715 E52.98326
G1 X109.595 Y113.715 E53.00960
G1 X107.999 Y112.119 E53.11834
G1 X108.100 Y112.106 E53.12325
G1 X108.210 Y112.290 E53.13359
G1 X109.272 Y112.996 E53.19503
G1 X109.452 Y113.026 E53.20387
G1 X110.141 Y113.715 E53.25082
G1 X110.688 Y113.715 E53.27716
G1 X110.109 Y113.136 E53.31660
G1 X110.494 Y113.201 E53.33543
G1 X110.699 Y113.179 E53.34535
G1 X111.234 Y113.715 E53.38184
G1 X111.781 Y113.715 E53.40819
G1 X111.194 Y113.128 E53.44819
G1 X111.397 Y113.107 E53.45802
G1 X111.630 Y113.018 E53.47007
G1 X112.327 Y113.715 E53.51759
G1 X112.874 Y113.715 E53.54394
G1 X112.026 Y112.867 E53.60174
G1 X112.208 Y112.797 E53.61112
G1 X112.371 Y112.665 E53.62124
G1 X113.421 Y113.715 E53.69280
G1 X113.967 Y113.715 E53.71915
G1 X112.672 Y112.419 E53.80744
G1 X112.895 Y112.238 E53.82129
G1 X112.949 Y112.150 E53.82628
G1 X114.514 Y113.715 E53.93296
G1 X115.060 Y113.715 E53.95931
G1 X113.653 Y112.307 E54.05525
G1 X113.717 Y112.332 E54.05859
G1 X114.155 Y112.262 E54.07993
G1 X115.607 Y113.715 E54.17893
G1 X116.153 Y113.715 E54.20528
G1 X114.668 Y112.229 E54.30652
G1 X115.215 Y112.229 E54.33287
G1 X116.700 Y113.715 E54.43411
G1 X117.246 Y113.715 E54.46046
G1 X115.761 Y112.229 E54.56170
G1 X116.308 Y112.229 E54.58805
G1 X117.793 Y113.715 E54.68929
G1 X118.340 Y113.715 E54.71563
G1 X116.898 Y112.273 E54.81389
G1 X117.148 Y112.304 E54.82603
G1 X117.434 Y112.262 E54.83994
G1 X118.886 Y113.715 E54.93895
G1 X119.433 Y113.715 E54.96530
G1 X117.948 Y112.229 E55.06654
G1 X118.494 Y112.229 E55.09289
G1 X119.979 Y113.715 E55.19413
G1 X120.526 Y113.715 E55.22048
G1 X119.041 Y112.229 E55.32172
G1 X119.592 Y112.234 E55.34828
G1 X121.072 Y113.715 E55.44922
G1 X121.619 Y113.715 E55.47557
G1 X120.203 Y112.298 E55.57213
G1 X120.680 Y112.229 E55.59538
G1 X122.166 Y113.715 E55.69665
G1 X122.712 Y113.715 E55.72300
G1 X121.115 Y112.118 E55.83187
G1 X121.451 Y111.907 E55.85097
G1 X123.259 Y113.715 E55.97423
G1 X123.805 Y113.715 E56.00057
G1 X122.296 Y112.206 E56.10344
G1 X122.959 Y112.321 E56.13585
G1 X124.352 Y113.715 E56.23083
G1 X124.898 Y113.715 E56.25718
G1 X123.386 Y112.202 E56.36027
G1 X123.774 Y112.044 E56.38048
G1 X125.445 Y113.715 E56.49439
G1 X125.992 Y113.715 E56.52073
G1 X124.162 Y111.885 E56.64545
G1 X124.375 Y111.798 E56.65654
G1 X124.809 Y112.120 E56.68259
G1 X124.974 Y112.151 E56.69069
G1 X126.538 Y113.715 E56.79731
G1 X127.085 Y113.715 E56.82366
G1 X125.643 Y112.273 E56.92196
G1 X125.845 Y112.310 E56.93187
G1 X126.180 Y112.263 E56.94816
G1 X127.631 Y113.715 E57.04710
G1 X128.178 Y113.715 E57.07345
G1 X127.333 Y112.869 E57.13106
G1 X127.879 Y112.869 E57.15741
G1 X128.724 Y113.715 E57.21502
G1 X129.271 Y113.715 E57.24137
G1 X128.426 Y112.869 E57.29898
G1 X128.972 Y112.869 E57.32533
G1 X129.818 Y113.715 E57.38295
G1 X130.364 Y113.715 E57.40929
G1 X129.287 Y112.638 E57.48270
G1 X129.287 Y112.229 E57.50238
G1 X129.426 Y112.229 E57.50904
G1 X130.911 Y113.715 E57.61029
G1 X131.457 Y113.715 E57.63663
G1 X130.066 Y112.323 E57.73150
G1 X130.537 Y112.248 E57.75450
G1 X132.004 Y113.715 E57.85450
G1 X132.550 Y113.715 E57.88084
G1 X131.065 Y112.229 E57.98209
G1 X131.612 Y112.229 E58.00843
G1 X133.097 Y113.715 E58.10968
G1 X133.643 Y113.715 E58.13602
G1 X132.158 Y112.229 E58.23727
G1 X132.717 Y112.241 E58.26418
G1 X134.190 Y113.715 E58.36463
G1 X134.737 Y113.715 E58.39097
G1 X133.309 Y112.287 E58.48827
G1 X133.790 Y112.222 E58.51167
G1 X135.283 Y113.715 E58.61344
G1 X135.830 Y113.715 E58.63979
G1 X134.271 Y112.156 E58.74603
G1 X134.661 Y112.103 E58.76497
G1 X134.661 Y111.999 E58.76999
G1 X136.376 Y113.715 E58.88694
G1 X136.923 Y113.715 E58.91329
G1 X134.661 Y111.452 E59.06750
G1 X134.661 Y110.906 E59.09385
G1 X137.469 Y113.715 E59.28532
G1 X138.016 Y113.715 E59.31167
G1 X134.661 Y110.359 E59.54040
G1 X134.661 Y109.813 E59.56675
G1 X138.736 Y113.888 E59.84457
G1 X140.376 Y113.888 F7800.000
G1 F1200.000
G1 X133.774 Y107.286 E60.29464
G1 X133.774 Y107.833 E60.32099
G1 X139.656 Y113.715 E60.72197
G1 X139.109 Y113.715 E60.74832
G1 X133.774 Y108.379 E61.11204
G1 X133.774 Y108.926 E61.13838
G1 X134.179 Y109.331 E61.16602
G1 E59.16602 F2400.000
G92 E0
G1 X128.505 Y110.170 F7800.000
G1 E2.00000 F2400.000
;TYPE:Gap fill
;WIDTH:0.214531
G1 F1200.000
G1 X128.474 Y109.948 E2.00420
;WIDTH:0.166456
G1 X128.443 Y109.726 E2.00705
G1 X128.445 Y108.978 F7800.000
;WIDTH:0.13681
G1 F1200.000
G1 X128.458 Y108.766 E2.00897
G1 X127.222 Y108.109 F7800.000
;WIDTH:0.186608
G1 F1200.000
G1 X127.116 Y108.022 E2.01106
;WIDTH:0.152494
G1 X127.011 Y107.934 E2.01256
G1 X126.087 Y108.914 F7800.000
;WIDTH:0.249432
G1 F1200.000
G1 X125.939 Y108.857 E2.01622
G1 X125.646 Y108.893 E2.02303
G1 X125.613 Y110.016 F7800.000
;WIDTH:0.262002
G1 F1200.000
G1 X125.758 Y110.079 E2.02693
;WIDTH:0.253221
G1 X125.962 Y110.093 E2.03176
;WIDTH:0.244051
G1 X126.076 Y110.045 E2.03452
G1 X126.542 Y111.314 F7800.000
;WIDTH:0.165677
G1 F1200.000
G1 X126.754 Y111.248 E2.03732
G1 X124.551 Y110.822 F7800.000
;WIDTH:0.129062
G1 F1200.000
G1 X124.306 Y110.645 E2.03976
G1 E0.03976 F2400.000
G92 E0
G1 X123.268 Y108.849 F7800.000
G1 E2.00000 F2400.000
;WIDTH:0.27307
G1 F1200.000
G1 X122.949 Y108.831 E2.00832
;WIDTH:0.273069
G1 X122.644 Y108.860 E2.01628
G1 E0.01628 F2400.000
G92 E0
G1 X119.924 Y110.194 F7800.000
G1 E2.00000 F2400.000
;WIDTH:0.571973
G1 F1200.000
G1 X119.911 Y109.855 E2.02153
;WIDTH:0.596763
G1 X119.899 Y109.667 E2.03403
G1 X119.899 Y107.582 E2.17245
G1 X116.881 Y107.582 F7800.000
G1 F1200.000
G1 X116.881 Y109.667 E2.31088
G1 X116.894 Y109.855 E2.32337
;WIDTH:0.571989
G1 X116.907 Y110.194 E2.34490
G1 E0.34490 F2400.000
G92 E0
G1 X110.840 Y110.039 F7800.000
G1 E2.00000 F2400.000
;TYPE:Solid infill
;WIDTH:0.527124
G1 F1200.000
G1 X110.395 Y109.593 E2.03637
G1 E0.03637 F2400.000
G92 E0
G1 X116.135 Y75.766 F7800.000
G1 E2.00000 F2400.000
;TYPE:Gap fill
;WIDTH:0.158897
G1 F1200.000
G1 X116.051 Y75.694 E2.00130
;WIDTH:0.158895
G1 X116.022 Y75.718 E2.00175
;WIDTH:0.125491
G1 X115.995 Y75.754 E2.00209
G1 X114.954 Y75.070 F7800.000
;WIDTH:0.199304
G1 F1200.000
G1 X114.851 Y75.125 E2.00406
;WIDTH:0.206459
G1 X114.787 Y75.144 E2.00525
;WIDTH:0.20646
G1 X114.618 Y75.173 E2.00829
;WIDTH:0.180214
G1 X114.425 Y75.187 E2.01108
G1 X114.979 Y73.741 F7800.000
;WIDTH:0.278068
G1 F1200.000
G1 X114.625 Y73.766 E2.02054
G1 X114.421 Y73.801 E2.02607
G1 X114.151 Y73.923 E2.03395
G1 X113.775 Y72.693 F7800.000
;WIDTH:0.15304
G1 F1200.000
G1 X113.870 Y72.627 E2.03523
;WIDTH:0.153039
G1 X114.056 Y72.606 E2.03730
G1 E0.03730 F2400.000
G92 E0
G1 X103.855 Y73.729 F7800.000
G1 E2.00000 F2400.000
;WIDTH:0.201081
G1 F1200.000
G1 X104.009 Y74.158 E2.00777
;WIDTH:0.174561
G1 X104.012 Y74.164 E2.00787
;WIDTH:0.170666
G1 X104.147 Y74.304 E2.01045
G1 X104.120 Y73.980 F7800.000
;WIDTH:0.330195
G1 F1200.000
G1 X103.474 Y73.729 E2.03342
G1 X102.209 Y74.143 F7800.000
;WIDTH:0.331603
G1 F1200.000
G1 X102.470 Y74.743 E2.05523
G1 X102.204 Y74.506 F7800.000
;WIDTH:0.374045
G1 F1200.000
G1 X102.832 Y74.709 E2.08071
G1 X102.831 Y74.720 F7800.000
;WIDTH:0.127097
G1 F1200.000
G1 X103.149 Y75.208 E2.08527
G1 E0.08527 F2400.000
G92 E0
G1 X98.623 Y75.208 F7800.000
G1 E2.00000 F2400.000
;WIDTH:0.126875
G1 F1200.000
G1 X98.306 Y74.720 E2.00453
G1 X96.673 Y75.206 F7800.000
;WIDTH:0.130957
G1 F1200.000
G1 X96.706 Y75.124 E2.00527
;WIDTH:0.130956
G1 X96.705 Y75.074 E2.00568
G1 X96.794 Y73.534 F7800.000
;WIDTH:0.356478
G1 F1200.000
G1 X97.076 Y74.437 E2.04016
G1 X97.075 Y74.437 F7800.000
;WIDTH:0.27971
G1 F1200.000
G1 X96.917 Y73.945 E2.05405
;WIDTH:0.272978
G1 X96.888 Y73.842 E2.05684
;WIDTH:0.234329
G1 X96.858 Y73.739 E2.05911
;WIDTH:0.195679
G1 X96.829 Y73.636 E2.06087
;WIDTH:0.15703
G1 X96.800 Y73.532 E2.06211
G1 X96.759 Y73.279 F7800.000
;WIDTH:0.167502
G1 F1200.000
G1 X96.682 Y72.715 E2.06942
G1 X96.583 Y72.197 E2.07621
G1 X96.736 Y71.888 F7800.000
;TYPE:Solid infill
;WIDTH:0.450862
G1 F1200.000
G1 X96.492 Y71.644 E2.09287
G1 X96.210 Y71.285 E2.11485
G1 X96.680 Y71.285 E2.13752
G1 X97.109 Y71.715 E2.16677
G1 X97.656 Y71.715 E2.19312
G1 X97.227 Y71.285 E2.22237
G1 X97.773 Y71.285 E2.24872
G1 X98.202 Y71.715 E2.27797
G1 X98.749 Y71.715 E2.30432
G1 X98.320 Y71.285 E2.33357
G1 X98.866 Y71.285 E2.35992
G1 X99.295 Y71.715 E2.38917
G1 X99.842 Y71.715 E2.41552
G1 X99.413 Y71.285 E2.44477
G1 X99.959 Y71.285 E2.47111
G1 X100.384 Y71.710 E2.50004
G1 X100.792 Y71.619 E2.52021
G1 X100.853 Y71.633 E2.52323
G1 X100.506 Y71.285 E2.54691
G1 X101.053 Y71.285 E2.57326
G1 X101.482 Y71.715 E2.60251
G1 X102.028 Y71.715 E2.62886
G1 X101.599 Y71.285 E2.65811
G1 X102.146 Y71.285 E2.68446
G1 X102.575 Y71.715 E2.71371
G1 X103.121 Y71.715 E2.74006
G1 X102.692 Y71.285 E2.76931
G1 X103.239 Y71.285 E2.79566
G1 X103.668 Y71.715 E2.82491
G1 X104.215 Y71.715 E2.85126
G1 X103.785 Y71.285 E2.88051
G1 X104.332 Y71.285 E2.90686
G1 X104.761 Y71.715 E2.93611
G1 X105.308 Y71.715 E2.96246
G1 X104.879 Y71.285 E2.99171
G1 X105.425 Y71.285 E3.01806
G1 X105.854 Y71.715 E3.04731
G1 X106.401 Y71.715 E3.07366
G1 X105.972 Y71.285 E3.10291
G1 X106.518 Y71.285 E3.12926
G1 X106.947 Y71.715 E3.15851
G1 X107.494 Y71.715 E3.18486
G1 X107.065 Y71.285 E3.21411
G1 X107.611 Y71.285 E3.24046
G1 X108.040 Y71.715 E3.26971
G1 X108.587 Y71.715 E3.29606
G1 X108.158 Y71.285 E3.32531
G1 X108.705 Y71.285 E3.35166
G1 X109.134 Y71.715 E3.38091
G1 X109.328 Y71.738 E3.39034
G1 X109.328 Y71.715 E3.39145
G1 X109.680 Y71.715 E3.40843
G1 X109.251 Y71.285 E3.43768
G1 X109.798 Y71.285 E3.46403
G1 X110.227 Y71.715 E3.49328
G1 X110.773 Y71.715 E3.51963
G1 X110.344 Y71.285 E3.54888
G1 X110.891 Y71.285 E3.57523
G1 X111.320 Y71.715 E3.60448
G1 X111.866 Y71.715 E3.63083
G1 X111.437 Y71.285 E3.66008
G1 X111.984 Y71.285 E3.68643
G1 X112.413 Y71.715 E3.71568
G1 X112.960 Y71.715 E3.74203
G1 X112.530 Y71.285 E3.77128
G1 X113.077 Y71.285 E3.79763
G1 X113.506 Y71.715 E3.82688
G1 X114.053 Y71.715 E3.85323
G1 X113.624 Y71.285 E3.88248
G1 X114.170 Y71.285 E3.90883
G1 X114.524 Y71.639 E3.93295
G1 X115.132 Y71.700 E3.96239
G1 X114.717 Y71.285 E3.99067
G1 X115.263 Y71.285 E4.01702
G1 X115.924 Y71.946 E4.06208
G1 X116.095 Y72.023 E4.07110
G1 X116.409 Y71.884 E4.08763
G1 X115.810 Y71.285 E4.12846
G1 X116.356 Y71.285 E4.15480
G1 X116.800 Y71.729 E4.18504
G1 X117.288 Y71.670 E4.20871
G1 X116.903 Y71.285 E4.23493
G1 X117.450 Y71.285 E4.26128
G1 X117.843 Y71.679 E4.28807
G1 X118.254 Y71.728 E4.30805
G1 X118.566 Y71.856 E4.32431
G1 X117.996 Y71.285 E4.36318
G1 X118.543 Y71.285 E4.38953
G1 X160.972 Y113.715 E7.28196
G1 X161.518 Y113.715 E7.30830
G1 X119.089 Y71.285 E10.20073
G1 X119.636 Y71.285 E10.22708
G1 X162.065 Y113.715 E13.11950
G1 X162.612 Y113.715 E13.14585
G1 X120.182 Y71.285 E16.03828
G1 X120.729 Y71.285 E16.06463
G1 X163.158 Y113.715 E18.95705
G1 X163.705 Y113.715 E18.98340
G1 X121.276 Y71.285 E21.87583
G1 X121.822 Y71.285 E21.90217
G1 X164.425 Y113.888 E24.80643
G1 X160.599 Y113.888 F7800.000
G1 F1200.000
G1 X120.171 Y73.460 E27.56244
G1 X120.655 Y74.187 E27.60452
G1 X120.451 Y74.286 E27.61547
G1 X159.879 Y113.715 E30.30332
G1 X159.332 Y113.715 E30.32966
G1 X120.470 Y74.852 E32.97893
G1 X120.265 Y75.194 E32.99814
G1 X158.786 Y113.715 E35.62409
G1 X158.239 Y113.715 E35.65044
G1 X120.061 Y75.536 E38.25308
G1 X119.856 Y75.878 E38.27228
G1 X157.692 Y113.715 E40.85161
G1 X157.146 Y113.715 E40.87796
G1 X119.652 Y76.220 E43.43397
G1 X119.550 Y76.390 E43.44349
G1 X119.400 Y76.515 E43.45292
G1 X156.599 Y113.715 E45.98883
G1 X156.053 Y113.715 E46.01518
G1 X119.102 Y76.764 E48.53414
G1 X118.955 Y76.886 E48.54336
G1 X118.756 Y76.964 E48.55367
G1 X155.506 Y113.715 E51.05898
G1 X154.960 Y113.715 E51.08532
G1 X118.362 Y77.117 E53.58018
G1 X118.255 Y77.159 E53.58573
G1 X117.896 Y77.198 E53.60314
G1 X154.413 Y113.715 E56.09254
G1 X153.866 Y113.715 E56.11888
G1 X117.373 Y77.221 E58.60665
G1 X116.715 Y77.110 E58.63884
G1 X153.320 Y113.715 E61.13423
G1 X152.773 Y113.715 E61.16058
G1 X115.994 Y76.935 E63.66788
G1 X115.591 Y77.079 E63.68850
G1 X152.227 Y113.715 E66.18600
G1 X151.680 Y113.715 E66.21235
G1 X115.153 Y77.188 E68.70241
G1 X114.651 Y77.232 E68.72673
G1 X151.134 Y113.715 E71.21380
G1 X150.587 Y113.715 E71.24014
G1 X114.046 Y77.174 E73.73115
G1 X113.817 Y77.149 E73.74228
G1 X113.198 Y76.872 E73.77493
G1 X150.040 Y113.715 E76.28649
G1 X149.494 Y113.715 E76.31284
G1 X112.825 Y77.046 E78.81256
G1 X112.769 Y77.074 E78.81559
G1 X112.359 Y77.126 E78.83555
G1 X148.947 Y113.715 E81.32984
G1 X148.401 Y113.715 E81.35618
G1 X111.852 Y77.165 E83.84777
G1 X111.305 Y77.165 E83.87411
G1 X147.854 Y113.715 E86.36570
G1 X147.308 Y113.715 E86.39205
G1 X110.759 Y77.165 E88.88363
G1 X110.212 Y77.165 E88.90998
G1 X146.761 Y113.715 E91.40156
G1 X146.215 Y113.715 E91.42791
G1 X109.665 Y77.165 E93.91949
G1 X109.328 Y77.165 E93.93576
G1 X109.328 Y77.110 E93.93844
G1 X109.113 Y77.159 E93.94910
G1 X145.668 Y113.715 E96.44111
G1 X145.121 Y113.715 E96.46746
G1 X108.572 Y77.165 E98.95904
G1 X108.026 Y77.165 E98.98539
G1 X144.575 Y113.715 E101.47697
G1 X144.028 Y113.715 E101.50332
G1 X107.479 Y77.165 E103.99491
G1 X106.933 Y77.165 E104.02125
G1 X143.482 Y113.715 E106.51284
G1 X142.935 Y113.715 E106.53918
G1 X106.386 Y77.165 E109.03077
G1 X105.839 Y77.165 E109.05712
G1 X142.389 Y113.715 E111.54870
G1 X141.842 Y113.715 E111.57505
G1 X105.293 Y77.165 E114.06663
G1 X104.828 Y77.165 E114.08906
G1 X104.538 Y76.957 E114.10628
G1 X141.295 Y113.715 E116.61209
G1 X140.749 Y113.715 E116.63843
G1 X104.058 Y77.023 E119.13970
G1 X103.857 Y77.134 E119.15076
G1 X103.650 Y77.162 E119.16083
G1 X133.202 Y106.715 E121.17545
G1 X132.656 Y106.715 E121.20180
G1 X103.168 Y77.227 E123.21199
G1 X103.060 Y77.242 E123.21724
G1 X102.566 Y77.172 E123.24129
G1 X132.109 Y106.715 E125.25525
G1 X131.563 Y106.715 E125.28159
G1 X101.870 Y77.022 E127.30578
G1 X101.426 Y77.125 E127.32774
G1 X131.016 Y106.715 E129.34491
G1 X130.721 Y106.715 E129.35914
G1 X130.721 Y106.731 E129.35993
G1 X130.439 Y106.684 E129.37370
G1 X100.977 Y77.222 E131.38217
G1 X100.808 Y77.258 E131.39048
G1 X100.376 Y77.168 E131.41175
G1 X129.883 Y106.675 E133.42324
G1 X129.418 Y106.756 E133.44601
G1 X99.631 Y76.969 E135.47659
G1 X99.331 Y77.134 E135.49307
G1 X99.259 Y77.144 E135.49659
G1 X128.858 Y106.743 E137.51439
G1 X128.517 Y106.675 E137.53116
G1 X128.225 Y106.656 E137.54528
G1 X98.777 Y77.209 E139.55272
G1 X98.535 Y77.242 E139.56453
G1 X98.219 Y77.197 E139.57990
G1 X127.725 Y106.703 E141.59134
G1 X127.329 Y106.854 E141.61175
G1 X97.420 Y76.945 E143.65066
G1 X97.069 Y76.758 E143.66987
G1 X96.680 Y76.292 E143.69910
G1 X96.478 Y76.549 E143.71485
G1 X126.685 Y106.756 E145.77404
G1 X126.043 Y106.661 E145.80530
G1 X96.238 Y76.855 E147.83717
G1 X95.997 Y77.161 E147.85593
G1 X125.529 Y106.693 E149.86914
G1 X125.066 Y106.777 E149.89181
G1 X95.583 Y77.293 E151.90171
G1 X95.036 Y77.293 E151.92805
G1 X124.670 Y106.927 E153.94821
G1 X124.494 Y107.057 E153.95875
G1 X124.415 Y106.960 E153.96482
G1 X124.078 Y106.882 E153.98147
G1 X94.490 Y77.293 E155.99855
G1 X93.943 Y77.293 E156.02490
G1 X123.368 Y106.718 E158.03081
G1 X122.967 Y106.626 E158.05065
G1 X122.763 Y106.660 E158.06059
G1 X93.396 Y77.293 E160.06255
G1 X92.850 Y77.293 E160.08890
G1 X122.271 Y106.715 E162.09456
G1 X121.724 Y106.715 E162.12091
G1 X92.303 Y77.293 E164.12657
G1 X91.884 Y77.293 E164.14679
G1 X91.091 Y76.285 E164.20862
G1 X90.869 Y75.859 E164.23176
G1 X86.295 Y71.285 E164.54357
G1 X85.749 Y71.285 E164.56992
G1 X121.178 Y106.715 E166.98515
G1 X120.631 Y106.715 E167.01150
G1 X87.302 Y73.385 E169.28358
G1 X88.049 Y74.679 E169.35556
G1 X120.085 Y106.715 E171.53947
G1 X119.538 Y106.715 E171.56582
G1 X88.084 Y75.260 E173.71008
G1 X87.884 Y75.607 E173.72937
G1 X118.992 Y106.715 E175.85000
G1 X118.445 Y106.715 E175.87635
G1 X87.684 Y75.953 E177.97336
G1 X87.484 Y76.300 E177.99265
G1 X117.898 Y106.715 E180.06604
G1 X117.352 Y106.715 E180.09239
G1 X87.284 Y76.646 E182.14215
G1 X87.084 Y76.993 E182.16144
G1 X116.805 Y106.715 E184.18759
G1 X116.259 Y106.715 E184.21394
G1 X86.884 Y77.339 E186.21646
G1 X86.684 Y77.686 E186.23575
G1 X115.712 Y106.715 E188.21465
G1 X115.166 Y106.715 E188.24100
G1 X86.252 Y77.801 E190.21206
G1 X85.705 Y77.801 E190.23841
G1 X114.619 Y106.715 E192.20947
G1 X114.423 Y106.715 E192.21893
G1 X114.423 Y106.730 E192.21967
G1 X114.021 Y106.663 E192.23932
G1 X85.159 Y77.801 E194.20685
G1 X84.612 Y77.801 E194.23320
G1 X113.502 Y106.690 E196.20261
G1 X113.036 Y106.772 E196.22538
G1 X83.892 Y77.627 E198.21216
G1 E196.21216 F2400.000
G92 E0
G1 X86.668 Y71.112 F7800.000
G1 E2.00000 F2400.000
G1 F1200.000
G1 X90.574 Y75.017 E2.26623
G1 X90.533 Y74.873 E2.27345
G1 X90.493 Y74.390 E2.29682
G1 X87.388 Y71.285 E2.50846
G1 X87.935 Y71.285 E2.53480
G1 X90.489 Y73.839 E2.70891
G1 X90.530 Y73.334 E2.73334
G1 X88.482 Y71.285 E2.87301
G1 X89.028 Y71.285 E2.89936
G1 X90.645 Y72.903 E3.00961
G1 X90.739 Y72.569 E3.02633
G1 X90.779 Y72.490 E3.03060
G1 X89.575 Y71.285 E3.11271
G1 X90.121 Y71.285 E3.13906
G1 X90.966 Y72.130 E3.19663
G1 X91.089 Y71.892 E3.20953
G1 X91.171 Y71.788 E3.21591
G1 X90.668 Y71.285 E3.25020
G1 X91.214 Y71.285 E3.27655
G1 X91.535 Y71.606 E3.29842
G1 X92.339 Y71.084 F7800.000
;TYPE:Gap fill
;WIDTH:0.625535
G1 F1200.000
G1 X95.438 Y71.084 E3.51532
G1 X94.552 Y72.620 F7800.000
;WIDTH:0.166259
G1 F1200.000
G1 X94.794 Y72.699 E3.51856
G1 X95.226 Y74.020 F7800.000
;WIDTH:0.222512
G1 F1200.000
G1 X95.152 Y74.093 E3.52061
;WIDTH:0.222513
G1 X94.898 Y74.091 E3.52561
;WIDTH:0.187802
G1 X94.644 Y74.090 E3.52952
;WIDTH:0.153092
G1 X94.390 Y74.088 E3.53233
G1 X94.798 Y75.471 F7800.000
;WIDTH:0.171199
G1 F1200.000
G1 X94.668 Y75.514 E3.53415
;WIDTH:0.14479
G1 X94.538 Y75.557 E3.53552
G1 X92.788 Y75.155 F7800.000
;WIDTH:0.245003
G1 F1200.000
G1 X93.151 Y75.514 E3.54702
G1 X93.062 Y75.497 F7800.000
;WIDTH:0.125126
G1 F1200.000
G1 X92.897 Y75.246 E3.54929
G1 X92.748 Y74.949 E3.55181
G1 X92.657 Y74.711 E3.55374
;WIDTH:0.130729
G1 X92.578 Y74.088 E3.55894
;WIDTH:0.130754
G1 X92.579 Y74.086 E3.55896
;WIDTH:0.125534
G1 X92.660 Y73.456 E3.56380
;WIDTH:0.174574
G1 X92.746 Y73.230 E3.56713
;WIDTH:0.175347
G1 X92.896 Y72.929 E3.57179
;WIDTH:0.181738
G1 X93.062 Y72.677 E3.57620
G1 X93.152 Y72.661 F7800.000
;WIDTH:0.244273
G1 F1200.000
G1 X92.789 Y73.019 E3.58764
G1 E1.58764 F2400.000
G92 E0
G1 X164.827 Y71.112 F7800.000
G1 E2.00000 F2400.000
;TYPE:Solid infill
;WIDTH:0.450862
G1 F1200.000
G1 X165.914 Y72.199 E2.07411
G1 X165.368 Y72.199 E2.10046
G1 X164.454 Y71.285 E2.16274
G1 X163.908 Y71.285 E2.18908
G1 X164.821 Y72.199 E2.25136
G1 X164.275 Y72.199 E2.27771
G1 X163.361 Y71.285 E2.33999
G1 X162.815 Y71.285 E2.36634
G1 X163.728 Y72.199 E2.42862
G1 X163.383 Y72.199 E2.44527
G1 X163.309 Y72.327 E2.45237
G1 X162.268 Y71.285 E2.52334
G1 X161.721 Y71.285 E2.54969
G1 X163.109 Y72.673 E2.64429
G1 X162.909 Y73.020 E2.66358
G1 X161.175 Y71.285 E2.78180
G1 X160.628 Y71.285 E2.80814
G1 X162.709 Y73.366 E2.94999
G1 X162.509 Y73.713 E2.96927
G1 X160.082 Y71.285 E3.13474
G1 X159.535 Y71.285 E3.16109
G1 X162.309 Y74.059 E3.35017
G1 X162.109 Y74.406 E3.36946
G1 X158.989 Y71.285 E3.58217
G1 X158.442 Y71.285 E3.60851
G1 X161.909 Y74.752 E3.84484
G1 X161.766 Y75.000 E3.85864
G1 X161.978 Y75.368 E3.87914
G1 X157.895 Y71.285 E4.15747
G1 X157.349 Y71.285 E4.18381
G1 X162.725 Y76.661 E4.55030
G1 X163.383 Y77.801 E4.61373
G1 X163.864 Y77.801 E4.63694
G1 X168.715 Y82.651 E4.96758
G1 X168.715 Y82.104 E4.99393
G1 X164.411 Y77.801 E5.28730
G1 X164.958 Y77.801 E5.31365
G1 X168.715 Y81.558 E5.56976
G1 X168.715 Y81.011 E5.59611
G1 X165.504 Y77.801 E5.81496
G1 X166.051 Y77.801 E5.84131
G1 X168.715 Y80.465 E6.02291
G1 X168.715 Y79.918 E6.04925
G1 X166.597 Y77.801 E6.19359
G1 X166.617 Y77.801 E6.19455
G1 X166.810 Y77.467 E6.21313
G1 X168.715 Y79.372 E6.34297
G1 X168.715 Y78.825 E6.36932
G1 X167.010 Y77.121 E6.48552
G1 X167.210 Y76.774 E6.50481
G1 X168.715 Y78.279 E6.60737
G1 X168.715 Y77.732 E6.63372
G1 X167.410 Y76.428 E6.72264
G1 X167.610 Y76.081 E6.74193
G1 X168.715 Y77.185 E6.81722
G1 X168.715 Y76.639 E6.84357
G1 X167.810 Y75.734 E6.90521
G1 X168.010 Y75.388 E6.92450
G1 X168.715 Y76.092 E6.97251
G1 X168.715 Y75.546 E6.99886
G1 X168.210 Y75.041 E7.03323
G1 X168.234 Y75.000 E7.03554
G1 X167.577 Y73.862 E7.09891
G1 X168.715 Y74.999 E7.17645
G1 X168.715 Y74.453 E7.20280
G1 X165.547 Y71.285 E7.41871
G1 X166.094 Y71.285 E7.44505
G1 X168.715 Y73.906 E7.62370
G1 X168.715 Y73.359 E7.65005
G1 X166.641 Y71.285 E7.79143
G1 X167.187 Y71.285 E7.81778
G1 X168.715 Y72.813 E7.92191
G1 X168.715 Y72.266 E7.94825
G1 X167.734 Y71.285 E8.01512
G1 X168.280 Y71.285 E8.04147
G1 X168.888 Y71.893 E8.08290
G1 X168.888 Y83.371 F7800.000
G1 F1200.000
G1 X156.802 Y71.285 E8.90680
G1 X156.256 Y71.285 E8.93314
G1 X168.715 Y83.744 E9.78247
G1 X168.715 Y84.291 E9.80881
G1 X155.709 Y71.285 E10.69540
G1 X155.163 Y71.285 E10.72174
G1 X168.715 Y84.837 E11.64559
G1 X168.715 Y85.384 E11.67193
G1 X154.616 Y71.285 E12.63304
G1 X154.070 Y71.285 E12.65939
G1 X168.715 Y85.930 E13.65775
G1 X168.715 Y86.477 E13.68410
G1 X153.523 Y71.285 E14.71972
G1 X152.976 Y71.285 E14.74607
G1 X168.715 Y87.024 E15.81895
G1 X168.715 Y87.570 E15.84530
G1 X152.430 Y71.285 E16.95544
G1 X151.883 Y71.285 E16.98179
G1 X168.715 Y88.117 E18.12919
G1 X168.715 Y88.663 E18.15554
G1 X151.337 Y71.285 E19.34020
G1 X150.790 Y71.285 E19.36655
G1 X168.715 Y89.210 E20.58847
G1 X168.715 Y89.756 E20.61482
G1 X150.244 Y71.285 E21.87400
G1 X149.697 Y71.285 E21.90034
G1 X168.715 Y90.303 E23.19679
G1 X168.715 Y90.850 E23.22313
G1 X149.150 Y71.285 E24.55684
G1 X148.604 Y71.285 E24.58318
G1 X168.715 Y91.396 E25.95415
G1 X168.715 Y91.943 E25.98049
G1 X148.057 Y71.285 E27.38871
G1 X147.511 Y71.285 E27.41506
G1 X168.715 Y92.489 E28.86054
G1 X168.715 Y93.036 E28.88689
G1 X146.964 Y71.285 E30.36963
G1 X146.418 Y71.285 E30.39598
G1 X168.715 Y93.582 E31.91598
G1 X168.715 Y94.129 E31.94233
G1 X145.871 Y71.285 E33.49959
G1 X145.324 Y71.285 E33.52594
G1 X168.715 Y94.676 E35.12046
G1 X168.715 Y95.222 E35.14680
G1 X144.778 Y71.285 E36.77859
G1 X144.231 Y71.285 E36.80493
G1 X168.715 Y95.769 E38.47397
G1 X168.715 Y96.315 E38.50032
G1 X143.685 Y71.285 E40.20662
G1 X143.138 Y71.285 E40.23297
G1 X168.715 Y96.862 E41.97653
G1 X168.715 Y97.408 E42.00288
G1 X142.592 Y71.285 E43.78370
G1 X142.045 Y71.285 E43.81005
G1 X168.715 Y97.955 E45.62813
G1 X168.715 Y98.501 E45.65447
G1 X141.499 Y71.285 E47.50981
G1 X140.952 Y71.285 E47.53616
G1 X168.715 Y99.048 E49.42876
G1 X168.715 Y99.595 E49.45511
G1 X140.405 Y71.285 E51.38497
G1 X139.859 Y71.285 E51.41132
G1 X168.715 Y100.141 E53.37844
G1 X168.715 Y100.688 E53.40478
G1 X139.312 Y71.285 E55.40916
G1 X138.766 Y71.285 E55.43551
G1 X168.715 Y101.234 E57.47715
G1 X168.715 Y101.781 E57.50350
G1 X138.219 Y71.285 E59.58240
G1 X137.673 Y71.285 E59.60874
G1 X168.715 Y102.327 E61.72490
G1 X168.715 Y102.874 E61.75125
G1 X137.126 Y71.285 E63.90467
G1 X136.579 Y71.285 E63.93102
G1 X168.715 Y103.421 E66.12170
G1 X168.715 Y103.967 E66.14804
G1 X136.033 Y71.285 E68.37598
G1 X135.486 Y71.285 E68.40233
G1 X168.715 Y104.514 E70.66753
G1 X168.715 Y105.060 E70.69388
G1 X134.940 Y71.285 E72.99634
G1 X134.393 Y71.285 E73.02268
G1 X168.715 Y105.607 E75.36240
G1 X168.715 Y106.153 E75.38875
G1 X133.847 Y71.285 E77.76573
G1 X133.300 Y71.285 E77.79207
G1 X168.715 Y106.700 E80.20631
G1 X168.715 Y107.247 E80.23266
G1 X132.753 Y71.285 E82.68416
G1 X132.207 Y71.285 E82.71051
G1 X168.715 Y107.793 E85.19926
G1 X168.715 Y108.340 E85.22561
G1 X131.660 Y71.285 E87.75163
G1 X131.114 Y71.285 E87.77798
G1 X168.715 Y108.886 E90.34126
G1 X168.715 Y109.433 E90.36760
G1 X130.567 Y71.285 E92.96814
G1 X130.021 Y71.285 E92.99449
G1 X165.934 Y107.199 E95.44275
G1 X165.388 Y107.199 E95.46909
G1 X129.474 Y71.285 E97.91736
G1 X128.927 Y71.285 E97.94370
G1 X164.841 Y107.199 E100.39196
G1 X164.295 Y107.199 E100.41831
G1 X128.381 Y71.285 E102.86657
G1 X127.834 Y71.285 E102.89292
G1 X163.748 Y107.199 E105.34118
G1 X163.383 Y107.199 E105.35878
G1 X163.316 Y107.314 E105.36518
G1 X127.288 Y71.285 E107.82128
G1 X126.741 Y71.285 E107.84763
G1 X163.116 Y107.661 E110.32736
G1 X162.916 Y108.007 E110.34664
G1 X126.195 Y71.285 E112.84999
G1 X125.648 Y71.285 E112.87634
G1 X162.716 Y108.354 E115.40331
G1 X162.516 Y108.700 E115.42259
G1 X125.102 Y71.285 E117.97318
G1 X124.555 Y71.285 E117.99953
G1 X162.316 Y109.047 E120.57374
G1 X162.116 Y109.393 E120.59303
G1 X124.008 Y71.285 E123.19086
G1 X123.462 Y71.285 E123.21721
G1 X161.916 Y109.740 E125.83866
G1 X161.766 Y110.000 E125.85315
G1 X161.951 Y110.322 E125.87105
G1 X122.915 Y71.285 E128.53218
G1 X122.369 Y71.285 E128.55852
G1 X162.698 Y111.615 E131.30781
G1 X163.383 Y112.801 E131.37383
G1 X163.884 Y112.801 E131.39799
G1 X164.798 Y113.715 E131.46028
G1 X165.344 Y113.715 E131.48662
G1 X164.431 Y112.801 E131.54891
G1 X164.977 Y112.801 E131.57525
G1 X165.891 Y113.715 E131.63754
G1 X166.437 Y113.715 E131.66388
G1 X165.524 Y112.801 E131.72617
G1 X166.070 Y112.801 E131.75251
G1 X166.984 Y113.715 E131.81480
G1 X167.531 Y113.715 E131.84114
G1 X166.617 Y112.801 E131.90343
G1 X166.817 Y112.455 E131.92271
G1 X168.077 Y113.715 E132.00861
G1 X168.624 Y113.715 E132.03496
G1 X167.017 Y112.108 E132.14448
G1 X167.217 Y111.761 E132.16377
G1 X168.715 Y113.259 E132.26584
G1 X168.715 Y112.712 E132.29219
G1 X167.417 Y111.415 E132.38062
G1 X167.617 Y111.068 E132.39991
G1 X168.715 Y112.166 E132.47470
G1 X168.715 Y111.619 E132.50105
G1 X167.817 Y110.722 E132.56221
G1 X168.018 Y110.375 E132.58149
G1 X168.715 Y111.073 E132.62901
G1 X168.715 Y110.526 E132.65536
G1 X168.218 Y110.029 E132.68924
G1 X168.234 Y110.000 E132.69085
G1 X167.550 Y108.815 E132.75682
G1 X168.888 Y110.153 E132.84803
G1 E130.84803 F2400.000
G92 E0
G1 X130.066 Y108.908 F7800.000
G1 E2.00000 F2400.000
;TYPE:Perimeter
;WIDTH:0.45
G1 F900.000
G1 X130.239 Y108.941 E2.00850
G1 X130.297 Y109.089 E2.01617
G1 X130.332 Y109.476 E2.03486
G1 X130.298 Y109.869 E2.05383
G1 X130.246 Y110.007 E2.06090
G1 X130.157 Y110.024 E2.06530
G1 X130.050 Y110.004 E2.07053
G1 X129.992 Y109.856 E2.07819
G1 X129.957 Y109.475 E2.09656
G1 X129.991 Y109.101 E2.11462
G1 X130.044 Y108.964 E2.12171
G1 X129.881 Y108.580 F7800.000
;TYPE:External perimeter
G1 F900.000
G1 X130.129 Y108.527 E2.13390
G1 X130.404 Y108.579 E2.14735
G1 X130.566 Y108.718 E2.15762
G1 X130.676 Y109.001 E2.17222
G1 X130.719 Y109.475 E2.19515
G1 X130.678 Y109.955 E2.21830
G1 X130.573 Y110.234 E2.23264
G1 X130.420 Y110.367 E2.24238
G1 X130.157 Y110.417 E2.25527
G1 X129.887 Y110.365 E2.26850
G1 X129.723 Y110.227 E2.27879
G1 X129.613 Y109.946 E2.29332
G1 X129.570 Y109.475 E2.31605
G1 X129.612 Y109.013 E2.33839
G1 X129.724 Y108.724 E2.35329
G1 X129.837 Y108.621 E2.36065
G1 X130.095 Y108.717 F7800.000
G1 E0.36065 F2400.000
G92 E0
G1 X122.348 Y109.953 F7800.000
G1 E2.00000 F2400.000
G1 F900.000
G1 X123.469 Y109.953 E2.05394
G1 X123.293 Y110.271 E2.07142
G1 X123.139 Y110.378 E2.08042
G1 X122.905 Y110.417 E2.09186
G1 X122.676 Y110.374 E2.10306
G1 X122.511 Y110.250 E2.11297
G1 X122.377 Y110.006 E2.12639
G1 X122.730 Y110.072 F7800.000
G1 X122.770 Y110.170
;TYPE:Gap fill
;WIDTH:0.139414
G1 F1200.000
G1 X122.907 Y110.183 E2.12768
;WIDTH:0.139415
G1 X123.059 Y110.171 E2.12911
G1 E0.12911 F2400.000
G92 E0
G1 X113.775 Y108.908 F7800.000
G1 E2.00000 F2400.000
;TYPE:Perimeter
;WIDTH:0.45
G1 F900.000
G1 X113.948 Y108.941 E2.00850
G1 X114.006 Y109.089 E2.01616
G1 X114.041 Y109.476 E2.03486
G1 X114.007 Y109.869 E2.05382
G1 X113.955 Y110.007 E2.06090
G1 X113.866 Y110.024 E2.06530
G1 X113.759 Y110.004 E2.07053
G1 X113.701 Y109.856 E2.07819
G1 X113.666 Y109.475 E2.09656
G1 X113.700 Y109.101 E2.11462
G1 X113.753 Y108.964 E2.12171
G1 X113.590 Y108.580 F7800.000
;TYPE:External perimeter
G1 F900.000
G1 X113.838 Y108.527 E2.13390
G1 X114.113 Y108.579 E2.14734
G1 X114.276 Y108.718 E2.15762
G1 X114.385 Y109.001 E2.17222
G1 X114.428 Y109.475 E2.19515
G1 X114.387 Y109.955 E2.21830
G1 X114.282 Y110.234 E2.23264
G1 X114.129 Y110.367 E2.24238
G1 X113.866 Y110.417 E2.25527
G1 X113.596 Y110.365 E2.26850
G1 X113.432 Y110.227 E2.27879
G1 X113.322 Y109.946 E2.29332
G1 X113.279 Y109.475 E2.31605
G1 X113.321 Y109.013 E2.33838
G1 X113.433 Y108.724 E2.35329
G1 X113.546 Y108.621 E2.36065
G1 X113.804 Y108.717 F7800.000
G1 E0.36065 F2400.000
G92 E0
G1 X103.045 Y109.953 F7800.000
G1 E2.00000 F2400.000
G1 F900.000
G1 X104.166 Y109.953 E2.05393
G1 X103.990 Y110.271 E2.07142
G1 X103.837 Y110.378 E2.08041
G1 X103.602 Y110.417 E2.09185
G1 X103.373 Y110.374 E2.10306
G1 X103.208 Y110.250 E2.11296
G1 X103.074 Y110.006 E2.12638
G1 X103.427 Y110.072 F7800.000
G1 X103.467 Y110.170
;TYPE:Gap fill
;WIDTH:0.139416
G1 F1200.000
G1 X103.605 Y110.183 E2.12768
;WIDTH:0.139415
G1 X103.756 Y110.171 E2.12910
G1 E0.12910 F2400.000
G92 E0
G1 X96.589 Y108.908 F7800.000
G1 E2.00000 F2400.000
;TYPE:Perimeter
;WIDTH:0.45
G1 F900.000
G1 X96.763 Y108.941 E2.00850
G1 X96.820 Y109.089 E2.01617
G1 X96.855 Y109.476 E2.03486
G1 X96.822 Y109.869 E2.05382
G1 X96.770 Y110.007 E2.06090
G1 X96.680 Y110.024 E2.06530
G1 X96.573 Y110.004 E2.07053
G1 X96.515 Y109.856 E2.07819
G1 X96.480 Y109.475 E2.09656
G1 X96.515 Y109.101 E2.11462
G1 X96.568 Y108.964 E2.12171
G1 X96.404 Y108.580 F7800.000
;TYPE:External perimeter
G1 F900.000
G1 X96.652 Y108.527 E2.13390
G1 X96.927 Y108.579 E2.14735
G1 X97.090 Y108.718 E2.15762
G1 X97.200 Y109.001 E2.17223
G1 X97.242 Y109.475 E2.19515
G1 X97.201 Y109.955 E2.21830
G1 X97.097 Y110.234 E2.23265
G1 X96.943 Y110.367 E2.24238
G1 X96.680 Y110.417 E2.25527
G1 X96.410 Y110.365 E2.26850
G1 X96.247 Y110.227 E2.27879
G1 X96.136 Y109.946 E2.29333
G1 X96.093 Y109.475 E2.31606
G1 X96.136 Y109.013 E2.33839
G1 X96.247 Y108.724 E2.35329
G1 X96.360 Y108.621 E2.36065
G1 X96.618 Y108.717 F7800.000
G1 E0.36065 F2400.000
G92 E0
G1 X93.087 Y110.531 F7800.000
G1 E2.00000 F2400.000
;TYPE:Perimeter
G1 F900.000
G1 X93.440 Y110.531 E2.01701
G1 X93.623 Y110.584 E2.02615
G1 X93.621 Y110.759 E2.03455
G1 X93.423 Y110.813 E2.04442
G1 X93.087 Y110.813 E2.06062
G1 X93.087 Y110.591 E2.07133
G1 X92.701 Y110.146 F7800.000
;TYPE:External perimeter
G1 F900.000
G1 X93.496 Y110.145 E2.10955
G1 X94.010 Y110.296 E2.13532
G1 X94.156 Y110.683 E2.15525
G1 X94.008 Y111.052 E2.17437
G1 X93.476 Y111.199 E2.20093
G1 X92.701 Y111.199 E2.23818
G1 X92.701 Y110.206 E2.28594
G1 X93.082 Y110.269 F7800.000
G1 X93.839 Y110.450
;TYPE:Gap fill
;WIDTH:0.156411
G1 F1200.000
G1 X93.859 Y110.566 E2.28728
;WIDTH:0.159021
G1 X93.880 Y110.681 E2.28866
G1 X93.836 Y110.900 E2.29130
G1 E0.29130 F2400.000
G92 E0
G1 X100.522 Y73.637 F7800.000
G1 E2.00000 F2400.000
;TYPE:External perimeter
;WIDTH:0.45
G1 F900.000
G1 X100.637 Y73.508 E2.00831
G1 X100.795 Y73.468 E2.01616
G1 X100.950 Y73.509 E2.02389
G1 X101.066 Y73.642 E2.03239
G1 X101.158 Y73.947 E2.04772
G1 X101.193 Y74.441 E2.07151
G1 X101.160 Y74.949 E2.09603
G1 X101.073 Y75.250 E2.11108
G1 X100.964 Y75.374 E2.11906
G1 X100.802 Y75.415 E2.12705
G1 X100.633 Y75.374 E2.13545
G1 X100.519 Y75.251 E2.14349
G1 X100.431 Y74.953 E2.15842
G1 X100.397 Y74.440 E2.18315
G1 X100.432 Y73.939 E2.20731
G1 X100.505 Y73.695 E2.21958
G1 X100.695 Y73.640 F7800.000
G1 X100.757 Y73.677
;TYPE:Gap fill
;WIDTH:0.413445
G1 F1200.000
G1 X100.795 Y74.014 E2.23437
;WIDTH:0.414516
G1 X100.795 Y74.886 E2.27244
G1 X100.761 Y75.207 E2.28653
G1 E0.28653 F2400.000
G92 E0
G1 X108.513 Y73.539 F7800.000
G1 E2.00000 F2400.000
;TYPE:External perimeter
;WIDTH:0.45
G1 F900.000
G1 X109.029 Y73.536 E2.02485
G1 X109.286 Y73.564 E2.03726
G1 X109.410 Y73.623 E2.04390
G1 X109.468 Y73.703 E2.04863
G1 X109.488 Y73.816 E2.05413
G1 X109.385 Y74.039 E2.06596
G1 X108.984 Y74.136 E2.08581
G1 X108.513 Y74.136 E2.10847
G1 X108.513 Y73.599 E2.13431
G1 X108.895 Y73.656 F7800.000
G1 X109.277 Y73.773
;TYPE:Gap fill
;WIDTH:0.19832
G1 F1200.000
G1 X109.202 Y73.816 E2.13575
G1 X108.705 Y73.836 E2.14405
G1 X108.513 Y74.893 F7800.000
;TYPE:External perimeter
;WIDTH:0.45
G1 F900.000
G1 X108.928 Y74.889 E2.16401
G1 X109.151 Y74.913 E2.17483
G1 X109.260 Y74.962 E2.18058
G1 X109.308 Y75.023 E2.18429
G1 X109.329 Y75.137 E2.18987
G1 X109.309 Y75.232 E2.19453
G1 X109.267 Y75.278 E2.19754
G1 X109.153 Y75.323 E2.20346
G1 X108.929 Y75.344 E2.21426
G1 X108.513 Y75.344 E2.23429
G1 X108.513 Y74.953 E2.25310
G1 X108.898 Y74.999 F7800.000
G1 X108.705 Y75.116
;TYPE:Gap fill
;WIDTH:0.133755
G1 F1200.000
G1 X108.916 Y75.116 E2.25491
;WIDTH:0.133754
G1 X108.918 Y75.117 E2.25494
;WIDTH:0.133453
G1 X109.021 Y75.117 E2.25582
G1 E0.25582 F2400.000
G92 E0
G1 X111.226 Y74.764 F7800.000
G1 E2.00000 F2400.000
;TYPE:External perimeter
;WIDTH:0.45
G1 F900.000
G1 X111.924 Y74.761 E2.03355
G1 X112.142 Y74.789 E2.04413
G1 X112.263 Y74.852 E2.05070
G1 X112.327 Y74.937 E2.05581
G1 X112.351 Y75.067 E2.06216
G1 X112.328 Y75.185 E2.06797
G1 X112.268 Y75.259 E2.07252
G1 X112.142 Y75.318 E2.07922
G1 X111.910 Y75.344 E2.09047
G1 X111.226 Y75.344 E2.12333
G1 X111.226 Y74.824 E2.14837
G1 X111.616 Y74.856 F7800.000
G1 X111.419 Y75.052
;TYPE:Gap fill
;WIDTH:0.223299
G1 F1200.000
G1 X112.068 Y75.055 E2.16123
;WIDTH:0.218093
G1 X112.080 Y75.055 E2.16146
;LAYER_CHANGE
;Z:6.02
;HEIGHT:0.3
G1 Z6.020 F7800.000
G1 E0.16146 F2400.000
G92 E0
G1 X126.352 Y109.133 F7800.000
G1 E2.00000 F2400.000
;TYPE:External perimeter
;WIDTH:0.45
G1 F900.000
G1 X127.287 Y109.070 E2.04507
G1 X127.287 Y109.945 E2.08714
G1 X126.332 Y109.875 E2.13317
G1 X126.223 Y110.217 E2.15047
G1 X126.150 Y110.312 E2.15621
G1 X126.040 Y110.373 E2.16228
G1 X125.866 Y110.397 E2.17072
G1 X125.626 Y110.350 E2.18248
G1 X125.488 Y110.231 E2.19127
G1 X125.388 Y109.965 E2.20496
G1 X125.349 Y109.487 E2.22801
G1 X125.391 Y109.021 E2.25051
G1 X125.499 Y108.737 E2.26515
G1 X125.647 Y108.600 E2.27484
G1 X125.873 Y108.551 E2.28595
G1 X126.033 Y108.574 E2.29371
G1 X126.153 Y108.639 E2.30031
G1 X126.239 Y108.747 E2.30693
G1 X126.335 Y109.075 E2.32336
G1 X126.420 Y109.527 F7800.000
G1 E0.32336 F2400.000
G92 E0
G1 X123.951 Y108.929 F7800.000
G1 E2.00000 F2400.000
G1 F900.000
G1 X124.471 Y108.779 E2.02599
G1 X124.428 Y109.128 E2.04290
G1 X123.980 Y109.128 E2.06446
G1 X123.960 Y108.988 E2.07124
G1 X124.351 Y108.907 F7800.000
G1 X122.379 Y108.970
G1 F900.000
G1 X122.497 Y108.720 E2.08456
G1 X122.671 Y108.582 E2.09523
G1 X122.937 Y108.530 E2.10826
G1 X123.156 Y108.555 E2.11885
G1 X123.313 Y108.625 E2.12711
G1 X123.419 Y108.723 E2.13406
G1 X123.636 Y109.128 E2.15617
G1 X122.360 Y109.128 E2.21753
G1 X122.372 Y109.030 E2.22230
G1 X122.589 Y108.789 F7800.000
G1 E0.22230 F2400.000
G92 E0
G1 X126.860 Y110.601 F7800.000
G1 E2.00000 F2400.000
;WIDTH:0.41367
G1 F1800.000
G1 X127.115 Y110.333 E2.01613
;WIDTH:0.429457
G1 X127.317 Y110.368 E2.02549
G1 X127.329 Y110.405 E2.02729
G1 X127.296 Y110.451 E2.02986
;WIDTH:0.290929
G1 X127.196 Y110.588 E2.03464
G1 E0.03464 F2400.000
G92 E0
G1 X128.244 Y108.543 F7800.000
G1 E2.00000 F2400.000
;WIDTH:0.45
G1 F900.000
G1 X128.762 Y108.613 E2.02517
G1 X128.694 Y108.748 E2.03247
G1 X128.601 Y109.493 E2.06857
G1 X128.850 Y110.363 E2.11211
G1 X128.227 Y110.363 E2.14209
G1 X128.238 Y108.603 E2.22677
G1 X128.594 Y108.737 F7800.000
G1 E0.22677 F2400.000
G92 E0
G1 X118.392 Y108.000 F7800.000
G1 E2.00000 F2400.000
;WIDTH:0.732881
G1 F1800.000
G1 X118.392 Y109.756 E2.14644
G1 E0.14644 F2400.000
G92 E0
G1 X105.450 Y109.512 F7800.000
G1 E2.00000 F2400.000
;WIDTH:0.362745
G1 F1800.000
G1 X105.021 Y109.483 E2.01600
;WIDTH:0.324791
G1 X105.006 Y109.463 E2.01683
;WIDTH:0.284046
G1 X104.990 Y109.442 E2.01753
;WIDTH:0.2433
G1 X104.913 Y109.353 E2.02017
G1 X103.368 Y108.582 F7800.000
;WIDTH:0.45
G1 F900.000
G1 X103.634 Y108.530 E2.03321
G1 X103.853 Y108.555 E2.04380
G1 X104.010 Y108.625 E2.05205
G1 X104.116 Y108.723 E2.05900
G1 X104.334 Y109.128 E2.08111
G1 X103.058 Y109.128 E2.14248
G1 X103.076 Y108.970 E2.15013
G1 X103.195 Y108.720 E2.16345
G1 X103.321 Y108.619 E2.17124
G1 X103.590 Y108.737 F7800.000
G1 X102.017 Y109.439
;WIDTH:0.488011
G1 F1800.000
G1 X102.190 Y110.239 E2.21451
;WIDTH:0.534185
G1 X102.363 Y110.664 E2.24134
G1 E0.24134 F2400.000
G92 E0
G1 X99.234 Y108.625 F7800.000
G1 E2.00000 F2400.000
;WIDTH:0.32952
G1 F1800.000
G1 X99.245 Y109.479 E2.02824
G1 X98.525 Y109.527 F7800.000
;WIDTH:0.374014
G1 F1800.000
G1 X97.820 Y110.503 E2.07474
G1 E0.07474 F2400.000
G92 E0
G1 X98.415 Y73.536 F7800.000
G1 E2.00000 F2400.000
;WIDTH:0.45
G1 F900.000
G1 X99.723 Y73.536 E2.06292
G1 X99.643 Y73.739 E2.07342
G1 X99.557 Y74.649 E2.11739
G1 X99.301 Y74.327 E2.13717
G1 X99.067 Y74.099 E2.15287
G1 X98.460 Y73.575 E2.19144
G1 X98.803 Y73.632 F7800.000
G1 E0.19144 F2400.000
G92 E0
G1 X101.953 Y73.788 F7800.000
G1 E2.00000 F2400.000
G1 F900.000
G1 X102.121 Y73.727 E2.00860
G1 X102.355 Y74.015 E2.02648
G1 X102.693 Y74.331 E2.04870
G1 X103.005 Y74.589 E2.06820
G1 X103.238 Y74.824 E2.08413
G1 X103.346 Y75.025 E2.09508
G1 X103.359 Y75.131 E2.10025
G1 X103.337 Y75.267 E2.10688
G1 X103.288 Y75.344 E2.11128
G1 X103.205 Y75.394 E2.11590
G1 X103.064 Y75.415 E2.12277
G1 X102.924 Y75.395 E2.12958
G1 X102.827 Y75.341 E2.13491
G1 X102.763 Y75.260 E2.13989
G1 X102.667 Y74.918 E2.15693
G1 X101.966 Y74.984 E2.19078
G1 X102.017 Y74.439 E2.21709
G1 X101.959 Y73.848 E2.24566
G1 X102.125 Y73.839 F7800.000
G1 X102.940 Y73.536
G1 F900.000
G1 X104.986 Y73.536 E2.34405
G1 X104.986 Y75.082 E2.41840
G1 X104.340 Y74.599 E2.45719
G1 X104.340 Y74.846 E2.46908
G1 X104.146 Y74.878 E2.47851
G1 X104.092 Y74.719 E2.48657
G1 X103.979 Y74.519 E2.49766
G1 X103.827 Y74.327 E2.50943
G1 X103.593 Y74.099 E2.52514
G1 X102.986 Y73.575 E2.56371
G1 X103.329 Y73.632 F7800.000
G1 E0.56371 F2400.000
G92 E0
G1 X112.628 Y74.134 F7800.000
G1 E2.00000 F2400.000
G1 F900.000
G1 X112.851 Y73.784 E2.01996
G1 X113.907 Y73.995 E2.07176
G1 X114.063 Y73.652 E2.08988
G1 X114.169 Y73.557 E2.09675
G1 X114.351 Y73.491 E2.10604
G1 X114.626 Y73.465 E2.11934
G1 X114.906 Y73.493 E2.13284
G1 X115.076 Y73.562 E2.14169
G1 X115.154 Y73.645 E2.14718
G1 X115.183 Y73.775 E2.15357
G1 X115.158 Y73.868 E2.15819
G1 X115.068 Y73.940 E2.16377
G1 X114.826 Y74.025 E2.17611
G1 X114.172 Y74.187 E2.20848
G1 X113.930 Y74.272 E2.22081
G1 X113.743 Y74.369 E2.23094
G1 X113.589 Y74.484 E2.24021
G1 X113.468 Y74.623 E2.24905
G1 X113.379 Y74.783 E2.25787
G1 X113.350 Y74.882 E2.26282
G1 X113.166 Y74.870 E2.27170
G1 X113.140 Y74.707 E2.27965
G1 X112.957 Y74.394 E2.29706
G1 X112.675 Y74.171 E2.31437
G1 X112.998 Y73.982 F7800.000
G1 X114.149 Y75.111
G1 F900.000
G1 X114.278 Y75.015 E2.32211
G1 X114.445 Y74.958 E2.33060
G1 X115.168 Y74.777 E2.36645
G1 X115.438 Y74.675 E2.38032
G1 X115.692 Y74.523 E2.39454
G1 X115.886 Y74.301 E2.40873
G1 X116.005 Y75.106 E2.44787
G1 X115.215 Y74.968 E2.48644
G1 X115.070 Y75.278 E2.50292
G1 X114.988 Y75.352 E2.50823
G1 X114.846 Y75.404 E2.51551
G1 X114.617 Y75.425 E2.52653
G1 X114.368 Y75.401 E2.53858
G1 X114.223 Y75.343 E2.54608
G1 X114.164 Y75.279 E2.55030
G1 X114.141 Y75.171 E2.55561
G1 X114.310 Y75.110 F7800.000
G1 E0.55561 F2400.000
G92 E0
G1 X125.982 Y109.241 F7800.000
G1 E2.00000 F2400.000
;TYPE:Perimeter
G1 F900.000
G1 X126.053 Y109.482 E2.01211
G1 X125.949 Y109.807 E2.02848
G1 X125.760 Y109.786 E2.03763
G1 X125.736 Y109.488 E2.05198
G1 X125.764 Y109.169 E2.06740
G1 X125.955 Y109.150 E2.07661
G1 X125.965 Y109.183 E2.07827
G1 E0.07827 F2400.000
G92 E0
G1 X112.149 Y110.330 F7800.000
G1 E2.00000 F2400.000
G1 F900.000
G1 X111.398 Y110.086 E2.03794
G1 X111.028 Y110.694 E2.07219
G1 X110.927 Y110.776 E2.07845
G1 X110.768 Y110.840 E2.08667
G1 X110.561 Y110.863 E2.09672
G1 X110.221 Y110.801 E2.11332
G1 X110.021 Y110.655 E2.12524
G1 X109.875 Y110.385 E2.14000
G1 X109.813 Y109.939 E2.16167
G1 X109.877 Y109.493 E2.18331
G1 X110.036 Y109.205 E2.19914
G1 X110.251 Y109.044 E2.21207
G1 X110.536 Y108.990 E2.22599
G1 X110.923 Y109.098 E2.24534
G1 X111.617 Y109.911 E2.29674
G1 X111.977 Y109.732 E2.31610
G1 X112.132 Y110.272 E2.34315
G1 E0.34315 F2400.000
G92 E0
G1 X117.279 Y73.990 F7800.000
G1 E2.00000 F2400.000
G1 F900.000
G1 X117.385 Y73.909 E2.00639
G1 X117.526 Y73.882 E2.01331
G1 X117.737 Y73.939 E2.02383
G1 X118.108 Y74.365 E2.05099
G1 X117.773 Y74.934 E2.08275
G1 X117.734 Y74.967 E2.08519
G1 X117.660 Y74.997 E2.08904
G1 X117.554 Y75.010 E2.09418
G1 X117.361 Y74.974 E2.10362
G1 X117.268 Y74.905 E2.10919
G1 X117.186 Y74.751 E2.11760
G1 X117.146 Y74.454 E2.13200
G1 X117.188 Y74.159 E2.14634
G1 X117.251 Y74.042 E2.15269
G1 E0.15269 F2400.000
G92 E0
G1 X104.319 Y73.994 F7800.000
G1 E2.00000 F2400.000
G1 F900.000
G1 X104.343 Y73.922 E2.00368
G1 X104.600 Y73.922 E2.01608
G1 X104.600 Y74.312 E2.03485
G1 X104.290 Y74.080 E2.05349
G1 X104.300 Y74.051 E2.05495
G1 E0.05495 F2400.000
G92 E0
G1 X93.442 Y72.412 F7800.000
G1 E2.00000 F2400.000
G1 F900.000
G1 X93.888 Y71.828 E2.03534
G1 X94.297 Y72.365 E2.06783
G1 X93.968 Y72.317 E2.08384
G1 X93.501 Y72.402 E2.10663
G1 E0.10663 F2400.000
G92 E0
G1 X93.442 Y75.763 F7800.000
G1 E2.00000 F2400.000
G1 F900.000
G1 X93.963 Y75.859 E2.02548
G1 X94.298 Y75.810 E2.04175
G1 X93.888 Y76.348 E2.07429
G1 X93.479 Y75.811 E2.10679
G1 E0.10679 F2400.000
G92 E0
G1 X111.077 Y109.873 F7800.000
G1 E2.00000 F2400.000
G1 F900.000
G1 X110.732 Y110.439 E2.03192
G1 X110.574 Y110.474 E2.03968
G1 X110.377 Y110.438 E2.04929
G1 X110.318 Y110.395 E2.05279
G1 X110.247 Y110.263 E2.05999
G1 X110.203 Y109.940 E2.07568
G1 X110.249 Y109.618 E2.09133
G1 X110.334 Y109.464 E2.09977
G1 X110.411 Y109.406 E2.10442
G1 X110.519 Y109.386 E2.10971
G1 X110.706 Y109.438 E2.11904
G1 X111.038 Y109.827 E2.14365
G1 E0.14365 F2400.000
G92 E0
G1 X119.666 Y73.919 F7800.000
G1 E2.00000 F2400.000
G1 F900.000
G1 X118.475 Y74.501 E2.06374
G1 X119.658 Y74.895 E2.12371
G1 X119.030 Y75.945 E2.18259
G1 X118.607 Y76.298 E2.20906
G1 X118.094 Y76.498 E2.23556
G1 X117.510 Y76.560 E2.26382
G1 X116.714 Y76.425 E2.30265
G1 X116.061 Y75.985 E2.34052
G1 X115.688 Y76.327 E2.36488
G1 X115.182 Y76.508 E2.39070
G1 X114.614 Y76.558 E2.41813
G1 X113.996 Y76.489 E2.44805
G1 X113.440 Y76.242 E2.47729
G1 X113.227 Y75.992 E2.49307
G1 X113.106 Y76.149 E2.50260
G1 X112.570 Y76.419 E2.53147
G1 X111.998 Y76.491 E2.55917
G1 X110.003 Y76.491 E2.65515
G1 X110.003 Y76.262 E2.66612
G1 X109.009 Y76.491 E2.71517
G1 X107.289 Y76.491 E2.79789
G1 X107.289 Y72.389 E2.99514
G1 X109.099 Y72.389 E3.08218
G1 X109.677 Y72.460 E3.11022
G1 X110.003 Y72.618 E3.12762
G1 X110.003 Y72.389 E3.13861
G1 X111.612 Y72.389 E3.21601
G1 X111.612 Y73.187 E3.25438
G1 X111.781 Y73.234 E3.26283
G1 X112.292 Y72.389 E3.31032
G1 X114.256 Y72.389 E3.40477
G1 X114.580 Y72.318 E3.42073
G1 X115.274 Y72.395 E3.45431
G1 X115.857 Y72.656 E3.48504
G1 X116.074 Y72.905 E3.50092
G1 X116.477 Y72.582 E3.52575
G1 X117.010 Y72.381 E3.55318
G1 X117.534 Y72.321 E3.57851
G1 X118.083 Y72.387 E3.60513
G1 X118.590 Y72.595 E3.63147
G1 X119.015 Y72.943 E3.65792
G1 X119.632 Y73.869 E3.71145
G1 E1.71145 F2400.000
G92 E0
G1 X107.675 Y72.775 F7800.000
G1 E2.00000 F2400.000
;TYPE:External perimeter
G1 F1800.000
G1 X109.075 Y72.775 E2.06737
G1 X109.567 Y72.835 E2.09118
G1 X109.978 Y73.034 E2.11316
G1 X110.388 Y73.540 E2.14449
G1 X110.388 Y72.775 E2.18130
G1 X111.226 Y72.775 E2.22161
G1 X111.226 Y74.004 E2.28072
G1 X111.767 Y74.004 E2.30669
G1 X112.510 Y72.775 E2.37577
G1 X113.494 Y72.775 E2.42310
G1 X113.362 Y72.981 E2.43485
G1 X114.601 Y72.708 E2.49585
G1 X115.172 Y72.772 E2.52347
G1 X115.622 Y72.973 E2.54720
G1 X115.925 Y73.322 E2.56943
G1 X116.003 Y73.683 E2.58720
G1 X116.337 Y73.188 E2.61592
G1 X116.670 Y72.921 E2.63645
G1 X117.101 Y72.758 E2.65863
G1 X117.532 Y72.709 E2.67949
G1 X117.985 Y72.763 E2.70143
G1 X118.390 Y72.930 E2.72248
G1 X118.727 Y73.205 E2.74338
G1 X119.101 Y73.766 E2.77582
G1 X118.398 Y74.110 E2.81346
G1 X117.951 Y73.598 E2.84611
G1 X117.541 Y73.486 E2.86657
G1 X117.223 Y73.548 E2.88214
G1 X116.980 Y73.733 E2.89686
G1 X116.816 Y74.036 E2.91344
G1 X116.757 Y74.453 E2.93367
G1 X116.813 Y74.871 E2.95396
G1 X116.969 Y75.163 E2.96986
G1 X117.203 Y75.337 E2.98391
G1 X117.541 Y75.400 E3.00046
G1 X117.759 Y75.374 E3.01098
G1 X117.938 Y75.300 E3.02032
G1 X118.072 Y75.186 E3.02879
G1 X118.275 Y74.841 E3.04802
G1 X119.081 Y75.109 E3.08885
G1 X118.733 Y75.691 E3.12147
G1 X118.409 Y75.961 E3.14176
G1 X118.002 Y76.120 E3.16275
G1 X117.522 Y76.171 E3.18598
G1 X116.860 Y76.059 E3.21825
G1 X116.337 Y75.706 E3.24862
G1 X116.027 Y75.177 E3.27810
G1 X115.771 Y75.728 E3.30731
G1 X115.484 Y75.991 E3.32598
G1 X115.099 Y76.128 E3.34567
G1 X114.618 Y76.170 E3.36887
G1 X114.098 Y76.113 E3.39406
G1 X113.677 Y75.925 E3.41623
G1 X113.396 Y75.597 E3.43701
G1 X113.339 Y75.328 E3.45024
G1 X113.150 Y75.329 E3.45933
G1 X113.115 Y75.507 E3.46803
G1 X112.854 Y75.844 E3.48855
G1 X112.456 Y76.045 E3.51001
G1 X111.974 Y76.105 E3.53334
G1 X110.388 Y76.105 E3.60963
G1 X110.388 Y75.204 E3.65295
G1 X110.262 Y75.175 E3.65917
G1 X110.388 Y75.166 E3.66525
G1 X110.388 Y74.305 E3.70667
G1 X110.222 Y74.256 E3.71499
G1 X110.093 Y74.456 E3.72646
G1 X109.949 Y74.555 E3.73488
G1 X110.128 Y74.878 E3.75267
G1 X110.175 Y75.182 E3.76744
G1 X110.201 Y75.180 E3.76869
G1 X109.851 Y75.902 E3.80726
G1 X108.965 Y76.105 E3.85098
G1 X107.675 Y76.105 E3.91305
G1 X107.675 Y72.835 E4.07032
G1 X107.625 Y72.378 F7800.000
G1 X106.886 Y72.389
;TYPE:Perimeter
G1 F900.000
G1 X106.886 Y73.922 E4.14402
G1 X106.190 Y73.922 E4.17749
G1 X106.190 Y76.491 E4.30105
G1 X105.045 Y76.491 E4.35610
G1 X104.315 Y75.965 E4.39938
G1 X104.149 Y76.203 E4.41334
G1 X103.642 Y76.482 E4.44117
G1 X103.062 Y76.560 E4.46929
G1 X102.514 Y76.483 E4.49590
G1 X102.027 Y76.224 E4.52244
G1 X101.900 Y76.072 E4.53198
G1 X101.536 Y76.410 E4.55589
G1 X100.806 Y76.568 E4.59182
G1 X100.066 Y76.414 E4.62817
G1 X99.705 Y76.086 E4.65162
G1 X99.623 Y76.203 E4.65849
G1 X99.116 Y76.482 E4.68632
G1 X98.537 Y76.560 E4.71444
G1 X97.989 Y76.483 E4.74106
G1 X97.502 Y76.224 E4.76758
G1 X97.147 Y75.799 E4.79421
G1 X96.800 Y74.657 E4.85163
G1 X97.847 Y74.559 E4.90217
G1 X97.552 Y74.284 E4.92158
G1 X97.356 Y74.058 E4.93592
G1 X97.176 Y73.799 E4.95113
G1 X96.975 Y73.404 E4.97241
G1 X96.975 Y72.389 E5.02122
G1 X100.092 Y72.389 E5.17109
G1 X100.092 Y72.466 E5.17478
G1 X100.792 Y72.310 E5.20928
G1 X101.501 Y72.468 E5.24421
G1 X101.501 Y72.389 E5.24801
G1 X106.826 Y72.389 E5.50412
G1 E3.50412 F2400.000
G92 E0
G1 X97.361 Y72.775 F7800.000
G1 E2.00000 F2400.000
;TYPE:External perimeter
G1 F900.000
G1 X99.706 Y72.775 E2.11278
G1 X99.706 Y73.332 E2.13959
G1 X100.251 Y72.826 E2.17538
G1 X100.792 Y72.706 E2.20204
G1 X101.333 Y72.826 E2.22870
G1 X101.886 Y73.338 E2.26496
G1 X101.886 Y72.775 E2.29204
G1 X106.500 Y72.775 E2.51395
G1 X106.500 Y73.536 E2.55055
G1 X105.804 Y73.536 E2.58402
G1 X105.804 Y76.105 E2.70758
G1 X105.169 Y76.105 E2.73810
G1 X104.152 Y75.373 E2.79839
G1 X104.117 Y75.574 E2.80819
G1 X103.884 Y75.909 E2.82783
G1 X103.519 Y76.110 E2.84787
G1 X103.064 Y76.171 E2.86996
G1 X102.635 Y76.110 E2.89076
G1 X102.275 Y75.919 E2.91040
G1 X102.019 Y75.612 E2.92963
G1 X101.984 Y75.497 E2.93541
G1 X101.819 Y75.491 E2.94336
G1 X101.741 Y75.693 E2.95379
G1 X101.351 Y76.056 E2.97940
G1 X100.804 Y76.174 E3.00629
G1 X100.248 Y76.058 E3.03366
G1 X99.852 Y75.699 E3.05936
G1 X99.729 Y75.378 E3.07589
G1 X99.358 Y75.909 E3.10703
G1 X98.993 Y76.110 E3.12707
G1 X98.538 Y76.171 E3.14916
G1 X98.110 Y76.110 E3.16996
G1 X97.750 Y75.919 E3.18960
G1 X97.493 Y75.612 E3.20882
G1 X97.307 Y74.997 E3.23976
G1 X98.142 Y74.918 E3.28011
G1 X98.238 Y75.260 E3.29715
G1 X98.302 Y75.341 E3.30213
G1 X98.399 Y75.395 E3.30746
G1 X98.539 Y75.415 E3.31426
G1 X98.680 Y75.394 E3.32114
G1 X98.762 Y75.344 E3.32576
G1 X98.812 Y75.267 E3.33016
G1 X98.834 Y75.131 E3.33679
G1 X98.821 Y75.025 E3.34196
G1 X98.713 Y74.824 E3.35291
G1 X98.480 Y74.589 E3.36883
G1 X98.167 Y74.331 E3.38834
G1 X97.830 Y74.015 E3.41056
G1 X97.661 Y73.821 E3.42292
G1 X97.508 Y73.600 E3.43586
G1 X97.361 Y73.312 E3.45142
G1 X97.361 Y72.835 E3.47436
G1 X97.338 Y72.376 F7800.000
G1 E1.47436 F2400.000
G92 E0
G1 X95.565 Y71.557 F7800.000
G1 E2.00000 F2400.000
;TYPE:Perimeter
G1 F900.000
G1 X96.116 Y72.258 E2.04288
G1 X96.405 Y72.814 E2.07299
G1 X96.575 Y73.423 E2.10342
G1 X96.630 Y74.084 E2.13530
G1 X96.576 Y74.749 E2.16743
G1 X96.406 Y75.357 E2.19779
G1 X96.118 Y75.915 E2.22799
G1 X95.565 Y76.619 E2.27101
G1 X92.212 Y76.619 E2.43232
G1 X91.660 Y75.918 E2.47520
G1 X91.371 Y75.362 E2.50536
G1 X91.200 Y74.753 E2.53577
G1 X91.145 Y74.092 E2.56764
G1 X91.200 Y73.427 E2.59977
G1 X91.370 Y72.817 E2.63020
G1 X91.659 Y72.260 E2.66040
G1 X92.212 Y71.557 E2.70339
G1 X95.505 Y71.557 E2.86180
G1 X94.460 Y71.943 F7800.000
;TYPE:External perimeter
G1 F900.000
G1 X95.378 Y71.943 E2.90593
G1 X95.791 Y72.468 E2.93805
G1 X96.044 Y72.956 E2.96450
G1 X96.194 Y73.492 E2.99126
G1 X96.243 Y74.084 E3.01984
G1 X96.194 Y74.681 E3.04866
G1 X96.045 Y75.216 E3.07535
G1 X95.792 Y75.706 E3.10189
G1 X95.378 Y76.233 E3.13413
G1 X94.461 Y76.233 E3.17825
G1 X95.052 Y75.456 E3.22524
G1 X95.261 Y75.037 E3.24772
G1 X95.384 Y74.587 E3.27015
G1 X95.425 Y74.088 E3.29425
G1 X95.384 Y73.588 E3.31836
G1 X95.262 Y73.138 E3.34078
G1 X95.054 Y72.722 E3.36320
G1 X94.497 Y71.991 E3.40740
G1 X94.382 Y71.551 F7800.000
G1 X95.127 Y73.822
G1 F900.000
G1 X94.292 Y73.876 E3.44764
G1 X94.199 Y73.563 E3.46337
G1 X94.151 Y73.504 E3.46702
G1 X94.079 Y73.467 E3.47091
G1 X93.978 Y73.452 E3.47580
G1 X93.834 Y73.484 E3.48291
G1 X93.744 Y73.567 E3.48879
G1 X93.670 Y73.761 E3.49878
G1 X93.640 Y74.099 E3.51507
G1 X93.669 Y74.446 E3.53181
G1 X93.735 Y74.626 E3.54104
G1 X93.816 Y74.696 E3.54619
G1 X93.970 Y74.726 E3.55370
G1 X94.075 Y74.710 E3.55884
G1 X94.137 Y74.673 E3.56230
G1 X94.182 Y74.609 E3.56605
G1 X94.272 Y74.298 E3.58165
G1 X95.122 Y74.363 E3.62265
G1 X94.914 Y74.961 E3.65310
G1 X94.677 Y75.238 E3.67062
G1 X94.354 Y75.412 E3.68826
G1 X93.970 Y75.468 E3.70693
G1 X93.480 Y75.378 E3.73091
G1 X93.099 Y75.094 E3.75379
G1 X92.875 Y74.651 E3.77767
G1 X92.806 Y74.090 E3.80483
G1 X92.874 Y73.527 E3.83213
G1 X93.099 Y73.078 E3.85626
G1 X93.510 Y72.792 E3.88037
G1 X93.975 Y72.708 E3.90305
G1 X94.369 Y72.765 E3.92223
G1 X94.700 Y72.943 E3.94031
G1 X94.937 Y73.227 E3.95808
G1 X95.109 Y73.765 E3.98524
G1 X95.205 Y74.214 F7800.000
G1 E1.98524 F2400.000
G92 E0
G1 X92.399 Y71.943 F7800.000
G1 E2.00000 F2400.000
G1 F900.000
G1 X93.315 Y71.943 E2.04407
G1 X92.721 Y72.723 E2.09125
G1 X92.513 Y73.142 E2.11374
G1 X92.392 Y73.592 E2.13612
G1 X92.352 Y74.088 E2.16008
G1 X92.393 Y74.586 E2.18412
G1 X92.514 Y75.038 E2.20661
G1 X92.723 Y75.456 E2.22912
G1 X93.316 Y76.233 E2.27609
G1 X92.399 Y76.233 E2.32019
G1 X91.986 Y75.708 E2.35232
G1 X91.732 Y75.219 E2.37882
G1 X91.582 Y74.684 E2.40554
G1 X91.532 Y74.092 E2.43411
G1 X91.581 Y73.495 E2.46294
G1 X91.731 Y72.959 E2.48969
G1 X91.984 Y72.470 E2.51621
G1 X92.362 Y71.990 E2.54555
G1 X92.476 Y71.551 F7800.000
G1 E0.54555 F2400.000
G92 E0
G1 X124.253 Y107.219 F7800.000
G1 E2.00000 F2400.000
;TYPE:Perimeter
G1 F3600.000
G1 X124.444 Y107.454 E2.01458
G1 X124.929 Y107.095 E2.04360
G1 X125.863 Y106.927 E2.08924
G1 X126.627 Y107.040 E2.12642
G1 X127.049 Y107.270 E2.14952
G1 X127.947 Y106.928 E2.19575
G1 X128.479 Y106.962 E2.22141
G1 X129.151 Y107.096 E2.25434
G1 X130.128 Y106.925 E2.30205
G1 X131.008 Y107.072 E2.34497
G1 X131.008 Y107.004 E2.34825
G1 X133.485 Y107.004 E2.46734
G1 X133.485 Y109.519 E2.58833
G1 X134.372 Y109.427 E2.63122
G1 X134.372 Y111.851 E2.74776
G1 X133.175 Y112.014 E2.80585
G1 X132.654 Y111.940 E2.83115
G1 X130.982 Y111.940 E2.91159
G1 X130.982 Y111.884 E2.91431
G1 X130.040 Y112.034 E2.96019
G1 X129.541 Y111.841 E2.98592
G1 X129.541 Y111.940 E2.99069
G1 X128.998 Y111.940 E3.01681
G1 X128.998 Y112.580 E3.04759
G1 X126.878 Y112.580 E3.14956
G1 X126.734 Y111.940 E3.18111
G1 X126.403 Y111.940 E3.19702
G1 X125.851 Y112.017 E3.22381
G1 X124.927 Y111.848 E3.26900
G1 X124.416 Y111.469 E3.29960
G1 X123.022 Y112.039 E3.37208
G1 X121.957 Y111.853 E3.42408
G1 X121.504 Y111.531 E3.45077
G1 X120.913 Y111.903 E3.48437
G1 X120.162 Y112.012 E3.52083
G1 X119.572 Y111.940 E3.54941
G1 X117.639 Y111.940 E3.64238
G1 X117.145 Y112.012 E3.66642
G1 X116.555 Y111.940 E3.69500
G1 X114.670 Y111.940 E3.78563
G1 X114.672 Y111.887 E3.78821
G1 X113.749 Y112.034 E3.83315
G1 X112.886 Y111.700 E3.87769
G1 X112.674 Y112.045 E3.89716
G1 X112.062 Y112.544 E3.93515
G1 X111.329 Y112.823 E3.97285
G1 X110.503 Y112.909 E4.01278
G1 X109.380 Y112.721 E4.06755
G1 X108.425 Y112.086 E4.12273
G1 X108.000 Y111.374 E4.16258
G1 X107.831 Y111.421 E4.17106
G1 X107.831 Y111.851 E4.19173
G1 X106.634 Y112.014 E4.24982
G1 X106.113 Y111.940 E4.27512
G1 X104.441 Y111.940 E4.35556
G1 X104.442 Y111.743 E4.36503
G1 X103.719 Y112.039 E4.40258
G1 X103.155 Y111.940 E4.43011
G1 X97.152 Y111.940 E4.71886
G1 X96.563 Y112.034 E4.74751
G1 X95.687 Y111.695 E4.79272
G1 X95.235 Y112.312 E4.82953
G1 X94.448 Y112.729 E4.87234
G1 X93.634 Y112.836 E4.91182
G1 X90.961 Y112.836 E5.04041
G1 X90.961 Y107.004 E5.32094
G1 X93.472 Y107.004 E5.44173
G1 X93.472 Y108.513 E5.51431
G1 X93.674 Y108.513 E5.52400
G1 X94.455 Y108.627 E5.56197
G1 X94.468 Y108.518 E5.56725
G1 X94.903 Y107.666 E5.61329
G1 X95.691 Y107.093 E5.66014
G1 X96.651 Y106.925 E5.70701
G1 X97.606 Y107.084 E5.75358
G1 X98.083 Y107.411 E5.78137
G1 X98.197 Y107.004 E5.80169
G1 X102.080 Y107.004 E5.98844
G1 X102.198 Y107.415 E6.00903
G1 X102.663 Y107.089 E6.03638
G1 X103.655 Y106.920 E6.08478
G1 X104.467 Y107.108 E6.12484
G1 X104.467 Y107.004 E6.12984
G1 X106.944 Y107.004 E6.24893
G1 X106.944 Y109.519 E6.36991
G1 X107.717 Y109.439 E6.40729
G1 X107.744 Y109.153 E6.42115
G1 X107.991 Y108.421 E6.45826
G1 X108.427 Y107.784 E6.49540
G1 X109.041 Y107.299 E6.53305
G1 X109.800 Y107.016 E6.57201
G1 X110.542 Y106.933 E6.60790
G1 X111.324 Y107.027 E6.64579
G1 X112.052 Y107.330 E6.68368
G1 X112.285 Y107.523 E6.69826
G1 X112.877 Y107.093 E6.73345
G1 X113.837 Y106.925 E6.78033
G1 X114.712 Y107.071 E6.82301
G1 X114.712 Y107.004 E6.82625
G1 X122.071 Y107.004 E7.18019
G1 X122.071 Y107.071 E7.18344
G1 X122.958 Y106.920 E7.22671
G1 X124.194 Y107.206 E7.28775
G1 X124.037 Y107.565 F7800.000
G1 F3600.000
G1 X124.377 Y107.984 E7.31369
G1 X125.086 Y107.459 E7.35611
G1 X125.869 Y107.317 E7.39437
G1 X126.503 Y107.411 E7.42518
G1 X127.125 Y107.752 E7.45931
G1 X127.157 Y107.642 E7.46484
G1 X128.006 Y107.318 E7.50852
G1 X128.429 Y107.346 E7.52891
G1 X129.251 Y107.509 E7.56923
G1 X129.322 Y107.458 E7.57345
G1 X130.129 Y107.317 E7.61287
G1 X130.935 Y107.451 E7.65217
G1 X131.390 Y107.762 E7.67866
G1 X131.392 Y107.389 E7.69657
G1 X133.099 Y107.389 E7.77867
G1 X133.099 Y109.512 E7.88076
G1 X133.129 Y109.837 E7.89647
G1 X133.167 Y109.940 E7.90173
G1 X133.986 Y109.855 E7.94131
G1 X133.986 Y111.514 E8.02111
G1 X133.176 Y111.624 E8.06043
G1 X132.718 Y111.555 E8.08270
G1 X131.369 Y111.555 E8.14757
G1 X131.371 Y111.217 E8.16382
G1 X130.966 Y111.496 E8.18746
G1 X130.082 Y111.637 E8.23054
G1 X129.156 Y111.278 E8.27833
G1 X129.156 Y111.555 E8.29163
G1 X128.613 Y111.555 E8.31775
G1 X128.613 Y112.195 E8.34853
G1 X127.186 Y112.195 E8.41712
G1 X127.042 Y111.555 E8.44867
G1 X126.561 Y111.555 E8.47181
G1 X126.561 Y111.529 E8.47305
G1 X125.860 Y111.626 E8.50711
G1 X125.085 Y111.485 E8.54499
G1 X124.472 Y111.029 E8.58172
G1 X122.979 Y111.640 E8.65931
G1 X122.109 Y111.488 E8.70178
G1 X121.418 Y110.998 E8.74252
G1 X121.313 Y111.196 E8.75330
G1 X120.777 Y111.533 E8.78380
G1 X120.155 Y111.623 E8.81402
G1 X119.697 Y111.575 E8.83615
G1 X119.644 Y111.555 E8.83891
G1 X118.083 Y111.555 E8.91394
G1 X118.089 Y111.326 E8.92496
G1 X117.759 Y111.533 E8.94373
G1 X117.137 Y111.623 E8.97394
G1 X116.679 Y111.575 E8.99607
G1 X116.626 Y111.555 E8.99883
G1 X115.066 Y111.555 E9.07386
G1 X115.074 Y111.221 E9.08993
G1 X114.675 Y111.496 E9.11323
G1 X113.791 Y111.637 E9.15631
G1 X112.725 Y111.224 E9.21130
G1 X112.379 Y111.787 E9.24309
G1 X111.866 Y112.206 E9.27493
G1 X111.239 Y112.445 E9.30721
G1 X110.515 Y112.520 E9.34220
G1 X109.525 Y112.354 E9.39049
G1 X108.711 Y111.813 E9.43750
G1 X108.208 Y110.968 E9.48479
G1 X108.055 Y109.952 E9.53420
G1 X108.124 Y109.234 E9.56894
G1 X108.339 Y108.595 E9.60135
G1 X108.712 Y108.050 E9.63309
G1 X109.233 Y107.639 E9.66501
G1 X109.890 Y107.394 E9.69877
G1 X110.540 Y107.321 E9.73022
G1 X111.225 Y107.404 E9.76340
G1 X111.850 Y107.663 E9.79594
G1 X112.323 Y108.056 E9.82549
G1 X112.390 Y107.923 E9.83265
G1 X113.031 Y107.458 E9.87074
G1 X113.838 Y107.317 E9.91016
G1 X114.644 Y107.451 E9.94946
G1 X115.098 Y107.761 E9.97588
G1 X115.098 Y107.389 E9.99374
G1 X121.685 Y107.389 E10.31059
G1 X121.685 Y107.757 E10.32825
G1 X122.116 Y107.455 E10.35356
G1 X122.947 Y107.314 E10.39406
G1 X123.979 Y107.552 E10.44501
G1 E8.44501 F2400.000
G92 E0
G1 X128.819 Y107.816 F7800.000
G1 E2.00000 F2400.000
;TYPE:External perimeter
G1 F1800.000
G1 X128.819 Y108.300 E2.02325
G1 X129.476 Y107.822 E2.06234
G1 X130.131 Y107.708 E2.09429
G1 X130.788 Y107.817 E2.12634
G1 X131.291 Y108.162 E2.15567
G1 X131.595 Y108.734 E2.18685
G1 X131.771 Y108.691 E2.19552
G1 X131.776 Y107.775 E2.23958
G1 X132.713 Y107.775 E2.28468
G1 X132.713 Y109.530 E2.36907
G1 X132.750 Y109.924 E2.38812
G1 X132.842 Y110.171 E2.40079
G1 X132.960 Y110.290 E2.40885
G1 X133.130 Y110.331 E2.41726
G1 X133.600 Y110.283 E2.44000
G1 X133.600 Y111.177 E2.48304
G1 X133.177 Y111.235 E2.50360
G1 X132.857 Y111.190 E2.51914
G1 X132.663 Y111.080 E2.52986
G1 X132.658 Y111.169 E2.53415
G1 X131.757 Y111.169 E2.57749
G1 X131.762 Y110.295 E2.61951
G1 X131.583 Y110.253 E2.62833
G1 X131.316 Y110.786 E2.65705
G1 X130.819 Y111.129 E2.68605
G1 X130.124 Y111.240 E2.71992
G1 X128.770 Y110.715 E2.78977
G1 X128.770 Y111.169 E2.81160
G1 X128.227 Y111.169 E2.83772
G1 X128.227 Y111.809 E2.86850
G1 X127.495 Y111.809 E2.90371
G1 X127.351 Y111.169 E2.93526
G1 X126.947 Y111.169 E2.95469
G1 X126.947 Y110.866 E2.96928
G1 X126.355 Y111.168 E3.00127
G1 X125.868 Y111.236 E3.02490
G1 X125.243 Y111.122 E3.05548
G1 X124.761 Y110.764 E3.08432
G1 X124.475 Y110.200 E3.11473
G1 X124.458 Y110.063 E3.12140
G1 X124.268 Y110.049 E3.13055
G1 X124.070 Y110.777 E3.16682
G1 X122.936 Y111.241 E3.22579
G1 X122.261 Y111.123 E3.25872
G1 X121.762 Y110.769 E3.28814
G1 X121.441 Y110.170 E3.32085
G1 X121.274 Y110.201 E3.32901
G1 X121.237 Y110.514 E3.34415
G1 X121.021 Y110.924 E3.36647
G1 X120.640 Y111.163 E3.38807
G1 X120.147 Y111.235 E3.41204
G1 X119.788 Y111.197 E3.42943
G1 X119.394 Y111.046 E3.44968
G1 X119.389 Y111.169 E3.45558
G1 X118.479 Y111.169 E3.49937
G1 X118.501 Y109.988 E3.55617
G1 X118.283 Y109.975 E3.56667
G1 X118.220 Y110.514 E3.59275
G1 X118.003 Y110.924 E3.61506
G1 X117.623 Y111.163 E3.63667
G1 X117.130 Y111.235 E3.66063
G1 X116.770 Y111.197 E3.67802
G1 X116.377 Y111.046 E3.69828
G1 X116.372 Y111.169 E3.70419
G1 X115.462 Y111.169 E3.74797
G1 X115.484 Y110.273 E3.79105
G1 X115.304 Y110.229 E3.79997
G1 X115.025 Y110.786 E3.82998
G1 X114.528 Y111.129 E3.85898
G1 X113.833 Y111.240 E3.89285
G1 X112.683 Y110.794 E3.95218
G1 X112.310 Y109.493 E4.01729
G1 X112.357 Y109.112 E4.03575
G1 X111.715 Y109.432 E4.07027
G1 X111.140 Y108.758 E4.11284
G1 X110.552 Y108.594 E4.14221
G1 X110.092 Y108.682 E4.16475
G1 X109.738 Y108.946 E4.18597
G1 X109.506 Y109.369 E4.20918
G1 X109.424 Y109.938 E4.23681
G1 X109.502 Y110.507 E4.26447
G1 X109.723 Y110.915 E4.28678
G1 X110.065 Y111.165 E4.30714
G1 X110.547 Y111.253 E4.33071
G1 X110.863 Y111.217 E4.34598
G1 X111.125 Y111.113 E4.35956
G1 X111.323 Y110.951 E4.37185
G1 X111.569 Y110.547 E4.39460
G1 X112.502 Y110.850 E4.44177
G1 X112.085 Y111.530 E4.48010
G1 X111.671 Y111.867 E4.50580
G1 X111.149 Y112.066 E4.53267
G1 X110.528 Y112.131 E4.56271
G1 X109.670 Y111.987 E4.60453
G1 X108.998 Y111.540 E4.64336
G1 X108.578 Y110.836 E4.68280
G1 X108.443 Y109.942 E4.72628
G1 X108.504 Y109.315 E4.75659
G1 X108.687 Y108.769 E4.78430
G1 X108.997 Y108.317 E4.81065
G1 X109.424 Y107.980 E4.83683
G1 X109.981 Y107.772 E4.86539
G1 X110.539 Y107.709 E4.89240
G1 X111.126 Y107.780 E4.92087
G1 X111.648 Y107.997 E4.94806
G1 X112.081 Y108.356 E4.97508
G1 X112.374 Y108.803 E5.00081
G1 X112.692 Y108.181 E5.03442
G1 X113.185 Y107.822 E5.06376
G1 X113.840 Y107.708 E5.09572
G1 X114.497 Y107.817 E5.12776
G1 X115.000 Y108.162 E5.15710
G1 X115.308 Y108.740 E5.18862
G1 X115.483 Y108.697 E5.19732
G1 X115.483 Y107.775 E5.24165
G1 X116.422 Y107.775 E5.28681
G1 X116.422 Y109.697 E5.37926
G1 X116.466 Y110.027 E5.39528
G1 X116.577 Y110.238 E5.40672
G1 X116.737 Y110.358 E5.41634
G1 X116.971 Y110.403 E5.42783
G1 X117.125 Y110.390 E5.43526
G1 X117.212 Y110.360 E5.43967
G1 X117.295 Y110.248 E5.44639
G1 X117.327 Y110.102 E5.45357
G1 X117.340 Y107.775 E5.56552
G1 X119.440 Y107.775 E5.66650
G1 X119.440 Y109.697 E5.75894
G1 X119.484 Y110.027 E5.77496
G1 X119.594 Y110.238 E5.78640
G1 X119.754 Y110.358 E5.79602
G1 X119.989 Y110.403 E5.80752
G1 X120.143 Y110.390 E5.81495
G1 X120.229 Y110.360 E5.81935
G1 X120.313 Y110.248 E5.82607
G1 X120.345 Y110.102 E5.83326
G1 X120.358 Y107.775 E5.94520
G1 X121.300 Y107.775 E5.99051
G1 X121.300 Y108.675 E6.03379
G1 X121.476 Y108.718 E6.04251
G1 X121.762 Y108.174 E6.07208
G1 X122.267 Y107.820 E6.10173
G1 X122.935 Y107.707 E6.13435
G1 X123.822 Y107.911 E6.17810
G1 X124.484 Y108.726 E6.22864
G1 X124.760 Y108.180 E6.25808
G1 X125.243 Y107.822 E6.28700
G1 X125.875 Y107.708 E6.31789
G1 X126.378 Y107.782 E6.34232
G1 X126.796 Y108.011 E6.36526
G1 X127.095 Y108.374 E6.38782
G1 X127.136 Y108.506 E6.39449
G1 X127.308 Y108.504 E6.40276
G1 X127.474 Y107.934 E6.43133
G1 X128.065 Y107.708 E6.46174
G1 X128.378 Y107.729 E6.47687
G1 X128.760 Y107.805 E6.49558
G1 X129.218 Y107.835 F7800.000
G1 E4.49558 F2400.000
G92 E0
G1 X104.850 Y107.592 F7800.000
G1 E2.00000 F2400.000
;TYPE:Perimeter
G1 F3600.000
G1 X104.851 Y107.389 E2.00973
G1 X106.558 Y107.389 E2.09183
G1 X106.558 Y109.512 E2.19392
G1 X106.588 Y109.837 E2.20963
G1 X106.626 Y109.940 E2.21489
G1 X107.445 Y109.855 E2.25448
G1 X107.445 Y111.514 E2.33427
G1 X106.635 Y111.624 E2.37359
G1 X106.177 Y111.555 E2.39586
G1 X104.828 Y111.555 E2.46073
G1 X104.830 Y111.168 E2.47934
G1 X103.676 Y111.640 E2.53933
G1 X102.971 Y111.517 E2.57375
G1 X102.982 Y111.555 E2.57566
G1 X101.217 Y111.555 E2.66053
G1 X101.143 Y111.261 E2.67510
G1 X100.963 Y111.261 E2.68378
G1 X100.889 Y111.555 E2.69834
G1 X99.416 Y111.555 E2.76919
G1 X99.341 Y111.268 E2.78344
G1 X99.161 Y111.269 E2.79209
G1 X99.090 Y111.555 E2.80626
G1 X97.324 Y111.555 E2.89122
G1 X97.333 Y111.521 E2.89291
G1 X96.605 Y111.637 E2.92836
G1 X95.450 Y111.189 E2.98796
G1 X95.407 Y111.424 E2.99944
G1 X94.976 Y112.013 E3.03455
G1 X94.329 Y112.356 E3.06975
G1 X93.609 Y112.451 E3.10468
G1 X91.346 Y112.451 E3.21351
G1 X91.346 Y107.389 E3.45694
G1 X93.087 Y107.389 E3.54064
G1 X93.087 Y108.898 E3.61321
G1 X93.646 Y108.898 E3.64010
G1 X94.350 Y109.002 E3.67433
G1 X94.767 Y109.241 E3.69746
G1 X94.843 Y108.633 E3.72692
G1 X95.205 Y107.923 E3.76525
G1 X95.845 Y107.458 E3.80335
G1 X96.653 Y107.317 E3.84276
G1 X97.459 Y107.451 E3.88206
G1 X98.111 Y107.897 E3.92006
G1 X98.266 Y108.189 E3.93595
G1 X98.490 Y107.389 E3.97587
G1 X99.995 Y107.389 E4.04829
G1 X100.048 Y107.600 E4.05872
G1 X100.229 Y107.599 E4.06746
G1 X100.280 Y107.389 E4.07784
G1 X101.789 Y107.389 E4.15044
G1 X102.017 Y108.186 E4.19029
G1 X102.161 Y107.912 E4.20517
G1 X102.814 Y107.455 E4.24349
G1 X103.644 Y107.314 E4.28400
G1 X104.791 Y107.578 E4.34064
G1 X105.214 Y108.766 F7800.000
;TYPE:External perimeter
G1 F1800.000
G1 X104.649 Y108.929 E4.36893
G1 X104.677 Y109.128 E4.37859
G1 X105.227 Y109.128 E4.40506
G1 X105.235 Y107.775 E4.47014
G1 X106.172 Y107.775 E4.51524
G1 X106.172 Y109.530 E4.59963
G1 X106.209 Y109.924 E4.61868
G1 X106.301 Y110.171 E4.63135
G1 X106.419 Y110.290 E4.63941
G1 X106.589 Y110.331 E4.64782
G1 X107.059 Y110.283 E4.67056
G1 X107.059 Y111.177 E4.71360
G1 X106.636 Y111.235 E4.73416
G1 X106.316 Y111.190 E4.74969
G1 X106.122 Y111.080 E4.76042
G1 X106.117 Y111.169 E4.76471
G1 X105.216 Y111.169 E4.80804
G1 X105.223 Y109.869 E4.87056
G1 X105.022 Y109.842 E4.88033
G1 X104.768 Y110.777 E4.92694
G1 X103.633 Y111.241 E4.98590
G1 X102.958 Y111.123 E5.01885
G1 X102.531 Y110.820 E5.04402
G1 X102.397 Y110.915 E5.05191
G1 X102.470 Y111.169 E5.06464
G1 X101.517 Y111.169 E5.11046
G1 X101.142 Y109.683 E5.18417
G1 X100.962 Y109.683 E5.19284
G1 X100.588 Y111.169 E5.26653
G1 X99.714 Y111.169 E5.30858
G1 X99.332 Y109.704 E5.38140
G1 X99.152 Y109.705 E5.39005
G1 X98.789 Y111.169 E5.46261
G1 X97.832 Y111.169 E5.50862
G1 X97.963 Y110.701 E5.53198
G1 X97.343 Y111.129 E5.56820
G1 X96.648 Y111.240 E5.60207
G1 X95.497 Y110.794 E5.66139
G1 X95.124 Y109.493 E5.72651
G1 X95.217 Y108.748 E5.76261
G1 X95.506 Y108.181 E5.79323
G1 X96.000 Y107.822 E5.82258
G1 X96.654 Y107.708 E5.85453
G1 X97.311 Y107.817 E5.88658
G1 X97.815 Y108.162 E5.91591
G1 X98.115 Y108.727 E5.94672
G1 X98.179 Y109.239 E5.97154
G1 X98.368 Y109.253 E5.98065
G1 X98.782 Y107.775 E6.05449
G1 X99.694 Y107.775 E6.09833
G1 X100.053 Y109.223 E6.17010
G1 X100.235 Y109.222 E6.17883
G1 X100.583 Y107.775 E6.25044
G1 X101.498 Y107.775 E6.29444
G1 X101.912 Y109.221 E6.36680
G1 X102.101 Y109.207 E6.37588
G1 X102.159 Y108.745 E6.39824
G1 X102.459 Y108.174 E6.42929
G1 X102.964 Y107.820 E6.45893
G1 X103.632 Y107.707 E6.49155
G1 X104.519 Y107.911 E6.53530
G1 X105.176 Y108.719 E6.58540
G1 X105.411 Y109.114 F7800.000
G1 E4.58540 F2400.000
G92 E0
G1 X91.732 Y107.775 F7800.000
G1 E2.00000 F2400.000
G1 F900.000
G1 X92.701 Y107.775 E2.04661
G1 X92.701 Y109.284 E2.11918
G1 X93.617 Y109.284 E2.16326
G1 X94.221 Y109.373 E2.19262
G1 X94.720 Y109.658 E2.22026
G1 X95.044 Y110.115 E2.24718
G1 X95.149 Y110.691 E2.27534
G1 X95.044 Y111.268 E2.30353
G1 X94.717 Y111.714 E2.33012
G1 X94.210 Y111.982 E2.35773
G1 X93.584 Y112.065 E2.38810
G1 X91.732 Y112.065 E2.47716
G1 X91.732 Y107.835 E2.68061
G1 X91.678 Y107.379 F7800.000
G1 E0.68061 F2400.000
G92 E0
G1 X83.550 Y107.488 F7800.000
G1 E2.00000 F2400.000
;TYPE:Perimeter
G1 F900.000
G1 X86.450 Y107.488 E2.13950
G1 X87.594 Y109.469 E2.24950
G1 X87.900 Y110.000 E2.27899
G1 X86.450 Y112.512 E2.41849
G1 X83.550 Y112.512 E2.55798
G1 X82.100 Y110.000 E2.69748
G1 X83.520 Y107.540 E2.83409
G1 X83.772 Y107.874 F7800.000
G1 F900.000
G1 X86.228 Y107.874 E2.95217
G1 X87.260 Y109.662 E3.05147
G1 X87.455 Y110.000 E3.07025
G1 X86.228 Y112.126 E3.18833
G1 X83.772 Y112.126 E3.30641
G1 X82.545 Y110.000 E3.42449
G1 X83.742 Y107.926 E3.53968
G1 E1.53968 F2400.000
G92 E0
G1 X86.005 Y111.740 F7800.000
G1 E2.00000 F2400.000
;TYPE:External perimeter
G1 F900.000
G1 X83.995 Y111.740 E2.09666
G1 X83.074 Y110.145 E2.18526
G1 X82.990 Y110.000 E2.19333
G1 X83.995 Y108.260 E2.28999
G1 X86.005 Y108.260 E2.38666
G1 X87.010 Y110.000 E2.48332
G1 X86.035 Y111.689 E2.57710
G1 X86.005 Y112.140 F7800.000
G1 E0.57710 F2400.000
G92 E0
G1 X83.550 Y72.488 F7800.000
G1 E2.00000 F2400.000
;TYPE:Perimeter
G1 F900.000
G1 X86.450 Y72.488 E2.13950
G1 X87.900 Y75.000 E2.27899
G1 X86.450 Y77.512 E2.41849
G1 X83.550 Y77.512 E2.55799
G1 X82.100 Y75.000 E2.69749
G1 X83.520 Y72.540 E2.83410
G1 X83.772 Y72.874 F7800.000
G1 F900.000
G1 X86.228 Y72.874 E2.95218
G1 X87.455 Y75.000 E3.07026
G1 X86.228 Y77.126 E3.18834
G1 X83.772 Y77.126 E3.30642
G1 X82.545 Y75.000 E3.42450
G1 X83.742 Y72.926 E3.53970
G1 E1.53970 F2400.000
G92 E0
G1 X86.005 Y73.259 F7800.000
G1 E2.00000 F2400.000
;TYPE:External perimeter
G1 F900.000
G1 X87.010 Y75.000 E2.09666
G1 X86.005 Y76.741 E2.19333
G1 X83.995 Y76.741 E2.28999
G1 X82.990 Y75.000 E2.38666
G1 X83.995 Y73.259 E2.48332
G1 X85.945 Y73.259 E2.57710
G1 X86.351 Y73.059 F7800.000
G1 E0.57710 F2400.000
G92 E0
G1 X163.550 Y72.488 F7800.000
G1 E2.00000 F2400.000
;TYPE:Perimeter
G1 F900.000
G1 X166.450 Y72.488 E2.13950
G1 X167.900 Y75.000 E2.27899
G1 X166.450 Y77.512 E2.41849
G1 X163.550 Y77.512 E2.55799
G1 X162.100 Y75.000 E2.69749
G1 X163.520 Y72.540 E2.83410
G1 X163.772 Y72.874 F7800.000
G1 F900.000
G1 X166.228 Y72.874 E2.95218
G1 X167.455 Y75.000 E3.07026
G1 X166.228 Y77.126 E3.18834
G1 X163.772 Y77.126 E3.30642
G1 X162.545 Y75.000 E3.42450
G1 X163.742 Y72.926 E3.53970
G1 E1.53970 F2400.000
G92 E0
G1 X166.005 Y73.259 F7800.000
G1 E2.00000 F2400.000
;TYPE:External perimeter
G1 F900.000
G1 X167.010 Y75.000 E2.09666
G1 X166.005 Y76.741 E2.19333
G1 X163.995 Y76.741 E2.28999
G1 X162.990 Y75.000 E2.38666
G1 X163.995 Y73.259 E2.48332
G1 X165.945 Y73.259 E2.57710
G1 X166.351 Y73.059 F7800.000
G1 E0.57710 F2400.000
G92 E0
G1 X163.550 Y107.488 F7800.000
G1 E2.00000 F2400.000
;TYPE:Perimeter
G1 F900.000
G1 X166.450 Y107.488 E2.13950
G1 X167.594 Y109.469 E2.24950
G1 X167.900 Y110.000 E2.27899
G1 X166.450 Y112.512 E2.41849
G1 X163.550 Y112.512 E2.55798
G1 X162.100 Y110.000 E2.69748
G1 X163.520 Y107.540 E2.83409
G1 X163.772 Y107.874 F7800.000
G1 F900.000
G1 X166.228 Y107.874 E2.95217
G1 X167.260 Y109.662 E3.05147
G1 X167.455 Y110.000 E3.07025
G1 X166.228 Y112.126 E3.18833
G1 X163.772 Y112.126 E3.30641
G1 X162.545 Y110.000 E3.42449
G1 X163.742 Y107.926 E3.53968
G1 E1.53968 F2400.000
G92 E0
G1 X166.005 Y111.740 F7800.000
G1 E2.00000 F2400.000
;TYPE:External perimeter
G1 F900.000
G1 X163.995 Y111.740 E2.09666
G1 X163.074 Y110.145 E2.18526
G1 X162.990 Y110.000 E2.19333
G1 X163.995 Y108.260 E2.28999
G1 X166.005 Y108.260 E2.38666
G1 X167.010 Y110.000 E2.48332
G1 X166.035 Y111.689 E2.57710
G1 X166.005 Y112.140 F7800.000
G1 E0.57710 F2400.000
G92 E0
G1 X80.996 Y70.996 F7800.000
G1 E2.00000 F2400.000
;TYPE:Perimeter
G1 F3600.000
G1 X92.163 Y70.996 E2.53706
G1 X91.333 Y72.050 E2.60156
G1 X91.009 Y72.675 E2.63543
G1 X90.819 Y73.358 E2.66955
G1 X90.758 Y74.093 E2.70498
G1 X90.819 Y74.822 E2.74016
G1 X91.011 Y75.504 E2.77425
G1 X91.335 Y76.128 E2.80806
G1 X92.024 Y77.004 E2.86170
G1 X95.753 Y77.004 E3.04102
G1 X96.444 Y76.125 E3.09482
G1 X96.695 Y75.638 E3.12118
G1 X96.801 Y75.986 E3.13868
G1 X97.254 Y76.529 E3.17271
G1 X97.868 Y76.855 E3.20613
G1 X98.536 Y76.950 E3.23857
G1 X99.239 Y76.855 E3.27271
G1 X99.699 Y76.602 E3.29797
G1 X99.885 Y76.770 E3.31001
G1 X100.807 Y76.962 E3.35534
G1 X101.721 Y76.765 E3.40031
G1 X101.904 Y76.595 E3.41230
G1 X102.393 Y76.855 E3.43896
G1 X103.061 Y76.950 E3.47140
G1 X103.765 Y76.855 E3.50554
G1 X104.403 Y76.504 E3.54058
G1 X104.921 Y76.876 E3.57128
G1 X106.575 Y76.876 E3.65084
G1 X106.575 Y74.307 E3.77440
G1 X106.903 Y74.307 E3.79018
G1 X106.903 Y76.876 E3.91374
G1 X109.052 Y76.876 E4.01711
G1 X109.617 Y76.747 E4.04498
G1 X109.617 Y76.876 E4.05121
G1 X112.022 Y76.876 E4.16689
G1 X112.684 Y76.794 E4.19895
G1 X113.176 Y76.546 E4.22545
G1 X113.893 Y76.866 E4.26326
G1 X114.610 Y76.945 E4.29791
G1 X115.265 Y76.888 E4.32955
G1 X115.891 Y76.664 E4.36151
G1 X116.097 Y76.475 E4.37500
G1 X116.567 Y76.791 E4.40225
G1 X117.498 Y76.949 E4.44763
G1 X118.186 Y76.876 E4.48093
G1 X118.806 Y76.634 E4.51294
G1 X119.327 Y76.199 E4.54558
G1 X120.236 Y74.680 E4.63072
G1 X119.493 Y74.433 E4.66840
G1 X120.231 Y74.072 E4.70794
G1 X119.304 Y72.681 E4.78832
G1 X118.790 Y72.260 E4.82032
G1 X118.181 Y72.010 E4.85196
G1 X117.535 Y71.933 E4.88326
G1 X116.919 Y72.003 E4.91305
G1 X116.283 Y72.243 E4.94574
G1 X116.138 Y72.359 E4.95467
G1 X115.376 Y72.019 E4.99481
G1 X114.559 Y71.928 E5.03434
G1 X114.214 Y72.004 E5.05135
G1 X109.617 Y72.004 E5.27244
G1 X109.617 Y72.064 E5.27535
G1 X109.122 Y72.004 E5.29933
G1 X101.188 Y72.004 E5.68092
G1 X100.792 Y71.915 E5.70045
G1 X100.394 Y72.004 E5.72006
G1 X96.533 Y72.004 E5.90575
G1 X96.434 Y72.038 E5.91079
G1 X95.614 Y70.996 E5.97456
G1 X169.004 Y70.996 E9.50435
G1 X169.004 Y114.004 E11.57286
G1 X80.996 Y114.004 E15.80572
G1 X80.996 Y71.056 E17.87135
G1 X80.611 Y70.611 F7800.000
G1 F3600.000
G1 X169.389 Y70.611 E22.14131
G1 X169.389 Y114.389 E24.24692
G1 X80.611 Y114.389 E28.51687
G1 X80.611 Y70.671 E30.61960
G1 X80.225 Y70.225 F7800.000
;TYPE:External perimeter
G1 F1800.000
G1 X169.775 Y70.225 E34.92664
G1 X169.775 Y114.775 E37.06935
G1 X80.225 Y114.775 E41.37640
G1 X80.225 Y70.285 E43.51621
G1 X80.620 Y70.286 F7800.000
G1 E41.51621 F2400.000
G92 E0
G1 X92.339 Y71.084 F7800.000
G1 E2.00000 F2400.000
;TYPE:Gap fill
;WIDTH:0.625535
G1 F1200.000
G1 X95.438 Y71.084 E2.21690
G1 X96.583 Y72.197 F7800.000
;WIDTH:0.167502
G1 F1200.000
G1 X96.682 Y72.715 E2.22369
G1 X96.759 Y73.279 E2.23100
G1 X96.800 Y73.532 F7800.000
;WIDTH:0.15703
G1 F1200.000
G1 X96.829 Y73.636 E2.23224
;WIDTH:0.195679
G1 X96.858 Y73.739 E2.23400
;WIDTH:0.234329
G1 X96.888 Y73.842 E2.23627
;WIDTH:0.272978
G1 X96.917 Y73.945 E2.23906
;WIDTH:0.27971
G1 X97.075 Y74.437 E2.25295
G1 X97.076 Y74.437 F7800.000
;WIDTH:0.356478
G1 F1200.000
G1 X96.794 Y73.534 E2.28743
G1 X96.705 Y75.074 F7800.000
;WIDTH:0.130956
G1 F1200.000
G1 X96.706 Y75.124 E2.28784
;WIDTH:0.130957
G1 X96.673 Y75.206 E2.28858
G1 X98.306 Y74.720 F7800.000
;WIDTH:0.126875
G1 F1200.000
G1 X98.623 Y75.208 E2.29311
G1 E0.29311 F2400.000
G92 E0
G1 X95.226 Y74.020 F7800.000
G1 E2.00000 F2400.000
;WIDTH:0.222512
G1 F1200.000
G1 X95.152 Y74.093 E2.00205
;WIDTH:0.222511
G1 X94.898 Y74.091 E2.00706
;WIDTH:0.187801
G1 X94.644 Y74.090 E2.01096
;WIDTH:0.153091
G1 X94.390 Y74.088 E2.01377
G1 X94.798 Y75.471 F7800.000
;WIDTH:0.171199
G1 F1200.000
G1 X94.668 Y75.514 E2.01560
;WIDTH:0.14479
G1 X94.538 Y75.557 E2.01697
G1 X93.151 Y75.514 F7800.000
;WIDTH:0.245003
G1 F1200.000
G1 X92.788 Y75.155 E2.02846
G1 X93.062 Y75.497 F7800.000
;WIDTH:0.125126
G1 F1200.000
G1 X92.897 Y75.246 E2.03074
G1 X92.748 Y74.949 E2.03326
G1 X92.657 Y74.711 E2.03519
;WIDTH:0.130729
G1 X92.578 Y74.088 E2.04039
;WIDTH:0.130754
G1 X92.579 Y74.086 E2.04040
;WIDTH:0.125534
G1 X92.660 Y73.456 E2.04524
;WIDTH:0.174573
G1 X92.746 Y73.230 E2.04857
;WIDTH:0.175363
G1 X92.899 Y72.923 E2.05332
;WIDTH:0.182643
G1 X92.915 Y72.899 E2.05374
;WIDTH:0.206196
G1 X92.946 Y72.863 E2.05458
;WIDTH:0.246484
G1 X93.158 Y72.660 E2.06127
G1 X94.552 Y72.620 F7800.000
;WIDTH:0.166261
G1 F1200.000
G1 X94.794 Y72.699 E2.06451
G1 E0.06451 F2400.000
G92 E0
G1 X102.209 Y74.143 F7800.000
G1 E2.00000 F2400.000
;WIDTH:0.331603
G1 F1200.000
G1 X102.470 Y74.743 E2.02180
G1 X102.204 Y74.506 F7800.000
;WIDTH:0.374045
G1 F1200.000
G1 X102.832 Y74.709 E2.04729
G1 X102.831 Y74.720 F7800.000
;WIDTH:0.127097
G1 F1200.000
G1 X103.149 Y75.208 E2.05184
G1 X104.147 Y74.304 F7800.000
;WIDTH:0.170666
G1 F1200.000
G1 X104.012 Y74.164 E2.05442
;WIDTH:0.174561
G1 X104.009 Y74.158 E2.05452
;WIDTH:0.201081
G1 X103.855 Y73.729 E2.06230
G1 X104.120 Y73.980 F7800.000
;WIDTH:0.330195
G1 F1200.000
G1 X103.474 Y73.729 E2.08527
G1 E0.08527 F2400.000
G92 E0
G1 X113.813 Y72.633 F7800.000
G1 E2.00000 F2400.000
;WIDTH:0.153041
G1 F1200.000
G1 X114.056 Y72.606 E2.00270
G1 X114.151 Y73.923 F7800.000
;WIDTH:0.278068
G1 F1200.000
G1 X114.421 Y73.801 E2.01057
G1 X114.625 Y73.766 E2.01610
G1 X114.979 Y73.741 E2.02556
G1 X114.954 Y75.070 F7800.000
;WIDTH:0.199304
G1 F1200.000
G1 X114.851 Y75.125 E2.02753
;WIDTH:0.206459
G1 X114.787 Y75.144 E2.02872
;WIDTH:0.20646
G1 X114.618 Y75.173 E2.03175
;WIDTH:0.180214
G1 X114.425 Y75.187 E2.03455
G1 X115.995 Y75.754 F7800.000
;WIDTH:0.125491
G1 F1200.000
G1 X116.022 Y75.718 E2.03490
;WIDTH:0.158895
G1 X116.051 Y75.694 E2.03534
;WIDTH:0.158897
G1 X116.135 Y75.766 E2.03664
G1 E0.03664 F2400.000
G92 E0
G1 X116.881 Y107.582 F7800.000
G1 E2.00000 F2400.000
;WIDTH:0.596763
G1 F1200.000
G1 X116.881 Y109.667 E2.13842
G1 X116.894 Y109.855 E2.15091
;WIDTH:0.571989
G1 X116.907 Y110.194 E2.17245
G1 E0.17245 F2400.000
G92 E0
G1 X119.924 Y110.194 F7800.000
G1 E2.00000 F2400.000
;WIDTH:0.571973
G1 F1200.000
G1 X119.911 Y109.855 E2.02153
;WIDTH:0.596763
G1 X119.899 Y109.667 E2.03403
G1 X119.899 Y107.582 E2.17245
G1 E0.17245 F2400.000
G92 E0
G1 X122.644 Y108.860 F7800.000
G1 E2.00000 F2400.000
;WIDTH:0.273069
G1 F1200.000
G1 X122.949 Y108.831 E2.00796
;WIDTH:0.27307
G1 X123.268 Y108.849 E2.01628
G1 E0.01628 F2400.000
G92 E0
G1 X124.306 Y110.645 F7800.000
G1 E2.00000 F2400.000
;WIDTH:0.129062
G1 F1200.000
G1 X124.551 Y110.822 E2.00244
G1 X125.613 Y110.016 F7800.000
;WIDTH:0.262006
G1 F1200.000
G1 X125.758 Y110.079 E2.00633
;WIDTH:0.253227
G1 X125.962 Y110.093 E2.01116
;WIDTH:0.244055
G1 X126.076 Y110.045 E2.01393
G1 X126.087 Y108.914 F7800.000
;WIDTH:0.249432
G1 F1200.000
G1 X125.939 Y108.857 E2.01758
G1 X125.646 Y108.893 E2.02440
G1 X127.011 Y107.934 F7800.000
;WIDTH:0.152494
G1 F1200.000
G1 X127.116 Y108.022 E2.02590
;WIDTH:0.186607
G1 X127.222 Y108.109 E2.02799
G1 X128.458 Y108.766 F7800.000
;WIDTH:0.13681
G1 F1200.000
G1 X128.445 Y108.978 E2.02991
G1 X128.443 Y109.726 F7800.000
;WIDTH:0.166456
G1 F1200.000
G1 X128.474 Y109.948 E2.03276
;WIDTH:0.214531
G1 X128.505 Y110.170 E2.03696
G1 E0.03696 F2400.000
G92 E0
G1 X126.754 Y111.248 F7800.000
G1 E2.00000 F2400.000
;WIDTH:0.165677
G1 F1200.000
G1 X126.542 Y111.314 E2.00280
G1 E0.00280 F2400.000
G92 E0
G1 X110.906 Y109.847 F7800.000
G1 E2.00000 F2400.000
;TYPE:Top solid infill
;WIDTH:0.448969
G1 F900.000
G1 X110.552 Y110.201 E2.02403
G1 X110.510 Y110.193 E2.02608
G1 X110.470 Y109.941 E2.03834
G1 X110.503 Y109.705 E2.04975
G1 X110.656 Y109.553 E2.06008
G1 E0.06008 F2400.000
G92 E0
G1 X107.765 Y109.628 F7800.000
G1 E2.00000 F2400.000
;TYPE:Gap fill
;WIDTH:0.306528
G1 F1200.000
G1 X107.749 Y109.947 E2.00964
;WIDTH:0.288375
G1 X107.796 Y110.596 E2.02782
;WIDTH:0.406153
G1 X107.843 Y111.217 E2.05438
G1 E0.05438 F2400.000
G92 E0
G1 X104.980 Y110.898 F7800.000
G1 E2.00000 F2400.000
;WIDTH:0.141471
G1 F1200.000
G1 X105.002 Y110.739 E2.00154
G1 E0.00154 F2400.000
G92 E0
G1 X103.965 Y108.849 F7800.000
G1 E2.00000 F2400.000
;WIDTH:0.27307
G1 F1200.000
G1 X103.646 Y108.831 E2.00832
;WIDTH:0.273069
G1 X103.342 Y108.860 E2.01628
G1 E0.01628 F2400.000
G92 E0
G1 X168.212 Y113.891 F7800.000
G1 E2.00000 F2400.000
;TYPE:Top solid infill
;WIDTH:0.400268
G1 F900.000
G1 X168.740 Y113.363 E2.03128
G1 X168.740 Y112.888 E2.05118
G1 X167.888 Y113.740 E2.10166
G1 X167.413 Y113.740 E2.12156
G1 X168.740 Y112.413 E2.20018
G1 X168.740 Y111.938 E2.22008
G1 X166.938 Y113.740 E2.32685
G1 X166.463 Y113.740 E2.34675
G1 X168.740 Y111.463 E2.48165
G1 X168.740 Y110.988 E2.50155
G1 X165.988 Y113.740 E2.66460
G1 X165.512 Y113.740 E2.68450
G1 X168.740 Y110.512 E2.87570
G1 X168.740 Y110.037 E2.89560
G1 X167.425 Y111.353 E2.97351
G1 X168.073 Y110.229 E3.02788
G1 X168.740 Y109.562 E3.06734
G1 X168.740 Y109.087 E3.08724
G1 X168.067 Y109.760 E3.12709
G1 X167.893 Y109.459 E3.14166
G1 X168.740 Y108.612 E3.19182
G1 X168.740 Y108.137 E3.21172
G1 X167.719 Y109.158 E3.27217
G1 X167.545 Y108.857 E3.28674
G1 X168.740 Y107.662 E3.35749
G1 X168.740 Y107.187 E3.37739
G1 X167.371 Y108.556 E3.45845
G1 X167.198 Y108.254 E3.47302
G1 X168.740 Y106.712 E3.56438
G1 X168.740 Y106.237 E3.58428
G1 X167.024 Y107.953 E3.68594
G1 X166.850 Y107.652 E3.70050
G1 X168.740 Y105.762 E3.81247
G1 X168.740 Y105.287 E3.83237
G1 X166.676 Y107.351 E3.95463
G1 X166.603 Y107.224 E3.96077
G1 X166.328 Y107.224 E3.97228
G1 X168.740 Y104.812 E4.11517
G1 X168.740 Y104.337 E4.13507
G1 X165.853 Y107.224 E4.30610
G1 X165.378 Y107.224 E4.32600
G1 X168.740 Y103.862 E4.52518
G1 X168.740 Y103.387 E4.54508
G1 X164.903 Y107.224 E4.77240
G1 X164.428 Y107.224 E4.79230
G1 X168.740 Y102.912 E5.04776
G1 X168.740 Y102.437 E5.06766
G1 X163.802 Y107.375 E5.36021
G1 E3.36021 F2400.000
G92 E0
G1 X166.152 Y112.625 F7800.000
G1 E2.00000 F2400.000
G1 F900.000
G1 X165.037 Y113.740 E2.06604
G1 X164.562 Y113.740 E2.08594
G1 X165.526 Y112.776 E2.14303
G1 X165.051 Y112.776 E2.16293
G1 X164.087 Y113.740 E2.22003
G1 X163.612 Y113.740 E2.23993
G1 X164.576 Y112.776 E2.29702
G1 X164.101 Y112.776 E2.31692
G1 X163.137 Y113.740 E2.37401
G1 X162.662 Y113.740 E2.39391
G1 X163.626 Y112.776 E2.45100
G1 X163.397 Y112.776 E2.46058
G1 X163.307 Y112.620 E2.46814
G1 X162.187 Y113.740 E2.53448
G1 X161.712 Y113.740 E2.55438
G1 X163.133 Y112.319 E2.63857
G1 X162.959 Y112.018 E2.65313
G1 X161.237 Y113.740 E2.75516
G1 X160.762 Y113.740 E2.77506
G1 X162.786 Y111.716 E2.89493
G1 X162.612 Y111.415 E2.90950
G1 X160.287 Y113.740 E3.04721
G1 X159.812 Y113.740 E3.06711
G1 X162.438 Y111.114 E3.22266
G1 X162.264 Y110.813 E3.23723
G1 X159.337 Y113.740 E3.41062
G1 X158.862 Y113.740 E3.43052
G1 X162.090 Y110.512 E3.62175
G1 X161.916 Y110.211 E3.63632
G1 X158.387 Y113.740 E3.84540
G1 X157.912 Y113.740 E3.86530
G1 X161.990 Y109.662 E4.10687
G1 X162.639 Y108.538 E4.16124
G1 X157.437 Y113.740 E4.46940
G1 X156.962 Y113.740 E4.48930
G1 X168.740 Y101.962 E5.18707
G1 X168.740 Y101.487 E5.20697
G1 X156.487 Y113.740 E5.93288
G1 X156.012 Y113.740 E5.95278
G1 X168.740 Y101.012 E6.70684
G1 X168.740 Y100.537 E6.72674
G1 X155.537 Y113.740 E7.50893
G1 X155.062 Y113.740 E7.52883
G1 X168.740 Y100.062 E8.33917
G1 X168.740 Y99.587 E8.35907
G1 X154.587 Y113.740 E9.19756
G1 X154.112 Y113.740 E9.21746
G1 X168.740 Y99.112 E10.08409
G1 X168.740 Y98.637 E10.10399
G1 X153.637 Y113.740 E10.99876
G1 X153.162 Y113.740 E11.01866
G1 X168.740 Y98.162 E11.94157
G1 X168.740 Y97.687 E11.96147
G1 X152.687 Y113.740 E12.91253
G1 X152.212 Y113.740 E12.93243
G1 X168.740 Y97.212 E13.91163
G1 X168.740 Y96.737 E13.93153
G1 X151.737 Y113.740 E14.93887
G1 X151.262 Y113.740 E14.95877
G1 X168.740 Y96.262 E15.99425
G1 X168.740 Y95.787 E16.01415
G1 X150.787 Y113.740 E17.07778
G1 X150.312 Y113.740 E17.09768
G1 X168.740 Y95.312 E18.18945
G1 X168.740 Y94.837 E18.20936
G1 X149.837 Y113.740 E19.32927
G1 X149.362 Y113.740 E19.34917
G1 X168.740 Y94.362 E20.49723
G1 X168.740 Y93.887 E20.51713
G1 X148.887 Y113.740 E21.69333
G1 X148.412 Y113.740 E21.71323
G1 X168.740 Y93.412 E22.91757
G1 X168.740 Y92.937 E22.93747
G1 X147.937 Y113.740 E24.16996
G1 X147.462 Y113.740 E24.18986
G1 X168.740 Y92.462 E25.45049
G1 X168.740 Y91.987 E25.47039
G1 X146.987 Y113.740 E26.75916
G1 X146.512 Y113.740 E26.77906
G1 X168.740 Y91.512 E28.09598
G1 X168.740 Y91.037 E28.11588
G1 X146.037 Y113.740 E29.46094
G1 X145.562 Y113.740 E29.48084
G1 X168.740 Y90.562 E30.85404
G1 X168.740 Y90.087 E30.87394
G1 X145.087 Y113.740 E32.27529
G1 X144.612 Y113.740 E32.29519
G1 X168.740 Y89.612 E33.72468
G1 X168.740 Y89.137 E33.74458
G1 X144.137 Y113.740 E35.20221
G1 X143.662 Y113.740 E35.22211
G1 X168.740 Y88.662 E36.70789
G1 X168.740 Y88.187 E36.72779
G1 X143.187 Y113.740 E38.24170
G1 X142.712 Y113.740 E38.26160
G1 X168.740 Y87.712 E39.80366
G1 X168.740 Y87.237 E39.82356
G1 X142.237 Y113.740 E41.39377
G1 X141.762 Y113.740 E41.41367
G1 X168.740 Y86.762 E43.01202
G1 X168.740 Y86.287 E43.03192
G1 X141.287 Y113.740 E44.65841
G1 X140.812 Y113.740 E44.67831
G1 X168.740 Y85.812 E46.33294
G1 X168.740 Y85.337 E46.35284
G1 X140.337 Y113.740 E48.03562
G1 X139.862 Y113.740 E48.05552
G1 X168.740 Y84.862 E49.76644
G1 X168.740 Y84.387 E49.78634
G1 X139.387 Y113.740 E51.52540
G1 X138.912 Y113.740 E51.54530
G1 X168.740 Y83.912 E53.31251
G1 X168.740 Y83.437 E53.33241
G1 X138.437 Y113.740 E55.12775
G1 X137.962 Y113.740 E55.14765
G1 X168.740 Y82.962 E56.97115
G1 X168.740 Y82.487 E56.99105
G1 X137.487 Y113.740 E58.84268
G1 X137.012 Y113.740 E58.86258
G1 X168.740 Y82.012 E60.74236
G1 X168.740 Y81.537 E60.76226
G1 X136.537 Y113.740 E62.67018
G1 X136.061 Y113.740 E62.69008
G1 X168.740 Y81.062 E64.62615
G1 X168.740 Y80.586 E64.64605
G1 X135.586 Y113.740 E66.61025
G1 X135.111 Y113.740 E66.63015
G1 X168.740 Y80.111 E68.62250
G1 X168.740 Y79.636 E68.64240
G1 X134.636 Y113.740 E70.66290
G1 X134.161 Y113.740 E70.68280
G1 X168.740 Y79.161 E72.73143
G1 X168.740 Y78.686 E72.75133
G1 X133.686 Y113.740 E74.82811
G1 X133.211 Y113.740 E74.84801
G1 X168.740 Y78.211 E76.95294
G1 X168.740 Y77.736 E76.97284
G1 X132.736 Y113.740 E79.10590
G1 X132.261 Y113.740 E79.12580
G1 X133.807 Y112.194 E79.21736
G1 X133.257 Y112.269 E79.24061
G1 X131.786 Y113.740 E79.32772
G1 X131.311 Y113.740 E79.34762
G1 X132.820 Y112.231 E79.43703
G1 X132.635 Y112.204 E79.44485
G1 X132.371 Y112.204 E79.45591
G1 X130.836 Y113.740 E79.54686
G1 X130.361 Y113.740 E79.56676
G1 X131.896 Y112.204 E79.65771
G1 X131.421 Y112.204 E79.67761
G1 X129.886 Y113.740 E79.76857
G1 X129.411 Y113.740 E79.78847
G1 X130.946 Y112.204 E79.87942
G1 X130.716 Y112.194 E79.88908
G1 X130.438 Y112.238 E79.90089
G1 X128.936 Y113.740 E79.98984
G1 X128.461 Y113.740 E80.00974
G1 X129.927 Y112.274 E80.09658
G1 X129.748 Y112.204 E80.10463
G1 X129.521 Y112.204 E80.11412
G1 X129.262 Y112.463 E80.12946
G1 X129.262 Y112.844 E80.14542
G1 X128.881 Y112.844 E80.16138
G1 X127.986 Y113.740 E80.21442
G1 X127.511 Y113.740 E80.23432
G1 X128.406 Y112.844 E80.28735
G1 X127.931 Y112.844 E80.30725
G1 X127.036 Y113.740 E80.36029
G1 X126.561 Y113.740 E80.38019
G1 X127.456 Y112.844 E80.43322
G1 X126.981 Y112.844 E80.45312
G1 X126.086 Y113.740 E80.50615
G1 X125.611 Y113.740 E80.52605
G1 X126.637 Y112.714 E80.58684
G1 X126.550 Y112.326 E80.60349
G1 X125.136 Y113.740 E80.68725
G1 X124.661 Y113.740 E80.70715
G1 X126.160 Y112.241 E80.79595
G1 X125.846 Y112.284 E80.80925
G1 X125.673 Y112.253 E80.81660
G1 X124.186 Y113.740 E80.90469
G1 X123.711 Y113.740 E80.92459
G1 X125.271 Y112.179 E81.01703
G1 X124.870 Y112.106 E81.03413
G1 X123.236 Y113.740 E81.13091
G1 X122.761 Y113.740 E81.15081
G1 X124.581 Y111.920 E81.25863
G1 X124.379 Y111.770 E81.26918
G1 X124.171 Y111.854 E81.27856
G1 X122.286 Y113.740 E81.39026
G1 X121.811 Y113.740 E81.41016
G1 X123.368 Y112.183 E81.50240
G1 X123.051 Y112.312 E81.51674
G1 X122.806 Y112.269 E81.52716
G1 X121.336 Y113.740 E81.61426
G1 X120.861 Y113.740 E81.63416
G1 X122.402 Y112.199 E81.72546
G1 X121.998 Y112.128 E81.74265
G1 X120.386 Y113.740 E81.83813
G1 X119.911 Y113.740 E81.85803
G1 X121.674 Y111.976 E81.96250
G1 X121.495 Y111.849 E81.97171
G1 X121.041 Y112.135 E81.99419
G1 X119.436 Y113.740 E82.08927
G1 X118.961 Y113.740 E82.10917
G1 X120.466 Y112.235 E82.19832
G1 X120.165 Y112.278 E82.21103
G1 X119.971 Y112.255 E82.21924
G1 X118.486 Y113.740 E82.30722
G1 X118.011 Y113.740 E82.32712
G1 X119.546 Y112.204 E82.41807
G1 X119.071 Y112.204 E82.43797
G1 X117.536 Y113.740 E82.52892
G1 X117.061 Y113.740 E82.54882
G1 X118.596 Y112.204 E82.63977
G1 X118.121 Y112.204 E82.65967
G1 X116.586 Y113.740 E82.75062
G1 X116.111 Y113.740 E82.77052
G1 X117.644 Y112.207 E82.86135
G1 X117.103 Y112.273 E82.88420
G1 X115.636 Y113.740 E82.97110
G1 X115.161 Y113.740 E82.99100
G1 X116.679 Y112.221 E83.08094
G1 X116.221 Y112.204 E83.10014
G1 X114.686 Y113.740 E83.19109
G1 X114.211 Y113.740 E83.21099
G1 X115.746 Y112.204 E83.30195
G1 X115.271 Y112.204 E83.32185
G1 X113.736 Y113.740 E83.41280
G1 X113.261 Y113.740 E83.43270
G1 X114.796 Y112.204 E83.52365
G1 X114.314 Y112.212 E83.54385
G1 X112.786 Y113.740 E83.63438
G1 X112.311 Y113.740 E83.65428
G1 X113.748 Y112.302 E83.73946
G1 X113.720 Y112.306 E83.74066
G1 X113.395 Y112.180 E83.75527
G1 X111.836 Y113.740 E83.84764
G1 X111.361 Y113.740 E83.86754
G1 X113.052 Y112.048 E83.96778
G1 X112.996 Y112.026 E83.97034
G1 X112.876 Y112.221 E83.97995
G1 X112.195 Y112.775 E84.01671
G1 X111.637 Y112.988 E84.04174
G1 X110.886 Y113.740 E84.08625
G1 X110.411 Y113.740 E84.10615
G1 X111.031 Y113.120 E84.14289
G1 X110.500 Y113.175 E84.16522
G1 X109.936 Y113.740 E84.19868
G1 X109.461 Y113.740 E84.21858
G1 X110.092 Y113.108 E84.25601
G1 X109.686 Y113.040 E84.27329
G1 X108.986 Y113.740 E84.31476
G1 X108.511 Y113.740 E84.33466
G1 X109.279 Y112.971 E84.38021
G1 X108.994 Y112.781 E84.39456
G1 X108.036 Y113.740 E84.45135
G1 X107.561 Y113.740 E84.47125
G1 X108.709 Y112.591 E84.53927
G1 X108.423 Y112.402 E84.55363
G1 X107.086 Y113.740 E84.63289
G1 X106.611 Y113.740 E84.65279
G1 X108.172 Y112.178 E84.74532
G1 X108.095 Y112.048 E84.75167
G1 X108.095 Y112.081 E84.75307
G1 X107.746 Y112.129 E84.76781
G1 X106.135 Y113.740 E84.86324
G1 X105.660 Y113.740 E84.88314
G1 X107.196 Y112.204 E84.97414
G1 X106.646 Y112.279 E84.99739
G1 X105.185 Y113.740 E85.08394
G1 X104.710 Y113.740 E85.10384
G1 X106.227 Y112.223 E85.19368
G1 X106.094 Y112.204 E85.19929
G1 X105.771 Y112.204 E85.21286
G1 X104.235 Y113.740 E85.30381
G1 X103.760 Y113.740 E85.32371
G1 X105.296 Y112.204 E85.41466
G1 X104.821 Y112.204 E85.43456
G1 X103.285 Y113.740 E85.52551
G1 X102.810 Y113.740 E85.54541
G1 X104.346 Y112.204 E85.63636
G1 X104.175 Y112.204 E85.64351
G1 X104.175 Y112.138 E85.64631
G1 X103.773 Y112.302 E85.66453
G1 X102.335 Y113.740 E85.74969
G1 X101.860 Y113.740 E85.76959
G1 X103.356 Y112.244 E85.85822
G1 X103.132 Y112.204 E85.86775
G1 X102.920 Y112.204 E85.87662
G1 X101.385 Y113.740 E85.96757
G1 X100.910 Y113.740 E85.98747
G1 X102.445 Y112.204 E86.07842
G1 X101.970 Y112.204 E86.09832
G1 X100.435 Y113.740 E86.18927
G1 X99.960 Y113.740 E86.20917
G1 X101.495 Y112.204 E86.30013
G1 X101.020 Y112.204 E86.32003
G1 X99.485 Y113.740 E86.41098
G1 X99.010 Y113.740 E86.43088
G1 X100.545 Y112.204 E86.52183
G1 X100.070 Y112.204 E86.54173
G1 X98.535 Y113.740 E86.63268
G1 X98.060 Y113.740 E86.65258
G1 X99.595 Y112.204 E86.74353
G1 X99.120 Y112.204 E86.76343
G1 X97.585 Y113.740 E86.85439
G1 X97.110 Y113.740 E86.87429
G1 X98.645 Y112.204 E86.96524
G1 X98.170 Y112.204 E86.98514
G1 X96.635 Y113.740 E87.07609
G1 X96.160 Y113.740 E87.09599
G1 X97.695 Y112.204 E87.18694
G1 X97.220 Y112.204 E87.20684
G1 X95.685 Y113.740 E87.29779
G1 X95.210 Y113.740 E87.31769
G1 X96.664 Y112.286 E87.40383
G1 X96.534 Y112.306 E87.40932
G1 X96.271 Y112.204 E87.42118
G1 X94.735 Y113.740 E87.51215
G1 X94.260 Y113.740 E87.53205
G1 X95.928 Y112.071 E87.63088
G1 X95.780 Y112.014 E87.63752
G1 X95.412 Y112.517 E87.66364
G1 X94.551 Y112.973 E87.70445
G1 X93.785 Y113.740 E87.74984
G1 X93.310 Y113.740 E87.76974
G1 X93.994 Y113.055 E87.81028
G1 X93.652 Y113.100 E87.82476
G1 X93.474 Y113.100 E87.83220
G1 X92.835 Y113.740 E87.87007
G1 X92.360 Y113.740 E87.88997
G1 X92.999 Y113.100 E87.92783
G1 X92.524 Y113.100 E87.94773
G1 X91.885 Y113.740 E87.98560
G1 X91.410 Y113.740 E88.00550
G1 X92.049 Y113.100 E88.04337
G1 X91.574 Y113.100 E88.06327
G1 X90.935 Y113.740 E88.10114
G1 X90.460 Y113.740 E88.12104
G1 X91.099 Y113.100 E88.15890
G1 X90.697 Y113.100 E88.17577
G1 X90.697 Y113.028 E88.17880
G1 X89.985 Y113.740 E88.22096
G1 X89.510 Y113.740 E88.24086
G1 X90.697 Y112.553 E88.31117
G1 X90.697 Y112.078 E88.33107
G1 X89.035 Y113.740 E88.42951
G1 X88.560 Y113.740 E88.44942
G1 X90.697 Y111.603 E88.57601
G1 X90.697 Y111.128 E88.59591
G1 X88.085 Y113.740 E88.75064
G1 X87.610 Y113.740 E88.77054
G1 X90.697 Y110.653 E88.95342
G1 X90.697 Y110.178 E88.97332
G1 X87.135 Y113.740 E89.18434
G1 X86.660 Y113.740 E89.20424
G1 X90.697 Y109.703 E89.44340
G1 X90.697 Y109.228 E89.46330
G1 X86.185 Y113.740 E89.73060
G1 X85.710 Y113.740 E89.75050
G1 X90.697 Y108.753 E90.04595
G1 X90.697 Y108.278 E90.06585
G1 X87.155 Y111.819 E90.27568
G1 X86.603 Y112.776 E90.32195
G1 X86.198 Y112.776 E90.33889
G1 X85.235 Y113.740 E90.39598
G1 X84.760 Y113.740 E90.41588
G1 X85.723 Y112.776 E90.47297
G1 X85.248 Y112.776 E90.49287
G1 X84.285 Y113.740 E90.54997
G1 X83.810 Y113.740 E90.56987
G1 X84.773 Y112.776 E90.62696
G1 X84.298 Y112.776 E90.64686
G1 X83.335 Y113.740 E90.70395
G1 X82.860 Y113.740 E90.72385
G1 X83.823 Y112.776 E90.78094
G1 X83.397 Y112.776 E90.79879
G1 X83.379 Y112.745 E90.80029
G1 X82.385 Y113.740 E90.85923
G1 X81.910 Y113.740 E90.87913
G1 X83.206 Y112.444 E90.95590
G1 X83.032 Y112.143 E90.97047
G1 X81.435 Y113.740 E91.06508
G1 X81.260 Y113.740 E91.07238
G1 X81.260 Y113.439 E91.08498
G1 X82.858 Y111.841 E91.17962
G1 X82.684 Y111.540 E91.19419
G1 X81.260 Y112.964 E91.27852
G1 X81.260 Y112.489 E91.29842
G1 X82.510 Y111.239 E91.37246
G1 X82.336 Y110.938 E91.38702
G1 X81.260 Y112.014 E91.45076
G1 X81.260 Y111.539 E91.47066
G1 X82.162 Y110.637 E91.52409
G1 X81.988 Y110.336 E91.53866
G1 X81.260 Y111.064 E91.58179
G1 X81.260 Y110.589 E91.60169
G1 X81.815 Y110.035 E91.63452
G1 X81.795 Y110.000 E91.63619
G1 X82.369 Y109.005 E91.68432
G1 X81.109 Y110.265 E91.75894
G1 E89.75894 F2400.000
G92 E0
G1 X87.391 Y111.108 F7800.000
G1 E2.00000 F2400.000
G1 F900.000
G1 X90.697 Y107.803 E2.19583
G1 X90.697 Y107.328 E2.21573
G1 X88.029 Y109.996 E2.37380
G1 E0.37380 F2400.000
G92 E0
G1 X107.168 Y109.382 F7800.000
G1 E2.00000 F2400.000
G1 F900.000
G1 X107.740 Y108.809 E2.03393
G1 E0.03393 F2400.000
G92 E0
G1 X134.485 Y111.516 F7800.000
G1 E2.00000 F2400.000
G1 F900.000
G1 X168.740 Y77.261 E4.02948
G1 X168.740 Y76.786 E4.04938
G1 X134.636 Y110.890 E6.06992
G1 X134.636 Y110.415 E6.08982
G1 X168.740 Y76.311 E8.11036
G1 X168.740 Y75.836 E8.13026
G1 X134.636 Y109.940 E10.15079
G1 X134.636 Y109.465 E10.17069
G1 X166.325 Y77.776 E12.04817
G1 X166.603 Y77.776 E12.05981
G1 X166.982 Y77.119 E12.09160
G1 X168.891 Y75.210 E12.20467
G1 E10.20467 F2400.000
G92 E0
G1 X167.218 Y76.407 F7800.000
G1 E2.00000 F2400.000
G1 F900.000
G1 X168.740 Y74.886 E2.09012
G1 X168.740 Y74.411 E2.11002
G1 X168.185 Y74.965 E2.14285
G1 X168.012 Y74.664 E2.15742
G1 X168.740 Y73.936 E2.20055
G1 X168.740 Y73.461 E2.22045
G1 X167.838 Y74.363 E2.27388
G1 X167.664 Y74.062 E2.28845
G1 X168.740 Y72.986 E2.35218
G1 X168.740 Y72.511 E2.37208
G1 X167.490 Y73.761 E2.44612
G1 X167.316 Y73.460 E2.46069
G1 X168.740 Y72.036 E2.54502
G1 X168.740 Y71.561 E2.56492
G1 X167.142 Y73.159 E2.65956
G1 X166.968 Y72.857 E2.67412
G1 X168.565 Y71.260 E2.76874
G1 X168.090 Y71.260 E2.78864
G1 X166.795 Y72.556 E2.86541
G1 X166.621 Y72.255 E2.87998
G1 X167.615 Y71.260 E2.93891
G1 X167.140 Y71.260 E2.95881
G1 X166.177 Y72.224 E3.01590
G1 X165.702 Y72.224 E3.03580
G1 X166.665 Y71.260 E3.09289
G1 X166.190 Y71.260 E3.11279
G1 X165.227 Y72.224 E3.16988
G1 X164.752 Y72.224 E3.18978
G1 X165.715 Y71.260 E3.24687
G1 X165.240 Y71.260 E3.26677
G1 X164.126 Y72.375 E3.33280
G1 E1.33280 F2400.000
G92 E0
G1 X166.001 Y77.625 F7800.000
G1 E2.00000 F2400.000
G1 F900.000
G1 X134.475 Y109.151 E3.86782
G1 X133.945 Y109.206 E3.89013
G1 X165.375 Y77.776 E5.75225
G1 X164.900 Y77.776 E5.77215
G1 X133.749 Y108.927 E7.61775
G1 X133.749 Y108.452 E7.63765
G1 X164.425 Y77.776 E9.45511
G1 X163.950 Y77.776 E9.47501
G1 X133.749 Y107.977 E11.26432
G1 X133.749 Y107.502 E11.28422
G1 X163.475 Y77.776 E13.04539
G1 X163.397 Y77.776 E13.04864
G1 X163.252 Y77.524 E13.06083
G1 X133.749 Y107.027 E14.80879
G1 X133.749 Y106.740 E14.82083
G1 X133.561 Y106.740 E14.82869
G1 X163.078 Y77.223 E16.57745
G1 X162.904 Y76.922 E16.59202
G1 X133.086 Y106.740 E18.35863
G1 X132.611 Y106.740 E18.37853
G1 X162.730 Y76.621 E20.16298
G1 X162.556 Y76.319 E20.17755
G1 X132.136 Y106.740 E21.97984
G1 X131.661 Y106.740 E21.99974
G1 X162.382 Y76.018 E23.81988
G1 X162.209 Y75.717 E23.83445
G1 X131.186 Y106.740 E25.67242
G1 X130.698 Y106.753 E25.69287
G1 X162.035 Y75.416 E27.54946
G1 X161.861 Y75.115 E27.56403
G1 X130.291 Y106.685 E29.43444
G1 X130.127 Y106.657 E29.44142
G1 X129.783 Y106.717 E29.45602
G1 X162.609 Y73.892 E31.40082
G1 E29.40082 F2400.000
G92 E0
G1 X164.916 Y71.109 F7800.000
G1 E2.00000 F2400.000
G1 F900.000
G1 X163.802 Y72.224 E2.06604
G1 X163.397 Y72.224 E2.08298
G1 X162.845 Y73.181 E2.12925
G1 X129.208 Y106.818 E4.12214
G1 X129.154 Y106.827 E4.12444
G1 X128.795 Y106.756 E4.13977
G1 X164.290 Y71.260 E6.24276
G1 X163.815 Y71.260 E6.26266
G1 X128.384 Y106.691 E8.36183
G1 X127.938 Y106.662 E8.38055
G1 X163.340 Y71.260 E10.47800
G1 X162.865 Y71.260 E10.49790
G1 X127.193 Y106.933 E12.61135
G1 X127.069 Y106.980 E12.61693
G1 X126.811 Y106.839 E12.62921
G1 X162.390 Y71.260 E14.73713
G1 X161.915 Y71.260 E14.75703
G1 X126.432 Y106.744 E16.85929
G1 X126.018 Y106.682 E16.87681
G1 X161.440 Y71.260 E18.97545
G1 X160.965 Y71.260 E18.99535
G1 X125.502 Y106.723 E21.09640
G1 X124.923 Y106.828 E21.12107
G1 X160.490 Y71.260 E23.22832
G1 X160.015 Y71.260 E23.24822
G1 X124.313 Y106.962 E25.36342
G1 X123.927 Y106.873 E25.38001
G1 X159.540 Y71.260 E27.48993
G1 X159.065 Y71.260 E27.50983
G1 X123.542 Y106.784 E29.61448
G1 X123.156 Y106.695 E29.63107
G1 X158.590 Y71.260 E31.73044
G1 X158.115 Y71.260 E31.75034
G1 X122.675 Y106.701 E33.85005
G1 X122.335 Y106.758 E33.86448
G1 X122.335 Y106.740 E33.86527
G1 X122.161 Y106.740 E33.87258
G1 X157.640 Y71.260 E35.97460
G1 X157.165 Y71.260 E35.99450
G1 X121.686 Y106.740 E38.09652
G1 X121.211 Y106.740 E38.11642
G1 X156.690 Y71.260 E40.21844
G1 X156.215 Y71.260 E40.23834
G1 X120.736 Y106.740 E42.34035
G1 X120.261 Y106.740 E42.36025
G1 X155.740 Y71.260 E44.46227
G1 X155.265 Y71.260 E44.48217
G1 X119.786 Y106.740 E46.58419
G1 X119.311 Y106.740 E46.60409
G1 X154.790 Y71.260 E48.70611
G1 X154.315 Y71.260 E48.72601
G1 X118.836 Y106.740 E50.82803
G1 X118.361 Y106.740 E50.84793
G1 X153.840 Y71.260 E52.94995
G1 X153.365 Y71.260 E52.96985
G1 X117.886 Y106.740 E55.07187
G1 X117.411 Y106.740 E55.09177
G1 X152.890 Y71.260 E57.19379
G1 X152.415 Y71.260 E57.21369
G1 X116.936 Y106.740 E59.31570
G1 X116.461 Y106.740 E59.33561
G1 X151.940 Y71.260 E61.43762
G1 X151.465 Y71.260 E61.45752
G1 X115.986 Y106.740 E63.55954
G1 X115.511 Y106.740 E63.57944
G1 X150.990 Y71.260 E65.68146
G1 X150.515 Y71.260 E65.70136
G1 X115.036 Y106.740 E67.80338
G1 X114.561 Y106.740 E67.82328
G1 X150.040 Y71.260 E69.92530
G1 X149.565 Y71.260 E69.94520
G1 X114.120 Y106.705 E72.04516
G1 X113.836 Y106.657 E72.05724
G1 X113.662 Y106.688 E72.06461
G1 X149.090 Y71.260 E74.16355
G1 X148.615 Y71.260 E74.18345
G1 X113.087 Y106.788 E76.28835
G1 X112.771 Y106.843 E76.30179
G1 X112.295 Y107.189 E76.32641
G1 X112.249 Y107.151 E76.32891
G1 X148.140 Y71.260 E78.45528
G1 X147.665 Y71.260 E78.47518
G1 X111.931 Y106.994 E80.59225
G1 X111.596 Y106.854 E80.60748
G1 X147.190 Y71.260 E82.71629
G1 X146.715 Y71.260 E82.73619
G1 X111.226 Y106.749 E84.83879
G1 X110.802 Y106.698 E84.85667
G1 X146.240 Y71.260 E86.95625
G1 X145.765 Y71.260 E86.97615
G1 X110.335 Y106.690 E89.07525
G1 X109.800 Y106.750 E89.09781
G1 X145.290 Y71.260 E91.20046
G1 X144.815 Y71.260 E91.22036
G1 X109.068 Y107.007 E93.33825
G1 X108.910 Y107.066 E93.34528
G1 X108.231 Y107.602 E93.38151
G1 X107.741 Y108.334 E93.41841
G1 X107.208 Y108.867 E93.45003
G1 X107.208 Y108.392 E93.46993
G1 X144.339 Y71.260 E95.66986
G1 X143.864 Y71.260 E95.68976
G1 X107.208 Y107.917 E97.86155
G1 X107.208 Y107.442 E97.88145
G1 X143.389 Y71.260 E100.02509
G1 X142.914 Y71.260 E100.04499
G1 X107.208 Y106.967 E102.16049
G1 X107.208 Y106.740 E102.17003
G1 X106.960 Y106.740 E102.18039
G1 X142.439 Y71.260 E104.28241
G1 X141.964 Y71.260 E104.30231
G1 X106.485 Y106.740 E106.40433
G1 X106.010 Y106.740 E106.42423
G1 X141.489 Y71.260 E108.52625
G1 X141.014 Y71.260 E108.54615
G1 X105.535 Y106.740 E110.64817
G1 X105.060 Y106.740 E110.66807
G1 X140.539 Y71.260 E112.77009
G1 X140.064 Y71.260 E112.78999
G1 X104.585 Y106.740 E114.89200
G1 X104.205 Y106.740 E114.90794
G1 X104.205 Y106.776 E114.90947
G1 X104.098 Y106.751 E114.91404
G1 X139.589 Y71.260 E117.01676
G1 X139.114 Y71.260 E117.03666
G1 X103.712 Y106.662 E119.13411
G1 X103.663 Y106.651 E119.13623
G1 X103.164 Y106.736 E119.15745
G1 X138.639 Y71.260 E121.25926
G1 X138.164 Y71.260 E121.27916
G1 X102.591 Y106.833 E123.38674
G1 X102.350 Y106.986 E123.39873
G1 X102.279 Y106.740 E123.40948
G1 X102.210 Y106.740 E123.41236
G1 X137.689 Y71.260 E125.51438
G1 X137.214 Y71.260 E125.53428
G1 X101.735 Y106.740 E127.63630
G1 X101.260 Y106.740 E127.65620
G1 X136.739 Y71.260 E129.75822
G1 X136.264 Y71.260 E129.77812
G1 X100.785 Y106.740 E131.88014
G1 X100.310 Y106.740 E131.90004
G1 X135.789 Y71.260 E134.00206
G1 X135.314 Y71.260 E134.02196
G1 X99.835 Y106.740 E136.12397
G1 X99.360 Y106.740 E136.14388
G1 X134.839 Y71.260 E138.24589
G1 X134.364 Y71.260 E138.26579
G1 X98.885 Y106.740 E140.36781
G1 X98.410 Y106.740 E140.38771
G1 X133.889 Y71.260 E142.48973
G1 X133.414 Y71.260 E142.50963
G1 X97.787 Y106.888 E144.62043
G1 X97.707 Y106.833 E144.62447
G1 X97.415 Y106.785 E144.63689
G1 X132.939 Y71.260 E146.74158
G1 X132.464 Y71.260 E146.76148
G1 X97.008 Y106.717 E148.86216
G1 X96.650 Y106.657 E148.87734
G1 X96.580 Y106.670 E148.88033
G1 X131.989 Y71.260 E150.97821
G1 X131.514 Y71.260 E150.99811
G1 X95.819 Y106.956 E153.11294
G1 E151.11294 F2400.000
G92 E0
G1 X93.872 Y108.427 F7800.000
G1 E2.00000 F2400.000
G1 F900.000
G1 X131.039 Y71.260 E4.20202
G1 X130.564 Y71.260 E4.22192
G1 X93.736 Y108.088 E6.40383
G1 X93.736 Y107.613 E6.42373
G1 X130.089 Y71.260 E8.57750
G1 X129.614 Y71.260 E8.59740
G1 X93.736 Y107.138 E10.72302
G1 X93.736 Y106.740 E10.73971
G1 X93.660 Y106.740 E10.74292
G1 X129.139 Y71.260 E12.84494
G1 X128.664 Y71.260 E12.86484
G1 X93.185 Y106.740 E14.96686
G1 X92.710 Y106.740 E14.98676
G1 X128.189 Y71.260 E17.08878
G1 X127.714 Y71.260 E17.10868
G1 X92.235 Y106.740 E19.21069
G1 X91.760 Y106.740 E19.23059
G1 X127.239 Y71.260 E21.33261
G1 X126.764 Y71.260 E21.35251
G1 X91.134 Y106.891 E23.46348
G1 E21.46348 F2400.000
G92 E0
G1 X87.855 Y109.695 F7800.000
G1 E2.00000 F2400.000
G1 F900.000
G1 X126.289 Y71.260 E4.27709
G1 X125.814 Y71.260 E4.29699
G1 X87.791 Y109.283 E6.54970
G1 X87.618 Y108.982 E6.56426
G1 X125.339 Y71.260 E8.79912
G1 X124.864 Y71.260 E8.81902
G1 X87.444 Y108.681 E11.03604
G1 X87.270 Y108.379 E11.05061
G1 X118.684 Y76.965 E12.91179
G1 X118.942 Y76.865 E12.92341
G1 X119.531 Y76.373 E12.95553
G1 X119.911 Y75.739 E12.98652
G1 X124.389 Y71.260 E13.25183
G1 X123.914 Y71.260 E13.27173
G1 X120.618 Y74.556 E13.46700
G1 X120.632 Y74.533 E13.46812
G1 X120.282 Y74.417 E13.48355
G1 X123.439 Y71.260 E13.67057
G1 X122.964 Y71.260 E13.69047
G1 X120.390 Y73.834 E13.84296
G1 X120.200 Y73.549 E13.85731
G1 X122.489 Y71.260 E13.99291
G1 X122.014 Y71.260 E14.01281
G1 X120.010 Y73.264 E14.13151
G1 X119.820 Y72.979 E14.14586
G1 X121.539 Y71.260 E14.24768
G1 X121.064 Y71.260 E14.26758
G1 X119.630 Y72.694 E14.35250
G1 X119.502 Y72.502 E14.36217
G1 X119.417 Y72.432 E14.36678
G1 X120.589 Y71.260 E14.43619
G1 X120.114 Y71.260 E14.45609
G1 X119.156 Y72.218 E14.51283
G1 X118.886 Y72.014 E14.52704
G1 X119.639 Y71.260 E14.57166
G1 X119.164 Y71.260 E14.59156
G1 X118.549 Y71.875 E14.62799
G1 X118.202 Y71.747 E14.64347
G1 X118.689 Y71.260 E14.67227
G1 X118.214 Y71.260 E14.69217
G1 X117.778 Y71.696 E14.71797
G1 X117.535 Y71.667 E14.72821
G1 X117.306 Y71.693 E14.73789
G1 X117.739 Y71.260 E14.76352
G1 X117.264 Y71.260 E14.78342
G1 X116.734 Y71.790 E14.81482
G1 X116.151 Y72.010 E14.84092
G1 X116.099 Y72.052 E14.84370
G1 X116.029 Y72.020 E14.84692
G1 X116.789 Y71.260 E14.89195
G1 X116.314 Y71.260 E14.91185
G1 X115.700 Y71.874 E14.94819
G1 X115.446 Y71.760 E14.95983
G1 X115.349 Y71.750 E14.96392
G1 X115.839 Y71.260 E14.99291
G1 X115.364 Y71.260 E15.01281
G1 X114.922 Y71.702 E15.03898
G1 X114.545 Y71.660 E15.05485
G1 X114.473 Y71.676 E15.05796
G1 X114.888 Y71.260 E15.08260
G1 X114.413 Y71.260 E15.10250
G1 X113.934 Y71.740 E15.13088
G1 X113.459 Y71.740 E15.15078
G1 X113.938 Y71.260 E15.17917
G1 X113.463 Y71.260 E15.19907
G1 X112.984 Y71.740 E15.22746
G1 X112.509 Y71.740 E15.24736
G1 X112.988 Y71.260 E15.27574
G1 X112.513 Y71.260 E15.29564
G1 X112.034 Y71.740 E15.32403
G1 X111.559 Y71.740 E15.34393
G1 X112.038 Y71.260 E15.37232
G1 X111.563 Y71.260 E15.39222
G1 X111.084 Y71.740 E15.42060
G1 X110.609 Y71.740 E15.44050
G1 X111.088 Y71.260 E15.46889
G1 X110.613 Y71.260 E15.48879
G1 X110.134 Y71.740 E15.51718
G1 X109.659 Y71.740 E15.53708
G1 X110.138 Y71.260 E15.56546
G1 X109.663 Y71.260 E15.58536
G1 X109.179 Y71.745 E15.61405
G1 X108.709 Y71.740 E15.63374
G1 X109.188 Y71.260 E15.66212
G1 X108.713 Y71.260 E15.68202
G1 X108.234 Y71.740 E15.71041
G1 X107.759 Y71.740 E15.73031
G1 X108.238 Y71.260 E15.75870
G1 X107.763 Y71.260 E15.77860
G1 X107.284 Y71.740 E15.80698
G1 X106.809 Y71.740 E15.82688
G1 X107.288 Y71.260 E15.85527
G1 X106.813 Y71.260 E15.87517
G1 X106.334 Y71.740 E15.90355
G1 X105.859 Y71.740 E15.92345
G1 X106.338 Y71.260 E15.95184
G1 X105.863 Y71.260 E15.97174
G1 X105.384 Y71.740 E16.00013
G1 X104.909 Y71.740 E16.02003
G1 X105.388 Y71.260 E16.04841
G1 X104.913 Y71.260 E16.06831
G1 X104.434 Y71.740 E16.09670
G1 X103.959 Y71.740 E16.11660
G1 X104.438 Y71.260 E16.14499
G1 X103.963 Y71.260 E16.16489
G1 X103.484 Y71.740 E16.19327
G1 X103.009 Y71.740 E16.21317
G1 X103.488 Y71.260 E16.24156
G1 X103.013 Y71.260 E16.26146
G1 X102.534 Y71.740 E16.28984
G1 X102.059 Y71.740 E16.30974
G1 X102.538 Y71.260 E16.33813
G1 X102.063 Y71.260 E16.35803
G1 X101.584 Y71.740 E16.38642
G1 X101.218 Y71.740 E16.40177
G1 X101.129 Y71.720 E16.40558
G1 X101.588 Y71.260 E16.43279
G1 X101.113 Y71.260 E16.45269
G1 X100.711 Y71.663 E16.47654
G1 X100.365 Y71.740 E16.49136
G1 X100.159 Y71.740 E16.50000
G1 X100.638 Y71.260 E16.52839
G1 X100.163 Y71.260 E16.54829
G1 X99.684 Y71.740 E16.57667
G1 X99.209 Y71.740 E16.59657
G1 X99.688 Y71.260 E16.62496
G1 X99.213 Y71.260 E16.64486
G1 X98.734 Y71.740 E16.67325
G1 X98.259 Y71.740 E16.69315
G1 X98.738 Y71.260 E16.72153
G1 X98.263 Y71.260 E16.74143
G1 X97.784 Y71.740 E16.76982
G1 X97.309 Y71.740 E16.78972
G1 X97.788 Y71.260 E16.81810
G1 X97.313 Y71.260 E16.83800
G1 X96.834 Y71.740 E16.86639
G1 X96.535 Y71.740 E16.87889
G1 X96.458 Y71.641 E16.88416
G1 X96.838 Y71.260 E16.90669
G1 X96.363 Y71.260 E16.92659
G1 X96.141 Y71.482 E16.93974
G1 E14.93974 F2400.000
G92 E0
G1 X118.184 Y76.990 F7800.000
G1 E2.00000 F2400.000
G1 F900.000
G1 X87.096 Y108.078 E3.84189
G1 X86.922 Y107.777 E3.85646
G1 X117.484 Y77.215 E5.66717
G1 X117.078 Y77.146 E5.68443
G1 X86.748 Y107.476 E7.48138
G1 X86.603 Y107.224 E7.49357
G1 X86.525 Y107.224 E7.49682
G1 X116.672 Y77.077 E9.28293
G1 X116.467 Y77.042 E9.29165
G1 X116.327 Y76.948 E9.29874
G1 X86.050 Y107.224 E11.09252
G1 X85.575 Y107.224 E11.11242
G1 X115.834 Y76.965 E12.90515
G1 X115.322 Y77.148 E12.92793
G1 X115.162 Y77.162 E12.93464
G1 X85.100 Y107.224 E14.71572
G1 X84.625 Y107.224 E14.73562
G1 X114.642 Y77.207 E16.51401
G1 X114.208 Y77.167 E16.53228
G1 X83.999 Y107.375 E18.32203
G1 E16.32203 F2400.000
G92 E0
G1 X81.109 Y109.790 F7800.000
G1 E2.00000 F2400.000
G1 F900.000
G1 X83.018 Y107.881 E2.11307
G1 X83.397 Y107.224 E2.14486
G1 X83.675 Y107.224 E2.15649
G1 X113.790 Y77.109 E3.94069
G1 X113.461 Y76.963 E3.95576
G1 X81.260 Y109.164 E5.86356
G1 X81.260 Y108.689 E5.88346
G1 X113.038 Y76.911 E7.76619
G1 X112.762 Y77.050 E7.77916
G1 X112.376 Y77.098 E7.79546
G1 X81.260 Y108.214 E9.63893
G1 X81.260 Y107.739 E9.65883
G1 X111.859 Y77.140 E11.47167
G1 X111.384 Y77.140 E11.49157
G1 X81.260 Y107.264 E13.27627
G1 X81.260 Y106.789 E13.29617
G1 X110.909 Y77.140 E15.05272
G1 X110.434 Y77.140 E15.07262
G1 X81.260 Y106.314 E16.80103
G1 X81.260 Y105.839 E16.82093
G1 X109.959 Y77.140 E18.52119
G1 X109.484 Y77.140 E18.54109
G1 X81.260 Y105.364 E20.21322
G1 X81.260 Y104.888 E20.23312
G1 X109.009 Y77.140 E21.87710
G1 X108.533 Y77.140 E21.89700
G1 X81.260 Y104.413 E23.51283
G1 X81.260 Y103.938 E23.53273
G1 X108.058 Y77.140 E25.12043
G1 X107.583 Y77.140 E25.14033
G1 X81.260 Y103.463 E26.69988
G1 X81.260 Y102.988 E26.71978
G1 X107.108 Y77.140 E28.25118
G1 X106.633 Y77.140 E28.27108
G1 X81.260 Y102.513 E29.77435
G1 X81.260 Y102.038 E29.79425
G1 X106.158 Y77.140 E31.26937
G1 X105.683 Y77.140 E31.28927
G1 X81.260 Y101.563 E32.73625
G1 X81.260 Y101.088 E32.75615
G1 X105.208 Y77.140 E34.17498
G1 X104.836 Y77.140 E34.19059
G1 X104.776 Y77.098 E34.19367
G1 X81.260 Y100.613 E35.58690
G1 X81.260 Y100.138 E35.60680
G1 X104.500 Y76.899 E36.98366
G1 X104.384 Y76.815 E36.98964
G1 X103.849 Y77.110 E37.01523
G1 X103.808 Y77.115 E37.01694
G1 X81.260 Y99.663 E38.35283
G1 X81.260 Y99.188 E38.37273
G1 X103.259 Y77.190 E39.67608
G1 X103.060 Y77.216 E39.68449
G1 X102.795 Y77.179 E39.69572
G1 X81.260 Y98.713 E40.97157
G1 X81.260 Y98.238 E40.99147
G1 X102.379 Y77.120 E42.24266
G1 X102.310 Y77.110 E42.24555
G1 X102.051 Y76.973 E42.25785
G1 X81.260 Y97.763 E43.48963
G1 X81.260 Y97.288 E43.50953
G1 X101.456 Y77.092 E44.70606
G1 X100.850 Y77.223 E44.73203
G1 X81.260 Y96.813 E45.89266
G1 X81.260 Y96.338 E45.91256
G1 X100.442 Y77.156 E47.04903
G1 X100.049 Y77.074 E47.06585
G1 X81.260 Y95.863 E48.17903
G1 X81.260 Y95.388 E48.19893
G1 X99.695 Y76.954 E49.29109
G1 X99.661 Y76.924 E49.29297
G1 X99.323 Y77.110 E49.30913
G1 X99.023 Y77.150 E49.32182
G1 X81.260 Y94.913 E50.37420
G1 X81.260 Y94.438 E50.39410
G1 X98.489 Y77.210 E51.41482
G1 X98.073 Y77.151 E51.43242
G1 X81.260 Y93.963 E52.42849
G1 X81.260 Y93.488 E52.44839
G1 X97.689 Y77.059 E53.42174
G1 X97.379 Y76.895 E53.43645
G1 X81.260 Y93.013 E54.39142
G1 X81.260 Y92.538 E54.41132
G1 X97.073 Y76.725 E55.34819
G1 X96.857 Y76.466 E55.36232
G1 X81.260 Y92.063 E56.28639
G1 X81.260 Y91.588 E56.30629
G1 X95.580 Y77.268 E57.15468
G1 X95.105 Y77.268 E57.17458
G1 X81.260 Y91.113 E57.99482
G1 X81.260 Y90.638 E58.01472
G1 X94.630 Y77.268 E58.80683
G1 X94.155 Y77.268 E58.82673
G1 X81.260 Y90.163 E59.59069
G1 X81.260 Y89.688 E59.61059
G1 X93.680 Y77.268 E60.34640
G1 X93.205 Y77.268 E60.36630
G1 X81.260 Y89.213 E61.07398
G1 X81.260 Y88.738 E61.09388
G1 X92.730 Y77.268 E61.77341
G1 X92.255 Y77.268 E61.79331
G1 X81.260 Y88.263 E62.44469
G1 X81.260 Y87.788 E62.46459
G1 X91.845 Y77.203 E63.09169
G1 X91.636 Y76.938 E63.10586
G1 X81.260 Y87.313 E63.72056
G1 X81.260 Y86.838 E63.74046
G1 X91.426 Y76.672 E64.34276
G1 X91.217 Y76.406 E64.35693
G1 X81.260 Y86.363 E64.94684
G1 X81.260 Y85.888 E64.96674
G1 X91.031 Y76.117 E65.54563
G1 X90.869 Y75.804 E65.56039
G1 X81.260 Y85.413 E66.12966
G1 X81.260 Y84.938 E66.14956
G1 X90.727 Y75.471 E66.71042
G1 X90.623 Y75.100 E66.72656
G1 X81.260 Y84.463 E67.28125
G1 X81.260 Y83.988 E67.30115
G1 X90.544 Y74.704 E67.85119
G1 X90.508 Y74.266 E67.86962
G1 X81.260 Y83.513 E68.41749
G1 X81.260 Y83.038 E68.43739
G1 X90.519 Y73.779 E68.98592
G1 X90.575 Y73.248 E69.00830
G1 X87.362 Y76.462 E69.19868
G1 X88.010 Y75.338 E69.25305
G1 X90.759 Y72.590 E69.41588
G1 X91.110 Y71.906 E69.44807
G1 X91.618 Y71.260 E69.48249
G1 X88.084 Y74.789 E69.69174
G1 X87.910 Y74.488 E69.70630
G1 X91.138 Y71.260 E69.89754
G1 X90.663 Y71.260 E69.91744
G1 X87.736 Y74.187 E70.09083
G1 X87.562 Y73.886 E70.10540
G1 X90.188 Y71.260 E70.26095
G1 X89.713 Y71.260 E70.28085
G1 X87.388 Y73.585 E70.41855
G1 X87.214 Y73.284 E70.43312
G1 X89.238 Y71.260 E70.55299
G1 X88.763 Y71.260 E70.57289
G1 X87.041 Y72.982 E70.67491
G1 X86.867 Y72.681 E70.68948
G1 X88.288 Y71.260 E70.77366
G1 X87.813 Y71.260 E70.79356
G1 X86.693 Y72.380 E70.85990
G1 X86.603 Y72.224 E70.86745
G1 X86.374 Y72.224 E70.87704
G1 X87.338 Y71.260 E70.93413
G1 X86.863 Y71.260 E70.95403
G1 X85.899 Y72.224 E71.01111
G1 X85.424 Y72.224 E71.03101
G1 X86.388 Y71.260 E71.08810
G1 X85.913 Y71.260 E71.10800
G1 X84.949 Y72.224 E71.16509
G1 X84.474 Y72.224 E71.18499
G1 X85.438 Y71.260 E71.24208
G1 X84.962 Y71.260 E71.26198
G1 X83.848 Y72.375 E71.32802
G1 E69.32802 F2400.000
G92 E0
G1 X86.198 Y77.625 F7800.000
G1 E2.00000 F2400.000
G1 F900.000
G1 X81.260 Y82.563 E2.29255
G1 X81.260 Y82.088 E2.31245
G1 X85.572 Y77.776 E2.56791
G1 X85.097 Y77.776 E2.58781
G1 X81.260 Y81.613 E2.81512
G1 X81.260 Y81.138 E2.83502
G1 X84.622 Y77.776 E3.03419
G1 X84.147 Y77.776 E3.05409
G1 X81.260 Y80.663 E3.22512
G1 X81.260 Y80.188 E3.24502
G1 X83.672 Y77.776 E3.38790
G1 X83.397 Y77.776 E3.39942
G1 X83.324 Y77.649 E3.40556
G1 X81.260 Y79.713 E3.52782
G1 X81.260 Y79.238 E3.54772
G1 X83.150 Y77.348 E3.65968
G1 X82.976 Y77.047 E3.67425
G1 X81.260 Y78.763 E3.77590
G1 X81.260 Y78.288 E3.79580
G1 X82.802 Y76.746 E3.88716
G1 X82.629 Y76.444 E3.90173
G1 X81.260 Y77.813 E3.98279
G1 X81.260 Y77.338 E4.00269
G1 X82.455 Y76.143 E4.07344
G1 X82.281 Y75.842 E4.08801
G1 X81.260 Y76.863 E4.14846
G1 X81.260 Y76.388 E4.16836
G1 X82.107 Y75.541 E4.21852
G1 X81.933 Y75.240 E4.23309
G1 X81.260 Y75.913 E4.27294
G1 X81.260 Y75.438 E4.29284
G1 X81.927 Y74.771 E4.33231
G1 X82.575 Y73.647 E4.38667
G1 X81.260 Y74.962 E4.46459
G1 X81.260 Y74.487 E4.48449
G1 X84.487 Y71.260 E4.67568
G1 X84.012 Y71.260 E4.69558
G1 X81.260 Y74.012 E4.85863
G1 X81.260 Y73.537 E4.87853
G1 X83.537 Y71.260 E5.01343
G1 X83.062 Y71.260 E5.03333
G1 X81.260 Y73.062 E5.14009
G1 X81.260 Y72.587 E5.15999
G1 X82.587 Y71.260 E5.23861
G1 X82.112 Y71.260 E5.25851
G1 X81.260 Y72.112 E5.30899
G1 X81.260 Y71.637 E5.32889
G1 X81.788 Y71.109 E5.36017
G1 E3.36017 F2400.000
G92 E0
G1 X169.787 Y114.625 F7800.000
G1 E2.00000 F2400.000
;TYPE:Ironing
;WIDTH:0.406036
;HEIGHT:0.028125
G1 F900.000
G1 X80.325 Y114.625 E2.41843
G1 X80.325 Y114.375 E2.41960
G1 X169.675 Y114.375 E2.83751
G1 X169.675 Y114.125 E2.83868
G1 X80.325 Y114.125 E3.25659
G1 X80.325 Y113.875 E3.25776
G1 X169.675 Y113.875 E3.67567
G1 X169.675 Y113.625 E3.67684
G1 X80.325 Y113.625 E4.09475
G1 X80.325 Y113.375 E4.09591
G1 X169.675 Y113.375 E4.51382
G1 X169.675 Y113.125 E4.51499
G1 X80.325 Y113.125 E4.93290
G1 X80.325 Y112.875 E4.93407
G1 X169.675 Y112.875 E5.35198
G1 X169.675 Y112.625 E5.35315
G1 X80.325 Y112.625 E5.77106
G1 X80.325 Y112.375 E5.77223
G1 X169.675 Y112.375 E6.19013
G1 X169.675 Y112.125 E6.19130
G1 X80.325 Y112.125 E6.60921
G1 X80.325 Y111.875 E6.61038
G1 X91.632 Y111.875 E6.66327
G1 X91.632 Y111.625 E6.66444
G1 X86.187 Y111.625 E6.68990
G1 X86.331 Y111.375 E6.69125
G1 X91.632 Y111.375 E6.71604
G1 X91.632 Y111.125 E6.71721
G1 X86.476 Y111.125 E6.74133
G1 X86.620 Y110.875 E6.74268
G1 X91.632 Y110.875 E6.76612
G1 X91.632 Y110.625 E6.76729
G1 X86.764 Y110.625 E6.79006
G1 X86.909 Y110.375 E6.79141
G1 X91.632 Y110.375 E6.81350
G1 X91.632 Y110.125 E6.81467
G1 X87.053 Y110.125 E6.83609
G1 X87.125 Y110.000 E6.83676
G1 X87.053 Y109.875 E6.83744
G1 X91.632 Y109.875 E6.85885
G1 X91.632 Y109.625 E6.86002
G1 X86.909 Y109.625 E6.88211
G1 X86.764 Y109.375 E6.88346
G1 X91.632 Y109.375 E6.90623
G1 X91.632 Y109.125 E6.90740
G1 X86.620 Y109.125 E6.93084
G1 X86.476 Y108.875 E6.93219
G1 X91.632 Y108.875 E6.95631
G1 X91.632 Y108.625 E6.95748
G1 X86.331 Y108.625 E6.98227
G1 X86.187 Y108.375 E6.98362
G1 X91.745 Y108.375 E7.00961
G1 E5.00961 F2400.000
G92 E0
G1 X94.386 Y111.875 F7800.000
G1 E2.00000 F2400.000
G1 F900.000
G1 X109.321 Y111.875 E2.06985
G1 X108.945 Y111.625 E2.07197
G1 X94.906 Y111.625 E2.13763
G1 X95.089 Y111.375 E2.13908
G1 X108.783 Y111.375 E2.20312
G1 X108.634 Y111.125 E2.20449
G1 X107.159 Y111.125 E2.21138
G1 X107.159 Y110.875 E2.21255
G1 X108.484 Y110.875 E2.21875
G1 X108.445 Y110.625 E2.21993
G1 X107.159 Y110.625 E2.22594
G1 X107.159 Y110.375 E2.22711
G1 X108.407 Y110.375 E2.23295
G1 X108.369 Y110.125 E2.23413
G1 X106.397 Y110.125 E2.24336
G1 X106.307 Y109.902 E2.24449
G1 X106.304 Y109.875 E2.24461
G1 X108.349 Y109.875 E2.25417
G1 X108.373 Y109.625 E2.25535
G1 X106.281 Y109.625 E2.26513
G1 X106.272 Y109.525 E2.26560
G1 X106.272 Y109.375 E2.26630
G1 X108.397 Y109.375 E2.27624
G1 X108.405 Y109.294 E2.27662
G1 X108.462 Y109.125 E2.27746
G1 X106.272 Y109.125 E2.28770
G1 X106.272 Y108.875 E2.28887
G1 X108.546 Y108.875 E2.29950
G1 X108.597 Y108.724 E2.30025
G1 X108.665 Y108.625 E2.30081
G1 X106.272 Y108.625 E2.31200
G1 X106.272 Y108.375 E2.31317
G1 X108.836 Y108.375 E2.32516
G1 X108.923 Y108.248 E2.32588
G1 X109.078 Y108.125 E2.32680
G1 X106.272 Y108.125 E2.33993
G1 X106.272 Y107.875 E2.34110
G1 X109.726 Y107.875 E2.35725
G1 E0.35725 F2400.000
G92 E0
G1 X112.078 Y108.375 F7800.000
G1 E2.00000 F2400.000
G1 F900.000
G1 X112.480 Y108.375 E2.00188
G1 X112.608 Y108.125 E2.00319
G1 X111.959 Y108.125 E2.00623
G1 X111.701 Y107.911 E2.00780
G1 X111.615 Y107.875 E2.00824
G1 X113.134 Y107.875 E2.01534
G1 E0.01534 F2400.000
G92 E0
G1 X115.232 Y108.625 F7800.000
G1 E2.00000 F2400.000
G1 F900.000
G1 X115.383 Y108.625 E2.00071
G1 X115.383 Y108.375 E2.00188
G1 X115.227 Y108.375 E2.00261
G1 X115.094 Y108.125 E2.00393
G1 X115.383 Y108.125 E2.00528
G1 X115.383 Y107.875 E2.00645
G1 X114.559 Y107.875 E2.01031
G1 E0.01031 F2400.000
G92 E0
G1 X116.503 Y110.125 F7800.000
G1 E2.00000 F2400.000
G1 F900.000
G1 X117.220 Y110.125 E2.00335
G1 X117.240 Y109.875 E2.00452
G1 X116.547 Y109.875 E2.00777
G1 X116.522 Y109.625 E2.00894
G1 X117.240 Y109.625 E2.01230
G1 X117.240 Y109.375 E2.01347
G1 X116.522 Y109.375 E2.01683
G1 X116.522 Y109.125 E2.01800
G1 X117.240 Y109.125 E2.02135
G1 X117.240 Y108.875 E2.02252
G1 X116.522 Y108.875 E2.02588
G1 X116.522 Y108.625 E2.02705
G1 X117.240 Y108.625 E2.03041
G1 X117.240 Y108.375 E2.03158
G1 X116.522 Y108.375 E2.03494
G1 X116.522 Y108.125 E2.03611
G1 X117.240 Y108.125 E2.03946
G1 X117.240 Y107.875 E2.04063
G1 X116.410 Y107.875 E2.04452
G1 E0.04452 F2400.000
G92 E0
G1 X119.521 Y110.125 F7800.000
G1 E2.00000 F2400.000
G1 F900.000
G1 X120.238 Y110.125 E2.00335
G1 X120.257 Y109.875 E2.00452
G1 X119.564 Y109.875 E2.00777
G1 X119.540 Y109.625 E2.00894
G1 X120.258 Y109.625 E2.01230
G1 X120.258 Y109.375 E2.01347
G1 X119.540 Y109.375 E2.01683
G1 X119.540 Y109.125 E2.01800
G1 X120.258 Y109.125 E2.02135
G1 X120.258 Y108.875 E2.02252
G1 X119.540 Y108.875 E2.02588
G1 X119.540 Y108.625 E2.02705
G1 X120.258 Y108.625 E2.03041
G1 X120.258 Y108.375 E2.03158
G1 X119.540 Y108.375 E2.03494
G1 X119.540 Y108.125 E2.03611
G1 X120.258 Y108.125 E2.03946
G1 X120.258 Y107.875 E2.04063
G1 X119.427 Y107.875 E2.04452
G1 E0.04452 F2400.000
G92 E0
G1 X121.287 Y108.625 F7800.000
G1 E2.00000 F2400.000
G1 F900.000
G1 X121.412 Y108.625 E2.00058
G1 X121.543 Y108.375 E2.00190
G1 X121.400 Y108.375 E2.00257
G1 X121.400 Y108.125 E2.00374
G1 X121.674 Y108.125 E2.00503
G1 X122.014 Y107.875 E2.00700
G1 X121.287 Y107.875 E2.01040
G1 X122.410 Y108.875 F7800.000
G1 F900.000
G1 X123.515 Y108.875 E2.01557
G1 X124.183 Y108.375 F7800.000
G1 F900.000
G1 X124.550 Y108.375 E2.01729
G1 X124.676 Y108.125 E2.01860
G1 X124.124 Y108.125 E2.02118
G1 X123.921 Y107.875 E2.02268
G1 X125.193 Y107.875 E2.02863
G1 X127.080 Y108.375 F7800.000
G1 F900.000
G1 X127.241 Y108.375 E2.02939
G1 X127.314 Y108.125 E2.03061
G1 X127.019 Y108.125 E2.03198
G1 X126.861 Y107.933 E2.03315
G1 X126.755 Y107.875 E2.03371
G1 X127.663 Y107.875 E2.03796
G1 X128.806 Y107.875 F7800.000
G1 F900.000
G1 X129.425 Y107.875 E2.04085
G1 E0.04085 F2400.000
G92 E0
G1 X128.795 Y110.125 F7800.000
G1 E2.00000 F2400.000
G1 F900.000
G1 X128.327 Y110.125 E2.00219
G1 X128.327 Y109.875 E2.00336
G1 X128.606 Y109.875 E2.00467
G1 X128.535 Y109.625 E2.00588
G1 X128.327 Y109.625 E2.00685
G1 X128.327 Y109.375 E2.00802
G1 X128.515 Y109.375 E2.00890
G1 X128.546 Y109.125 E2.01008
G1 X128.327 Y109.125 E2.01110
G1 X128.327 Y108.875 E2.01227
G1 X128.690 Y108.875 E2.01397
G1 E0.01397 F2400.000
G92 E0
G1 X126.266 Y110.125 F7800.000
G1 E2.00000 F2400.000
G1 F900.000
G1 X125.555 Y110.125 E2.00333
G1 X125.487 Y109.943 E2.00424
G1 X125.481 Y109.875 E2.00455
G1 X127.299 Y109.875 E2.01306
G1 X127.299 Y109.625 F7800.000
G1 F900.000
G1 X125.461 Y109.625 E2.02166
G1 X125.449 Y109.487 E2.02231
G1 X125.459 Y109.375 E2.02283
G1 X127.299 Y109.375 E2.03144
G1 X127.299 Y109.125 F7800.000
G1 F900.000
G1 X125.482 Y109.125 E2.03994
G1 X125.489 Y109.044 E2.04032
G1 X125.553 Y108.875 E2.04117
G1 X126.289 Y108.875 E2.04461
G1 E0.04461 F2400.000
G92 E0
G1 X131.523 Y108.625 F7800.000
G1 E2.00000 F2400.000
G1 F900.000
G1 X131.674 Y108.625 E2.00071
G1 X131.674 Y108.375 E2.00188
G1 X131.518 Y108.375 E2.00261
G1 X131.385 Y108.125 E2.00393
G1 X131.674 Y108.125 E2.00528
G1 X131.674 Y107.875 E2.00645
G1 X130.850 Y107.875 E2.01031
G1 E0.01031 F2400.000
G92 E0
G1 X112.647 Y110.625 F7800.000
G1 E2.00000 F2400.000
G1 F900.000
G1 X111.768 Y110.625 E2.00411
G1 X111.616 Y111.875 F7800.000
G1 F900.000
G1 X169.675 Y111.875 E2.27567
G1 X169.675 Y111.625 E2.27684
G1 X166.187 Y111.625 E2.29315
G1 X166.331 Y111.375 E2.29450
G1 X169.675 Y111.375 E2.31014
G1 X169.675 Y111.125 E2.31131
G1 X166.476 Y111.125 E2.32627
G1 X166.620 Y110.875 E2.32762
G1 X169.675 Y110.875 E2.34191
G1 X169.675 Y110.625 E2.34308
G1 X166.764 Y110.625 E2.35669
G1 X166.909 Y110.375 E2.35804
G1 X169.675 Y110.375 E2.37098
G1 X169.675 Y110.125 E2.37215
G1 X167.053 Y110.125 E2.38441
G1 X167.125 Y110.000 E2.38509
G1 X167.053 Y109.875 E2.38576
G1 X169.675 Y109.875 E2.39803
G1 X169.675 Y109.625 E2.39920
G1 X166.909 Y109.625 E2.41213
G1 X166.764 Y109.375 E2.41348
G1 X169.675 Y109.375 E2.42710
G1 X169.675 Y109.125 E2.42827
G1 X166.620 Y109.125 E2.44256
G1 X166.476 Y108.875 E2.44391
G1 X169.675 Y108.875 E2.45887
G1 X169.675 Y108.625 E2.46004
G1 X166.331 Y108.625 E2.47568
G1 X166.187 Y108.375 E2.47703
G1 X169.787 Y108.375 E2.49387
G1 E0.49387 F2400.000
G92 E0
G1 X163.943 Y111.625 F7800.000
G1 E2.00000 F2400.000
G1 F900.000
G1 X128.327 Y111.625 E2.16658
G1 X128.327 Y111.375 E2.16775
G1 X163.669 Y111.375 E2.33305
G1 X163.524 Y111.125 E2.33440
G1 X133.700 Y111.125 E2.47390
G1 X133.700 Y110.875 E2.47506
G1 X163.380 Y110.875 E2.61388
G1 X163.236 Y110.625 E2.61523
G1 X133.700 Y110.625 E2.75337
G1 X133.700 Y110.375 E2.75454
G1 X163.091 Y110.375 E2.89201
G1 X162.947 Y110.125 E2.89336
G1 X132.938 Y110.125 E3.03372
G1 X132.845 Y109.875 E3.03497
G1 X162.947 Y109.875 E3.17576
G1 X163.091 Y109.625 E3.17711
G1 X132.822 Y109.625 E3.31868
G1 X132.813 Y109.525 E3.31915
G1 X132.813 Y109.375 E3.31985
G1 X163.236 Y109.375 E3.46214
G1 X163.380 Y109.125 E3.46349
G1 X132.813 Y109.125 E3.60646
G1 X132.813 Y108.875 E3.60763
G1 X163.524 Y108.875 E3.75127
G1 X163.669 Y108.625 E3.75262
G1 X132.813 Y108.625 E3.89694
G1 X132.813 Y108.375 E3.89811
G1 X163.943 Y108.375 E4.04371
G1 E2.04371 F2400.000
G92 E0
G1 X169.787 Y108.125 F7800.000
G1 E2.00000 F2400.000
G1 F900.000
G1 X132.813 Y108.125 E2.17294
G1 X132.813 Y107.875 E2.17411
G1 X169.787 Y107.875 E2.34704
G1 E0.34704 F2400.000
G92 E0
G1 X131.765 Y111.125 F7800.000
G1 E2.00000 F2400.000
G1 F900.000
G1 X131.001 Y111.125 E2.00357
G1 X131.364 Y110.875 E2.00563
G1 X131.660 Y110.875 E2.00702
G1 X131.669 Y110.625 E2.00819
G1 X131.509 Y110.625 E2.00894
G1 X131.634 Y110.375 E2.01025
G1 X131.785 Y110.375 E2.01095
G1 E0.01095 F2400.000
G92 E0
G1 X129.862 Y111.125 F7800.000
G1 E2.00000 F2400.000
G1 F900.000
G1 X128.870 Y111.125 E2.00464
G1 X128.870 Y110.875 E2.00581
G1 X129.217 Y110.875 E2.00744
G1 X127.466 Y111.625 F7800.000
G1 F900.000
G1 X112.126 Y111.625 E2.07918
G1 X112.161 Y111.597 E2.07939
G1 X112.297 Y111.375 E2.08061
G1 X127.295 Y111.375 E2.15076
G1 X127.271 Y111.269 E2.15126
G1 X126.847 Y111.269 E2.15325
G1 X126.847 Y111.125 E2.15392
G1 X126.412 Y111.125 E2.15595
G1 X125.331 Y111.125 F7800.000
G1 F900.000
G1 X123.483 Y111.125 E2.16459
G1 X124.095 Y110.875 E2.16768
G1 X124.743 Y110.875 E2.17071
G1 X124.683 Y110.830 E2.17107
G1 X124.579 Y110.625 E2.17214
G1 X124.215 Y110.625 E2.17384
G1 X124.283 Y110.375 E2.17505
G1 X124.452 Y110.375 E2.17584
G1 X124.378 Y110.230 E2.17660
G1 X124.365 Y110.125 E2.17710
G1 X124.235 Y110.125 E2.17771
G1 E0.17771 F2400.000
G92 E0
G1 X122.345 Y111.125 F7800.000
G1 E2.00000 F2400.000
G1 F900.000
G1 X120.889 Y111.125 E2.00681
G1 X121.097 Y110.995 E2.00795
G1 X121.160 Y110.875 E2.00859
G1 X121.739 Y110.875 E2.01129
G1 X121.685 Y110.837 E2.01160
G1 X121.571 Y110.625 E2.01273
G1 X121.292 Y110.625 E2.01404
G1 X121.334 Y110.544 E2.01446
G1 X121.354 Y110.375 E2.01526
G1 X121.565 Y110.375 E2.01625
G1 E0.01625 F2400.000
G92 E0
G1 X118.487 Y111.125 F7800.000
G1 E2.00000 F2400.000
G1 F900.000
G1 X117.872 Y111.125 E2.00288
G1 X118.079 Y110.995 E2.00402
G1 X118.142 Y110.875 E2.00465
G1 X118.388 Y110.875 E2.00580
G1 X118.398 Y110.625 E2.00697
G1 X118.274 Y110.625 E2.00755
G1 X118.317 Y110.544 E2.00798
G1 X118.337 Y110.375 E2.00878
G1 X118.400 Y110.375 E2.00907
G1 X118.401 Y110.125 E2.01024
G1 X118.366 Y110.125 E2.01041
G1 X118.382 Y109.875 E2.01158
G1 X118.401 Y109.875 E2.01166
G1 X118.401 Y109.625 E2.01283
G1 X118.382 Y109.625 E2.01292
G1 X118.382 Y109.375 E2.01409
G1 X118.401 Y109.375 E2.01418
G1 X118.401 Y109.125 E2.01535
G1 X118.382 Y109.125 E2.01543
G1 X118.382 Y108.875 E2.01660
G1 X118.401 Y108.875 E2.01669
G1 X118.401 Y108.625 E2.01786
G1 X118.382 Y108.625 E2.01794
G1 X118.382 Y108.375 E2.01911
G1 X118.401 Y108.375 E2.01920
G1 X118.382 Y107.875 E2.02154
G1 X118.513 Y107.875 E2.02215
G1 E0.02215 F2400.000
G92 E0
G1 X115.469 Y111.125 F7800.000
G1 E2.00000 F2400.000
G1 F900.000
G1 X114.710 Y111.125 E2.00355
G1 X115.073 Y110.875 E2.00561
G1 X115.371 Y110.875 E2.00700
G1 X115.380 Y110.625 E2.00818
G1 X115.218 Y110.625 E2.00894
G1 X115.343 Y110.375 E2.01024
G1 X115.495 Y110.375 E2.01096
G1 E0.01096 F2400.000
G92 E0
G1 X113.571 Y111.125 F7800.000
G1 E2.00000 F2400.000
G1 F900.000
G1 X112.451 Y111.125 E2.00524
G1 X112.604 Y110.875 E2.00661
G1 X112.926 Y110.875 E2.00812
G1 X111.128 Y111.125 F7800.000
G1 F900.000
G1 X110.405 Y111.125 E2.01151
G1 X110.106 Y111.070 E2.01293
G1 X109.838 Y110.875 E2.01448
G1 X111.252 Y110.875 E2.02109
G1 X111.405 Y110.625 E2.02246
G1 X109.680 Y110.625 E2.03053
G1 X109.599 Y110.476 E2.03132
G1 X109.585 Y110.375 E2.03180
G1 X112.459 Y110.375 E2.04524
G1 X112.387 Y110.125 E2.04646
G1 X109.551 Y110.125 E2.05972
G1 X109.525 Y109.938 E2.06060
G1 X109.534 Y109.875 E2.06090
G1 X112.315 Y109.875 E2.07391
G1 X112.244 Y109.625 E2.07513
G1 X109.570 Y109.625 E2.08763
G1 X109.616 Y109.375 E2.08882
G1 X111.535 Y109.375 E2.09779
G1 X111.689 Y109.556 E2.09891
G1 X112.053 Y109.375 E2.10081
G1 X112.337 Y109.375 E2.10214
G1 X111.469 Y109.125 F7800.000
G1 F900.000
G1 X109.754 Y109.125 E2.11016
G1 X109.816 Y109.013 E2.11076
G1 X110.001 Y108.875 E2.11184
G1 X111.256 Y108.875 E2.11771
G1 E0.11771 F2400.000
G92 E0
G1 X105.246 Y108.375 F7800.000
G1 E2.00000 F2400.000
G1 F900.000
G1 X105.025 Y108.375 E2.00103
G1 X104.822 Y108.125 E2.00254
G1 X105.133 Y108.125 E2.00400
G1 X105.133 Y107.875 E2.00517
G1 X104.306 Y107.875 E2.00904
G1 X104.212 Y108.875 F7800.000
G1 F900.000
G1 X103.107 Y108.875 E2.01420
G1 X102.124 Y109.125 F7800.000
G1 F900.000
G1 X101.989 Y109.125 E2.01483
G1 X101.917 Y108.875 E2.01605
G1 X102.042 Y108.875 E2.01663
G1 X102.062 Y108.715 E2.01738
G1 X102.109 Y108.625 E2.01786
G1 X101.846 Y108.625 E2.01909
G1 X101.774 Y108.375 E2.02031
G1 X102.240 Y108.375 E2.02249
G1 X102.372 Y108.125 E2.02381
G1 X101.703 Y108.125 E2.02694
G1 X101.631 Y107.875 E2.02816
G1 X102.908 Y107.875 E2.03413
G1 E0.03413 F2400.000
G92 E0
G1 X100.264 Y109.125 F7800.000
G1 E2.00000 F2400.000
G1 F900.000
G1 X100.141 Y109.125 E2.00058
G1 X100.077 Y108.875 E2.00178
G1 X100.210 Y108.875 E2.00241
G1 X100.272 Y108.625 E2.00361
G1 X100.013 Y108.625 E2.00482
G1 X99.949 Y108.375 E2.00603
G1 X100.333 Y108.375 E2.00782
G1 X100.395 Y108.125 E2.00903
G1 X99.885 Y108.125 E2.01141
G1 X99.821 Y107.875 E2.01262
G1 X100.573 Y107.875 E2.01614
G1 E0.01614 F2400.000
G92 E0
G1 X98.417 Y109.125 F7800.000
G1 E2.00000 F2400.000
G1 F900.000
G1 X98.266 Y109.125 E2.00071
G1 X98.234 Y108.875 E2.00189
G1 X98.370 Y108.875 E2.00252
G1 X98.440 Y108.625 E2.00374
G1 X98.174 Y108.625 E2.00498
G1 X98.041 Y108.375 E2.00630
G1 X98.510 Y108.375 E2.00850
G1 X98.580 Y108.125 E2.00971
G1 X97.909 Y108.125 E2.01285
G1 X97.892 Y108.093 E2.01302
G1 X97.573 Y107.875 E2.01483
G1 X98.767 Y107.875 E2.02041
G1 E0.02041 F2400.000
G92 E0
G1 X98.787 Y111.125 F7800.000
G1 E2.00000 F2400.000
G1 F900.000
G1 X99.599 Y111.125 E2.00380
G1 X99.533 Y110.875 E2.00501
G1 X98.965 Y110.875 E2.00767
G1 X99.027 Y110.625 E2.00887
G1 X99.468 Y110.625 E2.01094
G1 X99.402 Y110.375 E2.01215
G1 X99.089 Y110.375 E2.01361
G1 X99.151 Y110.125 E2.01481
G1 X99.336 Y110.125 E2.01568
G1 X99.270 Y109.875 E2.01689
G1 X99.097 Y109.875 E2.01770
G1 X97.857 Y111.125 F7800.000
G1 F900.000
G1 X97.287 Y111.125 E2.02037
G1 X96.386 Y111.125 F7800.000
G1 F900.000
G1 X95.171 Y111.125 E2.02605
G1 X95.217 Y110.875 E2.02724
G1 X95.429 Y110.875 E2.02823
G1 X95.345 Y110.625 E2.02946
G1 X95.238 Y110.625 E2.02996
G1 X95.193 Y110.375 E2.03115
G1 X95.273 Y110.375 E2.03153
G1 X95.201 Y110.125 E2.03274
G1 X95.147 Y110.125 E2.03300
G1 X95.138 Y110.075 E2.03323
G1 X94.996 Y109.875 E2.03438
G1 X95.130 Y109.875 E2.03501
G1 X95.058 Y109.625 E2.03623
G1 X94.819 Y109.625 E2.03734
G1 X94.789 Y109.583 E2.03759
G1 X94.427 Y109.375 E2.03954
G1 X95.038 Y109.375 E2.04240
G1 X95.069 Y109.125 E2.04358
G1 X92.801 Y109.125 E2.05419
G1 X92.801 Y108.875 E2.05536
G1 X95.100 Y108.875 E2.06611
G1 X95.120 Y108.718 E2.06685
G1 X95.167 Y108.625 E2.06734
G1 X92.801 Y108.625 E2.07841
G1 X92.801 Y108.375 E2.07958
G1 X95.295 Y108.375 E2.09124
G1 X95.422 Y108.125 E2.09255
G1 X92.801 Y108.125 E2.10481
G1 X92.801 Y107.875 E2.10598
G1 X95.948 Y107.875 E2.12070
G1 E0.12070 F2400.000
G92 E0
G1 X100.586 Y111.125 F7800.000
G1 E2.00000 F2400.000
G1 F900.000
G1 X101.404 Y111.125 E2.00382
G1 X101.339 Y110.875 E2.00503
G1 X100.766 Y110.875 E2.00772
G1 X100.829 Y110.625 E2.00892
G1 X101.275 Y110.625 E2.01101
G1 X101.210 Y110.375 E2.01221
G1 X100.893 Y110.375 E2.01370
G1 X100.956 Y110.125 E2.01491
G1 X101.146 Y110.125 E2.01579
G1 X101.082 Y109.875 E2.01700
G1 X100.904 Y109.875 E2.01783
G1 X102.445 Y111.125 F7800.000
G1 F900.000
G1 X103.042 Y111.125 E2.02063
G1 X103.883 Y111.125 F7800.000
G1 F900.000
G1 X105.111 Y111.125 E2.02637
G1 X105.119 Y110.875 E2.02754
G1 X104.792 Y110.875 E2.02907
G1 X104.851 Y110.851 E2.02937
G1 X104.913 Y110.625 E2.03047
G1 X105.128 Y110.625 E2.03147
G1 X105.132 Y110.375 E2.03264
G1 X104.981 Y110.375 E2.03335
G1 X105.049 Y110.125 E2.03456
G1 X105.133 Y110.125 E2.03496
G1 X105.133 Y109.875 E2.03613
G1 X105.000 Y109.875 E2.03675
G1 E0.03675 F2400.000
G92 E0
G1 X83.943 Y111.625 F7800.000
G1 E2.00000 F2400.000
G1 F900.000
G1 X80.325 Y111.625 E2.01692
G1 X80.325 Y111.375 E2.01809
G1 X83.669 Y111.375 E2.03373
G1 X83.524 Y111.125 E2.03508
G1 X80.325 Y111.125 E2.05004
G1 X80.325 Y110.875 E2.05121
G1 X83.380 Y110.875 E2.06550
G1 X83.236 Y110.625 E2.06685
G1 X80.325 Y110.625 E2.08046
G1 X80.325 Y110.375 E2.08163
G1 X83.091 Y110.375 E2.09457
G1 X82.947 Y110.125 E2.09592
G1 X80.325 Y110.125 E2.10818
G1 X80.325 Y109.875 E2.10935
G1 X82.947 Y109.875 E2.12162
G1 X83.091 Y109.625 E2.12297
G1 X80.325 Y109.625 E2.13591
G1 X80.325 Y109.375 E2.13707
G1 X83.236 Y109.375 E2.15069
G1 X83.380 Y109.125 E2.15204
G1 X80.325 Y109.125 E2.16633
G1 X80.325 Y108.875 E2.16750
G1 X83.524 Y108.875 E2.18246
G1 X83.669 Y108.625 E2.18381
G1 X80.325 Y108.625 E2.19945
G1 X80.325 Y108.375 E2.20062
G1 X83.943 Y108.375 E2.21754
G1 E0.21754 F2400.000
G92 E0
G1 X80.213 Y108.125 F7800.000
G1 E2.00000 F2400.000
G1 F900.000
G1 X91.632 Y108.125 E2.05341
G1 X91.632 Y107.875 E2.05458
G1 X80.325 Y107.875 E2.10747
G1 X80.325 Y107.625 E2.10864
G1 X169.675 Y107.625 E2.52654
G1 X169.675 Y107.375 E2.52771
G1 X80.325 Y107.375 E2.94562
G1 X80.325 Y107.125 E2.94679
G1 X169.675 Y107.125 E3.36470
G1 X169.675 Y106.875 E3.36587
G1 X80.325 Y106.875 E3.78378
G1 X80.325 Y106.625 E3.78495
G1 X169.675 Y106.625 E4.20285
G1 X169.675 Y106.375 E4.20402
G1 X80.325 Y106.375 E4.62193
G1 X80.325 Y106.125 E4.62310
G1 X169.675 Y106.125 E5.04101
G1 X169.675 Y105.875 E5.04218
G1 X80.325 Y105.875 E5.46009
G1 X80.325 Y105.625 E5.46126
G1 X169.675 Y105.625 E5.87917
G1 X169.675 Y105.375 E5.88033
G1 X80.325 Y105.375 E6.29824
G1 X80.325 Y105.125 E6.29941
G1 X169.675 Y105.125 E6.71732
G1 X169.675 Y104.875 E6.71849
G1 X80.325 Y104.875 E7.13640
G1 X80.325 Y104.625 E7.13757
G1 X169.675 Y104.625 E7.55548
G1 X169.675 Y104.375 E7.55665
G1 X80.325 Y104.375 E7.97455
G1 X80.325 Y104.125 E7.97572
G1 X169.675 Y104.125 E8.39363
G1 X169.675 Y103.875 E8.39480
G1 X80.325 Y103.875 E8.81271
G1 X80.325 Y103.625 E8.81388
G1 X169.675 Y103.625 E9.23179
G1 X169.675 Y103.375 E9.23296
G1 X80.325 Y103.375 E9.65086
G1 X80.325 Y103.125 E9.65203
G1 X169.675 Y103.125 E10.06994
G1 X169.675 Y102.875 E10.07111
G1 X80.325 Y102.875 E10.48902
G1 X80.325 Y102.625 E10.49019
G1 X169.675 Y102.625 E10.90810
G1 X169.675 Y102.375 E10.90927
G1 X80.325 Y102.375 E11.32718
G1 X80.325 Y102.125 E11.32834
G1 X169.675 Y102.125 E11.74625
G1 X169.675 Y101.875 E11.74742
G1 X80.325 Y101.875 E12.16533
G1 X80.325 Y101.625 E12.16650
G1 X169.675 Y101.625 E12.58441
G1 X169.675 Y101.375 E12.58558
G1 X80.325 Y101.375 E13.00349
G1 X80.325 Y101.125 E13.00466
G1 X169.675 Y101.125 E13.42256
G1 X169.675 Y100.875 E13.42373
G1 X80.325 Y100.875 E13.84164
G1 X80.325 Y100.625 E13.84281
G1 X169.675 Y100.625 E14.26072
G1 X169.675 Y100.375 E14.26189
G1 X80.325 Y100.375 E14.67980
G1 X80.325 Y100.125 E14.68097
G1 X169.675 Y100.125 E15.09888
G1 X169.675 Y99.875 E15.10004
G1 X80.325 Y99.875 E15.51795
G1 X80.325 Y99.625 E15.51912
G1 X169.675 Y99.625 E15.93703
G1 X169.675 Y99.375 E15.93820
G1 X80.325 Y99.375 E16.35611
G1 X80.325 Y99.125 E16.35728
G1 X169.675 Y99.125 E16.77519
G1 X169.675 Y98.875 E16.77636
G1 X80.325 Y98.875 E17.19426
G1 X80.325 Y98.625 E17.19543
G1 X169.675 Y98.625 E17.61334
G1 X169.675 Y98.375 E17.61451
G1 X80.325 Y98.375 E18.03242
G1 X80.325 Y98.125 E18.03359
G1 X169.675 Y98.125 E18.45150
G1 X169.675 Y97.875 E18.45267
G1 X80.325 Y97.875 E18.87057
G1 X80.325 Y97.625 E18.87174
G1 X169.675 Y97.625 E19.28965
G1 X169.675 Y97.375 E19.29082
G1 X80.325 Y97.375 E19.70873
G1 X80.325 Y97.125 E19.70990
G1 X169.675 Y97.125 E20.12781
G1 X169.675 Y96.875 E20.12898
G1 X80.325 Y96.875 E20.54689
G1 X80.325 Y96.625 E20.54805
G1 X169.675 Y96.625 E20.96596
G1 X169.675 Y96.375 E20.96713
G1 X80.325 Y96.375 E21.38504
G1 X80.325 Y96.125 E21.38621
G1 X169.675 Y96.125 E21.80412
G1 X169.675 Y95.875 E21.80529
G1 X80.325 Y95.875 E22.22320
G1 X80.325 Y95.625 E22.22437
G1 X169.675 Y95.625 E22.64227
G1 X169.675 Y95.375 E22.64344
G1 X80.325 Y95.375 E23.06135
G1 X80.325 Y95.125 E23.06252
G1 X169.675 Y95.125 E23.48043
G1 X169.675 Y94.875 E23.48160
G1 X80.325 Y94.875 E23.89951
G1 X80.325 Y94.625 E23.90068
G1 X169.675 Y94.625 E24.31858
G1 X169.675 Y94.375 E24.31975
G1 X80.325 Y94.375 E24.73766
G1 X80.325 Y94.125 E24.73883
G1 X169.675 Y94.125 E25.15674
G1 X169.675 Y93.875 E25.15791
G1 X80.325 Y93.875 E25.57582
G1 X80.325 Y93.625 E25.57699
G1 X169.675 Y93.625 E25.99490
G1 X169.675 Y93.375 E25.99607
G1 X80.325 Y93.375 E26.41397
G1 X80.325 Y93.125 E26.41514
G1 X169.675 Y93.125 E26.83305
G1 X169.675 Y92.875 E26.83422
G1 X80.325 Y92.875 E27.25213
G1 X80.325 Y92.625 E27.25330
G1 X169.675 Y92.625 E27.67121
G1 X169.675 Y92.375 E27.67238
G1 X80.325 Y92.375 E28.09028
G1 X80.325 Y92.125 E28.09145
G1 X169.675 Y92.125 E28.50936
G1 X169.675 Y91.875 E28.51053
G1 X80.325 Y91.875 E28.92844
G1 X80.325 Y91.625 E28.92961
G1 X169.675 Y91.625 E29.34752
G1 X169.675 Y91.375 E29.34869
G1 X80.325 Y91.375 E29.76660
G1 X80.325 Y91.125 E29.76776
G1 X169.675 Y91.125 E30.18567
G1 X169.675 Y90.875 E30.18684
G1 X80.325 Y90.875 E30.60475
G1 X80.325 Y90.625 E30.60592
G1 X169.675 Y90.625 E31.02383
G1 X169.675 Y90.375 E31.02500
G1 X80.325 Y90.375 E31.44291
G1 X80.325 Y90.125 E31.44408
G1 X169.675 Y90.125 E31.86198
G1 X169.675 Y89.875 E31.86315
G1 X80.325 Y89.875 E32.28106
G1 X80.325 Y89.625 E32.28223
G1 X169.675 Y89.625 E32.70014
G1 X169.675 Y89.375 E32.70131
G1 X80.325 Y89.375 E33.11922
G1 X80.325 Y89.125 E33.12039
G1 X169.675 Y89.125 E33.53829
G1 X169.675 Y88.875 E33.53946
G1 X80.325 Y88.875 E33.95737
G1 X80.325 Y88.625 E33.95854
G1 X169.675 Y88.625 E34.37645
G1 X169.675 Y88.375 E34.37762
G1 X80.325 Y88.375 E34.79553
G1 X80.325 Y88.125 E34.79670
G1 X169.675 Y88.125 E35.21461
G1 X169.675 Y87.875 E35.21577
G1 X80.325 Y87.875 E35.63368
G1 X80.325 Y87.625 E35.63485
G1 X169.675 Y87.625 E36.05276
G1 X169.675 Y87.375 E36.05393
G1 X80.325 Y87.375 E36.47184
G1 X80.325 Y87.125 E36.47301
G1 X169.675 Y87.125 E36.89092
G1 X169.675 Y86.875 E36.89209
G1 X80.325 Y86.875 E37.30999
G1 X80.325 Y86.625 E37.31116
G1 X169.675 Y86.625 E37.72907
G1 X169.675 Y86.375 E37.73024
G1 X80.325 Y86.375 E38.14815
G1 X80.325 Y86.125 E38.14932
G1 X169.675 Y86.125 E38.56723
G1 X169.675 Y85.875 E38.56840
G1 X80.325 Y85.875 E38.98631
G1 X80.325 Y85.625 E38.98747
G1 X169.675 Y85.625 E39.40538
G1 X169.675 Y85.375 E39.40655
G1 X80.325 Y85.375 E39.82446
G1 X80.325 Y85.125 E39.82563
G1 X169.675 Y85.125 E40.24354
G1 X169.675 Y84.875 E40.24471
G1 X80.325 Y84.875 E40.66262
G1 X80.325 Y84.625 E40.66379
G1 X169.675 Y84.625 E41.08169
G1 X169.675 Y84.375 E41.08286
G1 X80.325 Y84.375 E41.50077
G1 X80.325 Y84.125 E41.50194
G1 X169.675 Y84.125 E41.91985
G1 X169.675 Y83.875 E41.92102
G1 X80.325 Y83.875 E42.33893
G1 X80.325 Y83.625 E42.34010
G1 X169.675 Y83.625 E42.75800
G1 X169.675 Y83.375 E42.75917
G1 X80.325 Y83.375 E43.17708
G1 X80.325 Y83.125 E43.17825
G1 X169.675 Y83.125 E43.59616
G1 X169.675 Y82.875 E43.59733
G1 X80.325 Y82.875 E44.01524
G1 X80.325 Y82.625 E44.01641
G1 X169.675 Y82.625 E44.43432
G1 X169.675 Y82.375 E44.43548
G1 X80.325 Y82.375 E44.85339
G1 X80.325 Y82.125 E44.85456
G1 X169.675 Y82.125 E45.27247
G1 X169.675 Y81.875 E45.27364
G1 X80.325 Y81.875 E45.69155
G1 X80.325 Y81.625 E45.69272
G1 X169.675 Y81.625 E46.11063
G1 X169.675 Y81.375 E46.11180
G1 X80.325 Y81.375 E46.52970
G1 X80.325 Y81.125 E46.53087
G1 X169.675 Y81.125 E46.94878
G1 X169.675 Y80.875 E46.94995
G1 X80.325 Y80.875 E47.36786
G1 X80.325 Y80.625 E47.36903
G1 X169.675 Y80.625 E47.78694
G1 X169.675 Y80.375 E47.78811
G1 X80.325 Y80.375 E48.20601
G1 X80.325 Y80.125 E48.20718
G1 X169.675 Y80.125 E48.62509
G1 X169.675 Y79.875 E48.62626
G1 X80.325 Y79.875 E49.04417
G1 X80.325 Y79.625 E49.04534
G1 X169.675 Y79.625 E49.46325
G1 X169.675 Y79.375 E49.46442
G1 X80.325 Y79.375 E49.88233
G1 X80.325 Y79.125 E49.88350
G1 X169.675 Y79.125 E50.30140
G1 X169.675 Y78.875 E50.30257
G1 X80.325 Y78.875 E50.72048
G1 X80.325 Y78.625 E50.72165
G1 X169.675 Y78.625 E51.13956
G1 X169.675 Y78.375 E51.14073
G1 X80.325 Y78.375 E51.55864
G1 X80.325 Y78.125 E51.55981
G1 X169.675 Y78.125 E51.97771
G1 X169.675 Y77.875 E51.97888
G1 X80.325 Y77.875 E52.39679
G1 X80.325 Y77.625 E52.39796
G1 X169.675 Y77.625 E52.81587
G1 X169.675 Y77.375 E52.81704
G1 X80.325 Y77.375 E53.23495
G1 X80.325 Y77.125 E53.23612
G1 X169.675 Y77.125 E53.65403
G1 X169.675 Y76.875 E53.65519
G1 X80.325 Y76.875 E54.07310
G1 X80.325 Y76.625 E54.07427
G1 X83.813 Y76.625 E54.09059
G1 X83.669 Y76.375 E54.09194
G1 X80.325 Y76.375 E54.10757
G1 X80.325 Y76.125 E54.10874
G1 X83.524 Y76.125 E54.12371
G1 X83.380 Y75.875 E54.12506
G1 X80.325 Y75.875 E54.13935
G1 X80.325 Y75.625 E54.14051
G1 X83.236 Y75.625 E54.15413
G1 X83.091 Y75.375 E54.15548
G1 X80.325 Y75.375 E54.16842
G1 X80.325 Y75.125 E54.16959
G1 X82.947 Y75.125 E54.18185
G1 X82.875 Y75.000 E54.18252
G1 X82.947 Y74.875 E54.18320
G1 X80.325 Y74.875 E54.19546
G1 X80.325 Y74.625 E54.19663
G1 X83.091 Y74.625 E54.20957
G1 X83.236 Y74.375 E54.21092
G1 X80.325 Y74.375 E54.22453
G1 X80.325 Y74.125 E54.22570
G1 X83.380 Y74.125 E54.23999
G1 X83.524 Y73.875 E54.24134
G1 X80.325 Y73.875 E54.25631
G1 X80.325 Y73.625 E54.25747
G1 X83.669 Y73.625 E54.27311
G1 X83.813 Y73.375 E54.27446
G1 X80.213 Y73.375 E54.29130
G1 E52.29130 F2400.000
G92 E0
G1 X86.057 Y76.625 F7800.000
G1 E2.00000 F2400.000
G1 F900.000
G1 X163.813 Y76.625 E2.36368
G1 X163.669 Y76.375 E2.36503
G1 X86.331 Y76.375 E2.72675
G1 X86.476 Y76.125 E2.72810
G1 X92.186 Y76.125 E2.75481
G1 X91.990 Y75.875 E2.75630
G1 X86.620 Y75.875 E2.78141
G1 X86.764 Y75.625 E2.78276
G1 X91.830 Y75.625 E2.80646
G1 X91.700 Y75.375 E2.80777
G1 X86.909 Y75.375 E2.83018
G1 X87.053 Y75.125 E2.83153
G1 X91.601 Y75.125 E2.85281
G1 X91.531 Y74.875 E2.85402
G1 X87.053 Y74.875 E2.87497
G1 X86.909 Y74.625 E2.87632
G1 X91.476 Y74.625 E2.89768
G1 X91.455 Y74.375 E2.89885
G1 X86.764 Y74.375 E2.92079
G1 X86.620 Y74.125 E2.92214
G1 X91.435 Y74.125 E2.94466
G1 X91.449 Y73.875 E2.94583
G1 X86.476 Y73.875 E2.96910
G1 X86.331 Y73.625 E2.97045
G1 X91.470 Y73.625 E2.99448
G1 X91.511 Y73.375 E2.99567
G1 X86.057 Y73.375 E3.02117
G1 E1.02117 F2400.000
G92 E0
G1 X91.697 Y73.125 F7800.000
G1 E2.00000 F2400.000
G1 F900.000
G1 X80.325 Y73.125 E2.05319
G1 X80.325 Y72.875 E2.05436
G1 X91.662 Y72.875 E2.10738
G1 X91.791 Y72.625 E2.10870
G1 X80.325 Y72.625 E2.16233
G1 X80.325 Y72.375 E2.16350
G1 X91.931 Y72.375 E2.21778
G1 X92.128 Y72.125 E2.21927
G1 X80.213 Y72.125 E2.27501
G1 E0.27501 F2400.000
G92 E0
G1 X93.217 Y76.125 F7800.000
G1 E2.00000 F2400.000
G1 F900.000
G1 X94.417 Y76.125 E2.00561
G1 X94.607 Y75.875 E2.00708
G1 X93.168 Y75.875 E2.01381
G1 X92.978 Y75.625 E2.01528
G1 X94.939 Y75.625 E2.02446
G1 X94.397 Y75.375 F7800.000
G1 F900.000
G1 X94.981 Y75.375 E2.02719
G1 X95.106 Y75.125 E2.02850
G1 X94.905 Y75.125 E2.02944
G1 X95.002 Y75.011 E2.03013
G1 X95.049 Y74.875 E2.03081
G1 X95.202 Y74.875 E2.03152
G1 X95.270 Y74.625 E2.03273
G1 X95.137 Y74.625 E2.03335
G1 X95.224 Y74.375 E2.03459
G1 X95.414 Y74.375 E2.03548
G1 X94.263 Y74.375 F7800.000
G1 F900.000
G1 X93.763 Y74.375 E2.03782
G1 X93.743 Y74.125 E2.03899
G1 X95.321 Y74.125 E2.04637
G1 X95.325 Y74.088 E2.04655
G1 X95.307 Y73.875 E2.04755
G1 X93.761 Y73.875 E2.05478
G1 X93.769 Y73.784 E2.05521
G1 X93.829 Y73.625 E2.05600
G1 X94.230 Y73.625 E2.05788
G1 X95.051 Y73.625 F7800.000
G1 F900.000
G1 X95.287 Y73.625 E2.05898
G1 X95.223 Y73.375 E2.06018
G1 X95.090 Y73.375 E2.06081
G1 X95.027 Y73.178 E2.06178
G1 X94.983 Y73.125 E2.06210
G1 X95.144 Y73.125 E2.06285
G1 X95.019 Y72.875 E2.06416
G1 X94.547 Y72.875 E2.06636
G1 E0.06636 F2400.000
G92 E0
G1 X93.532 Y75.375 F7800.000
G1 E2.00000 F2400.000
G1 F900.000
G1 X92.794 Y75.375 E2.00345
G1 X92.670 Y75.125 E2.00476
G1 X93.002 Y75.125 E2.00631
G1 X92.876 Y74.875 E2.00762
G1 X92.574 Y74.875 E2.00904
G1 X92.507 Y74.625 E2.01025
G1 X92.771 Y74.625 E2.01148
G1 X92.740 Y74.375 E2.01266
G1 X92.476 Y74.375 E2.01390
G1 X92.455 Y74.125 E2.01507
G1 X92.709 Y74.125 E2.01626
G1 X92.731 Y73.875 E2.01743
G1 X92.469 Y73.875 E2.01866
G1 X92.490 Y73.625 E2.01983
G1 X92.762 Y73.625 E2.02110
G1 X92.777 Y73.497 E2.02170
G1 X92.838 Y73.375 E2.02234
G1 X92.554 Y73.375 E2.02367
G1 X92.607 Y73.178 E2.02463
G1 X92.633 Y73.125 E2.02490
G1 X92.964 Y73.125 E2.02645
G1 X93.019 Y73.015 E2.02703
G1 X93.208 Y72.875 E2.02813
G1 X92.757 Y72.875 E2.03023
G1 X92.806 Y72.776 E2.03075
G1 X92.922 Y72.625 E2.03164
G1 X94.854 Y72.625 E2.04068
G1 X94.664 Y72.375 E2.04215
G1 X93.112 Y72.375 E2.04941
G1 X93.302 Y72.125 E2.05088
G1 X94.615 Y72.125 E2.05702
G1 E0.05702 F2400.000
G92 E0
G1 X95.447 Y76.125 F7800.000
G1 E2.00000 F2400.000
G1 F900.000
G1 X97.924 Y76.125 E2.01159
G1 X97.685 Y75.998 E2.01285
G1 X97.582 Y75.875 E2.01360
G1 X95.787 Y75.875 E2.02200
G1 X95.877 Y75.760 E2.02268
G1 X95.947 Y75.625 E2.02340
G1 X97.393 Y75.625 E2.03016
G1 X97.317 Y75.375 E2.03138
G1 X96.075 Y75.375 E2.03719
G1 X96.139 Y75.252 E2.03783
G1 X96.174 Y75.125 E2.03845
G1 X97.359 Y75.125 E2.04399
G1 X98.846 Y75.125 F7800.000
G1 F900.000
G1 X98.187 Y75.125 E2.04707
G1 X98.762 Y74.875 F7800.000
G1 F900.000
G1 X96.244 Y74.875 E2.05885
G1 X96.299 Y74.625 E2.06005
G1 X98.367 Y74.625 E2.06972
G1 X98.067 Y74.375 E2.07154
G1 X96.320 Y74.375 E2.07971
G1 X96.341 Y74.125 E2.08088
G1 X97.799 Y74.125 E2.08770
G1 X97.577 Y73.875 E2.08926
G1 X96.326 Y73.875 E2.09511
G1 X96.305 Y73.625 E2.09629
G1 X97.408 Y73.625 E2.10144
G1 X97.281 Y73.375 E2.10275
G1 X96.265 Y73.375 E2.10750
G1 X96.195 Y73.125 E2.10872
G1 X97.261 Y73.125 E2.11370
G1 X97.261 Y72.875 E2.11487
G1 X95.988 Y72.875 E2.12083
G1 E0.12083 F2400.000
G92 E0
G1 X98.786 Y76.125 F7800.000
G1 E2.00000 F2400.000
G1 F900.000
G1 X100.173 Y76.125 E2.00648
G1 X99.897 Y75.875 E2.00822
G1 X99.504 Y75.875 E2.01006
G1 X99.678 Y75.625 E2.01149
G1 X99.837 Y75.625 E2.01223
G1 X100.972 Y76.125 F7800.000
G1 F900.000
G1 X102.449 Y76.125 E2.01914
G1 X102.211 Y75.998 E2.02041
G1 X102.108 Y75.875 E2.02116
G1 X101.692 Y75.875 E2.02310
G1 X101.826 Y75.751 E2.02395
G1 X101.874 Y75.625 E2.02458
G1 X102.046 Y75.625 E2.02538
G1 X102.712 Y75.125 F7800.000
G1 F900.000
G1 X103.258 Y75.125 E2.02794
G1 X103.217 Y74.972 E2.02868
G1 X103.150 Y74.875 E2.02923
G1 X101.964 Y74.875 E2.03477
G1 X101.987 Y74.625 F7800.000
G1 F900.000
G1 X102.892 Y74.625 E2.03901
G1 X102.592 Y74.375 E2.04083
G1 X102.111 Y74.375 E2.04309
G1 X102.086 Y74.125 E2.04426
G1 X102.324 Y74.125 E2.04537
G1 X102.102 Y73.875 E2.04694
G1 X101.949 Y73.875 E2.04765
G1 X101.899 Y72.875 F7800.000
G1 F900.000
G1 X101.367 Y72.875 E2.05014
G1 X100.216 Y72.875 F7800.000
G1 F900.000
G1 X99.693 Y72.875 E2.05258
G1 X99.595 Y74.375 F7800.000
G1 F900.000
G1 X99.467 Y74.375 E2.05318
G1 X99.237 Y74.125 E2.05477
G1 X99.506 Y74.125 E2.05603
G1 X99.530 Y73.875 E2.05720
G1 X98.786 Y73.875 E2.06068
G1 E0.06068 F2400.000
G92 E0
G1 X103.312 Y76.125 F7800.000
G1 E2.00000 F2400.000
G1 F900.000
G1 X113.880 Y76.125 E2.04943
G1 X113.616 Y76.007 E2.05078
G1 X113.503 Y75.875 E2.05159
G1 X112.957 Y75.875 E2.05415
G1 X113.150 Y75.625 E2.05563
G1 X113.300 Y75.625 E2.05633
G1 X113.247 Y75.375 E2.05752
G1 X113.128 Y75.375 E2.05808
G1 X114.135 Y75.125 F7800.000
G1 F900.000
G1 X115.155 Y75.125 E2.06285
G1 X114.726 Y74.875 F7800.000
G1 F900.000
G1 X115.870 Y74.875 E2.06820
G1 X115.833 Y74.625 E2.06938
G1 X115.505 Y74.625 E2.07091
G1 X115.924 Y73.375 F7800.000
G1 F900.000
G1 X116.090 Y73.375 E2.07169
G1 X116.259 Y73.125 E2.07310
G1 X115.887 Y73.125 E2.07484
G1 X115.683 Y72.891 E2.07629
G1 X115.648 Y72.875 E2.07647
G1 X116.821 Y72.875 E2.08196
G1 E0.08196 F2400.000
G92 E0
G1 X116.934 Y75.125 F7800.000
G1 E2.00000 F2400.000
G1 F900.000
G1 X118.122 Y75.125 E2.00556
G1 X117.836 Y76.125 F7800.000
G1 F900.000
G1 X163.524 Y76.125 E2.21925
G1 X163.380 Y75.875 E2.22060
G1 X118.668 Y75.875 E2.42973
G1 X118.810 Y75.757 E2.43059
G1 X118.889 Y75.625 E2.43131
G1 X163.236 Y75.625 E2.63873
G1 X163.091 Y75.375 E2.64008
G1 X119.038 Y75.375 E2.84612
G1 X119.188 Y75.125 E2.84748
G1 X162.947 Y75.125 E3.05215
G1 X162.875 Y75.000 E3.05283
G1 X162.947 Y74.875 E3.05351
G1 X118.694 Y74.875 E3.26049
G1 X118.230 Y74.721 E3.26277
G1 X118.139 Y74.875 E3.26361
G1 X116.929 Y74.875 E3.26927
G1 X116.881 Y74.625 E3.27046
G1 X163.091 Y74.625 E3.48659
G1 X163.236 Y74.375 E3.48794
G1 X116.869 Y74.375 E3.70481
G1 X116.904 Y74.125 E3.70599
G1 X163.380 Y74.125 E3.92337
G1 X163.524 Y73.875 E3.92472
G1 X119.106 Y73.875 E4.13247
G1 X119.247 Y73.806 E4.13321
G1 X119.127 Y73.625 E4.13423
G1 X163.669 Y73.625 E4.34256
G1 X163.813 Y73.375 E4.34391
G1 X118.825 Y73.375 E4.55433
G1 X118.209 Y73.875 F7800.000
G1 F900.000
G1 X117.016 Y73.875 E4.55991
G1 X117.057 Y73.799 E4.56031
G1 X117.265 Y73.642 E4.56153
G1 X117.350 Y73.625 E4.56193
G1 X117.991 Y73.625 E4.56493
G1 E2.56493 F2400.000
G92 E0
G1 X117.325 Y76.125 F7800.000
G1 E2.00000 F2400.000
G1 F900.000
G1 X115.405 Y76.125 E2.00898
G1 X115.537 Y76.078 E2.00963
G1 X115.758 Y75.875 E2.01104
G1 X116.408 Y75.875 E2.01408
G1 X116.262 Y75.776 E2.01490
G1 X116.173 Y75.625 E2.01572
G1 X115.805 Y75.625 E2.01745
G1 E0.01745 F2400.000
G92 E0
G1 X113.483 Y74.625 F7800.000
G1 E2.00000 F2400.000
G1 F900.000
G1 X113.208 Y74.625 E2.00129
G1 X113.062 Y74.375 E2.00264
G1 X113.568 Y74.375 E2.00501
G1 X113.690 Y74.284 E2.00572
G1 X113.891 Y74.180 E2.00678
G1 X114.047 Y74.125 E2.00755
G1 X112.618 Y74.125 E2.01423
G1 X113.948 Y73.875 F7800.000
G1 F900.000
G1 X114.968 Y73.875 E2.01901
G1 X115.079 Y73.802 E2.01963
G1 X115.062 Y73.694 E2.02014
G1 X115.018 Y73.646 E2.02044
G1 X114.965 Y73.625 E2.02071
G1 X114.074 Y73.625 E2.02488
G1 X113.902 Y72.875 F7800.000
G1 F900.000
G1 X113.415 Y72.875 E2.02716
G1 X111.859 Y73.875 F7800.000
G1 F900.000
G1 X111.326 Y73.875 E2.02965
G1 X111.326 Y73.625 E2.03082
G1 X111.879 Y73.625 E2.03340
G1 X112.030 Y73.375 E2.03477
G1 X111.326 Y73.375 E2.03806
G1 X111.326 Y73.125 E2.03923
G1 X112.181 Y73.125 E2.04323
G1 X112.332 Y72.875 E2.04459
G1 X111.214 Y72.875 E2.04982
G1 X110.401 Y73.125 F7800.000
G1 F900.000
G1 X110.180 Y73.125 E2.05086
G1 X110.041 Y72.954 E2.05188
G1 X109.878 Y72.875 E2.05273
G1 X110.401 Y72.875 E2.05518
G1 E0.05518 F2400.000
G92 E0
G1 X110.401 Y75.875 F7800.000
G1 E2.00000 F2400.000
G1 F900.000
G1 X109.975 Y75.875 E2.00199
G1 X110.096 Y75.625 E2.00329
G1 X110.288 Y75.625 E2.00419
G1 X110.288 Y75.375 E2.00536
G1 X110.217 Y75.375 E2.00569
G1 X110.284 Y75.237 E2.00641
G1 X110.267 Y75.125 E2.00694
G1 X110.288 Y75.125 E2.00704
G1 X110.288 Y74.875 E2.00821
G1 X110.229 Y74.875 E2.00849
G1 X110.102 Y74.625 E2.00980
G1 X110.288 Y74.625 E2.01067
G1 X110.288 Y74.375 E2.01184
G1 X110.131 Y74.375 E2.01258
G1 E0.01258 F2400.000
G92 E0
G1 X107.687 Y75.875 F7800.000
G1 E2.00000 F2400.000
G1 F900.000
G1 X105.904 Y75.875 E2.00834
G1 X105.904 Y75.625 E2.00951
G1 X107.575 Y75.625 E2.01732
G1 X107.575 Y75.375 E2.01849
G1 X105.904 Y75.375 E2.02631
G1 X105.904 Y75.125 E2.02748
G1 X107.575 Y75.125 E2.03529
G1 X107.575 Y74.875 E2.03646
G1 X105.904 Y74.875 E2.04427
G1 X105.904 Y74.625 E2.04544
G1 X107.575 Y74.625 E2.05326
G1 X107.575 Y74.375 E2.05442
G1 X105.904 Y74.375 E2.06224
G1 X105.904 Y74.125 E2.06341
G1 X107.575 Y74.125 E2.07122
G1 X107.575 Y73.875 E2.07239
G1 X105.791 Y73.875 E2.08073
G1 X105.791 Y73.625 F7800.000
G1 F900.000
G1 X107.575 Y73.625 E2.08907
G1 X107.575 Y73.375 E2.09024
G1 X106.600 Y73.375 E2.09480
G1 X106.600 Y73.125 E2.09597
G1 X107.575 Y73.125 E2.10053
G1 X107.575 Y72.875 E2.10170
G1 X106.487 Y72.875 E2.10678
G1 E0.10678 F2400.000
G92 E0
G1 X104.871 Y75.875 F7800.000
G1 E2.00000 F2400.000
G1 F900.000
G1 X104.029 Y75.875 E2.00394
G1 X104.204 Y75.625 E2.00536
G1 X104.524 Y75.625 E2.00686
G1 X104.688 Y74.875 F7800.000
G1 F900.000
G1 X104.886 Y74.875 E2.00778
G1 X104.886 Y74.625 E2.00895
G1 X104.542 Y74.625 E2.01056
G1 X104.240 Y74.399 E2.01233
G1 X104.240 Y74.625 E2.01338
G1 X104.154 Y74.625 E2.01378
G1 X103.992 Y74.375 E2.01518
G1 X104.886 Y74.375 E2.01936
G1 X104.886 Y74.125 E2.02053
G1 X103.763 Y74.125 E2.02578
G1 X103.485 Y73.875 E2.02753
G1 X104.999 Y73.875 E2.03461
G1 E0.03461 F2400.000
G92 E0
G1 X166.057 Y76.625 F7800.000
G1 E2.00000 F2400.000
G1 F900.000
G1 X169.675 Y76.625 E2.01692
G1 X169.675 Y76.375 E2.01809
G1 X166.331 Y76.375 E2.03373
G1 X166.476 Y76.125 E2.03508
G1 X169.675 Y76.125 E2.05004
G1 X169.675 Y75.875 E2.05121
G1 X166.620 Y75.875 E2.06550
G1 X166.764 Y75.625 E2.06685
G1 X169.675 Y75.625 E2.08046
G1 X169.675 Y75.375 E2.08163
G1 X166.909 Y75.375 E2.09457
G1 X167.053 Y75.125 E2.09592
G1 X169.675 Y75.125 E2.10818
G1 X169.675 Y74.875 E2.10935
G1 X167.053 Y74.875 E2.12162
G1 X166.909 Y74.625 E2.12297
G1 X169.675 Y74.625 E2.13591
G1 X169.675 Y74.375 E2.13707
G1 X166.764 Y74.375 E2.15069
G1 X166.620 Y74.125 E2.15204
G1 X169.675 Y74.125 E2.16633
G1 X169.675 Y73.875 E2.16750
G1 X166.476 Y73.875 E2.18246
G1 X166.331 Y73.625 E2.18381
G1 X169.675 Y73.625 E2.19945
G1 X169.675 Y73.375 E2.20062
G1 X166.057 Y73.375 E2.21754
G1 E0.21754 F2400.000
G92 E0
G1 X169.787 Y73.125 F7800.000
G1 E2.00000 F2400.000
G1 F900.000
G1 X118.787 Y73.125 E2.23854
G1 X118.481 Y72.875 E2.24039
G1 X169.675 Y72.875 E2.47983
G1 X169.675 Y72.625 E2.48100
G1 X95.985 Y72.625 E2.82566
G1 X95.845 Y72.375 E2.82700
G1 X169.675 Y72.375 E3.17232
G1 X169.675 Y72.125 E3.17349
G1 X95.505 Y72.125 E3.52040
G1 E1.52040 F2400.000
G92 E0
G1 X80.213 Y71.875 F7800.000
G1 E2.00000 F2400.000
G1 F900.000
G1 X169.675 Y71.875 E2.41843
G1 X169.675 Y71.625 E2.41960
G1 X80.325 Y71.625 E2.83751
G1 X80.325 Y71.375 E2.83868
G1 X169.675 Y71.375 E3.25659
G1 X169.675 Y71.125 E3.25776
G1 X80.325 Y71.125 E3.67567
G1 X80.325 Y70.875 E3.67684
G1 X169.675 Y70.875 E4.09475
G1 X169.675 Y70.625 E4.09591
G1 X80.325 Y70.625 E4.51382
G1 X80.325 Y70.375 E4.51499
G1 X169.787 Y70.375 E4.93343
G1 E2.93343 F2400.000
G92 E0
G1 X130.066 Y108.908 F7800.000
G1 E2.00000 F2400.000
;TYPE:Perimeter
;WIDTH:0.45
;HEIGHT:0.3
G1 F900.000
G1 X130.239 Y108.941 E2.00850
G1 X130.297 Y109.089 E2.01616
G1 X130.332 Y109.476 E2.03486
G1 X130.298 Y109.869 E2.05382
G1 X130.246 Y110.007 E2.06090
G1 X130.157 Y110.024 E2.06530
G1 X130.050 Y110.004 E2.07053
G1 X129.992 Y109.856 E2.07819
G1 X129.957 Y109.475 E2.09656
G1 X129.991 Y109.101 E2.11462
G1 X130.044 Y108.964 E2.12171
G1 X129.881 Y108.580 F7800.000
;TYPE:External perimeter
G1 F900.000
G1 X130.129 Y108.527 E2.13390
G1 X130.383 Y108.575 E2.14634
G1 X130.568 Y108.721 E2.15767
G1 X130.676 Y109.001 E2.17208
G1 X130.719 Y109.475 E2.19500
G1 X130.678 Y109.955 E2.21815
G1 X130.573 Y110.234 E2.23249
G1 X130.420 Y110.367 E2.24223
G1 X130.157 Y110.417 E2.25512
G1 X129.887 Y110.365 E2.26835
G1 X129.723 Y110.227 E2.27864
G1 X129.613 Y109.946 E2.29317
G1 X129.570 Y109.475 E2.31590
G1 X129.612 Y109.013 E2.33824
G1 X129.724 Y108.724 E2.35314
G1 X129.837 Y108.621 E2.36050
G1 X130.095 Y108.717 F7800.000
G1 X129.670 Y110.125
;TYPE:Ironing
;WIDTH:0.406036
;HEIGHT:0.028125
G1 F900.000
G1 X130.507 Y110.125 E2.36442
G1 X130.584 Y109.875 E2.36564
G1 X129.707 Y109.875 E2.36975
G1 X129.684 Y109.625 E2.37092
G1 X130.606 Y109.625 E2.37523
G1 X130.618 Y109.476 E2.37593
G1 X130.609 Y109.375 E2.37641
G1 X129.679 Y109.375 E2.38076
G1 X129.702 Y109.125 E2.38193
G1 X130.587 Y109.125 E2.38607
G1 X130.578 Y109.024 E2.38654
G1 X130.520 Y108.875 E2.38729
G1 X129.652 Y108.875 E2.39135
G1 E0.39135 F2400.000
G92 E0
G1 X122.348 Y109.953 F7800.000
G1 E2.00000 F2400.000
;TYPE:External perimeter
;WIDTH:0.45
;HEIGHT:0.3
G1 F900.000
G1 X123.469 Y109.953 E2.05394
G1 X123.293 Y110.271 E2.07142
G1 X123.139 Y110.378 E2.08042
G1 X122.905 Y110.417 E2.09186
G1 X122.676 Y110.374 E2.10306
G1 X122.511 Y110.250 E2.11297
G1 X122.377 Y110.006 E2.12639
G1 X122.730 Y110.072 F7800.000
G1 X122.770 Y110.170
;TYPE:Gap fill
;WIDTH:0.139414
G1 F1200.000
G1 X122.907 Y110.183 E2.12768
;WIDTH:0.139415
G1 X123.059 Y110.171 E2.12911
G1 X123.388 Y110.125 F7800.000
;TYPE:Ironing
;WIDTH:0.406036
;HEIGHT:0.028125
G1 F900.000
G1 X122.428 Y110.125 E2.13360
G1 E0.13360 F2400.000
G92 E0
G1 X113.775 Y108.908 F7800.000
G1 E2.00000 F2400.000
;TYPE:Perimeter
;WIDTH:0.45
;HEIGHT:0.3
G1 F900.000
G1 X113.948 Y108.941 E2.00850
G1 X114.006 Y109.089 E2.01616
G1 X114.041 Y109.476 E2.03486
G1 X114.007 Y109.869 E2.05382
G1 X113.955 Y110.007 E2.06090
G1 X113.866 Y110.024 E2.06530
G1 X113.759 Y110.004 E2.07053
G1 X113.701 Y109.856 E2.07819
G1 X113.666 Y109.475 E2.09656
G1 X113.700 Y109.101 E2.11462
G1 X113.753 Y108.964 E2.12171
G1 X113.590 Y108.580 F7800.000
;TYPE:External perimeter
G1 F900.000
G1 X113.838 Y108.527 E2.13390
G1 X114.092 Y108.575 E2.14634
G1 X114.277 Y108.721 E2.15767
G1 X114.385 Y109.001 E2.17207
G1 X114.428 Y109.475 E2.19500
G1 X114.387 Y109.955 E2.21815
G1 X114.282 Y110.234 E2.23249
G1 X114.129 Y110.367 E2.24223
G1 X113.866 Y110.417 E2.25512
G1 X113.596 Y110.365 E2.26835
G1 X113.432 Y110.227 E2.27864
G1 X113.322 Y109.946 E2.29317
G1 X113.279 Y109.475 E2.31590
G1 X113.321 Y109.013 E2.33823
G1 X113.433 Y108.724 E2.35314
G1 X113.546 Y108.621 E2.36050
G1 X113.804 Y108.717 F7800.000
G1 X113.379 Y110.125
;TYPE:Ironing
;WIDTH:0.406036
;HEIGHT:0.028125
G1 F900.000
G1 X114.216 Y110.125 E2.36442
G1 X114.293 Y109.875 E2.36564
G1 X113.416 Y109.875 E2.36974
G1 X113.393 Y109.625 E2.37092
G1 X114.315 Y109.625 E2.37523
G1 X114.327 Y109.476 E2.37593
G1 X114.318 Y109.375 E2.37640
G1 X113.388 Y109.375 E2.38076
G1 X113.411 Y109.125 E2.38193
G1 X114.296 Y109.125 E2.38607
G1 X114.287 Y109.024 E2.38654
G1 X114.229 Y108.875 E2.38729
G1 X113.361 Y108.875 E2.39135
G1 E0.39135 F2400.000
G92 E0
G1 X103.045 Y109.953 F7800.000
G1 E2.00000 F2400.000
;TYPE:External perimeter
;WIDTH:0.45
;HEIGHT:0.3
G1 F900.000
G1 X104.166 Y109.953 E2.05393
G1 X103.990 Y110.271 E2.07142
G1 X103.837 Y110.378 E2.08041
G1 X103.602 Y110.417 E2.09185
G1 X103.373 Y110.374 E2.10306
G1 X103.208 Y110.250 E2.11296
G1 X103.074 Y110.006 E2.12638
G1 X103.427 Y110.072 F7800.000
G1 X103.467 Y110.170
;TYPE:Gap fill
;WIDTH:0.139416
G1 F1200.000
G1 X103.605 Y110.183 E2.12768
;WIDTH:0.139415
G1 X103.756 Y110.171 E2.12910
G1 X104.085 Y110.125 F7800.000
;TYPE:Ironing
;WIDTH:0.406036
;HEIGHT:0.028125
G1 F900.000
G1 X103.125 Y110.125 E2.13359
G1 E0.13359 F2400.000
G92 E0
G1 X96.589 Y108.908 F7800.000
G1 E2.00000 F2400.000
;TYPE:Perimeter
;WIDTH:0.45
;HEIGHT:0.3
G1 F900.000
G1 X96.763 Y108.941 E2.00850
G1 X96.820 Y109.089 E2.01617
G1 X96.855 Y109.476 E2.03486
G1 X96.822 Y109.869 E2.05382
G1 X96.770 Y110.007 E2.06090
G1 X96.680 Y110.024 E2.06530
G1 X96.573 Y110.004 E2.07053
G1 X96.515 Y109.856 E2.07819
G1 X96.480 Y109.475 E2.09656
G1 X96.515 Y109.101 E2.11462
G1 X96.568 Y108.964 E2.12171
G1 X96.404 Y108.580 F7800.000
;TYPE:External perimeter
G1 F900.000
G1 X96.652 Y108.527 E2.13390
G1 X96.907 Y108.575 E2.14634
G1 X97.091 Y108.721 E2.15768
G1 X97.200 Y109.001 E2.17208
G1 X97.242 Y109.475 E2.19500
G1 X97.201 Y109.955 E2.21815
G1 X97.097 Y110.234 E2.23250
G1 X96.943 Y110.367 E2.24223
G1 X96.680 Y110.417 E2.25512
G1 X96.410 Y110.365 E2.26835
G1 X96.247 Y110.227 E2.27864
G1 X96.136 Y109.946 E2.29318
G1 X96.093 Y109.475 E2.31591
G1 X96.136 Y109.013 E2.33824
G1 X96.247 Y108.724 E2.35314
G1 X96.360 Y108.621 E2.36050
G1 X96.618 Y108.717 F7800.000
G1 X96.193 Y110.125
;TYPE:Ironing
;WIDTH:0.406036
;HEIGHT:0.028125
G1 F900.000
G1 X97.031 Y110.125 E2.36442
G1 X97.108 Y109.875 E2.36564
G1 X96.230 Y109.875 E2.36975
G1 X96.207 Y109.625 E2.37092
G1 X97.129 Y109.625 E2.37523
G1 X97.142 Y109.476 E2.37593
G1 X97.133 Y109.375 E2.37641
G1 X96.203 Y109.375 E2.38076
G1 X96.226 Y109.125 E2.38193
G1 X97.110 Y109.125 E2.38607
G1 X97.101 Y109.024 E2.38655
G1 X97.044 Y108.875 E2.38729
G1 X96.175 Y108.875 E2.39135
G1 E0.39135 F2400.000
G92 E0
G1 X93.087 Y110.531 F7800.000
G1 E2.00000 F2400.000
;TYPE:Perimeter
;WIDTH:0.45
;HEIGHT:0.3
G1 F900.000
G1 X93.440 Y110.531 E2.01701
G1 X93.623 Y110.584 E2.02615
G1 X93.621 Y110.759 E2.03455
G1 X93.423 Y110.813 E2.04442
G1 X93.087 Y110.813 E2.06062
G1 X93.087 Y110.591 E2.07133
G1 X92.701 Y110.146 F7800.000
;TYPE:External perimeter
G1 F900.000
G1 X93.496 Y110.145 E2.10955
G1 X94.010 Y110.296 E2.13532
G1 X94.156 Y110.683 E2.15525
G1 X94.008 Y111.052 E2.17437
G1 X93.476 Y111.199 E2.20093
G1 X92.701 Y111.199 E2.23818
G1 X92.701 Y110.206 E2.28594
G1 X93.082 Y110.269 F7800.000
G1 X93.839 Y110.450
;TYPE:Gap fill
;WIDTH:0.156411
G1 F1200.000
G1 X93.859 Y110.566 E2.28728
;WIDTH:0.159021
G1 X93.880 Y110.681 E2.28866
G1 X93.836 Y110.900 E2.29130
G1 X92.688 Y110.875 F7800.000
;TYPE:Ironing
;WIDTH:0.406036
;HEIGHT:0.028125
G1 F900.000
G1 X93.971 Y110.875 E2.29730
G1 X94.049 Y110.682 E2.29827
G1 X94.027 Y110.625 E2.29856
G1 X92.801 Y110.625 E2.30429
G1 X92.801 Y110.375 E2.30546
G1 X94.053 Y110.375 E2.31132
G1 E0.31132 F2400.000
G92 E0
G1 X100.522 Y73.637 F7800.000
G1 E2.00000 F2400.000
;TYPE:External perimeter
;WIDTH:0.45
;HEIGHT:0.3
G1 F900.000
G1 X100.637 Y73.508 E2.00831
G1 X100.795 Y73.468 E2.01616
G1 X100.936 Y73.505 E2.02318
G1 X101.067 Y73.646 E2.03245
G1 X101.158 Y73.947 E2.04758
G1 X101.193 Y74.441 E2.07137
G1 X101.160 Y74.949 E2.09589
G1 X101.073 Y75.250 E2.11094
G1 X100.964 Y75.374 E2.11893
G1 X100.802 Y75.415 E2.12691
G1 X100.633 Y75.374 E2.13532
G1 X100.519 Y75.251 E2.14336
G1 X100.431 Y74.953 E2.15829
G1 X100.397 Y74.440 E2.18302
G1 X100.432 Y73.939 E2.20718
G1 X100.505 Y73.695 E2.21944
G1 X100.695 Y73.640 F7800.000
G1 X100.757 Y73.677
;TYPE:Gap fill
;WIDTH:0.413445
G1 F1200.000
G1 X100.795 Y74.014 E2.23423
;WIDTH:0.414516
G1 X100.795 Y74.886 E2.27230
G1 X100.761 Y75.207 E2.28640
G1 X100.469 Y75.125 F7800.000
;TYPE:Ironing
;WIDTH:0.406036
;HEIGHT:0.028125
G1 F900.000
G1 X101.005 Y75.125 E2.28890
G1 X101.065 Y74.875 E2.29011
G1 X100.526 Y74.875 E2.29262
G1 X100.510 Y74.625 E2.29380
G1 X101.081 Y74.625 E2.29647
G1 X101.088 Y74.375 E2.29764
G1 X100.502 Y74.375 E2.30038
G1 X100.519 Y74.125 E2.30155
G1 X101.071 Y74.125 E2.30413
G1 X101.059 Y73.965 E2.30488
G1 X101.032 Y73.875 E2.30532
G1 X100.555 Y73.875 E2.30755
G1 X100.611 Y73.687 E2.30847
G1 X100.667 Y73.625 E2.30886
G1 X101.068 Y73.625 E2.31073
G1 E0.31073 F2400.000
G92 E0
G1 X108.513 Y73.539 F7800.000
G1 E2.00000 F2400.000
;TYPE:External perimeter
;WIDTH:0.45
;HEIGHT:0.3
G1 F900.000
G1 X109.029 Y73.536 E2.02485
G1 X109.269 Y73.562 E2.03644
G1 X109.412 Y73.626 E2.04399
G1 X109.468 Y73.703 E2.04857
G1 X109.488 Y73.816 E2.05407
G1 X109.385 Y74.039 E2.06590
G1 X108.984 Y74.136 E2.08575
G1 X108.513 Y74.136 E2.10841
G1 X108.513 Y73.599 E2.13424
G1 X108.895 Y73.656 F7800.000
G1 X109.272 Y73.823
;TYPE:Gap fill
;WIDTH:0.198882
G1 F1200.000
G1 X108.705 Y73.836 E2.14376
G1 X109.474 Y73.875 F7800.000
;TYPE:Ironing
;WIDTH:0.406036
;HEIGHT:0.028125
G1 F900.000
G1 X108.500 Y73.875 E2.14831
G1 X108.513 Y74.893 F7800.000
;TYPE:External perimeter
;WIDTH:0.45
;HEIGHT:0.3
G1 F900.000
G1 X108.928 Y74.889 E2.16828
G1 X109.136 Y74.911 E2.17837
G1 X109.262 Y74.964 E2.18494
G1 X109.308 Y75.023 E2.18851
G1 X109.329 Y75.137 E2.19408
G1 X109.309 Y75.232 E2.19874
G1 X109.267 Y75.278 E2.20175
G1 X109.153 Y75.323 E2.20767
G1 X108.929 Y75.344 E2.21848
G1 X108.513 Y75.344 E2.23851
G1 X108.513 Y74.953 E2.25731
G1 X108.898 Y74.999 F7800.000
G1 X108.705 Y75.116
;TYPE:Gap fill
;WIDTH:0.133755
G1 F1200.000
G1 X108.916 Y75.116 E2.25913
;WIDTH:0.133754
G1 X108.918 Y75.117 E2.25915
;WIDTH:0.133453
G1 X109.021 Y75.117 E2.26003
G1 X109.339 Y75.125 F7800.000
;TYPE:Ironing
;WIDTH:0.406036
;HEIGHT:0.028125
G1 F900.000
G1 X108.500 Y75.125 E2.26396
G1 E0.26396 F2400.000
G92 E0
G1 X111.226 Y74.764 F7800.000
G1 E2.00000 F2400.000
;TYPE:External perimeter
;WIDTH:0.45
;HEIGHT:0.3
G1 F900.000
G1 X111.924 Y74.761 E2.03355
G1 X112.127 Y74.787 E2.04340
G1 X112.265 Y74.854 E2.05078
G1 X112.327 Y74.937 E2.05575
G1 X112.351 Y75.067 E2.06211
G1 X112.328 Y75.185 E2.06792
G1 X112.268 Y75.259 E2.07247
G1 X112.142 Y75.318 E2.07916
G1 X111.910 Y75.344 E2.09041
G1 X111.226 Y75.344 E2.12328
G1 X111.226 Y74.824 E2.14831
G1 X111.616 Y74.856 F7800.000
G1 X111.419 Y75.052
;TYPE:Gap fill
;WIDTH:0.226149
G1 F1200.000
G1 X112.069 Y75.056 E2.16142
;WIDTH:0.21414
G1 X112.084 Y75.057 E2.16169
;WIDTH:0.201375
G1 X112.150 Y75.091 E2.16297
G1 X112.353 Y75.125 F7800.000
;TYPE:Ironing
;WIDTH:0.406036
;HEIGHT:0.028125
G1 F900.000
G1 X111.326 Y75.125 E2.16777
G1 X111.326 Y74.875 E2.16894
G1 X112.296 Y74.875 E2.17348
G1 E0.17348 F2400.000
G92 E0
M107
;TYPE:Custom
; Filament-specific end gcode 
;END gcode for filament
M104 S0 ; turn off temperature
G28 X0  ; home X axis
M84     ; disable motors
; filament used [mm] = 4870.60
; filament used [cm3] = 11.72
; total filament used [g] = 0.00
; total filament cost = 0.00
; estimated printing time (normal mode) = 1h 31m 36s
; estimated printing time (silent mode) = 1h 32m 53s

; avoid_crossing_perimeters = 0
; avoid_crossing_perimeters_max_detour = 0
; bed_custom_model = 
; bed_custom_texture = 
; bed_shape = 0x0,250x0,250x185,0x185
; bed_temperature = 0
; before_layer_gcode = 
; between_objects_gcode = 
; bottom_fill_pattern = monotonic
; bottom_solid_layers = 3
; bottom_solid_min_thickness = 0
; bridge_acceleration = 0
; bridge_angle = 0
; bridge_fan_speed = 100
; bridge_flow_ratio = 1
; bridge_speed = 60
; brim_width = 5
; clip_multipart_objects = 1
; color_change_gcode = M600
; complete_objects = 0
; cooling = 1
; cooling_tube_length = 5
; cooling_tube_retraction = 91.5
; default_acceleration = 0
; default_filament_profile = 
; default_print_profile = 
; deretract_speed = 0
; disable_fan_first_layers = 0
; dont_support_bridges = 1
; draft_shield = 0
; duplicate_distance = 6
; elefant_foot_compensation = 0.2
; end_filament_gcode = "; Filament-specific end gcode \n;END gcode for filament\n"
; end_gcode = M104 S0 ; turn off temperature\nG28 X0  ; home X axis\nM84     ; disable motors\n
; ensure_vertical_shell_thickness = 0
; external_perimeter_extrusion_width = 0.45
; external_perimeter_speed = 50%
; external_perimeters_first = 0
; extra_loading_move = -2
; extra_perimeters = 1
; extruder_clearance_height = 20
; extruder_clearance_radius = 20
; extruder_colour = ""
; extruder_offset = 0x0
; extrusion_axis = E
; extrusion_multiplier = 1
; extrusion_width = 0.45
; fan_always_on = 1
; fan_below_layer_time = 60
; filament_colour = #29B2B2
; filament_cooling_final_speed = 3.4
; filament_cooling_initial_speed = 2.2
; filament_cooling_moves = 4
; filament_cost = 0
; filament_density = 0
; filament_diameter = 1.75
; filament_load_time = 0
; filament_loading_speed = 28
; filament_loading_speed_start = 3
; filament_max_volumetric_speed = 0
; filament_minimal_purge_on_wipe_tower = 15
; filament_notes = ""
; filament_ramming_parameters = "120 100 6.6 6.8 7.2 7.6 7.9 8.2 8.7 9.4 9.9 10.0| 0.05 6.6 0.45 6.8 0.95 7.8 1.45 8.3 1.95 9.7 2.45 10 2.95 7.6 3.45 7.6 3.95 7.6 4.45 7.6 4.95 7.6"
; filament_settings_id = "BRSC FTI-3.0.2"
; filament_soluble = 0
; filament_spool_weight = 0
; filament_toolchange_delay = 0
; filament_type = PLA
; filament_unload_time = 0
; filament_unloading_speed = 90
; filament_unloading_speed_start = 100
; filament_vendor = (Unknown)
; fill_angle = 45
; fill_density = 25%
; fill_pattern = stars
; first_layer_acceleration = 0
; first_layer_bed_temperature = 0
; first_layer_extrusion_width = 0.42
; first_layer_height = 0.32
; first_layer_speed = 20
; first_layer_temperature = 200
; full_fan_speed_layer = 0
; gap_fill_speed = 20
; gcode_comments = 0
; gcode_flavor = marlin
; gcode_label_objects = 0
; high_current_on_filament_swap = 0
; host_type = octoprint
; infill_acceleration = 0
; infill_anchor = 600%
; infill_anchor_max = 50
; infill_every_layers = 1
; infill_extruder = 1
; infill_extrusion_width = 0.45
; infill_first = 0
; infill_only_where_needed = 1
; infill_overlap = 25%
; infill_speed = 80
; interface_shells = 0
; ironing = 1
; ironing_flowrate = 15%
; ironing_spacing = 0.25
; ironing_speed = 15
; ironing_type = top
; layer_gcode = 
; layer_height = 0.3
; machine_limits_usage = emit_to_gcode
; machine_max_acceleration_e = 4000,2000
; machine_max_acceleration_extruding = 1500,1250
; machine_max_acceleration_retracting = 1500,1250
; machine_max_acceleration_x = 2000,1000
; machine_max_acceleration_y = 2000,1000
; machine_max_acceleration_z = 500,200
; machine_max_feedrate_e = 120,120
; machine_max_feedrate_x = 400,200
; machine_max_feedrate_y = 400,200
; machine_max_feedrate_z = 12,12
; machine_max_jerk_e = 2.5,2.5
; machine_max_jerk_x = 10,10
; machine_max_jerk_y = 10,10
; machine_max_jerk_z = 0.2,0.4
; machine_min_extruding_rate = 0,0
; machine_min_travel_rate = 0,0
; max_fan_speed = 100
; max_layer_height = 0
; max_print_height = 160
; max_print_speed = 80
; max_volumetric_speed = 0
; min_fan_speed = 35
; min_layer_height = 0.07
; min_print_speed = 10
; min_skirt_length = 0
; notes = 
; nozzle_diameter = 0.4
; only_retract_when_crossing_perimeters = 1
; ooze_prevention = 0
; output_filename_format = [input_filename_base].gcode
; overhangs = 1
; parking_pos_retraction = 92
; pause_print_gcode = M601
; perimeter_acceleration = 0
; perimeter_extruder = 1
; perimeter_extrusion_width = 0.45
; perimeter_speed = 60
; perimeters = 3
; physical_printer_settings_id = 
; post_process = 
; print_settings_id = BRSC FTI-3.0.2 (Ironing)
; printer_model = 
; printer_notes = 
; printer_settings_id = BRSC FTI-3.0.2
; printer_technology = FFF
; printer_variant = 
; printer_vendor = 
; raft_layers = 0
; remaining_times = 0
; resolution = 0
; retract_before_travel = 2
; retract_before_wipe = 0%
; retract_layer_change = 0
; retract_length = 2
; retract_length_toolchange = 10
; retract_lift = 0
; retract_lift_above = 0
; retract_lift_below = 0
; retract_restart_extra = 0
; retract_restart_extra_toolchange = 0
; retract_speed = 40
; seam_position = aligned
; silent_mode = 1
; single_extruder_multi_material = 0
; single_extruder_multi_material_priming = 1
; skirt_distance = 6
; skirt_height = 1
; skirts = 1
; slice_closing_radius = 0.049
; slowdown_below_layer_time = 5
; small_perimeter_speed = 15
; solid_infill_below_area = 70
; solid_infill_every_layers = 0
; solid_infill_extruder = 1
; solid_infill_extrusion_width = 0.45
; solid_infill_speed = 20
; spiral_vase = 0
; standby_temperature_delta = -5
; start_filament_gcode = "; Filament gcode\n"
; start_gcode = G28 ; home all axes\nG1 Z5 F5000 ; lift nozzle\n
; support_material = 1
; support_material_angle = 0
; support_material_auto = 1
; support_material_buildplate_only = 0
; support_material_contact_distance = 0.2
; support_material_enforce_layers = 0
; support_material_extruder = 1
; support_material_extrusion_width = 0.35
; support_material_interface_contact_loops = 0
; support_material_interface_extruder = 1
; support_material_interface_layers = 3
; support_material_interface_spacing = 0
; support_material_interface_speed = 100%
; support_material_pattern = rectilinear
; support_material_spacing = 2.5
; support_material_speed = 60
; support_material_synchronize_layers = 0
; support_material_threshold = 0
; support_material_with_sheath = 1
; support_material_xy_spacing = 50%
; temperature = 200
; template_custom_gcode = 
; thin_walls = 1
; threads = 8
; thumbnails = 
; toolchange_gcode = 
; top_fill_pattern = monotonic
; top_infill_extrusion_width = 0.4
; top_solid_infill_speed = 15
; top_solid_layers = 3
; top_solid_min_thickness = 0
; travel_speed = 130
; use_firmware_retraction = 0
; use_relative_e_distances = 0
; use_volumetric_e = 0
; variable_layer_height = 1
; wipe = 0
; wipe_into_infill = 0
; wipe_into_objects = 0
; wipe_tower = 0
; wipe_tower_bridging = 10
; wipe_tower_no_sparse_layers = 0
; wipe_tower_rotation_angle = 0
; wipe_tower_width = 60
; wipe_tower_x = 180
; wipe_tower_y = 140
; wiping_volumes_extruders = 70,70
; wiping_volumes_matrix = 0
; xy_size_compensation = 0
; z_offset = 0
