solid OpenSCAD_Model
  facet normal -1 0 0
    outer loop
      vertex 0 9.0762 -3
      vertex 0 0.923797 -3
      vertex 0 9.0762 0
    endloop
  endfacet
  facet normal -1 0 0
    outer loop
      vertex 0 44.0762 -3
      vertex 0 35.9238 -3
      vertex 0 44.0762 0
    endloop
  endfacet
  facet normal -1 0 0
    outer loop
      vertex 0 44.0762 0
      vertex 0 45 3
      vertex 0 45 0
    endloop
  endfacet
  facet normal -1 0 0
    outer loop
      vertex 0 35.9238 0
      vertex 0 44.0762 0
      vertex 0 35.9238 -3
    endloop
  endfacet
  facet normal -1 0 0
    outer loop
      vertex 0 44.0762 0
      vertex 0 35.9238 0
      vertex 0 45 3
    endloop
  endfacet
  facet normal -1 0 0
    outer loop
      vertex 0 9.0762 0
      vertex 0 45 3
      vertex 0 35.9238 0
    endloop
  endfacet
  facet normal -1 0 0
    outer loop
      vertex 0 0.923797 0
      vertex 0 9.0762 0
      vertex 0 0.923797 -3
    endloop
  endfacet
  facet normal -1 0 0
    outer loop
      vertex 0 0 3
      vertex 0 9.0762 0
      vertex 0 0.923797 0
    endloop
  endfacet
  facet normal -1 0 0
    outer loop
      vertex 0 0 3
      vertex 0 0.923797 0
      vertex 0 0 0
    endloop
  endfacet
  facet normal -1 0 0
    outer loop
      vertex 0 9.0762 0
      vertex 0 0 3
      vertex 0 45 3
    endloop
  endfacet
  facet normal 0 0 1
    outer loop
      vertex 11.957 38 3
      vertex 5.875 6.51554 3
      vertex 12.508 6.008 3
    endloop
  endfacet
  facet normal 0 0 1
    outer loop
      vertex 12.508 6.008 3
      vertex 5.875 6.51554 3
      vertex 6.75 5 3
    endloop
  endfacet
  facet normal -0 0 1
    outer loop
      vertex 4.125 38.4845 3
      vertex 5.875 6.51554 3
      vertex 5.875 38.4845 3
    endloop
  endfacet
  facet normal 0 0 1
    outer loop
      vertex 4.125 38.4845 3
      vertex 4.125 6.51554 3
      vertex 5.875 6.51554 3
    endloop
  endfacet
  facet normal 0 0 1
    outer loop
      vertex 3.25 40 3
      vertex 4.125 6.51554 3
      vertex 4.125 38.4845 3
    endloop
  endfacet
  facet normal 0 0 1
    outer loop
      vertex 4.125 6.51554 3
      vertex 3.25 40 3
      vertex 3.25 5 3
    endloop
  endfacet
  facet normal -0 0 1
    outer loop
      vertex 12.1702 4.625 3
      vertex 13.0932 4.58424 3
      vertex 12.303 5.118 3
    endloop
  endfacet
  facet normal 0 -0 1
    outer loop
      vertex 12.1697 3.55299 3
      vertex 13.0325 4.09 3
      vertex 12.126 4.088 3
    endloop
  endfacet
  facet normal 0 0 1
    outer loop
      vertex 13.0932 4.58424 3
      vertex 12.1702 4.625 3
      vertex 13.0325 4.09 3
    endloop
  endfacet
  facet normal 0 0 1
    outer loop
      vertex 13.0325 4.09 3
      vertex 12.529 2.604 3
      vertex 12.861 2.16801 3
    endloop
  endfacet
  facet normal 0 0 1
    outer loop
      vertex 13.0325 4.09 3
      vertex 12.1702 4.625 3
      vertex 12.126 4.088 3
    endloop
  endfacet
  facet normal 0 -0 1
    outer loop
      vertex 12.301 3.062 3
      vertex 13.0325 4.09 3
      vertex 12.1697 3.55299 3
    endloop
  endfacet
  facet normal 0 0 1
    outer loop
      vertex 13.0325 4.09 3
      vertex 12.301 3.062 3
      vertex 12.529 2.604 3
    endloop
  endfacet
  facet normal 0 0 1
    outer loop
      vertex 14.9146 6.008 3
      vertex 14.8135 4.56499 3
      vertex 14.8255 3.616 3
    endloop
  endfacet
  facet normal 0 0 1
    outer loop
      vertex 14.9146 6.008 3
      vertex 14.715 4.84674 3
      vertex 14.8135 4.56499 3
    endloop
  endfacet
  facet normal 0 0 1
    outer loop
      vertex 15.6821 38.331 3
      vertex 12.476 38 3
      vertex 14.9146 6.008 3
    endloop
  endfacet
  facet normal 0 0 1
    outer loop
      vertex 14.9146 6.008 3
      vertex 14.5335 5.06 3
      vertex 14.715 4.84674 3
    endloop
  endfacet
  facet normal 0 -0 1
    outer loop
      vertex 12.861 6.008 3
      vertex 14.9146 6.008 3
      vertex 12.476 38 3
    endloop
  endfacet
  facet normal 0 0 1
    outer loop
      vertex 15.4354 38.815 3
      vertex 12.476 38 3
      vertex 15.6821 38.331 3
    endloop
  endfacet
  facet normal 0 0 1
    outer loop
      vertex 14.9146 6.008 3
      vertex 14.2827 5.19499 3
      vertex 14.5335 5.06 3
    endloop
  endfacet
  facet normal 0 0 1
    outer loop
      vertex 15.4354 38.815 3
      vertex 13.601 39.509 3
      vertex 12.476 38 3
    endloop
  endfacet
  facet normal 0 -0 1
    outer loop
      vertex 13.9745 5.23999 3
      vertex 14.9146 6.008 3
      vertex 12.861 6.008 3
    endloop
  endfacet
  facet normal 0 0 1
    outer loop
      vertex 14.9146 6.008 3
      vertex 13.9745 5.23999 3
      vertex 14.2827 5.19499 3
    endloop
  endfacet
  facet normal 0 0 1
    outer loop
      vertex 13.5722 5.16624 3
      vertex 12.861 6.008 3
      vertex 13.2755 4.94499 3
    endloop
  endfacet
  facet normal -0 0 1
    outer loop
      vertex 12.5315 5.57599 3
      vertex 13.2755 4.94499 3
      vertex 12.861 6.008 3
    endloop
  endfacet
  facet normal -0 0 1
    outer loop
      vertex 12.303 5.118 3
      vertex 13.2755 4.94499 3
      vertex 12.5315 5.57599 3
    endloop
  endfacet
  facet normal 0 0 1
    outer loop
      vertex 13.9745 5.23999 3
      vertex 12.861 6.008 3
      vertex 13.5722 5.16624 3
    endloop
  endfacet
  facet normal 0 0 1
    outer loop
      vertex 12.476 38 3
      vertex 13.601 39.509 3
      vertex 12.476 39.509 3
    endloop
  endfacet
  facet normal 0 0 1
    outer loop
      vertex 12.861 6.008 3
      vertex 12.476 38 3
      vertex 12.508 6.008 3
    endloop
  endfacet
  facet normal -0 0 1
    outer loop
      vertex 11.957 38 3
      vertex 12.508 6.008 3
      vertex 12.476 38 3
    endloop
  endfacet
  facet normal 0 0 1
    outer loop
      vertex 5.875 6.51554 3
      vertex 11.957 38 3
      vertex 5.875 38.4845 3
    endloop
  endfacet
  facet normal 0 0 1
    outer loop
      vertex 12.508 6.008 3
      vertex 6.75 5 3
      vertex 12.1755 5.58549 3
    endloop
  endfacet
  facet normal 0 0 1
    outer loop
      vertex 14.8135 4.56499 3
      vertex 14.4565 3.64 3
      vertex 14.8255 3.616 3
    endloop
  endfacet
  facet normal -0 0 1
    outer loop
      vertex 14.4375 4.536 3
      vertex 14.4565 3.64 3
      vertex 14.8135 4.56499 3
    endloop
  endfacet
  facet normal -0 0 1
    outer loop
      vertex 13.4145 4.09799 3
      vertex 14.4565 3.64 3
      vertex 14.4375 4.536 3
    endloop
  endfacet
  facet normal 0 0 1
    outer loop
      vertex 13.9645 4.95399 3
      vertex 14.4375 4.536 3
      vertex 14.3875 4.70824 3
    endloop
  endfacet
  facet normal -0 -0 1
    outer loop
      vertex 13.449 3.71049 3
      vertex 14.4565 3.64 3
      vertex 13.4145 4.09799 3
    endloop
  endfacet
  facet normal 0 0 1
    outer loop
      vertex 14.1532 4.92574 3
      vertex 14.3875 4.70824 3
      vertex 14.2935 4.84099 3
    endloop
  endfacet
  facet normal 0 0 1
    outer loop
      vertex 14.3875 4.70824 3
      vertex 14.1532 4.92574 3
      vertex 13.9645 4.95399 3
    endloop
  endfacet
  facet normal 0 -0 1
    outer loop
      vertex 13.5525 3.43799 3
      vertex 14.4565 3.64 3
      vertex 13.449 3.71049 3
    endloop
  endfacet
  facet normal 0 -0 1
    outer loop
      vertex 13.9695 3.224 3
      vertex 14.4565 3.64 3
      vertex 13.5525 3.43799 3
    endloop
  endfacet
  facet normal 0 0 1
    outer loop
      vertex 14.4375 4.536 3
      vertex 13.9645 4.95399 3
      vertex 13.447 4.495 3
    endloop
  endfacet
  facet normal 0 0 1
    outer loop
      vertex 14.4565 3.64 3
      vertex 14.1485 3.2495 3
      vertex 14.4012 3.45549 3
    endloop
  endfacet
  facet normal 0 0 1
    outer loop
      vertex 13.5445 4.758 3
      vertex 13.9645 4.95399 3
      vertex 13.7145 4.905 3
    endloop
  endfacet
  facet normal 0 0 1
    outer loop
      vertex 14.4012 3.45549 3
      vertex 14.1485 3.2495 3
      vertex 14.2955 3.32599 3
    endloop
  endfacet
  facet normal 0 0 1
    outer loop
      vertex 13.9645 4.95399 3
      vertex 13.5445 4.758 3
      vertex 13.447 4.495 3
    endloop
  endfacet
  facet normal 0 -0 1
    outer loop
      vertex 14.1485 3.2495 3
      vertex 14.4565 3.64 3
      vertex 13.9695 3.224 3
    endloop
  endfacet
  facet normal 0 0 1
    outer loop
      vertex 14.4375 4.536 3
      vertex 13.447 4.495 3
      vertex 13.4145 4.09799 3
    endloop
  endfacet
  facet normal 0 0 1
    outer loop
      vertex 13.9695 3.224 3
      vertex 13.5525 3.43799 3
      vertex 13.7257 3.2775 3
    endloop
  endfacet
  facet normal 0 0 1
    outer loop
      vertex 17.6019 5.19499 3
      vertex 15.9719 4.64124 3
      vertex 16.0176 4.092 3
    endloop
  endfacet
  facet normal 0 0 1
    outer loop
      vertex 17.894 5.741 3
      vertex 15.8346 5.133 3
      vertex 15.9719 4.64124 3
    endloop
  endfacet
  facet normal 0 0 1
    outer loop
      vertex 14.9146 6.008 3
      vertex 16.0899 38.0347 3
      vertex 15.6821 38.331 3
    endloop
  endfacet
  facet normal 0 0 1
    outer loop
      vertex 17.894 5.741 3
      vertex 15.6021 5.58374 3
      vertex 15.8346 5.133 3
    endloop
  endfacet
  facet normal 0 0 1
    outer loop
      vertex 15.3531 39.475 3
      vertex 14.1465 39.589 3
      vertex 15.4354 38.815 3
    endloop
  endfacet
  facet normal -0 0 1
    outer loop
      vertex 14.565 39.829 3
      vertex 15.3531 39.475 3
      vertex 14.8312 40.2045 3
    endloop
  endfacet
  facet normal 0 0 1
    outer loop
      vertex 17.894 5.741 3
      vertex 15.2686 6.008 3
      vertex 15.6021 5.58374 3
    endloop
  endfacet
  facet normal 0 0 1
    outer loop
      vertex 16.0899 38.0347 3
      vertex 14.9146 6.008 3
      vertex 15.2686 6.008 3
    endloop
  endfacet
  facet normal -0 0 1
    outer loop
      vertex 13.601 39.509 3
      vertex 15.4354 38.815 3
      vertex 14.1465 39.589 3
    endloop
  endfacet
  facet normal -0 0 1
    outer loop
      vertex 14.1465 39.589 3
      vertex 15.3531 39.475 3
      vertex 14.565 39.829 3
    endloop
  endfacet
  facet normal 0 0 1
    outer loop
      vertex 14.9146 6.008 3
      vertex 15.6506 4.088 3
      vertex 15.6061 4.6265 3
    endloop
  endfacet
  facet normal 0 0 1
    outer loop
      vertex 15.6506 4.088 3
      vertex 14.9146 2.16801 3
      vertex 15.6064 3.5495 3
    endloop
  endfacet
  facet normal 0 0 1
    outer loop
      vertex 15.2441 5.575 3
      vertex 15.6061 4.6265 3
      vertex 15.4726 5.118 3
    endloop
  endfacet
  facet normal 0 0 1
    outer loop
      vertex 15.6064 3.5495 3
      vertex 15.2454 2.60201 3
      vertex 15.4736 3.058 3
    endloop
  endfacet
  facet normal 0 0 1
    outer loop
      vertex 14.9146 6.008 3
      vertex 15.6061 4.6265 3
      vertex 15.2441 5.575 3
    endloop
  endfacet
  facet normal 0 0 1
    outer loop
      vertex 15.6506 4.088 3
      vertex 14.9146 6.008 3
      vertex 14.9146 2.16801 3
    endloop
  endfacet
  facet normal 0 0 1
    outer loop
      vertex 15.6064 3.5495 3
      vertex 14.9146 2.16801 3
      vertex 15.2454 2.60201 3
    endloop
  endfacet
  facet normal 0 0 1
    outer loop
      vertex 19.3609 4.812 3
      vertex 19.8626 5.0985 3
      vertex 19.4179 4.97949 3
    endloop
  endfacet
  facet normal 0 0 1
    outer loop
      vertex 20.3534 5.84999 3
      vertex 19.3787 5.48624 3
      vertex 19.437 5.14799 3
    endloop
  endfacet
  facet normal 0 0 1
    outer loop
      vertex 20.3534 5.84999 3
      vertex 19.2039 5.737 3
      vertex 19.3787 5.48624 3
    endloop
  endfacet
  facet normal 0 0 1
    outer loop
      vertex 18.5389 5.94398 3
      vertex 19.5177 38 3
      vertex 18.9527 38 3
    endloop
  endfacet
  facet normal 0 0 1
    outer loop
      vertex 20.3534 5.84999 3
      vertex 18.9217 5.89224 3
      vertex 19.2039 5.737 3
    endloop
  endfacet
  facet normal 0 0 1
    outer loop
      vertex 20.8036 5.94398 3
      vertex 18.9217 5.89224 3
      vertex 20.3534 5.84999 3
    endloop
  endfacet
  facet normal -0 0 1
    outer loop
      vertex 16.6551 37.936 3
      vertex 18.5389 5.94398 3
      vertex 18.9527 38 3
    endloop
  endfacet
  facet normal -0 0 1
    outer loop
      vertex 17.9821 39.475 3
      vertex 18.9527 38 3
      vertex 18.1287 40.944 3
    endloop
  endfacet
  facet normal -0 0 1
    outer loop
      vertex 17.8971 38.7962 3
      vertex 18.9527 38 3
      vertex 17.9821 39.475 3
    endloop
  endfacet
  facet normal -0 0 1
    outer loop
      vertex 17.6421 38.316 3
      vertex 18.9527 38 3
      vertex 17.8971 38.7962 3
    endloop
  endfacet
  facet normal -0 0 1
    outer loop
      vertex 17.2254 38.031 3
      vertex 18.9527 38 3
      vertex 17.6421 38.316 3
    endloop
  endfacet
  facet normal 0 0 1
    outer loop
      vertex 16.6551 37.936 3
      vertex 18.9527 38 3
      vertex 17.2254 38.031 3
    endloop
  endfacet
  facet normal -0 0 1
    outer loop
      vertex 15.2686 6.008 3
      vertex 18.5389 5.94398 3
      vertex 16.6551 37.936 3
    endloop
  endfacet
  facet normal 0 0 1
    outer loop
      vertex 15.2686 6.008 3
      vertex 16.6551 37.936 3
      vertex 16.0899 38.0347 3
    endloop
  endfacet
  facet normal 0 0 1
    outer loop
      vertex 18.5389 5.94398 3
      vertex 15.2686 6.008 3
      vertex 18.1807 5.89325 3
    endloop
  endfacet
  facet normal 0 0 1
    outer loop
      vertex 17.6019 5.19499 3
      vertex 16.0176 4.092 3
      vertex 17.586 3.258 3
    endloop
  endfacet
  facet normal 0 0 1
    outer loop
      vertex 18.1807 5.89325 3
      vertex 15.2686 6.008 3
      vertex 17.894 5.741 3
    endloop
  endfacet
  facet normal 0 0 1
    outer loop
      vertex 19.8626 5.0985 3
      vertex 19.3609 4.812 3
      vertex 19.8026 4.43999 3
    endloop
  endfacet
  facet normal -0 0 1
    outer loop
      vertex 19.2662 4.64499 3
      vertex 19.8026 4.43999 3
      vertex 19.3609 4.812 3
    endloop
  endfacet
  facet normal -0 0 1
    outer loop
      vertex 19.1339 4.478 3
      vertex 19.8026 4.43999 3
      vertex 19.2662 4.64499 3
    endloop
  endfacet
  facet normal 0 0 1
    outer loop
      vertex 18.9152 4.265 3
      vertex 19.8026 4.43999 3
      vertex 19.1339 4.478 3
    endloop
  endfacet
  facet normal 0 0 1
    outer loop
      vertex 19.8026 4.43999 3
      vertex 18.9152 4.265 3
      vertex 19.4809 3.31099 3
    endloop
  endfacet
  facet normal -0 0 1
    outer loop
      vertex 18.5589 3.95999 3
      vertex 19.4809 3.31099 3
      vertex 18.9152 4.265 3
    endloop
  endfacet
  facet normal -0 0 1
    outer loop
      vertex 18.3489 3.77625 3
      vertex 19.4809 3.31099 3
      vertex 18.5589 3.95999 3
    endloop
  endfacet
  facet normal -0 0 1
    outer loop
      vertex 18.187 3.61099 3
      vertex 19.4809 3.31099 3
      vertex 18.3489 3.77625 3
    endloop
  endfacet
  facet normal -0 0 1
    outer loop
      vertex 18.0682 3.45799 3
      vertex 19.4809 3.31099 3
      vertex 18.187 3.61099 3
    endloop
  endfacet
  facet normal 0 0 1
    outer loop
      vertex 19.4809 3.31099 3
      vertex 18.0682 3.45799 3
      vertex 17.9879 3.31099 3
    endloop
  endfacet
  facet normal 0 0 1
    outer loop
      vertex 18.7579 5.60974 3
      vertex 19.0609 5.13599 3
      vertex 19.0264 5.34999 3
    endloop
  endfacet
  facet normal 0 0 1
    outer loop
      vertex 19.0609 5.13599 3
      vertex 18.5389 5.64299 3
      vertex 19.0407 4.96799 3
    endloop
  endfacet
  facet normal 0 0 1
    outer loop
      vertex 18.7579 5.60974 3
      vertex 19.0264 5.34999 3
      vertex 18.9229 5.50999 3
    endloop
  endfacet
  facet normal 0 0 1
    outer loop
      vertex 19.0609 5.13599 3
      vertex 18.7579 5.60974 3
      vertex 18.5389 5.64299 3
    endloop
  endfacet
  facet normal 0 0 1
    outer loop
      vertex 19.0407 4.96799 3
      vertex 17.976 5.15999 3
      vertex 18.9799 4.81799 3
    endloop
  endfacet
  facet normal -0 0 1
    outer loop
      vertex 17.976 5.15999 3
      vertex 19.0407 4.96799 3
      vertex 18.5389 5.64299 3
    endloop
  endfacet
  facet normal 0 0 1
    outer loop
      vertex 18.9799 4.81799 3
      vertex 17.976 5.15999 3
      vertex 18.8875 4.681 3
    endloop
  endfacet
  facet normal 0 0 1
    outer loop
      vertex 18.8875 4.681 3
      vertex 17.976 5.15999 3
      vertex 18.7699 4.54999 3
    endloop
  endfacet
  facet normal 0 0 1
    outer loop
      vertex 18.7699 4.54999 3
      vertex 17.976 5.15999 3
      vertex 18.6319 4.42274 3
    endloop
  endfacet
  facet normal 0 0 1
    outer loop
      vertex 17.976 5.15999 3
      vertex 18.5389 5.64299 3
      vertex 18.3254 5.61124 3
    endloop
  endfacet
  facet normal 0 0 1
    outer loop
      vertex 18.6319 4.42274 3
      vertex 17.976 5.15999 3
      vertex 18.478 4.295 3
    endloop
  endfacet
  facet normal 0 0 1
    outer loop
      vertex 18.0332 5.36349 3
      vertex 18.3254 5.61124 3
      vertex 18.1529 5.51599 3
    endloop
  endfacet
  facet normal 0 0 1
    outer loop
      vertex 18.478 4.295 3
      vertex 17.976 5.15999 3
      vertex 18.3159 4.1615 3
    endloop
  endfacet
  facet normal 0 0 1
    outer loop
      vertex 18.3254 5.61124 3
      vertex 18.0332 5.36349 3
      vertex 17.976 5.15999 3
    endloop
  endfacet
  facet normal 0 0 1
    outer loop
      vertex 18.3159 4.1615 3
      vertex 17.976 5.15999 3
      vertex 18.1519 4.017 3
    endloop
  endfacet
  facet normal 0 0 1
    outer loop
      vertex 17.6019 5.19499 3
      vertex 18.1519 4.017 3
      vertex 17.976 5.15999 3
    endloop
  endfacet
  facet normal 0 0 1
    outer loop
      vertex 18.1519 4.017 3
      vertex 17.6019 5.19499 3
      vertex 17.9917 3.85899 3
    endloop
  endfacet
  facet normal 0 0 1
    outer loop
      vertex 17.9917 3.85899 3
      vertex 17.6019 5.19499 3
      vertex 17.8389 3.683 3
    endloop
  endfacet
  facet normal 0 0 1
    outer loop
      vertex 17.8389 3.683 3
      vertex 17.6019 5.19499 3
      vertex 17.7012 3.48474 3
    endloop
  endfacet
  facet normal 0 0 1
    outer loop
      vertex 17.7012 3.48474 3
      vertex 17.6019 5.19499 3
      vertex 17.586 3.258 3
    endloop
  endfacet
  facet normal 0 0 1
    outer loop
      vertex 23.9433 4.97949 3
      vertex 24.565 5.04799 3
      vertex 23.9623 5.14799 3
    endloop
  endfacet
  facet normal 0 0 1
    outer loop
      vertex 25.242 5.87999 3
      vertex 23.9041 5.48624 3
      vertex 23.9623 5.14799 3
    endloop
  endfacet
  facet normal 0 0 1
    outer loop
      vertex 25.242 5.87999 3
      vertex 23.7293 5.737 3
      vertex 23.9041 5.48624 3
    endloop
  endfacet
  facet normal -0 0 1
    outer loop
      vertex 23.0643 5.94398 3
      vertex 25.242 5.87999 3
      vertex 23.6257 37.936 3
    endloop
  endfacet
  facet normal 0 0 1
    outer loop
      vertex 25.242 5.87999 3
      vertex 23.4471 5.89224 3
      vertex 23.7293 5.737 3
    endloop
  endfacet
  facet normal 0 0 1
    outer loop
      vertex 25.242 5.87999 3
      vertex 23.0643 5.94398 3
      vertex 23.4471 5.89224 3
    endloop
  endfacet
  facet normal 0 0 1
    outer loop
      vertex 23.0514 38.0337 3
      vertex 23.0643 5.94398 3
      vertex 23.6257 37.936 3
    endloop
  endfacet
  facet normal 0 0 1
    outer loop
      vertex 23.0514 38.0337 3
      vertex 22.7061 5.89325 3
      vertex 23.0643 5.94398 3
    endloop
  endfacet
  facet normal 0 0 1
    outer loop
      vertex 22.4193 5.741 3
      vertex 23.0514 38.0337 3
      vertex 22.6327 38.327 3
    endloop
  endfacet
  facet normal 0 0 1
    outer loop
      vertex 23.0514 38.0337 3
      vertex 22.4193 5.741 3
      vertex 22.7061 5.89325 3
    endloop
  endfacet
  facet normal 0 0 1
    outer loop
      vertex 22.2208 5.50299 3
      vertex 22.6327 38.327 3
      vertex 22.3769 38.814 3
    endloop
  endfacet
  facet normal 0 0 1
    outer loop
      vertex 21.3287 38 3
      vertex 22.3769 38.814 3
      vertex 22.2917 39.491 3
    endloop
  endfacet
  facet normal 0 0 1
    outer loop
      vertex 22.6327 38.327 3
      vertex 22.2208 5.50299 3
      vertex 22.4193 5.741 3
    endloop
  endfacet
  facet normal 0 0 1
    outer loop
      vertex 23.8863 4.812 3
      vertex 24.565 5.04799 3
      vertex 23.9433 4.97949 3
    endloop
  endfacet
  facet normal 0 0 1
    outer loop
      vertex 23.7916 4.64499 3
      vertex 24.565 5.04799 3
      vertex 23.8863 4.812 3
    endloop
  endfacet
  facet normal 0 0 1
    outer loop
      vertex 24.565 5.04799 3
      vertex 23.7916 4.64499 3
      vertex 24.0063 3.31099 3
    endloop
  endfacet
  facet normal -0 0 1
    outer loop
      vertex 23.6593 4.478 3
      vertex 24.0063 3.31099 3
      vertex 23.7916 4.64499 3
    endloop
  endfacet
  facet normal -0 0 1
    outer loop
      vertex 23.4406 4.265 3
      vertex 24.0063 3.31099 3
      vertex 23.6593 4.478 3
    endloop
  endfacet
  facet normal -0 0 1
    outer loop
      vertex 23.0843 3.95999 3
      vertex 24.0063 3.31099 3
      vertex 23.4406 4.265 3
    endloop
  endfacet
  facet normal -0 0 1
    outer loop
      vertex 22.8743 3.77625 3
      vertex 24.0063 3.31099 3
      vertex 23.0843 3.95999 3
    endloop
  endfacet
  facet normal -0 0 1
    outer loop
      vertex 22.7123 3.61099 3
      vertex 24.0063 3.31099 3
      vertex 22.8743 3.77625 3
    endloop
  endfacet
  facet normal -0 0 1
    outer loop
      vertex 22.5936 3.45799 3
      vertex 24.0063 3.31099 3
      vertex 22.7123 3.61099 3
    endloop
  endfacet
  facet normal 0 0 1
    outer loop
      vertex 24.0063 3.31099 3
      vertex 22.5936 3.45799 3
      vertex 22.5133 3.31099 3
    endloop
  endfacet
  facet normal 0 0 1
    outer loop
      vertex 22.3769 38.814 3
      vertex 22.1273 5.19499 3
      vertex 22.2208 5.50299 3
    endloop
  endfacet
  facet normal 0 0 1
    outer loop
      vertex 22.3769 38.814 3
      vertex 21.3287 38 3
      vertex 22.1273 5.19499 3
    endloop
  endfacet
  facet normal -0 0 1
    outer loop
      vertex 21.7274 3.79449 3
      vertex 22.1113 3.258 3
      vertex 21.7906 4.43999 3
    endloop
  endfacet
  facet normal 0 -0 1
    outer loop
      vertex 21.7906 4.43999 3
      vertex 22.1273 5.19499 3
      vertex 21.7304 5.09349 3
    endloop
  endfacet
  facet normal 0 0 1
    outer loop
      vertex 22.1273 5.19499 3
      vertex 21.7906 4.43999 3
      vertex 22.1113 3.258 3
    endloop
  endfacet
  facet normal -0 0 1
    outer loop
      vertex 21.2431 5.849 3
      vertex 22.1273 5.19499 3
      vertex 21.3287 38 3
    endloop
  endfacet
  facet normal 0 0 1
    outer loop
      vertex 22.1273 5.19499 3
      vertex 21.5496 5.564 3
      vertex 21.7304 5.09349 3
    endloop
  endfacet
  facet normal 0 0 1
    outer loop
      vertex 22.1273 5.19499 3
      vertex 21.2431 5.849 3
      vertex 21.5496 5.564 3
    endloop
  endfacet
  facet normal 0 0 1
    outer loop
      vertex 21.3287 38 3
      vertex 20.8036 5.94398 3
      vertex 21.2431 5.849 3
    endloop
  endfacet
  facet normal -0 0 1
    outer loop
      vertex 20.7607 38 3
      vertex 20.8036 5.94398 3
      vertex 21.3287 38 3
    endloop
  endfacet
  facet normal -0 0 1
    outer loop
      vertex 19.5177 38 3
      vertex 20.8036 5.94398 3
      vertex 20.7607 38 3
    endloop
  endfacet
  facet normal -0 0 1
    outer loop
      vertex 19.908 39.5267 3
      vertex 20.7607 38 3
      vertex 20.2467 40.081 3
    endloop
  endfacet
  facet normal -0 0 1
    outer loop
      vertex 20.1177 40.392 3
      vertex 20.2467 40.081 3
      vertex 20.1487 40.541 3
    endloop
  endfacet
  facet normal -0 0 1
    outer loop
      vertex 20.0727 40.189 3
      vertex 20.2467 40.081 3
      vertex 20.1177 40.392 3
    endloop
  endfacet
  facet normal 0 0 1
    outer loop
      vertex 19.908 39.5267 3
      vertex 20.2467 40.081 3
      vertex 20.0727 40.189 3
    endloop
  endfacet
  facet normal 0 0 1
    outer loop
      vertex 20.7607 38 3
      vertex 19.908 39.5267 3
      vertex 19.5177 38 3
    endloop
  endfacet
  facet normal 0 0 1
    outer loop
      vertex 18.5389 5.94398 3
      vertex 20.8036 5.94398 3
      vertex 19.5177 38 3
    endloop
  endfacet
  facet normal 0 -0 1
    outer loop
      vertex 18.9217 5.89224 3
      vertex 20.8036 5.94398 3
      vertex 18.5389 5.94398 3
    endloop
  endfacet
  facet normal 0 0 1
    outer loop
      vertex 20.3534 5.84999 3
      vertex 19.437 5.14799 3
      vertex 20.0426 5.56799 3
    endloop
  endfacet
  facet normal 0 0 1
    outer loop
      vertex 20.0426 5.56799 3
      vertex 19.437 5.14799 3
      vertex 19.8626 5.0985 3
    endloop
  endfacet
  facet normal 0 0 1
    outer loop
      vertex 23.2833 5.60974 3
      vertex 23.5863 5.13599 3
      vertex 23.5518 5.34999 3
    endloop
  endfacet
  facet normal 0 0 1
    outer loop
      vertex 23.5863 5.13599 3
      vertex 23.0643 5.64299 3
      vertex 23.5661 4.96799 3
    endloop
  endfacet
  facet normal 0 0 1
    outer loop
      vertex 23.2833 5.60974 3
      vertex 23.5518 5.34999 3
      vertex 23.4483 5.50999 3
    endloop
  endfacet
  facet normal 0 0 1
    outer loop
      vertex 23.5863 5.13599 3
      vertex 23.2833 5.60974 3
      vertex 23.0643 5.64299 3
    endloop
  endfacet
  facet normal 0 0 1
    outer loop
      vertex 23.5661 4.96799 3
      vertex 22.5013 5.15999 3
      vertex 23.5053 4.81799 3
    endloop
  endfacet
  facet normal -0 0 1
    outer loop
      vertex 22.5013 5.15999 3
      vertex 23.5661 4.96799 3
      vertex 23.0643 5.64299 3
    endloop
  endfacet
  facet normal 0 0 1
    outer loop
      vertex 23.5053 4.81799 3
      vertex 22.5013 5.15999 3
      vertex 23.4128 4.681 3
    endloop
  endfacet
  facet normal 0 0 1
    outer loop
      vertex 23.4128 4.681 3
      vertex 22.5013 5.15999 3
      vertex 23.2953 4.54999 3
    endloop
  endfacet
  facet normal 0 0 1
    outer loop
      vertex 23.2953 4.54999 3
      vertex 22.5013 5.15999 3
      vertex 23.1573 4.42274 3
    endloop
  endfacet
  facet normal 0 0 1
    outer loop
      vertex 22.5013 5.15999 3
      vertex 23.0643 5.64299 3
      vertex 22.8508 5.61124 3
    endloop
  endfacet
  facet normal 0 0 1
    outer loop
      vertex 23.1573 4.42274 3
      vertex 22.5013 5.15999 3
      vertex 23.0033 4.295 3
    endloop
  endfacet
  facet normal 0 0 1
    outer loop
      vertex 22.5586 5.36349 3
      vertex 22.8508 5.61124 3
      vertex 22.6783 5.51599 3
    endloop
  endfacet
  facet normal 0 0 1
    outer loop
      vertex 23.0033 4.295 3
      vertex 22.5013 5.15999 3
      vertex 22.8413 4.1615 3
    endloop
  endfacet
  facet normal 0 0 1
    outer loop
      vertex 22.8508 5.61124 3
      vertex 22.5586 5.36349 3
      vertex 22.5013 5.15999 3
    endloop
  endfacet
  facet normal 0 0 1
    outer loop
      vertex 22.8413 4.1615 3
      vertex 22.5013 5.15999 3
      vertex 22.6773 4.017 3
    endloop
  endfacet
  facet normal 0 0 1
    outer loop
      vertex 22.1273 5.19499 3
      vertex 22.6773 4.017 3
      vertex 22.5013 5.15999 3
    endloop
  endfacet
  facet normal 0 0 1
    outer loop
      vertex 22.6773 4.017 3
      vertex 22.1273 5.19499 3
      vertex 22.5171 3.85899 3
    endloop
  endfacet
  facet normal 0 0 1
    outer loop
      vertex 22.5171 3.85899 3
      vertex 22.1273 5.19499 3
      vertex 22.3643 3.683 3
    endloop
  endfacet
  facet normal 0 0 1
    outer loop
      vertex 22.3643 3.683 3
      vertex 22.1273 5.19499 3
      vertex 22.2266 3.48474 3
    endloop
  endfacet
  facet normal 0 0 1
    outer loop
      vertex 22.2266 3.48474 3
      vertex 22.1273 5.19499 3
      vertex 22.1113 3.258 3
    endloop
  endfacet
  facet normal 0 0 1
    outer loop
      vertex 24.9037 39.353 3
      vertex 24.3957 38.768 3
      vertex 24.8247 38.644 3
    endloop
  endfacet
  facet normal 0 0 1
    outer loop
      vertex 24.3957 38.768 3
      vertex 24.1357 38.434 3
      vertex 24.2967 38.5835 3
    endloop
  endfacet
  facet normal 0 0 1
    outer loop
      vertex 24.3957 38.768 3
      vertex 23.9127 38.3357 3
      vertex 24.1357 38.434 3
    endloop
  endfacet
  facet normal -0 0 1
    outer loop
      vertex 22.8047 39.353 3
      vertex 24.3957 38.768 3
      vertex 24.9037 39.353 3
    endloop
  endfacet
  facet normal -0 -0 1
    outer loop
      vertex 22.8569 38.9072 3
      vertex 24.3957 38.768 3
      vertex 22.8047 39.353 3
    endloop
  endfacet
  facet normal 0 -0 1
    outer loop
      vertex 23.6257 38.303 3
      vertex 24.3957 38.768 3
      vertex 22.8569 38.9072 3
    endloop
  endfacet
  facet normal -0 -0 1
    outer loop
      vertex 23.0137 38.576 3
      vertex 23.6257 38.303 3
      vertex 22.8569 38.9072 3
    endloop
  endfacet
  facet normal 0 0 1
    outer loop
      vertex 23.6257 38.303 3
      vertex 23.0137 38.576 3
      vertex 23.2717 38.3712 3
    endloop
  endfacet
  facet normal 0 0 1
    outer loop
      vertex 24.3957 38.768 3
      vertex 23.6257 38.303 3
      vertex 23.9127 38.3357 3
    endloop
  endfacet
  facet normal -0 0 1
    outer loop
      vertex 24.8247 38.644 3
      vertex 25.4583 38 3
      vertex 24.9037 39.353 3
    endloop
  endfacet
  facet normal -0 0 1
    outer loop
      vertex 24.3929 38.113 3
      vertex 25.4583 38 3
      vertex 24.8247 38.644 3
    endloop
  endfacet
  facet normal 0 0 1
    outer loop
      vertex 23.6257 37.936 3
      vertex 25.4583 38 3
      vertex 24.3929 38.113 3
    endloop
  endfacet
  facet normal -0 0 1
    outer loop
      vertex 23.9623 5.14799 3
      vertex 24.565 5.04799 3
      vertex 24.565 5.39299 3
    endloop
  endfacet
  facet normal 0 0 1
    outer loop
      vertex 25.4583 38 3
      vertex 23.6257 37.936 3
      vertex 25.242 5.87999 3
    endloop
  endfacet
  facet normal 0 0 1
    outer loop
      vertex 24.565 5.04799 3
      vertex 24.0063 3.31099 3
      vertex 24.482 3.31099 3
    endloop
  endfacet
  facet normal 0 0 1
    outer loop
      vertex 25.242 5.87999 3
      vertex 23.9623 5.14799 3
      vertex 24.565 5.39299 3
    endloop
  endfacet
  facet normal -0 0 1
    outer loop
      vertex 24.565 5.04799 3
      vertex 25.211 3.31099 3
      vertex 25.211 5.53099 3
    endloop
  endfacet
  facet normal 0 0 1
    outer loop
      vertex 25.211 3.31099 3
      vertex 24.565 5.04799 3
      vertex 24.482 3.31099 3
    endloop
  endfacet
  facet normal 0 0 1
    outer loop
      vertex 24.5797 40.6107 3
      vertex 25.4583 40.258 3
      vertex 25.4543 40.585 3
    endloop
  endfacet
  facet normal -0 0 1
    outer loop
      vertex 25.4583 38 3
      vertex 25.579 5.87999 3
      vertex 25.9473 38 3
    endloop
  endfacet
  facet normal -0 0 1
    outer loop
      vertex 24.5797 40.6107 3
      vertex 25.4543 40.585 3
      vertex 25.4423 40.944 3
    endloop
  endfacet
  facet normal 0 0 1
    outer loop
      vertex 24.9037 39.353 3
      vertex 25.4583 40.258 3
      vertex 24.9037 39.419 3
    endloop
  endfacet
  facet normal 0 0 1
    outer loop
      vertex 25.4583 40.258 3
      vertex 24.9037 39.353 3
      vertex 25.4583 38 3
    endloop
  endfacet
  facet normal 0 0 1
    outer loop
      vertex 29.9977 37.9965 3
      vertex 25.9473 38 3
      vertex 27.8996 5.87999 3
    endloop
  endfacet
  facet normal 0 0 1
    outer loop
      vertex 25.9473 39.54 3
      vertex 26.1073 40.295 3
      vertex 25.9873 39.9747 3
    endloop
  endfacet
  facet normal 0 0 1
    outer loop
      vertex 26.1073 40.295 3
      vertex 25.9473 39.54 3
      vertex 25.9473 38 3
    endloop
  endfacet
  facet normal 0 0 1
    outer loop
      vertex 25.579 5.87999 3
      vertex 27.8996 5.87999 3
      vertex 25.9473 38 3
    endloop
  endfacet
  facet normal 0 0 1
    outer loop
      vertex 27.8996 5.87999 3
      vertex 25.579 5.87999 3
      vertex 26.275 3.31099 3
    endloop
  endfacet
  facet normal 0 0 1
    outer loop
      vertex 26.275 3.31099 3
      vertex 25.579 5.87999 3
      vertex 25.579 3.31099 3
    endloop
  endfacet
  facet normal 0 0 1
    outer loop
      vertex 30.6134 5.87999 3
      vertex 29.6956 5.7065 3
      vertex 29.9476 5.18599 3
    endloop
  endfacet
  facet normal -0 0 1
    outer loop
      vertex 25.9473 38 3
      vertex 29.9977 37.9965 3
      vertex 29.5357 38.178 3
    endloop
  endfacet
  facet normal 0 0 1
    outer loop
      vertex 28.8907 38.87 3
      vertex 25.9473 38 3
      vertex 29.163 38.472 3
    endloop
  endfacet
  facet normal 0 0 1
    outer loop
      vertex 30.6134 5.87999 3
      vertex 28.9396 5.87999 3
      vertex 29.6956 5.7065 3
    endloop
  endfacet
  facet normal 0 0 1
    outer loop
      vertex 26.8343 40.532 3
      vertex 25.9473 38 3
      vertex 28.725 39.362 3
    endloop
  endfacet
  facet normal 0 0 1
    outer loop
      vertex 25.9473 38 3
      vertex 26.8343 40.532 3
      vertex 26.1073 40.295 3
    endloop
  endfacet
  facet normal 0 0 1
    outer loop
      vertex 26.8343 40.532 3
      vertex 28.725 39.362 3
      vertex 28.6697 39.936 3
    endloop
  endfacet
  facet normal 0 0 1
    outer loop
      vertex 29.9977 37.9965 3
      vertex 27.8996 5.87999 3
      vertex 28.9396 5.87999 3
    endloop
  endfacet
  facet normal 0 0 1
    outer loop
      vertex 30.6134 3 3
      vertex 30.0673 4.08099 3
      vertex 30.1136 3.81599 3
    endloop
  endfacet
  facet normal 0 0 1
    outer loop
      vertex 30.5377 37.936 3
      vertex 28.9396 5.87999 3
      vertex 30.6134 5.87999 3
    endloop
  endfacet
  facet normal 0 0 1
    outer loop
      vertex 29.9118 4.95224 3
      vertex 30.6134 5.87999 3
      vertex 29.9476 5.18599 3
    endloop
  endfacet
  facet normal 0 0 1
    outer loop
      vertex 30.6134 5.87999 3
      vertex 29.9118 4.95224 3
      vertex 30.0673 4.08099 3
    endloop
  endfacet
  facet normal 0 0 1
    outer loop
      vertex 30.0673 4.08099 3
      vertex 29.9118 4.95224 3
      vertex 29.9286 4.29599 3
    endloop
  endfacet
  facet normal -0 0 1
    outer loop
      vertex 29.8046 4.75899 3
      vertex 29.9286 4.29599 3
      vertex 29.9118 4.95224 3
    endloop
  endfacet
  facet normal 0 0 1
    outer loop
      vertex 29.8046 4.75899 3
      vertex 29.7046 4.44949 3
      vertex 29.9286 4.29599 3
    endloop
  endfacet
  facet normal -0 0 1
    outer loop
      vertex 29.6331 4.61525 3
      vertex 29.7046 4.44949 3
      vertex 29.8046 4.75899 3
    endloop
  endfacet
  facet normal 0 0 1
    outer loop
      vertex 29.7046 4.44949 3
      vertex 29.6331 4.61525 3
      vertex 29.4026 4.528 3
    endloop
  endfacet
  facet normal 0 0 1
    outer loop
      vertex 33.6537 4.75275 3
      vertex 32.7845 4.54399 3
      vertex 33.7429 4.64999 3
    endloop
  endfacet
  facet normal 0 0 1
    outer loop
      vertex 33.8149 5.73999 3
      vertex 32.9047 5.41124 3
      vertex 32.9705 5.073 3
    endloop
  endfacet
  facet normal -0 0 1
    outer loop
      vertex 31.5307 38.192 3
      vertex 33.2754 38.0347 3
      vertex 32.8677 38.331 3
    endloop
  endfacet
  facet normal 0 0 1
    outer loop
      vertex 33.8149 5.73999 3
      vertex 32.7075 5.66599 3
      vertex 32.9047 5.41124 3
    endloop
  endfacet
  facet normal -0 0 1
    outer loop
      vertex 31.911 38.5077 3
      vertex 32.8677 38.331 3
      vertex 32.6209 38.815 3
    endloop
  endfacet
  facet normal -0 0 1
    outer loop
      vertex 32.1957 38.941 3
      vertex 32.6209 38.815 3
      vertex 32.5387 39.475 3
    endloop
  endfacet
  facet normal 0 0 1
    outer loop
      vertex 31.911 38.5077 3
      vertex 32.6209 38.815 3
      vertex 32.1957 38.941 3
    endloop
  endfacet
  facet normal 0 0 1
    outer loop
      vertex 33.7429 4.64999 3
      vertex 32.7845 4.54399 3
      vertex 33.3999 3.66399 3
    endloop
  endfacet
  facet normal -0 0 1
    outer loop
      vertex 32.5632 4.36949 3
      vertex 33.3999 3.66399 3
      vertex 32.7845 4.54399 3
    endloop
  endfacet
  facet normal 0 0 1
    outer loop
      vertex 33.3999 3.66399 3
      vertex 32.5632 4.36949 3
      vertex 33.0835 3 3
    endloop
  endfacet
  facet normal 0 0 1
    outer loop
      vertex 33.0835 3 3
      vertex 32.5632 4.36949 3
      vertex 32.2715 4.27399 3
    endloop
  endfacet
  facet normal 0 0 1
    outer loop
      vertex 33.2754 38.0347 3
      vertex 31.5307 38.192 3
      vertex 31.0685 38 3
    endloop
  endfacet
  facet normal 0 0 1
    outer loop
      vertex 33.8149 5.73999 3
      vertex 32.3892 5.82649 3
      vertex 32.7075 5.66599 3
    endloop
  endfacet
  facet normal 0 0 1
    outer loop
      vertex 30.5377 37.936 3
      vertex 33.2754 38.0347 3
      vertex 31.0685 38 3
    endloop
  endfacet
  facet normal 0 0 1
    outer loop
      vertex 33.2754 38.0347 3
      vertex 31.9604 5.87999 3
      vertex 32.3892 5.82649 3
    endloop
  endfacet
  facet normal 0 0 1
    outer loop
      vertex 33.2754 38.0347 3
      vertex 30.5377 37.936 3
      vertex 31.9604 5.87999 3
    endloop
  endfacet
  facet normal 0 0 1
    outer loop
      vertex 28.9396 5.87999 3
      vertex 30.5377 37.936 3
      vertex 29.9977 37.9965 3
    endloop
  endfacet
  facet normal 0 0 1
    outer loop
      vertex 31.9604 5.87999 3
      vertex 30.5377 37.936 3
      vertex 30.6134 5.87999 3
    endloop
  endfacet
  facet normal 0 0 1
    outer loop
      vertex 32.5387 39.475 3
      vertex 31.7717 39.152 3
      vertex 32.1957 38.941 3
    endloop
  endfacet
  facet normal 0 0 1
    outer loop
      vertex 32.5387 39.475 3
      vertex 31.6687 40.816 3
      vertex 31.7717 39.152 3
    endloop
  endfacet
  facet normal 0 0 1
    outer loop
      vertex 31.2407 41.309 3
      vertex 31.6687 40.816 3
      vertex 31.4952 41.1007 3
    endloop
  endfacet
  facet normal 0 0 1
    outer loop
      vertex 31.6687 40.816 3
      vertex 29.1967 39.937 3
      vertex 31.7717 39.152 3
    endloop
  endfacet
  facet normal 0 0 1
    outer loop
      vertex 31.6687 40.816 3
      vertex 31.2407 41.309 3
      vertex 30.918 41.4372 3
    endloop
  endfacet
  facet normal 0 0 1
    outer loop
      vertex 31.6687 40.816 3
      vertex 30.918 41.4372 3
      vertex 30.5397 41.48 3
    endloop
  endfacet
  facet normal -0 -0 1
    outer loop
      vertex 29.2887 39.2965 3
      vertex 31.7717 39.152 3
      vertex 29.1967 39.937 3
    endloop
  endfacet
  facet normal 0 0 1
    outer loop
      vertex 31.6687 40.816 3
      vertex 30.5397 41.48 3
      vertex 29.285 40.5785 3
    endloop
  endfacet
  facet normal 0 -0 1
    outer loop
      vertex 30.5617 38.363 3
      vertex 31.7717 39.152 3
      vertex 29.2887 39.2965 3
    endloop
  endfacet
  facet normal 0 0 1
    outer loop
      vertex 29.285 40.5785 3
      vertex 30.5397 41.48 3
      vertex 29.9742 41.3767 3
    endloop
  endfacet
  facet normal 0 0 1
    outer loop
      vertex 31.7717 39.152 3
      vertex 30.5617 38.363 3
      vertex 31.2667 38.5602 3
    endloop
  endfacet
  facet normal 0 0 1
    outer loop
      vertex 29.285 40.5785 3
      vertex 29.9742 41.3767 3
      vertex 29.5497 41.067 3
    endloop
  endfacet
  facet normal -0 -0 1
    outer loop
      vertex 29.5647 38.795 3
      vertex 30.5617 38.363 3
      vertex 29.2887 39.2965 3
    endloop
  endfacet
  facet normal 0 0 1
    outer loop
      vertex 31.6687 40.816 3
      vertex 29.285 40.5785 3
      vertex 29.1967 39.937 3
    endloop
  endfacet
  facet normal 0 0 1
    outer loop
      vertex 30.5617 38.363 3
      vertex 29.5647 38.795 3
      vertex 29.9985 38.471 3
    endloop
  endfacet
  facet normal -0 0 1
    outer loop
      vertex 34.8277 38.316 3
      vertex 35.7083 38 3
      vertex 35.0827 38.7962 3
    endloop
  endfacet
  facet normal -0 0 1
    outer loop
      vertex 34.4109 38.031 3
      vertex 35.7083 38 3
      vertex 34.8277 38.316 3
    endloop
  endfacet
  facet normal 0 0 1
    outer loop
      vertex 33.8407 37.936 3
      vertex 35.7083 38 3
      vertex 34.4109 38.031 3
    endloop
  endfacet
  facet normal 0 0 1
    outer loop
      vertex 35.7083 38 3
      vertex 35.0507 5.90649 3
      vertex 35.3659 5.79399 3
    endloop
  endfacet
  facet normal 0 -0 1
    outer loop
      vertex 34.6209 5.94398 3
      vertex 35.7083 38 3
      vertex 33.8407 37.936 3
    endloop
  endfacet
  facet normal 0 0 1
    outer loop
      vertex 35.7083 38 3
      vertex 34.6209 5.94398 3
      vertex 35.0507 5.90649 3
    endloop
  endfacet
  facet normal 0 0 1
    outer loop
      vertex 34.6209 5.94398 3
      vertex 33.8407 37.936 3
      vertex 34.1574 5.89299 3
    endloop
  endfacet
  facet normal 0 0 1
    outer loop
      vertex 32.3892 5.82649 3
      vertex 33.8407 37.936 3
      vertex 33.2754 38.0347 3
    endloop
  endfacet
  facet normal 0 0 1
    outer loop
      vertex 33.8407 37.936 3
      vertex 32.3892 5.82649 3
      vertex 34.1574 5.89299 3
    endloop
  endfacet
  facet normal 0 0 1
    outer loop
      vertex 34.1574 5.89299 3
      vertex 32.3892 5.82649 3
      vertex 33.8149 5.73999 3
    endloop
  endfacet
  facet normal 0 0 1
    outer loop
      vertex 33.8149 5.73999 3
      vertex 32.9705 5.073 3
      vertex 33.6042 5.49399 3
    endloop
  endfacet
  facet normal 0 0 1
    outer loop
      vertex 33.6042 5.49399 3
      vertex 32.9705 5.073 3
      vertex 33.5339 5.16199 3
    endloop
  endfacet
  facet normal 0 0 1
    outer loop
      vertex 35.2699 4.07799 3
      vertex 35.4109 3.76399 3
      vertex 35.3949 3.89349 3
    endloop
  endfacet
  facet normal 0 0 1
    outer loop
      vertex 35.2699 4.07799 3
      vertex 35.3949 3.89349 3
      vertex 35.3469 3.99599 3
    endloop
  endfacet
  facet normal 0 0 1
    outer loop
      vertex 35.1669 4.144 3
      vertex 35.4109 3.76399 3
      vertex 35.2699 4.07799 3
    endloop
  endfacet
  facet normal 0 0 1
    outer loop
      vertex 35.4109 3.76399 3
      vertex 35.1669 4.144 3
      vertex 35.3599 3.53699 3
    endloop
  endfacet
  facet normal 0 0 1
    outer loop
      vertex 35.3599 3.53699 3
      vertex 35.1669 4.144 3
      vertex 35.2069 3.37199 3
    endloop
  endfacet
  facet normal 0 0 1
    outer loop
      vertex 35.0397 4.19724 3
      vertex 35.2069 3.37199 3
      vertex 35.1669 4.144 3
    endloop
  endfacet
  facet normal 0 0 1
    outer loop
      vertex 35.0397 4.19724 3
      vertex 34.9599 3.27225 3
      vertex 35.2069 3.37199 3
    endloop
  endfacet
  facet normal 0 0 1
    outer loop
      vertex 34.8899 4.241 3
      vertex 34.9599 3.27225 3
      vertex 35.0397 4.19724 3
    endloop
  endfacet
  facet normal 0 0 1
    outer loop
      vertex 34.6269 3.239 3
      vertex 34.8899 4.241 3
      vertex 34.7212 4.28174 3
    endloop
  endfacet
  facet normal 0 0 1
    outer loop
      vertex 34.8899 4.241 3
      vertex 34.6269 3.239 3
      vertex 34.9599 3.27225 3
    endloop
  endfacet
  facet normal 0 0 1
    outer loop
      vertex 34.3012 3.26924 3
      vertex 34.7212 4.28174 3
      vertex 34.5349 4.32599 3
    endloop
  endfacet
  facet normal 0 0 1
    outer loop
      vertex 34.7212 4.28174 3
      vertex 34.3012 3.26924 3
      vertex 34.6269 3.239 3
    endloop
  endfacet
  facet normal 0 0 1
    outer loop
      vertex 33.7759 3.739 3
      vertex 34.5349 4.32599 3
      vertex 34.2367 4.40274 3
    endloop
  endfacet
  facet normal 0 0 1
    outer loop
      vertex 34.5349 4.32599 3
      vertex 34.0519 3.35999 3
      vertex 34.3012 3.26924 3
    endloop
  endfacet
  facet normal 0 0 1
    outer loop
      vertex 33.7759 3.739 3
      vertex 34.2367 4.40274 3
      vertex 34.0199 4.47899 3
    endloop
  endfacet
  facet normal 0 0 1
    outer loop
      vertex 34.5349 4.32599 3
      vertex 33.7759 3.739 3
      vertex 33.8774 3.51524 3
    endloop
  endfacet
  facet normal 0 0 1
    outer loop
      vertex 33.7759 3.739 3
      vertex 34.0199 4.47899 3
      vertex 33.8632 4.56024 3
    endloop
  endfacet
  facet normal 0 0 1
    outer loop
      vertex 34.5349 4.32599 3
      vertex 33.8774 3.51524 3
      vertex 34.0519 3.35999 3
    endloop
  endfacet
  facet normal 0 0 1
    outer loop
      vertex 33.7429 4.64999 3
      vertex 33.7759 3.739 3
      vertex 33.8632 4.56024 3
    endloop
  endfacet
  facet normal 0 0 1
    outer loop
      vertex 32.7845 4.54399 3
      vertex 33.6537 4.75275 3
      vertex 32.924 4.78374 3
    endloop
  endfacet
  facet normal 0 0 1
    outer loop
      vertex 33.5474 5.00725 3
      vertex 32.924 4.78374 3
      vertex 33.5879 4.87099 3
    endloop
  endfacet
  facet normal 0 0 1
    outer loop
      vertex 32.924 4.78374 3
      vertex 33.5474 5.00725 3
      vertex 32.9705 5.073 3
    endloop
  endfacet
  facet normal 0 0 1
    outer loop
      vertex 33.7429 4.64999 3
      vertex 33.3999 3.66399 3
      vertex 33.7759 3.739 3
    endloop
  endfacet
  facet normal -0 0 1
    outer loop
      vertex 32.9705 5.073 3
      vertex 33.5474 5.00725 3
      vertex 33.5339 5.16199 3
    endloop
  endfacet
  facet normal 0 0 1
    outer loop
      vertex 35.0882 40.1577 3
      vertex 35.7083 40.315 3
      vertex 35.7043 40.7297 3
    endloop
  endfacet
  facet normal 0 0 1
    outer loop
      vertex 36.4013 40.387 3
      vertex 37.5653 39.873 3
      vertex 37.551 40.133 3
    endloop
  endfacet
  facet normal 0 0 1
    outer loop
      vertex 37.5288 5.94398 3
      vertex 38.7258 38 3
      vertex 38.0573 38 3
    endloop
  endfacet
  facet normal 0 0 1
    outer loop
      vertex 38.7258 38 3
      vertex 37.9483 5.89925 3
      vertex 38.2928 5.765 3
    endloop
  endfacet
  facet normal 0 0 1
    outer loop
      vertex 37.5288 5.94398 3
      vertex 38.0573 38 3
      vertex 37.5653 38 3
    endloop
  endfacet
  facet normal 0 0 1
    outer loop
      vertex 38.7258 38 3
      vertex 37.5288 5.94398 3
      vertex 37.9483 5.89925 3
    endloop
  endfacet
  facet normal 0 0 1
    outer loop
      vertex 37.5653 39.873 3
      vertex 36.1973 39.712 3
      vertex 37.5653 38 3
    endloop
  endfacet
  facet normal 0 0 1
    outer loop
      vertex 37.172 40.6122 3
      vertex 37.551 40.133 3
      vertex 37.5083 40.327 3
    endloop
  endfacet
  facet normal 0 0 1
    outer loop
      vertex 37.172 40.6122 3
      vertex 37.5083 40.327 3
      vertex 37.4343 40.4655 3
    endloop
  endfacet
  facet normal 0 0 1
    outer loop
      vertex 37.172 40.6122 3
      vertex 37.4343 40.4655 3
      vertex 37.3263 40.559 3
    endloop
  endfacet
  facet normal 0 0 1
    outer loop
      vertex 37.551 40.133 3
      vertex 37.172 40.6122 3
      vertex 36.9593 40.63 3
    endloop
  endfacet
  facet normal -0 0 1
    outer loop
      vertex 36.6428 40.5692 3
      vertex 37.551 40.133 3
      vertex 36.9593 40.63 3
    endloop
  endfacet
  facet normal 0 0 1
    outer loop
      vertex 37.5653 38 3
      vertex 36.1973 38 3
      vertex 37.5288 5.94398 3
    endloop
  endfacet
  facet normal 0 0 1
    outer loop
      vertex 37.551 40.133 3
      vertex 36.6428 40.5692 3
      vertex 36.4013 40.387 3
    endloop
  endfacet
  facet normal -0 0 1
    outer loop
      vertex 35.7083 38 3
      vertex 37.5288 5.94398 3
      vertex 36.1973 38 3
    endloop
  endfacet
  facet normal 0 0 1
    outer loop
      vertex 37.5653 39.873 3
      vertex 36.4013 40.387 3
      vertex 36.2483 40.0967 3
    endloop
  endfacet
  facet normal 0 0 1
    outer loop
      vertex 37.5653 39.873 3
      vertex 36.2483 40.0967 3
      vertex 36.1973 39.712 3
    endloop
  endfacet
  facet normal 0 0 1
    outer loop
      vertex 35.3659 5.79399 3
      vertex 37.5288 5.94398 3
      vertex 35.7083 38 3
    endloop
  endfacet
  facet normal 0 0 1
    outer loop
      vertex 37.5653 38 3
      vertex 36.1973 39.712 3
      vertex 36.1973 38 3
    endloop
  endfacet
  facet normal 0 0 1
    outer loop
      vertex 36.9458 5.84499 3
      vertex 35.3659 5.79399 3
      vertex 36.5048 5.54799 3
    endloop
  endfacet
  facet normal -0 -0 1
    outer loop
      vertex 35.5854 5.5925 3
      vertex 36.5048 5.54799 3
      vertex 35.3659 5.79399 3
    endloop
  endfacet
  facet normal 0 0 1
    outer loop
      vertex 36.228 5.07599 3
      vertex 35.7279 5.286 3
      vertex 36.1358 4.452 3
    endloop
  endfacet
  facet normal 0 0 1
    outer loop
      vertex 35.5459 4.34824 3
      vertex 36.1358 4.452 3
      vertex 35.7279 5.286 3
    endloop
  endfacet
  facet normal 0 0 1
    outer loop
      vertex 36.1358 4.452 3
      vertex 35.7839 3.93375 3
      vertex 35.7949 3.78499 3
    endloop
  endfacet
  facet normal 0 0 1
    outer loop
      vertex 36.1358 4.452 3
      vertex 35.7509 4.062 3
      vertex 35.7839 3.93375 3
    endloop
  endfacet
  facet normal 0 0 1
    outer loop
      vertex 37.5288 5.94398 3
      vertex 35.3659 5.79399 3
      vertex 36.9458 5.84499 3
    endloop
  endfacet
  facet normal 0 0 1
    outer loop
      vertex 35.7083 40.315 3
      vertex 35.1677 39.475 3
      vertex 35.7083 38 3
    endloop
  endfacet
  facet normal 0 0 1
    outer loop
      vertex 34.8497 40.634 3
      vertex 35.7043 40.7297 3
      vertex 35.6923 40.944 3
    endloop
  endfacet
  facet normal -0 0 1
    outer loop
      vertex 35.0827 38.7962 3
      vertex 35.7083 38 3
      vertex 35.1677 39.475 3
    endloop
  endfacet
  facet normal 0 0 1
    outer loop
      vertex 36.1358 4.452 3
      vertex 35.6992 4.17299 3
      vertex 35.7509 4.062 3
    endloop
  endfacet
  facet normal 0 0 1
    outer loop
      vertex 36.1358 4.452 3
      vertex 35.6299 4.26799 3
      vertex 35.6992 4.17299 3
    endloop
  endfacet
  facet normal 0 0 1
    outer loop
      vertex 36.1358 4.452 3
      vertex 35.5459 4.34824 3
      vertex 35.6299 4.26799 3
    endloop
  endfacet
  facet normal 0 0 1
    outer loop
      vertex 35.7279 5.286 3
      vertex 35.4479 4.41499 3
      vertex 35.5459 4.34824 3
    endloop
  endfacet
  facet normal -0 0 1
    outer loop
      vertex 35.3459 5.21899 3
      vertex 35.4479 4.41499 3
      vertex 35.7279 5.286 3
    endloop
  endfacet
  facet normal 0 0 1
    outer loop
      vertex 35.3459 5.21899 3
      vertex 35.3399 4.47174 3
      vertex 35.4479 4.41499 3
    endloop
  endfacet
  facet normal 0 0 1
    outer loop
      vertex 34.7099 4.65999 3
      vertex 35.3459 5.21899 3
      vertex 35.2544 5.41475 3
    endloop
  endfacet
  facet normal 0 0 1
    outer loop
      vertex 35.3459 5.21899 3
      vertex 35.2239 4.51999 3
      vertex 35.3399 4.47174 3
    endloop
  endfacet
  facet normal 0 0 1
    outer loop
      vertex 34.7099 4.65999 3
      vertex 35.2544 5.41475 3
      vertex 35.1059 5.54799 3
    endloop
  endfacet
  facet normal 0 0 1
    outer loop
      vertex 35.3459 5.21899 3
      vertex 35.1012 4.56174 3
      vertex 35.2239 4.51999 3
    endloop
  endfacet
  facet normal 0 0 1
    outer loop
      vertex 35.3459 5.21899 3
      vertex 34.9729 4.59698 3
      vertex 35.1012 4.56174 3
    endloop
  endfacet
  facet normal 0 0 1
    outer loop
      vertex 34.7099 4.65999 3
      vertex 35.1059 5.54799 3
      vertex 34.8957 5.62524 3
    endloop
  endfacet
  facet normal 0 0 1
    outer loop
      vertex 35.3459 5.21899 3
      vertex 34.8417 4.62874 3
      vertex 34.9729 4.59698 3
    endloop
  endfacet
  facet normal 0 0 1
    outer loop
      vertex 35.3459 5.21899 3
      vertex 34.7099 4.65999 3
      vertex 34.8417 4.62874 3
    endloop
  endfacet
  facet normal 0 0 1
    outer loop
      vertex 34.6169 5.65099 3
      vertex 34.7099 4.65999 3
      vertex 34.8957 5.62524 3
    endloop
  endfacet
  facet normal 0 0 1
    outer loop
      vertex 34.6169 5.65099 3
      vertex 34.3814 4.74199 3
      vertex 34.7099 4.65999 3
    endloop
  endfacet
  facet normal -0 0 1
    outer loop
      vertex 34.3144 5.62149 3
      vertex 34.3814 4.74199 3
      vertex 34.6169 5.65099 3
    endloop
  endfacet
  facet normal 0 0 1
    outer loop
      vertex 34.3144 5.62149 3
      vertex 34.1839 4.81 3
      vertex 34.3814 4.74199 3
    endloop
  endfacet
  facet normal -0 0 1
    outer loop
      vertex 34.0929 5.53299 3
      vertex 34.1839 4.81 3
      vertex 34.3144 5.62149 3
    endloop
  endfacet
  facet normal 0 0 1
    outer loop
      vertex 34.0929 5.53299 3
      vertex 34.0674 4.87849 3
      vertex 34.1839 4.81 3
    endloop
  endfacet
  facet normal -0 0 1
    outer loop
      vertex 33.9119 5.183 3
      vertex 34.0674 4.87849 3
      vertex 34.0929 5.53299 3
    endloop
  endfacet
  facet normal 0 0 1
    outer loop
      vertex 33.9119 5.183 3
      vertex 34.0929 5.53299 3
      vertex 33.9572 5.38699 3
    endloop
  endfacet
  facet normal 0 0 1
    outer loop
      vertex 34.0674 4.87849 3
      vertex 33.9119 5.183 3
      vertex 33.9819 4.95999 3
    endloop
  endfacet
  facet normal 0 0 1
    outer loop
      vertex 33.9819 4.95999 3
      vertex 33.9119 5.183 3
      vertex 33.9294 5.05974 3
    endloop
  endfacet
  facet normal -0 0 1
    outer loop
      vertex 38.001 40.446 3
      vertex 38.7258 40.315 3
      vertex 38.7218 40.7297 3
    endloop
  endfacet
  facet normal 0 0 1
    outer loop
      vertex 39.4188 40.387 3
      vertex 40.5828 39.873 3
      vertex 40.5686 40.133 3
    endloop
  endfacet
  facet normal 0 0 1
    outer loop
      vertex 44.2064 39.353 3
      vertex 43.6984 38.768 3
      vertex 44.1274 38.644 3
    endloop
  endfacet
  facet normal 0 0 1
    outer loop
      vertex 43.6984 38.768 3
      vertex 43.4384 38.434 3
      vertex 43.5994 38.5835 3
    endloop
  endfacet
  facet normal 0 0 1
    outer loop
      vertex 43.6984 38.768 3
      vertex 43.2154 38.3357 3
      vertex 43.4384 38.434 3
    endloop
  endfacet
  facet normal -0 0 1
    outer loop
      vertex 42.1074 39.353 3
      vertex 43.6984 38.768 3
      vertex 44.2064 39.353 3
    endloop
  endfacet
  facet normal -0 -0 1
    outer loop
      vertex 42.1597 38.9072 3
      vertex 43.6984 38.768 3
      vertex 42.1074 39.353 3
    endloop
  endfacet
  facet normal 0 -0 1
    outer loop
      vertex 42.9284 38.303 3
      vertex 43.6984 38.768 3
      vertex 42.1597 38.9072 3
    endloop
  endfacet
  facet normal -0 -0 1
    outer loop
      vertex 42.3164 38.576 3
      vertex 42.9284 38.303 3
      vertex 42.1597 38.9072 3
    endloop
  endfacet
  facet normal 0 0 1
    outer loop
      vertex 42.9284 38.303 3
      vertex 42.3164 38.576 3
      vertex 42.5744 38.3712 3
    endloop
  endfacet
  facet normal 0 0 1
    outer loop
      vertex 43.6984 38.768 3
      vertex 42.9284 38.303 3
      vertex 43.2154 38.3357 3
    endloop
  endfacet
  facet normal 0 0 1
    outer loop
      vertex 46.996 40.149 3
      vertex 47.5119 40.588 3
      vertex 47.1719 40.588 3
    endloop
  endfacet
  facet normal -0 0 1
    outer loop
      vertex 48.0019 40.588 3
      vertex 48.8297 39.475 3
      vertex 48.5449 40.588 3
    endloop
  endfacet
  facet normal 0 0 1
    outer loop
      vertex 48.8297 39.475 3
      vertex 48.0019 38.712 3
      vertex 48.5939 38.363 3
    endloop
  endfacet
  facet normal 0 0 1
    outer loop
      vertex 48.5939 38.363 3
      vertex 48.0019 38.712 3
      vertex 48.4309 38.3345 3
    endloop
  endfacet
  facet normal 0 0 1
    outer loop
      vertex 48.4309 38.3345 3
      vertex 48.0019 38.712 3
      vertex 48.3119 38.325 3
    endloop
  endfacet
  facet normal -0 -0 1
    outer loop
      vertex 48.0191 38.5297 3
      vertex 48.3119 38.325 3
      vertex 48.0019 38.712 3
    endloop
  endfacet
  facet normal 0 0 1
    outer loop
      vertex 48.3119 38.325 3
      vertex 48.0191 38.5297 3
      vertex 48.1656 38.3465 3
    endloop
  endfacet
  facet normal 0 0 1
    outer loop
      vertex 48.8297 39.475 3
      vertex 48.0019 40.588 3
      vertex 48.0019 38.712 3
    endloop
  endfacet
  facet normal 0 0 1
    outer loop
      vertex 48.1656 38.3465 3
      vertex 48.0191 38.5297 3
      vertex 48.0709 38.411 3
    endloop
  endfacet
  facet normal 0 0 1
    outer loop
      vertex 48.5449 40.944 3
      vertex 48.0019 41.584 3
      vertex 48.0019 40.944 3
    endloop
  endfacet
  facet normal 0 0 1
    outer loop
      vertex 46.996 40.149 3
      vertex 46.517 38.896 3
      vertex 47.012 38.863 3
    endloop
  endfacet
  facet normal -0 0 1
    outer loop
      vertex 46.493 40.112 3
      vertex 46.517 38.896 3
      vertex 46.996 40.149 3
    endloop
  endfacet
  facet normal -0 0 1
    outer loop
      vertex 45.123 39.486 3
      vertex 46.517 38.896 3
      vertex 46.493 40.112 3
    endloop
  endfacet
  facet normal 0 0 1
    outer loop
      vertex 46.1125 40.5902 3
      vertex 46.493 40.112 3
      vertex 46.4257 40.3235 3
    endloop
  endfacet
  facet normal -0 -0 1
    outer loop
      vertex 45.1692 38.9697 3
      vertex 46.517 38.896 3
      vertex 45.123 39.486 3
    endloop
  endfacet
  facet normal 0 0 1
    outer loop
      vertex 46.1125 40.5902 3
      vertex 46.4257 40.3235 3
      vertex 46.3 40.486 3
    endloop
  endfacet
  facet normal 0 0 1
    outer loop
      vertex 46.493 40.112 3
      vertex 46.1125 40.5902 3
      vertex 45.86 40.625 3
    endloop
  endfacet
  facet normal 0 -0 1
    outer loop
      vertex 45.308 38.607 3
      vertex 46.517 38.896 3
      vertex 45.1692 38.9697 3
    endloop
  endfacet
  facet normal 0 -0 1
    outer loop
      vertex 45.865 38.322 3
      vertex 46.517 38.896 3
      vertex 45.308 38.607 3
    endloop
  endfacet
  facet normal 0 0 1
    outer loop
      vertex 46.493 40.112 3
      vertex 45.86 40.625 3
      vertex 45.1665 40.014 3
    endloop
  endfacet
  facet normal 0 0 1
    outer loop
      vertex 46.517 38.896 3
      vertex 46.1045 38.3572 3
      vertex 46.4425 38.6417 3
    endloop
  endfacet
  facet normal 0 0 1
    outer loop
      vertex 45.297 40.364 3
      vertex 45.86 40.625 3
      vertex 45.5247 40.5597 3
    endloop
  endfacet
  facet normal 0 0 1
    outer loop
      vertex 46.4425 38.6417 3
      vertex 46.1045 38.3572 3
      vertex 46.301 38.463 3
    endloop
  endfacet
  facet normal 0 0 1
    outer loop
      vertex 45.86 40.625 3
      vertex 45.297 40.364 3
      vertex 45.1665 40.014 3
    endloop
  endfacet
  facet normal 0 -0 1
    outer loop
      vertex 46.1045 38.3572 3
      vertex 46.517 38.896 3
      vertex 45.865 38.322 3
    endloop
  endfacet
  facet normal 0 0 1
    outer loop
      vertex 46.493 40.112 3
      vertex 45.1665 40.014 3
      vertex 45.123 39.486 3
    endloop
  endfacet
  facet normal 0 0 1
    outer loop
      vertex 45.865 38.322 3
      vertex 45.308 38.607 3
      vertex 45.5397 38.3932 3
    endloop
  endfacet
  facet normal 0 0 1
    outer loop
      vertex 83.25 5 3
      vertex 38.7438 5.23399 3
      vertex 38.7708 3.67699 3
    endloop
  endfacet
  facet normal 0 0 1
    outer loop
      vertex 38.2928 5.765 3
      vertex 39.2148 38 3
      vertex 38.7258 38 3
    endloop
  endfacet
  facet normal 0 0 1
    outer loop
      vertex 38.7258 40.315 3
      vertex 38.0573 39.968 3
      vertex 38.7258 38 3
    endloop
  endfacet
  facet normal -0 0 1
    outer loop
      vertex 37.8323 40.766 3
      vertex 38.7218 40.7297 3
      vertex 38.7098 40.944 3
    endloop
  endfacet
  facet normal 0 0 1
    outer loop
      vertex 40.5828 38 3
      vertex 38.5591 5.54274 3
      vertex 38.7438 5.23399 3
    endloop
  endfacet
  facet normal 0 0 1
    outer loop
      vertex 38.7438 5.23399 3
      vertex 38.4538 3.83199 3
      vertex 38.7708 3.67699 3
    endloop
  endfacet
  facet normal -0 0 1
    outer loop
      vertex 38.3768 5.112 3
      vertex 38.4538 3.83199 3
      vertex 38.7438 5.23399 3
    endloop
  endfacet
  facet normal 0 0 1
    outer loop
      vertex 38.0568 5.49399 3
      vertex 38.3768 5.112 3
      vertex 38.2468 5.33249 3
    endloop
  endfacet
  facet normal 0 0 1
    outer loop
      vertex 38.3768 5.112 3
      vertex 36.5298 4.452 3
      vertex 38.4538 3.83199 3
    endloop
  endfacet
  facet normal 0 0 1
    outer loop
      vertex 38.3768 5.112 3
      vertex 38.0568 5.49399 3
      vertex 37.816 5.59375 3
    endloop
  endfacet
  facet normal 0 0 1
    outer loop
      vertex 38.3768 5.112 3
      vertex 37.816 5.59375 3
      vertex 37.5338 5.627 3
    endloop
  endfacet
  facet normal -0 -0 1
    outer loop
      vertex 36.5985 3.96474 3
      vertex 38.4538 3.83199 3
      vertex 36.5298 4.452 3
    endloop
  endfacet
  facet normal 0 0 1
    outer loop
      vertex 38.3768 5.112 3
      vertex 37.5338 5.627 3
      vertex 36.5958 4.94073 3
    endloop
  endfacet
  facet normal 0 -0 1
    outer loop
      vertex 37.5498 3.25499 3
      vertex 38.4538 3.83199 3
      vertex 36.5985 3.96474 3
    endloop
  endfacet
  facet normal 0 0 1
    outer loop
      vertex 36.5958 4.94073 3
      vertex 37.5338 5.627 3
      vertex 37.1108 5.54849 3
    endloop
  endfacet
  facet normal 0 0 1
    outer loop
      vertex 38.4538 3.83199 3
      vertex 37.5498 3.25499 3
      vertex 38.0763 3.39925 3
    endloop
  endfacet
  facet normal 0 0 1
    outer loop
      vertex 36.5958 4.94073 3
      vertex 37.1108 5.54849 3
      vertex 36.7938 5.31299 3
    endloop
  endfacet
  facet normal -0 -0 1
    outer loop
      vertex 36.8048 3.58299 3
      vertex 37.5498 3.25499 3
      vertex 36.5985 3.96474 3
    endloop
  endfacet
  facet normal 0 0 1
    outer loop
      vertex 38.3768 5.112 3
      vertex 36.5958 4.94073 3
      vertex 36.5298 4.452 3
    endloop
  endfacet
  facet normal 0 0 1
    outer loop
      vertex 37.5498 3.25499 3
      vertex 36.8048 3.58299 3
      vertex 37.129 3.33699 3
    endloop
  endfacet
  facet normal 0 0 1
    outer loop
      vertex 51.3792 40.1577 3
      vertex 51.9993 40.258 3
      vertex 51.9953 40.585 3
    endloop
  endfacet
  facet normal -0 0 1
    outer loop
      vertex 85.875 38.4845 3
      vertex 86.75 5 3
      vertex 86.75 40 3
    endloop
  endfacet
  facet normal 0 0 1
    outer loop
      vertex 85.875 38.4845 3
      vertex 85.875 6.51554 3
      vertex 86.75 5 3
    endloop
  endfacet
  facet normal -0 0 1
    outer loop
      vertex 84.125 38.4845 3
      vertex 85.875 6.51554 3
      vertex 85.875 38.4845 3
    endloop
  endfacet
  facet normal 0 0 1
    outer loop
      vertex 84.125 38.4845 3
      vertex 84.125 6.51554 3
      vertex 85.875 6.51554 3
    endloop
  endfacet
  facet normal 0 0 1
    outer loop
      vertex 52.4883 38 3
      vertex 84.125 38.4845 3
      vertex 83.25 40 3
    endloop
  endfacet
  facet normal 0 0 1
    outer loop
      vertex 84.125 38.4845 3
      vertex 52.4883 38 3
      vertex 84.125 6.51554 3
    endloop
  endfacet
  facet normal 0 0 1
    outer loop
      vertex 90 45 3
      vertex 86.75 40 3
      vertex 90 0 3
    endloop
  endfacet
  facet normal 0 0 1
    outer loop
      vertex 90 45 3
      vertex 85.875 41.5155 3
      vertex 86.75 40 3
    endloop
  endfacet
  facet normal 0 0 1
    outer loop
      vertex 90 45 3
      vertex 84.125 41.5155 3
      vertex 85.875 41.5155 3
    endloop
  endfacet
  facet normal -0 0 1
    outer loop
      vertex 53.3753 40.532 3
      vertex 83.25 40 3
      vertex 53.3753 40.981 3
    endloop
  endfacet
  facet normal 0 0 1
    outer loop
      vertex 84.125 41.5155 3
      vertex 53.3753 40.981 3
      vertex 83.25 40 3
    endloop
  endfacet
  facet normal 0 0 1
    outer loop
      vertex 90 45 3
      vertex 53.3753 40.981 3
      vertex 84.125 41.5155 3
    endloop
  endfacet
  facet normal 0 0 1
    outer loop
      vertex 90 45 3
      vertex 53.2753 41.0012 3
      vertex 53.3753 40.981 3
    endloop
  endfacet
  facet normal -0 0 1
    outer loop
      vertex 48.0019 41.584 3
      vertex 53.2753 41.0012 3
      vertex 90 45 3
    endloop
  endfacet
  facet normal -0 0 1
    outer loop
      vertex 52.4618 40.5502 3
      vertex 52.4783 40.353 3
      vertex 52.604 40.671 3
    endloop
  endfacet
  facet normal 0 0 1
    outer loop
      vertex 52.4783 40.353 3
      vertex 52.4618 40.5502 3
      vertex 52.4673 40.353 3
    endloop
  endfacet
  facet normal 0 0 1
    outer loop
      vertex 52.4453 40.944 3
      vertex 52.604 40.671 3
      vertex 52.7473 40.869 3
    endloop
  endfacet
  facet normal 0 0 1
    outer loop
      vertex 52.604 40.671 3
      vertex 52.4453 40.944 3
      vertex 52.4618 40.5502 3
    endloop
  endfacet
  facet normal 0 0 1
    outer loop
      vertex 52.9308 40.9732 3
      vertex 52.4453 40.944 3
      vertex 52.7473 40.869 3
    endloop
  endfacet
  facet normal 0 0 1
    outer loop
      vertex 53.1773 41.008 3
      vertex 52.4453 40.944 3
      vertex 52.9308 40.9732 3
    endloop
  endfacet
  facet normal 0 0 1
    outer loop
      vertex 53.2753 41.0012 3
      vertex 48.0019 41.584 3
      vertex 53.1773 41.008 3
    endloop
  endfacet
  facet normal 0 -0 1
    outer loop
      vertex 51.9833 40.944 3
      vertex 53.1773 41.008 3
      vertex 48.0019 41.584 3
    endloop
  endfacet
  facet normal 0 0 1
    outer loop
      vertex 51.9993 40.258 3
      vertex 51.3792 40.1577 3
      vertex 51.4587 39.475 3
    endloop
  endfacet
  facet normal 0 0 1
    outer loop
      vertex 51.9953 40.585 3
      vertex 51.1407 40.634 3
      vertex 51.3792 40.1577 3
    endloop
  endfacet
  facet normal 0 0 1
    outer loop
      vertex 51.9833 40.944 3
      vertex 50.7337 40.9145 3
      vertex 51.1407 40.634 3
    endloop
  endfacet
  facet normal 0 0 1
    outer loop
      vertex 53.1773 41.008 3
      vertex 51.9833 40.944 3
      vertex 52.4453 40.944 3
    endloop
  endfacet
  facet normal -0 -0 1
    outer loop
      vertex 50.1487 41.008 3
      vertex 51.9833 40.944 3
      vertex 48.0019 41.584 3
    endloop
  endfacet
  facet normal 0 0 1
    outer loop
      vertex 49.1594 40.6247 3
      vertex 48.5449 40.588 3
      vertex 48.8297 39.475 3
    endloop
  endfacet
  facet normal 0 0 1
    outer loop
      vertex 48.5449 40.588 3
      vertex 49.1594 40.6247 3
      vertex 48.5449 40.944 3
    endloop
  endfacet
  facet normal 0 0 1
    outer loop
      vertex 50.1487 41.008 3
      vertex 48.5449 40.944 3
      vertex 49.1594 40.6247 3
    endloop
  endfacet
  facet normal 0 0 1
    outer loop
      vertex 51.9833 40.944 3
      vertex 50.1487 41.008 3
      vertex 50.7337 40.9145 3
    endloop
  endfacet
  facet normal 0 0 1
    outer loop
      vertex 50.1487 41.008 3
      vertex 48.0019 41.584 3
      vertex 48.5449 40.944 3
    endloop
  endfacet
  facet normal 0 0 1
    outer loop
      vertex 90 45 3
      vertex 47.6749 41.584 3
      vertex 48.0019 41.584 3
    endloop
  endfacet
  facet normal 0 0 1
    outer loop
      vertex 47.6749 41.584 3
      vertex 47.1719 40.944 3
      vertex 47.5309 40.944 3
    endloop
  endfacet
  facet normal 0 0 1
    outer loop
      vertex 46.8645 40.5075 3
      vertex 47.1719 40.588 3
      vertex 47.1719 40.944 3
    endloop
  endfacet
  facet normal 0 0 1
    outer loop
      vertex 47.5119 40.588 3
      vertex 46.996 40.149 3
      vertex 47.012 38.863 3
    endloop
  endfacet
  facet normal 0 0 1
    outer loop
      vertex 47.1719 40.588 3
      vertex 46.8645 40.5075 3
      vertex 46.996 40.149 3
    endloop
  endfacet
  facet normal 0 0 1
    outer loop
      vertex 47.1719 40.944 3
      vertex 46.622 40.779 3
      vertex 46.8645 40.5075 3
    endloop
  endfacet
  facet normal -0 0 1
    outer loop
      vertex 46.2862 40.9507 3
      vertex 47.1719 40.944 3
      vertex 47.6749 41.584 3
    endloop
  endfacet
  facet normal 0 0 1
    outer loop
      vertex 47.1719 40.944 3
      vertex 46.2862 40.9507 3
      vertex 46.622 40.779 3
    endloop
  endfacet
  facet normal 0 0 1
    outer loop
      vertex 47.6749 41.584 3
      vertex 45.873 41.008 3
      vertex 46.2862 40.9507 3
    endloop
  endfacet
  facet normal 0 0 1
    outer loop
      vertex 42.9104 41.008 3
      vertex 45.873 41.008 3
      vertex 47.6749 41.584 3
    endloop
  endfacet
  facet normal 0 0 1
    outer loop
      vertex 44.6935 40.1335 3
      vertex 44.2064 39.419 3
      vertex 44.612 39.475 3
    endloop
  endfacet
  facet normal -0 0 1
    outer loop
      vertex 43.8824 40.6107 3
      vertex 44.6935 40.1335 3
      vertex 44.938 40.615 3
    endloop
  endfacet
  facet normal 0 0 1
    outer loop
      vertex 44.6935 40.1335 3
      vertex 43.8824 40.6107 3
      vertex 44.2064 39.419 3
    endloop
  endfacet
  facet normal 0 0 1
    outer loop
      vertex 45.3347 40.9097 3
      vertex 43.8824 40.6107 3
      vertex 44.938 40.615 3
    endloop
  endfacet
  facet normal 0 0 1
    outer loop
      vertex 45.873 41.008 3
      vertex 42.9104 41.008 3
      vertex 45.3347 40.9097 3
    endloop
  endfacet
  facet normal 0 0 1
    outer loop
      vertex 45.3347 40.9097 3
      vertex 42.9104 41.008 3
      vertex 43.8824 40.6107 3
    endloop
  endfacet
  facet normal 0 0 1
    outer loop
      vertex 41.6797 40.1392 3
      vertex 41.0748 39.968 3
      vertex 41.5944 39.491 3
    endloop
  endfacet
  facet normal -0 0 1
    outer loop
      vertex 41.0186 40.446 3
      vertex 41.6797 40.1392 3
      vertex 41.9354 40.616 3
    endloop
  endfacet
  facet normal 0 0 1
    outer loop
      vertex 41.6797 40.1392 3
      vertex 41.0186 40.446 3
      vertex 41.0748 39.968 3
    endloop
  endfacet
  facet normal -0 0 1
    outer loop
      vertex 40.8498 40.766 3
      vertex 41.9354 40.616 3
      vertex 42.3497 40.91 3
    endloop
  endfacet
  facet normal 0 0 1
    outer loop
      vertex 41.9354 40.616 3
      vertex 40.8498 40.766 3
      vertex 41.0186 40.446 3
    endloop
  endfacet
  facet normal -0 0 1
    outer loop
      vertex 40.5611 40.9475 3
      vertex 42.3497 40.91 3
      vertex 42.9104 41.008 3
    endloop
  endfacet
  facet normal 0 0 1
    outer loop
      vertex 40.1428 41.008 3
      vertex 42.9104 41.008 3
      vertex 47.6749 41.584 3
    endloop
  endfacet
  facet normal 0 0 1
    outer loop
      vertex 42.3497 40.91 3
      vertex 40.5611 40.9475 3
      vertex 40.8498 40.766 3
    endloop
  endfacet
  facet normal 0 0 1
    outer loop
      vertex 42.9104 41.008 3
      vertex 40.1428 41.008 3
      vertex 40.5611 40.9475 3
    endloop
  endfacet
  facet normal -0 0 1
    outer loop
      vertex 30.5347 41.904 3
      vertex 47.6749 41.584 3
      vertex 90 45 3
    endloop
  endfacet
  facet normal -0 0 1
    outer loop
      vertex 39.1888 40.626 3
      vertex 39.2018 40.448 3
      vertex 39.3838 40.7092 3
    endloop
  endfacet
  facet normal 0 0 1
    outer loop
      vertex 39.2018 40.448 3
      vertex 39.1888 40.626 3
      vertex 39.1938 40.448 3
    endloop
  endfacet
  facet normal 0 0 1
    outer loop
      vertex 39.1746 40.9195 3
      vertex 39.3838 40.7092 3
      vertex 39.5918 40.881 3
    endloop
  endfacet
  facet normal 0 0 1
    outer loop
      vertex 39.3838 40.7092 3
      vertex 39.1838 40.736 3
      vertex 39.1888 40.626 3
    endloop
  endfacet
  facet normal -0 0 1
    outer loop
      vertex 39.1718 40.944 3
      vertex 39.5918 40.881 3
      vertex 39.8406 40.9762 3
    endloop
  endfacet
  facet normal 0 0 1
    outer loop
      vertex 39.3838 40.7092 3
      vertex 39.1768 40.872 3
      vertex 39.1838 40.736 3
    endloop
  endfacet
  facet normal 0 0 1
    outer loop
      vertex 39.3838 40.7092 3
      vertex 39.1746 40.9195 3
      vertex 39.1768 40.872 3
    endloop
  endfacet
  facet normal 0 0 1
    outer loop
      vertex 39.1718 40.944 3
      vertex 39.8406 40.9762 3
      vertex 40.1428 41.008 3
    endloop
  endfacet
  facet normal 0 0 1
    outer loop
      vertex 39.5918 40.881 3
      vertex 39.1718 40.944 3
      vertex 39.1746 40.9195 3
    endloop
  endfacet
  facet normal 0 0 1
    outer loop
      vertex 47.6749 41.584 3
      vertex 31.0962 41.8455 3
      vertex 40.1428 41.008 3
    endloop
  endfacet
  facet normal 0 -0 1
    outer loop
      vertex 37.1253 41.008 3
      vertex 40.1428 41.008 3
      vertex 31.0962 41.8455 3
    endloop
  endfacet
  facet normal 0 0 1
    outer loop
      vertex 38.0573 38 3
      vertex 38.7258 38 3
      vertex 38.0573 39.968 3
    endloop
  endfacet
  facet normal 0 0 1
    outer loop
      vertex 40.5828 38 3
      vertex 38.2928 5.765 3
      vertex 38.5591 5.54274 3
    endloop
  endfacet
  facet normal 0 0 1
    outer loop
      vertex 38.7258 40.315 3
      vertex 38.001 40.446 3
      vertex 38.0573 39.968 3
    endloop
  endfacet
  facet normal 0 0 1
    outer loop
      vertex 38.7218 40.7297 3
      vertex 37.8323 40.766 3
      vertex 38.001 40.446 3
    endloop
  endfacet
  facet normal 0 0 1
    outer loop
      vertex 38.7098 40.944 3
      vertex 37.5435 40.9475 3
      vertex 37.8323 40.766 3
    endloop
  endfacet
  facet normal 0 -0 1
    outer loop
      vertex 38.7098 40.944 3
      vertex 40.1428 41.008 3
      vertex 37.1253 41.008 3
    endloop
  endfacet
  facet normal 0 0 1
    outer loop
      vertex 38.7098 40.944 3
      vertex 37.1253 41.008 3
      vertex 37.5435 40.9475 3
    endloop
  endfacet
  facet normal -0 0 1
    outer loop
      vertex 36.1713 40.626 3
      vertex 36.1843 40.448 3
      vertex 36.3663 40.7092 3
    endloop
  endfacet
  facet normal 0 0 1
    outer loop
      vertex 36.1843 40.448 3
      vertex 36.1713 40.626 3
      vertex 36.1763 40.448 3
    endloop
  endfacet
  facet normal 0 0 1
    outer loop
      vertex 36.157 40.9195 3
      vertex 36.3663 40.7092 3
      vertex 36.5743 40.881 3
    endloop
  endfacet
  facet normal 0 0 1
    outer loop
      vertex 36.3663 40.7092 3
      vertex 36.1663 40.736 3
      vertex 36.1713 40.626 3
    endloop
  endfacet
  facet normal -0 0 1
    outer loop
      vertex 36.1543 40.944 3
      vertex 36.5743 40.881 3
      vertex 36.823 40.9762 3
    endloop
  endfacet
  facet normal 0 0 1
    outer loop
      vertex 36.3663 40.7092 3
      vertex 36.1593 40.872 3
      vertex 36.1663 40.736 3
    endloop
  endfacet
  facet normal 0 0 1
    outer loop
      vertex 36.3663 40.7092 3
      vertex 36.157 40.9195 3
      vertex 36.1593 40.872 3
    endloop
  endfacet
  facet normal 0 0 1
    outer loop
      vertex 36.1543 40.944 3
      vertex 36.823 40.9762 3
      vertex 37.1253 41.008 3
    endloop
  endfacet
  facet normal 0 0 1
    outer loop
      vertex 36.5743 40.881 3
      vertex 36.1543 40.944 3
      vertex 36.157 40.9195 3
    endloop
  endfacet
  facet normal 0 0 1
    outer loop
      vertex 40.1428 41.008 3
      vertex 38.7098 40.944 3
      vertex 39.1718 40.944 3
    endloop
  endfacet
  facet normal 0 -0 1
    outer loop
      vertex 35.6923 40.944 3
      vertex 37.1253 41.008 3
      vertex 31.0962 41.8455 3
    endloop
  endfacet
  facet normal 0 0 1
    outer loop
      vertex 36.5048 5.54799 3
      vertex 35.7279 5.286 3
      vertex 36.228 5.07599 3
    endloop
  endfacet
  facet normal 0 -0 1
    outer loop
      vertex 35.7279 5.286 3
      vertex 36.5048 5.54799 3
      vertex 35.5854 5.5925 3
    endloop
  endfacet
  facet normal 0 0 1
    outer loop
      vertex 35.7083 40.315 3
      vertex 35.0882 40.1577 3
      vertex 35.1677 39.475 3
    endloop
  endfacet
  facet normal 0 0 1
    outer loop
      vertex 35.7043 40.7297 3
      vertex 34.8497 40.634 3
      vertex 35.0882 40.1577 3
    endloop
  endfacet
  facet normal 0 0 1
    outer loop
      vertex 35.6923 40.944 3
      vertex 34.4427 40.9145 3
      vertex 34.8497 40.634 3
    endloop
  endfacet
  facet normal 0 0 1
    outer loop
      vertex 37.1253 41.008 3
      vertex 35.6923 40.944 3
      vertex 36.1543 40.944 3
    endloop
  endfacet
  facet normal -0 -0 1
    outer loop
      vertex 31.5567 41.67 3
      vertex 35.6923 40.944 3
      vertex 31.0962 41.8455 3
    endloop
  endfacet
  facet normal 0 0 1
    outer loop
      vertex 32.8677 38.331 3
      vertex 31.911 38.5077 3
      vertex 31.5307 38.192 3
    endloop
  endfacet
  facet normal 0 0 1
    outer loop
      vertex 32.1607 40.976 3
      vertex 32.5387 39.475 3
      vertex 32.8684 40.6247 3
    endloop
  endfacet
  facet normal -0 0 1
    outer loop
      vertex 31.6687 40.816 3
      vertex 32.5387 39.475 3
      vertex 32.1607 40.976 3
    endloop
  endfacet
  facet normal 0 0 1
    outer loop
      vertex 33.8577 41.008 3
      vertex 32.1607 40.976 3
      vertex 32.8684 40.6247 3
    endloop
  endfacet
  facet normal -0 -0 1
    outer loop
      vertex 33.8577 41.008 3
      vertex 35.6923 40.944 3
      vertex 31.5567 41.67 3
    endloop
  endfacet
  facet normal 0 0 1
    outer loop
      vertex 33.8577 41.008 3
      vertex 31.9132 41.3795 3
      vertex 32.1607 40.976 3
    endloop
  endfacet
  facet normal 0 0 1
    outer loop
      vertex 33.8577 41.008 3
      vertex 31.5567 41.67 3
      vertex 31.9132 41.3795 3
    endloop
  endfacet
  facet normal 0 0 1
    outer loop
      vertex 35.6923 40.944 3
      vertex 33.8577 41.008 3
      vertex 34.4427 40.9145 3
    endloop
  endfacet
  facet normal 0 0 1
    outer loop
      vertex 47.6749 41.584 3
      vertex 30.5347 41.904 3
      vertex 31.0962 41.8455 3
    endloop
  endfacet
  facet normal 0 0 1
    outer loop
      vertex 26.72 40.5522 3
      vertex 26.1073 40.295 3
      vertex 26.8343 40.532 3
    endloop
  endfacet
  facet normal 0 0 1
    outer loop
      vertex 28.7935 40.7587 3
      vertex 26.8343 40.532 3
      vertex 28.6697 39.936 3
    endloop
  endfacet
  facet normal 0 0 1
    outer loop
      vertex 26.8343 40.532 3
      vertex 28.7935 40.7587 3
      vertex 26.8343 40.981 3
    endloop
  endfacet
  facet normal 0 0 1
    outer loop
      vertex 29.1647 41.381 3
      vertex 26.8343 40.981 3
      vertex 28.7935 40.7587 3
    endloop
  endfacet
  facet normal 0 0 1
    outer loop
      vertex 26.7343 41.0012 3
      vertex 29.1647 41.381 3
      vertex 29.7547 41.7732 3
    endloop
  endfacet
  facet normal 0 0 1
    outer loop
      vertex 29.1647 41.381 3
      vertex 26.7343 41.0012 3
      vertex 26.8343 40.981 3
    endloop
  endfacet
  facet normal 0 0 1
    outer loop
      vertex 29.7547 41.7732 3
      vertex 26.6363 41.008 3
      vertex 26.7343 41.0012 3
    endloop
  endfacet
  facet normal 0 0 1
    outer loop
      vertex 25.4423 40.944 3
      vertex 26.6363 41.008 3
      vertex 29.7547 41.7732 3
    endloop
  endfacet
  facet normal -0 0 1
    outer loop
      vertex 25.9208 40.5502 3
      vertex 25.9373 40.353 3
      vertex 26.063 40.671 3
    endloop
  endfacet
  facet normal 0 0 1
    outer loop
      vertex 25.9373 40.353 3
      vertex 25.9208 40.5502 3
      vertex 25.9263 40.353 3
    endloop
  endfacet
  facet normal 0 0 1
    outer loop
      vertex 25.9043 40.944 3
      vertex 26.063 40.671 3
      vertex 26.2063 40.869 3
    endloop
  endfacet
  facet normal 0 0 1
    outer loop
      vertex 26.063 40.671 3
      vertex 25.9043 40.944 3
      vertex 25.9208 40.5502 3
    endloop
  endfacet
  facet normal 0 0 1
    outer loop
      vertex 26.3898 40.9732 3
      vertex 25.9043 40.944 3
      vertex 26.2063 40.869 3
    endloop
  endfacet
  facet normal 0 -0 1
    outer loop
      vertex 25.9043 40.944 3
      vertex 26.6363 41.008 3
      vertex 25.4423 40.944 3
    endloop
  endfacet
  facet normal 0 0 1
    outer loop
      vertex 26.6363 41.008 3
      vertex 25.9043 40.944 3
      vertex 26.3898 40.9732 3
    endloop
  endfacet
  facet normal 0 0 1
    outer loop
      vertex 25.4583 38 3
      vertex 25.242 5.87999 3
      vertex 25.579 5.87999 3
    endloop
  endfacet
  facet normal 0 0 1
    outer loop
      vertex 25.4583 40.258 3
      vertex 24.5797 40.6107 3
      vertex 24.9037 39.419 3
    endloop
  endfacet
  facet normal 0 0 1
    outer loop
      vertex 25.4423 40.944 3
      vertex 23.6077 41.008 3
      vertex 24.5797 40.6107 3
    endloop
  endfacet
  facet normal 0 0 1
    outer loop
      vertex 29.7547 41.7732 3
      vertex 23.6077 41.008 3
      vertex 25.4423 40.944 3
    endloop
  endfacet
  facet normal 0 0 1
    outer loop
      vertex 14.1402 41.7647 3
      vertex 29.7547 41.7732 3
      vertex 30.5347 41.904 3
    endloop
  endfacet
  facet normal 0 0 1
    outer loop
      vertex 21.3287 38 3
      vertex 22.2917 39.491 3
      vertex 22.1717 40.944 3
    endloop
  endfacet
  facet normal 0 0 1
    outer loop
      vertex 22.3769 40.1392 3
      vertex 22.1717 40.944 3
      vertex 22.2917 39.491 3
    endloop
  endfacet
  facet normal 0 0 1
    outer loop
      vertex 22.6327 40.616 3
      vertex 22.1717 40.944 3
      vertex 22.3769 40.1392 3
    endloop
  endfacet
  facet normal 0 0 1
    outer loop
      vertex 23.0469 40.91 3
      vertex 22.1717 40.944 3
      vertex 22.6327 40.616 3
    endloop
  endfacet
  facet normal 0 0 1
    outer loop
      vertex 23.6077 41.008 3
      vertex 22.1717 40.944 3
      vertex 23.0469 40.91 3
    endloop
  endfacet
  facet normal 0 0 1
    outer loop
      vertex 29.7547 41.7732 3
      vertex 14.1402 41.7647 3
      vertex 23.6077 41.008 3
    endloop
  endfacet
  facet normal 0 0 1
    outer loop
      vertex 23.6077 41.008 3
      vertex 21.6927 40.944 3
      vertex 22.1717 40.944 3
    endloop
  endfacet
  facet normal 0 0 1
    outer loop
      vertex 21.1357 38.783 3
      vertex 20.9267 38.922 3
      vertex 21.0517 38.405 3
    endloop
  endfacet
  facet normal 0 0 1
    outer loop
      vertex 21.6927 40.944 3
      vertex 20.9267 38.922 3
      vertex 21.1357 38.783 3
    endloop
  endfacet
  facet normal 0 0 1
    outer loop
      vertex 21.6927 40.944 3
      vertex 20.4127 40.944 3
      vertex 20.9267 38.922 3
    endloop
  endfacet
  facet normal 0 0 1
    outer loop
      vertex 23.6077 41.008 3
      vertex 14.1402 41.7647 3
      vertex 21.6927 40.944 3
    endloop
  endfacet
  facet normal 0 0 1
    outer loop
      vertex 21.6927 40.944 3
      vertex 14.1402 41.7647 3
      vertex 20.4127 40.944 3
    endloop
  endfacet
  facet normal 0 0 1
    outer loop
      vertex 19.2727 38.606 3
      vertex 19.1485 38.7767 3
      vertex 19.2267 38.405 3
    endloop
  endfacet
  facet normal -0 0 1
    outer loop
      vertex 19.1097 38.944 3
      vertex 19.2727 38.606 3
      vertex 19.8877 40.944 3
    endloop
  endfacet
  facet normal 0 0 1
    outer loop
      vertex 19.2727 38.606 3
      vertex 19.1097 38.944 3
      vertex 19.1485 38.7767 3
    endloop
  endfacet
  facet normal 0 0 1
    outer loop
      vertex 19.8877 40.944 3
      vertex 18.6127 40.944 3
      vertex 19.1097 38.944 3
    endloop
  endfacet
  facet normal 0 0 1
    outer loop
      vertex 20.4127 40.944 3
      vertex 14.1402 41.7647 3
      vertex 19.8877 40.944 3
    endloop
  endfacet
  facet normal 0 0 1
    outer loop
      vertex 19.8877 40.944 3
      vertex 14.1402 41.7647 3
      vertex 18.6127 40.944 3
    endloop
  endfacet
  facet normal 0 0 1
    outer loop
      vertex 18.1287 40.944 3
      vertex 17.9026 40.1577 3
      vertex 17.9821 39.475 3
    endloop
  endfacet
  facet normal 0 0 1
    outer loop
      vertex 18.1287 40.944 3
      vertex 17.6641 40.634 3
      vertex 17.9026 40.1577 3
    endloop
  endfacet
  facet normal 0 0 1
    outer loop
      vertex 18.1287 40.944 3
      vertex 17.2571 40.9145 3
      vertex 17.6641 40.634 3
    endloop
  endfacet
  facet normal 0 0 1
    outer loop
      vertex 18.6127 40.944 3
      vertex 14.1402 41.7647 3
      vertex 18.1287 40.944 3
    endloop
  endfacet
  facet normal -0 -0 1
    outer loop
      vertex 16.6721 41.008 3
      vertex 18.1287 40.944 3
      vertex 14.1402 41.7647 3
    endloop
  endfacet
  facet normal 0 0 1
    outer loop
      vertex 15.6829 40.6247 3
      vertex 14.8312 40.2045 3
      vertex 15.3531 39.475 3
    endloop
  endfacet
  facet normal 0 0 1
    outer loop
      vertex 14.8312 40.2045 3
      vertex 15.6829 40.6247 3
      vertex 14.92 40.691 3
    endloop
  endfacet
  facet normal 0 0 1
    outer loop
      vertex 14.8315 41.1765 3
      vertex 15.6829 40.6247 3
      vertex 16.6721 41.008 3
    endloop
  endfacet
  facet normal 0 0 1
    outer loop
      vertex 15.6829 40.6247 3
      vertex 14.8315 41.1765 3
      vertex 14.92 40.691 3
    endloop
  endfacet
  facet normal 0 0 1
    outer loop
      vertex 18.1287 40.944 3
      vertex 16.6721 41.008 3
      vertex 17.2571 40.9145 3
    endloop
  endfacet
  facet normal -0 0 1
    outer loop
      vertex 0 45 3
      vertex 30.5347 41.904 3
      vertex 90 45 3
    endloop
  endfacet
  facet normal 0 0 1
    outer loop
      vertex 16.6721 41.008 3
      vertex 14.566 41.539 3
      vertex 14.8315 41.1765 3
    endloop
  endfacet
  facet normal 0 0 1
    outer loop
      vertex 16.6721 41.008 3
      vertex 14.1402 41.7647 3
      vertex 14.566 41.539 3
    endloop
  endfacet
  facet normal 0 -0 1
    outer loop
      vertex 13.569 41.84 3
      vertex 30.5347 41.904 3
      vertex 0 45 3
    endloop
  endfacet
  facet normal 0 0 1
    outer loop
      vertex 30.5347 41.904 3
      vertex 13.569 41.84 3
      vertex 14.1402 41.7647 3
    endloop
  endfacet
  facet normal -0 0 1
    outer loop
      vertex 6.75 40 3
      vertex 11.957 38 3
      vertex 11.957 41.84 3
    endloop
  endfacet
  facet normal -0 0 1
    outer loop
      vertex 5.875 38.4845 3
      vertex 11.957 38 3
      vertex 6.75 40 3
    endloop
  endfacet
  facet normal 0 0 1
    outer loop
      vertex 12.1755 5.58549 3
      vertex 6.75 5 3
      vertex 11.942 5.13599 3
    endloop
  endfacet
  facet normal 0 0 1
    outer loop
      vertex 11.804 4.644 3
      vertex 6.75 5 3
      vertex 11.758 4.092 3
    endloop
  endfacet
  facet normal 0 0 1
    outer loop
      vertex 11.942 5.13599 3
      vertex 6.75 5 3
      vertex 11.804 4.644 3
    endloop
  endfacet
  facet normal 0 0 1
    outer loop
      vertex 11.957 41.84 3
      vertex 5.875 41.5155 3
      vertex 6.75 40 3
    endloop
  endfacet
  facet normal 0 0 1
    outer loop
      vertex 0 45 3
      vertex 5.875 41.5155 3
      vertex 11.957 41.84 3
    endloop
  endfacet
  facet normal 0 0 1
    outer loop
      vertex 3.25 40 3
      vertex 0 45 3
      vertex 3.25 5 3
    endloop
  endfacet
  facet normal 0 0 1
    outer loop
      vertex 4.125 41.5155 3
      vertex 0 45 3
      vertex 3.25 40 3
    endloop
  endfacet
  facet normal 0 0 1
    outer loop
      vertex 5.875 41.5155 3
      vertex 0 45 3
      vertex 4.125 41.5155 3
    endloop
  endfacet
  facet normal 0 0 1
    outer loop
      vertex 13.569 41.84 3
      vertex 0 45 3
      vertex 11.957 41.84 3
    endloop
  endfacet
  facet normal -0 0 1
    outer loop
      vertex 86.75 5 3
      vertex 90 0 3
      vertex 86.75 40 3
    endloop
  endfacet
  facet normal -0 0 1
    outer loop
      vertex 85.875 3.48446 3
      vertex 90 0 3
      vertex 86.75 5 3
    endloop
  endfacet
  facet normal -0 0 1
    outer loop
      vertex 84.125 3.48446 3
      vertex 90 0 3
      vertex 85.875 3.48446 3
    endloop
  endfacet
  facet normal 0 0 1
    outer loop
      vertex 52.4883 38 3
      vertex 83.25 40 3
      vertex 53.3753 40.532 3
    endloop
  endfacet
  facet normal 0 0 1
    outer loop
      vertex 84.125 6.51554 3
      vertex 52.4883 38 3
      vertex 83.25 5 3
    endloop
  endfacet
  facet normal 0 0 1
    outer loop
      vertex 52.5283 39.9747 3
      vertex 53.3753 40.532 3
      vertex 53.261 40.5522 3
    endloop
  endfacet
  facet normal 0 0 1
    outer loop
      vertex 52.6483 40.295 3
      vertex 53.261 40.5522 3
      vertex 53.1143 40.559 3
    endloop
  endfacet
  facet normal 0 0 1
    outer loop
      vertex 52.6483 40.295 3
      vertex 53.1143 40.559 3
      vertex 52.8453 40.493 3
    endloop
  endfacet
  facet normal 0 0 1
    outer loop
      vertex 53.261 40.5522 3
      vertex 52.6483 40.295 3
      vertex 52.5283 39.9747 3
    endloop
  endfacet
  facet normal 0 0 1
    outer loop
      vertex 53.3753 40.532 3
      vertex 52.5283 39.9747 3
      vertex 52.4883 39.54 3
    endloop
  endfacet
  facet normal 0 0 1
    outer loop
      vertex 53.3753 40.532 3
      vertex 52.4883 39.54 3
      vertex 52.4883 38 3
    endloop
  endfacet
  facet normal -0 0 1
    outer loop
      vertex 38.7438 5.23399 3
      vertex 83.25 5 3
      vertex 52.4883 38 3
    endloop
  endfacet
  facet normal 0 0 1
    outer loop
      vertex 38.7438 5.23399 3
      vertex 52.4883 38 3
      vertex 51.9993 38 3
    endloop
  endfacet
  facet normal -0 0 1
    outer loop
      vertex 51.1407 40.634 3
      vertex 51.9953 40.585 3
      vertex 51.9833 40.944 3
    endloop
  endfacet
  facet normal 0 0 1
    outer loop
      vertex 51.9993 40.258 3
      vertex 51.4587 39.475 3
      vertex 51.9993 38 3
    endloop
  endfacet
  facet normal -0 0 1
    outer loop
      vertex 51.3737 38.7962 3
      vertex 51.9993 38 3
      vertex 51.4587 39.475 3
    endloop
  endfacet
  facet normal -0 0 1
    outer loop
      vertex 51.1187 38.316 3
      vertex 51.9993 38 3
      vertex 51.3737 38.7962 3
    endloop
  endfacet
  facet normal -0 0 1
    outer loop
      vertex 50.702 38.031 3
      vertex 51.9993 38 3
      vertex 51.1187 38.316 3
    endloop
  endfacet
  facet normal 0 0 1
    outer loop
      vertex 50.1317 37.936 3
      vertex 51.9993 38 3
      vertex 50.702 38.031 3
    endloop
  endfacet
  facet normal 0 0 1
    outer loop
      vertex 38.7438 5.23399 3
      vertex 51.9993 38 3
      vertex 50.1317 37.936 3
    endloop
  endfacet
  facet normal -0 0 1
    outer loop
      vertex 48.3491 37.9523 3
      vertex 50.1317 37.936 3
      vertex 49.5665 38.0347 3
    endloop
  endfacet
  facet normal 0 0 1
    outer loop
      vertex 48.5939 38.001 3
      vertex 49.5665 38.0347 3
      vertex 49.1587 38.331 3
    endloop
  endfacet
  facet normal 0 0 1
    outer loop
      vertex 48.5939 38.363 3
      vertex 48.9119 38.815 3
      vertex 48.8297 39.475 3
    endloop
  endfacet
  facet normal -0 0 1
    outer loop
      vertex 48.5939 38.363 3
      vertex 49.1587 38.331 3
      vertex 48.9119 38.815 3
    endloop
  endfacet
  facet normal 0 0 1
    outer loop
      vertex 48.5939 38.001 3
      vertex 49.1587 38.331 3
      vertex 48.5939 38.363 3
    endloop
  endfacet
  facet normal 0 0 1
    outer loop
      vertex 48.3491 37.9523 3
      vertex 49.5665 38.0347 3
      vertex 48.5939 38.001 3
    endloop
  endfacet
  facet normal 0 0 1
    outer loop
      vertex 48.0989 37.936 3
      vertex 50.1317 37.936 3
      vertex 48.3491 37.9523 3
    endloop
  endfacet
  facet normal 0 0 1
    outer loop
      vertex 38.7438 5.23399 3
      vertex 50.1317 37.936 3
      vertex 48.0989 37.936 3
    endloop
  endfacet
  facet normal -0 0 1
    outer loop
      vertex 46.3052 37.999 3
      vertex 48.0989 37.936 3
      vertex 47.6586 38.104 3
    endloop
  endfacet
  facet normal 0 0 1
    outer loop
      vertex 47.5119 40.588 3
      vertex 47.012 38.863 3
      vertex 47.5119 38.608 3
    endloop
  endfacet
  facet normal 0 0 1
    outer loop
      vertex 46.893 38.4827 3
      vertex 47.5119 38.608 3
      vertex 47.012 38.863 3
    endloop
  endfacet
  facet normal 0 0 1
    outer loop
      vertex 47.5119 38.608 3
      vertex 46.893 38.4827 3
      vertex 47.6586 38.104 3
    endloop
  endfacet
  facet normal -0 0 1
    outer loop
      vertex 46.65 38.188 3
      vertex 47.6586 38.104 3
      vertex 46.893 38.4827 3
    endloop
  endfacet
  facet normal 0 0 1
    outer loop
      vertex 46.3052 37.999 3
      vertex 47.6586 38.104 3
      vertex 46.65 38.188 3
    endloop
  endfacet
  facet normal 0 0 1
    outer loop
      vertex 48.0989 37.936 3
      vertex 46.3052 37.999 3
      vertex 45.879 37.936 3
    endloop
  endfacet
  facet normal 0 0 1
    outer loop
      vertex 38.7438 5.23399 3
      vertex 48.0989 37.936 3
      vertex 45.879 37.936 3
    endloop
  endfacet
  facet normal 0 0 1
    outer loop
      vertex 42.9284 37.936 3
      vertex 45.879 37.936 3
      vertex 45.335 38.0342 3
    endloop
  endfacet
  facet normal -0 0 1
    outer loop
      vertex 43.6957 38.113 3
      vertex 45.335 38.0342 3
      vertex 44.937 38.329 3
    endloop
  endfacet
  facet normal 0 0 1
    outer loop
      vertex 44.2064 39.353 3
      vertex 44.612 39.475 3
      vertex 44.2064 39.419 3
    endloop
  endfacet
  facet normal 0 0 1
    outer loop
      vertex 44.612 39.475 3
      vertex 44.2064 39.353 3
      vertex 44.6932 38.812 3
    endloop
  endfacet
  facet normal 0 0 1
    outer loop
      vertex 44.1274 38.644 3
      vertex 44.6932 38.812 3
      vertex 44.2064 39.353 3
    endloop
  endfacet
  facet normal 0 0 1
    outer loop
      vertex 44.6932 38.812 3
      vertex 44.1274 38.644 3
      vertex 44.937 38.329 3
    endloop
  endfacet
  facet normal 0 0 1
    outer loop
      vertex 43.6957 38.113 3
      vertex 44.937 38.329 3
      vertex 44.1274 38.644 3
    endloop
  endfacet
  facet normal 0 0 1
    outer loop
      vertex 42.9284 37.936 3
      vertex 45.335 38.0342 3
      vertex 43.6957 38.113 3
    endloop
  endfacet
  facet normal 0 0 1
    outer loop
      vertex 38.7438 5.23399 3
      vertex 45.879 37.936 3
      vertex 42.9284 37.936 3
    endloop
  endfacet
  facet normal -0 0 1
    outer loop
      vertex 41.0748 38 3
      vertex 42.9284 37.936 3
      vertex 42.3542 38.0337 3
    endloop
  endfacet
  facet normal 0 0 1
    outer loop
      vertex 41.0748 38 3
      vertex 42.3542 38.0337 3
      vertex 41.9354 38.327 3
    endloop
  endfacet
  facet normal 0 0 1
    outer loop
      vertex 41.0748 39.968 3
      vertex 41.6797 38.814 3
      vertex 41.5944 39.491 3
    endloop
  endfacet
  facet normal 0 0 1
    outer loop
      vertex 41.0748 38 3
      vertex 41.6797 38.814 3
      vertex 41.0748 39.968 3
    endloop
  endfacet
  facet normal 0 0 1
    outer loop
      vertex 41.0748 38 3
      vertex 41.9354 38.327 3
      vertex 41.6797 38.814 3
    endloop
  endfacet
  facet normal 0 0 1
    outer loop
      vertex 38.7438 5.23399 3
      vertex 42.9284 37.936 3
      vertex 41.0748 38 3
    endloop
  endfacet
  facet normal 0 0 1
    outer loop
      vertex 38.7438 5.23399 3
      vertex 41.0748 38 3
      vertex 40.5828 38 3
    endloop
  endfacet
  facet normal 0 0 1
    outer loop
      vertex 40.1896 40.6122 3
      vertex 40.5686 40.133 3
      vertex 40.5258 40.327 3
    endloop
  endfacet
  facet normal 0 0 1
    outer loop
      vertex 40.1896 40.6122 3
      vertex 40.5258 40.327 3
      vertex 40.4518 40.4655 3
    endloop
  endfacet
  facet normal 0 0 1
    outer loop
      vertex 40.1896 40.6122 3
      vertex 40.4518 40.4655 3
      vertex 40.3438 40.559 3
    endloop
  endfacet
  facet normal 0 0 1
    outer loop
      vertex 40.5686 40.133 3
      vertex 40.1896 40.6122 3
      vertex 39.9768 40.63 3
    endloop
  endfacet
  facet normal -0 0 1
    outer loop
      vertex 39.6603 40.5692 3
      vertex 40.5686 40.133 3
      vertex 39.9768 40.63 3
    endloop
  endfacet
  facet normal 0 0 1
    outer loop
      vertex 40.5686 40.133 3
      vertex 39.6603 40.5692 3
      vertex 39.4188 40.387 3
    endloop
  endfacet
  facet normal 0 0 1
    outer loop
      vertex 40.5828 39.873 3
      vertex 39.4188 40.387 3
      vertex 39.2658 40.0967 3
    endloop
  endfacet
  facet normal 0 0 1
    outer loop
      vertex 40.5828 39.873 3
      vertex 39.2658 40.0967 3
      vertex 39.2148 39.712 3
    endloop
  endfacet
  facet normal 0 0 1
    outer loop
      vertex 40.5828 39.873 3
      vertex 39.2148 39.712 3
      vertex 40.5828 38 3
    endloop
  endfacet
  facet normal 0 0 1
    outer loop
      vertex 39.2148 38 3
      vertex 40.5828 38 3
      vertex 39.2148 39.712 3
    endloop
  endfacet
  facet normal 0 0 1
    outer loop
      vertex 38.2928 5.765 3
      vertex 40.5828 38 3
      vertex 39.2148 38 3
    endloop
  endfacet
  facet normal 0 0 1
    outer loop
      vertex 83.25 5 3
      vertex 38.7708 3.67699 3
      vertex 84.125 3.48446 3
    endloop
  endfacet
  facet normal 0 0 1
    outer loop
      vertex 38.558 3.3575 3
      vertex 84.125 3.48446 3
      vertex 38.7708 3.67699 3
    endloop
  endfacet
  facet normal 0 0 1
    outer loop
      vertex 38.2738 3.125 3
      vertex 84.125 3.48446 3
      vertex 38.558 3.3575 3
    endloop
  endfacet
  facet normal 0 0 1
    outer loop
      vertex 84.125 3.48446 3
      vertex 38.2738 3.125 3
      vertex 90 0 3
    endloop
  endfacet
  facet normal -0 0 1
    outer loop
      vertex 37.9283 2.98326 3
      vertex 90 0 3
      vertex 38.2738 3.125 3
    endloop
  endfacet
  facet normal -0 0 1
    outer loop
      vertex 37.5318 2.936 3
      vertex 90 0 3
      vertex 37.9283 2.98326 3
    endloop
  endfacet
  facet normal 0 0 1
    outer loop
      vertex 35.7949 3.78499 3
      vertex 36.177 4.017 3
      vertex 36.1358 4.452 3
    endloop
  endfacet
  facet normal -0 0 1
    outer loop
      vertex 35.7949 3.78499 3
      vertex 36.3008 3.644 3
      vertex 36.177 4.017 3
    endloop
  endfacet
  facet normal 0 0 1
    outer loop
      vertex 35.7174 3.42574 3
      vertex 36.3008 3.644 3
      vertex 35.7949 3.78499 3
    endloop
  endfacet
  facet normal 0 0 1
    outer loop
      vertex 36.3008 3.644 3
      vertex 35.7174 3.42574 3
      vertex 36.5043 3.34224 3
    endloop
  endfacet
  facet normal 0 0 1
    outer loop
      vertex 35.4849 3.15799 3
      vertex 36.5043 3.34224 3
      vertex 35.7174 3.42574 3
    endloop
  endfacet
  facet normal 0 0 1
    outer loop
      vertex 36.5043 3.34224 3
      vertex 35.4849 3.15799 3
      vertex 36.7828 3.11899 3
    endloop
  endfacet
  facet normal 0 0 1
    outer loop
      vertex 35.1119 2.9915 3
      vertex 36.7828 3.11899 3
      vertex 35.4849 3.15799 3
    endloop
  endfacet
  facet normal 0 0 1
    outer loop
      vertex 36.7828 3.11899 3
      vertex 35.1119 2.9915 3
      vertex 37.1281 2.98175 3
    endloop
  endfacet
  facet normal 0 0 1
    outer loop
      vertex 37.1281 2.98175 3
      vertex 35.1119 2.9915 3
      vertex 37.5318 2.936 3
    endloop
  endfacet
  facet normal 0 0 1
    outer loop
      vertex 34.6129 2.936 3
      vertex 37.5318 2.936 3
      vertex 35.1119 2.9915 3
    endloop
  endfacet
  facet normal 0 0 1
    outer loop
      vertex 0 0 3
      vertex 37.5318 2.936 3
      vertex 34.6129 2.936 3
    endloop
  endfacet
  facet normal 0 0 1
    outer loop
      vertex 33.5879 4.87099 3
      vertex 32.924 4.78374 3
      vertex 33.6537 4.75275 3
    endloop
  endfacet
  facet normal 0 0 1
    outer loop
      vertex 33.0835 3 3
      vertex 33.7867 3.118 3
      vertex 33.3999 3.66399 3
    endloop
  endfacet
  facet normal -0 0 1
    outer loop
      vertex 33.0835 3 3
      vertex 34.6129 2.936 3
      vertex 33.7867 3.118 3
    endloop
  endfacet
  facet normal -0 0 1
    outer loop
      vertex 32.6365 3 3
      vertex 34.6129 2.936 3
      vertex 33.0835 3 3
    endloop
  endfacet
  facet normal -0 0 1
    outer loop
      vertex 31.0014 3 3
      vertex 34.6129 2.936 3
      vertex 32.6365 3 3
    endloop
  endfacet
  facet normal 0 0 1
    outer loop
      vertex 31.0014 3 3
      vertex 31.8934 4.22899 3
      vertex 31.0014 4.22899 3
    endloop
  endfacet
  facet normal 0 0 1
    outer loop
      vertex 31.8934 4.22899 3
      vertex 31.0014 3 3
      vertex 32.6365 3 3
    endloop
  endfacet
  facet normal 0 0 1
    outer loop
      vertex 34.6129 2.936 3
      vertex 31.0014 3 3
      vertex 0 0 3
    endloop
  endfacet
  facet normal 0 0 1
    outer loop
      vertex 0 0 3
      vertex 31.0014 3 3
      vertex 30.6134 3 3
    endloop
  endfacet
  facet normal -0 0 1
    outer loop
      vertex 30.0673 4.08099 3
      vertex 30.6134 3 3
      vertex 30.6134 5.87999 3
    endloop
  endfacet
  facet normal -0 0 1
    outer loop
      vertex 30.0438 3.47275 3
      vertex 30.6134 3 3
      vertex 30.1136 3.81599 3
    endloop
  endfacet
  facet normal -0 0 1
    outer loop
      vertex 29.8346 3.215 3
      vertex 30.6134 3 3
      vertex 30.0438 3.47275 3
    endloop
  endfacet
  facet normal -0 0 1
    outer loop
      vertex 29.5023 3.05374 3
      vertex 30.6134 3 3
      vertex 29.8346 3.215 3
    endloop
  endfacet
  facet normal 0 0 1
    outer loop
      vertex 29.0616 3 3
      vertex 30.6134 3 3
      vertex 29.5023 3.05374 3
    endloop
  endfacet
  facet normal 0 0 1
    outer loop
      vertex 15.2686 2.16801 3
      vertex 30.6134 3 3
      vertex 29.0616 3 3
    endloop
  endfacet
  facet normal 0 0 1
    outer loop
      vertex 15.2686 2.16801 3
      vertex 29.0616 3 3
      vertex 27.8996 3 3
    endloop
  endfacet
  facet normal 0 0 1
    outer loop
      vertex 28.725 39.362 3
      vertex 25.9473 38 3
      vertex 28.8907 38.87 3
    endloop
  endfacet
  facet normal 0 0 1
    outer loop
      vertex 26.5733 40.559 3
      vertex 26.1073 40.295 3
      vertex 26.72 40.5522 3
    endloop
  endfacet
  facet normal 0 0 1
    outer loop
      vertex 26.1073 40.295 3
      vertex 26.5733 40.559 3
      vertex 26.3043 40.493 3
    endloop
  endfacet
  facet normal 0 0 1
    outer loop
      vertex 29.163 38.472 3
      vertex 25.9473 38 3
      vertex 29.5357 38.178 3
    endloop
  endfacet
  facet normal 0 0 1
    outer loop
      vertex 27.8996 5.87999 3
      vertex 26.275 3.31099 3
      vertex 27.8996 3 3
    endloop
  endfacet
  facet normal 0 0 1
    outer loop
      vertex 26.275 3 3
      vertex 27.8996 3 3
      vertex 26.275 3.31099 3
    endloop
  endfacet
  facet normal 0 0 1
    outer loop
      vertex 15.2686 2.16801 3
      vertex 27.8996 3 3
      vertex 26.275 3 3
    endloop
  endfacet
  facet normal 0 0 1
    outer loop
      vertex 15.2686 2.16801 3
      vertex 26.275 3 3
      vertex 24.482 3 3
    endloop
  endfacet
  facet normal 0 0 1
    outer loop
      vertex 24.482 3.31099 3
      vertex 24.0063 3.31099 3
      vertex 24.482 3 3
    endloop
  endfacet
  facet normal 0 0 1
    outer loop
      vertex 24.0063 3 3
      vertex 24.482 3 3
      vertex 24.0063 3.31099 3
    endloop
  endfacet
  facet normal 0 0 1
    outer loop
      vertex 15.2686 2.16801 3
      vertex 24.482 3 3
      vertex 24.0063 3 3
    endloop
  endfacet
  facet normal 0 0 1
    outer loop
      vertex 15.2686 2.16801 3
      vertex 24.0063 3 3
      vertex 22.1113 3 3
    endloop
  endfacet
  facet normal -0 0 1
    outer loop
      vertex 21.5376 3.32199 3
      vertex 22.1113 3.258 3
      vertex 21.7274 3.79449 3
    endloop
  endfacet
  facet normal 0 0 1
    outer loop
      vertex 22.1113 3.258 3
      vertex 21.5376 3.32199 3
      vertex 22.1113 3 3
    endloop
  endfacet
  facet normal -0 0 1
    outer loop
      vertex 21.2246 3.03249 3
      vertex 22.1113 3 3
      vertex 21.5376 3.32199 3
    endloop
  endfacet
  facet normal 0 0 1
    outer loop
      vertex 20.7916 2.936 3
      vertex 22.1113 3 3
      vertex 21.2246 3.03249 3
    endloop
  endfacet
  facet normal 0 0 1
    outer loop
      vertex 15.2686 2.16801 3
      vertex 22.1113 3 3
      vertex 20.7916 2.936 3
    endloop
  endfacet
  facet normal 0 0 1
    outer loop
      vertex 19.4179 4.97949 3
      vertex 19.8626 5.0985 3
      vertex 19.437 5.14799 3
    endloop
  endfacet
  facet normal 0 0 1
    outer loop
      vertex 19.4809 3.31099 3
      vertex 19.8644 3.79199 3
      vertex 19.8026 4.43999 3
    endloop
  endfacet
  facet normal 0 0 1
    outer loop
      vertex 19.4809 3.31099 3
      vertex 20.0496 3.31999 3
      vertex 19.8644 3.79199 3
    endloop
  endfacet
  facet normal 0 0 1
    outer loop
      vertex 19.4809 3 3
      vertex 20.0496 3.31999 3
      vertex 19.4809 3.31099 3
    endloop
  endfacet
  facet normal 0 0 1
    outer loop
      vertex 20.0496 3.31999 3
      vertex 19.4809 3 3
      vertex 20.3591 3.032 3
    endloop
  endfacet
  facet normal -0 0 1
    outer loop
      vertex 19.4809 3 3
      vertex 20.7916 2.936 3
      vertex 20.3591 3.032 3
    endloop
  endfacet
  facet normal 0 0 1
    outer loop
      vertex 15.2686 2.16801 3
      vertex 19.4809 3 3
      vertex 17.586 3 3
    endloop
  endfacet
  facet normal 0 0 1
    outer loop
      vertex 19.4809 3 3
      vertex 15.2686 2.16801 3
      vertex 20.7916 2.936 3
    endloop
  endfacet
  facet normal 0 0 1
    outer loop
      vertex 15.9719 4.64124 3
      vertex 17.6954 5.50299 3
      vertex 17.894 5.741 3
    endloop
  endfacet
  facet normal 0 0 1
    outer loop
      vertex 15.9719 4.64124 3
      vertex 17.6019 5.19499 3
      vertex 17.6954 5.50299 3
    endloop
  endfacet
  facet normal -0 0 1
    outer loop
      vertex 16.0176 4.084 3
      vertex 17.586 3.258 3
      vertex 16.0176 4.092 3
    endloop
  endfacet
  facet normal -0 0 1
    outer loop
      vertex 15.9716 3.53174 3
      vertex 17.586 3.258 3
      vertex 16.0176 4.084 3
    endloop
  endfacet
  facet normal 0 0 1
    outer loop
      vertex 17.586 3.258 3
      vertex 15.9716 3.53174 3
      vertex 17.586 3 3
    endloop
  endfacet
  facet normal -0 0 1
    outer loop
      vertex 15.8336 3.03899 3
      vertex 17.586 3 3
      vertex 15.9716 3.53174 3
    endloop
  endfacet
  facet normal 0 0 1
    outer loop
      vertex 15.6009 2.59026 3
      vertex 17.586 3 3
      vertex 15.8336 3.03899 3
    endloop
  endfacet
  facet normal 0 0 1
    outer loop
      vertex 15.2686 2.16801 3
      vertex 17.586 3 3
      vertex 15.6009 2.59026 3
    endloop
  endfacet
  facet normal 0 0 1
    outer loop
      vertex 30.6134 3 3
      vertex 15.2686 2.16801 3
      vertex 0 0 3
    endloop
  endfacet
  facet normal 0 0 1
    outer loop
      vertex 0 0 3
      vertex 15.2686 2.16801 3
      vertex 14.9146 2.16801 3
    endloop
  endfacet
  facet normal 0 0 1
    outer loop
      vertex 14.9146 6.008 3
      vertex 14.8255 3.616 3
      vertex 14.9146 2.16801 3
    endloop
  endfacet
  facet normal -0 0 1
    outer loop
      vertex 14.7365 3.33725 3
      vertex 14.9146 2.16801 3
      vertex 14.8255 3.616 3
    endloop
  endfacet
  facet normal -0 0 1
    outer loop
      vertex 14.5555 3.12099 3
      vertex 14.9146 2.16801 3
      vertex 14.7365 3.33725 3
    endloop
  endfacet
  facet normal -0 0 1
    outer loop
      vertex 14.2977 2.98225 3
      vertex 14.9146 2.16801 3
      vertex 14.5555 3.12099 3
    endloop
  endfacet
  facet normal -0 0 1
    outer loop
      vertex 13.9785 2.936 3
      vertex 14.9146 2.16801 3
      vertex 14.2977 2.98225 3
    endloop
  endfacet
  facet normal 0 0 1
    outer loop
      vertex 12.861 2.16801 3
      vertex 13.9785 2.936 3
      vertex 13.572 3.00949 3
    endloop
  endfacet
  facet normal 0 0 1
    outer loop
      vertex 13.2755 4.94499 3
      vertex 12.303 5.118 3
      vertex 13.0932 4.58424 3
    endloop
  endfacet
  facet normal 0 0 1
    outer loop
      vertex 12.861 2.16801 3
      vertex 13.093 3.5925 3
      vertex 13.0325 4.09 3
    endloop
  endfacet
  facet normal 0 0 1
    outer loop
      vertex 12.861 2.16801 3
      vertex 13.2745 3.23 3
      vertex 13.093 3.5925 3
    endloop
  endfacet
  facet normal 0 0 1
    outer loop
      vertex 12.861 2.16801 3
      vertex 13.572 3.00949 3
      vertex 13.2745 3.23 3
    endloop
  endfacet
  facet normal 0 0 1
    outer loop
      vertex 13.9785 2.936 3
      vertex 12.861 2.16801 3
      vertex 14.9146 2.16801 3
    endloop
  endfacet
  facet normal 0 0 1
    outer loop
      vertex 0 0 3
      vertex 14.9146 2.16801 3
      vertex 12.861 2.16801 3
    endloop
  endfacet
  facet normal 0 0 1
    outer loop
      vertex 0 0 3
      vertex 12.861 2.16801 3
      vertex 12.508 2.16801 3
    endloop
  endfacet
  facet normal 0 0 1
    outer loop
      vertex 11.758 4.092 3
      vertex 6.75 5 3
      vertex 11.758 4.084 3
    endloop
  endfacet
  facet normal 0 0 1
    outer loop
      vertex 11.758 4.084 3
      vertex 6.75 5 3
      vertex 11.8037 3.53448 3
    endloop
  endfacet
  facet normal 0 0 1
    outer loop
      vertex 5.875 3.48446 3
      vertex 11.8037 3.53448 3
      vertex 6.75 5 3
    endloop
  endfacet
  facet normal 0 0 1
    outer loop
      vertex 11.8037 3.53448 3
      vertex 5.875 3.48446 3
      vertex 11.941 3.04199 3
    endloop
  endfacet
  facet normal 0 0 1
    outer loop
      vertex 11.941 3.04199 3
      vertex 5.875 3.48446 3
      vertex 12.1742 2.59201 3
    endloop
  endfacet
  facet normal 0 0 1
    outer loop
      vertex 12.1742 2.59201 3
      vertex 5.875 3.48446 3
      vertex 12.508 2.16801 3
    endloop
  endfacet
  facet normal 0 0 1
    outer loop
      vertex 0 0 3
      vertex 5.875 3.48446 3
      vertex 4.125 3.48446 3
    endloop
  endfacet
  facet normal 0 0 1
    outer loop
      vertex 37.5318 2.936 3
      vertex 0 0 3
      vertex 90 0 3
    endloop
  endfacet
  facet normal 0 0 1
    outer loop
      vertex 5.875 3.48446 3
      vertex 0 0 3
      vertex 12.508 2.16801 3
    endloop
  endfacet
  facet normal 0 0 1
    outer loop
      vertex 3.25 5 3
      vertex 0 0 3
      vertex 4.125 3.48446 3
    endloop
  endfacet
  facet normal 0 0 1
    outer loop
      vertex 0 0 3
      vertex 3.25 5 3
      vertex 0 45 3
    endloop
  endfacet
  facet normal 0 0 1
    outer loop
      vertex 13.506 41.424 3
      vertex 14.398 40.686 3
      vertex 14.175 41.2395 3
    endloop
  endfacet
  facet normal 0 0 1
    outer loop
      vertex 14.398 40.686 3
      vertex 13.528 39.92 3
      vertex 14.1805 40.1115 3
    endloop
  endfacet
  facet normal 0 0 1
    outer loop
      vertex 14.398 40.686 3
      vertex 13.506 41.424 3
      vertex 13.528 39.92 3
    endloop
  endfacet
  facet normal 0 0 1
    outer loop
      vertex 12.476 39.92 3
      vertex 13.506 41.424 3
      vertex 12.476 41.424 3
    endloop
  endfacet
  facet normal 0 0 1
    outer loop
      vertex 13.506 41.424 3
      vertex 12.476 39.92 3
      vertex 13.528 39.92 3
    endloop
  endfacet
  facet normal -0 0 1
    outer loop
      vertex 15.9149 39.9982 3
      vertex 17.4681 39.475 3
      vertex 17.4229 40.005 3
    endloop
  endfacet
  facet normal 0 0 1
    outer loop
      vertex 16.6801 40.646 3
      vertex 17.4229 40.005 3
      vertex 17.2871 40.367 3
    endloop
  endfacet
  facet normal 0 -0 1
    outer loop
      vertex 15.9144 38.961 3
      vertex 17.4681 39.475 3
      vertex 15.8671 39.475 3
    endloop
  endfacet
  facet normal 0 0 1
    outer loop
      vertex 16.6801 40.646 3
      vertex 17.2871 40.367 3
      vertex 17.0449 40.5762 3
    endloop
  endfacet
  facet normal 0 0 1
    outer loop
      vertex 17.4681 39.475 3
      vertex 15.9144 38.961 3
      vertex 17.4209 38.949 3
    endloop
  endfacet
  facet normal 0 0 1
    outer loop
      vertex 17.4229 40.005 3
      vertex 16.6801 40.646 3
      vertex 15.9149 39.9982 3
    endloop
  endfacet
  facet normal 0 -0 1
    outer loop
      vertex 16.6501 38.298 3
      vertex 17.4209 38.949 3
      vertex 15.9144 38.961 3
    endloop
  endfacet
  facet normal 0 0 1
    outer loop
      vertex 16.0581 40.362 3
      vertex 16.6801 40.646 3
      vertex 16.3096 40.575 3
    endloop
  endfacet
  facet normal 0 0 1
    outer loop
      vertex 17.4209 38.949 3
      vertex 16.6501 38.298 3
      vertex 17.2791 38.583 3
    endloop
  endfacet
  facet normal 0 0 1
    outer loop
      vertex 16.6801 40.646 3
      vertex 16.0581 40.362 3
      vertex 15.9149 39.9982 3
    endloop
  endfacet
  facet normal 0 0 1
    outer loop
      vertex 17.2791 38.583 3
      vertex 16.6501 38.298 3
      vertex 17.0274 38.3692 3
    endloop
  endfacet
  facet normal 0 0 1
    outer loop
      vertex 17.4681 39.475 3
      vertex 15.9149 39.9982 3
      vertex 15.8671 39.475 3
    endloop
  endfacet
  facet normal -0 -0 1
    outer loop
      vertex 16.0561 38.593 3
      vertex 16.6501 38.298 3
      vertex 15.9144 38.961 3
    endloop
  endfacet
  facet normal 0 0 1
    outer loop
      vertex 16.6501 38.298 3
      vertex 16.0561 38.593 3
      vertex 16.2991 38.3717 3
    endloop
  endfacet
  facet normal 0 0 1
    outer loop
      vertex 23.9237 40.591 3
      vertex 24.3189 40.142 3
      vertex 24.1617 40.426 3
    endloop
  endfacet
  facet normal 0 0 1
    outer loop
      vertex 24.3189 40.142 3
      vertex 23.9237 40.591 3
      vertex 23.5997 40.646 3
    endloop
  endfacet
  facet normal 0 0 1
    outer loop
      vertex 24.3189 40.142 3
      vertex 23.5997 40.646 3
      vertex 22.8747 40.1102 3
    endloop
  endfacet
  facet normal 0 0 1
    outer loop
      vertex 23.0347 40.401 3
      vertex 23.5997 40.646 3
      vertex 23.2799 40.5847 3
    endloop
  endfacet
  facet normal 0 0 1
    outer loop
      vertex 23.5997 40.646 3
      vertex 23.0347 40.401 3
      vertex 22.8747 40.1102 3
    endloop
  endfacet
  facet normal 0 0 1
    outer loop
      vertex 24.3189 40.142 3
      vertex 22.8747 40.1102 3
      vertex 24.3987 39.728 3
    endloop
  endfacet
  facet normal 0 0 1
    outer loop
      vertex 24.3987 39.728 3
      vertex 22.8747 40.1102 3
      vertex 22.8107 39.728 3
    endloop
  endfacet
  facet normal -0 0 1
    outer loop
      vertex 33.1004 39.9982 3
      vertex 34.6537 39.475 3
      vertex 34.6084 40.005 3
    endloop
  endfacet
  facet normal 0 0 1
    outer loop
      vertex 33.8657 40.646 3
      vertex 34.6084 40.005 3
      vertex 34.4727 40.367 3
    endloop
  endfacet
  facet normal 0 -0 1
    outer loop
      vertex 33.0999 38.961 3
      vertex 34.6537 39.475 3
      vertex 33.0527 39.475 3
    endloop
  endfacet
  facet normal 0 0 1
    outer loop
      vertex 33.8657 40.646 3
      vertex 34.4727 40.367 3
      vertex 34.2304 40.5762 3
    endloop
  endfacet
  facet normal 0 0 1
    outer loop
      vertex 34.6537 39.475 3
      vertex 33.0999 38.961 3
      vertex 34.6064 38.949 3
    endloop
  endfacet
  facet normal 0 0 1
    outer loop
      vertex 34.6084 40.005 3
      vertex 33.8657 40.646 3
      vertex 33.1004 39.9982 3
    endloop
  endfacet
  facet normal 0 -0 1
    outer loop
      vertex 33.8357 38.298 3
      vertex 34.6064 38.949 3
      vertex 33.0999 38.961 3
    endloop
  endfacet
  facet normal 0 0 1
    outer loop
      vertex 33.2437 40.362 3
      vertex 33.8657 40.646 3
      vertex 33.4952 40.575 3
    endloop
  endfacet
  facet normal 0 0 1
    outer loop
      vertex 34.6064 38.949 3
      vertex 33.8357 38.298 3
      vertex 34.4647 38.583 3
    endloop
  endfacet
  facet normal 0 0 1
    outer loop
      vertex 33.8657 40.646 3
      vertex 33.2437 40.362 3
      vertex 33.1004 39.9982 3
    endloop
  endfacet
  facet normal 0 0 1
    outer loop
      vertex 34.4647 38.583 3
      vertex 33.8357 38.298 3
      vertex 34.2129 38.3692 3
    endloop
  endfacet
  facet normal 0 0 1
    outer loop
      vertex 34.6537 39.475 3
      vertex 33.1004 39.9982 3
      vertex 33.0527 39.475 3
    endloop
  endfacet
  facet normal -0 -0 1
    outer loop
      vertex 33.2417 38.593 3
      vertex 33.8357 38.298 3
      vertex 33.0999 38.961 3
    endloop
  endfacet
  facet normal 0 0 1
    outer loop
      vertex 33.8357 38.298 3
      vertex 33.2417 38.593 3
      vertex 33.4847 38.3717 3
    endloop
  endfacet
  facet normal 0 0 1
    outer loop
      vertex 43.2264 40.591 3
      vertex 43.6217 40.142 3
      vertex 43.4644 40.426 3
    endloop
  endfacet
  facet normal 0 0 1
    outer loop
      vertex 43.6217 40.142 3
      vertex 43.2264 40.591 3
      vertex 42.9024 40.646 3
    endloop
  endfacet
  facet normal 0 0 1
    outer loop
      vertex 43.6217 40.142 3
      vertex 42.9024 40.646 3
      vertex 42.1774 40.1102 3
    endloop
  endfacet
  facet normal 0 0 1
    outer loop
      vertex 42.3374 40.401 3
      vertex 42.9024 40.646 3
      vertex 42.5827 40.5847 3
    endloop
  endfacet
  facet normal 0 0 1
    outer loop
      vertex 42.9024 40.646 3
      vertex 42.3374 40.401 3
      vertex 42.1774 40.1102 3
    endloop
  endfacet
  facet normal 0 0 1
    outer loop
      vertex 43.6217 40.142 3
      vertex 42.1774 40.1102 3
      vertex 43.7014 39.728 3
    endloop
  endfacet
  facet normal 0 0 1
    outer loop
      vertex 43.7014 39.728 3
      vertex 42.1774 40.1102 3
      vertex 42.1134 39.728 3
    endloop
  endfacet
  facet normal -0 0 1
    outer loop
      vertex 49.3914 39.9982 3
      vertex 50.9447 39.475 3
      vertex 50.8994 40.005 3
    endloop
  endfacet
  facet normal 0 0 1
    outer loop
      vertex 50.1567 40.646 3
      vertex 50.8994 40.005 3
      vertex 50.7637 40.367 3
    endloop
  endfacet
  facet normal 0 -0 1
    outer loop
      vertex 49.3909 38.961 3
      vertex 50.9447 39.475 3
      vertex 49.3437 39.475 3
    endloop
  endfacet
  facet normal 0 0 1
    outer loop
      vertex 50.1567 40.646 3
      vertex 50.7637 40.367 3
      vertex 50.5214 40.5762 3
    endloop
  endfacet
  facet normal 0 0 1
    outer loop
      vertex 50.9447 39.475 3
      vertex 49.3909 38.961 3
      vertex 50.8974 38.949 3
    endloop
  endfacet
  facet normal 0 0 1
    outer loop
      vertex 50.8994 40.005 3
      vertex 50.1567 40.646 3
      vertex 49.3914 39.9982 3
    endloop
  endfacet
  facet normal 0 -0 1
    outer loop
      vertex 50.1267 38.298 3
      vertex 50.8974 38.949 3
      vertex 49.3909 38.961 3
    endloop
  endfacet
  facet normal 0 0 1
    outer loop
      vertex 49.5347 40.362 3
      vertex 50.1567 40.646 3
      vertex 49.7862 40.575 3
    endloop
  endfacet
  facet normal 0 0 1
    outer loop
      vertex 50.8974 38.949 3
      vertex 50.1267 38.298 3
      vertex 50.7557 38.583 3
    endloop
  endfacet
  facet normal 0 0 1
    outer loop
      vertex 50.1567 40.646 3
      vertex 49.5347 40.362 3
      vertex 49.3914 39.9982 3
    endloop
  endfacet
  facet normal 0 0 1
    outer loop
      vertex 50.7557 38.583 3
      vertex 50.1267 38.298 3
      vertex 50.504 38.3692 3
    endloop
  endfacet
  facet normal 0 0 1
    outer loop
      vertex 50.9447 39.475 3
      vertex 49.3914 39.9982 3
      vertex 49.3437 39.475 3
    endloop
  endfacet
  facet normal -0 -0 1
    outer loop
      vertex 49.5327 38.593 3
      vertex 50.1267 38.298 3
      vertex 49.3909 38.961 3
    endloop
  endfacet
  facet normal 0 0 1
    outer loop
      vertex 50.1267 38.298 3
      vertex 49.5327 38.593 3
      vertex 49.7757 38.3717 3
    endloop
  endfacet
  facet normal 0 0 1
    outer loop
      vertex 20.1716 4.43999 3
      vertex 21.4186 4.43999 3
      vertex 21.3829 4.98824 3
    endloop
  endfacet
  facet normal -0 0 1
    outer loop
      vertex 20.2084 4.99324 3
      vertex 21.3829 4.98824 3
      vertex 21.2756 5.36099 3
    endloop
  endfacet
  facet normal 0 0 1
    outer loop
      vertex 21.4186 4.43999 3
      vertex 20.1716 4.43999 3
      vertex 21.3809 3.90625 3
    endloop
  endfacet
  facet normal 0 0 1
    outer loop
      vertex 20.8036 5.64699 3
      vertex 21.2756 5.36099 3
      vertex 21.0861 5.57549 3
    endloop
  endfacet
  facet normal 0 -0 1
    outer loop
      vertex 20.2089 3.89874 3
      vertex 21.3809 3.90625 3
      vertex 20.1716 4.43999 3
    endloop
  endfacet
  facet normal 0 0 1
    outer loop
      vertex 21.2756 5.36099 3
      vertex 20.8036 5.64699 3
      vertex 20.3186 5.36499 3
    endloop
  endfacet
  facet normal 0 0 1
    outer loop
      vertex 21.3809 3.90625 3
      vertex 20.2089 3.89874 3
      vertex 21.2676 3.53099 3
    endloop
  endfacet
  facet normal 0 -0 1
    outer loop
      vertex 20.3206 3.52499 3
      vertex 21.2676 3.53099 3
      vertex 20.2089 3.89874 3
    endloop
  endfacet
  facet normal 0 0 1
    outer loop
      vertex 20.3186 5.36499 3
      vertex 20.8036 5.64699 3
      vertex 20.5134 5.57649 3
    endloop
  endfacet
  facet normal 0 -0 1
    outer loop
      vertex 20.7956 3.23499 3
      vertex 21.2676 3.53099 3
      vertex 20.3206 3.52499 3
    endloop
  endfacet
  facet normal 0 0 1
    outer loop
      vertex 21.2756 5.36099 3
      vertex 20.3186 5.36499 3
      vertex 20.2084 4.99324 3
    endloop
  endfacet
  facet normal 0 0 1
    outer loop
      vertex 21.2676 3.53099 3
      vertex 20.7956 3.23499 3
      vertex 21.0746 3.30899 3
    endloop
  endfacet
  facet normal 0 0 1
    outer loop
      vertex 21.3829 4.98824 3
      vertex 20.2084 4.99324 3
      vertex 20.1716 4.43999 3
    endloop
  endfacet
  facet normal 0 0 1
    outer loop
      vertex 20.7956 3.23499 3
      vertex 20.3206 3.52499 3
      vertex 20.5144 3.3075 3
    endloop
  endfacet
  facet normal 0 0 1
    outer loop
      vertex 29.3483 3.3445 3
      vertex 29.6808 3.61275 3
      vertex 29.7216 3.84599 3
    endloop
  endfacet
  facet normal 0 0 1
    outer loop
      vertex 29.3483 3.3445 3
      vertex 29.7216 3.84599 3
      vertex 29.5438 4.23224 3
    endloop
  endfacet
  facet normal 0 0 1
    outer loop
      vertex 29.6808 3.61275 3
      vertex 29.3483 3.3445 3
      vertex 29.5586 3.44499 3
    endloop
  endfacet
  facet normal 0 0 1
    outer loop
      vertex 29.0106 4.36099 3
      vertex 29.3483 3.3445 3
      vertex 29.5438 4.23224 3
    endloop
  endfacet
  facet normal 0 0 1
    outer loop
      vertex 29.3483 3.3445 3
      vertex 29.0106 4.36099 3
      vertex 29.0416 3.31099 3
    endloop
  endfacet
  facet normal 0 0 1
    outer loop
      vertex 28.2876 3.31099 3
      vertex 29.0106 4.36099 3
      vertex 28.2876 4.36099 3
    endloop
  endfacet
  facet normal 0 0 1
    outer loop
      vertex 29.0106 4.36099 3
      vertex 28.2876 3.31099 3
      vertex 29.0416 3.31099 3
    endloop
  endfacet
  facet normal 0 0 1
    outer loop
      vertex 29.3986 5.46899 3
      vertex 29.5576 5.13899 3
      vertex 29.5178 5.33699 3
    endloop
  endfacet
  facet normal 0 0 1
    outer loop
      vertex 29.2048 5.54399 3
      vertex 29.5576 5.13899 3
      vertex 29.3986 5.46899 3
    endloop
  endfacet
  facet normal 0 -0 1
    outer loop
      vertex 29.2111 4.69299 3
      vertex 29.5576 5.13899 3
      vertex 29.2048 5.54399 3
    endloop
  endfacet
  facet normal 0 0 1
    outer loop
      vertex 29.5576 5.13899 3
      vertex 29.2111 4.69299 3
      vertex 29.5191 4.92824 3
    endloop
  endfacet
  facet normal 0 0 1
    outer loop
      vertex 29.5191 4.92824 3
      vertex 29.2111 4.69299 3
      vertex 29.4036 4.78 3
    endloop
  endfacet
  facet normal 0 0 1
    outer loop
      vertex 28.9396 5.56898 3
      vertex 29.2111 4.69299 3
      vertex 29.2048 5.54399 3
    endloop
  endfacet
  facet normal 0 0 1
    outer loop
      vertex 28.9396 5.56898 3
      vertex 28.9396 4.66399 3
      vertex 29.2111 4.69299 3
    endloop
  endfacet
  facet normal -0 0 1
    outer loop
      vertex 28.2876 5.56898 3
      vertex 28.9396 4.66399 3
      vertex 28.9396 5.56898 3
    endloop
  endfacet
  facet normal 0 0 1
    outer loop
      vertex 28.9396 4.66399 3
      vertex 28.2876 5.56898 3
      vertex 28.2876 4.66399 3
    endloop
  endfacet
  facet normal 0 0 1
    outer loop
      vertex 32.4104 5.44099 3
      vertex 32.5805 5.06799 3
      vertex 32.5379 5.28374 3
    endloop
  endfacet
  facet normal 0 -0 1
    outer loop
      vertex 32.2104 4.571 3
      vertex 32.5805 5.06799 3
      vertex 32.2039 5.53699 3
    endloop
  endfacet
  facet normal 0 0 1
    outer loop
      vertex 32.5805 5.06799 3
      vertex 32.4104 5.44099 3
      vertex 32.2039 5.53699 3
    endloop
  endfacet
  facet normal 0 0 1
    outer loop
      vertex 32.5805 5.06799 3
      vertex 32.4125 4.67599 3
      vertex 32.5385 4.84399 3
    endloop
  endfacet
  facet normal 0 0 1
    outer loop
      vertex 32.5805 5.06799 3
      vertex 32.2104 4.571 3
      vertex 32.4125 4.67599 3
    endloop
  endfacet
  facet normal 0 0 1
    outer loop
      vertex 32.2039 5.53699 3
      vertex 31.9384 4.536 3
      vertex 32.2104 4.571 3
    endloop
  endfacet
  facet normal 0 0 1
    outer loop
      vertex 31.9225 5.56898 3
      vertex 31.9384 4.536 3
      vertex 32.2039 5.53699 3
    endloop
  endfacet
  facet normal 0 0 1
    outer loop
      vertex 31.0014 4.536 3
      vertex 31.9225 5.56898 3
      vertex 31.0014 5.56898 3
    endloop
  endfacet
  facet normal 0 0 1
    outer loop
      vertex 31.9225 5.56898 3
      vertex 31.0014 4.536 3
      vertex 31.9384 4.536 3
    endloop
  endfacet
  facet normal 1 0 0
    outer loop
      vertex 90 45 3
      vertex 90 44.0609 0
      vertex 90 45 0
    endloop
  endfacet
  facet normal 1 0 0
    outer loop
      vertex 90 44.0609 0
      vertex 90 35.9391 0
      vertex 90 44.0609 -3
    endloop
  endfacet
  facet normal 1 0 0
    outer loop
      vertex 90 45 3
      vertex 90 35.9391 0
      vertex 90 44.0609 0
    endloop
  endfacet
  facet normal 1 0 0
    outer loop
      vertex 90 45 3
      vertex 90 9.06094 0
      vertex 90 35.9391 0
    endloop
  endfacet
  facet normal 1 0 0
    outer loop
      vertex 90 9.06094 0
      vertex 90 0.93906 0
      vertex 90 9.06094 -3
    endloop
  endfacet
  facet normal 1 -0 0
    outer loop
      vertex 90 0 3
      vertex 90 9.06094 0
      vertex 90 45 3
    endloop
  endfacet
  facet normal 1 0 0
    outer loop
      vertex 90 9.06094 0
      vertex 90 0 3
      vertex 90 0.93906 0
    endloop
  endfacet
  facet normal 1 0 0
    outer loop
      vertex 90 0.93906 0
      vertex 90 0 3
      vertex 90 0 0
    endloop
  endfacet
  facet normal 1 0 0
    outer loop
      vertex 90 44.0609 -3
      vertex 90 35.9391 0
      vertex 90 35.9391 -3
    endloop
  endfacet
  facet normal 1 0 0
    outer loop
      vertex 90 9.06094 -3
      vertex 90 0.93906 0
      vertex 90 0.93906 -3
    endloop
  endfacet
  facet normal 0 0 -1
    outer loop
      vertex 0 0 0
      vertex 0.235163 0.578876 0
      vertex 0.961052 0 0
    endloop
  endfacet
  facet normal -0 0 -1
    outer loop
      vertex 0.235163 0.578876 0
      vertex 0 0 0
      vertex 0 0.923797 0
    endloop
  endfacet
  facet normal 0 0 -1
    outer loop
      vertex 90 44.0609 0
      vertex 89.1287 45 0
      vertex 90 45 0
    endloop
  endfacet
  facet normal 0 0 -1
    outer loop
      vertex 0.235163 44.4211 0
      vertex 0 45 0
      vertex 0.961052 45 0
    endloop
  endfacet
  facet normal 0 0 -1
    outer loop
      vertex 0 45 0
      vertex 0.235163 44.4211 0
      vertex 0 44.0762 0
    endloop
  endfacet
  facet normal 0 0 -1
    outer loop
      vertex 90 0 0
      vertex 89.1287 0 0
      vertex 90 0.93906 0
    endloop
  endfacet
  facet normal 0 0 -1
    outer loop
      vertex 79.1437 37.1798 0
      vertex 11.5 40 0
      vertex 78.5726 39.0312 0
    endloop
  endfacet
  facet normal 0 0 -1
    outer loop
      vertex 79.1437 37.1798 0
      vertex 11.2112 38.0841 0
      vertex 11.5 40 0
    endloop
  endfacet
  facet normal 0 0 -1
    outer loop
      vertex 10.3706 8.66158 0
      vertex 11.2112 38.0841 0
      vertex 11.2112 6.91591 0
    endloop
  endfacet
  facet normal 0 0 -1
    outer loop
      vertex 10.3706 8.66158 0
      vertex 10.3706 36.3384 0
      vertex 11.2112 38.0841 0
    endloop
  endfacet
  facet normal 0 0 -1
    outer loop
      vertex 9.05268 10.0819 0
      vertex 10.3706 36.3384 0
      vertex 10.3706 8.66158 0
    endloop
  endfacet
  facet normal 0 0 -1
    outer loop
      vertex 9.05268 10.0819 0
      vertex 9.05268 34.9181 0
      vertex 10.3706 36.3384 0
    endloop
  endfacet
  facet normal 0 0 -1
    outer loop
      vertex 7.37472 11.0507 0
      vertex 9.05268 34.9181 0
      vertex 9.05268 10.0819 0
    endloop
  endfacet
  facet normal 0 0 -1
    outer loop
      vertex 7.37472 11.0507 0
      vertex 7.37472 33.9493 0
      vertex 9.05268 34.9181 0
    endloop
  endfacet
  facet normal 0 0 -1
    outer loop
      vertex 5.48575 11.4818 0
      vertex 7.37472 33.9493 0
      vertex 7.37472 11.0507 0
    endloop
  endfacet
  facet normal 0 0 -1
    outer loop
      vertex 5.48575 11.4818 0
      vertex 5.48575 33.5182 0
      vertex 7.37472 33.9493 0
    endloop
  endfacet
  facet normal 0 0 -1
    outer loop
      vertex 3.55361 11.337 0
      vertex 5.48575 33.5182 0
      vertex 5.48575 11.4818 0
    endloop
  endfacet
  facet normal 0 0 -1
    outer loop
      vertex 3.55361 11.337 0
      vertex 3.55361 33.663 0
      vertex 5.48575 33.5182 0
    endloop
  endfacet
  facet normal 0 0 -1
    outer loop
      vertex 1.75 10.6292 0
      vertex 3.55361 33.663 0
      vertex 3.55361 11.337 0
    endloop
  endfacet
  facet normal 0 0 -1
    outer loop
      vertex 1.75 10.6292 0
      vertex 1.75 34.3708 0
      vertex 3.55361 33.663 0
    endloop
  endfacet
  facet normal 0 0 -1
    outer loop
      vertex 0.235163 9.42112 0
      vertex 1.75 34.3708 0
      vertex 1.75 10.6292 0
    endloop
  endfacet
  facet normal 0 0 -1
    outer loop
      vertex 0.235163 9.42112 0
      vertex 0.235163 35.5789 0
      vertex 1.75 34.3708 0
    endloop
  endfacet
  facet normal 0 0 -1
    outer loop
      vertex 0 9.0762 0
      vertex 0.235163 35.5789 0
      vertex 0.235163 9.42112 0
    endloop
  endfacet
  facet normal -0 0 -1
    outer loop
      vertex 0.235163 35.5789 0
      vertex 0 9.0762 0
      vertex 0 35.9238 0
    endloop
  endfacet
  facet normal 0 0 -1
    outer loop
      vertex 11.5 5 0
      vertex 78.5726 5.96877 0
      vertex 78.5726 4.03123 0
    endloop
  endfacet
  facet normal 0 0 -1
    outer loop
      vertex 11.2112 6.91591 0
      vertex 78.5726 5.96877 0
      vertex 11.5 5 0
    endloop
  endfacet
  facet normal 0 0 -1
    outer loop
      vertex 11.2112 38.0841 0
      vertex 79.1437 37.1798 0
      vertex 11.2112 6.91591 0
    endloop
  endfacet
  facet normal 0 0 -1
    outer loop
      vertex 11.2112 3.08409 0
      vertex 78.5726 4.03123 0
      vertex 79.1437 2.17976 0
    endloop
  endfacet
  facet normal 0 0 -1
    outer loop
      vertex 10.3706 1.33842 0
      vertex 79.1437 2.17976 0
      vertex 80.2352 0.578876 0
    endloop
  endfacet
  facet normal 0 0 -1
    outer loop
      vertex 9.12868 0 0
      vertex 80.2352 0.578876 0
      vertex 80.9611 0 0
    endloop
  endfacet
  facet normal -0 0 -1
    outer loop
      vertex 78.5726 4.03123 0
      vertex 11.2112 3.08409 0
      vertex 11.5 5 0
    endloop
  endfacet
  facet normal -0 0 -1
    outer loop
      vertex 79.1437 2.17976 0
      vertex 10.3706 1.33842 0
      vertex 11.2112 3.08409 0
    endloop
  endfacet
  facet normal -0 0 -1
    outer loop
      vertex 80.2352 0.578876 0
      vertex 9.12868 0 0
      vertex 10.3706 1.33842 0
    endloop
  endfacet
  facet normal 0 0 -1
    outer loop
      vertex 89.0527 10.0819 0
      vertex 90 35.9391 0
      vertex 90 9.06094 0
    endloop
  endfacet
  facet normal 0 0 -1
    outer loop
      vertex 89.0527 10.0819 0
      vertex 89.0527 34.9181 0
      vertex 90 35.9391 0
    endloop
  endfacet
  facet normal 0 0 -1
    outer loop
      vertex 87.3747 11.0507 0
      vertex 89.0527 34.9181 0
      vertex 89.0527 10.0819 0
    endloop
  endfacet
  facet normal 0 0 -1
    outer loop
      vertex 87.3747 11.0507 0
      vertex 87.3747 33.9493 0
      vertex 89.0527 34.9181 0
    endloop
  endfacet
  facet normal 0 0 -1
    outer loop
      vertex 85.4857 11.4818 0
      vertex 87.3747 33.9493 0
      vertex 87.3747 11.0507 0
    endloop
  endfacet
  facet normal 0 0 -1
    outer loop
      vertex 85.4857 11.4818 0
      vertex 85.4857 33.5182 0
      vertex 87.3747 33.9493 0
    endloop
  endfacet
  facet normal 0 0 -1
    outer loop
      vertex 83.5536 11.337 0
      vertex 85.4857 33.5182 0
      vertex 85.4857 11.4818 0
    endloop
  endfacet
  facet normal 0 0 -1
    outer loop
      vertex 83.5536 11.337 0
      vertex 83.5536 33.663 0
      vertex 85.4857 33.5182 0
    endloop
  endfacet
  facet normal 0 0 -1
    outer loop
      vertex 81.75 10.6292 0
      vertex 83.5536 33.663 0
      vertex 83.5536 11.337 0
    endloop
  endfacet
  facet normal 0 0 -1
    outer loop
      vertex 81.75 10.6292 0
      vertex 81.75 34.3708 0
      vertex 83.5536 33.663 0
    endloop
  endfacet
  facet normal 0 0 -1
    outer loop
      vertex 80.2352 9.42112 0
      vertex 81.75 34.3708 0
      vertex 81.75 10.6292 0
    endloop
  endfacet
  facet normal 0 0 -1
    outer loop
      vertex 80.2352 9.42112 0
      vertex 80.2352 35.5789 0
      vertex 81.75 34.3708 0
    endloop
  endfacet
  facet normal 0 0 -1
    outer loop
      vertex 79.1437 7.82024 0
      vertex 80.2352 35.5789 0
      vertex 80.2352 9.42112 0
    endloop
  endfacet
  facet normal 0 0 -1
    outer loop
      vertex 79.1437 7.82024 0
      vertex 79.1437 37.1798 0
      vertex 80.2352 35.5789 0
    endloop
  endfacet
  facet normal 0 0 -1
    outer loop
      vertex 11.2112 6.91591 0
      vertex 79.1437 7.82024 0
      vertex 78.5726 5.96877 0
    endloop
  endfacet
  facet normal -0 0 -1
    outer loop
      vertex 79.1437 7.82024 0
      vertex 11.2112 6.91591 0
      vertex 79.1437 37.1798 0
    endloop
  endfacet
  facet normal 0 0 -1
    outer loop
      vertex 78.5726 39.0312 0
      vertex 11.5 40 0
      vertex 78.5726 40.9688 0
    endloop
  endfacet
  facet normal 0 0 -1
    outer loop
      vertex 11.2112 41.9159 0
      vertex 78.5726 40.9688 0
      vertex 11.5 40 0
    endloop
  endfacet
  facet normal 0 0 -1
    outer loop
      vertex 78.5726 40.9688 0
      vertex 11.2112 41.9159 0
      vertex 79.1437 42.8202 0
    endloop
  endfacet
  facet normal 0 0 -1
    outer loop
      vertex 10.3706 43.6616 0
      vertex 79.1437 42.8202 0
      vertex 11.2112 41.9159 0
    endloop
  endfacet
  facet normal 0 0 -1
    outer loop
      vertex 79.1437 42.8202 0
      vertex 10.3706 43.6616 0
      vertex 80.2352 44.4211 0
    endloop
  endfacet
  facet normal 0 0 -1
    outer loop
      vertex 9.12868 45 0
      vertex 80.2352 44.4211 0
      vertex 10.3706 43.6616 0
    endloop
  endfacet
  facet normal 0 0 -1
    outer loop
      vertex 80.2352 44.4211 0
      vertex 9.12868 45 0
      vertex 80.9611 45 0
    endloop
  endfacet
  facet normal 0 -1 0
    outer loop
      vertex 80.9611 0 -3
      vertex 89.1287 0 0
      vertex 80.9611 0 0
    endloop
  endfacet
  facet normal 0 -1 -0
    outer loop
      vertex 89.1287 0 0
      vertex 80.9611 0 -3
      vertex 89.1287 0 -3
    endloop
  endfacet
  facet normal 0 -1 0
    outer loop
      vertex 0.961052 0 -3
      vertex 9.12868 0 0
      vertex 0.961052 0 0
    endloop
  endfacet
  facet normal 0 -1 -0
    outer loop
      vertex 9.12868 0 0
      vertex 0.961052 0 -3
      vertex 9.12868 0 -3
    endloop
  endfacet
  facet normal 0 -1 0
    outer loop
      vertex 0.961052 0 0
      vertex 0 0 3
      vertex 0 0 0
    endloop
  endfacet
  facet normal 0 -1 0
    outer loop
      vertex 9.12868 0 0
      vertex 0 0 3
      vertex 0.961052 0 0
    endloop
  endfacet
  facet normal 0 -1 0
    outer loop
      vertex 0 0 3
      vertex 9.12868 0 0
      vertex 90 0 3
    endloop
  endfacet
  facet normal 0 -1 0
    outer loop
      vertex 80.9611 0 0
      vertex 90 0 3
      vertex 9.12868 0 0
    endloop
  endfacet
  facet normal 0 -1 0
    outer loop
      vertex 89.1287 0 0
      vertex 90 0 3
      vertex 80.9611 0 0
    endloop
  endfacet
  facet normal 0 -1 -0
    outer loop
      vertex 90 0 3
      vertex 89.1287 0 0
      vertex 90 0 0
    endloop
  endfacet
  facet normal 0 1 -0
    outer loop
      vertex 9.12868 45 -3
      vertex 0.961052 45 0
      vertex 9.12868 45 0
    endloop
  endfacet
  facet normal 0 1 0
    outer loop
      vertex 0.961052 45 0
      vertex 9.12868 45 -3
      vertex 0.961052 45 -3
    endloop
  endfacet
  facet normal 0 1 -0
    outer loop
      vertex 89.1287 45 -3
      vertex 80.9611 45 0
      vertex 89.1287 45 0
    endloop
  endfacet
  facet normal 0 1 0
    outer loop
      vertex 80.9611 45 0
      vertex 89.1287 45 -3
      vertex 80.9611 45 -3
    endloop
  endfacet
  facet normal 0 1 0
    outer loop
      vertex 89.1287 45 0
      vertex 90 45 3
      vertex 90 45 0
    endloop
  endfacet
  facet normal 0 1 0
    outer loop
      vertex 80.9611 45 0
      vertex 90 45 3
      vertex 89.1287 45 0
    endloop
  endfacet
  facet normal 0 1 0
    outer loop
      vertex 90 45 3
      vertex 80.9611 45 0
      vertex 0 45 3
    endloop
  endfacet
  facet normal 0 1 -0
    outer loop
      vertex 9.12868 45 0
      vertex 0 45 3
      vertex 80.9611 45 0
    endloop
  endfacet
  facet normal 0 1 -0
    outer loop
      vertex 0.961052 45 0
      vertex 0 45 3
      vertex 9.12868 45 0
    endloop
  endfacet
  facet normal 0 1 0
    outer loop
      vertex 0 45 3
      vertex 0.961052 45 0
      vertex 0 45 0
    endloop
  endfacet
  facet normal -1 0 0
    outer loop
      vertex 78.5726 39.0312 -3
      vertex 78.5726 40.9688 0
      vertex 78.5726 40.9688 -3
    endloop
  endfacet
  facet normal -1 -0 0
    outer loop
      vertex 78.5726 40.9688 0
      vertex 78.5726 39.0312 -3
      vertex 78.5726 39.0312 0
    endloop
  endfacet
  facet normal 0.222495 -0.974934 0
    outer loop
      vertex 85.4857 33.5182 -3
      vertex 87.3747 33.9493 0
      vertex 85.4857 33.5182 0
    endloop
  endfacet
  facet normal 0.222495 -0.974934 0
    outer loop
      vertex 87.3747 33.9493 0
      vertex 85.4857 33.5182 -3
      vertex 87.3747 33.9493 -3
    endloop
  endfacet
  facet normal 0.733074 0.680149 0
    outer loop
      vertex 90 44.0609 0
      vertex 89.1287 45 -3
      vertex 89.1287 45 0
    endloop
  endfacet
  facet normal 0.733074 0.680149 0
    outer loop
      vertex 89.1287 45 -3
      vertex 90 44.0609 0
      vertex 90 44.0609 -3
    endloop
  endfacet
  facet normal -0.826233 0.563329 0
    outer loop
      vertex 79.1437 42.8202 -3
      vertex 80.2352 44.4211 0
      vertex 80.2352 44.4211 -3
    endloop
  endfacet
  facet normal -0.826233 0.563329 0
    outer loop
      vertex 80.2352 44.4211 0
      vertex 79.1437 42.8202 -3
      vertex 79.1437 42.8202 0
    endloop
  endfacet
  facet normal -0.95557 0.294764 0
    outer loop
      vertex 78.5726 40.9688 -3
      vertex 79.1437 42.8202 0
      vertex 79.1437 42.8202 -3
    endloop
  endfacet
  facet normal -0.95557 0.294764 0
    outer loop
      vertex 79.1437 42.8202 0
      vertex 78.5726 40.9688 -3
      vertex 78.5726 40.9688 0
    endloop
  endfacet
  facet normal -0.623499 0.781824 0
    outer loop
      vertex 80.9611 45 -3
      vertex 80.2352 44.4211 0
      vertex 80.9611 45 0
    endloop
  endfacet
  facet normal -0.623499 0.781824 0
    outer loop
      vertex 80.2352 44.4211 0
      vertex 80.9611 45 -3
      vertex 80.2352 44.4211 -3
    endloop
  endfacet
  facet normal 0 0 -1
    outer loop
      vertex 90 35.9391 -3
      vertex 85.875 38.4845 -3
      vertex 86.75 40 -3
    endloop
  endfacet
  facet normal 0 0 -1
    outer loop
      vertex 85.4857 33.5182 -3
      vertex 85.875 38.4845 -3
      vertex 87.3747 33.9493 -3
    endloop
  endfacet
  facet normal 0 0 -1
    outer loop
      vertex 85.4857 33.5182 -3
      vertex 84.125 38.4845 -3
      vertex 85.875 38.4845 -3
    endloop
  endfacet
  facet normal 0 0 -1
    outer loop
      vertex 83.5536 33.663 -3
      vertex 84.125 38.4845 -3
      vertex 85.4857 33.5182 -3
    endloop
  endfacet
  facet normal 0 0 -1
    outer loop
      vertex 81.75 34.3708 -3
      vertex 84.125 38.4845 -3
      vertex 83.5536 33.663 -3
    endloop
  endfacet
  facet normal 0 0 -1
    outer loop
      vertex 80.2352 35.5789 -3
      vertex 84.125 38.4845 -3
      vertex 81.75 34.3708 -3
    endloop
  endfacet
  facet normal 0 0 -1
    outer loop
      vertex 86.75 40 -3
      vertex 90 44.0609 -3
      vertex 90 35.9391 -3
    endloop
  endfacet
  facet normal 0 0 -1
    outer loop
      vertex 85.875 38.4845 -3
      vertex 90 35.9391 -3
      vertex 89.0527 34.9181 -3
    endloop
  endfacet
  facet normal 0 0 -1
    outer loop
      vertex 85.875 38.4845 -3
      vertex 89.0527 34.9181 -3
      vertex 87.3747 33.9493 -3
    endloop
  endfacet
  facet normal 0 0 -1
    outer loop
      vertex 85.875 41.5155 -3
      vertex 90 44.0609 -3
      vertex 86.75 40 -3
    endloop
  endfacet
  facet normal -0 0 -1
    outer loop
      vertex 90 44.0609 -3
      vertex 85.875 41.5155 -3
      vertex 89.1287 45 -3
    endloop
  endfacet
  facet normal 0 0 -1
    outer loop
      vertex 80.9611 45 -3
      vertex 85.875 41.5155 -3
      vertex 84.125 41.5155 -3
    endloop
  endfacet
  facet normal 0 0 -1
    outer loop
      vertex 85.875 41.5155 -3
      vertex 80.9611 45 -3
      vertex 89.1287 45 -3
    endloop
  endfacet
  facet normal 0 0 -1
    outer loop
      vertex 79.1437 42.8202 -3
      vertex 84.125 41.5155 -3
      vertex 83.25 40 -3
    endloop
  endfacet
  facet normal 0 0 -1
    outer loop
      vertex 79.1437 37.1798 -3
      vertex 84.125 38.4845 -3
      vertex 80.2352 35.5789 -3
    endloop
  endfacet
  facet normal -0 0 -1
    outer loop
      vertex 84.125 38.4845 -3
      vertex 79.1437 37.1798 -3
      vertex 83.25 40 -3
    endloop
  endfacet
  facet normal 0 0 -1
    outer loop
      vertex 78.5726 39.0312 -3
      vertex 83.25 40 -3
      vertex 79.1437 37.1798 -3
    endloop
  endfacet
  facet normal 0 0 -1
    outer loop
      vertex 78.5726 40.9688 -3
      vertex 83.25 40 -3
      vertex 78.5726 39.0312 -3
    endloop
  endfacet
  facet normal 0 0 -1
    outer loop
      vertex 84.125 41.5155 -3
      vertex 80.2352 44.4211 -3
      vertex 80.9611 45 -3
    endloop
  endfacet
  facet normal 0 -0 -1
    outer loop
      vertex 79.1437 42.8202 -3
      vertex 83.25 40 -3
      vertex 78.5726 40.9688 -3
    endloop
  endfacet
  facet normal 0 0 -1
    outer loop
      vertex 84.125 41.5155 -3
      vertex 79.1437 42.8202 -3
      vertex 80.2352 44.4211 -3
    endloop
  endfacet
  facet normal 0.500002 -0.866024 0
    outer loop
      vertex 87.3747 33.9493 -3
      vertex 89.0527 34.9181 0
      vertex 87.3747 33.9493 0
    endloop
  endfacet
  facet normal 0.500002 -0.866024 0
    outer loop
      vertex 89.0527 34.9181 0
      vertex 87.3747 33.9493 -3
      vertex 89.0527 34.9181 -3
    endloop
  endfacet
  facet normal 0.73307 -0.680154 0
    outer loop
      vertex 89.0527 34.9181 0
      vertex 90 35.9391 -3
      vertex 90 35.9391 0
    endloop
  endfacet
  facet normal 0.73307 -0.680154 0
    outer loop
      vertex 90 35.9391 -3
      vertex 89.0527 34.9181 0
      vertex 89.0527 34.9181 -3
    endloop
  endfacet
  facet normal -0.826233 -0.563329 0
    outer loop
      vertex 80.2352 35.5789 -3
      vertex 79.1437 37.1798 0
      vertex 79.1437 37.1798 -3
    endloop
  endfacet
  facet normal -0.826233 -0.563329 0
    outer loop
      vertex 79.1437 37.1798 0
      vertex 80.2352 35.5789 -3
      vertex 80.2352 35.5789 0
    endloop
  endfacet
  facet normal -0.95557 -0.294764 0
    outer loop
      vertex 79.1437 37.1798 -3
      vertex 78.5726 39.0312 0
      vertex 78.5726 39.0312 -3
    endloop
  endfacet
  facet normal -0.95557 -0.294764 0
    outer loop
      vertex 78.5726 39.0312 0
      vertex 79.1437 37.1798 -3
      vertex 79.1437 37.1798 0
    endloop
  endfacet
  facet normal -0.0747348 -0.997203 0
    outer loop
      vertex 83.5536 33.663 -3
      vertex 85.4857 33.5182 0
      vertex 83.5536 33.663 0
    endloop
  endfacet
  facet normal -0.0747348 -0.997203 -0
    outer loop
      vertex 85.4857 33.5182 0
      vertex 83.5536 33.663 -3
      vertex 85.4857 33.5182 -3
    endloop
  endfacet
  facet normal -0.623517 -0.78181 0
    outer loop
      vertex 80.2352 35.5789 -3
      vertex 81.75 34.3708 0
      vertex 80.2352 35.5789 0
    endloop
  endfacet
  facet normal -0.623517 -0.78181 -0
    outer loop
      vertex 81.75 34.3708 0
      vertex 80.2352 35.5789 -3
      vertex 81.75 34.3708 -3
    endloop
  endfacet
  facet normal -0.365314 -0.930884 0
    outer loop
      vertex 81.75 34.3708 -3
      vertex 83.5536 33.663 0
      vertex 81.75 34.3708 0
    endloop
  endfacet
  facet normal -0.365314 -0.930884 -0
    outer loop
      vertex 83.5536 33.663 0
      vertex 81.75 34.3708 -3
      vertex 83.5536 33.663 -3
    endloop
  endfacet
  facet normal 0.988829 0.149055 0
    outer loop
      vertex 11.5 40 0
      vertex 11.2112 41.9159 -3
      vertex 11.2112 41.9159 0
    endloop
  endfacet
  facet normal 0.988829 0.149055 0
    outer loop
      vertex 11.2112 41.9159 -3
      vertex 11.5 40 0
      vertex 11.5 40 -3
    endloop
  endfacet
  facet normal 0.222499 -0.974933 0
    outer loop
      vertex 5.48575 33.5182 -3
      vertex 7.37472 33.9493 0
      vertex 5.48575 33.5182 0
    endloop
  endfacet
  facet normal 0.222499 -0.974933 0
    outer loop
      vertex 7.37472 33.9493 0
      vertex 5.48575 33.5182 -3
      vertex 7.37472 33.9493 -3
    endloop
  endfacet
  facet normal 0.900986 -0.433848 0
    outer loop
      vertex 10.3706 36.3384 0
      vertex 11.2112 38.0841 -3
      vertex 11.2112 38.0841 0
    endloop
  endfacet
  facet normal 0.900986 -0.433848 0
    outer loop
      vertex 11.2112 38.0841 -3
      vertex 10.3706 36.3384 0
      vertex 10.3706 36.3384 -3
    endloop
  endfacet
  facet normal 0.733034 0.680192 0
    outer loop
      vertex 10.3706 43.6616 0
      vertex 9.12868 45 -3
      vertex 9.12868 45 0
    endloop
  endfacet
  facet normal 0.733034 0.680192 0
    outer loop
      vertex 9.12868 45 -3
      vertex 10.3706 43.6616 0
      vertex 10.3706 43.6616 -3
    endloop
  endfacet
  facet normal 0.900986 0.433848 0
    outer loop
      vertex 11.2112 41.9159 0
      vertex 10.3706 43.6616 -3
      vertex 10.3706 43.6616 0
    endloop
  endfacet
  facet normal 0.900986 0.433848 0
    outer loop
      vertex 10.3706 43.6616 -3
      vertex 11.2112 41.9159 0
      vertex 11.2112 41.9159 -3
    endloop
  endfacet
  facet normal -0.623505 0.781819 0
    outer loop
      vertex 0.961052 45 -3
      vertex 0.235163 44.4211 0
      vertex 0.961052 45 0
    endloop
  endfacet
  facet normal -0.623505 0.781819 0
    outer loop
      vertex 0.235163 44.4211 0
      vertex 0.961052 45 -3
      vertex 0.235163 44.4211 -3
    endloop
  endfacet
  facet normal -0.826223 0.563343 0
    outer loop
      vertex 0 44.0762 -3
      vertex 0.235163 44.4211 0
      vertex 0.235163 44.4211 -3
    endloop
  endfacet
  facet normal -0.826223 0.563343 0
    outer loop
      vertex 0.235163 44.4211 0
      vertex 0 44.0762 -3
      vertex 0 44.0762 0
    endloop
  endfacet
  facet normal 0.988829 -0.149055 0
    outer loop
      vertex 11.2112 38.0841 0
      vertex 11.5 40 -3
      vertex 11.5 40 0
    endloop
  endfacet
  facet normal 0.988829 -0.149055 0
    outer loop
      vertex 11.5 40 -3
      vertex 11.2112 38.0841 0
      vertex 11.2112 38.0841 -3
    endloop
  endfacet
  facet normal -0.623508 -0.781817 0
    outer loop
      vertex 0.235163 35.5789 -3
      vertex 1.75 34.3708 0
      vertex 0.235163 35.5789 0
    endloop
  endfacet
  facet normal -0.623508 -0.781817 -0
    outer loop
      vertex 1.75 34.3708 0
      vertex 0.235163 35.5789 -3
      vertex 1.75 34.3708 -3
    endloop
  endfacet
  facet normal 0.500011 -0.866019 0
    outer loop
      vertex 7.37472 33.9493 -3
      vertex 9.05268 34.9181 0
      vertex 7.37472 33.9493 0
    endloop
  endfacet
  facet normal 0.500011 -0.866019 0
    outer loop
      vertex 9.05268 34.9181 0
      vertex 7.37472 33.9493 -3
      vertex 9.05268 34.9181 -3
    endloop
  endfacet
  facet normal 0.733033 -0.680193 0
    outer loop
      vertex 9.05268 34.9181 0
      vertex 10.3706 36.3384 -3
      vertex 10.3706 36.3384 0
    endloop
  endfacet
  facet normal 0.733033 -0.680193 0
    outer loop
      vertex 10.3706 36.3384 -3
      vertex 9.05268 34.9181 0
      vertex 9.05268 34.9181 -3
    endloop
  endfacet
  facet normal 0 0 -1
    outer loop
      vertex 10.3706 36.3384 -3
      vertex 5.875 38.4845 -3
      vertex 6.75 40 -3
    endloop
  endfacet
  facet normal 0 0 -1
    outer loop
      vertex 5.48575 33.5182 -3
      vertex 5.875 38.4845 -3
      vertex 7.37472 33.9493 -3
    endloop
  endfacet
  facet normal 0 0 -1
    outer loop
      vertex 5.48575 33.5182 -3
      vertex 4.125 38.4845 -3
      vertex 5.875 38.4845 -3
    endloop
  endfacet
  facet normal 0 0 -1
    outer loop
      vertex 3.55361 33.663 -3
      vertex 4.125 38.4845 -3
      vertex 5.48575 33.5182 -3
    endloop
  endfacet
  facet normal 0 0 -1
    outer loop
      vertex 1.75 34.3708 -3
      vertex 4.125 38.4845 -3
      vertex 3.55361 33.663 -3
    endloop
  endfacet
  facet normal 0 0 -1
    outer loop
      vertex 0.235163 35.5789 -3
      vertex 4.125 38.4845 -3
      vertex 1.75 34.3708 -3
    endloop
  endfacet
  facet normal 0 0 -1
    outer loop
      vertex 6.75 40 -3
      vertex 11.5 40 -3
      vertex 11.2112 38.0841 -3
    endloop
  endfacet
  facet normal 0 0 -1
    outer loop
      vertex 6.75 40 -3
      vertex 11.2112 38.0841 -3
      vertex 10.3706 36.3384 -3
    endloop
  endfacet
  facet normal 0 0 -1
    outer loop
      vertex 11.5 40 -3
      vertex 6.75 40 -3
      vertex 11.2112 41.9159 -3
    endloop
  endfacet
  facet normal -0 0 -1
    outer loop
      vertex 11.2112 41.9159 -3
      vertex 6.75 40 -3
      vertex 10.3706 43.6616 -3
    endloop
  endfacet
  facet normal 0 0 -1
    outer loop
      vertex 5.875 38.4845 -3
      vertex 10.3706 36.3384 -3
      vertex 9.05268 34.9181 -3
    endloop
  endfacet
  facet normal 0 0 -1
    outer loop
      vertex 5.875 38.4845 -3
      vertex 9.05268 34.9181 -3
      vertex 7.37472 33.9493 -3
    endloop
  endfacet
  facet normal 0 0 -1
    outer loop
      vertex 5.875 41.5155 -3
      vertex 10.3706 43.6616 -3
      vertex 6.75 40 -3
    endloop
  endfacet
  facet normal -0 0 -1
    outer loop
      vertex 10.3706 43.6616 -3
      vertex 5.875 41.5155 -3
      vertex 9.12868 45 -3
    endloop
  endfacet
  facet normal 0 0 -1
    outer loop
      vertex 0.961052 45 -3
      vertex 5.875 41.5155 -3
      vertex 4.125 41.5155 -3
    endloop
  endfacet
  facet normal 0 0 -1
    outer loop
      vertex 5.875 41.5155 -3
      vertex 0.961052 45 -3
      vertex 9.12868 45 -3
    endloop
  endfacet
  facet normal 0 0 -1
    outer loop
      vertex 0 44.0762 -3
      vertex 4.125 41.5155 -3
      vertex 3.25 40 -3
    endloop
  endfacet
  facet normal 0 0 -1
    outer loop
      vertex 0 35.9238 -3
      vertex 4.125 38.4845 -3
      vertex 0.235163 35.5789 -3
    endloop
  endfacet
  facet normal -0 0 -1
    outer loop
      vertex 4.125 38.4845 -3
      vertex 0 35.9238 -3
      vertex 3.25 40 -3
    endloop
  endfacet
  facet normal 0 0 -1
    outer loop
      vertex 0 44.0762 -3
      vertex 3.25 40 -3
      vertex 0 35.9238 -3
    endloop
  endfacet
  facet normal 0 0 -1
    outer loop
      vertex 4.125 41.5155 -3
      vertex 0 44.0762 -3
      vertex 0.961052 45 -3
    endloop
  endfacet
  facet normal 0 0 -1
    outer loop
      vertex 0.961052 45 -3
      vertex 0 44.0762 -3
      vertex 0.235163 44.4211 -3
    endloop
  endfacet
  facet normal -0.0747332 -0.997204 0
    outer loop
      vertex 3.55361 33.663 -3
      vertex 5.48575 33.5182 0
      vertex 3.55361 33.663 0
    endloop
  endfacet
  facet normal -0.0747332 -0.997204 -0
    outer loop
      vertex 5.48575 33.5182 0
      vertex 3.55361 33.663 -3
      vertex 5.48575 33.5182 -3
    endloop
  endfacet
  facet normal -0.826223 -0.563343 0
    outer loop
      vertex 0.235163 35.5789 -3
      vertex 0 35.9238 0
      vertex 0 35.9238 -3
    endloop
  endfacet
  facet normal -0.826223 -0.563343 0
    outer loop
      vertex 0 35.9238 0
      vertex 0.235163 35.5789 -3
      vertex 0.235163 35.5789 0
    endloop
  endfacet
  facet normal -0.365312 -0.930885 0
    outer loop
      vertex 1.75 34.3708 -3
      vertex 3.55361 33.663 0
      vertex 1.75 34.3708 0
    endloop
  endfacet
  facet normal -0.365312 -0.930885 -0
    outer loop
      vertex 3.55361 33.663 0
      vertex 1.75 34.3708 -3
      vertex 3.55361 33.663 -3
    endloop
  endfacet
  facet normal -1 0 0
    outer loop
      vertex 78.5726 4.03123 -3
      vertex 78.5726 5.96877 0
      vertex 78.5726 5.96877 -3
    endloop
  endfacet
  facet normal -1 -0 0
    outer loop
      vertex 78.5726 5.96877 0
      vertex 78.5726 4.03123 -3
      vertex 78.5726 4.03123 0
    endloop
  endfacet
  facet normal -0.0747348 0.997203 0
    outer loop
      vertex 85.4857 11.4818 -3
      vertex 83.5536 11.337 0
      vertex 85.4857 11.4818 0
    endloop
  endfacet
  facet normal -0.0747348 0.997203 0
    outer loop
      vertex 83.5536 11.337 0
      vertex 85.4857 11.4818 -3
      vertex 83.5536 11.337 -3
    endloop
  endfacet
  facet normal 0.733056 0.680168 0
    outer loop
      vertex 90 9.06094 0
      vertex 89.0527 10.0819 -3
      vertex 89.0527 10.0819 0
    endloop
  endfacet
  facet normal 0.733056 0.680168 0
    outer loop
      vertex 89.0527 10.0819 -3
      vertex 90 9.06094 0
      vertex 90 9.06094 -3
    endloop
  endfacet
  facet normal 0.500002 0.866024 -0
    outer loop
      vertex 89.0527 10.0819 -3
      vertex 87.3747 11.0507 0
      vertex 89.0527 10.0819 0
    endloop
  endfacet
  facet normal 0.500002 0.866024 0
    outer loop
      vertex 87.3747 11.0507 0
      vertex 89.0527 10.0819 -3
      vertex 87.3747 11.0507 -3
    endloop
  endfacet
  facet normal -0.82623 0.563334 0
    outer loop
      vertex 79.1437 7.82024 -3
      vertex 80.2352 9.42112 0
      vertex 80.2352 9.42112 -3
    endloop
  endfacet
  facet normal -0.82623 0.563334 0
    outer loop
      vertex 80.2352 9.42112 0
      vertex 79.1437 7.82024 -3
      vertex 79.1437 7.82024 0
    endloop
  endfacet
  facet normal -0.955573 0.294754 0
    outer loop
      vertex 78.5726 5.96877 -3
      vertex 79.1437 7.82024 0
      vertex 79.1437 7.82024 -3
    endloop
  endfacet
  facet normal -0.955573 0.294754 0
    outer loop
      vertex 79.1437 7.82024 0
      vertex 78.5726 5.96877 -3
      vertex 78.5726 5.96877 0
    endloop
  endfacet
  facet normal -0.623511 0.781815 0
    outer loop
      vertex 81.75 10.6292 -3
      vertex 80.2352 9.42112 0
      vertex 81.75 10.6292 0
    endloop
  endfacet
  facet normal -0.623511 0.781815 0
    outer loop
      vertex 80.2352 9.42112 0
      vertex 81.75 10.6292 -3
      vertex 80.2352 9.42112 -3
    endloop
  endfacet
  facet normal 0 0 -1
    outer loop
      vertex 85.875 3.48446 -3
      vertex 90 0.93906 -3
      vertex 89.1287 0 -3
    endloop
  endfacet
  facet normal 0 0 -1
    outer loop
      vertex 90 0.93906 -3
      vertex 86.75 5 -3
      vertex 90 9.06094 -3
    endloop
  endfacet
  facet normal 0 0 -1
    outer loop
      vertex 85.875 6.51554 -3
      vertex 90 9.06094 -3
      vertex 86.75 5 -3
    endloop
  endfacet
  facet normal -0 0 -1
    outer loop
      vertex 90 9.06094 -3
      vertex 85.875 6.51554 -3
      vertex 89.0527 10.0819 -3
    endloop
  endfacet
  facet normal 0 0 -1
    outer loop
      vertex 90 0.93906 -3
      vertex 85.875 3.48446 -3
      vertex 86.75 5 -3
    endloop
  endfacet
  facet normal 0 0 -1
    outer loop
      vertex 80.9611 0 -3
      vertex 85.875 3.48446 -3
      vertex 89.1287 0 -3
    endloop
  endfacet
  facet normal -0 0 -1
    outer loop
      vertex 85.875 3.48446 -3
      vertex 80.9611 0 -3
      vertex 84.125 3.48446 -3
    endloop
  endfacet
  facet normal 0 0 -1
    outer loop
      vertex 80.2352 0.578876 -3
      vertex 84.125 3.48446 -3
      vertex 80.9611 0 -3
    endloop
  endfacet
  facet normal 0 0 -1
    outer loop
      vertex 79.1437 2.17976 -3
      vertex 84.125 3.48446 -3
      vertex 80.2352 0.578876 -3
    endloop
  endfacet
  facet normal -0 0 -1
    outer loop
      vertex 84.125 3.48446 -3
      vertex 79.1437 2.17976 -3
      vertex 83.25 5 -3
    endloop
  endfacet
  facet normal 0 0 -1
    outer loop
      vertex 83.25 5 -3
      vertex 80.2352 9.42112 -3
      vertex 81.75 10.6292 -3
    endloop
  endfacet
  facet normal 0 0 -1
    outer loop
      vertex 83.25 5 -3
      vertex 79.1437 2.17976 -3
      vertex 78.5726 4.03123 -3
    endloop
  endfacet
  facet normal 0 0 -1
    outer loop
      vertex 83.25 5 -3
      vertex 79.1437 7.82024 -3
      vertex 80.2352 9.42112 -3
    endloop
  endfacet
  facet normal 0 0 -1
    outer loop
      vertex 78.5726 5.96877 -3
      vertex 83.25 5 -3
      vertex 78.5726 4.03123 -3
    endloop
  endfacet
  facet normal 0 0 -1
    outer loop
      vertex 83.25 5 -3
      vertex 78.5726 5.96877 -3
      vertex 79.1437 7.82024 -3
    endloop
  endfacet
  facet normal -0 0 -1
    outer loop
      vertex 89.0527 10.0819 -3
      vertex 85.875 6.51554 -3
      vertex 87.3747 11.0507 -3
    endloop
  endfacet
  facet normal 0 0 -1
    outer loop
      vertex 85.875 6.51554 -3
      vertex 85.4857 11.4818 -3
      vertex 87.3747 11.0507 -3
    endloop
  endfacet
  facet normal 0 0 -1
    outer loop
      vertex 84.125 6.51554 -3
      vertex 85.4857 11.4818 -3
      vertex 85.875 6.51554 -3
    endloop
  endfacet
  facet normal 0 0 -1
    outer loop
      vertex 84.125 6.51554 -3
      vertex 83.5536 11.337 -3
      vertex 85.4857 11.4818 -3
    endloop
  endfacet
  facet normal 0 0 -1
    outer loop
      vertex 81.75 10.6292 -3
      vertex 84.125 6.51554 -3
      vertex 83.25 5 -3
    endloop
  endfacet
  facet normal 0 0 -1
    outer loop
      vertex 84.125 6.51554 -3
      vertex 81.75 10.6292 -3
      vertex 83.5536 11.337 -3
    endloop
  endfacet
  facet normal 0.222495 0.974934 -0
    outer loop
      vertex 87.3747 11.0507 -3
      vertex 85.4857 11.4818 0
      vertex 87.3747 11.0507 0
    endloop
  endfacet
  facet normal 0.222495 0.974934 0
    outer loop
      vertex 85.4857 11.4818 0
      vertex 87.3747 11.0507 -3
      vertex 85.4857 11.4818 -3
    endloop
  endfacet
  facet normal -0.365314 0.930884 0
    outer loop
      vertex 83.5536 11.337 -3
      vertex 81.75 10.6292 0
      vertex 83.5536 11.337 0
    endloop
  endfacet
  facet normal -0.365314 0.930884 0
    outer loop
      vertex 81.75 10.6292 0
      vertex 83.5536 11.337 -3
      vertex 81.75 10.6292 -3
    endloop
  endfacet
  facet normal -0.955573 -0.294754 0
    outer loop
      vertex 79.1437 2.17976 -3
      vertex 78.5726 4.03123 0
      vertex 78.5726 4.03123 -3
    endloop
  endfacet
  facet normal -0.955573 -0.294754 0
    outer loop
      vertex 78.5726 4.03123 0
      vertex 79.1437 2.17976 -3
      vertex 79.1437 2.17976 0
    endloop
  endfacet
  facet normal 0.73306 -0.680164 0
    outer loop
      vertex 89.1287 0 0
      vertex 90 0.93906 -3
      vertex 90 0.93906 0
    endloop
  endfacet
  facet normal 0.73306 -0.680164 0
    outer loop
      vertex 90 0.93906 -3
      vertex 89.1287 0 0
      vertex 89.1287 0 -3
    endloop
  endfacet
  facet normal -0.82623 -0.563333 0
    outer loop
      vertex 80.2352 0.578876 -3
      vertex 79.1437 2.17976 0
      vertex 79.1437 2.17976 -3
    endloop
  endfacet
  facet normal -0.82623 -0.563333 0
    outer loop
      vertex 79.1437 2.17976 0
      vertex 80.2352 0.578876 -3
      vertex 80.2352 0.578876 0
    endloop
  endfacet
  facet normal -0.623483 -0.781837 0
    outer loop
      vertex 80.2352 0.578876 -3
      vertex 80.9611 0 0
      vertex 80.2352 0.578876 0
    endloop
  endfacet
  facet normal -0.623483 -0.781837 -0
    outer loop
      vertex 80.9611 0 0
      vertex 80.2352 0.578876 -3
      vertex 80.9611 0 -3
    endloop
  endfacet
  facet normal 0.988829 0.149054 0
    outer loop
      vertex 11.5 5 0
      vertex 11.2112 6.91591 -3
      vertex 11.2112 6.91591 0
    endloop
  endfacet
  facet normal 0.988829 0.149054 0
    outer loop
      vertex 11.2112 6.91591 -3
      vertex 11.5 5 0
      vertex 11.5 5 -3
    endloop
  endfacet
  facet normal -0.0747332 0.997204 0
    outer loop
      vertex 5.48575 11.4818 -3
      vertex 3.55361 11.337 0
      vertex 5.48575 11.4818 0
    endloop
  endfacet
  facet normal -0.0747332 0.997204 0
    outer loop
      vertex 3.55361 11.337 0
      vertex 5.48575 11.4818 -3
      vertex 3.55361 11.337 -3
    endloop
  endfacet
  facet normal 0.733038 0.680188 0
    outer loop
      vertex 10.3706 8.66158 0
      vertex 9.05268 10.0819 -3
      vertex 9.05268 10.0819 0
    endloop
  endfacet
  facet normal 0.733038 0.680188 0
    outer loop
      vertex 9.05268 10.0819 -3
      vertex 10.3706 8.66158 0
      vertex 10.3706 8.66158 -3
    endloop
  endfacet
  facet normal 0.900983 0.433854 0
    outer loop
      vertex 11.2112 6.91591 0
      vertex 10.3706 8.66158 -3
      vertex 10.3706 8.66158 0
    endloop
  endfacet
  facet normal 0.900983 0.433854 0
    outer loop
      vertex 10.3706 8.66158 -3
      vertex 11.2112 6.91591 0
      vertex 11.2112 6.91591 -3
    endloop
  endfacet
  facet normal 0.500011 0.866019 -0
    outer loop
      vertex 9.05268 10.0819 -3
      vertex 7.37472 11.0507 0
      vertex 9.05268 10.0819 0
    endloop
  endfacet
  facet normal 0.500011 0.866019 0
    outer loop
      vertex 7.37472 11.0507 0
      vertex 9.05268 10.0819 -3
      vertex 7.37472 11.0507 -3
    endloop
  endfacet
  facet normal -0.623502 0.781822 0
    outer loop
      vertex 1.75 10.6292 -3
      vertex 0.235163 9.42112 0
      vertex 1.75 10.6292 0
    endloop
  endfacet
  facet normal -0.623502 0.781822 0
    outer loop
      vertex 0.235163 9.42112 0
      vertex 1.75 10.6292 -3
      vertex 0.235163 9.42112 -3
    endloop
  endfacet
  facet normal -0.826238 0.563321 0
    outer loop
      vertex 0 9.0762 -3
      vertex 0.235163 9.42112 0
      vertex 0.235163 9.42112 -3
    endloop
  endfacet
  facet normal -0.826238 0.563321 0
    outer loop
      vertex 0.235163 9.42112 0
      vertex 0 9.0762 -3
      vertex 0 9.0762 0
    endloop
  endfacet
  facet normal -0.365312 0.930885 0
    outer loop
      vertex 3.55361 11.337 -3
      vertex 1.75 10.6292 0
      vertex 3.55361 11.337 0
    endloop
  endfacet
  facet normal -0.365312 0.930885 0
    outer loop
      vertex 1.75 10.6292 0
      vertex 3.55361 11.337 -3
      vertex 1.75 10.6292 -3
    endloop
  endfacet
  facet normal -0.623489 -0.781832 0
    outer loop
      vertex 0.235163 0.578876 -3
      vertex 0.961052 0 0
      vertex 0.235163 0.578876 0
    endloop
  endfacet
  facet normal -0.623489 -0.781832 -0
    outer loop
      vertex 0.961052 0 0
      vertex 0.235163 0.578876 -3
      vertex 0.961052 0 -3
    endloop
  endfacet
  facet normal 0.222499 0.974933 -0
    outer loop
      vertex 7.37472 11.0507 -3
      vertex 5.48575 11.4818 0
      vertex 7.37472 11.0507 0
    endloop
  endfacet
  facet normal 0.222499 0.974933 0
    outer loop
      vertex 5.48575 11.4818 0
      vertex 7.37472 11.0507 -3
      vertex 5.48575 11.4818 -3
    endloop
  endfacet
  facet normal 0.733039 -0.680187 0
    outer loop
      vertex 9.12868 0 0
      vertex 10.3706 1.33842 -3
      vertex 10.3706 1.33842 0
    endloop
  endfacet
  facet normal 0.733039 -0.680187 0
    outer loop
      vertex 10.3706 1.33842 -3
      vertex 9.12868 0 0
      vertex 9.12868 0 -3
    endloop
  endfacet
  facet normal 0.900983 -0.433854 0
    outer loop
      vertex 10.3706 1.33842 0
      vertex 11.2112 3.08409 -3
      vertex 11.2112 3.08409 0
    endloop
  endfacet
  facet normal 0.900983 -0.433854 0
    outer loop
      vertex 11.2112 3.08409 -3
      vertex 10.3706 1.33842 0
      vertex 10.3706 1.33842 -3
    endloop
  endfacet
  facet normal 0 0 -1
    outer loop
      vertex 6.75 5 -3
      vertex 11.5 5 -3
      vertex 11.2112 3.08409 -3
    endloop
  endfacet
  facet normal 0 0 -1
    outer loop
      vertex 6.75 5 -3
      vertex 11.2112 3.08409 -3
      vertex 10.3706 1.33842 -3
    endloop
  endfacet
  facet normal 0 0 -1
    outer loop
      vertex 11.5 5 -3
      vertex 6.75 5 -3
      vertex 11.2112 6.91591 -3
    endloop
  endfacet
  facet normal 0 0 -1
    outer loop
      vertex 5.875 3.48446 -3
      vertex 10.3706 1.33842 -3
      vertex 9.12868 0 -3
    endloop
  endfacet
  facet normal -0 0 -1
    outer loop
      vertex 11.2112 6.91591 -3
      vertex 6.75 5 -3
      vertex 10.3706 8.66158 -3
    endloop
  endfacet
  facet normal 0 0 -1
    outer loop
      vertex 5.875 6.51554 -3
      vertex 10.3706 8.66158 -3
      vertex 6.75 5 -3
    endloop
  endfacet
  facet normal -0 0 -1
    outer loop
      vertex 10.3706 8.66158 -3
      vertex 5.875 6.51554 -3
      vertex 9.05268 10.0819 -3
    endloop
  endfacet
  facet normal 0 0 -1
    outer loop
      vertex 10.3706 1.33842 -3
      vertex 5.875 3.48446 -3
      vertex 6.75 5 -3
    endloop
  endfacet
  facet normal 0 0 -1
    outer loop
      vertex 0.961052 0 -3
      vertex 5.875 3.48446 -3
      vertex 9.12868 0 -3
    endloop
  endfacet
  facet normal -0 0 -1
    outer loop
      vertex 5.875 3.48446 -3
      vertex 0.961052 0 -3
      vertex 4.125 3.48446 -3
    endloop
  endfacet
  facet normal 0 0 -1
    outer loop
      vertex 0 0.923797 -3
      vertex 4.125 3.48446 -3
      vertex 0.961052 0 -3
    endloop
  endfacet
  facet normal -0 0 -1
    outer loop
      vertex 4.125 3.48446 -3
      vertex 0 0.923797 -3
      vertex 3.25 5 -3
    endloop
  endfacet
  facet normal 0 0 -1
    outer loop
      vertex 0 0.923797 -3
      vertex 0.961052 0 -3
      vertex 0.235163 0.578876 -3
    endloop
  endfacet
  facet normal -0 0 -1
    outer loop
      vertex 3.25 5 -3
      vertex 0 0.923797 -3
      vertex 0 9.0762 -3
    endloop
  endfacet
  facet normal 0 -0 -1
    outer loop
      vertex 0.235163 9.42112 -3
      vertex 3.25 5 -3
      vertex 0 9.0762 -3
    endloop
  endfacet
  facet normal 0 0 -1
    outer loop
      vertex 3.25 5 -3
      vertex 0.235163 9.42112 -3
      vertex 1.75 10.6292 -3
    endloop
  endfacet
  facet normal -0 0 -1
    outer loop
      vertex 9.05268 10.0819 -3
      vertex 5.875 6.51554 -3
      vertex 7.37472 11.0507 -3
    endloop
  endfacet
  facet normal 0 0 -1
    outer loop
      vertex 5.875 6.51554 -3
      vertex 5.48575 11.4818 -3
      vertex 7.37472 11.0507 -3
    endloop
  endfacet
  facet normal 0 0 -1
    outer loop
      vertex 4.125 6.51554 -3
      vertex 5.48575 11.4818 -3
      vertex 5.875 6.51554 -3
    endloop
  endfacet
  facet normal 0 0 -1
    outer loop
      vertex 4.125 6.51554 -3
      vertex 3.55361 11.337 -3
      vertex 5.48575 11.4818 -3
    endloop
  endfacet
  facet normal 0 0 -1
    outer loop
      vertex 1.75 10.6292 -3
      vertex 4.125 6.51554 -3
      vertex 3.25 5 -3
    endloop
  endfacet
  facet normal 0 0 -1
    outer loop
      vertex 4.125 6.51554 -3
      vertex 1.75 10.6292 -3
      vertex 3.55361 11.337 -3
    endloop
  endfacet
  facet normal 0.988829 -0.149054 0
    outer loop
      vertex 11.2112 3.08409 0
      vertex 11.5 5 -3
      vertex 11.5 5 0
    endloop
  endfacet
  facet normal 0.988829 -0.149054 0
    outer loop
      vertex 11.5 5 -3
      vertex 11.2112 3.08409 0
      vertex 11.2112 3.08409 -3
    endloop
  endfacet
  facet normal -0.826239 -0.56332 0
    outer loop
      vertex 0.235163 0.578876 -3
      vertex 0 0.923797 0
      vertex 0 0.923797 -3
    endloop
  endfacet
  facet normal -0.826239 -0.56332 0
    outer loop
      vertex 0 0.923797 0
      vertex 0.235163 0.578876 -3
      vertex 0.235163 0.578876 0
    endloop
  endfacet
  facet normal -0.866019 -0.500011 0
    outer loop
      vertex 86.75 40 -3
      vertex 85.875 41.5155 3
      vertex 85.875 41.5155 -3
    endloop
  endfacet
  facet normal -0.866019 -0.500011 0
    outer loop
      vertex 85.875 41.5155 3
      vertex 86.75 40 -3
      vertex 86.75 40 3
    endloop
  endfacet
  facet normal 0 1 -0
    outer loop
      vertex 85.875 38.4845 -3
      vertex 84.125 38.4845 3
      vertex 85.875 38.4845 3
    endloop
  endfacet
  facet normal 0 1 0
    outer loop
      vertex 84.125 38.4845 3
      vertex 85.875 38.4845 -3
      vertex 84.125 38.4845 -3
    endloop
  endfacet
  facet normal 0.866019 -0.500011 0
    outer loop
      vertex 83.25 40 3
      vertex 84.125 41.5155 -3
      vertex 84.125 41.5155 3
    endloop
  endfacet
  facet normal 0.866019 -0.500011 0
    outer loop
      vertex 84.125 41.5155 -3
      vertex 83.25 40 3
      vertex 83.25 40 -3
    endloop
  endfacet
  facet normal 0 -1 0
    outer loop
      vertex 84.125 41.5155 -3
      vertex 85.875 41.5155 3
      vertex 84.125 41.5155 3
    endloop
  endfacet
  facet normal 0 -1 -0
    outer loop
      vertex 85.875 41.5155 3
      vertex 84.125 41.5155 -3
      vertex 85.875 41.5155 -3
    endloop
  endfacet
  facet normal 0.866019 0.500011 0
    outer loop
      vertex 84.125 38.4845 3
      vertex 83.25 40 -3
      vertex 83.25 40 3
    endloop
  endfacet
  facet normal 0.866019 0.500011 0
    outer loop
      vertex 83.25 40 -3
      vertex 84.125 38.4845 3
      vertex 84.125 38.4845 -3
    endloop
  endfacet
  facet normal -0.866019 0.500011 0
    outer loop
      vertex 85.875 38.4845 -3
      vertex 86.75 40 3
      vertex 86.75 40 -3
    endloop
  endfacet
  facet normal -0.866019 0.500011 0
    outer loop
      vertex 86.75 40 3
      vertex 85.875 38.4845 -3
      vertex 85.875 38.4845 3
    endloop
  endfacet
  facet normal -0.866019 -0.500011 0
    outer loop
      vertex 6.75 40 -3
      vertex 5.875 41.5155 3
      vertex 5.875 41.5155 -3
    endloop
  endfacet
  facet normal -0.866019 -0.500011 0
    outer loop
      vertex 5.875 41.5155 3
      vertex 6.75 40 -3
      vertex 6.75 40 3
    endloop
  endfacet
  facet normal 0 1 -0
    outer loop
      vertex 5.875 38.4845 -3
      vertex 4.125 38.4845 3
      vertex 5.875 38.4845 3
    endloop
  endfacet
  facet normal 0 1 0
    outer loop
      vertex 4.125 38.4845 3
      vertex 5.875 38.4845 -3
      vertex 4.125 38.4845 -3
    endloop
  endfacet
  facet normal 0.866019 -0.500011 0
    outer loop
      vertex 3.25 40 3
      vertex 4.125 41.5155 -3
      vertex 4.125 41.5155 3
    endloop
  endfacet
  facet normal 0.866019 -0.500011 0
    outer loop
      vertex 4.125 41.5155 -3
      vertex 3.25 40 3
      vertex 3.25 40 -3
    endloop
  endfacet
  facet normal 0 -1 0
    outer loop
      vertex 4.125 41.5155 -3
      vertex 5.875 41.5155 3
      vertex 4.125 41.5155 3
    endloop
  endfacet
  facet normal 0 -1 -0
    outer loop
      vertex 5.875 41.5155 3
      vertex 4.125 41.5155 -3
      vertex 5.875 41.5155 -3
    endloop
  endfacet
  facet normal 0.866019 0.500011 0
    outer loop
      vertex 4.125 38.4845 3
      vertex 3.25 40 -3
      vertex 3.25 40 3
    endloop
  endfacet
  facet normal 0.866019 0.500011 0
    outer loop
      vertex 3.25 40 -3
      vertex 4.125 38.4845 3
      vertex 4.125 38.4845 -3
    endloop
  endfacet
  facet normal -0.866019 0.500011 0
    outer loop
      vertex 5.875 38.4845 -3
      vertex 6.75 40 3
      vertex 6.75 40 -3
    endloop
  endfacet
  facet normal -0.866019 0.500011 0
    outer loop
      vertex 6.75 40 3
      vertex 5.875 38.4845 -3
      vertex 5.875 38.4845 3
    endloop
  endfacet
  facet normal -0.866025 -0.500001 0
    outer loop
      vertex 86.75 5 -3
      vertex 85.875 6.51554 3
      vertex 85.875 6.51554 -3
    endloop
  endfacet
  facet normal -0.866025 -0.500001 0
    outer loop
      vertex 85.875 6.51554 3
      vertex 86.75 5 -3
      vertex 86.75 5 3
    endloop
  endfacet
  facet normal 0 1 -0
    outer loop
      vertex 85.875 3.48446 -3
      vertex 84.125 3.48446 3
      vertex 85.875 3.48446 3
    endloop
  endfacet
  facet normal 0 1 0
    outer loop
      vertex 84.125 3.48446 3
      vertex 85.875 3.48446 -3
      vertex 84.125 3.48446 -3
    endloop
  endfacet
  facet normal 0.866025 -0.500001 0
    outer loop
      vertex 83.25 5 3
      vertex 84.125 6.51554 -3
      vertex 84.125 6.51554 3
    endloop
  endfacet
  facet normal 0.866025 -0.500001 0
    outer loop
      vertex 84.125 6.51554 -3
      vertex 83.25 5 3
      vertex 83.25 5 -3
    endloop
  endfacet
  facet normal 0 -1 0
    outer loop
      vertex 84.125 6.51554 -3
      vertex 85.875 6.51554 3
      vertex 84.125 6.51554 3
    endloop
  endfacet
  facet normal 0 -1 -0
    outer loop
      vertex 85.875 6.51554 3
      vertex 84.125 6.51554 -3
      vertex 85.875 6.51554 -3
    endloop
  endfacet
  facet normal 0.866025 0.500001 0
    outer loop
      vertex 84.125 3.48446 3
      vertex 83.25 5 -3
      vertex 83.25 5 3
    endloop
  endfacet
  facet normal 0.866025 0.500001 0
    outer loop
      vertex 83.25 5 -3
      vertex 84.125 3.48446 3
      vertex 84.125 3.48446 -3
    endloop
  endfacet
  facet normal -0.866025 0.500001 0
    outer loop
      vertex 85.875 3.48446 -3
      vertex 86.75 5 3
      vertex 86.75 5 -3
    endloop
  endfacet
  facet normal -0.866025 0.500001 0
    outer loop
      vertex 86.75 5 3
      vertex 85.875 3.48446 -3
      vertex 85.875 3.48446 3
    endloop
  endfacet
  facet normal -0.866025 -0.500001 0
    outer loop
      vertex 6.75 5 -3
      vertex 5.875 6.51554 3
      vertex 5.875 6.51554 -3
    endloop
  endfacet
  facet normal -0.866025 -0.500001 0
    outer loop
      vertex 5.875 6.51554 3
      vertex 6.75 5 -3
      vertex 6.75 5 3
    endloop
  endfacet
  facet normal 0 1 -0
    outer loop
      vertex 5.875 3.48446 -3
      vertex 4.125 3.48446 3
      vertex 5.875 3.48446 3
    endloop
  endfacet
  facet normal 0 1 0
    outer loop
      vertex 4.125 3.48446 3
      vertex 5.875 3.48446 -3
      vertex 4.125 3.48446 -3
    endloop
  endfacet
  facet normal 0.866025 -0.500001 0
    outer loop
      vertex 3.25 5 3
      vertex 4.125 6.51554 -3
      vertex 4.125 6.51554 3
    endloop
  endfacet
  facet normal 0.866025 -0.500001 0
    outer loop
      vertex 4.125 6.51554 -3
      vertex 3.25 5 3
      vertex 3.25 5 -3
    endloop
  endfacet
  facet normal 0 -1 0
    outer loop
      vertex 4.125 6.51554 -3
      vertex 5.875 6.51554 3
      vertex 4.125 6.51554 3
    endloop
  endfacet
  facet normal 0 -1 -0
    outer loop
      vertex 5.875 6.51554 3
      vertex 4.125 6.51554 -3
      vertex 5.875 6.51554 -3
    endloop
  endfacet
  facet normal 0.866025 0.500001 0
    outer loop
      vertex 4.125 3.48446 3
      vertex 3.25 5 -3
      vertex 3.25 5 3
    endloop
  endfacet
  facet normal 0.866025 0.500001 0
    outer loop
      vertex 3.25 5 -3
      vertex 4.125 3.48446 3
      vertex 4.125 3.48446 -3
    endloop
  endfacet
  facet normal -0.866025 0.500001 0
    outer loop
      vertex 5.875 3.48446 -3
      vertex 6.75 5 3
      vertex 6.75 5 -3
    endloop
  endfacet
  facet normal -0.866025 0.500001 0
    outer loop
      vertex 6.75 5 3
      vertex 5.875 3.48446 -3
      vertex 5.875 3.48446 3
    endloop
  endfacet
  facet normal 0 0 1
    outer loop
      vertex 31.9132 41.3795 1.02
      vertex 31.6687 40.816 1.02
      vertex 32.1607 40.976 1.02
    endloop
  endfacet
  facet normal 0 0 1
    outer loop
      vertex 31.4952 41.1007 1.02
      vertex 31.9132 41.3795 1.02
      vertex 31.5567 41.67 1.02
    endloop
  endfacet
  facet normal 0 0 1
    outer loop
      vertex 31.9132 41.3795 1.02
      vertex 31.4952 41.1007 1.02
      vertex 31.6687 40.816 1.02
    endloop
  endfacet
  facet normal 0 0 1
    outer loop
      vertex 31.5567 41.67 1.02
      vertex 31.2407 41.309 1.02
      vertex 31.4952 41.1007 1.02
    endloop
  endfacet
  facet normal 0 0 1
    outer loop
      vertex 31.0962 41.8455 1.02
      vertex 31.2407 41.309 1.02
      vertex 31.5567 41.67 1.02
    endloop
  endfacet
  facet normal 0 0 1
    outer loop
      vertex 31.0962 41.8455 1.02
      vertex 30.918 41.4372 1.02
      vertex 31.2407 41.309 1.02
    endloop
  endfacet
  facet normal 0 0 1
    outer loop
      vertex 30.5347 41.904 1.02
      vertex 30.918 41.4372 1.02
      vertex 31.0962 41.8455 1.02
    endloop
  endfacet
  facet normal 0 0 1
    outer loop
      vertex 30.918 41.4372 1.02
      vertex 30.5347 41.904 1.02
      vertex 30.5397 41.48 1.02
    endloop
  endfacet
  facet normal 0 0 1
    outer loop
      vertex 30.5347 41.904 1.02
      vertex 29.9742 41.3767 1.02
      vertex 30.5397 41.48 1.02
    endloop
  endfacet
  facet normal -0 0 1
    outer loop
      vertex 29.7547 41.7732 1.02
      vertex 29.9742 41.3767 1.02
      vertex 30.5347 41.904 1.02
    endloop
  endfacet
  facet normal 0 0 1
    outer loop
      vertex 29.7547 41.7732 1.02
      vertex 29.5497 41.067 1.02
      vertex 29.9742 41.3767 1.02
    endloop
  endfacet
  facet normal -0 0 1
    outer loop
      vertex 29.1647 41.381 1.02
      vertex 29.5497 41.067 1.02
      vertex 29.7547 41.7732 1.02
    endloop
  endfacet
  facet normal -0 0 1
    outer loop
      vertex 28.7935 40.7587 1.02
      vertex 29.285 40.5785 1.02
      vertex 29.1647 41.381 1.02
    endloop
  endfacet
  facet normal 0 0 1
    outer loop
      vertex 29.5497 41.067 1.02
      vertex 29.1647 41.381 1.02
      vertex 29.285 40.5785 1.02
    endloop
  endfacet
  facet normal 0 0 1
    outer loop
      vertex 31.7717 39.152 1.02
      vertex 31.911 38.5077 1.02
      vertex 32.1957 38.941 1.02
    endloop
  endfacet
  facet normal -0 0 1
    outer loop
      vertex 31.2667 38.5602 1.02
      vertex 31.911 38.5077 1.02
      vertex 31.7717 39.152 1.02
    endloop
  endfacet
  facet normal 0 0 1
    outer loop
      vertex 31.911 38.5077 1.02
      vertex 31.2667 38.5602 1.02
      vertex 31.5307 38.192 1.02
    endloop
  endfacet
  facet normal 0 0 1
    outer loop
      vertex 31.2667 38.5602 1.02
      vertex 31.0685 38 1.02
      vertex 31.5307 38.192 1.02
    endloop
  endfacet
  facet normal -0 0 1
    outer loop
      vertex 30.5617 38.363 1.02
      vertex 31.0685 38 1.02
      vertex 31.2667 38.5602 1.02
    endloop
  endfacet
  facet normal 0 0 1
    outer loop
      vertex 30.5617 38.363 1.02
      vertex 30.5377 37.936 1.02
      vertex 31.0685 38 1.02
    endloop
  endfacet
  facet normal 0 0 1
    outer loop
      vertex 29.9977 37.9965 1.02
      vertex 30.5617 38.363 1.02
      vertex 29.9985 38.471 1.02
    endloop
  endfacet
  facet normal 0 0 1
    outer loop
      vertex 30.5617 38.363 1.02
      vertex 29.9977 37.9965 1.02
      vertex 30.5377 37.936 1.02
    endloop
  endfacet
  facet normal 0 0 1
    outer loop
      vertex 29.5357 38.178 1.02
      vertex 29.9985 38.471 1.02
      vertex 29.5647 38.795 1.02
    endloop
  endfacet
  facet normal 0 0 1
    outer loop
      vertex 29.9985 38.471 1.02
      vertex 29.5357 38.178 1.02
      vertex 29.9977 37.9965 1.02
    endloop
  endfacet
  facet normal -0 0 1
    outer loop
      vertex 28.8907 38.87 1.02
      vertex 29.5647 38.795 1.02
      vertex 29.2887 39.2965 1.02
    endloop
  endfacet
  facet normal 0 0 1
    outer loop
      vertex 29.5647 38.795 1.02
      vertex 29.163 38.472 1.02
      vertex 29.5357 38.178 1.02
    endloop
  endfacet
  facet normal -0 0 1
    outer loop
      vertex 28.725 39.362 1.02
      vertex 29.2887 39.2965 1.02
      vertex 29.1967 39.937 1.02
    endloop
  endfacet
  facet normal 0 0 1
    outer loop
      vertex 28.6697 39.936 1.02
      vertex 29.285 40.5785 1.02
      vertex 28.7935 40.7587 1.02
    endloop
  endfacet
  facet normal 0 -0 1
    outer loop
      vertex 28.725 39.362 1.02
      vertex 29.1967 39.937 1.02
      vertex 28.6697 39.936 1.02
    endloop
  endfacet
  facet normal 0 0 1
    outer loop
      vertex 29.285 40.5785 1.02
      vertex 28.6697 39.936 1.02
      vertex 29.1967 39.937 1.02
    endloop
  endfacet
  facet normal 0 0 1
    outer loop
      vertex 29.2887 39.2965 1.02
      vertex 28.725 39.362 1.02
      vertex 28.8907 38.87 1.02
    endloop
  endfacet
  facet normal 0 0 1
    outer loop
      vertex 29.5647 38.795 1.02
      vertex 28.8907 38.87 1.02
      vertex 29.163 38.472 1.02
    endloop
  endfacet
  facet normal 0 0 1
    outer loop
      vertex 14.398 40.686 1.02
      vertex 14.92 40.691 1.02
      vertex 14.8315 41.1765 1.02
    endloop
  endfacet
  facet normal -0 0 1
    outer loop
      vertex 14.175 41.2395 1.02
      vertex 14.8315 41.1765 1.02
      vertex 14.566 41.539 1.02
    endloop
  endfacet
  facet normal 0 0 1
    outer loop
      vertex 14.92 40.691 1.02
      vertex 14.398 40.686 1.02
      vertex 14.8312 40.2045 1.02
    endloop
  endfacet
  facet normal 0 0 1
    outer loop
      vertex 14.1805 40.1115 1.02
      vertex 14.8312 40.2045 1.02
      vertex 14.398 40.686 1.02
    endloop
  endfacet
  facet normal 0 0 1
    outer loop
      vertex 14.8315 41.1765 1.02
      vertex 14.175 41.2395 1.02
      vertex 14.398 40.686 1.02
    endloop
  endfacet
  facet normal 0 0 1
    outer loop
      vertex 14.1402 41.7647 1.02
      vertex 14.175 41.2395 1.02
      vertex 14.566 41.539 1.02
    endloop
  endfacet
  facet normal 0 0 1
    outer loop
      vertex 13.506 41.424 1.02
      vertex 14.1402 41.7647 1.02
      vertex 13.569 41.84 1.02
    endloop
  endfacet
  facet normal 0 0 1
    outer loop
      vertex 14.1402 41.7647 1.02
      vertex 13.506 41.424 1.02
      vertex 14.175 41.2395 1.02
    endloop
  endfacet
  facet normal 0 0 1
    outer loop
      vertex 13.569 41.84 1.02
      vertex 12.476 41.424 1.02
      vertex 13.506 41.424 1.02
    endloop
  endfacet
  facet normal 0 0 1
    outer loop
      vertex 11.957 41.84 1.02
      vertex 12.476 39.92 1.02
      vertex 12.476 41.424 1.02
    endloop
  endfacet
  facet normal 0 0 1
    outer loop
      vertex 11.957 38 1.02
      vertex 12.476 39.92 1.02
      vertex 11.957 41.84 1.02
    endloop
  endfacet
  facet normal -0 0 1
    outer loop
      vertex 11.957 41.84 1.02
      vertex 12.476 41.424 1.02
      vertex 13.569 41.84 1.02
    endloop
  endfacet
  facet normal 0 0 1
    outer loop
      vertex 12.476 39.92 1.02
      vertex 11.957 38 1.02
      vertex 12.476 39.509 1.02
    endloop
  endfacet
  facet normal 0 0 1
    outer loop
      vertex 12.476 39.509 1.02
      vertex 11.957 38 1.02
      vertex 12.476 38 1.02
    endloop
  endfacet
  facet normal 0 0 1
    outer loop
      vertex 14.8312 40.2045 1.02
      vertex 14.1805 40.1115 1.02
      vertex 14.565 39.829 1.02
    endloop
  endfacet
  facet normal 0 0 1
    outer loop
      vertex 14.1805 40.1115 1.02
      vertex 14.1465 39.589 1.02
      vertex 14.565 39.829 1.02
    endloop
  endfacet
  facet normal -0 0 1
    outer loop
      vertex 13.528 39.92 1.02
      vertex 14.1465 39.589 1.02
      vertex 14.1805 40.1115 1.02
    endloop
  endfacet
  facet normal 0 0 1
    outer loop
      vertex 14.1465 39.589 1.02
      vertex 13.528 39.92 1.02
      vertex 13.601 39.509 1.02
    endloop
  endfacet
  facet normal 0 0 1
    outer loop
      vertex 12.476 39.509 1.02
      vertex 13.528 39.92 1.02
      vertex 12.476 39.92 1.02
    endloop
  endfacet
  facet normal 0 0 1
    outer loop
      vertex 13.528 39.92 1.02
      vertex 12.476 39.509 1.02
      vertex 13.601 39.509 1.02
    endloop
  endfacet
  facet normal -0 0 1
    outer loop
      vertex 47.6749 41.584 1.02
      vertex 48.0019 40.944 1.02
      vertex 48.0019 41.584 1.02
    endloop
  endfacet
  facet normal 0 0 1
    outer loop
      vertex 48.0019 40.944 1.02
      vertex 47.5309 40.944 1.02
      vertex 48.0019 40.588 1.02
    endloop
  endfacet
  facet normal 0 0 1
    outer loop
      vertex 48.0019 40.944 1.02
      vertex 47.6749 41.584 1.02
      vertex 47.5309 40.944 1.02
    endloop
  endfacet
  facet normal -0 0 1
    outer loop
      vertex 48.0019 40.944 1.02
      vertex 48.5449 40.588 1.02
      vertex 48.5449 40.944 1.02
    endloop
  endfacet
  facet normal 0 0 1
    outer loop
      vertex 48.5449 40.588 1.02
      vertex 48.0019 40.944 1.02
      vertex 48.0019 40.588 1.02
    endloop
  endfacet
  facet normal -0 0 1
    outer loop
      vertex 48.4309 38.3345 1.02
      vertex 48.5939 38.001 1.02
      vertex 48.5939 38.363 1.02
    endloop
  endfacet
  facet normal 0 0 1
    outer loop
      vertex 48.4309 38.3345 1.02
      vertex 48.3491 37.9523 1.02
      vertex 48.5939 38.001 1.02
    endloop
  endfacet
  facet normal -0 0 1
    outer loop
      vertex 48.3119 38.325 1.02
      vertex 48.3491 37.9523 1.02
      vertex 48.4309 38.3345 1.02
    endloop
  endfacet
  facet normal 0 0 1
    outer loop
      vertex 48.0989 37.936 1.02
      vertex 48.3119 38.325 1.02
      vertex 48.1656 38.3465 1.02
    endloop
  endfacet
  facet normal 0 0 1
    outer loop
      vertex 48.3119 38.325 1.02
      vertex 48.0989 37.936 1.02
      vertex 48.3491 37.9523 1.02
    endloop
  endfacet
  facet normal 0 0 1
    outer loop
      vertex 48.0709 38.411 1.02
      vertex 48.0989 37.936 1.02
      vertex 48.1656 38.3465 1.02
    endloop
  endfacet
  facet normal 0 0 1
    outer loop
      vertex 47.6586 38.104 1.02
      vertex 48.0709 38.411 1.02
      vertex 48.0191 38.5297 1.02
    endloop
  endfacet
  facet normal 0 0 1
    outer loop
      vertex 48.0019 40.588 1.02
      vertex 47.5119 40.588 1.02
      vertex 48.0019 38.712 1.02
    endloop
  endfacet
  facet normal 0 0 1
    outer loop
      vertex 48.0709 38.411 1.02
      vertex 47.6586 38.104 1.02
      vertex 48.0989 37.936 1.02
    endloop
  endfacet
  facet normal 0 0 1
    outer loop
      vertex 47.5119 38.608 1.02
      vertex 48.0019 38.712 1.02
      vertex 47.5119 40.588 1.02
    endloop
  endfacet
  facet normal 0 0 1
    outer loop
      vertex 48.0019 40.588 1.02
      vertex 47.5309 40.944 1.02
      vertex 47.5119 40.588 1.02
    endloop
  endfacet
  facet normal 0 0 1
    outer loop
      vertex 48.0019 38.712 1.02
      vertex 47.5119 38.608 1.02
      vertex 48.0191 38.5297 1.02
    endloop
  endfacet
  facet normal 0 0 1
    outer loop
      vertex 48.0191 38.5297 1.02
      vertex 47.5119 38.608 1.02
      vertex 47.6586 38.104 1.02
    endloop
  endfacet
  facet normal -0 0 1
    outer loop
      vertex 47.1719 40.944 1.02
      vertex 47.5119 40.588 1.02
      vertex 47.5309 40.944 1.02
    endloop
  endfacet
  facet normal 0 0 1
    outer loop
      vertex 47.5119 40.588 1.02
      vertex 47.1719 40.944 1.02
      vertex 47.1719 40.588 1.02
    endloop
  endfacet
  facet normal 0 0 1
    outer loop
      vertex 36.1763 40.448 1.02
      vertex 35.7043 40.7297 1.02
      vertex 35.7083 40.315 1.02
    endloop
  endfacet
  facet normal 0 0 1
    outer loop
      vertex 36.157 40.9195 1.02
      vertex 35.6923 40.944 1.02
      vertex 35.7043 40.7297 1.02
    endloop
  endfacet
  facet normal 0 0 1
    outer loop
      vertex 38.0573 39.968 1.02
      vertex 37.551 40.133 1.02
      vertex 37.5653 39.873 1.02
    endloop
  endfacet
  facet normal 0 0 1
    outer loop
      vertex 37.4343 40.4655 1.02
      vertex 37.8323 40.766 1.02
      vertex 37.5435 40.9475 1.02
    endloop
  endfacet
  facet normal 0 0 1
    outer loop
      vertex 38.001 40.446 1.02
      vertex 37.5083 40.327 1.02
      vertex 37.551 40.133 1.02
    endloop
  endfacet
  facet normal 0 0 1
    outer loop
      vertex 37.8323 40.766 1.02
      vertex 37.4343 40.4655 1.02
      vertex 37.5083 40.327 1.02
    endloop
  endfacet
  facet normal 0 0 1
    outer loop
      vertex 37.5435 40.9475 1.02
      vertex 37.3263 40.559 1.02
      vertex 37.4343 40.4655 1.02
    endloop
  endfacet
  facet normal 0 0 1
    outer loop
      vertex 37.5435 40.9475 1.02
      vertex 37.172 40.6122 1.02
      vertex 37.3263 40.559 1.02
    endloop
  endfacet
  facet normal 0 0 1
    outer loop
      vertex 37.1253 41.008 1.02
      vertex 37.172 40.6122 1.02
      vertex 37.5435 40.9475 1.02
    endloop
  endfacet
  facet normal 0 0 1
    outer loop
      vertex 37.1253 41.008 1.02
      vertex 36.9593 40.63 1.02
      vertex 37.172 40.6122 1.02
    endloop
  endfacet
  facet normal -0 0 1
    outer loop
      vertex 36.823 40.9762 1.02
      vertex 36.9593 40.63 1.02
      vertex 37.1253 41.008 1.02
    endloop
  endfacet
  facet normal 0 0 1
    outer loop
      vertex 36.823 40.9762 1.02
      vertex 36.6428 40.5692 1.02
      vertex 36.9593 40.63 1.02
    endloop
  endfacet
  facet normal -0 0 1
    outer loop
      vertex 36.5743 40.881 1.02
      vertex 36.6428 40.5692 1.02
      vertex 36.823 40.9762 1.02
    endloop
  endfacet
  facet normal -0 0 1
    outer loop
      vertex 36.3663 40.7092 1.02
      vertex 36.6428 40.5692 1.02
      vertex 36.5743 40.881 1.02
    endloop
  endfacet
  facet normal 0 0 1
    outer loop
      vertex 36.6428 40.5692 1.02
      vertex 36.3663 40.7092 1.02
      vertex 36.4013 40.387 1.02
    endloop
  endfacet
  facet normal -0 0 1
    outer loop
      vertex 36.1843 40.448 1.02
      vertex 36.4013 40.387 1.02
      vertex 36.3663 40.7092 1.02
    endloop
  endfacet
  facet normal 0 0 1
    outer loop
      vertex 36.4013 40.387 1.02
      vertex 36.1843 40.448 1.02
      vertex 36.2483 40.0967 1.02
    endloop
  endfacet
  facet normal -0 0 1
    outer loop
      vertex 36.1763 40.448 1.02
      vertex 36.2483 40.0967 1.02
      vertex 36.1843 40.448 1.02
    endloop
  endfacet
  facet normal -0 0 1
    outer loop
      vertex 35.7083 40.315 1.02
      vertex 36.2483 40.0967 1.02
      vertex 36.1763 40.448 1.02
    endloop
  endfacet
  facet normal 0 0 1
    outer loop
      vertex 36.2483 40.0967 1.02
      vertex 35.7083 40.315 1.02
      vertex 36.1973 39.712 1.02
    endloop
  endfacet
  facet normal 0 0 1
    outer loop
      vertex 35.7043 40.7297 1.02
      vertex 36.1763 40.448 1.02
      vertex 36.1713 40.626 1.02
    endloop
  endfacet
  facet normal -0 0 1
    outer loop
      vertex 35.7043 40.7297 1.02
      vertex 36.1713 40.626 1.02
      vertex 36.1663 40.736 1.02
    endloop
  endfacet
  facet normal 0 0 1
    outer loop
      vertex 35.7043 40.7297 1.02
      vertex 36.1663 40.736 1.02
      vertex 36.1593 40.872 1.02
    endloop
  endfacet
  facet normal 0 0 1
    outer loop
      vertex 35.7043 40.7297 1.02
      vertex 36.1593 40.872 1.02
      vertex 36.157 40.9195 1.02
    endloop
  endfacet
  facet normal -0 0 1
    outer loop
      vertex 35.6923 40.944 1.02
      vertex 36.157 40.9195 1.02
      vertex 36.1543 40.944 1.02
    endloop
  endfacet
  facet normal 0 0 1
    outer loop
      vertex 35.7083 38 1.02
      vertex 36.1973 39.712 1.02
      vertex 35.7083 40.315 1.02
    endloop
  endfacet
  facet normal 0 0 1
    outer loop
      vertex 36.1973 39.712 1.02
      vertex 35.7083 38 1.02
      vertex 36.1973 38 1.02
    endloop
  endfacet
  facet normal -0 0 1
    outer loop
      vertex 37.551 40.133 1.02
      vertex 38.0573 39.968 1.02
      vertex 38.001 40.446 1.02
    endloop
  endfacet
  facet normal 0 0 1
    outer loop
      vertex 37.5083 40.327 1.02
      vertex 38.001 40.446 1.02
      vertex 37.8323 40.766 1.02
    endloop
  endfacet
  facet normal 0 0 1
    outer loop
      vertex 38.0573 39.968 1.02
      vertex 37.5653 39.873 1.02
      vertex 38.0573 38 1.02
    endloop
  endfacet
  facet normal 0 0 1
    outer loop
      vertex 38.0573 38 1.02
      vertex 37.5653 39.873 1.02
      vertex 37.5653 38 1.02
    endloop
  endfacet
  facet normal -0 0 1
    outer loop
      vertex 17.4229 40.005 1.02
      vertex 17.9821 39.475 1.02
      vertex 17.9026 40.1577 1.02
    endloop
  endfacet
  facet normal -0 0 1
    outer loop
      vertex 17.2871 40.367 1.02
      vertex 17.9026 40.1577 1.02
      vertex 17.6641 40.634 1.02
    endloop
  endfacet
  facet normal 0 0 1
    outer loop
      vertex 17.4209 38.949 1.02
      vertex 17.9821 39.475 1.02
      vertex 17.4681 39.475 1.02
    endloop
  endfacet
  facet normal 0 0 1
    outer loop
      vertex 17.9821 39.475 1.02
      vertex 17.4209 38.949 1.02
      vertex 17.8971 38.7962 1.02
    endloop
  endfacet
  facet normal 0 0 1
    outer loop
      vertex 17.9821 39.475 1.02
      vertex 17.4229 40.005 1.02
      vertex 17.4681 39.475 1.02
    endloop
  endfacet
  facet normal 0 0 1
    outer loop
      vertex 17.9026 40.1577 1.02
      vertex 17.2871 40.367 1.02
      vertex 17.4229 40.005 1.02
    endloop
  endfacet
  facet normal 0 0 1
    outer loop
      vertex 17.2571 40.9145 1.02
      vertex 17.2871 40.367 1.02
      vertex 17.6641 40.634 1.02
    endloop
  endfacet
  facet normal 0 0 1
    outer loop
      vertex 17.2571 40.9145 1.02
      vertex 17.0449 40.5762 1.02
      vertex 17.2871 40.367 1.02
    endloop
  endfacet
  facet normal 0 0 1
    outer loop
      vertex 16.6721 41.008 1.02
      vertex 17.0449 40.5762 1.02
      vertex 17.2571 40.9145 1.02
    endloop
  endfacet
  facet normal 0 0 1
    outer loop
      vertex 17.0449 40.5762 1.02
      vertex 16.6721 41.008 1.02
      vertex 16.6801 40.646 1.02
    endloop
  endfacet
  facet normal 0 0 1
    outer loop
      vertex 16.6721 41.008 1.02
      vertex 16.3096 40.575 1.02
      vertex 16.6801 40.646 1.02
    endloop
  endfacet
  facet normal -0 0 1
    outer loop
      vertex 15.6829 40.6247 1.02
      vertex 16.3096 40.575 1.02
      vertex 16.6721 41.008 1.02
    endloop
  endfacet
  facet normal 0 0 1
    outer loop
      vertex 15.3531 39.475 1.02
      vertex 15.9149 39.9982 1.02
      vertex 15.6829 40.6247 1.02
    endloop
  endfacet
  facet normal 0 0 1
    outer loop
      vertex 16.0581 40.362 1.02
      vertex 15.6829 40.6247 1.02
      vertex 15.9149 39.9982 1.02
    endloop
  endfacet
  facet normal 0 0 1
    outer loop
      vertex 16.3096 40.575 1.02
      vertex 15.6829 40.6247 1.02
      vertex 16.0581 40.362 1.02
    endloop
  endfacet
  facet normal 0 0 1
    outer loop
      vertex 17.2791 38.583 1.02
      vertex 17.8971 38.7962 1.02
      vertex 17.4209 38.949 1.02
    endloop
  endfacet
  facet normal 0 0 1
    outer loop
      vertex 17.8971 38.7962 1.02
      vertex 17.2791 38.583 1.02
      vertex 17.6421 38.316 1.02
    endloop
  endfacet
  facet normal 0 0 1
    outer loop
      vertex 17.2791 38.583 1.02
      vertex 17.2254 38.031 1.02
      vertex 17.6421 38.316 1.02
    endloop
  endfacet
  facet normal -0 0 1
    outer loop
      vertex 17.0274 38.3692 1.02
      vertex 17.2254 38.031 1.02
      vertex 17.2791 38.583 1.02
    endloop
  endfacet
  facet normal 0 0 1
    outer loop
      vertex 17.0274 38.3692 1.02
      vertex 16.6551 37.936 1.02
      vertex 17.2254 38.031 1.02
    endloop
  endfacet
  facet normal -0 0 1
    outer loop
      vertex 16.6501 38.298 1.02
      vertex 16.6551 37.936 1.02
      vertex 17.0274 38.3692 1.02
    endloop
  endfacet
  facet normal 0 0 1
    outer loop
      vertex 16.2991 38.3717 1.02
      vertex 16.6551 37.936 1.02
      vertex 16.6501 38.298 1.02
    endloop
  endfacet
  facet normal 0 0 1
    outer loop
      vertex 16.2991 38.3717 1.02
      vertex 16.0899 38.0347 1.02
      vertex 16.6551 37.936 1.02
    endloop
  endfacet
  facet normal 0 0 1
    outer loop
      vertex 16.0561 38.593 1.02
      vertex 16.0899 38.0347 1.02
      vertex 16.2991 38.3717 1.02
    endloop
  endfacet
  facet normal -0 0 1
    outer loop
      vertex 15.4354 38.815 1.02
      vertex 16.0561 38.593 1.02
      vertex 15.9144 38.961 1.02
    endloop
  endfacet
  facet normal 0 0 1
    outer loop
      vertex 15.9149 39.9982 1.02
      vertex 15.3531 39.475 1.02
      vertex 15.8671 39.475 1.02
    endloop
  endfacet
  facet normal 0 0 1
    outer loop
      vertex 16.0561 38.593 1.02
      vertex 15.6821 38.331 1.02
      vertex 16.0899 38.0347 1.02
    endloop
  endfacet
  facet normal 0 0 1
    outer loop
      vertex 15.8671 39.475 1.02
      vertex 15.3531 39.475 1.02
      vertex 15.9144 38.961 1.02
    endloop
  endfacet
  facet normal 0 -0 1
    outer loop
      vertex 15.4354 38.815 1.02
      vertex 15.9144 38.961 1.02
      vertex 15.3531 39.475 1.02
    endloop
  endfacet
  facet normal 0 0 1
    outer loop
      vertex 16.0561 38.593 1.02
      vertex 15.4354 38.815 1.02
      vertex 15.6821 38.331 1.02
    endloop
  endfacet
  facet normal 0 0 1
    outer loop
      vertex 24.9037 39.419 1.02
      vertex 24.3189 40.142 1.02
      vertex 24.3987 39.728 1.02
    endloop
  endfacet
  facet normal 0 0 1
    outer loop
      vertex 24.5797 40.6107 1.02
      vertex 24.1617 40.426 1.02
      vertex 24.3189 40.142 1.02
    endloop
  endfacet
  facet normal 0 0 1
    outer loop
      vertex 24.5797 40.6107 1.02
      vertex 23.9237 40.591 1.02
      vertex 24.1617 40.426 1.02
    endloop
  endfacet
  facet normal 0 0 1
    outer loop
      vertex 23.6077 41.008 1.02
      vertex 23.9237 40.591 1.02
      vertex 24.5797 40.6107 1.02
    endloop
  endfacet
  facet normal 0 0 1
    outer loop
      vertex 23.6077 41.008 1.02
      vertex 23.5997 40.646 1.02
      vertex 23.9237 40.591 1.02
    endloop
  endfacet
  facet normal 0 0 1
    outer loop
      vertex 23.6077 41.008 1.02
      vertex 23.2799 40.5847 1.02
      vertex 23.5997 40.646 1.02
    endloop
  endfacet
  facet normal -0 0 1
    outer loop
      vertex 23.0469 40.91 1.02
      vertex 23.2799 40.5847 1.02
      vertex 23.6077 41.008 1.02
    endloop
  endfacet
  facet normal 0 0 1
    outer loop
      vertex 23.0469 40.91 1.02
      vertex 23.0347 40.401 1.02
      vertex 23.2799 40.5847 1.02
    endloop
  endfacet
  facet normal -0 0 1
    outer loop
      vertex 22.6327 40.616 1.02
      vertex 23.0347 40.401 1.02
      vertex 23.0469 40.91 1.02
    endloop
  endfacet
  facet normal 0 0 1
    outer loop
      vertex 22.8747 40.1102 1.02
      vertex 22.3769 40.1392 1.02
      vertex 22.8107 39.728 1.02
    endloop
  endfacet
  facet normal -0 0 1
    outer loop
      vertex 22.3769 40.1392 1.02
      vertex 22.8747 40.1102 1.02
      vertex 22.6327 40.616 1.02
    endloop
  endfacet
  facet normal 0 0 1
    outer loop
      vertex 23.0347 40.401 1.02
      vertex 22.6327 40.616 1.02
      vertex 22.8747 40.1102 1.02
    endloop
  endfacet
  facet normal -0 0 1
    outer loop
      vertex 24.3189 40.142 1.02
      vertex 24.9037 39.419 1.02
      vertex 24.5797 40.6107 1.02
    endloop
  endfacet
  facet normal 0 0 1
    outer loop
      vertex 24.9037 39.419 1.02
      vertex 24.3987 39.728 1.02
      vertex 24.9037 39.353 1.02
    endloop
  endfacet
  facet normal 0 0 1
    outer loop
      vertex 22.8047 39.353 1.02
      vertex 24.3987 39.728 1.02
      vertex 22.8107 39.728 1.02
    endloop
  endfacet
  facet normal 0 0 1
    outer loop
      vertex 24.3987 39.728 1.02
      vertex 22.8047 39.353 1.02
      vertex 24.9037 39.353 1.02
    endloop
  endfacet
  facet normal 0 0 1
    outer loop
      vertex 24.2967 38.5835 1.02
      vertex 24.8247 38.644 1.02
      vertex 24.3957 38.768 1.02
    endloop
  endfacet
  facet normal 0 0 1
    outer loop
      vertex 24.8247 38.644 1.02
      vertex 24.2967 38.5835 1.02
      vertex 24.3929 38.113 1.02
    endloop
  endfacet
  facet normal -0 0 1
    outer loop
      vertex 24.1357 38.434 1.02
      vertex 24.3929 38.113 1.02
      vertex 24.2967 38.5835 1.02
    endloop
  endfacet
  facet normal -0 0 1
    outer loop
      vertex 23.9127 38.3357 1.02
      vertex 24.3929 38.113 1.02
      vertex 24.1357 38.434 1.02
    endloop
  endfacet
  facet normal 0 0 1
    outer loop
      vertex 23.6257 37.936 1.02
      vertex 23.9127 38.3357 1.02
      vertex 23.6257 38.303 1.02
    endloop
  endfacet
  facet normal 0 0 1
    outer loop
      vertex 23.9127 38.3357 1.02
      vertex 23.6257 37.936 1.02
      vertex 24.3929 38.113 1.02
    endloop
  endfacet
  facet normal 0 0 1
    outer loop
      vertex 23.2717 38.3712 1.02
      vertex 23.6257 37.936 1.02
      vertex 23.6257 38.303 1.02
    endloop
  endfacet
  facet normal 0 0 1
    outer loop
      vertex 23.2717 38.3712 1.02
      vertex 23.0514 38.0337 1.02
      vertex 23.6257 37.936 1.02
    endloop
  endfacet
  facet normal 0 0 1
    outer loop
      vertex 23.0137 38.576 1.02
      vertex 23.0514 38.0337 1.02
      vertex 23.2717 38.3712 1.02
    endloop
  endfacet
  facet normal 0 0 1
    outer loop
      vertex 22.6327 38.327 1.02
      vertex 23.0137 38.576 1.02
      vertex 22.8569 38.9072 1.02
    endloop
  endfacet
  facet normal 0 0 1
    outer loop
      vertex 22.2917 39.491 1.02
      vertex 22.8107 39.728 1.02
      vertex 22.3769 40.1392 1.02
    endloop
  endfacet
  facet normal 0 0 1
    outer loop
      vertex 23.0137 38.576 1.02
      vertex 22.6327 38.327 1.02
      vertex 23.0514 38.0337 1.02
    endloop
  endfacet
  facet normal 0 0 1
    outer loop
      vertex 22.8107 39.728 1.02
      vertex 22.2917 39.491 1.02
      vertex 22.8047 39.353 1.02
    endloop
  endfacet
  facet normal 0 -0 1
    outer loop
      vertex 22.3769 38.814 1.02
      vertex 22.8047 39.353 1.02
      vertex 22.2917 39.491 1.02
    endloop
  endfacet
  facet normal 0 0 1
    outer loop
      vertex 22.8047 39.353 1.02
      vertex 22.3769 38.814 1.02
      vertex 22.8569 38.9072 1.02
    endloop
  endfacet
  facet normal 0 0 1
    outer loop
      vertex 22.8569 38.9072 1.02
      vertex 22.3769 38.814 1.02
      vertex 22.6327 38.327 1.02
    endloop
  endfacet
  facet normal 0 0 1
    outer loop
      vertex 39.1938 40.448 1.02
      vertex 38.7218 40.7297 1.02
      vertex 38.7258 40.315 1.02
    endloop
  endfacet
  facet normal 0 0 1
    outer loop
      vertex 39.1746 40.9195 1.02
      vertex 38.7098 40.944 1.02
      vertex 38.7218 40.7297 1.02
    endloop
  endfacet
  facet normal 0 0 1
    outer loop
      vertex 41.0748 39.968 1.02
      vertex 40.5686 40.133 1.02
      vertex 40.5828 39.873 1.02
    endloop
  endfacet
  facet normal 0 0 1
    outer loop
      vertex 40.4518 40.4655 1.02
      vertex 40.8498 40.766 1.02
      vertex 40.5611 40.9475 1.02
    endloop
  endfacet
  facet normal 0 0 1
    outer loop
      vertex 41.0186 40.446 1.02
      vertex 40.5258 40.327 1.02
      vertex 40.5686 40.133 1.02
    endloop
  endfacet
  facet normal 0 0 1
    outer loop
      vertex 40.8498 40.766 1.02
      vertex 40.4518 40.4655 1.02
      vertex 40.5258 40.327 1.02
    endloop
  endfacet
  facet normal 0 0 1
    outer loop
      vertex 40.5611 40.9475 1.02
      vertex 40.3438 40.559 1.02
      vertex 40.4518 40.4655 1.02
    endloop
  endfacet
  facet normal 0 0 1
    outer loop
      vertex 40.5611 40.9475 1.02
      vertex 40.1896 40.6122 1.02
      vertex 40.3438 40.559 1.02
    endloop
  endfacet
  facet normal 0 0 1
    outer loop
      vertex 40.1428 41.008 1.02
      vertex 40.1896 40.6122 1.02
      vertex 40.5611 40.9475 1.02
    endloop
  endfacet
  facet normal 0 0 1
    outer loop
      vertex 40.1428 41.008 1.02
      vertex 39.9768 40.63 1.02
      vertex 40.1896 40.6122 1.02
    endloop
  endfacet
  facet normal -0 0 1
    outer loop
      vertex 39.8406 40.9762 1.02
      vertex 39.9768 40.63 1.02
      vertex 40.1428 41.008 1.02
    endloop
  endfacet
  facet normal 0 0 1
    outer loop
      vertex 39.8406 40.9762 1.02
      vertex 39.6603 40.5692 1.02
      vertex 39.9768 40.63 1.02
    endloop
  endfacet
  facet normal -0 0 1
    outer loop
      vertex 39.5918 40.881 1.02
      vertex 39.6603 40.5692 1.02
      vertex 39.8406 40.9762 1.02
    endloop
  endfacet
  facet normal -0 0 1
    outer loop
      vertex 39.3838 40.7092 1.02
      vertex 39.6603 40.5692 1.02
      vertex 39.5918 40.881 1.02
    endloop
  endfacet
  facet normal 0 0 1
    outer loop
      vertex 39.6603 40.5692 1.02
      vertex 39.3838 40.7092 1.02
      vertex 39.4188 40.387 1.02
    endloop
  endfacet
  facet normal -0 0 1
    outer loop
      vertex 39.2018 40.448 1.02
      vertex 39.4188 40.387 1.02
      vertex 39.3838 40.7092 1.02
    endloop
  endfacet
  facet normal 0 0 1
    outer loop
      vertex 39.4188 40.387 1.02
      vertex 39.2018 40.448 1.02
      vertex 39.2658 40.0967 1.02
    endloop
  endfacet
  facet normal -0 0 1
    outer loop
      vertex 39.1938 40.448 1.02
      vertex 39.2658 40.0967 1.02
      vertex 39.2018 40.448 1.02
    endloop
  endfacet
  facet normal -0 0 1
    outer loop
      vertex 38.7258 40.315 1.02
      vertex 39.2658 40.0967 1.02
      vertex 39.1938 40.448 1.02
    endloop
  endfacet
  facet normal 0 0 1
    outer loop
      vertex 39.2658 40.0967 1.02
      vertex 38.7258 40.315 1.02
      vertex 39.2148 39.712 1.02
    endloop
  endfacet
  facet normal 0 0 1
    outer loop
      vertex 38.7218 40.7297 1.02
      vertex 39.1938 40.448 1.02
      vertex 39.1888 40.626 1.02
    endloop
  endfacet
  facet normal -0 0 1
    outer loop
      vertex 38.7218 40.7297 1.02
      vertex 39.1888 40.626 1.02
      vertex 39.1838 40.736 1.02
    endloop
  endfacet
  facet normal 0 0 1
    outer loop
      vertex 38.7218 40.7297 1.02
      vertex 39.1838 40.736 1.02
      vertex 39.1768 40.872 1.02
    endloop
  endfacet
  facet normal 0 0 1
    outer loop
      vertex 38.7218 40.7297 1.02
      vertex 39.1768 40.872 1.02
      vertex 39.1746 40.9195 1.02
    endloop
  endfacet
  facet normal -0 0 1
    outer loop
      vertex 38.7098 40.944 1.02
      vertex 39.1746 40.9195 1.02
      vertex 39.1718 40.944 1.02
    endloop
  endfacet
  facet normal 0 0 1
    outer loop
      vertex 38.7258 38 1.02
      vertex 39.2148 39.712 1.02
      vertex 38.7258 40.315 1.02
    endloop
  endfacet
  facet normal 0 0 1
    outer loop
      vertex 39.2148 39.712 1.02
      vertex 38.7258 38 1.02
      vertex 39.2148 38 1.02
    endloop
  endfacet
  facet normal -0 0 1
    outer loop
      vertex 40.5686 40.133 1.02
      vertex 41.0748 39.968 1.02
      vertex 41.0186 40.446 1.02
    endloop
  endfacet
  facet normal 0 0 1
    outer loop
      vertex 40.5258 40.327 1.02
      vertex 41.0186 40.446 1.02
      vertex 40.8498 40.766 1.02
    endloop
  endfacet
  facet normal 0 0 1
    outer loop
      vertex 41.0748 39.968 1.02
      vertex 40.5828 39.873 1.02
      vertex 41.0748 38 1.02
    endloop
  endfacet
  facet normal 0 0 1
    outer loop
      vertex 41.0748 38 1.02
      vertex 40.5828 39.873 1.02
      vertex 40.5828 38 1.02
    endloop
  endfacet
  facet normal -0 0 1
    outer loop
      vertex 34.6084 40.005 1.02
      vertex 35.1677 39.475 1.02
      vertex 35.0882 40.1577 1.02
    endloop
  endfacet
  facet normal -0 0 1
    outer loop
      vertex 34.4727 40.367 1.02
      vertex 35.0882 40.1577 1.02
      vertex 34.8497 40.634 1.02
    endloop
  endfacet
  facet normal 0 0 1
    outer loop
      vertex 34.6064 38.949 1.02
      vertex 35.1677 39.475 1.02
      vertex 34.6537 39.475 1.02
    endloop
  endfacet
  facet normal 0 0 1
    outer loop
      vertex 35.1677 39.475 1.02
      vertex 34.6064 38.949 1.02
      vertex 35.0827 38.7962 1.02
    endloop
  endfacet
  facet normal 0 0 1
    outer loop
      vertex 35.1677 39.475 1.02
      vertex 34.6084 40.005 1.02
      vertex 34.6537 39.475 1.02
    endloop
  endfacet
  facet normal 0 0 1
    outer loop
      vertex 35.0882 40.1577 1.02
      vertex 34.4727 40.367 1.02
      vertex 34.6084 40.005 1.02
    endloop
  endfacet
  facet normal 0 0 1
    outer loop
      vertex 34.4427 40.9145 1.02
      vertex 34.4727 40.367 1.02
      vertex 34.8497 40.634 1.02
    endloop
  endfacet
  facet normal 0 0 1
    outer loop
      vertex 34.4427 40.9145 1.02
      vertex 34.2304 40.5762 1.02
      vertex 34.4727 40.367 1.02
    endloop
  endfacet
  facet normal 0 0 1
    outer loop
      vertex 33.8577 41.008 1.02
      vertex 34.2304 40.5762 1.02
      vertex 34.4427 40.9145 1.02
    endloop
  endfacet
  facet normal 0 0 1
    outer loop
      vertex 34.2304 40.5762 1.02
      vertex 33.8577 41.008 1.02
      vertex 33.8657 40.646 1.02
    endloop
  endfacet
  facet normal 0 0 1
    outer loop
      vertex 33.8577 41.008 1.02
      vertex 33.4952 40.575 1.02
      vertex 33.8657 40.646 1.02
    endloop
  endfacet
  facet normal -0 0 1
    outer loop
      vertex 32.8684 40.6247 1.02
      vertex 33.4952 40.575 1.02
      vertex 33.8577 41.008 1.02
    endloop
  endfacet
  facet normal 0 0 1
    outer loop
      vertex 32.5387 39.475 1.02
      vertex 33.1004 39.9982 1.02
      vertex 32.8684 40.6247 1.02
    endloop
  endfacet
  facet normal 0 0 1
    outer loop
      vertex 33.2437 40.362 1.02
      vertex 32.8684 40.6247 1.02
      vertex 33.1004 39.9982 1.02
    endloop
  endfacet
  facet normal 0 0 1
    outer loop
      vertex 33.4952 40.575 1.02
      vertex 32.8684 40.6247 1.02
      vertex 33.2437 40.362 1.02
    endloop
  endfacet
  facet normal 0 0 1
    outer loop
      vertex 34.4647 38.583 1.02
      vertex 35.0827 38.7962 1.02
      vertex 34.6064 38.949 1.02
    endloop
  endfacet
  facet normal 0 0 1
    outer loop
      vertex 35.0827 38.7962 1.02
      vertex 34.4647 38.583 1.02
      vertex 34.8277 38.316 1.02
    endloop
  endfacet
  facet normal 0 0 1
    outer loop
      vertex 34.4647 38.583 1.02
      vertex 34.4109 38.031 1.02
      vertex 34.8277 38.316 1.02
    endloop
  endfacet
  facet normal -0 0 1
    outer loop
      vertex 34.2129 38.3692 1.02
      vertex 34.4109 38.031 1.02
      vertex 34.4647 38.583 1.02
    endloop
  endfacet
  facet normal 0 0 1
    outer loop
      vertex 34.2129 38.3692 1.02
      vertex 33.8407 37.936 1.02
      vertex 34.4109 38.031 1.02
    endloop
  endfacet
  facet normal -0 0 1
    outer loop
      vertex 33.8357 38.298 1.02
      vertex 33.8407 37.936 1.02
      vertex 34.2129 38.3692 1.02
    endloop
  endfacet
  facet normal 0 0 1
    outer loop
      vertex 33.4847 38.3717 1.02
      vertex 33.8407 37.936 1.02
      vertex 33.8357 38.298 1.02
    endloop
  endfacet
  facet normal 0 0 1
    outer loop
      vertex 33.4847 38.3717 1.02
      vertex 33.2754 38.0347 1.02
      vertex 33.8407 37.936 1.02
    endloop
  endfacet
  facet normal 0 0 1
    outer loop
      vertex 33.2417 38.593 1.02
      vertex 33.2754 38.0347 1.02
      vertex 33.4847 38.3717 1.02
    endloop
  endfacet
  facet normal -0 0 1
    outer loop
      vertex 32.6209 38.815 1.02
      vertex 33.2417 38.593 1.02
      vertex 33.0999 38.961 1.02
    endloop
  endfacet
  facet normal 0 0 1
    outer loop
      vertex 33.1004 39.9982 1.02
      vertex 32.5387 39.475 1.02
      vertex 33.0527 39.475 1.02
    endloop
  endfacet
  facet normal 0 0 1
    outer loop
      vertex 33.2417 38.593 1.02
      vertex 32.8677 38.331 1.02
      vertex 33.2754 38.0347 1.02
    endloop
  endfacet
  facet normal 0 0 1
    outer loop
      vertex 33.0527 39.475 1.02
      vertex 32.5387 39.475 1.02
      vertex 33.0999 38.961 1.02
    endloop
  endfacet
  facet normal 0 -0 1
    outer loop
      vertex 32.6209 38.815 1.02
      vertex 33.0999 38.961 1.02
      vertex 32.5387 39.475 1.02
    endloop
  endfacet
  facet normal 0 0 1
    outer loop
      vertex 33.2417 38.593 1.02
      vertex 32.6209 38.815 1.02
      vertex 32.8677 38.331 1.02
    endloop
  endfacet
  facet normal 0 0 1
    outer loop
      vertex 25.9263 40.353 1.02
      vertex 25.4543 40.585 1.02
      vertex 25.4583 40.258 1.02
    endloop
  endfacet
  facet normal 0 -0 1
    outer loop
      vertex 25.4543 40.585 1.02
      vertex 25.9043 40.944 1.02
      vertex 25.4423 40.944 1.02
    endloop
  endfacet
  facet normal 0 0 1
    outer loop
      vertex 26.72 40.5522 1.02
      vertex 26.8343 40.981 1.02
      vertex 26.7343 41.0012 1.02
    endloop
  endfacet
  facet normal 0 0 1
    outer loop
      vertex 26.8343 40.981 1.02
      vertex 26.72 40.5522 1.02
      vertex 26.8343 40.532 1.02
    endloop
  endfacet
  facet normal 0 0 1
    outer loop
      vertex 26.6363 41.008 1.02
      vertex 26.72 40.5522 1.02
      vertex 26.7343 41.0012 1.02
    endloop
  endfacet
  facet normal 0 0 1
    outer loop
      vertex 26.6363 41.008 1.02
      vertex 26.5733 40.559 1.02
      vertex 26.72 40.5522 1.02
    endloop
  endfacet
  facet normal -0 0 1
    outer loop
      vertex 26.3898 40.9732 1.02
      vertex 26.5733 40.559 1.02
      vertex 26.6363 41.008 1.02
    endloop
  endfacet
  facet normal -0 0 1
    outer loop
      vertex 26.2063 40.869 1.02
      vertex 26.5733 40.559 1.02
      vertex 26.3898 40.9732 1.02
    endloop
  endfacet
  facet normal 0 0 1
    outer loop
      vertex 26.5733 40.559 1.02
      vertex 26.2063 40.869 1.02
      vertex 26.3043 40.493 1.02
    endloop
  endfacet
  facet normal -0 0 1
    outer loop
      vertex 26.063 40.671 1.02
      vertex 26.3043 40.493 1.02
      vertex 26.2063 40.869 1.02
    endloop
  endfacet
  facet normal 0 0 1
    outer loop
      vertex 26.3043 40.493 1.02
      vertex 26.063 40.671 1.02
      vertex 26.1073 40.295 1.02
    endloop
  endfacet
  facet normal -0 0 1
    outer loop
      vertex 25.9373 40.353 1.02
      vertex 26.1073 40.295 1.02
      vertex 26.063 40.671 1.02
    endloop
  endfacet
  facet normal 0 0 1
    outer loop
      vertex 26.1073 40.295 1.02
      vertex 25.9373 40.353 1.02
      vertex 25.9873 39.9747 1.02
    endloop
  endfacet
  facet normal -0 0 1
    outer loop
      vertex 25.9263 40.353 1.02
      vertex 25.9873 39.9747 1.02
      vertex 25.9373 40.353 1.02
    endloop
  endfacet
  facet normal -0 0 1
    outer loop
      vertex 25.4583 40.258 1.02
      vertex 25.9873 39.9747 1.02
      vertex 25.9263 40.353 1.02
    endloop
  endfacet
  facet normal 0 0 1
    outer loop
      vertex 25.9873 39.9747 1.02
      vertex 25.4583 40.258 1.02
      vertex 25.9473 39.54 1.02
    endloop
  endfacet
  facet normal 0 0 1
    outer loop
      vertex 25.4543 40.585 1.02
      vertex 25.9263 40.353 1.02
      vertex 25.9208 40.5502 1.02
    endloop
  endfacet
  facet normal -0 0 1
    outer loop
      vertex 25.4543 40.585 1.02
      vertex 25.9208 40.5502 1.02
      vertex 25.9043 40.944 1.02
    endloop
  endfacet
  facet normal 0 0 1
    outer loop
      vertex 25.4583 38 1.02
      vertex 25.9473 39.54 1.02
      vertex 25.4583 40.258 1.02
    endloop
  endfacet
  facet normal 0 0 1
    outer loop
      vertex 25.9473 39.54 1.02
      vertex 25.4583 38 1.02
      vertex 25.9473 38 1.02
    endloop
  endfacet
  facet normal 0 0 1
    outer loop
      vertex 44.2064 39.419 1.02
      vertex 43.6217 40.142 1.02
      vertex 43.7014 39.728 1.02
    endloop
  endfacet
  facet normal 0 0 1
    outer loop
      vertex 43.8824 40.6107 1.02
      vertex 43.4644 40.426 1.02
      vertex 43.6217 40.142 1.02
    endloop
  endfacet
  facet normal 0 0 1
    outer loop
      vertex 43.8824 40.6107 1.02
      vertex 43.2264 40.591 1.02
      vertex 43.4644 40.426 1.02
    endloop
  endfacet
  facet normal 0 0 1
    outer loop
      vertex 42.9104 41.008 1.02
      vertex 43.2264 40.591 1.02
      vertex 43.8824 40.6107 1.02
    endloop
  endfacet
  facet normal 0 0 1
    outer loop
      vertex 42.9104 41.008 1.02
      vertex 42.9024 40.646 1.02
      vertex 43.2264 40.591 1.02
    endloop
  endfacet
  facet normal 0 0 1
    outer loop
      vertex 42.9104 41.008 1.02
      vertex 42.5827 40.5847 1.02
      vertex 42.9024 40.646 1.02
    endloop
  endfacet
  facet normal -0 0 1
    outer loop
      vertex 42.3497 40.91 1.02
      vertex 42.5827 40.5847 1.02
      vertex 42.9104 41.008 1.02
    endloop
  endfacet
  facet normal 0 0 1
    outer loop
      vertex 42.3497 40.91 1.02
      vertex 42.3374 40.401 1.02
      vertex 42.5827 40.5847 1.02
    endloop
  endfacet
  facet normal -0 0 1
    outer loop
      vertex 41.9354 40.616 1.02
      vertex 42.3374 40.401 1.02
      vertex 42.3497 40.91 1.02
    endloop
  endfacet
  facet normal 0 0 1
    outer loop
      vertex 42.1774 40.1102 1.02
      vertex 41.6797 40.1392 1.02
      vertex 42.1134 39.728 1.02
    endloop
  endfacet
  facet normal -0 0 1
    outer loop
      vertex 41.6797 40.1392 1.02
      vertex 42.1774 40.1102 1.02
      vertex 41.9354 40.616 1.02
    endloop
  endfacet
  facet normal 0 0 1
    outer loop
      vertex 42.3374 40.401 1.02
      vertex 41.9354 40.616 1.02
      vertex 42.1774 40.1102 1.02
    endloop
  endfacet
  facet normal -0 0 1
    outer loop
      vertex 43.6217 40.142 1.02
      vertex 44.2064 39.419 1.02
      vertex 43.8824 40.6107 1.02
    endloop
  endfacet
  facet normal 0 0 1
    outer loop
      vertex 44.2064 39.419 1.02
      vertex 43.7014 39.728 1.02
      vertex 44.2064 39.353 1.02
    endloop
  endfacet
  facet normal 0 0 1
    outer loop
      vertex 42.1074 39.353 1.02
      vertex 43.7014 39.728 1.02
      vertex 42.1134 39.728 1.02
    endloop
  endfacet
  facet normal 0 0 1
    outer loop
      vertex 43.7014 39.728 1.02
      vertex 42.1074 39.353 1.02
      vertex 44.2064 39.353 1.02
    endloop
  endfacet
  facet normal 0 0 1
    outer loop
      vertex 43.5994 38.5835 1.02
      vertex 44.1274 38.644 1.02
      vertex 43.6984 38.768 1.02
    endloop
  endfacet
  facet normal 0 0 1
    outer loop
      vertex 44.1274 38.644 1.02
      vertex 43.5994 38.5835 1.02
      vertex 43.6957 38.113 1.02
    endloop
  endfacet
  facet normal -0 0 1
    outer loop
      vertex 43.4384 38.434 1.02
      vertex 43.6957 38.113 1.02
      vertex 43.5994 38.5835 1.02
    endloop
  endfacet
  facet normal -0 0 1
    outer loop
      vertex 43.2154 38.3357 1.02
      vertex 43.6957 38.113 1.02
      vertex 43.4384 38.434 1.02
    endloop
  endfacet
  facet normal 0 0 1
    outer loop
      vertex 42.9284 37.936 1.02
      vertex 43.2154 38.3357 1.02
      vertex 42.9284 38.303 1.02
    endloop
  endfacet
  facet normal 0 0 1
    outer loop
      vertex 43.2154 38.3357 1.02
      vertex 42.9284 37.936 1.02
      vertex 43.6957 38.113 1.02
    endloop
  endfacet
  facet normal 0 0 1
    outer loop
      vertex 42.5744 38.3712 1.02
      vertex 42.9284 37.936 1.02
      vertex 42.9284 38.303 1.02
    endloop
  endfacet
  facet normal 0 0 1
    outer loop
      vertex 42.5744 38.3712 1.02
      vertex 42.3542 38.0337 1.02
      vertex 42.9284 37.936 1.02
    endloop
  endfacet
  facet normal 0 0 1
    outer loop
      vertex 42.3164 38.576 1.02
      vertex 42.3542 38.0337 1.02
      vertex 42.5744 38.3712 1.02
    endloop
  endfacet
  facet normal 0 0 1
    outer loop
      vertex 41.9354 38.327 1.02
      vertex 42.3164 38.576 1.02
      vertex 42.1597 38.9072 1.02
    endloop
  endfacet
  facet normal 0 0 1
    outer loop
      vertex 41.5944 39.491 1.02
      vertex 42.1134 39.728 1.02
      vertex 41.6797 40.1392 1.02
    endloop
  endfacet
  facet normal 0 0 1
    outer loop
      vertex 42.3164 38.576 1.02
      vertex 41.9354 38.327 1.02
      vertex 42.3542 38.0337 1.02
    endloop
  endfacet
  facet normal 0 0 1
    outer loop
      vertex 42.1134 39.728 1.02
      vertex 41.5944 39.491 1.02
      vertex 42.1074 39.353 1.02
    endloop
  endfacet
  facet normal 0 -0 1
    outer loop
      vertex 41.6797 38.814 1.02
      vertex 42.1074 39.353 1.02
      vertex 41.5944 39.491 1.02
    endloop
  endfacet
  facet normal 0 0 1
    outer loop
      vertex 42.1074 39.353 1.02
      vertex 41.6797 38.814 1.02
      vertex 42.1597 38.9072 1.02
    endloop
  endfacet
  facet normal 0 0 1
    outer loop
      vertex 42.1597 38.9072 1.02
      vertex 41.6797 38.814 1.02
      vertex 41.9354 38.327 1.02
    endloop
  endfacet
  facet normal 0 0 1
    outer loop
      vertex 52.4673 40.353 1.02
      vertex 51.9953 40.585 1.02
      vertex 51.9993 40.258 1.02
    endloop
  endfacet
  facet normal 0 -0 1
    outer loop
      vertex 51.9953 40.585 1.02
      vertex 52.4453 40.944 1.02
      vertex 51.9833 40.944 1.02
    endloop
  endfacet
  facet normal 0 0 1
    outer loop
      vertex 53.261 40.5522 1.02
      vertex 53.3753 40.981 1.02
      vertex 53.2753 41.0012 1.02
    endloop
  endfacet
  facet normal 0 0 1
    outer loop
      vertex 53.3753 40.981 1.02
      vertex 53.261 40.5522 1.02
      vertex 53.3753 40.532 1.02
    endloop
  endfacet
  facet normal 0 0 1
    outer loop
      vertex 53.1773 41.008 1.02
      vertex 53.261 40.5522 1.02
      vertex 53.2753 41.0012 1.02
    endloop
  endfacet
  facet normal 0 0 1
    outer loop
      vertex 53.1773 41.008 1.02
      vertex 53.1143 40.559 1.02
      vertex 53.261 40.5522 1.02
    endloop
  endfacet
  facet normal -0 0 1
    outer loop
      vertex 52.9308 40.9732 1.02
      vertex 53.1143 40.559 1.02
      vertex 53.1773 41.008 1.02
    endloop
  endfacet
  facet normal -0 0 1
    outer loop
      vertex 52.7473 40.869 1.02
      vertex 53.1143 40.559 1.02
      vertex 52.9308 40.9732 1.02
    endloop
  endfacet
  facet normal 0 0 1
    outer loop
      vertex 53.1143 40.559 1.02
      vertex 52.7473 40.869 1.02
      vertex 52.8453 40.493 1.02
    endloop
  endfacet
  facet normal -0 0 1
    outer loop
      vertex 52.604 40.671 1.02
      vertex 52.8453 40.493 1.02
      vertex 52.7473 40.869 1.02
    endloop
  endfacet
  facet normal 0 0 1
    outer loop
      vertex 52.8453 40.493 1.02
      vertex 52.604 40.671 1.02
      vertex 52.6483 40.295 1.02
    endloop
  endfacet
  facet normal -0 0 1
    outer loop
      vertex 52.4783 40.353 1.02
      vertex 52.6483 40.295 1.02
      vertex 52.604 40.671 1.02
    endloop
  endfacet
  facet normal 0 0 1
    outer loop
      vertex 52.6483 40.295 1.02
      vertex 52.4783 40.353 1.02
      vertex 52.5283 39.9747 1.02
    endloop
  endfacet
  facet normal -0 0 1
    outer loop
      vertex 52.4673 40.353 1.02
      vertex 52.5283 39.9747 1.02
      vertex 52.4783 40.353 1.02
    endloop
  endfacet
  facet normal -0 0 1
    outer loop
      vertex 51.9993 40.258 1.02
      vertex 52.5283 39.9747 1.02
      vertex 52.4673 40.353 1.02
    endloop
  endfacet
  facet normal 0 0 1
    outer loop
      vertex 52.5283 39.9747 1.02
      vertex 51.9993 40.258 1.02
      vertex 52.4883 39.54 1.02
    endloop
  endfacet
  facet normal 0 0 1
    outer loop
      vertex 51.9953 40.585 1.02
      vertex 52.4673 40.353 1.02
      vertex 52.4618 40.5502 1.02
    endloop
  endfacet
  facet normal -0 0 1
    outer loop
      vertex 51.9953 40.585 1.02
      vertex 52.4618 40.5502 1.02
      vertex 52.4453 40.944 1.02
    endloop
  endfacet
  facet normal 0 0 1
    outer loop
      vertex 51.9993 38 1.02
      vertex 52.4883 39.54 1.02
      vertex 51.9993 40.258 1.02
    endloop
  endfacet
  facet normal 0 0 1
    outer loop
      vertex 52.4883 39.54 1.02
      vertex 51.9993 38 1.02
      vertex 52.4883 38 1.02
    endloop
  endfacet
  facet normal -0 0 1
    outer loop
      vertex 50.8994 40.005 1.02
      vertex 51.4587 39.475 1.02
      vertex 51.3792 40.1577 1.02
    endloop
  endfacet
  facet normal -0 0 1
    outer loop
      vertex 50.7637 40.367 1.02
      vertex 51.3792 40.1577 1.02
      vertex 51.1407 40.634 1.02
    endloop
  endfacet
  facet normal 0 0 1
    outer loop
      vertex 50.8974 38.949 1.02
      vertex 51.4587 39.475 1.02
      vertex 50.9447 39.475 1.02
    endloop
  endfacet
  facet normal 0 0 1
    outer loop
      vertex 51.4587 39.475 1.02
      vertex 50.8974 38.949 1.02
      vertex 51.3737 38.7962 1.02
    endloop
  endfacet
  facet normal 0 0 1
    outer loop
      vertex 51.4587 39.475 1.02
      vertex 50.8994 40.005 1.02
      vertex 50.9447 39.475 1.02
    endloop
  endfacet
  facet normal 0 0 1
    outer loop
      vertex 51.3792 40.1577 1.02
      vertex 50.7637 40.367 1.02
      vertex 50.8994 40.005 1.02
    endloop
  endfacet
  facet normal 0 0 1
    outer loop
      vertex 50.7337 40.9145 1.02
      vertex 50.7637 40.367 1.02
      vertex 51.1407 40.634 1.02
    endloop
  endfacet
  facet normal 0 0 1
    outer loop
      vertex 50.7337 40.9145 1.02
      vertex 50.5214 40.5762 1.02
      vertex 50.7637 40.367 1.02
    endloop
  endfacet
  facet normal 0 0 1
    outer loop
      vertex 50.1487 41.008 1.02
      vertex 50.5214 40.5762 1.02
      vertex 50.7337 40.9145 1.02
    endloop
  endfacet
  facet normal 0 0 1
    outer loop
      vertex 50.5214 40.5762 1.02
      vertex 50.1487 41.008 1.02
      vertex 50.1567 40.646 1.02
    endloop
  endfacet
  facet normal 0 0 1
    outer loop
      vertex 50.1487 41.008 1.02
      vertex 49.7862 40.575 1.02
      vertex 50.1567 40.646 1.02
    endloop
  endfacet
  facet normal -0 0 1
    outer loop
      vertex 49.1594 40.6247 1.02
      vertex 49.7862 40.575 1.02
      vertex 50.1487 41.008 1.02
    endloop
  endfacet
  facet normal 0 0 1
    outer loop
      vertex 48.8297 39.475 1.02
      vertex 49.3914 39.9982 1.02
      vertex 49.1594 40.6247 1.02
    endloop
  endfacet
  facet normal 0 0 1
    outer loop
      vertex 49.5347 40.362 1.02
      vertex 49.1594 40.6247 1.02
      vertex 49.3914 39.9982 1.02
    endloop
  endfacet
  facet normal 0 0 1
    outer loop
      vertex 49.7862 40.575 1.02
      vertex 49.1594 40.6247 1.02
      vertex 49.5347 40.362 1.02
    endloop
  endfacet
  facet normal 0 0 1
    outer loop
      vertex 50.7557 38.583 1.02
      vertex 51.3737 38.7962 1.02
      vertex 50.8974 38.949 1.02
    endloop
  endfacet
  facet normal 0 0 1
    outer loop
      vertex 51.3737 38.7962 1.02
      vertex 50.7557 38.583 1.02
      vertex 51.1187 38.316 1.02
    endloop
  endfacet
  facet normal 0 0 1
    outer loop
      vertex 50.7557 38.583 1.02
      vertex 50.702 38.031 1.02
      vertex 51.1187 38.316 1.02
    endloop
  endfacet
  facet normal -0 0 1
    outer loop
      vertex 50.504 38.3692 1.02
      vertex 50.702 38.031 1.02
      vertex 50.7557 38.583 1.02
    endloop
  endfacet
  facet normal 0 0 1
    outer loop
      vertex 50.504 38.3692 1.02
      vertex 50.1317 37.936 1.02
      vertex 50.702 38.031 1.02
    endloop
  endfacet
  facet normal -0 0 1
    outer loop
      vertex 50.1267 38.298 1.02
      vertex 50.1317 37.936 1.02
      vertex 50.504 38.3692 1.02
    endloop
  endfacet
  facet normal 0 0 1
    outer loop
      vertex 49.7757 38.3717 1.02
      vertex 50.1317 37.936 1.02
      vertex 50.1267 38.298 1.02
    endloop
  endfacet
  facet normal 0 0 1
    outer loop
      vertex 49.7757 38.3717 1.02
      vertex 49.5665 38.0347 1.02
      vertex 50.1317 37.936 1.02
    endloop
  endfacet
  facet normal 0 0 1
    outer loop
      vertex 49.5327 38.593 1.02
      vertex 49.5665 38.0347 1.02
      vertex 49.7757 38.3717 1.02
    endloop
  endfacet
  facet normal -0 0 1
    outer loop
      vertex 48.9119 38.815 1.02
      vertex 49.5327 38.593 1.02
      vertex 49.3909 38.961 1.02
    endloop
  endfacet
  facet normal 0 0 1
    outer loop
      vertex 49.3914 39.9982 1.02
      vertex 48.8297 39.475 1.02
      vertex 49.3437 39.475 1.02
    endloop
  endfacet
  facet normal 0 0 1
    outer loop
      vertex 49.5327 38.593 1.02
      vertex 49.1587 38.331 1.02
      vertex 49.5665 38.0347 1.02
    endloop
  endfacet
  facet normal 0 0 1
    outer loop
      vertex 49.3437 39.475 1.02
      vertex 48.8297 39.475 1.02
      vertex 49.3909 38.961 1.02
    endloop
  endfacet
  facet normal 0 -0 1
    outer loop
      vertex 48.9119 38.815 1.02
      vertex 49.3909 38.961 1.02
      vertex 48.8297 39.475 1.02
    endloop
  endfacet
  facet normal 0 0 1
    outer loop
      vertex 49.5327 38.593 1.02
      vertex 48.9119 38.815 1.02
      vertex 49.1587 38.331 1.02
    endloop
  endfacet
  facet normal 0 0 1
    outer loop
      vertex 46.4257 40.3235 1.02
      vertex 46.8645 40.5075 1.02
      vertex 46.622 40.779 1.02
    endloop
  endfacet
  facet normal 0 -0 1
    outer loop
      vertex 46.493 40.112 1.02
      vertex 46.8645 40.5075 1.02
      vertex 46.4257 40.3235 1.02
    endloop
  endfacet
  facet normal 0 0 1
    outer loop
      vertex 46.8645 40.5075 1.02
      vertex 46.493 40.112 1.02
      vertex 46.996 40.149 1.02
    endloop
  endfacet
  facet normal 0 0 1
    outer loop
      vertex 46.622 40.779 1.02
      vertex 46.3 40.486 1.02
      vertex 46.4257 40.3235 1.02
    endloop
  endfacet
  facet normal 0 0 1
    outer loop
      vertex 46.2862 40.9507 1.02
      vertex 46.3 40.486 1.02
      vertex 46.622 40.779 1.02
    endloop
  endfacet
  facet normal 0 0 1
    outer loop
      vertex 46.2862 40.9507 1.02
      vertex 46.1125 40.5902 1.02
      vertex 46.3 40.486 1.02
    endloop
  endfacet
  facet normal 0 0 1
    outer loop
      vertex 45.873 41.008 1.02
      vertex 46.1125 40.5902 1.02
      vertex 46.2862 40.9507 1.02
    endloop
  endfacet
  facet normal 0 0 1
    outer loop
      vertex 45.873 41.008 1.02
      vertex 45.86 40.625 1.02
      vertex 46.1125 40.5902 1.02
    endloop
  endfacet
  facet normal 0 0 1
    outer loop
      vertex 45.873 41.008 1.02
      vertex 45.5247 40.5597 1.02
      vertex 45.86 40.625 1.02
    endloop
  endfacet
  facet normal -0 0 1
    outer loop
      vertex 45.3347 40.9097 1.02
      vertex 45.5247 40.5597 1.02
      vertex 45.873 41.008 1.02
    endloop
  endfacet
  facet normal 0 0 1
    outer loop
      vertex 45.3347 40.9097 1.02
      vertex 45.297 40.364 1.02
      vertex 45.5247 40.5597 1.02
    endloop
  endfacet
  facet normal -0 0 1
    outer loop
      vertex 44.938 40.615 1.02
      vertex 45.297 40.364 1.02
      vertex 45.3347 40.9097 1.02
    endloop
  endfacet
  facet normal 0 0 1
    outer loop
      vertex 45.297 40.364 1.02
      vertex 44.6935 40.1335 1.02
      vertex 45.1665 40.014 1.02
    endloop
  endfacet
  facet normal 0 0 1
    outer loop
      vertex 44.6935 40.1335 1.02
      vertex 45.297 40.364 1.02
      vertex 44.938 40.615 1.02
    endloop
  endfacet
  facet normal 0 0 1
    outer loop
      vertex 46.517 38.896 1.02
      vertex 46.893 38.4827 1.02
      vertex 47.012 38.863 1.02
    endloop
  endfacet
  facet normal 0 0 1
    outer loop
      vertex 46.893 38.4827 1.02
      vertex 46.517 38.896 1.02
      vertex 46.4425 38.6417 1.02
    endloop
  endfacet
  facet normal 0 0 1
    outer loop
      vertex 46.893 38.4827 1.02
      vertex 46.4425 38.6417 1.02
      vertex 46.65 38.188 1.02
    endloop
  endfacet
  facet normal -0 0 1
    outer loop
      vertex 46.301 38.463 1.02
      vertex 46.65 38.188 1.02
      vertex 46.4425 38.6417 1.02
    endloop
  endfacet
  facet normal 0 0 1
    outer loop
      vertex 46.65 38.188 1.02
      vertex 46.301 38.463 1.02
      vertex 46.3052 37.999 1.02
    endloop
  endfacet
  facet normal -0 0 1
    outer loop
      vertex 46.1045 38.3572 1.02
      vertex 46.3052 37.999 1.02
      vertex 46.301 38.463 1.02
    endloop
  endfacet
  facet normal 0 0 1
    outer loop
      vertex 46.1045 38.3572 1.02
      vertex 45.879 37.936 1.02
      vertex 46.3052 37.999 1.02
    endloop
  endfacet
  facet normal -0 0 1
    outer loop
      vertex 45.865 38.322 1.02
      vertex 45.879 37.936 1.02
      vertex 46.1045 38.3572 1.02
    endloop
  endfacet
  facet normal 0 0 1
    outer loop
      vertex 45.5397 38.3932 1.02
      vertex 45.879 37.936 1.02
      vertex 45.865 38.322 1.02
    endloop
  endfacet
  facet normal 0 0 1
    outer loop
      vertex 45.5397 38.3932 1.02
      vertex 45.335 38.0342 1.02
      vertex 45.879 37.936 1.02
    endloop
  endfacet
  facet normal 0 0 1
    outer loop
      vertex 45.308 38.607 1.02
      vertex 45.335 38.0342 1.02
      vertex 45.5397 38.3932 1.02
    endloop
  endfacet
  facet normal -0 0 1
    outer loop
      vertex 44.6932 38.812 1.02
      vertex 45.308 38.607 1.02
      vertex 45.1692 38.9697 1.02
    endloop
  endfacet
  facet normal 0 0 1
    outer loop
      vertex 44.612 39.475 1.02
      vertex 45.1665 40.014 1.02
      vertex 44.6935 40.1335 1.02
    endloop
  endfacet
  facet normal 0 0 1
    outer loop
      vertex 45.308 38.607 1.02
      vertex 44.937 38.329 1.02
      vertex 45.335 38.0342 1.02
    endloop
  endfacet
  facet normal 0 0 1
    outer loop
      vertex 45.1665 40.014 1.02
      vertex 44.612 39.475 1.02
      vertex 45.123 39.486 1.02
    endloop
  endfacet
  facet normal 0 0 1
    outer loop
      vertex 45.123 39.486 1.02
      vertex 44.612 39.475 1.02
      vertex 45.1692 38.9697 1.02
    endloop
  endfacet
  facet normal 0 -0 1
    outer loop
      vertex 44.6932 38.812 1.02
      vertex 45.1692 38.9697 1.02
      vertex 44.612 39.475 1.02
    endloop
  endfacet
  facet normal 0 0 1
    outer loop
      vertex 45.308 38.607 1.02
      vertex 44.6932 38.812 1.02
      vertex 44.937 38.329 1.02
    endloop
  endfacet
  facet normal 0 0 1
    outer loop
      vertex 21.1357 38.783 1.02
      vertex 22.1717 40.944 1.02
      vertex 21.6927 40.944 1.02
    endloop
  endfacet
  facet normal 0 0 1
    outer loop
      vertex 22.1717 40.944 1.02
      vertex 21.1357 38.783 1.02
      vertex 21.3287 38 1.02
    endloop
  endfacet
  facet normal -0 0 1
    outer loop
      vertex 21.0517 38.405 1.02
      vertex 21.3287 38 1.02
      vertex 21.1357 38.783 1.02
    endloop
  endfacet
  facet normal 0 0 1
    outer loop
      vertex 21.0517 38.405 1.02
      vertex 20.7607 38 1.02
      vertex 21.3287 38 1.02
    endloop
  endfacet
  facet normal 0 0 1
    outer loop
      vertex 20.9267 38.922 1.02
      vertex 20.7607 38 1.02
      vertex 21.0517 38.405 1.02
    endloop
  endfacet
  facet normal -0 0 1
    outer loop
      vertex 20.2467 40.081 1.02
      vertex 20.9267 38.922 1.02
      vertex 20.4127 40.944 1.02
    endloop
  endfacet
  facet normal 0 0 1
    outer loop
      vertex 20.9267 38.922 1.02
      vertex 20.2467 40.081 1.02
      vertex 20.7607 38 1.02
    endloop
  endfacet
  facet normal 0 0 1
    outer loop
      vertex 20.4127 40.944 1.02
      vertex 20.1487 40.541 1.02
      vertex 20.2467 40.081 1.02
    endloop
  endfacet
  facet normal 0 0 1
    outer loop
      vertex 19.8877 40.944 1.02
      vertex 20.1177 40.392 1.02
      vertex 20.1487 40.541 1.02
    endloop
  endfacet
  facet normal 0 0 1
    outer loop
      vertex 20.1177 40.392 1.02
      vertex 19.8877 40.944 1.02
      vertex 20.0727 40.189 1.02
    endloop
  endfacet
  facet normal -0 0 1
    outer loop
      vertex 19.8877 40.944 1.02
      vertex 20.1487 40.541 1.02
      vertex 20.4127 40.944 1.02
    endloop
  endfacet
  facet normal 0 0 1
    outer loop
      vertex 20.0727 40.189 1.02
      vertex 19.8877 40.944 1.02
      vertex 19.908 39.5267 1.02
    endloop
  endfacet
  facet normal 0 0 1
    outer loop
      vertex 19.2727 38.606 1.02
      vertex 19.908 39.5267 1.02
      vertex 19.8877 40.944 1.02
    endloop
  endfacet
  facet normal 0 0 1
    outer loop
      vertex 19.908 39.5267 1.02
      vertex 19.2727 38.606 1.02
      vertex 19.5177 38 1.02
    endloop
  endfacet
  facet normal -0 0 1
    outer loop
      vertex 19.2267 38.405 1.02
      vertex 19.5177 38 1.02
      vertex 19.2727 38.606 1.02
    endloop
  endfacet
  facet normal 0 0 1
    outer loop
      vertex 18.9527 38 1.02
      vertex 19.1485 38.7767 1.02
      vertex 19.1097 38.944 1.02
    endloop
  endfacet
  facet normal 0 0 1
    outer loop
      vertex 19.2267 38.405 1.02
      vertex 18.9527 38 1.02
      vertex 19.5177 38 1.02
    endloop
  endfacet
  facet normal 0 0 1
    outer loop
      vertex 19.1485 38.7767 1.02
      vertex 18.9527 38 1.02
      vertex 19.2267 38.405 1.02
    endloop
  endfacet
  facet normal -0 0 1
    outer loop
      vertex 18.1287 40.944 1.02
      vertex 19.1097 38.944 1.02
      vertex 18.6127 40.944 1.02
    endloop
  endfacet
  facet normal 0 0 1
    outer loop
      vertex 19.1097 38.944 1.02
      vertex 18.1287 40.944 1.02
      vertex 18.9527 38 1.02
    endloop
  endfacet
  facet normal -0.383622 0.92349 0
    outer loop
      vertex 31.5307 38.192 1.02
      vertex 31.0685 38 3
      vertex 31.5307 38.192 3
    endloop
  endfacet
  facet normal -0.383622 0.92349 0
    outer loop
      vertex 31.0685 38 3
      vertex 31.5307 38.192 1.02
      vertex 31.0685 38 1.02
    endloop
  endfacet
  facet normal -0.638731 0.769431 0
    outer loop
      vertex 31.911 38.5077 1.02
      vertex 31.5307 38.192 3
      vertex 31.911 38.5077 3
    endloop
  endfacet
  facet normal -0.638731 0.769431 0
    outer loop
      vertex 31.5307 38.192 3
      vertex 31.911 38.5077 1.02
      vertex 31.5307 38.192 1.02
    endloop
  endfacet
  facet normal -0.835741 0.549124 0
    outer loop
      vertex 31.911 38.5077 1.02
      vertex 32.1957 38.941 3
      vertex 32.1957 38.941 1.02
    endloop
  endfacet
  facet normal -0.835741 0.549124 0
    outer loop
      vertex 32.1957 38.941 3
      vertex 31.911 38.5077 1.02
      vertex 31.911 38.5077 3
    endloop
  endfacet
  facet normal -0.445524 -0.89527 0
    outer loop
      vertex 31.7717 39.152 1.02
      vertex 32.1957 38.941 3
      vertex 31.7717 39.152 3
    endloop
  endfacet
  facet normal -0.445524 -0.89527 -0
    outer loop
      vertex 32.1957 38.941 3
      vertex 31.7717 39.152 1.02
      vertex 32.1957 38.941 1.02
    endloop
  endfacet
  facet normal 0.760688 -0.649117 0
    outer loop
      vertex 31.2667 38.5602 3
      vertex 31.7717 39.152 1.02
      vertex 31.7717 39.152 3
    endloop
  endfacet
  facet normal 0.760688 -0.649117 0
    outer loop
      vertex 31.7717 39.152 1.02
      vertex 31.2667 38.5602 3
      vertex 31.2667 38.5602 1.02
    endloop
  endfacet
  facet normal 0.269377 -0.963035 0
    outer loop
      vertex 30.5617 38.363 1.02
      vertex 31.2667 38.5602 3
      vertex 30.5617 38.363 3
    endloop
  endfacet
  facet normal 0.269377 -0.963035 0
    outer loop
      vertex 31.2667 38.5602 3
      vertex 30.5617 38.363 1.02
      vertex 31.2667 38.5602 1.02
    endloop
  endfacet
  facet normal -0.18833 -0.982106 0
    outer loop
      vertex 29.9985 38.471 1.02
      vertex 30.5617 38.363 3
      vertex 29.9985 38.471 3
    endloop
  endfacet
  facet normal -0.18833 -0.982106 -0
    outer loop
      vertex 30.5617 38.363 3
      vertex 29.9985 38.471 1.02
      vertex 30.5617 38.363 1.02
    endloop
  endfacet
  facet normal -0.598403 -0.801195 0
    outer loop
      vertex 29.5647 38.795 1.02
      vertex 29.9985 38.471 3
      vertex 29.5647 38.795 3
    endloop
  endfacet
  facet normal -0.598403 -0.801195 -0
    outer loop
      vertex 29.9985 38.471 3
      vertex 29.5647 38.795 1.02
      vertex 29.9985 38.471 1.02
    endloop
  endfacet
  facet normal -0.876087 -0.482153 0
    outer loop
      vertex 29.5647 38.795 1.02
      vertex 29.2887 39.2965 3
      vertex 29.2887 39.2965 1.02
    endloop
  endfacet
  facet normal -0.876087 -0.482153 0
    outer loop
      vertex 29.2887 39.2965 3
      vertex 29.5647 38.795 1.02
      vertex 29.5647 38.795 3
    endloop
  endfacet
  facet normal -0.989841 -0.142179 0
    outer loop
      vertex 29.2887 39.2965 1.02
      vertex 29.1967 39.937 3
      vertex 29.1967 39.937 1.02
    endloop
  endfacet
  facet normal -0.989841 -0.142179 0
    outer loop
      vertex 29.1967 39.937 3
      vertex 29.2887 39.2965 1.02
      vertex 29.2887 39.2965 3
    endloop
  endfacet
  facet normal -0.990659 0.13636 0
    outer loop
      vertex 29.1967 39.937 1.02
      vertex 29.285 40.5785 3
      vertex 29.285 40.5785 1.02
    endloop
  endfacet
  facet normal -0.990659 0.13636 0
    outer loop
      vertex 29.285 40.5785 3
      vertex 29.1967 39.937 1.02
      vertex 29.1967 39.937 3
    endloop
  endfacet
  facet normal -0.87922 0.476417 0
    outer loop
      vertex 29.285 40.5785 1.02
      vertex 29.5497 41.067 3
      vertex 29.5497 41.067 1.02
    endloop
  endfacet
  facet normal -0.87922 0.476417 0
    outer loop
      vertex 29.5497 41.067 3
      vertex 29.285 40.5785 1.02
      vertex 29.285 40.5785 3
    endloop
  endfacet
  facet normal -0.589382 0.807855 0
    outer loop
      vertex 29.9742 41.3767 1.02
      vertex 29.5497 41.067 3
      vertex 29.9742 41.3767 3
    endloop
  endfacet
  facet normal -0.589382 0.807855 0
    outer loop
      vertex 29.5497 41.067 3
      vertex 29.9742 41.3767 1.02
      vertex 29.5497 41.067 1.02
    endloop
  endfacet
  facet normal -0.179697 0.983722 0
    outer loop
      vertex 30.5397 41.48 1.02
      vertex 29.9742 41.3767 3
      vertex 30.5397 41.48 3
    endloop
  endfacet
  facet normal -0.179697 0.983722 0
    outer loop
      vertex 29.9742 41.3767 3
      vertex 30.5397 41.48 1.02
      vertex 29.9742 41.3767 1.02
    endloop
  endfacet
  facet normal 0.112421 0.993661 -0
    outer loop
      vertex 30.918 41.4372 1.02
      vertex 30.5397 41.48 3
      vertex 30.918 41.4372 3
    endloop
  endfacet
  facet normal 0.112421 0.993661 0
    outer loop
      vertex 30.5397 41.48 3
      vertex 30.918 41.4372 1.02
      vertex 30.5397 41.48 1.02
    endloop
  endfacet
  facet normal 0.369205 0.929348 -0
    outer loop
      vertex 31.2407 41.309 1.02
      vertex 30.918 41.4372 3
      vertex 31.2407 41.309 3
    endloop
  endfacet
  facet normal 0.369205 0.929348 0
    outer loop
      vertex 30.918 41.4372 3
      vertex 31.2407 41.309 1.02
      vertex 30.918 41.4372 1.02
    endloop
  endfacet
  facet normal 0.63337 0.773849 -0
    outer loop
      vertex 31.4952 41.1007 1.02
      vertex 31.2407 41.309 3
      vertex 31.4952 41.1007 3
    endloop
  endfacet
  facet normal 0.63337 0.773849 0
    outer loop
      vertex 31.2407 41.309 3
      vertex 31.4952 41.1007 1.02
      vertex 31.2407 41.309 1.02
    endloop
  endfacet
  facet normal 0.853926 0.520394 0
    outer loop
      vertex 31.6687 40.816 3
      vertex 31.4952 41.1007 1.02
      vertex 31.4952 41.1007 3
    endloop
  endfacet
  facet normal 0.853926 0.520394 0
    outer loop
      vertex 31.4952 41.1007 1.02
      vertex 31.6687 40.816 3
      vertex 31.6687 40.816 1.02
    endloop
  endfacet
  facet normal -0.309261 0.950977 0
    outer loop
      vertex 32.1607 40.976 1.02
      vertex 31.6687 40.816 3
      vertex 32.1607 40.976 3
    endloop
  endfacet
  facet normal -0.309261 0.950977 0
    outer loop
      vertex 31.6687 40.816 3
      vertex 32.1607 40.976 1.02
      vertex 31.6687 40.816 1.02
    endloop
  endfacet
  facet normal -0.852419 -0.522859 0
    outer loop
      vertex 32.1607 40.976 1.02
      vertex 31.9132 41.3795 3
      vertex 31.9132 41.3795 1.02
    endloop
  endfacet
  facet normal -0.852419 -0.522859 0
    outer loop
      vertex 31.9132 41.3795 3
      vertex 32.1607 40.976 1.02
      vertex 32.1607 40.976 3
    endloop
  endfacet
  facet normal -0.631697 -0.775215 0
    outer loop
      vertex 31.5567 41.67 1.02
      vertex 31.9132 41.3795 3
      vertex 31.5567 41.67 3
    endloop
  endfacet
  facet normal -0.631697 -0.775215 -0
    outer loop
      vertex 31.9132 41.3795 3
      vertex 31.5567 41.67 1.02
      vertex 31.9132 41.3795 1.02
    endloop
  endfacet
  facet normal -0.356122 -0.93444 0
    outer loop
      vertex 31.0962 41.8455 1.02
      vertex 31.5567 41.67 3
      vertex 31.0962 41.8455 3
    endloop
  endfacet
  facet normal -0.356122 -0.93444 -0
    outer loop
      vertex 31.5567 41.67 3
      vertex 31.0962 41.8455 1.02
      vertex 31.5567 41.67 1.02
    endloop
  endfacet
  facet normal -0.103624 -0.994617 0
    outer loop
      vertex 30.5347 41.904 1.02
      vertex 31.0962 41.8455 3
      vertex 30.5347 41.904 3
    endloop
  endfacet
  facet normal -0.103624 -0.994617 -0
    outer loop
      vertex 31.0962 41.8455 3
      vertex 30.5347 41.904 1.02
      vertex 31.0962 41.8455 1.02
    endloop
  endfacet
  facet normal 0.165383 -0.986229 0
    outer loop
      vertex 29.7547 41.7732 1.02
      vertex 30.5347 41.904 3
      vertex 29.7547 41.7732 3
    endloop
  endfacet
  facet normal 0.165383 -0.986229 0
    outer loop
      vertex 30.5347 41.904 3
      vertex 29.7547 41.7732 1.02
      vertex 30.5347 41.904 1.02
    endloop
  endfacet
  facet normal 0.553592 -0.832788 0
    outer loop
      vertex 29.1647 41.381 1.02
      vertex 29.7547 41.7732 3
      vertex 29.1647 41.381 3
    endloop
  endfacet
  facet normal 0.553592 -0.832788 0
    outer loop
      vertex 29.7547 41.7732 3
      vertex 29.1647 41.381 1.02
      vertex 29.7547 41.7732 1.02
    endloop
  endfacet
  facet normal 0.858817 -0.512282 0
    outer loop
      vertex 28.7935 40.7587 3
      vertex 29.1647 41.381 1.02
      vertex 29.1647 41.381 3
    endloop
  endfacet
  facet normal 0.858817 -0.512282 0
    outer loop
      vertex 29.1647 41.381 1.02
      vertex 28.7935 40.7587 3
      vertex 28.7935 40.7587 1.02
    endloop
  endfacet
  facet normal 0.988867 -0.148805 0
    outer loop
      vertex 28.6697 39.936 3
      vertex 28.7935 40.7587 1.02
      vertex 28.7935 40.7587 3
    endloop
  endfacet
  facet normal 0.988867 -0.148805 0
    outer loop
      vertex 28.7935 40.7587 1.02
      vertex 28.6697 39.936 3
      vertex 28.6697 39.936 1.02
    endloop
  endfacet
  facet normal 0.995391 0.0958974 0
    outer loop
      vertex 28.725 39.362 3
      vertex 28.6697 39.936 1.02
      vertex 28.6697 39.936 3
    endloop
  endfacet
  facet normal 0.995391 0.0958974 0
    outer loop
      vertex 28.6697 39.936 1.02
      vertex 28.725 39.362 3
      vertex 28.725 39.362 1.02
    endloop
  endfacet
  facet normal 0.947696 0.319173 0
    outer loop
      vertex 28.8907 38.87 3
      vertex 28.725 39.362 1.02
      vertex 28.725 39.362 3
    endloop
  endfacet
  facet normal 0.947696 0.319173 0
    outer loop
      vertex 28.725 39.362 1.02
      vertex 28.8907 38.87 3
      vertex 28.8907 38.87 1.02
    endloop
  endfacet
  facet normal 0.825323 0.564662 0
    outer loop
      vertex 29.163 38.472 3
      vertex 28.8907 38.87 1.02
      vertex 28.8907 38.87 3
    endloop
  endfacet
  facet normal 0.825323 0.564662 0
    outer loop
      vertex 28.8907 38.87 1.02
      vertex 29.163 38.472 3
      vertex 29.163 38.472 1.02
    endloop
  endfacet
  facet normal 0.619337 0.785125 -0
    outer loop
      vertex 29.5357 38.178 1.02
      vertex 29.163 38.472 3
      vertex 29.5357 38.178 3
    endloop
  endfacet
  facet normal 0.619337 0.785125 0
    outer loop
      vertex 29.163 38.472 3
      vertex 29.5357 38.178 1.02
      vertex 29.163 38.472 1.02
    endloop
  endfacet
  facet normal 0.365652 0.930751 -0
    outer loop
      vertex 29.9977 37.9965 1.02
      vertex 29.5357 38.178 3
      vertex 29.9977 37.9965 3
    endloop
  endfacet
  facet normal 0.365652 0.930751 0
    outer loop
      vertex 29.5357 38.178 3
      vertex 29.9977 37.9965 1.02
      vertex 29.5357 38.178 1.02
    endloop
  endfacet
  facet normal 0.11134 0.993782 -0
    outer loop
      vertex 30.5377 37.936 1.02
      vertex 29.9977 37.9965 3
      vertex 30.5377 37.936 3
    endloop
  endfacet
  facet normal 0.11134 0.993782 0
    outer loop
      vertex 29.9977 37.9965 3
      vertex 30.5377 37.936 1.02
      vertex 29.9977 37.9965 1.02
    endloop
  endfacet
  facet normal -0.119706 0.992809 0
    outer loop
      vertex 31.0685 38 1.02
      vertex 30.5377 37.936 3
      vertex 31.0685 38 3
    endloop
  endfacet
  facet normal -0.119706 0.992809 0
    outer loop
      vertex 30.5377 37.936 3
      vertex 31.0685 38 1.02
      vertex 30.5377 37.936 1.02
    endloop
  endfacet
  facet normal 0 1 -0
    outer loop
      vertex 13.601 39.509 1.02
      vertex 12.476 39.509 3
      vertex 13.601 39.509 3
    endloop
  endfacet
  facet normal 0 1 0
    outer loop
      vertex 12.476 39.509 3
      vertex 13.601 39.509 1.02
      vertex 12.476 39.509 1.02
    endloop
  endfacet
  facet normal -0.145102 0.989417 0
    outer loop
      vertex 14.1465 39.589 1.02
      vertex 13.601 39.509 3
      vertex 14.1465 39.589 3
    endloop
  endfacet
  facet normal -0.145102 0.989417 0
    outer loop
      vertex 13.601 39.509 3
      vertex 14.1465 39.589 1.02
      vertex 13.601 39.509 1.02
    endloop
  endfacet
  facet normal -0.497478 0.867477 0
    outer loop
      vertex 14.565 39.829 1.02
      vertex 14.1465 39.589 3
      vertex 14.565 39.829 3
    endloop
  endfacet
  facet normal -0.497478 0.867477 0
    outer loop
      vertex 14.1465 39.589 3
      vertex 14.565 39.829 1.02
      vertex 14.1465 39.589 1.02
    endloop
  endfacet
  facet normal -0.815798 0.578337 0
    outer loop
      vertex 14.565 39.829 1.02
      vertex 14.8312 40.2045 3
      vertex 14.8312 40.2045 1.02
    endloop
  endfacet
  facet normal -0.815798 0.578337 0
    outer loop
      vertex 14.8312 40.2045 3
      vertex 14.565 39.829 1.02
      vertex 14.565 39.829 3
    endloop
  endfacet
  facet normal -0.983747 0.179562 0
    outer loop
      vertex 14.8312 40.2045 1.02
      vertex 14.92 40.691 3
      vertex 14.92 40.691 1.02
    endloop
  endfacet
  facet normal -0.983747 0.179562 0
    outer loop
      vertex 14.92 40.691 3
      vertex 14.8312 40.2045 1.02
      vertex 14.8312 40.2045 3
    endloop
  endfacet
  facet normal -0.983789 -0.179331 0
    outer loop
      vertex 14.92 40.691 1.02
      vertex 14.8315 41.1765 3
      vertex 14.8315 41.1765 1.02
    endloop
  endfacet
  facet normal -0.983789 -0.179331 0
    outer loop
      vertex 14.8315 41.1765 3
      vertex 14.92 40.691 1.02
      vertex 14.92 40.691 3
    endloop
  endfacet
  facet normal -0.806759 -0.590881 0
    outer loop
      vertex 14.8315 41.1765 1.02
      vertex 14.566 41.539 3
      vertex 14.566 41.539 1.02
    endloop
  endfacet
  facet normal -0.806759 -0.590881 0
    outer loop
      vertex 14.566 41.539 3
      vertex 14.8315 41.1765 1.02
      vertex 14.8315 41.1765 3
    endloop
  endfacet
  facet normal -0.468336 -0.883551 0
    outer loop
      vertex 14.1402 41.7647 1.02
      vertex 14.566 41.539 3
      vertex 14.1402 41.7647 3
    endloop
  endfacet
  facet normal -0.468336 -0.883551 -0
    outer loop
      vertex 14.566 41.539 3
      vertex 14.1402 41.7647 1.02
      vertex 14.566 41.539 1.02
    endloop
  endfacet
  facet normal -0.130697 -0.991422 0
    outer loop
      vertex 13.569 41.84 1.02
      vertex 14.1402 41.7647 3
      vertex 13.569 41.84 3
    endloop
  endfacet
  facet normal -0.130697 -0.991422 -0
    outer loop
      vertex 14.1402 41.7647 3
      vertex 13.569 41.84 1.02
      vertex 14.1402 41.7647 1.02
    endloop
  endfacet
  facet normal 0 -1 0
    outer loop
      vertex 11.957 41.84 1.02
      vertex 13.569 41.84 3
      vertex 11.957 41.84 3
    endloop
  endfacet
  facet normal 0 -1 -0
    outer loop
      vertex 13.569 41.84 3
      vertex 11.957 41.84 1.02
      vertex 13.569 41.84 1.02
    endloop
  endfacet
  facet normal 1 -0 0
    outer loop
      vertex 11.957 38 3
      vertex 11.957 41.84 1.02
      vertex 11.957 41.84 3
    endloop
  endfacet
  facet normal 1 0 0
    outer loop
      vertex 11.957 41.84 1.02
      vertex 11.957 38 3
      vertex 11.957 38 1.02
    endloop
  endfacet
  facet normal 0 1 -0
    outer loop
      vertex 12.476 38 1.02
      vertex 11.957 38 3
      vertex 12.476 38 3
    endloop
  endfacet
  facet normal 0 1 0
    outer loop
      vertex 11.957 38 3
      vertex 12.476 38 1.02
      vertex 11.957 38 1.02
    endloop
  endfacet
  facet normal -1 0 0
    outer loop
      vertex 12.476 38 1.02
      vertex 12.476 39.509 3
      vertex 12.476 39.509 1.02
    endloop
  endfacet
  facet normal -1 -0 0
    outer loop
      vertex 12.476 39.509 3
      vertex 12.476 38 1.02
      vertex 12.476 38 3
    endloop
  endfacet
  facet normal -1 0 0
    outer loop
      vertex 12.476 39.92 1.02
      vertex 12.476 41.424 3
      vertex 12.476 41.424 1.02
    endloop
  endfacet
  facet normal -1 -0 0
    outer loop
      vertex 12.476 41.424 3
      vertex 12.476 39.92 1.02
      vertex 12.476 39.92 3
    endloop
  endfacet
  facet normal 0 1 -0
    outer loop
      vertex 13.506 41.424 1.02
      vertex 12.476 41.424 3
      vertex 13.506 41.424 3
    endloop
  endfacet
  facet normal 0 1 0
    outer loop
      vertex 12.476 41.424 3
      vertex 13.506 41.424 1.02
      vertex 12.476 41.424 1.02
    endloop
  endfacet
  facet normal 0.26586 0.964012 -0
    outer loop
      vertex 14.175 41.2395 1.02
      vertex 13.506 41.424 3
      vertex 14.175 41.2395 3
    endloop
  endfacet
  facet normal 0.26586 0.964012 0
    outer loop
      vertex 13.506 41.424 3
      vertex 14.175 41.2395 1.02
      vertex 13.506 41.424 1.02
    endloop
  endfacet
  facet normal 0.927549 0.373701 0
    outer loop
      vertex 14.398 40.686 3
      vertex 14.175 41.2395 1.02
      vertex 14.175 41.2395 3
    endloop
  endfacet
  facet normal 0.927549 0.373701 0
    outer loop
      vertex 14.175 41.2395 1.02
      vertex 14.398 40.686 3
      vertex 14.398 40.686 1.02
    endloop
  endfacet
  facet normal 0.935221 -0.354065 0
    outer loop
      vertex 14.1805 40.1115 3
      vertex 14.398 40.686 1.02
      vertex 14.398 40.686 3
    endloop
  endfacet
  facet normal 0.935221 -0.354065 0
    outer loop
      vertex 14.398 40.686 1.02
      vertex 14.1805 40.1115 3
      vertex 14.1805 40.1115 1.02
    endloop
  endfacet
  facet normal 0.281609 -0.959529 0
    outer loop
      vertex 13.528 39.92 1.02
      vertex 14.1805 40.1115 3
      vertex 13.528 39.92 3
    endloop
  endfacet
  facet normal 0.281609 -0.959529 0
    outer loop
      vertex 14.1805 40.1115 3
      vertex 13.528 39.92 1.02
      vertex 14.1805 40.1115 1.02
    endloop
  endfacet
  facet normal 0 -1 0
    outer loop
      vertex 12.476 39.92 1.02
      vertex 13.528 39.92 3
      vertex 12.476 39.92 3
    endloop
  endfacet
  facet normal 0 -1 -0
    outer loop
      vertex 13.528 39.92 3
      vertex 12.476 39.92 1.02
      vertex 13.528 39.92 1.02
    endloop
  endfacet
  facet normal -0.195114 0.98078 0
    outer loop
      vertex 48.5939 38.001 1.02
      vertex 48.3491 37.9523 3
      vertex 48.5939 38.001 3
    endloop
  endfacet
  facet normal -0.195114 0.98078 0
    outer loop
      vertex 48.3491 37.9523 3
      vertex 48.5939 38.001 1.02
      vertex 48.3491 37.9523 1.02
    endloop
  endfacet
  facet normal -1 0 0
    outer loop
      vertex 48.5939 38.001 1.02
      vertex 48.5939 38.363 3
      vertex 48.5939 38.363 1.02
    endloop
  endfacet
  facet normal -1 -0 0
    outer loop
      vertex 48.5939 38.363 3
      vertex 48.5939 38.001 1.02
      vertex 48.5939 38.001 3
    endloop
  endfacet
  facet normal 0.172234 -0.985056 0
    outer loop
      vertex 48.4309 38.3345 1.02
      vertex 48.5939 38.363 3
      vertex 48.4309 38.3345 3
    endloop
  endfacet
  facet normal 0.172234 -0.985056 0
    outer loop
      vertex 48.5939 38.363 3
      vertex 48.4309 38.3345 1.02
      vertex 48.5939 38.363 1.02
    endloop
  endfacet
  facet normal 0.0795788 -0.996829 0
    outer loop
      vertex 48.3119 38.325 1.02
      vertex 48.4309 38.3345 3
      vertex 48.3119 38.325 3
    endloop
  endfacet
  facet normal 0.0795788 -0.996829 0
    outer loop
      vertex 48.4309 38.3345 3
      vertex 48.3119 38.325 1.02
      vertex 48.4309 38.3345 1.02
    endloop
  endfacet
  facet normal -0.145397 -0.989373 0
    outer loop
      vertex 48.1656 38.3465 1.02
      vertex 48.3119 38.325 3
      vertex 48.1656 38.3465 3
    endloop
  endfacet
  facet normal -0.145397 -0.989373 -0
    outer loop
      vertex 48.3119 38.325 3
      vertex 48.1656 38.3465 1.02
      vertex 48.3119 38.325 1.02
    endloop
  endfacet
  facet normal -0.562931 -0.826504 0
    outer loop
      vertex 48.0709 38.411 1.02
      vertex 48.1656 38.3465 3
      vertex 48.0709 38.411 3
    endloop
  endfacet
  facet normal -0.562931 -0.826504 -0
    outer loop
      vertex 48.1656 38.3465 3
      vertex 48.0709 38.411 1.02
      vertex 48.1656 38.3465 1.02
    endloop
  endfacet
  facet normal -0.916529 -0.399968 0
    outer loop
      vertex 48.0709 38.411 1.02
      vertex 48.0191 38.5297 3
      vertex 48.0191 38.5297 1.02
    endloop
  endfacet
  facet normal -0.916529 -0.399968 0
    outer loop
      vertex 48.0191 38.5297 3
      vertex 48.0709 38.411 1.02
      vertex 48.0709 38.411 3
    endloop
  endfacet
  facet normal -0.995579 -0.0939328 0
    outer loop
      vertex 48.0191 38.5297 1.02
      vertex 48.0019 38.712 3
      vertex 48.0019 38.712 1.02
    endloop
  endfacet
  facet normal -0.995579 -0.0939328 0
    outer loop
      vertex 48.0019 38.712 3
      vertex 48.0191 38.5297 1.02
      vertex 48.0191 38.5297 3
    endloop
  endfacet
  facet normal -1 0 0
    outer loop
      vertex 48.0019 38.712 1.02
      vertex 48.0019 40.588 3
      vertex 48.0019 40.588 1.02
    endloop
  endfacet
  facet normal -1 -0 0
    outer loop
      vertex 48.0019 40.588 3
      vertex 48.0019 38.712 1.02
      vertex 48.0019 38.712 3
    endloop
  endfacet
  facet normal 0 1 -0
    outer loop
      vertex 48.5449 40.588 1.02
      vertex 48.0019 40.588 3
      vertex 48.5449 40.588 3
    endloop
  endfacet
  facet normal 0 1 0
    outer loop
      vertex 48.0019 40.588 3
      vertex 48.5449 40.588 1.02
      vertex 48.0019 40.588 1.02
    endloop
  endfacet
  facet normal -1 0 0
    outer loop
      vertex 48.5449 40.588 1.02
      vertex 48.5449 40.944 3
      vertex 48.5449 40.944 1.02
    endloop
  endfacet
  facet normal -1 -0 0
    outer loop
      vertex 48.5449 40.944 3
      vertex 48.5449 40.588 1.02
      vertex 48.5449 40.588 3
    endloop
  endfacet
  facet normal 0 -1 0
    outer loop
      vertex 48.0019 40.944 1.02
      vertex 48.5449 40.944 3
      vertex 48.0019 40.944 3
    endloop
  endfacet
  facet normal 0 -1 -0
    outer loop
      vertex 48.5449 40.944 3
      vertex 48.0019 40.944 1.02
      vertex 48.5449 40.944 1.02
    endloop
  endfacet
  facet normal -1 0 0
    outer loop
      vertex 48.0019 40.944 1.02
      vertex 48.0019 41.584 3
      vertex 48.0019 41.584 1.02
    endloop
  endfacet
  facet normal -1 -0 0
    outer loop
      vertex 48.0019 41.584 3
      vertex 48.0019 40.944 1.02
      vertex 48.0019 40.944 3
    endloop
  endfacet
  facet normal 0 -1 0
    outer loop
      vertex 47.6749 41.584 1.02
      vertex 48.0019 41.584 3
      vertex 47.6749 41.584 3
    endloop
  endfacet
  facet normal 0 -1 -0
    outer loop
      vertex 48.0019 41.584 3
      vertex 47.6749 41.584 1.02
      vertex 48.0019 41.584 1.02
    endloop
  endfacet
  facet normal 0.97561 -0.219512 0
    outer loop
      vertex 47.5309 40.944 3
      vertex 47.6749 41.584 1.02
      vertex 47.6749 41.584 3
    endloop
  endfacet
  facet normal 0.97561 -0.219512 0
    outer loop
      vertex 47.6749 41.584 1.02
      vertex 47.5309 40.944 3
      vertex 47.5309 40.944 1.02
    endloop
  endfacet
  facet normal 0 -1 0
    outer loop
      vertex 47.1719 40.944 1.02
      vertex 47.5309 40.944 3
      vertex 47.1719 40.944 3
    endloop
  endfacet
  facet normal 0 -1 -0
    outer loop
      vertex 47.5309 40.944 3
      vertex 47.1719 40.944 1.02
      vertex 47.5309 40.944 1.02
    endloop
  endfacet
  facet normal 1 -0 0
    outer loop
      vertex 47.1719 40.588 3
      vertex 47.1719 40.944 1.02
      vertex 47.1719 40.944 3
    endloop
  endfacet
  facet normal 1 0 0
    outer loop
      vertex 47.1719 40.944 1.02
      vertex 47.1719 40.588 3
      vertex 47.1719 40.588 1.02
    endloop
  endfacet
  facet normal 0 1 -0
    outer loop
      vertex 47.5119 40.588 1.02
      vertex 47.1719 40.588 3
      vertex 47.5119 40.588 3
    endloop
  endfacet
  facet normal 0 1 0
    outer loop
      vertex 47.1719 40.588 3
      vertex 47.5119 40.588 1.02
      vertex 47.1719 40.588 1.02
    endloop
  endfacet
  facet normal 1 -0 0
    outer loop
      vertex 47.5119 38.608 3
      vertex 47.5119 40.588 1.02
      vertex 47.5119 40.588 3
    endloop
  endfacet
  facet normal 1 0 0
    outer loop
      vertex 47.5119 40.588 1.02
      vertex 47.5119 38.608 3
      vertex 47.5119 38.608 1.02
    endloop
  endfacet
  facet normal 0.960153 0.279473 0
    outer loop
      vertex 47.6586 38.104 3
      vertex 47.5119 38.608 1.02
      vertex 47.5119 38.608 3
    endloop
  endfacet
  facet normal 0.960153 0.279473 0
    outer loop
      vertex 47.5119 38.608 1.02
      vertex 47.6586 38.104 3
      vertex 47.6586 38.104 1.02
    endloop
  endfacet
  facet normal 0.356489 0.934299 -0
    outer loop
      vertex 48.0989 37.936 1.02
      vertex 47.6586 38.104 3
      vertex 48.0989 37.936 3
    endloop
  endfacet
  facet normal 0.356489 0.934299 0
    outer loop
      vertex 47.6586 38.104 3
      vertex 48.0989 37.936 1.02
      vertex 47.6586 38.104 1.02
    endloop
  endfacet
  facet normal -0.0650101 0.997885 0
    outer loop
      vertex 48.3491 37.9523 1.02
      vertex 48.0989 37.936 3
      vertex 48.3491 37.9523 3
    endloop
  endfacet
  facet normal -0.0650101 0.997885 0
    outer loop
      vertex 48.0989 37.936 3
      vertex 48.3491 37.9523 1.02
      vertex 48.0989 37.936 1.02
    endloop
  endfacet
  facet normal -0.991327 0.131421 0
    outer loop
      vertex 36.1973 39.712 1.02
      vertex 36.2483 40.0967 3
      vertex 36.2483 40.0967 1.02
    endloop
  endfacet
  facet normal -0.991327 0.131421 0
    outer loop
      vertex 36.2483 40.0967 3
      vertex 36.1973 39.712 1.02
      vertex 36.1973 39.712 3
    endloop
  endfacet
  facet normal -0.884654 0.466249 0
    outer loop
      vertex 36.2483 40.0967 1.02
      vertex 36.4013 40.387 3
      vertex 36.4013 40.387 1.02
    endloop
  endfacet
  facet normal -0.884654 0.466249 0
    outer loop
      vertex 36.4013 40.387 3
      vertex 36.2483 40.0967 1.02
      vertex 36.2483 40.0967 3
    endloop
  endfacet
  facet normal -0.602272 0.798291 0
    outer loop
      vertex 36.6428 40.5692 1.02
      vertex 36.4013 40.387 3
      vertex 36.6428 40.5692 3
    endloop
  endfacet
  facet normal -0.602272 0.798291 0
    outer loop
      vertex 36.4013 40.387 3
      vertex 36.6428 40.5692 1.02
      vertex 36.4013 40.387 1.02
    endloop
  endfacet
  facet normal -0.188652 0.982044 0
    outer loop
      vertex 36.9593 40.63 1.02
      vertex 36.6428 40.5692 3
      vertex 36.9593 40.63 3
    endloop
  endfacet
  facet normal -0.188652 0.982044 0
    outer loop
      vertex 36.6428 40.5692 3
      vertex 36.9593 40.63 1.02
      vertex 36.6428 40.5692 1.02
    endloop
  endfacet
  facet normal 0.0833944 0.996517 -0
    outer loop
      vertex 37.172 40.6122 1.02
      vertex 36.9593 40.63 3
      vertex 37.172 40.6122 3
    endloop
  endfacet
  facet normal 0.0833944 0.996517 0
    outer loop
      vertex 36.9593 40.63 3
      vertex 37.172 40.6122 1.02
      vertex 36.9593 40.63 1.02
    endloop
  endfacet
  facet normal 0.325953 0.945386 -0
    outer loop
      vertex 37.3263 40.559 1.02
      vertex 37.172 40.6122 3
      vertex 37.3263 40.559 3
    endloop
  endfacet
  facet normal 0.325953 0.945386 0
    outer loop
      vertex 37.172 40.6122 3
      vertex 37.3263 40.559 1.02
      vertex 37.172 40.6122 1.02
    endloop
  endfacet
  facet normal 0.654531 0.756035 -0
    outer loop
      vertex 37.4343 40.4655 1.02
      vertex 37.3263 40.559 3
      vertex 37.4343 40.4655 3
    endloop
  endfacet
  facet normal 0.654531 0.756035 0
    outer loop
      vertex 37.3263 40.559 3
      vertex 37.4343 40.4655 1.02
      vertex 37.3263 40.559 1.02
    endloop
  endfacet
  facet normal 0.882 0.471249 0
    outer loop
      vertex 37.5083 40.327 3
      vertex 37.4343 40.4655 1.02
      vertex 37.4343 40.4655 3
    endloop
  endfacet
  facet normal 0.882 0.471249 0
    outer loop
      vertex 37.4343 40.4655 1.02
      vertex 37.5083 40.327 3
      vertex 37.5083 40.327 1.02
    endloop
  endfacet
  facet normal 0.976623 0.214958 0
    outer loop
      vertex 37.551 40.133 3
      vertex 37.5083 40.327 1.02
      vertex 37.5083 40.327 3
    endloop
  endfacet
  facet normal 0.976623 0.214958 0
    outer loop
      vertex 37.5083 40.327 1.02
      vertex 37.551 40.133 3
      vertex 37.551 40.133 1.02
    endloop
  endfacet
  facet normal 0.998491 0.054917 0
    outer loop
      vertex 37.5653 39.873 3
      vertex 37.551 40.133 1.02
      vertex 37.551 40.133 3
    endloop
  endfacet
  facet normal 0.998491 0.054917 0
    outer loop
      vertex 37.551 40.133 1.02
      vertex 37.5653 39.873 3
      vertex 37.5653 39.873 1.02
    endloop
  endfacet
  facet normal 1 -0 0
    outer loop
      vertex 37.5653 38 3
      vertex 37.5653 39.873 1.02
      vertex 37.5653 39.873 3
    endloop
  endfacet
  facet normal 1 0 0
    outer loop
      vertex 37.5653 39.873 1.02
      vertex 37.5653 38 3
      vertex 37.5653 38 1.02
    endloop
  endfacet
  facet normal 0 1 -0
    outer loop
      vertex 38.0573 38 1.02
      vertex 37.5653 38 3
      vertex 38.0573 38 3
    endloop
  endfacet
  facet normal 0 1 0
    outer loop
      vertex 37.5653 38 3
      vertex 38.0573 38 1.02
      vertex 37.5653 38 1.02
    endloop
  endfacet
  facet normal -1 0 0
    outer loop
      vertex 38.0573 38 1.02
      vertex 38.0573 39.968 3
      vertex 38.0573 39.968 1.02
    endloop
  endfacet
  facet normal -1 -0 0
    outer loop
      vertex 38.0573 39.968 3
      vertex 38.0573 38 1.02
      vertex 38.0573 38 3
    endloop
  endfacet
  facet normal -0.993135 -0.116974 0
    outer loop
      vertex 38.0573 39.968 1.02
      vertex 38.001 40.446 3
      vertex 38.001 40.446 1.02
    endloop
  endfacet
  facet normal -0.993135 -0.116974 0
    outer loop
      vertex 38.001 40.446 3
      vertex 38.0573 39.968 1.02
      vertex 38.0573 39.968 3
    endloop
  endfacet
  facet normal -0.8846 -0.46635 0
    outer loop
      vertex 38.001 40.446 1.02
      vertex 37.8323 40.766 3
      vertex 37.8323 40.766 1.02
    endloop
  endfacet
  facet normal -0.8846 -0.46635 0
    outer loop
      vertex 37.8323 40.766 3
      vertex 38.001 40.446 1.02
      vertex 38.001 40.446 3
    endloop
  endfacet
  facet normal -0.532105 -0.846678 0
    outer loop
      vertex 37.5435 40.9475 1.02
      vertex 37.8323 40.766 3
      vertex 37.5435 40.9475 3
    endloop
  endfacet
  facet normal -0.532105 -0.846678 -0
    outer loop
      vertex 37.8323 40.766 3
      vertex 37.5435 40.9475 1.02
      vertex 37.8323 40.766 1.02
    endloop
  endfacet
  facet normal -0.143177 -0.989697 0
    outer loop
      vertex 37.1253 41.008 1.02
      vertex 37.5435 40.9475 3
      vertex 37.1253 41.008 3
    endloop
  endfacet
  facet normal -0.143177 -0.989697 -0
    outer loop
      vertex 37.5435 40.9475 3
      vertex 37.1253 41.008 1.02
      vertex 37.5435 40.9475 1.02
    endloop
  endfacet
  facet normal 0.104616 -0.994513 0
    outer loop
      vertex 36.823 40.9762 1.02
      vertex 37.1253 41.008 3
      vertex 36.823 40.9762 3
    endloop
  endfacet
  facet normal 0.104616 -0.994513 0
    outer loop
      vertex 37.1253 41.008 3
      vertex 36.823 40.9762 1.02
      vertex 37.1253 41.008 1.02
    endloop
  endfacet
  facet normal 0.357494 -0.933915 0
    outer loop
      vertex 36.5743 40.881 1.02
      vertex 36.823 40.9762 3
      vertex 36.5743 40.881 3
    endloop
  endfacet
  facet normal 0.357494 -0.933915 0
    outer loop
      vertex 36.823 40.9762 3
      vertex 36.5743 40.881 1.02
      vertex 36.823 40.9762 1.02
    endloop
  endfacet
  facet normal 0.636824 -0.771009 0
    outer loop
      vertex 36.3663 40.7092 1.02
      vertex 36.5743 40.881 3
      vertex 36.3663 40.7092 3
    endloop
  endfacet
  facet normal 0.636824 -0.771009 0
    outer loop
      vertex 36.5743 40.881 3
      vertex 36.3663 40.7092 1.02
      vertex 36.5743 40.881 1.02
    endloop
  endfacet
  facet normal 0.82047 -0.57169 0
    outer loop
      vertex 36.1843 40.448 3
      vertex 36.3663 40.7092 1.02
      vertex 36.3663 40.7092 3
    endloop
  endfacet
  facet normal 0.82047 -0.57169 0
    outer loop
      vertex 36.3663 40.7092 1.02
      vertex 36.1843 40.448 3
      vertex 36.1843 40.448 1.02
    endloop
  endfacet
  facet normal 0 -1 0
    outer loop
      vertex 36.1763 40.448 1.02
      vertex 36.1843 40.448 3
      vertex 36.1763 40.448 3
    endloop
  endfacet
  facet normal 0 -1 -0
    outer loop
      vertex 36.1843 40.448 3
      vertex 36.1763 40.448 1.02
      vertex 36.1843 40.448 1.02
    endloop
  endfacet
  facet normal -0.999606 -0.0280788 0
    outer loop
      vertex 36.1763 40.448 1.02
      vertex 36.1713 40.626 3
      vertex 36.1713 40.626 1.02
    endloop
  endfacet
  facet normal -0.999606 -0.0280788 0
    outer loop
      vertex 36.1713 40.626 3
      vertex 36.1763 40.448 1.02
      vertex 36.1763 40.448 3
    endloop
  endfacet
  facet normal -0.998969 -0.0454077 0
    outer loop
      vertex 36.1713 40.626 1.02
      vertex 36.1663 40.736 3
      vertex 36.1663 40.736 1.02
    endloop
  endfacet
  facet normal -0.998969 -0.0454077 0
    outer loop
      vertex 36.1663 40.736 3
      vertex 36.1713 40.626 1.02
      vertex 36.1713 40.626 3
    endloop
  endfacet
  facet normal -0.998678 -0.0514025 0
    outer loop
      vertex 36.1663 40.736 1.02
      vertex 36.1593 40.872 3
      vertex 36.1593 40.872 1.02
    endloop
  endfacet
  facet normal -0.998678 -0.0514025 0
    outer loop
      vertex 36.1593 40.872 3
      vertex 36.1663 40.736 1.02
      vertex 36.1663 40.736 3
    endloop
  endfacet
  facet normal -0.99883 -0.0483644 0
    outer loop
      vertex 36.1593 40.872 1.02
      vertex 36.157 40.9195 3
      vertex 36.157 40.9195 1.02
    endloop
  endfacet
  facet normal -0.99883 -0.0483644 0
    outer loop
      vertex 36.157 40.9195 3
      vertex 36.1593 40.872 1.02
      vertex 36.1593 40.872 3
    endloop
  endfacet
  facet normal -0.993982 -0.109541 0
    outer loop
      vertex 36.157 40.9195 1.02
      vertex 36.1543 40.944 3
      vertex 36.1543 40.944 1.02
    endloop
  endfacet
  facet normal -0.993982 -0.109541 0
    outer loop
      vertex 36.1543 40.944 3
      vertex 36.157 40.9195 1.02
      vertex 36.157 40.9195 3
    endloop
  endfacet
  facet normal 0 -1 0
    outer loop
      vertex 35.6923 40.944 1.02
      vertex 36.1543 40.944 3
      vertex 35.6923 40.944 3
    endloop
  endfacet
  facet normal 0 -1 -0
    outer loop
      vertex 36.1543 40.944 3
      vertex 35.6923 40.944 1.02
      vertex 36.1543 40.944 1.02
    endloop
  endfacet
  facet normal 0.998436 0.0559087 0
    outer loop
      vertex 35.7043 40.7297 3
      vertex 35.6923 40.944 1.02
      vertex 35.6923 40.944 3
    endloop
  endfacet
  facet normal 0.998436 0.0559087 0
    outer loop
      vertex 35.6923 40.944 1.02
      vertex 35.7043 40.7297 3
      vertex 35.7043 40.7297 1.02
    endloop
  endfacet
  facet normal 0.999953 0.00964508 0
    outer loop
      vertex 35.7083 40.315 3
      vertex 35.7043 40.7297 1.02
      vertex 35.7043 40.7297 3
    endloop
  endfacet
  facet normal 0.999953 0.00964508 0
    outer loop
      vertex 35.7043 40.7297 1.02
      vertex 35.7083 40.315 3
      vertex 35.7083 40.315 1.02
    endloop
  endfacet
  facet normal 1 -0 0
    outer loop
      vertex 35.7083 38 3
      vertex 35.7083 40.315 1.02
      vertex 35.7083 40.315 3
    endloop
  endfacet
  facet normal 1 0 0
    outer loop
      vertex 35.7083 40.315 1.02
      vertex 35.7083 38 3
      vertex 35.7083 38 1.02
    endloop
  endfacet
  facet normal 0 1 -0
    outer loop
      vertex 36.1973 38 1.02
      vertex 35.7083 38 3
      vertex 36.1973 38 3
    endloop
  endfacet
  facet normal 0 1 0
    outer loop
      vertex 35.7083 38 3
      vertex 36.1973 38 1.02
      vertex 35.7083 38 1.02
    endloop
  endfacet
  facet normal -1 0 0
    outer loop
      vertex 36.1973 38 1.02
      vertex 36.1973 39.712 3
      vertex 36.1973 39.712 1.02
    endloop
  endfacet
  facet normal -1 -0 0
    outer loop
      vertex 36.1973 39.712 3
      vertex 36.1973 38 1.02
      vertex 36.1973 38 3
    endloop
  endfacet
  facet normal -0.564535 0.825409 0
    outer loop
      vertex 17.6421 38.316 1.02
      vertex 17.2254 38.031 3
      vertex 17.6421 38.316 3
    endloop
  endfacet
  facet normal -0.564535 0.825409 0
    outer loop
      vertex 17.2254 38.031 3
      vertex 17.6421 38.316 1.02
      vertex 17.2254 38.031 1.02
    endloop
  endfacet
  facet normal -0.883197 0.469003 0
    outer loop
      vertex 17.6421 38.316 1.02
      vertex 17.8971 38.7962 3
      vertex 17.8971 38.7962 1.02
    endloop
  endfacet
  facet normal -0.883197 0.469003 0
    outer loop
      vertex 17.8971 38.7962 3
      vertex 17.6421 38.316 1.02
      vertex 17.6421 38.316 3
    endloop
  endfacet
  facet normal -0.992251 0.124251 0
    outer loop
      vertex 17.8971 38.7962 1.02
      vertex 17.9821 39.475 3
      vertex 17.9821 39.475 1.02
    endloop
  endfacet
  facet normal -0.992251 0.124251 0
    outer loop
      vertex 17.9821 39.475 3
      vertex 17.8971 38.7962 1.02
      vertex 17.8971 38.7962 3
    endloop
  endfacet
  facet normal -0.993288 -0.115668 0
    outer loop
      vertex 17.9821 39.475 1.02
      vertex 17.9026 40.1577 3
      vertex 17.9026 40.1577 1.02
    endloop
  endfacet
  facet normal -0.993288 -0.115668 0
    outer loop
      vertex 17.9026 40.1577 3
      vertex 17.9821 39.475 1.02
      vertex 17.9821 39.475 3
    endloop
  endfacet
  facet normal -0.894164 -0.447739 0
    outer loop
      vertex 17.9026 40.1577 1.02
      vertex 17.6641 40.634 3
      vertex 17.6641 40.634 1.02
    endloop
  endfacet
  facet normal -0.894164 -0.447739 0
    outer loop
      vertex 17.6641 40.634 3
      vertex 17.9026 40.1577 1.02
      vertex 17.9026 40.1577 3
    endloop
  endfacet
  facet normal -0.567473 -0.823392 0
    outer loop
      vertex 17.2571 40.9145 1.02
      vertex 17.6641 40.634 3
      vertex 17.2571 40.9145 3
    endloop
  endfacet
  facet normal -0.567473 -0.823392 -0
    outer loop
      vertex 17.6641 40.634 3
      vertex 17.2571 40.9145 1.02
      vertex 17.6641 40.634 1.02
    endloop
  endfacet
  facet normal -0.157826 -0.987467 0
    outer loop
      vertex 16.6721 41.008 1.02
      vertex 17.2571 40.9145 3
      vertex 16.6721 41.008 3
    endloop
  endfacet
  facet normal -0.157826 -0.987467 -0
    outer loop
      vertex 17.2571 40.9145 3
      vertex 16.6721 41.008 1.02
      vertex 17.2571 40.9145 1.02
    endloop
  endfacet
  facet normal 0.361309 -0.932446 0
    outer loop
      vertex 15.6829 40.6247 1.02
      vertex 16.6721 41.008 3
      vertex 15.6829 40.6247 3
    endloop
  endfacet
  facet normal 0.361309 -0.932446 0
    outer loop
      vertex 16.6721 41.008 3
      vertex 15.6829 40.6247 1.02
      vertex 16.6721 41.008 1.02
    endloop
  endfacet
  facet normal 0.961233 -0.275737 0
    outer loop
      vertex 15.3531 39.475 3
      vertex 15.6829 40.6247 1.02
      vertex 15.6829 40.6247 3
    endloop
  endfacet
  facet normal 0.961233 -0.275737 0
    outer loop
      vertex 15.6829 40.6247 1.02
      vertex 15.3531 39.475 3
      vertex 15.3531 39.475 1.02
    endloop
  endfacet
  facet normal 0.992315 0.123739 0
    outer loop
      vertex 15.4354 38.815 3
      vertex 15.3531 39.475 1.02
      vertex 15.3531 39.475 3
    endloop
  endfacet
  facet normal 0.992315 0.123739 0
    outer loop
      vertex 15.3531 39.475 1.02
      vertex 15.4354 38.815 3
      vertex 15.4354 38.815 1.02
    endloop
  endfacet
  facet normal 0.89094 0.454122 0
    outer loop
      vertex 15.6821 38.331 3
      vertex 15.4354 38.815 1.02
      vertex 15.4354 38.815 3
    endloop
  endfacet
  facet normal 0.89094 0.454122 0
    outer loop
      vertex 15.4354 38.815 1.02
      vertex 15.6821 38.331 3
      vertex 15.6821 38.331 1.02
    endloop
  endfacet
  facet normal 0.587806 0.809002 -0
    outer loop
      vertex 16.0899 38.0347 1.02
      vertex 15.6821 38.331 3
      vertex 16.0899 38.0347 3
    endloop
  endfacet
  facet normal 0.587806 0.809002 0
    outer loop
      vertex 15.6821 38.331 3
      vertex 16.0899 38.0347 1.02
      vertex 15.6821 38.331 1.02
    endloop
  endfacet
  facet normal 0.172025 0.985093 -0
    outer loop
      vertex 16.6551 37.936 1.02
      vertex 16.0899 38.0347 3
      vertex 16.6551 37.936 3
    endloop
  endfacet
  facet normal 0.172025 0.985093 0
    outer loop
      vertex 16.0899 38.0347 3
      vertex 16.6551 37.936 1.02
      vertex 16.0899 38.0347 1.02
    endloop
  endfacet
  facet normal -0.164315 0.986408 0
    outer loop
      vertex 17.2254 38.031 1.02
      vertex 16.6551 37.936 3
      vertex 17.2254 38.031 3
    endloop
  endfacet
  facet normal -0.164315 0.986408 0
    outer loop
      vertex 16.6551 37.936 3
      vertex 17.2254 38.031 1.02
      vertex 16.6551 37.936 1.02
    endloop
  endfacet
  facet normal -0.673324 -0.739348 0
    outer loop
      vertex 16.0561 38.593 1.02
      vertex 16.2991 38.3717 3
      vertex 16.0561 38.593 3
    endloop
  endfacet
  facet normal -0.673324 -0.739348 -0
    outer loop
      vertex 16.2991 38.3717 3
      vertex 16.0561 38.593 1.02
      vertex 16.2991 38.3717 1.02
    endloop
  endfacet
  facet normal -0.933208 -0.359336 0
    outer loop
      vertex 16.0561 38.593 1.02
      vertex 15.9144 38.961 3
      vertex 15.9144 38.961 1.02
    endloop
  endfacet
  facet normal -0.933208 -0.359336 0
    outer loop
      vertex 15.9144 38.961 3
      vertex 16.0561 38.593 1.02
      vertex 16.0561 38.593 3
    endloop
  endfacet
  facet normal -0.995793 -0.0916362 0
    outer loop
      vertex 15.9144 38.961 1.02
      vertex 15.8671 39.475 3
      vertex 15.8671 39.475 1.02
    endloop
  endfacet
  facet normal -0.995793 -0.0916362 0
    outer loop
      vertex 15.8671 39.475 3
      vertex 15.9144 38.961 1.02
      vertex 15.9144 38.961 3
    endloop
  endfacet
  facet normal -0.995853 0.0909819 0
    outer loop
      vertex 15.8671 39.475 1.02
      vertex 15.9149 39.9982 3
      vertex 15.9149 39.9982 1.02
    endloop
  endfacet
  facet normal -0.995853 0.0909819 0
    outer loop
      vertex 15.9149 39.9982 3
      vertex 15.8671 39.475 1.02
      vertex 15.8671 39.475 3
    endloop
  endfacet
  facet normal -0.930509 0.36627 0
    outer loop
      vertex 15.9149 39.9982 1.02
      vertex 16.0581 40.362 3
      vertex 16.0581 40.362 1.02
    endloop
  endfacet
  facet normal -0.930509 0.36627 0
    outer loop
      vertex 16.0581 40.362 3
      vertex 15.9149 39.9982 1.02
      vertex 15.9149 39.9982 3
    endloop
  endfacet
  facet normal -0.646282 0.763098 0
    outer loop
      vertex 16.3096 40.575 1.02
      vertex 16.0581 40.362 3
      vertex 16.3096 40.575 3
    endloop
  endfacet
  facet normal -0.646282 0.763098 0
    outer loop
      vertex 16.0581 40.362 3
      vertex 16.3096 40.575 1.02
      vertex 16.0581 40.362 1.02
    endloop
  endfacet
  facet normal -0.188208 0.982129 0
    outer loop
      vertex 16.6801 40.646 1.02
      vertex 16.3096 40.575 3
      vertex 16.6801 40.646 3
    endloop
  endfacet
  facet normal -0.188208 0.982129 0
    outer loop
      vertex 16.3096 40.575 3
      vertex 16.6801 40.646 1.02
      vertex 16.3096 40.575 1.02
    endloop
  endfacet
  facet normal 0.187929 0.982183 -0
    outer loop
      vertex 17.0449 40.5762 1.02
      vertex 16.6801 40.646 3
      vertex 17.0449 40.5762 3
    endloop
  endfacet
  facet normal 0.187929 0.982183 0
    outer loop
      vertex 16.6801 40.646 3
      vertex 17.0449 40.5762 1.02
      vertex 16.6801 40.646 1.02
    endloop
  endfacet
  facet normal 0.653669 0.756781 -0
    outer loop
      vertex 17.2871 40.367 1.02
      vertex 17.0449 40.5762 3
      vertex 17.2871 40.367 3
    endloop
  endfacet
  facet normal 0.653669 0.756781 0
    outer loop
      vertex 17.0449 40.5762 3
      vertex 17.2871 40.367 1.02
      vertex 17.0449 40.5762 1.02
    endloop
  endfacet
  facet normal 0.936287 0.351237 0
    outer loop
      vertex 17.4229 40.005 3
      vertex 17.2871 40.367 1.02
      vertex 17.2871 40.367 3
    endloop
  endfacet
  facet normal 0.936287 0.351237 0
    outer loop
      vertex 17.2871 40.367 1.02
      vertex 17.4229 40.005 3
      vertex 17.4229 40.005 1.02
    endloop
  endfacet
  facet normal 0.996383 0.0849746 0
    outer loop
      vertex 17.4681 39.475 3
      vertex 17.4229 40.005 1.02
      vertex 17.4229 40.005 3
    endloop
  endfacet
  facet normal 0.996383 0.0849746 0
    outer loop
      vertex 17.4229 40.005 1.02
      vertex 17.4681 39.475 3
      vertex 17.4681 39.475 1.02
    endloop
  endfacet
  facet normal 0.995998 -0.0893747 0
    outer loop
      vertex 17.4209 38.949 3
      vertex 17.4681 39.475 1.02
      vertex 17.4681 39.475 3
    endloop
  endfacet
  facet normal 0.995998 -0.0893747 0
    outer loop
      vertex 17.4681 39.475 1.02
      vertex 17.4209 38.949 3
      vertex 17.4209 38.949 1.02
    endloop
  endfacet
  facet normal 0.932463 -0.361266 0
    outer loop
      vertex 17.2791 38.583 3
      vertex 17.4209 38.949 1.02
      vertex 17.4209 38.949 3
    endloop
  endfacet
  facet normal 0.932463 -0.361266 0
    outer loop
      vertex 17.4209 38.949 1.02
      vertex 17.2791 38.583 3
      vertex 17.2791 38.583 1.02
    endloop
  endfacet
  facet normal 0.647393 -0.762156 0
    outer loop
      vertex 17.0274 38.3692 1.02
      vertex 17.2791 38.583 3
      vertex 17.0274 38.3692 3
    endloop
  endfacet
  facet normal 0.647393 -0.762156 0
    outer loop
      vertex 17.2791 38.583 3
      vertex 17.0274 38.3692 1.02
      vertex 17.2791 38.583 1.02
    endloop
  endfacet
  facet normal 0.185436 -0.982656 0
    outer loop
      vertex 16.6501 38.298 1.02
      vertex 17.0274 38.3692 3
      vertex 16.6501 38.298 3
    endloop
  endfacet
  facet normal 0.185436 -0.982656 0
    outer loop
      vertex 17.0274 38.3692 3
      vertex 16.6501 38.298 1.02
      vertex 17.0274 38.3692 1.02
    endloop
  endfacet
  facet normal -0.205491 -0.978659 0
    outer loop
      vertex 16.2991 38.3717 1.02
      vertex 16.6501 38.298 3
      vertex 16.2991 38.3717 3
    endloop
  endfacet
  facet normal -0.205491 -0.978659 -0
    outer loop
      vertex 16.6501 38.298 3
      vertex 16.2991 38.3717 1.02
      vertex 16.6501 38.298 1.02
    endloop
  endfacet
  facet normal -0.775855 0.630912 0
    outer loop
      vertex 24.3929 38.113 1.02
      vertex 24.8247 38.644 3
      vertex 24.8247 38.644 1.02
    endloop
  endfacet
  facet normal -0.775855 0.630912 0
    outer loop
      vertex 24.8247 38.644 3
      vertex 24.3929 38.113 1.02
      vertex 24.3929 38.113 3
    endloop
  endfacet
  facet normal -0.277677 -0.960674 0
    outer loop
      vertex 24.3957 38.768 1.02
      vertex 24.8247 38.644 3
      vertex 24.3957 38.768 3
    endloop
  endfacet
  facet normal -0.277677 -0.960674 -0
    outer loop
      vertex 24.8247 38.644 3
      vertex 24.3957 38.768 1.02
      vertex 24.8247 38.644 1.02
    endloop
  endfacet
  facet normal 0.88116 -0.472818 0
    outer loop
      vertex 24.2967 38.5835 3
      vertex 24.3957 38.768 1.02
      vertex 24.3957 38.768 3
    endloop
  endfacet
  facet normal 0.88116 -0.472818 0
    outer loop
      vertex 24.3957 38.768 1.02
      vertex 24.2967 38.5835 3
      vertex 24.2967 38.5835 1.02
    endloop
  endfacet
  facet normal 0.680451 -0.732793 0
    outer loop
      vertex 24.1357 38.434 1.02
      vertex 24.2967 38.5835 3
      vertex 24.1357 38.434 3
    endloop
  endfacet
  facet normal 0.680451 -0.732793 0
    outer loop
      vertex 24.2967 38.5835 3
      vertex 24.1357 38.434 1.02
      vertex 24.2967 38.5835 1.02
    endloop
  endfacet
  facet normal 0.403357 -0.915043 0
    outer loop
      vertex 23.9127 38.3357 1.02
      vertex 24.1357 38.434 3
      vertex 23.9127 38.3357 3
    endloop
  endfacet
  facet normal 0.403357 -0.915043 0
    outer loop
      vertex 24.1357 38.434 3
      vertex 23.9127 38.3357 1.02
      vertex 24.1357 38.434 1.02
    endloop
  endfacet
  facet normal 0.113205 -0.993572 0
    outer loop
      vertex 23.6257 38.303 1.02
      vertex 23.9127 38.3357 3
      vertex 23.6257 38.303 3
    endloop
  endfacet
  facet normal 0.113205 -0.993572 0
    outer loop
      vertex 23.9127 38.3357 3
      vertex 23.6257 38.303 1.02
      vertex 23.9127 38.3357 1.02
    endloop
  endfacet
  facet normal -0.189177 -0.981943 0
    outer loop
      vertex 23.2717 38.3712 1.02
      vertex 23.6257 38.303 3
      vertex 23.2717 38.3712 3
    endloop
  endfacet
  facet normal -0.189177 -0.981943 -0
    outer loop
      vertex 23.6257 38.303 3
      vertex 23.2717 38.3712 1.02
      vertex 23.6257 38.303 1.02
    endloop
  endfacet
  facet normal -0.621729 -0.783233 0
    outer loop
      vertex 23.0137 38.576 1.02
      vertex 23.2717 38.3712 3
      vertex 23.0137 38.576 3
    endloop
  endfacet
  facet normal -0.621729 -0.783233 -0
    outer loop
      vertex 23.2717 38.3712 3
      vertex 23.0137 38.576 1.02
      vertex 23.2717 38.3712 1.02
    endloop
  endfacet
  facet normal -0.903827 -0.427899 0
    outer loop
      vertex 23.0137 38.576 1.02
      vertex 22.8569 38.9072 3
      vertex 22.8569 38.9072 1.02
    endloop
  endfacet
  facet normal -0.903827 -0.427899 0
    outer loop
      vertex 22.8569 38.9072 3
      vertex 23.0137 38.576 1.02
      vertex 23.0137 38.576 3
    endloop
  endfacet
  facet normal -0.993214 -0.116298 0
    outer loop
      vertex 22.8569 38.9072 1.02
      vertex 22.8047 39.353 3
      vertex 22.8047 39.353 1.02
    endloop
  endfacet
  facet normal -0.993214 -0.116298 0
    outer loop
      vertex 22.8047 39.353 3
      vertex 22.8569 38.9072 1.02
      vertex 22.8569 38.9072 3
    endloop
  endfacet
  facet normal 0 1 -0
    outer loop
      vertex 24.9037 39.353 1.02
      vertex 22.8047 39.353 3
      vertex 24.9037 39.353 3
    endloop
  endfacet
  facet normal 0 1 0
    outer loop
      vertex 22.8047 39.353 3
      vertex 24.9037 39.353 1.02
      vertex 22.8047 39.353 1.02
    endloop
  endfacet
  facet normal -1 0 0
    outer loop
      vertex 24.9037 39.353 1.02
      vertex 24.9037 39.419 3
      vertex 24.9037 39.419 1.02
    endloop
  endfacet
  facet normal -1 -0 0
    outer loop
      vertex 24.9037 39.419 3
      vertex 24.9037 39.353 1.02
      vertex 24.9037 39.353 3
    endloop
  endfacet
  facet normal -0.964971 -0.262357 0
    outer loop
      vertex 24.9037 39.419 1.02
      vertex 24.5797 40.6107 3
      vertex 24.5797 40.6107 1.02
    endloop
  endfacet
  facet normal -0.964971 -0.262357 0
    outer loop
      vertex 24.5797 40.6107 3
      vertex 24.9037 39.419 1.02
      vertex 24.9037 39.419 3
    endloop
  endfacet
  facet normal -0.378358 -0.925659 0
    outer loop
      vertex 23.6077 41.008 1.02
      vertex 24.5797 40.6107 3
      vertex 23.6077 41.008 3
    endloop
  endfacet
  facet normal -0.378358 -0.925659 -0
    outer loop
      vertex 24.5797 40.6107 3
      vertex 23.6077 41.008 1.02
      vertex 24.5797 40.6107 1.02
    endloop
  endfacet
  facet normal 0.172142 -0.985072 0
    outer loop
      vertex 23.0469 40.91 1.02
      vertex 23.6077 41.008 3
      vertex 23.0469 40.91 3
    endloop
  endfacet
  facet normal 0.172142 -0.985072 0
    outer loop
      vertex 23.6077 41.008 3
      vertex 23.0469 40.91 1.02
      vertex 23.6077 41.008 1.02
    endloop
  endfacet
  facet normal 0.578815 -0.815459 0
    outer loop
      vertex 22.6327 40.616 1.02
      vertex 23.0469 40.91 3
      vertex 22.6327 40.616 3
    endloop
  endfacet
  facet normal 0.578815 -0.815459 0
    outer loop
      vertex 23.0469 40.91 3
      vertex 22.6327 40.616 1.02
      vertex 23.0469 40.91 1.02
    endloop
  endfacet
  facet normal 0.881194 -0.472755 0
    outer loop
      vertex 22.3769 40.1392 3
      vertex 22.6327 40.616 1.02
      vertex 22.6327 40.616 3
    endloop
  endfacet
  facet normal 0.881194 -0.472755 0
    outer loop
      vertex 22.6327 40.616 1.02
      vertex 22.3769 40.1392 3
      vertex 22.3769 40.1392 1.02
    endloop
  endfacet
  facet normal 0.991472 -0.13032 0
    outer loop
      vertex 22.2917 39.491 3
      vertex 22.3769 40.1392 1.02
      vertex 22.3769 40.1392 3
    endloop
  endfacet
  facet normal 0.991472 -0.13032 0
    outer loop
      vertex 22.3769 40.1392 1.02
      vertex 22.2917 39.491 3
      vertex 22.2917 39.491 1.02
    endloop
  endfacet
  facet normal 0.992174 0.124864 0
    outer loop
      vertex 22.3769 38.814 3
      vertex 22.2917 39.491 1.02
      vertex 22.2917 39.491 3
    endloop
  endfacet
  facet normal 0.992174 0.124864 0
    outer loop
      vertex 22.2917 39.491 1.02
      vertex 22.3769 38.814 3
      vertex 22.3769 38.814 1.02
    endloop
  endfacet
  facet normal 0.885304 0.465012 0
    outer loop
      vertex 22.6327 38.327 3
      vertex 22.3769 38.814 1.02
      vertex 22.3769 38.814 3
    endloop
  endfacet
  facet normal 0.885304 0.465012 0
    outer loop
      vertex 22.3769 38.814 1.02
      vertex 22.6327 38.327 3
      vertex 22.6327 38.327 1.02
    endloop
  endfacet
  facet normal 0.573738 0.819039 -0
    outer loop
      vertex 23.0514 38.0337 1.02
      vertex 22.6327 38.327 3
      vertex 23.0514 38.0337 3
    endloop
  endfacet
  facet normal 0.573738 0.819039 0
    outer loop
      vertex 22.6327 38.327 3
      vertex 23.0514 38.0337 1.02
      vertex 22.6327 38.327 1.02
    endloop
  endfacet
  facet normal 0.167711 0.985836 -0
    outer loop
      vertex 23.6257 37.936 1.02
      vertex 23.0514 38.0337 3
      vertex 23.6257 37.936 3
    endloop
  endfacet
  facet normal 0.167711 0.985836 0
    outer loop
      vertex 23.0514 38.0337 3
      vertex 23.6257 37.936 1.02
      vertex 23.0514 38.0337 1.02
    endloop
  endfacet
  facet normal -0.224804 0.974404 0
    outer loop
      vertex 24.3929 38.113 1.02
      vertex 23.6257 37.936 3
      vertex 24.3929 38.113 3
    endloop
  endfacet
  facet normal -0.224804 0.974404 0
    outer loop
      vertex 23.6257 37.936 3
      vertex 24.3929 38.113 1.02
      vertex 23.6257 37.936 1.02
    endloop
  endfacet
  facet normal -0.986268 0.165152 0
    outer loop
      vertex 22.8107 39.728 1.02
      vertex 22.8747 40.1102 3
      vertex 22.8747 40.1102 1.02
    endloop
  endfacet
  facet normal -0.986268 0.165152 0
    outer loop
      vertex 22.8747 40.1102 3
      vertex 22.8107 39.728 1.02
      vertex 22.8107 39.728 3
    endloop
  endfacet
  facet normal -0.87614 0.482058 0
    outer loop
      vertex 22.8747 40.1102 1.02
      vertex 23.0347 40.401 3
      vertex 23.0347 40.401 1.02
    endloop
  endfacet
  facet normal -0.87614 0.482058 0
    outer loop
      vertex 23.0347 40.401 3
      vertex 22.8747 40.1102 1.02
      vertex 22.8747 40.1102 3
    endloop
  endfacet
  facet normal -0.599582 0.800313 0
    outer loop
      vertex 23.2799 40.5847 1.02
      vertex 23.0347 40.401 3
      vertex 23.2799 40.5847 3
    endloop
  endfacet
  facet normal -0.599582 0.800313 0
    outer loop
      vertex 23.0347 40.401 3
      vertex 23.2799 40.5847 1.02
      vertex 23.0347 40.401 1.02
    endloop
  endfacet
  facet normal -0.188255 0.98212 0
    outer loop
      vertex 23.5997 40.646 1.02
      vertex 23.2799 40.5847 3
      vertex 23.5997 40.646 3
    endloop
  endfacet
  facet normal -0.188255 0.98212 0
    outer loop
      vertex 23.2799 40.5847 3
      vertex 23.5997 40.646 1.02
      vertex 23.2799 40.5847 1.02
    endloop
  endfacet
  facet normal 0.167359 0.985896 -0
    outer loop
      vertex 23.9237 40.591 1.02
      vertex 23.5997 40.646 3
      vertex 23.9237 40.591 3
    endloop
  endfacet
  facet normal 0.167359 0.985896 0
    outer loop
      vertex 23.5997 40.646 3
      vertex 23.9237 40.591 1.02
      vertex 23.5997 40.646 1.02
    endloop
  endfacet
  facet normal 0.569749 0.821819 -0
    outer loop
      vertex 24.1617 40.426 1.02
      vertex 23.9237 40.591 3
      vertex 24.1617 40.426 3
    endloop
  endfacet
  facet normal 0.569749 0.821819 0
    outer loop
      vertex 23.9237 40.591 3
      vertex 24.1617 40.426 1.02
      vertex 23.9237 40.591 1.02
    endloop
  endfacet
  facet normal 0.874912 0.484282 0
    outer loop
      vertex 24.3189 40.142 3
      vertex 24.1617 40.426 1.02
      vertex 24.1617 40.426 3
    endloop
  endfacet
  facet normal 0.874912 0.484282 0
    outer loop
      vertex 24.1617 40.426 1.02
      vertex 24.3189 40.142 3
      vertex 24.3189 40.142 1.02
    endloop
  endfacet
  facet normal 0.981925 0.18927 0
    outer loop
      vertex 24.3987 39.728 3
      vertex 24.3189 40.142 1.02
      vertex 24.3189 40.142 3
    endloop
  endfacet
  facet normal 0.981925 0.18927 0
    outer loop
      vertex 24.3189 40.142 1.02
      vertex 24.3987 39.728 3
      vertex 24.3987 39.728 1.02
    endloop
  endfacet
  facet normal 0 -1 0
    outer loop
      vertex 22.8107 39.728 1.02
      vertex 24.3987 39.728 3
      vertex 22.8107 39.728 3
    endloop
  endfacet
  facet normal 0 -1 -0
    outer loop
      vertex 24.3987 39.728 3
      vertex 22.8107 39.728 1.02
      vertex 24.3987 39.728 1.02
    endloop
  endfacet
  facet normal -0.991327 0.131421 0
    outer loop
      vertex 39.2148 39.712 1.02
      vertex 39.2658 40.0967 3
      vertex 39.2658 40.0967 1.02
    endloop
  endfacet
  facet normal -0.991327 0.131421 0
    outer loop
      vertex 39.2658 40.0967 3
      vertex 39.2148 39.712 1.02
      vertex 39.2148 39.712 3
    endloop
  endfacet
  facet normal -0.884654 0.466249 0
    outer loop
      vertex 39.2658 40.0967 1.02
      vertex 39.4188 40.387 3
      vertex 39.4188 40.387 1.02
    endloop
  endfacet
  facet normal -0.884654 0.466249 0
    outer loop
      vertex 39.4188 40.387 3
      vertex 39.2658 40.0967 1.02
      vertex 39.2658 40.0967 3
    endloop
  endfacet
  facet normal -0.602272 0.798291 0
    outer loop
      vertex 39.6603 40.5692 1.02
      vertex 39.4188 40.387 3
      vertex 39.6603 40.5692 3
    endloop
  endfacet
  facet normal -0.602272 0.798291 0
    outer loop
      vertex 39.4188 40.387 3
      vertex 39.6603 40.5692 1.02
      vertex 39.4188 40.387 1.02
    endloop
  endfacet
  facet normal -0.188652 0.982044 0
    outer loop
      vertex 39.9768 40.63 1.02
      vertex 39.6603 40.5692 3
      vertex 39.9768 40.63 3
    endloop
  endfacet
  facet normal -0.188652 0.982044 0
    outer loop
      vertex 39.6603 40.5692 3
      vertex 39.9768 40.63 1.02
      vertex 39.6603 40.5692 1.02
    endloop
  endfacet
  facet normal 0.0833555 0.99652 -0
    outer loop
      vertex 40.1896 40.6122 1.02
      vertex 39.9768 40.63 3
      vertex 40.1896 40.6122 3
    endloop
  endfacet
  facet normal 0.0833555 0.99652 0
    outer loop
      vertex 39.9768 40.63 3
      vertex 40.1896 40.6122 1.02
      vertex 39.9768 40.63 1.02
    endloop
  endfacet
  facet normal 0.326142 0.945321 -0
    outer loop
      vertex 40.3438 40.559 1.02
      vertex 40.1896 40.6122 3
      vertex 40.3438 40.559 3
    endloop
  endfacet
  facet normal 0.326142 0.945321 0
    outer loop
      vertex 40.1896 40.6122 3
      vertex 40.3438 40.559 1.02
      vertex 40.1896 40.6122 1.02
    endloop
  endfacet
  facet normal 0.654531 0.756035 -0
    outer loop
      vertex 40.4518 40.4655 1.02
      vertex 40.3438 40.559 3
      vertex 40.4518 40.4655 3
    endloop
  endfacet
  facet normal 0.654531 0.756035 0
    outer loop
      vertex 40.3438 40.559 3
      vertex 40.4518 40.4655 1.02
      vertex 40.3438 40.559 1.02
    endloop
  endfacet
  facet normal 0.882 0.471249 0
    outer loop
      vertex 40.5258 40.327 3
      vertex 40.4518 40.4655 1.02
      vertex 40.4518 40.4655 3
    endloop
  endfacet
  facet normal 0.882 0.471249 0
    outer loop
      vertex 40.4518 40.4655 1.02
      vertex 40.5258 40.327 3
      vertex 40.5258 40.327 1.02
    endloop
  endfacet
  facet normal 0.976518 0.215438 0
    outer loop
      vertex 40.5686 40.133 3
      vertex 40.5258 40.327 1.02
      vertex 40.5258 40.327 3
    endloop
  endfacet
  facet normal 0.976518 0.215438 0
    outer loop
      vertex 40.5258 40.327 1.02
      vertex 40.5686 40.133 3
      vertex 40.5686 40.133 1.02
    endloop
  endfacet
  facet normal 0.998512 0.0545341 0
    outer loop
      vertex 40.5828 39.873 3
      vertex 40.5686 40.133 1.02
      vertex 40.5686 40.133 3
    endloop
  endfacet
  facet normal 0.998512 0.0545341 0
    outer loop
      vertex 40.5686 40.133 1.02
      vertex 40.5828 39.873 3
      vertex 40.5828 39.873 1.02
    endloop
  endfacet
  facet normal 1 -0 0
    outer loop
      vertex 40.5828 38 3
      vertex 40.5828 39.873 1.02
      vertex 40.5828 39.873 3
    endloop
  endfacet
  facet normal 1 0 0
    outer loop
      vertex 40.5828 39.873 1.02
      vertex 40.5828 38 3
      vertex 40.5828 38 1.02
    endloop
  endfacet
  facet normal 0 1 -0
    outer loop
      vertex 41.0748 38 1.02
      vertex 40.5828 38 3
      vertex 41.0748 38 3
    endloop
  endfacet
  facet normal 0 1 0
    outer loop
      vertex 40.5828 38 3
      vertex 41.0748 38 1.02
      vertex 40.5828 38 1.02
    endloop
  endfacet
  facet normal -1 0 0
    outer loop
      vertex 41.0748 38 1.02
      vertex 41.0748 39.968 3
      vertex 41.0748 39.968 1.02
    endloop
  endfacet
  facet normal -1 -0 0
    outer loop
      vertex 41.0748 39.968 3
      vertex 41.0748 38 1.02
      vertex 41.0748 38 3
    endloop
  endfacet
  facet normal -0.993159 -0.116769 0
    outer loop
      vertex 41.0748 39.968 1.02
      vertex 41.0186 40.446 3
      vertex 41.0186 40.446 1.02
    endloop
  endfacet
  facet normal -0.993159 -0.116769 0
    outer loop
      vertex 41.0186 40.446 3
      vertex 41.0748 39.968 1.02
      vertex 41.0748 39.968 3
    endloop
  endfacet
  facet normal -0.884486 -0.466566 0
    outer loop
      vertex 41.0186 40.446 1.02
      vertex 40.8498 40.766 3
      vertex 40.8498 40.766 1.02
    endloop
  endfacet
  facet normal -0.884486 -0.466566 0
    outer loop
      vertex 40.8498 40.766 3
      vertex 41.0186 40.446 1.02
      vertex 41.0186 40.446 3
    endloop
  endfacet
  facet normal -0.532238 -0.846595 0
    outer loop
      vertex 40.5611 40.9475 1.02
      vertex 40.8498 40.766 3
      vertex 40.5611 40.9475 3
    endloop
  endfacet
  facet normal -0.532238 -0.846595 -0
    outer loop
      vertex 40.8498 40.766 3
      vertex 40.5611 40.9475 1.02
      vertex 40.8498 40.766 1.02
    endloop
  endfacet
  facet normal -0.143144 -0.989702 0
    outer loop
      vertex 40.1428 41.008 1.02
      vertex 40.5611 40.9475 3
      vertex 40.1428 41.008 3
    endloop
  endfacet
  facet normal -0.143144 -0.989702 -0
    outer loop
      vertex 40.5611 40.9475 3
      vertex 40.1428 41.008 1.02
      vertex 40.5611 40.9475 1.02
    endloop
  endfacet
  facet normal 0.104651 -0.994509 0
    outer loop
      vertex 39.8406 40.9762 1.02
      vertex 40.1428 41.008 3
      vertex 39.8406 40.9762 3
    endloop
  endfacet
  facet normal 0.104651 -0.994509 0
    outer loop
      vertex 40.1428 41.008 3
      vertex 39.8406 40.9762 1.02
      vertex 40.1428 41.008 1.02
    endloop
  endfacet
  facet normal 0.357369 -0.933963 0
    outer loop
      vertex 39.5918 40.881 1.02
      vertex 39.8406 40.9762 3
      vertex 39.5918 40.881 3
    endloop
  endfacet
  facet normal 0.357369 -0.933963 0
    outer loop
      vertex 39.8406 40.9762 3
      vertex 39.5918 40.881 1.02
      vertex 39.8406 40.9762 1.02
    endloop
  endfacet
  facet normal 0.636824 -0.771009 0
    outer loop
      vertex 39.3838 40.7092 1.02
      vertex 39.5918 40.881 3
      vertex 39.3838 40.7092 3
    endloop
  endfacet
  facet normal 0.636824 -0.771009 0
    outer loop
      vertex 39.5918 40.881 3
      vertex 39.3838 40.7092 1.02
      vertex 39.5918 40.881 1.02
    endloop
  endfacet
  facet normal 0.82047 -0.57169 0
    outer loop
      vertex 39.2018 40.448 3
      vertex 39.3838 40.7092 1.02
      vertex 39.3838 40.7092 3
    endloop
  endfacet
  facet normal 0.82047 -0.57169 0
    outer loop
      vertex 39.3838 40.7092 1.02
      vertex 39.2018 40.448 3
      vertex 39.2018 40.448 1.02
    endloop
  endfacet
  facet normal 0 -1 0
    outer loop
      vertex 39.1938 40.448 1.02
      vertex 39.2018 40.448 3
      vertex 39.1938 40.448 3
    endloop
  endfacet
  facet normal 0 -1 -0
    outer loop
      vertex 39.2018 40.448 3
      vertex 39.1938 40.448 1.02
      vertex 39.2018 40.448 1.02
    endloop
  endfacet
  facet normal -0.999606 -0.0280788 0
    outer loop
      vertex 39.1938 40.448 1.02
      vertex 39.1888 40.626 3
      vertex 39.1888 40.626 1.02
    endloop
  endfacet
  facet normal -0.999606 -0.0280788 0
    outer loop
      vertex 39.1888 40.626 3
      vertex 39.1938 40.448 1.02
      vertex 39.1938 40.448 3
    endloop
  endfacet
  facet normal -0.998969 -0.0454077 0
    outer loop
      vertex 39.1888 40.626 1.02
      vertex 39.1838 40.736 3
      vertex 39.1838 40.736 1.02
    endloop
  endfacet
  facet normal -0.998969 -0.0454077 0
    outer loop
      vertex 39.1838 40.736 3
      vertex 39.1888 40.626 1.02
      vertex 39.1888 40.626 3
    endloop
  endfacet
  facet normal -0.998678 -0.0514025 0
    outer loop
      vertex 39.1838 40.736 1.02
      vertex 39.1768 40.872 3
      vertex 39.1768 40.872 1.02
    endloop
  endfacet
  facet normal -0.998678 -0.0514025 0
    outer loop
      vertex 39.1768 40.872 3
      vertex 39.1838 40.736 1.02
      vertex 39.1838 40.736 3
    endloop
  endfacet
  facet normal -0.998929 -0.0462662 0
    outer loop
      vertex 39.1768 40.872 1.02
      vertex 39.1746 40.9195 3
      vertex 39.1746 40.9195 1.02
    endloop
  endfacet
  facet normal -0.998929 -0.0462662 0
    outer loop
      vertex 39.1746 40.9195 3
      vertex 39.1768 40.872 1.02
      vertex 39.1768 40.872 3
    endloop
  endfacet
  facet normal -0.993533 -0.113547 0
    outer loop
      vertex 39.1746 40.9195 1.02
      vertex 39.1718 40.944 3
      vertex 39.1718 40.944 1.02
    endloop
  endfacet
  facet normal -0.993533 -0.113547 0
    outer loop
      vertex 39.1718 40.944 3
      vertex 39.1746 40.9195 1.02
      vertex 39.1746 40.9195 3
    endloop
  endfacet
  facet normal 0 -1 0
    outer loop
      vertex 38.7098 40.944 1.02
      vertex 39.1718 40.944 3
      vertex 38.7098 40.944 3
    endloop
  endfacet
  facet normal 0 -1 -0
    outer loop
      vertex 39.1718 40.944 3
      vertex 38.7098 40.944 1.02
      vertex 39.1718 40.944 1.02
    endloop
  endfacet
  facet normal 0.998436 0.0559087 0
    outer loop
      vertex 38.7218 40.7297 3
      vertex 38.7098 40.944 1.02
      vertex 38.7098 40.944 3
    endloop
  endfacet
  facet normal 0.998436 0.0559087 0
    outer loop
      vertex 38.7098 40.944 1.02
      vertex 38.7218 40.7297 3
      vertex 38.7218 40.7297 1.02
    endloop
  endfacet
  facet normal 0.999953 0.00964508 0
    outer loop
      vertex 38.7258 40.315 3
      vertex 38.7218 40.7297 1.02
      vertex 38.7218 40.7297 3
    endloop
  endfacet
  facet normal 0.999953 0.00964508 0
    outer loop
      vertex 38.7218 40.7297 1.02
      vertex 38.7258 40.315 3
      vertex 38.7258 40.315 1.02
    endloop
  endfacet
  facet normal 1 -0 0
    outer loop
      vertex 38.7258 38 3
      vertex 38.7258 40.315 1.02
      vertex 38.7258 40.315 3
    endloop
  endfacet
  facet normal 1 0 0
    outer loop
      vertex 38.7258 40.315 1.02
      vertex 38.7258 38 3
      vertex 38.7258 38 1.02
    endloop
  endfacet
  facet normal 0 1 -0
    outer loop
      vertex 39.2148 38 1.02
      vertex 38.7258 38 3
      vertex 39.2148 38 3
    endloop
  endfacet
  facet normal 0 1 0
    outer loop
      vertex 38.7258 38 3
      vertex 39.2148 38 1.02
      vertex 38.7258 38 1.02
    endloop
  endfacet
  facet normal -1 0 0
    outer loop
      vertex 39.2148 38 1.02
      vertex 39.2148 39.712 3
      vertex 39.2148 39.712 1.02
    endloop
  endfacet
  facet normal -1 -0 0
    outer loop
      vertex 39.2148 39.712 3
      vertex 39.2148 38 1.02
      vertex 39.2148 38 3
    endloop
  endfacet
  facet normal -0.564442 0.825472 0
    outer loop
      vertex 34.8277 38.316 1.02
      vertex 34.4109 38.031 3
      vertex 34.8277 38.316 3
    endloop
  endfacet
  facet normal -0.564442 0.825472 0
    outer loop
      vertex 34.4109 38.031 3
      vertex 34.8277 38.316 1.02
      vertex 34.4109 38.031 1.02
    endloop
  endfacet
  facet normal -0.883197 0.469003 0
    outer loop
      vertex 34.8277 38.316 1.02
      vertex 35.0827 38.7962 3
      vertex 35.0827 38.7962 1.02
    endloop
  endfacet
  facet normal -0.883197 0.469003 0
    outer loop
      vertex 35.0827 38.7962 3
      vertex 34.8277 38.316 1.02
      vertex 34.8277 38.316 3
    endloop
  endfacet
  facet normal -0.992251 0.124251 0
    outer loop
      vertex 35.0827 38.7962 1.02
      vertex 35.1677 39.475 3
      vertex 35.1677 39.475 1.02
    endloop
  endfacet
  facet normal -0.992251 0.124251 0
    outer loop
      vertex 35.1677 39.475 3
      vertex 35.0827 38.7962 1.02
      vertex 35.0827 38.7962 3
    endloop
  endfacet
  facet normal -0.993288 -0.115668 0
    outer loop
      vertex 35.1677 39.475 1.02
      vertex 35.0882 40.1577 3
      vertex 35.0882 40.1577 1.02
    endloop
  endfacet
  facet normal -0.993288 -0.115668 0
    outer loop
      vertex 35.0882 40.1577 3
      vertex 35.1677 39.475 1.02
      vertex 35.1677 39.475 3
    endloop
  endfacet
  facet normal -0.894164 -0.447739 0
    outer loop
      vertex 35.0882 40.1577 1.02
      vertex 34.8497 40.634 3
      vertex 34.8497 40.634 1.02
    endloop
  endfacet
  facet normal -0.894164 -0.447739 0
    outer loop
      vertex 34.8497 40.634 3
      vertex 35.0882 40.1577 1.02
      vertex 35.0882 40.1577 3
    endloop
  endfacet
  facet normal -0.567473 -0.823392 0
    outer loop
      vertex 34.4427 40.9145 1.02
      vertex 34.8497 40.634 3
      vertex 34.4427 40.9145 3
    endloop
  endfacet
  facet normal -0.567473 -0.823392 -0
    outer loop
      vertex 34.8497 40.634 3
      vertex 34.4427 40.9145 1.02
      vertex 34.8497 40.634 1.02
    endloop
  endfacet
  facet normal -0.157826 -0.987467 0
    outer loop
      vertex 33.8577 41.008 1.02
      vertex 34.4427 40.9145 3
      vertex 33.8577 41.008 3
    endloop
  endfacet
  facet normal -0.157826 -0.987467 -0
    outer loop
      vertex 34.4427 40.9145 3
      vertex 33.8577 41.008 1.02
      vertex 34.4427 40.9145 1.02
    endloop
  endfacet
  facet normal 0.361277 -0.932459 0
    outer loop
      vertex 32.8684 40.6247 1.02
      vertex 33.8577 41.008 3
      vertex 32.8684 40.6247 3
    endloop
  endfacet
  facet normal 0.361277 -0.932459 0
    outer loop
      vertex 33.8577 41.008 3
      vertex 32.8684 40.6247 1.02
      vertex 33.8577 41.008 1.02
    endloop
  endfacet
  facet normal 0.961255 -0.27566 0
    outer loop
      vertex 32.5387 39.475 3
      vertex 32.8684 40.6247 1.02
      vertex 32.8684 40.6247 3
    endloop
  endfacet
  facet normal 0.961255 -0.27566 0
    outer loop
      vertex 32.8684 40.6247 1.02
      vertex 32.5387 39.475 3
      vertex 32.5387 39.475 1.02
    endloop
  endfacet
  facet normal 0.992333 0.123591 0
    outer loop
      vertex 32.6209 38.815 3
      vertex 32.5387 39.475 1.02
      vertex 32.5387 39.475 3
    endloop
  endfacet
  facet normal 0.992333 0.123591 0
    outer loop
      vertex 32.5387 39.475 1.02
      vertex 32.6209 38.815 3
      vertex 32.6209 38.815 1.02
    endloop
  endfacet
  facet normal 0.890865 0.454268 0
    outer loop
      vertex 32.8677 38.331 3
      vertex 32.6209 38.815 1.02
      vertex 32.6209 38.815 3
    endloop
  endfacet
  facet normal 0.890865 0.454268 0
    outer loop
      vertex 32.6209 38.815 1.02
      vertex 32.8677 38.331 3
      vertex 32.8677 38.331 1.02
    endloop
  endfacet
  facet normal 0.5879 0.808933 -0
    outer loop
      vertex 33.2754 38.0347 1.02
      vertex 32.8677 38.331 3
      vertex 33.2754 38.0347 3
    endloop
  endfacet
  facet normal 0.5879 0.808933 0
    outer loop
      vertex 32.8677 38.331 3
      vertex 33.2754 38.0347 1.02
      vertex 32.8677 38.331 1.02
    endloop
  endfacet
  facet normal 0.171996 0.985098 -0
    outer loop
      vertex 33.8407 37.936 1.02
      vertex 33.2754 38.0347 3
      vertex 33.8407 37.936 3
    endloop
  endfacet
  facet normal 0.171996 0.985098 0
    outer loop
      vertex 33.2754 38.0347 3
      vertex 33.8407 37.936 1.02
      vertex 33.2754 38.0347 1.02
    endloop
  endfacet
  facet normal -0.164343 0.986403 0
    outer loop
      vertex 34.4109 38.031 1.02
      vertex 33.8407 37.936 3
      vertex 34.4109 38.031 3
    endloop
  endfacet
  facet normal -0.164343 0.986403 0
    outer loop
      vertex 33.8407 37.936 3
      vertex 34.4109 38.031 1.02
      vertex 33.8407 37.936 1.02
    endloop
  endfacet
  facet normal -0.673324 -0.739348 0
    outer loop
      vertex 33.2417 38.593 1.02
      vertex 33.4847 38.3717 3
      vertex 33.2417 38.593 3
    endloop
  endfacet
  facet normal -0.673324 -0.739348 -0
    outer loop
      vertex 33.4847 38.3717 3
      vertex 33.2417 38.593 1.02
      vertex 33.4847 38.3717 1.02
    endloop
  endfacet
  facet normal -0.933123 -0.359557 0
    outer loop
      vertex 33.2417 38.593 1.02
      vertex 33.0999 38.961 3
      vertex 33.0999 38.961 1.02
    endloop
  endfacet
  facet normal -0.933123 -0.359557 0
    outer loop
      vertex 33.0999 38.961 3
      vertex 33.2417 38.593 1.02
      vertex 33.2417 38.593 3
    endloop
  endfacet
  facet normal -0.99581 -0.0914441 0
    outer loop
      vertex 33.0999 38.961 1.02
      vertex 33.0527 39.475 3
      vertex 33.0527 39.475 1.02
    endloop
  endfacet
  facet normal -0.99581 -0.0914441 0
    outer loop
      vertex 33.0527 39.475 3
      vertex 33.0999 38.961 1.02
      vertex 33.0999 38.961 3
    endloop
  endfacet
  facet normal -0.99587 0.0907932 0
    outer loop
      vertex 33.0527 39.475 1.02
      vertex 33.1004 39.9982 3
      vertex 33.1004 39.9982 1.02
    endloop
  endfacet
  facet normal -0.99587 0.0907932 0
    outer loop
      vertex 33.1004 39.9982 3
      vertex 33.0527 39.475 1.02
      vertex 33.0527 39.475 3
    endloop
  endfacet
  facet normal -0.930422 0.366491 0
    outer loop
      vertex 33.1004 39.9982 1.02
      vertex 33.2437 40.362 3
      vertex 33.2437 40.362 1.02
    endloop
  endfacet
  facet normal -0.930422 0.366491 0
    outer loop
      vertex 33.2437 40.362 3
      vertex 33.1004 39.9982 1.02
      vertex 33.1004 39.9982 3
    endloop
  endfacet
  facet normal -0.646282 0.763098 0
    outer loop
      vertex 33.4952 40.575 1.02
      vertex 33.2437 40.362 3
      vertex 33.4952 40.575 3
    endloop
  endfacet
  facet normal -0.646282 0.763098 0
    outer loop
      vertex 33.2437 40.362 3
      vertex 33.4952 40.575 1.02
      vertex 33.2437 40.362 1.02
    endloop
  endfacet
  facet normal -0.188208 0.982129 0
    outer loop
      vertex 33.8657 40.646 1.02
      vertex 33.4952 40.575 3
      vertex 33.8657 40.646 3
    endloop
  endfacet
  facet normal -0.188208 0.982129 0
    outer loop
      vertex 33.4952 40.575 3
      vertex 33.8657 40.646 1.02
      vertex 33.4952 40.575 1.02
    endloop
  endfacet
  facet normal 0.187978 0.982173 -0
    outer loop
      vertex 34.2304 40.5762 1.02
      vertex 33.8657 40.646 3
      vertex 34.2304 40.5762 3
    endloop
  endfacet
  facet normal 0.187978 0.982173 0
    outer loop
      vertex 33.8657 40.646 3
      vertex 34.2304 40.5762 1.02
      vertex 33.8657 40.646 1.02
    endloop
  endfacet
  facet normal 0.653514 0.756914 -0
    outer loop
      vertex 34.4727 40.367 1.02
      vertex 34.2304 40.5762 3
      vertex 34.4727 40.367 3
    endloop
  endfacet
  facet normal 0.653514 0.756914 0
    outer loop
      vertex 34.2304 40.5762 3
      vertex 34.4727 40.367 1.02
      vertex 34.2304 40.5762 1.02
    endloop
  endfacet
  facet normal 0.936372 0.35101 0
    outer loop
      vertex 34.6084 40.005 3
      vertex 34.4727 40.367 1.02
      vertex 34.4727 40.367 3
    endloop
  endfacet
  facet normal 0.936372 0.35101 0
    outer loop
      vertex 34.4727 40.367 1.02
      vertex 34.6084 40.005 3
      vertex 34.6084 40.005 1.02
    endloop
  endfacet
  facet normal 0.996367 0.0851612 0
    outer loop
      vertex 34.6537 39.475 3
      vertex 34.6084 40.005 1.02
      vertex 34.6084 40.005 3
    endloop
  endfacet
  facet normal 0.996367 0.0851612 0
    outer loop
      vertex 34.6084 40.005 1.02
      vertex 34.6537 39.475 3
      vertex 34.6537 39.475 1.02
    endloop
  endfacet
  facet normal 0.995981 -0.0895626 0
    outer loop
      vertex 34.6064 38.949 3
      vertex 34.6537 39.475 1.02
      vertex 34.6537 39.475 3
    endloop
  endfacet
  facet normal 0.995981 -0.0895626 0
    outer loop
      vertex 34.6537 39.475 1.02
      vertex 34.6064 38.949 3
      vertex 34.6064 38.949 1.02
    endloop
  endfacet
  facet normal 0.932549 -0.361044 0
    outer loop
      vertex 34.4647 38.583 3
      vertex 34.6064 38.949 1.02
      vertex 34.6064 38.949 3
    endloop
  endfacet
  facet normal 0.932549 -0.361044 0
    outer loop
      vertex 34.6064 38.949 1.02
      vertex 34.4647 38.583 3
      vertex 34.4647 38.583 1.02
    endloop
  endfacet
  facet normal 0.647244 -0.762283 0
    outer loop
      vertex 34.2129 38.3692 1.02
      vertex 34.4647 38.583 3
      vertex 34.2129 38.3692 3
    endloop
  endfacet
  facet normal 0.647244 -0.762283 0
    outer loop
      vertex 34.4647 38.583 3
      vertex 34.2129 38.3692 1.02
      vertex 34.4647 38.583 1.02
    endloop
  endfacet
  facet normal 0.185484 -0.982647 0
    outer loop
      vertex 33.8357 38.298 1.02
      vertex 34.2129 38.3692 3
      vertex 33.8357 38.298 3
    endloop
  endfacet
  facet normal 0.185484 -0.982647 0
    outer loop
      vertex 34.2129 38.3692 3
      vertex 33.8357 38.298 1.02
      vertex 34.2129 38.3692 1.02
    endloop
  endfacet
  facet normal -0.205491 -0.978659 0
    outer loop
      vertex 33.4847 38.3717 1.02
      vertex 33.8357 38.298 3
      vertex 33.4847 38.3717 3
    endloop
  endfacet
  facet normal -0.205491 -0.978659 -0
    outer loop
      vertex 33.8357 38.298 3
      vertex 33.4847 38.3717 1.02
      vertex 33.8357 38.298 1.02
    endloop
  endfacet
  facet normal -0.995793 0.0916304 0
    outer loop
      vertex 25.9473 39.54 1.02
      vertex 25.9873 39.9747 3
      vertex 25.9873 39.9747 1.02
    endloop
  endfacet
  facet normal -0.995793 0.0916304 0
    outer loop
      vertex 25.9873 39.9747 3
      vertex 25.9473 39.54 1.02
      vertex 25.9473 39.54 3
    endloop
  endfacet
  facet normal -0.936437 0.350835 0
    outer loop
      vertex 25.9873 39.9747 1.02
      vertex 26.1073 40.295 3
      vertex 26.1073 40.295 1.02
    endloop
  endfacet
  facet normal -0.936437 0.350835 0
    outer loop
      vertex 26.1073 40.295 3
      vertex 25.9873 39.9747 1.02
      vertex 25.9873 39.9747 3
    endloop
  endfacet
  facet normal -0.708895 0.705314 0
    outer loop
      vertex 26.1073 40.295 1.02
      vertex 26.3043 40.493 3
      vertex 26.3043 40.493 1.02
    endloop
  endfacet
  facet normal -0.708895 0.705314 0
    outer loop
      vertex 26.3043 40.493 3
      vertex 26.1073 40.295 1.02
      vertex 26.1073 40.295 3
    endloop
  endfacet
  facet normal -0.238286 0.971195 0
    outer loop
      vertex 26.5733 40.559 1.02
      vertex 26.3043 40.493 3
      vertex 26.5733 40.559 3
    endloop
  endfacet
  facet normal -0.238286 0.971195 0
    outer loop
      vertex 26.3043 40.493 3
      vertex 26.5733 40.559 1.02
      vertex 26.3043 40.493 1.02
    endloop
  endfacet
  facet normal 0.0463034 0.998927 -0
    outer loop
      vertex 26.72 40.5522 1.02
      vertex 26.5733 40.559 3
      vertex 26.72 40.5522 3
    endloop
  endfacet
  facet normal 0.0463034 0.998927 0
    outer loop
      vertex 26.5733 40.559 3
      vertex 26.72 40.5522 1.02
      vertex 26.5733 40.559 1.02
    endloop
  endfacet
  facet normal 0.174031 0.98474 -0
    outer loop
      vertex 26.8343 40.532 1.02
      vertex 26.72 40.5522 3
      vertex 26.8343 40.532 3
    endloop
  endfacet
  facet normal 0.174031 0.98474 0
    outer loop
      vertex 26.72 40.5522 3
      vertex 26.8343 40.532 1.02
      vertex 26.72 40.5522 1.02
    endloop
  endfacet
  facet normal -1 0 0
    outer loop
      vertex 26.8343 40.532 1.02
      vertex 26.8343 40.981 3
      vertex 26.8343 40.981 1.02
    endloop
  endfacet
  facet normal -1 -0 0
    outer loop
      vertex 26.8343 40.981 3
      vertex 26.8343 40.532 1.02
      vertex 26.8343 40.532 3
    endloop
  endfacet
  facet normal -0.198001 -0.980202 0
    outer loop
      vertex 26.7343 41.0012 1.02
      vertex 26.8343 40.981 3
      vertex 26.7343 41.0012 3
    endloop
  endfacet
  facet normal -0.198001 -0.980202 -0
    outer loop
      vertex 26.8343 40.981 3
      vertex 26.7343 41.0012 1.02
      vertex 26.8343 40.981 1.02
    endloop
  endfacet
  facet normal -0.0692213 -0.997601 0
    outer loop
      vertex 26.6363 41.008 1.02
      vertex 26.7343 41.0012 3
      vertex 26.6363 41.008 3
    endloop
  endfacet
  facet normal -0.0692213 -0.997601 -0
    outer loop
      vertex 26.7343 41.0012 3
      vertex 26.6363 41.008 1.02
      vertex 26.7343 41.0012 1.02
    endloop
  endfacet
  facet normal 0.13979 -0.990181 0
    outer loop
      vertex 26.3898 40.9732 1.02
      vertex 26.6363 41.008 3
      vertex 26.3898 40.9732 3
    endloop
  endfacet
  facet normal 0.13979 -0.990181 0
    outer loop
      vertex 26.6363 41.008 3
      vertex 26.3898 40.9732 1.02
      vertex 26.6363 41.008 1.02
    endloop
  endfacet
  facet normal 0.49379 -0.869581 0
    outer loop
      vertex 26.2063 40.869 1.02
      vertex 26.3898 40.9732 3
      vertex 26.2063 40.869 3
    endloop
  endfacet
  facet normal 0.49379 -0.869581 0
    outer loop
      vertex 26.3898 40.9732 3
      vertex 26.2063 40.869 1.02
      vertex 26.3898 40.9732 1.02
    endloop
  endfacet
  facet normal 0.810096 -0.586297 0
    outer loop
      vertex 26.063 40.671 3
      vertex 26.2063 40.869 1.02
      vertex 26.2063 40.869 3
    endloop
  endfacet
  facet normal 0.810096 -0.586297 0
    outer loop
      vertex 26.2063 40.869 1.02
      vertex 26.063 40.671 3
      vertex 26.063 40.671 1.02
    endloop
  endfacet
  facet normal 0.929982 -0.367606 0
    outer loop
      vertex 25.9373 40.353 3
      vertex 26.063 40.671 1.02
      vertex 26.063 40.671 3
    endloop
  endfacet
  facet normal 0.929982 -0.367606 0
    outer loop
      vertex 26.063 40.671 1.02
      vertex 25.9373 40.353 3
      vertex 25.9373 40.353 1.02
    endloop
  endfacet
  facet normal 0 -1 0
    outer loop
      vertex 25.9263 40.353 1.02
      vertex 25.9373 40.353 3
      vertex 25.9263 40.353 3
    endloop
  endfacet
  facet normal 0 -1 -0
    outer loop
      vertex 25.9373 40.353 3
      vertex 25.9263 40.353 1.02
      vertex 25.9373 40.353 1.02
    endloop
  endfacet
  facet normal -0.999611 -0.0278796 0
    outer loop
      vertex 25.9263 40.353 1.02
      vertex 25.9208 40.5502 3
      vertex 25.9208 40.5502 1.02
    endloop
  endfacet
  facet normal -0.999611 -0.0278796 0
    outer loop
      vertex 25.9208 40.5502 3
      vertex 25.9263 40.353 1.02
      vertex 25.9263 40.353 3
    endloop
  endfacet
  facet normal -0.999123 -0.0418627 0
    outer loop
      vertex 25.9208 40.5502 1.02
      vertex 25.9043 40.944 3
      vertex 25.9043 40.944 1.02
    endloop
  endfacet
  facet normal -0.999123 -0.0418627 0
    outer loop
      vertex 25.9043 40.944 3
      vertex 25.9208 40.5502 1.02
      vertex 25.9208 40.5502 3
    endloop
  endfacet
  facet normal 0 -1 0
    outer loop
      vertex 25.4423 40.944 1.02
      vertex 25.9043 40.944 3
      vertex 25.4423 40.944 3
    endloop
  endfacet
  facet normal 0 -1 -0
    outer loop
      vertex 25.9043 40.944 3
      vertex 25.4423 40.944 1.02
      vertex 25.9043 40.944 1.02
    endloop
  endfacet
  facet normal 0.999442 0.0334075 0
    outer loop
      vertex 25.4543 40.585 3
      vertex 25.4423 40.944 1.02
      vertex 25.4423 40.944 3
    endloop
  endfacet
  facet normal 0.999442 0.0334075 0
    outer loop
      vertex 25.4423 40.944 1.02
      vertex 25.4543 40.585 3
      vertex 25.4543 40.585 1.02
    endloop
  endfacet
  facet normal 0.999925 0.0122315 0
    outer loop
      vertex 25.4583 40.258 3
      vertex 25.4543 40.585 1.02
      vertex 25.4543 40.585 3
    endloop
  endfacet
  facet normal 0.999925 0.0122315 0
    outer loop
      vertex 25.4543 40.585 1.02
      vertex 25.4583 40.258 3
      vertex 25.4583 40.258 1.02
    endloop
  endfacet
  facet normal 1 -0 0
    outer loop
      vertex 25.4583 38 3
      vertex 25.4583 40.258 1.02
      vertex 25.4583 40.258 3
    endloop
  endfacet
  facet normal 1 0 0
    outer loop
      vertex 25.4583 40.258 1.02
      vertex 25.4583 38 3
      vertex 25.4583 38 1.02
    endloop
  endfacet
  facet normal 0 1 -0
    outer loop
      vertex 25.9473 38 1.02
      vertex 25.4583 38 3
      vertex 25.9473 38 3
    endloop
  endfacet
  facet normal 0 1 0
    outer loop
      vertex 25.4583 38 3
      vertex 25.9473 38 1.02
      vertex 25.4583 38 1.02
    endloop
  endfacet
  facet normal -1 0 0
    outer loop
      vertex 25.9473 38 1.02
      vertex 25.9473 39.54 3
      vertex 25.9473 39.54 1.02
    endloop
  endfacet
  facet normal -1 -0 0
    outer loop
      vertex 25.9473 39.54 3
      vertex 25.9473 38 1.02
      vertex 25.9473 38 3
    endloop
  endfacet
  facet normal -0.775926 0.630824 0
    outer loop
      vertex 43.6957 38.113 1.02
      vertex 44.1274 38.644 3
      vertex 44.1274 38.644 1.02
    endloop
  endfacet
  facet normal -0.775926 0.630824 0
    outer loop
      vertex 44.1274 38.644 3
      vertex 43.6957 38.113 1.02
      vertex 43.6957 38.113 3
    endloop
  endfacet
  facet normal -0.277677 -0.960674 0
    outer loop
      vertex 43.6984 38.768 1.02
      vertex 44.1274 38.644 3
      vertex 43.6984 38.768 3
    endloop
  endfacet
  facet normal -0.277677 -0.960674 -0
    outer loop
      vertex 44.1274 38.644 3
      vertex 43.6984 38.768 1.02
      vertex 44.1274 38.644 1.02
    endloop
  endfacet
  facet normal 0.88116 -0.472818 0
    outer loop
      vertex 43.5994 38.5835 3
      vertex 43.6984 38.768 1.02
      vertex 43.6984 38.768 3
    endloop
  endfacet
  facet normal 0.88116 -0.472818 0
    outer loop
      vertex 43.6984 38.768 1.02
      vertex 43.5994 38.5835 3
      vertex 43.5994 38.5835 1.02
    endloop
  endfacet
  facet normal 0.680451 -0.732793 0
    outer loop
      vertex 43.4384 38.434 1.02
      vertex 43.5994 38.5835 3
      vertex 43.4384 38.434 3
    endloop
  endfacet
  facet normal 0.680451 -0.732793 0
    outer loop
      vertex 43.5994 38.5835 3
      vertex 43.4384 38.434 1.02
      vertex 43.5994 38.5835 1.02
    endloop
  endfacet
  facet normal 0.403357 -0.915043 0
    outer loop
      vertex 43.2154 38.3357 1.02
      vertex 43.4384 38.434 3
      vertex 43.2154 38.3357 3
    endloop
  endfacet
  facet normal 0.403357 -0.915043 0
    outer loop
      vertex 43.4384 38.434 3
      vertex 43.2154 38.3357 1.02
      vertex 43.4384 38.434 1.02
    endloop
  endfacet
  facet normal 0.113205 -0.993572 0
    outer loop
      vertex 42.9284 38.303 1.02
      vertex 43.2154 38.3357 3
      vertex 42.9284 38.303 3
    endloop
  endfacet
  facet normal 0.113205 -0.993572 0
    outer loop
      vertex 43.2154 38.3357 3
      vertex 42.9284 38.303 1.02
      vertex 43.2154 38.3357 1.02
    endloop
  endfacet
  facet normal -0.189177 -0.981943 0
    outer loop
      vertex 42.5744 38.3712 1.02
      vertex 42.9284 38.303 3
      vertex 42.5744 38.3712 3
    endloop
  endfacet
  facet normal -0.189177 -0.981943 -0
    outer loop
      vertex 42.9284 38.303 3
      vertex 42.5744 38.3712 1.02
      vertex 42.9284 38.303 1.02
    endloop
  endfacet
  facet normal -0.621729 -0.783233 0
    outer loop
      vertex 42.3164 38.576 1.02
      vertex 42.5744 38.3712 3
      vertex 42.3164 38.576 3
    endloop
  endfacet
  facet normal -0.621729 -0.783233 -0
    outer loop
      vertex 42.5744 38.3712 3
      vertex 42.3164 38.576 1.02
      vertex 42.5744 38.3712 1.02
    endloop
  endfacet
  facet normal -0.903932 -0.427676 0
    outer loop
      vertex 42.3164 38.576 1.02
      vertex 42.1597 38.9072 3
      vertex 42.1597 38.9072 1.02
    endloop
  endfacet
  facet normal -0.903932 -0.427676 0
    outer loop
      vertex 42.1597 38.9072 3
      vertex 42.3164 38.576 1.02
      vertex 42.3164 38.576 3
    endloop
  endfacet
  facet normal -0.993189 -0.116518 0
    outer loop
      vertex 42.1597 38.9072 1.02
      vertex 42.1074 39.353 3
      vertex 42.1074 39.353 1.02
    endloop
  endfacet
  facet normal -0.993189 -0.116518 0
    outer loop
      vertex 42.1074 39.353 3
      vertex 42.1597 38.9072 1.02
      vertex 42.1597 38.9072 3
    endloop
  endfacet
  facet normal 0 1 -0
    outer loop
      vertex 44.2064 39.353 1.02
      vertex 42.1074 39.353 3
      vertex 44.2064 39.353 3
    endloop
  endfacet
  facet normal 0 1 0
    outer loop
      vertex 42.1074 39.353 3
      vertex 44.2064 39.353 1.02
      vertex 42.1074 39.353 1.02
    endloop
  endfacet
  facet normal -1 0 0
    outer loop
      vertex 44.2064 39.353 1.02
      vertex 44.2064 39.419 3
      vertex 44.2064 39.419 1.02
    endloop
  endfacet
  facet normal -1 -0 0
    outer loop
      vertex 44.2064 39.419 3
      vertex 44.2064 39.353 1.02
      vertex 44.2064 39.353 3
    endloop
  endfacet
  facet normal -0.964971 -0.262357 0
    outer loop
      vertex 44.2064 39.419 1.02
      vertex 43.8824 40.6107 3
      vertex 43.8824 40.6107 1.02
    endloop
  endfacet
  facet normal -0.964971 -0.262357 0
    outer loop
      vertex 43.8824 40.6107 3
      vertex 44.2064 39.419 1.02
      vertex 44.2064 39.419 3
    endloop
  endfacet
  facet normal -0.378358 -0.925659 0
    outer loop
      vertex 42.9104 41.008 1.02
      vertex 43.8824 40.6107 3
      vertex 42.9104 41.008 3
    endloop
  endfacet
  facet normal -0.378358 -0.925659 -0
    outer loop
      vertex 43.8824 40.6107 3
      vertex 42.9104 41.008 1.02
      vertex 43.8824 40.6107 1.02
    endloop
  endfacet
  facet normal 0.172172 -0.985067 0
    outer loop
      vertex 42.3497 40.91 1.02
      vertex 42.9104 41.008 3
      vertex 42.3497 40.91 3
    endloop
  endfacet
  facet normal 0.172172 -0.985067 0
    outer loop
      vertex 42.9104 41.008 3
      vertex 42.3497 40.91 1.02
      vertex 42.9104 41.008 1.02
    endloop
  endfacet
  facet normal 0.578722 -0.815525 0
    outer loop
      vertex 41.9354 40.616 1.02
      vertex 42.3497 40.91 3
      vertex 41.9354 40.616 3
    endloop
  endfacet
  facet normal 0.578722 -0.815525 0
    outer loop
      vertex 42.3497 40.91 3
      vertex 41.9354 40.616 1.02
      vertex 42.3497 40.91 1.02
    endloop
  endfacet
  facet normal 0.881271 -0.472611 0
    outer loop
      vertex 41.6797 40.1392 3
      vertex 41.9354 40.616 1.02
      vertex 41.9354 40.616 3
    endloop
  endfacet
  facet normal 0.881271 -0.472611 0
    outer loop
      vertex 41.9354 40.616 1.02
      vertex 41.6797 40.1392 3
      vertex 41.6797 40.1392 1.02
    endloop
  endfacet
  facet normal 0.991452 -0.13047 0
    outer loop
      vertex 41.5944 39.491 3
      vertex 41.6797 40.1392 1.02
      vertex 41.6797 40.1392 3
    endloop
  endfacet
  facet normal 0.991452 -0.13047 0
    outer loop
      vertex 41.6797 40.1392 1.02
      vertex 41.5944 39.491 3
      vertex 41.5944 39.491 1.02
    endloop
  endfacet
  facet normal 0.992156 0.125009 0
    outer loop
      vertex 41.6797 38.814 3
      vertex 41.5944 39.491 1.02
      vertex 41.5944 39.491 3
    endloop
  endfacet
  facet normal 0.992156 0.125009 0
    outer loop
      vertex 41.5944 39.491 1.02
      vertex 41.6797 38.814 3
      vertex 41.6797 38.814 1.02
    endloop
  endfacet
  facet normal 0.885379 0.46487 0
    outer loop
      vertex 41.9354 38.327 3
      vertex 41.6797 38.814 1.02
      vertex 41.6797 38.814 3
    endloop
  endfacet
  facet normal 0.885379 0.46487 0
    outer loop
      vertex 41.6797 38.814 1.02
      vertex 41.9354 38.327 3
      vertex 41.9354 38.327 1.02
    endloop
  endfacet
  facet normal 0.573646 0.819103 -0
    outer loop
      vertex 42.3542 38.0337 1.02
      vertex 41.9354 38.327 3
      vertex 42.3542 38.0337 3
    endloop
  endfacet
  facet normal 0.573646 0.819103 0
    outer loop
      vertex 41.9354 38.327 3
      vertex 42.3542 38.0337 1.02
      vertex 41.9354 38.327 1.02
    endloop
  endfacet
  facet normal 0.167739 0.985831 -0
    outer loop
      vertex 42.9284 37.936 1.02
      vertex 42.3542 38.0337 3
      vertex 42.9284 37.936 3
    endloop
  endfacet
  facet normal 0.167739 0.985831 0
    outer loop
      vertex 42.3542 38.0337 3
      vertex 42.9284 37.936 1.02
      vertex 42.3542 38.0337 1.02
    endloop
  endfacet
  facet normal -0.224776 0.97441 0
    outer loop
      vertex 43.6957 38.113 1.02
      vertex 42.9284 37.936 3
      vertex 43.6957 38.113 3
    endloop
  endfacet
  facet normal -0.224776 0.97441 0
    outer loop
      vertex 42.9284 37.936 3
      vertex 43.6957 38.113 1.02
      vertex 42.9284 37.936 1.02
    endloop
  endfacet
  facet normal -0.986268 0.165152 0
    outer loop
      vertex 42.1134 39.728 1.02
      vertex 42.1774 40.1102 3
      vertex 42.1774 40.1102 1.02
    endloop
  endfacet
  facet normal -0.986268 0.165152 0
    outer loop
      vertex 42.1774 40.1102 3
      vertex 42.1134 39.728 1.02
      vertex 42.1134 39.728 3
    endloop
  endfacet
  facet normal -0.87614 0.482058 0
    outer loop
      vertex 42.1774 40.1102 1.02
      vertex 42.3374 40.401 3
      vertex 42.3374 40.401 1.02
    endloop
  endfacet
  facet normal -0.87614 0.482058 0
    outer loop
      vertex 42.3374 40.401 3
      vertex 42.1774 40.1102 1.02
      vertex 42.1774 40.1102 3
    endloop
  endfacet
  facet normal -0.599426 0.800431 0
    outer loop
      vertex 42.5827 40.5847 1.02
      vertex 42.3374 40.401 3
      vertex 42.5827 40.5847 3
    endloop
  endfacet
  facet normal -0.599426 0.800431 0
    outer loop
      vertex 42.3374 40.401 3
      vertex 42.5827 40.5847 1.02
      vertex 42.3374 40.401 1.02
    endloop
  endfacet
  facet normal -0.188312 0.982109 0
    outer loop
      vertex 42.9024 40.646 1.02
      vertex 42.5827 40.5847 3
      vertex 42.9024 40.646 3
    endloop
  endfacet
  facet normal -0.188312 0.982109 0
    outer loop
      vertex 42.5827 40.5847 3
      vertex 42.9024 40.646 1.02
      vertex 42.5827 40.5847 1.02
    endloop
  endfacet
  facet normal 0.167359 0.985896 -0
    outer loop
      vertex 43.2264 40.591 1.02
      vertex 42.9024 40.646 3
      vertex 43.2264 40.591 3
    endloop
  endfacet
  facet normal 0.167359 0.985896 0
    outer loop
      vertex 42.9024 40.646 3
      vertex 43.2264 40.591 1.02
      vertex 42.9024 40.646 1.02
    endloop
  endfacet
  facet normal 0.569749 0.821819 -0
    outer loop
      vertex 43.4644 40.426 1.02
      vertex 43.2264 40.591 3
      vertex 43.4644 40.426 3
    endloop
  endfacet
  facet normal 0.569749 0.821819 0
    outer loop
      vertex 43.2264 40.591 3
      vertex 43.4644 40.426 1.02
      vertex 43.2264 40.591 1.02
    endloop
  endfacet
  facet normal 0.874781 0.484518 0
    outer loop
      vertex 43.6217 40.142 3
      vertex 43.4644 40.426 1.02
      vertex 43.4644 40.426 3
    endloop
  endfacet
  facet normal 0.874781 0.484518 0
    outer loop
      vertex 43.4644 40.426 1.02
      vertex 43.6217 40.142 3
      vertex 43.6217 40.142 1.02
    endloop
  endfacet
  facet normal 0.981969 0.189041 0
    outer loop
      vertex 43.7014 39.728 3
      vertex 43.6217 40.142 1.02
      vertex 43.6217 40.142 3
    endloop
  endfacet
  facet normal 0.981969 0.189041 0
    outer loop
      vertex 43.6217 40.142 1.02
      vertex 43.7014 39.728 3
      vertex 43.7014 39.728 1.02
    endloop
  endfacet
  facet normal 0 -1 0
    outer loop
      vertex 42.1134 39.728 1.02
      vertex 43.7014 39.728 3
      vertex 42.1134 39.728 3
    endloop
  endfacet
  facet normal 0 -1 -0
    outer loop
      vertex 43.7014 39.728 3
      vertex 42.1134 39.728 1.02
      vertex 43.7014 39.728 1.02
    endloop
  endfacet
  facet normal -0.995793 0.0916304 0
    outer loop
      vertex 52.4883 39.54 1.02
      vertex 52.5283 39.9747 3
      vertex 52.5283 39.9747 1.02
    endloop
  endfacet
  facet normal -0.995793 0.0916304 0
    outer loop
      vertex 52.5283 39.9747 3
      vertex 52.4883 39.54 1.02
      vertex 52.4883 39.54 3
    endloop
  endfacet
  facet normal -0.936437 0.350835 0
    outer loop
      vertex 52.5283 39.9747 1.02
      vertex 52.6483 40.295 3
      vertex 52.6483 40.295 1.02
    endloop
  endfacet
  facet normal -0.936437 0.350835 0
    outer loop
      vertex 52.6483 40.295 3
      vertex 52.5283 39.9747 1.02
      vertex 52.5283 39.9747 3
    endloop
  endfacet
  facet normal -0.708895 0.705314 0
    outer loop
      vertex 52.6483 40.295 1.02
      vertex 52.8453 40.493 3
      vertex 52.8453 40.493 1.02
    endloop
  endfacet
  facet normal -0.708895 0.705314 0
    outer loop
      vertex 52.8453 40.493 3
      vertex 52.6483 40.295 1.02
      vertex 52.6483 40.295 3
    endloop
  endfacet
  facet normal -0.238286 0.971195 0
    outer loop
      vertex 53.1143 40.559 1.02
      vertex 52.8453 40.493 3
      vertex 53.1143 40.559 3
    endloop
  endfacet
  facet normal -0.238286 0.971195 0
    outer loop
      vertex 52.8453 40.493 3
      vertex 53.1143 40.559 1.02
      vertex 52.8453 40.493 1.02
    endloop
  endfacet
  facet normal 0.0463034 0.998927 -0
    outer loop
      vertex 53.261 40.5522 1.02
      vertex 53.1143 40.559 3
      vertex 53.261 40.5522 3
    endloop
  endfacet
  facet normal 0.0463034 0.998927 0
    outer loop
      vertex 53.1143 40.559 3
      vertex 53.261 40.5522 1.02
      vertex 53.1143 40.559 1.02
    endloop
  endfacet
  facet normal 0.174031 0.98474 -0
    outer loop
      vertex 53.3753 40.532 1.02
      vertex 53.261 40.5522 3
      vertex 53.3753 40.532 3
    endloop
  endfacet
  facet normal 0.174031 0.98474 0
    outer loop
      vertex 53.261 40.5522 3
      vertex 53.3753 40.532 1.02
      vertex 53.261 40.5522 1.02
    endloop
  endfacet
  facet normal -1 0 0
    outer loop
      vertex 53.3753 40.532 1.02
      vertex 53.3753 40.981 3
      vertex 53.3753 40.981 1.02
    endloop
  endfacet
  facet normal -1 -0 0
    outer loop
      vertex 53.3753 40.981 3
      vertex 53.3753 40.532 1.02
      vertex 53.3753 40.532 3
    endloop
  endfacet
  facet normal -0.198001 -0.980202 0
    outer loop
      vertex 53.2753 41.0012 1.02
      vertex 53.3753 40.981 3
      vertex 53.2753 41.0012 3
    endloop
  endfacet
  facet normal -0.198001 -0.980202 -0
    outer loop
      vertex 53.3753 40.981 3
      vertex 53.2753 41.0012 1.02
      vertex 53.3753 40.981 1.02
    endloop
  endfacet
  facet normal -0.0692213 -0.997601 0
    outer loop
      vertex 53.1773 41.008 1.02
      vertex 53.2753 41.0012 3
      vertex 53.1773 41.008 3
    endloop
  endfacet
  facet normal -0.0692213 -0.997601 -0
    outer loop
      vertex 53.2753 41.0012 3
      vertex 53.1773 41.008 1.02
      vertex 53.2753 41.0012 1.02
    endloop
  endfacet
  facet normal 0.13979 -0.990181 0
    outer loop
      vertex 52.9308 40.9732 1.02
      vertex 53.1773 41.008 3
      vertex 52.9308 40.9732 3
    endloop
  endfacet
  facet normal 0.13979 -0.990181 0
    outer loop
      vertex 53.1773 41.008 3
      vertex 52.9308 40.9732 1.02
      vertex 53.1773 41.008 1.02
    endloop
  endfacet
  facet normal 0.49379 -0.869581 0
    outer loop
      vertex 52.7473 40.869 1.02
      vertex 52.9308 40.9732 3
      vertex 52.7473 40.869 3
    endloop
  endfacet
  facet normal 0.49379 -0.869581 0
    outer loop
      vertex 52.9308 40.9732 3
      vertex 52.7473 40.869 1.02
      vertex 52.9308 40.9732 1.02
    endloop
  endfacet
  facet normal 0.810096 -0.586297 0
    outer loop
      vertex 52.604 40.671 3
      vertex 52.7473 40.869 1.02
      vertex 52.7473 40.869 3
    endloop
  endfacet
  facet normal 0.810096 -0.586297 0
    outer loop
      vertex 52.7473 40.869 1.02
      vertex 52.604 40.671 3
      vertex 52.604 40.671 1.02
    endloop
  endfacet
  facet normal 0.929982 -0.367606 0
    outer loop
      vertex 52.4783 40.353 3
      vertex 52.604 40.671 1.02
      vertex 52.604 40.671 3
    endloop
  endfacet
  facet normal 0.929982 -0.367606 0
    outer loop
      vertex 52.604 40.671 1.02
      vertex 52.4783 40.353 3
      vertex 52.4783 40.353 1.02
    endloop
  endfacet
  facet normal 0 -1 0
    outer loop
      vertex 52.4673 40.353 1.02
      vertex 52.4783 40.353 3
      vertex 52.4673 40.353 3
    endloop
  endfacet
  facet normal 0 -1 -0
    outer loop
      vertex 52.4783 40.353 3
      vertex 52.4673 40.353 1.02
      vertex 52.4783 40.353 1.02
    endloop
  endfacet
  facet normal -0.999611 -0.0278796 0
    outer loop
      vertex 52.4673 40.353 1.02
      vertex 52.4618 40.5502 3
      vertex 52.4618 40.5502 1.02
    endloop
  endfacet
  facet normal -0.999611 -0.0278796 0
    outer loop
      vertex 52.4618 40.5502 3
      vertex 52.4673 40.353 1.02
      vertex 52.4673 40.353 3
    endloop
  endfacet
  facet normal -0.999123 -0.0418627 0
    outer loop
      vertex 52.4618 40.5502 1.02
      vertex 52.4453 40.944 3
      vertex 52.4453 40.944 1.02
    endloop
  endfacet
  facet normal -0.999123 -0.0418627 0
    outer loop
      vertex 52.4453 40.944 3
      vertex 52.4618 40.5502 1.02
      vertex 52.4618 40.5502 3
    endloop
  endfacet
  facet normal 0 -1 0
    outer loop
      vertex 51.9833 40.944 1.02
      vertex 52.4453 40.944 3
      vertex 51.9833 40.944 3
    endloop
  endfacet
  facet normal 0 -1 -0
    outer loop
      vertex 52.4453 40.944 3
      vertex 51.9833 40.944 1.02
      vertex 52.4453 40.944 1.02
    endloop
  endfacet
  facet normal 0.999442 0.0334075 0
    outer loop
      vertex 51.9953 40.585 3
      vertex 51.9833 40.944 1.02
      vertex 51.9833 40.944 3
    endloop
  endfacet
  facet normal 0.999442 0.0334075 0
    outer loop
      vertex 51.9833 40.944 1.02
      vertex 51.9953 40.585 3
      vertex 51.9953 40.585 1.02
    endloop
  endfacet
  facet normal 0.999925 0.0122315 0
    outer loop
      vertex 51.9993 40.258 3
      vertex 51.9953 40.585 1.02
      vertex 51.9953 40.585 3
    endloop
  endfacet
  facet normal 0.999925 0.0122315 0
    outer loop
      vertex 51.9953 40.585 1.02
      vertex 51.9993 40.258 3
      vertex 51.9993 40.258 1.02
    endloop
  endfacet
  facet normal 1 -0 0
    outer loop
      vertex 51.9993 38 3
      vertex 51.9993 40.258 1.02
      vertex 51.9993 40.258 3
    endloop
  endfacet
  facet normal 1 0 0
    outer loop
      vertex 51.9993 40.258 1.02
      vertex 51.9993 38 3
      vertex 51.9993 38 1.02
    endloop
  endfacet
  facet normal 0 1 -0
    outer loop
      vertex 52.4883 38 1.02
      vertex 51.9993 38 3
      vertex 52.4883 38 3
    endloop
  endfacet
  facet normal 0 1 0
    outer loop
      vertex 51.9993 38 3
      vertex 52.4883 38 1.02
      vertex 51.9993 38 1.02
    endloop
  endfacet
  facet normal -1 0 0
    outer loop
      vertex 52.4883 38 1.02
      vertex 52.4883 39.54 3
      vertex 52.4883 39.54 1.02
    endloop
  endfacet
  facet normal -1 -0 0
    outer loop
      vertex 52.4883 39.54 3
      vertex 52.4883 38 1.02
      vertex 52.4883 38 3
    endloop
  endfacet
  facet normal -0.564535 0.825409 0
    outer loop
      vertex 51.1187 38.316 1.02
      vertex 50.702 38.031 3
      vertex 51.1187 38.316 3
    endloop
  endfacet
  facet normal -0.564535 0.825409 0
    outer loop
      vertex 50.702 38.031 3
      vertex 51.1187 38.316 1.02
      vertex 50.702 38.031 1.02
    endloop
  endfacet
  facet normal -0.883197 0.469003 0
    outer loop
      vertex 51.1187 38.316 1.02
      vertex 51.3737 38.7962 3
      vertex 51.3737 38.7962 1.02
    endloop
  endfacet
  facet normal -0.883197 0.469003 0
    outer loop
      vertex 51.3737 38.7962 3
      vertex 51.1187 38.316 1.02
      vertex 51.1187 38.316 3
    endloop
  endfacet
  facet normal -0.992251 0.124251 0
    outer loop
      vertex 51.3737 38.7962 1.02
      vertex 51.4587 39.475 3
      vertex 51.4587 39.475 1.02
    endloop
  endfacet
  facet normal -0.992251 0.124251 0
    outer loop
      vertex 51.4587 39.475 3
      vertex 51.3737 38.7962 1.02
      vertex 51.3737 38.7962 3
    endloop
  endfacet
  facet normal -0.993288 -0.115668 0
    outer loop
      vertex 51.4587 39.475 1.02
      vertex 51.3792 40.1577 3
      vertex 51.3792 40.1577 1.02
    endloop
  endfacet
  facet normal -0.993288 -0.115668 0
    outer loop
      vertex 51.3792 40.1577 3
      vertex 51.4587 39.475 1.02
      vertex 51.4587 39.475 3
    endloop
  endfacet
  facet normal -0.894164 -0.447739 0
    outer loop
      vertex 51.3792 40.1577 1.02
      vertex 51.1407 40.634 3
      vertex 51.1407 40.634 1.02
    endloop
  endfacet
  facet normal -0.894164 -0.447739 0
    outer loop
      vertex 51.1407 40.634 3
      vertex 51.3792 40.1577 1.02
      vertex 51.3792 40.1577 3
    endloop
  endfacet
  facet normal -0.567473 -0.823392 0
    outer loop
      vertex 50.7337 40.9145 1.02
      vertex 51.1407 40.634 3
      vertex 50.7337 40.9145 3
    endloop
  endfacet
  facet normal -0.567473 -0.823392 -0
    outer loop
      vertex 51.1407 40.634 3
      vertex 50.7337 40.9145 1.02
      vertex 51.1407 40.634 1.02
    endloop
  endfacet
  facet normal -0.157826 -0.987467 0
    outer loop
      vertex 50.1487 41.008 1.02
      vertex 50.7337 40.9145 3
      vertex 50.1487 41.008 3
    endloop
  endfacet
  facet normal -0.157826 -0.987467 -0
    outer loop
      vertex 50.7337 40.9145 3
      vertex 50.1487 41.008 1.02
      vertex 50.7337 40.9145 1.02
    endloop
  endfacet
  facet normal 0.361277 -0.932459 0
    outer loop
      vertex 49.1594 40.6247 1.02
      vertex 50.1487 41.008 3
      vertex 49.1594 40.6247 3
    endloop
  endfacet
  facet normal 0.361277 -0.932459 0
    outer loop
      vertex 50.1487 41.008 3
      vertex 49.1594 40.6247 1.02
      vertex 50.1487 41.008 1.02
    endloop
  endfacet
  facet normal 0.961255 -0.27566 0
    outer loop
      vertex 48.8297 39.475 3
      vertex 49.1594 40.6247 1.02
      vertex 49.1594 40.6247 3
    endloop
  endfacet
  facet normal 0.961255 -0.27566 0
    outer loop
      vertex 49.1594 40.6247 1.02
      vertex 48.8297 39.475 3
      vertex 48.8297 39.475 1.02
    endloop
  endfacet
  facet normal 0.992333 0.123591 0
    outer loop
      vertex 48.9119 38.815 3
      vertex 48.8297 39.475 1.02
      vertex 48.8297 39.475 3
    endloop
  endfacet
  facet normal 0.992333 0.123591 0
    outer loop
      vertex 48.8297 39.475 1.02
      vertex 48.9119 38.815 3
      vertex 48.9119 38.815 1.02
    endloop
  endfacet
  facet normal 0.890865 0.454268 0
    outer loop
      vertex 49.1587 38.331 3
      vertex 48.9119 38.815 1.02
      vertex 48.9119 38.815 3
    endloop
  endfacet
  facet normal 0.890865 0.454268 0
    outer loop
      vertex 48.9119 38.815 1.02
      vertex 49.1587 38.331 3
      vertex 49.1587 38.331 1.02
    endloop
  endfacet
  facet normal 0.587806 0.809002 -0
    outer loop
      vertex 49.5665 38.0347 1.02
      vertex 49.1587 38.331 3
      vertex 49.5665 38.0347 3
    endloop
  endfacet
  facet normal 0.587806 0.809002 0
    outer loop
      vertex 49.1587 38.331 3
      vertex 49.5665 38.0347 1.02
      vertex 49.1587 38.331 1.02
    endloop
  endfacet
  facet normal 0.172025 0.985093 -0
    outer loop
      vertex 50.1317 37.936 1.02
      vertex 49.5665 38.0347 3
      vertex 50.1317 37.936 3
    endloop
  endfacet
  facet normal 0.172025 0.985093 0
    outer loop
      vertex 49.5665 38.0347 3
      vertex 50.1317 37.936 1.02
      vertex 49.5665 38.0347 1.02
    endloop
  endfacet
  facet normal -0.164315 0.986408 0
    outer loop
      vertex 50.702 38.031 1.02
      vertex 50.1317 37.936 3
      vertex 50.702 38.031 3
    endloop
  endfacet
  facet normal -0.164315 0.986408 0
    outer loop
      vertex 50.1317 37.936 3
      vertex 50.702 38.031 1.02
      vertex 50.1317 37.936 1.02
    endloop
  endfacet
  facet normal -0.673324 -0.739348 0
    outer loop
      vertex 49.5327 38.593 1.02
      vertex 49.7757 38.3717 3
      vertex 49.5327 38.593 3
    endloop
  endfacet
  facet normal -0.673324 -0.739348 -0
    outer loop
      vertex 49.7757 38.3717 3
      vertex 49.5327 38.593 1.02
      vertex 49.7757 38.3717 1.02
    endloop
  endfacet
  facet normal -0.933123 -0.359557 0
    outer loop
      vertex 49.5327 38.593 1.02
      vertex 49.3909 38.961 3
      vertex 49.3909 38.961 1.02
    endloop
  endfacet
  facet normal -0.933123 -0.359557 0
    outer loop
      vertex 49.3909 38.961 3
      vertex 49.5327 38.593 1.02
      vertex 49.5327 38.593 3
    endloop
  endfacet
  facet normal -0.99581 -0.0914441 0
    outer loop
      vertex 49.3909 38.961 1.02
      vertex 49.3437 39.475 3
      vertex 49.3437 39.475 1.02
    endloop
  endfacet
  facet normal -0.99581 -0.0914441 0
    outer loop
      vertex 49.3437 39.475 3
      vertex 49.3909 38.961 1.02
      vertex 49.3909 38.961 3
    endloop
  endfacet
  facet normal -0.99587 0.0907932 0
    outer loop
      vertex 49.3437 39.475 1.02
      vertex 49.3914 39.9982 3
      vertex 49.3914 39.9982 1.02
    endloop
  endfacet
  facet normal -0.99587 0.0907932 0
    outer loop
      vertex 49.3914 39.9982 3
      vertex 49.3437 39.475 1.02
      vertex 49.3437 39.475 3
    endloop
  endfacet
  facet normal -0.930422 0.366491 0
    outer loop
      vertex 49.3914 39.9982 1.02
      vertex 49.5347 40.362 3
      vertex 49.5347 40.362 1.02
    endloop
  endfacet
  facet normal -0.930422 0.366491 0
    outer loop
      vertex 49.5347 40.362 3
      vertex 49.3914 39.9982 1.02
      vertex 49.3914 39.9982 3
    endloop
  endfacet
  facet normal -0.646282 0.763098 0
    outer loop
      vertex 49.7862 40.575 1.02
      vertex 49.5347 40.362 3
      vertex 49.7862 40.575 3
    endloop
  endfacet
  facet normal -0.646282 0.763098 0
    outer loop
      vertex 49.5347 40.362 3
      vertex 49.7862 40.575 1.02
      vertex 49.5347 40.362 1.02
    endloop
  endfacet
  facet normal -0.188208 0.982129 0
    outer loop
      vertex 50.1567 40.646 1.02
      vertex 49.7862 40.575 3
      vertex 50.1567 40.646 3
    endloop
  endfacet
  facet normal -0.188208 0.982129 0
    outer loop
      vertex 49.7862 40.575 3
      vertex 50.1567 40.646 1.02
      vertex 49.7862 40.575 1.02
    endloop
  endfacet
  facet normal 0.187978 0.982173 -0
    outer loop
      vertex 50.5214 40.5762 1.02
      vertex 50.1567 40.646 3
      vertex 50.5214 40.5762 3
    endloop
  endfacet
  facet normal 0.187978 0.982173 0
    outer loop
      vertex 50.1567 40.646 3
      vertex 50.5214 40.5762 1.02
      vertex 50.1567 40.646 1.02
    endloop
  endfacet
  facet normal 0.653514 0.756914 -0
    outer loop
      vertex 50.7637 40.367 1.02
      vertex 50.5214 40.5762 3
      vertex 50.7637 40.367 3
    endloop
  endfacet
  facet normal 0.653514 0.756914 0
    outer loop
      vertex 50.5214 40.5762 3
      vertex 50.7637 40.367 1.02
      vertex 50.5214 40.5762 1.02
    endloop
  endfacet
  facet normal 0.936372 0.35101 0
    outer loop
      vertex 50.8994 40.005 3
      vertex 50.7637 40.367 1.02
      vertex 50.7637 40.367 3
    endloop
  endfacet
  facet normal 0.936372 0.35101 0
    outer loop
      vertex 50.7637 40.367 1.02
      vertex 50.8994 40.005 3
      vertex 50.8994 40.005 1.02
    endloop
  endfacet
  facet normal 0.996367 0.0851612 0
    outer loop
      vertex 50.9447 39.475 3
      vertex 50.8994 40.005 1.02
      vertex 50.8994 40.005 3
    endloop
  endfacet
  facet normal 0.996367 0.0851612 0
    outer loop
      vertex 50.8994 40.005 1.02
      vertex 50.9447 39.475 3
      vertex 50.9447 39.475 1.02
    endloop
  endfacet
  facet normal 0.995981 -0.0895626 0
    outer loop
      vertex 50.8974 38.949 3
      vertex 50.9447 39.475 1.02
      vertex 50.9447 39.475 3
    endloop
  endfacet
  facet normal 0.995981 -0.0895626 0
    outer loop
      vertex 50.9447 39.475 1.02
      vertex 50.8974 38.949 3
      vertex 50.8974 38.949 1.02
    endloop
  endfacet
  facet normal 0.932549 -0.361044 0
    outer loop
      vertex 50.7557 38.583 3
      vertex 50.8974 38.949 1.02
      vertex 50.8974 38.949 3
    endloop
  endfacet
  facet normal 0.932549 -0.361044 0
    outer loop
      vertex 50.8974 38.949 1.02
      vertex 50.7557 38.583 3
      vertex 50.7557 38.583 1.02
    endloop
  endfacet
  facet normal 0.647393 -0.762156 0
    outer loop
      vertex 50.504 38.3692 1.02
      vertex 50.7557 38.583 3
      vertex 50.504 38.3692 3
    endloop
  endfacet
  facet normal 0.647393 -0.762156 0
    outer loop
      vertex 50.7557 38.583 3
      vertex 50.504 38.3692 1.02
      vertex 50.7557 38.583 1.02
    endloop
  endfacet
  facet normal 0.185436 -0.982656 0
    outer loop
      vertex 50.1267 38.298 1.02
      vertex 50.504 38.3692 3
      vertex 50.1267 38.298 3
    endloop
  endfacet
  facet normal 0.185436 -0.982656 0
    outer loop
      vertex 50.504 38.3692 3
      vertex 50.1267 38.298 1.02
      vertex 50.504 38.3692 1.02
    endloop
  endfacet
  facet normal -0.205491 -0.978659 0
    outer loop
      vertex 49.7757 38.3717 1.02
      vertex 50.1267 38.298 3
      vertex 49.7757 38.3717 3
    endloop
  endfacet
  facet normal -0.205491 -0.978659 -0
    outer loop
      vertex 50.1267 38.298 3
      vertex 49.7757 38.3717 1.02
      vertex 50.1267 38.298 1.02
    endloop
  endfacet
  facet normal -0.480669 0.876902 0
    outer loop
      vertex 46.65 38.188 1.02
      vertex 46.3052 37.999 3
      vertex 46.65 38.188 3
    endloop
  endfacet
  facet normal -0.480669 0.876902 0
    outer loop
      vertex 46.3052 37.999 3
      vertex 46.65 38.188 1.02
      vertex 46.3052 37.999 1.02
    endloop
  endfacet
  facet normal -0.771537 0.636184 0
    outer loop
      vertex 46.65 38.188 1.02
      vertex 46.893 38.4827 3
      vertex 46.893 38.4827 1.02
    endloop
  endfacet
  facet normal -0.771537 0.636184 0
    outer loop
      vertex 46.893 38.4827 3
      vertex 46.65 38.188 1.02
      vertex 46.65 38.188 3
    endloop
  endfacet
  facet normal -0.954368 0.298632 0
    outer loop
      vertex 46.893 38.4827 1.02
      vertex 47.012 38.863 3
      vertex 47.012 38.863 1.02
    endloop
  endfacet
  facet normal -0.954368 0.298632 0
    outer loop
      vertex 47.012 38.863 3
      vertex 46.893 38.4827 1.02
      vertex 46.893 38.4827 3
    endloop
  endfacet
  facet normal -0.066519 -0.997785 0
    outer loop
      vertex 46.517 38.896 1.02
      vertex 47.012 38.863 3
      vertex 46.517 38.896 3
    endloop
  endfacet
  facet normal -0.066519 -0.997785 -0
    outer loop
      vertex 47.012 38.863 3
      vertex 46.517 38.896 1.02
      vertex 47.012 38.863 1.02
    endloop
  endfacet
  facet normal 0.959665 -0.281145 0
    outer loop
      vertex 46.4425 38.6417 3
      vertex 46.517 38.896 1.02
      vertex 46.517 38.896 3
    endloop
  endfacet
  facet normal 0.959665 -0.281145 0
    outer loop
      vertex 46.517 38.896 1.02
      vertex 46.4425 38.6417 3
      vertex 46.4425 38.6417 1.02
    endloop
  endfacet
  facet normal 0.783984 -0.620782 0
    outer loop
      vertex 46.301 38.463 3
      vertex 46.4425 38.6417 1.02
      vertex 46.4425 38.6417 3
    endloop
  endfacet
  facet normal 0.783984 -0.620782 0
    outer loop
      vertex 46.4425 38.6417 1.02
      vertex 46.301 38.463 3
      vertex 46.301 38.463 1.02
    endloop
  endfacet
  facet normal 0.474073 -0.880485 0
    outer loop
      vertex 46.1045 38.3572 1.02
      vertex 46.301 38.463 3
      vertex 46.1045 38.3572 3
    endloop
  endfacet
  facet normal 0.474073 -0.880485 0
    outer loop
      vertex 46.301 38.463 3
      vertex 46.1045 38.3572 1.02
      vertex 46.301 38.463 1.02
    endloop
  endfacet
  facet normal 0.145411 -0.989371 0
    outer loop
      vertex 45.865 38.322 1.02
      vertex 46.1045 38.3572 3
      vertex 45.865 38.322 3
    endloop
  endfacet
  facet normal 0.145411 -0.989371 0
    outer loop
      vertex 46.1045 38.3572 3
      vertex 45.865 38.322 1.02
      vertex 46.1045 38.3572 1.02
    endloop
  endfacet
  facet normal -0.213813 -0.976875 0
    outer loop
      vertex 45.5397 38.3932 1.02
      vertex 45.865 38.322 3
      vertex 45.5397 38.3932 3
    endloop
  endfacet
  facet normal -0.213813 -0.976875 -0
    outer loop
      vertex 45.865 38.322 3
      vertex 45.5397 38.3932 1.02
      vertex 45.865 38.322 1.02
    endloop
  endfacet
  facet normal -0.678148 -0.734925 0
    outer loop
      vertex 45.308 38.607 1.02
      vertex 45.5397 38.3932 3
      vertex 45.308 38.607 3
    endloop
  endfacet
  facet normal -0.678148 -0.734925 -0
    outer loop
      vertex 45.5397 38.3932 3
      vertex 45.308 38.607 1.02
      vertex 45.5397 38.3932 1.02
    endloop
  endfacet
  facet normal -0.933948 -0.357408 0
    outer loop
      vertex 45.308 38.607 1.02
      vertex 45.1692 38.9697 3
      vertex 45.1692 38.9697 1.02
    endloop
  endfacet
  facet normal -0.933948 -0.357408 0
    outer loop
      vertex 45.1692 38.9697 3
      vertex 45.308 38.607 1.02
      vertex 45.308 38.607 3
    endloop
  endfacet
  facet normal -0.99602 -0.0891267 0
    outer loop
      vertex 45.1692 38.9697 1.02
      vertex 45.123 39.486 3
      vertex 45.123 39.486 1.02
    endloop
  endfacet
  facet normal -0.99602 -0.0891267 0
    outer loop
      vertex 45.123 39.486 3
      vertex 45.1692 38.9697 1.02
      vertex 45.1692 38.9697 3
    endloop
  endfacet
  facet normal -0.996623 0.0821082 0
    outer loop
      vertex 45.123 39.486 1.02
      vertex 45.1665 40.014 3
      vertex 45.1665 40.014 1.02
    endloop
  endfacet
  facet normal -0.996623 0.0821082 0
    outer loop
      vertex 45.1665 40.014 3
      vertex 45.123 39.486 1.02
      vertex 45.123 39.486 3
    endloop
  endfacet
  facet normal -0.936988 0.349363 0
    outer loop
      vertex 45.1665 40.014 1.02
      vertex 45.297 40.364 3
      vertex 45.297 40.364 1.02
    endloop
  endfacet
  facet normal -0.936988 0.349363 0
    outer loop
      vertex 45.297 40.364 3
      vertex 45.1665 40.014 1.02
      vertex 45.1665 40.014 3
    endloop
  endfacet
  facet normal -0.651806 0.758386 0
    outer loop
      vertex 45.5247 40.5597 1.02
      vertex 45.297 40.364 3
      vertex 45.5247 40.5597 3
    endloop
  endfacet
  facet normal -0.651806 0.758386 0
    outer loop
      vertex 45.297 40.364 3
      vertex 45.5247 40.5597 1.02
      vertex 45.297 40.364 1.02
    endloop
  endfacet
  facet normal -0.19116 0.981559 0
    outer loop
      vertex 45.86 40.625 1.02
      vertex 45.5247 40.5597 3
      vertex 45.86 40.625 3
    endloop
  endfacet
  facet normal -0.19116 0.981559 0
    outer loop
      vertex 45.5247 40.5597 3
      vertex 45.86 40.625 1.02
      vertex 45.5247 40.5597 1.02
    endloop
  endfacet
  facet normal 0.136531 0.990636 -0
    outer loop
      vertex 46.1125 40.5902 1.02
      vertex 45.86 40.625 3
      vertex 46.1125 40.5902 3
    endloop
  endfacet
  facet normal 0.136531 0.990636 0
    outer loop
      vertex 45.86 40.625 3
      vertex 46.1125 40.5902 1.02
      vertex 45.86 40.625 1.02
    endloop
  endfacet
  facet normal 0.485762 0.874091 -0
    outer loop
      vertex 46.3 40.486 1.02
      vertex 46.1125 40.5902 3
      vertex 46.3 40.486 3
    endloop
  endfacet
  facet normal 0.485762 0.874091 0
    outer loop
      vertex 46.1125 40.5902 3
      vertex 46.3 40.486 1.02
      vertex 46.1125 40.5902 1.02
    endloop
  endfacet
  facet normal 0.790974 0.611849 0
    outer loop
      vertex 46.4257 40.3235 3
      vertex 46.3 40.486 1.02
      vertex 46.3 40.486 3
    endloop
  endfacet
  facet normal 0.790974 0.611849 0
    outer loop
      vertex 46.3 40.486 1.02
      vertex 46.4257 40.3235 3
      vertex 46.4257 40.3235 1.02
    endloop
  endfacet
  facet normal 0.95292 0.303222 0
    outer loop
      vertex 46.493 40.112 3
      vertex 46.4257 40.3235 1.02
      vertex 46.4257 40.3235 3
    endloop
  endfacet
  facet normal 0.95292 0.303222 0
    outer loop
      vertex 46.4257 40.3235 1.02
      vertex 46.493 40.112 3
      vertex 46.493 40.112 1.02
    endloop
  endfacet
  facet normal -0.0733604 0.997305 0
    outer loop
      vertex 46.996 40.149 1.02
      vertex 46.493 40.112 3
      vertex 46.996 40.149 3
    endloop
  endfacet
  facet normal -0.0733604 0.997305 0
    outer loop
      vertex 46.493 40.112 3
      vertex 46.996 40.149 1.02
      vertex 46.493 40.112 1.02
    endloop
  endfacet
  facet normal -0.938834 -0.34437 0
    outer loop
      vertex 46.996 40.149 1.02
      vertex 46.8645 40.5075 3
      vertex 46.8645 40.5075 1.02
    endloop
  endfacet
  facet normal -0.938834 -0.34437 0
    outer loop
      vertex 46.8645 40.5075 3
      vertex 46.996 40.149 1.02
      vertex 46.996 40.149 3
    endloop
  endfacet
  facet normal -0.745816 -0.666152 0
    outer loop
      vertex 46.8645 40.5075 1.02
      vertex 46.622 40.779 3
      vertex 46.622 40.779 1.02
    endloop
  endfacet
  facet normal -0.745816 -0.666152 0
    outer loop
      vertex 46.622 40.779 3
      vertex 46.8645 40.5075 1.02
      vertex 46.8645 40.5075 3
    endloop
  endfacet
  facet normal -0.455256 -0.890361 0
    outer loop
      vertex 46.2862 40.9507 1.02
      vertex 46.622 40.779 3
      vertex 46.2862 40.9507 3
    endloop
  endfacet
  facet normal -0.455256 -0.890361 -0
    outer loop
      vertex 46.622 40.779 3
      vertex 46.2862 40.9507 1.02
      vertex 46.622 40.779 1.02
    endloop
  endfacet
  facet normal -0.137359 -0.990521 0
    outer loop
      vertex 45.873 41.008 1.02
      vertex 46.2862 40.9507 3
      vertex 45.873 41.008 3
    endloop
  endfacet
  facet normal -0.137359 -0.990521 -0
    outer loop
      vertex 46.2862 40.9507 3
      vertex 45.873 41.008 1.02
      vertex 46.2862 40.9507 1.02
    endloop
  endfacet
  facet normal 0.179641 -0.983732 0
    outer loop
      vertex 45.3347 40.9097 1.02
      vertex 45.873 41.008 3
      vertex 45.3347 40.9097 3
    endloop
  endfacet
  facet normal 0.179641 -0.983732 0
    outer loop
      vertex 45.873 41.008 3
      vertex 45.3347 40.9097 1.02
      vertex 45.873 41.008 1.02
    endloop
  endfacet
  facet normal 0.596335 -0.802736 0
    outer loop
      vertex 44.938 40.615 1.02
      vertex 45.3347 40.9097 3
      vertex 44.938 40.615 3
    endloop
  endfacet
  facet normal 0.596335 -0.802736 0
    outer loop
      vertex 45.3347 40.9097 3
      vertex 44.938 40.615 1.02
      vertex 45.3347 40.9097 1.02
    endloop
  endfacet
  facet normal 0.891632 -0.45276 0
    outer loop
      vertex 44.6935 40.1335 3
      vertex 44.938 40.615 1.02
      vertex 44.938 40.615 3
    endloop
  endfacet
  facet normal 0.891632 -0.45276 0
    outer loop
      vertex 44.938 40.615 1.02
      vertex 44.6935 40.1335 3
      vertex 44.6935 40.1335 1.02
    endloop
  endfacet
  facet normal 0.992428 -0.122829 0
    outer loop
      vertex 44.612 39.475 3
      vertex 44.6935 40.1335 1.02
      vertex 44.6935 40.1335 3
    endloop
  endfacet
  facet normal 0.992428 -0.122829 0
    outer loop
      vertex 44.6935 40.1335 1.02
      vertex 44.612 39.475 3
      vertex 44.612 39.475 1.02
    endloop
  endfacet
  facet normal 0.992583 0.121565 0
    outer loop
      vertex 44.6932 38.812 3
      vertex 44.612 39.475 1.02
      vertex 44.612 39.475 3
    endloop
  endfacet
  facet normal 0.992583 0.121565 0
    outer loop
      vertex 44.612 39.475 1.02
      vertex 44.6932 38.812 3
      vertex 44.6932 38.812 1.02
    endloop
  endfacet
  facet normal 0.89272 0.450611 0
    outer loop
      vertex 44.937 38.329 3
      vertex 44.6932 38.812 1.02
      vertex 44.6932 38.812 3
    endloop
  endfacet
  facet normal 0.89272 0.450611 0
    outer loop
      vertex 44.6932 38.812 1.02
      vertex 44.937 38.329 3
      vertex 44.937 38.329 1.02
    endloop
  endfacet
  facet normal 0.595208 0.803571 -0
    outer loop
      vertex 45.335 38.0342 1.02
      vertex 44.937 38.329 3
      vertex 45.335 38.0342 3
    endloop
  endfacet
  facet normal 0.595208 0.803571 0
    outer loop
      vertex 44.937 38.329 3
      vertex 45.335 38.0342 1.02
      vertex 44.937 38.329 1.02
    endloop
  endfacet
  facet normal 0.177644 0.984095 -0
    outer loop
      vertex 45.879 37.936 1.02
      vertex 45.335 38.0342 3
      vertex 45.879 37.936 3
    endloop
  endfacet
  facet normal 0.177644 0.984095 0
    outer loop
      vertex 45.335 38.0342 3
      vertex 45.879 37.936 1.02
      vertex 45.335 38.0342 1.02
    endloop
  endfacet
  facet normal -0.146229 0.989251 0
    outer loop
      vertex 46.3052 37.999 1.02
      vertex 45.879 37.936 3
      vertex 46.3052 37.999 3
    endloop
  endfacet
  facet normal -0.146229 0.989251 0
    outer loop
      vertex 45.879 37.936 3
      vertex 46.3052 37.999 1.02
      vertex 45.879 37.936 1.02
    endloop
  endfacet
  facet normal -0.970443 0.241329 0
    outer loop
      vertex 19.908 39.5267 1.02
      vertex 20.0727 40.189 3
      vertex 20.0727 40.189 1.02
    endloop
  endfacet
  facet normal -0.970443 0.241329 0
    outer loop
      vertex 20.0727 40.189 3
      vertex 19.908 39.5267 1.02
      vertex 19.908 39.5267 3
    endloop
  endfacet
  facet normal -0.9763 0.216421 0
    outer loop
      vertex 20.0727 40.189 1.02
      vertex 20.1177 40.392 3
      vertex 20.1177 40.392 1.02
    endloop
  endfacet
  facet normal -0.9763 0.216421 0
    outer loop
      vertex 20.1177 40.392 3
      vertex 20.0727 40.189 1.02
      vertex 20.0727 40.189 3
    endloop
  endfacet
  facet normal -0.979035 0.203692 0
    outer loop
      vertex 20.1177 40.392 1.02
      vertex 20.1487 40.541 3
      vertex 20.1487 40.541 1.02
    endloop
  endfacet
  facet normal -0.979035 0.203692 0
    outer loop
      vertex 20.1487 40.541 3
      vertex 20.1177 40.392 1.02
      vertex 20.1177 40.392 3
    endloop
  endfacet
  facet normal 0.978051 0.208367 0
    outer loop
      vertex 20.2467 40.081 3
      vertex 20.1487 40.541 1.02
      vertex 20.1487 40.541 3
    endloop
  endfacet
  facet normal 0.978051 0.208367 0
    outer loop
      vertex 20.1487 40.541 1.02
      vertex 20.2467 40.081 3
      vertex 20.2467 40.081 1.02
    endloop
  endfacet
  facet normal 0.970825 0.23979 0
    outer loop
      vertex 20.7607 38 3
      vertex 20.2467 40.081 1.02
      vertex 20.2467 40.081 3
    endloop
  endfacet
  facet normal 0.970825 0.23979 0
    outer loop
      vertex 20.2467 40.081 1.02
      vertex 20.7607 38 3
      vertex 20.7607 38 1.02
    endloop
  endfacet
  facet normal 0 1 -0
    outer loop
      vertex 21.3287 38 1.02
      vertex 20.7607 38 3
      vertex 21.3287 38 3
    endloop
  endfacet
  facet normal 0 1 0
    outer loop
      vertex 20.7607 38 3
      vertex 21.3287 38 1.02
      vertex 20.7607 38 1.02
    endloop
  endfacet
  facet normal -0.961364 0.275282 0
    outer loop
      vertex 21.3287 38 1.02
      vertex 22.1717 40.944 3
      vertex 22.1717 40.944 1.02
    endloop
  endfacet
  facet normal -0.961364 0.275282 0
    outer loop
      vertex 22.1717 40.944 3
      vertex 21.3287 38 1.02
      vertex 21.3287 38 3
    endloop
  endfacet
  facet normal 0 -1 0
    outer loop
      vertex 21.6927 40.944 1.02
      vertex 22.1717 40.944 3
      vertex 21.6927 40.944 3
    endloop
  endfacet
  facet normal 0 -1 -0
    outer loop
      vertex 22.1717 40.944 3
      vertex 21.6927 40.944 1.02
      vertex 22.1717 40.944 1.02
    endloop
  endfacet
  facet normal 0.968351 -0.249593 0
    outer loop
      vertex 21.1357 38.783 3
      vertex 21.6927 40.944 1.02
      vertex 21.6927 40.944 3
    endloop
  endfacet
  facet normal 0.968351 -0.249593 0
    outer loop
      vertex 21.6927 40.944 1.02
      vertex 21.1357 38.783 3
      vertex 21.1357 38.783 1.02
    endloop
  endfacet
  facet normal 0.976187 -0.21693 0
    outer loop
      vertex 21.0517 38.405 3
      vertex 21.1357 38.783 1.02
      vertex 21.1357 38.783 3
    endloop
  endfacet
  facet normal 0.976187 -0.21693 0
    outer loop
      vertex 21.1357 38.783 1.02
      vertex 21.0517 38.405 3
      vertex 21.0517 38.405 1.02
    endloop
  endfacet
  facet normal -0.971993 -0.235008 0
    outer loop
      vertex 21.0517 38.405 1.02
      vertex 20.9267 38.922 3
      vertex 20.9267 38.922 1.02
    endloop
  endfacet
  facet normal -0.971993 -0.235008 0
    outer loop
      vertex 20.9267 38.922 3
      vertex 21.0517 38.405 1.02
      vertex 21.0517 38.405 3
    endloop
  endfacet
  facet normal -0.969176 -0.246368 0
    outer loop
      vertex 20.9267 38.922 1.02
      vertex 20.4127 40.944 3
      vertex 20.4127 40.944 1.02
    endloop
  endfacet
  facet normal -0.969176 -0.246368 0
    outer loop
      vertex 20.4127 40.944 3
      vertex 20.9267 38.922 1.02
      vertex 20.9267 38.922 3
    endloop
  endfacet
  facet normal 0 -1 0
    outer loop
      vertex 19.8877 40.944 1.02
      vertex 20.4127 40.944 3
      vertex 19.8877 40.944 3
    endloop
  endfacet
  facet normal 0 -1 -0
    outer loop
      vertex 20.4127 40.944 3
      vertex 19.8877 40.944 1.02
      vertex 20.4127 40.944 1.02
    endloop
  endfacet
  facet normal 0.967101 -0.254391 0
    outer loop
      vertex 19.2727 38.606 3
      vertex 19.8877 40.944 1.02
      vertex 19.8877 40.944 3
    endloop
  endfacet
  facet normal 0.967101 -0.254391 0
    outer loop
      vertex 19.8877 40.944 1.02
      vertex 19.2727 38.606 3
      vertex 19.2727 38.606 1.02
    endloop
  endfacet
  facet normal 0.974798 -0.223088 0
    outer loop
      vertex 19.2267 38.405 3
      vertex 19.2727 38.606 1.02
      vertex 19.2727 38.606 3
    endloop
  endfacet
  facet normal 0.974798 -0.223088 0
    outer loop
      vertex 19.2727 38.606 1.02
      vertex 19.2267 38.405 3
      vertex 19.2267 38.405 1.02
    endloop
  endfacet
  facet normal -0.978578 -0.205878 0
    outer loop
      vertex 19.2267 38.405 1.02
      vertex 19.1485 38.7767 3
      vertex 19.1485 38.7767 1.02
    endloop
  endfacet
  facet normal -0.978578 -0.205878 0
    outer loop
      vertex 19.1485 38.7767 3
      vertex 19.2267 38.405 1.02
      vertex 19.2267 38.405 3
    endloop
  endfacet
  facet normal -0.974145 -0.225923 0
    outer loop
      vertex 19.1485 38.7767 1.02
      vertex 19.1097 38.944 3
      vertex 19.1097 38.944 1.02
    endloop
  endfacet
  facet normal -0.974145 -0.225923 0
    outer loop
      vertex 19.1097 38.944 3
      vertex 19.1485 38.7767 1.02
      vertex 19.1485 38.7767 3
    endloop
  endfacet
  facet normal -0.970484 -0.241165 0
    outer loop
      vertex 19.1097 38.944 1.02
      vertex 18.6127 40.944 3
      vertex 18.6127 40.944 1.02
    endloop
  endfacet
  facet normal -0.970484 -0.241165 0
    outer loop
      vertex 18.6127 40.944 3
      vertex 19.1097 38.944 1.02
      vertex 19.1097 38.944 3
    endloop
  endfacet
  facet normal 0 -1 0
    outer loop
      vertex 18.1287 40.944 1.02
      vertex 18.6127 40.944 3
      vertex 18.1287 40.944 3
    endloop
  endfacet
  facet normal 0 -1 -0
    outer loop
      vertex 18.6127 40.944 3
      vertex 18.1287 40.944 1.02
      vertex 18.6127 40.944 1.02
    endloop
  endfacet
  facet normal 0.962991 0.269533 0
    outer loop
      vertex 18.9527 38 3
      vertex 18.1287 40.944 1.02
      vertex 18.1287 40.944 3
    endloop
  endfacet
  facet normal 0.962991 0.269533 0
    outer loop
      vertex 18.1287 40.944 1.02
      vertex 18.9527 38 3
      vertex 18.9527 38 1.02
    endloop
  endfacet
  facet normal 0 1 -0
    outer loop
      vertex 19.5177 38 1.02
      vertex 18.9527 38 3
      vertex 19.5177 38 3
    endloop
  endfacet
  facet normal 0 1 0
    outer loop
      vertex 18.9527 38 3
      vertex 19.5177 38 1.02
      vertex 18.9527 38 1.02
    endloop
  endfacet
  facet normal -0.968841 0.247684 0
    outer loop
      vertex 19.5177 38 1.02
      vertex 19.908 39.5267 3
      vertex 19.908 39.5267 1.02
    endloop
  endfacet
  facet normal -0.968841 0.247684 0
    outer loop
      vertex 19.908 39.5267 3
      vertex 19.5177 38 1.02
      vertex 19.5177 38 3
    endloop
  endfacet
  facet normal 0 0 1
    outer loop
      vertex 15.6506 4.088 1.02
      vertex 16.0176 4.092 1.02
      vertex 15.9719 4.64124 1.02
    endloop
  endfacet
  facet normal 0 0 1
    outer loop
      vertex 16.0176 4.092 1.02
      vertex 15.6506 4.088 1.02
      vertex 16.0176 4.084 1.02
    endloop
  endfacet
  facet normal 0 0 1
    outer loop
      vertex 15.6061 4.6265 1.02
      vertex 15.9719 4.64124 1.02
      vertex 15.8346 5.133 1.02
    endloop
  endfacet
  facet normal 0 0 1
    outer loop
      vertex 16.0176 4.084 1.02
      vertex 15.6506 4.088 1.02
      vertex 15.9716 3.53174 1.02
    endloop
  endfacet
  facet normal -0 0 1
    outer loop
      vertex 15.6064 3.5495 1.02
      vertex 15.9716 3.53174 1.02
      vertex 15.6506 4.088 1.02
    endloop
  endfacet
  facet normal 0 0 1
    outer loop
      vertex 15.9719 4.64124 1.02
      vertex 15.6061 4.6265 1.02
      vertex 15.6506 4.088 1.02
    endloop
  endfacet
  facet normal 0 0 1
    outer loop
      vertex 15.4726 5.118 1.02
      vertex 15.8346 5.133 1.02
      vertex 15.6021 5.58374 1.02
    endloop
  endfacet
  facet normal 0 0 1
    outer loop
      vertex 15.8346 5.133 1.02
      vertex 15.4726 5.118 1.02
      vertex 15.6061 4.6265 1.02
    endloop
  endfacet
  facet normal 0 0 1
    outer loop
      vertex 15.2441 5.575 1.02
      vertex 15.6021 5.58374 1.02
      vertex 15.2686 6.008 1.02
    endloop
  endfacet
  facet normal 0 0 1
    outer loop
      vertex 15.6021 5.58374 1.02
      vertex 15.2441 5.575 1.02
      vertex 15.4726 5.118 1.02
    endloop
  endfacet
  facet normal 0 -0 1
    outer loop
      vertex 15.2441 5.575 1.02
      vertex 15.2686 6.008 1.02
      vertex 14.9146 6.008 1.02
    endloop
  endfacet
  facet normal 0 0 1
    outer loop
      vertex 15.9716 3.53174 1.02
      vertex 15.6064 3.5495 1.02
      vertex 15.8336 3.03899 1.02
    endloop
  endfacet
  facet normal -0 0 1
    outer loop
      vertex 15.4736 3.058 1.02
      vertex 15.8336 3.03899 1.02
      vertex 15.6064 3.5495 1.02
    endloop
  endfacet
  facet normal 0 0 1
    outer loop
      vertex 15.8336 3.03899 1.02
      vertex 15.4736 3.058 1.02
      vertex 15.6009 2.59026 1.02
    endloop
  endfacet
  facet normal -0 0 1
    outer loop
      vertex 15.2454 2.60201 1.02
      vertex 15.6009 2.59026 1.02
      vertex 15.4736 3.058 1.02
    endloop
  endfacet
  facet normal 0 0 1
    outer loop
      vertex 15.6009 2.59026 1.02
      vertex 15.2454 2.60201 1.02
      vertex 15.2686 2.16801 1.02
    endloop
  endfacet
  facet normal 0 0 1
    outer loop
      vertex 15.2686 2.16801 1.02
      vertex 15.2454 2.60201 1.02
      vertex 14.9146 2.16801 1.02
    endloop
  endfacet
  facet normal -0 0 1
    outer loop
      vertex 12.508 6.008 1.02
      vertex 12.5315 5.57599 1.02
      vertex 12.861 6.008 1.02
    endloop
  endfacet
  facet normal -0 0 1
    outer loop
      vertex 12.1755 5.58549 1.02
      vertex 12.5315 5.57599 1.02
      vertex 12.508 6.008 1.02
    endloop
  endfacet
  facet normal 0 0 1
    outer loop
      vertex 12.5315 5.57599 1.02
      vertex 12.1755 5.58549 1.02
      vertex 12.303 5.118 1.02
    endloop
  endfacet
  facet normal -0 0 1
    outer loop
      vertex 11.942 5.13599 1.02
      vertex 12.303 5.118 1.02
      vertex 12.1755 5.58549 1.02
    endloop
  endfacet
  facet normal 0 0 1
    outer loop
      vertex 12.303 5.118 1.02
      vertex 11.942 5.13599 1.02
      vertex 12.1702 4.625 1.02
    endloop
  endfacet
  facet normal -0 0 1
    outer loop
      vertex 11.804 4.644 1.02
      vertex 12.1702 4.625 1.02
      vertex 11.942 5.13599 1.02
    endloop
  endfacet
  facet normal 0 0 1
    outer loop
      vertex 12.529 2.604 1.02
      vertex 12.508 2.16801 1.02
      vertex 12.861 2.16801 1.02
    endloop
  endfacet
  facet normal 0 0 1
    outer loop
      vertex 12.1742 2.59201 1.02
      vertex 12.529 2.604 1.02
      vertex 12.301 3.062 1.02
    endloop
  endfacet
  facet normal 0 0 1
    outer loop
      vertex 12.529 2.604 1.02
      vertex 12.1742 2.59201 1.02
      vertex 12.508 2.16801 1.02
    endloop
  endfacet
  facet normal 0 0 1
    outer loop
      vertex 11.941 3.04199 1.02
      vertex 12.301 3.062 1.02
      vertex 12.1697 3.55299 1.02
    endloop
  endfacet
  facet normal 0 0 1
    outer loop
      vertex 11.8037 3.53448 1.02
      vertex 12.1697 3.55299 1.02
      vertex 12.126 4.088 1.02
    endloop
  endfacet
  facet normal 0 0 1
    outer loop
      vertex 12.1702 4.625 1.02
      vertex 11.804 4.644 1.02
      vertex 12.126 4.088 1.02
    endloop
  endfacet
  facet normal 0 0 1
    outer loop
      vertex 11.758 4.084 1.02
      vertex 12.126 4.088 1.02
      vertex 11.758 4.092 1.02
    endloop
  endfacet
  facet normal 0 0 1
    outer loop
      vertex 12.126 4.088 1.02
      vertex 11.804 4.644 1.02
      vertex 11.758 4.092 1.02
    endloop
  endfacet
  facet normal 0 -0 1
    outer loop
      vertex 11.8037 3.53448 1.02
      vertex 12.126 4.088 1.02
      vertex 11.758 4.084 1.02
    endloop
  endfacet
  facet normal 0 0 1
    outer loop
      vertex 12.1697 3.55299 1.02
      vertex 11.8037 3.53448 1.02
      vertex 11.941 3.04199 1.02
    endloop
  endfacet
  facet normal 0 0 1
    outer loop
      vertex 12.301 3.062 1.02
      vertex 11.941 3.04199 1.02
      vertex 12.1742 2.59201 1.02
    endloop
  endfacet
  facet normal 0 0 1
    outer loop
      vertex 38.5591 5.54274 1.02
      vertex 38.3768 5.112 1.02
      vertex 38.7438 5.23399 1.02
    endloop
  endfacet
  facet normal 0 0 1
    outer loop
      vertex 38.2468 5.33249 1.02
      vertex 38.5591 5.54274 1.02
      vertex 38.2928 5.765 1.02
    endloop
  endfacet
  facet normal 0 0 1
    outer loop
      vertex 38.5591 5.54274 1.02
      vertex 38.2468 5.33249 1.02
      vertex 38.3768 5.112 1.02
    endloop
  endfacet
  facet normal 0 0 1
    outer loop
      vertex 38.2928 5.765 1.02
      vertex 38.0568 5.49399 1.02
      vertex 38.2468 5.33249 1.02
    endloop
  endfacet
  facet normal 0 0 1
    outer loop
      vertex 37.9483 5.89925 1.02
      vertex 38.0568 5.49399 1.02
      vertex 38.2928 5.765 1.02
    endloop
  endfacet
  facet normal 0 0 1
    outer loop
      vertex 37.9483 5.89925 1.02
      vertex 37.816 5.59375 1.02
      vertex 38.0568 5.49399 1.02
    endloop
  endfacet
  facet normal 0 0 1
    outer loop
      vertex 37.5288 5.94398 1.02
      vertex 37.816 5.59375 1.02
      vertex 37.9483 5.89925 1.02
    endloop
  endfacet
  facet normal 0 0 1
    outer loop
      vertex 37.816 5.59375 1.02
      vertex 37.5288 5.94398 1.02
      vertex 37.5338 5.627 1.02
    endloop
  endfacet
  facet normal 0 0 1
    outer loop
      vertex 37.5288 5.94398 1.02
      vertex 37.1108 5.54849 1.02
      vertex 37.5338 5.627 1.02
    endloop
  endfacet
  facet normal -0 0 1
    outer loop
      vertex 36.9458 5.84499 1.02
      vertex 37.1108 5.54849 1.02
      vertex 37.5288 5.94398 1.02
    endloop
  endfacet
  facet normal 0 0 1
    outer loop
      vertex 36.9458 5.84499 1.02
      vertex 36.7938 5.31299 1.02
      vertex 37.1108 5.54849 1.02
    endloop
  endfacet
  facet normal -0 0 1
    outer loop
      vertex 36.5048 5.54799 1.02
      vertex 36.7938 5.31299 1.02
      vertex 36.9458 5.84499 1.02
    endloop
  endfacet
  facet normal 0 0 1
    outer loop
      vertex 36.7938 5.31299 1.02
      vertex 36.228 5.07599 1.02
      vertex 36.5958 4.94073 1.02
    endloop
  endfacet
  facet normal 0 0 1
    outer loop
      vertex 36.228 5.07599 1.02
      vertex 36.7938 5.31299 1.02
      vertex 36.5048 5.54799 1.02
    endloop
  endfacet
  facet normal 0 0 1
    outer loop
      vertex 38.4538 3.83199 1.02
      vertex 38.558 3.3575 1.02
      vertex 38.7708 3.67699 1.02
    endloop
  endfacet
  facet normal -0 0 1
    outer loop
      vertex 38.0763 3.39925 1.02
      vertex 38.558 3.3575 1.02
      vertex 38.4538 3.83199 1.02
    endloop
  endfacet
  facet normal 0 0 1
    outer loop
      vertex 38.558 3.3575 1.02
      vertex 38.0763 3.39925 1.02
      vertex 38.2738 3.125 1.02
    endloop
  endfacet
  facet normal 0 0 1
    outer loop
      vertex 38.0763 3.39925 1.02
      vertex 37.9283 2.98326 1.02
      vertex 38.2738 3.125 1.02
    endloop
  endfacet
  facet normal -0 0 1
    outer loop
      vertex 37.5498 3.25499 1.02
      vertex 37.9283 2.98326 1.02
      vertex 38.0763 3.39925 1.02
    endloop
  endfacet
  facet normal 0 0 1
    outer loop
      vertex 37.5498 3.25499 1.02
      vertex 37.5318 2.936 1.02
      vertex 37.9283 2.98326 1.02
    endloop
  endfacet
  facet normal 0 0 1
    outer loop
      vertex 37.1281 2.98175 1.02
      vertex 37.5498 3.25499 1.02
      vertex 37.129 3.33699 1.02
    endloop
  endfacet
  facet normal 0 0 1
    outer loop
      vertex 37.5498 3.25499 1.02
      vertex 37.1281 2.98175 1.02
      vertex 37.5318 2.936 1.02
    endloop
  endfacet
  facet normal 0 0 1
    outer loop
      vertex 36.7828 3.11899 1.02
      vertex 37.129 3.33699 1.02
      vertex 36.8048 3.58299 1.02
    endloop
  endfacet
  facet normal 0 0 1
    outer loop
      vertex 37.129 3.33699 1.02
      vertex 36.7828 3.11899 1.02
      vertex 37.1281 2.98175 1.02
    endloop
  endfacet
  facet normal -0 0 1
    outer loop
      vertex 36.3008 3.644 1.02
      vertex 36.8048 3.58299 1.02
      vertex 36.5985 3.96474 1.02
    endloop
  endfacet
  facet normal 0 0 1
    outer loop
      vertex 36.8048 3.58299 1.02
      vertex 36.5043 3.34224 1.02
      vertex 36.7828 3.11899 1.02
    endloop
  endfacet
  facet normal -0 0 1
    outer loop
      vertex 36.177 4.017 1.02
      vertex 36.5985 3.96474 1.02
      vertex 36.5298 4.452 1.02
    endloop
  endfacet
  facet normal 0 0 1
    outer loop
      vertex 36.1358 4.452 1.02
      vertex 36.5958 4.94073 1.02
      vertex 36.228 5.07599 1.02
    endloop
  endfacet
  facet normal 0 -0 1
    outer loop
      vertex 36.177 4.017 1.02
      vertex 36.5298 4.452 1.02
      vertex 36.1358 4.452 1.02
    endloop
  endfacet
  facet normal 0 0 1
    outer loop
      vertex 36.5958 4.94073 1.02
      vertex 36.1358 4.452 1.02
      vertex 36.5298 4.452 1.02
    endloop
  endfacet
  facet normal 0 0 1
    outer loop
      vertex 36.5985 3.96474 1.02
      vertex 36.177 4.017 1.02
      vertex 36.3008 3.644 1.02
    endloop
  endfacet
  facet normal 0 0 1
    outer loop
      vertex 36.8048 3.58299 1.02
      vertex 36.3008 3.644 1.02
      vertex 36.5043 3.34224 1.02
    endloop
  endfacet
  facet normal -0 0 1
    outer loop
      vertex 21.3829 4.98824 1.02
      vertex 21.7906 4.43999 1.02
      vertex 21.7304 5.09349 1.02
    endloop
  endfacet
  facet normal -0 0 1
    outer loop
      vertex 21.2756 5.36099 1.02
      vertex 21.7304 5.09349 1.02
      vertex 21.5496 5.564 1.02
    endloop
  endfacet
  facet normal 0 0 1
    outer loop
      vertex 21.3809 3.90625 1.02
      vertex 21.7906 4.43999 1.02
      vertex 21.4186 4.43999 1.02
    endloop
  endfacet
  facet normal 0 0 1
    outer loop
      vertex 21.7906 4.43999 1.02
      vertex 21.3809 3.90625 1.02
      vertex 21.7274 3.79449 1.02
    endloop
  endfacet
  facet normal 0 0 1
    outer loop
      vertex 21.7906 4.43999 1.02
      vertex 21.3829 4.98824 1.02
      vertex 21.4186 4.43999 1.02
    endloop
  endfacet
  facet normal 0 0 1
    outer loop
      vertex 21.7304 5.09349 1.02
      vertex 21.2756 5.36099 1.02
      vertex 21.3829 4.98824 1.02
    endloop
  endfacet
  facet normal -0 0 1
    outer loop
      vertex 21.0861 5.57549 1.02
      vertex 21.5496 5.564 1.02
      vertex 21.2431 5.849 1.02
    endloop
  endfacet
  facet normal 0 0 1
    outer loop
      vertex 21.5496 5.564 1.02
      vertex 21.0861 5.57549 1.02
      vertex 21.2756 5.36099 1.02
    endloop
  endfacet
  facet normal 0 0 1
    outer loop
      vertex 20.8036 5.94398 1.02
      vertex 21.0861 5.57549 1.02
      vertex 21.2431 5.849 1.02
    endloop
  endfacet
  facet normal 0 0 1
    outer loop
      vertex 20.8036 5.94398 1.02
      vertex 20.8036 5.64699 1.02
      vertex 21.0861 5.57549 1.02
    endloop
  endfacet
  facet normal 0 0 1
    outer loop
      vertex 20.8036 5.94398 1.02
      vertex 20.5134 5.57649 1.02
      vertex 20.8036 5.64699 1.02
    endloop
  endfacet
  facet normal -0 0 1
    outer loop
      vertex 20.3534 5.84999 1.02
      vertex 20.5134 5.57649 1.02
      vertex 20.8036 5.94398 1.02
    endloop
  endfacet
  facet normal 0 0 1
    outer loop
      vertex 20.0426 5.56799 1.02
      vertex 20.5134 5.57649 1.02
      vertex 20.3534 5.84999 1.02
    endloop
  endfacet
  facet normal 0 0 1
    outer loop
      vertex 20.5134 5.57649 1.02
      vertex 20.0426 5.56799 1.02
      vertex 20.3186 5.36499 1.02
    endloop
  endfacet
  facet normal 0 0 1
    outer loop
      vertex 19.8026 4.43999 1.02
      vertex 20.1716 4.43999 1.02
      vertex 20.2084 4.99324 1.02
    endloop
  endfacet
  facet normal 0 0 1
    outer loop
      vertex 19.8626 5.0985 1.02
      vertex 20.3186 5.36499 1.02
      vertex 20.0426 5.56799 1.02
    endloop
  endfacet
  facet normal 0 0 1
    outer loop
      vertex 20.3186 5.36499 1.02
      vertex 19.8626 5.0985 1.02
      vertex 20.2084 4.99324 1.02
    endloop
  endfacet
  facet normal 0 0 1
    outer loop
      vertex 20.1716 4.43999 1.02
      vertex 19.8026 4.43999 1.02
      vertex 19.8644 3.79199 1.02
    endloop
  endfacet
  facet normal 0 0 1
    outer loop
      vertex 20.2084 4.99324 1.02
      vertex 19.8626 5.0985 1.02
      vertex 19.8026 4.43999 1.02
    endloop
  endfacet
  facet normal 0 0 1
    outer loop
      vertex 20.1716 4.43999 1.02
      vertex 19.8644 3.79199 1.02
      vertex 20.0496 3.31999 1.02
    endloop
  endfacet
  facet normal 0 0 1
    outer loop
      vertex 21.2676 3.53099 1.02
      vertex 21.7274 3.79449 1.02
      vertex 21.3809 3.90625 1.02
    endloop
  endfacet
  facet normal 0 0 1
    outer loop
      vertex 21.7274 3.79449 1.02
      vertex 21.2676 3.53099 1.02
      vertex 21.5376 3.32199 1.02
    endloop
  endfacet
  facet normal 0 0 1
    outer loop
      vertex 21.0746 3.30899 1.02
      vertex 21.5376 3.32199 1.02
      vertex 21.2676 3.53099 1.02
    endloop
  endfacet
  facet normal 0 0 1
    outer loop
      vertex 21.5376 3.32199 1.02
      vertex 21.0746 3.30899 1.02
      vertex 21.2246 3.03249 1.02
    endloop
  endfacet
  facet normal -0 0 1
    outer loop
      vertex 20.7956 3.23499 1.02
      vertex 21.2246 3.03249 1.02
      vertex 21.0746 3.30899 1.02
    endloop
  endfacet
  facet normal 0 0 1
    outer loop
      vertex 20.7956 3.23499 1.02
      vertex 20.7916 2.936 1.02
      vertex 21.2246 3.03249 1.02
    endloop
  endfacet
  facet normal 0 0 1
    outer loop
      vertex 20.5144 3.3075 1.02
      vertex 20.7916 2.936 1.02
      vertex 20.7956 3.23499 1.02
    endloop
  endfacet
  facet normal 0 0 1
    outer loop
      vertex 20.5144 3.3075 1.02
      vertex 20.3591 3.032 1.02
      vertex 20.7916 2.936 1.02
    endloop
  endfacet
  facet normal -0 0 1
    outer loop
      vertex 20.0496 3.31999 1.02
      vertex 20.5144 3.3075 1.02
      vertex 20.3206 3.52499 1.02
    endloop
  endfacet
  facet normal 0 0 1
    outer loop
      vertex 20.0496 3.31999 1.02
      vertex 20.3206 3.52499 1.02
      vertex 20.2089 3.89874 1.02
    endloop
  endfacet
  facet normal 0 0 1
    outer loop
      vertex 20.5144 3.3075 1.02
      vertex 20.0496 3.31999 1.02
      vertex 20.3591 3.032 1.02
    endloop
  endfacet
  facet normal 0 0 1
    outer loop
      vertex 20.0496 3.31999 1.02
      vertex 20.2089 3.89874 1.02
      vertex 20.1716 4.43999 1.02
    endloop
  endfacet
  facet normal 0 0 1
    outer loop
      vertex 35.2544 5.41475 1.02
      vertex 35.5854 5.5925 1.02
      vertex 35.3659 5.79399 1.02
    endloop
  endfacet
  facet normal 0 -0 1
    outer loop
      vertex 35.3459 5.21899 1.02
      vertex 35.5854 5.5925 1.02
      vertex 35.2544 5.41475 1.02
    endloop
  endfacet
  facet normal 0 0 1
    outer loop
      vertex 35.5854 5.5925 1.02
      vertex 35.3459 5.21899 1.02
      vertex 35.7279 5.286 1.02
    endloop
  endfacet
  facet normal 0 0 1
    outer loop
      vertex 35.3659 5.79399 1.02
      vertex 35.1059 5.54799 1.02
      vertex 35.2544 5.41475 1.02
    endloop
  endfacet
  facet normal 0 0 1
    outer loop
      vertex 35.0507 5.90649 1.02
      vertex 35.1059 5.54799 1.02
      vertex 35.3659 5.79399 1.02
    endloop
  endfacet
  facet normal 0 0 1
    outer loop
      vertex 35.0507 5.90649 1.02
      vertex 34.8957 5.62524 1.02
      vertex 35.1059 5.54799 1.02
    endloop
  endfacet
  facet normal 0 0 1
    outer loop
      vertex 34.6209 5.94398 1.02
      vertex 34.8957 5.62524 1.02
      vertex 35.0507 5.90649 1.02
    endloop
  endfacet
  facet normal 0 0 1
    outer loop
      vertex 34.6209 5.94398 1.02
      vertex 34.6169 5.65099 1.02
      vertex 34.8957 5.62524 1.02
    endloop
  endfacet
  facet normal 0 0 1
    outer loop
      vertex 34.6209 5.94398 1.02
      vertex 34.3144 5.62149 1.02
      vertex 34.6169 5.65099 1.02
    endloop
  endfacet
  facet normal -0 0 1
    outer loop
      vertex 34.1574 5.89299 1.02
      vertex 34.3144 5.62149 1.02
      vertex 34.6209 5.94398 1.02
    endloop
  endfacet
  facet normal 0 0 1
    outer loop
      vertex 34.1574 5.89299 1.02
      vertex 34.0929 5.53299 1.02
      vertex 34.3144 5.62149 1.02
    endloop
  endfacet
  facet normal -0 0 1
    outer loop
      vertex 33.8149 5.73999 1.02
      vertex 34.0929 5.53299 1.02
      vertex 34.1574 5.89299 1.02
    endloop
  endfacet
  facet normal 0 0 1
    outer loop
      vertex 34.0929 5.53299 1.02
      vertex 33.8149 5.73999 1.02
      vertex 33.9572 5.38699 1.02
    endloop
  endfacet
  facet normal -0 0 1
    outer loop
      vertex 33.6042 5.49399 1.02
      vertex 33.9572 5.38699 1.02
      vertex 33.8149 5.73999 1.02
    endloop
  endfacet
  facet normal 0 0 1
    outer loop
      vertex 33.9572 5.38699 1.02
      vertex 33.6042 5.49399 1.02
      vertex 33.9119 5.183 1.02
    endloop
  endfacet
  facet normal 0 -0 1
    outer loop
      vertex 33.5474 5.00725 1.02
      vertex 33.9119 5.183 1.02
      vertex 33.5339 5.16199 1.02
    endloop
  endfacet
  facet normal 0 -0 1
    outer loop
      vertex 33.5879 4.87099 1.02
      vertex 33.9119 5.183 1.02
      vertex 33.5474 5.00725 1.02
    endloop
  endfacet
  facet normal 0 0 1
    outer loop
      vertex 33.9119 5.183 1.02
      vertex 33.6042 5.49399 1.02
      vertex 33.5339 5.16199 1.02
    endloop
  endfacet
  facet normal 0 0 1
    outer loop
      vertex 33.9119 5.183 1.02
      vertex 33.7429 4.64999 1.02
      vertex 33.8632 4.56024 1.02
    endloop
  endfacet
  facet normal 0 0 1
    outer loop
      vertex 33.9119 5.183 1.02
      vertex 33.6537 4.75275 1.02
      vertex 33.7429 4.64999 1.02
    endloop
  endfacet
  facet normal 0 0 1
    outer loop
      vertex 33.9119 5.183 1.02
      vertex 33.5879 4.87099 1.02
      vertex 33.6537 4.75275 1.02
    endloop
  endfacet
  facet normal 0 0 1
    outer loop
      vertex 35.7839 3.93375 1.02
      vertex 35.3949 3.89349 1.02
      vertex 35.4109 3.76399 1.02
    endloop
  endfacet
  facet normal 0 0 1
    outer loop
      vertex 35.5459 4.34824 1.02
      vertex 35.3469 3.99599 1.02
      vertex 35.3949 3.89349 1.02
    endloop
  endfacet
  facet normal 0 0 1
    outer loop
      vertex 35.1669 4.144 1.02
      vertex 35.4479 4.41499 1.02
      vertex 35.3399 4.47174 1.02
    endloop
  endfacet
  facet normal 0 0 1
    outer loop
      vertex 35.5459 4.34824 1.02
      vertex 35.2699 4.07799 1.02
      vertex 35.3469 3.99599 1.02
    endloop
  endfacet
  facet normal 0 0 1
    outer loop
      vertex 35.1669 4.144 1.02
      vertex 35.3399 4.47174 1.02
      vertex 35.2239 4.51999 1.02
    endloop
  endfacet
  facet normal 0 0 1
    outer loop
      vertex 35.4479 4.41499 1.02
      vertex 35.1669 4.144 1.02
      vertex 35.2699 4.07799 1.02
    endloop
  endfacet
  facet normal 0 0 1
    outer loop
      vertex 35.0397 4.19724 1.02
      vertex 35.2239 4.51999 1.02
      vertex 35.1012 4.56174 1.02
    endloop
  endfacet
  facet normal 0 0 1
    outer loop
      vertex 35.2239 4.51999 1.02
      vertex 35.0397 4.19724 1.02
      vertex 35.1669 4.144 1.02
    endloop
  endfacet
  facet normal 0 0 1
    outer loop
      vertex 34.8899 4.241 1.02
      vertex 35.1012 4.56174 1.02
      vertex 34.9729 4.59698 1.02
    endloop
  endfacet
  facet normal 0 0 1
    outer loop
      vertex 35.1012 4.56174 1.02
      vertex 34.8899 4.241 1.02
      vertex 35.0397 4.19724 1.02
    endloop
  endfacet
  facet normal 0 0 1
    outer loop
      vertex 34.8417 4.62874 1.02
      vertex 34.8899 4.241 1.02
      vertex 34.9729 4.59698 1.02
    endloop
  endfacet
  facet normal 0 0 1
    outer loop
      vertex 34.8417 4.62874 1.02
      vertex 34.7212 4.28174 1.02
      vertex 34.8899 4.241 1.02
    endloop
  endfacet
  facet normal 0 0 1
    outer loop
      vertex 34.7099 4.65999 1.02
      vertex 34.7212 4.28174 1.02
      vertex 34.8417 4.62874 1.02
    endloop
  endfacet
  facet normal 0 0 1
    outer loop
      vertex 34.7099 4.65999 1.02
      vertex 34.5349 4.32599 1.02
      vertex 34.7212 4.28174 1.02
    endloop
  endfacet
  facet normal 0 0 1
    outer loop
      vertex 34.3814 4.74199 1.02
      vertex 34.5349 4.32599 1.02
      vertex 34.7099 4.65999 1.02
    endloop
  endfacet
  facet normal 0 0 1
    outer loop
      vertex 34.3814 4.74199 1.02
      vertex 34.2367 4.40274 1.02
      vertex 34.5349 4.32599 1.02
    endloop
  endfacet
  facet normal 0 0 1
    outer loop
      vertex 34.1839 4.81 1.02
      vertex 34.2367 4.40274 1.02
      vertex 34.3814 4.74199 1.02
    endloop
  endfacet
  facet normal 0 0 1
    outer loop
      vertex 34.0199 4.47899 1.02
      vertex 34.1839 4.81 1.02
      vertex 34.0674 4.87849 1.02
    endloop
  endfacet
  facet normal 0 0 1
    outer loop
      vertex 34.1839 4.81 1.02
      vertex 34.0199 4.47899 1.02
      vertex 34.2367 4.40274 1.02
    endloop
  endfacet
  facet normal 0 0 1
    outer loop
      vertex 33.8632 4.56024 1.02
      vertex 34.0674 4.87849 1.02
      vertex 33.9819 4.95999 1.02
    endloop
  endfacet
  facet normal 0 0 1
    outer loop
      vertex 33.8632 4.56024 1.02
      vertex 33.9819 4.95999 1.02
      vertex 33.9294 5.05974 1.02
    endloop
  endfacet
  facet normal 0 0 1
    outer loop
      vertex 34.0674 4.87849 1.02
      vertex 33.8632 4.56024 1.02
      vertex 34.0199 4.47899 1.02
    endloop
  endfacet
  facet normal 0 0 1
    outer loop
      vertex 33.8632 4.56024 1.02
      vertex 33.9294 5.05974 1.02
      vertex 33.9119 5.183 1.02
    endloop
  endfacet
  facet normal 0 0 1
    outer loop
      vertex 35.3949 3.89349 1.02
      vertex 35.7839 3.93375 1.02
      vertex 35.7509 4.062 1.02
    endloop
  endfacet
  facet normal 0 0 1
    outer loop
      vertex 35.7839 3.93375 1.02
      vertex 35.4109 3.76399 1.02
      vertex 35.7949 3.78499 1.02
    endloop
  endfacet
  facet normal 0 0 1
    outer loop
      vertex 35.3949 3.89349 1.02
      vertex 35.7509 4.062 1.02
      vertex 35.6992 4.17299 1.02
    endloop
  endfacet
  facet normal 0 0 1
    outer loop
      vertex 35.3949 3.89349 1.02
      vertex 35.6992 4.17299 1.02
      vertex 35.6299 4.26799 1.02
    endloop
  endfacet
  facet normal 0 0 1
    outer loop
      vertex 35.3949 3.89349 1.02
      vertex 35.6299 4.26799 1.02
      vertex 35.5459 4.34824 1.02
    endloop
  endfacet
  facet normal 0 0 1
    outer loop
      vertex 35.7949 3.78499 1.02
      vertex 35.4109 3.76399 1.02
      vertex 35.7174 3.42574 1.02
    endloop
  endfacet
  facet normal 0 0 1
    outer loop
      vertex 35.2699 4.07799 1.02
      vertex 35.5459 4.34824 1.02
      vertex 35.4479 4.41499 1.02
    endloop
  endfacet
  facet normal -0 0 1
    outer loop
      vertex 35.3599 3.53699 1.02
      vertex 35.7174 3.42574 1.02
      vertex 35.4109 3.76399 1.02
    endloop
  endfacet
  facet normal 0 0 1
    outer loop
      vertex 35.7174 3.42574 1.02
      vertex 35.3599 3.53699 1.02
      vertex 35.4849 3.15799 1.02
    endloop
  endfacet
  facet normal -0 0 1
    outer loop
      vertex 35.2069 3.37199 1.02
      vertex 35.4849 3.15799 1.02
      vertex 35.3599 3.53699 1.02
    endloop
  endfacet
  facet normal 0 0 1
    outer loop
      vertex 35.2069 3.37199 1.02
      vertex 35.1119 2.9915 1.02
      vertex 35.4849 3.15799 1.02
    endloop
  endfacet
  facet normal -0 0 1
    outer loop
      vertex 34.9599 3.27225 1.02
      vertex 35.1119 2.9915 1.02
      vertex 35.2069 3.37199 1.02
    endloop
  endfacet
  facet normal 0 0 1
    outer loop
      vertex 34.6129 2.936 1.02
      vertex 34.9599 3.27225 1.02
      vertex 34.6269 3.239 1.02
    endloop
  endfacet
  facet normal 0 0 1
    outer loop
      vertex 34.9599 3.27225 1.02
      vertex 34.6129 2.936 1.02
      vertex 35.1119 2.9915 1.02
    endloop
  endfacet
  facet normal 0 0 1
    outer loop
      vertex 34.3012 3.26924 1.02
      vertex 34.6129 2.936 1.02
      vertex 34.6269 3.239 1.02
    endloop
  endfacet
  facet normal 0 0 1
    outer loop
      vertex 33.7867 3.118 1.02
      vertex 34.3012 3.26924 1.02
      vertex 34.0519 3.35999 1.02
    endloop
  endfacet
  facet normal 0 0 1
    outer loop
      vertex 34.3012 3.26924 1.02
      vertex 33.7867 3.118 1.02
      vertex 34.6129 2.936 1.02
    endloop
  endfacet
  facet normal 0 0 1
    outer loop
      vertex 33.8774 3.51524 1.02
      vertex 33.7867 3.118 1.02
      vertex 34.0519 3.35999 1.02
    endloop
  endfacet
  facet normal -0 0 1
    outer loop
      vertex 33.3999 3.66399 1.02
      vertex 33.8774 3.51524 1.02
      vertex 33.7759 3.739 1.02
    endloop
  endfacet
  facet normal 0 0 1
    outer loop
      vertex 33.8774 3.51524 1.02
      vertex 33.3999 3.66399 1.02
      vertex 33.7867 3.118 1.02
    endloop
  endfacet
  facet normal -0 0 1
    outer loop
      vertex 19.0264 5.34999 1.02
      vertex 19.437 5.14799 1.02
      vertex 19.3787 5.48624 1.02
    endloop
  endfacet
  facet normal 0 0 1
    outer loop
      vertex 19.437 5.14799 1.02
      vertex 19.0609 5.13599 1.02
      vertex 19.4179 4.97949 1.02
    endloop
  endfacet
  facet normal 0 0 1
    outer loop
      vertex 19.0407 4.96799 1.02
      vertex 19.4179 4.97949 1.02
      vertex 19.0609 5.13599 1.02
    endloop
  endfacet
  facet normal 0 0 1
    outer loop
      vertex 19.0264 5.34999 1.02
      vertex 19.3787 5.48624 1.02
      vertex 19.2039 5.737 1.02
    endloop
  endfacet
  facet normal 0 0 1
    outer loop
      vertex 19.4179 4.97949 1.02
      vertex 19.0407 4.96799 1.02
      vertex 19.3609 4.812 1.02
    endloop
  endfacet
  facet normal -0 0 1
    outer loop
      vertex 18.9799 4.81799 1.02
      vertex 19.3609 4.812 1.02
      vertex 19.0407 4.96799 1.02
    endloop
  endfacet
  facet normal 0 0 1
    outer loop
      vertex 19.437 5.14799 1.02
      vertex 19.0264 5.34999 1.02
      vertex 19.0609 5.13599 1.02
    endloop
  endfacet
  facet normal 0 0 1
    outer loop
      vertex 19.2039 5.737 1.02
      vertex 18.9229 5.50999 1.02
      vertex 19.0264 5.34999 1.02
    endloop
  endfacet
  facet normal 0 0 1
    outer loop
      vertex 18.9217 5.89224 1.02
      vertex 18.9229 5.50999 1.02
      vertex 19.2039 5.737 1.02
    endloop
  endfacet
  facet normal 0 0 1
    outer loop
      vertex 18.9217 5.89224 1.02
      vertex 18.7579 5.60974 1.02
      vertex 18.9229 5.50999 1.02
    endloop
  endfacet
  facet normal 0 0 1
    outer loop
      vertex 18.5389 5.94398 1.02
      vertex 18.7579 5.60974 1.02
      vertex 18.9217 5.89224 1.02
    endloop
  endfacet
  facet normal 0 0 1
    outer loop
      vertex 18.5389 5.94398 1.02
      vertex 18.5389 5.64299 1.02
      vertex 18.7579 5.60974 1.02
    endloop
  endfacet
  facet normal 0 0 1
    outer loop
      vertex 18.5389 5.94398 1.02
      vertex 18.3254 5.61124 1.02
      vertex 18.5389 5.64299 1.02
    endloop
  endfacet
  facet normal -0 0 1
    outer loop
      vertex 18.1807 5.89325 1.02
      vertex 18.3254 5.61124 1.02
      vertex 18.5389 5.94398 1.02
    endloop
  endfacet
  facet normal 0 0 1
    outer loop
      vertex 18.1807 5.89325 1.02
      vertex 18.1529 5.51599 1.02
      vertex 18.3254 5.61124 1.02
    endloop
  endfacet
  facet normal -0 0 1
    outer loop
      vertex 17.894 5.741 1.02
      vertex 18.1529 5.51599 1.02
      vertex 18.1807 5.89325 1.02
    endloop
  endfacet
  facet normal 0 0 1
    outer loop
      vertex 18.1529 5.51599 1.02
      vertex 17.894 5.741 1.02
      vertex 18.0332 5.36349 1.02
    endloop
  endfacet
  facet normal -0 0 1
    outer loop
      vertex 17.6954 5.50299 1.02
      vertex 18.0332 5.36349 1.02
      vertex 17.894 5.741 1.02
    endloop
  endfacet
  facet normal 0 0 1
    outer loop
      vertex 18.0332 5.36349 1.02
      vertex 17.6954 5.50299 1.02
      vertex 17.976 5.15999 1.02
    endloop
  endfacet
  facet normal 0 0 1
    outer loop
      vertex 17.976 5.15999 1.02
      vertex 17.6954 5.50299 1.02
      vertex 17.6019 5.19499 1.02
    endloop
  endfacet
  facet normal 0 0 1
    outer loop
      vertex 19.3609 4.812 1.02
      vertex 18.9799 4.81799 1.02
      vertex 19.2662 4.64499 1.02
    endloop
  endfacet
  facet normal 0 0 1
    outer loop
      vertex 19.2662 4.64499 1.02
      vertex 18.9799 4.81799 1.02
      vertex 19.1339 4.478 1.02
    endloop
  endfacet
  facet normal -0 0 1
    outer loop
      vertex 18.8875 4.681 1.02
      vertex 19.1339 4.478 1.02
      vertex 18.9799 4.81799 1.02
    endloop
  endfacet
  facet normal -0 0 1
    outer loop
      vertex 18.7699 4.54999 1.02
      vertex 19.1339 4.478 1.02
      vertex 18.8875 4.681 1.02
    endloop
  endfacet
  facet normal 0 0 1
    outer loop
      vertex 19.1339 4.478 1.02
      vertex 18.7699 4.54999 1.02
      vertex 18.9152 4.265 1.02
    endloop
  endfacet
  facet normal -0 0 1
    outer loop
      vertex 18.6319 4.42274 1.02
      vertex 18.9152 4.265 1.02
      vertex 18.7699 4.54999 1.02
    endloop
  endfacet
  facet normal -0 0 1
    outer loop
      vertex 18.478 4.295 1.02
      vertex 18.9152 4.265 1.02
      vertex 18.6319 4.42274 1.02
    endloop
  endfacet
  facet normal 0 0 1
    outer loop
      vertex 18.9152 4.265 1.02
      vertex 18.478 4.295 1.02
      vertex 18.5589 3.95999 1.02
    endloop
  endfacet
  facet normal -0 0 1
    outer loop
      vertex 18.3159 4.1615 1.02
      vertex 18.5589 3.95999 1.02
      vertex 18.478 4.295 1.02
    endloop
  endfacet
  facet normal 0 0 1
    outer loop
      vertex 18.5589 3.95999 1.02
      vertex 18.3159 4.1615 1.02
      vertex 18.3489 3.77625 1.02
    endloop
  endfacet
  facet normal -0 0 1
    outer loop
      vertex 18.1519 4.017 1.02
      vertex 18.3489 3.77625 1.02
      vertex 18.3159 4.1615 1.02
    endloop
  endfacet
  facet normal -0 0 1
    outer loop
      vertex 17.9917 3.85899 1.02
      vertex 18.3489 3.77625 1.02
      vertex 18.1519 4.017 1.02
    endloop
  endfacet
  facet normal 0 0 1
    outer loop
      vertex 18.3489 3.77625 1.02
      vertex 17.9917 3.85899 1.02
      vertex 18.187 3.61099 1.02
    endloop
  endfacet
  facet normal -0 0 1
    outer loop
      vertex 17.8389 3.683 1.02
      vertex 18.187 3.61099 1.02
      vertex 17.9917 3.85899 1.02
    endloop
  endfacet
  facet normal 0 0 1
    outer loop
      vertex 18.187 3.61099 1.02
      vertex 17.8389 3.683 1.02
      vertex 18.0682 3.45799 1.02
    endloop
  endfacet
  facet normal -0 0 1
    outer loop
      vertex 17.7012 3.48474 1.02
      vertex 18.0682 3.45799 1.02
      vertex 17.8389 3.683 1.02
    endloop
  endfacet
  facet normal -0 0 1
    outer loop
      vertex 17.9879 3.31099 1.02
      vertex 19.4809 3 1.02
      vertex 19.4809 3.31099 1.02
    endloop
  endfacet
  facet normal 0 0 1
    outer loop
      vertex 18.0682 3.45799 1.02
      vertex 17.7012 3.48474 1.02
      vertex 17.9879 3.31099 1.02
    endloop
  endfacet
  facet normal 0 0 1
    outer loop
      vertex 17.586 3.258 1.02
      vertex 17.9879 3.31099 1.02
      vertex 17.7012 3.48474 1.02
    endloop
  endfacet
  facet normal 0 0 1
    outer loop
      vertex 17.586 3 1.02
      vertex 17.9879 3.31099 1.02
      vertex 17.586 3.258 1.02
    endloop
  endfacet
  facet normal 0 0 1
    outer loop
      vertex 17.9879 3.31099 1.02
      vertex 17.586 3 1.02
      vertex 19.4809 3 1.02
    endloop
  endfacet
  facet normal -0 0 1
    outer loop
      vertex 23.5518 5.34999 1.02
      vertex 23.9623 5.14799 1.02
      vertex 23.9041 5.48624 1.02
    endloop
  endfacet
  facet normal 0 0 1
    outer loop
      vertex 23.9623 5.14799 1.02
      vertex 23.5863 5.13599 1.02
      vertex 23.9433 4.97949 1.02
    endloop
  endfacet
  facet normal 0 0 1
    outer loop
      vertex 23.5661 4.96799 1.02
      vertex 23.9433 4.97949 1.02
      vertex 23.5863 5.13599 1.02
    endloop
  endfacet
  facet normal 0 0 1
    outer loop
      vertex 23.5518 5.34999 1.02
      vertex 23.9041 5.48624 1.02
      vertex 23.7293 5.737 1.02
    endloop
  endfacet
  facet normal 0 0 1
    outer loop
      vertex 23.9433 4.97949 1.02
      vertex 23.5661 4.96799 1.02
      vertex 23.8863 4.812 1.02
    endloop
  endfacet
  facet normal -0 0 1
    outer loop
      vertex 23.5053 4.81799 1.02
      vertex 23.8863 4.812 1.02
      vertex 23.5661 4.96799 1.02
    endloop
  endfacet
  facet normal 0 0 1
    outer loop
      vertex 23.9623 5.14799 1.02
      vertex 23.5518 5.34999 1.02
      vertex 23.5863 5.13599 1.02
    endloop
  endfacet
  facet normal 0 0 1
    outer loop
      vertex 23.7293 5.737 1.02
      vertex 23.4483 5.50999 1.02
      vertex 23.5518 5.34999 1.02
    endloop
  endfacet
  facet normal 0 0 1
    outer loop
      vertex 23.4471 5.89224 1.02
      vertex 23.4483 5.50999 1.02
      vertex 23.7293 5.737 1.02
    endloop
  endfacet
  facet normal 0 0 1
    outer loop
      vertex 23.4471 5.89224 1.02
      vertex 23.2833 5.60974 1.02
      vertex 23.4483 5.50999 1.02
    endloop
  endfacet
  facet normal 0 0 1
    outer loop
      vertex 23.0643 5.94398 1.02
      vertex 23.2833 5.60974 1.02
      vertex 23.4471 5.89224 1.02
    endloop
  endfacet
  facet normal 0 0 1
    outer loop
      vertex 23.0643 5.94398 1.02
      vertex 23.0643 5.64299 1.02
      vertex 23.2833 5.60974 1.02
    endloop
  endfacet
  facet normal 0 0 1
    outer loop
      vertex 23.0643 5.94398 1.02
      vertex 22.8508 5.61124 1.02
      vertex 23.0643 5.64299 1.02
    endloop
  endfacet
  facet normal -0 0 1
    outer loop
      vertex 22.7061 5.89325 1.02
      vertex 22.8508 5.61124 1.02
      vertex 23.0643 5.94398 1.02
    endloop
  endfacet
  facet normal 0 0 1
    outer loop
      vertex 22.7061 5.89325 1.02
      vertex 22.6783 5.51599 1.02
      vertex 22.8508 5.61124 1.02
    endloop
  endfacet
  facet normal -0 0 1
    outer loop
      vertex 22.4193 5.741 1.02
      vertex 22.6783 5.51599 1.02
      vertex 22.7061 5.89325 1.02
    endloop
  endfacet
  facet normal 0 0 1
    outer loop
      vertex 22.6783 5.51599 1.02
      vertex 22.4193 5.741 1.02
      vertex 22.5586 5.36349 1.02
    endloop
  endfacet
  facet normal -0 0 1
    outer loop
      vertex 22.2208 5.50299 1.02
      vertex 22.5586 5.36349 1.02
      vertex 22.4193 5.741 1.02
    endloop
  endfacet
  facet normal 0 0 1
    outer loop
      vertex 22.5586 5.36349 1.02
      vertex 22.2208 5.50299 1.02
      vertex 22.5013 5.15999 1.02
    endloop
  endfacet
  facet normal 0 0 1
    outer loop
      vertex 22.5013 5.15999 1.02
      vertex 22.2208 5.50299 1.02
      vertex 22.1273 5.19499 1.02
    endloop
  endfacet
  facet normal 0 0 1
    outer loop
      vertex 23.8863 4.812 1.02
      vertex 23.5053 4.81799 1.02
      vertex 23.7916 4.64499 1.02
    endloop
  endfacet
  facet normal 0 0 1
    outer loop
      vertex 23.7916 4.64499 1.02
      vertex 23.5053 4.81799 1.02
      vertex 23.6593 4.478 1.02
    endloop
  endfacet
  facet normal -0 0 1
    outer loop
      vertex 23.4128 4.681 1.02
      vertex 23.6593 4.478 1.02
      vertex 23.5053 4.81799 1.02
    endloop
  endfacet
  facet normal -0 0 1
    outer loop
      vertex 23.2953 4.54999 1.02
      vertex 23.6593 4.478 1.02
      vertex 23.4128 4.681 1.02
    endloop
  endfacet
  facet normal 0 0 1
    outer loop
      vertex 23.6593 4.478 1.02
      vertex 23.2953 4.54999 1.02
      vertex 23.4406 4.265 1.02
    endloop
  endfacet
  facet normal -0 0 1
    outer loop
      vertex 23.1573 4.42274 1.02
      vertex 23.4406 4.265 1.02
      vertex 23.2953 4.54999 1.02
    endloop
  endfacet
  facet normal -0 0 1
    outer loop
      vertex 23.0033 4.295 1.02
      vertex 23.4406 4.265 1.02
      vertex 23.1573 4.42274 1.02
    endloop
  endfacet
  facet normal 0 0 1
    outer loop
      vertex 23.4406 4.265 1.02
      vertex 23.0033 4.295 1.02
      vertex 23.0843 3.95999 1.02
    endloop
  endfacet
  facet normal -0 0 1
    outer loop
      vertex 22.8413 4.1615 1.02
      vertex 23.0843 3.95999 1.02
      vertex 23.0033 4.295 1.02
    endloop
  endfacet
  facet normal 0 0 1
    outer loop
      vertex 23.0843 3.95999 1.02
      vertex 22.8413 4.1615 1.02
      vertex 22.8743 3.77625 1.02
    endloop
  endfacet
  facet normal -0 0 1
    outer loop
      vertex 22.6773 4.017 1.02
      vertex 22.8743 3.77625 1.02
      vertex 22.8413 4.1615 1.02
    endloop
  endfacet
  facet normal -0 0 1
    outer loop
      vertex 22.5171 3.85899 1.02
      vertex 22.8743 3.77625 1.02
      vertex 22.6773 4.017 1.02
    endloop
  endfacet
  facet normal 0 0 1
    outer loop
      vertex 22.8743 3.77625 1.02
      vertex 22.5171 3.85899 1.02
      vertex 22.7123 3.61099 1.02
    endloop
  endfacet
  facet normal -0 0 1
    outer loop
      vertex 22.3643 3.683 1.02
      vertex 22.7123 3.61099 1.02
      vertex 22.5171 3.85899 1.02
    endloop
  endfacet
  facet normal 0 0 1
    outer loop
      vertex 22.7123 3.61099 1.02
      vertex 22.3643 3.683 1.02
      vertex 22.5936 3.45799 1.02
    endloop
  endfacet
  facet normal -0 0 1
    outer loop
      vertex 22.2266 3.48474 1.02
      vertex 22.5936 3.45799 1.02
      vertex 22.3643 3.683 1.02
    endloop
  endfacet
  facet normal -0 0 1
    outer loop
      vertex 22.5133 3.31099 1.02
      vertex 24.0063 3 1.02
      vertex 24.0063 3.31099 1.02
    endloop
  endfacet
  facet normal 0 0 1
    outer loop
      vertex 22.5936 3.45799 1.02
      vertex 22.2266 3.48474 1.02
      vertex 22.5133 3.31099 1.02
    endloop
  endfacet
  facet normal 0 0 1
    outer loop
      vertex 22.1113 3.258 1.02
      vertex 22.5133 3.31099 1.02
      vertex 22.2266 3.48474 1.02
    endloop
  endfacet
  facet normal 0 0 1
    outer loop
      vertex 22.1113 3 1.02
      vertex 22.5133 3.31099 1.02
      vertex 22.1113 3.258 1.02
    endloop
  endfacet
  facet normal 0 0 1
    outer loop
      vertex 22.5133 3.31099 1.02
      vertex 22.1113 3 1.02
      vertex 24.0063 3 1.02
    endloop
  endfacet
  facet normal 0 0 1
    outer loop
      vertex 25.211 5.53099 1.02
      vertex 25.579 5.87999 1.02
      vertex 25.242 5.87999 1.02
    endloop
  endfacet
  facet normal -0 0 1
    outer loop
      vertex 25.579 3.31099 1.02
      vertex 26.275 3 1.02
      vertex 26.275 3.31099 1.02
    endloop
  endfacet
  facet normal 0 0 1
    outer loop
      vertex 25.579 5.87999 1.02
      vertex 25.211 5.53099 1.02
      vertex 25.579 3.31099 1.02
    endloop
  endfacet
  facet normal 0 0 1
    outer loop
      vertex 25.211 3.31099 1.02
      vertex 25.579 3.31099 1.02
      vertex 25.211 5.53099 1.02
    endloop
  endfacet
  facet normal -0 0 1
    outer loop
      vertex 25.211 3.31099 1.02
      vertex 26.275 3 1.02
      vertex 25.579 3.31099 1.02
    endloop
  endfacet
  facet normal 0 0 1
    outer loop
      vertex 24.482 3 1.02
      vertex 25.211 3.31099 1.02
      vertex 24.482 3.31099 1.02
    endloop
  endfacet
  facet normal 0 0 1
    outer loop
      vertex 25.211 3.31099 1.02
      vertex 24.482 3 1.02
      vertex 26.275 3 1.02
    endloop
  endfacet
  facet normal 0 0 1
    outer loop
      vertex 24.565 5.39299 1.02
      vertex 25.211 5.53099 1.02
      vertex 25.242 5.87999 1.02
    endloop
  endfacet
  facet normal 0 0 1
    outer loop
      vertex 25.211 5.53099 1.02
      vertex 24.565 5.39299 1.02
      vertex 24.565 5.04799 1.02
    endloop
  endfacet
  facet normal 0 0 1
    outer loop
      vertex 32.9047 5.41124 1.02
      vertex 32.5379 5.28374 1.02
      vertex 32.5805 5.06799 1.02
    endloop
  endfacet
  facet normal 0 0 1
    outer loop
      vertex 32.7075 5.66599 1.02
      vertex 32.4104 5.44099 1.02
      vertex 32.5379 5.28374 1.02
    endloop
  endfacet
  facet normal 0 0 1
    outer loop
      vertex 32.3892 5.82649 1.02
      vertex 32.4104 5.44099 1.02
      vertex 32.7075 5.66599 1.02
    endloop
  endfacet
  facet normal 0 0 1
    outer loop
      vertex 32.3892 5.82649 1.02
      vertex 32.2039 5.53699 1.02
      vertex 32.4104 5.44099 1.02
    endloop
  endfacet
  facet normal 0 0 1
    outer loop
      vertex 31.9604 5.87999 1.02
      vertex 32.2039 5.53699 1.02
      vertex 32.3892 5.82649 1.02
    endloop
  endfacet
  facet normal 0 0 1
    outer loop
      vertex 31.9604 5.87999 1.02
      vertex 31.9225 5.56898 1.02
      vertex 32.2039 5.53699 1.02
    endloop
  endfacet
  facet normal 0 0 1
    outer loop
      vertex 31.9604 5.87999 1.02
      vertex 31.0014 5.56898 1.02
      vertex 31.9225 5.56898 1.02
    endloop
  endfacet
  facet normal 0 0 1
    outer loop
      vertex 30.6134 5.87999 1.02
      vertex 31.0014 4.536 1.02
      vertex 31.0014 5.56898 1.02
    endloop
  endfacet
  facet normal 0 0 1
    outer loop
      vertex 30.6134 3 1.02
      vertex 31.0014 4.536 1.02
      vertex 30.6134 5.87999 1.02
    endloop
  endfacet
  facet normal -0 0 1
    outer loop
      vertex 30.6134 5.87999 1.02
      vertex 31.0014 5.56898 1.02
      vertex 31.9604 5.87999 1.02
    endloop
  endfacet
  facet normal 0 0 1
    outer loop
      vertex 31.0014 4.536 1.02
      vertex 30.6134 3 1.02
      vertex 31.0014 4.22899 1.02
    endloop
  endfacet
  facet normal 0 0 1
    outer loop
      vertex 31.0014 4.22899 1.02
      vertex 30.6134 3 1.02
      vertex 31.0014 3 1.02
    endloop
  endfacet
  facet normal 0 0 1
    outer loop
      vertex 32.5805 5.06799 1.02
      vertex 32.9705 5.073 1.02
      vertex 32.9047 5.41124 1.02
    endloop
  endfacet
  facet normal 0 0 1
    outer loop
      vertex 32.9705 5.073 1.02
      vertex 32.5805 5.06799 1.02
      vertex 32.924 4.78374 1.02
    endloop
  endfacet
  facet normal 0 0 1
    outer loop
      vertex 32.5379 5.28374 1.02
      vertex 32.9047 5.41124 1.02
      vertex 32.7075 5.66599 1.02
    endloop
  endfacet
  facet normal -0 0 1
    outer loop
      vertex 32.5385 4.84399 1.02
      vertex 32.924 4.78374 1.02
      vertex 32.5805 5.06799 1.02
    endloop
  endfacet
  facet normal 0 0 1
    outer loop
      vertex 32.924 4.78374 1.02
      vertex 32.5385 4.84399 1.02
      vertex 32.7845 4.54399 1.02
    endloop
  endfacet
  facet normal -0 0 1
    outer loop
      vertex 32.4125 4.67599 1.02
      vertex 32.7845 4.54399 1.02
      vertex 32.5385 4.84399 1.02
    endloop
  endfacet
  facet normal 0 0 1
    outer loop
      vertex 32.7845 4.54399 1.02
      vertex 32.4125 4.67599 1.02
      vertex 32.5632 4.36949 1.02
    endloop
  endfacet
  facet normal -0 0 1
    outer loop
      vertex 32.2104 4.571 1.02
      vertex 32.5632 4.36949 1.02
      vertex 32.4125 4.67599 1.02
    endloop
  endfacet
  facet normal 0 0 1
    outer loop
      vertex 32.5632 4.36949 1.02
      vertex 32.2104 4.571 1.02
      vertex 32.2715 4.27399 1.02
    endloop
  endfacet
  facet normal 0 0 1
    outer loop
      vertex 32.2715 4.27399 1.02
      vertex 32.6365 3 1.02
      vertex 33.0835 3 1.02
    endloop
  endfacet
  facet normal -0 0 1
    outer loop
      vertex 31.9384 4.536 1.02
      vertex 32.2715 4.27399 1.02
      vertex 32.2104 4.571 1.02
    endloop
  endfacet
  facet normal 0 0 1
    outer loop
      vertex 31.8934 4.22899 1.02
      vertex 32.2715 4.27399 1.02
      vertex 31.9384 4.536 1.02
    endloop
  endfacet
  facet normal 0 0 1
    outer loop
      vertex 32.2715 4.27399 1.02
      vertex 31.8934 4.22899 1.02
      vertex 32.6365 3 1.02
    endloop
  endfacet
  facet normal -0 0 1
    outer loop
      vertex 31.0014 4.536 1.02
      vertex 31.8934 4.22899 1.02
      vertex 31.9384 4.536 1.02
    endloop
  endfacet
  facet normal 0 0 1
    outer loop
      vertex 31.8934 4.22899 1.02
      vertex 31.0014 4.536 1.02
      vertex 31.0014 4.22899 1.02
    endloop
  endfacet
  facet normal -0 0 1
    outer loop
      vertex 29.5576 5.13899 1.02
      vertex 29.9118 4.95224 1.02
      vertex 29.9476 5.18599 1.02
    endloop
  endfacet
  facet normal -0 0 1
    outer loop
      vertex 29.5178 5.33699 1.02
      vertex 29.9476 5.18599 1.02
      vertex 29.6956 5.7065 1.02
    endloop
  endfacet
  facet normal 0 0 1
    outer loop
      vertex 29.5191 4.92824 1.02
      vertex 29.9118 4.95224 1.02
      vertex 29.5576 5.13899 1.02
    endloop
  endfacet
  facet normal 0 0 1
    outer loop
      vertex 29.9118 4.95224 1.02
      vertex 29.5191 4.92824 1.02
      vertex 29.8046 4.75899 1.02
    endloop
  endfacet
  facet normal 0 0 1
    outer loop
      vertex 29.9476 5.18599 1.02
      vertex 29.5178 5.33699 1.02
      vertex 29.5576 5.13899 1.02
    endloop
  endfacet
  facet normal 0 0 1
    outer loop
      vertex 29.6956 5.7065 1.02
      vertex 29.3986 5.46899 1.02
      vertex 29.5178 5.33699 1.02
    endloop
  endfacet
  facet normal 0 0 1
    outer loop
      vertex 29.6956 5.7065 1.02
      vertex 29.2048 5.54399 1.02
      vertex 29.3986 5.46899 1.02
    endloop
  endfacet
  facet normal 0 0 1
    outer loop
      vertex 28.9396 5.87999 1.02
      vertex 29.2048 5.54399 1.02
      vertex 29.6956 5.7065 1.02
    endloop
  endfacet
  facet normal 0 0 1
    outer loop
      vertex 28.9396 5.87999 1.02
      vertex 28.9396 5.56898 1.02
      vertex 29.2048 5.54399 1.02
    endloop
  endfacet
  facet normal 0 0 1
    outer loop
      vertex 28.9396 5.87999 1.02
      vertex 28.2876 5.56898 1.02
      vertex 28.9396 5.56898 1.02
    endloop
  endfacet
  facet normal 0 0 1
    outer loop
      vertex 27.8996 5.87999 1.02
      vertex 28.2876 4.66399 1.02
      vertex 28.2876 5.56898 1.02
    endloop
  endfacet
  facet normal 0 0 1
    outer loop
      vertex 28.2876 4.66399 1.02
      vertex 27.8996 5.87999 1.02
      vertex 28.2876 4.36099 1.02
    endloop
  endfacet
  facet normal 0 0 1
    outer loop
      vertex 27.8996 3 1.02
      vertex 28.2876 4.36099 1.02
      vertex 27.8996 5.87999 1.02
    endloop
  endfacet
  facet normal -0 0 1
    outer loop
      vertex 27.8996 5.87999 1.02
      vertex 28.2876 5.56898 1.02
      vertex 28.9396 5.87999 1.02
    endloop
  endfacet
  facet normal 0 0 1
    outer loop
      vertex 29.8046 4.75899 1.02
      vertex 29.5191 4.92824 1.02
      vertex 29.6331 4.61525 1.02
    endloop
  endfacet
  facet normal -0 0 1
    outer loop
      vertex 29.4036 4.78 1.02
      vertex 29.6331 4.61525 1.02
      vertex 29.5191 4.92824 1.02
    endloop
  endfacet
  facet normal 0 0 1
    outer loop
      vertex 29.4036 4.78 1.02
      vertex 29.4026 4.528 1.02
      vertex 29.6331 4.61525 1.02
    endloop
  endfacet
  facet normal 0 -0 1
    outer loop
      vertex 29.4026 4.528 1.02
      vertex 29.4036 4.78 1.02
      vertex 29.2111 4.69299 1.02
    endloop
  endfacet
  facet normal -0 0 1
    outer loop
      vertex 29.7216 3.84599 1.02
      vertex 30.1136 3.81599 1.02
      vertex 30.0673 4.08099 1.02
    endloop
  endfacet
  facet normal 0 0 1
    outer loop
      vertex 29.7216 3.84599 1.02
      vertex 30.0673 4.08099 1.02
      vertex 29.9286 4.29599 1.02
    endloop
  endfacet
  facet normal 0 0 1
    outer loop
      vertex 29.6808 3.61275 1.02
      vertex 30.1136 3.81599 1.02
      vertex 29.7216 3.84599 1.02
    endloop
  endfacet
  facet normal 0 0 1
    outer loop
      vertex 30.1136 3.81599 1.02
      vertex 29.6808 3.61275 1.02
      vertex 30.0438 3.47275 1.02
    endloop
  endfacet
  facet normal 0 0 1
    outer loop
      vertex 29.5438 4.23224 1.02
      vertex 29.9286 4.29599 1.02
      vertex 29.7046 4.44949 1.02
    endloop
  endfacet
  facet normal 0 0 1
    outer loop
      vertex 29.9286 4.29599 1.02
      vertex 29.5438 4.23224 1.02
      vertex 29.7216 3.84599 1.02
    endloop
  endfacet
  facet normal 0 0 1
    outer loop
      vertex 29.4026 4.528 1.02
      vertex 29.5438 4.23224 1.02
      vertex 29.7046 4.44949 1.02
    endloop
  endfacet
  facet normal 0 0 1
    outer loop
      vertex 29.0106 4.36099 1.02
      vertex 29.4026 4.528 1.02
      vertex 29.2111 4.69299 1.02
    endloop
  endfacet
  facet normal 0 0 1
    outer loop
      vertex 29.4026 4.528 1.02
      vertex 29.0106 4.36099 1.02
      vertex 29.5438 4.23224 1.02
    endloop
  endfacet
  facet normal -0 0 1
    outer loop
      vertex 28.9396 4.66399 1.02
      vertex 29.0106 4.36099 1.02
      vertex 29.2111 4.69299 1.02
    endloop
  endfacet
  facet normal 0 0 1
    outer loop
      vertex 28.2876 4.36099 1.02
      vertex 28.9396 4.66399 1.02
      vertex 28.2876 4.66399 1.02
    endloop
  endfacet
  facet normal 0 0 1
    outer loop
      vertex 28.9396 4.66399 1.02
      vertex 28.2876 4.36099 1.02
      vertex 29.0106 4.36099 1.02
    endloop
  endfacet
  facet normal 0 0 1
    outer loop
      vertex 30.0438 3.47275 1.02
      vertex 29.6808 3.61275 1.02
      vertex 29.8346 3.215 1.02
    endloop
  endfacet
  facet normal -0 0 1
    outer loop
      vertex 29.5586 3.44499 1.02
      vertex 29.8346 3.215 1.02
      vertex 29.6808 3.61275 1.02
    endloop
  endfacet
  facet normal 0 0 1
    outer loop
      vertex 29.5586 3.44499 1.02
      vertex 29.5023 3.05374 1.02
      vertex 29.8346 3.215 1.02
    endloop
  endfacet
  facet normal -0 0 1
    outer loop
      vertex 29.3483 3.3445 1.02
      vertex 29.5023 3.05374 1.02
      vertex 29.5586 3.44499 1.02
    endloop
  endfacet
  facet normal 0 0 1
    outer loop
      vertex 29.3483 3.3445 1.02
      vertex 29.0616 3 1.02
      vertex 29.5023 3.05374 1.02
    endloop
  endfacet
  facet normal -0 0 1
    outer loop
      vertex 29.0416 3.31099 1.02
      vertex 29.0616 3 1.02
      vertex 29.3483 3.3445 1.02
    endloop
  endfacet
  facet normal -0 0 1
    outer loop
      vertex 28.2876 3.31099 1.02
      vertex 29.0616 3 1.02
      vertex 29.0416 3.31099 1.02
    endloop
  endfacet
  facet normal 0 0 1
    outer loop
      vertex 28.2876 3.31099 1.02
      vertex 27.8996 3 1.02
      vertex 29.0616 3 1.02
    endloop
  endfacet
  facet normal 0 0 1
    outer loop
      vertex 28.2876 4.36099 1.02
      vertex 27.8996 3 1.02
      vertex 28.2876 3.31099 1.02
    endloop
  endfacet
  facet normal 0 0 1
    outer loop
      vertex 14.3875 4.70824 1.02
      vertex 14.715 4.84674 1.02
      vertex 14.5335 5.06 1.02
    endloop
  endfacet
  facet normal 0 -0 1
    outer loop
      vertex 14.4375 4.536 1.02
      vertex 14.715 4.84674 1.02
      vertex 14.3875 4.70824 1.02
    endloop
  endfacet
  facet normal 0 0 1
    outer loop
      vertex 14.715 4.84674 1.02
      vertex 14.4375 4.536 1.02
      vertex 14.8135 4.56499 1.02
    endloop
  endfacet
  facet normal 0 0 1
    outer loop
      vertex 14.5335 5.06 1.02
      vertex 14.2935 4.84099 1.02
      vertex 14.3875 4.70824 1.02
    endloop
  endfacet
  facet normal 0 0 1
    outer loop
      vertex 14.2827 5.19499 1.02
      vertex 14.2935 4.84099 1.02
      vertex 14.5335 5.06 1.02
    endloop
  endfacet
  facet normal 0 0 1
    outer loop
      vertex 14.2827 5.19499 1.02
      vertex 14.1532 4.92574 1.02
      vertex 14.2935 4.84099 1.02
    endloop
  endfacet
  facet normal 0 0 1
    outer loop
      vertex 13.9745 5.23999 1.02
      vertex 14.1532 4.92574 1.02
      vertex 14.2827 5.19499 1.02
    endloop
  endfacet
  facet normal 0 0 1
    outer loop
      vertex 13.9745 5.23999 1.02
      vertex 13.9645 4.95399 1.02
      vertex 14.1532 4.92574 1.02
    endloop
  endfacet
  facet normal 0 0 1
    outer loop
      vertex 13.9745 5.23999 1.02
      vertex 13.7145 4.905 1.02
      vertex 13.9645 4.95399 1.02
    endloop
  endfacet
  facet normal -0 0 1
    outer loop
      vertex 13.5722 5.16624 1.02
      vertex 13.7145 4.905 1.02
      vertex 13.9745 5.23999 1.02
    endloop
  endfacet
  facet normal 0 0 1
    outer loop
      vertex 13.5722 5.16624 1.02
      vertex 13.5445 4.758 1.02
      vertex 13.7145 4.905 1.02
    endloop
  endfacet
  facet normal -0 0 1
    outer loop
      vertex 13.2755 4.94499 1.02
      vertex 13.5445 4.758 1.02
      vertex 13.5722 5.16624 1.02
    endloop
  endfacet
  facet normal 0 0 1
    outer loop
      vertex 13.5445 4.758 1.02
      vertex 13.0932 4.58424 1.02
      vertex 13.447 4.495 1.02
    endloop
  endfacet
  facet normal 0 0 1
    outer loop
      vertex 13.0932 4.58424 1.02
      vertex 13.5445 4.758 1.02
      vertex 13.2755 4.94499 1.02
    endloop
  endfacet
  facet normal 0 0 1
    outer loop
      vertex 14.4565 3.64 1.02
      vertex 14.7365 3.33725 1.02
      vertex 14.8255 3.616 1.02
    endloop
  endfacet
  facet normal 0 0 1
    outer loop
      vertex 14.7365 3.33725 1.02
      vertex 14.4565 3.64 1.02
      vertex 14.4012 3.45549 1.02
    endloop
  endfacet
  facet normal 0 0 1
    outer loop
      vertex 14.7365 3.33725 1.02
      vertex 14.4012 3.45549 1.02
      vertex 14.5555 3.12099 1.02
    endloop
  endfacet
  facet normal -0 0 1
    outer loop
      vertex 14.2955 3.32599 1.02
      vertex 14.5555 3.12099 1.02
      vertex 14.4012 3.45549 1.02
    endloop
  endfacet
  facet normal 0 0 1
    outer loop
      vertex 14.5555 3.12099 1.02
      vertex 14.2955 3.32599 1.02
      vertex 14.2977 2.98225 1.02
    endloop
  endfacet
  facet normal -0 0 1
    outer loop
      vertex 14.1485 3.2495 1.02
      vertex 14.2977 2.98225 1.02
      vertex 14.2955 3.32599 1.02
    endloop
  endfacet
  facet normal 0 0 1
    outer loop
      vertex 14.1485 3.2495 1.02
      vertex 13.9785 2.936 1.02
      vertex 14.2977 2.98225 1.02
    endloop
  endfacet
  facet normal -0 0 1
    outer loop
      vertex 13.9695 3.224 1.02
      vertex 13.9785 2.936 1.02
      vertex 14.1485 3.2495 1.02
    endloop
  endfacet
  facet normal 0 0 1
    outer loop
      vertex 13.7257 3.2775 1.02
      vertex 13.9785 2.936 1.02
      vertex 13.9695 3.224 1.02
    endloop
  endfacet
  facet normal 0 0 1
    outer loop
      vertex 13.7257 3.2775 1.02
      vertex 13.572 3.00949 1.02
      vertex 13.9785 2.936 1.02
    endloop
  endfacet
  facet normal 0 0 1
    outer loop
      vertex 13.5525 3.43799 1.02
      vertex 13.572 3.00949 1.02
      vertex 13.7257 3.2775 1.02
    endloop
  endfacet
  facet normal -0 0 1
    outer loop
      vertex 13.093 3.5925 1.02
      vertex 13.5525 3.43799 1.02
      vertex 13.449 3.71049 1.02
    endloop
  endfacet
  facet normal 0 0 1
    outer loop
      vertex 13.0325 4.09 1.02
      vertex 13.447 4.495 1.02
      vertex 13.0932 4.58424 1.02
    endloop
  endfacet
  facet normal 0 0 1
    outer loop
      vertex 13.5525 3.43799 1.02
      vertex 13.2745 3.23 1.02
      vertex 13.572 3.00949 1.02
    endloop
  endfacet
  facet normal 0 0 1
    outer loop
      vertex 13.447 4.495 1.02
      vertex 13.0325 4.09 1.02
      vertex 13.4145 4.09799 1.02
    endloop
  endfacet
  facet normal 0 0 1
    outer loop
      vertex 13.4145 4.09799 1.02
      vertex 13.0325 4.09 1.02
      vertex 13.449 3.71049 1.02
    endloop
  endfacet
  facet normal 0 -0 1
    outer loop
      vertex 13.093 3.5925 1.02
      vertex 13.449 3.71049 1.02
      vertex 13.0325 4.09 1.02
    endloop
  endfacet
  facet normal 0 0 1
    outer loop
      vertex 13.5525 3.43799 1.02
      vertex 13.093 3.5925 1.02
      vertex 13.2745 3.23 1.02
    endloop
  endfacet
  facet normal -0.887734 0.460356 0
    outer loop
      vertex 15.6009 2.59026 1.02
      vertex 15.8336 3.03899 3
      vertex 15.8336 3.03899 1.02
    endloop
  endfacet
  facet normal -0.887734 0.460356 0
    outer loop
      vertex 15.8336 3.03899 3
      vertex 15.6009 2.59026 1.02
      vertex 15.6009 2.59026 3
    endloop
  endfacet
  facet normal -0.962949 0.269684 0
    outer loop
      vertex 15.8336 3.03899 1.02
      vertex 15.9716 3.53174 3
      vertex 15.9716 3.53174 1.02
    endloop
  endfacet
  facet normal -0.962949 0.269684 0
    outer loop
      vertex 15.9716 3.53174 3
      vertex 15.8336 3.03899 1.02
      vertex 15.8336 3.03899 3
    endloop
  endfacet
  facet normal -0.996549 0.0830067 0
    outer loop
      vertex 15.9716 3.53174 1.02
      vertex 16.0176 4.084 3
      vertex 16.0176 4.084 1.02
    endloop
  endfacet
  facet normal -0.996549 0.0830067 0
    outer loop
      vertex 16.0176 4.084 3
      vertex 15.9716 3.53174 1.02
      vertex 15.9716 3.53174 3
    endloop
  endfacet
  facet normal -1 0 0
    outer loop
      vertex 16.0176 4.084 1.02
      vertex 16.0176 4.092 3
      vertex 16.0176 4.092 1.02
    endloop
  endfacet
  facet normal -1 -0 0
    outer loop
      vertex 16.0176 4.092 3
      vertex 16.0176 4.084 1.02
      vertex 16.0176 4.084 3
    endloop
  endfacet
  facet normal -0.996556 -0.0829193 0
    outer loop
      vertex 16.0176 4.092 1.02
      vertex 15.9719 4.64124 3
      vertex 15.9719 4.64124 1.02
    endloop
  endfacet
  facet normal -0.996556 -0.0829193 0
    outer loop
      vertex 15.9719 4.64124 3
      vertex 16.0176 4.092 1.02
      vertex 16.0176 4.092 3
    endloop
  endfacet
  facet normal -0.963164 -0.268916 0
    outer loop
      vertex 15.9719 4.64124 1.02
      vertex 15.8346 5.133 3
      vertex 15.8346 5.133 1.02
    endloop
  endfacet
  facet normal -0.963164 -0.268916 0
    outer loop
      vertex 15.8346 5.133 3
      vertex 15.9719 4.64124 1.02
      vertex 15.9719 4.64124 3
    endloop
  endfacet
  facet normal -0.888733 -0.458425 0
    outer loop
      vertex 15.8346 5.133 1.02
      vertex 15.6021 5.58374 3
      vertex 15.6021 5.58374 1.02
    endloop
  endfacet
  facet normal -0.888733 -0.458425 0
    outer loop
      vertex 15.6021 5.58374 3
      vertex 15.8346 5.133 1.02
      vertex 15.8346 5.133 3
    endloop
  endfacet
  facet normal -0.786181 -0.617997 0
    outer loop
      vertex 15.6021 5.58374 1.02
      vertex 15.2686 6.008 3
      vertex 15.2686 6.008 1.02
    endloop
  endfacet
  facet normal -0.786181 -0.617997 0
    outer loop
      vertex 15.2686 6.008 3
      vertex 15.6021 5.58374 1.02
      vertex 15.6021 5.58374 3
    endloop
  endfacet
  facet normal 0 -1 0
    outer loop
      vertex 14.9146 6.008 1.02
      vertex 15.2686 6.008 3
      vertex 14.9146 6.008 3
    endloop
  endfacet
  facet normal 0 -1 -0
    outer loop
      vertex 15.2686 6.008 3
      vertex 14.9146 6.008 1.02
      vertex 15.2686 6.008 1.02
    endloop
  endfacet
  facet normal 0.79579 0.605572 0
    outer loop
      vertex 15.2441 5.575 3
      vertex 14.9146 6.008 1.02
      vertex 14.9146 6.008 3
    endloop
  endfacet
  facet normal 0.79579 0.605572 0
    outer loop
      vertex 14.9146 6.008 1.02
      vertex 15.2441 5.575 3
      vertex 15.2441 5.575 1.02
    endloop
  endfacet
  facet normal 0.894427 0.447214 0
    outer loop
      vertex 15.4726 5.118 3
      vertex 15.2441 5.575 1.02
      vertex 15.2441 5.575 3
    endloop
  endfacet
  facet normal 0.894427 0.447214 0
    outer loop
      vertex 15.2441 5.575 1.02
      vertex 15.4726 5.118 3
      vertex 15.4726 5.118 1.02
    endloop
  endfacet
  facet normal 0.965035 0.26212 0
    outer loop
      vertex 15.6061 4.6265 3
      vertex 15.4726 5.118 1.02
      vertex 15.4726 5.118 3
    endloop
  endfacet
  facet normal 0.965035 0.26212 0
    outer loop
      vertex 15.4726 5.118 1.02
      vertex 15.6061 4.6265 3
      vertex 15.6061 4.6265 1.02
    endloop
  endfacet
  facet normal 0.996603 0.0823562 0
    outer loop
      vertex 15.6506 4.088 3
      vertex 15.6061 4.6265 1.02
      vertex 15.6061 4.6265 3
    endloop
  endfacet
  facet normal 0.996603 0.0823562 0
    outer loop
      vertex 15.6061 4.6265 1.02
      vertex 15.6506 4.088 3
      vertex 15.6506 4.088 1.02
    endloop
  endfacet
  facet normal 0.996648 -0.0818048 0
    outer loop
      vertex 15.6064 3.5495 3
      vertex 15.6506 4.088 1.02
      vertex 15.6506 4.088 3
    endloop
  endfacet
  facet normal 0.996648 -0.0818048 0
    outer loop
      vertex 15.6506 4.088 1.02
      vertex 15.6064 3.5495 3
      vertex 15.6064 3.5495 1.02
    endloop
  endfacet
  facet normal 0.965382 -0.26084 0
    outer loop
      vertex 15.4736 3.058 3
      vertex 15.6064 3.5495 1.02
      vertex 15.6064 3.5495 3
    endloop
  endfacet
  facet normal 0.965382 -0.26084 0
    outer loop
      vertex 15.6064 3.5495 1.02
      vertex 15.4736 3.058 3
      vertex 15.4736 3.058 1.02
    endloop
  endfacet
  facet normal 0.894266 -0.447535 0
    outer loop
      vertex 15.2454 2.60201 3
      vertex 15.4736 3.058 1.02
      vertex 15.4736 3.058 3
    endloop
  endfacet
  facet normal 0.894266 -0.447535 0
    outer loop
      vertex 15.4736 3.058 1.02
      vertex 15.2454 2.60201 3
      vertex 15.2454 2.60201 1.02
    endloop
  endfacet
  facet normal 0.795314 -0.606198 0
    outer loop
      vertex 14.9146 2.16801 3
      vertex 15.2454 2.60201 1.02
      vertex 15.2454 2.60201 3
    endloop
  endfacet
  facet normal 0.795314 -0.606198 0
    outer loop
      vertex 15.2454 2.60201 1.02
      vertex 14.9146 2.16801 3
      vertex 14.9146 2.16801 1.02
    endloop
  endfacet
  facet normal 0 1 -0
    outer loop
      vertex 15.2686 2.16801 1.02
      vertex 14.9146 2.16801 3
      vertex 15.2686 2.16801 3
    endloop
  endfacet
  facet normal 0 1 0
    outer loop
      vertex 14.9146 2.16801 3
      vertex 15.2686 2.16801 1.02
      vertex 14.9146 2.16801 1.02
    endloop
  endfacet
  facet normal -0.785837 0.618434 0
    outer loop
      vertex 15.2686 2.16801 1.02
      vertex 15.6009 2.59026 3
      vertex 15.6009 2.59026 1.02
    endloop
  endfacet
  facet normal -0.785837 0.618434 0
    outer loop
      vertex 15.6009 2.59026 3
      vertex 15.2686 2.16801 1.02
      vertex 15.2686 2.16801 3
    endloop
  endfacet
  facet normal -0.895208 -0.445649 0
    outer loop
      vertex 12.529 2.604 1.02
      vertex 12.301 3.062 3
      vertex 12.301 3.062 1.02
    endloop
  endfacet
  facet normal -0.895208 -0.445649 0
    outer loop
      vertex 12.301 3.062 3
      vertex 12.529 2.604 1.02
      vertex 12.529 2.604 3
    endloop
  endfacet
  facet normal -0.966054 -0.258341 0
    outer loop
      vertex 12.301 3.062 1.02
      vertex 12.1697 3.55299 3
      vertex 12.1697 3.55299 1.02
    endloop
  endfacet
  facet normal -0.966054 -0.258341 0
    outer loop
      vertex 12.1697 3.55299 3
      vertex 12.301 3.062 1.02
      vertex 12.301 3.062 3
    endloop
  endfacet
  facet normal -0.996681 -0.0814096 0
    outer loop
      vertex 12.1697 3.55299 1.02
      vertex 12.126 4.088 3
      vertex 12.126 4.088 1.02
    endloop
  endfacet
  facet normal -0.996681 -0.0814096 0
    outer loop
      vertex 12.126 4.088 3
      vertex 12.1697 3.55299 1.02
      vertex 12.1697 3.55299 3
    endloop
  endfacet
  facet normal -0.99663 0.0820317 0
    outer loop
      vertex 12.126 4.088 1.02
      vertex 12.1702 4.625 3
      vertex 12.1702 4.625 1.02
    endloop
  endfacet
  facet normal -0.99663 0.0820317 0
    outer loop
      vertex 12.1702 4.625 3
      vertex 12.126 4.088 1.02
      vertex 12.126 4.088 3
    endloop
  endfacet
  facet normal -0.965582 0.2601 0
    outer loop
      vertex 12.1702 4.625 1.02
      vertex 12.303 5.118 3
      vertex 12.303 5.118 1.02
    endloop
  endfacet
  facet normal -0.965582 0.2601 0
    outer loop
      vertex 12.303 5.118 3
      vertex 12.1702 4.625 1.02
      vertex 12.1702 4.625 3
    endloop
  endfacet
  facet normal -0.894814 0.44644 0
    outer loop
      vertex 12.303 5.118 1.02
      vertex 12.5315 5.57599 3
      vertex 12.5315 5.57599 1.02
    endloop
  endfacet
  facet normal -0.894814 0.44644 0
    outer loop
      vertex 12.5315 5.57599 3
      vertex 12.303 5.118 1.02
      vertex 12.303 5.118 3
    endloop
  endfacet
  facet normal -0.795122 0.60645 0
    outer loop
      vertex 12.5315 5.57599 1.02
      vertex 12.861 6.008 3
      vertex 12.861 6.008 1.02
    endloop
  endfacet
  facet normal -0.795122 0.60645 0
    outer loop
      vertex 12.861 6.008 3
      vertex 12.5315 5.57599 1.02
      vertex 12.5315 5.57599 3
    endloop
  endfacet
  facet normal 0 -1 0
    outer loop
      vertex 12.508 6.008 1.02
      vertex 12.861 6.008 3
      vertex 12.508 6.008 3
    endloop
  endfacet
  facet normal 0 -1 -0
    outer loop
      vertex 12.861 6.008 3
      vertex 12.508 6.008 1.02
      vertex 12.861 6.008 1.02
    endloop
  endfacet
  facet normal 0.785841 -0.618428 0
    outer loop
      vertex 12.1755 5.58549 3
      vertex 12.508 6.008 1.02
      vertex 12.508 6.008 3
    endloop
  endfacet
  facet normal 0.785841 -0.618428 0
    outer loop
      vertex 12.508 6.008 1.02
      vertex 12.1755 5.58549 3
      vertex 12.1755 5.58549 1.02
    endloop
  endfacet
  facet normal 0.887411 -0.46098 0
    outer loop
      vertex 11.942 5.13599 3
      vertex 12.1755 5.58549 1.02
      vertex 12.1755 5.58549 3
    endloop
  endfacet
  facet normal 0.887411 -0.46098 0
    outer loop
      vertex 12.1755 5.58549 1.02
      vertex 11.942 5.13599 3
      vertex 11.942 5.13599 1.02
    endloop
  endfacet
  facet normal 0.962841 -0.270071 0
    outer loop
      vertex 11.804 4.644 3
      vertex 11.942 5.13599 1.02
      vertex 11.942 5.13599 3
    endloop
  endfacet
  facet normal 0.962841 -0.270071 0
    outer loop
      vertex 11.942 5.13599 1.02
      vertex 11.804 4.644 3
      vertex 11.804 4.644 1.02
    endloop
  endfacet
  facet normal 0.996546 -0.0830455 0
    outer loop
      vertex 11.758 4.092 3
      vertex 11.804 4.644 1.02
      vertex 11.804 4.644 3
    endloop
  endfacet
  facet normal 0.996546 -0.0830455 0
    outer loop
      vertex 11.804 4.644 1.02
      vertex 11.758 4.092 3
      vertex 11.758 4.092 1.02
    endloop
  endfacet
  facet normal 1 -0 0
    outer loop
      vertex 11.758 4.084 3
      vertex 11.758 4.092 1.02
      vertex 11.758 4.092 3
    endloop
  endfacet
  facet normal 1 0 0
    outer loop
      vertex 11.758 4.092 1.02
      vertex 11.758 4.084 3
      vertex 11.758 4.084 1.02
    endloop
  endfacet
  facet normal 0.99656 0.0828774 0
    outer loop
      vertex 11.8037 3.53448 3
      vertex 11.758 4.084 1.02
      vertex 11.758 4.084 3
    endloop
  endfacet
  facet normal 0.99656 0.0828774 0
    outer loop
      vertex 11.758 4.084 1.02
      vertex 11.8037 3.53448 3
      vertex 11.8037 3.53448 1.02
    endloop
  endfacet
  facet normal 0.963267 0.268547 0
    outer loop
      vertex 11.941 3.04199 3
      vertex 11.8037 3.53448 1.02
      vertex 11.8037 3.53448 3
    endloop
  endfacet
  facet normal 0.963267 0.268547 0
    outer loop
      vertex 11.8037 3.53448 1.02
      vertex 11.941 3.04199 3
      vertex 11.941 3.04199 1.02
    endloop
  endfacet
  facet normal 0.887854 0.460126 0
    outer loop
      vertex 12.1742 2.59201 3
      vertex 11.941 3.04199 1.02
      vertex 11.941 3.04199 3
    endloop
  endfacet
  facet normal 0.887854 0.460126 0
    outer loop
      vertex 11.941 3.04199 1.02
      vertex 12.1742 2.59201 3
      vertex 12.1742 2.59201 1.02
    endloop
  endfacet
  facet normal 0.785726 0.618574 0
    outer loop
      vertex 12.508 2.16801 3
      vertex 12.1742 2.59201 1.02
      vertex 12.1742 2.59201 3
    endloop
  endfacet
  facet normal 0.785726 0.618574 0
    outer loop
      vertex 12.1742 2.59201 1.02
      vertex 12.508 2.16801 3
      vertex 12.508 2.16801 1.02
    endloop
  endfacet
  facet normal 0 1 -0
    outer loop
      vertex 12.861 2.16801 1.02
      vertex 12.508 2.16801 3
      vertex 12.861 2.16801 3
    endloop
  endfacet
  facet normal 0 1 0
    outer loop
      vertex 12.508 2.16801 3
      vertex 12.861 2.16801 1.02
      vertex 12.508 2.16801 1.02
    endloop
  endfacet
  facet normal -0.795593 -0.605832 0
    outer loop
      vertex 12.861 2.16801 1.02
      vertex 12.529 2.604 3
      vertex 12.529 2.604 1.02
    endloop
  endfacet
  facet normal -0.795593 -0.605832 0
    outer loop
      vertex 12.529 2.604 3
      vertex 12.861 2.16801 1.02
      vertex 12.861 2.16801 3
    endloop
  endfacet
  facet normal -0.379548 0.925172 0
    outer loop
      vertex 38.2738 3.125 1.02
      vertex 37.9283 2.98326 3
      vertex 38.2738 3.125 3
    endloop
  endfacet
  facet normal -0.379548 0.925172 0
    outer loop
      vertex 37.9283 2.98326 3
      vertex 38.2738 3.125 1.02
      vertex 37.9283 2.98326 1.02
    endloop
  endfacet
  facet normal -0.633193 0.773994 0
    outer loop
      vertex 38.558 3.3575 1.02
      vertex 38.2738 3.125 3
      vertex 38.558 3.3575 3
    endloop
  endfacet
  facet normal -0.633193 0.773994 0
    outer loop
      vertex 38.2738 3.125 3
      vertex 38.558 3.3575 1.02
      vertex 38.2738 3.125 1.02
    endloop
  endfacet
  facet normal -0.832283 0.554351 0
    outer loop
      vertex 38.558 3.3575 1.02
      vertex 38.7708 3.67699 3
      vertex 38.7708 3.67699 1.02
    endloop
  endfacet
  facet normal -0.832283 0.554351 0
    outer loop
      vertex 38.7708 3.67699 3
      vertex 38.558 3.3575 1.02
      vertex 38.558 3.3575 3
    endloop
  endfacet
  facet normal -0.439261 -0.89836 0
    outer loop
      vertex 38.4538 3.83199 1.02
      vertex 38.7708 3.67699 3
      vertex 38.4538 3.83199 3
    endloop
  endfacet
  facet normal -0.439261 -0.89836 -0
    outer loop
      vertex 38.7708 3.67699 3
      vertex 38.4538 3.83199 1.02
      vertex 38.7708 3.67699 1.02
    endloop
  endfacet
  facet normal 0.753566 -0.657372 0
    outer loop
      vertex 38.0763 3.39925 3
      vertex 38.4538 3.83199 1.02
      vertex 38.4538 3.83199 3
    endloop
  endfacet
  facet normal 0.753566 -0.657372 0
    outer loop
      vertex 38.4538 3.83199 1.02
      vertex 38.0763 3.39925 3
      vertex 38.0763 3.39925 1.02
    endloop
  endfacet
  facet normal 0.264258 -0.964452 0
    outer loop
      vertex 37.5498 3.25499 1.02
      vertex 38.0763 3.39925 3
      vertex 37.5498 3.25499 3
    endloop
  endfacet
  facet normal 0.264258 -0.964452 0
    outer loop
      vertex 38.0763 3.39925 3
      vertex 37.5498 3.25499 1.02
      vertex 38.0763 3.39925 1.02
    endloop
  endfacet
  facet normal -0.191269 -0.981538 0
    outer loop
      vertex 37.129 3.33699 1.02
      vertex 37.5498 3.25499 3
      vertex 37.129 3.33699 3
    endloop
  endfacet
  facet normal -0.191269 -0.981538 -0
    outer loop
      vertex 37.5498 3.25499 3
      vertex 37.129 3.33699 1.02
      vertex 37.5498 3.25499 1.02
    endloop
  endfacet
  facet normal -0.604473 -0.796626 0
    outer loop
      vertex 36.8048 3.58299 1.02
      vertex 37.129 3.33699 3
      vertex 36.8048 3.58299 3
    endloop
  endfacet
  facet normal -0.604473 -0.796626 -0
    outer loop
      vertex 37.129 3.33699 3
      vertex 36.8048 3.58299 1.02
      vertex 37.129 3.33699 1.02
    endloop
  endfacet
  facet normal -0.879756 -0.475425 0
    outer loop
      vertex 36.8048 3.58299 1.02
      vertex 36.5985 3.96474 3
      vertex 36.5985 3.96474 1.02
    endloop
  endfacet
  facet normal -0.879756 -0.475425 0
    outer loop
      vertex 36.5985 3.96474 3
      vertex 36.8048 3.58299 1.02
      vertex 36.8048 3.58299 3
    endloop
  endfacet
  facet normal -0.990206 -0.139612 0
    outer loop
      vertex 36.5985 3.96474 1.02
      vertex 36.5298 4.452 3
      vertex 36.5298 4.452 1.02
    endloop
  endfacet
  facet normal -0.990206 -0.139612 0
    outer loop
      vertex 36.5298 4.452 3
      vertex 36.5985 3.96474 1.02
      vertex 36.5985 3.96474 3
    endloop
  endfacet
  facet normal -0.991004 0.133829 0
    outer loop
      vertex 36.5298 4.452 1.02
      vertex 36.5958 4.94073 3
      vertex 36.5958 4.94073 1.02
    endloop
  endfacet
  facet normal -0.991004 0.133829 0
    outer loop
      vertex 36.5958 4.94073 3
      vertex 36.5298 4.452 1.02
      vertex 36.5298 4.452 3
    endloop
  endfacet
  facet normal -0.882883 0.469593 0
    outer loop
      vertex 36.5958 4.94073 1.02
      vertex 36.7938 5.31299 3
      vertex 36.7938 5.31299 1.02
    endloop
  endfacet
  facet normal -0.882883 0.469593 0
    outer loop
      vertex 36.7938 5.31299 3
      vertex 36.5958 4.94073 1.02
      vertex 36.5958 4.94073 3
    endloop
  endfacet
  facet normal -0.596347 0.802727 0
    outer loop
      vertex 37.1108 5.54849 1.02
      vertex 36.7938 5.31299 3
      vertex 37.1108 5.54849 3
    endloop
  endfacet
  facet normal -0.596347 0.802727 0
    outer loop
      vertex 36.7938 5.31299 3
      vertex 37.1108 5.54849 1.02
      vertex 36.7938 5.31299 1.02
    endloop
  endfacet
  facet normal -0.182486 0.983208 0
    outer loop
      vertex 37.5338 5.627 1.02
      vertex 37.1108 5.54849 3
      vertex 37.5338 5.627 3
    endloop
  endfacet
  facet normal -0.182486 0.983208 0
    outer loop
      vertex 37.1108 5.54849 3
      vertex 37.5338 5.627 1.02
      vertex 37.1108 5.54849 1.02
    endloop
  endfacet
  facet normal 0.117015 0.99313 -0
    outer loop
      vertex 37.816 5.59375 1.02
      vertex 37.5338 5.627 3
      vertex 37.816 5.59375 3
    endloop
  endfacet
  facet normal 0.117015 0.99313 0
    outer loop
      vertex 37.5338 5.627 3
      vertex 37.816 5.59375 1.02
      vertex 37.5338 5.627 1.02
    endloop
  endfacet
  facet normal 0.38274 0.923856 -0
    outer loop
      vertex 38.0568 5.49399 1.02
      vertex 37.816 5.59375 3
      vertex 38.0568 5.49399 3
    endloop
  endfacet
  facet normal 0.38274 0.923856 0
    outer loop
      vertex 37.816 5.59375 3
      vertex 38.0568 5.49399 1.02
      vertex 37.816 5.59375 1.02
    endloop
  endfacet
  facet normal 0.647648 0.761939 -0
    outer loop
      vertex 38.2468 5.33249 1.02
      vertex 38.0568 5.49399 3
      vertex 38.2468 5.33249 3
    endloop
  endfacet
  facet normal 0.647648 0.761939 0
    outer loop
      vertex 38.0568 5.49399 3
      vertex 38.2468 5.33249 1.02
      vertex 38.0568 5.49399 1.02
    endloop
  endfacet
  facet normal 0.861422 0.507891 0
    outer loop
      vertex 38.3768 5.112 3
      vertex 38.2468 5.33249 1.02
      vertex 38.2468 5.33249 3
    endloop
  endfacet
  facet normal 0.861422 0.507891 0
    outer loop
      vertex 38.2468 5.33249 1.02
      vertex 38.3768 5.112 3
      vertex 38.3768 5.112 1.02
    endloop
  endfacet
  facet normal -0.315429 0.948949 0
    outer loop
      vertex 38.7438 5.23399 1.02
      vertex 38.3768 5.112 3
      vertex 38.7438 5.23399 3
    endloop
  endfacet
  facet normal -0.315429 0.948949 0
    outer loop
      vertex 38.3768 5.112 3
      vertex 38.7438 5.23399 1.02
      vertex 38.3768 5.112 1.02
    endloop
  endfacet
  facet normal -0.858167 -0.513371 0
    outer loop
      vertex 38.7438 5.23399 1.02
      vertex 38.5591 5.54274 3
      vertex 38.5591 5.54274 1.02
    endloop
  endfacet
  facet normal -0.858167 -0.513371 0
    outer loop
      vertex 38.5591 5.54274 3
      vertex 38.7438 5.23399 1.02
      vertex 38.7438 5.23399 3
    endloop
  endfacet
  facet normal -0.640768 -0.767734 0
    outer loop
      vertex 38.2928 5.765 1.02
      vertex 38.5591 5.54274 3
      vertex 38.2928 5.765 3
    endloop
  endfacet
  facet normal -0.640768 -0.767734 -0
    outer loop
      vertex 38.5591 5.54274 3
      vertex 38.2928 5.765 1.02
      vertex 38.5591 5.54274 1.02
    endloop
  endfacet
  facet normal -0.363099 -0.931751 0
    outer loop
      vertex 37.9483 5.89925 1.02
      vertex 38.2928 5.765 3
      vertex 37.9483 5.89925 3
    endloop
  endfacet
  facet normal -0.363099 -0.931751 -0
    outer loop
      vertex 38.2928 5.765 3
      vertex 37.9483 5.89925 1.02
      vertex 38.2928 5.765 1.02
    endloop
  endfacet
  facet normal -0.106026 -0.994363 0
    outer loop
      vertex 37.5288 5.94398 1.02
      vertex 37.9483 5.89925 3
      vertex 37.5288 5.94398 3
    endloop
  endfacet
  facet normal -0.106026 -0.994363 -0
    outer loop
      vertex 37.9483 5.89925 3
      vertex 37.5288 5.94398 1.02
      vertex 37.9483 5.89925 1.02
    endloop
  endfacet
  facet normal 0.167398 -0.985889 0
    outer loop
      vertex 36.9458 5.84499 1.02
      vertex 37.5288 5.94398 3
      vertex 36.9458 5.84499 3
    endloop
  endfacet
  facet normal 0.167398 -0.985889 0
    outer loop
      vertex 37.5288 5.94398 3
      vertex 36.9458 5.84499 1.02
      vertex 37.5288 5.94398 1.02
    endloop
  endfacet
  facet normal 0.5586 -0.829437 0
    outer loop
      vertex 36.5048 5.54799 1.02
      vertex 36.9458 5.84499 3
      vertex 36.5048 5.54799 3
    endloop
  endfacet
  facet normal 0.5586 -0.829437 0
    outer loop
      vertex 36.9458 5.84499 3
      vertex 36.5048 5.54799 1.02
      vertex 36.9458 5.84499 1.02
    endloop
  endfacet
  facet normal 0.86261 -0.50587 0
    outer loop
      vertex 36.228 5.07599 3
      vertex 36.5048 5.54799 1.02
      vertex 36.5048 5.54799 3
    endloop
  endfacet
  facet normal 0.86261 -0.50587 0
    outer loop
      vertex 36.5048 5.54799 1.02
      vertex 36.228 5.07599 3
      vertex 36.228 5.07599 1.02
    endloop
  endfacet
  facet normal 0.989259 -0.146172 0
    outer loop
      vertex 36.1358 4.452 3
      vertex 36.228 5.07599 1.02
      vertex 36.228 5.07599 3
    endloop
  endfacet
  facet normal 0.989259 -0.146172 0
    outer loop
      vertex 36.228 5.07599 1.02
      vertex 36.1358 4.452 3
      vertex 36.1358 4.452 1.02
    endloop
  endfacet
  facet normal 0.995545 0.0942907 0
    outer loop
      vertex 36.177 4.017 3
      vertex 36.1358 4.452 1.02
      vertex 36.1358 4.452 3
    endloop
  endfacet
  facet normal 0.995545 0.0942907 0
    outer loop
      vertex 36.1358 4.452 1.02
      vertex 36.177 4.017 3
      vertex 36.177 4.017 1.02
    endloop
  endfacet
  facet normal 0.94909 0.315006 0
    outer loop
      vertex 36.3008 3.644 3
      vertex 36.177 4.017 1.02
      vertex 36.177 4.017 3
    endloop
  endfacet
  facet normal 0.94909 0.315006 0
    outer loop
      vertex 36.177 4.017 1.02
      vertex 36.3008 3.644 3
      vertex 36.3008 3.644 1.02
    endloop
  endfacet
  facet normal 0.829088 0.559118 0
    outer loop
      vertex 36.5043 3.34224 3
      vertex 36.3008 3.644 1.02
      vertex 36.3008 3.644 3
    endloop
  endfacet
  facet normal 0.829088 0.559118 0
    outer loop
      vertex 36.3008 3.644 1.02
      vertex 36.5043 3.34224 3
      vertex 36.5043 3.34224 1.02
    endloop
  endfacet
  facet normal 0.625463 0.780253 -0
    outer loop
      vertex 36.7828 3.11899 1.02
      vertex 36.5043 3.34224 3
      vertex 36.7828 3.11899 3
    endloop
  endfacet
  facet normal 0.625463 0.780253 0
    outer loop
      vertex 36.5043 3.34224 3
      vertex 36.7828 3.11899 1.02
      vertex 36.5043 3.34224 1.02
    endloop
  endfacet
  facet normal 0.369348 0.929291 -0
    outer loop
      vertex 37.1281 2.98175 1.02
      vertex 36.7828 3.11899 3
      vertex 37.1281 2.98175 3
    endloop
  endfacet
  facet normal 0.369348 0.929291 0
    outer loop
      vertex 36.7828 3.11899 3
      vertex 37.1281 2.98175 1.02
      vertex 36.7828 3.11899 1.02
    endloop
  endfacet
  facet normal 0.112606 0.99364 -0
    outer loop
      vertex 37.5318 2.936 1.02
      vertex 37.1281 2.98175 3
      vertex 37.5318 2.936 3
    endloop
  endfacet
  facet normal 0.112606 0.99364 0
    outer loop
      vertex 37.1281 2.98175 3
      vertex 37.5318 2.936 1.02
      vertex 37.1281 2.98175 1.02
    endloop
  endfacet
  facet normal -0.118355 0.992971 0
    outer loop
      vertex 37.9283 2.98326 1.02
      vertex 37.5318 2.936 3
      vertex 37.9283 2.98326 3
    endloop
  endfacet
  facet normal -0.118355 0.992971 0
    outer loop
      vertex 37.5318 2.936 3
      vertex 37.9283 2.98326 1.02
      vertex 37.5318 2.936 1.02
    endloop
  endfacet
  facet normal -0.407594 0.913163 0
    outer loop
      vertex 35.4849 3.15799 1.02
      vertex 35.1119 2.9915 3
      vertex 35.4849 3.15799 3
    endloop
  endfacet
  facet normal -0.407594 0.913163 0
    outer loop
      vertex 35.1119 2.9915 3
      vertex 35.4849 3.15799 1.02
      vertex 35.1119 2.9915 1.02
    endloop
  endfacet
  facet normal -0.755061 0.655655 0
    outer loop
      vertex 35.4849 3.15799 1.02
      vertex 35.7174 3.42574 3
      vertex 35.7174 3.42574 1.02
    endloop
  endfacet
  facet normal -0.755061 0.655655 0
    outer loop
      vertex 35.7174 3.42574 3
      vertex 35.4849 3.15799 1.02
      vertex 35.4849 3.15799 3
    endloop
  endfacet
  facet normal -0.977513 0.210876 0
    outer loop
      vertex 35.7174 3.42574 1.02
      vertex 35.7949 3.78499 3
      vertex 35.7949 3.78499 1.02
    endloop
  endfacet
  facet normal -0.977513 0.210876 0
    outer loop
      vertex 35.7949 3.78499 3
      vertex 35.7174 3.42574 1.02
      vertex 35.7174 3.42574 3
    endloop
  endfacet
  facet normal -0.997277 -0.0737433 0
    outer loop
      vertex 35.7949 3.78499 1.02
      vertex 35.7839 3.93375 3
      vertex 35.7839 3.93375 1.02
    endloop
  endfacet
  facet normal -0.997277 -0.0737433 0
    outer loop
      vertex 35.7839 3.93375 3
      vertex 35.7949 3.78499 1.02
      vertex 35.7949 3.78499 3
    endloop
  endfacet
  facet normal -0.968454 -0.249193 0
    outer loop
      vertex 35.7839 3.93375 1.02
      vertex 35.7509 4.062 3
      vertex 35.7509 4.062 1.02
    endloop
  endfacet
  facet normal -0.968454 -0.249193 0
    outer loop
      vertex 35.7509 4.062 3
      vertex 35.7839 3.93375 1.02
      vertex 35.7839 3.93375 3
    endloop
  endfacet
  facet normal -0.906481 -0.422246 0
    outer loop
      vertex 35.7509 4.062 1.02
      vertex 35.6992 4.17299 3
      vertex 35.6992 4.17299 1.02
    endloop
  endfacet
  facet normal -0.906481 -0.422246 0
    outer loop
      vertex 35.6992 4.17299 3
      vertex 35.7509 4.062 1.02
      vertex 35.7509 4.062 3
    endloop
  endfacet
  facet normal -0.807889 -0.589334 0
    outer loop
      vertex 35.6992 4.17299 1.02
      vertex 35.6299 4.26799 3
      vertex 35.6299 4.26799 1.02
    endloop
  endfacet
  facet normal -0.807889 -0.589334 0
    outer loop
      vertex 35.6299 4.26799 3
      vertex 35.6992 4.17299 1.02
      vertex 35.6992 4.17299 3
    endloop
  endfacet
  facet normal -0.690783 -0.723062 0
    outer loop
      vertex 35.5459 4.34824 1.02
      vertex 35.6299 4.26799 3
      vertex 35.5459 4.34824 3
    endloop
  endfacet
  facet normal -0.690783 -0.723062 -0
    outer loop
      vertex 35.6299 4.26799 3
      vertex 35.5459 4.34824 1.02
      vertex 35.6299 4.26799 1.02
    endloop
  endfacet
  facet normal -0.562944 -0.826495 0
    outer loop
      vertex 35.4479 4.41499 1.02
      vertex 35.5459 4.34824 3
      vertex 35.4479 4.41499 3
    endloop
  endfacet
  facet normal -0.562944 -0.826495 -0
    outer loop
      vertex 35.5459 4.34824 3
      vertex 35.4479 4.41499 1.02
      vertex 35.5459 4.34824 1.02
    endloop
  endfacet
  facet normal -0.465155 -0.885229 0
    outer loop
      vertex 35.3399 4.47174 1.02
      vertex 35.4479 4.41499 3
      vertex 35.3399 4.47174 3
    endloop
  endfacet
  facet normal -0.465155 -0.885229 -0
    outer loop
      vertex 35.4479 4.41499 3
      vertex 35.3399 4.47174 1.02
      vertex 35.4479 4.41499 1.02
    endloop
  endfacet
  facet normal -0.38405 -0.923312 0
    outer loop
      vertex 35.2239 4.51999 1.02
      vertex 35.3399 4.47174 3
      vertex 35.2239 4.51999 3
    endloop
  endfacet
  facet normal -0.38405 -0.923312 -0
    outer loop
      vertex 35.3399 4.47174 3
      vertex 35.2239 4.51999 1.02
      vertex 35.3399 4.47174 1.02
    endloop
  endfacet
  facet normal -0.322124 -0.946697 0
    outer loop
      vertex 35.1012 4.56174 1.02
      vertex 35.2239 4.51999 3
      vertex 35.1012 4.56174 3
    endloop
  endfacet
  facet normal -0.322124 -0.946697 -0
    outer loop
      vertex 35.2239 4.51999 3
      vertex 35.1012 4.56174 1.02
      vertex 35.2239 4.51999 1.02
    endloop
  endfacet
  facet normal -0.26486 -0.964287 0
    outer loop
      vertex 34.9729 4.59698 1.02
      vertex 35.1012 4.56174 3
      vertex 34.9729 4.59698 3
    endloop
  endfacet
  facet normal -0.26486 -0.964287 -0
    outer loop
      vertex 35.1012 4.56174 3
      vertex 34.9729 4.59698 1.02
      vertex 35.1012 4.56174 1.02
    endloop
  endfacet
  facet normal -0.235278 -0.971928 0
    outer loop
      vertex 34.8417 4.62874 1.02
      vertex 34.9729 4.59698 3
      vertex 34.8417 4.62874 3
    endloop
  endfacet
  facet normal -0.235278 -0.971928 -0
    outer loop
      vertex 34.9729 4.59698 3
      vertex 34.8417 4.62874 1.02
      vertex 34.9729 4.59698 1.02
    endloop
  endfacet
  facet normal -0.230706 -0.973024 0
    outer loop
      vertex 34.7099 4.65999 1.02
      vertex 34.8417 4.62874 3
      vertex 34.7099 4.65999 3
    endloop
  endfacet
  facet normal -0.230706 -0.973024 -0
    outer loop
      vertex 34.8417 4.62874 3
      vertex 34.7099 4.65999 1.02
      vertex 34.8417 4.62874 1.02
    endloop
  endfacet
  facet normal -0.242188 -0.970229 0
    outer loop
      vertex 34.3814 4.74199 1.02
      vertex 34.7099 4.65999 3
      vertex 34.3814 4.74199 3
    endloop
  endfacet
  facet normal -0.242188 -0.970229 -0
    outer loop
      vertex 34.7099 4.65999 3
      vertex 34.3814 4.74199 1.02
      vertex 34.7099 4.65999 1.02
    endloop
  endfacet
  facet normal -0.325591 -0.945511 0
    outer loop
      vertex 34.1839 4.81 1.02
      vertex 34.3814 4.74199 3
      vertex 34.1839 4.81 3
    endloop
  endfacet
  facet normal -0.325591 -0.945511 -0
    outer loop
      vertex 34.3814 4.74199 3
      vertex 34.1839 4.81 1.02
      vertex 34.3814 4.74199 1.02
    endloop
  endfacet
  facet normal -0.506803 -0.862062 0
    outer loop
      vertex 34.0674 4.87849 1.02
      vertex 34.1839 4.81 3
      vertex 34.0674 4.87849 3
    endloop
  endfacet
  facet normal -0.506803 -0.862062 -0
    outer loop
      vertex 34.1839 4.81 3
      vertex 34.0674 4.87849 1.02
      vertex 34.1839 4.81 1.02
    endloop
  endfacet
  facet normal -0.689972 -0.723836 0
    outer loop
      vertex 33.9819 4.95999 1.02
      vertex 34.0674 4.87849 3
      vertex 33.9819 4.95999 3
    endloop
  endfacet
  facet normal -0.689972 -0.723836 -0
    outer loop
      vertex 34.0674 4.87849 3
      vertex 33.9819 4.95999 1.02
      vertex 34.0674 4.87849 1.02
    endloop
  endfacet
  facet normal -0.884918 -0.465746 0
    outer loop
      vertex 33.9819 4.95999 1.02
      vertex 33.9294 5.05974 3
      vertex 33.9294 5.05974 1.02
    endloop
  endfacet
  facet normal -0.884918 -0.465746 0
    outer loop
      vertex 33.9294 5.05974 3
      vertex 33.9819 4.95999 1.02
      vertex 33.9819 4.95999 3
    endloop
  endfacet
  facet normal -0.990071 -0.140567 0
    outer loop
      vertex 33.9294 5.05974 1.02
      vertex 33.9119 5.183 3
      vertex 33.9119 5.183 1.02
    endloop
  endfacet
  facet normal -0.990071 -0.140567 0
    outer loop
      vertex 33.9119 5.183 3
      vertex 33.9294 5.05974 1.02
      vertex 33.9294 5.05974 3
    endloop
  endfacet
  facet normal -0.976219 0.216789 0
    outer loop
      vertex 33.9119 5.183 1.02
      vertex 33.9572 5.38699 3
      vertex 33.9572 5.38699 1.02
    endloop
  endfacet
  facet normal -0.976219 0.216789 0
    outer loop
      vertex 33.9572 5.38699 3
      vertex 33.9119 5.183 1.02
      vertex 33.9119 5.183 3
    endloop
  endfacet
  facet normal -0.732472 0.680797 0
    outer loop
      vertex 33.9572 5.38699 1.02
      vertex 34.0929 5.53299 3
      vertex 34.0929 5.53299 1.02
    endloop
  endfacet
  facet normal -0.732472 0.680797 0
    outer loop
      vertex 34.0929 5.53299 3
      vertex 33.9572 5.38699 1.02
      vertex 33.9572 5.38699 3
    endloop
  endfacet
  facet normal -0.371029 0.928621 0
    outer loop
      vertex 34.3144 5.62149 1.02
      vertex 34.0929 5.53299 3
      vertex 34.3144 5.62149 3
    endloop
  endfacet
  facet normal -0.371029 0.928621 0
    outer loop
      vertex 34.0929 5.53299 3
      vertex 34.3144 5.62149 1.02
      vertex 34.0929 5.53299 1.02
    endloop
  endfacet
  facet normal -0.0970602 0.995279 0
    outer loop
      vertex 34.6169 5.65099 1.02
      vertex 34.3144 5.62149 3
      vertex 34.6169 5.65099 3
    endloop
  endfacet
  facet normal -0.0970602 0.995279 0
    outer loop
      vertex 34.3144 5.62149 3
      vertex 34.6169 5.65099 1.02
      vertex 34.3144 5.62149 1.02
    endloop
  endfacet
  facet normal 0.0919687 0.995762 -0
    outer loop
      vertex 34.8957 5.62524 1.02
      vertex 34.6169 5.65099 3
      vertex 34.8957 5.62524 3
    endloop
  endfacet
  facet normal 0.0919687 0.995762 0
    outer loop
      vertex 34.6169 5.65099 3
      vertex 34.8957 5.62524 1.02
      vertex 34.6169 5.65099 1.02
    endloop
  endfacet
  facet normal 0.34495 0.938621 -0
    outer loop
      vertex 35.1059 5.54799 1.02
      vertex 34.8957 5.62524 3
      vertex 35.1059 5.54799 3
    endloop
  endfacet
  facet normal 0.34495 0.938621 0
    outer loop
      vertex 34.8957 5.62524 3
      vertex 35.1059 5.54799 1.02
      vertex 34.8957 5.62524 1.02
    endloop
  endfacet
  facet normal 0.667829 0.744315 -0
    outer loop
      vertex 35.2544 5.41475 1.02
      vertex 35.1059 5.54799 3
      vertex 35.2544 5.41475 3
    endloop
  endfacet
  facet normal 0.667829 0.744315 0
    outer loop
      vertex 35.1059 5.54799 3
      vertex 35.2544 5.41475 1.02
      vertex 35.1059 5.54799 1.02
    endloop
  endfacet
  facet normal 0.905925 0.423438 0
    outer loop
      vertex 35.3459 5.21899 3
      vertex 35.2544 5.41475 1.02
      vertex 35.2544 5.41475 3
    endloop
  endfacet
  facet normal 0.905925 0.423438 0
    outer loop
      vertex 35.2544 5.41475 1.02
      vertex 35.3459 5.21899 3
      vertex 35.3459 5.21899 1.02
    endloop
  endfacet
  facet normal -0.172781 0.98496 0
    outer loop
      vertex 35.7279 5.286 1.02
      vertex 35.3459 5.21899 3
      vertex 35.7279 5.286 3
    endloop
  endfacet
  facet normal -0.172781 0.98496 0
    outer loop
      vertex 35.3459 5.21899 3
      vertex 35.7279 5.286 1.02
      vertex 35.3459 5.21899 1.02
    endloop
  endfacet
  facet normal -0.906787 -0.421589 0
    outer loop
      vertex 35.7279 5.286 1.02
      vertex 35.5854 5.5925 3
      vertex 35.5854 5.5925 1.02
    endloop
  endfacet
  facet normal -0.906787 -0.421589 0
    outer loop
      vertex 35.5854 5.5925 3
      vertex 35.7279 5.286 1.02
      vertex 35.7279 5.286 3
    endloop
  endfacet
  facet normal -0.676238 -0.736683 0
    outer loop
      vertex 35.3659 5.79399 1.02
      vertex 35.5854 5.5925 3
      vertex 35.3659 5.79399 3
    endloop
  endfacet
  facet normal -0.676238 -0.736683 -0
    outer loop
      vertex 35.5854 5.5925 3
      vertex 35.3659 5.79399 1.02
      vertex 35.5854 5.5925 1.02
    endloop
  endfacet
  facet normal -0.336147 -0.941809 0
    outer loop
      vertex 35.0507 5.90649 1.02
      vertex 35.3659 5.79399 3
      vertex 35.0507 5.90649 3
    endloop
  endfacet
  facet normal -0.336147 -0.941809 -0
    outer loop
      vertex 35.3659 5.79399 3
      vertex 35.0507 5.90649 1.02
      vertex 35.3659 5.79399 1.02
    endloop
  endfacet
  facet normal -0.0868967 -0.996217 0
    outer loop
      vertex 34.6209 5.94398 1.02
      vertex 35.0507 5.90649 3
      vertex 34.6209 5.94398 3
    endloop
  endfacet
  facet normal -0.0868967 -0.996217 -0
    outer loop
      vertex 35.0507 5.90649 3
      vertex 34.6209 5.94398 1.02
      vertex 35.0507 5.90649 1.02
    endloop
  endfacet
  facet normal 0.109351 -0.994003 0
    outer loop
      vertex 34.1574 5.89299 1.02
      vertex 34.6209 5.94398 3
      vertex 34.1574 5.89299 3
    endloop
  endfacet
  facet normal 0.109351 -0.994003 0
    outer loop
      vertex 34.6209 5.94398 3
      vertex 34.1574 5.89299 1.02
      vertex 34.6209 5.94398 1.02
    endloop
  endfacet
  facet normal 0.407869 -0.91304 0
    outer loop
      vertex 33.8149 5.73999 1.02
      vertex 34.1574 5.89299 3
      vertex 33.8149 5.73999 3
    endloop
  endfacet
  facet normal 0.407869 -0.91304 0
    outer loop
      vertex 34.1574 5.89299 3
      vertex 33.8149 5.73999 1.02
      vertex 34.1574 5.89299 1.02
    endloop
  endfacet
  facet normal 0.759496 -0.650512 0
    outer loop
      vertex 33.6042 5.49399 3
      vertex 33.8149 5.73999 1.02
      vertex 33.8149 5.73999 3
    endloop
  endfacet
  facet normal 0.759496 -0.650512 0
    outer loop
      vertex 33.8149 5.73999 1.02
      vertex 33.6042 5.49399 3
      vertex 33.6042 5.49399 1.02
    endloop
  endfacet
  facet normal 0.978308 -0.207154 0
    outer loop
      vertex 33.5339 5.16199 3
      vertex 33.6042 5.49399 1.02
      vertex 33.6042 5.49399 3
    endloop
  endfacet
  facet normal 0.978308 -0.207154 0
    outer loop
      vertex 33.6042 5.49399 1.02
      vertex 33.5339 5.16199 3
      vertex 33.5339 5.16199 1.02
    endloop
  endfacet
  facet normal 0.996216 0.086913 0
    outer loop
      vertex 33.5474 5.00725 3
      vertex 33.5339 5.16199 1.02
      vertex 33.5339 5.16199 3
    endloop
  endfacet
  facet normal 0.996216 0.086913 0
    outer loop
      vertex 33.5339 5.16199 1.02
      vertex 33.5474 5.00725 3
      vertex 33.5474 5.00725 1.02
    endloop
  endfacet
  facet normal 0.958555 0.284907 0
    outer loop
      vertex 33.5879 4.87099 3
      vertex 33.5474 5.00725 1.02
      vertex 33.5474 5.00725 3
    endloop
  endfacet
  facet normal 0.958555 0.284907 0
    outer loop
      vertex 33.5474 5.00725 1.02
      vertex 33.5879 4.87099 3
      vertex 33.5879 4.87099 1.02
    endloop
  endfacet
  facet normal 0.873808 0.48627 0
    outer loop
      vertex 33.6537 4.75275 3
      vertex 33.5879 4.87099 1.02
      vertex 33.5879 4.87099 3
    endloop
  endfacet
  facet normal 0.873808 0.48627 0
    outer loop
      vertex 33.5879 4.87099 1.02
      vertex 33.6537 4.75275 3
      vertex 33.6537 4.75275 1.02
    endloop
  endfacet
  facet normal 0.755175 0.655523 0
    outer loop
      vertex 33.7429 4.64999 3
      vertex 33.6537 4.75275 1.02
      vertex 33.6537 4.75275 3
    endloop
  endfacet
  facet normal 0.755175 0.655523 0
    outer loop
      vertex 33.6537 4.75275 1.02
      vertex 33.7429 4.64999 3
      vertex 33.7429 4.64999 1.02
    endloop
  endfacet
  facet normal 0.597973 0.801517 -0
    outer loop
      vertex 33.8632 4.56024 1.02
      vertex 33.7429 4.64999 3
      vertex 33.8632 4.56024 3
    endloop
  endfacet
  facet normal 0.597973 0.801517 0
    outer loop
      vertex 33.7429 4.64999 3
      vertex 33.8632 4.56024 1.02
      vertex 33.7429 4.64999 1.02
    endloop
  endfacet
  facet normal 0.460309 0.887759 -0
    outer loop
      vertex 34.0199 4.47899 1.02
      vertex 33.8632 4.56024 3
      vertex 34.0199 4.47899 3
    endloop
  endfacet
  facet normal 0.460309 0.887759 0
    outer loop
      vertex 33.8632 4.56024 3
      vertex 34.0199 4.47899 1.02
      vertex 33.8632 4.56024 1.02
    endloop
  endfacet
  facet normal 0.331784 0.943355 -0
    outer loop
      vertex 34.2367 4.40274 1.02
      vertex 34.0199 4.47899 3
      vertex 34.2367 4.40274 3
    endloop
  endfacet
  facet normal 0.331784 0.943355 0
    outer loop
      vertex 34.0199 4.47899 3
      vertex 34.2367 4.40274 1.02
      vertex 34.0199 4.47899 1.02
    endloop
  endfacet
  facet normal 0.249254 0.968438 -0
    outer loop
      vertex 34.5349 4.32599 1.02
      vertex 34.2367 4.40274 3
      vertex 34.5349 4.32599 3
    endloop
  endfacet
  facet normal 0.249254 0.968438 0
    outer loop
      vertex 34.2367 4.40274 3
      vertex 34.5349 4.32599 1.02
      vertex 34.2367 4.40274 1.02
    endloop
  endfacet
  facet normal 0.231091 0.972932 -0
    outer loop
      vertex 34.7212 4.28174 1.02
      vertex 34.5349 4.32599 3
      vertex 34.7212 4.28174 3
    endloop
  endfacet
  facet normal 0.231091 0.972932 0
    outer loop
      vertex 34.5349 4.32599 3
      vertex 34.7212 4.28174 1.02
      vertex 34.5349 4.32599 1.02
    endloop
  endfacet
  facet normal 0.234746 0.972057 -0
    outer loop
      vertex 34.8899 4.241 1.02
      vertex 34.7212 4.28174 3
      vertex 34.8899 4.241 3
    endloop
  endfacet
  facet normal 0.234746 0.972057 0
    outer loop
      vertex 34.7212 4.28174 3
      vertex 34.8899 4.241 1.02
      vertex 34.7212 4.28174 1.02
    endloop
  endfacet
  facet normal 0.280404 0.959882 -0
    outer loop
      vertex 35.0397 4.19724 1.02
      vertex 34.8899 4.241 3
      vertex 35.0397 4.19724 3
    endloop
  endfacet
  facet normal 0.280404 0.959882 0
    outer loop
      vertex 34.8899 4.241 3
      vertex 35.0397 4.19724 1.02
      vertex 34.8899 4.241 1.02
    endloop
  endfacet
  facet normal 0.386098 0.922458 -0
    outer loop
      vertex 35.1669 4.144 1.02
      vertex 35.0397 4.19724 3
      vertex 35.1669 4.144 3
    endloop
  endfacet
  facet normal 0.386098 0.922458 0
    outer loop
      vertex 35.0397 4.19724 3
      vertex 35.1669 4.144 1.02
      vertex 35.0397 4.19724 1.02
    endloop
  endfacet
  facet normal 0.539575 0.841937 -0
    outer loop
      vertex 35.2699 4.07799 1.02
      vertex 35.1669 4.144 3
      vertex 35.2699 4.07799 3
    endloop
  endfacet
  facet normal 0.539575 0.841937 0
    outer loop
      vertex 35.1669 4.144 3
      vertex 35.2699 4.07799 1.02
      vertex 35.1669 4.144 1.02
    endloop
  endfacet
  facet normal 0.728982 0.684532 0
    outer loop
      vertex 35.3469 3.99599 3
      vertex 35.2699 4.07799 1.02
      vertex 35.2699 4.07799 3
    endloop
  endfacet
  facet normal 0.728982 0.684532 0
    outer loop
      vertex 35.2699 4.07799 1.02
      vertex 35.3469 3.99599 3
      vertex 35.3469 3.99599 1.02
    endloop
  endfacet
  facet normal 0.905618 0.424094 0
    outer loop
      vertex 35.3949 3.89349 3
      vertex 35.3469 3.99599 1.02
      vertex 35.3469 3.99599 3
    endloop
  endfacet
  facet normal 0.905618 0.424094 0
    outer loop
      vertex 35.3469 3.99599 1.02
      vertex 35.3949 3.89349 3
      vertex 35.3949 3.89349 1.02
    endloop
  endfacet
  facet normal 0.992454 0.12262 0
    outer loop
      vertex 35.4109 3.76399 3
      vertex 35.3949 3.89349 1.02
      vertex 35.3949 3.89349 3
    endloop
  endfacet
  facet normal 0.992454 0.12262 0
    outer loop
      vertex 35.3949 3.89349 1.02
      vertex 35.4109 3.76399 3
      vertex 35.4109 3.76399 1.02
    endloop
  endfacet
  facet normal 0.975679 -0.219205 0
    outer loop
      vertex 35.3599 3.53699 3
      vertex 35.4109 3.76399 1.02
      vertex 35.4109 3.76399 3
    endloop
  endfacet
  facet normal 0.975679 -0.219205 0
    outer loop
      vertex 35.4109 3.76399 1.02
      vertex 35.3599 3.53699 3
      vertex 35.3599 3.53699 1.02
    endloop
  endfacet
  facet normal 0.733268 -0.67994 0
    outer loop
      vertex 35.2069 3.37199 3
      vertex 35.3599 3.53699 1.02
      vertex 35.3599 3.53699 3
    endloop
  endfacet
  facet normal 0.733268 -0.67994 0
    outer loop
      vertex 35.3599 3.53699 1.02
      vertex 35.2069 3.37199 3
      vertex 35.2069 3.37199 1.02
    endloop
  endfacet
  facet normal 0.374431 -0.927255 0
    outer loop
      vertex 34.9599 3.27225 1.02
      vertex 35.2069 3.37199 3
      vertex 34.9599 3.27225 3
    endloop
  endfacet
  facet normal 0.374431 -0.927255 0
    outer loop
      vertex 35.2069 3.37199 3
      vertex 34.9599 3.27225 1.02
      vertex 35.2069 3.37199 1.02
    endloop
  endfacet
  facet normal 0.0993558 -0.995052 0
    outer loop
      vertex 34.6269 3.239 1.02
      vertex 34.9599 3.27225 3
      vertex 34.6269 3.239 3
    endloop
  endfacet
  facet normal 0.0993558 -0.995052 0
    outer loop
      vertex 34.9599 3.27225 3
      vertex 34.6269 3.239 1.02
      vertex 34.9599 3.27225 1.02
    endloop
  endfacet
  facet normal -0.0924486 -0.995717 0
    outer loop
      vertex 34.3012 3.26924 1.02
      vertex 34.6269 3.239 3
      vertex 34.3012 3.26924 3
    endloop
  endfacet
  facet normal -0.0924486 -0.995717 -0
    outer loop
      vertex 34.6269 3.239 3
      vertex 34.3012 3.26924 1.02
      vertex 34.6269 3.239 1.02
    endloop
  endfacet
  facet normal -0.342061 -0.939678 0
    outer loop
      vertex 34.0519 3.35999 1.02
      vertex 34.3012 3.26924 3
      vertex 34.0519 3.35999 3
    endloop
  endfacet
  facet normal -0.342061 -0.939678 -0
    outer loop
      vertex 34.3012 3.26924 3
      vertex 34.0519 3.35999 1.02
      vertex 34.3012 3.26924 1.02
    endloop
  endfacet
  facet normal -0.664696 -0.747114 0
    outer loop
      vertex 33.8774 3.51524 1.02
      vertex 34.0519 3.35999 3
      vertex 33.8774 3.51524 3
    endloop
  endfacet
  facet normal -0.664696 -0.747114 -0
    outer loop
      vertex 34.0519 3.35999 3
      vertex 33.8774 3.51524 1.02
      vertex 34.0519 3.35999 1.02
    endloop
  endfacet
  facet normal -0.910687 -0.413098 0
    outer loop
      vertex 33.8774 3.51524 1.02
      vertex 33.7759 3.739 3
      vertex 33.7759 3.739 1.02
    endloop
  endfacet
  facet normal -0.910687 -0.413098 0
    outer loop
      vertex 33.7759 3.739 3
      vertex 33.8774 3.51524 1.02
      vertex 33.8774 3.51524 3
    endloop
  endfacet
  facet normal 0.19564 -0.980676 0
    outer loop
      vertex 33.3999 3.66399 1.02
      vertex 33.7759 3.739 3
      vertex 33.3999 3.66399 3
    endloop
  endfacet
  facet normal 0.19564 -0.980676 0
    outer loop
      vertex 33.7759 3.739 3
      vertex 33.3999 3.66399 1.02
      vertex 33.7759 3.739 1.02
    endloop
  endfacet
  facet normal 0.815984 0.578074 0
    outer loop
      vertex 33.7867 3.118 3
      vertex 33.3999 3.66399 1.02
      vertex 33.3999 3.66399 3
    endloop
  endfacet
  facet normal 0.815984 0.578074 0
    outer loop
      vertex 33.3999 3.66399 1.02
      vertex 33.7867 3.118 3
      vertex 33.7867 3.118 1.02
    endloop
  endfacet
  facet normal 0.215128 0.976586 -0
    outer loop
      vertex 34.6129 2.936 1.02
      vertex 33.7867 3.118 3
      vertex 34.6129 2.936 3
    endloop
  endfacet
  facet normal 0.215128 0.976586 0
    outer loop
      vertex 33.7867 3.118 3
      vertex 34.6129 2.936 1.02
      vertex 33.7867 3.118 1.02
    endloop
  endfacet
  facet normal -0.110541 0.993872 0
    outer loop
      vertex 35.1119 2.9915 1.02
      vertex 34.6129 2.936 3
      vertex 35.1119 2.9915 3
    endloop
  endfacet
  facet normal -0.110541 0.993872 0
    outer loop
      vertex 34.6129 2.936 3
      vertex 35.1119 2.9915 1.02
      vertex 34.6129 2.936 1.02
    endloop
  endfacet
  facet normal 0 -1 0
    outer loop
      vertex 17.9879 3.31099 1.02
      vertex 19.4809 3.31099 3
      vertex 17.9879 3.31099 3
    endloop
  endfacet
  facet normal 0 -1 -0
    outer loop
      vertex 19.4809 3.31099 3
      vertex 17.9879 3.31099 1.02
      vertex 19.4809 3.31099 1.02
    endloop
  endfacet
  facet normal -0.877599 0.479396 0
    outer loop
      vertex 17.9879 3.31099 1.02
      vertex 18.0682 3.45799 3
      vertex 18.0682 3.45799 1.02
    endloop
  endfacet
  facet normal -0.877599 0.479396 0
    outer loop
      vertex 18.0682 3.45799 3
      vertex 17.9879 3.31099 1.02
      vertex 17.9879 3.31099 3
    endloop
  endfacet
  facet normal -0.789852 0.613297 0
    outer loop
      vertex 18.0682 3.45799 1.02
      vertex 18.187 3.61099 3
      vertex 18.187 3.61099 1.02
    endloop
  endfacet
  facet normal -0.789852 0.613297 0
    outer loop
      vertex 18.187 3.61099 3
      vertex 18.0682 3.45799 1.02
      vertex 18.0682 3.45799 3
    endloop
  endfacet
  facet normal -0.714331 0.699808 0
    outer loop
      vertex 18.187 3.61099 1.02
      vertex 18.3489 3.77625 3
      vertex 18.3489 3.77625 1.02
    endloop
  endfacet
  facet normal -0.714331 0.699808 0
    outer loop
      vertex 18.3489 3.77625 3
      vertex 18.187 3.61099 1.02
      vertex 18.187 3.61099 3
    endloop
  endfacet
  facet normal -0.658484 0.752594 0
    outer loop
      vertex 18.5589 3.95999 1.02
      vertex 18.3489 3.77625 3
      vertex 18.5589 3.95999 3
    endloop
  endfacet
  facet normal -0.658484 0.752594 0
    outer loop
      vertex 18.3489 3.77625 3
      vertex 18.5589 3.95999 1.02
      vertex 18.3489 3.77625 1.02
    endloop
  endfacet
  facet normal -0.650312 0.759667 0
    outer loop
      vertex 18.9152 4.265 1.02
      vertex 18.5589 3.95999 3
      vertex 18.9152 4.265 3
    endloop
  endfacet
  facet normal -0.650312 0.759667 0
    outer loop
      vertex 18.5589 3.95999 3
      vertex 18.9152 4.265 1.02
      vertex 18.5589 3.95999 1.02
    endloop
  endfacet
  facet normal -0.69771 0.716381 0
    outer loop
      vertex 19.1339 4.478 1.02
      vertex 18.9152 4.265 3
      vertex 19.1339 4.478 3
    endloop
  endfacet
  facet normal -0.69771 0.716381 0
    outer loop
      vertex 18.9152 4.265 3
      vertex 19.1339 4.478 1.02
      vertex 18.9152 4.265 1.02
    endloop
  endfacet
  facet normal -0.783818 0.62099 0
    outer loop
      vertex 19.1339 4.478 1.02
      vertex 19.2662 4.64499 3
      vertex 19.2662 4.64499 1.02
    endloop
  endfacet
  facet normal -0.783818 0.62099 0
    outer loop
      vertex 19.2662 4.64499 3
      vertex 19.1339 4.478 1.02
      vertex 19.1339 4.478 3
    endloop
  endfacet
  facet normal -0.869886 0.493253 0
    outer loop
      vertex 19.2662 4.64499 1.02
      vertex 19.3609 4.812 3
      vertex 19.3609 4.812 1.02
    endloop
  endfacet
  facet normal -0.869886 0.493253 0
    outer loop
      vertex 19.3609 4.812 3
      vertex 19.2662 4.64499 1.02
      vertex 19.2662 4.64499 3
    endloop
  endfacet
  facet normal -0.946681 0.322173 0
    outer loop
      vertex 19.3609 4.812 1.02
      vertex 19.4179 4.97949 3
      vertex 19.4179 4.97949 1.02
    endloop
  endfacet
  facet normal -0.946681 0.322173 0
    outer loop
      vertex 19.4179 4.97949 3
      vertex 19.3609 4.812 1.02
      vertex 19.3609 4.812 3
    endloop
  endfacet
  facet normal -0.993637 0.112632 0
    outer loop
      vertex 19.4179 4.97949 1.02
      vertex 19.437 5.14799 3
      vertex 19.437 5.14799 1.02
    endloop
  endfacet
  facet normal -0.993637 0.112632 0
    outer loop
      vertex 19.437 5.14799 3
      vertex 19.4179 4.97949 1.02
      vertex 19.4179 4.97949 3
    endloop
  endfacet
  facet normal -0.985469 -0.169853 0
    outer loop
      vertex 19.437 5.14799 1.02
      vertex 19.3787 5.48624 3
      vertex 19.3787 5.48624 1.02
    endloop
  endfacet
  facet normal -0.985469 -0.169853 0
    outer loop
      vertex 19.3787 5.48624 3
      vertex 19.437 5.14799 1.02
      vertex 19.437 5.14799 3
    endloop
  endfacet
  facet normal -0.820355 -0.571854 0
    outer loop
      vertex 19.3787 5.48624 1.02
      vertex 19.2039 5.737 3
      vertex 19.2039 5.737 1.02
    endloop
  endfacet
  facet normal -0.820355 -0.571854 0
    outer loop
      vertex 19.2039 5.737 3
      vertex 19.3787 5.48624 1.02
      vertex 19.3787 5.48624 3
    endloop
  endfacet
  facet normal -0.48199 -0.876177 0
    outer loop
      vertex 18.9217 5.89224 1.02
      vertex 19.2039 5.737 3
      vertex 18.9217 5.89224 3
    endloop
  endfacet
  facet normal -0.48199 -0.876177 -0
    outer loop
      vertex 19.2039 5.737 3
      vertex 18.9217 5.89224 1.02
      vertex 19.2039 5.737 1.02
    endloop
  endfacet
  facet normal -0.133944 -0.990989 0
    outer loop
      vertex 18.5389 5.94398 1.02
      vertex 18.9217 5.89224 3
      vertex 18.5389 5.94398 3
    endloop
  endfacet
  facet normal -0.133944 -0.990989 -0
    outer loop
      vertex 18.9217 5.89224 3
      vertex 18.5389 5.94398 1.02
      vertex 18.9217 5.89224 1.02
    endloop
  endfacet
  facet normal 0.140225 -0.99012 0
    outer loop
      vertex 18.1807 5.89325 1.02
      vertex 18.5389 5.94398 3
      vertex 18.1807 5.89325 3
    endloop
  endfacet
  facet normal 0.140225 -0.99012 0
    outer loop
      vertex 18.5389 5.94398 3
      vertex 18.1807 5.89325 1.02
      vertex 18.5389 5.94398 1.02
    endloop
  endfacet
  facet normal 0.469013 -0.883191 0
    outer loop
      vertex 17.894 5.741 1.02
      vertex 18.1807 5.89325 3
      vertex 17.894 5.741 3
    endloop
  endfacet
  facet normal 0.469013 -0.883191 0
    outer loop
      vertex 18.1807 5.89325 3
      vertex 17.894 5.741 1.02
      vertex 18.1807 5.89325 1.02
    endloop
  endfacet
  facet normal 0.767811 -0.640676 0
    outer loop
      vertex 17.6954 5.50299 3
      vertex 17.894 5.741 1.02
      vertex 17.894 5.741 3
    endloop
  endfacet
  facet normal 0.767811 -0.640676 0
    outer loop
      vertex 17.894 5.741 1.02
      vertex 17.6954 5.50299 3
      vertex 17.6954 5.50299 1.02
    endloop
  endfacet
  facet normal 0.956881 -0.290482 0
    outer loop
      vertex 17.6019 5.19499 3
      vertex 17.6954 5.50299 1.02
      vertex 17.6954 5.50299 3
    endloop
  endfacet
  facet normal 0.956881 -0.290482 0
    outer loop
      vertex 17.6954 5.50299 1.02
      vertex 17.6019 5.19499 3
      vertex 17.6019 5.19499 1.02
    endloop
  endfacet
  facet normal 0.0931511 0.995652 -0
    outer loop
      vertex 17.976 5.15999 1.02
      vertex 17.6019 5.19499 3
      vertex 17.976 5.15999 3
    endloop
  endfacet
  facet normal 0.0931511 0.995652 0
    outer loop
      vertex 17.6019 5.19499 3
      vertex 17.976 5.15999 1.02
      vertex 17.6019 5.19499 1.02
    endloop
  endfacet
  facet normal -0.962693 0.270595 0
    outer loop
      vertex 17.976 5.15999 1.02
      vertex 18.0332 5.36349 3
      vertex 18.0332 5.36349 1.02
    endloop
  endfacet
  facet normal -0.962693 0.270595 0
    outer loop
      vertex 18.0332 5.36349 3
      vertex 17.976 5.15999 1.02
      vertex 17.976 5.15999 3
    endloop
  endfacet
  facet normal -0.786623 0.617434 0
    outer loop
      vertex 18.0332 5.36349 1.02
      vertex 18.1529 5.51599 3
      vertex 18.1529 5.51599 1.02
    endloop
  endfacet
  facet normal -0.786623 0.617434 0
    outer loop
      vertex 18.1529 5.51599 3
      vertex 18.0332 5.36349 1.02
      vertex 18.0332 5.36349 3
    endloop
  endfacet
  facet normal -0.483379 0.875411 0
    outer loop
      vertex 18.3254 5.61124 1.02
      vertex 18.1529 5.51599 3
      vertex 18.3254 5.61124 3
    endloop
  endfacet
  facet normal -0.483379 0.875411 0
    outer loop
      vertex 18.1529 5.51599 3
      vertex 18.3254 5.61124 1.02
      vertex 18.1529 5.51599 1.02
    endloop
  endfacet
  facet normal -0.147094 0.989122 0
    outer loop
      vertex 18.5389 5.64299 1.02
      vertex 18.3254 5.61124 3
      vertex 18.5389 5.64299 3
    endloop
  endfacet
  facet normal -0.147094 0.989122 0
    outer loop
      vertex 18.3254 5.61124 3
      vertex 18.5389 5.64299 1.02
      vertex 18.3254 5.61124 1.02
    endloop
  endfacet
  facet normal 0.150106 0.98867 -0
    outer loop
      vertex 18.7579 5.60974 1.02
      vertex 18.5389 5.64299 3
      vertex 18.7579 5.60974 3
    endloop
  endfacet
  facet normal 0.150106 0.98867 0
    outer loop
      vertex 18.5389 5.64299 3
      vertex 18.7579 5.60974 1.02
      vertex 18.5389 5.64299 1.02
    endloop
  endfacet
  facet normal 0.517353 0.855772 -0
    outer loop
      vertex 18.9229 5.50999 1.02
      vertex 18.7579 5.60974 3
      vertex 18.9229 5.50999 3
    endloop
  endfacet
  facet normal 0.517353 0.855772 0
    outer loop
      vertex 18.7579 5.60974 3
      vertex 18.9229 5.50999 1.02
      vertex 18.7579 5.60974 1.02
    endloop
  endfacet
  facet normal 0.839641 0.543142 0
    outer loop
      vertex 19.0264 5.34999 3
      vertex 18.9229 5.50999 1.02
      vertex 18.9229 5.50999 3
    endloop
  endfacet
  facet normal 0.839641 0.543142 0
    outer loop
      vertex 18.9229 5.50999 1.02
      vertex 19.0264 5.34999 3
      vertex 19.0264 5.34999 1.02
    endloop
  endfacet
  facet normal 0.987253 0.15916 0
    outer loop
      vertex 19.0609 5.13599 3
      vertex 19.0264 5.34999 1.02
      vertex 19.0264 5.34999 3
    endloop
  endfacet
  facet normal 0.987253 0.15916 0
    outer loop
      vertex 19.0264 5.34999 1.02
      vertex 19.0609 5.13599 3
      vertex 19.0609 5.13599 1.02
    endloop
  endfacet
  facet normal 0.992849 -0.119378 0
    outer loop
      vertex 19.0407 4.96799 3
      vertex 19.0609 5.13599 1.02
      vertex 19.0609 5.13599 3
    endloop
  endfacet
  facet normal 0.992849 -0.119378 0
    outer loop
      vertex 19.0609 5.13599 1.02
      vertex 19.0407 4.96799 3
      vertex 19.0407 4.96799 1.02
    endloop
  endfacet
  facet normal 0.926763 -0.375648 0
    outer loop
      vertex 18.9799 4.81799 3
      vertex 19.0407 4.96799 1.02
      vertex 19.0407 4.96799 3
    endloop
  endfacet
  facet normal 0.926763 -0.375648 0
    outer loop
      vertex 19.0407 4.96799 1.02
      vertex 18.9799 4.81799 3
      vertex 18.9799 4.81799 1.02
    endloop
  endfacet
  facet normal 0.82904 -0.559189 0
    outer loop
      vertex 18.8875 4.681 3
      vertex 18.9799 4.81799 1.02
      vertex 18.9799 4.81799 3
    endloop
  endfacet
  facet normal 0.82904 -0.559189 0
    outer loop
      vertex 18.9799 4.81799 1.02
      vertex 18.8875 4.681 3
      vertex 18.8875 4.681 1.02
    endloop
  endfacet
  facet normal 0.744166 -0.667994 0
    outer loop
      vertex 18.7699 4.54999 3
      vertex 18.8875 4.681 1.02
      vertex 18.8875 4.681 3
    endloop
  endfacet
  facet normal 0.744166 -0.667994 0
    outer loop
      vertex 18.8875 4.681 1.02
      vertex 18.7699 4.54999 3
      vertex 18.7699 4.54999 1.02
    endloop
  endfacet
  facet normal 0.677893 -0.735161 0
    outer loop
      vertex 18.6319 4.42274 1.02
      vertex 18.7699 4.54999 3
      vertex 18.6319 4.42274 3
    endloop
  endfacet
  facet normal 0.677893 -0.735161 0
    outer loop
      vertex 18.7699 4.54999 3
      vertex 18.6319 4.42274 1.02
      vertex 18.7699 4.54999 1.02
    endloop
  endfacet
  facet normal 0.638678 -0.769474 0
    outer loop
      vertex 18.478 4.295 1.02
      vertex 18.6319 4.42274 3
      vertex 18.478 4.295 3
    endloop
  endfacet
  facet normal 0.638678 -0.769474 0
    outer loop
      vertex 18.6319 4.42274 3
      vertex 18.478 4.295 1.02
      vertex 18.6319 4.42274 1.02
    endloop
  endfacet
  facet normal 0.635724 -0.771916 0
    outer loop
      vertex 18.3159 4.1615 1.02
      vertex 18.478 4.295 3
      vertex 18.3159 4.1615 3
    endloop
  endfacet
  facet normal 0.635724 -0.771916 0
    outer loop
      vertex 18.478 4.295 3
      vertex 18.3159 4.1615 1.02
      vertex 18.478 4.295 1.02
    endloop
  endfacet
  facet normal 0.661092 -0.750305 0
    outer loop
      vertex 18.1519 4.017 1.02
      vertex 18.3159 4.1615 3
      vertex 18.1519 4.017 3
    endloop
  endfacet
  facet normal 0.661092 -0.750305 0
    outer loop
      vertex 18.3159 4.1615 3
      vertex 18.1519 4.017 1.02
      vertex 18.3159 4.1615 1.02
    endloop
  endfacet
  facet normal 0.702224 -0.711956 0
    outer loop
      vertex 17.9917 3.85899 1.02
      vertex 18.1519 4.017 3
      vertex 17.9917 3.85899 3
    endloop
  endfacet
  facet normal 0.702224 -0.711956 0
    outer loop
      vertex 18.1519 4.017 3
      vertex 17.9917 3.85899 1.02
      vertex 18.1519 4.017 1.02
    endloop
  endfacet
  facet normal 0.755104 -0.655605 0
    outer loop
      vertex 17.8389 3.683 3
      vertex 17.9917 3.85899 1.02
      vertex 17.9917 3.85899 3
    endloop
  endfacet
  facet normal 0.755104 -0.655605 0
    outer loop
      vertex 17.9917 3.85899 1.02
      vertex 17.8389 3.683 3
      vertex 17.8389 3.683 1.02
    endloop
  endfacet
  facet normal 0.821332 -0.57045 0
    outer loop
      vertex 17.7012 3.48474 3
      vertex 17.8389 3.683 1.02
      vertex 17.8389 3.683 3
    endloop
  endfacet
  facet normal 0.821332 -0.57045 0
    outer loop
      vertex 17.8389 3.683 1.02
      vertex 17.7012 3.48474 3
      vertex 17.7012 3.48474 1.02
    endloop
  endfacet
  facet normal 0.89153 -0.452961 0
    outer loop
      vertex 17.586 3.258 3
      vertex 17.7012 3.48474 1.02
      vertex 17.7012 3.48474 3
    endloop
  endfacet
  facet normal 0.89153 -0.452961 0
    outer loop
      vertex 17.7012 3.48474 1.02
      vertex 17.586 3.258 3
      vertex 17.586 3.258 1.02
    endloop
  endfacet
  facet normal 1 -0 0
    outer loop
      vertex 17.586 3 3
      vertex 17.586 3.258 1.02
      vertex 17.586 3.258 3
    endloop
  endfacet
  facet normal 1 0 0
    outer loop
      vertex 17.586 3.258 1.02
      vertex 17.586 3 3
      vertex 17.586 3 1.02
    endloop
  endfacet
  facet normal 0 1 -0
    outer loop
      vertex 19.4809 3 1.02
      vertex 17.586 3 3
      vertex 19.4809 3 3
    endloop
  endfacet
  facet normal 0 1 0
    outer loop
      vertex 17.586 3 3
      vertex 19.4809 3 1.02
      vertex 17.586 3 1.02
    endloop
  endfacet
  facet normal -1 0 0
    outer loop
      vertex 19.4809 3 1.02
      vertex 19.4809 3.31099 3
      vertex 19.4809 3.31099 1.02
    endloop
  endfacet
  facet normal -1 -0 0
    outer loop
      vertex 19.4809 3.31099 3
      vertex 19.4809 3 1.02
      vertex 19.4809 3 3
    endloop
  endfacet
  facet normal -0.67901 0.734129 0
    outer loop
      vertex 21.5376 3.32199 1.02
      vertex 21.2246 3.03249 3
      vertex 21.5376 3.32199 3
    endloop
  endfacet
  facet normal -0.67901 0.734129 0
    outer loop
      vertex 21.2246 3.03249 3
      vertex 21.5376 3.32199 1.02
      vertex 21.2246 3.03249 1.02
    endloop
  endfacet
  facet normal -0.927934 0.372745 0
    outer loop
      vertex 21.5376 3.32199 1.02
      vertex 21.7274 3.79449 3
      vertex 21.7274 3.79449 1.02
    endloop
  endfacet
  facet normal -0.927934 0.372745 0
    outer loop
      vertex 21.7274 3.79449 3
      vertex 21.5376 3.32199 1.02
      vertex 21.5376 3.32199 3
    endloop
  endfacet
  facet normal -0.995241 0.0974427 0
    outer loop
      vertex 21.7274 3.79449 1.02
      vertex 21.7906 4.43999 3
      vertex 21.7906 4.43999 1.02
    endloop
  endfacet
  facet normal -0.995241 0.0974427 0
    outer loop
      vertex 21.7906 4.43999 3
      vertex 21.7274 3.79449 1.02
      vertex 21.7274 3.79449 3
    endloop
  endfacet
  facet normal -0.995784 -0.091731 0
    outer loop
      vertex 21.7906 4.43999 1.02
      vertex 21.7304 5.09349 3
      vertex 21.7304 5.09349 1.02
    endloop
  endfacet
  facet normal -0.995784 -0.091731 0
    outer loop
      vertex 21.7304 5.09349 3
      vertex 21.7906 4.43999 1.02
      vertex 21.7906 4.43999 3
    endloop
  endfacet
  facet normal -0.933455 -0.358693 0
    outer loop
      vertex 21.7304 5.09349 1.02
      vertex 21.5496 5.564 3
      vertex 21.5496 5.564 1.02
    endloop
  endfacet
  facet normal -0.933455 -0.358693 0
    outer loop
      vertex 21.5496 5.564 3
      vertex 21.7304 5.09349 1.02
      vertex 21.7304 5.09349 3
    endloop
  endfacet
  facet normal -0.680955 -0.732325 0
    outer loop
      vertex 21.2431 5.849 1.02
      vertex 21.5496 5.564 3
      vertex 21.2431 5.849 3
    endloop
  endfacet
  facet normal -0.680955 -0.732325 -0
    outer loop
      vertex 21.5496 5.564 3
      vertex 21.2431 5.849 1.02
      vertex 21.5496 5.564 1.02
    endloop
  endfacet
  facet normal -0.211233 -0.977436 0
    outer loop
      vertex 20.8036 5.94398 1.02
      vertex 21.2431 5.849 3
      vertex 20.8036 5.94398 3
    endloop
  endfacet
  facet normal -0.211233 -0.977436 -0
    outer loop
      vertex 21.2431 5.849 3
      vertex 20.8036 5.94398 1.02
      vertex 21.2431 5.849 1.02
    endloop
  endfacet
  facet normal 0.204368 -0.978894 0
    outer loop
      vertex 20.3534 5.84999 1.02
      vertex 20.8036 5.94398 3
      vertex 20.3534 5.84999 3
    endloop
  endfacet
  facet normal 0.204368 -0.978894 0
    outer loop
      vertex 20.8036 5.94398 3
      vertex 20.3534 5.84999 1.02
      vertex 20.8036 5.94398 1.02
    endloop
  endfacet
  facet normal 0.671961 -0.740587 0
    outer loop
      vertex 20.0426 5.56799 1.02
      vertex 20.3534 5.84999 3
      vertex 20.0426 5.56799 3
    endloop
  endfacet
  facet normal 0.671961 -0.740587 0
    outer loop
      vertex 20.3534 5.84999 3
      vertex 20.0426 5.56799 1.02
      vertex 20.3534 5.84999 1.02
    endloop
  endfacet
  facet normal 0.933727 -0.357986 0
    outer loop
      vertex 19.8626 5.0985 3
      vertex 20.0426 5.56799 1.02
      vertex 20.0426 5.56799 3
    endloop
  endfacet
  facet normal 0.933727 -0.357986 0
    outer loop
      vertex 20.0426 5.56799 1.02
      vertex 19.8626 5.0985 3
      vertex 19.8626 5.0985 1.02
    endloop
  endfacet
  facet normal 0.995875 -0.0907389 0
    outer loop
      vertex 19.8026 4.43999 3
      vertex 19.8626 5.0985 1.02
      vertex 19.8626 5.0985 3
    endloop
  endfacet
  facet normal 0.995875 -0.0907389 0
    outer loop
      vertex 19.8626 5.0985 1.02
      vertex 19.8026 4.43999 3
      vertex 19.8026 4.43999 1.02
    endloop
  endfacet
  facet normal 0.995483 0.0949396 0
    outer loop
      vertex 19.8644 3.79199 3
      vertex 19.8026 4.43999 1.02
      vertex 19.8026 4.43999 3
    endloop
  endfacet
  facet normal 0.995483 0.0949396 0
    outer loop
      vertex 19.8026 4.43999 1.02
      vertex 19.8644 3.79199 3
      vertex 19.8644 3.79199 1.02
    endloop
  endfacet
  facet normal 0.930905 0.365262 0
    outer loop
      vertex 20.0496 3.31999 3
      vertex 19.8644 3.79199 1.02
      vertex 19.8644 3.79199 3
    endloop
  endfacet
  facet normal 0.930905 0.365262 0
    outer loop
      vertex 19.8644 3.79199 1.02
      vertex 20.0496 3.31999 3
      vertex 20.0496 3.31999 1.02
    endloop
  endfacet
  facet normal 0.681209 0.732089 -0
    outer loop
      vertex 20.3591 3.032 1.02
      vertex 20.0496 3.31999 3
      vertex 20.3591 3.032 3
    endloop
  endfacet
  facet normal 0.681209 0.732089 0
    outer loop
      vertex 20.0496 3.31999 3
      vertex 20.3591 3.032 1.02
      vertex 20.0496 3.31999 1.02
    endloop
  endfacet
  facet normal 0.216691 0.97624 -0
    outer loop
      vertex 20.7916 2.936 1.02
      vertex 20.3591 3.032 3
      vertex 20.7916 2.936 3
    endloop
  endfacet
  facet normal 0.216691 0.97624 0
    outer loop
      vertex 20.3591 3.032 3
      vertex 20.7916 2.936 1.02
      vertex 20.3591 3.032 1.02
    endloop
  endfacet
  facet normal -0.217506 0.976059 0
    outer loop
      vertex 21.2246 3.03249 1.02
      vertex 20.7916 2.936 3
      vertex 21.2246 3.03249 3
    endloop
  endfacet
  facet normal -0.217506 0.976059 0
    outer loop
      vertex 20.7916 2.936 3
      vertex 21.2246 3.03249 1.02
      vertex 20.7916 2.936 1.02
    endloop
  endfacet
  facet normal -0.746598 -0.665275 0
    outer loop
      vertex 20.5144 3.3075 1.02
      vertex 20.3206 3.52499 3
      vertex 20.3206 3.52499 1.02
    endloop
  endfacet
  facet normal -0.746598 -0.665275 0
    outer loop
      vertex 20.3206 3.52499 3
      vertex 20.5144 3.3075 1.02
      vertex 20.5144 3.3075 3
    endloop
  endfacet
  facet normal -0.958126 -0.286348 0
    outer loop
      vertex 20.3206 3.52499 1.02
      vertex 20.2089 3.89874 3
      vertex 20.2089 3.89874 1.02
    endloop
  endfacet
  facet normal -0.958126 -0.286348 0
    outer loop
      vertex 20.2089 3.89874 3
      vertex 20.3206 3.52499 1.02
      vertex 20.3206 3.52499 3
    endloop
  endfacet
  facet normal -0.997634 -0.0687515 0
    outer loop
      vertex 20.2089 3.89874 1.02
      vertex 20.1716 4.43999 3
      vertex 20.1716 4.43999 1.02
    endloop
  endfacet
  facet normal -0.997634 -0.0687515 0
    outer loop
      vertex 20.1716 4.43999 3
      vertex 20.2089 3.89874 1.02
      vertex 20.2089 3.89874 3
    endloop
  endfacet
  facet normal -0.997795 0.0663694 0
    outer loop
      vertex 20.1716 4.43999 1.02
      vertex 20.2084 4.99324 3
      vertex 20.2084 4.99324 1.02
    endloop
  endfacet
  facet normal -0.997795 0.0663694 0
    outer loop
      vertex 20.2084 4.99324 3
      vertex 20.1716 4.43999 1.02
      vertex 20.1716 4.43999 3
    endloop
  endfacet
  facet normal -0.958762 0.284211 0
    outer loop
      vertex 20.2084 4.99324 1.02
      vertex 20.3186 5.36499 3
      vertex 20.3186 5.36499 1.02
    endloop
  endfacet
  facet normal -0.958762 0.284211 0
    outer loop
      vertex 20.3186 5.36499 3
      vertex 20.2084 4.99324 1.02
      vertex 20.2084 4.99324 3
    endloop
  endfacet
  facet normal -0.73555 0.677471 0
    outer loop
      vertex 20.3186 5.36499 1.02
      vertex 20.5134 5.57649 3
      vertex 20.5134 5.57649 1.02
    endloop
  endfacet
  facet normal -0.73555 0.677471 0
    outer loop
      vertex 20.5134 5.57649 3
      vertex 20.3186 5.36499 1.02
      vertex 20.3186 5.36499 3
    endloop
  endfacet
  facet normal -0.23607 0.971736 0
    outer loop
      vertex 20.8036 5.64699 1.02
      vertex 20.5134 5.57649 3
      vertex 20.8036 5.64699 3
    endloop
  endfacet
  facet normal -0.23607 0.971736 0
    outer loop
      vertex 20.5134 5.57649 3
      vertex 20.8036 5.64699 1.02
      vertex 20.5134 5.57649 1.02
    endloop
  endfacet
  facet normal 0.245361 0.969432 -0
    outer loop
      vertex 21.0861 5.57549 1.02
      vertex 20.8036 5.64699 3
      vertex 21.0861 5.57549 3
    endloop
  endfacet
  facet normal 0.245361 0.969432 0
    outer loop
      vertex 20.8036 5.64699 3
      vertex 21.0861 5.57549 1.02
      vertex 20.8036 5.64699 1.02
    endloop
  endfacet
  facet normal 0.74943 0.662084 0
    outer loop
      vertex 21.2756 5.36099 3
      vertex 21.0861 5.57549 1.02
      vertex 21.0861 5.57549 3
    endloop
  endfacet
  facet normal 0.74943 0.662084 0
    outer loop
      vertex 21.0861 5.57549 1.02
      vertex 21.2756 5.36099 3
      vertex 21.2756 5.36099 1.02
    endloop
  endfacet
  facet normal 0.960977 0.276627 0
    outer loop
      vertex 21.3829 4.98824 3
      vertex 21.2756 5.36099 1.02
      vertex 21.2756 5.36099 3
    endloop
  endfacet
  facet normal 0.960977 0.276627 0
    outer loop
      vertex 21.2756 5.36099 1.02
      vertex 21.3829 4.98824 3
      vertex 21.3829 4.98824 1.02
    endloop
  endfacet
  facet normal 0.997887 0.0649787 0
    outer loop
      vertex 21.4186 4.43999 3
      vertex 21.3829 4.98824 1.02
      vertex 21.3829 4.98824 3
    endloop
  endfacet
  facet normal 0.997887 0.0649787 0
    outer loop
      vertex 21.3829 4.98824 1.02
      vertex 21.4186 4.43999 3
      vertex 21.4186 4.43999 1.02
    endloop
  endfacet
  facet normal 0.997515 -0.0704581 0
    outer loop
      vertex 21.3809 3.90625 3
      vertex 21.4186 4.43999 1.02
      vertex 21.4186 4.43999 3
    endloop
  endfacet
  facet normal 0.997515 -0.0704581 0
    outer loop
      vertex 21.4186 4.43999 1.02
      vertex 21.3809 3.90625 3
      vertex 21.3809 3.90625 1.02
    endloop
  endfacet
  facet normal 0.957318 -0.289037 0
    outer loop
      vertex 21.2676 3.53099 3
      vertex 21.3809 3.90625 1.02
      vertex 21.3809 3.90625 3
    endloop
  endfacet
  facet normal 0.957318 -0.289037 0
    outer loop
      vertex 21.3809 3.90625 1.02
      vertex 21.2676 3.53099 3
      vertex 21.2676 3.53099 1.02
    endloop
  endfacet
  facet normal 0.754679 -0.656095 0
    outer loop
      vertex 21.0746 3.30899 3
      vertex 21.2676 3.53099 1.02
      vertex 21.2676 3.53099 3
    endloop
  endfacet
  facet normal 0.754679 -0.656095 0
    outer loop
      vertex 21.2676 3.53099 1.02
      vertex 21.0746 3.30899 3
      vertex 21.0746 3.30899 1.02
    endloop
  endfacet
  facet normal 0.256369 -0.966579 0
    outer loop
      vertex 20.7956 3.23499 1.02
      vertex 21.0746 3.30899 3
      vertex 20.7956 3.23499 3
    endloop
  endfacet
  facet normal 0.256369 -0.966579 0
    outer loop
      vertex 21.0746 3.30899 3
      vertex 20.7956 3.23499 1.02
      vertex 21.0746 3.30899 1.02
    endloop
  endfacet
  facet normal -0.249692 -0.968325 0
    outer loop
      vertex 20.5144 3.3075 1.02
      vertex 20.7956 3.23499 3
      vertex 20.5144 3.3075 3
    endloop
  endfacet
  facet normal -0.249692 -0.968325 -0
    outer loop
      vertex 20.7956 3.23499 3
      vertex 20.5144 3.3075 1.02
      vertex 20.7956 3.23499 1.02
    endloop
  endfacet
  facet normal 0 -1 0
    outer loop
      vertex 22.5133 3.31099 1.02
      vertex 24.0063 3.31099 3
      vertex 22.5133 3.31099 3
    endloop
  endfacet
  facet normal 0 -1 -0
    outer loop
      vertex 24.0063 3.31099 3
      vertex 22.5133 3.31099 1.02
      vertex 24.0063 3.31099 1.02
    endloop
  endfacet
  facet normal -0.877599 0.479396 0
    outer loop
      vertex 22.5133 3.31099 1.02
      vertex 22.5936 3.45799 3
      vertex 22.5936 3.45799 1.02
    endloop
  endfacet
  facet normal -0.877599 0.479396 0
    outer loop
      vertex 22.5936 3.45799 3
      vertex 22.5133 3.31099 1.02
      vertex 22.5133 3.31099 3
    endloop
  endfacet
  facet normal -0.790102 0.612975 0
    outer loop
      vertex 22.5936 3.45799 1.02
      vertex 22.7123 3.61099 3
      vertex 22.7123 3.61099 1.02
    endloop
  endfacet
  facet normal -0.790102 0.612975 0
    outer loop
      vertex 22.7123 3.61099 3
      vertex 22.5936 3.45799 1.02
      vertex 22.5936 3.45799 3
    endloop
  endfacet
  facet normal -0.714115 0.700028 0
    outer loop
      vertex 22.7123 3.61099 1.02
      vertex 22.8743 3.77625 3
      vertex 22.8743 3.77625 1.02
    endloop
  endfacet
  facet normal -0.714115 0.700028 0
    outer loop
      vertex 22.8743 3.77625 3
      vertex 22.7123 3.61099 1.02
      vertex 22.7123 3.61099 3
    endloop
  endfacet
  facet normal -0.658484 0.752594 0
    outer loop
      vertex 23.0843 3.95999 1.02
      vertex 22.8743 3.77625 3
      vertex 23.0843 3.95999 3
    endloop
  endfacet
  facet normal -0.658484 0.752594 0
    outer loop
      vertex 22.8743 3.77625 3
      vertex 23.0843 3.95999 1.02
      vertex 22.8743 3.77625 1.02
    endloop
  endfacet
  facet normal -0.650312 0.759667 0
    outer loop
      vertex 23.4406 4.265 1.02
      vertex 23.0843 3.95999 3
      vertex 23.4406 4.265 3
    endloop
  endfacet
  facet normal -0.650312 0.759667 0
    outer loop
      vertex 23.0843 3.95999 3
      vertex 23.4406 4.265 1.02
      vertex 23.0843 3.95999 1.02
    endloop
  endfacet
  facet normal -0.69771 0.716381 0
    outer loop
      vertex 23.6593 4.478 1.02
      vertex 23.4406 4.265 3
      vertex 23.6593 4.478 3
    endloop
  endfacet
  facet normal -0.69771 0.716381 0
    outer loop
      vertex 23.4406 4.265 3
      vertex 23.6593 4.478 1.02
      vertex 23.4406 4.265 1.02
    endloop
  endfacet
  facet normal -0.783818 0.62099 0
    outer loop
      vertex 23.6593 4.478 1.02
      vertex 23.7916 4.64499 3
      vertex 23.7916 4.64499 1.02
    endloop
  endfacet
  facet normal -0.783818 0.62099 0
    outer loop
      vertex 23.7916 4.64499 3
      vertex 23.6593 4.478 1.02
      vertex 23.6593 4.478 3
    endloop
  endfacet
  facet normal -0.869886 0.493253 0
    outer loop
      vertex 23.7916 4.64499 1.02
      vertex 23.8863 4.812 3
      vertex 23.8863 4.812 1.02
    endloop
  endfacet
  facet normal -0.869886 0.493253 0
    outer loop
      vertex 23.8863 4.812 3
      vertex 23.7916 4.64499 1.02
      vertex 23.7916 4.64499 3
    endloop
  endfacet
  facet normal -0.946681 0.322173 0
    outer loop
      vertex 23.8863 4.812 1.02
      vertex 23.9433 4.97949 3
      vertex 23.9433 4.97949 1.02
    endloop
  endfacet
  facet normal -0.946681 0.322173 0
    outer loop
      vertex 23.9433 4.97949 3
      vertex 23.8863 4.812 1.02
      vertex 23.8863 4.812 3
    endloop
  endfacet
  facet normal -0.993703 0.11205 0
    outer loop
      vertex 23.9433 4.97949 1.02
      vertex 23.9623 5.14799 3
      vertex 23.9623 5.14799 1.02
    endloop
  endfacet
  facet normal -0.993703 0.11205 0
    outer loop
      vertex 23.9623 5.14799 3
      vertex 23.9433 4.97949 1.02
      vertex 23.9433 4.97949 3
    endloop
  endfacet
  facet normal -0.985518 -0.16957 0
    outer loop
      vertex 23.9623 5.14799 1.02
      vertex 23.9041 5.48624 3
      vertex 23.9041 5.48624 1.02
    endloop
  endfacet
  facet normal -0.985518 -0.16957 0
    outer loop
      vertex 23.9041 5.48624 3
      vertex 23.9623 5.14799 1.02
      vertex 23.9623 5.14799 3
    endloop
  endfacet
  facet normal -0.820355 -0.571854 0
    outer loop
      vertex 23.9041 5.48624 1.02
      vertex 23.7293 5.737 3
      vertex 23.7293 5.737 1.02
    endloop
  endfacet
  facet normal -0.820355 -0.571854 0
    outer loop
      vertex 23.7293 5.737 3
      vertex 23.9041 5.48624 1.02
      vertex 23.9041 5.48624 3
    endloop
  endfacet
  facet normal -0.48199 -0.876177 0
    outer loop
      vertex 23.4471 5.89224 1.02
      vertex 23.7293 5.737 3
      vertex 23.4471 5.89224 3
    endloop
  endfacet
  facet normal -0.48199 -0.876177 -0
    outer loop
      vertex 23.7293 5.737 3
      vertex 23.4471 5.89224 1.02
      vertex 23.7293 5.737 1.02
    endloop
  endfacet
  facet normal -0.133944 -0.990989 0
    outer loop
      vertex 23.0643 5.94398 1.02
      vertex 23.4471 5.89224 3
      vertex 23.0643 5.94398 3
    endloop
  endfacet
  facet normal -0.133944 -0.990989 -0
    outer loop
      vertex 23.4471 5.89224 3
      vertex 23.0643 5.94398 1.02
      vertex 23.4471 5.89224 1.02
    endloop
  endfacet
  facet normal 0.140225 -0.99012 0
    outer loop
      vertex 22.7061 5.89325 1.02
      vertex 23.0643 5.94398 3
      vertex 22.7061 5.89325 3
    endloop
  endfacet
  facet normal 0.140225 -0.99012 0
    outer loop
      vertex 23.0643 5.94398 3
      vertex 22.7061 5.89325 1.02
      vertex 23.0643 5.94398 1.02
    endloop
  endfacet
  facet normal 0.468885 -0.883259 0
    outer loop
      vertex 22.4193 5.741 1.02
      vertex 22.7061 5.89325 3
      vertex 22.4193 5.741 3
    endloop
  endfacet
  facet normal 0.468885 -0.883259 0
    outer loop
      vertex 22.7061 5.89325 3
      vertex 22.4193 5.741 1.02
      vertex 22.7061 5.89325 1.02
    endloop
  endfacet
  facet normal 0.76797 -0.640486 0
    outer loop
      vertex 22.2208 5.50299 3
      vertex 22.4193 5.741 1.02
      vertex 22.4193 5.741 3
    endloop
  endfacet
  facet normal 0.76797 -0.640486 0
    outer loop
      vertex 22.4193 5.741 1.02
      vertex 22.2208 5.50299 3
      vertex 22.2208 5.50299 1.02
    endloop
  endfacet
  facet normal 0.956881 -0.290482 0
    outer loop
      vertex 22.1273 5.19499 3
      vertex 22.2208 5.50299 1.02
      vertex 22.2208 5.50299 3
    endloop
  endfacet
  facet normal 0.956881 -0.290482 0
    outer loop
      vertex 22.2208 5.50299 1.02
      vertex 22.1273 5.19499 3
      vertex 22.1273 5.19499 1.02
    endloop
  endfacet
  facet normal 0.0931758 0.99565 -0
    outer loop
      vertex 22.5013 5.15999 1.02
      vertex 22.1273 5.19499 3
      vertex 22.5013 5.15999 3
    endloop
  endfacet
  facet normal 0.0931758 0.99565 0
    outer loop
      vertex 22.1273 5.19499 3
      vertex 22.5013 5.15999 1.02
      vertex 22.1273 5.19499 1.02
    endloop
  endfacet
  facet normal -0.96257 0.271033 0
    outer loop
      vertex 22.5013 5.15999 1.02
      vertex 22.5586 5.36349 3
      vertex 22.5586 5.36349 1.02
    endloop
  endfacet
  facet normal -0.96257 0.271033 0
    outer loop
      vertex 22.5586 5.36349 3
      vertex 22.5013 5.15999 1.02
      vertex 22.5013 5.15999 3
    endloop
  endfacet
  facet normal -0.786623 0.617434 0
    outer loop
      vertex 22.5586 5.36349 1.02
      vertex 22.6783 5.51599 3
      vertex 22.6783 5.51599 1.02
    endloop
  endfacet
  facet normal -0.786623 0.617434 0
    outer loop
      vertex 22.6783 5.51599 3
      vertex 22.5586 5.36349 1.02
      vertex 22.5586 5.36349 3
    endloop
  endfacet
  facet normal -0.483379 0.875411 0
    outer loop
      vertex 22.8508 5.61124 1.02
      vertex 22.6783 5.51599 3
      vertex 22.8508 5.61124 3
    endloop
  endfacet
  facet normal -0.483379 0.875411 0
    outer loop
      vertex 22.6783 5.51599 3
      vertex 22.8508 5.61124 1.02
      vertex 22.6783 5.51599 1.02
    endloop
  endfacet
  facet normal -0.147094 0.989122 0
    outer loop
      vertex 23.0643 5.64299 1.02
      vertex 22.8508 5.61124 3
      vertex 23.0643 5.64299 3
    endloop
  endfacet
  facet normal -0.147094 0.989122 0
    outer loop
      vertex 22.8508 5.61124 3
      vertex 23.0643 5.64299 1.02
      vertex 22.8508 5.61124 1.02
    endloop
  endfacet
  facet normal 0.150106 0.98867 -0
    outer loop
      vertex 23.2833 5.60974 1.02
      vertex 23.0643 5.64299 3
      vertex 23.2833 5.60974 3
    endloop
  endfacet
  facet normal 0.150106 0.98867 0
    outer loop
      vertex 23.0643 5.64299 3
      vertex 23.2833 5.60974 1.02
      vertex 23.0643 5.64299 1.02
    endloop
  endfacet
  facet normal 0.517353 0.855772 -0
    outer loop
      vertex 23.4483 5.50999 1.02
      vertex 23.2833 5.60974 3
      vertex 23.4483 5.50999 3
    endloop
  endfacet
  facet normal 0.517353 0.855772 0
    outer loop
      vertex 23.2833 5.60974 3
      vertex 23.4483 5.50999 1.02
      vertex 23.2833 5.60974 1.02
    endloop
  endfacet
  facet normal 0.839641 0.543142 0
    outer loop
      vertex 23.5518 5.34999 3
      vertex 23.4483 5.50999 1.02
      vertex 23.4483 5.50999 3
    endloop
  endfacet
  facet normal 0.839641 0.543142 0
    outer loop
      vertex 23.4483 5.50999 1.02
      vertex 23.5518 5.34999 3
      vertex 23.5518 5.34999 1.02
    endloop
  endfacet
  facet normal 0.987253 0.15916 0
    outer loop
      vertex 23.5863 5.13599 3
      vertex 23.5518 5.34999 1.02
      vertex 23.5518 5.34999 3
    endloop
  endfacet
  facet normal 0.987253 0.15916 0
    outer loop
      vertex 23.5518 5.34999 1.02
      vertex 23.5863 5.13599 3
      vertex 23.5863 5.13599 1.02
    endloop
  endfacet
  facet normal 0.992849 -0.119378 0
    outer loop
      vertex 23.5661 4.96799 3
      vertex 23.5863 5.13599 1.02
      vertex 23.5863 5.13599 3
    endloop
  endfacet
  facet normal 0.992849 -0.119378 0
    outer loop
      vertex 23.5863 5.13599 1.02
      vertex 23.5661 4.96799 3
      vertex 23.5661 4.96799 1.02
    endloop
  endfacet
  facet normal 0.926763 -0.375648 0
    outer loop
      vertex 23.5053 4.81799 3
      vertex 23.5661 4.96799 1.02
      vertex 23.5661 4.96799 3
    endloop
  endfacet
  facet normal 0.926763 -0.375648 0
    outer loop
      vertex 23.5661 4.96799 1.02
      vertex 23.5053 4.81799 3
      vertex 23.5053 4.81799 1.02
    endloop
  endfacet
  facet normal 0.82876 -0.559605 0
    outer loop
      vertex 23.4128 4.681 3
      vertex 23.5053 4.81799 1.02
      vertex 23.5053 4.81799 3
    endloop
  endfacet
  facet normal 0.82876 -0.559605 0
    outer loop
      vertex 23.5053 4.81799 1.02
      vertex 23.4128 4.681 3
      vertex 23.4128 4.681 1.02
    endloop
  endfacet
  facet normal 0.744449 -0.66768 0
    outer loop
      vertex 23.2953 4.54999 3
      vertex 23.4128 4.681 1.02
      vertex 23.4128 4.681 3
    endloop
  endfacet
  facet normal 0.744449 -0.66768 0
    outer loop
      vertex 23.4128 4.681 1.02
      vertex 23.2953 4.54999 3
      vertex 23.2953 4.54999 1.02
    endloop
  endfacet
  facet normal 0.677893 -0.735161 0
    outer loop
      vertex 23.1573 4.42274 1.02
      vertex 23.2953 4.54999 3
      vertex 23.1573 4.42274 3
    endloop
  endfacet
  facet normal 0.677893 -0.735161 0
    outer loop
      vertex 23.2953 4.54999 3
      vertex 23.1573 4.42274 1.02
      vertex 23.2953 4.54999 1.02
    endloop
  endfacet
  facet normal 0.638433 -0.769678 0
    outer loop
      vertex 23.0033 4.295 1.02
      vertex 23.1573 4.42274 3
      vertex 23.0033 4.295 3
    endloop
  endfacet
  facet normal 0.638433 -0.769678 0
    outer loop
      vertex 23.1573 4.42274 3
      vertex 23.0033 4.295 1.02
      vertex 23.1573 4.42274 1.02
    endloop
  endfacet
  facet normal 0.635958 -0.771724 0
    outer loop
      vertex 22.8413 4.1615 1.02
      vertex 23.0033 4.295 3
      vertex 22.8413 4.1615 3
    endloop
  endfacet
  facet normal 0.635958 -0.771724 0
    outer loop
      vertex 23.0033 4.295 3
      vertex 22.8413 4.1615 1.02
      vertex 23.0033 4.295 1.02
    endloop
  endfacet
  facet normal 0.661092 -0.750305 0
    outer loop
      vertex 22.6773 4.017 1.02
      vertex 22.8413 4.1615 3
      vertex 22.6773 4.017 3
    endloop
  endfacet
  facet normal 0.661092 -0.750305 0
    outer loop
      vertex 22.8413 4.1615 3
      vertex 22.6773 4.017 1.02
      vertex 22.8413 4.1615 1.02
    endloop
  endfacet
  facet normal 0.702224 -0.711956 0
    outer loop
      vertex 22.5171 3.85899 1.02
      vertex 22.6773 4.017 3
      vertex 22.5171 3.85899 3
    endloop
  endfacet
  facet normal 0.702224 -0.711956 0
    outer loop
      vertex 22.6773 4.017 3
      vertex 22.5171 3.85899 1.02
      vertex 22.6773 4.017 1.02
    endloop
  endfacet
  facet normal 0.755104 -0.655605 0
    outer loop
      vertex 22.3643 3.683 3
      vertex 22.5171 3.85899 1.02
      vertex 22.5171 3.85899 3
    endloop
  endfacet
  facet normal 0.755104 -0.655605 0
    outer loop
      vertex 22.5171 3.85899 1.02
      vertex 22.3643 3.683 3
      vertex 22.3643 3.683 1.02
    endloop
  endfacet
  facet normal 0.821332 -0.57045 0
    outer loop
      vertex 22.2266 3.48474 3
      vertex 22.3643 3.683 1.02
      vertex 22.3643 3.683 3
    endloop
  endfacet
  facet normal 0.821332 -0.57045 0
    outer loop
      vertex 22.3643 3.683 1.02
      vertex 22.2266 3.48474 3
      vertex 22.2266 3.48474 1.02
    endloop
  endfacet
  facet normal 0.891372 -0.453273 0
    outer loop
      vertex 22.1113 3.258 3
      vertex 22.2266 3.48474 1.02
      vertex 22.2266 3.48474 3
    endloop
  endfacet
  facet normal 0.891372 -0.453273 0
    outer loop
      vertex 22.2266 3.48474 1.02
      vertex 22.1113 3.258 3
      vertex 22.1113 3.258 1.02
    endloop
  endfacet
  facet normal 1 -0 0
    outer loop
      vertex 22.1113 3 3
      vertex 22.1113 3.258 1.02
      vertex 22.1113 3.258 3
    endloop
  endfacet
  facet normal 1 0 0
    outer loop
      vertex 22.1113 3.258 1.02
      vertex 22.1113 3 3
      vertex 22.1113 3 1.02
    endloop
  endfacet
  facet normal 0 1 -0
    outer loop
      vertex 24.0063 3 1.02
      vertex 22.1113 3 3
      vertex 24.0063 3 3
    endloop
  endfacet
  facet normal 0 1 0
    outer loop
      vertex 22.1113 3 3
      vertex 24.0063 3 1.02
      vertex 22.1113 3 1.02
    endloop
  endfacet
  facet normal -1 0 0
    outer loop
      vertex 24.0063 3 1.02
      vertex 24.0063 3.31099 3
      vertex 24.0063 3.31099 1.02
    endloop
  endfacet
  facet normal -1 -0 0
    outer loop
      vertex 24.0063 3.31099 3
      vertex 24.0063 3 1.02
      vertex 24.0063 3 3
    endloop
  endfacet
  facet normal 0 -1 0
    outer loop
      vertex 25.579 3.31099 1.02
      vertex 26.275 3.31099 3
      vertex 25.579 3.31099 3
    endloop
  endfacet
  facet normal 0 -1 -0
    outer loop
      vertex 26.275 3.31099 3
      vertex 25.579 3.31099 1.02
      vertex 26.275 3.31099 1.02
    endloop
  endfacet
  facet normal -1 0 0
    outer loop
      vertex 25.579 3.31099 1.02
      vertex 25.579 5.87999 3
      vertex 25.579 5.87999 1.02
    endloop
  endfacet
  facet normal -1 -0 0
    outer loop
      vertex 25.579 5.87999 3
      vertex 25.579 3.31099 1.02
      vertex 25.579 3.31099 3
    endloop
  endfacet
  facet normal 0 -1 0
    outer loop
      vertex 25.242 5.87999 1.02
      vertex 25.579 5.87999 3
      vertex 25.242 5.87999 3
    endloop
  endfacet
  facet normal 0 -1 -0
    outer loop
      vertex 25.579 5.87999 3
      vertex 25.242 5.87999 1.02
      vertex 25.579 5.87999 1.02
    endloop
  endfacet
  facet normal 0.583957 -0.811784 0
    outer loop
      vertex 24.565 5.39299 1.02
      vertex 25.242 5.87999 3
      vertex 24.565 5.39299 3
    endloop
  endfacet
  facet normal 0.583957 -0.811784 0
    outer loop
      vertex 25.242 5.87999 3
      vertex 24.565 5.39299 1.02
      vertex 25.242 5.87999 1.02
    endloop
  endfacet
  facet normal 1 -0 0
    outer loop
      vertex 24.565 5.04799 3
      vertex 24.565 5.39299 1.02
      vertex 24.565 5.39299 3
    endloop
  endfacet
  facet normal 1 0 0
    outer loop
      vertex 24.565 5.39299 1.02
      vertex 24.565 5.04799 3
      vertex 24.565 5.04799 1.02
    endloop
  endfacet
  facet normal -0.598809 0.800892 0
    outer loop
      vertex 25.211 5.53099 1.02
      vertex 24.565 5.04799 3
      vertex 25.211 5.53099 3
    endloop
  endfacet
  facet normal -0.598809 0.800892 0
    outer loop
      vertex 24.565 5.04799 3
      vertex 25.211 5.53099 1.02
      vertex 24.565 5.04799 1.02
    endloop
  endfacet
  facet normal 1 -0 0
    outer loop
      vertex 25.211 3.31099 3
      vertex 25.211 5.53099 1.02
      vertex 25.211 5.53099 3
    endloop
  endfacet
  facet normal 1 0 0
    outer loop
      vertex 25.211 5.53099 1.02
      vertex 25.211 3.31099 3
      vertex 25.211 3.31099 1.02
    endloop
  endfacet
  facet normal 0 -1 0
    outer loop
      vertex 24.482 3.31099 1.02
      vertex 25.211 3.31099 3
      vertex 24.482 3.31099 3
    endloop
  endfacet
  facet normal 0 -1 -0
    outer loop
      vertex 25.211 3.31099 3
      vertex 24.482 3.31099 1.02
      vertex 25.211 3.31099 1.02
    endloop
  endfacet
  facet normal 1 -0 0
    outer loop
      vertex 24.482 3 3
      vertex 24.482 3.31099 1.02
      vertex 24.482 3.31099 3
    endloop
  endfacet
  facet normal 1 0 0
    outer loop
      vertex 24.482 3.31099 1.02
      vertex 24.482 3 3
      vertex 24.482 3 1.02
    endloop
  endfacet
  facet normal 0 1 -0
    outer loop
      vertex 26.275 3 1.02
      vertex 24.482 3 3
      vertex 26.275 3 3
    endloop
  endfacet
  facet normal 0 1 0
    outer loop
      vertex 24.482 3 3
      vertex 26.275 3 1.02
      vertex 24.482 3 1.02
    endloop
  endfacet
  facet normal -1 0 0
    outer loop
      vertex 26.275 3 1.02
      vertex 26.275 3.31099 3
      vertex 26.275 3.31099 1.02
    endloop
  endfacet
  facet normal -1 -0 0
    outer loop
      vertex 26.275 3.31099 3
      vertex 26.275 3 1.02
      vertex 26.275 3 3
    endloop
  endfacet
  facet normal 0 1 -0
    outer loop
      vertex 31.8934 4.22899 1.02
      vertex 31.0014 4.22899 3
      vertex 31.8934 4.22899 3
    endloop
  endfacet
  facet normal 0 1 0
    outer loop
      vertex 31.0014 4.22899 3
      vertex 31.8934 4.22899 1.02
      vertex 31.0014 4.22899 1.02
    endloop
  endfacet
  facet normal 0.855735 0.517414 0
    outer loop
      vertex 32.6365 3 3
      vertex 31.8934 4.22899 1.02
      vertex 31.8934 4.22899 3
    endloop
  endfacet
  facet normal 0.855735 0.517414 0
    outer loop
      vertex 31.8934 4.22899 1.02
      vertex 32.6365 3 3
      vertex 32.6365 3 1.02
    endloop
  endfacet
  facet normal 0 1 -0
    outer loop
      vertex 33.0835 3 1.02
      vertex 32.6365 3 3
      vertex 33.0835 3 3
    endloop
  endfacet
  facet normal 0 1 0
    outer loop
      vertex 32.6365 3 3
      vertex 33.0835 3 1.02
      vertex 32.6365 3 1.02
    endloop
  endfacet
  facet normal -0.843278 -0.537478 0
    outer loop
      vertex 33.0835 3 1.02
      vertex 32.2715 4.27399 3
      vertex 32.2715 4.27399 1.02
    endloop
  endfacet
  facet normal -0.843278 -0.537478 0
    outer loop
      vertex 32.2715 4.27399 3
      vertex 33.0835 3 1.02
      vertex 33.0835 3 3
    endloop
  endfacet
  facet normal -0.311141 0.950364 0
    outer loop
      vertex 32.5632 4.36949 1.02
      vertex 32.2715 4.27399 3
      vertex 32.5632 4.36949 3
    endloop
  endfacet
  facet normal -0.311141 0.950364 0
    outer loop
      vertex 32.2715 4.27399 3
      vertex 32.5632 4.36949 1.02
      vertex 32.2715 4.27399 1.02
    endloop
  endfacet
  facet normal -0.619184 0.785246 0
    outer loop
      vertex 32.7845 4.54399 1.02
      vertex 32.5632 4.36949 3
      vertex 32.7845 4.54399 3
    endloop
  endfacet
  facet normal -0.619184 0.785246 0
    outer loop
      vertex 32.5632 4.36949 3
      vertex 32.7845 4.54399 1.02
      vertex 32.5632 4.36949 1.02
    endloop
  endfacet
  facet normal -0.864334 0.502918 0
    outer loop
      vertex 32.7845 4.54399 1.02
      vertex 32.924 4.78374 3
      vertex 32.924 4.78374 1.02
    endloop
  endfacet
  facet normal -0.864334 0.502918 0
    outer loop
      vertex 32.924 4.78374 3
      vertex 32.7845 4.54399 1.02
      vertex 32.7845 4.54399 3
    endloop
  endfacet
  facet normal -0.987324 0.158717 0
    outer loop
      vertex 32.924 4.78374 1.02
      vertex 32.9705 5.073 3
      vertex 32.9705 5.073 1.02
    endloop
  endfacet
  facet normal -0.987324 0.158717 0
    outer loop
      vertex 32.9705 5.073 3
      vertex 32.924 4.78374 1.02
      vertex 32.924 4.78374 3
    endloop
  endfacet
  facet normal -0.981598 -0.190957 0
    outer loop
      vertex 32.9705 5.073 1.02
      vertex 32.9047 5.41124 3
      vertex 32.9047 5.41124 1.02
    endloop
  endfacet
  facet normal -0.981598 -0.190957 0
    outer loop
      vertex 32.9047 5.41124 3
      vertex 32.9705 5.073 1.02
      vertex 32.9705 5.073 3
    endloop
  endfacet
  facet normal -0.790762 -0.612123 0
    outer loop
      vertex 32.9047 5.41124 1.02
      vertex 32.7075 5.66599 3
      vertex 32.7075 5.66599 1.02
    endloop
  endfacet
  facet normal -0.790762 -0.612123 0
    outer loop
      vertex 32.7075 5.66599 3
      vertex 32.9047 5.41124 1.02
      vertex 32.9047 5.41124 3
    endloop
  endfacet
  facet normal -0.450241 -0.892907 0
    outer loop
      vertex 32.3892 5.82649 1.02
      vertex 32.7075 5.66599 3
      vertex 32.3892 5.82649 3
    endloop
  endfacet
  facet normal -0.450241 -0.892907 -0
    outer loop
      vertex 32.7075 5.66599 3
      vertex 32.3892 5.82649 1.02
      vertex 32.7075 5.66599 1.02
    endloop
  endfacet
  facet normal -0.123807 -0.992306 0
    outer loop
      vertex 31.9604 5.87999 1.02
      vertex 32.3892 5.82649 3
      vertex 31.9604 5.87999 3
    endloop
  endfacet
  facet normal -0.123807 -0.992306 -0
    outer loop
      vertex 32.3892 5.82649 3
      vertex 31.9604 5.87999 1.02
      vertex 32.3892 5.82649 1.02
    endloop
  endfacet
  facet normal 0 -1 0
    outer loop
      vertex 30.6134 5.87999 1.02
      vertex 31.9604 5.87999 3
      vertex 30.6134 5.87999 3
    endloop
  endfacet
  facet normal 0 -1 -0
    outer loop
      vertex 31.9604 5.87999 3
      vertex 30.6134 5.87999 1.02
      vertex 31.9604 5.87999 1.02
    endloop
  endfacet
  facet normal 1 -0 0
    outer loop
      vertex 30.6134 3 3
      vertex 30.6134 5.87999 1.02
      vertex 30.6134 5.87999 3
    endloop
  endfacet
  facet normal 1 0 0
    outer loop
      vertex 30.6134 5.87999 1.02
      vertex 30.6134 3 3
      vertex 30.6134 3 1.02
    endloop
  endfacet
  facet normal 0 1 -0
    outer loop
      vertex 31.0014 3 1.02
      vertex 30.6134 3 3
      vertex 31.0014 3 3
    endloop
  endfacet
  facet normal 0 1 0
    outer loop
      vertex 30.6134 3 3
      vertex 31.0014 3 1.02
      vertex 30.6134 3 1.02
    endloop
  endfacet
  facet normal -1 0 0
    outer loop
      vertex 31.0014 3 1.02
      vertex 31.0014 4.22899 3
      vertex 31.0014 4.22899 1.02
    endloop
  endfacet
  facet normal -1 -0 0
    outer loop
      vertex 31.0014 4.22899 3
      vertex 31.0014 3 1.02
      vertex 31.0014 3 3
    endloop
  endfacet
  facet normal -1 0 0
    outer loop
      vertex 31.0014 4.536 1.02
      vertex 31.0014 5.56898 3
      vertex 31.0014 5.56898 1.02
    endloop
  endfacet
  facet normal -1 -0 0
    outer loop
      vertex 31.0014 5.56898 3
      vertex 31.0014 4.536 1.02
      vertex 31.0014 4.536 3
    endloop
  endfacet
  facet normal 0 1 -0
    outer loop
      vertex 31.9225 5.56898 1.02
      vertex 31.0014 5.56898 3
      vertex 31.9225 5.56898 3
    endloop
  endfacet
  facet normal 0 1 0
    outer loop
      vertex 31.0014 5.56898 3
      vertex 31.9225 5.56898 1.02
      vertex 31.0014 5.56898 1.02
    endloop
  endfacet
  facet normal 0.112954 0.9936 -0
    outer loop
      vertex 32.2039 5.53699 1.02
      vertex 31.9225 5.56898 3
      vertex 32.2039 5.53699 3
    endloop
  endfacet
  facet normal 0.112954 0.9936 0
    outer loop
      vertex 31.9225 5.56898 3
      vertex 32.2039 5.53699 1.02
      vertex 31.9225 5.56898 1.02
    endloop
  endfacet
  facet normal 0.421563 0.906799 -0
    outer loop
      vertex 32.4104 5.44099 1.02
      vertex 32.2039 5.53699 3
      vertex 32.4104 5.44099 3
    endloop
  endfacet
  facet normal 0.421563 0.906799 0
    outer loop
      vertex 32.2039 5.53699 3
      vertex 32.4104 5.44099 1.02
      vertex 32.2039 5.53699 1.02
    endloop
  endfacet
  facet normal 0.776756 0.629802 0
    outer loop
      vertex 32.5379 5.28374 3
      vertex 32.4104 5.44099 1.02
      vertex 32.4104 5.44099 3
    endloop
  endfacet
  facet normal 0.776756 0.629802 0
    outer loop
      vertex 32.4104 5.44099 1.02
      vertex 32.5379 5.28374 3
      vertex 32.5379 5.28374 1.02
    endloop
  endfacet
  facet normal 0.981059 0.193711 0
    outer loop
      vertex 32.5805 5.06799 3
      vertex 32.5379 5.28374 1.02
      vertex 32.5379 5.28374 3
    endloop
  endfacet
  facet normal 0.981059 0.193711 0
    outer loop
      vertex 32.5379 5.28374 1.02
      vertex 32.5805 5.06799 3
      vertex 32.5805 5.06799 1.02
    endloop
  endfacet
  facet normal 0.982872 -0.184289 0
    outer loop
      vertex 32.5385 4.84399 3
      vertex 32.5805 5.06799 1.02
      vertex 32.5805 5.06799 3
    endloop
  endfacet
  facet normal 0.982872 -0.184289 0
    outer loop
      vertex 32.5805 5.06799 1.02
      vertex 32.5385 4.84399 3
      vertex 32.5385 4.84399 1.02
    endloop
  endfacet
  facet normal 0.8 -0.6 0
    outer loop
      vertex 32.4125 4.67599 3
      vertex 32.5385 4.84399 1.02
      vertex 32.5385 4.84399 3
    endloop
  endfacet
  facet normal 0.8 -0.6 0
    outer loop
      vertex 32.5385 4.84399 1.02
      vertex 32.4125 4.67599 3
      vertex 32.4125 4.67599 1.02
    endloop
  endfacet
  facet normal 0.461 -0.8874 0
    outer loop
      vertex 32.2104 4.571 1.02
      vertex 32.4125 4.67599 3
      vertex 32.2104 4.571 3
    endloop
  endfacet
  facet normal 0.461 -0.8874 0
    outer loop
      vertex 32.4125 4.67599 3
      vertex 32.2104 4.571 1.02
      vertex 32.4125 4.67599 1.02
    endloop
  endfacet
  facet normal 0.127624 -0.991823 0
    outer loop
      vertex 31.9384 4.536 1.02
      vertex 32.2104 4.571 3
      vertex 31.9384 4.536 3
    endloop
  endfacet
  facet normal 0.127624 -0.991823 0
    outer loop
      vertex 32.2104 4.571 3
      vertex 31.9384 4.536 1.02
      vertex 32.2104 4.571 1.02
    endloop
  endfacet
  facet normal 0 -1 0
    outer loop
      vertex 31.0014 4.536 1.02
      vertex 31.9384 4.536 3
      vertex 31.0014 4.536 3
    endloop
  endfacet
  facet normal 0 -1 -0
    outer loop
      vertex 31.9384 4.536 3
      vertex 31.0014 4.536 1.02
      vertex 31.9384 4.536 1.02
    endloop
  endfacet
  facet normal -0.436591 0.89966 0
    outer loop
      vertex 29.8346 3.215 1.02
      vertex 29.5023 3.05374 3
      vertex 29.8346 3.215 3
    endloop
  endfacet
  facet normal -0.436591 0.89966 0
    outer loop
      vertex 29.5023 3.05374 3
      vertex 29.8346 3.215 1.02
      vertex 29.5023 3.05374 1.02
    endloop
  endfacet
  facet normal -0.776441 0.63019 0
    outer loop
      vertex 29.8346 3.215 1.02
      vertex 30.0438 3.47275 3
      vertex 30.0438 3.47275 1.02
    endloop
  endfacet
  facet normal -0.776441 0.63019 0
    outer loop
      vertex 30.0438 3.47275 3
      vertex 29.8346 3.215 1.02
      vertex 29.8346 3.215 3
    endloop
  endfacet
  facet normal -0.979943 0.199278 0
    outer loop
      vertex 30.0438 3.47275 1.02
      vertex 30.1136 3.81599 3
      vertex 30.1136 3.81599 1.02
    endloop
  endfacet
  facet normal -0.979943 0.199278 0
    outer loop
      vertex 30.1136 3.81599 3
      vertex 30.0438 3.47275 1.02
      vertex 30.0438 3.47275 3
    endloop
  endfacet
  facet normal -0.985078 -0.17211 0
    outer loop
      vertex 30.1136 3.81599 1.02
      vertex 30.0673 4.08099 3
      vertex 30.0673 4.08099 1.02
    endloop
  endfacet
  facet normal -0.985078 -0.17211 0
    outer loop
      vertex 30.0673 4.08099 3
      vertex 30.1136 3.81599 1.02
      vertex 30.1136 3.81599 3
    endloop
  endfacet
  facet normal -0.840314 -0.5421 0
    outer loop
      vertex 30.0673 4.08099 1.02
      vertex 29.9286 4.29599 3
      vertex 29.9286 4.29599 1.02
    endloop
  endfacet
  facet normal -0.840314 -0.5421 0
    outer loop
      vertex 29.9286 4.29599 3
      vertex 30.0673 4.08099 1.02
      vertex 30.0673 4.08099 3
    endloop
  endfacet
  facet normal -0.565278 -0.824901 0
    outer loop
      vertex 29.7046 4.44949 1.02
      vertex 29.9286 4.29599 3
      vertex 29.7046 4.44949 3
    endloop
  endfacet
  facet normal -0.565278 -0.824901 -0
    outer loop
      vertex 29.9286 4.29599 3
      vertex 29.7046 4.44949 1.02
      vertex 29.9286 4.29599 1.02
    endloop
  endfacet
  facet normal -0.251604 -0.96783 0
    outer loop
      vertex 29.4026 4.528 1.02
      vertex 29.7046 4.44949 3
      vertex 29.4026 4.528 3
    endloop
  endfacet
  facet normal -0.251604 -0.96783 -0
    outer loop
      vertex 29.7046 4.44949 3
      vertex 29.4026 4.528 1.02
      vertex 29.7046 4.44949 1.02
    endloop
  endfacet
  facet normal -0.354012 0.935241 0
    outer loop
      vertex 29.6331 4.61525 1.02
      vertex 29.4026 4.528 3
      vertex 29.6331 4.61525 3
    endloop
  endfacet
  facet normal -0.354012 0.935241 0
    outer loop
      vertex 29.4026 4.528 3
      vertex 29.6331 4.61525 1.02
      vertex 29.4026 4.528 1.02
    endloop
  endfacet
  facet normal -0.642353 0.766409 0
    outer loop
      vertex 29.8046 4.75899 1.02
      vertex 29.6331 4.61525 3
      vertex 29.8046 4.75899 3
    endloop
  endfacet
  facet normal -0.642353 0.766409 0
    outer loop
      vertex 29.6331 4.61525 3
      vertex 29.8046 4.75899 1.02
      vertex 29.6331 4.61525 1.02
    endloop
  endfacet
  facet normal -0.874467 0.485086 0
    outer loop
      vertex 29.8046 4.75899 1.02
      vertex 29.9118 4.95224 3
      vertex 29.9118 4.95224 1.02
    endloop
  endfacet
  facet normal -0.874467 0.485086 0
    outer loop
      vertex 29.9118 4.95224 3
      vertex 29.8046 4.75899 1.02
      vertex 29.8046 4.75899 3
    endloop
  endfacet
  facet normal -0.988474 0.15139 0
    outer loop
      vertex 29.9118 4.95224 1.02
      vertex 29.9476 5.18599 3
      vertex 29.9476 5.18599 1.02
    endloop
  endfacet
  facet normal -0.988474 0.15139 0
    outer loop
      vertex 29.9476 5.18599 3
      vertex 29.9118 4.95224 1.02
      vertex 29.9118 4.95224 3
    endloop
  endfacet
  facet normal -0.900064 -0.435758 0
    outer loop
      vertex 29.9476 5.18599 1.02
      vertex 29.6956 5.7065 3
      vertex 29.6956 5.7065 1.02
    endloop
  endfacet
  facet normal -0.900064 -0.435758 0
    outer loop
      vertex 29.6956 5.7065 3
      vertex 29.9476 5.18599 1.02
      vertex 29.9476 5.18599 3
    endloop
  endfacet
  facet normal -0.22367 -0.974665 0
    outer loop
      vertex 28.9396 5.87999 1.02
      vertex 29.6956 5.7065 3
      vertex 28.9396 5.87999 3
    endloop
  endfacet
  facet normal -0.22367 -0.974665 -0
    outer loop
      vertex 29.6956 5.7065 3
      vertex 28.9396 5.87999 1.02
      vertex 29.6956 5.7065 1.02
    endloop
  endfacet
  facet normal 0 -1 0
    outer loop
      vertex 27.8996 5.87999 1.02
      vertex 28.9396 5.87999 3
      vertex 27.8996 5.87999 3
    endloop
  endfacet
  facet normal 0 -1 -0
    outer loop
      vertex 28.9396 5.87999 3
      vertex 27.8996 5.87999 1.02
      vertex 28.9396 5.87999 1.02
    endloop
  endfacet
  facet normal 1 -0 0
    outer loop
      vertex 27.8996 3 3
      vertex 27.8996 5.87999 1.02
      vertex 27.8996 5.87999 3
    endloop
  endfacet
  facet normal 1 0 0
    outer loop
      vertex 27.8996 5.87999 1.02
      vertex 27.8996 3 3
      vertex 27.8996 3 1.02
    endloop
  endfacet
  facet normal 0 1 -0
    outer loop
      vertex 29.0616 3 1.02
      vertex 27.8996 3 3
      vertex 29.0616 3 3
    endloop
  endfacet
  facet normal 0 1 0
    outer loop
      vertex 27.8996 3 3
      vertex 29.0616 3 1.02
      vertex 27.8996 3 1.02
    endloop
  endfacet
  facet normal -0.121046 0.992647 0
    outer loop
      vertex 29.5023 3.05374 1.02
      vertex 29.0616 3 3
      vertex 29.5023 3.05374 3
    endloop
  endfacet
  facet normal -0.121046 0.992647 0
    outer loop
      vertex 29.0616 3 3
      vertex 29.5023 3.05374 1.02
      vertex 29.0616 3 1.02
    endloop
  endfacet
  facet normal -1 0 0
    outer loop
      vertex 28.2876 4.66399 1.02
      vertex 28.2876 5.56898 3
      vertex 28.2876 5.56898 1.02
    endloop
  endfacet
  facet normal -1 -0 0
    outer loop
      vertex 28.2876 5.56898 3
      vertex 28.2876 4.66399 1.02
      vertex 28.2876 4.66399 3
    endloop
  endfacet
  facet normal 0 1 -0
    outer loop
      vertex 28.9396 5.56898 1.02
      vertex 28.2876 5.56898 3
      vertex 28.9396 5.56898 3
    endloop
  endfacet
  facet normal 0 1 0
    outer loop
      vertex 28.2876 5.56898 3
      vertex 28.9396 5.56898 1.02
      vertex 28.2876 5.56898 1.02
    endloop
  endfacet
  facet normal 0.0938152 0.99559 -0
    outer loop
      vertex 29.2048 5.54399 1.02
      vertex 28.9396 5.56898 3
      vertex 29.2048 5.54399 3
    endloop
  endfacet
  facet normal 0.0938152 0.99559 0
    outer loop
      vertex 28.9396 5.56898 3
      vertex 29.2048 5.54399 1.02
      vertex 28.9396 5.56898 1.02
    endloop
  endfacet
  facet normal 0.360913 0.932599 -0
    outer loop
      vertex 29.3986 5.46899 1.02
      vertex 29.2048 5.54399 3
      vertex 29.3986 5.46899 3
    endloop
  endfacet
  facet normal 0.360913 0.932599 0
    outer loop
      vertex 29.2048 5.54399 3
      vertex 29.3986 5.46899 1.02
      vertex 29.2048 5.54399 1.02
    endloop
  endfacet
  facet normal 0.742175 0.670206 0
    outer loop
      vertex 29.5178 5.33699 3
      vertex 29.3986 5.46899 1.02
      vertex 29.3986 5.46899 3
    endloop
  endfacet
  facet normal 0.742175 0.670206 0
    outer loop
      vertex 29.3986 5.46899 1.02
      vertex 29.5178 5.33699 3
      vertex 29.5178 5.33699 1.02
    endloop
  endfacet
  facet normal 0.98039 0.197068 0
    outer loop
      vertex 29.5576 5.13899 3
      vertex 29.5178 5.33699 1.02
      vertex 29.5178 5.33699 3
    endloop
  endfacet
  facet normal 0.98039 0.197068 0
    outer loop
      vertex 29.5178 5.33699 1.02
      vertex 29.5576 5.13899 3
      vertex 29.5576 5.13899 1.02
    endloop
  endfacet
  facet normal 0.98372 -0.179707 0
    outer loop
      vertex 29.5191 4.92824 3
      vertex 29.5576 5.13899 1.02
      vertex 29.5576 5.13899 3
    endloop
  endfacet
  facet normal 0.98372 -0.179707 0
    outer loop
      vertex 29.5576 5.13899 1.02
      vertex 29.5191 4.92824 3
      vertex 29.5191 4.92824 1.02
    endloop
  endfacet
  facet normal 0.78883 -0.614611 0
    outer loop
      vertex 29.4036 4.78 3
      vertex 29.5191 4.92824 1.02
      vertex 29.5191 4.92824 3
    endloop
  endfacet
  facet normal 0.78883 -0.614611 0
    outer loop
      vertex 29.5191 4.92824 1.02
      vertex 29.4036 4.78 3
      vertex 29.4036 4.78 1.02
    endloop
  endfacet
  facet normal 0.41188 -0.911238 0
    outer loop
      vertex 29.2111 4.69299 1.02
      vertex 29.4036 4.78 3
      vertex 29.2111 4.69299 3
    endloop
  endfacet
  facet normal 0.41188 -0.911238 0
    outer loop
      vertex 29.4036 4.78 3
      vertex 29.2111 4.69299 1.02
      vertex 29.4036 4.78 1.02
    endloop
  endfacet
  facet normal 0.10621 -0.994344 0
    outer loop
      vertex 28.9396 4.66399 1.02
      vertex 29.2111 4.69299 3
      vertex 28.9396 4.66399 3
    endloop
  endfacet
  facet normal 0.10621 -0.994344 0
    outer loop
      vertex 29.2111 4.69299 3
      vertex 28.9396 4.66399 1.02
      vertex 29.2111 4.69299 1.02
    endloop
  endfacet
  facet normal 0 -1 0
    outer loop
      vertex 28.2876 4.66399 1.02
      vertex 28.9396 4.66399 3
      vertex 28.2876 4.66399 3
    endloop
  endfacet
  facet normal 0 -1 -0
    outer loop
      vertex 28.9396 4.66399 3
      vertex 28.2876 4.66399 1.02
      vertex 28.9396 4.66399 1.02
    endloop
  endfacet
  facet normal -1 0 0
    outer loop
      vertex 28.2876 3.31099 1.02
      vertex 28.2876 4.36099 3
      vertex 28.2876 4.36099 1.02
    endloop
  endfacet
  facet normal -1 -0 0
    outer loop
      vertex 28.2876 4.36099 3
      vertex 28.2876 3.31099 1.02
      vertex 28.2876 3.31099 3
    endloop
  endfacet
  facet normal 0 1 -0
    outer loop
      vertex 29.0106 4.36099 1.02
      vertex 28.2876 4.36099 3
      vertex 29.0106 4.36099 3
    endloop
  endfacet
  facet normal 0 1 0
    outer loop
      vertex 28.2876 4.36099 3
      vertex 29.0106 4.36099 1.02
      vertex 28.2876 4.36099 1.02
    endloop
  endfacet
  facet normal 0.234721 0.972063 -0
    outer loop
      vertex 29.5438 4.23224 1.02
      vertex 29.0106 4.36099 3
      vertex 29.5438 4.23224 3
    endloop
  endfacet
  facet normal 0.234721 0.972063 0
    outer loop
      vertex 29.0106 4.36099 3
      vertex 29.5438 4.23224 1.02
      vertex 29.0106 4.36099 1.02
    endloop
  endfacet
  facet normal 0.908379 0.418148 0
    outer loop
      vertex 29.7216 3.84599 3
      vertex 29.5438 4.23224 1.02
      vertex 29.5438 4.23224 3
    endloop
  endfacet
  facet normal 0.908379 0.418148 0
    outer loop
      vertex 29.5438 4.23224 1.02
      vertex 29.7216 3.84599 3
      vertex 29.7216 3.84599 1.02
    endloop
  endfacet
  facet normal 0.985043 -0.172311 0
    outer loop
      vertex 29.6808 3.61275 3
      vertex 29.7216 3.84599 1.02
      vertex 29.7216 3.84599 3
    endloop
  endfacet
  facet normal 0.985043 -0.172311 0
    outer loop
      vertex 29.7216 3.84599 1.02
      vertex 29.6808 3.61275 3
      vertex 29.6808 3.61275 1.02
    endloop
  endfacet
  facet normal 0.808294 -0.588779 0
    outer loop
      vertex 29.5586 3.44499 3
      vertex 29.6808 3.61275 1.02
      vertex 29.6808 3.61275 3
    endloop
  endfacet
  facet normal 0.808294 -0.588779 0
    outer loop
      vertex 29.6808 3.61275 1.02
      vertex 29.5586 3.44499 3
      vertex 29.5586 3.44499 1.02
    endloop
  endfacet
  facet normal 0.431147 -0.902282 0
    outer loop
      vertex 29.3483 3.3445 1.02
      vertex 29.5586 3.44499 3
      vertex 29.3483 3.3445 3
    endloop
  endfacet
  facet normal 0.431147 -0.902282 0
    outer loop
      vertex 29.5586 3.44499 3
      vertex 29.3483 3.3445 1.02
      vertex 29.5586 3.44499 1.02
    endloop
  endfacet
  facet normal 0.108613 -0.994084 0
    outer loop
      vertex 29.0416 3.31099 1.02
      vertex 29.3483 3.3445 3
      vertex 29.0416 3.31099 3
    endloop
  endfacet
  facet normal 0.108613 -0.994084 0
    outer loop
      vertex 29.3483 3.3445 3
      vertex 29.0416 3.31099 1.02
      vertex 29.3483 3.3445 1.02
    endloop
  endfacet
  facet normal 0 -1 0
    outer loop
      vertex 28.2876 3.31099 1.02
      vertex 29.0416 3.31099 3
      vertex 28.2876 3.31099 3
    endloop
  endfacet
  facet normal 0 -1 -0
    outer loop
      vertex 29.0416 3.31099 3
      vertex 28.2876 3.31099 1.02
      vertex 29.0416 3.31099 1.02
    endloop
  endfacet
  facet normal -0.4739 0.880579 0
    outer loop
      vertex 14.5555 3.12099 1.02
      vertex 14.2977 2.98225 3
      vertex 14.5555 3.12099 3
    endloop
  endfacet
  facet normal -0.4739 0.880579 0
    outer loop
      vertex 14.2977 2.98225 3
      vertex 14.5555 3.12099 1.02
      vertex 14.2977 2.98225 1.02
    endloop
  endfacet
  facet normal -0.766853 0.641822 0
    outer loop
      vertex 14.5555 3.12099 1.02
      vertex 14.7365 3.33725 3
      vertex 14.7365 3.33725 1.02
    endloop
  endfacet
  facet normal -0.766853 0.641822 0
    outer loop
      vertex 14.7365 3.33725 3
      vertex 14.5555 3.12099 1.02
      vertex 14.5555 3.12099 3
    endloop
  endfacet
  facet normal -0.952622 0.304156 0
    outer loop
      vertex 14.7365 3.33725 1.02
      vertex 14.8255 3.616 3
      vertex 14.8255 3.616 1.02
    endloop
  endfacet
  facet normal -0.952622 0.304156 0
    outer loop
      vertex 14.8255 3.616 3
      vertex 14.7365 3.33725 1.02
      vertex 14.7365 3.33725 3
    endloop
  endfacet
  facet normal -0.0649035 -0.997892 0
    outer loop
      vertex 14.4565 3.64 1.02
      vertex 14.8255 3.616 3
      vertex 14.4565 3.64 3
    endloop
  endfacet
  facet normal -0.0649035 -0.997892 -0
    outer loop
      vertex 14.8255 3.616 3
      vertex 14.4565 3.64 1.02
      vertex 14.8255 3.616 1.02
    endloop
  endfacet
  facet normal 0.957902 -0.287095 0
    outer loop
      vertex 14.4012 3.45549 3
      vertex 14.4565 3.64 1.02
      vertex 14.4565 3.64 3
    endloop
  endfacet
  facet normal 0.957902 -0.287095 0
    outer loop
      vertex 14.4565 3.64 1.02
      vertex 14.4012 3.45549 3
      vertex 14.4012 3.45549 1.02
    endloop
  endfacet
  facet normal 0.774703 -0.632325 0
    outer loop
      vertex 14.2955 3.32599 3
      vertex 14.4012 3.45549 1.02
      vertex 14.4012 3.45549 3
    endloop
  endfacet
  facet normal 0.774703 -0.632325 0
    outer loop
      vertex 14.4012 3.45549 1.02
      vertex 14.2955 3.32599 3
      vertex 14.2955 3.32599 1.02
    endloop
  endfacet
  facet normal 0.46159 -0.887093 0
    outer loop
      vertex 14.1485 3.2495 1.02
      vertex 14.2955 3.32599 3
      vertex 14.1485 3.2495 3
    endloop
  endfacet
  facet normal 0.46159 -0.887093 0
    outer loop
      vertex 14.2955 3.32599 3
      vertex 14.1485 3.2495 1.02
      vertex 14.2955 3.32599 1.02
    endloop
  endfacet
  facet normal 0.141034 -0.990005 0
    outer loop
      vertex 13.9695 3.224 1.02
      vertex 14.1485 3.2495 3
      vertex 13.9695 3.224 3
    endloop
  endfacet
  facet normal 0.141034 -0.990005 0
    outer loop
      vertex 14.1485 3.2495 3
      vertex 13.9695 3.224 1.02
      vertex 14.1485 3.2495 1.02
    endloop
  endfacet
  facet normal -0.214342 -0.976759 0
    outer loop
      vertex 13.7257 3.2775 1.02
      vertex 13.9695 3.224 3
      vertex 13.7257 3.2775 3
    endloop
  endfacet
  facet normal -0.214342 -0.976759 -0
    outer loop
      vertex 13.9695 3.224 3
      vertex 13.7257 3.2775 1.02
      vertex 13.9695 3.224 1.02
    endloop
  endfacet
  facet normal -0.679681 -0.733508 0
    outer loop
      vertex 13.5525 3.43799 1.02
      vertex 13.7257 3.2775 3
      vertex 13.5525 3.43799 3
    endloop
  endfacet
  facet normal -0.679681 -0.733508 -0
    outer loop
      vertex 13.7257 3.2775 3
      vertex 13.5525 3.43799 1.02
      vertex 13.7257 3.2775 1.02
    endloop
  endfacet
  facet normal -0.934841 -0.355068 0
    outer loop
      vertex 13.5525 3.43799 1.02
      vertex 13.449 3.71049 3
      vertex 13.449 3.71049 1.02
    endloop
  endfacet
  facet normal -0.934841 -0.355068 0
    outer loop
      vertex 13.449 3.71049 3
      vertex 13.5525 3.43799 1.02
      vertex 13.5525 3.43799 3
    endloop
  endfacet
  facet normal -0.99606 -0.0886815 0
    outer loop
      vertex 13.449 3.71049 1.02
      vertex 13.4145 4.09799 3
      vertex 13.4145 4.09799 1.02
    endloop
  endfacet
  facet normal -0.99606 -0.0886815 0
    outer loop
      vertex 13.4145 4.09799 3
      vertex 13.449 3.71049 1.02
      vertex 13.449 3.71049 3
    endloop
  endfacet
  facet normal -0.996666 0.081589 0
    outer loop
      vertex 13.4145 4.09799 1.02
      vertex 13.447 4.495 3
      vertex 13.447 4.495 1.02
    endloop
  endfacet
  facet normal -0.996666 0.081589 0
    outer loop
      vertex 13.447 4.495 3
      vertex 13.4145 4.09799 1.02
      vertex 13.4145 4.09799 3
    endloop
  endfacet
  facet normal -0.937641 0.347605 0
    outer loop
      vertex 13.447 4.495 1.02
      vertex 13.5445 4.758 3
      vertex 13.5445 4.758 1.02
    endloop
  endfacet
  facet normal -0.937641 0.347605 0
    outer loop
      vertex 13.5445 4.758 3
      vertex 13.447 4.495 1.02
      vertex 13.447 4.495 3
    endloop
  endfacet
  facet normal -0.654083 0.756423 0
    outer loop
      vertex 13.7145 4.905 1.02
      vertex 13.5445 4.758 3
      vertex 13.7145 4.905 3
    endloop
  endfacet
  facet normal -0.654083 0.756423 0
    outer loop
      vertex 13.5445 4.758 3
      vertex 13.7145 4.905 1.02
      vertex 13.5445 4.758 1.02
    endloop
  endfacet
  facet normal -0.192303 0.981336 0
    outer loop
      vertex 13.9645 4.95399 1.02
      vertex 13.7145 4.905 3
      vertex 13.9645 4.95399 3
    endloop
  endfacet
  facet normal -0.192303 0.981336 0
    outer loop
      vertex 13.7145 4.905 3
      vertex 13.9645 4.95399 1.02
      vertex 13.7145 4.905 1.02
    endloop
  endfacet
  facet normal 0.148059 0.988979 -0
    outer loop
      vertex 14.1532 4.92574 1.02
      vertex 13.9645 4.95399 3
      vertex 14.1532 4.92574 3
    endloop
  endfacet
  facet normal 0.148059 0.988979 0
    outer loop
      vertex 13.9645 4.95399 3
      vertex 14.1532 4.92574 1.02
      vertex 13.9645 4.95399 1.02
    endloop
  endfacet
  facet normal 0.51705 0.855955 -0
    outer loop
      vertex 14.2935 4.84099 1.02
      vertex 14.1532 4.92574 3
      vertex 14.2935 4.84099 3
    endloop
  endfacet
  facet normal 0.51705 0.855955 0
    outer loop
      vertex 14.1532 4.92574 3
      vertex 14.2935 4.84099 1.02
      vertex 14.1532 4.92574 1.02
    endloop
  endfacet
  facet normal 0.816115 0.577889 0
    outer loop
      vertex 14.3875 4.70824 3
      vertex 14.2935 4.84099 1.02
      vertex 14.2935 4.84099 3
    endloop
  endfacet
  facet normal 0.816115 0.577889 0
    outer loop
      vertex 14.2935 4.84099 1.02
      vertex 14.3875 4.70824 3
      vertex 14.3875 4.70824 1.02
    endloop
  endfacet
  facet normal 0.960354 0.278784 0
    outer loop
      vertex 14.4375 4.536 3
      vertex 14.3875 4.70824 1.02
      vertex 14.3875 4.70824 3
    endloop
  endfacet
  facet normal 0.960354 0.278784 0
    outer loop
      vertex 14.3875 4.70824 1.02
      vertex 14.4375 4.536 3
      vertex 14.4375 4.536 1.02
    endloop
  endfacet
  facet normal -0.0768729 0.997041 0
    outer loop
      vertex 14.8135 4.56499 1.02
      vertex 14.4375 4.536 3
      vertex 14.8135 4.56499 3
    endloop
  endfacet
  facet normal -0.0768729 0.997041 0
    outer loop
      vertex 14.4375 4.536 3
      vertex 14.8135 4.56499 1.02
      vertex 14.4375 4.536 1.02
    endloop
  endfacet
  facet normal -0.943976 -0.330015 0
    outer loop
      vertex 14.8135 4.56499 1.02
      vertex 14.715 4.84674 3
      vertex 14.715 4.84674 1.02
    endloop
  endfacet
  facet normal -0.943976 -0.330015 0
    outer loop
      vertex 14.715 4.84674 3
      vertex 14.8135 4.56499 1.02
      vertex 14.8135 4.56499 3
    endloop
  endfacet
  facet normal -0.761536 -0.648123 0
    outer loop
      vertex 14.715 4.84674 1.02
      vertex 14.5335 5.06 3
      vertex 14.5335 5.06 1.02
    endloop
  endfacet
  facet normal -0.761536 -0.648123 0
    outer loop
      vertex 14.5335 5.06 3
      vertex 14.715 4.84674 1.02
      vertex 14.715 4.84674 3
    endloop
  endfacet
  facet normal -0.473947 -0.880553 0
    outer loop
      vertex 14.2827 5.19499 1.02
      vertex 14.5335 5.06 3
      vertex 14.2827 5.19499 3
    endloop
  endfacet
  facet normal -0.473947 -0.880553 -0
    outer loop
      vertex 14.5335 5.06 3
      vertex 14.2827 5.19499 1.02
      vertex 14.5335 5.06 1.02
    endloop
  endfacet
  facet normal -0.144477 -0.989508 0
    outer loop
      vertex 13.9745 5.23999 1.02
      vertex 14.2827 5.19499 3
      vertex 13.9745 5.23999 3
    endloop
  endfacet
  facet normal -0.144477 -0.989508 -0
    outer loop
      vertex 14.2827 5.19499 3
      vertex 13.9745 5.23999 1.02
      vertex 14.2827 5.19499 1.02
    endloop
  endfacet
  facet normal 0.180316 -0.983609 0
    outer loop
      vertex 13.5722 5.16624 1.02
      vertex 13.9745 5.23999 3
      vertex 13.5722 5.16624 3
    endloop
  endfacet
  facet normal 0.180316 -0.983609 0
    outer loop
      vertex 13.9745 5.23999 3
      vertex 13.5722 5.16624 1.02
      vertex 13.9745 5.23999 1.02
    endloop
  endfacet
  facet normal 0.597793 -0.801651 0
    outer loop
      vertex 13.2755 4.94499 1.02
      vertex 13.5722 5.16624 3
      vertex 13.2755 4.94499 3
    endloop
  endfacet
  facet normal 0.597793 -0.801651 0
    outer loop
      vertex 13.5722 5.16624 3
      vertex 13.2755 4.94499 1.02
      vertex 13.5722 5.16624 1.02
    endloop
  endfacet
  facet normal 0.892514 -0.45102 0
    outer loop
      vertex 13.0932 4.58424 3
      vertex 13.2755 4.94499 1.02
      vertex 13.2755 4.94499 3
    endloop
  endfacet
  facet normal 0.892514 -0.45102 0
    outer loop
      vertex 13.2755 4.94499 1.02
      vertex 13.0932 4.58424 3
      vertex 13.0932 4.58424 1.02
    endloop
  endfacet
  facet normal 0.992543 -0.121899 0
    outer loop
      vertex 13.0325 4.09 3
      vertex 13.0932 4.58424 1.02
      vertex 13.0932 4.58424 3
    endloop
  endfacet
  facet normal 0.992543 -0.121899 0
    outer loop
      vertex 13.0932 4.58424 1.02
      vertex 13.0325 4.09 3
      vertex 13.0325 4.09 1.02
    endloop
  endfacet
  facet normal 0.992687 0.120719 0
    outer loop
      vertex 13.093 3.5925 3
      vertex 13.0325 4.09 1.02
      vertex 13.0325 4.09 3
    endloop
  endfacet
  facet normal 0.992687 0.120719 0
    outer loop
      vertex 13.0325 4.09 1.02
      vertex 13.093 3.5925 3
      vertex 13.093 3.5925 1.02
    endloop
  endfacet
  facet normal 0.89418 0.447707 0
    outer loop
      vertex 13.2745 3.23 3
      vertex 13.093 3.5925 1.02
      vertex 13.093 3.5925 3
    endloop
  endfacet
  facet normal 0.89418 0.447707 0
    outer loop
      vertex 13.093 3.5925 1.02
      vertex 13.2745 3.23 3
      vertex 13.2745 3.23 1.02
    endloop
  endfacet
  facet normal 0.595471 0.803377 -0
    outer loop
      vertex 13.572 3.00949 1.02
      vertex 13.2745 3.23 3
      vertex 13.572 3.00949 3
    endloop
  endfacet
  facet normal 0.595471 0.803377 0
    outer loop
      vertex 13.2745 3.23 3
      vertex 13.572 3.00949 1.02
      vertex 13.2745 3.23 1.02
    endloop
  endfacet
  facet normal 0.177903 0.984048 -0
    outer loop
      vertex 13.9785 2.936 1.02
      vertex 13.572 3.00949 3
      vertex 13.9785 2.936 3
    endloop
  endfacet
  facet normal 0.177903 0.984048 0
    outer loop
      vertex 13.572 3.00949 3
      vertex 13.9785 2.936 1.02
      vertex 13.572 3.00949 1.02
    endloop
  endfacet
  facet normal -0.143396 0.989665 0
    outer loop
      vertex 14.2977 2.98225 1.02
      vertex 13.9785 2.936 3
      vertex 14.2977 2.98225 3
    endloop
  endfacet
  facet normal -0.143396 0.989665 0
    outer loop
      vertex 13.9785 2.936 3
      vertex 14.2977 2.98225 1.02
      vertex 13.9785 2.936 1.02
    endloop
  endfacet
endsolid OpenSCAD_Model
