solid OpenSCAD_Model
  facet normal -1 0 0
    outer loop
      vertex 0 6 0
      vertex 0 0 0
      vertex 0 6 25
    endloop
  endfacet
  facet normal -1 0 0
    outer loop
      vertex 0 21 0
      vertex 0 15 15
      vertex 0 21 15
    endloop
  endfacet
  facet normal -1 0 0
    outer loop
      vertex 0 9 25
      vertex 0 15 30.02
      vertex 0 15 15
    endloop
  endfacet
  facet normal -1 0 0
    outer loop
      vertex 0 9 0
      vertex 0 15 15
      vertex 0 21 0
    endloop
  endfacet
  facet normal -1 0 0
    outer loop
      vertex 0 9 25
      vertex 0 15 15
      vertex 0 9 0
    endloop
  endfacet
  facet normal -1 -0 0
    outer loop
      vertex 0 15 30.02
      vertex 0 9 25
      vertex 0 10.536 39
    endloop
  endfacet
  facet normal -1 0 0
    outer loop
      vertex 0 6 25
      vertex 0 10.536 39
      vertex 0 9 25
    endloop
  endfacet
  facet normal -1 0 0
    outer loop
      vertex 0 6 25
      vertex 0 0 39
      vertex 0 10.536 39
    endloop
  endfacet
  facet normal -1 0 0
    outer loop
      vertex 0 0 39
      vertex 0 6 25
      vertex 0 0 0
    endloop
  endfacet
  facet normal -1 0 0
    outer loop
      vertex 0 16.1624 31.832
      vertex 0 18.0864 32.452
      vertex 0 18.0177 31.9647
    endloop
  endfacet
  facet normal -1 0 0
    outer loop
      vertex 0 18.0864 32.452
      vertex 0 16.2394 33.112
      vertex 0 18.0204 32.9407
    endloop
  endfacet
  facet normal -1 0 0
    outer loop
      vertex 0 17.0664 31.255
      vertex 0 18.0177 31.9647
      vertex 0 17.8114 31.583
    endloop
  endfacet
  facet normal -1 0 -0
    outer loop
      vertex 0 17.0824 33.627
      vertex 0 18.0204 32.9407
      vertex 0 16.2394 33.112
    endloop
  endfacet
  facet normal -1 0 0
    outer loop
      vertex 0 17.0664 31.255
      vertex 0 17.8114 31.583
      vertex 0 17.4872 31.337
    endloop
  endfacet
  facet normal -1 0 0
    outer loop
      vertex 0 18.0204 32.9407
      vertex 0 17.0824 33.627
      vertex 0 17.8224 33.313
    endloop
  endfacet
  facet normal -1 0 0
    outer loop
      vertex 0 18.0177 31.9647
      vertex 0 17.0664 31.255
      vertex 0 16.1624 31.832
    endloop
  endfacet
  facet normal -1 0 0
    outer loop
      vertex 0 17.8224 33.313
      vertex 0 17.0824 33.627
      vertex 0 17.5054 33.5485
    endloop
  endfacet
  facet normal -1 0 0
    outer loop
      vertex 0 17.0824 33.627
      vertex 0 16.2394 33.112
      vertex 0 16.8002 33.5938
    endloop
  endfacet
  facet normal -1 0 0
    outer loop
      vertex 0 16.1624 31.832
      vertex 0 17.0664 31.255
      vertex 0 16.5399 31.3992
    endloop
  endfacet
  facet normal -1 0 0
    outer loop
      vertex 0 16.8002 33.5938
      vertex 0 16.2394 33.112
      vertex 0 16.5594 33.494
    endloop
  endfacet
  facet normal -1 0 0
    outer loop
      vertex 0 16.5594 33.494
      vertex 0 16.2394 33.112
      vertex 0 16.3694 33.3325
    endloop
  endfacet
  facet normal -1 -0 0
    outer loop
      vertex 0 18.0864 32.452
      vertex 0 16.1624 31.832
      vertex 0 16.2394 33.112
    endloop
  endfacet
  facet normal -1 0 0
    outer loop
      vertex 0 16.1624 31.832
      vertex 0 15.8724 33.234
      vertex 0 16.2394 33.112
    endloop
  endfacet
  facet normal -1 0 -0
    outer loop
      vertex 0 15.8724 33.234
      vertex 0 16.1624 31.832
      vertex 0 15.8454 31.677
    endloop
  endfacet
  facet normal -1 0 0
    outer loop
      vertex 0 25.6333 31.311
      vertex 0 27.0461 31.458
      vertex 0 27.1263 31.311
    endloop
  endfacet
  facet normal -1 -0 0
    outer loop
      vertex 0 27.0461 31.458
      vertex 0 25.6333 31.311
      vertex 0 26.9273 31.611
    endloop
  endfacet
  facet normal -1 -0 0
    outer loop
      vertex 0 26.9273 31.611
      vertex 0 25.6333 31.311
      vertex 0 26.7653 31.7762
    endloop
  endfacet
  facet normal -1 -0 0
    outer loop
      vertex 0 26.7653 31.7762
      vertex 0 25.6333 31.311
      vertex 0 26.5553 31.96
    endloop
  endfacet
  facet normal -1 -0 0
    outer loop
      vertex 0 26.5553 31.96
      vertex 0 25.6333 31.311
      vertex 0 26.1991 32.265
    endloop
  endfacet
  facet normal -1 -0 0
    outer loop
      vertex 0 25.7533 32.812
      vertex 0 24.2886 31
      vertex 0 25.6963 32.9795
    endloop
  endfacet
  facet normal -1 0 0
    outer loop
      vertex 0 24.2886 31
      vertex 0 25.7533 32.812
      vertex 0 25.6333 31.311
    endloop
  endfacet
  facet normal -1 -0 0
    outer loop
      vertex 0 25.8481 32.645
      vertex 0 25.6333 31.311
      vertex 0 25.7533 32.812
    endloop
  endfacet
  facet normal -1 -0 0
    outer loop
      vertex 0 25.9803 32.478
      vertex 0 25.6333 31.311
      vertex 0 25.8481 32.645
    endloop
  endfacet
  facet normal -1 -0 0
    outer loop
      vertex 0 26.1991 32.265
      vertex 0 25.6333 31.311
      vertex 0 25.9803 32.478
    endloop
  endfacet
  facet normal -1 0 0
    outer loop
      vertex 0 27.2753 31.683
      vertex 0 27.89 31.311
      vertex 0 27.4131 31.4847
    endloop
  endfacet
  facet normal -1 0 0
    outer loop
      vertex 0 27.89 31.311
      vertex 0 27.2753 31.683
      vertex 0 27.5123 33.195
    endloop
  endfacet
  facet normal -1 0 0
    outer loop
      vertex 0 27.1226 31.859
      vertex 0 27.5123 33.195
      vertex 0 27.2753 31.683
    endloop
  endfacet
  facet normal -1 0 0
    outer loop
      vertex 0 26.9623 32.017
      vertex 0 27.5123 33.195
      vertex 0 27.1226 31.859
    endloop
  endfacet
  facet normal -1 0 0
    outer loop
      vertex 0 27.5123 33.195
      vertex 0 26.9623 32.017
      vertex 0 27.1383 33.16
    endloop
  endfacet
  facet normal -1 0 0
    outer loop
      vertex 0 26.7983 32.1615
      vertex 0 27.1383 33.16
      vertex 0 26.9623 32.017
    endloop
  endfacet
  facet normal -1 0 0
    outer loop
      vertex 0 26.6363 32.295
      vertex 0 27.1383 33.16
      vertex 0 26.7983 32.1615
    endloop
  endfacet
  facet normal -1 0 0
    outer loop
      vertex 0 26.4823 32.4227
      vertex 0 27.1383 33.16
      vertex 0 26.6363 32.295
    endloop
  endfacet
  facet normal -1 0 0
    outer loop
      vertex 0 26.3443 32.55
      vertex 0 27.1383 33.16
      vertex 0 26.4823 32.4227
    endloop
  endfacet
  facet normal -1 0 0
    outer loop
      vertex 0 26.2268 32.681
      vertex 0 27.1383 33.16
      vertex 0 26.3443 32.55
    endloop
  endfacet
  facet normal -1 0 0
    outer loop
      vertex 0 26.1343 32.818
      vertex 0 27.1383 33.16
      vertex 0 26.2268 32.681
    endloop
  endfacet
  facet normal -1 0 0
    outer loop
      vertex 0 26.0736 32.968
      vertex 0 27.1383 33.16
      vertex 0 26.1343 32.818
    endloop
  endfacet
  facet normal -1 0 0
    outer loop
      vertex 0 27.1383 33.16
      vertex 0 26.7888 33.6112
      vertex 0 27.0811 33.3635
    endloop
  endfacet
  facet normal -1 0 0
    outer loop
      vertex 0 27.0811 33.3635
      vertex 0 26.7888 33.6112
      vertex 0 26.9613 33.516
    endloop
  endfacet
  facet normal -1 0 0
    outer loop
      vertex 0 27.1383 33.16
      vertex 0 26.5753 33.643
      vertex 0 26.7888 33.6112
    endloop
  endfacet
  facet normal -1 -0 0
    outer loop
      vertex 0 27.1383 33.16
      vertex 0 26.0736 32.968
      vertex 0 26.5753 33.643
    endloop
  endfacet
  facet normal -1 0 0
    outer loop
      vertex 0 26.0533 33.136
      vertex 0 26.5753 33.643
      vertex 0 26.0736 32.968
    endloop
  endfacet
  facet normal -1 0 -0
    outer loop
      vertex 0 26.0878 33.35
      vertex 0 26.3563 33.6097
      vertex 0 26.0533 33.136
    endloop
  endfacet
  facet normal -1 0 0
    outer loop
      vertex 0 26.5753 33.643
      vertex 0 26.0533 33.136
      vertex 0 26.3563 33.6097
    endloop
  endfacet
  facet normal -1 0 0
    outer loop
      vertex 0 26.3563 33.6097
      vertex 0 26.0878 33.35
      vertex 0 26.1913 33.51
    endloop
  endfacet
  facet normal -1 0 0
    outer loop
      vertex 0 27.5123 33.195
      vertex 0 28.586 31.311
      vertex 0 27.89 31.311
    endloop
  endfacet
  facet normal -1 0 0
    outer loop
      vertex 0 28.954 31.311
      vertex 0 29.6 33.048
      vertex 0 29.683 31.311
    endloop
  endfacet
  facet normal -1 -0 0
    outer loop
      vertex 0 29.6 33.048
      vertex 0 28.954 31.311
      vertex 0 28.954 33.531
    endloop
  endfacet
  facet normal -1 0 0
    outer loop
      vertex 0 30 30.02
      vertex 0 27.89 31
      vertex 0 29.683 31
    endloop
  endfacet
  facet normal -1 0 0
    outer loop
      vertex 0 27.5283 31.258
      vertex 0 27.89 31
      vertex 0 27.5283 31
    endloop
  endfacet
  facet normal -1 0 0
    outer loop
      vertex 0 30 30.02
      vertex 0 27.5283 31
      vertex 0 27.89 31
    endloop
  endfacet
  facet normal -1 0 0
    outer loop
      vertex 0 30 30.02
      vertex 0 25.6333 31
      vertex 0 27.5283 31
    endloop
  endfacet
  facet normal -1 0 0
    outer loop
      vertex 0 24.2886 31
      vertex 0 25.6333 31.311
      vertex 0 25.6333 31
    endloop
  endfacet
  facet normal -1 -0 0
    outer loop
      vertex 0 25.6963 32.9795
      vertex 0 24.2886 31
      vertex 0 25.4566 33.88
    endloop
  endfacet
  facet normal -1 0 0
    outer loop
      vertex 0 30 30.02
      vertex 0 24.2886 31
      vertex 0 25.6333 31
    endloop
  endfacet
  facet normal -1 0 0
    outer loop
      vertex 0 30 30.02
      vertex 0 23.8866 31
      vertex 0 24.2886 31
    endloop
  endfacet
  facet normal -1 0 0
    outer loop
      vertex 0 23.8866 31
      vertex 0 21.2889 31
      vertex 0 22.7186 33.88
    endloop
  endfacet
  facet normal -1 0 0
    outer loop
      vertex 0 30 30.02
      vertex 0 21.2889 31
      vertex 0 23.8866 31
    endloop
  endfacet
  facet normal -1 0 0
    outer loop
      vertex 0 15 30.02
      vertex 0 21.2889 31
      vertex 0 30 30.02
    endloop
  endfacet
  facet normal -1 0 0
    outer loop
      vertex 0 18.8681 32.052
      vertex 0 18.4804 32.452
      vertex 0 18.8249 32.47
    endloop
  endfacet
  facet normal -1 0 0
    outer loop
      vertex 0 18.4392 32.017
      vertex 0 18.8681 32.052
      vertex 0 18.9979 31.69
    endloop
  endfacet
  facet normal -1 -0 0
    outer loop
      vertex 0 18.8681 32.052
      vertex 0 18.4392 32.017
      vertex 0 18.4804 32.452
    endloop
  endfacet
  facet normal -1 0 0
    outer loop
      vertex 0 18.3154 31.644
      vertex 0 18.9979 31.69
      vertex 0 19.2061 31.395
    endloop
  endfacet
  facet normal -1 -0 0
    outer loop
      vertex 0 18.9979 31.69
      vertex 0 18.3154 31.644
      vertex 0 18.4392 32.017
    endloop
  endfacet
  facet normal -1 0 0
    outer loop
      vertex 0 18.1119 31.3422
      vertex 0 19.2061 31.395
      vertex 0 19.4869 31.178
    endloop
  endfacet
  facet normal -1 -0 0
    outer loop
      vertex 0 19.2061 31.395
      vertex 0 18.1119 31.3422
      vertex 0 18.3154 31.644
    endloop
  endfacet
  facet normal -1 0 0
    outer loop
      vertex 0 17.8334 31.119
      vertex 0 19.4869 31.178
      vertex 0 19.8281 31.0445
    endloop
  endfacet
  facet normal -1 -0 0
    outer loop
      vertex 0 19.4869 31.178
      vertex 0 17.8334 31.119
      vertex 0 18.1119 31.3422
    endloop
  endfacet
  facet normal -1 0 0
    outer loop
      vertex 0 15 30.02
      vertex 0 19.8281 31.0445
      vertex 0 20.2179 31
    endloop
  endfacet
  facet normal -1 -0 0
    outer loop
      vertex 0 21.2889 31
      vertex 0 15 30.02
      vertex 0 20.2179 31
    endloop
  endfacet
  facet normal -1 -0 0
    outer loop
      vertex 0 19.8281 31.0445
      vertex 0 17.4882 30.9818
      vertex 0 17.8334 31.119
    endloop
  endfacet
  facet normal -1 0 0
    outer loop
      vertex 0 19.8281 31.0445
      vertex 0 15 30.02
      vertex 0 17.4882 30.9818
    endloop
  endfacet
  facet normal -1 -0 0
    outer loop
      vertex 0 16.0582 31.3575
      vertex 0 15 30.02
      vertex 0 15.8454 31.677
    endloop
  endfacet
  facet normal -1 -0 0
    outer loop
      vertex 0 16.3424 31.125
      vertex 0 15 30.02
      vertex 0 16.0582 31.3575
    endloop
  endfacet
  facet normal -1 -0 0
    outer loop
      vertex 0 16.6879 30.9833
      vertex 0 15 30.02
      vertex 0 16.3424 31.125
    endloop
  endfacet
  facet normal -1 -0 0
    outer loop
      vertex 0 17.0844 30.936
      vertex 0 15 30.02
      vertex 0 16.6879 30.9833
    endloop
  endfacet
  facet normal -1 0 0
    outer loop
      vertex 0 17.4882 30.9818
      vertex 0 15 30.02
      vertex 0 17.0844 30.936
    endloop
  endfacet
  facet normal -1 0 0
    outer loop
      vertex 0 30 15
      vertex 0 36 25
      vertex 0 36 0
    endloop
  endfacet
  facet normal -1 0 0
    outer loop
      vertex 0 36 25
      vertex 0 30 30.02
      vertex 0 34.464 39
    endloop
  endfacet
  facet normal -1 0 0
    outer loop
      vertex 0 30 30.02
      vertex 0 36 25
      vertex 0 30 15
    endloop
  endfacet
  facet normal -1 0 0
    outer loop
      vertex 0 24 0
      vertex 0 30 15
      vertex 0 36 0
    endloop
  endfacet
  facet normal -1 -0 0
    outer loop
      vertex 0 30 15
      vertex 0 24 0
      vertex 0 24 15
    endloop
  endfacet
  facet normal -1 0 0
    outer loop
      vertex 0 39 25
      vertex 0 45 0
      vertex 0 39 0
    endloop
  endfacet
  facet normal -1 0 0
    outer loop
      vertex 0 45 0
      vertex 0 39 25
      vertex 0 45 39
    endloop
  endfacet
  facet normal -1 0 0
    outer loop
      vertex 0 34.464 39
      vertex 0 39 25
      vertex 0 36 25
    endloop
  endfacet
  facet normal -1 0 0
    outer loop
      vertex 0 39 25
      vertex 0 34.464 39
      vertex 0 45 39
    endloop
  endfacet
  facet normal -1 0 0
    outer loop
      vertex 0 29.683 31.311
      vertex 0 34.464 39
      vertex 0 30 30.02
    endloop
  endfacet
  facet normal -1 0 0
    outer loop
      vertex 0 29.683 31.311
      vertex 0 30 30.02
      vertex 0 29.683 31
    endloop
  endfacet
  facet normal -1 0 0
    outer loop
      vertex 0 34.464 39
      vertex 0 29.683 31.311
      vertex 0 29.6 33.048
    endloop
  endfacet
  facet normal -1 0 0
    outer loop
      vertex 0 29.6 33.393
      vertex 0 34.464 39
      vertex 0 29.6 33.048
    endloop
  endfacet
  facet normal -1 0 0
    outer loop
      vertex 0 28.923 33.88
      vertex 0 34.464 39
      vertex 0 29.6 33.393
    endloop
  endfacet
  facet normal -1 0 0
    outer loop
      vertex 0 28.586 33.88
      vertex 0 34.464 39
      vertex 0 28.923 33.88
    endloop
  endfacet
  facet normal -1 -0 0
    outer loop
      vertex 0 34.464 39
      vertex 0 28.586 33.88
      vertex 0 34.464 42
    endloop
  endfacet
  facet normal -1 0 0
    outer loop
      vertex 0 27.89 31
      vertex 0 27.5283 31.258
      vertex 0 27.89 31.311
    endloop
  endfacet
  facet normal -1 0 0
    outer loop
      vertex 0 27.4131 31.4847
      vertex 0 27.89 31.311
      vertex 0 27.5283 31.258
    endloop
  endfacet
  facet normal -1 0 0
    outer loop
      vertex 0 28.586 31.311
      vertex 0 27.5123 33.195
      vertex 0 28.586 33.88
    endloop
  endfacet
  facet normal -1 0 0
    outer loop
      vertex 0 27.4188 33.503
      vertex 0 28.586 33.88
      vertex 0 27.5123 33.195
    endloop
  endfacet
  facet normal -1 0 0
    outer loop
      vertex 0 27.2203 33.741
      vertex 0 28.586 33.88
      vertex 0 27.4188 33.503
    endloop
  endfacet
  facet normal -1 0 0
    outer loop
      vertex 0 26.9336 33.8932
      vertex 0 28.586 33.88
      vertex 0 27.2203 33.741
    endloop
  endfacet
  facet normal -1 0 0
    outer loop
      vertex 0 28.586 33.88
      vertex 0 26.9336 33.8932
      vertex 0 34.464 42
    endloop
  endfacet
  facet normal -1 0 0
    outer loop
      vertex 0 26.5753 33.944
      vertex 0 34.464 42
      vertex 0 26.9336 33.8932
    endloop
  endfacet
  facet normal -1 0 0
    outer loop
      vertex 0 25.4566 33.88
      vertex 0 26.5753 33.944
      vertex 0 26.1926 33.8922
    endloop
  endfacet
  facet normal -1 0 0
    outer loop
      vertex 0 25.4566 33.88
      vertex 0 26.1926 33.8922
      vertex 0 25.9103 33.737
    endloop
  endfacet
  facet normal -1 0 0
    outer loop
      vertex 0 25.6963 32.9795
      vertex 0 25.4566 33.88
      vertex 0 25.6773 33.148
    endloop
  endfacet
  facet normal -1 0 0
    outer loop
      vertex 0 25.4566 33.88
      vertex 0 25.7356 33.4862
      vertex 0 25.6773 33.148
    endloop
  endfacet
  facet normal -1 0 0
    outer loop
      vertex 0 25.4566 33.88
      vertex 0 25.9103 33.737
      vertex 0 25.7356 33.4862
    endloop
  endfacet
  facet normal -1 -0 0
    outer loop
      vertex 0 26.5753 33.944
      vertex 0 25.4566 33.88
      vertex 0 34.464 42
    endloop
  endfacet
  facet normal -1 0 0
    outer loop
      vertex 0 25.0476 33.88
      vertex 0 34.464 42
      vertex 0 25.4566 33.88
    endloop
  endfacet
  facet normal -1 0 0
    outer loop
      vertex 0 23.9146 31.85
      vertex 0 24.2556 31.85
      vertex 0 24.0856 31.341
    endloop
  endfacet
  facet normal -1 0 0
    outer loop
      vertex 0 23.9146 31.85
      vertex 0 25.0476 33.88
      vertex 0 24.2556 31.85
    endloop
  endfacet
  facet normal -1 0 0
    outer loop
      vertex 0 23.1266 33.88
      vertex 0 25.0476 33.88
      vertex 0 23.9146 31.85
    endloop
  endfacet
  facet normal -1 0 0
    outer loop
      vertex 0 23.1266 33.88
      vertex 0 34.464 42
      vertex 0 25.0476 33.88
    endloop
  endfacet
  facet normal -1 0 0
    outer loop
      vertex 0 22.7186 33.88
      vertex 0 34.464 42
      vertex 0 23.1266 33.88
    endloop
  endfacet
  facet normal -1 0 0
    outer loop
      vertex 0 21.2889 33.88
      vertex 0 22.7186 33.88
      vertex 0 21.2889 31
    endloop
  endfacet
  facet normal -1 0 0
    outer loop
      vertex 0 10.536 42
      vertex 0 22.7186 33.88
      vertex 0 21.2889 33.88
    endloop
  endfacet
  facet normal -1 0 0
    outer loop
      vertex 0 10.536 42
      vertex 0 21.2889 33.88
      vertex 0 20.3419 33.88
    endloop
  endfacet
  facet normal -1 0 0
    outer loop
      vertex 0 10.536 42
      vertex 0 20.3419 33.88
      vertex 0 19.6979 33.7882
    endloop
  endfacet
  facet normal -1 0 0
    outer loop
      vertex 0 18.3882 33.076
      vertex 0 18.8249 32.47
      vertex 0 18.4804 32.452
    endloop
  endfacet
  facet normal -1 0 0
    outer loop
      vertex 0 18.8249 32.47
      vertex 0 18.3882 33.076
      vertex 0 18.9236 33.0687
    endloop
  endfacet
  facet normal -1 0 0
    outer loop
      vertex 0 18.1114 33.548
      vertex 0 18.9236 33.0687
      vertex 0 18.3882 33.076
    endloop
  endfacet
  facet normal -1 0 0
    outer loop
      vertex 0 18.9236 33.0687
      vertex 0 18.1114 33.548
      vertex 0 19.2199 33.513
    endloop
  endfacet
  facet normal -1 0 0
    outer loop
      vertex 0 17.6704 33.845
      vertex 0 19.2199 33.513
      vertex 0 18.1114 33.548
    endloop
  endfacet
  facet normal -1 0 0
    outer loop
      vertex 0 19.2199 33.513
      vertex 0 17.6704 33.845
      vertex 0 19.6979 33.7882
    endloop
  endfacet
  facet normal -1 0 0
    outer loop
      vertex 0 10.536 42
      vertex 0 19.6979 33.7882
      vertex 0 17.6704 33.845
    endloop
  endfacet
  facet normal -1 0 0
    outer loop
      vertex 0 10.536 42
      vertex 0 17.6704 33.845
      vertex 0 17.0874 33.944
    endloop
  endfacet
  facet normal -1 0 0
    outer loop
      vertex 0 10.536 39
      vertex 0 17.0874 33.944
      vertex 0 16.6679 33.8992
    endloop
  endfacet
  facet normal -1 0 0
    outer loop
      vertex 0 10.536 39
      vertex 0 16.6679 33.8992
      vertex 0 16.3234 33.765
    endloop
  endfacet
  facet normal -1 0 0
    outer loop
      vertex 0 15 30.02
      vertex 0 15.8724 33.234
      vertex 0 15.8454 31.677
    endloop
  endfacet
  facet normal -1 0 0
    outer loop
      vertex 0 10.536 39
      vertex 0 15.8724 33.234
      vertex 0 15 30.02
    endloop
  endfacet
  facet normal -1 0 0
    outer loop
      vertex 0 10.536 39
      vertex 0 16.0572 33.5427
      vertex 0 15.8724 33.234
    endloop
  endfacet
  facet normal -1 0 0
    outer loop
      vertex 0 10.536 39
      vertex 0 16.3234 33.765
      vertex 0 16.0572 33.5427
    endloop
  endfacet
  facet normal -1 0 0
    outer loop
      vertex 0 17.0874 33.944
      vertex 0 10.536 39
      vertex 0 10.536 42
    endloop
  endfacet
  facet normal -1 0 0
    outer loop
      vertex 0 22.7186 33.88
      vertex 0 10.536 42
      vertex 0 34.464 42
    endloop
  endfacet
  facet normal -1 0 0
    outer loop
      vertex 0 20.9009 31.311
      vertex 0 20.3509 33.569
      vertex 0 20.9009 33.569
    endloop
  endfacet
  facet normal -1 0 0
    outer loop
      vertex 0 20.2629 31.311
      vertex 0 20.3509 33.569
      vertex 0 20.9009 31.311
    endloop
  endfacet
  facet normal -1 0 0
    outer loop
      vertex 0 19.2469 32.1367
      vertex 0 20.2629 31.311
      vertex 0 19.9671 31.3457
    endloop
  endfacet
  facet normal -1 0 0
    outer loop
      vertex 0 20.2629 31.311
      vertex 0 19.2149 32.47
      vertex 0 20.3509 33.569
    endloop
  endfacet
  facet normal -1 0 0
    outer loop
      vertex 0 19.3429 31.851
      vertex 0 19.9671 31.3457
      vertex 0 19.7099 31.45
    endloop
  endfacet
  facet normal -1 0 0
    outer loop
      vertex 0 20.3509 33.569
      vertex 0 19.2149 32.47
      vertex 0 19.8634 33.4985
    endloop
  endfacet
  facet normal -1 0 0
    outer loop
      vertex 0 19.3429 31.851
      vertex 0 19.7099 31.45
      vertex 0 19.4986 31.6197
    endloop
  endfacet
  facet normal -1 0 0
    outer loop
      vertex 0 19.9671 31.3457
      vertex 0 19.3429 31.851
      vertex 0 19.2469 32.1367
    endloop
  endfacet
  facet normal -1 0 -0
    outer loop
      vertex 0 19.2879 32.9422
      vertex 0 19.8634 33.4985
      vertex 0 19.2149 32.47
    endloop
  endfacet
  facet normal -1 0 0
    outer loop
      vertex 0 20.2629 31.311
      vertex 0 19.2469 32.1367
      vertex 0 19.2149 32.47
    endloop
  endfacet
  facet normal -1 0 0
    outer loop
      vertex 0 19.8634 33.4985
      vertex 0 19.2879 32.9422
      vertex 0 19.5069 33.287
    endloop
  endfacet
  facet normal 0 0 1
    outer loop
      vertex 77.7556 41.9411 42
      vertex 12.5 40 42
      vertex 77.5 40 42
    endloop
  endfacet
  facet normal 0 0 1
    outer loop
      vertex 12.2444 41.9411 42
      vertex 77.7556 41.9411 42
      vertex 78.5048 43.75 42
    endloop
  endfacet
  facet normal 0 0 1
    outer loop
      vertex 11.4952 43.75 42
      vertex 78.5048 43.75 42
      vertex 79.464 45 42
    endloop
  endfacet
  facet normal 0 0 1
    outer loop
      vertex 77.7556 41.9411 42
      vertex 12.2444 41.9411 42
      vertex 12.5 40 42
    endloop
  endfacet
  facet normal 0 0 1
    outer loop
      vertex 78.5048 43.75 42
      vertex 11.4952 43.75 42
      vertex 12.2444 41.9411 42
    endloop
  endfacet
  facet normal 0 -0 1
    outer loop
      vertex 11.4952 43.75 42
      vertex 79.464 45 42
      vertex 10.536 45 42
    endloop
  endfacet
  facet normal -0 0 1
    outer loop
      vertex 88.75 33.5048 42
      vertex 90 10.536 42
      vertex 90 34.464 42
    endloop
  endfacet
  facet normal 0 0 1
    outer loop
      vertex 88.75 33.5048 42
      vertex 88.75 11.4952 42
      vertex 90 10.536 42
    endloop
  endfacet
  facet normal -0 0 1
    outer loop
      vertex 86.9411 32.7556 42
      vertex 88.75 11.4952 42
      vertex 88.75 33.5048 42
    endloop
  endfacet
  facet normal 0 0 1
    outer loop
      vertex 86.9411 32.7556 42
      vertex 86.9411 12.2444 42
      vertex 88.75 11.4952 42
    endloop
  endfacet
  facet normal 0 0 1
    outer loop
      vertex 82.5 30 42
      vertex 86.9411 32.7556 42
      vertex 85 32.5 42
    endloop
  endfacet
  facet normal 0 0 1
    outer loop
      vertex 86.9411 32.7556 42
      vertex 82.5 30 42
      vertex 86.9411 12.2444 42
    endloop
  endfacet
  facet normal 0 0 1
    outer loop
      vertex 82.5 30 42
      vertex 85 32.5 42
      vertex 83.0589 32.7556 42
    endloop
  endfacet
  facet normal -0 0 1
    outer loop
      vertex 82.5 15 42
      vertex 86.9411 12.2444 42
      vertex 82.5 30 42
    endloop
  endfacet
  facet normal 0 0 1
    outer loop
      vertex 86.9411 12.2444 42
      vertex 82.5 15 42
      vertex 85 12.5 42
    endloop
  endfacet
  facet normal 0 0 1
    outer loop
      vertex 81.25 33.5048 42
      vertex 82.5 30 42
      vertex 83.0589 32.7556 42
    endloop
  endfacet
  facet normal 0 0 1
    outer loop
      vertex 79.6967 34.6967 42
      vertex 82.5 30 42
      vertex 81.25 33.5048 42
    endloop
  endfacet
  facet normal 0 0 1
    outer loop
      vertex 78.5048 36.25 42
      vertex 82.5 30 42
      vertex 79.6967 34.6967 42
    endloop
  endfacet
  facet normal -0 0 1
    outer loop
      vertex 12.5 40 42
      vertex 77.7556 38.0589 42
      vertex 77.5 40 42
    endloop
  endfacet
  facet normal 0 0 1
    outer loop
      vertex 12.2444 38.0589 42
      vertex 77.7556 38.0589 42
      vertex 12.5 40 42
    endloop
  endfacet
  facet normal 0 0 1
    outer loop
      vertex 77.7556 38.0589 42
      vertex 12.2444 38.0589 42
      vertex 78.5048 36.25 42
    endloop
  endfacet
  facet normal 0 0 1
    outer loop
      vertex 11.4952 36.25 42
      vertex 78.5048 36.25 42
      vertex 12.2444 38.0589 42
    endloop
  endfacet
  facet normal 0 0 1
    outer loop
      vertex 78.5048 36.25 42
      vertex 11.4952 36.25 42
      vertex 82.5 30 42
    endloop
  endfacet
  facet normal 0 0 1
    outer loop
      vertex 7.5 30 42
      vertex 11.4952 36.25 42
      vertex 10.3033 34.6967 42
    endloop
  endfacet
  facet normal 0 0 1
    outer loop
      vertex 7.5 30 42
      vertex 10.3033 34.6967 42
      vertex 8.75 33.5048 42
    endloop
  endfacet
  facet normal 0 0 1
    outer loop
      vertex 11.4952 36.25 42
      vertex 7.5 30 42
      vertex 82.5 30 42
    endloop
  endfacet
  facet normal -0 0 1
    outer loop
      vertex 5 32.5 42
      vertex 7.5 30 42
      vertex 6.94114 32.7556 42
    endloop
  endfacet
  facet normal -0 0 1
    outer loop
      vertex 6.94114 32.7556 42
      vertex 7.5 30 42
      vertex 8.75 33.5048 42
    endloop
  endfacet
  facet normal 0 0 1
    outer loop
      vertex 85 12.5 42
      vertex 82.5 15 42
      vertex 83.0589 12.2444 42
    endloop
  endfacet
  facet normal 0 0 1
    outer loop
      vertex 82.5 15 42
      vertex 81.25 11.4952 42
      vertex 83.0589 12.2444 42
    endloop
  endfacet
  facet normal 0 0 1
    outer loop
      vertex 82.5 15 42
      vertex 79.6967 10.3033 42
      vertex 81.25 11.4952 42
    endloop
  endfacet
  facet normal 0 0 1
    outer loop
      vertex 82.5 15 42
      vertex 78.5048 8.75 42
      vertex 79.6967 10.3033 42
    endloop
  endfacet
  facet normal 0 0 1
    outer loop
      vertex 77.7556 6.94114 42
      vertex 12.5 5 42
      vertex 77.5 5 42
    endloop
  endfacet
  facet normal 0 0 1
    outer loop
      vertex 12.2444 6.94114 42
      vertex 77.7556 6.94114 42
      vertex 78.5048 8.75 42
    endloop
  endfacet
  facet normal 0 0 1
    outer loop
      vertex 11.4952 8.75 42
      vertex 78.5048 8.75 42
      vertex 82.5 15 42
    endloop
  endfacet
  facet normal 0 0 1
    outer loop
      vertex 77.7556 6.94114 42
      vertex 12.2444 6.94114 42
      vertex 12.5 5 42
    endloop
  endfacet
  facet normal 0 0 1
    outer loop
      vertex 78.5048 8.75 42
      vertex 11.4952 8.75 42
      vertex 12.2444 6.94114 42
    endloop
  endfacet
  facet normal -0 0 1
    outer loop
      vertex 7.5 15 42
      vertex 11.4952 8.75 42
      vertex 82.5 15 42
    endloop
  endfacet
  facet normal 0 0 1
    outer loop
      vertex 11.4952 8.75 42
      vertex 7.5 15 42
      vertex 10.3033 10.3033 42
    endloop
  endfacet
  facet normal 0 0 1
    outer loop
      vertex 10.3033 10.3033 42
      vertex 7.5 15 42
      vertex 8.75 11.4952 42
    endloop
  endfacet
  facet normal 0 0 1
    outer loop
      vertex 7.5 15 42
      vertex 6.94114 12.2444 42
      vertex 8.75 11.4952 42
    endloop
  endfacet
  facet normal 0 0 1
    outer loop
      vertex 3.05886 32.7556 42
      vertex 7.5 30 42
      vertex 5 32.5 42
    endloop
  endfacet
  facet normal 0 0 1
    outer loop
      vertex 7.5 30 42
      vertex 3.05886 32.7556 42
      vertex 7.5 15 42
    endloop
  endfacet
  facet normal 0 0 1
    outer loop
      vertex 7.5 15 42
      vertex 5 12.5 42
      vertex 6.94114 12.2444 42
    endloop
  endfacet
  facet normal 0 0 1
    outer loop
      vertex 3.05886 12.2444 42
      vertex 7.5 15 42
      vertex 3.05886 32.7556 42
    endloop
  endfacet
  facet normal 0 0 1
    outer loop
      vertex 7.5 15 42
      vertex 3.05886 12.2444 42
      vertex 5 12.5 42
    endloop
  endfacet
  facet normal 0 0 1
    outer loop
      vertex 1.25 33.5048 42
      vertex 3.05886 12.2444 42
      vertex 3.05886 32.7556 42
    endloop
  endfacet
  facet normal 0 0 1
    outer loop
      vertex 1.25 33.5048 42
      vertex 1.25 11.4952 42
      vertex 3.05886 12.2444 42
    endloop
  endfacet
  facet normal 0 0 1
    outer loop
      vertex 0 34.464 42
      vertex 1.25 11.4952 42
      vertex 1.25 33.5048 42
    endloop
  endfacet
  facet normal 0 0 1
    outer loop
      vertex 1.25 11.4952 42
      vertex 0 34.464 42
      vertex 0 10.536 42
    endloop
  endfacet
  facet normal -0 0 1
    outer loop
      vertex 12.5 5 42
      vertex 77.7556 3.05886 42
      vertex 77.5 5 42
    endloop
  endfacet
  facet normal 0 0 1
    outer loop
      vertex 12.2444 3.05886 42
      vertex 77.7556 3.05886 42
      vertex 12.5 5 42
    endloop
  endfacet
  facet normal 0 0 1
    outer loop
      vertex 77.7556 3.05886 42
      vertex 12.2444 3.05886 42
      vertex 78.5048 1.25 42
    endloop
  endfacet
  facet normal 0 0 1
    outer loop
      vertex 11.4952 1.25 42
      vertex 78.5048 1.25 42
      vertex 12.2444 3.05886 42
    endloop
  endfacet
  facet normal 0 0 1
    outer loop
      vertex 78.5048 1.25 42
      vertex 11.4952 1.25 42
      vertex 79.464 0 42
    endloop
  endfacet
  facet normal 0 0 1
    outer loop
      vertex 79.464 0 42
      vertex 11.4952 1.25 42
      vertex 10.536 0 42
    endloop
  endfacet
  facet normal 0 0 -1
    outer loop
      vertex 3.30933 24.1418 0
      vertex 4.1 37.5 0
      vertex 4.1 22.5 0
    endloop
  endfacet
  facet normal 0 0 -1
    outer loop
      vertex 3.30933 24.1418 0
      vertex 3.30933 35.8582 0
      vertex 4.1 37.5 0
    endloop
  endfacet
  facet normal 0 0 -1
    outer loop
      vertex 1.53271 24.5473 0
      vertex 3.30933 35.8582 0
      vertex 3.30933 24.1418 0
    endloop
  endfacet
  facet normal 0 0 -1
    outer loop
      vertex 1.53271 24.5473 0
      vertex 1.53271 35.4527 0
      vertex 3.30933 35.8582 0
    endloop
  endfacet
  facet normal 0 0 -1
    outer loop
      vertex 0 24 0
      vertex 1.53271 24.5473 0
      vertex 0.846352 24 0
    endloop
  endfacet
  facet normal -0 0 -1
    outer loop
      vertex 1.53271 24.5473 0
      vertex 0 24 0
      vertex 1.53271 35.4527 0
    endloop
  endfacet
  facet normal 0 0 -1
    outer loop
      vertex 0 36 0
      vertex 1.53271 35.4527 0
      vertex 0 24 0
    endloop
  endfacet
  facet normal 0 0 -1
    outer loop
      vertex 1.53271 35.4527 0
      vertex 0 36 0
      vertex 0.846351 36 0
    endloop
  endfacet
  facet normal 0 0 -1
    outer loop
      vertex 3.30933 9.14185 0
      vertex 4.1 22.5 0
      vertex 4.1 7.5 0
    endloop
  endfacet
  facet normal 0 0 -1
    outer loop
      vertex 3.30933 9.14185 0
      vertex 3.30933 20.8582 0
      vertex 4.1 22.5 0
    endloop
  endfacet
  facet normal 0 0 -1
    outer loop
      vertex 1.53271 9.54735 0
      vertex 3.30933 20.8582 0
      vertex 3.30933 9.14185 0
    endloop
  endfacet
  facet normal 0 0 -1
    outer loop
      vertex 1.53271 9.54735 0
      vertex 1.53271 20.4527 0
      vertex 3.30933 20.8582 0
    endloop
  endfacet
  facet normal 0 0 -1
    outer loop
      vertex 0 9 0
      vertex 1.53271 9.54735 0
      vertex 0.846352 9 0
    endloop
  endfacet
  facet normal -0 0 -1
    outer loop
      vertex 1.53271 9.54735 0
      vertex 0 9 0
      vertex 1.53271 20.4527 0
    endloop
  endfacet
  facet normal 0 0 -1
    outer loop
      vertex 0 21 0
      vertex 1.53271 20.4527 0
      vertex 0 9 0
    endloop
  endfacet
  facet normal 0 0 -1
    outer loop
      vertex 1.53271 20.4527 0
      vertex 0 21 0
      vertex 0.846351 21 0
    endloop
  endfacet
  facet normal 0 0 -1
    outer loop
      vertex 6 0 0
      vertex 5.60796 1.08884 0
      vertex 6 0.776206 0
    endloop
  endfacet
  facet normal 0 0 -1
    outer loop
      vertex 0 0 0
      vertex 5.60796 2.91116 0
      vertex 5.60796 1.08884 0
    endloop
  endfacet
  facet normal 0 0 -1
    outer loop
      vertex 5.60796 2.91116 0
      vertex 4.1 22.5 0
      vertex 5.60796 42.0888 0
    endloop
  endfacet
  facet normal 0 0 -1
    outer loop
      vertex 5.60796 2.91116 0
      vertex 4.1 7.5 0
      vertex 4.1 22.5 0
    endloop
  endfacet
  facet normal 0 0 -1
    outer loop
      vertex 5.60796 2.91116 0
      vertex 3.30933 5.85815 0
      vertex 4.1 7.5 0
    endloop
  endfacet
  facet normal 0 0 -1
    outer loop
      vertex 0 0 0
      vertex 5.60796 1.08884 0
      vertex 6 0 0
    endloop
  endfacet
  facet normal 0 0 -1
    outer loop
      vertex 5.60796 2.91116 0
      vertex 1.53271 5.45265 0
      vertex 3.30933 5.85815 0
    endloop
  endfacet
  facet normal -0 0 -1
    outer loop
      vertex 5.60796 2.91116 0
      vertex 0 0 0
      vertex 1.53271 5.45265 0
    endloop
  endfacet
  facet normal 0 0 -1
    outer loop
      vertex 0 6 0
      vertex 1.53271 5.45265 0
      vertex 0 0 0
    endloop
  endfacet
  facet normal 0 0 -1
    outer loop
      vertex 1.53271 5.45265 0
      vertex 0 6 0
      vertex 0.846351 6 0
    endloop
  endfacet
  facet normal 0 0 -1
    outer loop
      vertex 22.0327 40.9527 0
      vertex 9.6 43 0
      vertex 20.608 42.0888 0
    endloop
  endfacet
  facet normal 0 0 -1
    outer loop
      vertex 22.0327 40.9527 0
      vertex 8.80933 41.3582 0
      vertex 9.6 43 0
    endloop
  endfacet
  facet normal 0 0 -1
    outer loop
      vertex 7.03271 4.04735 0
      vertex 8.80933 41.3582 0
      vertex 8.80933 3.64185 0
    endloop
  endfacet
  facet normal 0 0 -1
    outer loop
      vertex 7.03271 4.04735 0
      vertex 7.03271 40.9527 0
      vertex 8.80933 41.3582 0
    endloop
  endfacet
  facet normal 0 0 -1
    outer loop
      vertex 5.60796 2.91116 0
      vertex 7.03271 40.9527 0
      vertex 7.03271 4.04735 0
    endloop
  endfacet
  facet normal -0 0 -1
    outer loop
      vertex 7.03271 40.9527 0
      vertex 5.60796 2.91116 0
      vertex 5.60796 42.0888 0
    endloop
  endfacet
  facet normal 0 0 -1
    outer loop
      vertex 21 0 0
      vertex 20.608 1.08884 0
      vertex 21 0.776206 0
    endloop
  endfacet
  facet normal 0 0 -1
    outer loop
      vertex 9.6 2 0
      vertex 20.608 2.91116 0
      vertex 20.608 1.08884 0
    endloop
  endfacet
  facet normal 0 0 -1
    outer loop
      vertex 8.80933 3.64185 0
      vertex 20.608 2.91116 0
      vertex 9.6 2 0
    endloop
  endfacet
  facet normal 0 0 -1
    outer loop
      vertex 8.80933 41.3582 0
      vertex 22.0327 40.9527 0
      vertex 8.80933 3.64185 0
    endloop
  endfacet
  facet normal 0 0 -1
    outer loop
      vertex 9 0 0
      vertex 20.608 1.08884 0
      vertex 21 0 0
    endloop
  endfacet
  facet normal -0 0 -1
    outer loop
      vertex 20.608 1.08884 0
      vertex 9 0 0
      vertex 9.6 2 0
    endloop
  endfacet
  facet normal 0 0 -1
    outer loop
      vertex 9.6 2 0
      vertex 9 0 0
      vertex 9 0.754088 0
    endloop
  endfacet
  facet normal 0 0 -1
    outer loop
      vertex 37.0327 40.9527 0
      vertex 24.6 43 0
      vertex 35.608 42.0888 0
    endloop
  endfacet
  facet normal 0 0 -1
    outer loop
      vertex 37.0327 40.9527 0
      vertex 23.8093 41.3582 0
      vertex 24.6 43 0
    endloop
  endfacet
  facet normal 0 0 -1
    outer loop
      vertex 22.0327 4.04735 0
      vertex 23.8093 41.3582 0
      vertex 23.8093 3.64185 0
    endloop
  endfacet
  facet normal 0 0 -1
    outer loop
      vertex 22.0327 4.04735 0
      vertex 22.0327 40.9527 0
      vertex 23.8093 41.3582 0
    endloop
  endfacet
  facet normal 0 0 -1
    outer loop
      vertex 8.80933 3.64185 0
      vertex 22.0327 4.04735 0
      vertex 20.608 2.91116 0
    endloop
  endfacet
  facet normal -0 0 -1
    outer loop
      vertex 22.0327 4.04735 0
      vertex 8.80933 3.64185 0
      vertex 22.0327 40.9527 0
    endloop
  endfacet
  facet normal 0 0 -1
    outer loop
      vertex 36 0 0
      vertex 35.608 1.08884 0
      vertex 36 0.776206 0
    endloop
  endfacet
  facet normal 0 0 -1
    outer loop
      vertex 24.6 2 0
      vertex 35.608 2.91116 0
      vertex 35.608 1.08884 0
    endloop
  endfacet
  facet normal 0 0 -1
    outer loop
      vertex 23.8093 3.64185 0
      vertex 35.608 2.91116 0
      vertex 24.6 2 0
    endloop
  endfacet
  facet normal 0 0 -1
    outer loop
      vertex 23.8093 41.3582 0
      vertex 37.0327 40.9527 0
      vertex 23.8093 3.64185 0
    endloop
  endfacet
  facet normal 0 0 -1
    outer loop
      vertex 24 0 0
      vertex 35.608 1.08884 0
      vertex 36 0 0
    endloop
  endfacet
  facet normal -0 0 -1
    outer loop
      vertex 35.608 1.08884 0
      vertex 24 0 0
      vertex 24.6 2 0
    endloop
  endfacet
  facet normal 0 0 -1
    outer loop
      vertex 24.6 2 0
      vertex 24 0 0
      vertex 24 0.754088 0
    endloop
  endfacet
  facet normal 0 0 -1
    outer loop
      vertex 52.0327 40.9527 0
      vertex 39.6 43 0
      vertex 50.608 42.0888 0
    endloop
  endfacet
  facet normal 0 0 -1
    outer loop
      vertex 52.0327 40.9527 0
      vertex 38.8093 41.3582 0
      vertex 39.6 43 0
    endloop
  endfacet
  facet normal 0 0 -1
    outer loop
      vertex 37.0327 4.04735 0
      vertex 38.8093 41.3582 0
      vertex 38.8093 3.64185 0
    endloop
  endfacet
  facet normal 0 0 -1
    outer loop
      vertex 37.0327 4.04735 0
      vertex 37.0327 40.9527 0
      vertex 38.8093 41.3582 0
    endloop
  endfacet
  facet normal 0 0 -1
    outer loop
      vertex 23.8093 3.64185 0
      vertex 37.0327 4.04735 0
      vertex 35.608 2.91116 0
    endloop
  endfacet
  facet normal -0 0 -1
    outer loop
      vertex 37.0327 4.04735 0
      vertex 23.8093 3.64185 0
      vertex 37.0327 40.9527 0
    endloop
  endfacet
  facet normal 0 0 -1
    outer loop
      vertex 51 0 0
      vertex 50.608 1.08884 0
      vertex 51 0.776206 0
    endloop
  endfacet
  facet normal 0 0 -1
    outer loop
      vertex 39.6 2 0
      vertex 50.608 2.91116 0
      vertex 50.608 1.08884 0
    endloop
  endfacet
  facet normal 0 0 -1
    outer loop
      vertex 38.8093 3.64185 0
      vertex 50.608 2.91116 0
      vertex 39.6 2 0
    endloop
  endfacet
  facet normal 0 0 -1
    outer loop
      vertex 38.8093 41.3582 0
      vertex 52.0327 40.9527 0
      vertex 38.8093 3.64185 0
    endloop
  endfacet
  facet normal 0 0 -1
    outer loop
      vertex 39 0 0
      vertex 50.608 1.08884 0
      vertex 51 0 0
    endloop
  endfacet
  facet normal -0 0 -1
    outer loop
      vertex 50.608 1.08884 0
      vertex 39 0 0
      vertex 39.6 2 0
    endloop
  endfacet
  facet normal 0 0 -1
    outer loop
      vertex 39.6 2 0
      vertex 39 0 0
      vertex 39 0.754088 0
    endloop
  endfacet
  facet normal 0 0 -1
    outer loop
      vertex 67.0327 40.9527 0
      vertex 54.6 43 0
      vertex 65.608 42.0888 0
    endloop
  endfacet
  facet normal 0 0 -1
    outer loop
      vertex 67.0327 40.9527 0
      vertex 53.8093 41.3582 0
      vertex 54.6 43 0
    endloop
  endfacet
  facet normal 0 0 -1
    outer loop
      vertex 52.0327 4.04735 0
      vertex 53.8093 41.3582 0
      vertex 53.8093 3.64185 0
    endloop
  endfacet
  facet normal 0 0 -1
    outer loop
      vertex 52.0327 4.04735 0
      vertex 52.0327 40.9527 0
      vertex 53.8093 41.3582 0
    endloop
  endfacet
  facet normal 0 0 -1
    outer loop
      vertex 38.8093 3.64185 0
      vertex 52.0327 4.04735 0
      vertex 50.608 2.91116 0
    endloop
  endfacet
  facet normal -0 0 -1
    outer loop
      vertex 52.0327 4.04735 0
      vertex 38.8093 3.64185 0
      vertex 52.0327 40.9527 0
    endloop
  endfacet
  facet normal 0 0 -1
    outer loop
      vertex 66 0 0
      vertex 65.608 1.08884 0
      vertex 66 0.776206 0
    endloop
  endfacet
  facet normal 0 0 -1
    outer loop
      vertex 54.6 2 0
      vertex 65.608 2.91116 0
      vertex 65.608 1.08884 0
    endloop
  endfacet
  facet normal 0 0 -1
    outer loop
      vertex 53.8093 3.64185 0
      vertex 65.608 2.91116 0
      vertex 54.6 2 0
    endloop
  endfacet
  facet normal 0 0 -1
    outer loop
      vertex 53.8093 41.3582 0
      vertex 67.0327 40.9527 0
      vertex 53.8093 3.64185 0
    endloop
  endfacet
  facet normal 0 0 -1
    outer loop
      vertex 54 0 0
      vertex 65.608 1.08884 0
      vertex 66 0 0
    endloop
  endfacet
  facet normal -0 0 -1
    outer loop
      vertex 65.608 1.08884 0
      vertex 54 0 0
      vertex 54.6 2 0
    endloop
  endfacet
  facet normal 0 0 -1
    outer loop
      vertex 54.6 2 0
      vertex 54 0 0
      vertex 54 0.754088 0
    endloop
  endfacet
  facet normal 0 0 -1
    outer loop
      vertex 86.108 23.4112 0
      vertex 69.6 43 0
      vertex 80.608 42.0888 0
    endloop
  endfacet
  facet normal 0 0 -1
    outer loop
      vertex 86.108 23.4112 0
      vertex 68.8093 41.3582 0
      vertex 69.6 43 0
    endloop
  endfacet
  facet normal 0 0 -1
    outer loop
      vertex 67.0327 40.9527 0
      vertex 86.108 23.4112 0
      vertex 67.0327 4.04735 0
    endloop
  endfacet
  facet normal 0 0 -1
    outer loop
      vertex 86.108 23.4112 0
      vertex 67.0327 40.9527 0
      vertex 68.8093 41.3582 0
    endloop
  endfacet
  facet normal 0 0 -1
    outer loop
      vertex 53.8093 3.64185 0
      vertex 67.0327 4.04735 0
      vertex 65.608 2.91116 0
    endloop
  endfacet
  facet normal -0 0 -1
    outer loop
      vertex 67.0327 4.04735 0
      vertex 53.8093 3.64185 0
      vertex 67.0327 40.9527 0
    endloop
  endfacet
  facet normal 0 0 -1
    outer loop
      vertex 81 0 0
      vertex 80.608 1.08884 0
      vertex 81 0.776206 0
    endloop
  endfacet
  facet normal 0 0 -1
    outer loop
      vertex 69.6 2 0
      vertex 80.608 2.91116 0
      vertex 80.608 1.08884 0
    endloop
  endfacet
  facet normal 0 0 -1
    outer loop
      vertex 68.8093 3.64185 0
      vertex 80.608 2.91116 0
      vertex 69.6 2 0
    endloop
  endfacet
  facet normal -0 0 -1
    outer loop
      vertex 86.108 21.5888 0
      vertex 67.0327 4.04735 0
      vertex 86.108 23.4112 0
    endloop
  endfacet
  facet normal 0 0 -1
    outer loop
      vertex 69 0 0
      vertex 80.608 1.08884 0
      vertex 81 0 0
    endloop
  endfacet
  facet normal -0 0 -1
    outer loop
      vertex 80.608 1.08884 0
      vertex 69 0 0
      vertex 69.6 2 0
    endloop
  endfacet
  facet normal 0 0 -1
    outer loop
      vertex 69.6 2 0
      vertex 69 0 0
      vertex 69 0.754088 0
    endloop
  endfacet
  facet normal 0 0 -1
    outer loop
      vertex 68.8093 3.64185 0
      vertex 82.0327 4.04735 0
      vertex 80.608 2.91116 0
    endloop
  endfacet
  facet normal 0 0 -1
    outer loop
      vertex 86.108 23.4112 0
      vertex 83.8093 41.3582 0
      vertex 84.6 43 0
    endloop
  endfacet
  facet normal -0 0 -1
    outer loop
      vertex 86.108 8.41116 0
      vertex 68.8093 3.64185 0
      vertex 86.108 21.5888 0
    endloop
  endfacet
  facet normal 0 0 -1
    outer loop
      vertex 86.108 23.4112 0
      vertex 82.0327 40.9527 0
      vertex 83.8093 41.3582 0
    endloop
  endfacet
  facet normal 0 0 -1
    outer loop
      vertex 67.0327 4.04735 0
      vertex 86.108 21.5888 0
      vertex 68.8093 3.64185 0
    endloop
  endfacet
  facet normal 0 0 -1
    outer loop
      vertex 86.108 23.4112 0
      vertex 80.608 42.0888 0
      vertex 82.0327 40.9527 0
    endloop
  endfacet
  facet normal 0 0 -1
    outer loop
      vertex 89.3093 5.85815 0
      vertex 90 6 0
      vertex 90 0 0
    endloop
  endfacet
  facet normal -0 0 -1
    outer loop
      vertex 90 6 0
      vertex 89.3093 5.85815 0
      vertex 89.3776 6 0
    endloop
  endfacet
  facet normal 0 0 -1
    outer loop
      vertex 90 0 0
      vertex 87.5327 5.45265 0
      vertex 89.3093 5.85815 0
    endloop
  endfacet
  facet normal 0 0 -1
    outer loop
      vertex 84.6 2 0
      vertex 87.5327 5.45265 0
      vertex 90 0 0
    endloop
  endfacet
  facet normal -0 0 -1
    outer loop
      vertex 87.5327 5.45265 0
      vertex 83.8093 3.64185 0
      vertex 86.108 6.58884 0
    endloop
  endfacet
  facet normal 0 0 -1
    outer loop
      vertex 82.0327 4.04735 0
      vertex 86.108 6.58884 0
      vertex 83.8093 3.64185 0
    endloop
  endfacet
  facet normal -0 0 -1
    outer loop
      vertex 86.108 6.58884 0
      vertex 82.0327 4.04735 0
      vertex 86.108 8.41116 0
    endloop
  endfacet
  facet normal 0 0 -1
    outer loop
      vertex 68.8093 3.64185 0
      vertex 86.108 8.41116 0
      vertex 82.0327 4.04735 0
    endloop
  endfacet
  facet normal 0 0 -1
    outer loop
      vertex 86.108 23.4112 0
      vertex 84.6 43 0
      vertex 86.108 36.5888 0
    endloop
  endfacet
  facet normal 0 0 -1
    outer loop
      vertex 83.8093 3.64185 0
      vertex 87.5327 5.45265 0
      vertex 84.6 2 0
    endloop
  endfacet
  facet normal 0 0 -1
    outer loop
      vertex 84 0 0
      vertex 84.6 2 0
      vertex 90 0 0
    endloop
  endfacet
  facet normal 0 0 -1
    outer loop
      vertex 84.6 2 0
      vertex 84 0 0
      vertex 84 0.754088 0
    endloop
  endfacet
  facet normal 0 0 -1
    outer loop
      vertex 89.3093 9.14185 0
      vertex 90 9 0
      vertex 89.3776 9 0
    endloop
  endfacet
  facet normal 0 0 -1
    outer loop
      vertex 90 9 0
      vertex 89.3093 9.14185 0
      vertex 90 21 0
    endloop
  endfacet
  facet normal 0 0 -1
    outer loop
      vertex 89.3093 20.8582 0
      vertex 90 21 0
      vertex 89.3093 9.14185 0
    endloop
  endfacet
  facet normal -0 0 -1
    outer loop
      vertex 90 21 0
      vertex 89.3093 20.8582 0
      vertex 89.3776 21 0
    endloop
  endfacet
  facet normal 0 0 -1
    outer loop
      vertex 87.5327 9.54735 0
      vertex 89.3093 20.8582 0
      vertex 89.3093 9.14185 0
    endloop
  endfacet
  facet normal 0 0 -1
    outer loop
      vertex 87.5327 9.54735 0
      vertex 87.5327 20.4527 0
      vertex 89.3093 20.8582 0
    endloop
  endfacet
  facet normal 0 0 -1
    outer loop
      vertex 86.108 8.41116 0
      vertex 87.5327 20.4527 0
      vertex 87.5327 9.54735 0
    endloop
  endfacet
  facet normal -0 0 -1
    outer loop
      vertex 87.5327 20.4527 0
      vertex 86.108 8.41116 0
      vertex 86.108 21.5888 0
    endloop
  endfacet
  facet normal 0 0 -1
    outer loop
      vertex 89.3093 24.1418 0
      vertex 90 24 0
      vertex 89.3776 24 0
    endloop
  endfacet
  facet normal 0 0 -1
    outer loop
      vertex 90 24 0
      vertex 89.3093 24.1418 0
      vertex 90 36 0
    endloop
  endfacet
  facet normal 0 0 -1
    outer loop
      vertex 89.3093 35.8582 0
      vertex 90 36 0
      vertex 89.3093 24.1418 0
    endloop
  endfacet
  facet normal -0 0 -1
    outer loop
      vertex 90 36 0
      vertex 89.3093 35.8582 0
      vertex 89.3776 36 0
    endloop
  endfacet
  facet normal 0 0 -1
    outer loop
      vertex 87.5327 24.5473 0
      vertex 89.3093 35.8582 0
      vertex 89.3093 24.1418 0
    endloop
  endfacet
  facet normal 0 0 -1
    outer loop
      vertex 87.5327 24.5473 0
      vertex 87.5327 35.4527 0
      vertex 89.3093 35.8582 0
    endloop
  endfacet
  facet normal 0 0 -1
    outer loop
      vertex 86.108 23.4112 0
      vertex 87.5327 35.4527 0
      vertex 87.5327 24.5473 0
    endloop
  endfacet
  facet normal -0 0 -1
    outer loop
      vertex 87.5327 35.4527 0
      vertex 86.108 23.4112 0
      vertex 86.108 36.5888 0
    endloop
  endfacet
  facet normal 0 0 -1
    outer loop
      vertex 89.3093 39.1418 0
      vertex 90 39 0
      vertex 89.3776 39 0
    endloop
  endfacet
  facet normal 0 0 -1
    outer loop
      vertex 90 39 0
      vertex 89.3093 39.1418 0
      vertex 90 45 0
    endloop
  endfacet
  facet normal 0 0 -1
    outer loop
      vertex 87.5327 39.5473 0
      vertex 90 45 0
      vertex 89.3093 39.1418 0
    endloop
  endfacet
  facet normal 0 0 -1
    outer loop
      vertex 84.6 43 0
      vertex 87.5327 39.5473 0
      vertex 86.108 38.4112 0
    endloop
  endfacet
  facet normal 0 0 -1
    outer loop
      vertex 86.108 36.5888 0
      vertex 84.6 43 0
      vertex 86.108 38.4112 0
    endloop
  endfacet
  facet normal 0 0 -1
    outer loop
      vertex 87.5327 39.5473 0
      vertex 84.6 43 0
      vertex 90 45 0
    endloop
  endfacet
  facet normal 0 0 -1
    outer loop
      vertex 84 45 0
      vertex 84.6 43 0
      vertex 84 44.2459 0
    endloop
  endfacet
  facet normal 0 0 -1
    outer loop
      vertex 84.6 43 0
      vertex 84 45 0
      vertex 90 45 0
    endloop
  endfacet
  facet normal 0 0 -1
    outer loop
      vertex 80.608 43.9112 0
      vertex 81 45 0
      vertex 81 44.2238 0
    endloop
  endfacet
  facet normal 0 0 -1
    outer loop
      vertex 80.608 42.0888 0
      vertex 69.6 43 0
      vertex 80.608 43.9112 0
    endloop
  endfacet
  facet normal 0 0 -1
    outer loop
      vertex 69 45 0
      vertex 80.608 43.9112 0
      vertex 69.6 43 0
    endloop
  endfacet
  facet normal 0 0 -1
    outer loop
      vertex 69 45 0
      vertex 69.6 43 0
      vertex 69 44.2459 0
    endloop
  endfacet
  facet normal 0 0 -1
    outer loop
      vertex 80.608 43.9112 0
      vertex 69 45 0
      vertex 81 45 0
    endloop
  endfacet
  facet normal 0 0 -1
    outer loop
      vertex 65.608 43.9112 0
      vertex 66 45 0
      vertex 66 44.2238 0
    endloop
  endfacet
  facet normal 0 0 -1
    outer loop
      vertex 65.608 42.0888 0
      vertex 54.6 43 0
      vertex 65.608 43.9112 0
    endloop
  endfacet
  facet normal 0 0 -1
    outer loop
      vertex 54 45 0
      vertex 65.608 43.9112 0
      vertex 54.6 43 0
    endloop
  endfacet
  facet normal 0 0 -1
    outer loop
      vertex 54 45 0
      vertex 54.6 43 0
      vertex 54 44.2459 0
    endloop
  endfacet
  facet normal 0 0 -1
    outer loop
      vertex 65.608 43.9112 0
      vertex 54 45 0
      vertex 66 45 0
    endloop
  endfacet
  facet normal 0 0 -1
    outer loop
      vertex 50.608 43.9112 0
      vertex 51 45 0
      vertex 51 44.2238 0
    endloop
  endfacet
  facet normal 0 0 -1
    outer loop
      vertex 50.608 42.0888 0
      vertex 39.6 43 0
      vertex 50.608 43.9112 0
    endloop
  endfacet
  facet normal 0 0 -1
    outer loop
      vertex 39 45 0
      vertex 50.608 43.9112 0
      vertex 39.6 43 0
    endloop
  endfacet
  facet normal 0 0 -1
    outer loop
      vertex 39 45 0
      vertex 39.6 43 0
      vertex 39 44.2459 0
    endloop
  endfacet
  facet normal 0 0 -1
    outer loop
      vertex 50.608 43.9112 0
      vertex 39 45 0
      vertex 51 45 0
    endloop
  endfacet
  facet normal 0 0 -1
    outer loop
      vertex 35.608 43.9112 0
      vertex 36 45 0
      vertex 36 44.2238 0
    endloop
  endfacet
  facet normal 0 0 -1
    outer loop
      vertex 35.608 42.0888 0
      vertex 24.6 43 0
      vertex 35.608 43.9112 0
    endloop
  endfacet
  facet normal 0 0 -1
    outer loop
      vertex 24 45 0
      vertex 35.608 43.9112 0
      vertex 24.6 43 0
    endloop
  endfacet
  facet normal 0 0 -1
    outer loop
      vertex 24 45 0
      vertex 24.6 43 0
      vertex 24 44.2459 0
    endloop
  endfacet
  facet normal 0 0 -1
    outer loop
      vertex 35.608 43.9112 0
      vertex 24 45 0
      vertex 36 45 0
    endloop
  endfacet
  facet normal 0 0 -1
    outer loop
      vertex 20.608 43.9112 0
      vertex 21 45 0
      vertex 21 44.2238 0
    endloop
  endfacet
  facet normal 0 0 -1
    outer loop
      vertex 20.608 42.0888 0
      vertex 9.6 43 0
      vertex 20.608 43.9112 0
    endloop
  endfacet
  facet normal 0 0 -1
    outer loop
      vertex 9 45 0
      vertex 20.608 43.9112 0
      vertex 9.6 43 0
    endloop
  endfacet
  facet normal 0 0 -1
    outer loop
      vertex 9 45 0
      vertex 9.6 43 0
      vertex 9 44.2459 0
    endloop
  endfacet
  facet normal 0 0 -1
    outer loop
      vertex 20.608 43.9112 0
      vertex 9 45 0
      vertex 21 45 0
    endloop
  endfacet
  facet normal 0 0 -1
    outer loop
      vertex 5.60796 43.9112 0
      vertex 6 45 0
      vertex 6 44.2238 0
    endloop
  endfacet
  facet normal 0 0 -1
    outer loop
      vertex 4.1 37.5 0
      vertex 5.60796 42.0888 0
      vertex 4.1 22.5 0
    endloop
  endfacet
  facet normal 0 0 -1
    outer loop
      vertex 3.30933 39.1418 0
      vertex 5.60796 42.0888 0
      vertex 4.1 37.5 0
    endloop
  endfacet
  facet normal 0 0 -1
    outer loop
      vertex 1.53271 39.5473 0
      vertex 5.60796 42.0888 0
      vertex 3.30933 39.1418 0
    endloop
  endfacet
  facet normal 0 0 -1
    outer loop
      vertex 0 45 0
      vertex 5.60796 42.0888 0
      vertex 1.53271 39.5473 0
    endloop
  endfacet
  facet normal 0 0 -1
    outer loop
      vertex 5.60796 42.0888 0
      vertex 0 45 0
      vertex 5.60796 43.9112 0
    endloop
  endfacet
  facet normal 0 0 -1
    outer loop
      vertex 0 39 0
      vertex 1.53271 39.5473 0
      vertex 0.846352 39 0
    endloop
  endfacet
  facet normal -0 0 -1
    outer loop
      vertex 1.53271 39.5473 0
      vertex 0 39 0
      vertex 0 45 0
    endloop
  endfacet
  facet normal 0 0 -1
    outer loop
      vertex 5.60796 43.9112 0
      vertex 0 45 0
      vertex 6 45 0
    endloop
  endfacet
  facet normal 0 -1 0
    outer loop
      vertex 69 0 0
      vertex 81 0 25
      vertex 69 0 25
    endloop
  endfacet
  facet normal 0 -1 -0
    outer loop
      vertex 81 0 25
      vertex 69 0 0
      vertex 81 0 0
    endloop
  endfacet
  facet normal 0 -1 0
    outer loop
      vertex 54 0 0
      vertex 66 0 25
      vertex 54 0 25
    endloop
  endfacet
  facet normal 0 -1 -0
    outer loop
      vertex 66 0 25
      vertex 54 0 0
      vertex 66 0 0
    endloop
  endfacet
  facet normal 0 -1 0
    outer loop
      vertex 39 0 0
      vertex 51 0 25
      vertex 39 0 25
    endloop
  endfacet
  facet normal 0 -1 -0
    outer loop
      vertex 51 0 25
      vertex 39 0 0
      vertex 51 0 0
    endloop
  endfacet
  facet normal 0 -1 0
    outer loop
      vertex 24 0 0
      vertex 36 0 25
      vertex 24 0 25
    endloop
  endfacet
  facet normal 0 -1 -0
    outer loop
      vertex 36 0 25
      vertex 24 0 0
      vertex 36 0 0
    endloop
  endfacet
  facet normal 0 -1 0
    outer loop
      vertex 9 0 0
      vertex 21 0 25
      vertex 9 0 25
    endloop
  endfacet
  facet normal 0 -1 -0
    outer loop
      vertex 21 0 25
      vertex 9 0 0
      vertex 21 0 0
    endloop
  endfacet
  facet normal 0 -1 0
    outer loop
      vertex 6 0 25
      vertex 10.536 0 39
      vertex 0 0 39
    endloop
  endfacet
  facet normal 0 -1 0
    outer loop
      vertex 10.536 0 39
      vertex 39 0 25
      vertex 79.464 0 39
    endloop
  endfacet
  facet normal 0 -1 0
    outer loop
      vertex 10.536 0 39
      vertex 6 0 25
      vertex 9 0 25
    endloop
  endfacet
  facet normal 0 -1 0
    outer loop
      vertex 0 0 0
      vertex 6 0 25
      vertex 0 0 39
    endloop
  endfacet
  facet normal 0 -1 -0
    outer loop
      vertex 6 0 25
      vertex 0 0 0
      vertex 6 0 0
    endloop
  endfacet
  facet normal 0 -1 0
    outer loop
      vertex 10.536 0 39
      vertex 79.464 0 42
      vertex 10.536 0 42
    endloop
  endfacet
  facet normal 0 -1 -0
    outer loop
      vertex 79.464 0 42
      vertex 10.536 0 39
      vertex 79.464 0 39
    endloop
  endfacet
  facet normal 0 -1 -0
    outer loop
      vertex 10.536 0 39
      vertex 9 0 25
      vertex 21 0 25
    endloop
  endfacet
  facet normal 0 -1 0
    outer loop
      vertex 10.536 0 39
      vertex 21 0 25
      vertex 24 0 25
    endloop
  endfacet
  facet normal 0 -1 0
    outer loop
      vertex 10.536 0 39
      vertex 24 0 25
      vertex 36 0 25
    endloop
  endfacet
  facet normal 0 -1 0
    outer loop
      vertex 10.536 0 39
      vertex 36 0 25
      vertex 39 0 25
    endloop
  endfacet
  facet normal 0 -1 0
    outer loop
      vertex 51 0 25
      vertex 79.464 0 39
      vertex 39 0 25
    endloop
  endfacet
  facet normal 0 -1 0
    outer loop
      vertex 54 0 25
      vertex 79.464 0 39
      vertex 51 0 25
    endloop
  endfacet
  facet normal 0 -1 0
    outer loop
      vertex 66 0 25
      vertex 79.464 0 39
      vertex 54 0 25
    endloop
  endfacet
  facet normal 0 -1 0
    outer loop
      vertex 69 0 25
      vertex 79.464 0 39
      vertex 66 0 25
    endloop
  endfacet
  facet normal 0 -1 0
    outer loop
      vertex 81 0 25
      vertex 79.464 0 39
      vertex 69 0 25
    endloop
  endfacet
  facet normal 0 -1 0
    outer loop
      vertex 84 0 25
      vertex 79.464 0 39
      vertex 81 0 25
    endloop
  endfacet
  facet normal 0 -1 0
    outer loop
      vertex 79.464 0 39
      vertex 84 0 25
      vertex 90 0 39
    endloop
  endfacet
  facet normal 0 -1 0
    outer loop
      vertex 90 0 0
      vertex 84 0 25
      vertex 84 0 0
    endloop
  endfacet
  facet normal 0 -1 0
    outer loop
      vertex 84 0 25
      vertex 90 0 0
      vertex 90 0 39
    endloop
  endfacet
  facet normal -0.90097 -0.433882 0
    outer loop
      vertex 9.6 2 0
      vertex 8.80933 3.64185 25
      vertex 8.80933 3.64185 0
    endloop
  endfacet
  facet normal -0.90097 -0.433882 0
    outer loop
      vertex 8.80933 3.64185 25
      vertex 9.6 2 0
      vertex 9.6 2 25
    endloop
  endfacet
  facet normal 1 -0 0
    outer loop
      vertex 5.60796 1.08884 25
      vertex 5.60796 2.91116 0
      vertex 5.60796 2.91116 25
    endloop
  endfacet
  facet normal 1 0 0
    outer loop
      vertex 5.60796 2.91116 0
      vertex 5.60796 1.08884 25
      vertex 5.60796 1.08884 0
    endloop
  endfacet
  facet normal 0.623486 -0.781834 0
    outer loop
      vertex 5.60796 2.91116 0
      vertex 7.03271 4.04735 25
      vertex 5.60796 2.91116 25
    endloop
  endfacet
  facet normal 0.623486 -0.781834 0
    outer loop
      vertex 7.03271 4.04735 25
      vertex 5.60796 2.91116 0
      vertex 7.03271 4.04735 0
    endloop
  endfacet
  facet normal -0.22252 -0.974928 0
    outer loop
      vertex 7.03271 4.04735 0
      vertex 8.80933 3.64185 25
      vertex 7.03271 4.04735 25
    endloop
  endfacet
  facet normal -0.22252 -0.974928 -0
    outer loop
      vertex 8.80933 3.64185 25
      vertex 7.03271 4.04735 0
      vertex 8.80933 3.64185 0
    endloop
  endfacet
  facet normal -0.900969 0.433884 0
    outer loop
      vertex 9 0.754088 0
      vertex 9.6 2 25
      vertex 9.6 2 0
    endloop
  endfacet
  facet normal -0.900969 0.433884 0
    outer loop
      vertex 9.6 2 25
      vertex 9 0.754088 0
      vertex 9 0.754088 25
    endloop
  endfacet
  facet normal 0.623481 0.781839 -0
    outer loop
      vertex 6 0.776206 0
      vertex 5.60796 1.08884 25
      vertex 6 0.776206 25
    endloop
  endfacet
  facet normal 0.623481 0.781839 0
    outer loop
      vertex 5.60796 1.08884 25
      vertex 6 0.776206 0
      vertex 5.60796 1.08884 0
    endloop
  endfacet
  facet normal -0.90097 -0.433882 0
    outer loop
      vertex 4.1 7.5 0
      vertex 3.30933 9.14185 25
      vertex 3.30933 9.14185 0
    endloop
  endfacet
  facet normal -0.90097 -0.433882 0
    outer loop
      vertex 3.30933 9.14185 25
      vertex 4.1 7.5 0
      vertex 4.1 7.5 25
    endloop
  endfacet
  facet normal 0.623488 -0.781833 0
    outer loop
      vertex 0.846352 9 0
      vertex 1.53271 9.54735 25
      vertex 0.846352 9 25
    endloop
  endfacet
  facet normal 0.623488 -0.781833 0
    outer loop
      vertex 1.53271 9.54735 25
      vertex 0.846352 9 0
      vertex 1.53271 9.54735 0
    endloop
  endfacet
  facet normal -0.22252 -0.974928 0
    outer loop
      vertex 1.53271 9.54735 0
      vertex 3.30933 9.14185 25
      vertex 1.53271 9.54735 25
    endloop
  endfacet
  facet normal -0.22252 -0.974928 -0
    outer loop
      vertex 3.30933 9.14185 25
      vertex 1.53271 9.54735 0
      vertex 3.30933 9.14185 0
    endloop
  endfacet
  facet normal -0.90097 0.433882 0
    outer loop
      vertex 3.30933 5.85815 0
      vertex 4.1 7.5 25
      vertex 4.1 7.5 0
    endloop
  endfacet
  facet normal -0.90097 0.433882 0
    outer loop
      vertex 4.1 7.5 25
      vertex 3.30933 5.85815 0
      vertex 3.30933 5.85815 25
    endloop
  endfacet
  facet normal 0.623488 0.781833 -0
    outer loop
      vertex 1.53271 5.45265 0
      vertex 0.846351 6 25
      vertex 1.53271 5.45265 25
    endloop
  endfacet
  facet normal 0.623488 0.781833 0
    outer loop
      vertex 0.846351 6 25
      vertex 1.53271 5.45265 0
      vertex 0.846351 6 0
    endloop
  endfacet
  facet normal -0.22252 0.974928 0
    outer loop
      vertex 3.30933 5.85815 0
      vertex 1.53271 5.45265 25
      vertex 3.30933 5.85815 25
    endloop
  endfacet
  facet normal -0.22252 0.974928 0
    outer loop
      vertex 1.53271 5.45265 25
      vertex 3.30933 5.85815 0
      vertex 1.53271 5.45265 0
    endloop
  endfacet
  facet normal 1 -0 0
    outer loop
      vertex 6 0 25
      vertex 6 0.776206 0
      vertex 6 0.776206 25
    endloop
  endfacet
  facet normal 1 0 0
    outer loop
      vertex 6 0.776206 0
      vertex 6 0 25
      vertex 6 0 0
    endloop
  endfacet
  facet normal -1 0 0
    outer loop
      vertex 9 0 0
      vertex 9 0.754088 25
      vertex 9 0.754088 0
    endloop
  endfacet
  facet normal -1 -0 0
    outer loop
      vertex 9 0.754088 25
      vertex 9 0 0
      vertex 9 0 25
    endloop
  endfacet
  facet normal 0 -1 0
    outer loop
      vertex 0 9 0
      vertex 0.846352 9 25
      vertex 0 9 25
    endloop
  endfacet
  facet normal 0 -1 -0
    outer loop
      vertex 0.846352 9 25
      vertex 0 9 0
      vertex 0.846352 9 0
    endloop
  endfacet
  facet normal 0 1 -0
    outer loop
      vertex 0.846351 6 0
      vertex 0 6 25
      vertex 0.846351 6 25
    endloop
  endfacet
  facet normal 0 1 0
    outer loop
      vertex 0 6 25
      vertex 0.846351 6 0
      vertex 0 6 0
    endloop
  endfacet
  facet normal -0.900964 -0.433893 0
    outer loop
      vertex 4.1 22.5 0
      vertex 3.30933 24.1418 15
      vertex 3.30933 24.1418 0
    endloop
  endfacet
  facet normal -0.900964 -0.433893 0
    outer loop
      vertex 3.30933 24.1418 15
      vertex 4.1 22.5 0
      vertex 4.1 22.5 15
    endloop
  endfacet
  facet normal 0.623453 -0.78186 0
    outer loop
      vertex 0.846352 24 0
      vertex 1.53271 24.5473 15
      vertex 0.846352 24 15
    endloop
  endfacet
  facet normal 0.623453 -0.78186 0
    outer loop
      vertex 1.53271 24.5473 15
      vertex 0.846352 24 0
      vertex 1.53271 24.5473 0
    endloop
  endfacet
  facet normal -0.22252 -0.974928 0
    outer loop
      vertex 1.53271 24.5473 0
      vertex 3.30933 24.1418 15
      vertex 1.53271 24.5473 15
    endloop
  endfacet
  facet normal -0.22252 -0.974928 -0
    outer loop
      vertex 3.30933 24.1418 15
      vertex 1.53271 24.5473 0
      vertex 3.30933 24.1418 0
    endloop
  endfacet
  facet normal -0.900964 0.433893 0
    outer loop
      vertex 3.30933 20.8582 0
      vertex 4.1 22.5 15
      vertex 4.1 22.5 0
    endloop
  endfacet
  facet normal -0.900964 0.433893 0
    outer loop
      vertex 4.1 22.5 15
      vertex 3.30933 20.8582 0
      vertex 3.30933 20.8582 15
    endloop
  endfacet
  facet normal 0.623453 0.781861 -0
    outer loop
      vertex 1.53271 20.4527 0
      vertex 0.846351 21 15
      vertex 1.53271 20.4527 15
    endloop
  endfacet
  facet normal 0.623453 0.781861 0
    outer loop
      vertex 0.846351 21 15
      vertex 1.53271 20.4527 0
      vertex 0.846351 21 0
    endloop
  endfacet
  facet normal -0.22252 0.974928 0
    outer loop
      vertex 3.30933 20.8582 0
      vertex 1.53271 20.4527 15
      vertex 3.30933 20.8582 15
    endloop
  endfacet
  facet normal -0.22252 0.974928 0
    outer loop
      vertex 1.53271 20.4527 15
      vertex 3.30933 20.8582 0
      vertex 1.53271 20.4527 0
    endloop
  endfacet
  facet normal 0 -1 0
    outer loop
      vertex 0 24 0
      vertex 0.846352 24 15
      vertex 0 24 15
    endloop
  endfacet
  facet normal 0 -1 -0
    outer loop
      vertex 0.846352 24 15
      vertex 0 24 0
      vertex 0.846352 24 0
    endloop
  endfacet
  facet normal 0 1 -0
    outer loop
      vertex 0.846351 21 0
      vertex 0 21 15
      vertex 0.846351 21 15
    endloop
  endfacet
  facet normal 0 1 0
    outer loop
      vertex 0 21 15
      vertex 0.846351 21 0
      vertex 0 21 0
    endloop
  endfacet
  facet normal 0 1 -0
    outer loop
      vertex 21 45 0
      vertex 9 45 25
      vertex 21 45 25
    endloop
  endfacet
  facet normal 0 1 0
    outer loop
      vertex 9 45 25
      vertex 21 45 0
      vertex 9 45 0
    endloop
  endfacet
  facet normal 0 1 -0
    outer loop
      vertex 36 45 0
      vertex 24 45 25
      vertex 36 45 25
    endloop
  endfacet
  facet normal 0 1 0
    outer loop
      vertex 24 45 25
      vertex 36 45 0
      vertex 24 45 0
    endloop
  endfacet
  facet normal 0 1 -0
    outer loop
      vertex 51 45 0
      vertex 39 45 25
      vertex 51 45 25
    endloop
  endfacet
  facet normal 0 1 0
    outer loop
      vertex 39 45 25
      vertex 51 45 0
      vertex 39 45 0
    endloop
  endfacet
  facet normal 0 1 -0
    outer loop
      vertex 66 45 0
      vertex 54 45 25
      vertex 66 45 25
    endloop
  endfacet
  facet normal 0 1 0
    outer loop
      vertex 54 45 25
      vertex 66 45 0
      vertex 54 45 0
    endloop
  endfacet
  facet normal 0 1 -0
    outer loop
      vertex 81 45 0
      vertex 69 45 25
      vertex 81 45 25
    endloop
  endfacet
  facet normal 0 1 0
    outer loop
      vertex 69 45 25
      vertex 81 45 0
      vertex 69 45 0
    endloop
  endfacet
  facet normal 0 1 -0
    outer loop
      vertex 84 45 25
      vertex 79.464 45 39
      vertex 90 45 39
    endloop
  endfacet
  facet normal 0 1 0
    outer loop
      vertex 79.464 45 39
      vertex 51 45 25
      vertex 10.536 45 39
    endloop
  endfacet
  facet normal 0 1 0
    outer loop
      vertex 79.464 45 39
      vertex 84 45 25
      vertex 81 45 25
    endloop
  endfacet
  facet normal 0 1 -0
    outer loop
      vertex 90 45 0
      vertex 84 45 25
      vertex 90 45 39
    endloop
  endfacet
  facet normal 0 1 0
    outer loop
      vertex 84 45 25
      vertex 90 45 0
      vertex 84 45 0
    endloop
  endfacet
  facet normal 0 1 -0
    outer loop
      vertex 79.464 45 39
      vertex 10.536 45 42
      vertex 79.464 45 42
    endloop
  endfacet
  facet normal 0 1 0
    outer loop
      vertex 10.536 45 42
      vertex 79.464 45 39
      vertex 10.536 45 39
    endloop
  endfacet
  facet normal 0 1 0
    outer loop
      vertex 79.464 45 39
      vertex 81 45 25
      vertex 69 45 25
    endloop
  endfacet
  facet normal 0 1 0
    outer loop
      vertex 79.464 45 39
      vertex 69 45 25
      vertex 66 45 25
    endloop
  endfacet
  facet normal 0 1 0
    outer loop
      vertex 79.464 45 39
      vertex 66 45 25
      vertex 54 45 25
    endloop
  endfacet
  facet normal 0 1 0
    outer loop
      vertex 79.464 45 39
      vertex 54 45 25
      vertex 51 45 25
    endloop
  endfacet
  facet normal 0 1 -0
    outer loop
      vertex 39 45 25
      vertex 10.536 45 39
      vertex 51 45 25
    endloop
  endfacet
  facet normal 0 1 -0
    outer loop
      vertex 36 45 25
      vertex 10.536 45 39
      vertex 39 45 25
    endloop
  endfacet
  facet normal 0 1 -0
    outer loop
      vertex 24 45 25
      vertex 10.536 45 39
      vertex 36 45 25
    endloop
  endfacet
  facet normal 0 1 -0
    outer loop
      vertex 21 45 25
      vertex 10.536 45 39
      vertex 24 45 25
    endloop
  endfacet
  facet normal 0 1 0
    outer loop
      vertex 9 45 25
      vertex 10.536 45 39
      vertex 21 45 25
    endloop
  endfacet
  facet normal 0 1 0
    outer loop
      vertex 6 45 25
      vertex 10.536 45 39
      vertex 9 45 25
    endloop
  endfacet
  facet normal 0 1 0
    outer loop
      vertex 10.536 45 39
      vertex 6 45 25
      vertex 0 45 39
    endloop
  endfacet
  facet normal 0 1 0
    outer loop
      vertex 0 45 0
      vertex 6 45 25
      vertex 6 45 0
    endloop
  endfacet
  facet normal 0 1 0
    outer loop
      vertex 6 45 25
      vertex 0 45 0
      vertex 0 45 39
    endloop
  endfacet
  facet normal -0.900967 -0.433887 0
    outer loop
      vertex 9.6 43 0
      vertex 9 44.2459 25
      vertex 9 44.2459 0
    endloop
  endfacet
  facet normal -0.900967 -0.433887 0
    outer loop
      vertex 9 44.2459 25
      vertex 9.6 43 0
      vertex 9.6 43 25
    endloop
  endfacet
  facet normal 1 -0 0
    outer loop
      vertex 5.60796 42.0888 25
      vertex 5.60796 43.9112 0
      vertex 5.60796 43.9112 25
    endloop
  endfacet
  facet normal 1 0 0
    outer loop
      vertex 5.60796 43.9112 0
      vertex 5.60796 42.0888 25
      vertex 5.60796 42.0888 0
    endloop
  endfacet
  facet normal 0.623439 -0.781872 0
    outer loop
      vertex 5.60796 43.9112 0
      vertex 6 44.2238 25
      vertex 5.60796 43.9112 25
    endloop
  endfacet
  facet normal 0.623439 -0.781872 0
    outer loop
      vertex 6 44.2238 25
      vertex 5.60796 43.9112 0
      vertex 6 44.2238 0
    endloop
  endfacet
  facet normal -0.900964 0.433893 0
    outer loop
      vertex 8.80933 41.3582 0
      vertex 9.6 43 25
      vertex 9.6 43 0
    endloop
  endfacet
  facet normal -0.900964 0.433893 0
    outer loop
      vertex 9.6 43 25
      vertex 8.80933 41.3582 0
      vertex 8.80933 41.3582 25
    endloop
  endfacet
  facet normal 0.623456 0.781858 -0
    outer loop
      vertex 7.03271 40.9527 0
      vertex 5.60796 42.0888 25
      vertex 7.03271 40.9527 25
    endloop
  endfacet
  facet normal 0.623456 0.781858 0
    outer loop
      vertex 5.60796 42.0888 25
      vertex 7.03271 40.9527 0
      vertex 5.60796 42.0888 0
    endloop
  endfacet
  facet normal -0.22252 0.974928 0
    outer loop
      vertex 8.80933 41.3582 0
      vertex 7.03271 40.9527 25
      vertex 8.80933 41.3582 25
    endloop
  endfacet
  facet normal -0.22252 0.974928 0
    outer loop
      vertex 7.03271 40.9527 25
      vertex 8.80933 41.3582 0
      vertex 7.03271 40.9527 0
    endloop
  endfacet
  facet normal -0.900964 -0.433893 0
    outer loop
      vertex 4.1 37.5 0
      vertex 3.30933 39.1418 25
      vertex 3.30933 39.1418 0
    endloop
  endfacet
  facet normal -0.900964 -0.433893 0
    outer loop
      vertex 3.30933 39.1418 25
      vertex 4.1 37.5 0
      vertex 4.1 37.5 25
    endloop
  endfacet
  facet normal 0.623453 -0.78186 0
    outer loop
      vertex 0.846352 39 0
      vertex 1.53271 39.5473 25
      vertex 0.846352 39 25
    endloop
  endfacet
  facet normal 0.623453 -0.78186 0
    outer loop
      vertex 1.53271 39.5473 25
      vertex 0.846352 39 0
      vertex 1.53271 39.5473 0
    endloop
  endfacet
  facet normal -0.22252 -0.974928 0
    outer loop
      vertex 1.53271 39.5473 0
      vertex 3.30933 39.1418 25
      vertex 1.53271 39.5473 25
    endloop
  endfacet
  facet normal -0.22252 -0.974928 -0
    outer loop
      vertex 3.30933 39.1418 25
      vertex 1.53271 39.5473 0
      vertex 3.30933 39.1418 0
    endloop
  endfacet
  facet normal -0.900964 0.433893 0
    outer loop
      vertex 3.30933 35.8582 0
      vertex 4.1 37.5 25
      vertex 4.1 37.5 0
    endloop
  endfacet
  facet normal -0.900964 0.433893 0
    outer loop
      vertex 4.1 37.5 25
      vertex 3.30933 35.8582 0
      vertex 3.30933 35.8582 25
    endloop
  endfacet
  facet normal 0.623453 0.781861 -0
    outer loop
      vertex 1.53271 35.4527 0
      vertex 0.846351 36 25
      vertex 1.53271 35.4527 25
    endloop
  endfacet
  facet normal 0.623453 0.781861 0
    outer loop
      vertex 0.846351 36 25
      vertex 1.53271 35.4527 0
      vertex 0.846351 36 0
    endloop
  endfacet
  facet normal -0.22252 0.974928 0
    outer loop
      vertex 3.30933 35.8582 0
      vertex 1.53271 35.4527 25
      vertex 3.30933 35.8582 25
    endloop
  endfacet
  facet normal -0.22252 0.974928 0
    outer loop
      vertex 1.53271 35.4527 25
      vertex 3.30933 35.8582 0
      vertex 1.53271 35.4527 0
    endloop
  endfacet
  facet normal 1 -0 0
    outer loop
      vertex 6 44.2238 25
      vertex 6 45 0
      vertex 6 45 25
    endloop
  endfacet
  facet normal 1 0 0
    outer loop
      vertex 6 45 0
      vertex 6 44.2238 25
      vertex 6 44.2238 0
    endloop
  endfacet
  facet normal -1 0 0
    outer loop
      vertex 9 44.2459 0
      vertex 9 45 25
      vertex 9 45 0
    endloop
  endfacet
  facet normal -1 -0 0
    outer loop
      vertex 9 45 25
      vertex 9 44.2459 0
      vertex 9 44.2459 25
    endloop
  endfacet
  facet normal 0 -1 0
    outer loop
      vertex 0 39 0
      vertex 0.846352 39 25
      vertex 0 39 25
    endloop
  endfacet
  facet normal 0 -1 -0
    outer loop
      vertex 0.846352 39 25
      vertex 0 39 0
      vertex 0.846352 39 0
    endloop
  endfacet
  facet normal 0 1 -0
    outer loop
      vertex 0.846351 36 0
      vertex 0 36 25
      vertex 0.846351 36 25
    endloop
  endfacet
  facet normal 0 1 0
    outer loop
      vertex 0 36 25
      vertex 0.846351 36 0
      vertex 0 36 0
    endloop
  endfacet
  facet normal -0.900963 -0.433896 0
    outer loop
      vertex 24.6 2 0
      vertex 23.8093 3.64185 25
      vertex 23.8093 3.64185 0
    endloop
  endfacet
  facet normal -0.900963 -0.433896 0
    outer loop
      vertex 23.8093 3.64185 25
      vertex 24.6 2 0
      vertex 24.6 2 25
    endloop
  endfacet
  facet normal 1 -0 0
    outer loop
      vertex 20.608 1.08884 25
      vertex 20.608 2.91116 0
      vertex 20.608 2.91116 25
    endloop
  endfacet
  facet normal 1 0 0
    outer loop
      vertex 20.608 2.91116 0
      vertex 20.608 1.08884 25
      vertex 20.608 1.08884 0
    endloop
  endfacet
  facet normal 0.6235 -0.781824 0
    outer loop
      vertex 20.608 2.91116 0
      vertex 22.0327 4.04735 25
      vertex 20.608 2.91116 25
    endloop
  endfacet
  facet normal 0.6235 -0.781824 0
    outer loop
      vertex 22.0327 4.04735 25
      vertex 20.608 2.91116 0
      vertex 22.0327 4.04735 0
    endloop
  endfacet
  facet normal -0.222522 -0.974928 0
    outer loop
      vertex 22.0327 4.04735 0
      vertex 23.8093 3.64185 25
      vertex 22.0327 4.04735 25
    endloop
  endfacet
  facet normal -0.222522 -0.974928 -0
    outer loop
      vertex 23.8093 3.64185 25
      vertex 22.0327 4.04735 0
      vertex 23.8093 3.64185 0
    endloop
  endfacet
  facet normal -0.900969 0.433884 0
    outer loop
      vertex 24 0.754088 0
      vertex 24.6 2 25
      vertex 24.6 2 0
    endloop
  endfacet
  facet normal -0.900969 0.433884 0
    outer loop
      vertex 24.6 2 25
      vertex 24 0.754088 0
      vertex 24 0.754088 25
    endloop
  endfacet
  facet normal 0.62352 0.781808 -0
    outer loop
      vertex 21 0.776206 0
      vertex 20.608 1.08884 25
      vertex 21 0.776206 25
    endloop
  endfacet
  facet normal 0.62352 0.781808 0
    outer loop
      vertex 20.608 1.08884 25
      vertex 21 0.776206 0
      vertex 20.608 1.08884 0
    endloop
  endfacet
  facet normal 1 -0 0
    outer loop
      vertex 21 0 25
      vertex 21 0.776206 0
      vertex 21 0.776206 25
    endloop
  endfacet
  facet normal 1 0 0
    outer loop
      vertex 21 0.776206 0
      vertex 21 0 25
      vertex 21 0 0
    endloop
  endfacet
  facet normal -1 0 0
    outer loop
      vertex 24 0 0
      vertex 24 0.754088 25
      vertex 24 0.754088 0
    endloop
  endfacet
  facet normal -1 -0 0
    outer loop
      vertex 24 0.754088 25
      vertex 24 0 0
      vertex 24 0 25
    endloop
  endfacet
  facet normal -0.900967 -0.433887 0
    outer loop
      vertex 24.6 43 0
      vertex 24 44.2459 25
      vertex 24 44.2459 0
    endloop
  endfacet
  facet normal -0.900967 -0.433887 0
    outer loop
      vertex 24 44.2459 25
      vertex 24.6 43 0
      vertex 24.6 43 25
    endloop
  endfacet
  facet normal 1 -0 0
    outer loop
      vertex 20.608 42.0888 25
      vertex 20.608 43.9112 0
      vertex 20.608 43.9112 25
    endloop
  endfacet
  facet normal 1 0 0
    outer loop
      vertex 20.608 43.9112 0
      vertex 20.608 42.0888 25
      vertex 20.608 42.0888 0
    endloop
  endfacet
  facet normal 0.623478 -0.781841 0
    outer loop
      vertex 20.608 43.9112 0
      vertex 21 44.2238 25
      vertex 20.608 43.9112 25
    endloop
  endfacet
  facet normal 0.623478 -0.781841 0
    outer loop
      vertex 21 44.2238 25
      vertex 20.608 43.9112 0
      vertex 21 44.2238 0
    endloop
  endfacet
  facet normal -0.900958 0.433906 0
    outer loop
      vertex 23.8093 41.3582 0
      vertex 24.6 43 25
      vertex 24.6 43 0
    endloop
  endfacet
  facet normal -0.900958 0.433906 0
    outer loop
      vertex 24.6 43 25
      vertex 23.8093 41.3582 0
      vertex 23.8093 41.3582 25
    endloop
  endfacet
  facet normal 0.62347 0.781848 -0
    outer loop
      vertex 22.0327 40.9527 0
      vertex 20.608 42.0888 25
      vertex 22.0327 40.9527 25
    endloop
  endfacet
  facet normal 0.62347 0.781848 0
    outer loop
      vertex 20.608 42.0888 25
      vertex 22.0327 40.9527 0
      vertex 20.608 42.0888 0
    endloop
  endfacet
  facet normal -0.222522 0.974928 0
    outer loop
      vertex 23.8093 41.3582 0
      vertex 22.0327 40.9527 25
      vertex 23.8093 41.3582 25
    endloop
  endfacet
  facet normal -0.222522 0.974928 0
    outer loop
      vertex 22.0327 40.9527 25
      vertex 23.8093 41.3582 0
      vertex 22.0327 40.9527 0
    endloop
  endfacet
  facet normal 1 -0 0
    outer loop
      vertex 21 44.2238 25
      vertex 21 45 0
      vertex 21 45 25
    endloop
  endfacet
  facet normal 1 0 0
    outer loop
      vertex 21 45 0
      vertex 21 44.2238 25
      vertex 21 44.2238 0
    endloop
  endfacet
  facet normal -1 0 0
    outer loop
      vertex 24 44.2459 0
      vertex 24 45 25
      vertex 24 45 0
    endloop
  endfacet
  facet normal -1 -0 0
    outer loop
      vertex 24 45 25
      vertex 24 44.2459 0
      vertex 24 44.2459 25
    endloop
  endfacet
  facet normal -0.900963 -0.433896 0
    outer loop
      vertex 39.6 2 0
      vertex 38.8093 3.64185 25
      vertex 38.8093 3.64185 0
    endloop
  endfacet
  facet normal -0.900963 -0.433896 0
    outer loop
      vertex 38.8093 3.64185 25
      vertex 39.6 2 0
      vertex 39.6 2 25
    endloop
  endfacet
  facet normal 1 -0 0
    outer loop
      vertex 35.608 1.08884 25
      vertex 35.608 2.91116 0
      vertex 35.608 2.91116 25
    endloop
  endfacet
  facet normal 1 0 0
    outer loop
      vertex 35.608 2.91116 0
      vertex 35.608 1.08884 25
      vertex 35.608 1.08884 0
    endloop
  endfacet
  facet normal 0.6235 -0.781824 0
    outer loop
      vertex 35.608 2.91116 0
      vertex 37.0327 4.04735 25
      vertex 35.608 2.91116 25
    endloop
  endfacet
  facet normal 0.6235 -0.781824 0
    outer loop
      vertex 37.0327 4.04735 25
      vertex 35.608 2.91116 0
      vertex 37.0327 4.04735 0
    endloop
  endfacet
  facet normal -0.222522 -0.974928 0
    outer loop
      vertex 37.0327 4.04735 0
      vertex 38.8093 3.64185 25
      vertex 37.0327 4.04735 25
    endloop
  endfacet
  facet normal -0.222522 -0.974928 -0
    outer loop
      vertex 38.8093 3.64185 25
      vertex 37.0327 4.04735 0
      vertex 38.8093 3.64185 0
    endloop
  endfacet
  facet normal -0.900969 0.433884 0
    outer loop
      vertex 39 0.754088 0
      vertex 39.6 2 25
      vertex 39.6 2 0
    endloop
  endfacet
  facet normal -0.900969 0.433884 0
    outer loop
      vertex 39.6 2 25
      vertex 39 0.754088 0
      vertex 39 0.754088 25
    endloop
  endfacet
  facet normal 0.62352 0.781808 -0
    outer loop
      vertex 36 0.776206 0
      vertex 35.608 1.08884 25
      vertex 36 0.776206 25
    endloop
  endfacet
  facet normal 0.62352 0.781808 0
    outer loop
      vertex 35.608 1.08884 25
      vertex 36 0.776206 0
      vertex 35.608 1.08884 0
    endloop
  endfacet
  facet normal 1 -0 0
    outer loop
      vertex 36 0 25
      vertex 36 0.776206 0
      vertex 36 0.776206 25
    endloop
  endfacet
  facet normal 1 0 0
    outer loop
      vertex 36 0.776206 0
      vertex 36 0 25
      vertex 36 0 0
    endloop
  endfacet
  facet normal -1 0 0
    outer loop
      vertex 39 0 0
      vertex 39 0.754088 25
      vertex 39 0.754088 0
    endloop
  endfacet
  facet normal -1 -0 0
    outer loop
      vertex 39 0.754088 25
      vertex 39 0 0
      vertex 39 0 25
    endloop
  endfacet
  facet normal -0.900967 -0.433887 0
    outer loop
      vertex 39.6 43 0
      vertex 39 44.2459 25
      vertex 39 44.2459 0
    endloop
  endfacet
  facet normal -0.900967 -0.433887 0
    outer loop
      vertex 39 44.2459 25
      vertex 39.6 43 0
      vertex 39.6 43 25
    endloop
  endfacet
  facet normal 1 -0 0
    outer loop
      vertex 35.608 42.0888 25
      vertex 35.608 43.9112 0
      vertex 35.608 43.9112 25
    endloop
  endfacet
  facet normal 1 0 0
    outer loop
      vertex 35.608 43.9112 0
      vertex 35.608 42.0888 25
      vertex 35.608 42.0888 0
    endloop
  endfacet
  facet normal 0.623478 -0.781841 0
    outer loop
      vertex 35.608 43.9112 0
      vertex 36 44.2238 25
      vertex 35.608 43.9112 25
    endloop
  endfacet
  facet normal 0.623478 -0.781841 0
    outer loop
      vertex 36 44.2238 25
      vertex 35.608 43.9112 0
      vertex 36 44.2238 0
    endloop
  endfacet
  facet normal -0.900958 0.433906 0
    outer loop
      vertex 38.8093 41.3582 0
      vertex 39.6 43 25
      vertex 39.6 43 0
    endloop
  endfacet
  facet normal -0.900958 0.433906 0
    outer loop
      vertex 39.6 43 25
      vertex 38.8093 41.3582 0
      vertex 38.8093 41.3582 25
    endloop
  endfacet
  facet normal 0.62347 0.781848 -0
    outer loop
      vertex 37.0327 40.9527 0
      vertex 35.608 42.0888 25
      vertex 37.0327 40.9527 25
    endloop
  endfacet
  facet normal 0.62347 0.781848 0
    outer loop
      vertex 35.608 42.0888 25
      vertex 37.0327 40.9527 0
      vertex 35.608 42.0888 0
    endloop
  endfacet
  facet normal -0.222522 0.974928 0
    outer loop
      vertex 38.8093 41.3582 0
      vertex 37.0327 40.9527 25
      vertex 38.8093 41.3582 25
    endloop
  endfacet
  facet normal -0.222522 0.974928 0
    outer loop
      vertex 37.0327 40.9527 25
      vertex 38.8093 41.3582 0
      vertex 37.0327 40.9527 0
    endloop
  endfacet
  facet normal 1 -0 0
    outer loop
      vertex 36 44.2238 25
      vertex 36 45 0
      vertex 36 45 25
    endloop
  endfacet
  facet normal 1 0 0
    outer loop
      vertex 36 45 0
      vertex 36 44.2238 25
      vertex 36 44.2238 0
    endloop
  endfacet
  facet normal -1 0 0
    outer loop
      vertex 39 44.2459 0
      vertex 39 45 25
      vertex 39 45 0
    endloop
  endfacet
  facet normal -1 -0 0
    outer loop
      vertex 39 45 25
      vertex 39 44.2459 0
      vertex 39 44.2459 25
    endloop
  endfacet
  facet normal -0.900963 -0.433896 0
    outer loop
      vertex 54.6 2 0
      vertex 53.8093 3.64185 25
      vertex 53.8093 3.64185 0
    endloop
  endfacet
  facet normal -0.900963 -0.433896 0
    outer loop
      vertex 53.8093 3.64185 25
      vertex 54.6 2 0
      vertex 54.6 2 25
    endloop
  endfacet
  facet normal 1 -0 0
    outer loop
      vertex 50.608 1.08884 25
      vertex 50.608 2.91116 0
      vertex 50.608 2.91116 25
    endloop
  endfacet
  facet normal 1 0 0
    outer loop
      vertex 50.608 2.91116 0
      vertex 50.608 1.08884 25
      vertex 50.608 1.08884 0
    endloop
  endfacet
  facet normal 0.6235 -0.781824 0
    outer loop
      vertex 50.608 2.91116 0
      vertex 52.0327 4.04735 25
      vertex 50.608 2.91116 25
    endloop
  endfacet
  facet normal 0.6235 -0.781824 0
    outer loop
      vertex 52.0327 4.04735 25
      vertex 50.608 2.91116 0
      vertex 52.0327 4.04735 0
    endloop
  endfacet
  facet normal -0.222522 -0.974928 0
    outer loop
      vertex 52.0327 4.04735 0
      vertex 53.8093 3.64185 25
      vertex 52.0327 4.04735 25
    endloop
  endfacet
  facet normal -0.222522 -0.974928 -0
    outer loop
      vertex 53.8093 3.64185 25
      vertex 52.0327 4.04735 0
      vertex 53.8093 3.64185 0
    endloop
  endfacet
  facet normal -0.900969 0.433884 0
    outer loop
      vertex 54 0.754088 0
      vertex 54.6 2 25
      vertex 54.6 2 0
    endloop
  endfacet
  facet normal -0.900969 0.433884 0
    outer loop
      vertex 54.6 2 25
      vertex 54 0.754088 0
      vertex 54 0.754088 25
    endloop
  endfacet
  facet normal 0.62352 0.781808 -0
    outer loop
      vertex 51 0.776206 0
      vertex 50.608 1.08884 25
      vertex 51 0.776206 25
    endloop
  endfacet
  facet normal 0.62352 0.781808 0
    outer loop
      vertex 50.608 1.08884 25
      vertex 51 0.776206 0
      vertex 50.608 1.08884 0
    endloop
  endfacet
  facet normal 1 -0 0
    outer loop
      vertex 51 0 25
      vertex 51 0.776206 0
      vertex 51 0.776206 25
    endloop
  endfacet
  facet normal 1 0 0
    outer loop
      vertex 51 0.776206 0
      vertex 51 0 25
      vertex 51 0 0
    endloop
  endfacet
  facet normal -1 0 0
    outer loop
      vertex 54 0 0
      vertex 54 0.754088 25
      vertex 54 0.754088 0
    endloop
  endfacet
  facet normal -1 -0 0
    outer loop
      vertex 54 0.754088 25
      vertex 54 0 0
      vertex 54 0 25
    endloop
  endfacet
  facet normal -0.900967 -0.433887 0
    outer loop
      vertex 54.6 43 0
      vertex 54 44.2459 25
      vertex 54 44.2459 0
    endloop
  endfacet
  facet normal -0.900967 -0.433887 0
    outer loop
      vertex 54 44.2459 25
      vertex 54.6 43 0
      vertex 54.6 43 25
    endloop
  endfacet
  facet normal 1 -0 0
    outer loop
      vertex 50.608 42.0888 25
      vertex 50.608 43.9112 0
      vertex 50.608 43.9112 25
    endloop
  endfacet
  facet normal 1 0 0
    outer loop
      vertex 50.608 43.9112 0
      vertex 50.608 42.0888 25
      vertex 50.608 42.0888 0
    endloop
  endfacet
  facet normal 0.623478 -0.781841 0
    outer loop
      vertex 50.608 43.9112 0
      vertex 51 44.2238 25
      vertex 50.608 43.9112 25
    endloop
  endfacet
  facet normal 0.623478 -0.781841 0
    outer loop
      vertex 51 44.2238 25
      vertex 50.608 43.9112 0
      vertex 51 44.2238 0
    endloop
  endfacet
  facet normal -0.900958 0.433906 0
    outer loop
      vertex 53.8093 41.3582 0
      vertex 54.6 43 25
      vertex 54.6 43 0
    endloop
  endfacet
  facet normal -0.900958 0.433906 0
    outer loop
      vertex 54.6 43 25
      vertex 53.8093 41.3582 0
      vertex 53.8093 41.3582 25
    endloop
  endfacet
  facet normal 0.62347 0.781848 -0
    outer loop
      vertex 52.0327 40.9527 0
      vertex 50.608 42.0888 25
      vertex 52.0327 40.9527 25
    endloop
  endfacet
  facet normal 0.62347 0.781848 0
    outer loop
      vertex 50.608 42.0888 25
      vertex 52.0327 40.9527 0
      vertex 50.608 42.0888 0
    endloop
  endfacet
  facet normal -0.222522 0.974928 0
    outer loop
      vertex 53.8093 41.3582 0
      vertex 52.0327 40.9527 25
      vertex 53.8093 41.3582 25
    endloop
  endfacet
  facet normal -0.222522 0.974928 0
    outer loop
      vertex 52.0327 40.9527 25
      vertex 53.8093 41.3582 0
      vertex 52.0327 40.9527 0
    endloop
  endfacet
  facet normal 1 -0 0
    outer loop
      vertex 51 44.2238 25
      vertex 51 45 0
      vertex 51 45 25
    endloop
  endfacet
  facet normal 1 0 0
    outer loop
      vertex 51 45 0
      vertex 51 44.2238 25
      vertex 51 44.2238 0
    endloop
  endfacet
  facet normal -1 0 0
    outer loop
      vertex 54 44.2459 0
      vertex 54 45 25
      vertex 54 45 0
    endloop
  endfacet
  facet normal -1 -0 0
    outer loop
      vertex 54 45 25
      vertex 54 44.2459 0
      vertex 54 44.2459 25
    endloop
  endfacet
  facet normal -0.900963 -0.433896 0
    outer loop
      vertex 69.6 2 0
      vertex 68.8093 3.64185 25
      vertex 68.8093 3.64185 0
    endloop
  endfacet
  facet normal -0.900963 -0.433896 0
    outer loop
      vertex 68.8093 3.64185 25
      vertex 69.6 2 0
      vertex 69.6 2 25
    endloop
  endfacet
  facet normal 1 -0 0
    outer loop
      vertex 65.608 1.08884 25
      vertex 65.608 2.91116 0
      vertex 65.608 2.91116 25
    endloop
  endfacet
  facet normal 1 0 0
    outer loop
      vertex 65.608 2.91116 0
      vertex 65.608 1.08884 25
      vertex 65.608 1.08884 0
    endloop
  endfacet
  facet normal 0.6235 -0.781824 0
    outer loop
      vertex 65.608 2.91116 0
      vertex 67.0327 4.04735 25
      vertex 65.608 2.91116 25
    endloop
  endfacet
  facet normal 0.6235 -0.781824 0
    outer loop
      vertex 67.0327 4.04735 25
      vertex 65.608 2.91116 0
      vertex 67.0327 4.04735 0
    endloop
  endfacet
  facet normal -0.222522 -0.974928 0
    outer loop
      vertex 67.0327 4.04735 0
      vertex 68.8093 3.64185 25
      vertex 67.0327 4.04735 25
    endloop
  endfacet
  facet normal -0.222522 -0.974928 -0
    outer loop
      vertex 68.8093 3.64185 25
      vertex 67.0327 4.04735 0
      vertex 68.8093 3.64185 0
    endloop
  endfacet
  facet normal -0.900969 0.433884 0
    outer loop
      vertex 69 0.754088 0
      vertex 69.6 2 25
      vertex 69.6 2 0
    endloop
  endfacet
  facet normal -0.900969 0.433884 0
    outer loop
      vertex 69.6 2 25
      vertex 69 0.754088 0
      vertex 69 0.754088 25
    endloop
  endfacet
  facet normal 0.62352 0.781808 -0
    outer loop
      vertex 66 0.776206 0
      vertex 65.608 1.08884 25
      vertex 66 0.776206 25
    endloop
  endfacet
  facet normal 0.62352 0.781808 0
    outer loop
      vertex 65.608 1.08884 25
      vertex 66 0.776206 0
      vertex 65.608 1.08884 0
    endloop
  endfacet
  facet normal 1 -0 0
    outer loop
      vertex 66 0 25
      vertex 66 0.776206 0
      vertex 66 0.776206 25
    endloop
  endfacet
  facet normal 1 0 0
    outer loop
      vertex 66 0.776206 0
      vertex 66 0 25
      vertex 66 0 0
    endloop
  endfacet
  facet normal -1 0 0
    outer loop
      vertex 69 0 0
      vertex 69 0.754088 25
      vertex 69 0.754088 0
    endloop
  endfacet
  facet normal -1 -0 0
    outer loop
      vertex 69 0.754088 25
      vertex 69 0 0
      vertex 69 0 25
    endloop
  endfacet
  facet normal -0.900967 -0.433887 0
    outer loop
      vertex 69.6 43 0
      vertex 69 44.2459 25
      vertex 69 44.2459 0
    endloop
  endfacet
  facet normal -0.900967 -0.433887 0
    outer loop
      vertex 69 44.2459 25
      vertex 69.6 43 0
      vertex 69.6 43 25
    endloop
  endfacet
  facet normal 1 -0 0
    outer loop
      vertex 65.608 42.0888 25
      vertex 65.608 43.9112 0
      vertex 65.608 43.9112 25
    endloop
  endfacet
  facet normal 1 0 0
    outer loop
      vertex 65.608 43.9112 0
      vertex 65.608 42.0888 25
      vertex 65.608 42.0888 0
    endloop
  endfacet
  facet normal 0.623478 -0.781841 0
    outer loop
      vertex 65.608 43.9112 0
      vertex 66 44.2238 25
      vertex 65.608 43.9112 25
    endloop
  endfacet
  facet normal 0.623478 -0.781841 0
    outer loop
      vertex 66 44.2238 25
      vertex 65.608 43.9112 0
      vertex 66 44.2238 0
    endloop
  endfacet
  facet normal -0.900958 0.433906 0
    outer loop
      vertex 68.8093 41.3582 0
      vertex 69.6 43 25
      vertex 69.6 43 0
    endloop
  endfacet
  facet normal -0.900958 0.433906 0
    outer loop
      vertex 69.6 43 25
      vertex 68.8093 41.3582 0
      vertex 68.8093 41.3582 25
    endloop
  endfacet
  facet normal 0.62347 0.781848 -0
    outer loop
      vertex 67.0327 40.9527 0
      vertex 65.608 42.0888 25
      vertex 67.0327 40.9527 25
    endloop
  endfacet
  facet normal 0.62347 0.781848 0
    outer loop
      vertex 65.608 42.0888 25
      vertex 67.0327 40.9527 0
      vertex 65.608 42.0888 0
    endloop
  endfacet
  facet normal -0.222522 0.974928 0
    outer loop
      vertex 68.8093 41.3582 0
      vertex 67.0327 40.9527 25
      vertex 68.8093 41.3582 25
    endloop
  endfacet
  facet normal -0.222522 0.974928 0
    outer loop
      vertex 67.0327 40.9527 25
      vertex 68.8093 41.3582 0
      vertex 67.0327 40.9527 0
    endloop
  endfacet
  facet normal 1 -0 0
    outer loop
      vertex 66 44.2238 25
      vertex 66 45 0
      vertex 66 45 25
    endloop
  endfacet
  facet normal 1 0 0
    outer loop
      vertex 66 45 0
      vertex 66 44.2238 25
      vertex 66 44.2238 0
    endloop
  endfacet
  facet normal -1 0 0
    outer loop
      vertex 69 44.2459 0
      vertex 69 45 25
      vertex 69 45 0
    endloop
  endfacet
  facet normal -1 -0 0
    outer loop
      vertex 69 45 25
      vertex 69 44.2459 0
      vertex 69 44.2459 25
    endloop
  endfacet
  facet normal 1 0 0
    outer loop
      vertex 90 10.536 39
      vertex 90 34.464 39
      vertex 90 34.464 42
    endloop
  endfacet
  facet normal 1 0 0
    outer loop
      vertex 90 34.464 39
      vertex 90 24 25
      vertex 90 27.52 20.02
    endloop
  endfacet
  facet normal 1 0 0
    outer loop
      vertex 90 34.464 39
      vertex 90 10.536 39
      vertex 90 24 25
    endloop
  endfacet
  facet normal 1 0 0
    outer loop
      vertex 90 21 25
      vertex 90 17.52 20.02
      vertex 90 21 20.02
    endloop
  endfacet
  facet normal 1 0 0
    outer loop
      vertex 90 9 25
      vertex 90 21 25
      vertex 90 10.536 39
    endloop
  endfacet
  facet normal 1 0 0
    outer loop
      vertex 90 24 25
      vertex 90 10.536 39
      vertex 90 21 25
    endloop
  endfacet
  facet normal 1 0 0
    outer loop
      vertex 90 10.536 39
      vertex 90 34.464 42
      vertex 90 10.536 42
    endloop
  endfacet
  facet normal 1 0 0
    outer loop
      vertex 90 45 39
      vertex 90 39 25
      vertex 90 45 0
    endloop
  endfacet
  facet normal 1 -0 0
    outer loop
      vertex 90 34.464 39
      vertex 90 39 25
      vertex 90 45 39
    endloop
  endfacet
  facet normal 1 0 0
    outer loop
      vertex 90 39 25
      vertex 90 34.464 39
      vertex 90 36 25
    endloop
  endfacet
  facet normal 1 0 0
    outer loop
      vertex 90 27.52 20.02
      vertex 90 36 25
      vertex 90 34.464 39
    endloop
  endfacet
  facet normal 1 0 0
    outer loop
      vertex 90 27.52 15
      vertex 90 36 25
      vertex 90 27.52 20.02
    endloop
  endfacet
  facet normal 1 0 0
    outer loop
      vertex 90 36 25
      vertex 90 27.52 15
      vertex 90 36 0
    endloop
  endfacet
  facet normal 1 0 0
    outer loop
      vertex 90 24 0
      vertex 90 27.52 15
      vertex 90 24 15
    endloop
  endfacet
  facet normal 1 0 0
    outer loop
      vertex 90 27.52 15
      vertex 90 24 0
      vertex 90 36 0
    endloop
  endfacet
  facet normal 1 0 0
    outer loop
      vertex 90 45 0
      vertex 90 39 25
      vertex 90 39 0
    endloop
  endfacet
  facet normal 1 0 0
    outer loop
      vertex 90 27.52 20.02
      vertex 90 24 25
      vertex 90 24 20.02
    endloop
  endfacet
  facet normal 1 -0 0
    outer loop
      vertex 90 17.52 15
      vertex 90 21 0
      vertex 90 21 15
    endloop
  endfacet
  facet normal 1 0 0
    outer loop
      vertex 90 21 25
      vertex 90 9 25
      vertex 90 17.52 20.02
    endloop
  endfacet
  facet normal 1 0 0
    outer loop
      vertex 90 17.52 20.02
      vertex 90 9 25
      vertex 90 17.52 15
    endloop
  endfacet
  facet normal 1 0 0
    outer loop
      vertex 90 9 0
      vertex 90 17.52 15
      vertex 90 9 25
    endloop
  endfacet
  facet normal 1 0 0
    outer loop
      vertex 90 17.52 15
      vertex 90 9 0
      vertex 90 21 0
    endloop
  endfacet
  facet normal 1 0 0
    outer loop
      vertex 90 10.536 39
      vertex 90 6 25
      vertex 90 9 25
    endloop
  endfacet
  facet normal 1 -0 0
    outer loop
      vertex 90 0 39
      vertex 90 6 25
      vertex 90 10.536 39
    endloop
  endfacet
  facet normal 1 0 0
    outer loop
      vertex 90 0 0
      vertex 90 6 25
      vertex 90 0 39
    endloop
  endfacet
  facet normal 1 0 0
    outer loop
      vertex 90 6 25
      vertex 90 0 0
      vertex 90 6 0
    endloop
  endfacet
  facet normal -0.900963 -0.433896 0
    outer loop
      vertex 84.6 2 0
      vertex 83.8093 3.64185 25
      vertex 83.8093 3.64185 0
    endloop
  endfacet
  facet normal -0.900963 -0.433896 0
    outer loop
      vertex 83.8093 3.64185 25
      vertex 84.6 2 0
      vertex 84.6 2 25
    endloop
  endfacet
  facet normal 1 -0 0
    outer loop
      vertex 80.608 1.08884 25
      vertex 80.608 2.91116 0
      vertex 80.608 2.91116 25
    endloop
  endfacet
  facet normal 1 0 0
    outer loop
      vertex 80.608 2.91116 0
      vertex 80.608 1.08884 25
      vertex 80.608 1.08884 0
    endloop
  endfacet
  facet normal 0.6235 -0.781824 0
    outer loop
      vertex 80.608 2.91116 0
      vertex 82.0327 4.04735 25
      vertex 80.608 2.91116 25
    endloop
  endfacet
  facet normal 0.6235 -0.781824 0
    outer loop
      vertex 82.0327 4.04735 25
      vertex 80.608 2.91116 0
      vertex 82.0327 4.04735 0
    endloop
  endfacet
  facet normal -0.222522 -0.974928 0
    outer loop
      vertex 82.0327 4.04735 0
      vertex 83.8093 3.64185 25
      vertex 82.0327 4.04735 25
    endloop
  endfacet
  facet normal -0.222522 -0.974928 -0
    outer loop
      vertex 83.8093 3.64185 25
      vertex 82.0327 4.04735 0
      vertex 83.8093 3.64185 0
    endloop
  endfacet
  facet normal -0.900969 0.433884 0
    outer loop
      vertex 84 0.754088 0
      vertex 84.6 2 25
      vertex 84.6 2 0
    endloop
  endfacet
  facet normal -0.900969 0.433884 0
    outer loop
      vertex 84.6 2 25
      vertex 84 0.754088 0
      vertex 84 0.754088 25
    endloop
  endfacet
  facet normal 0.62352 0.781808 -0
    outer loop
      vertex 81 0.776206 0
      vertex 80.608 1.08884 25
      vertex 81 0.776206 25
    endloop
  endfacet
  facet normal 0.62352 0.781808 0
    outer loop
      vertex 80.608 1.08884 25
      vertex 81 0.776206 0
      vertex 80.608 1.08884 0
    endloop
  endfacet
  facet normal -0.900997 -0.433825 0
    outer loop
      vertex 89.3776 9 0
      vertex 89.3093 9.14185 25
      vertex 89.3093 9.14185 0
    endloop
  endfacet
  facet normal -0.900997 -0.433825 0
    outer loop
      vertex 89.3093 9.14185 25
      vertex 89.3776 9 0
      vertex 89.3776 9 25
    endloop
  endfacet
  facet normal 1 -0 0
    outer loop
      vertex 86.108 6.58884 25
      vertex 86.108 8.41116 0
      vertex 86.108 8.41116 25
    endloop
  endfacet
  facet normal 1 0 0
    outer loop
      vertex 86.108 8.41116 0
      vertex 86.108 6.58884 25
      vertex 86.108 6.58884 0
    endloop
  endfacet
  facet normal 0.6235 -0.781824 0
    outer loop
      vertex 86.108 8.41116 0
      vertex 87.5327 9.54735 25
      vertex 86.108 8.41116 25
    endloop
  endfacet
  facet normal 0.6235 -0.781824 0
    outer loop
      vertex 87.5327 9.54735 25
      vertex 86.108 8.41116 0
      vertex 87.5327 9.54735 0
    endloop
  endfacet
  facet normal -0.222522 -0.974928 0
    outer loop
      vertex 87.5327 9.54735 0
      vertex 89.3093 9.14185 25
      vertex 87.5327 9.54735 25
    endloop
  endfacet
  facet normal -0.222522 -0.974928 -0
    outer loop
      vertex 89.3093 9.14185 25
      vertex 87.5327 9.54735 0
      vertex 89.3093 9.14185 0
    endloop
  endfacet
  facet normal -0.900997 0.433825 0
    outer loop
      vertex 89.3093 5.85815 0
      vertex 89.3776 6 25
      vertex 89.3776 6 0
    endloop
  endfacet
  facet normal -0.900997 0.433825 0
    outer loop
      vertex 89.3776 6 25
      vertex 89.3093 5.85815 0
      vertex 89.3093 5.85815 25
    endloop
  endfacet
  facet normal 0.6235 0.781824 -0
    outer loop
      vertex 87.5327 5.45265 0
      vertex 86.108 6.58884 25
      vertex 87.5327 5.45265 25
    endloop
  endfacet
  facet normal 0.6235 0.781824 0
    outer loop
      vertex 86.108 6.58884 25
      vertex 87.5327 5.45265 0
      vertex 86.108 6.58884 0
    endloop
  endfacet
  facet normal -0.222522 0.974928 0
    outer loop
      vertex 89.3093 5.85815 0
      vertex 87.5327 5.45265 25
      vertex 89.3093 5.85815 25
    endloop
  endfacet
  facet normal -0.222522 0.974928 0
    outer loop
      vertex 87.5327 5.45265 25
      vertex 89.3093 5.85815 0
      vertex 87.5327 5.45265 0
    endloop
  endfacet
  facet normal 1 -0 0
    outer loop
      vertex 81 0 25
      vertex 81 0.776206 0
      vertex 81 0.776206 25
    endloop
  endfacet
  facet normal 1 0 0
    outer loop
      vertex 81 0.776206 0
      vertex 81 0 25
      vertex 81 0 0
    endloop
  endfacet
  facet normal -1 0 0
    outer loop
      vertex 84 0 0
      vertex 84 0.754088 25
      vertex 84 0.754088 0
    endloop
  endfacet
  facet normal -1 -0 0
    outer loop
      vertex 84 0.754088 25
      vertex 84 0 0
      vertex 84 0 25
    endloop
  endfacet
  facet normal 0 -1 0
    outer loop
      vertex 89.3776 9 0
      vertex 90 9 25
      vertex 89.3776 9 25
    endloop
  endfacet
  facet normal 0 -1 -0
    outer loop
      vertex 90 9 25
      vertex 89.3776 9 0
      vertex 90 9 0
    endloop
  endfacet
  facet normal 0 1 -0
    outer loop
      vertex 90 6 0
      vertex 89.3776 6 25
      vertex 90 6 25
    endloop
  endfacet
  facet normal 0 1 0
    outer loop
      vertex 89.3776 6 25
      vertex 90 6 0
      vertex 89.3776 6 0
    endloop
  endfacet
  facet normal -0.900937 -0.433949 0
    outer loop
      vertex 89.3776 24 0
      vertex 89.3093 24.1418 15
      vertex 89.3093 24.1418 0
    endloop
  endfacet
  facet normal -0.900937 -0.433949 0
    outer loop
      vertex 89.3093 24.1418 15
      vertex 89.3776 24 0
      vertex 89.3776 24 15
    endloop
  endfacet
  facet normal -0.900937 -0.433949 0
    outer loop
      vertex 89.3776 24 20.02
      vertex 89.3093 24.1418 25
      vertex 89.3093 24.1418 20.02
    endloop
  endfacet
  facet normal -0.900937 -0.433949 0
    outer loop
      vertex 89.3093 24.1418 25
      vertex 89.3776 24 20.02
      vertex 89.3776 24 25
    endloop
  endfacet
  facet normal 1 -0 0
    outer loop
      vertex 86.108 21.5888 15
      vertex 86.108 23.4112 0
      vertex 86.108 23.4112 15
    endloop
  endfacet
  facet normal 1 0 0
    outer loop
      vertex 86.108 23.4112 0
      vertex 86.108 21.5888 15
      vertex 86.108 21.5888 0
    endloop
  endfacet
  facet normal 1 -0 0
    outer loop
      vertex 86.108 21.5888 25
      vertex 86.108 23.4112 20.02
      vertex 86.108 23.4112 25
    endloop
  endfacet
  facet normal 1 0 0
    outer loop
      vertex 86.108 23.4112 20.02
      vertex 86.108 21.5888 25
      vertex 86.108 21.5888 20.02
    endloop
  endfacet
  facet normal 0.62347 -0.781848 0
    outer loop
      vertex 86.108 23.4112 0
      vertex 87.5327 24.5473 15
      vertex 86.108 23.4112 15
    endloop
  endfacet
  facet normal 0.62347 -0.781848 0
    outer loop
      vertex 87.5327 24.5473 15
      vertex 86.108 23.4112 0
      vertex 87.5327 24.5473 0
    endloop
  endfacet
  facet normal 0.62347 -0.781848 0
    outer loop
      vertex 86.108 23.4112 20.02
      vertex 87.5327 24.5473 25
      vertex 86.108 23.4112 25
    endloop
  endfacet
  facet normal 0.62347 -0.781848 0
    outer loop
      vertex 87.5327 24.5473 25
      vertex 86.108 23.4112 20.02
      vertex 87.5327 24.5473 20.02
    endloop
  endfacet
  facet normal -0.222522 -0.974928 0
    outer loop
      vertex 87.5327 24.5473 0
      vertex 89.3093 24.1418 15
      vertex 87.5327 24.5473 15
    endloop
  endfacet
  facet normal -0.222522 -0.974928 -0
    outer loop
      vertex 89.3093 24.1418 15
      vertex 87.5327 24.5473 0
      vertex 89.3093 24.1418 0
    endloop
  endfacet
  facet normal -0.222522 -0.974928 0
    outer loop
      vertex 87.5327 24.5473 20.02
      vertex 89.3093 24.1418 25
      vertex 87.5327 24.5473 25
    endloop
  endfacet
  facet normal -0.222522 -0.974928 -0
    outer loop
      vertex 89.3093 24.1418 25
      vertex 87.5327 24.5473 20.02
      vertex 89.3093 24.1418 20.02
    endloop
  endfacet
  facet normal -0.900937 0.433949 0
    outer loop
      vertex 89.3093 20.8582 0
      vertex 89.3776 21 15
      vertex 89.3776 21 0
    endloop
  endfacet
  facet normal -0.900937 0.433949 0
    outer loop
      vertex 89.3776 21 15
      vertex 89.3093 20.8582 0
      vertex 89.3093 20.8582 15
    endloop
  endfacet
  facet normal -0.900937 0.433949 0
    outer loop
      vertex 89.3093 20.8582 20.02
      vertex 89.3776 21 25
      vertex 89.3776 21 20.02
    endloop
  endfacet
  facet normal -0.900937 0.433949 0
    outer loop
      vertex 89.3776 21 25
      vertex 89.3093 20.8582 20.02
      vertex 89.3093 20.8582 25
    endloop
  endfacet
  facet normal 0.62347 0.781848 -0
    outer loop
      vertex 87.5327 20.4527 0
      vertex 86.108 21.5888 15
      vertex 87.5327 20.4527 15
    endloop
  endfacet
  facet normal 0.62347 0.781848 0
    outer loop
      vertex 86.108 21.5888 15
      vertex 87.5327 20.4527 0
      vertex 86.108 21.5888 0
    endloop
  endfacet
  facet normal 0.62347 0.781848 -0
    outer loop
      vertex 87.5327 20.4527 20.02
      vertex 86.108 21.5888 25
      vertex 87.5327 20.4527 25
    endloop
  endfacet
  facet normal 0.62347 0.781848 0
    outer loop
      vertex 86.108 21.5888 25
      vertex 87.5327 20.4527 20.02
      vertex 86.108 21.5888 20.02
    endloop
  endfacet
  facet normal -0.222522 0.974928 0
    outer loop
      vertex 89.3093 20.8582 0
      vertex 87.5327 20.4527 15
      vertex 89.3093 20.8582 15
    endloop
  endfacet
  facet normal -0.222522 0.974928 0
    outer loop
      vertex 87.5327 20.4527 15
      vertex 89.3093 20.8582 0
      vertex 87.5327 20.4527 0
    endloop
  endfacet
  facet normal -0.222522 0.974928 0
    outer loop
      vertex 89.3093 20.8582 20.02
      vertex 87.5327 20.4527 25
      vertex 89.3093 20.8582 25
    endloop
  endfacet
  facet normal -0.222522 0.974928 0
    outer loop
      vertex 87.5327 20.4527 25
      vertex 89.3093 20.8582 20.02
      vertex 87.5327 20.4527 20.02
    endloop
  endfacet
  facet normal 0 -1 0
    outer loop
      vertex 89.3776 24 0
      vertex 90 24 15
      vertex 89.3776 24 15
    endloop
  endfacet
  facet normal 0 -1 -0
    outer loop
      vertex 90 24 15
      vertex 89.3776 24 0
      vertex 90 24 0
    endloop
  endfacet
  facet normal 0 -1 0
    outer loop
      vertex 89.3776 24 20.02
      vertex 90 24 25
      vertex 89.3776 24 25
    endloop
  endfacet
  facet normal 0 -1 -0
    outer loop
      vertex 90 24 25
      vertex 89.3776 24 20.02
      vertex 90 24 20.02
    endloop
  endfacet
  facet normal 0 1 -0
    outer loop
      vertex 90 21 0
      vertex 89.3776 21 15
      vertex 90 21 15
    endloop
  endfacet
  facet normal 0 1 0
    outer loop
      vertex 89.3776 21 15
      vertex 90 21 0
      vertex 89.3776 21 0
    endloop
  endfacet
  facet normal 0 1 -0
    outer loop
      vertex 90 21 20.02
      vertex 89.3776 21 25
      vertex 90 21 25
    endloop
  endfacet
  facet normal 0 1 0
    outer loop
      vertex 89.3776 21 25
      vertex 90 21 20.02
      vertex 89.3776 21 20.02
    endloop
  endfacet
  facet normal -0.900967 -0.433887 0
    outer loop
      vertex 84.6 43 0
      vertex 84 44.2459 25
      vertex 84 44.2459 0
    endloop
  endfacet
  facet normal -0.900967 -0.433887 0
    outer loop
      vertex 84 44.2459 25
      vertex 84.6 43 0
      vertex 84.6 43 25
    endloop
  endfacet
  facet normal 1 -0 0
    outer loop
      vertex 80.608 42.0888 25
      vertex 80.608 43.9112 0
      vertex 80.608 43.9112 25
    endloop
  endfacet
  facet normal 1 0 0
    outer loop
      vertex 80.608 43.9112 0
      vertex 80.608 42.0888 25
      vertex 80.608 42.0888 0
    endloop
  endfacet
  facet normal 0.623478 -0.781841 0
    outer loop
      vertex 80.608 43.9112 0
      vertex 81 44.2238 25
      vertex 80.608 43.9112 25
    endloop
  endfacet
  facet normal 0.623478 -0.781841 0
    outer loop
      vertex 81 44.2238 25
      vertex 80.608 43.9112 0
      vertex 81 44.2238 0
    endloop
  endfacet
  facet normal -0.900958 0.433906 0
    outer loop
      vertex 83.8093 41.3582 0
      vertex 84.6 43 25
      vertex 84.6 43 0
    endloop
  endfacet
  facet normal -0.900958 0.433906 0
    outer loop
      vertex 84.6 43 25
      vertex 83.8093 41.3582 0
      vertex 83.8093 41.3582 25
    endloop
  endfacet
  facet normal 0.62347 0.781848 -0
    outer loop
      vertex 82.0327 40.9527 0
      vertex 80.608 42.0888 25
      vertex 82.0327 40.9527 25
    endloop
  endfacet
  facet normal 0.62347 0.781848 0
    outer loop
      vertex 80.608 42.0888 25
      vertex 82.0327 40.9527 0
      vertex 80.608 42.0888 0
    endloop
  endfacet
  facet normal -0.222522 0.974928 0
    outer loop
      vertex 83.8093 41.3582 0
      vertex 82.0327 40.9527 25
      vertex 83.8093 41.3582 25
    endloop
  endfacet
  facet normal -0.222522 0.974928 0
    outer loop
      vertex 82.0327 40.9527 25
      vertex 83.8093 41.3582 0
      vertex 82.0327 40.9527 0
    endloop
  endfacet
  facet normal -0.900937 -0.433949 0
    outer loop
      vertex 89.3776 39 0
      vertex 89.3093 39.1418 25
      vertex 89.3093 39.1418 0
    endloop
  endfacet
  facet normal -0.900937 -0.433949 0
    outer loop
      vertex 89.3093 39.1418 25
      vertex 89.3776 39 0
      vertex 89.3776 39 25
    endloop
  endfacet
  facet normal 1 -0 0
    outer loop
      vertex 86.108 36.5888 25
      vertex 86.108 38.4112 0
      vertex 86.108 38.4112 25
    endloop
  endfacet
  facet normal 1 0 0
    outer loop
      vertex 86.108 38.4112 0
      vertex 86.108 36.5888 25
      vertex 86.108 36.5888 0
    endloop
  endfacet
  facet normal 0.62347 -0.781848 0
    outer loop
      vertex 86.108 38.4112 0
      vertex 87.5327 39.5473 25
      vertex 86.108 38.4112 25
    endloop
  endfacet
  facet normal 0.62347 -0.781848 0
    outer loop
      vertex 87.5327 39.5473 25
      vertex 86.108 38.4112 0
      vertex 87.5327 39.5473 0
    endloop
  endfacet
  facet normal -0.222522 -0.974928 0
    outer loop
      vertex 87.5327 39.5473 0
      vertex 89.3093 39.1418 25
      vertex 87.5327 39.5473 25
    endloop
  endfacet
  facet normal -0.222522 -0.974928 -0
    outer loop
      vertex 89.3093 39.1418 25
      vertex 87.5327 39.5473 0
      vertex 89.3093 39.1418 0
    endloop
  endfacet
  facet normal -0.900937 0.433949 0
    outer loop
      vertex 89.3093 35.8582 0
      vertex 89.3776 36 25
      vertex 89.3776 36 0
    endloop
  endfacet
  facet normal -0.900937 0.433949 0
    outer loop
      vertex 89.3776 36 25
      vertex 89.3093 35.8582 0
      vertex 89.3093 35.8582 25
    endloop
  endfacet
  facet normal 0.62347 0.781848 -0
    outer loop
      vertex 87.5327 35.4527 0
      vertex 86.108 36.5888 25
      vertex 87.5327 35.4527 25
    endloop
  endfacet
  facet normal 0.62347 0.781848 0
    outer loop
      vertex 86.108 36.5888 25
      vertex 87.5327 35.4527 0
      vertex 86.108 36.5888 0
    endloop
  endfacet
  facet normal -0.222522 0.974928 0
    outer loop
      vertex 89.3093 35.8582 0
      vertex 87.5327 35.4527 25
      vertex 89.3093 35.8582 25
    endloop
  endfacet
  facet normal -0.222522 0.974928 0
    outer loop
      vertex 87.5327 35.4527 25
      vertex 89.3093 35.8582 0
      vertex 87.5327 35.4527 0
    endloop
  endfacet
  facet normal 1 -0 0
    outer loop
      vertex 81 44.2238 25
      vertex 81 45 0
      vertex 81 45 25
    endloop
  endfacet
  facet normal 1 0 0
    outer loop
      vertex 81 45 0
      vertex 81 44.2238 25
      vertex 81 44.2238 0
    endloop
  endfacet
  facet normal -1 0 0
    outer loop
      vertex 84 44.2459 0
      vertex 84 45 25
      vertex 84 45 0
    endloop
  endfacet
  facet normal -1 -0 0
    outer loop
      vertex 84 45 25
      vertex 84 44.2459 0
      vertex 84 44.2459 25
    endloop
  endfacet
  facet normal 0 -1 0
    outer loop
      vertex 89.3776 39 0
      vertex 90 39 25
      vertex 89.3776 39 25
    endloop
  endfacet
  facet normal 0 -1 -0
    outer loop
      vertex 90 39 25
      vertex 89.3776 39 0
      vertex 90 39 0
    endloop
  endfacet
  facet normal 0 1 -0
    outer loop
      vertex 90 36 0
      vertex 89.3776 36 25
      vertex 90 36 25
    endloop
  endfacet
  facet normal 0 1 0
    outer loop
      vertex 89.3776 36 25
      vertex 90 36 0
      vertex 89.3776 36 0
    endloop
  endfacet
  facet normal 0 0 -1
    outer loop
      vertex 0.846351 36 25
      vertex 4.1 37.5 25
      vertex 3.30933 35.8582 25
    endloop
  endfacet
  facet normal 0 0 -1
    outer loop
      vertex 0.846351 36 25
      vertex 3.30933 35.8582 25
      vertex 1.53271 35.4527 25
    endloop
  endfacet
  facet normal 0 -0 -1
    outer loop
      vertex 0.846352 39 25
      vertex 4.1 37.5 25
      vertex 0.846351 36 25
    endloop
  endfacet
  facet normal -0 0 -1
    outer loop
      vertex 3.30933 39.1418 25
      vertex 0.846352 39 25
      vertex 1.53271 39.5473 25
    endloop
  endfacet
  facet normal 0 0 -1
    outer loop
      vertex 4.1 37.5 25
      vertex 0.846352 39 25
      vertex 3.30933 39.1418 25
    endloop
  endfacet
  facet normal 0 0 -1
    outer loop
      vertex 0 36 25
      vertex 0.846352 39 25
      vertex 0.846351 36 25
    endloop
  endfacet
  facet normal -0 0 -1
    outer loop
      vertex 0.846352 39 25
      vertex 0 36 25
      vertex 0 39 25
    endloop
  endfacet
  facet normal 0 0 -1
    outer loop
      vertex 0.846351 6 25
      vertex 4.1 7.5 25
      vertex 3.30933 5.85815 25
    endloop
  endfacet
  facet normal 0 0 -1
    outer loop
      vertex 0.846351 6 25
      vertex 3.30933 5.85815 25
      vertex 1.53271 5.45265 25
    endloop
  endfacet
  facet normal 0 -0 -1
    outer loop
      vertex 0.846352 9 25
      vertex 4.1 7.5 25
      vertex 0.846351 6 25
    endloop
  endfacet
  facet normal -0 0 -1
    outer loop
      vertex 3.30933 9.14185 25
      vertex 0.846352 9 25
      vertex 1.53271 9.54735 25
    endloop
  endfacet
  facet normal 0 0 -1
    outer loop
      vertex 4.1 7.5 25
      vertex 0.846352 9 25
      vertex 3.30933 9.14185 25
    endloop
  endfacet
  facet normal 0 0 -1
    outer loop
      vertex 0 6 25
      vertex 0.846352 9 25
      vertex 0.846351 6 25
    endloop
  endfacet
  facet normal -0 0 -1
    outer loop
      vertex 0.846352 9 25
      vertex 0 6 25
      vertex 0 9 25
    endloop
  endfacet
  facet normal 0 0 -1
    outer loop
      vertex 6 0.776206 25
      vertex 9 0.754088 25
      vertex 9 0 25
    endloop
  endfacet
  facet normal 0 0 -1
    outer loop
      vertex 9 0.754088 25
      vertex 6 0.776206 25
      vertex 8.80933 3.64185 25
    endloop
  endfacet
  facet normal 0 0 -1
    outer loop
      vertex 6 0.776206 25
      vertex 9 0 25
      vertex 6 0 25
    endloop
  endfacet
  facet normal -0 0 -1
    outer loop
      vertex 8.80933 3.64185 25
      vertex 6 0.776206 25
      vertex 7.03271 4.04735 25
    endloop
  endfacet
  facet normal 0 0 -1
    outer loop
      vertex 5.60796 2.91116 25
      vertex 6 0.776206 25
      vertex 5.60796 1.08884 25
    endloop
  endfacet
  facet normal 0 0 -1
    outer loop
      vertex 6 0.776206 25
      vertex 5.60796 2.91116 25
      vertex 7.03271 4.04735 25
    endloop
  endfacet
  facet normal -0 0 -1
    outer loop
      vertex 9.6 2 25
      vertex 9 0.754088 25
      vertex 8.80933 3.64185 25
    endloop
  endfacet
  facet normal 0 0 -1
    outer loop
      vertex 21 0.776206 25
      vertex 24 0.754088 25
      vertex 24 0 25
    endloop
  endfacet
  facet normal 0 0 -1
    outer loop
      vertex 24 0.754088 25
      vertex 21 0.776206 25
      vertex 23.8093 3.64185 25
    endloop
  endfacet
  facet normal 0 0 -1
    outer loop
      vertex 21 0.776206 25
      vertex 24 0 25
      vertex 21 0 25
    endloop
  endfacet
  facet normal -0 0 -1
    outer loop
      vertex 23.8093 3.64185 25
      vertex 21 0.776206 25
      vertex 22.0327 4.04735 25
    endloop
  endfacet
  facet normal 0 0 -1
    outer loop
      vertex 20.608 2.91116 25
      vertex 21 0.776206 25
      vertex 20.608 1.08884 25
    endloop
  endfacet
  facet normal 0 0 -1
    outer loop
      vertex 21 0.776206 25
      vertex 20.608 2.91116 25
      vertex 22.0327 4.04735 25
    endloop
  endfacet
  facet normal -0 0 -1
    outer loop
      vertex 24.6 2 25
      vertex 24 0.754088 25
      vertex 23.8093 3.64185 25
    endloop
  endfacet
  facet normal 0 0 -1
    outer loop
      vertex 36 0.776206 25
      vertex 39 0.754088 25
      vertex 39 0 25
    endloop
  endfacet
  facet normal 0 0 -1
    outer loop
      vertex 39 0.754088 25
      vertex 36 0.776206 25
      vertex 38.8093 3.64185 25
    endloop
  endfacet
  facet normal 0 0 -1
    outer loop
      vertex 36 0.776206 25
      vertex 39 0 25
      vertex 36 0 25
    endloop
  endfacet
  facet normal -0 0 -1
    outer loop
      vertex 38.8093 3.64185 25
      vertex 36 0.776206 25
      vertex 37.0327 4.04735 25
    endloop
  endfacet
  facet normal 0 0 -1
    outer loop
      vertex 35.608 2.91116 25
      vertex 36 0.776206 25
      vertex 35.608 1.08884 25
    endloop
  endfacet
  facet normal 0 0 -1
    outer loop
      vertex 36 0.776206 25
      vertex 35.608 2.91116 25
      vertex 37.0327 4.04735 25
    endloop
  endfacet
  facet normal -0 0 -1
    outer loop
      vertex 39.6 2 25
      vertex 39 0.754088 25
      vertex 38.8093 3.64185 25
    endloop
  endfacet
  facet normal 0 0 -1
    outer loop
      vertex 51 0.776206 25
      vertex 54 0.754088 25
      vertex 54 0 25
    endloop
  endfacet
  facet normal 0 0 -1
    outer loop
      vertex 54 0.754088 25
      vertex 51 0.776206 25
      vertex 53.8093 3.64185 25
    endloop
  endfacet
  facet normal 0 0 -1
    outer loop
      vertex 51 0.776206 25
      vertex 54 0 25
      vertex 51 0 25
    endloop
  endfacet
  facet normal -0 0 -1
    outer loop
      vertex 53.8093 3.64185 25
      vertex 51 0.776206 25
      vertex 52.0327 4.04735 25
    endloop
  endfacet
  facet normal 0 0 -1
    outer loop
      vertex 50.608 2.91116 25
      vertex 51 0.776206 25
      vertex 50.608 1.08884 25
    endloop
  endfacet
  facet normal 0 0 -1
    outer loop
      vertex 51 0.776206 25
      vertex 50.608 2.91116 25
      vertex 52.0327 4.04735 25
    endloop
  endfacet
  facet normal -0 0 -1
    outer loop
      vertex 54.6 2 25
      vertex 54 0.754088 25
      vertex 53.8093 3.64185 25
    endloop
  endfacet
  facet normal 0 0 -1
    outer loop
      vertex 66 0.776206 25
      vertex 69 0.754088 25
      vertex 69 0 25
    endloop
  endfacet
  facet normal 0 0 -1
    outer loop
      vertex 69 0.754088 25
      vertex 66 0.776206 25
      vertex 68.8093 3.64185 25
    endloop
  endfacet
  facet normal 0 0 -1
    outer loop
      vertex 66 0.776206 25
      vertex 69 0 25
      vertex 66 0 25
    endloop
  endfacet
  facet normal -0 0 -1
    outer loop
      vertex 68.8093 3.64185 25
      vertex 66 0.776206 25
      vertex 67.0327 4.04735 25
    endloop
  endfacet
  facet normal 0 0 -1
    outer loop
      vertex 65.608 2.91116 25
      vertex 66 0.776206 25
      vertex 65.608 1.08884 25
    endloop
  endfacet
  facet normal 0 0 -1
    outer loop
      vertex 66 0.776206 25
      vertex 65.608 2.91116 25
      vertex 67.0327 4.04735 25
    endloop
  endfacet
  facet normal -0 0 -1
    outer loop
      vertex 69.6 2 25
      vertex 69 0.754088 25
      vertex 68.8093 3.64185 25
    endloop
  endfacet
  facet normal 0 0 -1
    outer loop
      vertex 81 0.776206 25
      vertex 84 0.754088 25
      vertex 84 0 25
    endloop
  endfacet
  facet normal 0 0 -1
    outer loop
      vertex 84 0.754088 25
      vertex 81 0.776206 25
      vertex 83.8093 3.64185 25
    endloop
  endfacet
  facet normal 0 0 -1
    outer loop
      vertex 81 0.776206 25
      vertex 84 0 25
      vertex 81 0 25
    endloop
  endfacet
  facet normal -0 0 -1
    outer loop
      vertex 83.8093 3.64185 25
      vertex 81 0.776206 25
      vertex 82.0327 4.04735 25
    endloop
  endfacet
  facet normal 0 0 -1
    outer loop
      vertex 80.608 2.91116 25
      vertex 81 0.776206 25
      vertex 80.608 1.08884 25
    endloop
  endfacet
  facet normal 0 0 -1
    outer loop
      vertex 81 0.776206 25
      vertex 80.608 2.91116 25
      vertex 82.0327 4.04735 25
    endloop
  endfacet
  facet normal -0 0 -1
    outer loop
      vertex 84.6 2 25
      vertex 84 0.754088 25
      vertex 83.8093 3.64185 25
    endloop
  endfacet
  facet normal 0 0 -1
    outer loop
      vertex 5.60796 42.0888 25
      vertex 6 44.2238 25
      vertex 7.03271 40.9527 25
    endloop
  endfacet
  facet normal 0 0 -1
    outer loop
      vertex 6 44.2238 25
      vertex 5.60796 42.0888 25
      vertex 5.60796 43.9112 25
    endloop
  endfacet
  facet normal 0 0 -1
    outer loop
      vertex 8.80933 41.3582 25
      vertex 9 44.2459 25
      vertex 9.6 43 25
    endloop
  endfacet
  facet normal 0 0 -1
    outer loop
      vertex 6 44.2238 25
      vertex 9 44.2459 25
      vertex 8.80933 41.3582 25
    endloop
  endfacet
  facet normal 0 0 -1
    outer loop
      vertex 6 44.2238 25
      vertex 8.80933 41.3582 25
      vertex 7.03271 40.9527 25
    endloop
  endfacet
  facet normal -0 0 -1
    outer loop
      vertex 9 44.2459 25
      vertex 6 44.2238 25
      vertex 9 45 25
    endloop
  endfacet
  facet normal -0 0 -1
    outer loop
      vertex 9 45 25
      vertex 6 44.2238 25
      vertex 6 45 25
    endloop
  endfacet
  facet normal 0 0 -1
    outer loop
      vertex 20.608 42.0888 25
      vertex 21 44.2238 25
      vertex 22.0327 40.9527 25
    endloop
  endfacet
  facet normal 0 0 -1
    outer loop
      vertex 21 44.2238 25
      vertex 20.608 42.0888 25
      vertex 20.608 43.9112 25
    endloop
  endfacet
  facet normal 0 0 -1
    outer loop
      vertex 23.8093 41.3582 25
      vertex 24 44.2459 25
      vertex 24.6 43 25
    endloop
  endfacet
  facet normal 0 0 -1
    outer loop
      vertex 21 44.2238 25
      vertex 24 44.2459 25
      vertex 23.8093 41.3582 25
    endloop
  endfacet
  facet normal 0 0 -1
    outer loop
      vertex 21 44.2238 25
      vertex 23.8093 41.3582 25
      vertex 22.0327 40.9527 25
    endloop
  endfacet
  facet normal -0 0 -1
    outer loop
      vertex 24 44.2459 25
      vertex 21 44.2238 25
      vertex 24 45 25
    endloop
  endfacet
  facet normal -0 0 -1
    outer loop
      vertex 24 45 25
      vertex 21 44.2238 25
      vertex 21 45 25
    endloop
  endfacet
  facet normal 0 0 -1
    outer loop
      vertex 35.608 42.0888 25
      vertex 36 44.2238 25
      vertex 37.0327 40.9527 25
    endloop
  endfacet
  facet normal 0 0 -1
    outer loop
      vertex 36 44.2238 25
      vertex 35.608 42.0888 25
      vertex 35.608 43.9112 25
    endloop
  endfacet
  facet normal 0 0 -1
    outer loop
      vertex 38.8093 41.3582 25
      vertex 39 44.2459 25
      vertex 39.6 43 25
    endloop
  endfacet
  facet normal 0 0 -1
    outer loop
      vertex 36 44.2238 25
      vertex 39 44.2459 25
      vertex 38.8093 41.3582 25
    endloop
  endfacet
  facet normal 0 0 -1
    outer loop
      vertex 36 44.2238 25
      vertex 38.8093 41.3582 25
      vertex 37.0327 40.9527 25
    endloop
  endfacet
  facet normal -0 0 -1
    outer loop
      vertex 39 44.2459 25
      vertex 36 44.2238 25
      vertex 39 45 25
    endloop
  endfacet
  facet normal -0 0 -1
    outer loop
      vertex 39 45 25
      vertex 36 44.2238 25
      vertex 36 45 25
    endloop
  endfacet
  facet normal 0 0 -1
    outer loop
      vertex 50.608 42.0888 25
      vertex 51 44.2238 25
      vertex 52.0327 40.9527 25
    endloop
  endfacet
  facet normal 0 0 -1
    outer loop
      vertex 51 44.2238 25
      vertex 50.608 42.0888 25
      vertex 50.608 43.9112 25
    endloop
  endfacet
  facet normal 0 0 -1
    outer loop
      vertex 53.8093 41.3582 25
      vertex 54 44.2459 25
      vertex 54.6 43 25
    endloop
  endfacet
  facet normal 0 0 -1
    outer loop
      vertex 51 44.2238 25
      vertex 54 44.2459 25
      vertex 53.8093 41.3582 25
    endloop
  endfacet
  facet normal 0 0 -1
    outer loop
      vertex 51 44.2238 25
      vertex 53.8093 41.3582 25
      vertex 52.0327 40.9527 25
    endloop
  endfacet
  facet normal -0 0 -1
    outer loop
      vertex 54 44.2459 25
      vertex 51 44.2238 25
      vertex 54 45 25
    endloop
  endfacet
  facet normal -0 0 -1
    outer loop
      vertex 54 45 25
      vertex 51 44.2238 25
      vertex 51 45 25
    endloop
  endfacet
  facet normal 0 0 -1
    outer loop
      vertex 65.608 42.0888 25
      vertex 66 44.2238 25
      vertex 67.0327 40.9527 25
    endloop
  endfacet
  facet normal 0 0 -1
    outer loop
      vertex 66 44.2238 25
      vertex 65.608 42.0888 25
      vertex 65.608 43.9112 25
    endloop
  endfacet
  facet normal 0 0 -1
    outer loop
      vertex 68.8093 41.3582 25
      vertex 69 44.2459 25
      vertex 69.6 43 25
    endloop
  endfacet
  facet normal 0 0 -1
    outer loop
      vertex 66 44.2238 25
      vertex 69 44.2459 25
      vertex 68.8093 41.3582 25
    endloop
  endfacet
  facet normal 0 0 -1
    outer loop
      vertex 66 44.2238 25
      vertex 68.8093 41.3582 25
      vertex 67.0327 40.9527 25
    endloop
  endfacet
  facet normal -0 0 -1
    outer loop
      vertex 69 44.2459 25
      vertex 66 44.2238 25
      vertex 69 45 25
    endloop
  endfacet
  facet normal -0 0 -1
    outer loop
      vertex 69 45 25
      vertex 66 44.2238 25
      vertex 66 45 25
    endloop
  endfacet
  facet normal 0 0 -1
    outer loop
      vertex 80.608 42.0888 25
      vertex 81 44.2238 25
      vertex 82.0327 40.9527 25
    endloop
  endfacet
  facet normal 0 0 -1
    outer loop
      vertex 81 44.2238 25
      vertex 80.608 42.0888 25
      vertex 80.608 43.9112 25
    endloop
  endfacet
  facet normal 0 0 -1
    outer loop
      vertex 83.8093 41.3582 25
      vertex 84 44.2459 25
      vertex 84.6 43 25
    endloop
  endfacet
  facet normal 0 0 -1
    outer loop
      vertex 81 44.2238 25
      vertex 84 44.2459 25
      vertex 83.8093 41.3582 25
    endloop
  endfacet
  facet normal 0 0 -1
    outer loop
      vertex 81 44.2238 25
      vertex 83.8093 41.3582 25
      vertex 82.0327 40.9527 25
    endloop
  endfacet
  facet normal -0 0 -1
    outer loop
      vertex 84 44.2459 25
      vertex 81 44.2238 25
      vertex 84 45 25
    endloop
  endfacet
  facet normal -0 0 -1
    outer loop
      vertex 84 45 25
      vertex 81 44.2238 25
      vertex 81 45 25
    endloop
  endfacet
  facet normal 0 0 -1
    outer loop
      vertex 89.3776 36 25
      vertex 90 39 25
      vertex 90 36 25
    endloop
  endfacet
  facet normal 0 0 -1
    outer loop
      vertex 89.3776 36 25
      vertex 89.3776 39 25
      vertex 90 39 25
    endloop
  endfacet
  facet normal 0 0 -1
    outer loop
      vertex 87.5327 35.4527 25
      vertex 89.3776 36 25
      vertex 89.3093 35.8582 25
    endloop
  endfacet
  facet normal 0 0 -1
    outer loop
      vertex 86.108 36.5888 25
      vertex 89.3776 36 25
      vertex 87.5327 35.4527 25
    endloop
  endfacet
  facet normal 0 0 -1
    outer loop
      vertex 89.3776 36 25
      vertex 86.108 36.5888 25
      vertex 89.3776 39 25
    endloop
  endfacet
  facet normal 0 0 -1
    outer loop
      vertex 89.3776 39 25
      vertex 87.5327 39.5473 25
      vertex 89.3093 39.1418 25
    endloop
  endfacet
  facet normal 0 0 -1
    outer loop
      vertex 86.108 38.4112 25
      vertex 89.3776 39 25
      vertex 86.108 36.5888 25
    endloop
  endfacet
  facet normal -0 0 -1
    outer loop
      vertex 89.3776 39 25
      vertex 86.108 38.4112 25
      vertex 87.5327 39.5473 25
    endloop
  endfacet
  facet normal 0 0 -1
    outer loop
      vertex 89.3776 21 25
      vertex 90 24 25
      vertex 90 21 25
    endloop
  endfacet
  facet normal 0 0 -1
    outer loop
      vertex 89.3776 21 25
      vertex 89.3776 24 25
      vertex 90 24 25
    endloop
  endfacet
  facet normal 0 0 -1
    outer loop
      vertex 87.5327 20.4527 25
      vertex 89.3776 21 25
      vertex 89.3093 20.8582 25
    endloop
  endfacet
  facet normal 0 0 -1
    outer loop
      vertex 86.108 21.5888 25
      vertex 89.3776 21 25
      vertex 87.5327 20.4527 25
    endloop
  endfacet
  facet normal 0 0 -1
    outer loop
      vertex 89.3776 21 25
      vertex 86.108 21.5888 25
      vertex 89.3776 24 25
    endloop
  endfacet
  facet normal 0 0 -1
    outer loop
      vertex 89.3776 24 25
      vertex 87.5327 24.5473 25
      vertex 89.3093 24.1418 25
    endloop
  endfacet
  facet normal 0 0 -1
    outer loop
      vertex 86.108 23.4112 25
      vertex 89.3776 24 25
      vertex 86.108 21.5888 25
    endloop
  endfacet
  facet normal -0 0 -1
    outer loop
      vertex 89.3776 24 25
      vertex 86.108 23.4112 25
      vertex 87.5327 24.5473 25
    endloop
  endfacet
  facet normal 0 0 -1
    outer loop
      vertex 89.3776 6 25
      vertex 90 9 25
      vertex 90 6 25
    endloop
  endfacet
  facet normal 0 0 -1
    outer loop
      vertex 89.3776 6 25
      vertex 89.3776 9 25
      vertex 90 9 25
    endloop
  endfacet
  facet normal 0 0 -1
    outer loop
      vertex 87.5327 5.45265 25
      vertex 89.3776 6 25
      vertex 89.3093 5.85815 25
    endloop
  endfacet
  facet normal 0 0 -1
    outer loop
      vertex 86.108 6.58884 25
      vertex 89.3776 6 25
      vertex 87.5327 5.45265 25
    endloop
  endfacet
  facet normal 0 0 -1
    outer loop
      vertex 89.3776 6 25
      vertex 86.108 6.58884 25
      vertex 89.3776 9 25
    endloop
  endfacet
  facet normal 0 0 -1
    outer loop
      vertex 89.3776 9 25
      vertex 87.5327 9.54735 25
      vertex 89.3093 9.14185 25
    endloop
  endfacet
  facet normal 0 0 -1
    outer loop
      vertex 86.108 8.41116 25
      vertex 89.3776 9 25
      vertex 86.108 6.58884 25
    endloop
  endfacet
  facet normal -0 0 -1
    outer loop
      vertex 89.3776 9 25
      vertex 86.108 8.41116 25
      vertex 87.5327 9.54735 25
    endloop
  endfacet
  facet normal 0.793341 -0.608778 0
    outer loop
      vertex 78.5048 43.75 42
      vertex 79.464 45 39
      vertex 79.464 45 42
    endloop
  endfacet
  facet normal 0.793341 -0.608778 0
    outer loop
      vertex 79.464 45 39
      vertex 78.5048 43.75 42
      vertex 78.5048 43.75 39
    endloop
  endfacet
  facet normal 0.923892 -0.382653 0
    outer loop
      vertex 77.7556 41.9411 42
      vertex 78.5048 43.75 39
      vertex 78.5048 43.75 42
    endloop
  endfacet
  facet normal 0.923892 -0.382653 0
    outer loop
      vertex 78.5048 43.75 39
      vertex 77.7556 41.9411 42
      vertex 77.7556 41.9411 39
    endloop
  endfacet
  facet normal 0.382653 0.923892 -0
    outer loop
      vertex 83.0589 32.7556 39
      vertex 81.25 33.5048 42
      vertex 83.0589 32.7556 42
    endloop
  endfacet
  facet normal 0.382653 0.923892 0
    outer loop
      vertex 81.25 33.5048 42
      vertex 83.0589 32.7556 39
      vertex 81.25 33.5048 39
    endloop
  endfacet
  facet normal -0 0 1
    outer loop
      vertex 86.25 40 39
      vertex 90 34.464 39
      vertex 90 45 39
    endloop
  endfacet
  facet normal -0 0 1
    outer loop
      vertex 85.3863 38.8112 39
      vertex 90 34.464 39
      vertex 86.25 40 39
    endloop
  endfacet
  facet normal 0 0 1
    outer loop
      vertex 90 34.464 39
      vertex 85.3863 38.8112 39
      vertex 88.75 33.5048 39
    endloop
  endfacet
  facet normal 0 0 1
    outer loop
      vertex 90 45 39
      vertex 85.3863 41.1888 39
      vertex 86.25 40 39
    endloop
  endfacet
  facet normal -0 0 1
    outer loop
      vertex 79.464 45 39
      vertex 85.3863 41.1888 39
      vertex 90 45 39
    endloop
  endfacet
  facet normal -0 0 1
    outer loop
      vertex 77.5 40 39
      vertex 83.9887 39.2653 39
      vertex 83.9887 40.7347 39
    endloop
  endfacet
  facet normal 0 0 1
    outer loop
      vertex 83.9887 39.2653 39
      vertex 81.25 33.5048 39
      vertex 83.0589 32.7556 39
    endloop
  endfacet
  facet normal 0 0 1
    outer loop
      vertex 83.9887 39.2653 39
      vertex 79.6967 34.6967 39
      vertex 81.25 33.5048 39
    endloop
  endfacet
  facet normal 0 0 1
    outer loop
      vertex 85.3863 41.1888 39
      vertex 79.464 45 39
      vertex 83.9887 40.7347 39
    endloop
  endfacet
  facet normal -0 0 1
    outer loop
      vertex 78.5048 43.75 39
      vertex 83.9887 40.7347 39
      vertex 79.464 45 39
    endloop
  endfacet
  facet normal 0 0 1
    outer loop
      vertex 83.9887 40.7347 39
      vertex 78.5048 43.75 39
      vertex 77.7556 41.9411 39
    endloop
  endfacet
  facet normal 0 0 1
    outer loop
      vertex 83.9887 39.2653 39
      vertex 78.5048 36.25 39
      vertex 79.6967 34.6967 39
    endloop
  endfacet
  facet normal 0 0 1
    outer loop
      vertex 77.5 40 39
      vertex 83.9887 40.7347 39
      vertex 77.7556 41.9411 39
    endloop
  endfacet
  facet normal 0 0 1
    outer loop
      vertex 83.9887 39.2653 39
      vertex 77.7556 38.0589 39
      vertex 78.5048 36.25 39
    endloop
  endfacet
  facet normal 0 0 1
    outer loop
      vertex 83.9887 39.2653 39
      vertex 77.5 40 39
      vertex 77.7556 38.0589 39
    endloop
  endfacet
  facet normal 0 0 1
    outer loop
      vertex 88.75 33.5048 39
      vertex 85.3863 38.8112 39
      vertex 86.9411 32.7556 39
    endloop
  endfacet
  facet normal 0 0 1
    outer loop
      vertex 85.3863 38.8112 39
      vertex 85 32.5 39
      vertex 86.9411 32.7556 39
    endloop
  endfacet
  facet normal 0 0 1
    outer loop
      vertex 83.0589 32.7556 39
      vertex 85.3863 38.8112 39
      vertex 83.9887 39.2653 39
    endloop
  endfacet
  facet normal 0 0 1
    outer loop
      vertex 85.3863 38.8112 39
      vertex 83.0589 32.7556 39
      vertex 85 32.5 39
    endloop
  endfacet
  facet normal 0.991442 -0.130551 0
    outer loop
      vertex 77.5 40 42
      vertex 77.7556 41.9411 39
      vertex 77.7556 41.9411 42
    endloop
  endfacet
  facet normal 0.991442 -0.130551 0
    outer loop
      vertex 77.7556 41.9411 39
      vertex 77.5 40 42
      vertex 77.5 40 39
    endloop
  endfacet
  facet normal -0.382653 0.923892 0
    outer loop
      vertex 88.75 33.5048 39
      vertex 86.9411 32.7556 42
      vertex 88.75 33.5048 42
    endloop
  endfacet
  facet normal -0.382653 0.923892 0
    outer loop
      vertex 86.9411 32.7556 42
      vertex 88.75 33.5048 39
      vertex 86.9411 32.7556 39
    endloop
  endfacet
  facet normal 0.130551 0.991442 -0
    outer loop
      vertex 85 32.5 39
      vertex 83.0589 32.7556 42
      vertex 85 32.5 42
    endloop
  endfacet
  facet normal 0.130551 0.991442 0
    outer loop
      vertex 83.0589 32.7556 42
      vertex 85 32.5 39
      vertex 83.0589 32.7556 39
    endloop
  endfacet
  facet normal 0.608765 0.793351 -0
    outer loop
      vertex 81.25 33.5048 39
      vertex 79.6967 34.6967 42
      vertex 81.25 33.5048 42
    endloop
  endfacet
  facet normal 0.608765 0.793351 0
    outer loop
      vertex 79.6967 34.6967 42
      vertex 81.25 33.5048 39
      vertex 79.6967 34.6967 39
    endloop
  endfacet
  facet normal 0.923892 0.382653 0
    outer loop
      vertex 78.5048 36.25 42
      vertex 77.7556 38.0589 39
      vertex 77.7556 38.0589 42
    endloop
  endfacet
  facet normal 0.923892 0.382653 0
    outer loop
      vertex 77.7556 38.0589 39
      vertex 78.5048 36.25 42
      vertex 78.5048 36.25 39
    endloop
  endfacet
  facet normal 0.991442 0.130551 0
    outer loop
      vertex 77.7556 38.0589 42
      vertex 77.5 40 39
      vertex 77.5 40 42
    endloop
  endfacet
  facet normal 0.991442 0.130551 0
    outer loop
      vertex 77.5 40 39
      vertex 77.7556 38.0589 42
      vertex 77.7556 38.0589 39
    endloop
  endfacet
  facet normal -0.608778 0.793341 0
    outer loop
      vertex 90 34.464 39
      vertex 88.75 33.5048 42
      vertex 90 34.464 42
    endloop
  endfacet
  facet normal -0.608778 0.793341 0
    outer loop
      vertex 88.75 33.5048 42
      vertex 90 34.464 39
      vertex 88.75 33.5048 39
    endloop
  endfacet
  facet normal -0.130551 0.991442 0
    outer loop
      vertex 86.9411 32.7556 39
      vertex 85 32.5 42
      vertex 86.9411 32.7556 42
    endloop
  endfacet
  facet normal -0.130551 0.991442 0
    outer loop
      vertex 85 32.5 42
      vertex 86.9411 32.7556 39
      vertex 85 32.5 39
    endloop
  endfacet
  facet normal 0.793351 0.608765 0
    outer loop
      vertex 79.6967 34.6967 42
      vertex 78.5048 36.25 39
      vertex 78.5048 36.25 42
    endloop
  endfacet
  facet normal 0.793351 0.608765 0
    outer loop
      vertex 78.5048 36.25 39
      vertex 79.6967 34.6967 42
      vertex 79.6967 34.6967 39
    endloop
  endfacet
  facet normal -0.991442 -0.130551 0
    outer loop
      vertex 12.5 40 39
      vertex 12.2444 41.9411 42
      vertex 12.2444 41.9411 39
    endloop
  endfacet
  facet normal -0.991442 -0.130551 0
    outer loop
      vertex 12.2444 41.9411 42
      vertex 12.5 40 39
      vertex 12.5 40 42
    endloop
  endfacet
  facet normal 0 0 1
    outer loop
      vertex 6.25 40 39
      vertex 12.5 40 39
      vertex 12.2444 41.9411 39
    endloop
  endfacet
  facet normal 0 0 1
    outer loop
      vertex 6.25 40 39
      vertex 12.2444 41.9411 39
      vertex 11.4952 43.75 39
    endloop
  endfacet
  facet normal 0 0 1
    outer loop
      vertex 12.5 40 39
      vertex 6.25 40 39
      vertex 12.2444 38.0589 39
    endloop
  endfacet
  facet normal 0 0 1
    outer loop
      vertex 6.25 40 39
      vertex 11.4952 43.75 39
      vertex 10.536 45 39
    endloop
  endfacet
  facet normal 0 0 1
    outer loop
      vertex 12.2444 38.0589 39
      vertex 6.25 40 39
      vertex 11.4952 36.25 39
    endloop
  endfacet
  facet normal -0 0 1
    outer loop
      vertex 5.38627 38.8112 39
      vertex 11.4952 36.25 39
      vertex 6.25 40 39
    endloop
  endfacet
  facet normal 0 0 1
    outer loop
      vertex 11.4952 36.25 39
      vertex 5.38627 38.8112 39
      vertex 10.3033 34.6967 39
    endloop
  endfacet
  facet normal 0 0 1
    outer loop
      vertex 10.3033 34.6967 39
      vertex 5.38627 38.8112 39
      vertex 8.75 33.5048 39
    endloop
  endfacet
  facet normal 0 0 1
    outer loop
      vertex 10.536 45 39
      vertex 5.38627 41.1888 39
      vertex 6.25 40 39
    endloop
  endfacet
  facet normal -0 0 1
    outer loop
      vertex 0 45 39
      vertex 5.38627 41.1888 39
      vertex 10.536 45 39
    endloop
  endfacet
  facet normal 0 0 1
    outer loop
      vertex 0 45 39
      vertex 3.98873 39.2653 39
      vertex 3.98873 40.7347 39
    endloop
  endfacet
  facet normal 0 0 1
    outer loop
      vertex 3.98873 39.2653 39
      vertex 1.25 33.5048 39
      vertex 3.05886 32.7556 39
    endloop
  endfacet
  facet normal 0 0 1
    outer loop
      vertex 5.38627 41.1888 39
      vertex 0 45 39
      vertex 3.98873 40.7347 39
    endloop
  endfacet
  facet normal 0 0 1
    outer loop
      vertex 3.98873 39.2653 39
      vertex 0 45 39
      vertex 0 34.464 39
    endloop
  endfacet
  facet normal 0 0 1
    outer loop
      vertex 3.98873 39.2653 39
      vertex 0 34.464 39
      vertex 1.25 33.5048 39
    endloop
  endfacet
  facet normal 0 0 1
    outer loop
      vertex 8.75 33.5048 39
      vertex 5.38627 38.8112 39
      vertex 6.94114 32.7556 39
    endloop
  endfacet
  facet normal 0 0 1
    outer loop
      vertex 5.38627 38.8112 39
      vertex 5 32.5 39
      vertex 6.94114 32.7556 39
    endloop
  endfacet
  facet normal 0 0 1
    outer loop
      vertex 3.05886 32.7556 39
      vertex 5.38627 38.8112 39
      vertex 3.98873 39.2653 39
    endloop
  endfacet
  facet normal 0 0 1
    outer loop
      vertex 5.38627 38.8112 39
      vertex 3.05886 32.7556 39
      vertex 5 32.5 39
    endloop
  endfacet
  facet normal -0.793351 0.608765 0
    outer loop
      vertex 10.3033 34.6967 39
      vertex 11.4952 36.25 42
      vertex 11.4952 36.25 39
    endloop
  endfacet
  facet normal -0.793351 0.608765 0
    outer loop
      vertex 11.4952 36.25 42
      vertex 10.3033 34.6967 39
      vertex 10.3033 34.6967 42
    endloop
  endfacet
  facet normal 0.38266 0.923889 -0
    outer loop
      vertex 3.05886 32.7556 39
      vertex 1.25 33.5048 42
      vertex 3.05886 32.7556 42
    endloop
  endfacet
  facet normal 0.38266 0.923889 0
    outer loop
      vertex 1.25 33.5048 42
      vertex 3.05886 32.7556 39
      vertex 1.25 33.5048 39
    endloop
  endfacet
  facet normal -0.793341 -0.608778 0
    outer loop
      vertex 11.4952 43.75 39
      vertex 10.536 45 42
      vertex 10.536 45 39
    endloop
  endfacet
  facet normal -0.793341 -0.608778 0
    outer loop
      vertex 10.536 45 42
      vertex 11.4952 43.75 39
      vertex 11.4952 43.75 42
    endloop
  endfacet
  facet normal -0.923892 -0.382653 0
    outer loop
      vertex 12.2444 41.9411 39
      vertex 11.4952 43.75 42
      vertex 11.4952 43.75 39
    endloop
  endfacet
  facet normal -0.923892 -0.382653 0
    outer loop
      vertex 11.4952 43.75 42
      vertex 12.2444 41.9411 39
      vertex 12.2444 41.9411 42
    endloop
  endfacet
  facet normal -0.38266 0.923889 0
    outer loop
      vertex 8.75 33.5048 39
      vertex 6.94114 32.7556 42
      vertex 8.75 33.5048 42
    endloop
  endfacet
  facet normal -0.38266 0.923889 0
    outer loop
      vertex 6.94114 32.7556 42
      vertex 8.75 33.5048 39
      vertex 6.94114 32.7556 39
    endloop
  endfacet
  facet normal 0.130548 0.991442 -0
    outer loop
      vertex 5 32.5 39
      vertex 3.05886 32.7556 42
      vertex 5 32.5 42
    endloop
  endfacet
  facet normal 0.130548 0.991442 0
    outer loop
      vertex 3.05886 32.7556 42
      vertex 5 32.5 39
      vertex 3.05886 32.7556 39
    endloop
  endfacet
  facet normal 0.608778 0.793341 -0
    outer loop
      vertex 1.25 33.5048 39
      vertex 0 34.464 42
      vertex 1.25 33.5048 42
    endloop
  endfacet
  facet normal 0.608778 0.793341 0
    outer loop
      vertex 0 34.464 42
      vertex 1.25 33.5048 39
      vertex 0 34.464 39
    endloop
  endfacet
  facet normal -0.923892 0.382653 0
    outer loop
      vertex 11.4952 36.25 39
      vertex 12.2444 38.0589 42
      vertex 12.2444 38.0589 39
    endloop
  endfacet
  facet normal -0.923892 0.382653 0
    outer loop
      vertex 12.2444 38.0589 42
      vertex 11.4952 36.25 39
      vertex 11.4952 36.25 42
    endloop
  endfacet
  facet normal -0.608765 0.793351 0
    outer loop
      vertex 10.3033 34.6967 39
      vertex 8.75 33.5048 42
      vertex 10.3033 34.6967 42
    endloop
  endfacet
  facet normal -0.608765 0.793351 0
    outer loop
      vertex 8.75 33.5048 42
      vertex 10.3033 34.6967 39
      vertex 8.75 33.5048 39
    endloop
  endfacet
  facet normal -0.130548 0.991442 0
    outer loop
      vertex 6.94114 32.7556 39
      vertex 5 32.5 42
      vertex 6.94114 32.7556 42
    endloop
  endfacet
  facet normal -0.130548 0.991442 0
    outer loop
      vertex 5 32.5 42
      vertex 6.94114 32.7556 39
      vertex 5 32.5 39
    endloop
  endfacet
  facet normal -0.991442 0.130551 0
    outer loop
      vertex 12.2444 38.0589 39
      vertex 12.5 40 42
      vertex 12.5 40 39
    endloop
  endfacet
  facet normal -0.991442 0.130551 0
    outer loop
      vertex 12.5 40 42
      vertex 12.2444 38.0589 39
      vertex 12.2444 38.0589 42
    endloop
  endfacet
  facet normal 0.130551 -0.991442 0
    outer loop
      vertex 83.0589 12.2444 39
      vertex 85 12.5 42
      vertex 83.0589 12.2444 42
    endloop
  endfacet
  facet normal 0.130551 -0.991442 0
    outer loop
      vertex 85 12.5 42
      vertex 83.0589 12.2444 39
      vertex 85 12.5 39
    endloop
  endfacet
  facet normal -0.608778 -0.793341 0
    outer loop
      vertex 88.75 11.4952 39
      vertex 90 10.536 42
      vertex 88.75 11.4952 42
    endloop
  endfacet
  facet normal -0.608778 -0.793341 -0
    outer loop
      vertex 90 10.536 42
      vertex 88.75 11.4952 39
      vertex 90 10.536 39
    endloop
  endfacet
  facet normal 0.793351 -0.608765 0
    outer loop
      vertex 78.5048 8.75 42
      vertex 79.6967 10.3033 39
      vertex 79.6967 10.3033 42
    endloop
  endfacet
  facet normal 0.793351 -0.608765 0
    outer loop
      vertex 79.6967 10.3033 39
      vertex 78.5048 8.75 42
      vertex 78.5048 8.75 39
    endloop
  endfacet
  facet normal 0.923889 -0.38266 0
    outer loop
      vertex 77.7556 6.94114 42
      vertex 78.5048 8.75 39
      vertex 78.5048 8.75 42
    endloop
  endfacet
  facet normal 0.923889 -0.38266 0
    outer loop
      vertex 78.5048 8.75 39
      vertex 77.7556 6.94114 42
      vertex 77.7556 6.94114 39
    endloop
  endfacet
  facet normal 0.608765 -0.793351 0
    outer loop
      vertex 79.6967 10.3033 39
      vertex 81.25 11.4952 42
      vertex 79.6967 10.3033 42
    endloop
  endfacet
  facet normal 0.608765 -0.793351 0
    outer loop
      vertex 81.25 11.4952 42
      vertex 79.6967 10.3033 39
      vertex 81.25 11.4952 39
    endloop
  endfacet
  facet normal -0.130551 -0.991442 0
    outer loop
      vertex 85 12.5 39
      vertex 86.9411 12.2444 42
      vertex 85 12.5 42
    endloop
  endfacet
  facet normal -0.130551 -0.991442 -0
    outer loop
      vertex 86.9411 12.2444 42
      vertex 85 12.5 39
      vertex 86.9411 12.2444 39
    endloop
  endfacet
  facet normal -0.382653 -0.923892 0
    outer loop
      vertex 86.9411 12.2444 39
      vertex 88.75 11.4952 42
      vertex 86.9411 12.2444 42
    endloop
  endfacet
  facet normal -0.382653 -0.923892 -0
    outer loop
      vertex 88.75 11.4952 42
      vertex 86.9411 12.2444 39
      vertex 88.75 11.4952 39
    endloop
  endfacet
  facet normal 0 0 1
    outer loop
      vertex 90 10.536 39
      vertex 85.3863 6.18882 39
      vertex 86.25 5 39
    endloop
  endfacet
  facet normal 0 0 1
    outer loop
      vertex 85 12.5 39
      vertex 85.3863 6.18882 39
      vertex 86.9411 12.2444 39
    endloop
  endfacet
  facet normal -0 0 1
    outer loop
      vertex 83.0589 12.2444 39
      vertex 85.3863 6.18882 39
      vertex 85 12.5 39
    endloop
  endfacet
  facet normal -0 0 1
    outer loop
      vertex 81.25 11.4952 39
      vertex 83.9887 5.73473 39
      vertex 83.0589 12.2444 39
    endloop
  endfacet
  facet normal 0 0 1
    outer loop
      vertex 85.3863 6.18882 39
      vertex 83.0589 12.2444 39
      vertex 83.9887 5.73473 39
    endloop
  endfacet
  facet normal 0 0 1
    outer loop
      vertex 85.3863 6.18882 39
      vertex 90 10.536 39
      vertex 88.75 11.4952 39
    endloop
  endfacet
  facet normal 0 0 1
    outer loop
      vertex 85.3863 6.18882 39
      vertex 88.75 11.4952 39
      vertex 86.9411 12.2444 39
    endloop
  endfacet
  facet normal 0 0 1
    outer loop
      vertex 90 10.536 39
      vertex 86.25 5 39
      vertex 90 0 39
    endloop
  endfacet
  facet normal -0 0 1
    outer loop
      vertex 85.3863 3.81118 39
      vertex 90 0 39
      vertex 86.25 5 39
    endloop
  endfacet
  facet normal 0 0 1
    outer loop
      vertex 79.464 0 39
      vertex 85.3863 3.81118 39
      vertex 83.9887 4.26527 39
    endloop
  endfacet
  facet normal -0 0 1
    outer loop
      vertex 79.6967 10.3033 39
      vertex 83.9887 5.73473 39
      vertex 81.25 11.4952 39
    endloop
  endfacet
  facet normal -0 0 1
    outer loop
      vertex 78.5048 8.75 39
      vertex 83.9887 5.73473 39
      vertex 79.6967 10.3033 39
    endloop
  endfacet
  facet normal 0 0 1
    outer loop
      vertex 85.3863 3.81118 39
      vertex 79.464 0 39
      vertex 90 0 39
    endloop
  endfacet
  facet normal -0 0 1
    outer loop
      vertex 77.7556 6.94114 39
      vertex 83.9887 5.73473 39
      vertex 78.5048 8.75 39
    endloop
  endfacet
  facet normal 0 0 1
    outer loop
      vertex 77.5 5 39
      vertex 83.9887 5.73473 39
      vertex 77.7556 6.94114 39
    endloop
  endfacet
  facet normal 0 0 1
    outer loop
      vertex 83.9887 5.73473 39
      vertex 77.5 5 39
      vertex 83.9887 4.26527 39
    endloop
  endfacet
  facet normal 0 -0 1
    outer loop
      vertex 78.5048 1.25 39
      vertex 83.9887 4.26527 39
      vertex 77.7556 3.05886 39
    endloop
  endfacet
  facet normal 0 0 1
    outer loop
      vertex 83.9887 4.26527 39
      vertex 78.5048 1.25 39
      vertex 79.464 0 39
    endloop
  endfacet
  facet normal 0 0 1
    outer loop
      vertex 83.9887 4.26527 39
      vertex 77.5 5 39
      vertex 77.7556 3.05886 39
    endloop
  endfacet
  facet normal 0.991442 -0.130548 0
    outer loop
      vertex 77.5 5 42
      vertex 77.7556 6.94114 39
      vertex 77.7556 6.94114 42
    endloop
  endfacet
  facet normal 0.991442 -0.130548 0
    outer loop
      vertex 77.7556 6.94114 39
      vertex 77.5 5 42
      vertex 77.5 5 39
    endloop
  endfacet
  facet normal 0.382653 -0.923892 0
    outer loop
      vertex 81.25 11.4952 39
      vertex 83.0589 12.2444 42
      vertex 81.25 11.4952 42
    endloop
  endfacet
  facet normal 0.382653 -0.923892 0
    outer loop
      vertex 83.0589 12.2444 42
      vertex 81.25 11.4952 39
      vertex 83.0589 12.2444 39
    endloop
  endfacet
  facet normal 0.923889 0.38266 0
    outer loop
      vertex 78.5048 1.25 42
      vertex 77.7556 3.05886 39
      vertex 77.7556 3.05886 42
    endloop
  endfacet
  facet normal 0.923889 0.38266 0
    outer loop
      vertex 77.7556 3.05886 39
      vertex 78.5048 1.25 42
      vertex 78.5048 1.25 39
    endloop
  endfacet
  facet normal 0.991442 0.130548 0
    outer loop
      vertex 77.7556 3.05886 42
      vertex 77.5 5 39
      vertex 77.5 5 42
    endloop
  endfacet
  facet normal 0.991442 0.130548 0
    outer loop
      vertex 77.5 5 39
      vertex 77.7556 3.05886 42
      vertex 77.7556 3.05886 39
    endloop
  endfacet
  facet normal 0.793341 0.608778 0
    outer loop
      vertex 79.464 0 42
      vertex 78.5048 1.25 39
      vertex 78.5048 1.25 42
    endloop
  endfacet
  facet normal 0.793341 0.608778 0
    outer loop
      vertex 78.5048 1.25 39
      vertex 79.464 0 42
      vertex 79.464 0 39
    endloop
  endfacet
  facet normal -0.991442 -0.130548 0
    outer loop
      vertex 12.5 5 39
      vertex 12.2444 6.94114 42
      vertex 12.2444 6.94114 39
    endloop
  endfacet
  facet normal -0.991442 -0.130548 0
    outer loop
      vertex 12.2444 6.94114 42
      vertex 12.5 5 39
      vertex 12.5 5 42
    endloop
  endfacet
  facet normal 0.130548 -0.991442 0
    outer loop
      vertex 3.05886 12.2444 39
      vertex 5 12.5 42
      vertex 3.05886 12.2444 42
    endloop
  endfacet
  facet normal 0.130548 -0.991442 0
    outer loop
      vertex 5 12.5 42
      vertex 3.05886 12.2444 39
      vertex 5 12.5 39
    endloop
  endfacet
  facet normal -0.793341 0.608778 0
    outer loop
      vertex 10.536 0 39
      vertex 11.4952 1.25 42
      vertex 11.4952 1.25 39
    endloop
  endfacet
  facet normal -0.793341 0.608778 0
    outer loop
      vertex 11.4952 1.25 42
      vertex 10.536 0 39
      vertex 10.536 0 42
    endloop
  endfacet
  facet normal -0.608765 -0.793351 0
    outer loop
      vertex 8.75 11.4952 39
      vertex 10.3033 10.3033 42
      vertex 8.75 11.4952 42
    endloop
  endfacet
  facet normal -0.608765 -0.793351 -0
    outer loop
      vertex 10.3033 10.3033 42
      vertex 8.75 11.4952 39
      vertex 10.3033 10.3033 39
    endloop
  endfacet
  facet normal 0 0 1
    outer loop
      vertex 11.4952 8.75 39
      vertex 5.38627 6.18882 39
      vertex 6.25 5 39
    endloop
  endfacet
  facet normal 0 0 1
    outer loop
      vertex 5 12.5 39
      vertex 5.38627 6.18882 39
      vertex 6.94114 12.2444 39
    endloop
  endfacet
  facet normal -0 0 1
    outer loop
      vertex 3.05886 12.2444 39
      vertex 5.38627 6.18882 39
      vertex 5 12.5 39
    endloop
  endfacet
  facet normal -0 0 1
    outer loop
      vertex 1.25 11.4952 39
      vertex 3.98873 5.73473 39
      vertex 3.05886 12.2444 39
    endloop
  endfacet
  facet normal 0 0 1
    outer loop
      vertex 5.38627 6.18882 39
      vertex 3.05886 12.2444 39
      vertex 3.98873 5.73473 39
    endloop
  endfacet
  facet normal 0 0 1
    outer loop
      vertex 6.25 5 39
      vertex 12.5 5 39
      vertex 12.2444 6.94114 39
    endloop
  endfacet
  facet normal 0 0 1
    outer loop
      vertex 6.25 5 39
      vertex 12.2444 6.94114 39
      vertex 11.4952 8.75 39
    endloop
  endfacet
  facet normal 0 0 1
    outer loop
      vertex 12.5 5 39
      vertex 6.25 5 39
      vertex 12.2444 3.05886 39
    endloop
  endfacet
  facet normal 0 0 1
    outer loop
      vertex 12.2444 3.05886 39
      vertex 6.25 5 39
      vertex 11.4952 1.25 39
    endloop
  endfacet
  facet normal 0 0 1
    outer loop
      vertex 5.38627 6.18882 39
      vertex 11.4952 8.75 39
      vertex 10.3033 10.3033 39
    endloop
  endfacet
  facet normal 0 0 1
    outer loop
      vertex 5.38627 6.18882 39
      vertex 10.3033 10.3033 39
      vertex 8.75 11.4952 39
    endloop
  endfacet
  facet normal 0 0 1
    outer loop
      vertex 5.38627 6.18882 39
      vertex 8.75 11.4952 39
      vertex 6.94114 12.2444 39
    endloop
  endfacet
  facet normal 0 0 1
    outer loop
      vertex 11.4952 1.25 39
      vertex 6.25 5 39
      vertex 10.536 0 39
    endloop
  endfacet
  facet normal -0 0 1
    outer loop
      vertex 5.38627 3.81118 39
      vertex 10.536 0 39
      vertex 6.25 5 39
    endloop
  endfacet
  facet normal 0 0 1
    outer loop
      vertex 0 0 39
      vertex 5.38627 3.81118 39
      vertex 3.98873 4.26527 39
    endloop
  endfacet
  facet normal -0 0 1
    outer loop
      vertex 0 10.536 39
      vertex 3.98873 5.73473 39
      vertex 1.25 11.4952 39
    endloop
  endfacet
  facet normal 0 0 1
    outer loop
      vertex 0 0 39
      vertex 3.98873 5.73473 39
      vertex 0 10.536 39
    endloop
  endfacet
  facet normal 0 0 1
    outer loop
      vertex 5.38627 3.81118 39
      vertex 0 0 39
      vertex 10.536 0 39
    endloop
  endfacet
  facet normal 0 0 1
    outer loop
      vertex 3.98873 5.73473 39
      vertex 0 0 39
      vertex 3.98873 4.26527 39
    endloop
  endfacet
  facet normal 0.608778 -0.793341 0
    outer loop
      vertex 0 10.536 39
      vertex 1.25 11.4952 42
      vertex 0 10.536 42
    endloop
  endfacet
  facet normal 0.608778 -0.793341 0
    outer loop
      vertex 1.25 11.4952 42
      vertex 0 10.536 39
      vertex 1.25 11.4952 39
    endloop
  endfacet
  facet normal -0.923889 0.38266 0
    outer loop
      vertex 11.4952 1.25 39
      vertex 12.2444 3.05886 42
      vertex 12.2444 3.05886 39
    endloop
  endfacet
  facet normal -0.923889 0.38266 0
    outer loop
      vertex 12.2444 3.05886 42
      vertex 11.4952 1.25 39
      vertex 11.4952 1.25 42
    endloop
  endfacet
  facet normal -0.793351 -0.608765 0
    outer loop
      vertex 11.4952 8.75 39
      vertex 10.3033 10.3033 42
      vertex 10.3033 10.3033 39
    endloop
  endfacet
  facet normal -0.793351 -0.608765 0
    outer loop
      vertex 10.3033 10.3033 42
      vertex 11.4952 8.75 39
      vertex 11.4952 8.75 42
    endloop
  endfacet
  facet normal -0.923889 -0.38266 0
    outer loop
      vertex 12.2444 6.94114 39
      vertex 11.4952 8.75 42
      vertex 11.4952 8.75 39
    endloop
  endfacet
  facet normal -0.923889 -0.38266 0
    outer loop
      vertex 11.4952 8.75 42
      vertex 12.2444 6.94114 39
      vertex 12.2444 6.94114 42
    endloop
  endfacet
  facet normal -0.130548 -0.991442 0
    outer loop
      vertex 5 12.5 39
      vertex 6.94114 12.2444 42
      vertex 5 12.5 42
    endloop
  endfacet
  facet normal -0.130548 -0.991442 -0
    outer loop
      vertex 6.94114 12.2444 42
      vertex 5 12.5 39
      vertex 6.94114 12.2444 39
    endloop
  endfacet
  facet normal -0.38266 -0.923889 0
    outer loop
      vertex 6.94114 12.2444 39
      vertex 8.75 11.4952 42
      vertex 6.94114 12.2444 42
    endloop
  endfacet
  facet normal -0.38266 -0.923889 -0
    outer loop
      vertex 8.75 11.4952 42
      vertex 6.94114 12.2444 39
      vertex 8.75 11.4952 39
    endloop
  endfacet
  facet normal 0.38266 -0.923889 0
    outer loop
      vertex 1.25 11.4952 39
      vertex 3.05886 12.2444 42
      vertex 1.25 11.4952 42
    endloop
  endfacet
  facet normal 0.38266 -0.923889 0
    outer loop
      vertex 3.05886 12.2444 42
      vertex 1.25 11.4952 39
      vertex 3.05886 12.2444 39
    endloop
  endfacet
  facet normal -0.991442 0.130548 0
    outer loop
      vertex 12.2444 3.05886 39
      vertex 12.5 5 42
      vertex 12.5 5 39
    endloop
  endfacet
  facet normal -0.991442 0.130548 0
    outer loop
      vertex 12.5 5 42
      vertex 12.2444 3.05886 39
      vertex 12.2444 3.05886 42
    endloop
  endfacet
  facet normal -0.809021 -0.587779 0
    outer loop
      vertex 86.25 40 27
      vertex 85.3863 41.1888 39
      vertex 85.3863 41.1888 27
    endloop
  endfacet
  facet normal -0.809021 -0.587779 0
    outer loop
      vertex 85.3863 41.1888 39
      vertex 86.25 40 27
      vertex 86.25 40 39
    endloop
  endfacet
  facet normal 1 -0 0
    outer loop
      vertex 83.9887 39.2653 39
      vertex 83.9887 40.7347 27
      vertex 83.9887 40.7347 39
    endloop
  endfacet
  facet normal 1 0 0
    outer loop
      vertex 83.9887 40.7347 27
      vertex 83.9887 39.2653 39
      vertex 83.9887 39.2653 27
    endloop
  endfacet
  facet normal 0.309012 -0.951058 0
    outer loop
      vertex 83.9887 40.7347 27
      vertex 85.3863 41.1888 39
      vertex 83.9887 40.7347 39
    endloop
  endfacet
  facet normal 0.309012 -0.951058 0
    outer loop
      vertex 85.3863 41.1888 39
      vertex 83.9887 40.7347 27
      vertex 85.3863 41.1888 27
    endloop
  endfacet
  facet normal 0.309012 0.951058 -0
    outer loop
      vertex 85.3863 38.8112 27
      vertex 83.9887 39.2653 39
      vertex 85.3863 38.8112 39
    endloop
  endfacet
  facet normal 0.309012 0.951058 0
    outer loop
      vertex 83.9887 39.2653 39
      vertex 85.3863 38.8112 27
      vertex 83.9887 39.2653 27
    endloop
  endfacet
  facet normal 0 0 1
    outer loop
      vertex 85.3863 41.1888 27
      vertex 85.3863 38.8112 27
      vertex 86.25 40 27
    endloop
  endfacet
  facet normal -0 0 1
    outer loop
      vertex 83.9887 40.7347 27
      vertex 85.3863 38.8112 27
      vertex 85.3863 41.1888 27
    endloop
  endfacet
  facet normal 0 0 1
    outer loop
      vertex 85.3863 38.8112 27
      vertex 83.9887 40.7347 27
      vertex 83.9887 39.2653 27
    endloop
  endfacet
  facet normal -0.809021 0.587779 0
    outer loop
      vertex 85.3863 38.8112 27
      vertex 86.25 40 39
      vertex 86.25 40 27
    endloop
  endfacet
  facet normal -0.809021 0.587779 0
    outer loop
      vertex 86.25 40 39
      vertex 85.3863 38.8112 27
      vertex 85.3863 38.8112 39
    endloop
  endfacet
  facet normal -0.809012 -0.587792 0
    outer loop
      vertex 6.25 40 27
      vertex 5.38627 41.1888 39
      vertex 5.38627 41.1888 27
    endloop
  endfacet
  facet normal -0.809012 -0.587792 0
    outer loop
      vertex 5.38627 41.1888 39
      vertex 6.25 40 27
      vertex 6.25 40 39
    endloop
  endfacet
  facet normal 1 -0 0
    outer loop
      vertex 3.98873 39.2653 39
      vertex 3.98873 40.7347 27
      vertex 3.98873 40.7347 39
    endloop
  endfacet
  facet normal 1 0 0
    outer loop
      vertex 3.98873 40.7347 27
      vertex 3.98873 39.2653 39
      vertex 3.98873 39.2653 27
    endloop
  endfacet
  facet normal 0.309024 -0.951054 0
    outer loop
      vertex 3.98873 40.7347 27
      vertex 5.38627 41.1888 39
      vertex 3.98873 40.7347 39
    endloop
  endfacet
  facet normal 0.309024 -0.951054 0
    outer loop
      vertex 5.38627 41.1888 39
      vertex 3.98873 40.7347 27
      vertex 5.38627 41.1888 27
    endloop
  endfacet
  facet normal 0.309024 0.951054 -0
    outer loop
      vertex 5.38627 38.8112 27
      vertex 3.98873 39.2653 39
      vertex 5.38627 38.8112 39
    endloop
  endfacet
  facet normal 0.309024 0.951054 0
    outer loop
      vertex 3.98873 39.2653 39
      vertex 5.38627 38.8112 27
      vertex 3.98873 39.2653 27
    endloop
  endfacet
  facet normal 0 0 1
    outer loop
      vertex 5.38627 41.1888 27
      vertex 5.38627 38.8112 27
      vertex 6.25 40 27
    endloop
  endfacet
  facet normal -0 0 1
    outer loop
      vertex 3.98873 40.7347 27
      vertex 5.38627 38.8112 27
      vertex 5.38627 41.1888 27
    endloop
  endfacet
  facet normal 0 0 1
    outer loop
      vertex 5.38627 38.8112 27
      vertex 3.98873 40.7347 27
      vertex 3.98873 39.2653 27
    endloop
  endfacet
  facet normal -0.809012 0.587792 0
    outer loop
      vertex 5.38627 38.8112 27
      vertex 6.25 40 39
      vertex 6.25 40 27
    endloop
  endfacet
  facet normal -0.809012 0.587792 0
    outer loop
      vertex 6.25 40 39
      vertex 5.38627 38.8112 27
      vertex 5.38627 38.8112 39
    endloop
  endfacet
  facet normal -0.809026 -0.587773 0
    outer loop
      vertex 86.25 5 27
      vertex 85.3863 6.18882 39
      vertex 85.3863 6.18882 27
    endloop
  endfacet
  facet normal -0.809026 -0.587773 0
    outer loop
      vertex 85.3863 6.18882 39
      vertex 86.25 5 27
      vertex 86.25 5 39
    endloop
  endfacet
  facet normal 1 -0 0
    outer loop
      vertex 83.9887 4.26527 39
      vertex 83.9887 5.73473 27
      vertex 83.9887 5.73473 39
    endloop
  endfacet
  facet normal 1 0 0
    outer loop
      vertex 83.9887 5.73473 27
      vertex 83.9887 4.26527 39
      vertex 83.9887 4.26527 27
    endloop
  endfacet
  facet normal 0.309006 -0.95106 0
    outer loop
      vertex 83.9887 5.73473 27
      vertex 85.3863 6.18882 39
      vertex 83.9887 5.73473 39
    endloop
  endfacet
  facet normal 0.309006 -0.95106 0
    outer loop
      vertex 85.3863 6.18882 39
      vertex 83.9887 5.73473 27
      vertex 85.3863 6.18882 27
    endloop
  endfacet
  facet normal 0 0 1
    outer loop
      vertex 85.3863 6.18882 27
      vertex 85.3863 3.81118 27
      vertex 86.25 5 27
    endloop
  endfacet
  facet normal -0 0 1
    outer loop
      vertex 83.9887 5.73473 27
      vertex 85.3863 3.81118 27
      vertex 85.3863 6.18882 27
    endloop
  endfacet
  facet normal 0 0 1
    outer loop
      vertex 85.3863 3.81118 27
      vertex 83.9887 5.73473 27
      vertex 83.9887 4.26527 27
    endloop
  endfacet
  facet normal -0.809026 0.587773 0
    outer loop
      vertex 85.3863 3.81118 27
      vertex 86.25 5 39
      vertex 86.25 5 27
    endloop
  endfacet
  facet normal -0.809026 0.587773 0
    outer loop
      vertex 86.25 5 39
      vertex 85.3863 3.81118 27
      vertex 85.3863 3.81118 39
    endloop
  endfacet
  facet normal 0.309006 0.95106 -0
    outer loop
      vertex 85.3863 3.81118 27
      vertex 83.9887 4.26527 39
      vertex 85.3863 3.81118 39
    endloop
  endfacet
  facet normal 0.309006 0.95106 0
    outer loop
      vertex 83.9887 4.26527 39
      vertex 85.3863 3.81118 27
      vertex 83.9887 4.26527 27
    endloop
  endfacet
  facet normal -0.809016 -0.587786 0
    outer loop
      vertex 6.25 5 27
      vertex 5.38627 6.18882 39
      vertex 5.38627 6.18882 27
    endloop
  endfacet
  facet normal -0.809016 -0.587786 0
    outer loop
      vertex 5.38627 6.18882 39
      vertex 6.25 5 27
      vertex 6.25 5 39
    endloop
  endfacet
  facet normal 1 -0 0
    outer loop
      vertex 3.98873 4.26527 39
      vertex 3.98873 5.73473 27
      vertex 3.98873 5.73473 39
    endloop
  endfacet
  facet normal 1 0 0
    outer loop
      vertex 3.98873 5.73473 27
      vertex 3.98873 4.26527 39
      vertex 3.98873 4.26527 27
    endloop
  endfacet
  facet normal 0.309018 -0.951056 0
    outer loop
      vertex 3.98873 5.73473 27
      vertex 5.38627 6.18882 39
      vertex 3.98873 5.73473 39
    endloop
  endfacet
  facet normal 0.309018 -0.951056 0
    outer loop
      vertex 5.38627 6.18882 39
      vertex 3.98873 5.73473 27
      vertex 5.38627 6.18882 27
    endloop
  endfacet
  facet normal 0.309018 0.951056 -0
    outer loop
      vertex 5.38627 3.81118 27
      vertex 3.98873 4.26527 39
      vertex 5.38627 3.81118 39
    endloop
  endfacet
  facet normal 0.309018 0.951056 0
    outer loop
      vertex 3.98873 4.26527 39
      vertex 5.38627 3.81118 27
      vertex 3.98873 4.26527 27
    endloop
  endfacet
  facet normal 0 0 1
    outer loop
      vertex 5.38627 6.18882 27
      vertex 5.38627 3.81118 27
      vertex 6.25 5 27
    endloop
  endfacet
  facet normal -0 0 1
    outer loop
      vertex 3.98873 5.73473 27
      vertex 5.38627 3.81118 27
      vertex 5.38627 6.18882 27
    endloop
  endfacet
  facet normal 0 0 1
    outer loop
      vertex 5.38627 3.81118 27
      vertex 3.98873 5.73473 27
      vertex 3.98873 4.26527 27
    endloop
  endfacet
  facet normal -0.809016 0.587786 0
    outer loop
      vertex 5.38627 3.81118 27
      vertex 6.25 5 39
      vertex 6.25 5 27
    endloop
  endfacet
  facet normal -0.809016 0.587786 0
    outer loop
      vertex 6.25 5 39
      vertex 5.38627 3.81118 27
      vertex 5.38627 3.81118 39
    endloop
  endfacet
  facet normal 1 -0 0
    outer loop
      vertex 7.5 15 15
      vertex 7.5 30 14
      vertex 7.5 30 15
    endloop
  endfacet
  facet normal 1 0 0
    outer loop
      vertex 7.5 30 14
      vertex 7.5 15 15
      vertex 7.5 15 14
    endloop
  endfacet
  facet normal 1 -0 0
    outer loop
      vertex 7.5 15 42
      vertex 7.5 30 30.02
      vertex 7.5 30 42
    endloop
  endfacet
  facet normal 1 0 0
    outer loop
      vertex 7.5 30 30.02
      vertex 7.5 15 42
      vertex 7.5 15 30.02
    endloop
  endfacet
  facet normal -1 0 0
    outer loop
      vertex 82.5 27.52 20.02
      vertex 82.5 30 14
      vertex 82.5 27.52 15
    endloop
  endfacet
  facet normal -1 0 0
    outer loop
      vertex 82.5 30 14
      vertex 82.5 17.52 15
      vertex 82.5 27.52 15
    endloop
  endfacet
  facet normal -1 -0 0
    outer loop
      vertex 82.5 17.52 15
      vertex 82.5 15 14
      vertex 82.5 17.52 20.02
    endloop
  endfacet
  facet normal -1 0 0
    outer loop
      vertex 82.5 15 14
      vertex 82.5 17.52 15
      vertex 82.5 30 14
    endloop
  endfacet
  facet normal -1 0 0
    outer loop
      vertex 82.5 30 14
      vertex 82.5 27.52 20.02
      vertex 82.5 30 42
    endloop
  endfacet
  facet normal -1 0 0
    outer loop
      vertex 82.5 17.52 20.02
      vertex 82.5 30 42
      vertex 82.5 27.52 20.02
    endloop
  endfacet
  facet normal -1 0 0
    outer loop
      vertex 82.5 17.52 20.02
      vertex 82.5 15 42
      vertex 82.5 30 42
    endloop
  endfacet
  facet normal -1 0 0
    outer loop
      vertex 82.5 15 42
      vertex 82.5 17.52 20.02
      vertex 82.5 15 14
    endloop
  endfacet
  facet normal 0 -1 0
    outer loop
      vertex 7.48 30 30.02
      vertex 7.48 30 15
      vertex 7.5 30 30.02
    endloop
  endfacet
  facet normal 0 -1 0
    outer loop
      vertex 7.5 30 42
      vertex 50 30 35
      vertex 82.5 30 42
    endloop
  endfacet
  facet normal 0 -1 0
    outer loop
      vertex 7.5 30 30.02
      vertex 50 30 35
      vertex 7.5 30 42
    endloop
  endfacet
  facet normal 0 -1 0
    outer loop
      vertex 7.5 30 15
      vertex 7.5 30 30.02
      vertex 7.48 30 15
    endloop
  endfacet
  facet normal 0 -1 0
    outer loop
      vertex 50 30 14
      vertex 7.5 30 30.02
      vertex 7.5 30 15
    endloop
  endfacet
  facet normal 0 -1 0
    outer loop
      vertex 50 30 14
      vertex 7.5 30 15
      vertex 7.5 30 14
    endloop
  endfacet
  facet normal 0 -1 0
    outer loop
      vertex 7.5 30 30.02
      vertex 50 30 14
      vertex 50 30 35
    endloop
  endfacet
  facet normal 0 -1 0
    outer loop
      vertex 55 30 35
      vertex 82.5 30 42
      vertex 50 30 35
    endloop
  endfacet
  facet normal 0 -1 0
    outer loop
      vertex 82.5 30 14
      vertex 55 30 35
      vertex 55 30 14
    endloop
  endfacet
  facet normal 0 -1 0
    outer loop
      vertex 55 30 35
      vertex 82.5 30 14
      vertex 82.5 30 42
    endloop
  endfacet
  facet normal -0 0 1
    outer loop
      vertex 7.5 30 14
      vertex 50 15 14
      vertex 50 30 14
    endloop
  endfacet
  facet normal 0 0 1
    outer loop
      vertex 50 15 14
      vertex 7.5 30 14
      vertex 7.5 15 14
    endloop
  endfacet
  facet normal -0 0 1
    outer loop
      vertex 55 30 14
      vertex 82.5 15 14
      vertex 82.5 30 14
    endloop
  endfacet
  facet normal 0 0 1
    outer loop
      vertex 82.5 15 14
      vertex 55 30 14
      vertex 55 15 14
    endloop
  endfacet
  facet normal 0 1 0
    outer loop
      vertex 50 15 35
      vertex 82.5 15 42
      vertex 55 15 35
    endloop
  endfacet
  facet normal 0 1 -0
    outer loop
      vertex 82.5 15 14
      vertex 55 15 35
      vertex 82.5 15 42
    endloop
  endfacet
  facet normal 0 1 0
    outer loop
      vertex 55 15 35
      vertex 82.5 15 14
      vertex 55 15 14
    endloop
  endfacet
  facet normal 0 1 0
    outer loop
      vertex 82.5 15 42
      vertex 50 15 35
      vertex 7.5 15 42
    endloop
  endfacet
  facet normal 0 1 0
    outer loop
      vertex 50 15 35
      vertex 7.5 15 30.02
      vertex 7.5 15 42
    endloop
  endfacet
  facet normal 0 1 0
    outer loop
      vertex 7.5 15 30.02
      vertex 7.5 15 15
      vertex 7.48 15 30.02
    endloop
  endfacet
  facet normal 0 1 -0
    outer loop
      vertex 50 15 14
      vertex 7.5 15 30.02
      vertex 50 15 35
    endloop
  endfacet
  facet normal 0 1 0
    outer loop
      vertex 7.5 15 30.02
      vertex 50 15 14
      vertex 7.5 15 15
    endloop
  endfacet
  facet normal 0 1 0
    outer loop
      vertex 7.5 15 15
      vertex 50 15 14
      vertex 7.5 15 14
    endloop
  endfacet
  facet normal 0 1 0
    outer loop
      vertex 7.48 15 30.02
      vertex 7.5 15 15
      vertex 7.48 15 15
    endloop
  endfacet
  facet normal 1 0 0
    outer loop
      vertex 7.48 30 30.02
      vertex 7.48 27.5 22.5
      vertex 7.48 30 15
    endloop
  endfacet
  facet normal 1 0 0
    outer loop
      vertex 7.48 30 30.02
      vertex 7.48 27.1194 24.4134
      vertex 7.48 27.5 22.5
    endloop
  endfacet
  facet normal 1 0 0
    outer loop
      vertex 7.48 30 30.02
      vertex 7.48 26.0355 26.0355
      vertex 7.48 27.1194 24.4134
    endloop
  endfacet
  facet normal 1 0 0
    outer loop
      vertex 7.48 30 30.02
      vertex 7.48 24.4134 27.1194
      vertex 7.48 26.0355 26.0355
    endloop
  endfacet
  facet normal 1 0 0
    outer loop
      vertex 7.48 30 30.02
      vertex 7.48 22.5 27.5
      vertex 7.48 24.4134 27.1194
    endloop
  endfacet
  facet normal 1 -0 0
    outer loop
      vertex 7.48 15 30.02
      vertex 7.48 22.5 27.5
      vertex 7.48 30 30.02
    endloop
  endfacet
  facet normal 1 0 0
    outer loop
      vertex 7.48 17.8806 24.4134
      vertex 7.48 15 30.02
      vertex 7.48 17.5 22.5
    endloop
  endfacet
  facet normal 1 0 0
    outer loop
      vertex 7.48 18.9645 26.0355
      vertex 7.48 15 30.02
      vertex 7.48 17.8806 24.4134
    endloop
  endfacet
  facet normal 1 0 0
    outer loop
      vertex 7.48 20.5866 27.1194
      vertex 7.48 15 30.02
      vertex 7.48 18.9645 26.0355
    endloop
  endfacet
  facet normal 1 0 0
    outer loop
      vertex 7.48 22.5 27.5
      vertex 7.48 15 30.02
      vertex 7.48 20.5866 27.1194
    endloop
  endfacet
  facet normal 1 -0 0
    outer loop
      vertex 7.48 27.1194 20.5866
      vertex 7.48 30 15
      vertex 7.48 27.5 22.5
    endloop
  endfacet
  facet normal 1 -0 0
    outer loop
      vertex 7.48 26.0355 18.9645
      vertex 7.48 30 15
      vertex 7.48 27.1194 20.5866
    endloop
  endfacet
  facet normal 1 -0 0
    outer loop
      vertex 7.48 24.4134 17.8806
      vertex 7.48 30 15
      vertex 7.48 26.0355 18.9645
    endloop
  endfacet
  facet normal 1 -0 0
    outer loop
      vertex 7.48 22.5 17.5
      vertex 7.48 30 15
      vertex 7.48 24.4134 17.8806
    endloop
  endfacet
  facet normal 1 0 0
    outer loop
      vertex 7.48 15 15
      vertex 7.48 22.5 17.5
      vertex 7.48 20.5866 17.8806
    endloop
  endfacet
  facet normal 1 0 0
    outer loop
      vertex 7.48 15 15
      vertex 7.48 17.5 22.5
      vertex 7.48 15 30.02
    endloop
  endfacet
  facet normal 1 0 0
    outer loop
      vertex 7.48 22.5 17.5
      vertex 7.48 15 15
      vertex 7.48 30 15
    endloop
  endfacet
  facet normal 1 0 0
    outer loop
      vertex 7.48 18.9645 18.9645
      vertex 7.48 15 15
      vertex 7.48 20.5866 17.8806
    endloop
  endfacet
  facet normal 1 0 0
    outer loop
      vertex 7.48 17.8806 20.5866
      vertex 7.48 15 15
      vertex 7.48 18.9645 18.9645
    endloop
  endfacet
  facet normal 1 0 0
    outer loop
      vertex 7.48 17.5 22.5
      vertex 7.48 15 15
      vertex 7.48 17.8806 20.5866
    endloop
  endfacet
  facet normal 0 0 -1
    outer loop
      vertex 7.48 15 30.02
      vertex 7.5 30 30.02
      vertex 7.5 15 30.02
    endloop
  endfacet
  facet normal -0 0 -1
    outer loop
      vertex 7.5 30 30.02
      vertex 7.48 15 30.02
      vertex 7.48 30 30.02
    endloop
  endfacet
  facet normal -0 0 1
    outer loop
      vertex 7.48 30 15
      vertex 7.5 15 15
      vertex 7.5 30 15
    endloop
  endfacet
  facet normal 0 0 1
    outer loop
      vertex 7.5 15 15
      vertex 7.48 30 15
      vertex 7.48 15 15
    endloop
  endfacet
  facet normal 0 -0.195091 0.980785
    outer loop
      vertex 4.98 24.4134 17.8806
      vertex 7.48 22.5 17.5
      vertex 7.48 24.4134 17.8806
    endloop
  endfacet
  facet normal 0 -0.195091 0.980785
    outer loop
      vertex 7.48 22.5 17.5
      vertex 4.98 24.4134 17.8806
      vertex 4.98 22.5 17.5
    endloop
  endfacet
  facet normal 0 -0.195091 -0.980785
    outer loop
      vertex 4.98 22.5 27.5
      vertex 7.48 24.4134 27.1194
      vertex 7.48 22.5 27.5
    endloop
  endfacet
  facet normal -0 -0.195091 -0.980785
    outer loop
      vertex 7.48 24.4134 27.1194
      vertex 4.98 22.5 27.5
      vertex 4.98 24.4134 27.1194
    endloop
  endfacet
  facet normal 0 -0.555587 0.831458
    outer loop
      vertex 4.98 26.0355 18.9645
      vertex 7.48 24.4134 17.8806
      vertex 7.48 26.0355 18.9645
    endloop
  endfacet
  facet normal 0 -0.555587 0.831458
    outer loop
      vertex 7.48 24.4134 17.8806
      vertex 4.98 26.0355 18.9645
      vertex 4.98 24.4134 17.8806
    endloop
  endfacet
  facet normal 0 0.980785 0.195091
    outer loop
      vertex 7.48 17.8806 20.5866
      vertex 4.98 17.5 22.5
      vertex 7.48 17.5 22.5
    endloop
  endfacet
  facet normal 0 0.980785 0.195091
    outer loop
      vertex 4.98 17.5 22.5
      vertex 7.48 17.8806 20.5866
      vertex 4.98 17.8806 20.5866
    endloop
  endfacet
  facet normal 0 0.831458 0.555587
    outer loop
      vertex 7.48 18.9645 18.9645
      vertex 4.98 17.8806 20.5866
      vertex 7.48 17.8806 20.5866
    endloop
  endfacet
  facet normal 0 0.831458 0.555587
    outer loop
      vertex 4.98 17.8806 20.5866
      vertex 7.48 18.9645 18.9645
      vertex 4.98 18.9645 18.9645
    endloop
  endfacet
  facet normal 0 -0.831458 0.555587
    outer loop
      vertex 4.98 26.0355 18.9645
      vertex 7.48 27.1194 20.5866
      vertex 4.98 27.1194 20.5866
    endloop
  endfacet
  facet normal 0 -0.831458 0.555587
    outer loop
      vertex 7.48 27.1194 20.5866
      vertex 4.98 26.0355 18.9645
      vertex 7.48 26.0355 18.9645
    endloop
  endfacet
  facet normal 0 -0.831458 -0.555587
    outer loop
      vertex 4.98 27.1194 24.4134
      vertex 7.48 26.0355 26.0355
      vertex 4.98 26.0355 26.0355
    endloop
  endfacet
  facet normal 0 -0.831458 -0.555587
    outer loop
      vertex 7.48 26.0355 26.0355
      vertex 4.98 27.1194 24.4134
      vertex 7.48 27.1194 24.4134
    endloop
  endfacet
  facet normal 0 -0.555587 -0.831458
    outer loop
      vertex 4.98 24.4134 27.1194
      vertex 7.48 26.0355 26.0355
      vertex 7.48 24.4134 27.1194
    endloop
  endfacet
  facet normal -0 -0.555587 -0.831458
    outer loop
      vertex 7.48 26.0355 26.0355
      vertex 4.98 24.4134 27.1194
      vertex 4.98 26.0355 26.0355
    endloop
  endfacet
  facet normal 0 -0.980785 -0.195091
    outer loop
      vertex 4.98 27.5 22.5
      vertex 7.48 27.1194 24.4134
      vertex 4.98 27.1194 24.4134
    endloop
  endfacet
  facet normal 0 -0.980785 -0.195091
    outer loop
      vertex 7.48 27.1194 24.4134
      vertex 4.98 27.5 22.5
      vertex 7.48 27.5 22.5
    endloop
  endfacet
  facet normal -0 0.195091 0.980785
    outer loop
      vertex 4.98 22.5 17.5
      vertex 7.48 20.5866 17.8806
      vertex 7.48 22.5 17.5
    endloop
  endfacet
  facet normal 0 0.195091 0.980785
    outer loop
      vertex 7.48 20.5866 17.8806
      vertex 4.98 22.5 17.5
      vertex 4.98 20.5866 17.8806
    endloop
  endfacet
  facet normal 0 -0.980785 0.195091
    outer loop
      vertex 4.98 27.1194 20.5866
      vertex 7.48 27.5 22.5
      vertex 4.98 27.5 22.5
    endloop
  endfacet
  facet normal 0 -0.980785 0.195091
    outer loop
      vertex 7.48 27.5 22.5
      vertex 4.98 27.1194 20.5866
      vertex 7.48 27.1194 20.5866
    endloop
  endfacet
  facet normal -0 0.555587 0.831458
    outer loop
      vertex 4.98 20.5866 17.8806
      vertex 7.48 18.9645 18.9645
      vertex 7.48 20.5866 17.8806
    endloop
  endfacet
  facet normal 0 0.555587 0.831458
    outer loop
      vertex 7.48 18.9645 18.9645
      vertex 4.98 20.5866 17.8806
      vertex 4.98 18.9645 18.9645
    endloop
  endfacet
  facet normal 0 0.831458 -0.555587
    outer loop
      vertex 7.48 17.8806 24.4134
      vertex 4.98 18.9645 26.0355
      vertex 7.48 18.9645 26.0355
    endloop
  endfacet
  facet normal 0 0.831458 -0.555587
    outer loop
      vertex 4.98 18.9645 26.0355
      vertex 7.48 17.8806 24.4134
      vertex 4.98 17.8806 24.4134
    endloop
  endfacet
  facet normal 0 0.555587 -0.831458
    outer loop
      vertex 4.98 18.9645 26.0355
      vertex 7.48 20.5866 27.1194
      vertex 7.48 18.9645 26.0355
    endloop
  endfacet
  facet normal 0 0.555587 -0.831458
    outer loop
      vertex 7.48 20.5866 27.1194
      vertex 4.98 18.9645 26.0355
      vertex 4.98 20.5866 27.1194
    endloop
  endfacet
  facet normal 0 0.195091 -0.980785
    outer loop
      vertex 4.98 20.5866 27.1194
      vertex 7.48 22.5 27.5
      vertex 7.48 20.5866 27.1194
    endloop
  endfacet
  facet normal 0 0.195091 -0.980785
    outer loop
      vertex 7.48 22.5 27.5
      vertex 4.98 20.5866 27.1194
      vertex 4.98 22.5 27.5
    endloop
  endfacet
  facet normal 0 0.980785 -0.195091
    outer loop
      vertex 7.48 17.5 22.5
      vertex 4.98 17.8806 24.4134
      vertex 7.48 17.8806 24.4134
    endloop
  endfacet
  facet normal 0 0.980785 -0.195091
    outer loop
      vertex 4.98 17.8806 24.4134
      vertex 7.48 17.5 22.5
      vertex 4.98 17.5 22.5
    endloop
  endfacet
  facet normal 0 0 -1
    outer loop
      vertex 0 15 30.02
      vertex 4.98 30 30.02
      vertex 4.98 15 30.02
    endloop
  endfacet
  facet normal -0 0 -1
    outer loop
      vertex 4.98 30 30.02
      vertex 0 15 30.02
      vertex 0 30 30.02
    endloop
  endfacet
  facet normal -1 0 0
    outer loop
      vertex 4.98 30 15
      vertex 4.98 27.5 22.5
      vertex 4.98 30 30.02
    endloop
  endfacet
  facet normal -1 0 0
    outer loop
      vertex 4.98 30 15
      vertex 4.98 27.1194 20.5866
      vertex 4.98 27.5 22.5
    endloop
  endfacet
  facet normal -1 0 0
    outer loop
      vertex 4.98 30 15
      vertex 4.98 26.0355 18.9645
      vertex 4.98 27.1194 20.5866
    endloop
  endfacet
  facet normal -1 0 0
    outer loop
      vertex 4.98 30 15
      vertex 4.98 24.4134 17.8806
      vertex 4.98 26.0355 18.9645
    endloop
  endfacet
  facet normal -1 0 0
    outer loop
      vertex 4.98 30 15
      vertex 4.98 22.5 17.5
      vertex 4.98 24.4134 17.8806
    endloop
  endfacet
  facet normal -1 0 0
    outer loop
      vertex 4.98 15 15
      vertex 4.98 22.5 17.5
      vertex 4.98 30 15
    endloop
  endfacet
  facet normal -1 -0 0
    outer loop
      vertex 4.98 17.8806 20.5866
      vertex 4.98 15 15
      vertex 4.98 17.5 22.5
    endloop
  endfacet
  facet normal -1 -0 0
    outer loop
      vertex 4.98 18.9645 18.9645
      vertex 4.98 15 15
      vertex 4.98 17.8806 20.5866
    endloop
  endfacet
  facet normal -1 -0 0
    outer loop
      vertex 4.98 20.5866 17.8806
      vertex 4.98 15 15
      vertex 4.98 18.9645 18.9645
    endloop
  endfacet
  facet normal -1 -0 0
    outer loop
      vertex 4.98 22.5 17.5
      vertex 4.98 15 15
      vertex 4.98 20.5866 17.8806
    endloop
  endfacet
  facet normal -1 0 0
    outer loop
      vertex 4.98 27.1194 24.4134
      vertex 4.98 30 30.02
      vertex 4.98 27.5 22.5
    endloop
  endfacet
  facet normal -1 0 0
    outer loop
      vertex 4.98 26.0355 26.0355
      vertex 4.98 30 30.02
      vertex 4.98 27.1194 24.4134
    endloop
  endfacet
  facet normal -1 0 0
    outer loop
      vertex 4.98 24.4134 27.1194
      vertex 4.98 30 30.02
      vertex 4.98 26.0355 26.0355
    endloop
  endfacet
  facet normal -1 0 0
    outer loop
      vertex 4.98 22.5 27.5
      vertex 4.98 30 30.02
      vertex 4.98 24.4134 27.1194
    endloop
  endfacet
  facet normal -1 0 0
    outer loop
      vertex 4.98 15 30.02
      vertex 4.98 22.5 27.5
      vertex 4.98 20.5866 27.1194
    endloop
  endfacet
  facet normal -1 0 0
    outer loop
      vertex 4.98 15 30.02
      vertex 4.98 17.5 22.5
      vertex 4.98 15 15
    endloop
  endfacet
  facet normal -1 0 0
    outer loop
      vertex 4.98 22.5 27.5
      vertex 4.98 15 30.02
      vertex 4.98 30 30.02
    endloop
  endfacet
  facet normal -1 0 0
    outer loop
      vertex 4.98 18.9645 26.0355
      vertex 4.98 15 30.02
      vertex 4.98 20.5866 27.1194
    endloop
  endfacet
  facet normal -1 0 0
    outer loop
      vertex 4.98 17.8806 24.4134
      vertex 4.98 15 30.02
      vertex 4.98 18.9645 26.0355
    endloop
  endfacet
  facet normal -1 0 0
    outer loop
      vertex 4.98 17.5 22.5
      vertex 4.98 15 30.02
      vertex 4.98 17.8806 24.4134
    endloop
  endfacet
  facet normal 0 -1 0
    outer loop
      vertex 0 30 15
      vertex 4.98 30 30.02
      vertex 0 30 30.02
    endloop
  endfacet
  facet normal 0 -1 -0
    outer loop
      vertex 4.98 30 30.02
      vertex 0 30 15
      vertex 4.98 30 15
    endloop
  endfacet
  facet normal 0 0 1
    outer loop
      vertex 4.98 30 15
      vertex 4.1 22.5 15
      vertex 4.98 15 15
    endloop
  endfacet
  facet normal 0 0 1
    outer loop
      vertex 4.98 30 15
      vertex 3.30933 24.1418 15
      vertex 4.1 22.5 15
    endloop
  endfacet
  facet normal 0 0 1
    outer loop
      vertex 4.98 30 15
      vertex 1.53271 24.5473 15
      vertex 3.30933 24.1418 15
    endloop
  endfacet
  facet normal -0 0 1
    outer loop
      vertex 0 30 15
      vertex 1.53271 24.5473 15
      vertex 4.98 30 15
    endloop
  endfacet
  facet normal 0 0 1
    outer loop
      vertex 0 24 15
      vertex 1.53271 24.5473 15
      vertex 0 30 15
    endloop
  endfacet
  facet normal 0 0 1
    outer loop
      vertex 1.53271 24.5473 15
      vertex 0 24 15
      vertex 0.846352 24 15
    endloop
  endfacet
  facet normal -0 0 1
    outer loop
      vertex 3.30933 20.8582 15
      vertex 4.98 15 15
      vertex 4.1 22.5 15
    endloop
  endfacet
  facet normal -0 0 1
    outer loop
      vertex 1.53271 20.4527 15
      vertex 4.98 15 15
      vertex 3.30933 20.8582 15
    endloop
  endfacet
  facet normal -0 0 1
    outer loop
      vertex 0 21 15
      vertex 1.53271 20.4527 15
      vertex 0.846351 21 15
    endloop
  endfacet
  facet normal 0 0 1
    outer loop
      vertex 1.53271 20.4527 15
      vertex 0 21 15
      vertex 0 15 15
    endloop
  endfacet
  facet normal 0 0 1
    outer loop
      vertex 1.53271 20.4527 15
      vertex 0 15 15
      vertex 4.98 15 15
    endloop
  endfacet
  facet normal 0 1 -0
    outer loop
      vertex 4.98 15 15
      vertex 0 15 30.02
      vertex 4.98 15 30.02
    endloop
  endfacet
  facet normal 0 1 0
    outer loop
      vertex 0 15 30.02
      vertex 4.98 15 15
      vertex 0 15 15
    endloop
  endfacet
  facet normal 0 0 -1
    outer loop
      vertex 89.3093 20.8582 20.02
      vertex 90 21 20.02
      vertex 90 17.52 20.02
    endloop
  endfacet
  facet normal -0 0 -1
    outer loop
      vertex 90 21 20.02
      vertex 89.3093 20.8582 20.02
      vertex 89.3776 21 20.02
    endloop
  endfacet
  facet normal 0 0 -1
    outer loop
      vertex 90 17.52 20.02
      vertex 87.5327 20.4527 20.02
      vertex 89.3093 20.8582 20.02
    endloop
  endfacet
  facet normal 0 0 -1
    outer loop
      vertex 82.5 17.52 20.02
      vertex 87.5327 20.4527 20.02
      vertex 90 17.52 20.02
    endloop
  endfacet
  facet normal -0 0 -1
    outer loop
      vertex 86.108 21.5888 20.02
      vertex 82.5 17.52 20.02
      vertex 86.108 23.4112 20.02
    endloop
  endfacet
  facet normal -0 0 -1
    outer loop
      vertex 87.5327 20.4527 20.02
      vertex 82.5 17.52 20.02
      vertex 86.108 21.5888 20.02
    endloop
  endfacet
  facet normal 0 0 -1
    outer loop
      vertex 89.3093 24.1418 20.02
      vertex 90 24 20.02
      vertex 89.3776 24 20.02
    endloop
  endfacet
  facet normal 0 0 -1
    outer loop
      vertex 90 24 20.02
      vertex 89.3093 24.1418 20.02
      vertex 90 27.52 20.02
    endloop
  endfacet
  facet normal 0 0 -1
    outer loop
      vertex 87.5327 24.5473 20.02
      vertex 90 27.52 20.02
      vertex 89.3093 24.1418 20.02
    endloop
  endfacet
  facet normal 0 0 -1
    outer loop
      vertex 82.5 27.52 20.02
      vertex 87.5327 24.5473 20.02
      vertex 86.108 23.4112 20.02
    endloop
  endfacet
  facet normal 0 0 -1
    outer loop
      vertex 87.5327 24.5473 20.02
      vertex 82.5 27.52 20.02
      vertex 90 27.52 20.02
    endloop
  endfacet
  facet normal 0 0 -1
    outer loop
      vertex 82.5 27.52 20.02
      vertex 86.108 23.4112 20.02
      vertex 82.5 17.52 20.02
    endloop
  endfacet
  facet normal 0 -1 0
    outer loop
      vertex 82.5 27.52 15
      vertex 90 27.52 20.02
      vertex 82.5 27.52 20.02
    endloop
  endfacet
  facet normal 0 -1 -0
    outer loop
      vertex 90 27.52 20.02
      vertex 82.5 27.52 15
      vertex 90 27.52 15
    endloop
  endfacet
  facet normal -0 0 1
    outer loop
      vertex 89.3093 24.1418 15
      vertex 90 24 15
      vertex 90 27.52 15
    endloop
  endfacet
  facet normal 0 0 1
    outer loop
      vertex 90 24 15
      vertex 89.3093 24.1418 15
      vertex 89.3776 24 15
    endloop
  endfacet
  facet normal 0 0 1
    outer loop
      vertex 90 27.52 15
      vertex 87.5327 24.5473 15
      vertex 89.3093 24.1418 15
    endloop
  endfacet
  facet normal -0 0 1
    outer loop
      vertex 82.5 27.52 15
      vertex 87.5327 24.5473 15
      vertex 90 27.52 15
    endloop
  endfacet
  facet normal 0 0 1
    outer loop
      vertex 86.108 23.4112 15
      vertex 82.5 27.52 15
      vertex 86.108 21.5888 15
    endloop
  endfacet
  facet normal 0 0 1
    outer loop
      vertex 87.5327 24.5473 15
      vertex 82.5 27.52 15
      vertex 86.108 23.4112 15
    endloop
  endfacet
  facet normal 0 0 1
    outer loop
      vertex 89.3093 20.8582 15
      vertex 90 21 15
      vertex 89.3776 21 15
    endloop
  endfacet
  facet normal 0 0 1
    outer loop
      vertex 90 21 15
      vertex 89.3093 20.8582 15
      vertex 90 17.52 15
    endloop
  endfacet
  facet normal -0 0 1
    outer loop
      vertex 87.5327 20.4527 15
      vertex 90 17.52 15
      vertex 89.3093 20.8582 15
    endloop
  endfacet
  facet normal 0 0 1
    outer loop
      vertex 82.5 17.52 15
      vertex 87.5327 20.4527 15
      vertex 86.108 21.5888 15
    endloop
  endfacet
  facet normal 0 0 1
    outer loop
      vertex 87.5327 20.4527 15
      vertex 82.5 17.52 15
      vertex 90 17.52 15
    endloop
  endfacet
  facet normal 0 0 1
    outer loop
      vertex 82.5 17.52 15
      vertex 86.108 21.5888 15
      vertex 82.5 27.52 15
    endloop
  endfacet
  facet normal 0 1 -0
    outer loop
      vertex 90 17.52 15
      vertex 82.5 17.52 20.02
      vertex 90 17.52 20.02
    endloop
  endfacet
  facet normal 0 1 0
    outer loop
      vertex 82.5 17.52 20.02
      vertex 90 17.52 15
      vertex 82.5 17.52 15
    endloop
  endfacet
  facet normal -1 0 0
    outer loop
      vertex 0.98 27.1263 31.311
      vertex 0.98 27.5283 31.258
      vertex 0.98 27.5283 31
    endloop
  endfacet
  facet normal -1 0 0
    outer loop
      vertex 0.98 27.5283 31.258
      vertex 0.98 27.1263 31.311
      vertex 0.98 27.4131 31.4847
    endloop
  endfacet
  facet normal -1 0 0
    outer loop
      vertex 0.98 27.0461 31.458
      vertex 0.98 27.4131 31.4847
      vertex 0.98 27.1263 31.311
    endloop
  endfacet
  facet normal -1 0 0
    outer loop
      vertex 0.98 25.6333 31
      vertex 0.98 27.1263 31.311
      vertex 0.98 27.5283 31
    endloop
  endfacet
  facet normal -1 -0 0
    outer loop
      vertex 0.98 27.1263 31.311
      vertex 0.98 25.6333 31
      vertex 0.98 25.6333 31.311
    endloop
  endfacet
  facet normal -1 -0 0
    outer loop
      vertex 0.98 27.4131 31.4847
      vertex 0.98 27.0461 31.458
      vertex 0.98 27.2753 31.683
    endloop
  endfacet
  facet normal -1 0 0
    outer loop
      vertex 0.98 26.9273 31.611
      vertex 0.98 27.2753 31.683
      vertex 0.98 27.0461 31.458
    endloop
  endfacet
  facet normal -1 -0 0
    outer loop
      vertex 0.98 27.2753 31.683
      vertex 0.98 26.9273 31.611
      vertex 0.98 27.1226 31.859
    endloop
  endfacet
  facet normal -1 0 0
    outer loop
      vertex 0.98 26.7653 31.7762
      vertex 0.98 27.1226 31.859
      vertex 0.98 26.9273 31.611
    endloop
  endfacet
  facet normal -1 -0 0
    outer loop
      vertex 0.98 27.1226 31.859
      vertex 0.98 26.7653 31.7762
      vertex 0.98 26.9623 32.017
    endloop
  endfacet
  facet normal -1 -0 0
    outer loop
      vertex 0.98 26.9623 32.017
      vertex 0.98 26.7653 31.7762
      vertex 0.98 26.7983 32.1615
    endloop
  endfacet
  facet normal -1 0 0
    outer loop
      vertex 0.98 26.5553 31.96
      vertex 0.98 26.7983 32.1615
      vertex 0.98 26.7653 31.7762
    endloop
  endfacet
  facet normal -1 -0 0
    outer loop
      vertex 0.98 26.7983 32.1615
      vertex 0.98 26.5553 31.96
      vertex 0.98 26.6363 32.295
    endloop
  endfacet
  facet normal -1 0 0
    outer loop
      vertex 0.98 26.1991 32.265
      vertex 0.98 26.6363 32.295
      vertex 0.98 26.5553 31.96
    endloop
  endfacet
  facet normal -1 -0 0
    outer loop
      vertex 0.98 26.6363 32.295
      vertex 0.98 26.1991 32.265
      vertex 0.98 26.4823 32.4227
    endloop
  endfacet
  facet normal -1 -0 0
    outer loop
      vertex 0.98 26.4823 32.4227
      vertex 0.98 26.1991 32.265
      vertex 0.98 26.3443 32.55
    endloop
  endfacet
  facet normal -1 0 0
    outer loop
      vertex 0.98 25.9803 32.478
      vertex 0.98 26.3443 32.55
      vertex 0.98 26.1991 32.265
    endloop
  endfacet
  facet normal -1 -0 0
    outer loop
      vertex 0.98 26.3443 32.55
      vertex 0.98 25.9803 32.478
      vertex 0.98 26.2268 32.681
    endloop
  endfacet
  facet normal -1 -0 0
    outer loop
      vertex 0.98 26.2268 32.681
      vertex 0.98 25.9803 32.478
      vertex 0.98 26.1343 32.818
    endloop
  endfacet
  facet normal -1 0 0
    outer loop
      vertex 0.98 25.7533 32.812
      vertex 0.98 26.1343 32.818
      vertex 0.98 25.8481 32.645
    endloop
  endfacet
  facet normal -1 0 0
    outer loop
      vertex 0.98 25.8481 32.645
      vertex 0.98 26.1343 32.818
      vertex 0.98 25.9803 32.478
    endloop
  endfacet
  facet normal -1 0 0
    outer loop
      vertex 0.98 27.1383 33.16
      vertex 0.98 27.4188 33.503
      vertex 0.98 27.5123 33.195
    endloop
  endfacet
  facet normal -1 0 0
    outer loop
      vertex 0.98 27.4188 33.503
      vertex 0.98 27.1383 33.16
      vertex 0.98 27.0811 33.3635
    endloop
  endfacet
  facet normal -1 -0 0
    outer loop
      vertex 0.98 27.4188 33.503
      vertex 0.98 27.0811 33.3635
      vertex 0.98 27.2203 33.741
    endloop
  endfacet
  facet normal -1 0 0
    outer loop
      vertex 0.98 26.9613 33.516
      vertex 0.98 27.2203 33.741
      vertex 0.98 27.0811 33.3635
    endloop
  endfacet
  facet normal -1 0 0
    outer loop
      vertex 0.98 26.9613 33.516
      vertex 0.98 26.9336 33.8932
      vertex 0.98 27.2203 33.741
    endloop
  endfacet
  facet normal -1 0 0
    outer loop
      vertex 0.98 26.7888 33.6112
      vertex 0.98 26.9336 33.8932
      vertex 0.98 26.9613 33.516
    endloop
  endfacet
  facet normal -1 0 0
    outer loop
      vertex 0.98 26.5753 33.944
      vertex 0.98 26.7888 33.6112
      vertex 0.98 26.5753 33.643
    endloop
  endfacet
  facet normal -1 0 0
    outer loop
      vertex 0.98 26.7888 33.6112
      vertex 0.98 26.5753 33.944
      vertex 0.98 26.9336 33.8932
    endloop
  endfacet
  facet normal -1 0 0
    outer loop
      vertex 0.98 26.3563 33.6097
      vertex 0.98 26.5753 33.944
      vertex 0.98 26.5753 33.643
    endloop
  endfacet
  facet normal -1 0 0
    outer loop
      vertex 0.98 26.3563 33.6097
      vertex 0.98 26.1926 33.8922
      vertex 0.98 26.5753 33.944
    endloop
  endfacet
  facet normal -1 0 0
    outer loop
      vertex 0.98 26.1913 33.51
      vertex 0.98 26.1926 33.8922
      vertex 0.98 26.3563 33.6097
    endloop
  endfacet
  facet normal -1 0 0
    outer loop
      vertex 0.98 25.9103 33.737
      vertex 0.98 26.1913 33.51
      vertex 0.98 26.0878 33.35
    endloop
  endfacet
  facet normal -1 0 0
    outer loop
      vertex 0.98 26.1913 33.51
      vertex 0.98 25.9103 33.737
      vertex 0.98 26.1926 33.8922
    endloop
  endfacet
  facet normal -1 0 0
    outer loop
      vertex 0.98 25.6773 33.148
      vertex 0.98 26.0878 33.35
      vertex 0.98 26.0533 33.136
    endloop
  endfacet
  facet normal -1 -0 0
    outer loop
      vertex 0.98 26.1343 32.818
      vertex 0.98 25.7533 32.812
      vertex 0.98 26.0736 32.968
    endloop
  endfacet
  facet normal -1 0 0
    outer loop
      vertex 0.98 25.6963 32.9795
      vertex 0.98 26.0736 32.968
      vertex 0.98 25.7533 32.812
    endloop
  endfacet
  facet normal -1 0 0
    outer loop
      vertex 0.98 26.0736 32.968
      vertex 0.98 25.6963 32.9795
      vertex 0.98 26.0533 33.136
    endloop
  endfacet
  facet normal -1 -0 0
    outer loop
      vertex 0.98 26.0878 33.35
      vertex 0.98 25.6773 33.148
      vertex 0.98 25.7356 33.4862
    endloop
  endfacet
  facet normal -1 -0 0
    outer loop
      vertex 0.98 26.0533 33.136
      vertex 0.98 25.6963 32.9795
      vertex 0.98 25.6773 33.148
    endloop
  endfacet
  facet normal -1 0 0
    outer loop
      vertex 0.98 26.0878 33.35
      vertex 0.98 25.7356 33.4862
      vertex 0.98 25.9103 33.737
    endloop
  endfacet
  facet normal -1 0 0
    outer loop
      vertex 0.98 18.0864 32.452
      vertex 0.98 18.4804 32.452
      vertex 0.98 18.4392 32.017
    endloop
  endfacet
  facet normal -1 0 0
    outer loop
      vertex 0.98 18.0177 31.9647
      vertex 0.98 18.4392 32.017
      vertex 0.98 18.3154 31.644
    endloop
  endfacet
  facet normal -1 0 0
    outer loop
      vertex 0.98 17.8114 31.583
      vertex 0.98 18.3154 31.644
      vertex 0.98 18.1119 31.3422
    endloop
  endfacet
  facet normal -1 0 0
    outer loop
      vertex 0.98 18.0204 32.9407
      vertex 0.98 18.4804 32.452
      vertex 0.98 18.0864 32.452
    endloop
  endfacet
  facet normal -1 0 0
    outer loop
      vertex 0.98 18.4804 32.452
      vertex 0.98 18.0204 32.9407
      vertex 0.98 18.3882 33.076
    endloop
  endfacet
  facet normal -1 -0 0
    outer loop
      vertex 0.98 18.4392 32.017
      vertex 0.98 18.0177 31.9647
      vertex 0.98 18.0864 32.452
    endloop
  endfacet
  facet normal -1 0 0
    outer loop
      vertex 0.98 17.8114 31.583
      vertex 0.98 18.1119 31.3422
      vertex 0.98 17.8334 31.119
    endloop
  endfacet
  facet normal -1 -0 0
    outer loop
      vertex 0.98 18.3154 31.644
      vertex 0.98 17.8114 31.583
      vertex 0.98 18.0177 31.9647
    endloop
  endfacet
  facet normal -1 0 0
    outer loop
      vertex 0.98 17.4872 31.337
      vertex 0.98 17.8334 31.119
      vertex 0.98 17.4882 30.9818
    endloop
  endfacet
  facet normal -1 0 0
    outer loop
      vertex 0.98 17.8334 31.119
      vertex 0.98 17.4872 31.337
      vertex 0.98 17.8114 31.583
    endloop
  endfacet
  facet normal -1 0 0
    outer loop
      vertex 0.98 17.0664 31.255
      vertex 0.98 17.4882 30.9818
      vertex 0.98 17.0844 30.936
    endloop
  endfacet
  facet normal -1 0 0
    outer loop
      vertex 0.98 17.4882 30.9818
      vertex 0.98 17.0664 31.255
      vertex 0.98 17.4872 31.337
    endloop
  endfacet
  facet normal -1 0 0
    outer loop
      vertex 0.98 16.6879 30.9833
      vertex 0.98 17.0664 31.255
      vertex 0.98 17.0844 30.936
    endloop
  endfacet
  facet normal -1 0 0
    outer loop
      vertex 0.98 16.6879 30.9833
      vertex 0.98 16.5399 31.3992
      vertex 0.98 17.0664 31.255
    endloop
  endfacet
  facet normal -1 0 0
    outer loop
      vertex 0.98 16.3424 31.125
      vertex 0.98 16.5399 31.3992
      vertex 0.98 16.6879 30.9833
    endloop
  endfacet
  facet normal -1 0 0
    outer loop
      vertex 0.98 16.0582 31.3575
      vertex 0.98 16.5399 31.3992
      vertex 0.98 16.3424 31.125
    endloop
  endfacet
  facet normal -1 -0 0
    outer loop
      vertex 0.98 16.5399 31.3992
      vertex 0.98 16.0582 31.3575
      vertex 0.98 16.1624 31.832
    endloop
  endfacet
  facet normal -1 0 0
    outer loop
      vertex 0.98 16.1624 31.832
      vertex 0.98 16.0582 31.3575
      vertex 0.98 15.8454 31.677
    endloop
  endfacet
  facet normal -1 0 0
    outer loop
      vertex 0.98 17.8224 33.313
      vertex 0.98 18.3882 33.076
      vertex 0.98 18.0204 32.9407
    endloop
  endfacet
  facet normal -1 0 0
    outer loop
      vertex 0.98 18.3882 33.076
      vertex 0.98 17.8224 33.313
      vertex 0.98 18.1114 33.548
    endloop
  endfacet
  facet normal -1 0 0
    outer loop
      vertex 0.98 17.8224 33.313
      vertex 0.98 17.6704 33.845
      vertex 0.98 18.1114 33.548
    endloop
  endfacet
  facet normal -1 0 0
    outer loop
      vertex 0.98 17.5054 33.5485
      vertex 0.98 17.6704 33.845
      vertex 0.98 17.8224 33.313
    endloop
  endfacet
  facet normal -1 0 0
    outer loop
      vertex 0.98 17.5054 33.5485
      vertex 0.98 17.0874 33.944
      vertex 0.98 17.6704 33.845
    endloop
  endfacet
  facet normal -1 0 0
    outer loop
      vertex 0.98 17.0824 33.627
      vertex 0.98 17.0874 33.944
      vertex 0.98 17.5054 33.5485
    endloop
  endfacet
  facet normal -1 0 0
    outer loop
      vertex 0.98 16.8002 33.5938
      vertex 0.98 17.0874 33.944
      vertex 0.98 17.0824 33.627
    endloop
  endfacet
  facet normal -1 0 0
    outer loop
      vertex 0.98 16.8002 33.5938
      vertex 0.98 16.6679 33.8992
      vertex 0.98 17.0874 33.944
    endloop
  endfacet
  facet normal -1 0 0
    outer loop
      vertex 0.98 16.5594 33.494
      vertex 0.98 16.6679 33.8992
      vertex 0.98 16.8002 33.5938
    endloop
  endfacet
  facet normal -1 0 0
    outer loop
      vertex 0.98 16.3234 33.765
      vertex 0.98 16.5594 33.494
      vertex 0.98 16.3694 33.3325
    endloop
  endfacet
  facet normal -1 0 0
    outer loop
      vertex 0.98 16.5594 33.494
      vertex 0.98 16.3234 33.765
      vertex 0.98 16.6679 33.8992
    endloop
  endfacet
  facet normal -1 0 0
    outer loop
      vertex 0.98 16.0572 33.5427
      vertex 0.98 16.3694 33.3325
      vertex 0.98 16.2394 33.112
    endloop
  endfacet
  facet normal -1 0 0
    outer loop
      vertex 0.98 16.3694 33.3325
      vertex 0.98 16.0572 33.5427
      vertex 0.98 16.3234 33.765
    endloop
  endfacet
  facet normal -1 0 -0
    outer loop
      vertex 0.98 16.0572 33.5427
      vertex 0.98 16.2394 33.112
      vertex 0.98 15.8724 33.234
    endloop
  endfacet
  facet normal -1 0 0
    outer loop
      vertex 0.98 24.2556 31.85
      vertex 0.98 25.4566 33.88
      vertex 0.98 24.2886 31
    endloop
  endfacet
  facet normal -1 -0 0
    outer loop
      vertex 0.98 25.4566 33.88
      vertex 0.98 24.2556 31.85
      vertex 0.98 25.0476 33.88
    endloop
  endfacet
  facet normal -1 0 0
    outer loop
      vertex 0.98 24.2886 31
      vertex 0.98 24.0856 31.341
      vertex 0.98 24.2556 31.85
    endloop
  endfacet
  facet normal -1 0 0
    outer loop
      vertex 0.98 23.8866 31
      vertex 0.98 24.0856 31.341
      vertex 0.98 24.2886 31
    endloop
  endfacet
  facet normal -1 0 0
    outer loop
      vertex 0.98 23.8866 31
      vertex 0.98 23.9146 31.85
      vertex 0.98 24.0856 31.341
    endloop
  endfacet
  facet normal -1 0 0
    outer loop
      vertex 0.98 22.7186 33.88
      vertex 0.98 23.9146 31.85
      vertex 0.98 23.8866 31
    endloop
  endfacet
  facet normal -1 0 0
    outer loop
      vertex 0.98 23.9146 31.85
      vertex 0.98 22.7186 33.88
      vertex 0.98 23.1266 33.88
    endloop
  endfacet
  facet normal -1 0 0
    outer loop
      vertex 0.98 29.683 31
      vertex 0.98 28.954 31.311
      vertex 0.98 29.683 31.311
    endloop
  endfacet
  facet normal -1 0 0
    outer loop
      vertex 0.98 28.586 31.311
      vertex 0.98 28.954 33.531
      vertex 0.98 28.954 31.311
    endloop
  endfacet
  facet normal -1 0 0
    outer loop
      vertex 0.98 28.586 33.88
      vertex 0.98 28.954 33.531
      vertex 0.98 28.586 31.311
    endloop
  endfacet
  facet normal -1 0 0
    outer loop
      vertex 0.98 27.89 31
      vertex 0.98 28.954 31.311
      vertex 0.98 29.683 31
    endloop
  endfacet
  facet normal -1 -0 0
    outer loop
      vertex 0.98 28.954 31.311
      vertex 0.98 27.89 31
      vertex 0.98 28.586 31.311
    endloop
  endfacet
  facet normal -1 -0 0
    outer loop
      vertex 0.98 28.586 31.311
      vertex 0.98 27.89 31
      vertex 0.98 27.89 31.311
    endloop
  endfacet
  facet normal -1 0 0
    outer loop
      vertex 0.98 28.954 33.531
      vertex 0.98 29.6 33.393
      vertex 0.98 29.6 33.048
    endloop
  endfacet
  facet normal -1 0 0
    outer loop
      vertex 0.98 29.6 33.393
      vertex 0.98 28.954 33.531
      vertex 0.98 28.923 33.88
    endloop
  endfacet
  facet normal -1 0 0
    outer loop
      vertex 0.98 28.954 33.531
      vertex 0.98 28.586 33.88
      vertex 0.98 28.923 33.88
    endloop
  endfacet
  facet normal -1 0 0
    outer loop
      vertex 0.98 21.2889 31
      vertex 0.98 20.9009 31.311
      vertex 0.98 21.2889 33.88
    endloop
  endfacet
  facet normal -1 0 0
    outer loop
      vertex 0.98 20.2179 31
      vertex 0.98 20.9009 31.311
      vertex 0.98 21.2889 31
    endloop
  endfacet
  facet normal -1 -0 0
    outer loop
      vertex 0.98 20.9009 31.311
      vertex 0.98 20.2179 31
      vertex 0.98 20.2629 31.311
    endloop
  endfacet
  facet normal -1 0 0
    outer loop
      vertex 0.98 20.2179 31
      vertex 0.98 19.9671 31.3457
      vertex 0.98 20.2629 31.311
    endloop
  endfacet
  facet normal -1 0 0
    outer loop
      vertex 0.98 19.8281 31.0445
      vertex 0.98 19.9671 31.3457
      vertex 0.98 20.2179 31
    endloop
  endfacet
  facet normal -1 0 0
    outer loop
      vertex 0.98 19.8281 31.0445
      vertex 0.98 19.7099 31.45
      vertex 0.98 19.9671 31.3457
    endloop
  endfacet
  facet normal -1 0 0
    outer loop
      vertex 0.98 19.4869 31.178
      vertex 0.98 19.7099 31.45
      vertex 0.98 19.8281 31.0445
    endloop
  endfacet
  facet normal -1 -0 0
    outer loop
      vertex 0.98 19.7099 31.45
      vertex 0.98 19.4869 31.178
      vertex 0.98 19.4986 31.6197
    endloop
  endfacet
  facet normal -1 0 0
    outer loop
      vertex 0.98 19.2061 31.395
      vertex 0.98 19.4986 31.6197
      vertex 0.98 19.4869 31.178
    endloop
  endfacet
  facet normal -1 -0 0
    outer loop
      vertex 0.98 19.4986 31.6197
      vertex 0.98 19.2061 31.395
      vertex 0.98 19.3429 31.851
    endloop
  endfacet
  facet normal -1 -0 0
    outer loop
      vertex 0.98 19.3429 31.851
      vertex 0.98 18.9979 31.69
      vertex 0.98 19.2469 32.1367
    endloop
  endfacet
  facet normal -1 0 0
    outer loop
      vertex 0.98 18.9979 31.69
      vertex 0.98 19.3429 31.851
      vertex 0.98 19.2061 31.395
    endloop
  endfacet
  facet normal -1 0 0
    outer loop
      vertex 0.98 20.9009 33.569
      vertex 0.98 21.2889 33.88
      vertex 0.98 20.9009 31.311
    endloop
  endfacet
  facet normal -1 0 0
    outer loop
      vertex 0.98 20.3419 33.88
      vertex 0.98 20.9009 33.569
      vertex 0.98 20.3509 33.569
    endloop
  endfacet
  facet normal -1 0 0
    outer loop
      vertex 0.98 20.9009 33.569
      vertex 0.98 20.3419 33.88
      vertex 0.98 21.2889 33.88
    endloop
  endfacet
  facet normal -1 0 0
    outer loop
      vertex 0.98 19.8634 33.4985
      vertex 0.98 20.3419 33.88
      vertex 0.98 20.3509 33.569
    endloop
  endfacet
  facet normal -1 0 0
    outer loop
      vertex 0.98 19.8634 33.4985
      vertex 0.98 19.6979 33.7882
      vertex 0.98 20.3419 33.88
    endloop
  endfacet
  facet normal -1 0 0
    outer loop
      vertex 0.98 19.5069 33.287
      vertex 0.98 19.6979 33.7882
      vertex 0.98 19.8634 33.4985
    endloop
  endfacet
  facet normal -1 0 0
    outer loop
      vertex 0.98 19.2199 33.513
      vertex 0.98 19.5069 33.287
      vertex 0.98 19.2879 32.9422
    endloop
  endfacet
  facet normal -1 0 0
    outer loop
      vertex 0.98 19.5069 33.287
      vertex 0.98 19.2199 33.513
      vertex 0.98 19.6979 33.7882
    endloop
  endfacet
  facet normal -1 0 0
    outer loop
      vertex 0.98 18.8249 32.47
      vertex 0.98 19.2879 32.9422
      vertex 0.98 19.2149 32.47
    endloop
  endfacet
  facet normal -1 0 0
    outer loop
      vertex 0.98 18.8681 32.052
      vertex 0.98 19.2469 32.1367
      vertex 0.98 18.9979 31.69
    endloop
  endfacet
  facet normal -1 0 0
    outer loop
      vertex 0.98 18.8249 32.47
      vertex 0.98 19.2469 32.1367
      vertex 0.98 18.8681 32.052
    endloop
  endfacet
  facet normal -1 -0 0
    outer loop
      vertex 0.98 19.2879 32.9422
      vertex 0.98 18.8249 32.47
      vertex 0.98 18.9236 33.0687
    endloop
  endfacet
  facet normal -1 0 0
    outer loop
      vertex 0.98 19.2469 32.1367
      vertex 0.98 18.8249 32.47
      vertex 0.98 19.2149 32.47
    endloop
  endfacet
  facet normal -1 0 0
    outer loop
      vertex 0.98 19.2879 32.9422
      vertex 0.98 18.9236 33.0687
      vertex 0.98 19.2199 33.513
    endloop
  endfacet
  facet normal 0 0 -1
    outer loop
      vertex 0 25.6333 31.311
      vertex 0.98 27.1263 31.311
      vertex 0.98 25.6333 31.311
    endloop
  endfacet
  facet normal -0 0 -1
    outer loop
      vertex 0.98 27.1263 31.311
      vertex 0 25.6333 31.311
      vertex 0 27.1263 31.311
    endloop
  endfacet
  facet normal 0 0.87785 0.478936
    outer loop
      vertex 0.98 27.1263 31.311
      vertex 0 27.0461 31.458
      vertex 0.98 27.0461 31.458
    endloop
  endfacet
  facet normal 0 0.87785 0.478936
    outer loop
      vertex 0 27.0461 31.458
      vertex 0.98 27.1263 31.311
      vertex 0 27.1263 31.311
    endloop
  endfacet
  facet normal 0 0.789852 0.613297
    outer loop
      vertex 0.98 27.0461 31.458
      vertex 0 26.9273 31.611
      vertex 0.98 26.9273 31.611
    endloop
  endfacet
  facet normal 0 0.789852 0.613297
    outer loop
      vertex 0 26.9273 31.611
      vertex 0.98 27.0461 31.458
      vertex 0 27.0461 31.458
    endloop
  endfacet
  facet normal 0 0.713988 0.700158
    outer loop
      vertex 0.98 26.9273 31.611
      vertex 0 26.7653 31.7762
      vertex 0.98 26.7653 31.7762
    endloop
  endfacet
  facet normal 0 0.713988 0.700158
    outer loop
      vertex 0 26.7653 31.7762
      vertex 0.98 26.9273 31.611
      vertex 0 26.9273 31.611
    endloop
  endfacet
  facet normal -0 0.658606 0.752488
    outer loop
      vertex 0 26.7653 31.7762
      vertex 0.98 26.5553 31.96
      vertex 0.98 26.7653 31.7762
    endloop
  endfacet
  facet normal 0 0.658606 0.752488
    outer loop
      vertex 0.98 26.5553 31.96
      vertex 0 26.7653 31.7762
      vertex 0 26.5553 31.96
    endloop
  endfacet
  facet normal -0 0.650405 0.759588
    outer loop
      vertex 0 26.5553 31.96
      vertex 0.98 26.1991 32.265
      vertex 0.98 26.5553 31.96
    endloop
  endfacet
  facet normal 0 0.650405 0.759588
    outer loop
      vertex 0.98 26.1991 32.265
      vertex 0 26.5553 31.96
      vertex 0 26.1991 32.265
    endloop
  endfacet
  facet normal -0 0.697546 0.71654
    outer loop
      vertex 0 26.1991 32.265
      vertex 0.98 25.9803 32.478
      vertex 0.98 26.1991 32.265
    endloop
  endfacet
  facet normal 0 0.697546 0.71654
    outer loop
      vertex 0.98 25.9803 32.478
      vertex 0 26.1991 32.265
      vertex 0 25.9803 32.478
    endloop
  endfacet
  facet normal 0 0.784065 0.620679
    outer loop
      vertex 0.98 25.9803 32.478
      vertex 0 25.8481 32.645
      vertex 0.98 25.8481 32.645
    endloop
  endfacet
  facet normal 0 0.784065 0.620679
    outer loop
      vertex 0 25.8481 32.645
      vertex 0.98 25.9803 32.478
      vertex 0 25.9803 32.478
    endloop
  endfacet
  facet normal 0 0.86965 0.493669
    outer loop
      vertex 0.98 25.8481 32.645
      vertex 0 25.7533 32.812
      vertex 0.98 25.7533 32.812
    endloop
  endfacet
  facet normal 0 0.86965 0.493669
    outer loop
      vertex 0 25.7533 32.812
      vertex 0.98 25.8481 32.645
      vertex 0 25.8481 32.645
    endloop
  endfacet
  facet normal 0 0.946687 0.322156
    outer loop
      vertex 0.98 25.7533 32.812
      vertex 0 25.6963 32.9795
      vertex 0.98 25.6963 32.9795
    endloop
  endfacet
  facet normal 0 0.946687 0.322156
    outer loop
      vertex 0 25.6963 32.9795
      vertex 0.98 25.7533 32.812
      vertex 0 25.7533 32.812
    endloop
  endfacet
  facet normal 0 0.993703 0.11205
    outer loop
      vertex 0.98 25.6963 32.9795
      vertex 0 25.6773 33.148
      vertex 0.98 25.6773 33.148
    endloop
  endfacet
  facet normal 0 0.993703 0.11205
    outer loop
      vertex 0 25.6773 33.148
      vertex 0.98 25.6963 32.9795
      vertex 0 25.6963 32.9795
    endloop
  endfacet
  facet normal 0 0.985465 -0.169878
    outer loop
      vertex 0.98 25.6773 33.148
      vertex 0 25.7356 33.4862
      vertex 0.98 25.7356 33.4862
    endloop
  endfacet
  facet normal 0 0.985465 -0.169878
    outer loop
      vertex 0 25.7356 33.4862
      vertex 0.98 25.6773 33.148
      vertex 0 25.6773 33.148
    endloop
  endfacet
  facet normal 0 0.820552 -0.571572
    outer loop
      vertex 0.98 25.7356 33.4862
      vertex 0 25.9103 33.737
      vertex 0.98 25.9103 33.737
    endloop
  endfacet
  facet normal 0 0.820552 -0.571572
    outer loop
      vertex 0 25.9103 33.737
      vertex 0.98 25.7356 33.4862
      vertex 0 25.7356 33.4862
    endloop
  endfacet
  facet normal 0 0.481764 -0.876301
    outer loop
      vertex 0 25.9103 33.737
      vertex 0.98 26.1926 33.8922
      vertex 0.98 25.9103 33.737
    endloop
  endfacet
  facet normal 0 0.481764 -0.876301
    outer loop
      vertex 0.98 26.1926 33.8922
      vertex 0 25.9103 33.737
      vertex 0 26.1926 33.8922
    endloop
  endfacet
  facet normal 0 0.134131 -0.990964
    outer loop
      vertex 0 26.1926 33.8922
      vertex 0.98 26.5753 33.944
      vertex 0.98 26.1926 33.8922
    endloop
  endfacet
  facet normal 0 0.134131 -0.990964
    outer loop
      vertex 0.98 26.5753 33.944
      vertex 0 26.1926 33.8922
      vertex 0 26.5753 33.944
    endloop
  endfacet
  facet normal 0 -0.140377 -0.990098
    outer loop
      vertex 0 26.5753 33.944
      vertex 0.98 26.9336 33.8932
      vertex 0.98 26.5753 33.944
    endloop
  endfacet
  facet normal -0 -0.140377 -0.990098
    outer loop
      vertex 0.98 26.9336 33.8932
      vertex 0 26.5753 33.944
      vertex 0 26.9336 33.8932
    endloop
  endfacet
  facet normal 0 -0.468892 -0.883255
    outer loop
      vertex 0 26.9336 33.8932
      vertex 0.98 27.2203 33.741
      vertex 0.98 26.9336 33.8932
    endloop
  endfacet
  facet normal -0 -0.468892 -0.883255
    outer loop
      vertex 0.98 27.2203 33.741
      vertex 0 26.9336 33.8932
      vertex 0 27.2203 33.741
    endloop
  endfacet
  facet normal 0 -0.767957 -0.640502
    outer loop
      vertex 0 27.4188 33.503
      vertex 0.98 27.2203 33.741
      vertex 0 27.2203 33.741
    endloop
  endfacet
  facet normal 0 -0.767957 -0.640502
    outer loop
      vertex 0.98 27.2203 33.741
      vertex 0 27.4188 33.503
      vertex 0.98 27.4188 33.503
    endloop
  endfacet
  facet normal 0 -0.956881 -0.290482
    outer loop
      vertex 0 27.5123 33.195
      vertex 0.98 27.4188 33.503
      vertex 0 27.4188 33.503
    endloop
  endfacet
  facet normal 0 -0.956881 -0.290482
    outer loop
      vertex 0.98 27.4188 33.503
      vertex 0 27.5123 33.195
      vertex 0.98 27.5123 33.195
    endloop
  endfacet
  facet normal 0 -0.0931758 0.99565
    outer loop
      vertex 0 27.5123 33.195
      vertex 0.98 27.1383 33.16
      vertex 0.98 27.5123 33.195
    endloop
  endfacet
  facet normal 0 -0.0931758 0.99565
    outer loop
      vertex 0.98 27.1383 33.16
      vertex 0 27.5123 33.195
      vertex 0 27.1383 33.16
    endloop
  endfacet
  facet normal 0 0.962693 0.270595
    outer loop
      vertex 0.98 27.1383 33.16
      vertex 0 27.0811 33.3635
      vertex 0.98 27.0811 33.3635
    endloop
  endfacet
  facet normal 0 0.962693 0.270595
    outer loop
      vertex 0 27.0811 33.3635
      vertex 0.98 27.1383 33.16
      vertex 0 27.1383 33.16
    endloop
  endfacet
  facet normal 0 0.786372 0.617753
    outer loop
      vertex 0.98 27.0811 33.3635
      vertex 0 26.9613 33.516
      vertex 0.98 26.9613 33.516
    endloop
  endfacet
  facet normal 0 0.786372 0.617753
    outer loop
      vertex 0 26.9613 33.516
      vertex 0.98 27.0811 33.3635
      vertex 0 27.0811 33.3635
    endloop
  endfacet
  facet normal -0 0.483185 0.875518
    outer loop
      vertex 0 26.9613 33.516
      vertex 0.98 26.7888 33.6112
      vertex 0.98 26.9613 33.516
    endloop
  endfacet
  facet normal 0 0.483185 0.875518
    outer loop
      vertex 0.98 26.7888 33.6112
      vertex 0 26.9613 33.516
      vertex 0 26.7888 33.6112
    endloop
  endfacet
  facet normal -0 0.147321 0.989089
    outer loop
      vertex 0 26.7888 33.6112
      vertex 0.98 26.5753 33.643
      vertex 0.98 26.7888 33.6112
    endloop
  endfacet
  facet normal 0 0.147321 0.989089
    outer loop
      vertex 0.98 26.5753 33.643
      vertex 0 26.7888 33.6112
      vertex 0 26.5753 33.643
    endloop
  endfacet
  facet normal 0 -0.150327 0.988636
    outer loop
      vertex 0 26.5753 33.643
      vertex 0.98 26.3563 33.6097
      vertex 0.98 26.5753 33.643
    endloop
  endfacet
  facet normal 0 -0.150327 0.988636
    outer loop
      vertex 0.98 26.3563 33.6097
      vertex 0 26.5753 33.643
      vertex 0 26.3563 33.6097
    endloop
  endfacet
  facet normal 0 -0.517163 0.855887
    outer loop
      vertex 0 26.3563 33.6097
      vertex 0.98 26.1913 33.51
      vertex 0.98 26.3563 33.6097
    endloop
  endfacet
  facet normal 0 -0.517163 0.855887
    outer loop
      vertex 0.98 26.1913 33.51
      vertex 0 26.3563 33.6097
      vertex 0 26.1913 33.51
    endloop
  endfacet
  facet normal 0 -0.839641 0.543142
    outer loop
      vertex 0 26.0878 33.35
      vertex 0.98 26.1913 33.51
      vertex 0 26.1913 33.51
    endloop
  endfacet
  facet normal 0 -0.839641 0.543142
    outer loop
      vertex 0.98 26.1913 33.51
      vertex 0 26.0878 33.35
      vertex 0.98 26.0878 33.35
    endloop
  endfacet
  facet normal 0 -0.987253 0.15916
    outer loop
      vertex 0 26.0533 33.136
      vertex 0.98 26.0878 33.35
      vertex 0 26.0878 33.35
    endloop
  endfacet
  facet normal 0 -0.987253 0.15916
    outer loop
      vertex 0.98 26.0878 33.35
      vertex 0 26.0533 33.136
      vertex 0.98 26.0533 33.136
    endloop
  endfacet
  facet normal 0 -0.992779 -0.119961
    outer loop
      vertex 0 26.0736 32.968
      vertex 0.98 26.0533 33.136
      vertex 0 26.0533 33.136
    endloop
  endfacet
  facet normal 0 -0.992779 -0.119961
    outer loop
      vertex 0.98 26.0533 33.136
      vertex 0 26.0736 32.968
      vertex 0.98 26.0736 32.968
    endloop
  endfacet
  facet normal 0 -0.926978 -0.375117
    outer loop
      vertex 0 26.1343 32.818
      vertex 0.98 26.0736 32.968
      vertex 0 26.0736 32.968
    endloop
  endfacet
  facet normal 0 -0.926978 -0.375117
    outer loop
      vertex 0.98 26.0736 32.968
      vertex 0 26.1343 32.818
      vertex 0.98 26.1343 32.818
    endloop
  endfacet
  facet normal 0 -0.828779 -0.559577
    outer loop
      vertex 0 26.2268 32.681
      vertex 0.98 26.1343 32.818
      vertex 0 26.1343 32.818
    endloop
  endfacet
  facet normal 0 -0.828779 -0.559577
    outer loop
      vertex 0.98 26.1343 32.818
      vertex 0 26.2268 32.681
      vertex 0.98 26.2268 32.681
    endloop
  endfacet
  facet normal 0 -0.744423 -0.667708
    outer loop
      vertex 0 26.3443 32.55
      vertex 0.98 26.2268 32.681
      vertex 0 26.2268 32.681
    endloop
  endfacet
  facet normal 0 -0.744423 -0.667708
    outer loop
      vertex 0.98 26.2268 32.681
      vertex 0 26.3443 32.55
      vertex 0.98 26.3443 32.55
    endloop
  endfacet
  facet normal 0 -0.678037 -0.735028
    outer loop
      vertex 0 26.3443 32.55
      vertex 0.98 26.4823 32.4227
      vertex 0.98 26.3443 32.55
    endloop
  endfacet
  facet normal -0 -0.678037 -0.735028
    outer loop
      vertex 0.98 26.4823 32.4227
      vertex 0 26.3443 32.55
      vertex 0 26.4823 32.4227
    endloop
  endfacet
  facet normal 0 -0.638314 -0.769776
    outer loop
      vertex 0 26.4823 32.4227
      vertex 0.98 26.6363 32.295
      vertex 0.98 26.4823 32.4227
    endloop
  endfacet
  facet normal -0 -0.638314 -0.769776
    outer loop
      vertex 0.98 26.6363 32.295
      vertex 0 26.4823 32.4227
      vertex 0 26.6363 32.295
    endloop
  endfacet
  facet normal 0 -0.635958 -0.771724
    outer loop
      vertex 0 26.6363 32.295
      vertex 0.98 26.7983 32.1615
      vertex 0.98 26.6363 32.295
    endloop
  endfacet
  facet normal -0 -0.635958 -0.771724
    outer loop
      vertex 0.98 26.7983 32.1615
      vertex 0 26.6363 32.295
      vertex 0 26.7983 32.1615
    endloop
  endfacet
  facet normal 0 -0.661092 -0.750305
    outer loop
      vertex 0 26.7983 32.1615
      vertex 0.98 26.9623 32.017
      vertex 0.98 26.7983 32.1615
    endloop
  endfacet
  facet normal -0 -0.661092 -0.750305
    outer loop
      vertex 0.98 26.9623 32.017
      vertex 0 26.7983 32.1615
      vertex 0 26.9623 32.017
    endloop
  endfacet
  facet normal 0 -0.701979 -0.712198
    outer loop
      vertex 0 26.9623 32.017
      vertex 0.98 27.1226 31.859
      vertex 0.98 26.9623 32.017
    endloop
  endfacet
  facet normal -0 -0.701979 -0.712198
    outer loop
      vertex 0.98 27.1226 31.859
      vertex 0 26.9623 32.017
      vertex 0 27.1226 31.859
    endloop
  endfacet
  facet normal 0 -0.755335 -0.655339
    outer loop
      vertex 0 27.2753 31.683
      vertex 0.98 27.1226 31.859
      vertex 0 27.1226 31.859
    endloop
  endfacet
  facet normal 0 -0.755335 -0.655339
    outer loop
      vertex 0.98 27.1226 31.859
      vertex 0 27.2753 31.683
      vertex 0.98 27.2753 31.683
    endloop
  endfacet
  facet normal 0 -0.821192 -0.570652
    outer loop
      vertex 0 27.4131 31.4847
      vertex 0.98 27.2753 31.683
      vertex 0 27.2753 31.683
    endloop
  endfacet
  facet normal 0 -0.821192 -0.570652
    outer loop
      vertex 0.98 27.2753 31.683
      vertex 0 27.4131 31.4847
      vertex 0.98 27.4131 31.4847
    endloop
  endfacet
  facet normal 0 -0.891498 -0.453024
    outer loop
      vertex 0 27.5283 31.258
      vertex 0.98 27.4131 31.4847
      vertex 0 27.4131 31.4847
    endloop
  endfacet
  facet normal 0 -0.891498 -0.453024
    outer loop
      vertex 0.98 27.4131 31.4847
      vertex 0 27.5283 31.258
      vertex 0.98 27.5283 31.258
    endloop
  endfacet
  facet normal 0 -1 0
    outer loop
      vertex 0 27.5283 31
      vertex 0.98 27.5283 31.258
      vertex 0 27.5283 31.258
    endloop
  endfacet
  facet normal 0 -1 -0
    outer loop
      vertex 0.98 27.5283 31.258
      vertex 0 27.5283 31
      vertex 0.98 27.5283 31
    endloop
  endfacet
  facet normal -0 0 1
    outer loop
      vertex 0 27.5283 31
      vertex 0.98 25.6333 31
      vertex 0.98 27.5283 31
    endloop
  endfacet
  facet normal 0 0 1
    outer loop
      vertex 0.98 25.6333 31
      vertex 0 27.5283 31
      vertex 0 25.6333 31
    endloop
  endfacet
  facet normal 0 1 -0
    outer loop
      vertex 0.98 25.6333 31
      vertex 0 25.6333 31.311
      vertex 0.98 25.6333 31.311
    endloop
  endfacet
  facet normal 0 1 0
    outer loop
      vertex 0 25.6333 31.311
      vertex 0.98 25.6333 31
      vertex 0 25.6333 31
    endloop
  endfacet
  facet normal -0 0.379456 0.92521
    outer loop
      vertex 0 16.6879 30.9833
      vertex 0.98 16.3424 31.125
      vertex 0.98 16.6879 30.9833
    endloop
  endfacet
  facet normal 0 0.379456 0.92521
    outer loop
      vertex 0.98 16.3424 31.125
      vertex 0 16.6879 30.9833
      vertex 0 16.3424 31.125
    endloop
  endfacet
  facet normal -0 0.633193 0.773994
    outer loop
      vertex 0 16.3424 31.125
      vertex 0.98 16.0582 31.3575
      vertex 0.98 16.3424 31.125
    endloop
  endfacet
  facet normal 0 0.633193 0.773994
    outer loop
      vertex 0.98 16.0582 31.3575
      vertex 0 16.3424 31.125
      vertex 0 16.0582 31.3575
    endloop
  endfacet
  facet normal 0 0.832291 0.554339
    outer loop
      vertex 0.98 16.0582 31.3575
      vertex 0 15.8454 31.677
      vertex 0.98 15.8454 31.677
    endloop
  endfacet
  facet normal 0 0.832291 0.554339
    outer loop
      vertex 0 15.8454 31.677
      vertex 0.98 16.0582 31.3575
      vertex 0 16.0582 31.3575
    endloop
  endfacet
  facet normal 0 0.439261 -0.89836
    outer loop
      vertex 0 15.8454 31.677
      vertex 0.98 16.1624 31.832
      vertex 0.98 15.8454 31.677
    endloop
  endfacet
  facet normal 0 0.439261 -0.89836
    outer loop
      vertex 0.98 16.1624 31.832
      vertex 0 15.8454 31.677
      vertex 0 16.1624 31.832
    endloop
  endfacet
  facet normal 0 -0.753611 -0.65732
    outer loop
      vertex 0 16.5399 31.3992
      vertex 0.98 16.1624 31.832
      vertex 0 16.1624 31.832
    endloop
  endfacet
  facet normal 0 -0.753611 -0.65732
    outer loop
      vertex 0.98 16.1624 31.832
      vertex 0 16.5399 31.3992
      vertex 0.98 16.5399 31.3992
    endloop
  endfacet
  facet normal 0 -0.264156 -0.96448
    outer loop
      vertex 0 16.5399 31.3992
      vertex 0.98 17.0664 31.255
      vertex 0.98 16.5399 31.3992
    endloop
  endfacet
  facet normal -0 -0.264156 -0.96448
    outer loop
      vertex 0.98 17.0664 31.255
      vertex 0 16.5399 31.3992
      vertex 0 17.0664 31.255
    endloop
  endfacet
  facet normal 0 0.191269 -0.981538
    outer loop
      vertex 0 17.0664 31.255
      vertex 0.98 17.4872 31.337
      vertex 0.98 17.0664 31.255
    endloop
  endfacet
  facet normal 0 0.191269 -0.981538
    outer loop
      vertex 0.98 17.4872 31.337
      vertex 0 17.0664 31.255
      vertex 0 17.4872 31.337
    endloop
  endfacet
  facet normal 0 0.604473 -0.796626
    outer loop
      vertex 0 17.4872 31.337
      vertex 0.98 17.8114 31.583
      vertex 0.98 17.4872 31.337
    endloop
  endfacet
  facet normal 0 0.604473 -0.796626
    outer loop
      vertex 0.98 17.8114 31.583
      vertex 0 17.4872 31.337
      vertex 0 17.8114 31.583
    endloop
  endfacet
  facet normal 0 0.87973 -0.475474
    outer loop
      vertex 0.98 17.8114 31.583
      vertex 0 18.0177 31.9647
      vertex 0.98 18.0177 31.9647
    endloop
  endfacet
  facet normal 0 0.87973 -0.475474
    outer loop
      vertex 0 18.0177 31.9647
      vertex 0.98 17.8114 31.583
      vertex 0 17.8114 31.583
    endloop
  endfacet
  facet normal 0 0.990208 -0.1396
    outer loop
      vertex 0.98 18.0177 31.9647
      vertex 0 18.0864 32.452
      vertex 0.98 18.0864 32.452
    endloop
  endfacet
  facet normal 0 0.990208 -0.1396
    outer loop
      vertex 0 18.0864 32.452
      vertex 0.98 18.0177 31.9647
      vertex 0 18.0177 31.9647
    endloop
  endfacet
  facet normal 0 0.991003 0.133837
    outer loop
      vertex 0.98 18.0864 32.452
      vertex 0 18.0204 32.9407
      vertex 0.98 18.0204 32.9407
    endloop
  endfacet
  facet normal 0 0.991003 0.133837
    outer loop
      vertex 0 18.0204 32.9407
      vertex 0.98 18.0864 32.452
      vertex 0 18.0864 32.452
    endloop
  endfacet
  facet normal 0 0.882904 0.469554
    outer loop
      vertex 0.98 18.0204 32.9407
      vertex 0 17.8224 33.313
      vertex 0.98 17.8224 33.313
    endloop
  endfacet
  facet normal 0 0.882904 0.469554
    outer loop
      vertex 0 17.8224 33.313
      vertex 0.98 18.0204 32.9407
      vertex 0 18.0204 32.9407
    endloop
  endfacet
  facet normal -0 0.596347 0.802727
    outer loop
      vertex 0 17.8224 33.313
      vertex 0.98 17.5054 33.5485
      vertex 0.98 17.8224 33.313
    endloop
  endfacet
  facet normal 0 0.596347 0.802727
    outer loop
      vertex 0.98 17.5054 33.5485
      vertex 0 17.8224 33.313
      vertex 0 17.5054 33.5485
    endloop
  endfacet
  facet normal -0 0.182464 0.983213
    outer loop
      vertex 0 17.5054 33.5485
      vertex 0.98 17.0824 33.627
      vertex 0.98 17.5054 33.5485
    endloop
  endfacet
  facet normal 0 0.182464 0.983213
    outer loop
      vertex 0.98 17.0824 33.627
      vertex 0 17.5054 33.5485
      vertex 0 17.0824 33.627
    endloop
  endfacet
  facet normal 0 -0.116841 0.993151
    outer loop
      vertex 0 17.0824 33.627
      vertex 0.98 16.8002 33.5938
      vertex 0.98 17.0824 33.627
    endloop
  endfacet
  facet normal 0 -0.116841 0.993151
    outer loop
      vertex 0.98 16.8002 33.5938
      vertex 0 17.0824 33.627
      vertex 0 16.8002 33.5938
    endloop
  endfacet
  facet normal 0 -0.382871 0.923802
    outer loop
      vertex 0 16.8002 33.5938
      vertex 0.98 16.5594 33.494
      vertex 0.98 16.8002 33.5938
    endloop
  endfacet
  facet normal 0 -0.382871 0.923802
    outer loop
      vertex 0.98 16.5594 33.494
      vertex 0 16.8002 33.5938
      vertex 0 16.5594 33.494
    endloop
  endfacet
  facet normal 0 -0.647648 0.761939
    outer loop
      vertex 0 16.5594 33.494
      vertex 0.98 16.3694 33.3325
      vertex 0.98 16.5594 33.494
    endloop
  endfacet
  facet normal 0 -0.647648 0.761939
    outer loop
      vertex 0.98 16.3694 33.3325
      vertex 0 16.5594 33.494
      vertex 0 16.3694 33.3325
    endloop
  endfacet
  facet normal 0 -0.861432 0.507874
    outer loop
      vertex 0 16.2394 33.112
      vertex 0.98 16.3694 33.3325
      vertex 0 16.3694 33.3325
    endloop
  endfacet
  facet normal 0 -0.861432 0.507874
    outer loop
      vertex 0.98 16.3694 33.3325
      vertex 0 16.2394 33.112
      vertex 0.98 16.2394 33.112
    endloop
  endfacet
  facet normal -0 0.315452 0.948942
    outer loop
      vertex 0 16.2394 33.112
      vertex 0.98 15.8724 33.234
      vertex 0.98 16.2394 33.112
    endloop
  endfacet
  facet normal 0 0.315452 0.948942
    outer loop
      vertex 0.98 15.8724 33.234
      vertex 0 16.2394 33.112
      vertex 0 15.8724 33.234
    endloop
  endfacet
  facet normal 0 0.858008 -0.513637
    outer loop
      vertex 0.98 15.8724 33.234
      vertex 0 16.0572 33.5427
      vertex 0.98 16.0572 33.5427
    endloop
  endfacet
  facet normal 0 0.858008 -0.513637
    outer loop
      vertex 0 16.0572 33.5427
      vertex 0.98 15.8724 33.234
      vertex 0 15.8724 33.234
    endloop
  endfacet
  facet normal 0 0.640978 -0.767559
    outer loop
      vertex 0 16.0572 33.5427
      vertex 0.98 16.3234 33.765
      vertex 0.98 16.0572 33.5427
    endloop
  endfacet
  facet normal 0 0.640978 -0.767559
    outer loop
      vertex 0.98 16.3234 33.765
      vertex 0 16.0572 33.5427
      vertex 0 16.3234 33.765
    endloop
  endfacet
  facet normal 0 0.362981 -0.931796
    outer loop
      vertex 0 16.3234 33.765
      vertex 0.98 16.6679 33.8992
      vertex 0.98 16.3234 33.765
    endloop
  endfacet
  facet normal 0 0.362981 -0.931796
    outer loop
      vertex 0.98 16.6679 33.8992
      vertex 0 16.3234 33.765
      vertex 0 16.6679 33.8992
    endloop
  endfacet
  facet normal 0 0.10619 -0.994346
    outer loop
      vertex 0 16.6679 33.8992
      vertex 0.98 17.0874 33.944
      vertex 0.98 16.6679 33.8992
    endloop
  endfacet
  facet normal 0 0.10619 -0.994346
    outer loop
      vertex 0.98 17.0874 33.944
      vertex 0 16.6679 33.8992
      vertex 0 17.0874 33.944
    endloop
  endfacet
  facet normal 0 -0.167415 -0.985887
    outer loop
      vertex 0 17.0874 33.944
      vertex 0.98 17.6704 33.845
      vertex 0.98 17.0874 33.944
    endloop
  endfacet
  facet normal -0 -0.167415 -0.985887
    outer loop
      vertex 0.98 17.6704 33.845
      vertex 0 17.0874 33.944
      vertex 0 17.6704 33.845
    endloop
  endfacet
  facet normal 0 -0.5586 -0.829437
    outer loop
      vertex 0 17.6704 33.845
      vertex 0.98 18.1114 33.548
      vertex 0.98 17.6704 33.845
    endloop
  endfacet
  facet normal -0 -0.5586 -0.829437
    outer loop
      vertex 0.98 18.1114 33.548
      vertex 0 17.6704 33.845
      vertex 0 18.1114 33.548
    endloop
  endfacet
  facet normal 0 -0.86261 -0.50587
    outer loop
      vertex 0 18.3882 33.076
      vertex 0.98 18.1114 33.548
      vertex 0 18.1114 33.548
    endloop
  endfacet
  facet normal 0 -0.86261 -0.50587
    outer loop
      vertex 0.98 18.1114 33.548
      vertex 0 18.3882 33.076
      vertex 0.98 18.3882 33.076
    endloop
  endfacet
  facet normal 0 -0.98926 -0.146169
    outer loop
      vertex 0 18.4804 32.452
      vertex 0.98 18.3882 33.076
      vertex 0 18.3882 33.076
    endloop
  endfacet
  facet normal 0 -0.98926 -0.146169
    outer loop
      vertex 0.98 18.3882 33.076
      vertex 0 18.4804 32.452
      vertex 0.98 18.4804 32.452
    endloop
  endfacet
  facet normal 0 -0.995545 0.0942907
    outer loop
      vertex 0 18.4392 32.017
      vertex 0.98 18.4804 32.452
      vertex 0 18.4804 32.452
    endloop
  endfacet
  facet normal 0 -0.995545 0.0942907
    outer loop
      vertex 0.98 18.4804 32.452
      vertex 0 18.4392 32.017
      vertex 0.98 18.4392 32.017
    endloop
  endfacet
  facet normal 0 -0.94909 0.315006
    outer loop
      vertex 0 18.3154 31.644
      vertex 0.98 18.4392 32.017
      vertex 0 18.4392 32.017
    endloop
  endfacet
  facet normal 0 -0.94909 0.315006
    outer loop
      vertex 0.98 18.4392 32.017
      vertex 0 18.3154 31.644
      vertex 0.98 18.3154 31.644
    endloop
  endfacet
  facet normal 0 -0.829122 0.559067
    outer loop
      vertex 0 18.1119 31.3422
      vertex 0.98 18.3154 31.644
      vertex 0 18.3154 31.644
    endloop
  endfacet
  facet normal 0 -0.829122 0.559067
    outer loop
      vertex 0.98 18.3154 31.644
      vertex 0 18.1119 31.3422
      vertex 0.98 18.1119 31.3422
    endloop
  endfacet
  facet normal 0 -0.625378 0.780322
    outer loop
      vertex 0 18.1119 31.3422
      vertex 0.98 17.8334 31.119
      vertex 0.98 18.1119 31.3422
    endloop
  endfacet
  facet normal 0 -0.625378 0.780322
    outer loop
      vertex 0.98 17.8334 31.119
      vertex 0 18.1119 31.3422
      vertex 0 17.8334 31.119
    endloop
  endfacet
  facet normal 0 -0.369348 0.929291
    outer loop
      vertex 0 17.8334 31.119
      vertex 0.98 17.4882 30.9818
      vertex 0.98 17.8334 31.119
    endloop
  endfacet
  facet normal 0 -0.369348 0.929291
    outer loop
      vertex 0.98 17.4882 30.9818
      vertex 0 17.8334 31.119
      vertex 0 17.4882 30.9818
    endloop
  endfacet
  facet normal 0 -0.1127 0.993629
    outer loop
      vertex 0 17.4882 30.9818
      vertex 0.98 17.0844 30.936
      vertex 0.98 17.4882 30.9818
    endloop
  endfacet
  facet normal 0 -0.1127 0.993629
    outer loop
      vertex 0.98 17.0844 30.936
      vertex 0 17.4882 30.9818
      vertex 0 17.0844 30.936
    endloop
  endfacet
  facet normal -0 0.118454 0.99296
    outer loop
      vertex 0 17.0844 30.936
      vertex 0.98 16.6879 30.9833
      vertex 0.98 17.0844 30.936
    endloop
  endfacet
  facet normal 0 0.118454 0.99296
    outer loop
      vertex 0.98 16.6879 30.9833
      vertex 0 17.0844 30.936
      vertex 0 16.6879 30.9833
    endloop
  endfacet
  facet normal 0 0 -1
    outer loop
      vertex 0 27.89 31.311
      vertex 0.98 28.586 31.311
      vertex 0.98 27.89 31.311
    endloop
  endfacet
  facet normal -0 0 -1
    outer loop
      vertex 0.98 28.586 31.311
      vertex 0 27.89 31.311
      vertex 0 28.586 31.311
    endloop
  endfacet
  facet normal 0 1 -0
    outer loop
      vertex 0.98 28.586 31.311
      vertex 0 28.586 33.88
      vertex 0.98 28.586 33.88
    endloop
  endfacet
  facet normal 0 1 0
    outer loop
      vertex 0 28.586 33.88
      vertex 0.98 28.586 31.311
      vertex 0 28.586 31.311
    endloop
  endfacet
  facet normal 0 0 -1
    outer loop
      vertex 0 28.586 33.88
      vertex 0.98 28.923 33.88
      vertex 0.98 28.586 33.88
    endloop
  endfacet
  facet normal -0 0 -1
    outer loop
      vertex 0.98 28.923 33.88
      vertex 0 28.586 33.88
      vertex 0 28.923 33.88
    endloop
  endfacet
  facet normal 0 -0.583957 -0.811784
    outer loop
      vertex 0 28.923 33.88
      vertex 0.98 29.6 33.393
      vertex 0.98 28.923 33.88
    endloop
  endfacet
  facet normal -0 -0.583957 -0.811784
    outer loop
      vertex 0.98 29.6 33.393
      vertex 0 28.923 33.88
      vertex 0 29.6 33.393
    endloop
  endfacet
  facet normal 0 -1 0
    outer loop
      vertex 0 29.6 33.048
      vertex 0.98 29.6 33.393
      vertex 0 29.6 33.393
    endloop
  endfacet
  facet normal 0 -1 -0
    outer loop
      vertex 0.98 29.6 33.393
      vertex 0 29.6 33.048
      vertex 0.98 29.6 33.048
    endloop
  endfacet
  facet normal -0 0.598809 0.800892
    outer loop
      vertex 0 29.6 33.048
      vertex 0.98 28.954 33.531
      vertex 0.98 29.6 33.048
    endloop
  endfacet
  facet normal 0 0.598809 0.800892
    outer loop
      vertex 0.98 28.954 33.531
      vertex 0 29.6 33.048
      vertex 0 28.954 33.531
    endloop
  endfacet
  facet normal 0 -1 0
    outer loop
      vertex 0 28.954 31.311
      vertex 0.98 28.954 33.531
      vertex 0 28.954 33.531
    endloop
  endfacet
  facet normal 0 -1 -0
    outer loop
      vertex 0.98 28.954 33.531
      vertex 0 28.954 31.311
      vertex 0.98 28.954 31.311
    endloop
  endfacet
  facet normal 0 0 -1
    outer loop
      vertex 0 28.954 31.311
      vertex 0.98 29.683 31.311
      vertex 0.98 28.954 31.311
    endloop
  endfacet
  facet normal -0 0 -1
    outer loop
      vertex 0.98 29.683 31.311
      vertex 0 28.954 31.311
      vertex 0 29.683 31.311
    endloop
  endfacet
  facet normal 0 -1 0
    outer loop
      vertex 0 29.683 31
      vertex 0.98 29.683 31.311
      vertex 0 29.683 31.311
    endloop
  endfacet
  facet normal 0 -1 -0
    outer loop
      vertex 0.98 29.683 31.311
      vertex 0 29.683 31
      vertex 0.98 29.683 31
    endloop
  endfacet
  facet normal -0 0 1
    outer loop
      vertex 0 29.683 31
      vertex 0.98 27.89 31
      vertex 0.98 29.683 31
    endloop
  endfacet
  facet normal 0 0 1
    outer loop
      vertex 0.98 27.89 31
      vertex 0 29.683 31
      vertex 0 27.89 31
    endloop
  endfacet
  facet normal 0 1 -0
    outer loop
      vertex 0.98 27.89 31
      vertex 0 27.89 31.311
      vertex 0.98 27.89 31.311
    endloop
  endfacet
  facet normal 0 1 0
    outer loop
      vertex 0 27.89 31.311
      vertex 0.98 27.89 31
      vertex 0 27.89 31
    endloop
  endfacet
  facet normal 0 0 -1
    outer loop
      vertex 0 22.7186 33.88
      vertex 0.98 23.1266 33.88
      vertex 0.98 22.7186 33.88
    endloop
  endfacet
  facet normal -0 0 -1
    outer loop
      vertex 0.98 23.1266 33.88
      vertex 0 22.7186 33.88
      vertex 0 23.1266 33.88
    endloop
  endfacet
  facet normal 0 -0.932229 -0.36187
    outer loop
      vertex 0 23.9146 31.85
      vertex 0.98 23.1266 33.88
      vertex 0 23.1266 33.88
    endloop
  endfacet
  facet normal 0 -0.932229 -0.36187
    outer loop
      vertex 0.98 23.1266 33.88
      vertex 0 23.9146 31.85
      vertex 0.98 23.9146 31.85
    endloop
  endfacet
  facet normal 0 -0.947936 -0.318462
    outer loop
      vertex 0 24.0856 31.341
      vertex 0.98 23.9146 31.85
      vertex 0 23.9146 31.85
    endloop
  endfacet
  facet normal 0 -0.947936 -0.318462
    outer loop
      vertex 0.98 23.9146 31.85
      vertex 0 24.0856 31.341
      vertex 0.98 24.0856 31.341
    endloop
  endfacet
  facet normal 0 0.948497 -0.316787
    outer loop
      vertex 0.98 24.0856 31.341
      vertex 0 24.2556 31.85
      vertex 0.98 24.2556 31.85
    endloop
  endfacet
  facet normal 0 0.948497 -0.316787
    outer loop
      vertex 0 24.2556 31.85
      vertex 0.98 24.0856 31.341
      vertex 0 24.0856 31.341
    endloop
  endfacet
  facet normal 0 0.931608 -0.363465
    outer loop
      vertex 0.98 24.2556 31.85
      vertex 0 25.0476 33.88
      vertex 0.98 25.0476 33.88
    endloop
  endfacet
  facet normal 0 0.931608 -0.363465
    outer loop
      vertex 0 25.0476 33.88
      vertex 0.98 24.2556 31.85
      vertex 0 24.2556 31.85
    endloop
  endfacet
  facet normal 0 0 -1
    outer loop
      vertex 0 25.0476 33.88
      vertex 0.98 25.4566 33.88
      vertex 0.98 25.0476 33.88
    endloop
  endfacet
  facet normal -0 0 -1
    outer loop
      vertex 0.98 25.4566 33.88
      vertex 0 25.0476 33.88
      vertex 0 25.4566 33.88
    endloop
  endfacet
  facet normal 0 -0.926691 0.375825
    outer loop
      vertex 0 24.2886 31
      vertex 0.98 25.4566 33.88
      vertex 0 25.4566 33.88
    endloop
  endfacet
  facet normal 0 -0.926691 0.375825
    outer loop
      vertex 0.98 25.4566 33.88
      vertex 0 24.2886 31
      vertex 0.98 24.2886 31
    endloop
  endfacet
  facet normal -0 0 1
    outer loop
      vertex 0 24.2886 31
      vertex 0.98 23.8866 31
      vertex 0.98 24.2886 31
    endloop
  endfacet
  facet normal 0 0 1
    outer loop
      vertex 0.98 23.8866 31
      vertex 0 24.2886 31
      vertex 0 23.8866 31
    endloop
  endfacet
  facet normal 0 0.926691 0.375825
    outer loop
      vertex 0.98 23.8866 31
      vertex 0 22.7186 33.88
      vertex 0.98 22.7186 33.88
    endloop
  endfacet
  facet normal 0 0.926691 0.375825
    outer loop
      vertex 0 22.7186 33.88
      vertex 0.98 23.8866 31
      vertex 0 23.8866 31
    endloop
  endfacet
  facet normal -0 0.364368 0.931255
    outer loop
      vertex 0 19.8281 31.0445
      vertex 0.98 19.4869 31.178
      vertex 0.98 19.8281 31.0445
    endloop
  endfacet
  facet normal 0 0.364368 0.931255
    outer loop
      vertex 0.98 19.4869 31.178
      vertex 0 19.8281 31.0445
      vertex 0 19.4869 31.178
    endloop
  endfacet
  facet normal -0 0.61148 0.79126
    outer loop
      vertex 0 19.4869 31.178
      vertex 0.98 19.2061 31.395
      vertex 0.98 19.4869 31.178
    endloop
  endfacet
  facet normal 0 0.61148 0.79126
    outer loop
      vertex 0.98 19.2061 31.395
      vertex 0 19.4869 31.178
      vertex 0 19.2061 31.395
    endloop
  endfacet
  facet normal 0 0.817014 0.576618
    outer loop
      vertex 0.98 19.2061 31.395
      vertex 0 18.9979 31.69
      vertex 0.98 18.9979 31.69
    endloop
  endfacet
  facet normal 0 0.817014 0.576618
    outer loop
      vertex 0 18.9979 31.69
      vertex 0.98 19.2061 31.395
      vertex 0 19.2061 31.395
    endloop
  endfacet
  facet normal 0 0.941318 0.337522
    outer loop
      vertex 0.98 18.9979 31.69
      vertex 0 18.8681 32.052
      vertex 0.98 18.8681 32.052
    endloop
  endfacet
  facet normal 0 0.941318 0.337522
    outer loop
      vertex 0 18.8681 32.052
      vertex 0.98 18.9979 31.69
      vertex 0 18.9979 31.69
    endloop
  endfacet
  facet normal 0 0.994702 0.102802
    outer loop
      vertex 0.98 18.8681 32.052
      vertex 0 18.8249 32.47
      vertex 0.98 18.8249 32.47
    endloop
  endfacet
  facet normal 0 0.994702 0.102802
    outer loop
      vertex 0 18.8249 32.47
      vertex 0.98 18.8681 32.052
      vertex 0 18.8681 32.052
    endloop
  endfacet
  facet normal 0 0.986682 -0.162662
    outer loop
      vertex 0.98 18.8249 32.47
      vertex 0 18.9236 33.0687
      vertex 0.98 18.9236 33.0687
    endloop
  endfacet
  facet normal 0 0.986682 -0.162662
    outer loop
      vertex 0 18.9236 33.0687
      vertex 0.98 18.8249 32.47
      vertex 0 18.8249 32.47
    endloop
  endfacet
  facet normal 0 0.831964 -0.55483
    outer loop
      vertex 0.98 18.9236 33.0687
      vertex 0 19.2199 33.513
      vertex 0.98 19.2199 33.513
    endloop
  endfacet
  facet normal 0 0.831964 -0.55483
    outer loop
      vertex 0 19.2199 33.513
      vertex 0.98 18.9236 33.0687
      vertex 0 18.9236 33.0687
    endloop
  endfacet
  facet normal 0 0.498948 -0.866632
    outer loop
      vertex 0 19.2199 33.513
      vertex 0.98 19.6979 33.7882
      vertex 0.98 19.2199 33.513
    endloop
  endfacet
  facet normal 0 0.498948 -0.866632
    outer loop
      vertex 0.98 19.6979 33.7882
      vertex 0 19.2199 33.513
      vertex 0 19.6979 33.7882
    endloop
  endfacet
  facet normal 0 0.14112 -0.989992
    outer loop
      vertex 0 19.6979 33.7882
      vertex 0.98 20.3419 33.88
      vertex 0.98 19.6979 33.7882
    endloop
  endfacet
  facet normal 0 0.14112 -0.989992
    outer loop
      vertex 0.98 20.3419 33.88
      vertex 0 19.6979 33.7882
      vertex 0 20.3419 33.88
    endloop
  endfacet
  facet normal 0 0 -1
    outer loop
      vertex 0 20.3419 33.88
      vertex 0.98 21.2889 33.88
      vertex 0.98 20.3419 33.88
    endloop
  endfacet
  facet normal -0 0 -1
    outer loop
      vertex 0.98 21.2889 33.88
      vertex 0 20.3419 33.88
      vertex 0 21.2889 33.88
    endloop
  endfacet
  facet normal 0 -1 0
    outer loop
      vertex 0 21.2889 31
      vertex 0.98 21.2889 33.88
      vertex 0 21.2889 33.88
    endloop
  endfacet
  facet normal 0 -1 -0
    outer loop
      vertex 0.98 21.2889 33.88
      vertex 0 21.2889 31
      vertex 0.98 21.2889 31
    endloop
  endfacet
  facet normal -0 0 1
    outer loop
      vertex 0 21.2889 31
      vertex 0.98 20.2179 31
      vertex 0.98 21.2889 31
    endloop
  endfacet
  facet normal 0 0 1
    outer loop
      vertex 0.98 20.2179 31
      vertex 0 21.2889 31
      vertex 0 20.2179 31
    endloop
  endfacet
  facet normal -0 0.113424 0.993547
    outer loop
      vertex 0 20.2179 31
      vertex 0.98 19.8281 31.0445
      vertex 0.98 20.2179 31
    endloop
  endfacet
  facet normal 0 0.113424 0.993547
    outer loop
      vertex 0.98 19.8281 31.0445
      vertex 0 20.2179 31
      vertex 0 19.8281 31.0445
    endloop
  endfacet
  facet normal 0 1 -0
    outer loop
      vertex 0.98 20.9009 31.311
      vertex 0 20.9009 33.569
      vertex 0.98 20.9009 33.569
    endloop
  endfacet
  facet normal 0 1 0
    outer loop
      vertex 0 20.9009 33.569
      vertex 0.98 20.9009 31.311
      vertex 0 20.9009 31.311
    endloop
  endfacet
  facet normal -0 0 1
    outer loop
      vertex 0 20.9009 33.569
      vertex 0.98 20.3509 33.569
      vertex 0.98 20.9009 33.569
    endloop
  endfacet
  facet normal 0 0 1
    outer loop
      vertex 0.98 20.3509 33.569
      vertex 0 20.9009 33.569
      vertex 0 20.3509 33.569
    endloop
  endfacet
  facet normal 0 -0.143126 0.989704
    outer loop
      vertex 0 20.3509 33.569
      vertex 0.98 19.8634 33.4985
      vertex 0.98 20.3509 33.569
    endloop
  endfacet
  facet normal 0 -0.143126 0.989704
    outer loop
      vertex 0.98 19.8634 33.4985
      vertex 0 20.3509 33.569
      vertex 0 19.8634 33.4985
    endloop
  endfacet
  facet normal 0 -0.510232 0.860037
    outer loop
      vertex 0 19.8634 33.4985
      vertex 0.98 19.5069 33.287
      vertex 0.98 19.8634 33.4985
    endloop
  endfacet
  facet normal 0 -0.510232 0.860037
    outer loop
      vertex 0.98 19.5069 33.287
      vertex 0 19.8634 33.4985
      vertex 0 19.5069 33.287
    endloop
  endfacet
  facet normal 0 -0.844125 0.536147
    outer loop
      vertex 0 19.2879 32.9422
      vertex 0.98 19.5069 33.287
      vertex 0 19.5069 33.287
    endloop
  endfacet
  facet normal 0 -0.844125 0.536147
    outer loop
      vertex 0.98 19.5069 33.287
      vertex 0 19.2879 32.9422
      vertex 0.98 19.2879 32.9422
    endloop
  endfacet
  facet normal 0 -0.98826 0.152781
    outer loop
      vertex 0 19.2149 32.47
      vertex 0.98 19.2879 32.9422
      vertex 0 19.2879 32.9422
    endloop
  endfacet
  facet normal 0 -0.98826 0.152781
    outer loop
      vertex 0.98 19.2879 32.9422
      vertex 0 19.2149 32.47
      vertex 0.98 19.2149 32.47
    endloop
  endfacet
  facet normal 0 -0.995423 -0.0955701
    outer loop
      vertex 0 19.2469 32.1367
      vertex 0.98 19.2149 32.47
      vertex 0 19.2149 32.47
    endloop
  endfacet
  facet normal 0 -0.995423 -0.0955701
    outer loop
      vertex 0.98 19.2149 32.47
      vertex 0 19.2469 32.1367
      vertex 0.98 19.2469 32.1367
    endloop
  endfacet
  facet normal 0 -0.947917 -0.318516
    outer loop
      vertex 0 19.3429 31.851
      vertex 0.98 19.2469 32.1367
      vertex 0 19.2469 32.1367
    endloop
  endfacet
  facet normal 0 -0.947917 -0.318516
    outer loop
      vertex 0.98 19.2469 32.1367
      vertex 0 19.3429 31.851
      vertex 0.98 19.3429 31.851
    endloop
  endfacet
  facet normal 0 -0.829559 -0.558419
    outer loop
      vertex 0 19.4986 31.6197
      vertex 0.98 19.3429 31.851
      vertex 0 19.3429 31.851
    endloop
  endfacet
  facet normal 0 -0.829559 -0.558419
    outer loop
      vertex 0.98 19.3429 31.851
      vertex 0 19.4986 31.6197
      vertex 0.98 19.4986 31.6197
    endloop
  endfacet
  facet normal 0 -0.626179 -0.779679
    outer loop
      vertex 0 19.4986 31.6197
      vertex 0.98 19.7099 31.45
      vertex 0.98 19.4986 31.6197
    endloop
  endfacet
  facet normal -0 -0.626179 -0.779679
    outer loop
      vertex 0.98 19.7099 31.45
      vertex 0 19.4986 31.6197
      vertex 0 19.7099 31.45
    endloop
  endfacet
  facet normal 0 -0.375797 -0.926702
    outer loop
      vertex 0 19.7099 31.45
      vertex 0.98 19.9671 31.3457
      vertex 0.98 19.7099 31.45
    endloop
  endfacet
  facet normal -0 -0.375797 -0.926702
    outer loop
      vertex 0.98 19.9671 31.3457
      vertex 0 19.7099 31.45
      vertex 0 19.9671 31.3457
    endloop
  endfacet
  facet normal 0 -0.11651 -0.99319
    outer loop
      vertex 0 19.9671 31.3457
      vertex 0.98 20.2629 31.311
      vertex 0.98 19.9671 31.3457
    endloop
  endfacet
  facet normal -0 -0.11651 -0.99319
    outer loop
      vertex 0.98 20.2629 31.311
      vertex 0 19.9671 31.3457
      vertex 0 20.2629 31.311
    endloop
  endfacet
  facet normal 0 0 -1
    outer loop
      vertex 0 20.2629 31.311
      vertex 0.98 20.9009 31.311
      vertex 0.98 20.2629 31.311
    endloop
  endfacet
  facet normal -0 0 -1
    outer loop
      vertex 0.98 20.9009 31.311
      vertex 0 20.2629 31.311
      vertex 0 20.9009 31.311
    endloop
  endfacet
  facet normal -1 0 0
    outer loop
      vertex 50 15 14
      vertex 50 30 35
      vertex 50 30 14
    endloop
  endfacet
  facet normal -1 -0 0
    outer loop
      vertex 50 30 35
      vertex 50 15 14
      vertex 50 15 35
    endloop
  endfacet
  facet normal -0 0 1
    outer loop
      vertex 50 30 35
      vertex 55 15 35
      vertex 55 30 35
    endloop
  endfacet
  facet normal 0 0 1
    outer loop
      vertex 55 15 35
      vertex 50 30 35
      vertex 50 15 35
    endloop
  endfacet
  facet normal 1 -0 0
    outer loop
      vertex 55 15 35
      vertex 55 30 14
      vertex 55 30 35
    endloop
  endfacet
  facet normal 1 0 0
    outer loop
      vertex 55 30 14
      vertex 55 15 35
      vertex 55 15 14
    endloop
  endfacet
endsolid OpenSCAD_Model
