; generated by PrusaSlicer 2.3.0+win64 on 2021-04-30 at 13:27:55 UTC

; 

; external perimeters extrusion width = 0.45mm
; perimeters extrusion width = 0.45mm
; infill extrusion width = 0.45mm
; solid infill extrusion width = 0.45mm
; top infill extrusion width = 0.40mm
; support material extrusion width = 0.35mm
; first layer extrusion width = 0.42mm

M201 X2000 Y2000 Z500 E4000 ; sets maximum accelerations, mm/sec^2
M203 X400 Y400 Z12 E120 ; sets maximum feedrates, mm/sec
M204 P1500 R1500 T1500 ; sets acceleration (P, T) and retract acceleration (R), mm/sec^2
M205 X10.00 Y10.00 Z0.20 E2.50 ; sets the jerk limits, mm/sec
M205 S0 T0 ; sets the minimum extruding and travel feed rate, mm/sec
M104 S200 ; set temperature
;TYPE:Custom
G28 ; home all axes
G1 Z5 F5000 ; lift nozzle
M109 S200 ; set temperature and wait for it to be reached
G21 ; set units to millimeters
G90 ; use absolute coordinates
M82 ; use absolute distances for extrusion
G92 E0
; Filament gcode
M106 S89.25
;LAYER_CHANGE
;Z:0.32
;HEIGHT:0.32
G1 Z0.320 F7800.000
G1 E-2.00000 F2400.000
G92 E0
G1 X111.190 Y60.120 F7800.000
G1 E2.00000 F2400.000
;TYPE:Skirt
;WIDTH:0.42
G1 F1200.000
G1 X111.400 Y59.071 E2.05000
G1 X111.784 Y58.072 E2.09999
G1 X112.329 Y57.152 E2.14999
G1 X113.017 Y56.341 E2.19969
G1 X114.136 Y55.453 E2.26648
G1 X118.280 Y53.054 E2.49028
G1 X119.313 Y52.712 E2.54114
G1 X120.396 Y52.552 E2.59230
G1 X129.221 Y52.382 E3.00489
G1 X130.635 Y52.542 E3.07139
G1 X131.978 Y53.014 E3.13789
G1 X136.456 Y55.871 E3.38622
G1 X137.332 Y56.718 E3.44317
G1 X138.027 Y57.712 E3.49983
G1 X138.523 Y58.825 E3.55678
G1 X138.796 Y60.006 E3.61344
G1 X138.851 Y60.840 E3.65254
G1 X138.810 Y124.880 E6.64583
G1 X138.603 Y125.917 E6.69525
G1 X138.225 Y126.911 E6.74495
G1 X137.689 Y127.822 E6.79437
G1 X137.009 Y128.632 E6.84378
G1 X135.964 Y129.484 E6.90681
G1 X132.530 Y131.685 E7.09747
G1 X131.585 Y132.160 E7.14688
G1 X130.496 Y132.488 E7.20007
G1 X129.359 Y132.617 E7.25354
G1 X123.458 Y132.617 E7.52936
G1 X120.061 Y132.419 E7.68838
G1 X118.947 Y132.189 E7.74156
G1 X117.892 Y131.763 E7.79475
G1 X114.184 Y129.577 E7.99595
G1 X113.402 Y129.012 E8.04101
G1 X112.570 Y128.165 E8.09652
G1 X111.914 Y127.183 E8.15173
G1 X111.449 Y126.090 E8.20723
G1 X111.196 Y124.936 E8.26245
G1 X111.190 Y60.180 E11.28922
G1 E9.28922 F2400.000
G92 E0
G1 X133.394 Y56.162 F7800.000
G1 E2.00000 F2400.000
G1 F1200.000
G1 X134.174 Y56.368 E2.03772
G1 X135.281 Y56.968 E2.09655
G1 X136.517 Y58.260 E2.18015
G1 X136.992 Y59.220 E2.23021
G1 X137.226 Y60.251 E2.27964
G1 X137.243 Y111.875 E4.69259
G1 X136.975 Y113.094 E4.75090
G1 X136.744 Y113.562 E4.77532
G1 X137.029 Y114.160 E4.80628
G1 X137.240 Y115.215 E4.85659
G1 X137.225 Y124.760 E5.30271
G1 X136.986 Y125.797 E5.35247
G1 X136.523 Y126.729 E5.40110
G1 X135.550 Y127.824 E5.46955
G1 X134.194 Y128.623 E5.54314
G1 X133.380 Y128.839 E5.58246
G1 X133.199 Y129.135 E5.59870
G1 X132.294 Y130.050 E5.65883
G1 X130.914 Y130.793 E5.73208
G1 X129.974 Y130.995 E5.77702
G1 X129.097 Y131.001 E5.81805
G1 X128.825 Y131.028 E5.83081
G1 X127.459 Y131.015 E5.89465
G1 X126.091 Y131.028 E5.95859
G1 X125.793 Y130.998 E5.97261
G1 X125.339 Y131.028 E5.99386
G1 X123.962 Y131.028 E6.05825
G1 X123.682 Y130.998 E6.07142
G1 X123.221 Y131.028 E6.09297
G1 X120.205 Y131.006 E6.23395
G1 X119.186 Y130.778 E6.28279
G1 X117.968 Y130.163 E6.34655
G1 X116.824 Y129.050 E6.42114
G1 X116.695 Y128.850 E6.43227
G1 X115.806 Y128.623 E6.47513
G1 X114.450 Y127.823 E6.54875
G1 X113.472 Y126.721 E6.61761
G1 X112.990 Y125.729 E6.66913
G1 X112.765 Y124.666 E6.71992
G1 X112.761 Y115.199 E7.16244
G1 X113.000 Y114.078 E7.21600
G1 X113.254 Y113.557 E7.24311
G1 X113.026 Y113.099 E7.26703
G1 X112.757 Y111.876 E7.32557
G1 X112.774 Y60.241 E9.73902
G1 X113.015 Y59.202 E9.78885
G1 X113.478 Y58.268 E9.83758
G1 X114.513 Y57.126 E9.90962
G1 X115.826 Y56.369 E9.98044
G1 X116.707 Y56.147 E10.02291
G1 X116.859 Y55.896 E10.03663
G1 X117.679 Y55.053 E10.09159
G1 X119.088 Y54.256 E10.16724
G1 X120.359 Y53.976 E10.22809
G1 X128.908 Y53.977 E10.62765
G1 X129.117 Y53.999 E10.63747
G1 X130.059 Y54.017 E10.68151
G1 X131.120 Y54.284 E10.73265
G1 X132.389 Y55.025 E10.80134
G1 X133.267 Y55.954 E10.86108
G1 X133.362 Y56.110 E10.86964
G1 X133.162 Y56.465 F7800.000
G1 F1200.000
G1 X134.028 Y56.689 E10.91147
G1 X135.048 Y57.232 E10.96549
G1 X136.216 Y58.441 E11.04405
G1 X136.654 Y59.319 E11.08990
G1 X136.879 Y60.310 E11.13741
G1 X136.892 Y111.856 E13.54671
G1 X136.638 Y112.994 E13.60123
G1 X136.350 Y113.558 E13.63082
G1 X136.689 Y114.253 E13.66695
G1 X136.889 Y115.233 E13.71370
G1 X136.878 Y124.702 E14.15628
G1 X136.662 Y125.660 E14.20220
G1 X136.219 Y126.551 E14.24870
G1 X135.307 Y127.568 E14.31254
G1 X134.039 Y128.307 E14.38114
G1 X133.150 Y128.535 E14.42402
G1 X132.933 Y128.905 E14.44409
G1 X132.063 Y129.783 E14.50186
G1 X130.772 Y130.470 E14.57022
G1 X129.921 Y130.647 E14.61085
G1 X129.078 Y130.650 E14.65026
G1 X128.818 Y130.677 E14.66248
G1 X127.459 Y130.663 E14.72599
G1 X126.098 Y130.677 E14.78961
G1 X125.818 Y130.647 E14.80280
G1 X125.590 Y130.647 E14.81343
G1 X125.326 Y130.676 E14.82588
G1 X123.972 Y130.676 E14.88915
G1 X123.707 Y130.647 E14.90160
G1 X123.481 Y130.647 E14.91216
G1 X123.210 Y130.676 E14.92491
G1 X120.226 Y130.655 E15.06437
G1 X119.324 Y130.454 E15.10756
G1 X118.151 Y129.861 E15.16900
G1 X117.088 Y128.818 E15.23865
G1 X116.923 Y128.544 E15.25357
G1 X115.960 Y128.306 E15.29992
G1 X114.692 Y127.568 E15.36851
G1 X113.776 Y126.544 E15.43273
G1 X113.329 Y125.635 E15.48008
G1 X113.112 Y124.611 E15.52897
G1 X113.112 Y115.218 E15.96802
G1 X113.338 Y114.176 E16.01788
G1 X113.649 Y113.555 E16.05034
G1 X113.364 Y112.999 E16.07954
G1 X113.108 Y111.856 E16.13428
G1 X113.120 Y60.299 E18.54408
G1 X113.339 Y59.339 E18.59009
G1 X113.782 Y58.447 E18.63666
G1 X114.753 Y57.384 E18.70395
G1 X115.977 Y56.687 E18.76979
G1 X116.937 Y56.452 E18.81598
G1 X117.128 Y56.124 E18.83373
G1 X117.913 Y55.316 E18.88638
G1 X119.236 Y54.576 E18.95725
G1 X120.378 Y54.327 E19.01187
G1 X128.898 Y54.328 E19.41008
G1 X129.095 Y54.350 E19.41935
G1 X129.995 Y54.363 E19.46145
G1 X130.967 Y54.601 E19.50819
G1 X132.151 Y55.286 E19.57214
G1 X132.996 Y56.179 E19.62961
G1 X133.131 Y56.413 E19.64225
G1 X132.955 Y56.820 F7800.000
G1 F1200.000
G1 X133.212 Y56.837 E19.65427
G1 X133.884 Y57.009 E19.68670
G1 X134.817 Y57.498 E19.73592
G1 X135.914 Y58.623 E19.80937
G1 X136.330 Y59.456 E19.85290
G1 X136.532 Y60.367 E19.89650
G1 X136.540 Y111.836 E22.30221
G1 X136.300 Y112.893 E22.35288
G1 X135.955 Y113.554 E22.38774
G1 X136.350 Y114.347 E22.42918
G1 X136.537 Y115.251 E22.47231
G1 X136.527 Y124.681 E22.91309
G1 X136.324 Y125.560 E22.95523
G1 X135.916 Y126.371 E22.99769
G1 X135.066 Y127.311 E23.05693
G1 X133.886 Y127.989 E23.12053
G1 X133.152 Y128.171 E23.15587
G1 X132.943 Y128.185 E23.16567
G1 X132.665 Y128.675 E23.19200
G1 X131.833 Y129.517 E23.24733
G1 X130.632 Y130.147 E23.31071
G1 X129.871 Y130.299 E23.34703
G1 X129.059 Y130.299 E23.38495
G1 X128.811 Y130.325 E23.39662
G1 X127.459 Y130.312 E23.45980
G1 X126.106 Y130.325 E23.52306
G1 X125.838 Y130.296 E23.53568
G1 X125.570 Y130.296 E23.54820
G1 X125.315 Y130.325 E23.56018
G1 X123.982 Y130.325 E23.62248
G1 X123.728 Y130.296 E23.63446
G1 X123.461 Y130.296 E23.64693
G1 X123.201 Y130.325 E23.65914
G1 X120.282 Y130.308 E23.79558
G1 X119.462 Y130.130 E23.83479
G1 X118.335 Y129.561 E23.89384
G1 X117.354 Y128.587 E23.95843
G1 X117.125 Y128.186 E23.98001
G1 X116.847 Y128.171 E23.99303
G1 X116.114 Y127.989 E24.02835
G1 X114.934 Y127.311 E24.09197
G1 X114.081 Y126.366 E24.15147
G1 X113.655 Y125.500 E24.19659
G1 X113.460 Y124.558 E24.24154
G1 X113.463 Y115.238 E24.67720
G1 X113.676 Y114.274 E24.72330
G1 X114.046 Y113.552 E24.76122
G1 X113.701 Y112.897 E24.79582
G1 X113.460 Y111.836 E24.84669
G1 X113.472 Y60.320 E27.25461
G1 X113.676 Y59.440 E27.29682
G1 X114.084 Y58.627 E27.33933
G1 X114.992 Y57.643 E27.40190
G1 X116.127 Y57.006 E27.46274
G1 X116.894 Y56.822 E27.49961
G1 X117.142 Y56.810 E27.51121
G1 X117.397 Y56.351 E27.53576
G1 X118.147 Y55.580 E27.58602
G1 X119.383 Y54.896 E27.65207
G1 X120.396 Y54.678 E27.70051
G1 X128.887 Y54.679 E28.09736
G1 X129.072 Y54.701 E28.10610
G1 X129.934 Y54.710 E28.14638
G1 X130.815 Y54.919 E28.18871
G1 X131.914 Y55.546 E28.24784
G1 X132.724 Y56.403 E28.30296
G1 X132.926 Y56.768 E28.32244
G1 X132.739 Y57.164 F7800.000
G1 F1200.000
G1 X133.144 Y57.182 E28.34139
G1 X133.776 Y57.345 E28.37190
G1 X134.628 Y57.796 E28.41695
G1 X135.612 Y58.805 E28.48282
G1 X136.006 Y59.593 E28.52402
G1 X136.185 Y60.422 E28.56368
G1 X136.189 Y111.816 E30.96584
G1 X135.964 Y112.791 E31.01261
G1 X135.558 Y113.550 E31.05285
G1 X136.011 Y114.444 E31.09970
G1 X136.186 Y115.269 E31.13916
G1 X136.176 Y124.660 E31.57809
G1 X135.987 Y125.458 E31.61639
G1 X135.614 Y126.190 E31.65481
G1 X134.826 Y127.053 E31.70945
G1 X133.736 Y127.671 E31.76802
G1 X133.090 Y127.825 E31.79903
G1 X132.731 Y127.839 E31.81587
G1 X132.398 Y128.446 E31.84823
G1 X131.602 Y129.250 E31.90109
G1 X130.539 Y129.808 E31.95720
G1 X129.820 Y129.951 E31.99149
G1 X129.040 Y129.947 E32.02792
G1 X128.803 Y129.974 E32.03907
G1 X127.459 Y129.961 E32.10189
G1 X126.114 Y129.974 E32.16478
G1 X125.858 Y129.944 E32.17680
G1 X125.548 Y129.944 E32.19130
G1 X125.304 Y129.974 E32.20279
G1 X123.993 Y129.974 E32.26406
G1 X123.749 Y129.944 E32.27555
G1 X123.440 Y129.944 E32.29002
G1 X123.191 Y129.974 E32.30170
G1 X120.336 Y129.960 E32.43517
G1 X119.600 Y129.806 E32.47033
G1 X118.519 Y129.260 E32.52693
G1 X117.622 Y128.358 E32.58636
G1 X117.339 Y127.840 E32.61399
G1 X116.909 Y127.825 E32.63407
G1 X116.264 Y127.671 E32.66507
G1 X115.174 Y127.053 E32.72364
G1 X114.384 Y126.187 E32.77845
G1 X113.994 Y125.405 E32.81931
G1 X113.811 Y124.540 E32.86062
G1 X113.815 Y115.258 E33.29448
G1 X114.014 Y114.375 E33.33677
G1 X114.445 Y113.550 E33.38029
G1 X114.038 Y112.794 E33.42040
G1 X113.811 Y111.816 E33.46734
G1 X113.819 Y60.378 E35.87159
G1 X114.000 Y59.578 E35.90991
G1 X114.387 Y58.808 E35.95021
G1 X115.229 Y57.904 E36.00796
G1 X116.274 Y57.326 E36.06378
G1 X116.954 Y57.169 E36.09636
G1 X117.356 Y57.158 E36.11518
G1 X117.667 Y56.577 E36.14596
G1 X118.380 Y55.844 E36.19375
G1 X119.528 Y55.217 E36.25492
G1 X120.414 Y55.030 E36.29725
G1 X128.875 Y55.031 E36.69272
G1 X129.050 Y55.052 E36.70094
G1 X129.875 Y55.056 E36.73953
G1 X130.666 Y55.238 E36.77745
G1 X131.677 Y55.807 E36.83169
G1 X132.452 Y56.626 E36.88438
G1 X132.710 Y57.112 E36.91008
G1 X132.521 Y57.511 F7800.000
G1 F1200.000
G1 X133.076 Y57.528 E36.93607
G1 X133.669 Y57.680 E36.96467
G1 X134.397 Y58.062 E37.00311
G1 X135.311 Y58.989 E37.06394
G1 X135.667 Y59.690 E37.10070
G1 X135.838 Y60.478 E37.13840
G1 X135.838 Y111.795 E39.53698
G1 X135.628 Y112.686 E39.57977
G1 X135.270 Y113.341 E39.61466
G1 X135.086 Y113.554 E39.62783
G1 X135.282 Y113.783 E39.64193
G1 X135.673 Y114.541 E39.68180
G1 X135.835 Y115.288 E39.71752
G1 X135.829 Y124.601 E40.15282
G1 X135.664 Y125.318 E40.18718
G1 X135.312 Y126.009 E40.22341
G1 X134.587 Y126.794 E40.27340
G1 X133.630 Y127.335 E40.32477
G1 X133.028 Y127.479 E40.35371
G1 X132.516 Y127.492 E40.37763
G1 X132.129 Y128.218 E40.41611
G1 X131.372 Y128.984 E40.46645
G1 X130.446 Y129.468 E40.51528
G1 X129.769 Y129.603 E40.54754
G1 X129.021 Y129.596 E40.58250
G1 X128.795 Y129.623 E40.59315
G1 X127.459 Y129.609 E40.65558
G1 X126.123 Y129.623 E40.71807
G1 X125.880 Y129.593 E40.72947
G1 X125.526 Y129.593 E40.74604
G1 X125.293 Y129.622 E40.75702
G1 X124.005 Y129.622 E40.81723
G1 X123.772 Y129.593 E40.82821
G1 X123.417 Y129.593 E40.84477
G1 X123.181 Y129.622 E40.85590
G1 X120.388 Y129.612 E40.98647
G1 X119.736 Y129.482 E41.01751
G1 X118.704 Y128.960 E41.07159
G1 X117.892 Y128.132 E41.12577
G1 X117.554 Y127.492 E41.15960
G1 X116.972 Y127.479 E41.18681
G1 X116.370 Y127.335 E41.21576
G1 X115.413 Y126.794 E41.26712
G1 X114.687 Y126.007 E41.31718
G1 X114.318 Y125.268 E41.35578
G1 X114.162 Y124.522 E41.39141
G1 X114.166 Y115.278 E41.82348
G1 X114.351 Y114.477 E41.86189
G1 X114.724 Y113.774 E41.89910
G1 X114.913 Y113.554 E41.91267
G1 X114.739 Y113.355 E41.92503
G1 X114.374 Y112.689 E41.96054
G1 X114.162 Y111.795 E42.00349
G1 X114.170 Y60.398 E44.40580
G1 X114.337 Y59.679 E44.44030
G1 X114.688 Y58.990 E44.47645
G1 X115.466 Y58.165 E44.52945
G1 X116.377 Y57.663 E44.57809
G1 X117.013 Y57.516 E44.60861
G1 X117.572 Y57.507 E44.63474
G1 X117.938 Y56.803 E44.67181
G1 X118.613 Y56.108 E44.71711
G1 X119.627 Y55.555 E44.77111
G1 X120.433 Y55.381 E44.80964
G1 X128.863 Y55.382 E45.20365
G1 X129.026 Y55.404 E45.21135
G1 X129.819 Y55.404 E45.24843
G1 X130.519 Y55.558 E45.28193
G1 X131.441 Y56.069 E45.33118
G1 X132.179 Y56.849 E45.38136
G1 X132.493 Y57.457 E45.41337
G1 X132.301 Y57.858 F7800.000
G1 F1200.000
G1 X133.009 Y57.873 E45.44650
G1 X133.563 Y58.015 E45.47320
G1 X134.169 Y58.330 E45.50511
G1 X135.011 Y59.173 E45.56079
G1 X135.343 Y59.828 E45.59516
G1 X135.486 Y60.497 E45.62709
G1 X135.486 Y111.775 E48.02388
G1 X135.308 Y112.539 E48.06055
G1 X134.974 Y113.151 E48.09313
G1 X134.598 Y113.553 E48.11887
G1 X134.982 Y113.969 E48.14530
G1 X135.350 Y114.681 E48.18279
G1 X135.483 Y115.307 E48.21267
G1 X135.478 Y124.580 E48.64613
G1 X135.328 Y125.215 E48.67662
G1 X135.012 Y125.825 E48.70871
G1 X134.349 Y126.535 E48.75411
G1 X133.525 Y126.999 E48.79833
G1 X132.966 Y127.133 E48.82519
G1 X132.300 Y127.143 E48.85630
G1 X131.860 Y127.991 E48.90097
G1 X131.141 Y128.717 E48.94874
G1 X130.351 Y129.129 E48.99038
G1 X129.753 Y129.252 E49.01890
G1 X129.000 Y129.244 E49.05411
G1 X128.786 Y129.271 E49.06421
G1 X127.459 Y129.258 E49.12621
G1 X126.132 Y129.271 E49.18826
G1 X125.904 Y129.242 E49.19902
G1 X125.502 Y129.242 E49.21779
G1 X125.281 Y129.271 E49.22823
G1 X124.017 Y129.271 E49.28730
G1 X123.795 Y129.242 E49.29774
G1 X123.394 Y129.242 E49.31651
G1 X123.169 Y129.271 E49.32709
G1 X120.436 Y129.264 E49.45483
G1 X119.872 Y129.157 E49.48168
G1 X118.889 Y128.660 E49.53316
G1 X118.164 Y127.908 E49.58198
G1 X117.771 Y127.143 E49.62218
G1 X117.034 Y127.133 E49.65664
G1 X116.475 Y126.999 E49.68350
G1 X115.651 Y126.535 E49.72772
G1 X114.988 Y125.825 E49.77309
G1 X114.657 Y125.172 E49.80735
G1 X114.514 Y124.503 E49.83930
G1 X114.517 Y115.298 E50.26957
G1 X114.672 Y114.621 E50.30199
G1 X115.022 Y113.962 E50.33689
G1 X115.405 Y113.549 E50.36322
G1 X115.034 Y113.162 E50.38829
G1 X114.693 Y112.541 E50.42141
G1 X114.514 Y111.775 E50.45819
G1 X114.517 Y60.456 E52.85688
G1 X114.660 Y59.819 E52.88741
G1 X114.989 Y59.173 E52.92128
G1 X115.701 Y58.427 E52.96944
G1 X116.479 Y58.000 E53.01098
G1 X117.073 Y57.863 E53.03943
G1 X117.790 Y57.858 E53.07297
G1 X118.209 Y57.028 E53.11641
G1 X118.847 Y56.372 E53.15917
G1 X119.727 Y55.892 E53.20605
G1 X120.453 Y55.732 E53.24076
G1 X128.849 Y55.733 E53.63323
G1 X129.001 Y55.755 E53.64041
G1 X129.767 Y55.751 E53.67617
G1 X130.375 Y55.880 E53.70526
G1 X131.205 Y56.331 E53.74941
G1 X131.905 Y57.071 E53.79702
G1 X132.274 Y57.805 E53.83540
G1 X132.002 Y58.207 F7800.000
G1 F1200.000
G1 X132.943 Y58.219 E53.87938
G1 X133.455 Y58.350 E53.90408
G1 X133.981 Y58.628 E53.93188
G1 X134.712 Y59.359 E53.98018
G1 X135.006 Y59.927 E54.01010
G1 X135.135 Y60.516 E54.03828
G1 X135.135 Y111.755 E56.43322
G1 X134.988 Y112.392 E56.46377
G1 X134.677 Y112.961 E56.49407
G1 X134.108 Y113.553 E56.53247
G1 X134.683 Y114.153 E56.57132
G1 X135.027 Y114.821 E56.60643
G1 X135.132 Y115.324 E56.63047
G1 X135.131 Y124.522 E57.06039
G1 X135.005 Y125.074 E57.08684
G1 X134.712 Y125.641 E57.11667
G1 X134.113 Y126.273 E57.15738
G1 X133.419 Y126.663 E57.19456
G1 X132.904 Y126.786 E57.21932
G1 X132.002 Y126.793 E57.26149
G1 X131.903 Y127.165 E57.27951
G1 X131.592 Y127.762 E57.31098
G1 X130.911 Y128.450 E57.35623
G1 X130.255 Y128.790 E57.39078
G1 X129.737 Y128.900 E57.41551
G1 X128.978 Y128.893 E57.45101
G1 X128.776 Y128.920 E57.46052
G1 X127.459 Y128.907 E57.52207
G1 X126.142 Y128.920 E57.58364
G1 X125.928 Y128.890 E57.59371
G1 X125.477 Y128.890 E57.61482
G1 X125.268 Y128.920 E57.62470
G1 X124.030 Y128.920 E57.68256
G1 X123.820 Y128.890 E57.69243
G1 X123.369 Y128.890 E57.71355
G1 X123.157 Y128.920 E57.72354
G1 X120.482 Y128.915 E57.84858
G1 X120.004 Y128.830 E57.87128
G1 X119.120 Y128.393 E57.91734
G1 X118.436 Y127.684 E57.96341
G1 X118.110 Y127.032 E57.99747
G1 X118.044 Y126.793 E58.00908
G1 X117.096 Y126.786 E58.05342
G1 X116.581 Y126.663 E58.07818
G1 X115.887 Y126.273 E58.11536
G1 X115.288 Y125.641 E58.15607
G1 X114.994 Y125.073 E58.18597
G1 X114.865 Y124.484 E58.21415
G1 X114.869 Y115.317 E58.64261
G1 X114.993 Y114.765 E58.66905
G1 X115.320 Y114.150 E58.70163
G1 X115.900 Y113.545 E58.74079
G1 X115.330 Y112.970 E58.77864
G1 X115.013 Y112.393 E58.80940
G1 X114.865 Y111.755 E58.84003
G1 X114.868 Y60.477 E61.23683
G1 X114.997 Y59.921 E61.26350
G1 X115.289 Y59.358 E61.29311
G1 X115.934 Y58.691 E61.33649
G1 X116.584 Y58.336 E61.37111
G1 X117.096 Y58.214 E61.39570
G1 X118.011 Y58.207 E61.43848
G1 X118.481 Y57.252 E61.48823
G1 X119.080 Y56.636 E61.52840
G1 X119.829 Y56.229 E61.56824
G1 X120.473 Y56.084 E61.59910
G1 X128.834 Y56.085 E61.98992
G1 X128.975 Y56.107 E61.99656
G1 X129.717 Y56.100 E62.03127
G1 X130.235 Y56.203 E62.05595
G1 X130.970 Y56.594 E62.09487
G1 X131.631 Y57.293 E62.13983
G1 X131.918 Y57.876 E62.17020
G1 X131.988 Y58.149 E62.18337
G1 X131.677 Y58.556 F7800.000
G1 F1200.000
G1 X132.880 Y58.565 E62.23964
G1 X133.311 Y58.671 E62.26035
G1 X133.793 Y58.926 E62.28588
G1 X134.414 Y59.547 E62.32688
G1 X134.669 Y60.029 E62.35237
G1 X134.784 Y60.536 E62.37669
G1 X134.784 Y111.736 E64.76979
G1 X134.667 Y112.245 E64.79421
G1 X134.381 Y112.771 E64.82218
G1 X133.873 Y113.289 E64.85611
G1 X133.436 Y113.531 E64.87947
G1 X133.896 Y113.842 E64.90541
G1 X134.383 Y114.339 E64.93793
G1 X134.703 Y114.960 E64.97060
G1 X134.781 Y115.341 E64.98879
G1 X134.779 Y124.501 E65.41693
G1 X134.669 Y124.970 E65.43946
G1 X134.413 Y125.454 E65.46502
G1 X133.878 Y126.011 E65.50112
G1 X133.312 Y126.328 E65.53147
G1 X132.880 Y126.435 E65.55224
G1 X131.676 Y126.444 E65.60851
G1 X131.663 Y126.690 E65.62003
G1 X131.580 Y127.026 E65.63625
G1 X131.322 Y127.535 E65.66291
G1 X130.681 Y128.183 E65.70551
G1 X130.157 Y128.452 E65.73305
G1 X129.720 Y128.549 E65.75396
G1 X128.953 Y128.541 E65.78981
G1 X128.765 Y128.568 E65.79869
G1 X127.459 Y128.555 E65.85972
G1 X126.153 Y128.568 E65.92077
G1 X125.955 Y128.539 E65.93012
G1 X125.450 Y128.539 E65.95374
G1 X125.254 Y128.568 E65.96301
G1 X124.044 Y128.568 E66.01958
G1 X123.847 Y128.539 E66.02885
G1 X123.342 Y128.539 E66.05247
G1 X123.143 Y128.568 E66.06186
G1 X120.524 Y128.567 E66.18430
G1 X120.132 Y128.502 E66.20288
G1 X119.348 Y128.125 E66.24351
G1 X118.737 Y127.502 E66.28429
G1 X118.435 Y126.896 E66.31593
G1 X118.328 Y126.443 E66.33768
G1 X117.120 Y126.435 E66.39415
G1 X116.688 Y126.328 E66.41492
G1 X116.122 Y126.011 E66.44527
G1 X115.587 Y125.454 E66.48137
G1 X115.331 Y124.971 E66.50690
G1 X115.216 Y124.464 E66.53122
G1 X115.220 Y115.336 E66.95785
G1 X115.315 Y114.909 E66.97831
G1 X115.618 Y114.337 E67.00854
G1 X116.124 Y113.821 E67.04235
G1 X116.582 Y113.559 E67.06699
G1 X116.187 Y113.332 E67.08827
G1 X115.625 Y112.778 E67.12515
G1 X115.333 Y112.246 E67.15352
G1 X115.216 Y111.736 E67.17799
G1 X115.220 Y60.498 E69.57287
G1 X115.333 Y60.025 E69.59559
G1 X115.587 Y59.546 E69.62093
G1 X116.166 Y58.957 E69.65955
G1 X116.690 Y58.671 E69.68748
G1 X117.120 Y58.565 E69.70814
G1 X118.342 Y58.556 E69.76529
G1 X118.404 Y58.195 E69.78241
G1 X118.754 Y57.474 E69.81987
G1 X119.274 Y56.930 E69.85506
G1 X119.933 Y56.566 E69.89026
G1 X120.493 Y56.435 E69.91714
G1 X128.793 Y56.434 E70.30507
G1 X128.950 Y56.459 E70.31249
G1 X129.672 Y56.448 E70.34623
G1 X130.099 Y56.527 E70.36653
G1 X130.736 Y56.857 E70.40007
G1 X131.356 Y57.513 E70.44226
G1 X131.592 Y58.007 E70.46785
G1 X131.663 Y58.309 E70.48236
G1 X131.673 Y58.496 E70.49112
G1 X131.321 Y58.907 F7800.000
G1 F1200.000
G1 X132.821 Y58.912 E70.56123
G1 X133.167 Y58.993 E70.57785
G1 X133.606 Y59.225 E70.60105
G1 X134.115 Y59.734 E70.63472
G1 X134.347 Y60.172 E70.65787
G1 X134.432 Y60.555 E70.67622
G1 X134.432 Y111.717 E73.06755
G1 X134.347 Y112.099 E73.08585
G1 X134.085 Y112.580 E73.11144
G1 X133.647 Y113.018 E73.14041
G1 X133.067 Y113.313 E73.17080
G1 X132.771 Y113.364 E73.18488
G1 X131.433 Y113.332 E73.24743
G1 X131.021 Y113.183 E73.26789
G1 X130.540 Y112.845 E73.29536
G1 X130.540 Y114.262 E73.36155
G1 X131.019 Y113.926 E73.38888
G1 X131.431 Y113.776 E73.40936
G1 X132.854 Y113.750 E73.47591
G1 X133.373 Y113.915 E73.50137
G1 X133.662 Y114.104 E73.51752
G1 X134.084 Y114.525 E73.54534
G1 X134.378 Y115.097 E73.57542
G1 X134.432 Y115.388 E73.58926
G1 X134.432 Y124.445 E74.01258
G1 X134.347 Y124.828 E74.03093
G1 X134.115 Y125.267 E74.05413
G1 X133.647 Y125.745 E74.08542
G1 X133.166 Y126.007 E74.11101
G1 X132.821 Y126.088 E74.12757
G1 X131.321 Y126.093 E74.19768
G1 X131.316 Y126.633 E74.22293
G1 X131.254 Y126.892 E74.23540
G1 X131.051 Y127.310 E74.25710
G1 X130.452 Y127.916 E74.29694
G1 X130.057 Y128.115 E74.31761
G1 X129.702 Y128.197 E74.33465
G1 X128.926 Y128.189 E74.37091
G1 X128.753 Y128.217 E74.37911
G1 X127.459 Y128.204 E74.43957
G1 X126.166 Y128.217 E74.50004
G1 X125.984 Y128.188 E74.50861
G1 X125.421 Y128.188 E74.53496
G1 X125.239 Y128.217 E74.54358
G1 X124.059 Y128.217 E74.59874
G1 X123.876 Y128.188 E74.60736
G1 X123.313 Y128.188 E74.63371
G1 X123.132 Y128.217 E74.64228
G1 X121.838 Y128.204 E74.70275
G1 X120.559 Y128.217 E74.76254
G1 X120.255 Y128.172 E74.77691
G1 X119.574 Y127.853 E74.81206
G1 X119.039 Y127.318 E74.84742
G1 X118.759 Y126.760 E74.87661
G1 X118.684 Y126.415 E74.89313
G1 X118.674 Y126.093 E74.90819
G1 X117.179 Y126.088 E74.97810
G1 X116.834 Y126.007 E74.99466
G1 X116.353 Y125.745 E75.02025
G1 X115.885 Y125.267 E75.05154
G1 X115.653 Y124.828 E75.07474
G1 X115.568 Y124.445 E75.09309
G1 X115.568 Y115.388 E75.51640
G1 X115.637 Y115.050 E75.53253
G1 X115.916 Y114.526 E75.56026
G1 X116.352 Y114.090 E75.58909
G1 X116.870 Y113.814 E75.61656
G1 X117.176 Y113.746 E75.63120
G1 X118.540 Y113.745 E75.69493
G1 X118.893 Y113.812 E75.71172
G1 X119.388 Y114.055 E75.73751
G1 X119.559 Y113.553 E75.76229
G1 X119.388 Y113.051 E75.78707
G1 X118.893 Y113.294 E75.81285
G1 X118.540 Y113.362 E75.82964
G1 X117.177 Y113.361 E75.89332
G1 X116.841 Y113.282 E75.90946
G1 X116.409 Y113.058 E75.93220
G1 X115.920 Y112.585 E75.96402
G1 X115.653 Y112.099 E75.98993
G1 X115.568 Y111.717 E76.00824
G1 X115.571 Y60.518 E78.40129
G1 X115.654 Y60.170 E78.41804
G1 X115.885 Y59.734 E78.44108
G1 X116.394 Y59.225 E78.47475
G1 X116.833 Y58.993 E78.49794
G1 X117.179 Y58.912 E78.51456
G1 X118.654 Y58.907 E78.58349
G1 X118.735 Y58.318 E78.61131
G1 X119.030 Y57.693 E78.64361
G1 X119.472 Y57.222 E78.67378
G1 X120.041 Y56.901 E78.70433
G1 X120.515 Y56.786 E78.72711
G1 X128.752 Y56.783 E79.11213
G1 X128.925 Y56.810 E79.12031
G1 X129.658 Y56.800 E79.15458
G1 X130.005 Y56.867 E79.17109
G1 X130.545 Y57.153 E79.19969
G1 X131.052 Y57.691 E79.23422
G1 X131.254 Y58.108 E79.25587
G1 X131.316 Y58.367 E79.26834
G1 X131.321 Y58.847 E79.29078
G1 X130.973 Y59.259 F7800.000
G1 F1200.000
G1 X132.767 Y59.259 E79.37461
G1 X133.026 Y59.316 E79.38700
G1 X133.419 Y59.523 E79.40778
G1 X133.817 Y59.921 E79.43411
G1 X134.025 Y60.315 E79.45489
G1 X134.081 Y60.574 E79.46728
G1 X134.081 Y111.698 E81.85690
G1 X134.025 Y111.958 E81.86929
G1 X133.817 Y112.351 E81.89006
G1 X133.420 Y112.748 E81.91634
G1 X132.938 Y112.985 E81.94143
G1 X132.764 Y113.013 E81.94965
G1 X131.473 Y112.982 E82.01001
G1 X131.173 Y112.866 E82.02505
G1 X130.742 Y112.548 E82.05007
G1 X130.530 Y112.480 E82.06049
G1 X130.189 Y112.865 E82.08453
G1 X130.189 Y114.242 E82.14890
G1 X130.530 Y114.627 E82.17295
G1 X130.743 Y114.558 E82.18341
G1 X131.171 Y114.243 E82.20825
G1 X131.470 Y114.127 E82.22324
G1 X132.831 Y114.102 E82.28684
G1 X133.203 Y114.223 E82.30514
G1 X133.428 Y114.367 E82.31764
G1 X133.816 Y114.754 E82.34324
G1 X134.039 Y115.189 E82.36608
G1 X134.081 Y115.406 E82.37641
G1 X134.081 Y124.426 E82.79804
G1 X134.025 Y124.685 E82.81044
G1 X133.817 Y125.079 E82.83121
G1 X133.419 Y125.477 E82.85755
G1 X133.026 Y125.684 E82.87832
G1 X132.767 Y125.741 E82.89072
G1 X130.973 Y125.741 E82.97454
G1 X130.965 Y126.607 E83.01502
G1 X130.918 Y126.789 E83.02382
G1 X130.777 Y127.088 E83.03925
G1 X130.266 Y127.616 E83.07360
G1 X129.918 Y127.792 E83.09186
G1 X129.684 Y127.845 E83.10304
G1 X128.896 Y127.838 E83.13989
G1 X128.735 Y127.866 E83.14751
G1 X127.579 Y127.866 E83.20156
G1 X127.459 Y127.844 E83.20725
G1 X127.339 Y127.866 E83.21293
G1 X126.183 Y127.866 E83.26698
G1 X126.016 Y127.836 E83.27489
G1 X125.389 Y127.836 E83.30422
G1 X125.222 Y127.866 E83.31214
G1 X124.075 Y127.866 E83.36575
G1 X123.908 Y127.836 E83.37366
G1 X123.281 Y127.836 E83.40299
G1 X123.114 Y127.866 E83.41090
G1 X121.958 Y127.866 E83.46495
G1 X121.838 Y127.844 E83.47064
G1 X121.718 Y127.866 E83.47633
G1 X120.574 Y127.866 E83.52983
G1 X120.335 Y127.829 E83.54111
G1 X119.755 Y127.551 E83.57117
G1 X119.310 Y127.095 E83.60096
G1 X119.098 Y126.664 E83.62339
G1 X119.031 Y126.360 E83.63797
G1 X119.028 Y125.741 E83.66689
G1 X117.233 Y125.741 E83.75078
G1 X116.974 Y125.684 E83.76317
G1 X116.581 Y125.477 E83.78395
G1 X116.183 Y125.079 E83.81028
G1 X115.975 Y124.685 E83.83106
G1 X115.919 Y124.426 E83.84345
G1 X115.919 Y115.408 E84.26498
G1 X115.975 Y115.149 E84.27737
G1 X116.183 Y114.756 E84.29815
G1 X116.581 Y114.357 E84.32448
G1 X116.974 Y114.150 E84.34523
G1 X117.198 Y114.097 E84.35600
G1 X118.522 Y114.096 E84.41787
G1 X118.798 Y114.151 E84.43102
G1 X119.321 Y114.420 E84.45851
G1 X119.566 Y114.622 E84.47337
G1 X119.930 Y113.553 E84.52615
G1 X119.566 Y112.484 E84.57893
G1 X119.321 Y112.687 E84.59379
G1 X118.798 Y112.955 E84.62128
G1 X118.522 Y113.010 E84.63442
G1 X117.198 Y113.009 E84.69632
G1 X116.978 Y112.958 E84.70685
G1 X116.633 Y112.786 E84.72487
G1 X116.185 Y112.353 E84.75402
G1 X115.975 Y111.957 E84.77493
G1 X115.919 Y111.698 E84.78732
G1 X115.922 Y60.539 E87.17856
G1 X115.976 Y60.314 E87.18935
G1 X116.183 Y59.921 E87.21010
G1 X116.581 Y59.523 E87.23644
G1 X116.974 Y59.316 E87.25721
G1 X117.233 Y59.259 E87.26961
G1 X119.027 Y59.259 E87.35346
G1 X119.027 Y58.681 E87.38050
G1 X119.064 Y58.442 E87.39178
G1 X119.307 Y57.912 E87.41905
G1 X119.708 Y57.483 E87.44649
G1 X120.188 Y57.221 E87.47204
G1 X120.535 Y57.138 E87.48874
G1 X121.738 Y57.138 E87.54496
G1 X121.844 Y57.154 E87.54997
G1 X121.959 Y57.134 E87.55544
G1 X124.529 Y57.134 E87.67556
G1 X124.649 Y57.156 E87.68123
G1 X124.769 Y57.134 E87.68692
G1 X125.934 Y57.134 E87.74140
G1 X126.054 Y57.156 E87.74709
G1 X126.174 Y57.134 E87.75278
G1 X127.339 Y57.134 E87.80726
G1 X127.459 Y57.156 E87.81295
G1 X127.579 Y57.134 E87.81864
G1 X128.735 Y57.134 E87.87268
G1 X128.896 Y57.162 E87.88029
G1 X129.647 Y57.151 E87.91539
G1 X129.870 Y57.192 E87.92601
G1 X130.311 Y57.417 E87.94916
G1 X130.777 Y57.911 E87.98088
G1 X130.918 Y58.211 E87.99637
G1 X130.965 Y58.393 E88.00516
G1 X130.973 Y59.199 E88.04284
G1 X130.622 Y59.611 F7800.000
G1 F1200.000
G1 X132.749 Y59.611 E88.14227
G1 X132.890 Y59.640 E88.14899
G1 X133.191 Y59.792 E88.16477
G1 X133.548 Y60.149 E88.18835
G1 X133.700 Y60.450 E88.20413
G1 X133.730 Y60.591 E88.21085
G1 X133.730 Y111.681 E90.59883
G1 X133.700 Y111.822 E90.60555
G1 X133.548 Y112.123 E90.62134
G1 X133.192 Y112.479 E90.64485
G1 X132.853 Y112.644 E90.66247
G1 X132.752 Y112.661 E90.66729
G1 X131.571 Y112.643 E90.72249
G1 X131.324 Y112.547 E90.73485
G1 X130.908 Y112.232 E90.75924
G1 X130.420 Y112.075 E90.78322
G1 X129.838 Y112.731 E90.82423
G1 X129.838 Y114.375 E90.90106
G1 X130.420 Y115.032 E90.94207
G1 X130.909 Y114.874 E90.96609
G1 X131.322 Y114.561 E90.99032
G1 X131.568 Y114.465 E91.00266
G1 X132.750 Y114.445 E91.05789
G1 X133.072 Y114.549 E91.07371
G1 X133.192 Y114.628 E91.08044
G1 X133.547 Y114.983 E91.10390
G1 X133.700 Y115.284 E91.11970
G1 X133.730 Y115.425 E91.12643
G1 X133.730 Y124.409 E91.54633
G1 X133.700 Y124.550 E91.55306
G1 X133.548 Y124.851 E91.56884
G1 X133.191 Y125.208 E91.59241
G1 X132.890 Y125.360 E91.60819
G1 X132.749 Y125.389 E91.61492
G1 X130.622 Y125.389 E91.71434
G1 X130.618 Y126.548 E91.76849
G1 X130.592 Y126.657 E91.77374
G1 X130.472 Y126.912 E91.78689
G1 X130.082 Y127.315 E91.81315
G1 X129.778 Y127.469 E91.82903
G1 X129.667 Y127.494 E91.83434
G1 X128.862 Y127.486 E91.87198
G1 X128.717 Y127.514 E91.87891
G1 X127.601 Y127.514 E91.93105
G1 X127.459 Y127.484 E91.93784
G1 X127.317 Y127.514 E91.94462
G1 X126.202 Y127.514 E91.99676
G1 X126.052 Y127.485 E92.00389
G1 X125.353 Y127.485 E92.03657
G1 X125.203 Y127.514 E92.04369
G1 X124.094 Y127.514 E92.09556
G1 X123.944 Y127.485 E92.10268
G1 X123.245 Y127.485 E92.13536
G1 X123.096 Y127.514 E92.14249
G1 X121.980 Y127.514 E92.19463
G1 X121.838 Y127.484 E92.20141
G1 X121.696 Y127.514 E92.20820
G1 X120.588 Y127.514 E92.25997
G1 X120.419 Y127.487 E92.26802
G1 X119.939 Y127.250 E92.29303
G1 X119.612 Y126.912 E92.31502
G1 X119.435 Y126.562 E92.33334
G1 X119.382 Y126.337 E92.34414
G1 X119.378 Y125.389 E92.38844
G1 X117.251 Y125.389 E92.48785
G1 X117.110 Y125.360 E92.49458
G1 X116.809 Y125.208 E92.51036
G1 X116.452 Y124.851 E92.53393
G1 X116.300 Y124.550 E92.54971
G1 X116.270 Y124.409 E92.55644
G1 X116.270 Y115.425 E92.97633
G1 X116.300 Y115.285 E92.98305
G1 X116.452 Y114.983 E92.99883
G1 X116.809 Y114.627 E93.02241
G1 X117.112 Y114.473 E93.03829
G1 X117.219 Y114.448 E93.04343
G1 X118.479 Y114.445 E93.10232
G1 X118.663 Y114.477 E93.11104
G1 X119.124 Y114.713 E93.13527
G1 X119.423 Y115.030 E93.15564
G1 X119.844 Y114.895 E93.17632
G1 X120.301 Y113.553 E93.24254
G1 X119.844 Y112.212 E93.30877
G1 X119.423 Y112.076 E93.32944
G1 X119.124 Y112.393 E93.34982
G1 X118.663 Y112.629 E93.37405
G1 X118.479 Y112.662 E93.38277
G1 X117.219 Y112.658 E93.44166
G1 X117.110 Y112.632 E93.44691
G1 X116.855 Y112.512 E93.46006
G1 X116.452 Y112.122 E93.48632
G1 X116.300 Y111.822 E93.50203
G1 X116.270 Y111.681 E93.50875
G1 X116.274 Y60.559 E95.89823
G1 X116.299 Y60.452 E95.90336
G1 X116.452 Y60.149 E95.91924
G1 X116.809 Y59.792 E95.94282
G1 X117.110 Y59.640 E95.95860
G1 X117.251 Y59.611 E95.96532
G1 X119.379 Y59.611 E96.06477
G1 X119.379 Y58.695 E96.10754
G1 X119.406 Y58.524 E96.11566
G1 X119.611 Y58.089 E96.13813
G1 X119.940 Y57.749 E96.16023
G1 X120.331 Y57.542 E96.18091
G1 X120.555 Y57.489 E96.19170
G1 X121.719 Y57.489 E96.24609
G1 X121.848 Y57.513 E96.25223
G1 X121.979 Y57.486 E96.25850
G1 X123.142 Y57.492 E96.31285
G1 X123.239 Y57.517 E96.31754
G1 X123.385 Y57.486 E96.32452
G1 X124.507 Y57.486 E96.37695
G1 X124.649 Y57.516 E96.38373
G1 X124.791 Y57.486 E96.39051
G1 X125.912 Y57.486 E96.44294
G1 X126.054 Y57.516 E96.44972
G1 X126.196 Y57.486 E96.45651
G1 X127.317 Y57.486 E96.50893
G1 X127.459 Y57.516 E96.51571
G1 X127.601 Y57.486 E96.52250
G1 X128.717 Y57.486 E96.57464
G1 X128.863 Y57.514 E96.58159
G1 X129.638 Y57.503 E96.61781
G1 X129.742 Y57.520 E96.62278
G1 X130.082 Y57.686 E96.64045
G1 X130.472 Y58.088 E96.66664
G1 X130.592 Y58.343 E96.67980
G1 X130.618 Y58.452 E96.68505
G1 X130.622 Y59.551 E96.73639
G1 X130.270 Y59.962 F7800.000
G1 F1200.000
G1 X132.762 Y59.968 E96.85289
G1 X132.966 Y60.064 E96.86340
G1 X133.276 Y60.374 E96.88392
G1 X133.378 Y60.607 E96.89582
G1 X133.378 Y111.665 E99.28227
G1 X133.276 Y111.898 E99.29416
G1 X132.966 Y112.208 E99.31468
G1 X132.733 Y112.310 E99.32655
G1 X131.660 Y112.302 E99.37672
G1 X131.505 Y112.246 E99.38441
G1 X131.222 Y112.043 E99.40070
G1 X131.134 Y111.936 E99.40714
G1 X130.309 Y111.670 E99.44768
G1 X129.486 Y112.598 E99.50564
G1 X129.486 Y114.508 E99.59495
G1 X130.309 Y115.436 E99.65291
G1 X131.135 Y115.170 E99.69346
G1 X131.221 Y115.065 E99.69981
G1 X131.504 Y114.862 E99.71608
G1 X131.658 Y114.806 E99.72376
G1 X132.719 Y114.796 E99.77333
G1 X132.956 Y114.888 E99.78520
G1 X133.276 Y115.208 E99.80637
G1 X133.372 Y115.412 E99.81690
G1 X133.378 Y124.393 E100.23666
G1 X133.276 Y124.626 E100.24856
G1 X132.966 Y124.936 E100.26908
G1 X132.762 Y125.032 E100.27960
G1 X130.270 Y125.038 E100.39609
G1 X130.264 Y126.529 E100.46580
G1 X130.168 Y126.733 E100.47631
G1 X129.858 Y127.043 E100.49683
G1 X129.654 Y127.140 E100.50738
G1 X128.824 Y127.134 E100.54617
G1 X128.695 Y127.163 E100.55234
G1 X127.628 Y127.163 E100.60219
G1 X127.459 Y127.118 E100.61036
G1 X127.290 Y127.163 E100.61853
G1 X126.224 Y127.163 E100.66838
G1 X126.094 Y127.134 E100.67461
G1 X125.311 Y127.134 E100.71118
G1 X125.181 Y127.163 E100.71741
G1 X124.116 Y127.163 E100.76722
G1 X123.986 Y127.134 E100.77345
G1 X123.203 Y127.134 E100.81002
G1 X123.073 Y127.163 E100.81624
G1 X122.007 Y127.163 E100.86609
G1 X121.838 Y127.118 E100.87426
G1 X121.669 Y127.163 E100.88243
G1 X120.605 Y127.163 E100.93219
G1 X120.504 Y127.145 E100.93697
G1 X120.165 Y126.980 E100.95460
G1 X119.912 Y126.727 E100.97132
G1 X119.759 Y126.426 E100.98710
G1 X119.730 Y126.285 E100.99382
G1 X119.730 Y125.038 E101.05211
G1 X117.238 Y125.032 E101.16861
G1 X117.034 Y124.936 E101.17913
G1 X116.724 Y124.626 E101.19965
G1 X116.622 Y124.393 E101.21154
G1 X116.628 Y115.412 E101.63129
G1 X116.724 Y115.209 E101.64181
G1 X117.034 Y114.898 E101.66233
G1 X117.267 Y114.796 E101.67423
G1 X118.461 Y114.796 E101.73003
G1 X118.570 Y114.817 E101.73518
G1 X118.928 Y115.007 E101.75416
G1 X119.309 Y115.436 E101.78100
G1 X120.120 Y115.175 E101.82082
G1 X120.672 Y113.553 E101.90089
G1 X120.120 Y111.932 E101.98095
G1 X119.309 Y111.670 E102.02078
G1 X118.928 Y112.100 E102.04761
G1 X118.570 Y112.290 E102.06659
G1 X118.461 Y112.310 E102.07174
G1 X117.267 Y112.310 E102.12755
G1 X117.034 Y112.208 E102.13944
G1 X116.724 Y111.898 E102.15996
G1 X116.622 Y111.665 E102.17186
G1 X116.622 Y60.607 E104.55831
G1 X116.724 Y60.374 E104.57020
G1 X117.034 Y60.064 E104.59072
G1 X117.238 Y59.968 E104.60124
G1 X119.730 Y59.962 E104.71774
G1 X119.730 Y58.712 E104.77617
G1 X119.748 Y58.611 E104.78096
G1 X119.913 Y58.272 E104.79859
G1 X120.166 Y58.019 E104.81530
G1 X120.469 Y57.866 E104.83119
G1 X120.576 Y57.840 E104.83631
G1 X121.696 Y57.840 E104.88868
G1 X121.855 Y57.876 E104.89628
G1 X122.006 Y57.837 E104.90361
G1 X123.074 Y57.837 E104.95353
G1 X123.243 Y57.882 E104.96170
G1 X123.412 Y57.837 E104.96987
G1 X124.480 Y57.837 E105.01976
G1 X124.649 Y57.882 E105.02793
G1 X124.818 Y57.837 E105.03610
G1 X125.885 Y57.837 E105.08600
G1 X126.054 Y57.882 E105.09417
G1 X126.223 Y57.837 E105.10234
G1 X127.290 Y57.837 E105.15223
G1 X127.459 Y57.882 E105.16040
G1 X127.628 Y57.837 E105.16857
G1 X128.695 Y57.837 E105.21843
G1 X128.824 Y57.866 E105.22459
G1 X129.654 Y57.860 E105.26339
G1 X129.858 Y57.957 E105.27393
G1 X130.168 Y58.267 E105.29445
G1 X130.264 Y58.471 E105.30497
G1 X130.270 Y59.902 E105.37187
G1 E103.37187 F2400.000
G92 E0
G1 X123.243 Y58.255 F7800.000
G1 E2.00000 F2400.000
G1 F1200.000
G1 X123.446 Y58.188 E2.00996
G1 X124.446 Y58.188 E2.05673
G1 X124.649 Y58.255 E2.06669
G1 X124.851 Y58.188 E2.07665
G1 X125.852 Y58.188 E2.12342
G1 X126.054 Y58.255 E2.13338
G1 X126.256 Y58.188 E2.14334
G1 X127.257 Y58.188 E2.19011
G1 X127.459 Y58.255 E2.20007
G1 X127.662 Y58.188 E2.21003
G1 X128.667 Y58.188 E2.25701
G1 X128.774 Y58.218 E2.26221
G1 X129.573 Y58.207 E2.29958
G1 X129.637 Y58.233 E2.30278
G1 X129.892 Y58.488 E2.31965
G1 X129.919 Y58.553 E2.32292
G1 X129.919 Y60.313 E2.40521
G1 X132.680 Y60.313 E2.53430
G1 X132.745 Y60.340 E2.53757
G1 X133.000 Y60.595 E2.55444
G1 X133.027 Y60.660 E2.55770
G1 X133.027 Y111.612 E4.93927
G1 X133.000 Y111.677 E4.94254
G1 X132.745 Y111.932 E4.95941
G1 X132.680 Y111.959 E4.96267
G1 X131.737 Y111.959 E5.00676
G1 X131.685 Y111.942 E5.00933
G1 X131.461 Y111.782 E5.02219
G1 X131.371 Y111.644 E5.02991
G1 X130.199 Y111.265 E5.08749
G1 X129.135 Y112.465 E5.16242
G1 X129.135 Y114.642 E5.26419
G1 X130.199 Y115.841 E5.33912
G1 X131.371 Y115.463 E5.39669
G1 X131.460 Y115.326 E5.40434
G1 X131.684 Y115.166 E5.41719
G1 X131.736 Y115.149 E5.41976
G1 X132.680 Y115.147 E5.46386
G1 X132.744 Y115.174 E5.46713
G1 X133.000 Y115.429 E5.48403
G1 X133.027 Y115.494 E5.48730
G1 X133.027 Y124.340 E5.90079
G1 X133.000 Y124.405 E5.90405
G1 X132.745 Y124.660 E5.92092
G1 X132.680 Y124.687 E5.92419
G1 X129.919 Y124.687 E6.05328
G1 X129.919 Y126.447 E6.13557
G1 X129.892 Y126.512 E6.13884
G1 X129.637 Y126.767 E6.15571
G1 X129.573 Y126.793 E6.15891
G1 X128.774 Y126.782 E6.19628
G1 X128.667 Y126.812 E6.20148
G1 X127.662 Y126.812 E6.24846
G1 X127.459 Y126.745 E6.25842
G1 X127.257 Y126.812 E6.26838
G1 X126.252 Y126.812 E6.31536
G1 X126.146 Y126.782 E6.32050
G1 X125.260 Y126.782 E6.36193
G1 X125.153 Y126.812 E6.36707
G1 X124.144 Y126.812 E6.41426
G1 X124.038 Y126.782 E6.41940
G1 X123.152 Y126.782 E6.46083
G1 X123.045 Y126.812 E6.46597
G1 X122.040 Y126.812 E6.51295
G1 X121.838 Y126.745 E6.52291
G1 X121.636 Y126.812 E6.53287
G1 X120.624 Y126.812 E6.58015
G1 X120.391 Y126.710 E6.59205
G1 X120.183 Y126.502 E6.60577
G1 X120.087 Y126.299 E6.61629
G1 X120.081 Y124.687 E6.69162
G1 X117.320 Y124.687 E6.82071
G1 X117.255 Y124.660 E6.82398
G1 X117.000 Y124.405 E6.84085
G1 X116.973 Y124.340 E6.84412
G1 X116.973 Y115.494 E7.25759
G1 X117.000 Y115.429 E7.26086
G1 X117.255 Y115.174 E7.27773
G1 X117.320 Y115.148 E7.28100
G1 X118.440 Y115.148 E7.33339
G1 X118.688 Y115.265 E7.34619
G1 X119.199 Y115.841 E7.38218
G1 X120.396 Y115.455 E7.44098
G1 X121.043 Y113.553 E7.53488
G1 X120.396 Y111.652 E7.62877
G1 X119.199 Y111.265 E7.68757
G1 X118.688 Y111.841 E7.72356
G1 X118.440 Y111.959 E7.73636
G1 X117.320 Y111.959 E7.78875
G1 X117.255 Y111.932 E7.79202
G1 X117.000 Y111.677 E7.80889
G1 X116.973 Y111.612 E7.81216
G1 X116.973 Y60.660 E10.19372
G1 X117.000 Y60.595 E10.19699
G1 X117.255 Y60.340 E10.21386
G1 X117.320 Y60.313 E10.21713
G1 X120.081 Y60.313 E10.34621
G1 X120.087 Y58.701 E10.42155
G1 X120.183 Y58.498 E10.43207
G1 X120.391 Y58.290 E10.44579
G1 X120.594 Y58.194 E10.45631
G1 X121.647 Y58.188 E10.50549
G1 X121.831 Y58.257 E10.51470
G1 X122.040 Y58.188 E10.52500
G1 X123.041 Y58.188 E10.57177
G1 X123.186 Y58.236 E10.57892
G1 X121.838 Y58.745 F7800.000
G1 F1200.000
G1 X122.017 Y58.566 E10.59076
G1 X122.082 Y58.540 E10.59402
G1 X123.000 Y58.540 E10.63694
G1 X123.064 Y58.566 E10.64021
G1 X123.243 Y58.745 E10.65204
G1 X123.422 Y58.566 E10.66387
G1 X123.487 Y58.540 E10.66714
G1 X124.405 Y58.540 E10.71005
G1 X124.470 Y58.566 E10.71332
G1 X124.649 Y58.745 E10.72515
G1 X124.828 Y58.566 E10.73699
G1 X124.892 Y58.540 E10.74025
G1 X125.810 Y58.540 E10.78317
G1 X125.875 Y58.566 E10.78643
G1 X126.054 Y58.745 E10.79827
G1 X126.233 Y58.566 E10.81010
G1 X126.298 Y58.540 E10.81337
G1 X127.216 Y58.540 E10.85628
G1 X127.280 Y58.566 E10.85955
G1 X127.459 Y58.745 E10.87138
G1 X127.638 Y58.566 E10.88322
G1 X127.703 Y58.540 E10.88648
G1 X128.621 Y58.540 E10.92940
G1 X128.686 Y58.566 E10.93266
G1 X128.822 Y58.703 E10.94168
G1 X128.967 Y58.557 E10.95129
G1 X129.464 Y58.557 E10.97452
G1 X129.567 Y58.660 E10.98133
G1 X129.567 Y60.665 E11.07501
G1 X132.573 Y60.665 E11.21548
G1 X132.676 Y60.767 E11.22229
G1 X132.676 Y111.505 E13.59378
G1 X132.573 Y111.608 E13.60059
G1 X131.821 Y111.608 E13.63571
G1 X131.729 Y111.542 E13.64099
G1 X131.671 Y111.371 E13.64941
G1 X130.088 Y110.860 E13.72718
G1 X128.784 Y112.331 E13.81907
G1 X128.784 Y114.775 E13.93330
G1 X130.088 Y116.246 E14.02519
G1 X131.671 Y115.735 E14.10296
G1 X131.729 Y115.566 E14.11132
G1 X131.821 Y115.500 E14.11659
G1 X132.573 Y115.499 E14.15173
G1 X132.676 Y115.602 E14.15854
G1 X132.676 Y124.233 E14.56196
G1 X132.573 Y124.335 E14.56876
G1 X129.567 Y124.335 E14.70924
G1 X129.567 Y126.340 E14.80292
G1 X129.464 Y126.443 E14.80972
G1 X128.967 Y126.443 E14.83295
G1 X128.822 Y126.297 E14.84257
G1 X128.686 Y126.434 E14.85158
G1 X128.621 Y126.460 E14.85485
G1 X127.703 Y126.460 E14.89776
G1 X127.638 Y126.434 E14.90103
G1 X127.459 Y126.255 E14.91286
G1 X127.280 Y126.434 E14.92469
G1 X127.216 Y126.460 E14.92796
G1 X126.298 Y126.460 E14.97088
G1 X126.233 Y126.434 E14.97414
G1 X126.097 Y126.297 E14.98316
G1 X125.951 Y126.443 E14.99277
G1 X125.454 Y126.443 E15.01600
G1 X125.309 Y126.297 E15.02562
G1 X125.172 Y126.434 E15.03463
G1 X125.108 Y126.460 E15.03790
G1 X124.190 Y126.460 E15.08081
G1 X124.125 Y126.434 E15.08408
G1 X123.989 Y126.297 E15.09309
G1 X123.843 Y126.443 E15.10271
G1 X123.346 Y126.443 E15.12594
G1 X123.201 Y126.297 E15.13556
G1 X123.064 Y126.434 E15.14457
G1 X123.000 Y126.460 E15.14784
G1 X122.082 Y126.460 E15.19075
G1 X122.017 Y126.434 E15.19402
G1 X121.838 Y126.255 E15.20585
G1 X121.659 Y126.434 E15.21768
G1 X121.594 Y126.460 E15.22095
G1 X120.676 Y126.460 E15.26387
G1 X120.612 Y126.434 E15.26713
G1 X120.459 Y126.281 E15.27720
G1 X120.433 Y126.217 E15.28047
G1 X120.433 Y124.335 E15.36840
G1 X117.427 Y124.335 E15.50887
G1 X117.324 Y124.233 E15.51567
G1 X117.324 Y115.602 E15.91908
G1 X117.427 Y115.499 E15.92589
G1 X118.384 Y115.499 E15.97061
G1 X118.453 Y115.530 E15.97413
G1 X119.088 Y116.246 E16.01888
G1 X120.671 Y115.735 E16.09666
G1 X121.414 Y113.553 E16.20439
G1 X120.671 Y111.371 E16.31212
G1 X119.088 Y110.860 E16.38989
G1 X118.453 Y111.577 E16.43464
G1 X118.384 Y111.608 E16.43817
G1 X117.427 Y111.608 E16.48289
G1 X117.324 Y111.505 E16.48969
G1 X117.324 Y60.767 E18.86119
G1 X117.427 Y60.665 E18.86799
G1 X120.433 Y60.665 E19.00847
G1 X120.433 Y58.783 E19.09639
G1 X120.459 Y58.719 E19.09966
G1 X120.612 Y58.566 E19.10973
G1 X120.676 Y58.540 E19.11300
G1 X121.594 Y58.540 E19.15591
G1 X121.659 Y58.566 E19.15918
G1 X121.796 Y58.703 E19.16821
G1 E17.16821 F2400.000
G92 E0
G1 X120.784 Y60.598 F7800.000
G1 E2.00000 F2400.000
;TYPE:Support material
G1 F1200.000
G1 X120.784 Y58.891 E2.07976
G1 X121.487 Y58.891 E2.11261
G1 X121.487 Y60.440 E2.18498
G1 X122.189 Y60.440 E2.21782
G1 X122.189 Y58.891 E2.29020
G1 X122.892 Y58.891 E2.32304
G1 X122.892 Y60.440 E2.39542
G1 X123.066 Y60.440 E2.40355
G1 X123.301 Y60.674 E2.41906
G1 X123.301 Y66.059 E2.67076
G1 X123.595 Y66.059 E2.68450
G1 X123.595 Y58.891 E3.01955
G1 X124.297 Y58.891 E3.05239
G1 X124.297 Y126.109 E6.19420
G1 X125.000 Y126.109 E6.22704
G1 X125.000 Y58.891 E9.36885
G1 X125.703 Y58.891 E9.40170
G1 X125.703 Y126.267 E12.55090
G1 X123.595 Y126.267 F7800.000
G1 F1200.000
G1 X123.595 Y118.941 E12.89333
G1 X123.301 Y118.941 E12.90707
G1 X123.301 Y124.326 E13.15877
G1 X123.066 Y124.560 E13.17429
G1 X122.892 Y124.560 E13.18241
G1 X122.892 Y126.109 E13.25479
G1 X122.189 Y126.109 E13.28763
G1 X122.189 Y124.560 E13.36000
G1 X121.487 Y124.560 E13.39285
G1 X121.487 Y126.109 E13.46522
G1 X120.784 Y126.109 E13.49806
G1 X120.784 Y124.402 E13.57783
G1 X129.216 Y126.267 F7800.000
G1 F1200.000
G1 X129.216 Y124.560 E13.65759
G1 X128.513 Y124.560 E13.69043
G1 X128.513 Y126.109 E13.76280
G1 X127.811 Y126.109 E13.79565
G1 X127.811 Y124.560 E13.86802
G1 X127.108 Y124.560 E13.90086
G1 X127.108 Y126.109 E13.97324
G1 X126.405 Y126.109 E14.00608
G1 X126.405 Y118.941 E14.34112
G1 X126.334 Y118.941 E14.34445
G1 X126.099 Y118.706 E14.35997
G1 X126.099 Y66.294 E16.80975
G1 X126.334 Y66.059 E16.82526
G1 X126.405 Y66.059 E16.82860
G1 X126.405 Y58.891 E17.16364
G1 X127.108 Y58.891 E17.19648
G1 X127.108 Y60.440 E17.26886
G1 X127.811 Y60.440 E17.30170
G1 X127.811 Y58.891 E17.37408
G1 X128.513 Y58.891 E17.40692
G1 X128.513 Y60.440 E17.47929
G1 X129.216 Y60.440 E17.51214
G1 X129.216 Y58.733 E17.59190
G1 E15.59190 F2400.000
G92 E0
G1 X122.490 Y61.250 F7800.000
G1 E2.00000 F2400.000
;TYPE:External perimeter
G1 F1200.000
G1 X122.490 Y66.870 E2.26267
G1 X123.090 Y66.870 E2.29071
G1 X123.090 Y118.130 E4.68666
G1 X122.490 Y118.130 E4.71470
G1 X122.490 Y123.750 E4.97737
G1 X117.910 Y123.750 E5.19144
G1 X117.910 Y116.085 E5.54972
G1 X118.162 Y116.085 E5.56150
G1 X118.904 Y116.921 E5.61376
G1 X121.131 Y116.202 E5.72316
G1 X122.033 Y113.553 E5.85395
G1 X121.131 Y110.904 E5.98474
G1 X118.904 Y110.185 E6.09414
G1 X118.162 Y111.022 E6.14640
G1 X117.910 Y111.022 E6.15818
G1 X117.910 Y61.250 E8.48455
G1 X122.430 Y61.250 E8.69582
G1 X122.478 Y61.650 F7800.000
G1 X122.139 Y61.602
;TYPE:Perimeter
G1 F1200.000
G1 X122.139 Y67.221 E8.95849
G1 X122.739 Y67.221 E8.98653
G1 X122.739 Y117.779 E11.34963
G1 X122.139 Y117.779 E11.37767
G1 X122.139 Y123.398 E11.64034
G1 X118.261 Y123.398 E11.82157
G1 X118.261 Y116.726 E12.13344
G1 X118.793 Y117.326 E12.17091
G1 X121.407 Y116.482 E12.29928
G1 X122.404 Y113.553 E12.44391
G1 X121.407 Y110.624 E12.58853
G1 X118.793 Y109.780 E12.71691
G1 X118.261 Y110.380 E12.75438
G1 X118.261 Y61.602 E15.03433
G1 X122.079 Y61.602 E15.21276
G1 X121.787 Y61.953 F7800.000
G1 F1200.000
G1 X121.787 Y67.573 E15.47543
G1 X122.387 Y67.573 E15.50347
G1 X122.387 Y111.867 E17.57381
G1 X122.211 Y111.896 E17.58216
G1 X121.683 Y110.344 E17.65878
G1 X118.613 Y109.353 E17.80956
G1 X118.613 Y61.953 E20.02508
G1 X121.727 Y61.953 E20.17067
G1 E18.17067 F2400.000
G92 E0
G1 X122.211 Y115.211 F7800.000
G1 E2.00000 F2400.000
G1 F1200.000
G1 X122.387 Y115.240 E2.00836
G1 X122.387 Y117.427 E2.11061
G1 X121.787 Y117.427 E2.13865
G1 X121.787 Y123.047 E2.40132
G1 X118.613 Y123.047 E2.54971
G1 X118.613 Y117.753 E2.79714
G1 X121.683 Y116.762 E2.94792
G1 X122.192 Y115.267 E3.02174
G1 X122.328 Y115.052 F7800.000
;TYPE:Gap fill
;WIDTH:0.472916
G1 F1200.000
G1 X122.355 Y114.890 E3.03055
;WIDTH:0.428686
G1 X122.381 Y114.729 E3.03839
;WIDTH:0.384455
G1 X122.408 Y114.567 E3.04527
;WIDTH:0.340225
G1 X122.435 Y114.406 E3.05119
;WIDTH:0.295994
G1 X122.462 Y114.244 E3.05614
;WIDTH:0.251764
G1 X122.488 Y114.082 E3.06013
;WIDTH:0.207534
G1 X122.515 Y113.921 E3.06316
;WIDTH:0.163303
G1 X122.542 Y113.759 E3.06522
G1 X122.542 Y113.347 F7800.000
;WIDTH:0.163303
G1 F1200.000
G1 X122.462 Y112.862 E3.07141
;WIDTH:0.295994
G1 X122.381 Y112.378 E3.08627
;WIDTH:0.428684
G1 X122.328 Y112.054 E3.10195
G1 X122.191 Y111.226 F7800.000
;WIDTH:0.161047
G1 F1200.000
G1 X122.112 Y110.749 E3.10789
;WIDTH:0.28697
G1 X122.033 Y110.272 E3.12192
G1 E1.12192 F2400.000
G92 E0
G1 X122.191 Y115.881 F7800.000
G1 E2.00000 F2400.000
;WIDTH:0.163019
G1 F1200.000
G1 X122.123 Y116.288 E2.00518
;WIDTH:0.294858
G1 X122.056 Y116.696 E2.01761
;WIDTH:0.426697
G1 X121.994 Y117.034 E2.03399
G1 X121.875 Y117.073 E2.03993
;WIDTH:0.42665
G1 X121.612 Y117.114 E2.05265
G1 X121.682 Y117.886 F7800.000
;TYPE:Solid infill
;WIDTH:0.436126
G1 F1200.000
G1 X121.042 Y117.246 E2.09690
G1 X120.649 Y117.373 E2.11708
G1 X121.524 Y118.248 E2.17757
G1 X121.524 Y118.767 E2.20297
G1 X120.256 Y117.500 E2.29062
G1 X119.863 Y117.627 E2.31080
G1 X121.524 Y119.287 E2.42560
G1 X121.524 Y119.807 E2.45100
G1 X119.470 Y117.753 E2.59297
G1 X119.078 Y117.880 E2.61315
G1 X121.524 Y120.326 E2.78227
G1 X121.524 Y120.846 E2.80767
G1 X118.876 Y118.198 E2.99073
G1 X118.876 Y118.718 E3.01613
G1 X121.524 Y121.366 E3.19918
G1 X121.524 Y121.885 E3.22459
G1 X118.876 Y119.238 E3.40764
G1 X118.876 Y119.757 E3.43304
G1 X121.524 Y122.405 E3.61610
G1 X121.524 Y122.784 E3.63461
G1 X121.383 Y122.784 E3.64150
G1 X118.876 Y120.277 E3.81480
G1 X118.876 Y120.797 E3.84021
G1 X120.863 Y122.784 E3.97759
G1 X120.344 Y122.784 E4.00299
G1 X118.876 Y121.316 E4.10444
G1 X118.876 Y121.836 E4.12985
G1 X119.824 Y122.784 E4.19537
G1 X119.304 Y122.784 E4.22077
G1 X118.718 Y122.197 E4.26130
G1 E2.26130 F2400.000
G92 E0
G1 X120.971 Y62.058 F7800.000
G1 E2.00000 F2400.000
;WIDTH:0.420458
G1 F1200.000
G1 X121.524 Y62.611 E2.03661
G1 X121.524 Y63.109 E2.05989
G1 X120.631 Y62.216 E2.11896
G1 X120.134 Y62.216 E2.14225
G1 X121.524 Y63.606 E2.23425
G1 X121.524 Y64.104 E2.25753
G1 X119.636 Y62.216 E2.38246
G1 X119.139 Y62.216 E2.40574
G1 X121.524 Y64.601 E2.56360
G1 X121.524 Y65.099 E2.58688
G1 X118.876 Y62.451 E2.76213
G1 X118.876 Y62.949 E2.78541
G1 X121.524 Y65.596 E2.96066
G1 X121.524 Y66.094 E2.98395
G1 X118.876 Y63.446 E3.15919
G1 X118.876 Y63.944 E3.18248
G1 X121.524 Y66.591 E3.35773
G1 X121.524 Y67.089 E3.38101
G1 X118.876 Y64.441 E3.55626
G1 X118.876 Y64.939 E3.57954
G1 X122.124 Y68.186 E3.79450
G1 X122.124 Y68.684 E3.81778
G1 X118.876 Y65.436 E4.03274
G1 X118.876 Y65.934 E4.05603
G1 X122.124 Y69.181 E4.27099
G1 X122.124 Y69.679 E4.29427
G1 X118.876 Y66.431 E4.50923
G1 X118.876 Y66.929 E4.53252
G1 X122.124 Y70.176 E4.74748
G1 X122.124 Y70.674 E4.77076
G1 X118.876 Y67.426 E4.98572
G1 X118.876 Y67.924 E5.00900
G1 X122.124 Y71.171 E5.22396
G1 X122.124 Y71.669 E5.24725
G1 X118.876 Y68.421 E5.46221
G1 X118.876 Y68.919 E5.48549
G1 X122.124 Y72.166 E5.70045
G1 X122.124 Y72.664 E5.72374
G1 X118.876 Y69.416 E5.93870
G1 X118.876 Y69.914 E5.96198
G1 X122.124 Y73.161 E6.17694
G1 X122.124 Y73.659 E6.20022
G1 X118.876 Y70.411 E6.41518
G1 X118.876 Y70.909 E6.43847
G1 X122.124 Y74.156 E6.65343
G1 X122.124 Y74.654 E6.67671
G1 X118.876 Y71.406 E6.89167
G1 X118.876 Y71.904 E6.91496
G1 X122.124 Y75.151 E7.12992
G1 X122.124 Y75.649 E7.15320
G1 X118.876 Y72.401 E7.36816
G1 X118.876 Y72.899 E7.39144
G1 X122.124 Y76.146 E7.60640
G1 X122.124 Y76.644 E7.62969
G1 X118.876 Y73.396 E7.84465
G1 X118.876 Y73.894 E7.86793
G1 X122.124 Y77.141 E8.08289
G1 X122.124 Y77.639 E8.10618
G1 X118.876 Y74.391 E8.32114
G1 X118.876 Y74.889 E8.34442
G1 X122.124 Y78.136 E8.55938
G1 X122.124 Y78.634 E8.58266
G1 X118.876 Y75.386 E8.79762
G1 X118.876 Y75.884 E8.82091
G1 X122.124 Y79.131 E9.03587
G1 X122.124 Y79.629 E9.05915
G1 X118.876 Y76.381 E9.27411
G1 X118.876 Y76.879 E9.29740
G1 X122.124 Y80.126 E9.51236
G1 X122.124 Y80.624 E9.53564
G1 X118.876 Y77.376 E9.75060
G1 X118.876 Y77.874 E9.77388
G1 X122.124 Y81.121 E9.98884
G1 X122.124 Y81.619 E10.01213
G1 X118.876 Y78.371 E10.22709
G1 X118.876 Y78.869 E10.25037
G1 X122.124 Y82.116 E10.46533
G1 X122.124 Y82.614 E10.48861
G1 X118.876 Y79.366 E10.70358
G1 X118.876 Y79.864 E10.72686
G1 X122.124 Y83.111 E10.94182
G1 X122.124 Y83.609 E10.96510
G1 X118.876 Y80.361 E11.18006
G1 X118.876 Y80.859 E11.20335
G1 X122.124 Y84.106 E11.41831
G1 X122.124 Y84.604 E11.44159
G1 X118.876 Y81.356 E11.65655
G1 X118.876 Y81.854 E11.67983
G1 X122.124 Y85.101 E11.89479
G1 X122.124 Y85.599 E11.91808
G1 X118.876 Y82.351 E12.13304
G1 X118.876 Y82.849 E12.15632
G1 X122.124 Y86.096 E12.37128
G1 X122.124 Y86.594 E12.39457
G1 X118.876 Y83.346 E12.60953
G1 X118.876 Y83.844 E12.63281
G1 X122.124 Y87.091 E12.84777
G1 X122.124 Y87.589 E12.87105
G1 X118.876 Y84.341 E13.08601
G1 X118.876 Y84.839 E13.10930
G1 X122.124 Y88.086 E13.32426
G1 X122.124 Y88.584 E13.34754
G1 X118.876 Y85.336 E13.56250
G1 X118.876 Y85.834 E13.58579
G1 X122.124 Y89.081 E13.80075
G1 X122.124 Y89.579 E13.82403
G1 X118.876 Y86.331 E14.03899
G1 X118.876 Y86.829 E14.06227
G1 X122.124 Y90.076 E14.27723
G1 X122.124 Y90.574 E14.30052
G1 X118.876 Y87.326 E14.51548
G1 X118.876 Y87.824 E14.53876
G1 X122.124 Y91.071 E14.75372
G1 X122.124 Y91.569 E14.77701
G1 X118.876 Y88.321 E14.99197
G1 X118.876 Y88.819 E15.01525
G1 X122.124 Y92.066 E15.23021
G1 X122.124 Y92.564 E15.25349
G1 X118.876 Y89.316 E15.46845
G1 X118.876 Y89.814 E15.49174
G1 X122.124 Y93.061 E15.70670
G1 X122.124 Y93.559 E15.72998
G1 X118.876 Y90.311 E15.94494
G1 X118.876 Y90.809 E15.96823
G1 X122.124 Y94.056 E16.18319
G1 X122.124 Y94.554 E16.20647
G1 X118.876 Y91.306 E16.42143
G1 X118.876 Y91.804 E16.44471
G1 X122.124 Y95.051 E16.65967
G1 X122.124 Y95.549 E16.68296
G1 X118.876 Y92.301 E16.89792
G1 X118.876 Y92.799 E16.92120
G1 X122.124 Y96.046 E17.13616
G1 X122.124 Y96.544 E17.15945
G1 X118.876 Y93.296 E17.37441
G1 X118.876 Y93.794 E17.39769
G1 X122.124 Y97.041 E17.61265
G1 X122.124 Y97.539 E17.63593
G1 X118.876 Y94.291 E17.85089
G1 X118.876 Y94.789 E17.87418
G1 X122.124 Y98.036 E18.08914
G1 X122.124 Y98.534 E18.11242
G1 X118.876 Y95.286 E18.32738
G1 X118.876 Y95.784 E18.35067
G1 X122.124 Y99.031 E18.56563
G1 X122.124 Y99.529 E18.58891
G1 X118.876 Y96.281 E18.80387
G1 X118.876 Y96.779 E18.82715
G1 X122.124 Y100.026 E19.04211
G1 X122.124 Y100.524 E19.06540
G1 X118.876 Y97.276 E19.28036
G1 X118.876 Y97.774 E19.30364
G1 X122.124 Y101.021 E19.51860
G1 X122.124 Y101.519 E19.54189
G1 X118.876 Y98.271 E19.75685
G1 X118.876 Y98.769 E19.78013
G1 X122.124 Y102.016 E19.99509
G1 X122.124 Y102.514 E20.01837
G1 X118.876 Y99.266 E20.23333
G1 X118.876 Y99.764 E20.25662
G1 X122.124 Y103.011 E20.47158
G1 X122.124 Y103.509 E20.49486
G1 X118.876 Y100.261 E20.70982
G1 X118.876 Y100.759 E20.73311
G1 X122.124 Y104.006 E20.94807
G1 X122.124 Y104.504 E20.97135
G1 X118.876 Y101.256 E21.18631
G1 X118.876 Y101.754 E21.20959
G1 X122.124 Y105.001 E21.42455
G1 X122.124 Y105.499 E21.44784
G1 X118.876 Y102.251 E21.66280
G1 X118.876 Y102.749 E21.68608
G1 X122.124 Y105.996 E21.90104
G1 X122.124 Y106.494 E21.92433
G1 X118.876 Y103.246 E22.13929
G1 X118.876 Y103.744 E22.16257
G1 X122.124 Y106.991 E22.37753
G1 X122.124 Y107.489 E22.40081
G1 X118.876 Y104.241 E22.61577
G1 X118.876 Y104.738 E22.63906
G1 X122.124 Y107.986 E22.85402
G1 X122.124 Y108.484 E22.87730
G1 X118.876 Y105.236 E23.09226
G1 X118.876 Y105.733 E23.11555
G1 X122.124 Y108.981 E23.33051
G1 X122.124 Y109.479 E23.35379
G1 X118.876 Y106.231 E23.56875
G1 X118.876 Y106.728 E23.59203
G1 X122.124 Y109.990 E23.80746
G1 X121.709 Y110.059 E23.82713
G1 X118.876 Y107.226 E24.01464
G1 X118.876 Y107.723 E24.03793
G1 X120.999 Y109.847 E24.17845
G1 X120.265 Y109.609 E24.21458
G1 X118.876 Y108.221 E24.30647
G1 X118.876 Y108.718 E24.32975
G1 X119.775 Y109.618 E24.38926
G1 E22.38926 F2400.000
G92 E0
G1 X129.904 Y110.185 F7800.000
G1 E2.00000 F2400.000
;TYPE:External perimeter
;WIDTH:0.42
G1 F1200.000
G1 X128.198 Y112.109 E2.12017
G1 X128.198 Y114.997 E2.25517
G1 X129.904 Y116.921 E2.37534
G1 X132.090 Y116.215 E2.48273
G1 X132.090 Y123.750 E2.83489
G1 X127.510 Y123.750 E3.04897
G1 X127.510 Y118.130 E3.31164
G1 X126.910 Y118.130 E3.33968
G1 X126.910 Y66.870 E5.73562
G1 X127.510 Y66.870 E5.76367
G1 X127.510 Y61.250 E6.02634
G1 X132.090 Y61.250 E6.24041
G1 X132.090 Y110.891 E8.56066
G1 X129.961 Y110.204 E8.66524
G1 X129.504 Y110.195 F7800.000
G1 X129.793 Y109.780
;TYPE:Perimeter
G1 F1200.000
G1 X127.847 Y111.976 E8.80238
G1 X127.847 Y115.131 E8.94984
G1 X129.793 Y117.326 E9.08698
G1 X131.739 Y116.698 E9.18253
G1 X131.739 Y123.398 E9.49572
G1 X127.861 Y123.398 E9.67695
G1 X127.861 Y117.779 E9.93962
G1 X127.261 Y117.779 E9.96767
G1 X127.261 Y67.221 E12.33077
G1 X127.861 Y67.221 E12.35881
G1 X127.861 Y61.602 E12.62148
G1 X131.739 Y61.602 E12.80271
G1 X131.739 Y110.408 E15.08399
G1 X129.850 Y109.799 E15.17674
G1 E13.17674 F2400.000
G92 E0
G1 X127.613 Y115.396 F7800.000
G1 E2.00000 F2400.000
G1 F1200.000
G1 X129.683 Y117.731 E2.14583
G1 X131.387 Y117.180 E2.22956
G1 X131.387 Y123.047 E2.50377
G1 X128.213 Y123.047 E2.65216
G1 X128.213 Y117.427 E2.91483
G1 X127.613 Y117.427 E2.94288
G1 X127.613 Y115.456 E3.03501
G1 E1.03501 F2400.000
G92 E0
G1 X127.613 Y111.710 F7800.000
G1 E2.00000 F2400.000
G1 F1200.000
G1 X127.613 Y67.573 E4.06302
G1 X128.213 Y67.573 E4.09107
G1 X128.213 Y61.953 E4.35374
G1 X131.387 Y61.953 E4.50212
G1 X131.387 Y109.926 E6.74442
G1 X129.683 Y109.376 E6.82815
G1 X127.652 Y111.665 E6.97118
G1 X127.554 Y112.041 F7800.000
;TYPE:Gap fill
;WIDTH:0.302693
G1 F1200.000
G1 X127.554 Y115.065 E7.06534
G1 E5.06534 F2400.000
G92 E0
G1 X130.736 Y117.501 F7800.000
G1 E2.00000 F2400.000
;TYPE:Solid infill
;WIDTH:0.428768
G1 F1200.000
G1 X131.124 Y117.889 E2.02628
G1 X131.124 Y118.399 E2.05068
G1 X130.477 Y117.751 E2.09453
G1 X130.092 Y117.876 E2.11391
G1 X131.124 Y118.908 E2.18385
G1 X131.124 Y119.417 E2.20825
G1 X127.876 Y116.169 E2.42829
G1 X127.876 Y116.679 E2.45268
G1 X131.124 Y119.926 E2.67272
G1 X131.124 Y120.436 E2.69712
G1 X128.476 Y117.788 E2.87650
G1 X128.476 Y118.297 E2.90090
G1 X131.124 Y120.945 E3.08029
G1 X131.124 Y121.454 E3.10469
G1 X128.476 Y118.806 E3.28407
G1 X128.476 Y119.316 E3.30847
G1 X131.124 Y121.963 E3.48786
G1 X131.124 Y122.473 E3.51225
G1 X128.476 Y119.825 E3.69164
G1 X128.476 Y120.334 E3.71604
G1 X130.926 Y122.784 E3.88199
G1 X130.416 Y122.784 E3.90639
G1 X128.476 Y120.843 E4.03784
G1 X128.476 Y121.353 E4.06224
G1 X129.907 Y122.784 E4.15919
G1 X129.398 Y122.784 E4.18359
G1 X128.476 Y121.862 E4.24604
G1 X128.476 Y122.371 E4.27044
G1 X129.047 Y122.942 E4.30909
G1 E2.30909 F2400.000
G92 E0
G1 X130.567 Y62.058 F7800.000
G1 E2.00000 F2400.000
;WIDTH:0.422473
G1 F1200.000
G1 X131.124 Y62.616 E2.03710
G1 X131.124 Y63.116 E2.06065
G1 X130.224 Y62.216 E2.12054
G1 X129.724 Y62.216 E2.14409
G1 X131.124 Y63.616 E2.23728
G1 X131.124 Y64.117 E2.26083
G1 X129.224 Y62.216 E2.38733
G1 X128.723 Y62.216 E2.41088
G1 X131.124 Y64.617 E2.57068
G1 X131.124 Y65.117 E2.59424
G1 X128.476 Y62.470 E2.77049
G1 X128.476 Y62.970 E2.79404
G1 X131.124 Y65.618 E2.97029
G1 X131.124 Y66.118 E2.99384
G1 X128.476 Y63.470 E3.17009
G1 X128.476 Y63.971 E3.19364
G1 X131.124 Y66.618 E3.36990
G1 X131.124 Y67.119 E3.39345
G1 X128.476 Y64.471 E3.56970
G1 X128.476 Y64.971 E3.59325
G1 X131.124 Y67.619 E3.76950
G1 X131.124 Y68.119 E3.79305
G1 X128.476 Y65.472 E3.96930
G1 X128.476 Y65.972 E3.99285
G1 X131.124 Y68.620 E4.16911
G1 X131.124 Y69.120 E4.19266
G1 X128.476 Y66.472 E4.36891
G1 X128.476 Y66.973 E4.39246
G1 X131.124 Y69.620 E4.56871
G1 X131.124 Y70.121 E4.59226
G1 X128.476 Y67.473 E4.76851
G1 X128.476 Y67.836 E4.78560
G1 X128.339 Y67.836 E4.79207
G1 X131.124 Y70.621 E4.97746
G1 X131.124 Y71.122 E5.00101
G1 X127.876 Y67.874 E5.21721
G1 X127.876 Y68.374 E5.24076
G1 X131.124 Y71.622 E5.45695
G1 X131.124 Y72.122 E5.48050
G1 X127.876 Y68.874 E5.69669
G1 X127.876 Y69.375 E5.72024
G1 X131.124 Y72.623 E5.93643
G1 X131.124 Y73.123 E5.95999
G1 X127.876 Y69.875 E6.17618
G1 X127.876 Y70.376 E6.19973
G1 X131.124 Y73.623 E6.41592
G1 X131.124 Y74.124 E6.43947
G1 X127.876 Y70.876 E6.65566
G1 X127.876 Y71.376 E6.67921
G1 X131.124 Y74.624 E6.89540
G1 X131.124 Y75.124 E6.91896
G1 X127.876 Y71.877 E7.13515
G1 X127.876 Y72.377 E7.15870
G1 X131.124 Y75.625 E7.37489
G1 X131.124 Y76.125 E7.39844
G1 X127.876 Y72.877 E7.61463
G1 X127.876 Y73.378 E7.63818
G1 X131.124 Y76.625 E7.85437
G1 X131.124 Y77.126 E7.87793
G1 X127.876 Y73.878 E8.09412
G1 X127.876 Y74.378 E8.11767
G1 X131.124 Y77.626 E8.33386
G1 X131.124 Y78.126 E8.35741
G1 X127.876 Y74.879 E8.57360
G1 X127.876 Y75.379 E8.59715
G1 X131.124 Y78.627 E8.81334
G1 X131.124 Y79.127 E8.83690
G1 X127.876 Y75.879 E9.05309
G1 X127.876 Y76.380 E9.07664
G1 X131.124 Y79.627 E9.29283
G1 X131.124 Y80.128 E9.31638
G1 X127.876 Y76.880 E9.53257
G1 X127.876 Y77.380 E9.55612
G1 X131.124 Y80.628 E9.77231
G1 X131.124 Y81.129 E9.79587
G1 X127.876 Y77.881 E10.01206
G1 X127.876 Y78.381 E10.03561
G1 X131.124 Y81.629 E10.25180
G1 X131.124 Y82.129 E10.27535
G1 X127.876 Y78.881 E10.49154
G1 X127.876 Y79.382 E10.51509
G1 X131.124 Y82.630 E10.73128
G1 X131.124 Y83.130 E10.75483
G1 X127.876 Y79.882 E10.97103
G1 X127.876 Y80.383 E10.99458
G1 X131.124 Y83.630 E11.21077
G1 X131.124 Y84.131 E11.23432
G1 X127.876 Y80.883 E11.45051
G1 X127.876 Y81.383 E11.47406
G1 X131.124 Y84.631 E11.69025
G1 X131.124 Y85.131 E11.71380
G1 X127.876 Y81.884 E11.92999
G1 X127.876 Y82.384 E11.95355
G1 X131.124 Y85.632 E12.16974
G1 X131.124 Y86.132 E12.19329
G1 X127.876 Y82.884 E12.40948
G1 X127.876 Y83.385 E12.43303
G1 X131.124 Y86.632 E12.64922
G1 X131.124 Y87.133 E12.67277
G1 X127.876 Y83.885 E12.88896
G1 X127.876 Y84.385 E12.91251
G1 X131.124 Y87.633 E13.12871
G1 X131.124 Y88.133 E13.15226
G1 X127.876 Y84.886 E13.36845
G1 X127.876 Y85.386 E13.39200
G1 X131.124 Y88.634 E13.60819
G1 X131.124 Y89.134 E13.63174
G1 X127.876 Y85.886 E13.84793
G1 X127.876 Y86.387 E13.87148
G1 X131.124 Y89.634 E14.08767
G1 X131.124 Y90.135 E14.11122
G1 X127.876 Y86.887 E14.32742
G1 X127.876 Y87.387 E14.35097
G1 X131.124 Y90.635 E14.56716
G1 X131.124 Y91.135 E14.59071
G1 X127.876 Y87.888 E14.80690
G1 X127.876 Y88.388 E14.83045
G1 X131.124 Y91.636 E15.04664
G1 X131.124 Y92.136 E15.07019
G1 X127.876 Y88.888 E15.28638
G1 X127.876 Y89.389 E15.30993
G1 X131.124 Y92.637 E15.52613
G1 X131.124 Y93.137 E15.54968
G1 X127.876 Y89.889 E15.76587
G1 X127.876 Y90.389 E15.78942
G1 X131.124 Y93.637 E16.00561
G1 X131.124 Y94.138 E16.02916
G1 X127.876 Y90.890 E16.24535
G1 X127.876 Y91.390 E16.26890
G1 X131.124 Y94.638 E16.48509
G1 X131.124 Y95.138 E16.50864
G1 X127.876 Y91.891 E16.72483
G1 X127.876 Y92.391 E16.74839
G1 X131.124 Y95.639 E16.96458
G1 X131.124 Y96.139 E16.98813
G1 X127.876 Y92.891 E17.20432
G1 X127.876 Y93.392 E17.22787
G1 X131.124 Y96.639 E17.44406
G1 X131.124 Y97.140 E17.46761
G1 X127.876 Y93.892 E17.68380
G1 X127.876 Y94.392 E17.70735
G1 X131.124 Y97.640 E17.92354
G1 X131.124 Y98.140 E17.94709
G1 X127.876 Y94.893 E18.16328
G1 X127.876 Y95.393 E18.18684
G1 X131.124 Y98.641 E18.40303
G1 X131.124 Y99.141 E18.42658
G1 X127.876 Y95.893 E18.64277
G1 X127.876 Y96.394 E18.66632
G1 X131.124 Y99.641 E18.88251
G1 X131.124 Y100.142 E18.90606
G1 X127.876 Y96.894 E19.12225
G1 X127.876 Y97.394 E19.14580
G1 X131.124 Y100.642 E19.36199
G1 X131.124 Y101.142 E19.38554
G1 X127.876 Y97.895 E19.60173
G1 X127.876 Y98.395 E19.62529
G1 X131.124 Y101.643 E19.84148
G1 X131.124 Y102.143 E19.86503
G1 X127.876 Y98.895 E20.08122
G1 X127.876 Y99.396 E20.10477
G1 X131.124 Y102.643 E20.32096
G1 X131.124 Y103.144 E20.34451
G1 X127.876 Y99.896 E20.56070
G1 X127.876 Y100.396 E20.58425
G1 X131.124 Y103.644 E20.80044
G1 X131.124 Y104.145 E20.82399
G1 X127.876 Y100.897 E21.04018
G1 X127.876 Y101.397 E21.06373
G1 X131.124 Y104.645 E21.27992
G1 X131.124 Y105.145 E21.30348
G1 X127.876 Y101.898 E21.51967
G1 X127.876 Y102.398 E21.54322
G1 X131.124 Y105.646 E21.75941
G1 X131.124 Y106.146 E21.78296
G1 X127.876 Y102.898 E21.99915
G1 X127.876 Y103.399 E22.02270
G1 X131.124 Y106.646 E22.23889
G1 X131.124 Y107.147 E22.26244
G1 X127.876 Y103.899 E22.47863
G1 X127.876 Y104.399 E22.50218
G1 X131.124 Y107.647 E22.71837
G1 X131.124 Y108.147 E22.74192
G1 X127.876 Y104.900 E22.95811
G1 X127.876 Y105.400 E22.98167
G1 X131.124 Y108.648 E23.19786
G1 X131.124 Y109.148 E23.22141
G1 X127.876 Y105.900 E23.43760
G1 X127.876 Y106.401 E23.46115
G1 X130.999 Y109.524 E23.66904
G1 X130.260 Y109.285 E23.70559
G1 X127.876 Y106.901 E23.86430
G1 X127.876 Y107.401 E23.88785
G1 X129.575 Y109.100 E24.00092
G1 X129.340 Y109.365 E24.01761
G1 X127.876 Y107.902 E24.11503
G1 X127.876 Y108.402 E24.13858
G1 X129.104 Y109.630 E24.22034
G1 X128.869 Y109.896 E24.23703
G1 X127.876 Y108.902 E24.30314
G1 X127.876 Y109.403 E24.32669
G1 X128.634 Y110.161 E24.37715
G1 X128.399 Y110.426 E24.39384
G1 X127.876 Y109.903 E24.42864
G1 X127.876 Y110.403 E24.45219
G1 X128.164 Y110.691 E24.47135
G1 X127.929 Y110.956 E24.48803
G1 X127.718 Y110.746 E24.50206
M106 S252.45
;LAYER_CHANGE
;Z:0.56
;HEIGHT:0.24
G1 Z0.560 F7800.000
G1 E22.50206 F2400.000
G92 E0
G1 X123.434 Y120.356 F7800.000
G1 E2.00000 F2400.000
;TYPE:Support material
;WIDTH:0.35
G1 F2801
G1 X126.438 Y120.356 E2.08947
G1 X126.438 Y119.812 E2.10567
G1 X126.352 Y119.812 E2.10822
G1 X126.007 Y119.565 E2.12088
G1 X125.866 Y119.153 E2.13384
G1 X125.838 Y119.124 E2.13504
G1 X125.838 Y117.571 E2.18132
G1 X124.162 Y117.571 E2.23123
G1 X124.162 Y114.785 E2.31420
G1 X125.838 Y114.785 E2.36410
G1 X125.838 Y111.999 E2.44707
G1 X124.162 Y111.999 E2.49697
G1 X124.162 Y109.214 E2.57994
G1 X125.838 Y109.214 E2.62985
G1 X125.838 Y106.428 E2.71281
G1 X124.162 Y106.428 E2.76272
G1 X124.162 Y103.642 E2.84569
G1 X125.838 Y103.642 E2.89559
G1 X125.838 Y100.857 E2.97856
G1 X124.162 Y100.857 E3.02846
G1 X124.162 Y98.071 E3.11143
G1 X125.838 Y98.071 E3.16134
G1 X125.838 Y95.286 E3.24430
G1 X124.162 Y95.286 E3.29421
G1 X124.162 Y92.500 E3.37718
G1 X125.838 Y92.500 E3.42708
G1 X125.838 Y89.714 E3.51005
G1 X124.162 Y89.714 E3.55995
G1 X124.162 Y86.929 E3.64292
G1 X125.838 Y86.929 E3.69283
G1 X125.838 Y84.143 E3.77579
G1 X124.162 Y84.143 E3.82570
G1 X124.162 Y81.358 E3.90867
G1 X125.838 Y81.358 E3.95857
G1 X125.838 Y78.572 E4.04154
G1 X124.162 Y78.572 E4.09145
G1 X124.162 Y75.786 E4.17441
G1 X125.838 Y75.786 E4.22432
G1 X125.838 Y73.001 E4.30728
G1 X124.162 Y73.001 E4.35719
G1 X124.162 Y70.215 E4.44016
G1 X125.838 Y70.215 E4.49006
G1 X125.838 Y67.429 E4.57303
G1 X124.162 Y67.429 E4.62294
G1 X124.162 Y65.888 E4.66885
G1 X124.076 Y65.661 E4.67608
G1 X123.760 Y65.304 E4.69028
G1 X123.562 Y65.215 E4.69673
G1 X123.562 Y64.644 E4.71375
G1 X126.566 Y64.644 E4.80323
G1 X126.700 Y65.450 F7800.000
G1 F2801
G1 X126.700 Y61.890 E4.90925
G1 X123.300 Y61.890 E5.01051
G1 X123.300 Y65.450 E5.11653
G1 X123.444 Y65.450 E5.12083
G1 X123.601 Y65.520 E5.12594
G1 X123.848 Y65.799 E5.13703
G1 X123.900 Y65.936 E5.14140
G1 X123.900 Y119.064 E6.72377
G1 X123.848 Y119.201 E6.72814
G1 X123.601 Y119.480 E6.73922
G1 X123.444 Y119.550 E6.74434
G1 X123.300 Y119.550 E6.74864
G1 X123.300 Y123.110 E6.85465
G1 X126.700 Y123.110 E6.95592
G1 X126.700 Y119.550 E7.06194
G1 X126.437 Y119.550 E7.06978
G1 X126.228 Y119.401 E7.07743
G1 X126.100 Y119.016 E7.08951
G1 X126.100 Y65.984 E8.66900
G1 X126.228 Y65.599 E8.68108
G1 X126.437 Y65.450 E8.68873
G1 X126.700 Y65.450 E8.69658
M106 S89.25
;LAYER_CHANGE
;Z:0.62
;HEIGHT:0.06
G1 Z0.620 F7800.000
G1 E6.69658 F2400.000
G92 E0
G1 X129.719 Y109.200 F7800.000
G1 E2.00000 F2400.000
;TYPE:Perimeter
;WIDTH:0.45
;HEIGHT:0.3
G1 F3600.000
G1 X127.496 Y111.707 E2.16116
G1 X127.496 Y67.146 E4.30437
G1 X128.096 Y67.146 E4.33323
G1 X128.096 Y62.146 E4.57370
G1 X131.504 Y62.146 E4.73759
G1 X131.504 Y109.776 E7.02840
G1 X129.776 Y109.218 E7.11571
G1 E5.11571 F2400.000
G92 E0
G1 X127.496 Y114.780 F7800.000
G1 E2.00000 F2400.000
G1 F900.000
G1 X129.719 Y117.287 E2.16116
G1 X131.504 Y116.711 E2.25135
G1 X131.504 Y122.854 E2.54680
G1 X128.096 Y122.854 E2.71069
G1 X128.096 Y117.854 E2.95117
G1 X127.496 Y117.854 E2.98003
G1 X127.496 Y114.840 E3.12500
G1 E1.12500 F2400.000
G92 E0
G1 X129.841 Y109.644 F7800.000
G1 E2.00000 F2400.000
G1 F3600.000
G1 X127.997 Y111.723 E2.13362
G1 X127.997 Y114.764 E2.27987
G1 X129.841 Y116.842 E2.41349
G1 X131.889 Y116.181 E2.51704
G1 X131.889 Y123.239 E2.85652
G1 X127.711 Y123.239 E3.05750
G1 X127.711 Y118.239 E3.29797
G1 X127.111 Y118.239 E3.32683
G1 X127.111 Y66.761 E5.80279
G1 X127.711 Y66.761 E5.83165
G1 X127.711 Y61.761 E6.07212
G1 X131.889 Y61.761 E6.27310
G1 X131.889 Y110.306 E8.60794
G1 X129.898 Y109.663 E8.70860
G1 X129.888 Y110.172 F7800.000
;TYPE:External perimeter
G1 F1800.000
G1 X128.383 Y111.869 E8.81772
G1 X128.383 Y114.617 E8.94989
G1 X129.962 Y116.398 E9.06436
G1 X131.986 Y115.745 E9.16665
G1 X132.039 Y115.590 E9.17453
G1 X132.275 Y115.590 E9.18589
G1 X132.275 Y123.625 E9.57236
G1 X127.325 Y123.625 E9.81044
G1 X127.325 Y118.625 E10.05091
G1 X126.725 Y118.625 E10.07977
G1 X126.725 Y66.375 E12.59283
G1 X127.325 Y66.375 E12.62168
G1 X127.325 Y61.375 E12.86215
G1 X132.275 Y61.375 E13.10023
G1 X132.275 Y110.897 E15.48205
G1 X132.039 Y110.897 E15.49342
G1 X131.986 Y110.742 E15.50130
G1 X129.962 Y110.089 E15.60359
G1 X129.928 Y110.127 E15.60605
G1 X129.552 Y109.955 F7800.000
G1 X130.799 Y109.427
;TYPE:Solid infill
;WIDTH:0.453407
G1 F1200.000
G1 X131.215 Y109.011 E15.63458
G1 X131.215 Y108.461 E15.66127
G1 X130.521 Y109.155 E15.70888
G1 X130.105 Y109.020 E15.73009
G1 X131.215 Y107.911 E15.80624
G1 X131.215 Y107.360 E15.83294
G1 X127.785 Y110.790 E16.06824
G1 X127.785 Y110.239 E16.09494
G1 X131.215 Y106.810 E16.33024
G1 X131.215 Y106.260 E16.35694
G1 X127.785 Y109.689 E16.59224
G1 X127.785 Y109.139 E16.61893
G1 X131.215 Y105.710 E16.85424
G1 X131.215 Y105.160 E16.88093
G1 X127.785 Y108.589 E17.11624
G1 X127.785 Y108.039 E17.14293
G1 X131.215 Y104.610 E17.37824
G1 X131.215 Y104.059 E17.40493
G1 X127.785 Y107.489 E17.64024
G1 X127.785 Y106.938 E17.66693
G1 X131.215 Y103.509 E17.90224
G1 X131.215 Y102.959 E17.92893
G1 X127.785 Y106.388 E18.16424
G1 X127.785 Y105.838 E18.19093
G1 X131.215 Y102.409 E18.42624
G1 X131.215 Y101.859 E18.45293
G1 X127.785 Y105.288 E18.68824
G1 X127.785 Y104.738 E18.71493
G1 X131.215 Y101.309 E18.95024
G1 X131.215 Y100.758 E18.97693
G1 X127.785 Y104.188 E19.21224
G1 X127.785 Y103.637 E19.23893
G1 X131.215 Y100.208 E19.47424
G1 X131.215 Y99.658 E19.50093
G1 X127.785 Y103.087 E19.73624
G1 X127.785 Y102.537 E19.76293
G1 X131.215 Y99.108 E19.99824
G1 X131.215 Y98.558 E20.02493
G1 X127.785 Y101.987 E20.26024
G1 X127.785 Y101.437 E20.28693
G1 X131.215 Y98.008 E20.52223
G1 X131.215 Y97.457 E20.54893
G1 X127.785 Y100.887 E20.78423
G1 X127.785 Y100.336 E20.81093
G1 X131.215 Y96.907 E21.04623
G1 X131.215 Y96.357 E21.07293
G1 X127.785 Y99.786 E21.30823
G1 X127.785 Y99.236 E21.33493
G1 X131.215 Y95.807 E21.57023
G1 X131.215 Y95.257 E21.59693
G1 X127.785 Y98.686 E21.83223
G1 X127.785 Y98.136 E21.85893
G1 X131.215 Y94.707 E22.09423
G1 X131.215 Y94.156 E22.12093
G1 X127.785 Y97.586 E22.35623
G1 X127.785 Y97.035 E22.38293
G1 X131.215 Y93.606 E22.61823
G1 X131.215 Y93.056 E22.64493
G1 X127.785 Y96.485 E22.88023
G1 X127.785 Y95.935 E22.90693
G1 X131.215 Y92.506 E23.14223
G1 X131.215 Y91.956 E23.16893
G1 X127.785 Y95.385 E23.40423
G1 X127.785 Y94.835 E23.43093
G1 X131.215 Y91.406 E23.66623
G1 X131.215 Y90.855 E23.69293
G1 X127.785 Y94.285 E23.92823
G1 X127.785 Y93.734 E23.95493
G1 X131.215 Y90.305 E24.19023
G1 X131.215 Y89.755 E24.21693
G1 X127.785 Y93.184 E24.45223
G1 X127.785 Y92.634 E24.47893
G1 X131.215 Y89.205 E24.71423
G1 X131.215 Y88.655 E24.74093
G1 X127.785 Y92.084 E24.97623
G1 X127.785 Y91.534 E25.00293
G1 X131.215 Y88.105 E25.23824
G1 X131.215 Y87.554 E25.26493
G1 X127.785 Y90.984 E25.50024
G1 X127.785 Y90.433 E25.52693
G1 X131.215 Y87.004 E25.76224
G1 X131.215 Y86.454 E25.78893
G1 X127.785 Y89.883 E26.02424
G1 X127.785 Y89.333 E26.05093
G1 X131.215 Y85.904 E26.28624
G1 X131.215 Y85.354 E26.31293
G1 X127.785 Y88.783 E26.54824
G1 X127.785 Y88.233 E26.57493
G1 X131.215 Y84.804 E26.81024
G1 X131.215 Y84.253 E26.83693
G1 X127.785 Y87.683 E27.07224
G1 X127.785 Y87.132 E27.09893
G1 X131.215 Y83.703 E27.33424
G1 X131.215 Y83.153 E27.36093
G1 X127.785 Y86.582 E27.59624
G1 X127.785 Y86.032 E27.62293
G1 X131.215 Y82.603 E27.85824
G1 X131.215 Y82.053 E27.88493
G1 X127.785 Y85.482 E28.12024
G1 X127.785 Y84.932 E28.14693
G1 X131.215 Y81.503 E28.38224
G1 X131.215 Y80.952 E28.40893
G1 X127.785 Y84.382 E28.64424
G1 X127.785 Y83.831 E28.67093
G1 X131.215 Y80.402 E28.90624
G1 X131.215 Y79.852 E28.93294
G1 X127.785 Y83.281 E29.16824
G1 X127.785 Y82.731 E29.19494
G1 X131.215 Y79.302 E29.43024
G1 X131.215 Y78.752 E29.45694
G1 X127.785 Y82.181 E29.69224
G1 X127.785 Y81.631 E29.71894
G1 X131.215 Y78.202 E29.95424
G1 X131.215 Y77.651 E29.98094
G1 X127.785 Y81.081 E30.21624
G1 X127.785 Y80.530 E30.24294
G1 X131.215 Y77.101 E30.47824
G1 X131.215 Y76.551 E30.50494
G1 X127.785 Y79.980 E30.74024
G1 X127.785 Y79.430 E30.76694
G1 X131.215 Y76.001 E31.00225
G1 X131.215 Y75.451 E31.02894
G1 X127.785 Y78.880 E31.26425
G1 X127.785 Y78.330 E31.29094
G1 X131.215 Y74.901 E31.52625
G1 X131.215 Y74.350 E31.55294
G1 X127.785 Y77.780 E31.78825
G1 X127.785 Y77.229 E31.81494
G1 X131.215 Y73.800 E32.05025
G1 X131.215 Y73.250 E32.07694
G1 X127.785 Y76.679 E32.31225
G1 X127.785 Y76.129 E32.33894
G1 X131.215 Y72.700 E32.57425
G1 X131.215 Y72.150 E32.60094
G1 X127.785 Y75.579 E32.83625
G1 X127.785 Y75.029 E32.86295
G1 X131.215 Y71.600 E33.09825
G1 X131.215 Y71.049 E33.12495
G1 X127.785 Y74.479 E33.36025
G1 X127.785 Y73.928 E33.38695
G1 X131.215 Y70.499 E33.62225
G1 X131.215 Y69.949 E33.64895
G1 X127.785 Y73.378 E33.88425
G1 X127.785 Y72.828 E33.91095
G1 X131.215 Y69.399 E34.14626
G1 X131.215 Y68.849 E34.17295
G1 X127.785 Y72.278 E34.40826
G1 X127.785 Y71.728 E34.43495
G1 X131.215 Y68.299 E34.67026
G1 X131.215 Y67.748 E34.69695
G1 X127.785 Y71.178 E34.93226
G1 X127.785 Y70.627 E34.95895
G1 X131.215 Y67.198 E35.19426
G1 X131.215 Y66.648 E35.22095
G1 X127.785 Y70.077 E35.45626
G1 X127.785 Y69.527 E35.48296
G1 X131.215 Y66.098 E35.71826
G1 X131.215 Y65.548 E35.74496
G1 X127.785 Y68.977 E35.98026
G1 X127.785 Y68.427 E36.00696
G1 X131.215 Y64.998 E36.24226
G1 X131.215 Y64.447 E36.26896
G1 X127.612 Y68.050 E36.51617
G1 X128.212 Y66.900 F7800.000
G1 F1200.000
G1 X131.215 Y63.897 E36.72221
G1 X131.215 Y63.347 E36.74891
G1 X128.385 Y66.176 E36.94304
G1 X128.385 Y65.626 E36.96974
G1 X131.215 Y62.797 E37.16387
G1 X131.215 Y62.436 E37.18141
G1 X131.026 Y62.436 E37.19057
G1 X128.385 Y65.076 E37.37175
G1 X128.385 Y64.526 E37.39844
G1 X130.476 Y62.436 E37.54187
G1 X129.925 Y62.436 E37.56856
G1 X128.385 Y63.976 E37.67424
G1 X128.385 Y63.425 E37.70093
G1 X129.375 Y62.436 E37.76885
G1 X128.825 Y62.436 E37.79555
G1 X128.212 Y63.049 E37.83762
G1 X127.554 Y111.932 F7800.000
;TYPE:Gap fill
;WIDTH:0.565525
G1 F1200.000
G1 X127.554 Y114.554 E38.00150
G1 X127.966 Y115.484 F7800.000
;TYPE:Solid infill
;WIDTH:0.452896
G1 F1200.000
G1 X127.785 Y115.665 E38.01389
G1 X127.785 Y116.214 E38.04052
G1 X128.102 Y115.898 E38.06218
G1 X128.360 Y116.189 E38.08104
G1 X127.785 Y116.764 E38.12040
G1 X127.785 Y117.313 E38.14703
G1 X128.618 Y116.481 E38.20409
G1 X128.876 Y116.772 E38.22295
G1 X128.084 Y117.565 E38.27727
G1 X128.385 Y117.565 E38.29190
G1 X128.385 Y117.812 E38.30390
G1 X129.134 Y117.063 E38.35523
G1 X129.393 Y117.354 E38.37409
G1 X128.385 Y118.362 E38.44311
G1 X128.385 Y118.911 E38.46974
G1 X129.700 Y117.597 E38.55980
G1 X130.511 Y117.335 E38.60111
G1 X128.385 Y119.460 E38.74677
G1 X128.385 Y120.010 E38.77339
G1 X131.215 Y117.181 E38.96727
G1 X131.215 Y117.730 E38.99390
G1 X128.385 Y120.559 E39.18778
G1 X128.385 Y121.109 E39.21440
G1 X131.215 Y118.280 E39.40828
G1 X131.215 Y118.829 E39.43491
G1 X128.385 Y121.658 E39.62878
G1 X128.385 Y122.208 E39.65541
G1 X131.215 Y119.379 E39.84929
G1 X131.215 Y119.928 E39.87591
G1 X128.578 Y122.564 E40.05659
G1 X129.128 Y122.564 E40.08321
G1 X131.215 Y120.477 E40.22623
G1 X131.215 Y121.027 E40.25285
G1 X129.677 Y122.564 E40.35822
G1 X130.227 Y122.564 E40.38484
G1 X131.215 Y121.576 E40.45255
G1 X131.215 Y122.126 E40.47918
G1 X130.602 Y122.738 E40.52113
G1 E38.52113 F2400.000
G92 E0
G1 X122.310 Y114.248 F7800.000
G1 E2.00000 F2400.000
;TYPE:Perimeter
;WIDTH:0.45
G1 F900.000
G1 X122.504 Y114.280 E2.00944
G1 X122.504 Y117.854 E2.18132
G1 X121.904 Y117.854 E2.21017
G1 X121.904 Y122.854 E2.45064
G1 X118.496 Y122.854 E2.61453
G1 X118.496 Y117.035 E2.89438
G1 X118.719 Y117.287 E2.91054
G1 X121.591 Y116.360 E3.05569
G1 X122.291 Y114.305 E3.16008
G1 X121.904 Y62.146 F7800.000
G1 F3600.000
G1 X121.904 Y67.146 E3.40055
G1 X122.504 Y67.146 E3.42941
G1 X122.504 Y112.206 E5.59664
G1 X122.310 Y112.238 E5.60608
G1 X121.591 Y110.127 E5.71336
G1 X118.719 Y109.200 E5.85851
G1 X118.496 Y109.451 E5.87467
G1 X118.496 Y62.146 E8.14987
G1 X121.844 Y62.146 E8.31088
G1 X122.289 Y61.761 F7800.000
G1 F3600.000
G1 X122.289 Y66.761 E8.55134
G1 X122.889 Y66.761 E8.58020
G1 X122.889 Y118.239 E11.05616
G1 X122.289 Y118.239 E11.08502
G1 X122.289 Y123.239 E11.32549
G1 X118.111 Y123.239 E11.52648
G1 X118.111 Y116.019 E11.87374
G1 X118.841 Y116.842 E11.92666
G1 X121.289 Y116.052 E12.05038
G1 X122.245 Y113.243 E12.19310
G1 X121.289 Y110.434 E12.33581
G1 X118.841 Y109.644 E12.45953
G1 X118.111 Y110.467 E12.51245
G1 X118.111 Y61.761 E14.85507
G1 X122.229 Y61.761 E15.05317
G1 X122.490 Y61.375 F7800.000
;TYPE:External perimeter
G1 F1800.000
G1 X122.675 Y61.375 E15.06207
G1 X122.675 Y66.375 E15.30253
G1 X123.275 Y66.375 E15.33139
G1 X123.275 Y118.625 E17.84445
G1 X122.675 Y118.625 E17.87331
G1 X122.675 Y123.625 E18.11378
G1 X117.725 Y123.625 E18.35185
G1 X117.725 Y115.590 E18.73832
G1 X118.245 Y115.590 E18.76334
G1 X118.962 Y116.398 E18.81530
G1 X120.986 Y115.745 E18.91760
G1 X121.838 Y113.243 E19.04469
G1 X120.986 Y110.742 E19.17178
G1 X118.962 Y110.089 E19.27407
G1 X118.245 Y110.897 E19.32603
G1 X117.725 Y110.897 E19.35105
G1 X117.725 Y61.375 E21.73288
G1 X122.430 Y61.375 E21.95917
G1 X122.647 Y61.473 F7800.000
G1 E19.95917 F2400.000
G92 E0
G1 X118.612 Y63.045 F7800.000
G1 E2.00000 F2400.000
;TYPE:Solid infill
;WIDTH:0.451779
G1 F1200.000
G1 X119.222 Y62.436 E2.04166
G1 X119.769 Y62.436 E2.06814
G1 X118.785 Y63.420 E2.13538
G1 X118.785 Y63.968 E2.16185
G1 X120.317 Y62.436 E2.26653
G1 X120.865 Y62.436 E2.29300
G1 X118.785 Y64.515 E2.43512
G1 X118.785 Y65.063 E2.46159
G1 X121.413 Y62.436 E2.64115
G1 X121.615 Y62.436 E2.65088
G1 X121.615 Y62.782 E2.66762
G1 X118.785 Y65.611 E2.86094
G1 X118.785 Y66.159 E2.88741
G1 X121.615 Y63.330 E3.08073
G1 X121.615 Y63.878 E3.10721
G1 X118.785 Y66.707 E3.30053
G1 X118.785 Y67.255 E3.32700
G1 X121.615 Y64.426 E3.52032
G1 X121.615 Y64.973 E3.54679
G1 X118.785 Y67.803 E3.74012
G1 X118.785 Y68.350 E3.76659
G1 X121.615 Y65.521 E3.95991
G1 X121.615 Y66.069 E3.98638
G1 X118.785 Y68.898 E4.17970
G1 X118.785 Y69.446 E4.20618
G1 X121.615 Y66.617 E4.39950
G1 X121.615 Y67.165 E4.42597
G1 X118.785 Y69.994 E4.61929
G1 X118.785 Y70.542 E4.64576
G1 X121.892 Y67.435 E4.85804
G1 X122.215 Y67.435 E4.87363
G1 X122.215 Y67.661 E4.88452
G1 X118.785 Y71.090 E5.11884
G1 X118.785 Y71.638 E5.14531
G1 X122.215 Y68.209 E5.37963
G1 X122.215 Y68.756 E5.40610
G1 X118.785 Y72.186 E5.64043
G1 X118.785 Y72.733 E5.66690
G1 X122.215 Y69.304 E5.90122
G1 X122.215 Y69.852 E5.92769
G1 X118.785 Y73.281 E6.16201
G1 X118.785 Y73.829 E6.18848
G1 X122.215 Y70.400 E6.42281
G1 X122.215 Y70.948 E6.44928
G1 X118.785 Y74.377 E6.68360
G1 X118.785 Y74.925 E6.71007
G1 X122.215 Y71.496 E6.94439
G1 X122.215 Y72.044 E6.97087
G1 X118.785 Y75.473 E7.20519
G1 X118.785 Y76.021 E7.23166
G1 X122.215 Y72.591 E7.46598
G1 X122.215 Y73.139 E7.49245
G1 X118.785 Y76.568 E7.72677
G1 X118.785 Y77.116 E7.75325
G1 X122.215 Y73.687 E7.98757
G1 X122.215 Y74.235 E8.01404
G1 X118.785 Y77.664 E8.24836
G1 X118.785 Y78.212 E8.27483
G1 X122.215 Y74.783 E8.50916
G1 X122.215 Y75.331 E8.53563
G1 X118.785 Y78.760 E8.76995
G1 X118.785 Y79.308 E8.79642
G1 X122.215 Y75.879 E9.03074
G1 X122.215 Y76.426 E9.05721
G1 X118.785 Y79.856 E9.29154
G1 X118.785 Y80.403 E9.31801
G1 X122.215 Y76.974 E9.55233
G1 X122.215 Y77.522 E9.57880
G1 X118.785 Y80.951 E9.81312
G1 X118.785 Y81.499 E9.83960
G1 X122.215 Y78.070 E10.07392
G1 X122.215 Y78.618 E10.10039
G1 X118.785 Y82.047 E10.33471
G1 X118.785 Y82.595 E10.36118
G1 X122.215 Y79.166 E10.59550
G1 X122.215 Y79.714 E10.62198
G1 X118.785 Y83.143 E10.85630
G1 X118.785 Y83.691 E10.88277
G1 X122.215 Y80.261 E11.11709
G1 X122.215 Y80.809 E11.14356
G1 X118.785 Y84.238 E11.37788
G1 X118.785 Y84.786 E11.40436
G1 X122.215 Y81.357 E11.63868
G1 X122.215 Y81.905 E11.66515
G1 X118.785 Y85.334 E11.89947
G1 X118.785 Y85.882 E11.92594
G1 X122.215 Y82.453 E12.16027
G1 X122.215 Y83.001 E12.18674
G1 X118.785 Y86.430 E12.42106
G1 X118.785 Y86.978 E12.44753
G1 X122.215 Y83.549 E12.68185
G1 X122.215 Y84.097 E12.70832
G1 X118.785 Y87.526 E12.94265
G1 X118.785 Y88.074 E12.96912
G1 X122.215 Y84.644 E13.20344
G1 X122.215 Y85.192 E13.22991
G1 X118.785 Y88.621 E13.46423
G1 X118.785 Y89.169 E13.49071
G1 X122.215 Y85.740 E13.72503
G1 X122.215 Y86.288 E13.75150
G1 X118.785 Y89.717 E13.98582
G1 X118.785 Y90.265 E14.01229
G1 X122.215 Y86.836 E14.24661
G1 X122.215 Y87.384 E14.27309
G1 X118.785 Y90.813 E14.50741
G1 X118.785 Y91.361 E14.53388
G1 X122.215 Y87.932 E14.76820
G1 X122.215 Y88.479 E14.79467
G1 X118.785 Y91.909 E15.02899
G1 X118.785 Y92.456 E15.05547
G1 X122.215 Y89.027 E15.28979
G1 X122.215 Y89.575 E15.31626
G1 X118.785 Y93.004 E15.55058
G1 X118.785 Y93.552 E15.57705
G1 X122.215 Y90.123 E15.81138
G1 X122.215 Y90.671 E15.83785
G1 X118.785 Y94.100 E16.07217
G1 X118.785 Y94.648 E16.09864
G1 X122.215 Y91.219 E16.33296
G1 X122.215 Y91.767 E16.35943
G1 X118.785 Y95.196 E16.59376
G1 X118.785 Y95.744 E16.62023
G1 X122.215 Y92.314 E16.85455
G1 X122.215 Y92.862 E16.88102
G1 X118.785 Y96.291 E17.11534
G1 X118.785 Y96.839 E17.14182
G1 X122.215 Y93.410 E17.37614
G1 X122.215 Y93.958 E17.40261
G1 X118.785 Y97.387 E17.63693
G1 X118.785 Y97.935 E17.66340
G1 X122.215 Y94.506 E17.89772
G1 X122.215 Y95.054 E17.92420
G1 X118.785 Y98.483 E18.15852
G1 X118.785 Y99.031 E18.18499
G1 X122.215 Y95.602 E18.41931
G1 X122.215 Y96.150 E18.44578
G1 X118.785 Y99.579 E18.68010
G1 X118.785 Y100.127 E18.70658
G1 X122.215 Y96.697 E18.94090
G1 X122.215 Y97.245 E18.96737
G1 X118.785 Y100.674 E19.20169
G1 X118.785 Y101.222 E19.22816
G1 X122.215 Y97.793 E19.46249
G1 X122.215 Y98.341 E19.48896
G1 X118.785 Y101.770 E19.72328
G1 X118.785 Y102.318 E19.74975
G1 X122.215 Y98.889 E19.98407
G1 X122.215 Y99.437 E20.01054
G1 X118.785 Y102.866 E20.24487
G1 X118.785 Y103.414 E20.27134
G1 X122.215 Y99.985 E20.50566
G1 X122.215 Y100.532 E20.53213
G1 X118.785 Y103.962 E20.76645
G1 X118.785 Y104.509 E20.79293
G1 X122.215 Y101.080 E21.02725
G1 X122.215 Y101.628 E21.05372
G1 X118.785 Y105.057 E21.28804
G1 X118.785 Y105.605 E21.31451
G1 X122.215 Y102.176 E21.54883
G1 X122.215 Y102.724 E21.57531
G1 X118.785 Y106.153 E21.80963
G1 X118.785 Y106.701 E21.83610
G1 X122.215 Y103.272 E22.07042
G1 X122.215 Y103.820 E22.09689
G1 X118.785 Y107.249 E22.33121
G1 X118.785 Y107.797 E22.35769
G1 X122.215 Y104.367 E22.59201
G1 X122.215 Y104.915 E22.61848
G1 X118.785 Y108.344 E22.85280
G1 X118.785 Y108.892 E22.87927
G1 X122.215 Y105.463 E23.11360
G1 X122.215 Y106.011 E23.14007
G1 X119.181 Y109.045 E23.34737
G1 X119.595 Y109.179 E23.36840
G1 X122.215 Y106.559 E23.54741
G1 X122.215 Y107.107 E23.57388
G1 X120.009 Y109.312 E23.72458
G1 X120.423 Y109.446 E23.74561
G1 X122.215 Y107.655 E23.86801
G1 X122.215 Y108.203 E23.89448
G1 X120.837 Y109.580 E23.98859
G1 X121.252 Y109.713 E24.00961
G1 X122.215 Y108.750 E24.07541
G1 X122.215 Y109.298 E24.10189
G1 X121.528 Y109.985 E24.14880
G1 X122.053 Y110.084 F7800.000
;TYPE:Gap fill
;WIDTH:0.459368
G1 F1200.000
G1 X122.112 Y110.439 E24.16656
;WIDTH:0.313231
G1 X122.200 Y110.973 E24.18334
;WIDTH:0.167093
G1 X122.288 Y111.506 E24.19026
G1 X122.438 Y112.412 F7800.000
;WIDTH:0.460814
G1 F1200.000
G1 X122.504 Y112.807 E24.21005
;WIDTH:0.319015
G1 X122.569 Y113.284 E24.22534
;WIDTH:0.366281
G1 X122.537 Y113.482 E24.23288
;WIDTH:0.413547
G1 X122.504 Y113.679 E24.24159
;WIDTH:0.460814
G1 X122.471 Y113.877 E24.25149
;WIDTH:0.50808
G1 X122.438 Y114.074 E24.26256
G1 X122.288 Y114.981 F7800.000
;WIDTH:0.167093
G1 F1200.000
G1 X122.259 Y115.158 E24.26487
;WIDTH:0.215806
G1 X122.229 Y115.336 E24.26827
;WIDTH:0.264518
G1 X122.200 Y115.514 E24.27277
;WIDTH:0.313231
G1 X122.171 Y115.692 E24.27837
;WIDTH:0.361943
G1 X122.141 Y115.869 E24.28505
;WIDTH:0.410656
G1 X122.112 Y116.047 E24.29284
;WIDTH:0.459368
G1 X122.082 Y116.225 E24.30171
;WIDTH:0.508081
G1 X122.053 Y116.403 E24.31169
G1 X122.388 Y117.335 F7800.000
;TYPE:Solid infill
;WIDTH:0.467108
G1 F1200.000
G1 X121.985 Y117.738 E24.34031
G1 X119.824 Y117.052 F7800.000
G1 F1200.000
G1 X118.785 Y118.090 E24.41409
G1 X118.785 Y118.660 E24.44270
G1 X120.396 Y117.049 E24.55711
G1 X121.237 Y116.778 E24.60150
G1 X118.785 Y119.229 E24.77564
G1 X118.785 Y119.799 E24.80425
G1 X121.912 Y116.672 E25.02634
G1 X122.215 Y116.723 E25.04175
G1 X122.215 Y116.939 E25.05264
G1 X118.785 Y120.368 E25.29623
G1 X118.785 Y120.938 E25.32484
G1 X121.615 Y118.109 E25.52581
G1 X121.615 Y118.678 E25.55442
G1 X118.785 Y121.507 E25.75539
G1 X118.785 Y122.077 E25.78400
G1 X121.615 Y119.248 E25.98497
G1 X121.615 Y119.817 E26.01358
G1 X118.868 Y122.564 E26.20871
G1 X119.437 Y122.564 E26.23732
G1 X121.615 Y120.387 E26.39199
G1 X121.615 Y120.957 E26.42060
G1 X120.007 Y122.564 E26.53482
G1 X120.576 Y122.564 E26.56343
G1 X121.615 Y121.526 E26.63718
G1 X121.615 Y122.096 E26.66579
G1 X120.972 Y122.738 E26.71142
M106 S252.45
;LAYER_CHANGE
;Z:0.8
;HEIGHT:0.18
G1 Z0.800 F7800.000
G1 E24.71142 F2400.000
G92 E0
G1 X123.434 Y120.356 F7800.000
G1 E2.00000 F2400.000
;TYPE:Support material
;WIDTH:0.35
;HEIGHT:0.24
G1 F2761
G1 X126.438 Y120.356 E2.08947
G1 X126.438 Y120.027 E2.09927
G1 X126.211 Y119.865 E2.10758
G1 X126.142 Y119.662 E2.11398
G1 X126.007 Y119.565 E2.11893
G1 X125.866 Y119.153 E2.13188
G1 X125.838 Y119.124 E2.13309
G1 X125.838 Y117.571 E2.17937
G1 X124.162 Y117.571 E2.22927
G1 X124.162 Y114.785 E2.31224
G1 X125.838 Y114.785 E2.36215
G1 X125.838 Y111.999 E2.44511
G1 X124.162 Y111.999 E2.49502
G1 X124.162 Y109.214 E2.57799
G1 X125.838 Y109.214 E2.62789
G1 X125.838 Y106.428 E2.71086
G1 X124.162 Y106.428 E2.76076
G1 X124.162 Y103.642 E2.84373
G1 X125.838 Y103.642 E2.89364
G1 X125.838 Y100.857 E2.97660
G1 X124.162 Y100.857 E3.02651
G1 X124.162 Y98.071 E3.10948
G1 X125.838 Y98.071 E3.15938
G1 X125.838 Y95.286 E3.24235
G1 X124.162 Y95.286 E3.29225
G1 X124.162 Y92.500 E3.37522
G1 X125.838 Y92.500 E3.42513
G1 X125.838 Y89.714 E3.50809
G1 X124.162 Y89.714 E3.55800
G1 X124.162 Y86.929 E3.64097
G1 X125.838 Y86.929 E3.69087
G1 X125.838 Y84.143 E3.77384
G1 X124.162 Y84.143 E3.82375
G1 X124.162 Y81.358 E3.90671
G1 X125.838 Y81.358 E3.95662
G1 X125.838 Y78.572 E4.03958
G1 X124.162 Y78.572 E4.08949
G1 X124.162 Y75.786 E4.17246
G1 X125.838 Y75.786 E4.22236
G1 X125.838 Y73.001 E4.30533
G1 X124.162 Y73.001 E4.35524
G1 X124.162 Y70.215 E4.43820
G1 X125.838 Y70.215 E4.48811
G1 X125.838 Y67.429 E4.57108
G1 X124.162 Y67.429 E4.62098
G1 X124.162 Y65.888 E4.66689
G1 X124.076 Y65.661 E4.67413
G1 X123.770 Y65.316 E4.68786
G1 X123.770 Y65.276 E4.68906
G1 X123.562 Y65.068 E4.69782
G1 X123.562 Y64.644 E4.71044
G1 X126.566 Y64.644 E4.79992
G1 X126.700 Y65.150 F7800.000
G1 F2761
G1 X126.700 Y61.890 E4.89700
G1 X123.300 Y61.890 E4.99826
G1 X123.300 Y65.176 E5.09613
G1 X123.508 Y65.384 E5.10489
G1 X123.508 Y65.478 E5.10770
G1 X123.601 Y65.520 E5.11074
G1 X123.848 Y65.799 E5.12182
G1 X123.900 Y65.936 E5.12619
G1 X123.900 Y119.064 E6.70856
G1 X123.848 Y119.201 E6.71293
G1 X123.601 Y119.480 E6.72402
G1 X123.508 Y119.522 E6.72705
G1 X123.508 Y119.616 E6.72986
G1 X123.300 Y119.824 E6.73862
G1 X123.300 Y123.110 E6.83649
G1 X126.700 Y123.110 E6.93775
G1 X126.700 Y119.850 E7.03483
G1 X126.641 Y119.850 E7.03659
G1 X126.432 Y119.701 E7.04424
G1 X126.363 Y119.497 E7.05064
G1 X126.228 Y119.401 E7.05559
G1 X126.100 Y119.016 E7.06766
G1 X126.100 Y65.984 E8.64716
G1 X126.228 Y65.599 E8.65923
G1 X126.363 Y65.503 E8.66418
G1 X126.432 Y65.299 E8.67058
G1 X126.641 Y65.150 E8.67823
G1 X126.700 Y65.150 E8.67999
M106 S89.25
;LAYER_CHANGE
;Z:0.92
;HEIGHT:0.12
G1 Z0.920 F7800.000
G1 E6.67999 F2400.000
G92 E0
G1 X129.719 Y108.900 F7800.000
G1 E2.00000 F2400.000
;TYPE:Perimeter
;WIDTH:0.45
;HEIGHT:0.3
G1 F3600.000
G1 X127.504 Y111.398 E2.16060
G1 X127.504 Y66.846 E4.30340
G1 X128.096 Y66.846 E4.33189
G1 X128.096 Y62.446 E4.54350
G1 X131.504 Y62.446 E4.70739
G1 X131.504 Y109.476 E6.96934
G1 X129.776 Y108.918 E7.05665
G1 E5.05665 F2400.000
G92 E0
G1 X127.504 Y114.488 F7800.000
G1 E2.00000 F2400.000
G1 F900.000
G1 X129.719 Y116.987 E2.16060
G1 X131.504 Y116.411 E2.25079
G1 X131.504 Y122.554 E2.54625
G1 X128.096 Y122.554 E2.71014
G1 X128.096 Y118.154 E2.92176
G1 X127.504 Y118.154 E2.95025
G1 X127.504 Y114.548 E3.12366
G1 E1.12366 F2400.000
G92 E0
G1 X129.841 Y109.344 F7800.000
G1 E2.00000 F2400.000
G1 F3600.000
G1 X127.997 Y111.423 E2.13362
G1 X127.997 Y114.464 E2.27987
G1 X129.841 Y116.542 E2.41349
G1 X131.889 Y115.881 E2.51704
G1 X131.889 Y122.939 E2.85652
G1 X127.711 Y122.939 E3.05750
G1 X127.711 Y118.539 E3.26912
G1 X127.118 Y118.539 E3.29761
G1 X127.118 Y66.461 E5.80243
G1 X127.711 Y66.461 E5.83092
G1 X127.711 Y62.061 E6.04253
G1 X131.889 Y62.061 E6.24351
G1 X131.889 Y110.006 E8.54949
G1 X129.898 Y109.363 E8.65015
G1 X129.962 Y109.789 F7800.000
;TYPE:External perimeter
G1 F1800.000
G1 X128.383 Y111.569 E8.76461
G1 X128.383 Y114.317 E8.89678
G1 X129.962 Y116.098 E9.01124
G1 X131.986 Y115.445 E9.11354
G1 X132.039 Y115.290 E9.12141
G1 X132.275 Y115.290 E9.13278
G1 X132.275 Y123.325 E9.51925
G1 X127.325 Y123.325 E9.75733
G1 X127.325 Y118.925 E9.96894
G1 X126.733 Y118.925 E9.99743
G1 X126.733 Y66.075 E12.53935
G1 X127.325 Y66.075 E12.56784
G1 X127.325 Y61.675 E12.77945
G1 X132.275 Y61.675 E13.01753
G1 X132.275 Y110.597 E15.37049
G1 X132.039 Y110.597 E15.38186
G1 X131.986 Y110.442 E15.38973
G1 X130.019 Y109.807 E15.48914
G1 X129.633 Y109.560 F7800.000
G1 E13.48914 F2400.000
G92 E0
G1 X127.971 Y110.696 F7800.000
G1 E2.00000 F2400.000
;TYPE:Solid infill
;WIDTH:0.450405
G1 F1200.000
G1 X127.793 Y110.518 E2.01215
G1 X127.793 Y109.972 E2.03843
G1 X128.105 Y110.284 E2.05968
G1 X128.362 Y109.995 E2.07829
G1 X127.793 Y109.426 E2.11701
G1 X127.793 Y108.880 E2.14329
G1 X128.618 Y109.705 E2.19948
G1 X128.875 Y109.416 E2.21810
G1 X127.793 Y108.334 E2.29175
G1 X127.793 Y107.789 E2.31804
G1 X129.131 Y109.127 E2.40916
G1 X129.388 Y108.837 E2.42778
G1 X127.793 Y107.243 E2.53637
G1 X127.793 Y106.697 E2.56265
G1 X129.679 Y108.583 E2.69110
G1 X130.486 Y108.843 E2.73188
G1 X127.793 Y106.151 E2.91522
G1 X127.793 Y105.605 E2.94150
G1 X131.215 Y109.026 E3.17447
G1 X131.215 Y108.480 E3.20075
G1 X127.793 Y105.059 E3.43372
G1 X127.793 Y104.513 E3.46001
G1 X131.215 Y107.934 E3.69297
G1 X131.215 Y107.389 E3.71926
G1 X127.793 Y103.967 E3.95222
G1 X127.793 Y103.421 E3.97851
G1 X131.215 Y106.843 E4.21148
G1 X131.215 Y106.297 E4.23776
G1 X127.793 Y102.875 E4.47073
G1 X127.793 Y102.329 E4.49701
G1 X131.215 Y105.751 E4.72998
G1 X131.215 Y105.205 E4.75626
G1 X127.793 Y101.783 E4.98923
G1 X127.793 Y101.237 E5.01552
G1 X131.215 Y104.659 E5.24848
G1 X131.215 Y104.113 E5.27477
G1 X127.793 Y100.692 E5.50774
G1 X127.793 Y100.146 E5.53402
G1 X131.215 Y103.567 E5.76699
G1 X131.215 Y103.021 E5.79327
G1 X127.793 Y99.600 E6.02624
G1 X127.793 Y99.054 E6.05252
G1 X131.215 Y102.475 E6.28549
G1 X131.215 Y101.929 E6.31178
G1 X127.793 Y98.508 E6.54474
G1 X127.793 Y97.962 E6.57103
G1 X131.215 Y101.383 E6.80400
G1 X131.215 Y100.837 E6.83028
G1 X127.793 Y97.416 E7.06325
G1 X127.793 Y96.870 E7.08953
G1 X131.215 Y100.292 E7.32250
G1 X131.215 Y99.746 E7.34878
G1 X127.793 Y96.324 E7.58175
G1 X127.793 Y95.778 E7.60804
G1 X131.215 Y99.200 E7.84100
G1 X131.215 Y98.654 E7.86729
G1 X127.793 Y95.232 E8.10026
G1 X127.793 Y94.686 E8.12654
G1 X131.215 Y98.108 E8.35951
G1 X131.215 Y97.562 E8.38579
G1 X127.793 Y94.140 E8.61876
G1 X127.793 Y93.595 E8.64504
G1 X131.215 Y97.016 E8.87801
G1 X131.215 Y96.470 E8.90430
G1 X127.793 Y93.049 E9.13727
G1 X127.793 Y92.503 E9.16355
G1 X131.215 Y95.924 E9.39652
G1 X131.215 Y95.378 E9.42280
G1 X127.793 Y91.957 E9.65577
G1 X127.793 Y91.411 E9.68205
G1 X131.215 Y94.832 E9.91502
G1 X131.215 Y94.286 E9.94131
G1 X127.793 Y90.865 E10.17427
G1 X127.793 Y90.319 E10.20056
G1 X131.215 Y93.741 E10.43353
G1 X131.215 Y93.195 E10.45981
G1 X127.793 Y89.773 E10.69278
G1 X127.793 Y89.227 E10.71906
G1 X131.215 Y92.649 E10.95203
G1 X131.215 Y92.103 E10.97832
G1 X127.793 Y88.681 E11.21128
G1 X127.793 Y88.135 E11.23757
G1 X131.215 Y91.557 E11.47054
G1 X131.215 Y91.011 E11.49682
G1 X127.793 Y87.589 E11.72979
G1 X127.793 Y87.044 E11.75607
G1 X131.215 Y90.465 E11.98904
G1 X131.215 Y89.919 E12.01533
G1 X127.793 Y86.498 E12.24829
G1 X127.793 Y85.952 E12.27458
G1 X131.215 Y89.373 E12.50755
G1 X131.215 Y88.827 E12.53383
G1 X127.793 Y85.406 E12.76680
G1 X127.793 Y84.860 E12.79308
G1 X131.215 Y88.281 E13.02605
G1 X131.215 Y87.735 E13.05234
G1 X127.793 Y84.314 E13.28530
G1 X127.793 Y83.768 E13.31159
G1 X131.215 Y87.189 E13.54456
G1 X131.215 Y86.644 E13.57084
G1 X127.793 Y83.222 E13.80381
G1 X127.793 Y82.676 E13.83009
G1 X131.215 Y86.098 E14.06306
G1 X131.215 Y85.552 E14.08935
G1 X127.793 Y82.130 E14.32231
G1 X127.793 Y81.584 E14.34860
G1 X131.215 Y85.006 E14.58157
G1 X131.215 Y84.460 E14.60785
G1 X127.793 Y81.038 E14.84082
G1 X127.793 Y80.492 E14.86710
G1 X131.215 Y83.914 E15.10007
G1 X131.215 Y83.368 E15.12636
G1 X127.793 Y79.947 E15.35932
G1 X127.793 Y79.401 E15.38561
G1 X131.215 Y82.822 E15.61858
G1 X131.215 Y82.276 E15.64486
G1 X127.793 Y78.855 E15.87783
G1 X127.793 Y78.309 E15.90411
G1 X131.215 Y81.730 E16.13708
G1 X131.215 Y81.184 E16.16337
G1 X127.793 Y77.763 E16.39634
G1 X127.793 Y77.217 E16.42262
G1 X131.215 Y80.638 E16.65559
G1 X131.215 Y80.092 E16.68187
G1 X127.793 Y76.671 E16.91484
G1 X127.793 Y76.125 E16.94113
G1 X131.215 Y79.547 E17.17409
G1 X131.215 Y79.001 E17.20038
G1 X127.793 Y75.579 E17.43335
G1 X127.793 Y75.033 E17.45963
G1 X131.215 Y78.455 E17.69260
G1 X131.215 Y77.909 E17.71889
G1 X127.793 Y74.487 E17.95185
G1 X127.793 Y73.941 E17.97814
G1 X131.215 Y77.363 E18.21111
G1 X131.215 Y76.817 E18.23739
G1 X127.793 Y73.396 E18.47036
G1 X127.793 Y72.850 E18.49664
G1 X131.215 Y76.271 E18.72961
G1 X131.215 Y75.725 E18.75590
G1 X127.793 Y72.304 E18.98887
G1 X127.793 Y71.758 E19.01515
G1 X131.215 Y75.179 E19.24812
G1 X131.215 Y74.633 E19.27440
G1 X127.793 Y71.212 E19.50737
G1 X127.793 Y70.666 E19.53366
G1 X131.215 Y74.087 E19.76662
G1 X131.215 Y73.541 E19.79291
G1 X127.793 Y70.120 E20.02588
G1 X127.793 Y69.574 E20.05216
G1 X131.215 Y72.996 E20.28513
G1 X131.215 Y72.450 E20.31142
G1 X127.793 Y69.028 E20.54438
G1 X127.793 Y68.482 E20.57067
G1 X131.215 Y71.904 E20.80364
G1 X131.215 Y71.358 E20.82992
G1 X127.793 Y67.936 E21.06289
G1 X127.793 Y67.390 E21.08918
G1 X131.215 Y70.812 E21.32214
G1 X131.215 Y70.266 E21.34843
G1 X128.084 Y67.135 E21.56159
G1 X128.385 Y67.135 E21.57611
G1 X128.385 Y66.891 E21.58788
G1 X131.215 Y69.720 E21.78051
G1 X131.215 Y69.174 E21.80680
G1 X128.385 Y66.345 E21.99943
G1 X128.385 Y65.799 E22.02572
G1 X131.215 Y68.628 E22.21835
G1 X131.215 Y68.082 E22.24464
G1 X128.385 Y65.253 E22.43727
G1 X128.385 Y64.707 E22.46356
G1 X131.215 Y67.536 E22.65620
G1 X131.215 Y66.990 E22.68248
G1 X128.385 Y64.161 E22.87512
G1 X128.385 Y63.615 E22.90140
G1 X131.215 Y66.444 E23.09404
G1 X131.215 Y65.899 E23.12032
G1 X128.385 Y63.069 E23.31296
G1 X128.385 Y62.736 E23.32903
G1 X128.598 Y62.736 E23.33924
G1 X131.215 Y65.353 E23.51744
G1 X131.215 Y64.807 E23.54372
G1 X129.143 Y62.736 E23.68474
G1 X129.689 Y62.736 E23.71103
G1 X131.215 Y64.261 E23.81488
G1 X131.215 Y63.715 E23.84116
G1 X130.235 Y62.736 E23.90784
G1 X130.781 Y62.736 E23.93412
G1 X131.388 Y63.342 E23.97544
G1 X127.558 Y111.628 F7800.000
;TYPE:Gap fill
;WIDTH:0.557863
G1 F1200.000
G1 X127.558 Y114.258 E24.13734
G1 X131.388 Y117.380 F7800.000
;TYPE:Solid infill
;WIDTH:0.467827
G1 F1200.000
G1 X130.913 Y116.905 E24.17112
G1 X130.482 Y117.044 E24.19392
G1 X131.215 Y117.777 E24.24604
G1 X131.215 Y118.347 E24.27475
G1 X130.051 Y117.183 E24.35757
G1 X129.628 Y117.320 E24.37992
G1 X127.793 Y115.250 E24.51910
G1 X127.793 Y115.496 E24.53148
G1 X131.215 Y118.918 E24.77496
G1 X131.215 Y119.488 E24.80367
G1 X127.793 Y116.067 E25.04716
G1 X127.793 Y116.637 E25.07587
G1 X131.215 Y120.059 E25.31935
G1 X131.215 Y120.629 E25.34806
G1 X127.793 Y117.208 E25.59155
G1 X127.793 Y117.779 E25.62026
G1 X127.879 Y117.865 E25.62638
G1 X128.385 Y117.865 E25.65186
G1 X128.385 Y118.371 E25.67734
G1 X131.215 Y121.200 E25.87867
G1 X131.215 Y121.771 E25.90738
G1 X128.385 Y118.941 E26.10871
G1 X128.385 Y119.512 E26.13742
G1 X131.138 Y122.264 E26.33329
G1 X130.567 Y122.264 E26.36200
G1 X128.385 Y120.083 E26.51726
G1 X128.385 Y120.653 E26.54597
G1 X129.997 Y122.264 E26.66064
G1 X129.426 Y122.264 E26.68935
G1 X128.385 Y121.224 E26.76341
G1 X128.385 Y121.794 E26.79212
G1 X129.029 Y122.438 E26.83793
G1 E24.83793 F2400.000
G92 E0
G1 X122.310 Y113.948 F7800.000
G1 E2.00000 F2400.000
;TYPE:Perimeter
;WIDTH:0.45
G1 F900.000
G1 X122.504 Y113.980 E2.00944
G1 X122.504 Y118.154 E2.21017
G1 X121.904 Y118.154 E2.23903
G1 X121.904 Y122.554 E2.45064
G1 X118.496 Y122.554 E2.61453
G1 X118.496 Y116.735 E2.89438
G1 X118.719 Y116.987 E2.91054
G1 X121.591 Y116.060 E3.05569
G1 X122.291 Y114.005 E3.16009
G1 X121.904 Y62.446 F7800.000
G1 F3600.000
G1 X121.904 Y66.846 E3.37170
G1 X122.504 Y66.846 E3.40055
G1 X122.504 Y111.906 E5.56779
G1 X122.310 Y111.938 E5.57722
G1 X121.591 Y109.827 E5.68450
G1 X118.719 Y108.900 E5.82965
G1 X118.496 Y109.151 E5.84582
G1 X118.496 Y62.446 E8.09216
G1 X121.844 Y62.446 E8.25316
G1 X122.289 Y62.061 F7800.000
G1 F3600.000
G1 X122.289 Y66.461 E8.46477
G1 X122.889 Y66.461 E8.49363
G1 X122.889 Y118.539 E10.99845
G1 X122.289 Y118.539 E11.02731
G1 X122.289 Y122.939 E11.23892
G1 X118.111 Y122.939 E11.43990
G1 X118.111 Y115.719 E11.78717
G1 X118.841 Y116.542 E11.84009
G1 X121.289 Y115.752 E11.96381
G1 X122.245 Y112.943 E12.10652
G1 X121.289 Y110.134 E12.24924
G1 X118.841 Y109.344 E12.37296
G1 X118.111 Y110.167 E12.42588
G1 X118.111 Y62.061 E14.73964
G1 X122.229 Y62.061 E14.93774
G1 X122.490 Y61.675 F7800.000
;TYPE:External perimeter
G1 F1800.000
G1 X122.675 Y61.675 E14.94664
G1 X122.675 Y66.075 E15.15825
G1 X123.275 Y66.075 E15.18710
G1 X123.275 Y118.925 E17.72902
G1 X122.675 Y118.925 E17.75788
G1 X122.675 Y123.325 E17.96949
G1 X117.725 Y123.325 E18.20757
G1 X117.725 Y115.290 E18.59404
G1 X118.245 Y115.290 E18.61905
G1 X118.962 Y116.098 E18.67102
G1 X120.986 Y115.445 E18.77331
G1 X121.838 Y112.943 E18.90040
G1 X120.986 Y110.442 E19.02749
G1 X118.962 Y109.789 E19.12978
G1 X118.245 Y110.597 E19.18175
G1 X117.725 Y110.597 E19.20676
G1 X117.725 Y61.675 E21.55973
G1 X122.430 Y61.675 E21.78603
G1 X122.647 Y61.773 F7800.000
G1 X121.788 Y63.347
;TYPE:Solid infill
;WIDTH:0.452736
G1 F1200.000
G1 X121.176 Y62.736 E21.82793
G1 X120.627 Y62.736 E21.85454
G1 X121.615 Y63.723 E21.92218
G1 X121.615 Y64.272 E21.94879
G1 X120.078 Y62.736 E22.05405
G1 X119.529 Y62.736 E22.08065
G1 X121.615 Y64.822 E22.22354
G1 X121.615 Y65.371 E22.25015
G1 X118.979 Y62.736 E22.43066
G1 X118.785 Y62.736 E22.44005
G1 X118.785 Y63.091 E22.45726
G1 X121.615 Y65.920 E22.65106
G1 X121.615 Y66.469 E22.67766
G1 X118.785 Y63.640 E22.87146
G1 X118.785 Y64.189 E22.89807
G1 X122.215 Y67.618 E23.13297
G1 X122.215 Y68.168 E23.15957
G1 X118.785 Y64.739 E23.39447
G1 X118.785 Y65.288 E23.42107
G1 X122.215 Y68.717 E23.65597
G1 X122.215 Y69.266 E23.68258
G1 X118.785 Y65.837 E23.91748
G1 X118.785 Y66.386 E23.94408
G1 X122.215 Y69.815 E24.17898
G1 X122.215 Y70.365 E24.20558
G1 X118.785 Y66.935 E24.44048
G1 X118.785 Y67.485 E24.46709
G1 X122.215 Y70.914 E24.70199
G1 X122.215 Y71.463 E24.72859
G1 X118.785 Y68.034 E24.96349
G1 X118.785 Y68.583 E24.99009
G1 X122.215 Y72.012 E25.22499
G1 X122.215 Y72.561 E25.25160
G1 X118.785 Y69.132 E25.48650
G1 X118.785 Y69.681 E25.51310
G1 X122.215 Y73.111 E25.74800
G1 X122.215 Y73.660 E25.77460
G1 X118.785 Y70.231 E26.00950
G1 X118.785 Y70.780 E26.03611
G1 X122.215 Y74.209 E26.27101
G1 X122.215 Y74.758 E26.29761
G1 X118.785 Y71.329 E26.53251
G1 X118.785 Y71.878 E26.55911
G1 X122.215 Y75.307 E26.79401
G1 X122.215 Y75.857 E26.82062
G1 X118.785 Y72.428 E27.05552
G1 X118.785 Y72.977 E27.08212
G1 X122.215 Y76.406 E27.31702
G1 X122.215 Y76.955 E27.34362
G1 X118.785 Y73.526 E27.57852
G1 X118.785 Y74.075 E27.60513
G1 X122.215 Y77.504 E27.84003
G1 X122.215 Y78.054 E27.86663
G1 X118.785 Y74.624 E28.10153
G1 X118.785 Y75.174 E28.12813
G1 X122.215 Y78.603 E28.36303
G1 X122.215 Y79.152 E28.38964
G1 X118.785 Y75.723 E28.62454
G1 X118.785 Y76.272 E28.65114
G1 X122.215 Y79.701 E28.88604
G1 X122.215 Y80.250 E28.91264
G1 X118.785 Y76.821 E29.14754
G1 X118.785 Y77.370 E29.17415
G1 X122.215 Y80.800 E29.40905
G1 X122.215 Y81.349 E29.43565
G1 X118.785 Y77.920 E29.67055
G1 X118.785 Y78.469 E29.69715
G1 X122.215 Y81.898 E29.93205
G1 X122.215 Y82.447 E29.95866
G1 X118.785 Y79.018 E30.19356
G1 X118.785 Y79.567 E30.22016
G1 X122.215 Y82.996 E30.45506
G1 X122.215 Y83.546 E30.48166
G1 X118.785 Y80.117 E30.71656
G1 X118.785 Y80.666 E30.74317
G1 X122.215 Y84.095 E30.97807
G1 X122.215 Y84.644 E31.00467
G1 X118.785 Y81.215 E31.23957
G1 X118.785 Y81.764 E31.26617
G1 X122.215 Y85.193 E31.50107
G1 X122.215 Y85.743 E31.52768
G1 X118.785 Y82.313 E31.76258
G1 X118.785 Y82.863 E31.78918
G1 X122.215 Y86.292 E32.02408
G1 X122.215 Y86.841 E32.05068
G1 X118.785 Y83.412 E32.28559
G1 X118.785 Y83.961 E32.31219
G1 X122.215 Y87.390 E32.54709
G1 X122.215 Y87.939 E32.57369
G1 X118.785 Y84.510 E32.80859
G1 X118.785 Y85.060 E32.83519
G1 X122.215 Y88.489 E33.07010
G1 X122.215 Y89.038 E33.09670
G1 X118.785 Y85.609 E33.33160
G1 X118.785 Y86.158 E33.35820
G1 X122.215 Y89.587 E33.59310
G1 X122.215 Y90.136 E33.61970
G1 X118.785 Y86.707 E33.85461
G1 X118.785 Y87.256 E33.88121
G1 X122.215 Y90.686 E34.11611
G1 X122.215 Y91.235 E34.14271
G1 X118.785 Y87.806 E34.37761
G1 X118.785 Y88.355 E34.40422
G1 X122.215 Y91.784 E34.63912
G1 X122.215 Y92.333 E34.66572
G1 X118.785 Y88.904 E34.90062
G1 X118.785 Y89.453 E34.92722
G1 X122.215 Y92.882 E35.16212
G1 X122.215 Y93.432 E35.18873
G1 X118.785 Y90.002 E35.42363
G1 X118.785 Y90.552 E35.45023
G1 X122.215 Y93.981 E35.68513
G1 X122.215 Y94.530 E35.71173
G1 X118.785 Y91.101 E35.94663
G1 X118.785 Y91.650 E35.97324
G1 X122.215 Y95.079 E36.20814
G1 X122.215 Y95.628 E36.23474
G1 X118.785 Y92.199 E36.46964
G1 X118.785 Y92.749 E36.49624
G1 X122.215 Y96.178 E36.73114
G1 X122.215 Y96.727 E36.75775
G1 X118.785 Y93.298 E36.99265
G1 X118.785 Y93.847 E37.01925
G1 X122.215 Y97.276 E37.25415
G1 X122.215 Y97.825 E37.28075
G1 X118.785 Y94.396 E37.51565
G1 X118.785 Y94.945 E37.54226
G1 X122.215 Y98.375 E37.77716
G1 X122.215 Y98.924 E37.80376
G1 X118.785 Y95.495 E38.03866
G1 X118.785 Y96.044 E38.06526
G1 X122.215 Y99.473 E38.30016
G1 X122.215 Y100.022 E38.32677
G1 X118.785 Y96.593 E38.56167
G1 X118.785 Y97.142 E38.58827
G1 X122.215 Y100.571 E38.82317
G1 X122.215 Y101.121 E38.84977
G1 X118.785 Y97.692 E39.08467
G1 X118.785 Y98.241 E39.11128
G1 X122.215 Y101.670 E39.34618
G1 X122.215 Y102.219 E39.37278
G1 X118.785 Y98.790 E39.60768
G1 X118.785 Y99.339 E39.63428
G1 X122.215 Y102.768 E39.86918
G1 X122.215 Y103.318 E39.89579
G1 X118.785 Y99.888 E40.13069
G1 X118.785 Y100.438 E40.15729
G1 X122.215 Y103.867 E40.39219
G1 X122.215 Y104.416 E40.41879
G1 X118.785 Y100.987 E40.65369
G1 X118.785 Y101.536 E40.68030
G1 X122.215 Y104.965 E40.91520
G1 X122.215 Y105.514 E40.94180
G1 X118.785 Y102.085 E41.17670
G1 X118.785 Y102.634 E41.20330
G1 X122.215 Y106.064 E41.43820
G1 X122.215 Y106.613 E41.46481
G1 X118.785 Y103.184 E41.69971
G1 X118.785 Y103.733 E41.72631
G1 X122.215 Y107.162 E41.96121
G1 X122.215 Y107.711 E41.98781
G1 X118.785 Y104.282 E42.22271
G1 X118.785 Y104.831 E42.24932
G1 X122.215 Y108.260 E42.48422
G1 X122.215 Y108.810 E42.51082
G1 X118.785 Y105.381 E42.74572
G1 X118.785 Y105.930 E42.77232
G1 X122.215 Y109.359 E43.00722
G1 X122.215 Y109.464 E43.01231
G1 X121.833 Y109.527 E43.03102
G1 X118.785 Y106.479 E43.23981
G1 X118.785 Y107.028 E43.26641
G1 X121.132 Y109.375 E43.42715
G1 X120.321 Y109.113 E43.46843
G1 X118.785 Y107.577 E43.57361
G1 X118.785 Y108.127 E43.60021
G1 X119.779 Y109.120 E43.66828
G1 X122.053 Y109.784 F7800.000
;TYPE:Gap fill
;WIDTH:0.459368
G1 F1200.000
G1 X122.112 Y110.139 E43.68604
;WIDTH:0.313231
G1 X122.200 Y110.673 E43.70282
;WIDTH:0.167093
G1 X122.288 Y111.206 E43.70974
G1 X122.438 Y112.112 F7800.000
;WIDTH:0.460814
G1 F1200.000
G1 X122.504 Y112.507 E43.72953
;WIDTH:0.319015
G1 X122.569 Y112.984 E43.74482
;WIDTH:0.366281
G1 X122.537 Y113.182 E43.75236
;WIDTH:0.413547
G1 X122.504 Y113.379 E43.76107
;WIDTH:0.460814
G1 X122.471 Y113.577 E43.77097
;WIDTH:0.50808
G1 X122.438 Y113.774 E43.78204
G1 X122.288 Y114.680 F7800.000
;WIDTH:0.167093
G1 F1200.000
G1 X122.259 Y114.858 E43.78435
;WIDTH:0.215805
G1 X122.229 Y115.036 E43.78775
;WIDTH:0.264518
G1 X122.200 Y115.214 E43.79225
;WIDTH:0.31323
G1 X122.171 Y115.392 E43.79784
;WIDTH:0.361943
G1 X122.141 Y115.569 E43.80453
;WIDTH:0.410655
G1 X122.112 Y115.747 E43.81231
;WIDTH:0.459368
G1 X122.082 Y115.925 E43.82119
;WIDTH:0.50808
G1 X122.053 Y116.103 E43.83116
G1 X122.388 Y117.074 F7800.000
;TYPE:Solid infill
;WIDTH:0.457723
G1 F1200.000
G1 X121.656 Y116.342 E43.88194
G1 X121.236 Y116.478 E43.90362
G1 X122.215 Y117.457 E43.97153
G1 X122.215 Y117.865 E43.99153
G1 X122.066 Y117.865 E43.99882
G1 X120.815 Y116.614 E44.08559
G1 X120.395 Y116.750 E44.10727
G1 X121.615 Y117.970 E44.19191
G1 X121.615 Y118.526 E44.21920
G1 X119.974 Y116.885 E44.33301
G1 X119.554 Y117.021 E44.35469
G1 X121.615 Y119.082 E44.49768
G1 X121.615 Y119.638 E44.52497
G1 X119.133 Y117.157 E44.69713
G1 X118.785 Y117.269 E44.71506
G1 X118.785 Y117.365 E44.71978
G1 X121.615 Y120.195 E44.91607
G1 X121.615 Y120.751 E44.94336
G1 X118.785 Y117.922 E45.13965
G1 X118.785 Y118.478 E45.16694
G1 X121.615 Y121.307 E45.36323
G1 X121.615 Y121.863 E45.39052
G1 X118.785 Y119.034 E45.58681
G1 X118.785 Y119.591 E45.61410
G1 X121.459 Y122.264 E45.79961
G1 X120.903 Y122.264 E45.82690
G1 X118.785 Y120.147 E45.97382
G1 X118.785 Y120.703 E46.00111
G1 X120.347 Y122.264 E46.10943
G1 X119.790 Y122.264 E46.13672
G1 X118.785 Y121.259 E46.20645
G1 X118.785 Y121.816 E46.23374
G1 X119.408 Y122.438 E46.27691
M106 S252.45
;LAYER_CHANGE
;Z:1.04
;HEIGHT:0.12
G1 Z1.040 F7800.000
G1 E44.27691 F2400.000
G92 E0
G1 X123.434 Y120.356 F7800.000
G1 E2.00000 F2400.000
;TYPE:Support material
;WIDTH:0.35
;HEIGHT:0.24
G1 F2764
G1 X126.438 Y120.356 E2.08947
G1 X126.438 Y120.181 E2.09469
G1 X126.415 Y120.165 E2.09552
G1 X126.346 Y119.962 E2.10192
G1 X126.211 Y119.865 E2.10686
G1 X126.142 Y119.662 E2.11326
G1 X126.007 Y119.565 E2.11821
G1 X125.866 Y119.153 E2.13117
G1 X125.838 Y119.124 E2.13237
G1 X125.838 Y117.571 E2.17865
G1 X124.162 Y117.571 E2.22856
G1 X124.162 Y114.785 E2.31152
G1 X125.838 Y114.785 E2.36143
G1 X125.838 Y111.999 E2.44440
G1 X124.162 Y111.999 E2.49430
G1 X124.162 Y109.214 E2.57727
G1 X125.838 Y109.214 E2.62717
G1 X125.838 Y106.428 E2.71014
G1 X124.162 Y106.428 E2.76005
G1 X124.162 Y103.642 E2.84301
G1 X125.838 Y103.642 E2.89292
G1 X125.838 Y100.857 E2.97589
G1 X124.162 Y100.857 E3.02579
G1 X124.162 Y98.071 E3.10876
G1 X125.838 Y98.071 E3.15866
G1 X125.838 Y95.286 E3.24163
G1 X124.162 Y95.286 E3.29154
G1 X124.162 Y92.500 E3.37450
G1 X125.838 Y92.500 E3.42441
G1 X125.838 Y89.714 E3.50738
G1 X124.162 Y89.714 E3.55728
G1 X124.162 Y86.929 E3.64025
G1 X125.838 Y86.929 E3.69015
G1 X125.838 Y84.143 E3.77312
G1 X124.162 Y84.143 E3.82303
G1 X124.162 Y81.358 E3.90599
G1 X125.838 Y81.358 E3.95590
G1 X125.838 Y78.572 E4.03887
G1 X124.162 Y78.572 E4.08877
G1 X124.162 Y75.786 E4.17174
G1 X125.838 Y75.786 E4.22165
G1 X125.838 Y73.001 E4.30461
G1 X124.162 Y73.001 E4.35452
G1 X124.162 Y70.215 E4.43748
G1 X125.838 Y70.215 E4.48739
G1 X125.838 Y67.429 E4.57036
G1 X124.162 Y67.429 E4.62026
G1 X124.162 Y65.888 E4.66618
G1 X124.076 Y65.661 E4.67341
G1 X123.770 Y65.316 E4.68714
G1 X123.770 Y64.976 E4.69728
G1 X123.562 Y64.768 E4.70603
G1 X123.562 Y64.644 E4.70972
G1 X126.566 Y64.644 E4.79920
G1 X126.700 Y64.954 F7800.000
G1 F2764
G1 X126.700 Y61.890 E4.89044
G1 X123.300 Y61.890 E4.99171
G1 X123.300 Y64.876 E5.08064
G1 X123.508 Y65.084 E5.08940
G1 X123.508 Y65.478 E5.10114
G1 X123.601 Y65.520 E5.10418
G1 X123.848 Y65.799 E5.11527
G1 X123.900 Y65.936 E5.11963
G1 X123.900 Y119.064 E6.70200
G1 X123.848 Y119.201 E6.70637
G1 X123.601 Y119.480 E6.71746
G1 X123.508 Y119.522 E6.72050
G1 X123.508 Y119.916 E6.73224
G1 X123.300 Y120.124 E6.74100
G1 X123.300 Y123.110 E6.82993
G1 X126.700 Y123.110 E6.93119
G1 X126.700 Y120.046 E7.02244
G1 X126.636 Y120.001 E7.02477
G1 X126.567 Y119.797 E7.03116
G1 X126.432 Y119.701 E7.03611
G1 X126.363 Y119.497 E7.04251
G1 X126.228 Y119.401 E7.04746
G1 X126.100 Y119.016 E7.05953
G1 X126.100 Y65.984 E8.63903
G1 X126.228 Y65.599 E8.65110
G1 X126.363 Y65.503 E8.65605
G1 X126.432 Y65.299 E8.66245
G1 X126.567 Y65.203 E8.66739
G1 X126.636 Y64.999 E8.67379
G1 X126.700 Y64.954 E8.67612
M106 S173.4
;LAYER_CHANGE
;Z:1.22
;HEIGHT:0.18
G1 Z1.220 F7800.000
G1 E6.67612 F2400.000
G92 E0
G1 X129.719 Y108.600 F7800.000
G1 E2.00000 F2400.000
;TYPE:Perimeter
;WIDTH:0.45
;HEIGHT:0.3
G1 F3600.000
G1 X127.648 Y110.935 E2.15013
G1 X127.648 Y66.546 E4.28509
G1 X128.096 Y66.546 E4.30663
G1 X128.096 Y62.746 E4.48938
G1 X131.504 Y62.746 E4.65327
G1 X131.504 Y109.176 E6.88637
G1 X129.776 Y108.618 E6.97368
G1 E4.97368 F2400.000
G92 E0
G1 X127.648 Y114.351 F7800.000
G1 E2.00000 F2400.000
G1 F900.000
G1 X129.719 Y116.687 E2.15013
G1 X131.504 Y116.111 E2.24032
G1 X131.504 Y122.254 E2.53578
G1 X128.096 Y122.254 E2.69967
G1 X128.096 Y118.454 E2.88243
G1 X127.648 Y118.454 E2.90397
G1 X127.648 Y114.411 E3.09840
G1 E1.09840 F2400.000
G92 E0
G1 X129.841 Y109.044 F7800.000
G1 E2.00000 F2400.000
G1 F3600.000
G1 X127.997 Y111.123 E2.13362
G1 X127.997 Y114.164 E2.27987
G1 X129.841 Y116.242 E2.41349
G1 X131.889 Y115.581 E2.51704
G1 X131.889 Y122.639 E2.85652
G1 X127.711 Y122.639 E3.05750
G1 X127.711 Y118.839 E3.24026
G1 X127.263 Y118.839 E3.26180
G1 X127.263 Y66.161 E5.79548
G1 X127.711 Y66.161 E5.81702
G1 X127.711 Y62.361 E5.99977
G1 X131.889 Y62.361 E6.20075
G1 X131.889 Y109.706 E8.47787
G1 X129.898 Y109.063 E8.57853
G1 X129.962 Y109.489 F7800.000
;TYPE:External perimeter
G1 F1800.000
G1 X128.383 Y111.269 E8.69300
G1 X128.383 Y114.017 E8.82517
G1 X129.962 Y115.798 E8.93963
G1 X131.986 Y115.145 E9.04192
G1 X132.039 Y114.990 E9.04980
G1 X132.275 Y114.990 E9.06117
G1 X132.275 Y123.025 E9.44764
G1 X127.325 Y123.025 E9.68572
G1 X127.325 Y119.225 E9.86847
G1 X126.930 Y119.225 E9.88745
G1 X126.877 Y119.069 E9.89539
G1 X126.877 Y65.931 E12.45114
G1 X126.930 Y65.775 E12.45907
G1 X127.325 Y65.775 E12.47806
G1 X127.325 Y61.975 E12.66081
G1 X132.275 Y61.975 E12.89889
G1 X132.275 Y110.297 E15.22299
G1 X132.039 Y110.297 E15.23436
G1 X131.986 Y110.142 E15.24224
G1 X130.019 Y109.507 E15.34165
G1 X129.633 Y109.260 F7800.000
G1 E13.34165 F2400.000
G92 E0
G1 X127.938 Y109.026 F7800.000
G1 E2.00000 F2400.000
;TYPE:Internal infill
G1 F4800.000
G1 X127.938 Y110.173 E2.05516
G1 X128.712 Y109.300 E2.11128
G1 X127.938 Y108.526 E2.16394
G1 X127.938 Y108.480 E2.16614
G1 X131.215 Y107.602 E2.32931
G1 X131.215 Y108.779 E2.38589
G1 X130.299 Y108.483 E2.43217
G1 X131.215 Y105.065 E2.60236
G1 X131.215 Y105.259 E2.61167
G1 X127.938 Y101.982 E2.83457
G1 X127.938 Y103.690 E2.91671
G1 X131.215 Y102.811 E3.07988
G1 X131.215 Y100.498 E3.19116
G1 X127.630 Y111.247 F7800.000
;TYPE:Gap fill
;WIDTH:0.413391
G1 F1200.000
G1 X127.630 Y114.040 E3.31275
G1 X127.764 Y115.427 F7800.000
;TYPE:Solid infill
;WIDTH:0.460876
G1 F1200.000
G1 X128.003 Y115.188 E3.32950
G1 X128.267 Y115.485 E3.34914
G1 X127.938 Y115.814 E3.37218
G1 X127.938 Y116.375 E3.39991
G1 X128.530 Y115.782 E3.44137
G1 X128.794 Y116.079 E3.46102
G1 X127.938 Y116.936 E3.52091
G1 X127.938 Y117.496 E3.54864
G1 X129.058 Y116.376 E3.62697
G1 X129.321 Y116.674 E3.64661
G1 X127.938 Y118.057 E3.74337
G1 X127.938 Y118.165 E3.74869
G1 X128.385 Y118.170 E3.77084
G1 X129.585 Y116.971 E3.85470
G1 X129.628 Y117.020 E3.85795
G1 X130.319 Y116.797 E3.89386
G1 X128.385 Y118.731 E4.02911
G1 X128.385 Y119.291 E4.05684
G1 X131.147 Y116.530 E4.24999
G1 X131.215 Y116.508 E4.25349
G1 X131.215 Y117.023 E4.27896
G1 X128.385 Y119.852 E4.47682
G1 X128.385 Y120.413 E4.50455
G1 X131.215 Y117.584 E4.70241
G1 X131.215 Y118.144 E4.73014
G1 X128.385 Y120.974 E4.92800
G1 X128.385 Y121.534 E4.95573
G1 X131.215 Y118.705 E5.15359
G1 X131.215 Y119.266 E5.18132
G1 X128.516 Y121.964 E5.37005
G1 X129.077 Y121.964 E5.39778
G1 X131.215 Y119.827 E5.54728
G1 X131.215 Y120.387 E5.57501
G1 X129.638 Y121.964 E5.68530
G1 X130.198 Y121.964 E5.71303
G1 X131.215 Y120.948 E5.78411
G1 X131.215 Y121.509 E5.81184
G1 X130.585 Y122.138 E5.85584
G1 E3.85584 F2400.000
G92 E0
G1 X131.215 Y81.335 F7800.000
G1 E2.00000 F2400.000
;TYPE:Internal infill
;WIDTH:0.45
G1 F4800.000
G1 X131.215 Y83.649 E2.11128
G1 X127.938 Y84.527 E2.27445
G1 X127.938 Y86.841 E2.38573
G1 X131.215 Y90.753 F7800.000
G1 F4800.000
G1 X131.215 Y88.439 E2.49702
G1 X127.938 Y89.318 E2.66019
G1 X127.938 Y88.893 E2.68059
G1 X131.215 Y92.170 E2.90348
G1 X131.215 Y93.230 E2.95445
G1 X127.938 Y94.108 E3.11762
G1 X127.938 Y95.438 E3.18156
G1 X131.215 Y98.715 E3.40446
G1 X131.215 Y98.021 E3.43782
G1 X127.938 Y98.899 E3.60099
G1 X127.938 Y99.416 E3.62586
G1 X131.215 Y87.186 E4.23482
G1 X131.215 Y85.626 E4.30984
G1 X127.938 Y82.349 E4.53274
G1 X127.938 Y81.537 E4.57181
G1 X131.215 Y69.277 E5.18217
G1 X127.938 Y70.155 E5.34535
G1 X127.938 Y69.261 E5.38834
G1 X131.215 Y72.538 E5.61124
G1 X131.215 Y74.067 E5.68481
G1 X127.938 Y74.946 E5.84798
G1 X127.938 Y75.805 E5.88932
G1 X131.215 Y79.082 E6.11221
G1 X131.215 Y78.858 E6.12298
G1 X127.938 Y79.736 E6.28615
G1 X127.938 Y77.422 E6.39743
G1 X127.938 Y67.110 F7800.000
G1 F4800.000
G1 X127.938 Y66.835 E6.41065
G1 X128.385 Y66.835 E6.43219
G1 X128.385 Y65.244 E6.50872
G1 X131.215 Y64.486 E6.64959
G1 X131.215 Y65.994 E6.72209
G1 X128.385 Y63.165 E6.91452
G1 X128.385 Y63.036 E6.92072
G1 X130.570 Y63.036 E7.02581
G1 E5.02581 F2400.000
G92 E0
G1 X121.942 Y114.730 F7800.000
G1 E2.00000 F2400.000
;TYPE:Perimeter
G1 F900.000
G1 X122.135 Y114.762 E2.00944
G1 X122.135 Y118.454 E2.18699
G1 X121.904 Y118.454 E2.19813
G1 X121.904 Y122.254 E2.38089
G1 X118.496 Y122.254 E2.54478
G1 X118.496 Y116.435 E2.82462
G1 X118.719 Y116.687 E2.84079
G1 X121.591 Y115.760 E2.98594
G1 X121.922 Y114.787 E3.03536
G1 X121.904 Y62.746 F7800.000
G1 F3600.000
G1 X121.904 Y66.546 E3.21811
G1 X122.135 Y66.546 E3.22925
G1 X122.135 Y110.524 E5.34445
G1 X121.942 Y110.556 E5.35389
G1 X121.591 Y109.527 E5.40619
G1 X118.719 Y108.600 E5.55135
G1 X118.496 Y108.851 E5.56751
G1 X118.496 Y62.746 E7.78499
G1 X121.844 Y62.746 E7.94600
G1 X122.289 Y62.361 F7800.000
G1 F3600.000
G1 X122.289 Y66.161 E8.12875
G1 X122.521 Y66.161 E8.13989
G1 X122.521 Y118.839 E10.67356
G1 X122.289 Y118.839 E10.68470
G1 X122.289 Y122.639 E10.86746
G1 X118.111 Y122.639 E11.06844
G1 X118.111 Y115.419 E11.41571
G1 X118.841 Y116.242 E11.46863
G1 X121.289 Y115.452 E11.59235
G1 X122.245 Y112.643 E11.73506
G1 X121.289 Y109.834 E11.87778
G1 X118.841 Y109.044 E12.00150
G1 X118.111 Y109.867 E12.05442
G1 X118.111 Y62.361 E14.33932
G1 X122.229 Y62.361 E14.53742
G1 X122.490 Y61.975 F7800.000
;TYPE:External perimeter
G1 F1800.000
G1 X122.675 Y61.975 E14.54632
G1 X122.675 Y65.775 E14.72907
G1 X122.883 Y65.775 E14.73907
G1 X122.883 Y65.953 E14.74762
G1 X122.907 Y65.979 E14.74933
G1 X122.907 Y119.021 E17.30045
G1 X122.883 Y119.047 E17.30216
G1 X122.883 Y119.225 E17.31071
G1 X122.675 Y119.225 E17.32071
G1 X122.675 Y123.025 E17.50346
G1 X117.725 Y123.025 E17.74154
G1 X117.725 Y114.990 E18.12801
G1 X118.245 Y114.990 E18.15303
G1 X118.962 Y115.798 E18.20499
G1 X120.986 Y115.145 E18.30729
G1 X121.838 Y112.643 E18.43438
G1 X120.986 Y110.142 E18.56147
G1 X118.962 Y109.489 E18.66376
G1 X118.245 Y110.297 E18.71572
G1 X117.725 Y110.297 E18.74074
G1 X117.725 Y61.975 E21.06485
G1 X122.430 Y61.975 E21.29114
G1 X122.647 Y62.073 F7800.000
G1 E19.29114 F2400.000
G92 E0
G1 X118.785 Y75.084 F7800.000
G1 E2.00000 F2400.000
;TYPE:Internal infill
G1 F4800.000
G1 X118.785 Y77.398 E2.11128
G1 X121.846 Y76.578 E2.26368
G1 X121.846 Y76.258 E2.27907
G1 X118.785 Y73.197 E2.48726
G1 X118.785 Y72.607 E2.51563
G1 X121.846 Y71.787 E2.66803
G1 X121.846 Y69.714 E2.76776
G1 X118.785 Y66.653 E2.97594
G1 X118.785 Y67.816 E3.03191
G1 X121.846 Y66.996 E3.18431
G1 X121.846 Y68.512 E3.25722
G1 X118.785 Y79.935 E3.82599
G1 X118.785 Y79.741 E3.83530
G1 X121.846 Y82.802 E4.04349
G1 X121.846 Y81.368 E4.11244
G1 X118.785 Y82.189 E4.26484
G1 X118.785 Y84.502 E4.37612
G1 X118.785 Y94.247 F7800.000
G1 F4800.000
G1 X118.785 Y96.561 E4.48740
G1 X121.846 Y95.740 E4.63980
G1 X121.846 Y95.890 E4.64701
G1 X118.785 Y92.830 E4.85520
G1 X118.785 Y91.770 E4.90617
G1 X121.846 Y90.950 E5.05857
G1 X121.846 Y89.346 E5.13570
G1 X118.785 Y86.285 E5.34388
G1 X118.785 Y86.979 E5.37725
G1 X121.846 Y86.159 E5.52965
G1 X121.846 Y86.391 E5.54082
G1 X118.785 Y97.814 E6.10959
G1 X118.785 Y99.374 E6.18461
G1 X121.846 Y102.434 E6.39280
G1 X121.846 Y104.270 E6.48110
G1 X120.604 Y108.904 E6.71184
G1 X121.458 Y109.180 E6.75499
G1 X121.846 Y109.116 E6.77390
G1 X121.846 Y108.979 E6.78050
G1 X118.785 Y105.918 E6.98868
G1 X118.785 Y106.142 E6.99945
G1 X121.846 Y105.322 E7.15185
G1 X118.785 Y103.665 F7800.000
G1 F4800.000
G1 X118.785 Y101.351 E7.26313
G1 X121.846 Y100.531 E7.41553
G1 X121.846 Y98.217 E7.52682
G1 X121.851 Y109.408 F7800.000
;TYPE:Gap fill
;WIDTH:0.151882
G1 F1200.000
G1 X121.920 Y109.824 E7.53142
G1 X122.070 Y110.731 F7800.000
;WIDTH:0.459368
G1 F1200.000
G1 X122.129 Y111.086 E7.54917
;WIDTH:0.313231
G1 X122.217 Y111.619 E7.56595
;WIDTH:0.167093
G1 X122.306 Y112.153 E7.57287
G1 X122.306 Y113.134 F7800.000
;WIDTH:0.167093
G1 F1200.000
G1 X122.276 Y113.311 E7.57518
;WIDTH:0.215805
G1 X122.247 Y113.489 E7.57859
;WIDTH:0.264518
G1 X122.217 Y113.667 E7.58308
;WIDTH:0.31323
G1 X122.188 Y113.845 E7.58868
;WIDTH:0.361943
G1 X122.158 Y114.023 E7.59536
;WIDTH:0.410655
G1 X122.129 Y114.200 E7.60315
;WIDTH:0.459368
G1 X122.100 Y114.378 E7.61202
;WIDTH:0.50808
G1 X122.070 Y114.556 E7.62200
G1 X121.920 Y115.462 F7800.000
;WIDTH:0.151883
G1 F1200.000
G1 X121.897 Y115.601 E7.62353
;WIDTH:0.185386
G1 X121.874 Y115.740 E7.62565
;WIDTH:0.218889
G1 X121.851 Y115.878 E7.62836
G1 X119.824 Y116.452 F7800.000
;TYPE:Solid infill
;WIDTH:0.467107
G1 F1200.000
G1 X118.785 Y117.490 E7.70214
G1 X118.785 Y118.060 E7.73075
G1 X120.396 Y116.449 E7.84515
G1 X121.237 Y116.178 E7.88954
G1 X118.785 Y118.629 E8.06369
G1 X118.785 Y119.199 E8.09230
G1 X121.818 Y116.166 E8.30774
G1 X121.846 Y116.171 E8.30916
G1 X121.846 Y116.708 E8.33614
G1 X118.785 Y119.768 E8.55356
G1 X118.785 Y120.338 E8.58216
G1 X121.846 Y117.277 E8.79959
G1 X121.846 Y117.847 E8.82819
G1 X118.785 Y120.907 E9.04561
G1 X118.785 Y121.477 E9.07422
G1 X121.615 Y118.648 E9.27519
G1 X121.615 Y119.217 E9.30380
G1 X118.868 Y121.964 E9.49893
G1 X119.437 Y121.964 E9.52754
G1 X121.615 Y119.787 E9.68221
G1 X121.615 Y120.357 E9.71082
G1 X120.007 Y121.964 E9.82503
G1 X120.576 Y121.964 E9.85364
G1 X121.615 Y120.926 E9.92740
G1 X121.615 Y121.496 E9.95601
G1 X120.972 Y122.138 E10.00163
M106 S252.45
;LAYER_CHANGE
;Z:1.28
;HEIGHT:0.0599999
G1 Z1.280 F7800.000
G1 E8.00163 F2400.000
G92 E0
G1 X123.434 Y120.356 F7800.000
G1 E2.00000 F2400.000
;TYPE:Support material
;WIDTH:0.35
;HEIGHT:0.24
G1 F2758
G1 X126.438 Y120.356 E2.08947
G1 X126.438 Y120.181 E2.09469
G1 X126.415 Y120.165 E2.09552
G1 X126.346 Y119.962 E2.10192
G1 X126.211 Y119.865 E2.10686
G1 X126.142 Y119.662 E2.11326
G1 X126.007 Y119.565 E2.11821
G1 X125.863 Y119.144 E2.13146
G1 X125.845 Y119.036 E2.13470
G1 X125.845 Y117.571 E2.17836
G1 X124.162 Y117.571 E2.22849
G1 X124.162 Y114.785 E2.31146
G1 X125.845 Y114.785 E2.36159
G1 X125.845 Y111.999 E2.44456
G1 X124.162 Y111.999 E2.49469
G1 X124.162 Y109.214 E2.57766
G1 X125.845 Y109.214 E2.62779
G1 X125.845 Y106.428 E2.71076
G1 X124.162 Y106.428 E2.76089
G1 X124.162 Y103.642 E2.84386
G1 X125.845 Y103.642 E2.89399
G1 X125.845 Y100.857 E2.97696
G1 X124.162 Y100.857 E3.02710
G1 X124.162 Y98.071 E3.11006
G1 X125.845 Y98.071 E3.16020
G1 X125.845 Y95.286 E3.24316
G1 X124.162 Y95.286 E3.29330
G1 X124.162 Y92.500 E3.37626
G1 X125.845 Y92.500 E3.42640
G1 X125.845 Y89.714 E3.50937
G1 X124.162 Y89.714 E3.55950
G1 X124.162 Y86.929 E3.64247
G1 X125.845 Y86.929 E3.69260
G1 X125.845 Y84.143 E3.77557
G1 X124.162 Y84.143 E3.82570
G1 X124.162 Y81.358 E3.90867
G1 X125.845 Y81.358 E3.95880
G1 X125.845 Y78.572 E4.04177
G1 X124.162 Y78.572 E4.09190
G1 X124.162 Y75.786 E4.17487
G1 X125.845 Y75.786 E4.22500
G1 X125.845 Y73.001 E4.30797
G1 X124.162 Y73.001 E4.35810
G1 X124.162 Y70.215 E4.44107
G1 X125.845 Y70.215 E4.49120
G1 X125.845 Y67.429 E4.57417
G1 X124.162 Y67.429 E4.62431
G1 X124.162 Y65.888 E4.67022
G1 X124.076 Y65.661 E4.67745
G1 X123.770 Y65.316 E4.69118
G1 X123.770 Y64.976 E4.70132
G1 X123.562 Y64.768 E4.71008
G1 X123.562 Y64.644 E4.71377
G1 X126.566 Y64.644 E4.80324
G1 X126.700 Y64.954 F7800.000
G1 F2758
G1 X126.700 Y61.890 E4.89448
G1 X123.300 Y61.890 E4.99575
G1 X123.300 Y64.876 E5.08468
G1 X123.508 Y65.084 E5.09344
G1 X123.508 Y65.478 E5.10518
G1 X123.601 Y65.520 E5.10822
G1 X123.848 Y65.799 E5.11931
G1 X123.900 Y65.936 E5.12368
G1 X123.900 Y119.064 E6.70604
G1 X123.848 Y119.201 E6.71041
G1 X123.601 Y119.480 E6.72150
G1 X123.508 Y119.522 E6.72454
G1 X123.508 Y119.916 E6.73628
G1 X123.300 Y120.124 E6.74504
G1 X123.300 Y123.110 E6.83397
G1 X126.700 Y123.110 E6.93524
G1 X126.700 Y120.046 E7.02648
G1 X126.636 Y120.001 E7.02881
G1 X126.567 Y119.797 E7.03521
G1 X126.432 Y119.701 E7.04016
G1 X126.363 Y119.497 E7.04655
G1 X126.228 Y119.401 E7.05150
G1 X126.108 Y119.015 E7.06353
G1 X126.108 Y65.985 E8.64297
G1 X126.228 Y65.599 E8.65500
G1 X126.363 Y65.503 E8.65995
G1 X126.432 Y65.299 E8.66635
G1 X126.567 Y65.203 E8.67129
G1 X126.636 Y64.999 E8.67769
G1 X126.700 Y64.954 E8.68002
M106 S165.75
;LAYER_CHANGE
;Z:1.52
;HEIGHT:0.24
G1 Z1.520 F7800.000
G1 X126.700 Y64.713
G1 F3600.000
G1 X126.700 Y61.890 E8.76408
G1 X123.300 Y61.890 E8.86535
G1 X123.300 Y64.576 E8.94535
G1 X123.508 Y64.784 E8.95411
G1 X123.508 Y65.625 E8.97915
G1 X123.717 Y65.625 E8.98539
G1 X124.025 Y65.932 E8.99834
G1 X124.025 Y119.068 E10.58092
G1 X123.717 Y119.375 E10.59387
G1 X123.508 Y119.375 E10.60011
G1 X123.508 Y120.216 E10.62515
G1 X123.300 Y120.424 E10.63391
G1 X123.300 Y123.110 E10.71390
G1 X126.700 Y123.110 E10.81517
G1 X126.700 Y120.287 E10.89923
G1 X126.577 Y120.116 E10.90551
G1 X126.626 Y119.971 E10.91006
G1 X126.567 Y119.797 E10.91553
G1 X126.479 Y119.734 E10.91877
G1 X126.237 Y119.816 E10.92637
G1 X125.844 Y118.660 E10.96274
G1 X125.983 Y118.613 E10.96711
G1 X125.983 Y65.932 E12.53615
G1 X126.290 Y65.625 E12.54911
G1 X126.321 Y65.625 E12.55003
G1 X126.432 Y65.299 E12.56027
G1 X126.567 Y65.203 E12.56522
G1 X126.626 Y65.029 E12.57070
G1 X126.577 Y64.884 E12.57524
G1 X126.700 Y64.713 E12.58152
G1 X126.566 Y64.644 F7800.000
G1 F3600.000
G1 X123.738 Y64.644 E12.66575
G1 X123.770 Y64.676 E12.66709
G1 X123.770 Y65.363 E12.68755
G1 X123.826 Y65.363 E12.68922
G1 X124.287 Y65.824 E12.70864
G1 X124.287 Y67.429 E12.75646
G1 X125.720 Y67.429 E12.79915
G1 X125.720 Y70.215 E12.88212
G1 X124.287 Y70.215 E12.92481
G1 X124.287 Y73.001 E13.00777
G1 X125.720 Y73.001 E13.05046
G1 X125.720 Y75.786 E13.13343
G1 X124.287 Y75.786 E13.17611
G1 X124.287 Y78.572 E13.25908
G1 X125.720 Y78.572 E13.30177
G1 X125.720 Y81.358 E13.38474
G1 X124.287 Y81.358 E13.42742
G1 X124.287 Y84.143 E13.51039
G1 X125.720 Y84.143 E13.55308
G1 X125.720 Y86.929 E13.63604
G1 X124.287 Y86.929 E13.67873
G1 X124.287 Y89.714 E13.76170
G1 X125.720 Y89.714 E13.80439
G1 X125.720 Y92.500 E13.88735
G1 X124.287 Y92.500 E13.93004
G1 X124.287 Y95.286 E14.01301
G1 X125.720 Y95.286 E14.05569
G1 X125.720 Y98.071 E14.13866
G1 X124.287 Y98.071 E14.18135
G1 X124.287 Y100.857 E14.26432
G1 X125.720 Y100.857 E14.30700
G1 X125.720 Y103.642 E14.38997
G1 X124.287 Y103.642 E14.43266
G1 X124.287 Y106.428 E14.51562
G1 X125.720 Y106.428 E14.55831
G1 X125.720 Y109.214 E14.64128
G1 X124.287 Y109.214 E14.68397
G1 X124.287 Y111.999 E14.76693
G1 X125.720 Y111.999 E14.80962
G1 X125.720 Y114.785 E14.89259
G1 X124.287 Y114.785 E14.93527
G1 X124.287 Y117.571 E15.01824
G1 X125.720 Y117.571 E15.06093
G1 X125.720 Y118.425 E15.08639
G1 X125.511 Y118.497 E15.09298
G1 X126.073 Y120.149 E15.14497
G1 X126.317 Y120.066 E15.15263
G1 X126.286 Y120.159 E15.15555
G1 X126.427 Y120.356 E15.16278
G1 X123.557 Y120.356 E15.24827
G1 E13.24827 F2400.000
G92 E0
G1 X129.719 Y108.300 F7800.000
G1 E2.00000 F2400.000
;TYPE:Perimeter
;WIDTH:0.45
;HEIGHT:0.3
G1 F3600.000
G1 X127.793 Y110.472 E2.13965
G1 X127.793 Y66.246 E4.26678
G1 X128.096 Y66.246 E4.28137
G1 X128.096 Y63.046 E4.43527
G1 X131.504 Y63.046 E4.59916
G1 X131.504 Y108.876 E6.80339
G1 X129.776 Y108.318 E6.89070
G1 E4.89070 F2400.000
G92 E0
G1 X127.793 Y114.214 F7800.000
G1 E2.00000 F2400.000
G1 F900.000
G1 X129.719 Y116.387 E2.13965
G1 X131.504 Y115.811 E2.22985
G1 X131.504 Y121.954 E2.52530
G1 X128.096 Y121.954 E2.68919
G1 X128.096 Y118.754 E2.84309
G1 X127.793 Y118.754 E2.85769
G1 X127.793 Y114.274 E3.07314
G1 E1.07314 F2400.000
G92 E0
G1 X129.841 Y108.744 F7800.000
G1 E2.00000 F2400.000
G1 F3600.000
G1 X127.997 Y110.823 E2.13362
G1 X127.997 Y113.864 E2.27987
G1 X129.841 Y115.942 E2.41349
G1 X131.889 Y115.281 E2.51704
G1 X131.889 Y122.339 E2.85652
G1 X127.711 Y122.339 E3.05750
G1 X127.711 Y119.139 E3.21140
G1 X127.407 Y119.139 E3.22599
G1 X127.407 Y65.861 E5.78853
G1 X127.711 Y65.861 E5.80312
G1 X127.711 Y62.661 E5.95701
G1 X131.889 Y62.661 E6.15800
G1 X131.889 Y109.406 E8.40626
G1 X129.898 Y108.763 E8.50692
G1 X129.962 Y109.189 F7800.000
;TYPE:External perimeter
G1 F1800.000
G1 X128.383 Y110.969 E8.62138
G1 X128.383 Y113.717 E8.75355
G1 X129.962 Y115.498 E8.86802
G1 X131.986 Y114.845 E8.97031
G1 X132.039 Y114.690 E8.97819
G1 X132.275 Y114.690 E8.98955
G1 X132.275 Y122.725 E9.37602
G1 X127.325 Y122.725 E9.61410
G1 X127.325 Y119.525 E9.76800
G1 X127.135 Y119.525 E9.77716
G1 X127.022 Y119.193 E9.79402
G1 X127.022 Y65.807 E12.36172
G1 X127.135 Y65.475 E12.37858
G1 X127.325 Y65.475 E12.38774
G1 X127.325 Y62.275 E12.54163
G1 X132.275 Y62.275 E12.77971
G1 X132.275 Y109.997 E15.07496
G1 X132.039 Y109.997 E15.08633
G1 X131.986 Y109.842 E15.09421
G1 X130.019 Y109.207 E15.19361
G1 X129.633 Y108.960 F7800.000
G1 X128.082 Y108.863
;TYPE:Internal infill
G1 F4800.000
G1 X128.082 Y109.710 E15.23435
G1 X128.571 Y109.159 E15.26978
G1 X128.082 Y108.670 E15.30302
G1 X128.082 Y108.442 E15.31402
G1 X129.558 Y108.046 E15.38749
G1 X129.628 Y107.966 E15.39262
G1 X129.731 Y108.000 E15.39782
G1 X131.215 Y107.602 E15.47168
G1 X131.215 Y108.479 E15.51383
G1 X130.373 Y108.207 E15.55638
G1 X131.215 Y105.065 E15.71282
G1 X131.215 Y105.259 E15.72213
G1 X128.082 Y102.126 E15.93520
G1 X128.082 Y103.651 E16.00853
G1 X131.215 Y102.811 E16.16451
G1 X131.215 Y100.498 E16.27579
G1 X127.702 Y110.865 F7800.000
;TYPE:Gap fill
;WIDTH:0.268917
G1 F1200.000
G1 X127.702 Y113.821 E16.35120
G1 X131.388 Y116.780 F7800.000
;TYPE:Solid infill
;WIDTH:0.467826
G1 F1200.000
G1 X130.913 Y116.305 E16.38498
G1 X130.482 Y116.444 E16.40778
G1 X131.215 Y117.177 E16.45990
G1 X131.215 Y117.747 E16.48861
G1 X130.051 Y116.583 E16.57143
G1 X129.628 Y116.720 E16.59378
G1 X128.082 Y114.976 E16.71105
G1 X128.082 Y115.185 E16.72157
G1 X131.215 Y118.318 E16.94449
G1 X131.215 Y118.888 E16.97320
G1 X128.082 Y115.756 E17.19611
G1 X128.082 Y116.326 E17.22483
G1 X131.215 Y119.459 E17.44774
G1 X131.215 Y120.029 E17.47645
G1 X128.082 Y116.897 E17.69937
G1 X128.082 Y117.467 E17.72808
G1 X131.215 Y120.600 E17.95100
G1 X131.215 Y121.171 E17.97971
G1 X128.082 Y118.038 E18.20263
G1 X128.082 Y118.465 E18.22409
G1 X128.385 Y118.464 E18.23936
G1 X128.385 Y118.912 E18.26188
G1 X131.138 Y121.664 E18.45774
G1 X130.567 Y121.664 E18.48645
G1 X128.385 Y119.483 E18.64172
G1 X128.385 Y120.053 E18.67043
G1 X129.997 Y121.664 E18.78509
G1 X129.426 Y121.664 E18.81380
G1 X128.385 Y120.624 E18.88786
G1 X128.385 Y121.194 E18.91657
G1 X129.029 Y121.838 E18.96238
G1 E16.96238 F2400.000
G92 E0
G1 X131.215 Y81.335 F7800.000
G1 E2.00000 F2400.000
;TYPE:Internal infill
;WIDTH:0.45
G1 F4800.000
G1 X131.215 Y83.649 E2.11128
G1 X128.082 Y84.488 E2.26726
G1 X128.082 Y86.802 E2.37854
G1 X131.215 Y90.753 F7800.000
G1 F4800.000
G1 X131.215 Y88.439 E2.48982
G1 X128.082 Y89.279 E2.64580
G1 X128.082 Y89.038 E2.65739
G1 X131.215 Y92.170 E2.87046
G1 X131.215 Y93.230 E2.92143
G1 X128.082 Y94.070 E3.07741
G1 X128.082 Y95.582 E3.15015
G1 X131.215 Y98.715 E3.36322
G1 X131.215 Y98.021 E3.39659
G1 X128.082 Y98.860 E3.55256
G1 X128.082 Y98.877 E3.55336
G1 X131.215 Y87.186 E4.13547
G1 X131.215 Y85.626 E4.21049
G1 X128.082 Y82.494 E4.42356
G1 X128.082 Y80.998 E4.49552
G1 X131.215 Y69.277 E5.07903
G1 X128.082 Y70.116 E5.23501
G1 X128.082 Y69.405 E5.26920
G1 X131.215 Y72.538 E5.48227
G1 X131.215 Y74.067 E5.55584
G1 X128.082 Y74.907 E5.71181
G1 X128.082 Y75.950 E5.76196
G1 X131.215 Y79.082 E5.97503
G1 X131.215 Y78.858 E5.98580
G1 X128.082 Y79.697 E6.14178
G1 X128.082 Y77.384 E6.25306
G1 X128.082 Y67.255 F7800.000
G1 F4800.000
G1 X128.082 Y66.535 E6.28765
G1 X128.385 Y66.535 E6.30224
G1 X128.385 Y65.244 E6.36434
G1 X131.215 Y64.486 E6.50521
G1 X131.215 Y65.994 E6.57772
G1 X128.557 Y63.336 E6.75851
G1 X130.870 Y63.336 E6.86979
G1 E4.86979 F2400.000
G92 E0
G1 X121.918 Y114.499 F7800.000
G1 E2.00000 F2400.000
;TYPE:Perimeter
G1 F900.000
G1 X122.112 Y114.532 E2.00944
G1 X122.112 Y118.754 E2.21251
G1 X121.904 Y118.754 E2.22252
G1 X121.904 Y121.954 E2.37642
G1 X118.496 Y121.954 E2.54031
G1 X118.496 Y116.135 E2.82015
G1 X118.719 Y116.387 E2.83631
G1 X121.591 Y115.460 E2.98147
G1 X121.899 Y114.556 E3.02736
G1 X121.904 Y63.046 F7800.000
G1 F3600.000
G1 X121.904 Y66.246 E3.18126
G1 X122.112 Y66.246 E3.19126
G1 X122.112 Y110.155 E5.30312
G1 X121.918 Y110.187 E5.31256
G1 X121.591 Y109.227 E5.36134
G1 X118.719 Y108.300 E5.50649
G1 X118.496 Y108.551 E5.52266
G1 X118.496 Y63.046 E7.71128
G1 X121.844 Y63.046 E7.87228
G1 X122.289 Y62.661 F7800.000
G1 F3600.000
G1 X122.289 Y65.861 E8.02618
G1 X122.497 Y65.861 E8.03618
G1 X122.497 Y119.139 E10.59872
G1 X122.289 Y119.139 E10.60872
G1 X122.289 Y122.339 E10.76262
G1 X118.111 Y122.339 E10.96360
G1 X118.111 Y115.119 E11.31086
G1 X118.841 Y115.942 E11.36378
G1 X121.289 Y115.152 E11.48751
G1 X122.245 Y112.343 E11.63022
G1 X121.289 Y109.534 E11.77293
G1 X118.841 Y108.744 E11.89666
G1 X118.111 Y109.567 E11.94957
G1 X118.111 Y62.661 E14.20562
G1 X122.229 Y62.661 E14.40372
G1 X122.490 Y62.275 F7800.000
;TYPE:External perimeter
G1 F1800.000
G1 X122.675 Y62.275 E14.41262
G1 X122.675 Y65.475 E14.56651
G1 X122.883 Y65.475 E14.57651
G1 X122.883 Y119.525 E17.17614
G1 X122.675 Y119.525 E17.18615
G1 X122.675 Y122.725 E17.34004
G1 X117.725 Y122.725 E17.57812
G1 X117.725 Y114.690 E17.96459
G1 X118.245 Y114.690 E17.98961
G1 X118.962 Y115.498 E18.04157
G1 X120.986 Y114.845 E18.14386
G1 X121.838 Y112.343 E18.27095
G1 X120.986 Y109.842 E18.39804
G1 X118.962 Y109.189 E18.50034
G1 X118.245 Y109.997 E18.55230
G1 X117.725 Y109.997 E18.57732
G1 X117.725 Y62.275 E20.87257
G1 X122.430 Y62.275 E21.09886
G1 X122.647 Y62.373 F7800.000
G1 E19.09886 F2400.000
G92 E0
G1 X121.823 Y69.690 F7800.000
G1 E2.00000 F2400.000
;TYPE:Internal infill
G1 F4800.000
G1 X118.785 Y66.653 E2.20658
G1 X118.785 Y67.816 E2.26254
G1 X121.823 Y67.003 E2.41377
G1 X121.823 Y68.601 E2.49062
G1 X118.785 Y79.935 E3.05499
G1 X118.785 Y79.741 E3.06431
G1 X121.823 Y82.778 E3.27089
G1 X121.823 Y81.375 E3.33840
G1 X118.785 Y82.189 E3.48962
G1 X118.785 Y84.502 E3.60090
G1 X118.785 Y75.084 F7800.000
G1 F4800.000
G1 X118.785 Y77.398 E3.71218
G1 X121.823 Y76.584 E3.86341
G1 X121.823 Y76.234 E3.88024
G1 X118.785 Y73.197 E4.08682
G1 X118.785 Y72.607 E4.11519
G1 X121.823 Y71.793 E4.26641
G1 X121.823 Y74.107 E4.37770
G1 X118.785 Y94.247 F7800.000
G1 F4800.000
G1 X118.785 Y96.561 E4.48898
G1 X121.823 Y95.747 E4.64020
G1 X121.823 Y95.867 E4.64597
G1 X118.785 Y92.830 E4.85255
G1 X118.785 Y91.770 E4.90352
G1 X121.823 Y90.956 E5.05475
G1 X121.823 Y89.323 E5.13331
G1 X118.785 Y86.285 E5.33989
G1 X118.785 Y86.979 E5.37326
G1 X121.823 Y86.165 E5.52448
G1 X121.823 Y86.480 E5.53959
G1 X118.785 Y97.814 E6.10397
G1 X118.785 Y99.374 E6.17899
G1 X121.823 Y102.411 E6.38557
G1 X121.823 Y100.537 E6.47568
G1 X118.785 Y101.351 E6.62690
G1 X118.785 Y103.665 E6.73818
G1 X121.823 Y102.604 F7800.000
G1 F4800.000
G1 X121.823 Y104.359 E6.82259
G1 X120.678 Y108.628 E7.03519
G1 X121.445 Y108.876 E7.07396
G1 X121.701 Y108.834 E7.08641
G1 X118.785 Y105.918 E7.28473
G1 X118.785 Y106.142 E7.29550
G1 X121.823 Y105.328 E7.44672
G1 X121.838 Y109.104 F7800.000
;TYPE:Gap fill
;WIDTH:0.159508
G1 F1200.000
G1 X121.896 Y109.455 E7.45094
G1 X122.046 Y110.361 F7800.000
;WIDTH:0.459368
G1 F1200.000
G1 X122.105 Y110.717 E7.46869
;WIDTH:0.313231
G1 X122.194 Y111.250 E7.48547
;WIDTH:0.167093
G1 X122.282 Y111.783 E7.49240
G1 X122.282 Y112.903 F7800.000
;WIDTH:0.167093
G1 F1200.000
G1 X122.253 Y113.081 E7.49470
;WIDTH:0.215806
G1 X122.223 Y113.259 E7.49811
;WIDTH:0.264519
G1 X122.194 Y113.436 E7.50261
;WIDTH:0.313231
G1 X122.164 Y113.614 E7.50820
;WIDTH:0.361944
G1 X122.135 Y113.792 E7.51489
;WIDTH:0.410656
G1 X122.105 Y113.970 E7.52267
;WIDTH:0.459369
G1 X122.076 Y114.147 E7.53155
;WIDTH:0.508082
G1 X122.046 Y114.325 E7.54152
G1 X121.896 Y115.232 F7800.000
;WIDTH:0.15951
G1 F1200.000
G1 X121.867 Y115.407 E7.54363
;WIDTH:0.200639
G1 X121.838 Y115.582 E7.54665
G1 X121.996 Y116.535 F7800.000
;TYPE:Solid infill
;WIDTH:0.462457
G1 F1200.000
G1 X121.314 Y115.853 E7.59452
G1 X120.889 Y115.990 E7.61672
G1 X121.823 Y116.924 E7.68230
G1 X121.823 Y117.487 E7.71025
G1 X120.463 Y116.128 E7.80570
G1 X120.037 Y116.265 E7.82791
G1 X121.823 Y118.050 E7.95325
G1 X121.823 Y118.465 E7.97383
G1 X121.674 Y118.465 E7.98120
G1 X119.612 Y116.402 E8.12599
G1 X119.186 Y116.540 E8.14820
G1 X121.615 Y118.968 E8.31870
G1 X121.615 Y119.531 E8.34665
G1 X118.785 Y116.702 E8.54530
G1 X118.785 Y117.265 E8.57325
G1 X121.615 Y120.094 E8.77190
G1 X121.615 Y120.657 E8.79985
G1 X118.785 Y117.828 E8.99850
G1 X118.785 Y118.391 E9.02645
G1 X121.615 Y121.220 E9.22510
G1 X121.615 Y121.664 E9.24717
G1 X121.496 Y121.664 E9.25305
G1 X118.785 Y118.954 E9.44339
G1 X118.785 Y119.517 E9.47134
G1 X120.933 Y121.664 E9.62214
G1 X120.370 Y121.664 E9.65009
G1 X118.785 Y120.080 E9.76136
G1 X118.785 Y120.643 E9.78931
G1 X119.807 Y121.664 E9.86106
G1 X119.244 Y121.664 E9.88901
G1 X118.612 Y121.032 E9.93341
M106 S163.2
;LAYER_CHANGE
;Z:1.82
;HEIGHT:0.3
G1 Z1.820 F7800.000
G1 E7.93341 F2400.000
G92 E0
G1 X122.287 Y123.189 F7800.000
G1 E2.00000 F2400.000
;TYPE:Support material interface
;WIDTH:0.4
;HEIGHT:0.4
G1 F3600.000
G1 X122.287 Y123.349 E2.00835
G1 X122.572 Y123.349 E2.02328
G1 X122.572 Y123.318 E2.02491
G1 X122.858 Y123.318 E2.03984
G1 X122.858 Y123.478 E2.04819
G1 E0.04819 F2400.000
G92 E0
G1 X123.636 Y120.356 F7800.000
G1 E2.00000 F2400.000
;TYPE:Support material
;WIDTH:0.35
;HEIGHT:0.3
G1 F3600.000
G1 X126.428 Y120.356 E2.09946
G1 X126.291 Y120.158 E2.10805
G1 X126.325 Y120.058 E2.11182
G1 X126.077 Y120.143 E2.12118
G1 X125.517 Y118.500 E2.18299
G1 X125.726 Y118.429 E2.19082
G1 X125.726 Y117.571 E2.22141
G1 X124.282 Y117.571 E2.27283
G1 X124.282 Y114.785 E2.37207
G1 X125.726 Y114.785 E2.42349
G1 X125.726 Y111.999 E2.52273
G1 X124.282 Y111.999 E2.57415
G1 X124.282 Y109.214 E2.67339
G1 X125.726 Y109.214 E2.72481
G1 X125.726 Y106.428 E2.82405
G1 X124.282 Y106.428 E2.87547
G1 X124.282 Y103.642 E2.97470
G1 X125.726 Y103.642 E3.02613
G1 X125.726 Y100.857 E3.12536
G1 X124.282 Y100.857 E3.17679
G1 X124.282 Y98.071 E3.27602
G1 X125.726 Y98.071 E3.32745
G1 X125.726 Y95.286 E3.42668
G1 X124.282 Y95.286 E3.47811
G1 X124.282 Y92.500 E3.57734
G1 X125.726 Y92.500 E3.62877
G1 X125.726 Y89.714 E3.72800
G1 X124.282 Y89.714 E3.77943
G1 X124.282 Y86.929 E3.87866
G1 X125.726 Y86.929 E3.93009
G1 X125.726 Y84.143 E4.02932
G1 X124.282 Y84.143 E4.08074
G1 X124.282 Y81.358 E4.17998
G1 X125.726 Y81.358 E4.23140
G1 X125.726 Y78.572 E4.33064
G1 X124.282 Y78.572 E4.38206
G1 X124.282 Y75.786 E4.48130
G1 X125.726 Y75.786 E4.53272
G1 X125.726 Y73.001 E4.63196
G1 X124.282 Y73.001 E4.68338
G1 X124.282 Y70.215 E4.78262
G1 X125.726 Y70.215 E4.83404
G1 X125.726 Y67.429 E4.93328
G1 X124.282 Y67.429 E4.98470
G1 X124.282 Y65.826 E5.04182
G1 X123.824 Y65.368 E5.06490
G1 X123.765 Y65.368 E5.06700
G1 X123.765 Y64.644 E5.09280
G1 X126.557 Y64.644 E5.19226
G1 X126.575 Y62.268 F7800.000
G1 F3600.000
G1 X126.700 Y62.393 E5.19856
G1 X126.700 Y64.470 E5.27255
G1 X126.686 Y64.484 E5.27328
G1 X126.686 Y64.733 E5.28214
G1 X126.577 Y64.884 E5.28877
G1 X126.595 Y64.936 E5.29071
G1 X126.442 Y64.884 E5.29648
G1 X126.140 Y65.776 E5.33002
G1 X125.983 Y65.932 E5.33793
G1 X125.983 Y118.613 E7.21463
G1 X125.844 Y118.660 E7.21986
G1 X126.237 Y119.816 E7.26336
G1 X126.539 Y119.714 E7.27470
G1 X126.626 Y119.971 E7.28440
G1 X126.577 Y120.116 E7.28983
G1 X126.686 Y120.267 E7.29647
G1 X126.686 Y120.516 E7.30532
G1 X126.700 Y120.530 E7.30605
G1 X126.700 Y122.607 E7.38005
G1 X126.575 Y122.732 E7.38635
G1 X126.575 Y123.110 E7.39979
G1 X123.425 Y123.110 E7.51200
G1 X123.425 Y122.732 E7.52544
G1 X123.300 Y122.607 E7.53173
G1 X123.300 Y120.724 E7.59884
G1 X123.508 Y120.516 E7.60932
G1 X123.508 Y119.375 E7.64995
G1 X123.717 Y119.375 E7.65741
G1 X124.025 Y119.068 E7.67291
G1 X124.025 Y65.932 E9.56580
G1 X123.717 Y65.625 E9.58129
G1 X123.508 Y65.625 E9.58875
G1 X123.508 Y64.484 E9.62939
G1 X123.300 Y64.276 E9.63987
G1 X123.300 Y62.393 E9.70697
G1 X123.425 Y62.268 E9.71327
G1 X123.425 Y61.890 E9.72671
G1 X126.575 Y61.890 E9.83892
G1 X126.575 Y62.268 E9.85236
G1 X127.142 Y61.522 F7800.000
;TYPE:Support material interface
;WIDTH:0.4
;HEIGHT:0.4
G1 F3600.000
G1 X127.142 Y61.682 E9.86072
G1 X127.428 Y61.682 E9.87564
G1 X127.428 Y61.651 E9.87728
G1 X127.713 Y61.651 E9.89220
G1 X127.713 Y61.811 E9.90056
G1 E7.90056 F2400.000
G92 E0
G1 X122.858 Y61.811 F7800.000
G1 E2.00000 F2400.000
G1 F3600.000
G1 X122.858 Y61.651 E2.00836
G1 X122.572 Y61.651 E2.02328
G1 X122.572 Y61.682 E2.02492
G1 X122.287 Y61.682 E2.03984
G1 X122.287 Y61.522 E2.04820
G1 E0.04820 F2400.000
G92 E0
G1 X127.142 Y123.189 F7800.000
G1 E2.00000 F2400.000
G1 F3600.000
G1 X127.142 Y123.349 E2.00835
G1 X127.428 Y123.349 E2.02328
G1 X127.428 Y123.318 E2.02491
G1 X127.713 Y123.318 E2.03984
G1 X127.713 Y123.478 E2.04819
G1 E0.04819 F2400.000
G92 E0
G1 X129.719 Y108.000 F7800.000
G1 E2.00000 F2400.000
;TYPE:Perimeter
;WIDTH:0.45
;HEIGHT:0.3
G1 F3600.000
G1 X127.937 Y110.009 E2.12918
G1 X127.937 Y65.810 E4.25500
G1 X128.152 Y65.179 E4.28710
G1 X128.096 Y65.014 E4.29548
G1 X128.096 Y63.346 E4.37567
G1 X131.504 Y63.346 E4.53956
G1 X131.504 Y108.576 E6.71494
G1 X129.776 Y108.018 E6.80224
G1 E4.80224 F2400.000
G92 E0
G1 X127.937 Y114.077 F7800.000
G1 E2.00000 F2400.000
G1 F900.000
G1 X129.719 Y116.087 E2.12918
G1 X131.504 Y115.511 E2.21937
G1 X131.504 Y121.654 E2.51483
G1 X128.096 Y121.654 E2.67872
G1 X128.096 Y119.986 E2.75891
G1 X128.152 Y119.821 E2.76729
G1 X127.937 Y119.190 E2.79938
G1 X127.937 Y114.137 E3.04240
G1 E1.04240 F2400.000
G92 E0
G1 X129.841 Y108.444 F7800.000
G1 E2.00000 F2400.000
G1 F3600.000
G1 X127.997 Y110.523 E2.13362
G1 X127.997 Y113.564 E2.27987
G1 X129.841 Y115.642 E2.41349
G1 X131.889 Y114.981 E2.51704
G1 X131.889 Y122.039 E2.85652
G1 X127.711 Y122.039 E3.05750
G1 X127.711 Y119.922 E3.15931
G1 X127.745 Y119.821 E3.16445
G1 X127.552 Y119.254 E3.19330
G1 X127.552 Y65.746 E5.76681
G1 X127.745 Y65.179 E5.79566
G1 X127.711 Y65.078 E5.80079
G1 X127.711 Y62.961 E5.90260
G1 X131.889 Y62.961 E6.10358
G1 X131.889 Y109.106 E8.32298
G1 X129.898 Y108.463 E8.42365
G1 X129.962 Y108.889 F7800.000
;TYPE:External perimeter
G1 F1800.000
G1 X128.383 Y110.669 E8.53811
G1 X128.383 Y113.417 E8.67028
G1 X129.962 Y115.198 E8.78474
G1 X131.986 Y114.545 E8.88704
G1 X132.039 Y114.390 E8.89491
G1 X132.275 Y114.390 E8.90628
G1 X132.275 Y122.425 E9.29275
G1 X127.325 Y122.425 E9.53083
G1 X127.325 Y119.859 E9.65425
G1 X127.338 Y119.821 E9.65615
G1 X127.166 Y119.317 E9.68175
G1 X127.166 Y65.683 E12.26140
G1 X127.338 Y65.179 E12.28701
G1 X127.325 Y65.141 E12.28890
G1 X127.325 Y62.575 E12.41233
G1 X132.275 Y62.575 E12.65040
G1 X132.275 Y109.697 E14.91680
G1 X132.039 Y109.697 E14.92816
G1 X131.986 Y109.542 E14.93604
G1 X130.019 Y108.907 E15.03545
G1 X129.633 Y108.660 F7800.000
G1 X130.630 Y107.990
;TYPE:Internal infill
G1 F4800.000
G1 X131.215 Y108.179 E15.06498
G1 X131.215 Y107.602 E15.09270
G1 X130.239 Y107.864 E15.14128
G1 X130.447 Y107.931 E15.15179
G1 X131.215 Y105.065 E15.29448
G1 X131.215 Y105.259 E15.30379
G1 X128.227 Y102.271 E15.50703
G1 X128.227 Y103.612 E15.57155
G1 X131.215 Y102.811 E15.72033
G1 X131.215 Y100.498 E15.83161
G1 X130.055 Y107.804 F7800.000
G1 F4800.000
G1 X129.628 Y107.666 E15.85321
G1 X129.209 Y108.140 E15.88362
G1 X128.227 Y108.403 E15.93253
G1 X128.227 Y108.815 E15.95234
G1 X128.430 Y109.018 E15.96617
G1 X129.081 Y108.284 E16.01336
G1 X127.775 Y110.484 F7800.000
;TYPE:Gap fill
;WIDTH:0.124445
G1 F1200.000
G1 X127.775 Y113.603 E16.03673
G1 X128.413 Y114.788 F7800.000
;TYPE:Solid infill
;WIDTH:0.458863
G1 F1200.000
G1 X128.227 Y114.975 E16.04972
G1 X128.227 Y115.533 E16.07717
G1 X128.553 Y115.207 E16.09986
G1 X128.815 Y115.503 E16.11930
G1 X128.227 Y116.091 E16.16023
G1 X128.227 Y116.649 E16.18768
G1 X129.077 Y115.798 E16.24686
G1 X129.339 Y116.094 E16.26630
G1 X128.227 Y117.207 E16.34372
G1 X128.227 Y117.764 E16.37117
G1 X129.601 Y116.390 E16.46683
G1 X129.628 Y116.420 E16.46882
G1 X130.368 Y116.181 E16.50705
G1 X128.227 Y118.322 E16.65603
G1 X128.227 Y118.880 E16.68348
G1 X131.215 Y115.908 E16.89085
G1 X131.215 Y116.450 E16.91752
G1 X128.302 Y119.363 E17.12020
G1 X128.444 Y119.779 E17.14183
G1 X131.215 Y117.008 E17.33465
G1 X131.215 Y117.566 E17.36210
G1 X128.385 Y120.395 E17.55895
G1 X128.385 Y120.953 E17.58640
G1 X131.215 Y118.124 E17.78326
G1 X131.215 Y118.682 E17.81070
G1 X128.532 Y121.364 E17.99738
G1 X129.090 Y121.364 E18.02483
G1 X131.215 Y119.239 E18.17269
G1 X131.215 Y119.797 E18.20014
G1 X129.648 Y121.364 E18.30917
G1 X130.205 Y121.364 E18.33662
G1 X131.215 Y120.355 E18.40684
G1 X131.215 Y120.913 E18.43429
G1 X130.590 Y121.538 E18.47777
G1 E16.47777 F2400.000
G92 E0
G1 X131.215 Y90.753 F7800.000
G1 E2.00000 F2400.000
;TYPE:Internal infill
;WIDTH:0.45
G1 F4800.000
G1 X131.215 Y88.439 E2.11128
G1 X128.227 Y89.240 E2.26006
G1 X128.227 Y89.182 E2.26284
G1 X131.215 Y92.170 E2.46608
G1 X131.215 Y93.230 E2.51706
G1 X128.227 Y94.031 E2.66584
G1 X128.227 Y95.727 E2.74740
G1 X131.215 Y98.715 E2.95064
G1 X131.215 Y98.021 E2.98401
G1 X128.227 Y98.821 E3.13279
G1 X128.227 Y98.337 E3.15607
G1 X131.215 Y87.186 E3.71133
G1 X131.215 Y85.626 E3.78636
G1 X128.227 Y82.638 E3.98960
G1 X128.227 Y84.449 E4.07671
G1 X131.215 Y83.649 E4.22550
G1 X131.215 Y81.335 E4.33678
G1 X128.227 Y82.445 F7800.000
G1 F4800.000
G1 X128.227 Y80.458 E4.43234
G1 X131.215 Y69.277 E4.98901
G1 X128.227 Y70.077 E5.13780
G1 X128.227 Y69.550 E5.16317
G1 X131.215 Y72.538 E5.36641
G1 X131.215 Y74.067 E5.43998
G1 X128.227 Y74.868 E5.58877
G1 X128.227 Y76.094 E5.64773
G1 X131.215 Y79.082 E5.85097
G1 X131.215 Y78.858 E5.86174
G1 X128.227 Y79.659 E6.01052
G1 X128.227 Y67.508 F7800.000
G1 F4800.000
G1 X128.227 Y65.858 E6.08985
G1 X128.441 Y65.229 E6.12180
G1 X131.215 Y64.486 E6.25992
G1 X131.215 Y65.994 E6.33243
G1 X128.857 Y63.636 E6.49282
G1 X131.170 Y63.636 E6.60410
G1 E4.60410 F2400.000
G92 E0
G1 X121.918 Y114.199 F7800.000
G1 E2.00000 F2400.000
;TYPE:Perimeter
G1 F900.000
G1 X122.112 Y114.232 E2.00944
G1 X122.112 Y119.054 E2.24137
G1 X121.904 Y119.054 E2.25138
G1 X121.904 Y121.654 E2.37642
G1 X118.496 Y121.654 E2.54031
G1 X118.496 Y115.835 E2.82015
G1 X118.719 Y116.087 E2.83631
G1 X121.591 Y115.160 E2.98147
G1 X121.899 Y114.256 E3.02736
G1 X121.904 Y63.346 F7800.000
G1 F3600.000
G1 X121.904 Y65.946 E3.15240
G1 X122.112 Y65.946 E3.16240
G1 X122.112 Y109.855 E5.27426
G1 X121.918 Y109.887 E5.28370
G1 X121.591 Y108.927 E5.33248
G1 X118.719 Y108.000 E5.47763
G1 X118.496 Y108.251 E5.49380
G1 X118.496 Y63.346 E7.65356
G1 X121.844 Y63.346 E7.81457
G1 X122.289 Y62.961 F7800.000
G1 F3600.000
G1 X122.289 Y65.561 E7.93961
G1 X122.497 Y65.561 E7.94961
G1 X122.497 Y119.439 E10.54100
G1 X122.289 Y119.439 E10.55100
G1 X122.289 Y122.039 E10.67604
G1 X118.111 Y122.039 E10.87703
G1 X118.111 Y114.819 E11.22429
G1 X118.841 Y115.642 E11.27721
G1 X121.289 Y114.852 E11.40093
G1 X122.245 Y112.043 E11.54365
G1 X121.289 Y109.234 E11.68636
G1 X118.841 Y108.444 E11.81008
G1 X118.111 Y109.267 E11.86300
G1 X118.111 Y62.961 E14.09019
G1 X122.229 Y62.961 E14.28829
G1 X122.490 Y62.575 F7800.000
;TYPE:External perimeter
G1 F1800.000
G1 X122.675 Y62.575 E14.29718
G1 X122.675 Y65.175 E14.42222
G1 X122.883 Y65.175 E14.43222
G1 X122.883 Y119.825 E17.06071
G1 X122.675 Y119.825 E17.07071
G1 X122.675 Y122.425 E17.19575
G1 X117.725 Y122.425 E17.43383
G1 X117.725 Y114.390 E17.82030
G1 X118.245 Y114.390 E17.84532
G1 X118.962 Y115.198 E17.89728
G1 X120.986 Y114.545 E17.99957
G1 X121.838 Y112.043 E18.12666
G1 X120.986 Y109.542 E18.25375
G1 X118.962 Y108.889 E18.35605
G1 X118.245 Y109.697 E18.40801
G1 X117.725 Y109.697 E18.43303
G1 X117.725 Y62.575 E20.69942
G1 X122.430 Y62.575 E20.92571
G1 X122.647 Y62.673 F7800.000
G1 E18.92571 F2400.000
G92 E0
G1 X121.823 Y69.690 F7800.000
G1 E2.00000 F2400.000
;TYPE:Internal infill
G1 F4800.000
G1 X118.785 Y66.653 E2.20658
G1 X118.785 Y67.816 E2.26254
G1 X121.823 Y67.003 E2.41377
G1 X121.823 Y68.601 E2.49062
G1 X118.785 Y79.935 E3.05499
G1 X118.785 Y79.741 E3.06431
G1 X121.823 Y82.778 E3.27089
G1 X121.823 Y81.375 E3.33840
G1 X118.785 Y82.189 E3.48962
G1 X118.785 Y84.502 E3.60090
G1 X118.785 Y75.084 F7800.000
G1 F4800.000
G1 X118.785 Y77.398 E3.71218
G1 X121.823 Y76.584 E3.86341
G1 X121.823 Y76.234 E3.88024
G1 X118.785 Y73.197 E4.08682
G1 X118.785 Y72.607 E4.11519
G1 X121.823 Y71.793 E4.26641
G1 X121.823 Y74.107 E4.37770
G1 X118.785 Y94.247 F7800.000
G1 F4800.000
G1 X118.785 Y96.561 E4.48898
G1 X121.823 Y95.747 E4.64020
G1 X121.823 Y95.867 E4.64597
G1 X118.785 Y92.830 E4.85255
G1 X118.785 Y91.770 E4.90352
G1 X121.823 Y90.956 E5.05475
G1 X121.823 Y89.323 E5.13331
G1 X118.785 Y86.285 E5.33989
G1 X118.785 Y86.979 E5.37326
G1 X121.823 Y86.165 E5.52448
G1 X121.823 Y86.480 E5.53959
G1 X118.785 Y97.814 E6.10397
G1 X118.785 Y99.374 E6.17899
G1 X121.823 Y102.411 E6.38557
G1 X121.823 Y100.537 E6.47568
G1 X118.785 Y101.351 E6.62690
G1 X118.785 Y103.665 E6.73818
G1 X121.823 Y102.604 F7800.000
G1 F4800.000
G1 X121.823 Y104.359 E6.82259
G1 X120.752 Y108.352 E7.02144
G1 X121.442 Y108.575 E7.05631
G1 X118.785 Y105.918 E7.23703
G1 X118.785 Y106.142 E7.24779
G1 X121.823 Y105.328 E7.39902
G1 X121.838 Y108.804 F7800.000
;TYPE:Gap fill
;WIDTH:0.159509
G1 F1200.000
G1 X121.896 Y109.155 E7.40324
G1 X122.046 Y110.061 F7800.000
;WIDTH:0.459368
G1 F1200.000
G1 X122.105 Y110.417 E7.42099
;WIDTH:0.313231
G1 X122.194 Y110.950 E7.43777
;WIDTH:0.167093
G1 X122.282 Y111.483 E7.44469
G1 X122.282 Y112.603 F7800.000
;WIDTH:0.167093
G1 F1200.000
G1 X122.253 Y112.781 E7.44700
;WIDTH:0.215805
G1 X122.223 Y112.959 E7.45041
;WIDTH:0.264518
G1 X122.194 Y113.136 E7.45490
;WIDTH:0.31323
G1 X122.164 Y113.314 E7.46050
;WIDTH:0.361943
G1 X122.135 Y113.492 E7.46718
;WIDTH:0.410655
G1 X122.105 Y113.670 E7.47497
;WIDTH:0.459368
G1 X122.076 Y113.847 E7.48384
;WIDTH:0.50808
G1 X122.046 Y114.025 E7.49382
G1 X121.896 Y114.932 F7800.000
;WIDTH:0.15951
G1 F1200.000
G1 X121.867 Y115.107 E7.49592
;WIDTH:0.200639
G1 X121.838 Y115.282 E7.49894
G1 X119.824 Y115.852 F7800.000
;TYPE:Solid infill
;WIDTH:0.467107
G1 F1200.000
G1 X118.785 Y116.890 E7.57273
G1 X118.785 Y117.460 E7.60134
G1 X120.396 Y115.849 E7.71574
G1 X121.237 Y115.578 E7.76013
G1 X118.785 Y118.029 E7.93428
G1 X118.785 Y118.599 E7.96289
G1 X121.813 Y115.571 E8.17795
G1 X121.823 Y116.131 E8.20608
G1 X118.785 Y119.168 E8.42182
G1 X118.785 Y119.738 E8.45043
G1 X121.823 Y116.701 E8.66617
G1 X121.823 Y117.270 E8.69478
G1 X118.785 Y120.307 E8.91052
G1 X118.785 Y120.877 E8.93913
G1 X121.823 Y117.840 E9.15487
G1 X121.823 Y118.409 E9.18348
G1 X118.868 Y121.364 E9.39339
G1 X119.437 Y121.364 E9.42199
G1 X121.615 Y119.187 E9.57667
G1 X121.615 Y119.757 E9.60527
G1 X120.007 Y121.364 E9.71949
G1 X120.576 Y121.364 E9.74810
G1 X121.615 Y120.326 E9.82185
G1 X121.615 Y120.896 E9.85046
G1 X120.972 Y121.538 E9.89609
M106 S252.45
;LAYER_CHANGE
;Z:1.97
;HEIGHT:0.15
G1 Z1.970 F7800.000
G1 E7.89609 F2400.000
G92 E0
G1 X123.649 Y120.356 F7800.000
G1 E2.00000 F2400.000
;TYPE:Support material
;WIDTH:0.35
G1 F3600.000
G1 X126.300 Y120.356 E2.05254
G1 X126.300 Y120.238 E2.05487
G1 X126.252 Y120.097 E2.05784
G1 X126.069 Y120.159 E2.06167
G1 X125.501 Y118.492 E2.09658
G1 X125.713 Y118.420 E2.10101
G1 X125.713 Y117.571 E2.11784
G1 X124.295 Y117.571 E2.14594
G1 X124.295 Y114.785 E2.20115
G1 X125.713 Y114.785 E2.22925
G1 X125.713 Y111.999 E2.28446
G1 X124.295 Y111.999 E2.31256
G1 X124.295 Y109.214 E2.36777
G1 X125.713 Y109.214 E2.39587
G1 X125.713 Y106.428 E2.45107
G1 X124.295 Y106.428 E2.47917
G1 X124.295 Y103.642 E2.53438
G1 X125.713 Y103.642 E2.56248
G1 X125.713 Y100.857 E2.61769
G1 X124.295 Y100.857 E2.64579
G1 X124.295 Y98.071 E2.70100
G1 X125.713 Y98.071 E2.72910
G1 X125.713 Y95.286 E2.78431
G1 X124.295 Y95.286 E2.81241
G1 X124.295 Y92.500 E2.86762
G1 X125.713 Y92.500 E2.89572
G1 X125.713 Y89.714 E2.95093
G1 X124.295 Y89.714 E2.97903
G1 X124.295 Y86.929 E3.03424
G1 X125.713 Y86.929 E3.06234
G1 X125.713 Y84.143 E3.11755
G1 X124.295 Y84.143 E3.14565
G1 X124.295 Y81.358 E3.20086
G1 X125.713 Y81.358 E3.22896
G1 X125.713 Y78.572 E3.28417
G1 X124.295 Y78.572 E3.31227
G1 X124.295 Y75.786 E3.36748
G1 X125.713 Y75.786 E3.39558
G1 X125.713 Y73.001 E3.45079
G1 X124.295 Y73.001 E3.47888
G1 X124.295 Y70.215 E3.53409
G1 X125.713 Y70.215 E3.56219
G1 X125.713 Y67.429 E3.61740
G1 X124.295 Y67.429 E3.64550
G1 X124.295 Y65.821 E3.67739
G1 X123.829 Y65.355 E3.69044
G1 X123.778 Y65.355 E3.69146
G1 X123.778 Y64.644 E3.70555
G1 X126.429 Y64.644 E3.75809
G1 X126.285 Y65.898 F7800.000
;TYPE:Support material interface
G1 F3600.000
G1 X126.285 Y119.370 E4.81789
G1 E2.81789 F2400.000
G92 E0
G1 X126.575 Y62.568 F7800.000
G1 E2.00000 F2400.000
;TYPE:Support material
G1 F3600.000
G1 X126.700 Y62.693 E2.00350
G1 X126.700 Y64.054 E2.03049
G1 X126.570 Y64.184 E2.03413
G1 X126.570 Y64.806 E2.04647
G1 X126.533 Y64.915 E2.04874
G1 X126.442 Y64.884 E2.05065
G1 X126.140 Y65.776 E2.06931
G1 X125.983 Y65.932 E2.07371
G1 X125.983 Y118.613 E3.11782
G1 X125.844 Y118.660 E3.12073
G1 X126.237 Y119.816 E3.14493
G1 X126.420 Y119.754 E3.14876
G1 X126.531 Y120.079 E3.15556
G1 X126.570 Y120.107 E3.15652
G1 X126.570 Y120.816 E3.17057
G1 X126.700 Y120.946 E3.17421
G1 X126.700 Y122.307 E3.20120
G1 X126.575 Y122.432 E3.20470
G1 X126.575 Y123.110 E3.21812
G1 X123.425 Y123.110 E3.28056
G1 X123.425 Y122.432 E3.29398
G1 X123.300 Y122.307 E3.29748
G1 X123.300 Y121.024 E3.32292
G1 X123.508 Y120.816 E3.32875
G1 X123.508 Y119.375 E3.35730
G1 X123.717 Y119.375 E3.36146
G1 X124.025 Y119.068 E3.37008
G1 X124.025 Y65.932 E4.42319
G1 X123.717 Y65.625 E4.43181
G1 X123.508 Y65.625 E4.43596
G1 X123.508 Y64.184 E4.46451
G1 X123.300 Y63.976 E4.47034
G1 X123.300 Y62.693 E4.49579
G1 X123.425 Y62.568 E4.49929
G1 X123.425 Y61.890 E4.51271
G1 X126.575 Y61.890 E4.57514
G1 X126.575 Y62.568 E4.58856
M106 S160.65
;LAYER_CHANGE
;Z:2.12
;HEIGHT:0.15
G1 Z2.120 F7800.000
G1 X127.142 Y61.714
;TYPE:Support material interface
;WIDTH:0.4
G1 F3600.000
G1 X127.142 Y61.796 E4.59043
;HEIGHT:0.3
G1 X127.142 Y61.982 E4.59824
G1 X127.428 Y61.982 E4.61019
G1 X127.428 Y61.843 E4.61603
G1 X127.713 Y61.843 E4.62799
G1 X127.713 Y62.025 E4.63561
;HEIGHT:0.4
G1 X127.713 Y62.111 E4.64009
G1 E2.64009 F2400.000
G92 E0
G1 X124.682 Y61.890 F7800.000
G1 E2.00000 F2400.000
;TYPE:Support material
;WIDTH:0.35
;HEIGHT:0.15
G1 F3600.000
G1 X124.682 Y64.962 E2.06087
G1 X126.415 Y64.962 E2.09521
G1 X126.140 Y65.776 E2.11224
G1 X125.983 Y65.932 E2.11664
G1 X125.983 Y118.613 E3.16074
G1 X125.844 Y118.660 E3.16366
G1 X126.237 Y119.816 E3.18786
G1 X126.420 Y119.754 E3.19169
G1 X126.517 Y120.038 E3.19764
G1 X124.682 Y120.038 E3.23401
G1 X124.682 Y123.110 E3.29488
G1 X123.425 Y123.110 E3.31980
G1 X123.425 Y122.432 E3.33322
G1 X123.300 Y122.307 E3.33672
G1 X123.300 Y121.024 E3.36216
G1 X123.508 Y120.816 E3.36799
G1 X123.508 Y119.375 E3.39655
G1 X123.717 Y119.375 E3.40070
G1 X124.025 Y119.068 E3.40932
G1 X124.025 Y65.932 E4.46243
G1 X123.717 Y65.625 E4.47105
G1 X123.508 Y65.625 E4.47520
G1 X123.508 Y64.184 E4.50376
G1 X123.300 Y63.976 E4.50958
G1 X123.300 Y62.693 E4.53503
G1 X123.425 Y62.568 E4.53853
G1 X123.425 Y61.890 E4.55195
G1 X124.682 Y61.890 E4.57687
G1 X122.858 Y62.111 F7800.000
;TYPE:Support material interface
;WIDTH:0.4
;HEIGHT:0.4
G1 F3600.000
G1 X122.858 Y62.025 E4.58135
;HEIGHT:0.3
G1 X122.858 Y61.843 E4.58897
G1 X122.572 Y61.843 E4.60093
G1 X122.572 Y61.982 E4.60677
G1 X122.287 Y61.982 E4.61872
G1 X122.287 Y61.714 E4.62994
G1 E2.62994 F2400.000
G92 E0
G1 X126.285 Y119.370 F7800.000
G1 E2.00000 F2400.000
;WIDTH:0.35
;HEIGHT:0.15
G1 F3600.000
G1 X126.285 Y65.898 E3.05980
G1 X126.571 Y64.772 F7800.000
G1 F3600.000
G1 X126.571 Y61.858 E3.11756
G1 X126.285 Y61.858 E3.12322
G1 X126.285 Y64.644 E3.17843
G1 X126.000 Y64.644 E3.18409
G1 X126.000 Y61.858 E3.23930
G1 X125.714 Y61.858 E3.24497
G1 X125.714 Y64.644 E3.30018
G1 X125.428 Y64.644 E3.30584
G1 X125.428 Y61.858 E3.36105
G1 X125.143 Y61.858 E3.36671
G1 X125.143 Y64.772 E3.42447
G1 X124.541 Y64.644 F7800.000
;TYPE:Support material
G1 F3600.000
G1 X123.778 Y64.644 E3.43959
G1 X123.778 Y65.355 E3.45368
G1 X123.829 Y65.355 E3.45470
G1 X124.295 Y65.821 E3.46775
G1 X124.295 Y67.429 E3.49964
G1 X125.713 Y67.429 E3.52774
G1 X125.713 Y70.215 E3.58295
G1 X124.295 Y70.215 E3.61104
G1 X124.295 Y73.001 E3.66625
G1 X125.713 Y73.001 E3.69435
G1 X125.713 Y75.786 E3.74956
G1 X124.295 Y75.786 E3.77766
G1 X124.295 Y78.572 E3.83287
G1 X125.713 Y78.572 E3.86097
G1 X125.713 Y81.358 E3.91618
G1 X124.295 Y81.358 E3.94428
G1 X124.295 Y84.143 E3.99949
G1 X125.713 Y84.143 E4.02759
G1 X125.713 Y86.929 E4.08280
G1 X124.295 Y86.929 E4.11090
G1 X124.295 Y89.714 E4.16611
G1 X125.713 Y89.714 E4.19421
G1 X125.713 Y92.500 E4.24942
G1 X124.295 Y92.500 E4.27752
G1 X124.295 Y95.286 E4.33273
G1 X125.713 Y95.286 E4.36083
G1 X125.713 Y98.071 E4.41604
G1 X124.295 Y98.071 E4.44414
G1 X124.295 Y100.857 E4.49935
G1 X125.713 Y100.857 E4.52745
G1 X125.713 Y103.642 E4.58266
G1 X124.295 Y103.642 E4.61076
G1 X124.295 Y106.428 E4.66597
G1 X125.713 Y106.428 E4.69406
G1 X125.713 Y109.214 E4.74927
G1 X124.295 Y109.214 E4.77737
G1 X124.295 Y111.999 E4.83258
G1 X125.713 Y111.999 E4.86068
G1 X125.713 Y114.785 E4.91589
G1 X124.295 Y114.785 E4.94399
G1 X124.295 Y117.571 E4.99920
G1 X125.713 Y117.571 E5.02730
G1 X125.713 Y118.420 E5.04413
G1 X125.501 Y118.492 E5.04856
G1 X125.936 Y119.768 E5.07529
G1 X124.412 Y119.768 E5.10548
G1 X124.412 Y120.356 E5.11713
G1 X123.649 Y120.356 E5.13225
G1 E3.13225 F2400.000
G92 E0
G1 X122.287 Y122.889 F7800.000
G1 E2.00000 F2400.000
;TYPE:Support material interface
;WIDTH:0.4
;HEIGHT:0.4
G1 F3600.000
G1 X122.287 Y122.975 E2.00448
;HEIGHT:0.3
G1 X122.287 Y123.157 E2.01211
G1 X122.572 Y123.157 E2.02406
G1 X122.572 Y123.018 E2.02990
G1 X122.858 Y123.018 E2.04185
G1 X122.858 Y123.204 E2.04966
;HEIGHT:0.15
G1 X122.858 Y123.286 E2.05153
G1 E0.05153 F2400.000
G92 E0
G1 X125.143 Y123.270 F7800.000
G1 E2.00000 F2400.000
;WIDTH:0.35
G1 F3600.000
G1 X125.143 Y120.356 E2.05776
G1 X125.428 Y120.356 E2.06342
G1 X125.428 Y123.142 E2.11863
G1 X125.714 Y123.142 E2.12429
G1 X125.714 Y120.356 E2.17950
G1 X126.000 Y120.356 E2.18516
G1 X126.000 Y123.142 E2.24037
G1 X126.285 Y123.142 E2.24603
G1 X126.285 Y120.356 E2.30124
G1 X126.458 Y120.356 E2.30466
G1 X126.458 Y121.102 E2.31945
G1 X126.571 Y121.216 E2.32263
G1 X126.571 Y123.270 E2.36335
G1 X127.142 Y122.889 F7800.000
;WIDTH:0.4
;HEIGHT:0.4
G1 F3600.000
G1 X127.142 Y122.975 E2.36783
;HEIGHT:0.3
G1 X127.142 Y123.157 E2.37545
G1 X127.428 Y123.157 E2.38741
G1 X127.428 Y123.018 E2.39325
G1 X127.713 Y123.018 E2.40520
G1 X127.713 Y123.286 E2.41642
G1 E0.41642 F2400.000
G92 E0
G1 X129.719 Y107.700 F7800.000
G1 E2.00000 F2400.000
;TYPE:Perimeter
;WIDTH:0.45
G1 F3600.000
G1 X128.082 Y109.546 E2.11871
G1 X128.082 Y65.686 E4.22824
G1 X128.152 Y65.479 E4.23878
G1 X128.083 Y65.274 E4.24919
G1 X128.091 Y63.646 E4.32746
G1 X131.504 Y63.646 E4.49160
G1 X131.504 Y108.276 E6.63812
G1 X129.776 Y107.718 E6.72542
G1 E4.72542 F2400.000
G92 E0
G1 X128.082 Y113.940 F7800.000
G1 E2.00000 F2400.000
G1 F900.000
G1 X129.719 Y115.787 E2.11871
G1 X131.504 Y115.211 E2.20890
G1 X131.504 Y121.354 E2.50435
G1 X128.096 Y121.354 E2.66824
G1 X128.096 Y119.686 E2.74843
G1 X128.152 Y119.521 E2.75682
G1 X128.082 Y119.314 E2.76735
G1 X128.082 Y114.000 E3.02294
G1 E1.02294 F2400.000
G92 E0
G1 X129.841 Y108.144 F7800.000
G1 E2.00000 F2400.000
G1 F3600.000
G1 X127.997 Y110.223 E2.13362
G1 X127.997 Y113.264 E2.27987
G1 X129.841 Y115.342 E2.41349
G1 X131.889 Y114.681 E2.51704
G1 X131.889 Y121.739 E2.85652
G1 X127.711 Y121.739 E3.05750
G1 X127.711 Y119.623 E3.15931
G1 X127.745 Y119.521 E3.16445
G1 X127.696 Y119.378 E3.17174
G1 X127.696 Y65.622 E5.75720
G1 X127.745 Y65.479 E5.76450
G1 X127.697 Y65.337 E5.77171
G1 X127.707 Y63.261 E5.87155
G1 X131.889 Y63.261 E6.07269
G1 X131.889 Y108.805 E8.26323
G1 X129.898 Y108.163 E8.36389
G1 X129.962 Y108.589 F7800.000
;TYPE:External perimeter
G1 F1800.000
G1 X128.383 Y110.369 E8.47836
G1 X128.383 Y113.117 E8.61053
G1 X129.962 Y114.898 E8.72499
G1 X131.986 Y114.245 E8.82728
G1 X132.039 Y114.090 E8.83516
G1 X132.275 Y114.090 E8.84653
G1 X132.275 Y122.125 E9.23300
G1 X127.325 Y122.125 E9.47108
G1 X127.325 Y120.125 E9.56726
G1 X127.311 Y120.125 E9.56795
G1 X127.311 Y119.601 E9.59315
G1 X127.338 Y119.521 E9.59720
G1 X127.311 Y119.442 E9.60125
G1 X127.311 Y65.558 E12.19286
G1 X127.338 Y65.479 E12.19691
G1 X127.311 Y65.400 E12.20093
G1 X127.324 Y62.875 E12.32234
G1 X132.275 Y62.875 E12.56047
G1 X132.275 Y109.397 E14.79801
G1 X132.039 Y109.397 E14.80937
G1 X131.986 Y109.242 E14.81725
G1 X130.019 Y108.607 E14.91666
G1 X129.633 Y108.360 F7800.000
G1 X130.337 Y107.595
;TYPE:Internal infill
G1 F4800.000
G1 X129.628 Y107.366 E14.95249
G1 X128.860 Y108.233 E15.00820
G1 X128.371 Y108.364 E15.03254
G1 X128.371 Y106.050 E15.14382
G1 X131.215 Y106.257 F7800.000
G1 F4800.000
G1 X131.215 Y107.602 E15.20852
G1 X130.747 Y107.728 E15.23181
G1 X130.521 Y107.655 E15.24324
G1 X131.215 Y105.065 E15.37218
G1 X131.215 Y105.259 E15.38149
G1 X128.371 Y102.415 E15.57491
G1 X128.371 Y103.573 E15.63061
G1 X131.215 Y102.811 E15.77220
G1 X131.215 Y100.498 E15.88349
G1 X131.215 Y90.753 F7800.000
G1 F4800.000
G1 X131.215 Y88.439 E15.99477
G1 X128.371 Y89.201 E16.13636
G1 X128.371 Y89.327 E16.14239
G1 X131.215 Y92.170 E16.33580
G1 X131.215 Y93.230 E16.38677
G1 X128.371 Y93.992 E16.52836
G1 X128.371 Y95.871 E16.61873
G1 X131.215 Y98.715 E16.81215
G1 X131.215 Y98.021 E16.84551
G1 X128.371 Y98.783 E16.98710
G1 X128.371 Y97.798 E17.03445
G1 X131.215 Y87.186 E17.56287
G1 X131.215 Y85.626 E17.63789
G1 X128.371 Y82.783 E17.83131
G1 X128.371 Y84.411 E17.90961
G1 X131.215 Y83.649 E18.05120
G1 X131.215 Y81.335 E18.16249
G1 X131.215 Y76.381 F7800.000
G1 F4800.000
G1 X131.215 Y74.067 E18.27377
G1 X128.371 Y74.829 E18.41536
G1 X128.371 Y76.238 E18.48313
G1 X131.215 Y79.082 E18.67654
G1 X131.215 Y78.858 E18.68731
G1 X128.371 Y79.620 E18.82890
G1 X128.371 Y79.919 E18.84329
G1 X131.215 Y69.277 E19.37311
G1 X128.371 Y70.039 E19.51470
G1 X128.371 Y69.694 E19.53127
G1 X131.215 Y72.538 E19.72468
G1 X131.215 Y70.499 E19.82275
G1 X128.371 Y67.532 F7800.000
G1 F4800.000
G1 X128.371 Y65.734 E19.90924
G1 X128.458 Y65.479 E19.92221
G1 X128.379 Y65.246 E19.93403
G1 X131.215 Y64.486 E20.07523
G1 X131.215 Y65.994 E20.14774
G1 X129.157 Y63.936 E20.28772
G1 X131.215 Y63.936 E20.38670
G1 X131.215 Y64.191 E20.39900
G1 E18.39900 F2400.000
G92 E0
G1 X131.388 Y116.180 F7800.000
G1 E2.00000 F2400.000
;TYPE:Solid infill
;WIDTH:0.467826
G1 F1200.000
G1 X130.913 Y115.705 E2.03377
G1 X130.482 Y115.844 E2.05658
G1 X131.215 Y116.577 E2.10870
G1 X131.215 Y117.147 E2.13741
G1 X130.051 Y115.983 E2.22022
G1 X129.628 Y116.120 E2.24257
G1 X128.371 Y114.702 E2.33793
G1 X128.371 Y114.874 E2.34659
G1 X131.215 Y117.718 E2.54895
G1 X131.215 Y118.288 E2.57766
G1 X128.371 Y115.445 E2.78001
G1 X128.371 Y116.015 E2.80872
G1 X131.215 Y118.859 E3.01108
G1 X131.215 Y119.429 E3.03979
G1 X128.371 Y116.586 E3.24215
G1 X128.371 Y117.156 E3.27086
G1 X131.215 Y120.000 E3.47321
G1 X131.215 Y120.571 E3.50192
G1 X128.371 Y117.727 E3.70428
G1 X128.371 Y118.298 E3.73299
G1 X131.138 Y121.064 E3.92989
G1 X130.567 Y121.064 E3.95860
G1 X128.371 Y118.868 E4.11489
G1 X128.371 Y119.266 E4.13491
G1 X128.457 Y119.525 E4.14862
G1 X129.997 Y121.064 E4.25820
G1 X129.426 Y121.064 E4.28691
G1 X128.385 Y120.024 E4.36097
G1 X128.385 Y120.594 E4.38968
G1 X129.029 Y121.238 E4.43549
G1 E2.43549 F2400.000
G92 E0
G1 X121.918 Y113.899 F7800.000
G1 E2.00000 F2400.000
;TYPE:Perimeter
;WIDTH:0.45
G1 F900.000
G1 X122.112 Y113.932 E2.00944
G1 X122.112 Y119.354 E2.27023
G1 X121.904 Y119.354 E2.28024
G1 X121.904 Y121.354 E2.37642
G1 X118.496 Y121.354 E2.54031
G1 X118.496 Y115.535 E2.82015
G1 X118.719 Y115.787 E2.83631
G1 X121.591 Y114.860 E2.98147
G1 X121.899 Y113.956 E3.02736
G1 X121.904 Y63.646 F7800.000
G1 F3600.000
G1 X121.904 Y65.646 E3.12354
G1 X122.112 Y65.646 E3.13354
G1 X122.112 Y109.555 E5.24540
G1 X121.918 Y109.587 E5.25484
G1 X121.591 Y108.627 E5.30362
G1 X118.719 Y107.700 E5.44878
G1 X118.496 Y107.951 E5.46494
G1 X118.496 Y63.646 E7.59585
G1 X121.844 Y63.646 E7.75685
G1 X122.289 Y63.261 F7800.000
G1 F3600.000
G1 X122.289 Y65.261 E7.85303
G1 X122.497 Y65.261 E7.86303
G1 X122.497 Y119.739 E10.48329
G1 X122.289 Y119.739 E10.49329
G1 X122.289 Y121.739 E10.58947
G1 X118.111 Y121.739 E10.79045
G1 X118.111 Y114.519 E11.13772
G1 X118.841 Y115.342 E11.19063
G1 X121.289 Y114.552 E11.31436
G1 X122.245 Y111.743 E11.45707
G1 X121.289 Y108.934 E11.59979
G1 X118.841 Y108.144 E11.72351
G1 X118.111 Y108.967 E11.77643
G1 X118.111 Y63.261 E13.97476
G1 X122.229 Y63.261 E14.17285
G1 X122.490 Y62.875 F7800.000
;TYPE:External perimeter
G1 F1800.000
G1 X122.675 Y62.875 E14.18175
G1 X122.675 Y64.875 E14.27793
G1 X122.883 Y64.875 E14.28793
G1 X122.883 Y120.125 E16.94528
G1 X122.675 Y120.125 E16.95528
G1 X122.675 Y122.125 E17.05146
G1 X117.725 Y122.125 E17.28954
G1 X117.725 Y114.090 E17.67601
G1 X118.245 Y114.090 E17.70103
G1 X118.962 Y114.898 E17.75299
G1 X120.986 Y114.245 E17.85528
G1 X121.838 Y111.743 E17.98237
G1 X120.986 Y109.242 E18.10946
G1 X118.962 Y108.589 E18.21176
G1 X118.245 Y109.397 E18.26372
G1 X117.725 Y109.397 E18.28874
G1 X117.725 Y62.875 E20.52627
G1 X122.430 Y62.875 E20.75257
G1 X122.647 Y62.973 F7800.000
G1 E18.75257 F2400.000
G92 E0
G1 X121.823 Y69.690 F7800.000
G1 E2.00000 F2400.000
;TYPE:Internal infill
G1 F4800.000
G1 X118.785 Y66.653 E2.20658
G1 X118.785 Y67.816 E2.26254
G1 X121.823 Y67.003 E2.41377
G1 X121.823 Y68.601 E2.49062
G1 X118.785 Y79.935 E3.05499
G1 X118.785 Y79.741 E3.06431
G1 X121.823 Y82.778 E3.27089
G1 X121.823 Y81.375 E3.33840
G1 X118.785 Y82.189 E3.48962
G1 X118.785 Y84.502 E3.60090
G1 X118.785 Y75.084 F7800.000
G1 F4800.000
G1 X118.785 Y77.398 E3.71218
G1 X121.823 Y76.584 E3.86341
G1 X121.823 Y76.234 E3.88024
G1 X118.785 Y73.197 E4.08682
G1 X118.785 Y72.607 E4.11519
G1 X121.823 Y71.793 E4.26641
G1 X121.823 Y74.107 E4.37770
G1 X118.785 Y94.247 F7800.000
G1 F4800.000
G1 X118.785 Y96.561 E4.48898
G1 X121.823 Y95.747 E4.64020
G1 X121.823 Y95.867 E4.64597
G1 X118.785 Y92.830 E4.85255
G1 X118.785 Y91.770 E4.90352
G1 X121.823 Y90.956 E5.05475
G1 X121.823 Y89.323 E5.13331
G1 X118.785 Y86.285 E5.33989
G1 X118.785 Y86.979 E5.37326
G1 X121.823 Y86.165 E5.52448
G1 X121.823 Y86.480 E5.53959
G1 X118.785 Y97.814 E6.10397
G1 X118.785 Y99.374 E6.17899
G1 X121.823 Y102.411 E6.38557
G1 X121.823 Y100.537 E6.47568
G1 X118.785 Y101.351 E6.62690
G1 X118.785 Y103.665 E6.73818
G1 X121.823 Y102.604 F7800.000
G1 F4800.000
G1 X121.823 Y104.359 E6.82259
G1 X120.826 Y108.076 E7.00769
G1 X120.999 Y108.132 E7.01643
G1 X118.785 Y105.918 E7.16702
G1 X118.785 Y106.142 E7.17778
G1 X121.823 Y105.328 E7.32901
G1 X121.838 Y108.504 F7800.000
;TYPE:Gap fill
;WIDTH:0.159509
G1 F1200.000
G1 X121.896 Y108.855 E7.33323
G1 X122.046 Y109.761 F7800.000
;WIDTH:0.459368
G1 F1200.000
G1 X122.105 Y110.117 E7.35098
;WIDTH:0.313231
G1 X122.194 Y110.650 E7.36776
;WIDTH:0.167093
G1 X122.282 Y111.183 E7.37468
G1 X122.282 Y112.303 F7800.000
;WIDTH:0.167093
G1 F1200.000
G1 X122.253 Y112.481 E7.37699
;WIDTH:0.215805
G1 X122.223 Y112.659 E7.38040
;WIDTH:0.264518
G1 X122.194 Y112.836 E7.38489
;WIDTH:0.31323
G1 X122.164 Y113.014 E7.39049
;WIDTH:0.361943
G1 X122.135 Y113.192 E7.39717
;WIDTH:0.410655
G1 X122.105 Y113.370 E7.40496
;WIDTH:0.459368
G1 X122.076 Y113.547 E7.41383
;WIDTH:0.50808
G1 X122.046 Y113.725 E7.42381
G1 X121.896 Y114.632 F7800.000
;WIDTH:0.15951
G1 F1200.000
G1 X121.867 Y114.807 E7.42592
;WIDTH:0.200639
G1 X121.838 Y114.982 E7.42894
G1 X121.996 Y115.935 F7800.000
;TYPE:Solid infill
;WIDTH:0.462457
G1 F1200.000
G1 X121.314 Y115.253 E7.47681
G1 X120.889 Y115.390 E7.49901
G1 X121.823 Y116.324 E7.56459
G1 X121.823 Y116.887 E7.59254
G1 X120.463 Y115.528 E7.68799
G1 X120.037 Y115.665 E7.71020
G1 X121.823 Y117.450 E7.83553
G1 X121.823 Y118.013 E7.86349
G1 X119.612 Y115.802 E8.01871
G1 X119.186 Y115.940 E8.04091
G1 X121.823 Y118.576 E8.22602
G1 X121.823 Y119.065 E8.25028
G1 X121.748 Y119.065 E8.25397
G1 X118.785 Y116.102 E8.46200
G1 X118.785 Y116.665 E8.48995
G1 X121.615 Y119.494 E8.68860
G1 X121.615 Y120.057 E8.71655
G1 X118.785 Y117.228 E8.91520
G1 X118.785 Y117.791 E8.94315
G1 X121.615 Y120.620 E9.14180
G1 X121.615 Y121.064 E9.16387
G1 X121.496 Y121.064 E9.16975
G1 X118.785 Y118.354 E9.36009
G1 X118.785 Y118.917 E9.38804
G1 X120.933 Y121.064 E9.53884
G1 X120.370 Y121.064 E9.56679
G1 X118.785 Y119.480 E9.67806
G1 X118.785 Y120.043 E9.70601
G1 X119.807 Y121.064 E9.77776
G1 X119.244 Y121.064 E9.80571
G1 X118.612 Y120.432 E9.85011
M106 S237.15
;LAYER_CHANGE
;Z:2.27
;HEIGHT:0.15
G1 Z2.270 F7800.000
G1 E7.85011 F2400.000
G92 E0
G1 X123.143 Y122.922 F7800.000
G1 E2.00000 F2400.000
;TYPE:Support material interface
;WIDTH:0.35
G1 F3600.000
G1 X123.143 Y123.142 E2.00437
G1 X123.429 Y123.142 E2.01003
G1 X123.429 Y61.858 E3.22464
G1 X123.715 Y61.858 E3.23030
G1 X123.715 Y123.142 E4.44491
G1 X124.000 Y123.142 E4.45057
G1 X124.000 Y61.858 E5.66518
G1 X124.286 Y61.858 E5.67084
G1 X124.286 Y123.142 E6.88545
G1 X124.572 Y123.142 E6.89111
G1 X124.572 Y61.858 E8.10572
G1 X124.857 Y61.858 E8.11139
G1 X124.857 Y123.270 E9.32854
G1 X126.856 Y123.270 F7800.000
G1 F3600.000
G1 X126.856 Y123.103 E9.33186
G1 X126.607 Y122.854 E9.33884
G1 X126.607 Y121.846 E9.35882
G1 X126.732 Y121.721 E9.36233
G1 X126.732 Y121.318 E9.37031
G1 X126.673 Y121.318 E9.37148
G1 X126.571 Y121.216 E9.37435
G1 X126.571 Y123.142 E9.41253
G1 X126.285 Y123.142 E9.41819
G1 X126.285 Y120.356 E9.47340
G1 X126.000 Y120.356 E9.47906
G1 X126.000 Y123.142 E9.53427
G1 X125.714 Y123.142 E9.53993
G1 X125.714 Y120.356 E9.59514
G1 X125.428 Y120.356 E9.60080
G1 X125.428 Y123.142 E9.65601
G1 X125.143 Y123.142 E9.66167
G1 X125.143 Y120.356 E9.71688
G1 X125.000 Y120.356 E9.71971
G1 X125.000 Y64.644 E10.82390
G1 X125.143 Y64.644 E10.82673
G1 X125.143 Y61.858 E10.88194
G1 X125.428 Y61.858 E10.88760
G1 X125.428 Y64.644 E10.94281
G1 X125.714 Y64.644 E10.94848
G1 X125.714 Y61.858 E11.00369
G1 X126.000 Y61.858 E11.00935
G1 X126.000 Y64.644 E11.06456
G1 X126.285 Y64.644 E11.07022
G1 X126.285 Y61.858 E11.12543
G1 X126.571 Y61.858 E11.13109
G1 X126.571 Y63.784 E11.16927
G1 X126.673 Y63.682 E11.17213
G1 X126.732 Y63.682 E11.17330
G1 X126.732 Y63.279 E11.18129
G1 X126.607 Y63.154 E11.18479
G1 X126.607 Y62.146 E11.20477
G1 X126.856 Y61.897 E11.21176
G1 X126.856 Y61.730 E11.21507
G1 E9.21507 F2400.000
G92 E0
G1 X123.143 Y61.730 F7800.000
G1 E2.00000 F2400.000
G1 F3600.000
G1 X123.143 Y62.078 E2.00691
G1 X126.239 Y65.477 F7800.000
;TYPE:Support material
G1 F3600.000
G1 X126.127 Y65.851 E2.01465
G1 X126.127 Y119.149 E3.07100
G1 X126.224 Y119.479 E3.07781
G1 X126.360 Y119.576 E3.08111
G1 X126.426 Y119.769 E3.08516
G1 X126.426 Y120.038 E3.09049
G1 X125.318 Y120.038 E3.11245
G1 X125.318 Y64.962 E4.20404
G1 X126.415 Y64.962 E4.22578
G1 X126.239 Y65.477 E4.23657
G1 X125.986 Y67.429 F7800.000
G1 F3600.000
G1 X125.588 Y67.429 E4.24446
G1 X125.588 Y70.215 E4.29967
G1 X125.857 Y70.215 E4.30501
G1 X125.857 Y73.001 E4.36022
G1 X125.588 Y73.001 E4.36556
G1 X125.588 Y75.786 E4.42077
G1 X125.857 Y75.786 E4.42611
G1 X125.857 Y78.572 E4.48132
G1 X125.588 Y78.572 E4.48666
G1 X125.588 Y81.358 E4.54187
G1 X125.857 Y81.358 E4.54721
G1 X125.857 Y84.143 E4.60242
G1 X125.588 Y84.143 E4.60776
G1 X125.588 Y86.929 E4.66297
G1 X125.857 Y86.929 E4.66831
G1 X125.857 Y89.714 E4.72352
G1 X125.588 Y89.714 E4.72886
G1 X125.588 Y92.500 E4.78407
G1 X125.857 Y92.500 E4.78941
G1 X125.857 Y95.286 E4.84462
G1 X125.588 Y95.286 E4.84996
G1 X125.588 Y98.071 E4.90517
G1 X125.857 Y98.071 E4.91051
G1 X125.857 Y100.857 E4.96572
G1 X125.588 Y100.857 E4.97106
G1 X125.588 Y103.642 E5.02627
G1 X125.857 Y103.642 E5.03161
G1 X125.857 Y106.428 E5.08682
G1 X125.588 Y106.428 E5.09216
G1 X125.588 Y109.214 E5.14737
G1 X125.857 Y109.214 E5.15271
G1 X125.857 Y111.999 E5.20792
G1 X125.588 Y111.999 E5.21326
G1 X125.588 Y114.785 E5.26847
G1 X125.857 Y114.785 E5.27381
G1 X125.857 Y117.571 E5.32902
G1 X125.459 Y117.571 E5.33691
M106 S142.8
;LAYER_CHANGE
;Z:2.42
;HEIGHT:0.15
G1 Z2.420 F7800.000
G1 X126.272 Y119.274
G1 F3600.000
G1 X126.426 Y119.769 E5.34719
G1 X126.426 Y120.038 E5.35253
G1 X125.318 Y120.038 E5.37448
G1 X125.318 Y117.888 E5.41709
G1 X126.272 Y117.888 E5.43600
G1 X126.272 Y119.274 E5.46345
G1 E3.46345 F2400.000
G92 E0
G1 X127.713 Y122.986 F7800.000
G1 E2.00000 F2400.000
;TYPE:Support material interface
;WIDTH:0.4
G1 F3600.000
G1 X127.713 Y122.800 E2.00426
;HEIGHT:0.3
G1 X127.713 Y122.718 E2.00770
G1 X127.428 Y122.718 E2.01966
G1 X127.428 Y122.800 E2.02310
;HEIGHT:0.15
G1 X127.428 Y122.857 E2.02441
G1 X127.142 Y122.857 E2.03096
G1 X127.142 Y122.800 E2.03227
;HEIGHT:0.3
G1 X127.142 Y122.675 E2.03751
;HEIGHT:0.4
G1 X127.142 Y122.589 E2.04199
G1 X126.856 Y123.270 F7800.000
;WIDTH:0.35
;HEIGHT:0.15
G1 F3600.000
G1 X126.856 Y123.103 E2.04530
G1 X126.607 Y122.854 E2.05228
G1 X126.607 Y121.846 E2.07227
G1 X126.732 Y121.721 E2.07577
G1 X126.732 Y121.318 E2.08375
G1 X126.673 Y121.318 E2.08492
G1 X126.571 Y121.216 E2.08779
G1 X126.571 Y123.142 E2.12597
G1 X126.285 Y123.142 E2.13163
G1 X126.285 Y120.356 E2.18684
G1 X126.000 Y120.356 E2.19250
G1 X126.000 Y123.142 E2.24771
G1 X125.714 Y123.142 E2.25337
G1 X125.714 Y120.356 E2.30858
G1 X125.428 Y120.356 E2.31424
G1 X125.428 Y123.142 E2.36945
G1 X125.143 Y123.142 E2.37511
G1 X125.143 Y120.356 E2.43033
G1 X125.000 Y120.356 E2.43315
G1 X125.000 Y117.571 E2.48836
G1 X125.143 Y117.571 E2.49119
G1 X125.143 Y67.429 E3.48497
G1 X125.428 Y67.429 E3.49063
G1 X125.428 Y117.571 E4.48440
G1 X125.714 Y117.571 E4.49006
G1 X125.714 Y67.429 E5.48383
G1 X126.000 Y67.429 E5.48949
G1 X126.000 Y117.571 E6.48327
G1 X126.285 Y117.571 E6.48893
G1 X126.285 Y67.301 E7.48525
G1 X126.426 Y65.231 F7800.000
;TYPE:Support material
G1 F3600.000
G1 X126.426 Y64.962 E7.49058
G1 X125.318 Y64.962 E7.51253
G1 X125.318 Y67.112 E7.55515
G1 X126.272 Y67.112 E7.57405
G1 X126.272 Y65.726 E7.60150
G1 X126.426 Y65.231 E7.61179
G1 E5.61179 F2400.000
G92 E0
G1 X127.713 Y62.411 F7800.000
G1 E2.00000 F2400.000
;TYPE:Support material interface
;WIDTH:0.4
;HEIGHT:0.4
G1 F3600.000
G1 X127.713 Y62.325 E2.00448
;HEIGHT:0.3
G1 X127.713 Y62.200 E2.00971
;HEIGHT:0.15
G1 X127.713 Y62.143 E2.01102
G1 X127.428 Y62.143 E2.01758
G1 X127.428 Y62.200 E2.01889
;HEIGHT:0.3
G1 X127.428 Y62.282 E2.02233
G1 X127.142 Y62.282 E2.03428
G1 X127.142 Y62.200 E2.03773
;HEIGHT:0.15
G1 X127.142 Y62.014 E2.04199
G1 X126.856 Y62.079 F7800.000
;WIDTH:0.35
G1 F3600.000
G1 X126.856 Y61.858 E2.04635
G1 X126.571 Y61.858 E2.05202
G1 X126.571 Y63.784 E2.09019
G1 X126.458 Y63.898 E2.09336
G1 X126.458 Y64.644 E2.10815
G1 X126.285 Y64.644 E2.11157
G1 X126.285 Y61.858 E2.16678
G1 X126.000 Y61.858 E2.17244
G1 X126.000 Y64.644 E2.22765
G1 X125.714 Y64.644 E2.23332
G1 X125.714 Y61.858 E2.28853
G1 X125.428 Y61.858 E2.29419
G1 X125.428 Y64.644 E2.34940
G1 X125.143 Y64.644 E2.35506
G1 X125.143 Y61.858 E2.41027
G1 X124.857 Y61.858 E2.41593
G1 X124.857 Y123.142 E3.63054
G1 X124.572 Y123.142 E3.63620
G1 X124.572 Y61.858 E4.85081
G1 X124.286 Y61.858 E4.85647
G1 X124.286 Y123.142 E6.07108
G1 X124.000 Y123.142 E6.07675
G1 X124.000 Y61.858 E7.29136
G1 X123.715 Y61.858 E7.29702
G1 X123.715 Y123.142 E8.51163
G1 X123.429 Y123.142 E8.51729
G1 X123.429 Y61.858 E9.73190
G1 X123.143 Y61.858 E9.73756
G1 X123.143 Y62.078 E9.74193
G1 X122.858 Y62.411 F7800.000
;WIDTH:0.4
;HEIGHT:0.4
G1 F3600.000
G1 X122.858 Y62.325 E9.74641
;HEIGHT:0.3
G1 X122.858 Y62.200 E9.75164
;HEIGHT:0.15
G1 X122.858 Y62.143 E9.75295
G1 X122.572 Y62.143 E9.75950
G1 X122.572 Y62.200 E9.76081
;HEIGHT:0.3
G1 X122.572 Y62.282 E9.76426
G1 X122.287 Y62.282 E9.77621
G1 X122.287 Y62.200 E9.77965
;HEIGHT:0.15
G1 X122.287 Y62.014 E9.78391
G1 E7.78391 F2400.000
G92 E0
G1 X122.287 Y122.589 F7800.000
G1 E2.00000 F2400.000
;HEIGHT:0.4
G1 F3600.000
G1 X122.287 Y122.675 E2.00448
;HEIGHT:0.3
G1 X122.287 Y122.800 E2.00971
;HEIGHT:0.15
G1 X122.287 Y122.857 E2.01102
G1 X122.572 Y122.857 E2.01757
G1 X122.572 Y122.800 E2.01889
;HEIGHT:0.3
G1 X122.572 Y122.718 E2.02233
G1 X122.858 Y122.718 E2.03428
G1 X122.858 Y122.800 E2.03773
;HEIGHT:0.15
G1 X122.858 Y122.986 E2.04199
G1 X123.143 Y122.922 F7800.000
;WIDTH:0.35
G1 F3600.000
G1 X123.143 Y123.270 E2.04890
G1 E0.04890 F2400.000
G92 E0
G1 X129.719 Y107.400 F7800.000
G1 E2.00000 F2400.000
;TYPE:Perimeter
;WIDTH:0.45
;HEIGHT:0.3
G1 F3600.000
G1 X127.966 Y109.377 E2.12708
G1 X127.966 Y66.325 E4.19771
G1 X128.152 Y65.779 E4.22549
G1 X128.005 Y65.346 E4.24746
G1 X128.096 Y65.346 E4.25185
G1 X128.096 Y63.946 E4.31917
G1 X131.504 Y63.946 E4.48306
G1 X131.504 Y107.976 E6.60072
G1 X129.776 Y107.418 E6.68803
G1 E4.68803 F2400.000
G92 E0
G1 X127.966 Y113.510 F7800.000
G1 E2.00000 F2400.000
G1 F900.000
G1 X129.719 Y115.487 E2.12708
G1 X131.504 Y114.911 E2.21728
G1 X131.504 Y121.054 E2.51273
G1 X128.096 Y121.054 E2.67662
G1 X128.096 Y119.654 E2.74395
G1 X128.005 Y119.654 E2.74833
G1 X128.152 Y119.221 E2.77030
G1 X127.966 Y118.675 E2.79808
G1 X127.966 Y113.570 E3.04361
G1 E1.04361 F2400.000
G92 E0
G1 X129.841 Y107.844 F7800.000
G1 E2.00000 F2400.000
G1 F3600.000
G1 X127.997 Y109.923 E2.13362
G1 X127.997 Y112.964 E2.27987
G1 X129.841 Y115.042 E2.41349
G1 X131.889 Y114.381 E2.51704
G1 X131.889 Y121.439 E2.85652
G1 X127.711 Y121.439 E3.05750
G1 X127.711 Y120.039 E3.12482
G1 X127.581 Y120.039 E3.13108
G1 X127.581 Y119.704 E3.14720
G1 X127.745 Y119.221 E3.17173
G1 X127.581 Y118.738 E3.19627
G1 X127.581 Y66.262 E5.72023
G1 X127.745 Y65.779 E5.74477
G1 X127.581 Y65.296 E5.76931
G1 X127.581 Y64.961 E5.78543
G1 X127.711 Y64.961 E5.79168
G1 X127.711 Y63.561 E5.85900
G1 X131.889 Y63.561 E6.05999
G1 X131.889 Y108.505 E8.22167
G1 X129.898 Y107.863 E8.32233
G1 X129.962 Y108.289 F7800.000
;TYPE:External perimeter
G1 F1800.000
G1 X128.383 Y110.069 E8.43680
G1 X128.383 Y112.817 E8.56897
G1 X129.962 Y114.598 E8.68343
G1 X131.986 Y113.945 E8.78572
G1 X132.039 Y113.790 E8.79360
G1 X132.275 Y113.790 E8.80497
G1 X132.275 Y121.825 E9.19144
G1 X127.325 Y121.825 E9.42952
G1 X127.325 Y120.425 E9.49684
G1 X127.195 Y120.425 E9.50309
G1 X127.195 Y119.641 E9.54083
G1 X127.338 Y119.221 E9.56212
G1 X127.195 Y118.802 E9.58342
G1 X127.195 Y66.198 E12.11352
G1 X127.338 Y65.779 E12.13481
G1 X127.195 Y65.360 E12.15610
G1 X127.195 Y64.575 E12.19384
G1 X127.325 Y64.575 E12.20010
G1 X127.325 Y63.175 E12.26742
G1 X132.275 Y63.175 E12.50549
G1 X132.275 Y109.097 E14.71417
G1 X132.039 Y109.097 E14.72554
G1 X131.986 Y108.942 E14.73341
G1 X130.019 Y108.307 E14.83282
G1 X129.633 Y108.060 F7800.000
G1 E12.83282 F2400.000
G92 E0
G1 X128.255 Y106.081 F7800.000
G1 E2.00000 F2400.000
;TYPE:Internal infill
G1 F4800.000
G1 X128.255 Y108.395 E2.11128
G1 X128.511 Y108.327 E2.12400
G1 X129.628 Y107.066 E2.20500
G1 X130.595 Y107.378 E2.25385
G1 X131.215 Y105.065 E2.36904
G1 X131.215 Y105.259 E2.37836
G1 X128.255 Y102.300 E2.57963
G1 X128.255 Y103.604 E2.64239
G1 X131.215 Y102.811 E2.78973
G1 X131.215 Y100.498 E2.90101
G1 X131.215 Y90.753 F7800.000
G1 F4800.000
G1 X131.215 Y88.439 E3.01230
G1 X128.255 Y89.232 E3.15964
G1 X128.255 Y89.211 E3.16066
G1 X131.215 Y92.170 E3.36193
G1 X131.215 Y93.230 E3.41290
G1 X128.255 Y94.023 E3.56025
G1 X128.255 Y95.755 E3.64357
G1 X131.215 Y98.715 E3.84485
G1 X131.215 Y98.021 E3.87821
G1 X128.255 Y98.814 E4.02556
G1 X128.255 Y98.230 E4.05365
G1 X131.215 Y87.186 E4.60354
G1 X131.215 Y85.626 E4.67857
G1 X128.255 Y82.667 E4.87984
G1 X128.255 Y84.442 E4.96520
G1 X131.215 Y83.649 E5.11254
G1 X131.215 Y81.335 E5.22382
G1 X128.255 Y82.474 F7800.000
G1 F4800.000
G1 X128.255 Y80.351 E5.32597
G1 X131.215 Y69.277 E5.87726
G1 X128.255 Y70.070 E6.02461
G1 X128.255 Y69.579 E6.04822
G1 X131.215 Y72.538 E6.24950
G1 X131.215 Y74.067 E6.32307
G1 X128.255 Y74.860 E6.47041
G1 X128.255 Y76.123 E6.53114
G1 X131.215 Y79.082 E6.73241
G1 X131.215 Y78.858 E6.74318
G1 X128.255 Y79.651 E6.89052
G1 X128.255 Y67.512 F7800.000
G1 F4800.000
G1 X128.255 Y66.373 E6.94531
G1 X128.458 Y65.779 E6.97552
G1 X128.385 Y65.566 E6.98634
G1 X128.385 Y65.244 E7.00181
G1 X131.215 Y64.486 E7.14268
G1 X131.215 Y65.994 E7.21518
G1 X129.457 Y64.236 E7.33476
G1 X128.385 Y64.236 E7.38628
G1 X128.385 Y65.051 E7.42551
G1 X128.440 Y114.218 F7800.000
;TYPE:Solid infill
;WIDTH:0.456575
G1 F1200.000
G1 X128.255 Y114.403 E7.43827
G1 X128.255 Y114.957 E7.46541
G1 X128.578 Y114.635 E7.48770
G1 X128.838 Y114.929 E7.50692
G1 X128.255 Y115.512 E7.54724
G1 X128.255 Y116.067 E7.57437
G1 X129.099 Y115.223 E7.63273
G1 X129.360 Y115.517 E7.65195
G1 X128.255 Y116.621 E7.72834
G1 X128.255 Y117.176 E7.75547
G1 X129.620 Y115.811 E7.84989
G1 X130.423 Y115.564 E7.89096
G1 X128.255 Y117.731 E8.04088
G1 X128.255 Y118.285 E8.06801
G1 X131.215 Y115.326 E8.27272
G1 X131.215 Y115.881 E8.29985
G1 X128.310 Y118.786 E8.50081
G1 X128.450 Y119.200 E8.52219
G1 X131.215 Y116.435 E8.71341
G1 X131.215 Y116.990 E8.74054
G1 X128.385 Y119.819 E8.93625
G1 X128.385 Y120.374 E8.96339
G1 X131.215 Y117.545 E9.15910
G1 X131.215 Y118.099 E9.18623
G1 X128.550 Y120.764 E9.37059
G1 X129.104 Y120.764 E9.39772
G1 X131.215 Y118.654 E9.54372
G1 X131.215 Y119.209 E9.57085
G1 X129.659 Y120.764 E9.67847
G1 X130.213 Y120.764 E9.70560
G1 X131.215 Y119.763 E9.77486
G1 X131.215 Y120.318 E9.80199
G1 X130.595 Y120.938 E9.84488
G1 E7.84488 F2400.000
G92 E0
G1 X121.918 Y113.599 F7800.000
G1 E2.00000 F2400.000
;TYPE:Perimeter
;WIDTH:0.45
G1 F900.000
G1 X122.112 Y113.632 E2.00944
G1 X122.112 Y119.654 E2.29909
G1 X121.904 Y119.654 E2.30909
G1 X121.904 Y121.054 E2.37642
G1 X118.496 Y121.054 E2.54031
G1 X118.496 Y115.235 E2.82015
G1 X118.719 Y115.487 E2.83631
G1 X121.591 Y114.560 E2.98147
G1 X121.899 Y113.656 E3.02736
G1 X121.904 Y63.946 F7800.000
G1 F3600.000
G1 X121.904 Y65.346 E3.09468
G1 X122.112 Y65.346 E3.10469
G1 X122.112 Y109.255 E5.21655
G1 X121.918 Y109.287 E5.22598
G1 X121.591 Y108.327 E5.27476
G1 X118.719 Y107.400 E5.41992
G1 X118.496 Y107.651 E5.43608
G1 X118.496 Y63.946 E7.53813
G1 X121.844 Y63.946 E7.69914
G1 X122.289 Y63.561 F7800.000
G1 F3600.000
G1 X122.289 Y64.961 E7.76646
G1 X122.497 Y64.961 E7.77646
G1 X122.497 Y120.040 E10.42557
G1 X122.289 Y120.040 E10.43557
G1 X122.289 Y121.439 E10.50289
G1 X118.111 Y121.439 E10.70388
G1 X118.111 Y114.219 E11.05114
G1 X118.841 Y115.042 E11.10406
G1 X121.289 Y114.252 E11.22778
G1 X122.245 Y111.443 E11.37050
G1 X121.289 Y108.634 E11.51321
G1 X118.841 Y107.844 E11.63693
G1 X118.111 Y108.667 E11.68985
G1 X118.111 Y63.561 E13.85932
G1 X122.229 Y63.561 E14.05742
G1 X122.490 Y63.175 F7800.000
;TYPE:External perimeter
G1 F1800.000
G1 X122.675 Y63.175 E14.06632
G1 X122.675 Y64.575 E14.13364
G1 X122.883 Y64.575 E14.14364
G1 X122.883 Y120.425 E16.82985
G1 X122.675 Y120.425 E16.83985
G1 X122.675 Y121.825 E16.90717
G1 X117.725 Y121.825 E17.14525
G1 X117.725 Y113.790 E17.53172
G1 X118.245 Y113.790 E17.55674
G1 X118.962 Y114.598 E17.60870
G1 X120.986 Y113.945 E17.71099
G1 X121.838 Y111.443 E17.83808
G1 X120.986 Y108.942 E17.96517
G1 X118.962 Y108.289 E18.06747
G1 X118.245 Y109.097 E18.11943
G1 X117.725 Y109.097 E18.14445
G1 X117.725 Y63.175 E20.35312
G1 X122.430 Y63.175 E20.57942
G1 X122.647 Y63.273 F7800.000
G1 E18.57942 F2400.000
G92 E0
G1 X121.823 Y69.690 F7800.000
G1 E2.00000 F2400.000
;TYPE:Internal infill
G1 F4800.000
G1 X118.785 Y66.653 E2.20658
G1 X118.785 Y67.816 E2.26254
G1 X121.823 Y67.003 E2.41377
G1 X121.823 Y68.601 E2.49062
G1 X118.785 Y79.935 E3.05499
G1 X118.785 Y79.741 E3.06431
G1 X121.823 Y82.778 E3.27089
G1 X121.823 Y81.375 E3.33840
G1 X118.785 Y82.189 E3.48962
G1 X118.785 Y84.502 E3.60090
G1 X118.785 Y75.084 F7800.000
G1 F4800.000
G1 X118.785 Y77.398 E3.71218
G1 X121.823 Y76.584 E3.86341
G1 X121.823 Y76.234 E3.88024
G1 X118.785 Y73.197 E4.08682
G1 X118.785 Y72.607 E4.11519
G1 X121.823 Y71.793 E4.26641
G1 X121.823 Y74.107 E4.37770
G1 X118.785 Y94.247 F7800.000
G1 F4800.000
G1 X118.785 Y96.561 E4.48898
G1 X121.823 Y95.747 E4.64020
G1 X121.823 Y95.867 E4.64597
G1 X118.785 Y92.830 E4.85255
G1 X118.785 Y91.770 E4.90352
G1 X121.823 Y90.956 E5.05475
G1 X121.823 Y89.323 E5.13331
G1 X118.785 Y86.285 E5.33989
G1 X118.785 Y86.979 E5.37326
G1 X121.823 Y86.165 E5.52448
G1 X121.823 Y86.480 E5.53959
G1 X118.785 Y97.814 E6.10397
G1 X118.785 Y99.374 E6.17899
G1 X121.823 Y102.411 E6.38557
G1 X121.823 Y100.537 E6.47568
G1 X118.785 Y101.351 E6.62690
G1 X118.785 Y103.665 E6.73818
G1 X121.823 Y102.604 F7800.000
G1 F4800.000
G1 X121.823 Y104.359 E6.82259
G1 X120.900 Y107.800 E6.99394
G1 X120.556 Y107.689 E7.01133
G1 X118.785 Y105.918 E7.13179
G1 X118.785 Y106.142 E7.14255
G1 X121.823 Y105.328 E7.29378
G1 X121.838 Y108.204 F7800.000
;TYPE:Gap fill
;WIDTH:0.159509
G1 F1200.000
G1 X121.896 Y108.555 E7.29800
G1 X122.046 Y109.461 F7800.000
;WIDTH:0.459368
G1 F1200.000
G1 X122.105 Y109.817 E7.31575
;WIDTH:0.313231
G1 X122.194 Y110.350 E7.33253
;WIDTH:0.167093
G1 X122.282 Y110.883 E7.33945
G1 X122.282 Y112.003 F7800.000
G1 F1200.000
G1 X122.253 Y112.181 E7.34176
;WIDTH:0.215805
G1 X122.223 Y112.359 E7.34517
;WIDTH:0.264518
G1 X122.194 Y112.536 E7.34966
;WIDTH:0.31323
G1 X122.164 Y112.714 E7.35526
;WIDTH:0.361943
G1 X122.135 Y112.892 E7.36194
;WIDTH:0.410655
G1 X122.105 Y113.070 E7.36973
;WIDTH:0.459368
G1 X122.076 Y113.247 E7.37860
;WIDTH:0.50808
G1 X122.046 Y113.425 E7.38858
G1 X121.896 Y114.332 F7800.000
;WIDTH:0.15951
G1 F1200.000
G1 X121.867 Y114.507 E7.39068
;WIDTH:0.200639
G1 X121.838 Y114.682 E7.39370
G1 X119.824 Y115.252 F7800.000
;TYPE:Solid infill
;WIDTH:0.467107
G1 F1200.000
G1 X118.785 Y116.290 E7.46749
G1 X118.785 Y116.860 E7.49610
G1 X120.396 Y115.249 E7.61050
G1 X121.237 Y114.978 E7.65489
G1 X118.785 Y117.429 E7.82904
G1 X118.785 Y117.999 E7.85765
G1 X121.813 Y114.971 E8.07271
G1 X121.823 Y115.531 E8.10084
G1 X118.785 Y118.568 E8.31659
G1 X118.785 Y119.138 E8.34519
G1 X121.823 Y116.101 E8.56094
G1 X121.823 Y116.670 E8.58954
G1 X118.785 Y119.707 E8.80529
G1 X118.785 Y120.277 E8.83389
G1 X121.823 Y117.240 E9.04964
G1 X121.823 Y117.810 E9.07825
G1 X118.868 Y120.764 E9.28815
G1 X119.437 Y120.764 E9.31676
G1 X121.823 Y118.379 E9.48620
G1 X121.823 Y118.949 E9.51481
G1 X120.007 Y120.764 E9.64380
G1 X120.576 Y120.764 E9.67240
G1 X121.615 Y119.726 E9.74616
G1 X121.615 Y120.296 E9.77477
G1 X120.972 Y120.938 E9.82039
M106 S255
;LAYER_CHANGE
;Z:2.52
;HEIGHT:0.0999999
G1 Z2.520 F7800.000
G1 E7.82039 F2400.000
G92 E0
G1 X125.143 Y123.270 F7800.000
G1 E2.00000 F2400.000
;TYPE:Support material interface
;WIDTH:0.35
G1 F600
G1 X125.143 Y120.356 E2.03981
G1 X125.428 Y120.356 E2.04371
G1 X125.428 Y123.142 E2.08176
G1 X125.714 Y123.142 E2.08566
G1 X125.714 Y120.356 E2.12371
G1 X126.000 Y120.356 E2.12761
G1 X126.000 Y123.142 E2.16566
G1 X126.285 Y123.142 E2.16956
G1 X126.285 Y120.356 E2.20761
G1 X126.458 Y120.356 E2.20996
G1 X126.458 Y121.102 E2.22016
G1 X126.571 Y121.216 E2.22234
G1 X126.571 Y123.142 E2.24865
G1 X126.856 Y123.142 E2.25255
G1 X126.856 Y122.803 E2.25718
G1 X126.896 Y122.843 E2.25794
G1 X127.142 Y122.843 E2.26130
G1 X127.142 Y123.142 E2.26539
G1 X127.428 Y123.142 E2.26929
G1 X127.428 Y122.843 E2.27338
G1 X127.713 Y122.843 E2.27728
G1 X127.713 Y123.270 E2.28312
G1 E0.28312 F2400.000
G92 E0
G1 X125.143 Y64.772 F7800.000
G1 E2.00000 F2400.000
G1 F600
G1 X125.143 Y61.858 E2.03981
G1 X125.428 Y61.858 E2.04371
G1 X125.428 Y64.644 E2.08176
G1 X125.714 Y64.644 E2.08566
G1 X125.714 Y61.858 E2.12371
G1 X126.000 Y61.858 E2.12761
G1 X126.000 Y64.644 E2.16566
G1 X126.285 Y64.644 E2.16956
G1 X126.285 Y61.858 E2.20761
G1 X126.571 Y61.858 E2.21151
G1 X126.571 Y63.784 E2.23782
G1 X126.673 Y63.682 E2.23980
G1 X126.732 Y63.682 E2.24060
G1 X126.732 Y63.279 E2.24611
G1 X126.607 Y63.154 E2.24852
G1 X126.607 Y62.446 E2.25819
G1 X126.856 Y62.197 E2.26301
G1 X126.856 Y61.858 E2.26763
G1 X127.142 Y61.858 E2.27153
G1 X127.142 Y62.157 E2.27562
G1 X127.428 Y62.157 E2.27952
G1 X127.428 Y61.858 E2.28361
G1 X127.713 Y61.858 E2.28751
G1 X127.713 Y62.286 E2.29336
M106 S145.35
;LAYER_CHANGE
;Z:2.72
;HEIGHT:0.2
G1 Z2.720 F7800.000
G1 X127.713 Y62.711
;WIDTH:0.4
;HEIGHT:0.4
G1 F3600.000
G1 X127.713 Y62.625 E2.29783
;HEIGHT:0.3
G1 X127.713 Y62.500 E2.30307
;HEIGHT:0.2
G1 X127.713 Y62.443 E2.30477
G1 X127.428 Y62.443 E2.31325
G1 X127.428 Y62.500 E2.31494
;HEIGHT:0.3
G1 X127.428 Y62.582 E2.31838
G1 X127.142 Y62.582 E2.33034
G1 X127.142 Y62.500 E2.33378
;HEIGHT:0.2
G1 X127.142 Y62.314 E2.33930
G1 E0.33930 F2400.000
G92 E0
G1 X122.858 Y62.711 F7800.000
G1 E2.00000 F2400.000
;HEIGHT:0.4
G1 F3600.000
G1 X122.858 Y62.625 E2.00448
;HEIGHT:0.3
G1 X122.858 Y62.443 E2.01211
G1 X122.572 Y62.443 E2.02406
G1 X122.572 Y62.582 E2.02990
G1 X122.287 Y62.582 E2.04185
G1 X122.287 Y62.314 E2.05307
G1 X122.287 Y61.730 F7800.000
;WIDTH:0.35
G1 F3600.000
G1 X122.287 Y62.157 E2.06831
G1 X122.572 Y62.157 E2.07848
G1 X122.572 Y61.858 E2.08914
G1 X122.858 Y61.858 E2.09932
G1 X122.858 Y62.157 E2.10998
G1 X123.104 Y62.157 E2.11875
G1 X123.143 Y62.197 E2.12073
G1 X123.143 Y61.858 E2.13279
G1 X123.429 Y61.858 E2.14297
G1 X123.429 Y123.142 E4.32614
G1 X123.715 Y123.142 E4.33632
G1 X123.715 Y61.858 E6.51949
G1 X124.000 Y61.858 E6.52966
G1 X124.000 Y123.142 E8.71283
G1 X124.286 Y123.142 E8.72301
G1 X124.286 Y61.858 E10.90618
G1 X124.572 Y61.858 E10.91635
G1 X124.572 Y123.142 E13.09952
G1 X124.682 Y123.142 E13.10347
;HEIGHT:0.2
G1 X124.857 Y123.142 E13.10793
G1 X124.857 Y120.038 E13.18718
;HEIGHT:0.3
G1 X124.857 Y64.962 E15.14923
;HEIGHT:0.2
G1 X124.857 Y61.858 E15.22848
G1 X125.000 Y61.858 E15.23212
G1 X125.000 Y64.962 E15.31137
;HEIGHT:0.3
G1 X125.000 Y67.429 E15.39928
G1 X125.143 Y67.429 E15.40436
G1 X125.143 Y117.571 E17.19060
G1 X125.428 Y117.571 E17.20077
G1 X125.428 Y67.429 E18.98700
G1 X125.714 Y67.429 E18.99718
G1 X125.714 Y117.571 E20.78341
G1 X126.000 Y117.571 E20.79358
G1 X126.000 Y67.429 E22.57982
G1 X126.285 Y67.429 E22.58999
G1 X126.285 Y117.699 E24.38080
G1 E22.38080 F2400.000
G92 E0
G1 X127.142 Y122.289 F7800.000
G1 E2.00000 F2400.000
;WIDTH:0.4
;HEIGHT:0.4
G1 F3600.000
G1 X127.142 Y122.375 E2.00448
;HEIGHT:0.3
G1 X127.142 Y122.500 E2.00971
;HEIGHT:0.2
G1 X127.142 Y122.557 E2.01141
G1 X127.428 Y122.557 E2.01989
G1 X127.428 Y122.500 E2.02159
;HEIGHT:0.3
G1 X127.428 Y122.418 E2.02503
G1 X127.713 Y122.418 E2.03699
G1 X127.713 Y122.500 E2.04043
;HEIGHT:0.2
G1 X127.713 Y122.686 E2.04594
G1 E0.04594 F2400.000
G92 E0
G1 X122.287 Y122.289 F7800.000
G1 E2.00000 F2400.000
;HEIGHT:0.4
G1 F3600.000
G1 X122.287 Y122.375 E2.00448
;HEIGHT:0.3
G1 X122.287 Y122.557 E2.01211
G1 X122.572 Y122.557 E2.02406
G1 X122.572 Y122.418 E2.02990
G1 X122.858 Y122.418 E2.04185
G1 X122.858 Y122.686 E2.05307
G1 X123.143 Y123.270 F7800.000
;WIDTH:0.35
G1 F3600.000
G1 X123.143 Y122.803 E2.06970
G1 X123.104 Y122.843 E2.07168
G1 X122.858 Y122.843 E2.08046
G1 X122.858 Y123.142 E2.09112
G1 X122.572 Y123.142 E2.10129
G1 X122.572 Y122.843 E2.11195
G1 X122.287 Y122.843 E2.12213
G1 X122.287 Y123.270 E2.13736
G1 E0.13736 F2400.000
G92 E0
G1 X129.719 Y107.100 F7800.000
G1 E2.00000 F2400.000
;TYPE:Perimeter
;WIDTH:0.45
G1 F3600.000
G1 X127.822 Y109.240 E2.13756
G1 X127.822 Y67.050 E4.16675
G1 X128.152 Y66.079 E4.21609
G1 X127.801 Y65.046 E4.26855
G1 X128.096 Y65.046 E4.28276
G1 X128.096 Y64.246 E4.32122
G1 X131.504 Y64.246 E4.48511
G1 X131.504 Y107.676 E6.57392
G1 X129.776 Y107.118 E6.66122
G1 E4.66122 F2400.000
G92 E0
G1 X127.822 Y113.047 F7800.000
G1 E2.00000 F2400.000
G1 F900.000
G1 X129.719 Y115.187 E2.13756
G1 X131.504 Y114.611 E2.22775
G1 X131.504 Y120.754 E2.52321
G1 X128.096 Y120.754 E2.68710
G1 X128.096 Y119.954 E2.72556
G1 X127.801 Y119.954 E2.73977
G1 X128.152 Y118.921 E2.79223
G1 X127.822 Y117.950 E2.84157
G1 X127.822 Y113.107 E3.07453
G1 E1.07453 F2400.000
G92 E0
G1 X129.841 Y107.544 F7800.000
G1 E2.00000 F2400.000
G1 F3600.000
G1 X127.997 Y109.623 E2.13362
G1 X127.997 Y112.664 E2.27987
G1 X129.841 Y114.742 E2.41349
G1 X131.889 Y114.081 E2.51704
G1 X131.889 Y121.139 E2.85652
G1 X127.711 Y121.139 E3.05750
G1 X127.711 Y120.340 E3.09596
G1 X127.436 Y120.340 E3.10917
G1 X127.436 Y119.829 E3.13374
G1 X127.745 Y118.921 E3.17983
G1 X127.436 Y118.014 E3.22593
G1 X127.436 Y66.986 E5.68022
G1 X127.745 Y66.079 E5.72631
G1 X127.436 Y65.171 E5.77241
G1 X127.436 Y64.661 E5.79698
G1 X127.711 Y64.661 E5.81018
G1 X127.711 Y63.861 E5.84864
G1 X131.889 Y63.861 E6.04963
G1 X131.889 Y108.205 E8.18246
G1 X129.898 Y107.563 E8.28312
G1 X129.962 Y107.989 F7800.000
;TYPE:External perimeter
G1 F1800.000
G1 X128.383 Y109.769 E8.39758
G1 X128.383 Y112.517 E8.52975
G1 X129.962 Y114.298 E8.64421
G1 X131.986 Y113.645 E8.74651
G1 X132.039 Y113.490 E8.75438
G1 X132.275 Y113.490 E8.76575
G1 X132.275 Y121.525 E9.15222
G1 X127.325 Y121.525 E9.39030
G1 X127.325 Y120.725 E9.42876
G1 X127.051 Y120.725 E9.44196
G1 X127.051 Y119.765 E9.48815
G1 X127.338 Y118.921 E9.53101
G1 X127.051 Y118.078 E9.57386
G1 X127.051 Y66.922 E12.03429
G1 X127.338 Y66.079 E12.07714
G1 X127.051 Y65.235 E12.11999
G1 X127.051 Y64.275 E12.16618
G1 X127.325 Y64.275 E12.17938
G1 X127.325 Y63.475 E12.21784
G1 X132.275 Y63.475 E12.45592
G1 X132.275 Y108.797 E14.63574
G1 X132.039 Y108.797 E14.64710
G1 X131.986 Y108.642 E14.65498
G1 X130.019 Y108.007 E14.75439
G1 X129.633 Y107.760 F7800.000
G1 E12.75439 F2400.000
G92 E0
G1 X128.111 Y106.120 F7800.000
G1 E2.00000 F2400.000
;TYPE:Internal infill
G1 F4800.000
G1 X128.111 Y108.434 E2.11128
G1 X128.162 Y108.420 E2.11382
G1 X129.628 Y106.766 E2.22012
G1 X130.669 Y107.102 E2.27270
G1 X131.215 Y105.065 E2.37415
G1 X131.215 Y105.259 E2.38346
G1 X128.111 Y102.155 E2.59456
G1 X128.111 Y103.643 E2.66613
G1 X131.215 Y102.811 E2.82067
G1 X131.215 Y100.498 E2.93195
G1 X131.215 Y90.753 F7800.000
G1 F4800.000
G1 X131.215 Y88.439 E3.04323
G1 X128.111 Y89.271 E3.19777
G1 X128.111 Y89.067 E3.20760
G1 X131.215 Y92.170 E3.41870
G1 X131.215 Y93.230 E3.46967
G1 X128.111 Y94.062 E3.62421
G1 X128.111 Y95.611 E3.69872
G1 X131.215 Y98.715 E3.90982
G1 X131.215 Y98.021 E3.94319
G1 X128.111 Y98.852 E4.09773
G1 X128.111 Y98.769 E4.10175
G1 X131.215 Y87.186 E4.67849
G1 X131.215 Y85.626 E4.75352
G1 X128.111 Y82.523 E4.96462
G1 X128.111 Y80.890 E5.04315
G1 X131.215 Y69.277 E5.62130
G1 X128.111 Y70.108 E5.77584
G1 X128.111 Y69.434 E5.80826
G1 X131.215 Y72.538 E6.01936
G1 X131.215 Y74.067 E6.09293
G1 X128.111 Y74.899 E6.24747
G1 X128.111 Y75.978 E6.29939
G1 X131.215 Y79.082 E6.51049
G1 X131.215 Y78.858 E6.52126
G1 X128.111 Y79.690 E6.67579
G1 X128.111 Y77.376 E6.78708
G1 X131.215 Y81.335 F7800.000
G1 F4800.000
G1 X131.215 Y83.649 E6.89836
G1 X128.111 Y84.480 E7.05290
G1 X128.111 Y86.794 E7.16418
G1 X128.111 Y67.278 F7800.000
G1 F4800.000
G1 X128.111 Y67.098 E7.17285
G1 X128.458 Y66.079 E7.22462
G1 X128.205 Y65.335 E7.26239
G1 X128.385 Y65.335 E7.27107
G1 X128.385 Y65.244 E7.27546
G1 X131.030 Y64.536 E7.40713
G1 X131.215 Y64.536 E7.41602
G1 X131.215 Y65.994 E7.48614
G1 X129.757 Y64.536 E7.58531
G1 X128.385 Y64.536 E7.65126
G1 X128.385 Y65.051 E7.67606
G1 X127.717 Y109.649 F7800.000
;TYPE:Gap fill
;WIDTH:0.240021
G1 F1200.000
G1 X127.717 Y112.638 E7.74154
G1 X131.388 Y115.580 F7800.000
;TYPE:Solid infill
;WIDTH:0.467826
G1 F1200.000
G1 X130.913 Y115.105 E7.77531
G1 X130.482 Y115.244 E7.79812
G1 X131.215 Y115.977 E7.85024
G1 X131.215 Y116.547 E7.87895
G1 X130.051 Y115.383 E7.96176
G1 X129.628 Y115.520 E7.98411
G1 X128.111 Y113.809 E8.09919
G1 X128.111 Y114.014 E8.10952
G1 X131.215 Y117.118 E8.33039
G1 X131.215 Y117.688 E8.35910
G1 X128.111 Y114.585 E8.57996
G1 X128.111 Y115.155 E8.60867
G1 X131.215 Y118.259 E8.82953
G1 X131.215 Y118.829 E8.85824
G1 X128.111 Y115.726 E9.07910
G1 X128.111 Y116.296 E9.10781
G1 X131.215 Y119.400 E9.32868
G1 X131.215 Y119.971 E9.35739
G1 X128.111 Y116.867 E9.57825
G1 X128.111 Y117.438 E9.60696
G1 X131.138 Y120.464 E9.82236
G1 X130.567 Y120.464 E9.85107
G1 X128.165 Y118.063 E10.02199
G1 X128.457 Y118.925 E10.06777
G1 X129.997 Y120.464 E10.17735
G1 X129.426 Y120.464 E10.20606
G1 X128.312 Y119.350 E10.28535
G1 X128.205 Y119.665 E10.30207
G1 X128.385 Y119.665 E10.31116
G1 X128.385 Y119.994 E10.32775
G1 X129.029 Y120.638 E10.37355
G1 E8.37355 F2400.000
G92 E0
G1 X121.918 Y113.299 F7800.000
G1 E2.00000 F2400.000
;TYPE:Perimeter
;WIDTH:0.45
G1 F900.000
G1 X122.112 Y113.332 E2.00944
G1 X122.112 Y119.954 E2.32795
G1 X121.904 Y119.954 E2.33796
G1 X121.904 Y120.754 E2.37642
G1 X118.496 Y120.754 E2.54031
G1 X118.496 Y114.935 E2.82015
G1 X118.719 Y115.187 E2.83631
G1 X121.591 Y114.260 E2.98147
G1 X121.899 Y113.356 E3.02736
G1 X121.904 Y64.246 F7800.000
G1 F3600.000
G1 X121.904 Y65.046 E3.06583
G1 X122.112 Y65.046 E3.07583
G1 X122.112 Y108.955 E5.18769
G1 X121.918 Y108.987 E5.19712
G1 X121.591 Y108.027 E5.24591
G1 X118.719 Y107.100 E5.39106
G1 X118.496 Y107.351 E5.40722
G1 X118.496 Y64.246 E7.48041
G1 X121.844 Y64.246 E7.64142
G1 X122.289 Y63.861 F7800.000
G1 F3600.000
G1 X122.289 Y64.661 E7.67988
G1 X122.497 Y64.661 E7.68988
G1 X122.497 Y120.340 E10.36786
G1 X122.289 Y120.340 E10.37786
G1 X122.289 Y121.139 E10.41632
G1 X118.111 Y121.139 E10.61730
G1 X118.111 Y113.919 E10.96457
G1 X118.841 Y114.742 E11.01748
G1 X121.289 Y113.952 E11.14121
G1 X122.245 Y111.143 E11.28392
G1 X121.289 Y108.334 E11.42664
G1 X118.841 Y107.544 E11.55036
G1 X118.111 Y108.367 E11.60328
G1 X118.111 Y63.861 E13.74389
G1 X122.229 Y63.861 E13.94199
G1 X122.490 Y63.475 F7800.000
;TYPE:External perimeter
G1 F1800.000
G1 X122.675 Y63.475 E13.95089
G1 X122.675 Y64.275 E13.98935
G1 X122.883 Y64.275 E13.99935
G1 X122.883 Y120.725 E16.71442
G1 X122.675 Y120.725 E16.72442
G1 X122.675 Y121.525 E16.76288
G1 X117.725 Y121.525 E17.00096
G1 X117.725 Y113.490 E17.38743
G1 X118.245 Y113.490 E17.41245
G1 X118.962 Y114.298 E17.46441
G1 X120.986 Y113.645 E17.56670
G1 X121.838 Y111.143 E17.69379
G1 X120.986 Y108.642 E17.82088
G1 X118.962 Y107.989 E17.92318
G1 X118.245 Y108.797 E17.97514
G1 X117.725 Y108.797 E18.00016
G1 X117.725 Y63.475 E20.17997
G1 X122.430 Y63.475 E20.40627
G1 X122.647 Y63.573 F7800.000
G1 E18.40627 F2400.000
G92 E0
G1 X121.823 Y69.690 F7800.000
G1 E2.00000 F2400.000
;TYPE:Internal infill
G1 F4800.000
G1 X118.785 Y66.653 E2.20658
G1 X118.785 Y67.816 E2.26254
G1 X121.823 Y67.003 E2.41377
G1 X121.823 Y68.601 E2.49061
G1 X118.785 Y79.935 E3.05499
G1 X118.785 Y79.741 E3.06431
G1 X121.823 Y82.778 E3.27089
G1 X121.823 Y81.375 E3.33840
G1 X118.785 Y82.189 E3.48962
G1 X118.785 Y84.502 E3.60090
G1 X118.785 Y75.084 F7800.000
G1 F4800.000
G1 X118.785 Y77.398 E3.71218
G1 X121.823 Y76.584 E3.86341
G1 X121.823 Y76.234 E3.88024
G1 X118.785 Y73.197 E4.08682
G1 X118.785 Y72.607 E4.11519
G1 X121.823 Y71.793 E4.26641
G1 X121.823 Y74.107 E4.37770
G1 X118.785 Y94.247 F7800.000
G1 F4800.000
G1 X118.785 Y96.561 E4.48898
G1 X121.823 Y95.747 E4.64020
G1 X121.823 Y95.867 E4.64597
G1 X118.785 Y92.830 E4.85255
G1 X118.785 Y91.770 E4.90352
G1 X121.823 Y90.956 E5.05475
G1 X121.823 Y89.323 E5.13331
G1 X118.785 Y86.285 E5.33989
G1 X118.785 Y86.979 E5.37326
G1 X121.823 Y86.165 E5.52448
G1 X121.823 Y86.480 E5.53959
G1 X118.785 Y97.814 E6.10397
G1 X118.785 Y99.374 E6.17899
G1 X121.823 Y102.411 E6.38557
G1 X121.823 Y100.537 E6.47568
G1 X118.785 Y101.351 E6.62690
G1 X118.785 Y103.665 E6.73818
G1 X121.823 Y102.604 F7800.000
G1 F4800.000
G1 X121.823 Y104.359 E6.82259
G1 X120.974 Y107.524 E6.98019
G1 X120.113 Y107.246 E7.02371
G1 X118.785 Y105.918 E7.11403
G1 X118.785 Y106.142 E7.12480
G1 X121.823 Y105.328 E7.27603
G1 X121.838 Y107.904 F7800.000
;TYPE:Gap fill
;WIDTH:0.159508
G1 F1200.000
G1 X121.896 Y108.255 E7.28024
G1 X122.046 Y109.161 F7800.000
;WIDTH:0.459368
G1 F1200.000
G1 X122.105 Y109.517 E7.29800
;WIDTH:0.313231
G1 X122.194 Y110.050 E7.31478
;WIDTH:0.167093
G1 X122.282 Y110.583 E7.32170
G1 X122.282 Y111.703 F7800.000
G1 F1200.000
G1 X122.253 Y111.881 E7.32401
;WIDTH:0.215805
G1 X122.223 Y112.059 E7.32741
;WIDTH:0.264518
G1 X122.194 Y112.236 E7.33191
;WIDTH:0.31323
G1 X122.164 Y112.414 E7.33750
;WIDTH:0.361943
G1 X122.135 Y112.592 E7.34419
;WIDTH:0.410655
G1 X122.105 Y112.770 E7.35197
;WIDTH:0.459368
G1 X122.076 Y112.947 E7.36085
;WIDTH:0.50808
G1 X122.046 Y113.125 E7.37082
G1 X121.896 Y114.032 F7800.000
;WIDTH:0.15951
G1 F1200.000
G1 X121.867 Y114.207 E7.37293
;WIDTH:0.200639
G1 X121.838 Y114.382 E7.37595
G1 X121.996 Y115.335 F7800.000
;TYPE:Solid infill
;WIDTH:0.462457
G1 F1200.000
G1 X121.314 Y114.653 E7.42383
G1 X120.889 Y114.790 E7.44603
G1 X121.823 Y115.724 E7.51160
G1 X121.823 Y116.287 E7.53955
G1 X120.463 Y114.928 E7.63501
G1 X120.037 Y115.065 E7.65721
G1 X121.823 Y116.850 E7.78255
G1 X121.823 Y117.413 E7.81050
G1 X119.612 Y115.202 E7.96572
G1 X119.186 Y115.340 E7.98793
G1 X121.823 Y117.976 E8.17303
G1 X121.823 Y118.539 E8.20098
G1 X118.785 Y115.502 E8.41424
G1 X118.785 Y116.065 E8.44219
G1 X121.823 Y119.102 E8.65544
G1 X121.822 Y119.665 E8.68338
G1 X118.785 Y116.628 E8.89663
G1 X118.785 Y117.191 E8.92458
G1 X121.615 Y120.020 E9.12323
G1 X121.615 Y120.464 E9.14530
G1 X121.496 Y120.464 E9.15118
G1 X118.785 Y117.754 E9.34151
G1 X118.785 Y118.317 E9.36946
G1 X120.933 Y120.464 E9.52027
G1 X120.370 Y120.464 E9.54822
G1 X118.785 Y118.880 E9.65949
G1 X118.785 Y119.443 E9.68744
G1 X119.807 Y120.464 E9.75919
G1 X119.244 Y120.464 E9.78714
G1 X118.612 Y119.832 E9.83154
M106 S247.35
;LAYER_CHANGE
;Z:2.82
;HEIGHT:0.0999999
G1 Z2.820 F7800.000
G1 E7.83154 F2400.000
G92 E0
G1 X122.287 Y123.270 F7800.000
G1 E2.00000 F2400.000
;TYPE:Support material interface
;WIDTH:0.35
G1 F3600.000
G1 X122.287 Y122.543 E2.00994
G1 X122.572 Y122.543 E2.01384
G1 X122.572 Y123.142 E2.02203
G1 X122.858 Y123.142 E2.02593
G1 X122.858 Y122.543 E2.03411
G1 X123.104 Y122.543 E2.03748
G1 X123.143 Y122.503 E2.03823
G1 X123.143 Y123.142 E2.04696
G1 X123.429 Y123.142 E2.05086
G1 X123.429 Y61.858 E2.88794
G1 X123.715 Y61.858 E2.89184
G1 X123.715 Y123.142 E3.72892
G1 X124.000 Y123.142 E3.73282
G1 X124.000 Y61.858 E4.56990
G1 X124.286 Y61.858 E4.57380
G1 X124.286 Y123.142 E5.41088
G1 X124.572 Y123.142 E5.41478
G1 X124.572 Y61.858 E6.25186
G1 X124.857 Y61.858 E6.25576
G1 X124.857 Y123.270 E7.09459
G1 E5.09459 F2400.000
G92 E0
G1 X123.143 Y62.678 F7800.000
G1 E2.00000 F2400.000
G1 F3600.000
G1 X123.143 Y61.858 E2.01120
G1 X122.858 Y61.858 E2.01511
G1 X122.858 Y62.457 E2.02329
G1 X122.572 Y62.457 E2.02719
G1 X122.572 Y61.858 E2.03538
G1 X122.287 Y61.858 E2.03928
G1 X122.287 Y62.586 E2.04922
M106 S147.9
;LAYER_CHANGE
;Z:3.02
;HEIGHT:0.2
G1 Z3.020 F7800.000
G1 X122.287 Y62.614
;WIDTH:0.4
G1 F3600.000
G1 X122.287 Y62.800 E2.05473
;HEIGHT:0.3
G1 X122.287 Y62.882 E2.05818
G1 X122.572 Y62.882 E2.07013
G1 X122.572 Y62.800 E2.07357
;HEIGHT:0.2
G1 X122.572 Y62.743 E2.07527
G1 X122.858 Y62.743 E2.08375
G1 X122.858 Y62.800 E2.08545
;HEIGHT:0.3
G1 X122.858 Y62.925 E2.09068
;HEIGHT:0.4
G1 X122.858 Y63.011 E2.09516
G1 E0.09516 F2400.000
G92 E0
G1 X127.142 Y62.614 F7800.000
G1 E2.00000 F2400.000
;HEIGHT:0.3
G1 F3600.000
G1 X127.142 Y62.882 E2.01122
G1 X127.428 Y62.882 E2.02317
G1 X127.428 Y62.743 E2.02901
G1 X127.713 Y62.743 E2.04096
G1 X127.713 Y62.925 E2.04859
;HEIGHT:0.4
G1 X127.713 Y63.011 E2.05307
G1 E0.05307 F2400.000
G92 E0
G1 X126.285 Y117.699 F7800.000
G1 E2.00000 F2400.000
;WIDTH:0.35
;HEIGHT:0.3
G1 F3600.000
G1 X126.285 Y117.070 E2.02242
G1 X126.179 Y116.757 E2.03420
G1 X126.169 Y116.428 E2.04593
G1 X126.024 Y115.973 E2.06293
G1 X126.024 Y69.027 E3.73532
G1 X126.169 Y68.572 E3.75232
G1 X126.179 Y68.243 E3.76405
G1 X126.285 Y67.930 E3.77583
G1 X126.285 Y67.429 E3.79367
G1 X126.000 Y67.429 E3.80385
G1 X126.000 Y117.571 E5.59008
G1 X125.714 Y117.571 E5.60025
G1 X125.714 Y67.429 E7.38649
G1 X125.428 Y67.429 E7.39666
G1 X125.428 Y117.571 E9.18289
G1 X125.318 Y117.571 E9.18683
;HEIGHT:0.2
G1 X125.143 Y117.571 E9.19130
G1 X125.143 Y67.429 E10.47159
G1 X124.857 Y67.429 E10.47889
G1 X124.857 Y117.571 E11.75918
G1 X124.572 Y117.571 E11.76647
G1 X124.572 Y67.429 E13.04677
G1 X124.286 Y67.429 E13.05406
G1 X124.286 Y117.571 E14.33436
G1 X124.000 Y117.571 E14.34165
G1 X124.000 Y67.429 E15.62194
G1 X123.715 Y67.429 E15.62923
G1 X123.715 Y117.699 E16.91281
G1 E14.91281 F2400.000
G92 E0
G1 X122.287 Y121.989 F7800.000
G1 E2.00000 F2400.000
;WIDTH:0.4
;HEIGHT:0.4
G1 F3600.000
G1 X122.287 Y122.075 E2.00448
;HEIGHT:0.3
G1 X122.287 Y122.200 E2.00971
;HEIGHT:0.2
G1 X122.287 Y122.257 E2.01141
G1 X122.572 Y122.257 E2.01989
G1 X122.572 Y122.200 E2.02159
;HEIGHT:0.3
G1 X122.572 Y122.118 E2.02503
G1 X122.858 Y122.118 E2.03699
G1 X122.858 Y122.200 E2.04043
;HEIGHT:0.2
G1 X122.858 Y122.386 E2.04594
G1 E0.04594 F2400.000
G92 E0
G1 X127.142 Y121.989 F7800.000
G1 E2.00000 F2400.000
;HEIGHT:0.4
G1 F3600.000
G1 X127.142 Y122.075 E2.00448
;HEIGHT:0.3
G1 X127.142 Y122.257 E2.01211
G1 X127.428 Y122.257 E2.02406
G1 X127.428 Y122.118 E2.02990
G1 X127.713 Y122.118 E2.04185
G1 X127.713 Y122.386 E2.05307
G1 E0.05307 F2400.000
G92 E0
G1 X129.719 Y106.800 F7800.000
G1 E2.00000 F2400.000
;TYPE:Perimeter
;WIDTH:0.45
G1 F3600.000
G1 X127.677 Y109.103 E2.14803
G1 X127.677 Y67.774 E4.13580
G1 X128.152 Y66.379 E4.20670
G1 X127.677 Y64.983 E4.27759
G1 X127.677 Y64.746 E4.28900
G1 X128.096 Y64.746 E4.30915
G1 X128.096 Y64.546 E4.31875
G1 X131.504 Y64.546 E4.48264
G1 X131.504 Y107.376 E6.54259
G1 X129.776 Y106.818 E6.62990
G1 E4.62990 F2400.000
G92 E0
G1 X127.677 Y112.584 F7800.000
G1 E2.00000 F2400.000
G1 F900.000
G1 X129.719 Y114.887 E2.14803
G1 X131.504 Y114.311 E2.23822
G1 X131.504 Y120.454 E2.53368
G1 X128.096 Y120.454 E2.69757
G1 X128.096 Y120.254 E2.70718
G1 X127.677 Y120.254 E2.72733
G1 X127.677 Y120.017 E2.73873
G1 X128.152 Y118.621 E2.80963
G1 X127.677 Y117.226 E2.88052
G1 X127.677 Y112.644 E3.10092
G1 E1.10092 F2400.000
G92 E0
G1 X129.841 Y107.244 F7800.000
G1 E2.00000 F2400.000
G1 F3600.000
G1 X127.997 Y109.323 E2.13362
G1 X127.997 Y112.364 E2.27987
G1 X129.841 Y114.442 E2.41349
G1 X131.889 Y113.781 E2.51704
G1 X131.889 Y120.839 E2.85652
G1 X127.711 Y120.839 E3.05750
G1 X127.711 Y120.640 E3.06711
G1 X127.292 Y120.640 E3.08726
G1 X127.292 Y119.953 E3.12028
G1 X127.745 Y118.621 E3.18793
G1 X127.292 Y117.290 E3.25558
G1 X127.292 Y67.710 E5.64020
G1 X127.745 Y66.379 E5.70785
G1 X127.292 Y65.047 E5.77551
G1 X127.292 Y64.361 E5.80853
G1 X127.711 Y64.361 E5.82868
G1 X127.711 Y64.161 E5.83829
G1 X131.889 Y64.161 E6.03927
G1 X131.889 Y107.905 E8.14324
G1 X129.898 Y107.263 E8.24390
G1 X129.962 Y107.689 F7800.000
;TYPE:External perimeter
G1 F1800.000
G1 X128.383 Y109.469 E8.35837
G1 X128.383 Y112.217 E8.49053
G1 X129.962 Y113.998 E8.60500
G1 X131.986 Y113.345 E8.70729
G1 X132.039 Y113.190 E8.71517
G1 X132.275 Y113.190 E8.72653
G1 X132.275 Y121.225 E9.11300
G1 X127.325 Y121.225 E9.35108
G1 X127.325 Y121.025 E9.36069
G1 X126.906 Y121.025 E9.38084
G1 X126.906 Y120.865 E9.38856
G1 X126.906 Y119.889 E9.43548
G1 X127.338 Y118.621 E9.49989
G1 X126.906 Y117.354 E9.56430
G1 X126.906 Y67.646 E11.95506
G1 X127.338 Y66.379 E12.01946
G1 X126.906 Y65.111 E12.08387
G1 X126.906 Y63.975 E12.13851
G1 X127.325 Y63.975 E12.15866
G1 X127.325 Y63.775 E12.16827
G1 X132.275 Y63.775 E12.40635
G1 X132.275 Y108.497 E14.55731
G1 X132.039 Y108.497 E14.56867
G1 X131.986 Y108.342 E14.57655
G1 X130.019 Y107.707 E14.67596
G1 X129.633 Y107.460 F7800.000
G1 X128.870 Y107.321
;TYPE:Internal infill
G1 F4800.000
G1 X129.628 Y106.466 E14.73091
G1 X130.743 Y106.826 E14.78724
G1 X131.215 Y105.065 E14.87493
G1 X131.215 Y105.259 E14.88425
G1 X127.966 Y102.011 E15.10518
G1 X127.966 Y103.682 E15.18555
G1 X131.215 Y102.811 E15.34728
G1 X131.215 Y100.498 E15.45857
G1 X127.645 Y109.430 F7800.000
;TYPE:Gap fill
;WIDTH:0.384493
G1 F1200.000
G1 X127.645 Y112.256 E15.57140
G1 X127.793 Y113.655 F7800.000
;TYPE:Solid infill
;WIDTH:0.458702
G1 F1200.000
G1 X128.030 Y113.418 E15.58790
G1 X128.292 Y113.713 E15.60732
G1 X127.966 Y114.039 E15.62998
G1 X127.966 Y114.597 E15.65741
G1 X128.554 Y114.009 E15.69830
G1 X128.816 Y114.304 E15.71773
G1 X127.966 Y115.154 E15.77684
G1 X127.966 Y115.712 E15.80427
G1 X129.078 Y114.600 E15.88162
G1 X129.341 Y114.896 E15.90104
G1 X127.966 Y116.270 E15.99662
G1 X127.966 Y116.827 E16.02405
G1 X129.603 Y115.191 E16.13785
G1 X129.628 Y115.220 E16.13974
G1 X130.371 Y114.980 E16.17815
G1 X128.019 Y117.332 E16.34177
G1 X128.161 Y117.748 E16.36339
G1 X131.215 Y114.708 E16.57533
G1 X131.215 Y115.252 E16.60211
G1 X128.302 Y118.164 E16.80466
G1 X128.444 Y118.580 E16.82628
G1 X131.215 Y115.810 E17.01898
G1 X131.215 Y116.368 E17.04641
G1 X128.198 Y119.384 E17.25620
G1 X128.000 Y119.965 E17.28638
G1 X128.175 Y119.965 E17.29496
G1 X131.215 Y116.925 E17.50638
G1 X131.215 Y117.483 E17.53380
G1 X128.533 Y120.164 E17.72032
G1 X129.091 Y120.164 E17.74774
G1 X131.215 Y118.040 E17.89547
G1 X131.215 Y118.598 E17.92290
G1 X129.648 Y120.164 E18.03183
G1 X130.206 Y120.164 E18.05926
G1 X131.215 Y119.156 E18.12941
G1 X131.215 Y119.713 E18.15684
G1 X130.590 Y120.338 E18.20027
G1 E16.20027 F2400.000
G92 E0
G1 X131.215 Y81.335 F7800.000
G1 E2.00000 F2400.000
;TYPE:Internal infill
;WIDTH:0.45
G1 F4800.000
G1 X131.215 Y83.649 E2.11128
G1 X127.966 Y84.519 E2.27301
G1 X127.966 Y86.833 E2.38430
G1 X131.215 Y90.753 F7800.000
G1 F4800.000
G1 X131.215 Y88.439 E2.49558
G1 X127.966 Y89.310 E2.65731
G1 X127.966 Y88.922 E2.67595
G1 X131.215 Y92.170 E2.89688
G1 X131.215 Y93.230 E2.94785
G1 X127.966 Y94.100 E3.10958
G1 X127.966 Y95.466 E3.17528
G1 X131.215 Y98.715 E3.39621
G1 X131.215 Y98.021 E3.42958
G1 X127.966 Y98.891 E3.59131
G1 X127.966 Y99.308 E3.61136
G1 X131.215 Y87.186 E4.21495
G1 X131.215 Y85.626 E4.28997
G1 X127.966 Y82.378 E4.51090
G1 X127.966 Y81.429 E4.55655
G1 X131.215 Y69.277 E5.16155
G1 X127.966 Y70.147 E5.32328
G1 X127.966 Y69.290 E5.36451
G1 X131.215 Y72.538 E5.58544
G1 X131.215 Y74.067 E5.65901
G1 X127.966 Y74.938 E5.82074
G1 X127.966 Y75.834 E5.86385
G1 X131.215 Y79.082 E6.08478
G1 X131.215 Y78.858 E6.09554
G1 X127.966 Y79.728 E6.25727
G1 X127.966 Y77.415 E6.36856
G1 X131.215 Y68.307 F7800.000
G1 F4800.000
G1 X131.215 Y65.994 E6.47984
G1 X130.057 Y64.836 E6.55860
G1 X129.910 Y64.836 E6.56565
G1 X128.098 Y65.321 E6.65588
G1 X128.458 Y66.379 E6.70961
G1 X128.072 Y67.511 E6.76717
G1 E4.76717 F2400.000
G92 E0
G1 X121.918 Y112.999 F7800.000
G1 E2.00000 F2400.000
;TYPE:Perimeter
G1 F900.000
G1 X122.112 Y113.032 E2.00944
G1 X122.112 Y120.254 E2.35681
G1 X121.904 Y120.254 E2.36681
G1 X121.904 Y120.454 E2.37642
G1 X118.496 Y120.454 E2.54031
G1 X118.496 Y114.635 E2.82015
G1 X118.719 Y114.887 E2.83631
G1 X121.591 Y113.960 E2.98147
G1 X121.899 Y113.056 E3.02736
G1 E1.02736 F2400.000
G92 E0
G1 X118.719 Y106.800 F7800.000
G1 E2.00000 F2400.000
G1 F3600.000
G1 X118.496 Y107.051 E2.01616
G1 X118.496 Y64.546 E4.06050
G1 X121.904 Y64.546 E4.22439
G1 X121.904 Y64.746 E4.23399
G1 X122.112 Y64.746 E4.24400
G1 X122.112 Y108.655 E6.35586
G1 X121.918 Y108.687 E6.36529
G1 X121.591 Y107.727 E6.41407
G1 X118.776 Y106.818 E6.55634
G1 E4.55634 F2400.000
G92 E0
G1 X118.841 Y114.442 F7800.000
G1 E2.00000 F2400.000
G1 F3600.000
G1 X121.289 Y113.652 E2.12372
G1 X122.245 Y110.843 E2.26644
G1 X121.289 Y108.034 E2.40915
G1 X118.841 Y107.244 E2.53288
G1 X118.111 Y108.067 E2.58579
G1 X118.111 Y64.161 E4.69755
G1 X122.289 Y64.161 E4.89853
G1 X122.289 Y64.361 E4.90814
G1 X122.497 Y64.361 E4.91814
G1 X122.497 Y120.640 E7.62497
G1 X122.289 Y120.640 E7.63497
G1 X122.289 Y120.839 E7.64457
G1 X118.111 Y120.839 E7.84556
G1 X118.111 Y113.619 E8.19282
G1 X118.801 Y114.397 E8.24285
G1 E6.24285 F2400.000
G92 E0
G1 X122.675 Y63.975 F7800.000
G1 E2.00000 F2400.000
;TYPE:External perimeter
G1 F1800.000
G1 X122.883 Y63.975 E2.01000
G1 X122.883 Y121.025 E4.75392
G1 X122.675 Y121.025 E4.76393
G1 X122.675 Y121.225 E4.77353
G1 X117.725 Y121.225 E5.01161
G1 X117.725 Y113.190 E5.39808
G1 X118.245 Y113.190 E5.42310
G1 X118.962 Y113.998 E5.47506
G1 X120.986 Y113.345 E5.57735
G1 X121.838 Y110.843 E5.70444
G1 X120.986 Y108.342 E5.83153
G1 X118.962 Y107.689 E5.93383
G1 X118.245 Y108.497 E5.98579
G1 X117.725 Y108.497 E6.01081
G1 X117.725 Y63.775 E8.16177
G1 X122.675 Y63.775 E8.39984
G1 X122.675 Y63.915 E8.40656
G1 X122.777 Y64.156 F7800.000
G1 X121.823 Y69.690
;TYPE:Internal infill
G1 F4800.000
G1 X118.785 Y66.653 E8.61314
G1 X118.785 Y67.816 E8.66910
G1 X121.823 Y67.003 E8.82033
G1 X121.823 Y68.601 E8.89718
G1 X118.785 Y79.935 E9.46156
G1 X118.785 Y79.741 E9.47087
G1 X121.823 Y82.778 E9.67745
G1 X121.823 Y81.375 E9.74496
G1 X118.785 Y82.189 E9.89618
G1 X118.785 Y84.502 E10.00747
G1 X118.785 Y75.084 F7800.000
G1 F4800.000
G1 X118.785 Y77.398 E10.11875
G1 X121.823 Y76.584 E10.26997
G1 X121.823 Y76.234 E10.28680
G1 X118.785 Y73.197 E10.49338
G1 X118.785 Y72.607 E10.52175
G1 X121.823 Y71.793 E10.67298
G1 X121.823 Y74.107 E10.78426
G1 X118.785 Y94.247 F7800.000
G1 F4800.000
G1 X118.785 Y96.561 E10.89554
G1 X121.823 Y95.747 E11.04677
G1 X121.823 Y95.867 E11.05254
G1 X118.785 Y92.830 E11.25911
G1 X118.785 Y91.770 E11.31008
G1 X121.823 Y90.956 E11.46131
G1 X121.823 Y89.323 E11.53988
G1 X118.785 Y86.285 E11.74646
G1 X118.785 Y86.979 E11.77982
G1 X121.823 Y86.165 E11.93105
G1 X121.823 Y86.480 E11.94616
G1 X118.785 Y97.814 E12.51053
G1 X118.785 Y99.374 E12.58556
G1 X121.823 Y102.411 E12.79213
G1 X121.823 Y100.537 E12.88224
G1 X118.785 Y101.351 E13.03346
G1 X118.785 Y103.665 E13.14475
G1 X121.823 Y102.604 F7800.000
G1 F4800.000
G1 X121.823 Y104.359 E13.22915
G1 X121.048 Y107.248 E13.37301
G1 X119.670 Y106.803 E13.44266
G1 X118.785 Y105.918 E13.50284
G1 X118.785 Y106.142 E13.51361
G1 X121.823 Y105.328 E13.66484
G1 X121.838 Y107.604 F7800.000
;TYPE:Gap fill
;WIDTH:0.159508
G1 F1200.000
G1 X121.896 Y107.955 E13.66905
G1 X122.046 Y108.861 F7800.000
;WIDTH:0.459368
G1 F1200.000
G1 X122.105 Y109.217 E13.68681
;WIDTH:0.313231
G1 X122.194 Y109.750 E13.70359
;WIDTH:0.167093
G1 X122.282 Y110.283 E13.71051
G1 X122.282 Y111.403 F7800.000
;WIDTH:0.167093
G1 F1200.000
G1 X122.253 Y111.581 E13.71282
;WIDTH:0.215806
G1 X122.223 Y111.759 E13.71622
;WIDTH:0.264519
G1 X122.194 Y111.936 E13.72072
;WIDTH:0.313231
G1 X122.164 Y112.114 E13.72632
;WIDTH:0.361944
G1 X122.135 Y112.292 E13.73300
;WIDTH:0.410657
G1 X122.105 Y112.470 E13.74079
;WIDTH:0.459369
G1 X122.076 Y112.647 E13.74966
;WIDTH:0.508082
G1 X122.046 Y112.825 E13.75963
G1 X121.896 Y113.732 F7800.000
;WIDTH:0.15951
G1 F1200.000
G1 X121.867 Y113.907 E13.76174
;WIDTH:0.200639
G1 X121.838 Y114.082 E13.76476
G1 X119.825 Y114.651 F7800.000
;TYPE:Solid infill
;WIDTH:0.4675
G1 F1200.000
G1 X118.785 Y115.691 E13.83871
G1 X118.785 Y116.261 E13.86737
G1 X120.398 Y114.649 E13.98203
G1 X121.240 Y114.377 E14.02651
G1 X118.785 Y116.831 E14.20103
G1 X118.785 Y117.401 E14.22970
G1 X121.815 Y114.372 E14.44512
G1 X121.823 Y114.934 E14.47341
G1 X118.785 Y117.971 E14.68937
G1 X118.785 Y118.542 E14.71803
G1 X121.823 Y115.504 E14.93398
G1 X121.823 Y116.075 E14.96265
G1 X118.785 Y119.112 E15.17860
G1 X118.785 Y119.682 E15.20727
G1 X121.823 Y116.645 E15.42322
G1 X121.823 Y117.215 E15.45188
G1 X118.873 Y120.164 E15.66161
G1 X119.443 Y120.164 E15.69028
G1 X121.823 Y117.785 E15.85947
G1 X121.823 Y118.355 E15.88814
G1 X120.013 Y120.164 E16.01680
G1 X120.583 Y120.164 E16.04546
G1 X121.823 Y118.925 E16.13358
G1 X121.823 Y119.495 E16.16225
G1 X120.980 Y120.338 E16.22217
M106 S252.45
;LAYER_CHANGE
;Z:3.12
;HEIGHT:0.0999999
G1 Z3.120 F7800.000
G1 E14.22217 F2400.000
G92 E0
G1 X123.715 Y67.301 F7800.000
G1 E2.00000 F2400.000
;TYPE:Support material interface
;WIDTH:0.35
G1 F3365
G1 X123.715 Y117.571 E2.68664
G1 X124.000 Y117.571 E2.69054
G1 X124.000 Y67.429 E3.37542
G1 X124.286 Y67.429 E3.37932
G1 X124.286 Y117.571 E4.06421
G1 X124.572 Y117.571 E4.06811
G1 X124.572 Y67.429 E4.75299
G1 X124.857 Y67.429 E4.75689
G1 X124.857 Y117.699 E5.44353
M106 S153
;LAYER_CHANGE
;Z:3.32
;HEIGHT:0.2
G1 Z3.320 F7800.000
G1 X123.715 Y117.699
G1 F3600.000
G1 X123.715 Y116.903 E5.46386
G1 X123.752 Y116.860 E5.46532
G1 X123.800 Y116.734 E5.46876
G1 X123.800 Y116.506 E5.47458
G1 X124.000 Y116.281 E5.48227
G1 X124.000 Y117.571 E5.51520
G1 X124.286 Y117.571 E5.52250
G1 X124.286 Y67.429 E6.80279
G1 X124.572 Y67.429 E6.81008
G1 X124.572 Y117.571 E8.09038
G1 X124.857 Y117.571 E8.09767
G1 X124.857 Y67.429 E9.37796
G1 X125.143 Y67.429 E9.38526
G1 X125.143 Y117.571 E10.66555
G1 X125.318 Y117.571 E10.67002
;HEIGHT:0.3
G1 X125.428 Y117.571 E10.67396
G1 X125.428 Y67.429 E12.46019
G1 X125.714 Y67.429 E12.47036
G1 X125.714 Y117.571 E14.25659
G1 X126.000 Y117.571 E14.26677
G1 X126.000 Y67.429 E16.05300
G1 X126.285 Y67.429 E16.06317
G1 X126.285 Y67.930 E16.08102
G1 X126.179 Y68.243 E16.09280
G1 X126.169 Y68.572 E16.10453
G1 X126.024 Y69.027 E16.12153
G1 X126.024 Y115.973 E17.79392
G1 X126.169 Y116.428 E17.81092
G1 X126.179 Y116.757 E17.82265
G1 X126.285 Y117.070 E17.83443
G1 X126.285 Y117.699 E17.85685
G1 E15.85685 F2400.000
G92 E0
G1 X122.858 Y122.086 F7800.000
G1 E2.00000 F2400.000
;WIDTH:0.4
G1 F3600.000
G1 X122.858 Y121.818 E2.01122
G1 X122.572 Y121.818 E2.02317
G1 X122.572 Y121.957 E2.02901
G1 X122.287 Y121.957 E2.04096
G1 X122.287 Y121.775 E2.04859
;HEIGHT:0.4
G1 X122.287 Y121.689 E2.05307
G1 E0.05307 F2400.000
G92 E0
G1 X124.000 Y68.913 F7800.000
G1 E2.00000 F2400.000
;WIDTH:0.35
;HEIGHT:0.2
G1 F3600.000
G1 X124.000 Y67.429 E2.03788
G1 X123.715 Y67.429 E2.04517
G1 X123.715 Y68.591 E2.07483
G1 E0.07483 F2400.000
G92 E0
G1 X122.858 Y63.311 F7800.000
G1 E2.00000 F2400.000
;WIDTH:0.4
;HEIGHT:0.4
G1 F3600.000
G1 X122.858 Y63.225 E2.00448
;HEIGHT:0.3
G1 X122.858 Y63.043 E2.01211
G1 X122.572 Y63.043 E2.02406
G1 X122.572 Y63.182 E2.02990
G1 X122.287 Y63.182 E2.04185
G1 X122.287 Y62.914 E2.05307
G1 E0.05307 F2400.000
G92 E0
G1 X122.243 Y111.746 F7800.000
G1 E2.00000 F2400.000
;TYPE:Perimeter
;WIDTH:0.45
G1 F900.000
G1 X122.436 Y111.778 E2.00944
G1 X122.436 Y116.289 E2.22637
G1 X122.112 Y116.655 E2.24990
G1 X122.112 Y119.988 E2.41022
G1 X122.259 Y120.154 E2.42086
G1 X118.496 Y120.154 E2.60181
G1 X118.496 Y114.335 E2.88166
G1 X118.719 Y114.587 E2.89782
G1 X121.591 Y113.660 E3.04297
G1 X122.223 Y111.803 E3.13730
G1 X122.259 Y64.846 F7800.000
G1 F3600.000
G1 X122.112 Y65.012 E3.14794
G1 X122.112 Y68.345 E3.30826
G1 X122.436 Y68.711 E3.33179
G1 X122.436 Y109.308 E5.28435
G1 X122.243 Y109.340 E5.29379
G1 X121.591 Y107.427 E5.39100
G1 X118.719 Y106.500 E5.53615
G1 X118.496 Y106.751 E5.55232
G1 X118.496 Y64.846 E7.56779
G1 X122.199 Y64.846 E7.74586
G1 X122.675 Y64.461 F7800.000
G1 F3600.000
G1 X122.822 Y64.461 E7.75293
G1 X122.822 Y64.792 E7.76887
G1 X122.497 Y65.158 E7.79240
G1 X122.497 Y68.199 E7.93864
G1 X122.822 Y68.565 E7.96217
G1 X122.822 Y116.435 E10.26456
G1 X122.497 Y116.801 E10.28809
G1 X122.497 Y119.842 E10.43433
G1 X122.822 Y120.208 E10.45786
G1 X122.822 Y120.539 E10.47380
G1 X118.111 Y120.539 E10.70040
G1 X118.111 Y113.319 E11.04767
G1 X118.841 Y114.142 E11.10058
G1 X121.289 Y113.352 E11.22431
G1 X122.245 Y110.543 E11.36702
G1 X121.289 Y107.734 E11.50974
G1 X118.841 Y106.944 E11.63346
G1 X118.111 Y107.767 E11.68638
G1 X118.111 Y64.461 E13.76927
G1 X122.615 Y64.461 E13.98592
G1 X122.883 Y65.305 F7800.000
;TYPE:External perimeter
G1 F1800.000
G1 X122.883 Y68.053 E14.11808
G1 X123.208 Y68.419 E14.14161
G1 X123.208 Y116.581 E16.45808
G1 X122.883 Y116.947 E16.48161
G1 X122.883 Y119.695 E16.61377
G1 X123.208 Y120.061 E16.63730
G1 X123.208 Y120.925 E16.67883
G1 X117.725 Y120.925 E16.94252
G1 X117.725 Y112.890 E17.32899
G1 X118.245 Y112.890 E17.35401
G1 X118.962 Y113.698 E17.40597
G1 X120.986 Y113.045 E17.50827
G1 X121.838 Y110.543 E17.63535
G1 X120.986 Y108.042 E17.76244
G1 X118.962 Y107.389 E17.86474
G1 X118.245 Y108.197 E17.91670
G1 X117.725 Y108.197 E17.94172
G1 X117.725 Y64.075 E20.06382
G1 X123.208 Y64.075 E20.32751
G1 X123.208 Y64.939 E20.36904
G1 X122.923 Y65.260 E20.38968
G1 X122.521 Y65.474 F7800.000
G1 X118.785 Y75.084
;TYPE:Internal infill
G1 F4800.000
G1 X118.785 Y77.398 E20.50097
G1 X122.147 Y76.497 E20.66835
G1 X122.147 Y76.559 E20.67132
G1 X118.785 Y73.197 E20.89997
G1 X118.785 Y72.607 E20.92835
G1 X122.147 Y71.706 E21.09573
G1 X122.147 Y70.015 E21.17711
G1 X118.785 Y66.653 E21.40576
G1 X118.785 Y67.816 E21.46172
G1 X121.823 Y67.003 E21.61295
G1 X121.823 Y68.455 E21.68280
G1 X121.852 Y68.489 E21.68497
G1 X118.785 Y79.935 E22.25491
G1 X118.785 Y79.741 E22.26423
G1 X122.147 Y83.103 E22.49288
G1 X122.147 Y81.288 E22.58019
G1 X118.785 Y82.189 E22.74757
G1 X118.785 Y84.502 E22.85886
G1 X118.785 Y103.665 F7800.000
G1 F4800.000
G1 X118.785 Y101.351 E22.97014
G1 X122.147 Y100.450 E23.13752
G1 X122.147 Y98.137 E23.24881
G1 X118.785 Y94.247 F7800.000
G1 F4800.000
G1 X118.785 Y96.561 E23.36009
G1 X122.147 Y95.660 E23.52747
G1 X122.147 Y96.191 E23.55304
G1 X118.785 Y92.830 E23.78169
G1 X118.785 Y91.770 E23.83266
G1 X122.147 Y90.869 E24.00005
G1 X122.147 Y89.647 E24.05882
G1 X118.785 Y86.285 E24.28748
G1 X118.785 Y86.979 E24.32085
G1 X122.147 Y86.078 E24.48823
G1 X122.147 Y83.296 F7800.000
G1 F4800.000
G1 X122.147 Y85.268 E24.58310
G1 X118.785 Y97.814 E25.20780
G1 X118.785 Y99.374 E25.28282
G1 X122.147 Y102.735 E25.51147
G1 X122.147 Y103.147 E25.53128
G1 X121.122 Y106.972 E25.72171
G1 X119.227 Y106.360 E25.81748
G1 X118.785 Y105.918 E25.84754
G1 X118.785 Y106.142 E25.85831
G1 X122.147 Y105.241 E26.02569
G1 X122.147 Y107.046 E26.11249
G1 X121.645 Y107.129 E26.13697
G1 X122.014 Y107.361 F7800.000
;TYPE:Gap fill
;WIDTH:0.451387
G1 F1200.000
G1 X122.044 Y107.539 E26.14569
;WIDTH:0.30867
G1 X122.132 Y108.073 E26.16219
;WIDTH:0.165953
G1 X122.221 Y108.608 E26.16906
G1 X122.371 Y109.514 F7800.000
;WIDTH:0.508081
G1 F1200.000
G1 X122.399 Y109.681 E26.17840
;WIDTH:0.378891
G1 X122.481 Y110.180 E26.19826
;WIDTH:0.249703
G1 X122.536 Y110.573 E26.20742
;WIDTH:0.292765
G1 X122.509 Y110.740 E26.21223
;WIDTH:0.335828
G1 X122.481 Y110.906 E26.21795
;WIDTH:0.378891
G1 X122.454 Y111.073 E26.22457
;WIDTH:0.421954
G1 X122.426 Y111.239 E26.23209
;WIDTH:0.465017
G1 X122.399 Y111.406 E26.24053
;WIDTH:0.50808
G1 X122.371 Y111.572 E26.24987
G1 X122.221 Y112.479 F7800.000
;WIDTH:0.165953
G1 F1200.000
G1 X122.191 Y112.657 E26.25215
;WIDTH:0.213525
G1 X122.162 Y112.835 E26.25551
;WIDTH:0.261098
G1 X122.132 Y113.013 E26.25994
;WIDTH:0.30867
G1 X122.103 Y113.191 E26.26545
;WIDTH:0.356242
G1 X122.073 Y113.369 E26.27202
;WIDTH:0.403815
G1 X122.044 Y113.547 E26.27966
;WIDTH:0.451387
G1 X122.014 Y113.726 E26.28838
G1 X122.321 Y114.685 F7800.000
;TYPE:Solid infill
;WIDTH:0.454361
G1 F1200.000
G1 X121.597 Y113.962 E26.33815
G1 X121.180 Y114.096 E26.35946
G1 X122.147 Y115.063 E26.42598
G1 X122.147 Y115.615 E26.45281
G1 X120.763 Y114.231 E26.54801
G1 X120.346 Y114.365 E26.56932
G1 X122.147 Y116.166 E26.69320
G1 X121.894 Y116.465 E26.71223
G1 X119.929 Y114.500 E26.84737
G1 X119.512 Y114.635 E26.86868
G1 X121.823 Y116.945 E27.02760
G1 X121.823 Y117.496 E27.05442
G1 X119.095 Y114.769 E27.24201
G1 X118.785 Y114.869 E27.25786
G1 X118.785 Y115.011 E27.26474
G1 X121.823 Y118.048 E27.47365
G1 X121.823 Y118.599 E27.50048
G1 X118.785 Y115.562 E27.70939
G1 X118.785 Y116.114 E27.73622
G1 X121.823 Y119.151 E27.94513
G1 X121.823 Y119.702 E27.97196
G1 X118.785 Y116.665 E28.18088
G1 X118.785 Y117.217 E28.20770
G1 X121.433 Y119.864 E28.38983
G1 X120.882 Y119.864 E28.41665
G1 X118.785 Y117.768 E28.56084
G1 X118.785 Y118.320 E28.58767
G1 X120.330 Y119.864 E28.69392
G1 X119.779 Y119.864 E28.72075
G1 X118.785 Y118.871 E28.78906
G1 X118.785 Y119.423 E28.81588
G1 X119.401 Y120.038 E28.85820
G1 E26.85820 F2400.000
G92 E0
G1 X129.719 Y106.500 F7800.000
G1 E2.00000 F2400.000
;TYPE:Perimeter
;WIDTH:0.45
G1 F3600.000
G1 X127.533 Y108.966 E2.15851
G1 X127.533 Y68.498 E4.10485
G1 X128.152 Y66.679 E4.19730
G1 X127.529 Y64.846 E4.29039
G1 X131.504 Y64.846 E4.48159
G1 X131.504 Y107.076 E6.51267
G1 X129.776 Y106.518 E6.59998
G1 E4.59998 F2400.000
G92 E0
G1 X127.533 Y112.121 F7800.000
G1 E2.00000 F2400.000
G1 F900.000
G1 X129.719 Y114.587 E2.15851
G1 X131.504 Y114.011 E2.24870
G1 X131.504 Y120.154 E2.54415
G1 X127.529 Y120.154 E2.73535
G1 X128.152 Y118.321 E2.82844
G1 X127.533 Y116.502 E2.92089
G1 X127.533 Y112.181 E3.12872
G1 E1.12872 F2400.000
G92 E0
G1 X129.841 Y106.944 F7800.000
G1 E2.00000 F2400.000
G1 F3600.000
G1 X127.997 Y109.023 E2.13362
G1 X127.997 Y112.064 E2.27987
G1 X129.841 Y114.142 E2.41349
G1 X131.889 Y113.481 E2.51704
G1 X131.889 Y120.539 E2.85652
G1 X127.147 Y120.539 E3.08460
G1 X127.147 Y120.077 E3.10682
G1 X127.745 Y118.321 E3.19603
G1 X127.147 Y116.566 E3.28524
G1 X127.147 Y68.434 E5.60019
G1 X127.745 Y66.679 E5.68940
G1 X127.147 Y64.923 E5.77860
G1 X127.147 Y64.461 E5.80083
G1 X131.889 Y64.461 E6.02891
G1 X131.889 Y107.605 E8.10402
G1 X129.898 Y106.963 E8.20469
G1 X129.962 Y107.389 F7800.000
;TYPE:External perimeter
G1 F1800.000
G1 X128.383 Y109.169 E8.31915
G1 X128.383 Y111.917 E8.45132
G1 X129.962 Y113.698 E8.56578
G1 X131.986 Y113.045 E8.66807
G1 X132.039 Y112.890 E8.67595
G1 X132.275 Y112.890 E8.68732
G1 X132.275 Y120.925 E9.07379
G1 X126.762 Y120.925 E9.33897
G1 X126.762 Y120.013 E9.38281
G1 X127.338 Y118.321 E9.46877
G1 X126.762 Y116.629 E9.55473
G1 X126.762 Y68.371 E11.87583
G1 X127.338 Y66.679 E11.96179
G1 X126.762 Y64.987 E12.04775
G1 X126.762 Y64.075 E12.09159
G1 X132.275 Y64.075 E12.35677
G1 X132.275 Y108.197 E14.47887
G1 X132.039 Y108.197 E14.49024
G1 X131.986 Y108.042 E14.49811
G1 X130.019 Y107.407 E14.59752
G1 X129.633 Y107.160 F7800.000
G1 X128.922 Y106.963
;TYPE:Internal infill
G1 F4800.000
G1 X129.628 Y106.166 E14.64874
G1 X130.817 Y106.550 E14.70880
G1 X131.215 Y105.065 E14.78275
G1 X131.215 Y105.259 E14.79206
G1 X127.822 Y101.866 E15.02282
G1 X127.822 Y103.721 E15.11201
G1 X131.215 Y102.811 E15.28093
G1 X131.215 Y100.498 E15.39221
G1 X127.572 Y109.212 F7800.000
;TYPE:Gap fill
;WIDTH:0.528965
G1 F1200.000
G1 X127.572 Y111.875 E15.54652
G1 X131.388 Y114.976 F7800.000
;TYPE:Solid infill
;WIDTH:0.466116
G1 F1200.000
G1 X130.916 Y114.504 E15.57996
G1 X130.487 Y114.643 E15.60257
G1 X131.215 Y115.371 E15.65415
G1 X131.215 Y115.939 E15.68262
G1 X130.057 Y114.781 E15.76463
G1 X129.628 Y114.920 E15.78722
G1 X127.822 Y112.883 E15.92363
G1 X127.822 Y113.114 E15.93523
G1 X131.215 Y116.507 E16.17563
G1 X131.215 Y117.075 E16.20409
G1 X127.822 Y113.682 E16.44450
G1 X127.822 Y114.251 E16.47296
G1 X131.215 Y117.643 E16.71336
G1 X131.215 Y118.211 E16.74183
G1 X127.822 Y114.819 E16.98223
G1 X127.822 Y115.387 E17.01070
G1 X131.215 Y118.779 E17.25110
G1 X131.215 Y119.348 E17.27957
G1 X127.822 Y115.955 E17.51997
G1 X127.822 Y116.454 E17.54497
G1 X127.858 Y116.559 E17.55053
G1 X131.163 Y119.864 E17.78476
G1 X130.595 Y119.864 E17.81322
G1 X128.151 Y117.420 E17.98640
G1 X128.444 Y118.282 E18.03200
G1 X130.027 Y119.864 E18.14414
G1 X129.459 Y119.864 E18.17260
G1 X128.320 Y118.726 E18.25328
G1 X128.176 Y119.150 E18.27572
G1 X128.891 Y119.864 E18.32637
G1 X128.323 Y119.864 E18.35483
G1 X127.895 Y119.437 E18.38514
G1 E16.38514 F2400.000
G92 E0
G1 X131.215 Y81.335 F7800.000
G1 E2.00000 F2400.000
;TYPE:Internal infill
;WIDTH:0.45
G1 F4800.000
G1 X131.215 Y83.649 E2.11128
G1 X127.822 Y84.558 E2.28021
G1 X127.822 Y86.872 E2.39149
G1 X131.215 Y90.753 F7800.000
G1 F4800.000
G1 X131.215 Y88.439 E2.50277
G1 X127.822 Y89.349 E2.67170
G1 X127.822 Y88.778 E2.69914
G1 X131.215 Y92.170 E2.92990
G1 X131.215 Y93.230 E2.98087
G1 X127.822 Y94.139 E3.14980
G1 X127.822 Y95.322 E3.20669
G1 X131.215 Y98.715 E3.43744
G1 X131.215 Y98.021 E3.47081
G1 X127.822 Y98.930 E3.63974
G1 X127.822 Y101.673 F7800.000
G1 F4800.000
G1 X127.822 Y99.847 E3.72757
G1 X131.215 Y87.186 E4.35801
G1 X131.215 Y85.626 E4.43303
G1 X127.822 Y82.234 E4.66379
G1 X127.822 Y81.968 E4.67656
G1 X131.215 Y69.277 E5.30840
G1 X127.822 Y70.186 E5.47733
G1 X127.822 Y69.145 E5.52737
G1 X131.215 Y72.538 E5.75813
G1 X131.215 Y74.067 E5.83170
G1 X127.822 Y74.976 E6.00062
G1 X127.822 Y75.689 E6.03492
G1 X131.215 Y79.082 E6.26567
G1 X131.215 Y78.858 E6.27644
G1 X127.822 Y79.767 E6.44537
G1 X127.822 Y77.453 E6.55665
G1 X131.215 Y68.307 F7800.000
G1 F4800.000
G1 X131.215 Y65.994 E6.66793
G1 X130.357 Y65.136 E6.72629
G1 X128.790 Y65.136 E6.80161
G1 X128.004 Y65.346 E6.84076
G1 X128.458 Y66.679 E6.90845
G1 X128.166 Y67.537 E6.95204
M106 S252.45
;LAYER_CHANGE
;Z:3.42
;HEIGHT:0.1
G1 Z3.420 F7800.000
G1 E4.95204 F2400.000
G92 E0
G1 X126.285 Y68.629 F7800.000
G1 E2.00000 F2400.000
;TYPE:Support material interface
;WIDTH:0.35
G1 F3600.000
G1 X126.285 Y67.429 E2.01639
G1 X126.000 Y67.429 E2.02029
G1 X126.000 Y69.340 E2.04639
G1 X125.714 Y69.432 E2.05049
G1 X125.714 Y67.429 E2.07785
G1 X125.428 Y67.429 E2.08175
G1 X125.428 Y117.571 E2.76663
G1 X125.143 Y117.571 E2.77053
G1 X125.143 Y67.429 E3.45542
G1 X124.857 Y67.429 E3.45932
G1 X124.857 Y117.571 E4.14420
G1 X124.572 Y117.571 E4.14810
G1 X124.572 Y67.429 E4.83299
G1 X124.286 Y67.429 E4.83689
G1 X124.286 Y117.571 E5.52177
G1 X124.000 Y117.571 E5.52567
G1 X124.000 Y116.281 E5.54329
G1 X123.800 Y116.506 E5.54741
G1 X123.800 Y116.734 E5.55052
G1 X123.752 Y116.860 E5.55236
G1 X123.715 Y116.903 E5.55314
G1 X123.715 Y117.699 E5.56401
G1 E3.56401 F2400.000
G92 E0
G1 X126.285 Y117.699 F7800.000
G1 E2.00000 F2400.000
G1 F3600.000
G1 X126.285 Y117.070 E2.00860
G1 X126.179 Y116.757 E2.01311
G1 X126.169 Y116.428 E2.01761
G1 X126.034 Y116.032 E2.02331
G1 X126.024 Y115.668 E2.02830
G1 X126.000 Y115.660 E2.02865
G1 X126.000 Y117.571 E2.05475
G1 X125.714 Y117.571 E2.05865
G1 X125.714 Y115.432 E2.08786
G1 E0.08786 F2400.000
G92 E0
G1 X124.000 Y68.913 F7800.000
G1 E2.00000 F2400.000
G1 F3600.000
G1 X124.000 Y67.429 E2.02026
G1 X123.715 Y67.429 E2.02416
G1 X123.715 Y68.591 E2.04003
M106 S170.85
;LAYER_CHANGE
;Z:3.62
;HEIGHT:0.2
G1 Z3.620 F7800.000
G1 X124.682 Y67.462
;TYPE:Support material
G1 F3600.000
G1 X124.682 Y69.897 E2.10222
G1 X124.585 Y69.897 E2.10470
G1 X124.585 Y69.708 E2.10952
G1 X124.533 Y69.571 E2.11327
G1 X124.209 Y69.206 E2.12574
G1 X124.209 Y68.984 E2.13140
G1 X124.157 Y68.847 E2.13515
G1 X123.833 Y68.481 E2.14762
G1 X123.833 Y68.260 E2.15328
G1 X123.780 Y68.123 E2.15702
G1 X123.508 Y67.815 E2.16751
G1 X123.508 Y67.462 E2.17655
G1 X124.682 Y67.462 E2.20653
G1 X126.285 Y68.629 F7800.000
;TYPE:Support material interface
G1 F3600.000
G1 X126.285 Y67.429 E2.23716
G1 X126.000 Y67.429 E2.24445
G1 X126.000 Y69.314 E2.29257
G1 X125.714 Y69.406 E2.30024
G1 X125.714 Y67.429 E2.35071
G1 X125.428 Y67.429 E2.35801
G1 X125.428 Y69.596 E2.41332
G1 X125.380 Y69.662 E2.41542
G1 X125.380 Y75.786 E2.57179
G1 X125.143 Y75.786 E2.57785
G1 X125.143 Y67.429 E2.79123
G1 X125.000 Y67.429 E2.79488
G1 X125.000 Y70.215 E2.86601
G1 X124.857 Y70.215 E2.86965
G1 X124.857 Y75.786 E3.01191
G1 X124.572 Y75.786 E3.01920
G1 X124.572 Y70.086 E3.16474
G1 E1.16474 F2400.000
G92 E0
G1 X124.572 Y109.085 F7800.000
G1 E2.00000 F2400.000
G1 F3600.000
G1 X124.572 Y114.785 E2.14554
G1 X124.857 Y114.785 E2.15283
G1 X124.857 Y109.214 E2.29509
G1 X125.143 Y109.214 E2.30238
G1 X125.143 Y117.571 E2.51576
G1 X125.428 Y117.571 E2.52305
G1 X125.428 Y115.404 E2.57837
G1 X125.521 Y115.531 E2.58239
G1 X125.714 Y115.594 E2.58756
G1 X125.714 Y117.571 E2.63804
G1 X126.000 Y117.571 E2.64533
G1 X126.000 Y115.686 E2.69345
G1 X126.024 Y115.703 E2.69423
G1 X126.034 Y116.032 E2.70263
G1 X126.169 Y116.428 E2.71329
G1 X126.179 Y116.757 E2.72170
G1 X126.285 Y117.070 E2.73014
G1 X126.285 Y117.699 E2.74621
G1 X124.682 Y117.538 F7800.000
;TYPE:Support material
G1 F3600.000
G1 X123.508 Y117.538 E2.77619
G1 X123.508 Y117.185 E2.78522
G1 X123.780 Y116.877 E2.79571
G1 X123.833 Y116.740 E2.79946
G1 X123.833 Y116.519 E2.80512
G1 X124.157 Y116.153 E2.81759
G1 X124.209 Y116.016 E2.82134
G1 X124.209 Y115.794 E2.82699
G1 X124.533 Y115.429 E2.83947
G1 X124.585 Y115.292 E2.84322
G1 X124.585 Y115.103 E2.84804
G1 X124.682 Y115.103 E2.85052
G1 X124.682 Y117.538 E2.91271
G1 E0.91271 F2400.000
G92 E0
G1 X122.619 Y110.342 F7800.000
G1 E2.00000 F2400.000
;TYPE:Perimeter
;WIDTH:0.45
;HEIGHT:0.3
G1 F900.000
G1 X122.812 Y110.374 E2.00944
G1 X122.812 Y115.564 E2.25910
G1 X122.112 Y116.355 E2.30990
G1 X122.112 Y119.688 E2.47022
G1 X122.258 Y119.854 E2.48086
G1 X118.496 Y119.854 E2.66181
G1 X118.496 Y114.035 E2.94165
G1 X118.719 Y114.287 E2.95782
G1 X121.591 Y113.360 E3.10297
G1 X122.600 Y110.398 E3.25343
G1 X122.259 Y65.146 F7800.000
G1 F3600.000
G1 X122.112 Y65.312 E3.26407
G1 X122.112 Y68.645 E3.42439
G1 X122.812 Y69.436 E3.47519
G1 X122.812 Y110.113 E5.43162
G1 X122.619 Y110.145 E5.44106
G1 X121.591 Y107.127 E5.59440
G1 X118.719 Y106.200 E5.73955
G1 X118.496 Y106.451 E5.75572
G1 X118.496 Y65.146 E7.74234
G1 X122.199 Y65.146 E7.92040
G1 X122.497 Y65.458 F7800.000
G1 F3600.000
G1 X122.497 Y68.499 E8.06665
G1 X123.198 Y69.289 E8.11745
G1 X123.198 Y115.711 E10.35017
G1 X122.497 Y116.501 E10.40097
G1 X122.497 Y119.542 E10.54721
G1 X122.889 Y119.984 E10.57563
G1 X122.889 Y120.239 E10.58791
G1 X118.111 Y120.239 E10.81775
G1 X118.111 Y113.019 E11.16502
G1 X118.841 Y113.842 E11.21794
G1 X121.289 Y113.052 E11.34166
G1 X122.245 Y110.243 E11.48437
G1 X121.289 Y107.434 E11.62709
G1 X118.841 Y106.644 E11.75081
G1 X118.111 Y107.467 E11.80373
G1 X118.111 Y64.761 E13.85777
G1 X122.889 Y64.761 E14.08761
G1 X122.889 Y65.016 E14.09989
G1 X122.537 Y65.413 E14.12543
G1 X122.883 Y65.605 F7800.000
;TYPE:External perimeter
G1 F1800.000
G1 X122.883 Y68.353 E14.25759
G1 X123.584 Y69.143 E14.30839
G1 X123.584 Y115.857 E16.55519
G1 X122.883 Y116.647 E16.60599
G1 X122.883 Y119.395 E16.73816
G1 X123.275 Y119.837 E16.76658
G1 X123.275 Y120.625 E16.80444
G1 X117.725 Y120.625 E17.07138
G1 X117.725 Y112.590 E17.45785
G1 X118.245 Y112.590 E17.48287
G1 X118.962 Y113.398 E17.53483
G1 X120.986 Y112.745 E17.63712
G1 X121.838 Y110.243 E17.76421
G1 X120.986 Y107.742 E17.89130
G1 X118.962 Y107.089 E17.99360
G1 X118.245 Y107.897 E18.04556
G1 X117.725 Y107.897 E18.07058
G1 X117.725 Y64.375 E20.16382
G1 X123.275 Y64.375 E20.43076
G1 X123.275 Y65.163 E20.46863
G1 X122.923 Y65.560 E20.49416
G1 X122.518 Y65.768 F7800.000
G1 X118.785 Y75.084
;TYPE:Internal infill
G1 F4800.000
G1 X118.785 Y77.398 E20.60544
G1 X122.523 Y76.396 E20.79156
G1 X122.523 Y76.935 E20.81747
G1 X118.785 Y73.197 E21.07171
G1 X118.785 Y72.607 E21.10008
G1 X122.523 Y71.606 E21.28620
G1 X122.523 Y70.391 E21.34463
G1 X118.785 Y66.653 E21.59888
G1 X118.785 Y67.816 E21.65484
G1 X121.823 Y67.003 E21.80606
G1 X121.823 Y68.601 E21.88291
G1 X118.785 Y79.935 E22.44729
G1 X118.785 Y79.741 E22.45661
G1 X122.523 Y83.479 E22.71085
G1 X122.523 Y83.864 E22.72938
G1 X118.785 Y97.814 E23.42398
G1 X118.785 Y99.374 E23.49900
G1 X122.523 Y103.112 E23.75324
G1 X122.523 Y105.140 E23.85082
G1 X119.166 Y106.040 E24.01800
G1 X121.196 Y106.695 E24.12063
G1 X122.523 Y101.743 E24.36721
G1 X122.523 Y100.350 E24.43424
G1 X118.785 Y101.351 E24.62036
G1 X118.785 Y103.665 E24.73164
G1 X122.362 Y107.990 F7800.000
;TYPE:Gap fill
;WIDTH:0.45937
G1 F1200.000
G1 X122.420 Y108.346 E24.74940
;WIDTH:0.313232
G1 X122.509 Y108.879 E24.76618
;WIDTH:0.167093
G1 X122.597 Y109.413 E24.77310
G1 X122.597 Y111.074 F7800.000
;WIDTH:0.167093
G1 F1200.000
G1 X122.568 Y111.252 E24.77541
;WIDTH:0.215806
G1 X122.538 Y111.429 E24.77881
;WIDTH:0.264519
G1 X122.509 Y111.607 E24.78331
;WIDTH:0.313232
G1 X122.479 Y111.785 E24.78890
;WIDTH:0.361944
G1 X122.450 Y111.963 E24.79559
;WIDTH:0.410657
G1 X122.420 Y112.141 E24.80337
;WIDTH:0.45937
G1 X122.391 Y112.318 E24.81225
;WIDTH:0.508083
G1 X122.362 Y112.496 E24.82222
G1 X118.612 Y115.230 F7800.000
;TYPE:Solid infill
;WIDTH:0.451126
G1 F1200.000
G1 X119.505 Y114.337 E24.88314
G1 X120.312 Y114.076 E24.92407
G1 X118.785 Y115.603 E25.02824
G1 X118.785 Y116.150 E25.05463
G1 X121.120 Y113.816 E25.21389
G1 X121.818 Y113.590 E25.24928
G1 X122.062 Y112.873 E25.28580
G1 X122.177 Y112.759 E25.29363
G1 X122.523 Y112.816 E25.31056
G1 X122.523 Y112.959 E25.31748
G1 X118.785 Y116.697 E25.57246
G1 X118.785 Y117.244 E25.59884
G1 X122.523 Y113.506 E25.85383
G1 X122.523 Y114.053 E25.88021
G1 X118.785 Y117.791 E26.13520
G1 X118.785 Y118.338 E26.16158
G1 X122.523 Y114.600 E26.41657
G1 X122.523 Y115.147 E26.44295
G1 X118.785 Y118.885 E26.69794
G1 X118.785 Y119.432 E26.72432
G1 X121.823 Y116.395 E26.93150
G1 X121.823 Y116.942 E26.95788
G1 X119.200 Y119.564 E27.13679
G1 X119.747 Y119.564 E27.16318
G1 X121.823 Y117.489 E27.30477
G1 X121.823 Y118.036 E27.33116
G1 X120.294 Y119.564 E27.43544
G1 X120.841 Y119.564 E27.46183
G1 X121.823 Y118.583 E27.52880
G1 X121.823 Y119.129 E27.55518
G1 X121.214 Y119.738 E27.59669
G1 E25.59669 F2400.000
G92 E0
G1 X118.785 Y94.247 F7800.000
G1 E2.00000 F2400.000
;TYPE:Internal infill
;WIDTH:0.45
G1 F4800.000
G1 X118.785 Y96.561 E2.11128
G1 X122.523 Y95.559 E2.29740
G1 X122.523 Y96.567 E2.34590
G1 X118.785 Y92.830 E2.60015
G1 X118.785 Y91.770 E2.65112
G1 X122.523 Y90.768 E2.83724
G1 X122.523 Y90.023 E2.87307
G1 X118.785 Y86.285 E3.12731
G1 X118.785 Y86.979 E3.16068
G1 X122.523 Y85.978 E3.34680
G1 X122.523 Y88.291 E3.45808
G1 X118.785 Y84.502 F7800.000
G1 F4800.000
G1 X118.785 Y82.189 E3.56936
G1 X122.523 Y81.187 E3.75548
G1 X122.523 Y78.873 E3.86676
G1 E1.86676 F2400.000
G92 E0
G1 X129.719 Y106.200 F7800.000
G1 E2.00000 F2400.000
;TYPE:Perimeter
G1 F3600.000
G1 X127.388 Y108.829 E2.16898
G1 X127.388 Y69.222 E4.07390
G1 X128.152 Y66.979 E4.18790
G1 X127.529 Y65.146 E4.28099
G1 X131.504 Y65.146 E4.47219
G1 X131.504 Y106.776 E6.47442
G1 X129.776 Y106.218 E6.56173
G1 E4.56173 F2400.000
G92 E0
G1 X127.388 Y111.658 F7800.000
G1 E2.00000 F2400.000
G1 F900.000
G1 X129.719 Y114.287 E2.16898
G1 X131.504 Y113.711 E2.25917
G1 X131.504 Y119.854 E2.55463
G1 X127.529 Y119.854 E2.74582
G1 X128.152 Y118.021 E2.83891
G1 X127.388 Y115.778 E2.95292
G1 X127.388 Y111.718 E3.14818
G1 E1.14818 F2400.000
G92 E0
G1 X129.841 Y106.644 F7800.000
G1 E2.00000 F2400.000
G1 F3600.000
G1 X127.997 Y108.723 E2.13362
G1 X127.997 Y111.764 E2.27987
G1 X129.841 Y113.842 E2.41349
G1 X131.889 Y113.181 E2.51704
G1 X131.889 Y120.239 E2.85652
G1 X127.111 Y120.239 E3.08636
G1 X127.111 Y119.885 E3.10342
G1 X127.745 Y118.021 E3.19808
G1 X127.003 Y115.841 E3.30884
G1 X127.003 Y69.159 E5.55413
G1 X127.745 Y66.979 E5.66489
G1 X127.111 Y65.116 E5.75955
G1 X127.111 Y64.761 E5.77661
G1 X131.889 Y64.761 E6.00645
G1 X131.889 Y107.305 E8.05271
G1 X129.898 Y106.663 E8.15337
G1 X129.962 Y107.089 F7800.000
;TYPE:External perimeter
G1 F1800.000
G1 X128.383 Y108.869 E8.26783
G1 X128.383 Y111.617 E8.40000
G1 X129.962 Y113.398 E8.51446
G1 X131.986 Y112.745 E8.61676
G1 X132.039 Y112.590 E8.62463
G1 X132.275 Y112.590 E8.63600
G1 X132.275 Y120.625 E9.02247
G1 X126.725 Y120.625 E9.28941
G1 X126.725 Y119.821 E9.32808
G1 X127.338 Y118.021 E9.41950
G1 X126.617 Y115.905 E9.52702
G1 X126.617 Y69.095 E11.77844
G1 X127.338 Y66.979 E11.88596
G1 X126.725 Y65.179 E11.97738
G1 X126.725 Y64.375 E12.01606
G1 X132.275 Y64.375 E12.28299
G1 X132.275 Y107.897 E14.37624
G1 X132.039 Y107.897 E14.38761
G1 X131.986 Y107.742 E14.39548
G1 X130.019 Y107.107 E14.49489
G1 X129.633 Y106.860 F7800.000
G1 E12.49489 F2400.000
G92 E0
G1 X127.500 Y108.993 F7800.000
G1 E2.00000 F2400.000
;TYPE:Gap fill
;WIDTH:0.673437
G1 F1200.000
G1 X127.500 Y111.493 E2.18992
G1 X127.866 Y112.371 F7800.000
;TYPE:Solid infill
;WIDTH:0.460627
G1 F1200.000
G1 X127.678 Y112.560 E2.20309
G1 X127.678 Y113.120 E2.23079
G1 X128.007 Y112.791 E2.25378
G1 X128.270 Y113.088 E2.27340
G1 X127.678 Y113.680 E2.31480
G1 X127.678 Y114.241 E2.34250
G1 X128.533 Y113.385 E2.40230
G1 X128.797 Y113.682 E2.42192
G1 X127.678 Y114.801 E2.50014
G1 X127.678 Y115.361 E2.52783
G1 X129.060 Y113.979 E2.62445
G1 X129.323 Y114.276 E2.64407
G1 X127.726 Y115.873 E2.75569
G1 X127.869 Y116.291 E2.77751
G1 X129.587 Y114.573 E2.89758
G1 X129.628 Y114.620 E2.90068
G1 X130.325 Y114.395 E2.93688
G1 X128.011 Y116.709 E3.09862
G1 X128.153 Y117.127 E3.12044
G1 X131.153 Y114.128 E3.33007
G1 X131.215 Y114.108 E3.33329
G1 X131.215 Y114.626 E3.35891
G1 X128.296 Y117.545 E3.56292
G1 X128.438 Y117.963 E3.58474
G1 X131.215 Y115.187 E3.77880
G1 X131.215 Y115.747 E3.80649
G1 X128.209 Y118.753 E4.01657
G1 X127.933 Y119.564 E4.05894
G1 X127.958 Y119.564 E4.06018
G1 X131.215 Y116.307 E4.28782
G1 X131.215 Y116.868 E4.31551
G1 X128.518 Y119.564 E4.50398
G1 X129.078 Y119.564 E4.53168
G1 X131.215 Y117.428 E4.68098
G1 X131.215 Y117.989 E4.70868
G1 X129.639 Y119.564 E4.81881
G1 X130.199 Y119.564 E4.84651
G1 X131.215 Y118.549 E4.91748
G1 X131.215 Y119.109 E4.94517
G1 X130.586 Y119.738 E4.98910
G1 E2.98910 F2400.000
G92 E0
G1 X131.215 Y81.335 F7800.000
G1 E2.00000 F2400.000
;TYPE:Internal infill
;WIDTH:0.45
G1 F4800.000
G1 X131.215 Y83.649 E2.11128
G1 X127.678 Y84.597 E2.28740
G1 X127.678 Y86.910 E2.39868
G1 X131.215 Y90.753 F7800.000
G1 F4800.000
G1 X131.215 Y88.439 E2.50996
G1 X127.678 Y89.387 E2.68608
G1 X127.678 Y88.633 E2.72234
G1 X131.215 Y92.170 E2.96293
G1 X131.215 Y93.230 E3.01390
G1 X127.678 Y94.178 E3.19002
G1 X127.678 Y95.178 E3.23810
G1 X131.215 Y98.715 E3.47868
G1 X131.215 Y98.021 E3.51204
G1 X127.678 Y98.969 E3.68816
G1 X127.678 Y96.655 E3.79945
G1 X131.215 Y100.498 F7800.000
G1 F4800.000
G1 X131.215 Y102.811 E3.91073
G1 X127.678 Y103.759 E4.08685
G1 X127.678 Y108.066 E4.29401
G1 X129.628 Y105.866 E4.43542
G1 X130.891 Y106.274 E4.49923
G1 X131.215 Y105.065 E4.55942
G1 X131.215 Y105.259 E4.56874
G1 X127.678 Y101.722 E4.80932
G1 X127.678 Y100.386 E4.87355
G1 X131.215 Y87.186 E5.53083
G1 X131.215 Y85.626 E5.60586
G1 X127.678 Y82.089 E5.84644
G1 X127.678 Y82.507 E5.86655
G1 X131.215 Y69.277 E6.52524
G1 X127.678 Y70.225 E6.70136
G1 X127.678 Y69.270 E6.74725
G1 X127.746 Y69.069 E6.75747
G1 X131.215 Y72.538 E6.99339
G1 X131.215 Y74.067 E7.06696
G1 X127.678 Y75.015 E7.24308
G1 X127.678 Y75.545 E7.26856
G1 X131.215 Y79.082 E7.50915
G1 X131.215 Y78.858 E7.51991
G1 X127.678 Y79.806 E7.69603
G1 X127.678 Y77.492 E7.80731
G1 X131.215 Y68.307 F7800.000
G1 F4800.000
G1 X131.215 Y65.994 E7.91860
G1 X130.657 Y65.436 E7.95655
G1 X128.343 Y65.436 E8.06783
M106 S255
;LAYER_CHANGE
;Z:3.72
;HEIGHT:0.1
G1 Z3.720 F7800.000
G1 E6.06783 F2400.000
G92 E0
G1 X126.285 Y67.941 F7800.000
G1 E2.00000 F2400.000
;TYPE:Support material interface
;WIDTH:0.35
G1 F600
G1 X126.285 Y67.429 E2.00699
G1 X126.000 Y67.429 E2.01089
G1 X126.000 Y69.314 E2.03664
G1 X125.714 Y69.406 E2.04074
G1 X125.714 Y67.429 E2.06774
G1 X125.428 Y67.429 E2.07164
G1 X125.428 Y69.596 E2.10123
G1 X125.380 Y69.662 E2.10235
G1 X125.380 Y69.840 E2.10478
G1 X125.143 Y69.917 E2.10819
G1 X125.143 Y67.301 E2.14392
G1 X124.682 Y67.462 F7800.000
;TYPE:Support material
G1 F600
G1 X123.508 Y67.462 E2.15996
G1 X123.508 Y68.115 E2.16889
G1 X124.157 Y68.847 E2.18225
G1 X124.209 Y68.984 E2.18425
G1 X124.209 Y69.206 E2.18728
G1 X124.533 Y69.571 E2.19395
G1 X124.585 Y69.708 E2.19595
G1 X124.585 Y69.897 E2.19853
G1 X124.682 Y69.897 E2.19986
G1 X124.682 Y67.462 E2.23313
G1 E0.23313 F2400.000
G92 E0
G1 X125.143 Y114.948 F7800.000
G1 E2.00000 F2400.000
;TYPE:Support material interface
G1 F600
G1 X125.143 Y117.571 E2.03582
G1 X125.428 Y117.571 E2.03972
G1 X125.428 Y115.404 E2.06931
G1 X125.521 Y115.531 E2.07146
G1 X125.714 Y115.594 E2.07423
G1 X125.714 Y117.571 E2.10123
G1 X126.000 Y117.571 E2.10514
G1 X126.000 Y115.686 E2.13088
G1 X126.024 Y115.703 E2.13129
G1 X126.034 Y116.032 E2.13579
G1 X126.188 Y116.485 E2.14232
G1 X126.188 Y116.635 E2.14436
G1 X126.024 Y116.690 E2.14673
G1 X126.285 Y117.457 E2.15780
G1 X126.285 Y117.699 E2.16110
G1 X124.682 Y117.538 F7800.000
;TYPE:Support material
G1 F600
G1 X124.682 Y115.103 E2.19437
G1 X124.585 Y115.103 E2.19569
G1 X124.585 Y115.292 E2.19827
G1 X124.533 Y115.429 E2.20028
G1 X124.209 Y115.794 E2.20695
G1 X124.209 Y116.016 E2.20998
G1 X124.157 Y116.153 E2.21198
G1 X123.508 Y116.885 E2.22534
G1 X123.508 Y117.538 E2.23427
G1 X124.682 Y117.538 E2.25030
M106 S183.6
;LAYER_CHANGE
;Z:3.92
;HEIGHT:0.2
G1 Z3.920 F7800.000
G1 E0.25030 F2400.000
G92 E0
G1 X122.259 Y65.446 F7800.000
G1 E2.00000 F2400.000
;TYPE:Perimeter
;WIDTH:0.45
;HEIGHT:0.3
G1 F3600.000
G1 X122.112 Y65.612 E2.01064
G1 X122.112 Y68.945 E2.17096
G1 X123.189 Y70.160 E2.24904
G1 X123.189 Y114.840 E4.39801
G1 X122.112 Y116.055 E4.47608
G1 X122.112 Y119.388 E4.63640
G1 X122.259 Y119.554 E4.64704
G1 X118.496 Y119.554 E4.82799
G1 X118.496 Y113.735 E5.10784
G1 X118.719 Y113.987 E5.12400
G1 X121.591 Y113.060 E5.26915
G1 X122.652 Y109.943 E5.42749
G1 X121.591 Y106.827 E5.58583
G1 X118.719 Y105.900 E5.73098
G1 X118.496 Y106.151 E5.74715
G1 X118.496 Y65.446 E7.70491
G1 X122.199 Y65.446 E7.88297
G1 X122.497 Y65.758 F7800.000
G1 F3600.000
G1 X122.497 Y68.799 E8.02922
G1 X123.574 Y70.014 E8.10729
G1 X123.574 Y114.986 E10.27034
G1 X122.497 Y116.201 E10.34841
G1 X122.497 Y119.242 E10.49465
G1 X122.889 Y119.684 E10.52308
G1 X122.889 Y119.939 E10.53536
G1 X118.111 Y119.939 E10.76520
G1 X118.111 Y112.719 E11.11246
G1 X118.841 Y113.542 E11.16538
G1 X121.289 Y112.752 E11.28910
G1 X122.245 Y109.943 E11.43182
G1 X121.289 Y107.134 E11.57453
G1 X118.841 Y106.344 E11.69826
G1 X118.111 Y107.167 E11.75117
G1 X118.111 Y65.061 E13.77635
G1 X122.889 Y65.061 E14.00620
G1 X122.889 Y65.316 E14.01848
G1 X122.537 Y65.713 E14.04401
G1 X122.883 Y65.905 F7800.000
;TYPE:External perimeter
G1 F1800.000
G1 X122.883 Y68.653 E14.17618
G1 X123.960 Y69.867 E14.25425
G1 X123.960 Y115.133 E16.43138
G1 X122.883 Y116.347 E16.50945
G1 X122.883 Y119.095 E16.64162
G1 X123.275 Y119.537 E16.67004
G1 X123.275 Y120.325 E16.70791
G1 X117.725 Y120.325 E16.97484
G1 X117.725 Y112.290 E17.36131
G1 X118.245 Y112.290 E17.38633
G1 X118.962 Y113.098 E17.43829
G1 X120.986 Y112.445 E17.54058
G1 X121.838 Y109.943 E17.66767
G1 X120.986 Y107.442 E17.79476
G1 X118.962 Y106.789 E17.89706
G1 X118.245 Y107.597 E17.94902
G1 X117.725 Y107.597 E17.97404
G1 X117.725 Y64.675 E20.03842
G1 X123.275 Y64.675 E20.30536
G1 X123.275 Y65.463 E20.34323
G1 X122.923 Y65.860 E20.36876
G1 X122.518 Y66.068 F7800.000
G1 X118.785 Y75.084
;TYPE:Internal infill
G1 F4800.000
G1 X118.785 Y77.398 E20.48005
G1 X122.899 Y76.295 E20.68490
G1 X122.899 Y77.311 E20.73374
G1 X118.785 Y73.197 E21.01357
G1 X118.785 Y72.607 E21.04195
G1 X122.899 Y71.505 E21.24680
G1 X122.899 Y70.767 E21.28229
G1 X118.785 Y66.653 E21.56212
G1 X118.785 Y67.816 E21.61808
G1 X121.823 Y67.003 E21.76931
G1 X121.823 Y68.601 E21.84616
G1 X118.785 Y79.935 E22.41054
G1 X118.785 Y79.741 E22.41985
G1 X122.899 Y83.855 E22.69968
G1 X122.899 Y85.877 E22.79691
G1 X118.785 Y86.979 E23.00176
G1 X118.785 Y86.285 E23.03513
G1 X122.899 Y90.399 E23.31496
G1 X122.899 Y90.668 E23.32785
G1 X118.785 Y91.770 E23.53270
G1 X118.785 Y92.830 E23.58367
G1 X122.899 Y96.944 E23.86350
G1 X122.899 Y95.458 E23.93495
G1 X118.785 Y96.561 E24.13980
G1 X118.785 Y94.247 E24.25108
G1 X118.785 Y84.502 F7800.000
G1 F4800.000
G1 X118.785 Y82.189 E24.36236
G1 X122.899 Y81.086 E24.56721
G1 X122.899 Y82.460 E24.63330
G1 X118.785 Y97.814 E25.39782
G1 X118.785 Y99.374 E25.47284
G1 X122.899 Y103.488 E25.75267
G1 X122.899 Y105.040 E25.82730
G1 X119.674 Y105.904 E25.98793
G1 X121.270 Y106.419 E26.06863
G1 X122.899 Y100.339 E26.37137
G1 X122.899 Y100.249 E26.37573
G1 X118.785 Y101.351 E26.58058
G1 X118.785 Y103.665 E26.69186
G1 X122.738 Y108.795 F7800.000
;TYPE:Gap fill
;WIDTH:0.46521
G1 F1200.000
G1 X122.791 Y109.116 E26.70815
;WIDTH:0.3366
G1 X122.871 Y109.599 E26.72474
;WIDTH:0.20799
G1 X122.924 Y109.966 E26.73139
;WIDTH:0.250859
G1 X122.897 Y110.127 E26.73518
;WIDTH:0.293729
G1 X122.871 Y110.288 E26.73984
;WIDTH:0.336599
G1 X122.844 Y110.448 E26.74537
;WIDTH:0.37947
G1 X122.818 Y110.609 E26.75177
;WIDTH:0.42234
G1 X122.791 Y110.770 E26.75905
;WIDTH:0.46521
G1 X122.764 Y110.931 E26.76719
;WIDTH:0.508081
G1 X122.738 Y111.091 E26.77621
G1 X123.073 Y112.057 F7800.000
;TYPE:Solid infill
;WIDTH:0.455106
G1 F1200.000
G1 X122.450 Y111.434 E26.81914
G1 X122.310 Y111.847 E26.84036
G1 X122.899 Y112.436 E26.88100
G1 X122.899 Y112.989 E26.90793
G1 X122.169 Y112.259 E26.95825
G1 X122.029 Y112.671 E26.97947
G1 X122.899 Y113.542 E27.03946
G1 X122.899 Y114.094 E27.06639
G1 X121.889 Y113.083 E27.13606
G1 X121.818 Y113.290 E27.14671
G1 X121.610 Y113.357 E27.15736
G1 X122.899 Y114.647 E27.24622
G1 X122.899 Y114.730 E27.25030
G1 X122.679 Y114.979 E27.26649
G1 X121.192 Y113.492 E27.36895
G1 X120.775 Y113.627 E27.39034
G1 X122.419 Y115.272 E27.50370
G1 X122.160 Y115.565 E27.52277
G1 X120.357 Y113.762 E27.64702
G1 X119.939 Y113.897 E27.66841
G1 X121.900 Y115.858 E27.80355
G1 X121.823 Y115.945 E27.80925
G1 X121.823 Y116.333 E27.82814
G1 X119.522 Y114.032 E27.98672
G1 X119.104 Y114.166 E28.00811
G1 X121.823 Y116.885 E28.19549
G1 X121.823 Y117.438 E28.22241
G1 X118.785 Y114.401 E28.43173
G1 X118.785 Y114.953 E28.45866
G1 X121.823 Y117.990 E28.66797
G1 X121.823 Y118.543 E28.69490
G1 X118.785 Y115.506 E28.90421
G1 X118.785 Y116.058 E28.93114
G1 X121.823 Y119.095 E29.14045
G1 X121.823 Y119.264 E29.14869
G1 X121.439 Y119.264 E29.16738
G1 X118.785 Y116.611 E29.35026
G1 X118.785 Y117.163 E29.37718
G1 X120.886 Y119.264 E29.52198
G1 X120.334 Y119.264 E29.54890
G1 X118.785 Y117.716 E29.65561
G1 X118.785 Y118.269 E29.68254
G1 X119.781 Y119.264 E29.75117
G1 X119.229 Y119.264 E29.77810
G1 X118.612 Y118.648 E29.82060
G1 E27.82060 F2400.000
G92 E0
G1 X129.719 Y105.900 F7800.000
G1 E2.00000 F2400.000
;TYPE:Perimeter
;WIDTH:0.45
G1 F3600.000
G1 X127.612 Y108.277 E2.15278
G1 X127.612 Y111.610 E2.31310
G1 X129.719 Y113.987 E2.46588
G1 X131.504 Y113.411 E2.55608
G1 X131.504 Y119.554 E2.85153
G1 X127.529 Y119.554 E3.04273
G1 X128.152 Y117.721 E3.13582
G1 X127.091 Y114.605 E3.29416
G1 X126.744 Y114.493 E3.31170
G1 X126.744 Y70.507 E5.42727
G1 X127.091 Y70.395 E5.44481
G1 X128.152 Y67.279 E5.60315
G1 X127.529 Y65.446 E5.69624
G1 X131.504 Y65.446 E5.88744
G1 X131.504 Y106.476 E7.86081
G1 X129.776 Y105.918 E7.94812
G1 X129.841 Y106.344 F7800.000
G1 F3600.000
G1 X127.997 Y108.423 E8.08174
G1 X127.997 Y111.464 E8.22799
G1 X129.841 Y113.542 E8.36161
G1 X131.889 Y112.881 E8.46516
G1 X131.889 Y119.939 E8.80464
G1 X127.111 Y119.939 E9.03448
G1 X127.111 Y119.585 E9.05154
G1 X127.745 Y117.721 E9.14620
G1 X126.789 Y114.913 E9.28892
G1 X126.358 Y114.774 E9.31065
G1 X126.358 Y70.226 E11.45323
G1 X126.789 Y70.087 E11.47496
G1 X127.745 Y67.279 E11.61768
G1 X127.111 Y65.416 E11.71234
G1 X127.111 Y65.061 E11.72940
G1 X131.889 Y65.061 E11.95924
G1 X131.889 Y107.005 E13.97664
G1 X129.898 Y106.363 E14.07730
G1 X129.962 Y106.789 F7800.000
;TYPE:External perimeter
G1 F1800.000
G1 X128.383 Y108.569 E14.19177
G1 X128.383 Y111.317 E14.32393
G1 X129.962 Y113.098 E14.43840
G1 X131.986 Y112.445 E14.54069
G1 X132.039 Y112.290 E14.54857
G1 X132.275 Y112.290 E14.55993
G1 X132.275 Y120.325 E14.94640
G1 X126.725 Y120.325 E15.21334
G1 X126.725 Y119.521 E15.25202
G1 X127.338 Y117.721 E15.34344
G1 X126.486 Y115.220 E15.47053
G1 X126.192 Y115.125 E15.48538
;TYPE:Overhang perimeter
;WIDTH:0.4
;HEIGHT:0.4
M106 S255
G1 F3600.000
G1 X125.973 Y115.054 E15.49741
G1 X125.973 Y69.946 E17.85412
G1 X126.192 Y69.875 E17.86615
M106 S183.6
;TYPE:External perimeter
;WIDTH:0.45
;HEIGHT:0.3
G1 F1800.000
G1 X126.486 Y69.780 E17.88100
G1 X127.338 Y67.279 E18.00809
G1 X126.725 Y65.479 E18.09951
G1 X126.725 Y64.675 E18.13819
G1 X132.275 Y64.675 E18.40513
G1 X132.275 Y107.597 E20.46951
G1 X132.039 Y107.597 E20.48088
G1 X131.986 Y107.442 E20.48875
G1 X130.019 Y106.807 E20.58816
G1 X129.633 Y106.560 F7800.000
G1 E18.58816 F2400.000
G92 E0
G1 X127.178 Y108.475 F7800.000
G1 E2.00000 F2400.000
;TYPE:Gap fill
;WIDTH:0.546421
G1 F1200.000
G1 X127.178 Y111.411 E2.17652
G1 X131.388 Y114.376 F7800.000
;TYPE:Solid infill
;WIDTH:0.466115
G1 F1200.000
G1 X130.916 Y113.904 E2.20996
G1 X130.487 Y114.043 E2.23257
G1 X131.215 Y114.771 E2.28414
G1 X131.215 Y115.339 E2.31261
G1 X130.057 Y114.181 E2.39462
G1 X129.628 Y114.320 E2.41721
G1 X127.323 Y111.720 E2.59135
G1 X127.323 Y111.700 E2.59231
G1 X127.033 Y111.700 E2.60680
G1 X127.033 Y111.726 E2.60807
G1 X131.215 Y115.907 E2.90435
G1 X131.215 Y116.475 E2.93282
G1 X127.033 Y112.294 E3.22911
G1 X127.033 Y112.862 E3.25758
G1 X131.215 Y117.043 E3.55387
G1 X131.215 Y117.611 E3.58233
G1 X127.033 Y113.430 E3.87862
G1 X127.033 Y113.998 E3.90709
G1 X131.215 Y118.179 E4.20338
G1 X131.215 Y118.748 E4.23185
G1 X127.564 Y115.097 E4.49050
G1 X127.858 Y115.959 E4.53610
G1 X131.163 Y119.264 E4.77033
G1 X130.595 Y119.264 E4.79880
G1 X128.151 Y116.820 E4.97198
G1 X128.444 Y117.682 E5.01758
G1 X130.027 Y119.264 E5.12971
G1 X129.459 Y119.264 E5.15818
G1 X128.320 Y118.126 E5.23886
G1 X128.176 Y118.550 E5.26129
G1 X128.891 Y119.264 E5.31194
G1 X128.323 Y119.264 E5.34041
G1 X127.895 Y118.837 E5.37072
G1 E3.37072 F2400.000
G92 E0
G1 X131.215 Y90.753 F7800.000
G1 E2.00000 F2400.000
;TYPE:Internal infill
;WIDTH:0.45
G1 F4800.000
G1 X131.215 Y88.439 E2.11128
G1 X127.033 Y89.560 E2.31948
G1 X127.033 Y87.989 E2.39502
G1 X131.215 Y92.170 E2.67943
G1 X131.215 Y93.230 E2.73040
G1 X127.033 Y94.351 E2.93860
G1 X127.033 Y94.533 E2.94739
G1 X131.215 Y98.715 E3.23179
G1 X131.215 Y98.021 E3.26516
G1 X127.033 Y99.141 E3.47335
G1 X127.033 Y101.077 E3.56648
G1 X131.215 Y105.259 E3.85089
G1 X131.215 Y105.065 E3.86020
G1 X130.965 Y105.998 E3.90665
G1 X129.628 Y105.566 E3.97419
G1 X127.443 Y108.031 E4.13262
G1 X127.033 Y107.622 E4.16047
G1 X127.033 Y105.308 E4.27176
G1 X131.215 Y100.498 F7800.000
G1 F4800.000
G1 X131.215 Y102.811 E4.38304
G1 X127.033 Y103.932 E4.59124
G1 X127.033 Y102.791 E4.64613
G1 X131.215 Y87.186 E5.42313
G1 X131.215 Y85.626 E5.49815
G1 X127.033 Y81.445 E5.78255
G1 X127.033 Y79.978 E5.85309
G1 X131.215 Y78.858 E6.06128
G1 X131.215 Y79.082 E6.07205
G1 X127.033 Y74.901 E6.35645
G1 X127.033 Y75.188 E6.37026
G1 X131.215 Y74.067 E6.57846
G1 X131.215 Y72.538 E6.65203
G1 X127.822 Y69.146 E6.88277
G1 X127.432 Y70.290 E6.94093
G1 X131.215 Y69.277 E7.12925
G1 X131.215 Y69.307 E7.13071
G1 X127.033 Y84.912 E7.90771
G1 X127.033 Y84.769 E7.91456
G1 X131.215 Y83.649 E8.12275
G1 X131.215 Y81.335 E8.23404
G1 X131.215 Y68.307 F7800.000
G1 F4800.000
G1 X131.215 Y65.994 E8.34532
G1 X130.957 Y65.736 E8.36287
G1 X128.643 Y65.736 E8.47415
M106 S188.7
;LAYER_CHANGE
;Z:4.22
;HEIGHT:0.3
G1 Z4.220 F7800.000
G1 X129.719 Y105.600
;TYPE:Perimeter
G1 F3600.000
G1 X127.612 Y107.977 E8.62693
G1 X127.612 Y111.310 E8.78725
G1 X129.719 Y113.687 E8.94003
G1 X131.504 Y113.111 E9.03022
G1 X131.504 Y119.254 E9.32568
G1 X127.529 Y119.254 E9.51688
G1 X128.152 Y117.421 E9.60997
G1 X127.091 Y114.305 E9.76831
G1 X125.548 Y113.807 E9.84631
;TYPE:Overhang perimeter
;WIDTH:0.4
;HEIGHT:0.4
M106 S255
G1 X124.385 Y113.431 E9.91015
M106 S188.7
;TYPE:Perimeter
;WIDTH:0.45
;HEIGHT:0.3
G1 X124.219 Y113.378 E9.91853
G1 X122.112 Y115.755 E10.07131
G1 X122.112 Y119.088 E10.23163
G1 X122.258 Y119.254 E10.24227
G1 X118.496 Y119.254 E10.42322
G1 X118.496 Y113.435 E10.70307
G1 X118.719 Y113.687 E10.71923
G1 X121.591 Y112.760 E10.86438
G1 X122.652 Y109.643 E11.02272
G1 X121.591 Y106.527 E11.18106
G1 X118.719 Y105.600 E11.32621
G1 X118.496 Y105.851 E11.34238
G1 X118.496 Y65.746 E13.27128
G1 X122.259 Y65.746 E13.45223
G1 X122.112 Y65.912 E13.46287
G1 X122.112 Y69.245 E13.62319
G1 X124.219 Y71.622 E13.77598
G1 X124.385 Y71.569 E13.78435
;TYPE:Overhang perimeter
;WIDTH:0.4
;HEIGHT:0.4
M106 S255
G1 X125.548 Y71.193 E13.84820
M106 S188.7
;TYPE:Perimeter
;WIDTH:0.45
;HEIGHT:0.3
G1 X127.091 Y70.695 E13.92620
G1 X128.152 Y67.579 E14.08454
G1 X127.529 Y65.746 E14.17763
G1 X131.504 Y65.746 E14.36882
G1 X131.504 Y106.176 E16.31334
G1 X129.776 Y105.618 E16.40064
G1 X129.841 Y106.044 F7800.000
G1 F3600.000
G1 X127.997 Y108.123 E16.53427
G1 X127.997 Y111.164 E16.68051
G1 X129.841 Y113.242 E16.81413
G1 X131.889 Y112.581 E16.91768
G1 X131.889 Y119.639 E17.25716
G1 X127.111 Y119.639 E17.48700
G1 X127.111 Y119.285 E17.50406
G1 X127.745 Y117.421 E17.59873
G1 X126.789 Y114.613 E17.74144
G1 X125.548 Y114.212 E17.80415
;TYPE:Overhang perimeter
;WIDTH:0.4
;HEIGHT:0.4
M106 S255
G1 X124.385 Y113.837 E17.86799
M106 S188.7
;TYPE:Perimeter
;WIDTH:0.45
;HEIGHT:0.3
G1 X124.341 Y113.822 E17.87023
G1 X122.497 Y115.901 E18.00386
G1 X122.497 Y118.942 E18.15010
G1 X122.889 Y119.384 E18.17852
G1 X122.889 Y119.639 E18.19080
G1 X118.111 Y119.639 E18.42065
G1 X118.111 Y112.419 E18.76791
G1 X118.841 Y113.242 E18.82083
G1 X121.289 Y112.452 E18.94455
G1 X122.245 Y109.643 E19.08727
G1 X121.289 Y106.834 E19.22998
G1 X118.841 Y106.044 E19.35370
G1 X118.111 Y106.867 E19.40662
G1 X118.111 Y65.361 E21.40294
G1 X122.889 Y65.361 E21.63279
G1 X122.889 Y65.616 E21.64507
G1 X122.497 Y66.058 E21.67349
G1 X122.497 Y69.099 E21.81973
G1 X124.341 Y71.178 E21.95336
G1 X124.385 Y71.163 E21.95560
;TYPE:Overhang perimeter
;WIDTH:0.4
;HEIGHT:0.4
M106 S255
G1 X125.548 Y70.788 E22.01944
M106 S188.7
;TYPE:Perimeter
;WIDTH:0.45
;HEIGHT:0.3
G1 X126.789 Y70.387 E22.08215
G1 X127.745 Y67.579 E22.22486
G1 X127.111 Y65.716 E22.31952
G1 X127.111 Y65.361 E22.33658
G1 X131.889 Y65.361 E22.56643
G1 X131.889 Y106.705 E24.55496
G1 X129.898 Y106.063 E24.65563
G1 X129.962 Y106.489 F7800.000
;TYPE:External perimeter
G1 F1800.000
G1 X128.383 Y108.269 E24.77009
G1 X128.383 Y111.017 E24.90226
G1 X129.962 Y112.798 E25.01672
G1 X131.986 Y112.145 E25.11902
G1 X132.039 Y111.990 E25.12689
G1 X132.275 Y111.990 E25.13826
G1 X132.275 Y120.025 E25.52473
G1 X126.725 Y120.025 E25.79167
G1 X126.725 Y119.221 E25.83034
G1 X127.338 Y117.421 E25.92176
G1 X126.486 Y114.920 E26.04885
G1 X125.548 Y114.617 E26.09626
;TYPE:Overhang perimeter
;WIDTH:0.4
;HEIGHT:0.4
M106 S255
G1 F3600.000
G1 X124.462 Y114.267 E26.15588
G1 X124.385 Y114.353 E26.16194
M106 S188.7
;TYPE:External perimeter
;WIDTH:0.45
;HEIGHT:0.3
G1 F1800.000
G1 X122.883 Y116.047 E26.27083
G1 X122.883 Y118.795 E26.40299
G1 X123.275 Y119.237 E26.43141
G1 X123.275 Y120.025 E26.46928
G1 X117.725 Y120.025 E26.73622
G1 X117.725 Y111.990 E27.12269
G1 X118.245 Y111.990 E27.14770
G1 X118.962 Y112.798 E27.19967
G1 X120.986 Y112.145 E27.30196
G1 X121.838 Y109.643 E27.42905
G1 X120.986 Y107.142 E27.55614
G1 X118.962 Y106.489 E27.65844
G1 X118.245 Y107.297 E27.71040
G1 X117.725 Y107.297 E27.73541
G1 X117.725 Y64.975 E29.77094
G1 X123.275 Y64.975 E30.03788
G1 X123.275 Y65.763 E30.07575
G1 X122.883 Y66.205 E30.10417
G1 X122.883 Y68.953 E30.23633
G1 X124.385 Y70.646 E30.34522
;TYPE:Overhang perimeter
;WIDTH:0.4
;HEIGHT:0.4
M106 S255
G1 F3600.000
G1 X124.462 Y70.733 E30.35128
G1 X125.548 Y70.383 E30.41090
M106 S188.7
;TYPE:External perimeter
;WIDTH:0.45
;HEIGHT:0.3
G1 F1800.000
G1 X126.486 Y70.080 E30.45831
G1 X127.338 Y67.579 E30.58540
G1 X126.725 Y65.779 E30.67682
G1 X126.725 Y64.975 E30.71549
G1 X132.275 Y64.975 E30.98243
G1 X132.275 Y107.297 E33.01796
G1 X132.039 Y107.297 E33.02932
G1 X131.986 Y107.142 E33.03720
G1 X130.019 Y106.507 E33.13661
G1 X129.633 Y106.260 F7800.000
G1 X129.076 Y105.889
;TYPE:Internal infill
G1 F4800.000
G1 X129.628 Y105.266 E33.17661
G1 X131.039 Y105.722 E33.24789
G1 X131.215 Y105.065 E33.28059
G1 X131.215 Y105.259 E33.28990
G1 X128.941 Y102.985 E33.44457
G1 X128.941 Y103.421 E33.46554
G1 X131.215 Y102.811 E33.57876
G1 X131.215 Y100.498 E33.69004
G1 X128.941 Y100.944 F7800.000
G1 F4800.000
G1 X128.941 Y98.630 E33.80132
G1 X131.215 Y98.021 E33.91454
G1 X131.215 Y98.715 E33.94791
G1 X128.941 Y96.441 E34.10258
G1 X128.941 Y95.672 E34.13954
G1 X131.215 Y87.186 E34.56209
G1 X131.215 Y85.626 E34.63711
G1 X128.941 Y83.352 E34.79178
G1 X128.941 Y84.258 E34.83534
G1 X131.215 Y83.649 E34.94857
G1 X131.215 Y81.335 E35.05985
G1 X128.941 Y76.808 F7800.000
G1 F4800.000
G1 X131.215 Y79.082 E35.21451
G1 X131.215 Y78.858 E35.22528
G1 X128.941 Y79.467 E35.33850
G1 X128.941 Y77.793 E35.41903
G1 X131.215 Y69.277 E35.84299
G1 X128.941 Y69.886 E35.95621
G1 X128.941 Y70.264 E35.97438
G1 X131.215 Y72.538 E36.12905
G1 X131.215 Y74.067 E36.20262
G1 X128.941 Y74.677 E36.31584
G1 X128.941 Y72.363 E36.42712
G1 X128.725 Y73.049 F7800.000
;TYPE:Bridge infill
;WIDTH:0.400383
;HEIGHT:0.4
M106 S255
G1 F3600.000
G1 X121.410 Y71.759 E36.81596
G1 X121.410 Y72.216 E36.83990
G1 X128.523 Y73.471 E37.21797
G1 X128.523 Y73.928 E37.24191
G1 X121.410 Y72.674 E37.61997
G1 X121.410 Y73.131 E37.64391
G1 X128.523 Y74.385 E38.02197
G1 X128.523 Y74.843 E38.04591
G1 X121.410 Y73.589 E38.42398
G1 X121.410 Y74.046 E38.44791
G1 X128.523 Y75.300 E38.82597
G1 X128.523 Y75.757 E38.84991
G1 X121.410 Y74.503 E39.22797
G1 X121.410 Y74.961 E39.25191
G1 X128.523 Y76.215 E39.62996
G1 X128.523 Y76.672 E39.65390
G1 X121.410 Y75.418 E40.03196
G1 X121.410 Y75.875 E40.05589
G1 X128.523 Y77.129 E40.43394
G1 X128.523 Y77.587 E40.45788
G1 X121.410 Y76.333 E40.83593
G1 X121.410 Y76.790 E40.85987
G1 X128.523 Y78.044 E41.23792
G1 X128.523 Y78.501 E41.26186
G1 X121.410 Y77.247 E41.63990
G1 X121.410 Y77.705 E41.66384
G1 X128.523 Y78.959 E42.04188
G1 X128.523 Y79.416 E42.06582
G1 X121.411 Y78.162 E42.44386
G1 X121.411 Y78.619 E42.46780
G1 X128.523 Y79.873 E42.84583
G1 X128.523 Y80.331 E42.86977
G1 X121.411 Y79.077 E43.24780
G1 X121.411 Y79.534 E43.27174
G1 X128.523 Y80.788 E43.64978
G1 X128.523 Y81.245 E43.67371
G1 X121.411 Y79.991 E44.05174
G1 X121.411 Y80.449 E44.07568
G1 X128.523 Y81.703 E44.45371
G1 X128.523 Y82.160 E44.47765
G1 X121.411 Y80.906 E44.85567
G1 X121.411 Y81.363 E44.87961
G1 X128.523 Y82.617 E45.25764
G1 X128.523 Y83.075 E45.28157
G1 X121.411 Y81.821 E45.65959
G1 X121.411 Y82.278 E45.68353
G1 X128.523 Y83.532 E46.06155
G1 X128.523 Y83.989 E46.08549
G1 X121.411 Y82.735 E46.46351
G1 X121.411 Y83.193 E46.48745
G1 X128.523 Y84.447 E46.86546
G1 X128.523 Y84.904 E46.88940
G1 X121.411 Y83.650 E47.26741
G1 X121.411 Y84.107 E47.29135
G1 X128.523 Y85.361 E47.66936
G1 X128.523 Y85.819 E47.69330
G1 X121.411 Y84.565 E48.07130
G1 X121.411 Y85.022 E48.09524
G1 X128.523 Y86.276 E48.47325
G1 X128.523 Y86.733 E48.49719
G1 X121.411 Y85.479 E48.87519
G1 X121.411 Y85.937 E48.89913
G1 X128.523 Y87.191 E49.27713
G1 X128.523 Y87.648 E49.30106
G1 X121.411 Y86.394 E49.67906
G1 X121.411 Y86.851 E49.70300
G1 X128.523 Y88.105 E50.08100
G1 X128.523 Y88.563 E50.10494
G1 X121.411 Y87.309 E50.48293
G1 X121.411 Y87.766 E50.50687
G1 X128.523 Y89.020 E50.88486
G1 X128.523 Y89.477 E50.90880
G1 X121.411 Y88.223 E51.28678
G1 X121.412 Y88.681 E51.31072
G1 X128.523 Y89.935 E51.68871
G1 X128.523 Y90.392 E51.71265
G1 X121.412 Y89.138 E52.09063
G1 X121.412 Y89.595 E52.11457
G1 X128.523 Y90.849 E52.49255
G1 X128.523 Y91.307 E52.51649
G1 X121.412 Y90.053 E52.89447
G1 X121.412 Y90.510 E52.91841
G1 X128.523 Y91.764 E53.29639
G1 X128.523 Y92.221 E53.32033
G1 X121.412 Y90.967 E53.69830
G1 X121.412 Y91.425 E53.72224
G1 X128.523 Y92.679 E54.10021
G1 X128.523 Y93.136 E54.12415
G1 X121.412 Y91.882 E54.50212
G1 X121.412 Y92.339 E54.52606
G1 X128.523 Y93.593 E54.90403
G1 X128.523 Y94.051 E54.92797
G1 X121.412 Y92.797 E55.30593
G1 X121.412 Y93.254 E55.32987
G1 X128.523 Y94.508 E55.70783
G1 X128.523 Y94.965 E55.73177
G1 X121.412 Y93.711 E56.10973
G1 X121.412 Y94.169 E56.13367
G1 X128.523 Y95.423 E56.51163
G1 X128.523 Y95.880 E56.53557
G1 X121.412 Y94.626 E56.91352
G1 X121.412 Y95.083 E56.93746
G1 X128.523 Y96.337 E57.31542
G1 X128.523 Y96.795 E57.33936
G1 X121.412 Y95.541 E57.71731
G1 X121.412 Y95.998 E57.74125
G1 X128.523 Y97.252 E58.11920
G1 X128.523 Y97.709 E58.14313
G1 X121.412 Y96.455 E58.52108
G1 X121.412 Y96.913 E58.54502
G1 X128.523 Y98.167 E58.92297
G1 X128.523 Y98.624 E58.94690
G1 X121.412 Y97.370 E59.32485
G1 X121.412 Y97.827 E59.34879
G1 X128.523 Y99.081 E59.72673
G1 X128.523 Y99.539 E59.75066
G1 X121.412 Y98.285 E60.12860
G1 X121.412 Y98.742 E60.15254
G1 X128.523 Y99.996 E60.53048
G1 X128.523 Y100.453 E60.55442
G1 X121.413 Y99.199 E60.93235
G1 X121.413 Y99.657 E60.95629
G1 X128.523 Y100.911 E61.33422
G1 X128.523 Y101.368 E61.35816
G1 X121.413 Y100.114 E61.73609
G1 X121.413 Y100.571 E61.76002
G1 X128.523 Y101.825 E62.13795
G1 X128.523 Y102.283 E62.16189
G1 X121.413 Y101.029 E62.53981
G1 X121.413 Y101.486 E62.56375
G1 X128.523 Y102.740 E62.94167
G1 X128.523 Y103.197 E62.96561
G1 X121.413 Y101.943 E63.34353
G1 X121.413 Y102.401 E63.36747
G1 X128.523 Y103.655 E63.74539
G1 X128.523 Y104.112 E63.76933
G1 X121.413 Y102.858 E64.14724
G1 X121.413 Y103.316 E64.17118
G1 X128.523 Y104.569 E64.54909
G1 X128.523 Y105.027 E64.57303
G1 X121.413 Y103.773 E64.95094
G1 X121.413 Y104.230 E64.97488
G1 X128.523 Y105.484 E65.35279
G1 X128.523 Y105.941 E65.37673
G1 X121.413 Y104.688 E65.75463
G1 X121.413 Y105.145 E65.77857
G1 X128.523 Y106.399 E66.15648
G1 X128.523 Y106.465 E66.15993
G1 X128.223 Y106.803 E66.18361
G1 X121.413 Y105.602 E66.54556
G1 X121.413 Y106.060 E66.56950
G1 X127.872 Y107.198 E66.91281
G1 X127.521 Y107.594 E66.94048
G1 X121.960 Y106.613 E67.23607
G1 X122.126 Y107.100 E67.26298
G1 X127.290 Y108.011 E67.53748
G1 X127.290 Y108.468 E67.56142
G1 X122.292 Y107.586 E67.82712
G1 X122.457 Y108.073 E67.85403
G1 X127.290 Y108.925 E68.11092
G1 X127.290 Y109.382 E68.13486
G1 X122.623 Y108.559 E68.38295
G1 X122.789 Y109.046 E68.40985
G1 X127.290 Y109.840 E68.64913
G1 X127.290 Y110.297 E68.67307
G1 X122.954 Y109.533 E68.90355
G1 X122.992 Y109.643 E68.90966
G1 X122.878 Y109.977 E68.92810
G1 X127.290 Y110.754 E69.16260
G1 X127.290 Y111.212 E69.18654
G1 X122.732 Y110.408 E69.42886
G1 X122.585 Y110.839 E69.45271
G1 X127.540 Y111.713 E69.71609
G1 X128.020 Y112.255 E69.75402
G1 X122.438 Y111.271 E70.05075
G1 X122.291 Y111.702 E70.07461
G1 X128.501 Y112.797 E70.40470
G1 X128.523 Y112.822 E70.40642
G1 X128.523 Y113.258 E70.42928
G1 X122.144 Y112.134 E70.76834
G1 X121.997 Y112.565 E70.79219
G1 X128.523 Y113.716 E71.13906
G1 X128.523 Y114.173 E71.16300
G1 X126.773 Y113.865 E71.25600
G1 X127.343 Y114.049 E71.28736
G1 X127.479 Y114.446 E71.30935
G1 X128.523 Y114.630 E71.36484
G1 X128.523 Y115.088 E71.38878
G1 X127.645 Y114.933 E71.43546
G1 X127.810 Y115.419 E71.46237
G1 X128.399 Y115.523 E71.49364
M106 S188.7
G1 X128.704 Y115.567 F7800.000
;TYPE:Internal infill
;WIDTH:0.45
;HEIGHT:0.3
G1 F4800.000
G1 X128.941 Y115.395 E71.50772
G1 X128.941 Y113.551 E71.59640
G1 X129.004 Y113.316 E71.60813
G1 X129.628 Y114.020 E71.65339
G1 X130.934 Y113.598 E71.71941
G1 X128.332 Y117.790 F7800.000
G1 F4800.000
G1 X128.458 Y117.421 E71.73813
G1 X128.148 Y116.510 E71.78441
G1 X128.327 Y115.842 E71.81771
G1 X128.548 Y115.681 E71.83087
G1 X131.215 Y118.347 E72.01224
G1 X131.215 Y117.184 E72.06820
G1 X128.270 Y117.972 E72.21480
G1 X127.933 Y118.964 E72.26520
G1 X129.198 Y118.964 E72.32609
G1 E70.32609 F2400.000
G92 E0
G1 X121.823 Y117.855 F7800.000
G1 E2.00000 F2400.000
G1 F4800.000
G1 X121.823 Y115.645 E2.10631
G1 X121.891 Y115.568 E2.11128
G1 X119.925 Y113.601 E2.24503
G1 X119.291 Y113.806 E2.27705
G1 X118.785 Y115.723 E2.37242
G1 X121.499 Y114.996 E2.50751
G1 X121.610 Y114.784 F7800.000
;TYPE:Bridge infill
;WIDTH:0.400383
;HEIGHT:0.4
M106 S255
G1 F3600.000
G1 X122.417 Y114.926 E2.55041
G1 X122.768 Y114.530 E2.57808
G1 X121.515 Y114.310 E2.64465
G1 X121.414 Y114.170 E2.65368
G1 X121.414 Y113.834 E2.67126
G1 X123.119 Y114.135 E2.76186
G1 X123.469 Y113.739 E2.78953
G1 X121.414 Y113.377 E2.89877
G1 X121.414 Y113.155 E2.91041
G1 X121.843 Y113.016 E2.93404
G1 X121.850 Y112.997 E2.93511
G1 X124.054 Y113.385 E3.05225
M106 S188.7
G1 E1.05225 F2400.000
G92 E0
G1 X131.215 Y90.753 F7800.000
G1 E2.00000 F2400.000
;TYPE:Internal infill
;WIDTH:0.45
;HEIGHT:0.3
G1 F4800.000
G1 X131.215 Y88.439 E2.11128
G1 X128.941 Y89.049 E2.22450
G1 X128.941 Y89.897 E2.26528
G1 X131.215 Y92.170 E2.41994
G1 X131.215 Y93.230 E2.47092
G1 X128.941 Y93.839 E2.58414
G1 X128.941 Y91.526 E2.69542
G1 E0.69542 F2400.000
G92 E0
G1 X120.994 Y93.492 F7800.000
G1 E2.00000 F2400.000
G1 F4800.000
G1 X120.994 Y91.178 E2.11128
G1 X118.785 Y91.770 E2.22125
G1 X118.785 Y92.830 E2.27222
G1 X120.994 Y95.038 E2.42247
G1 X120.994 Y95.969 E2.46720
G1 X118.785 Y96.561 E2.57719
G1 X118.785 Y94.247 E2.68847
G1 X120.995 Y103.236 F7800.000
G1 F4800.000
G1 X120.995 Y105.550 E2.79976
G1 X120.181 Y105.768 E2.84028
G1 X118.785 Y105.317 E2.91083
G1 X118.785 Y101.351 E3.10159
G1 X120.995 Y100.759 E3.21160
G1 X120.995 Y101.583 E3.25124
G1 X118.785 Y99.374 E3.40152
G1 X118.785 Y97.814 E3.47654
G1 X120.994 Y89.572 E3.88692
G1 X120.994 Y88.494 E3.93880
G1 X118.785 Y86.285 E4.08900
G1 X118.785 Y86.979 E4.12237
G1 X120.993 Y86.388 E4.23232
G1 X120.993 Y84.074 E4.34360
G1 X118.785 Y84.502 F7800.000
G1 F4800.000
G1 X118.785 Y82.189 E4.45488
G1 X120.993 Y81.597 E4.56480
G1 X120.993 Y81.949 E4.58173
G1 X118.785 Y79.741 E4.73189
G1 X118.785 Y79.935 E4.74120
G1 X120.992 Y71.700 E5.15127
G1 X120.992 Y72.016 E5.16648
G1 X118.785 Y72.607 E5.27636
G1 X118.785 Y73.197 E5.30473
G1 X120.992 Y75.404 E5.45485
G1 X120.993 Y76.806 E5.52229
G1 X118.785 Y77.398 E5.63219
G1 X118.785 Y75.084 E5.74348
G1 X120.476 Y66.036 F7800.000
G1 F4800.000
G1 X121.823 Y66.036 E5.80825
G1 X121.823 Y67.003 E5.85476
G1 X118.785 Y67.816 E6.00598
G1 X118.785 Y66.653 E6.06195
G1 X121.763 Y69.631 E6.26450
G1 X121.421 Y70.100 E6.29245
G1 X121.823 Y68.601 E6.36711
G1 X121.823 Y67.196 E6.43468
G1 X122.773 Y70.170 F7800.000
;TYPE:Bridge infill
;WIDTH:0.400383
;HEIGHT:0.4
M106 S255
G1 F3600.000
G1 X121.988 Y70.032 E6.47641
G1 X121.692 Y70.437 E6.50267
G1 X122.933 Y70.656 E6.56862
G1 X123.413 Y71.198 E6.60654
G1 X121.410 Y70.844 E6.71304
G1 X121.410 Y71.302 E6.73698
G1 X128.523 Y72.556 E7.11505
G1 X128.523 Y72.099 E7.13899
G1 X125.461 Y71.559 E7.30172
G1 X126.378 Y71.263 E7.35212
G1 X128.523 Y71.641 E7.46615
G1 X128.523 Y71.184 E7.49009
G1 X127.294 Y70.967 E7.55541
G1 X127.343 Y70.951 E7.55814
G1 X127.482 Y70.543 E7.58070
G1 X128.523 Y70.727 E7.63601
G1 X128.523 Y70.269 E7.65995
G1 X127.629 Y70.112 E7.70744
G1 X127.776 Y69.680 E7.73130
G1 X128.725 Y69.848 E7.78175
M106 S188.7
M106 S96.9
;LAYER_CHANGE
;Z:4.52
;HEIGHT:0.3
G1 Z4.520 F7800.000
G1 X124.219 Y71.922
;TYPE:Perimeter
;WIDTH:0.45
G1 F3600.000
G1 X127.091 Y70.995 E7.92690
G1 X128.152 Y67.879 E8.08524
G1 X127.529 Y66.046 E8.17833
G1 X131.504 Y66.046 E8.36952
G1 X131.504 Y105.876 E10.28518
G1 X129.719 Y105.300 E10.37537
G1 X127.612 Y107.677 E10.52815
G1 X127.612 Y111.010 E10.68848
G1 X129.719 Y113.387 E10.84126
G1 X131.504 Y112.811 E10.93145
G1 X131.504 Y118.954 E11.22690
G1 X127.529 Y118.954 E11.41810
G1 X128.152 Y117.121 E11.51119
G1 X127.091 Y114.005 E11.66953
G1 X124.219 Y113.078 E11.81468
G1 X122.112 Y115.455 E11.96747
G1 X122.112 Y118.788 E12.12779
G1 X122.259 Y118.954 E12.13843
G1 X118.496 Y118.954 E12.31938
G1 X118.496 Y113.135 E12.59922
G1 X118.719 Y113.387 E12.61539
G1 X121.591 Y112.460 E12.76054
G1 X122.652 Y109.343 E12.91888
G1 X121.591 Y106.227 E13.07722
G1 X118.719 Y105.300 E13.22237
G1 X118.496 Y105.551 E13.23853
G1 X118.496 Y66.046 E15.13858
G1 X122.258 Y66.046 E15.31953
G1 X122.112 Y66.212 E15.33017
G1 X122.112 Y69.545 E15.49049
G1 X124.179 Y71.877 E15.64039
G1 X124.341 Y71.478 F7800.000
G1 F3600.000
G1 X126.789 Y70.687 E15.76411
G1 X127.745 Y67.879 E15.90682
G1 X127.111 Y66.016 E16.00149
G1 X127.111 Y65.661 E16.01855
G1 X131.889 Y65.661 E16.24839
G1 X131.889 Y106.405 E18.20807
G1 X129.841 Y105.744 E18.31162
G1 X127.997 Y107.823 E18.44524
G1 X127.997 Y110.864 E18.59148
G1 X129.841 Y112.942 E18.72511
G1 X131.889 Y112.281 E18.82865
G1 X131.889 Y119.339 E19.16813
G1 X127.111 Y119.339 E19.39798
G1 X127.111 Y118.985 E19.41503
G1 X127.745 Y117.121 E19.50970
G1 X126.789 Y114.313 E19.65241
G1 X124.341 Y113.522 E19.77614
G1 X122.497 Y115.601 E19.90976
G1 X122.497 Y118.642 E20.05600
G1 X122.889 Y119.084 E20.08443
G1 X122.889 Y119.339 E20.09671
G1 X118.111 Y119.339 E20.32655
G1 X118.111 Y112.119 E20.67381
G1 X118.841 Y112.942 E20.72673
G1 X121.289 Y112.152 E20.85045
G1 X122.245 Y109.343 E20.99317
G1 X121.289 Y106.534 E21.13588
G1 X118.841 Y105.744 E21.25961
G1 X118.111 Y106.567 E21.31252
G1 X118.111 Y65.661 E23.27999
G1 X122.889 Y65.661 E23.50983
G1 X122.889 Y65.916 E23.52211
G1 X122.497 Y66.358 E23.55053
G1 X122.497 Y69.399 E23.69678
G1 X124.301 Y71.433 E23.82751
G1 X124.462 Y71.033 F7800.000
;TYPE:External perimeter
G1 F1800.000
G1 X126.486 Y70.380 E23.92981
G1 X127.338 Y67.879 E24.05690
G1 X126.725 Y66.079 E24.14832
G1 X126.725 Y65.275 E24.18699
G1 X132.275 Y65.275 E24.45393
G1 X132.275 Y106.997 E26.46060
G1 X132.039 Y106.997 E26.47197
G1 X131.986 Y106.842 E26.47984
G1 X129.962 Y106.189 E26.58214
G1 X128.383 Y107.969 E26.69660
G1 X128.383 Y110.717 E26.82877
G1 X129.962 Y112.498 E26.94323
G1 X131.986 Y111.845 E27.04553
G1 X132.039 Y111.690 E27.05340
G1 X132.275 Y111.690 E27.06477
G1 X132.275 Y119.725 E27.45124
G1 X126.725 Y119.725 E27.71818
G1 X126.725 Y118.921 E27.75685
G1 X127.338 Y117.121 E27.84827
G1 X126.486 Y114.620 E27.97536
G1 X124.462 Y113.967 E28.07766
G1 X122.883 Y115.747 E28.19213
G1 X122.883 Y118.495 E28.32429
G1 X123.275 Y118.937 E28.35271
G1 X123.275 Y119.725 E28.39058
G1 X117.725 Y119.725 E28.65751
G1 X117.725 Y111.690 E29.04398
G1 X118.245 Y111.690 E29.06900
G1 X118.962 Y112.498 E29.12096
G1 X120.986 Y111.845 E29.22326
G1 X121.838 Y109.343 E29.35035
G1 X120.986 Y106.842 E29.47744
G1 X118.962 Y106.189 E29.57973
G1 X118.245 Y106.997 E29.63169
G1 X117.725 Y106.997 E29.65671
G1 X117.725 Y65.275 E31.66338
G1 X123.275 Y65.275 E31.93032
G1 X123.275 Y66.063 E31.96818
G1 X122.883 Y66.505 E31.99660
G1 X122.883 Y69.253 E32.12877
G1 X124.422 Y70.988 E32.24035
G1 X124.588 Y71.413 F7800.000
G1 X124.498 Y71.954
;TYPE:Solid infill
;WIDTH:0.45364
G1 F1200.000
G1 X128.555 Y76.011 E32.51891
G1 X128.555 Y75.460 E32.54563
G1 X125.052 Y71.957 E32.78615
G1 X125.468 Y71.823 E32.80739
G1 X128.555 Y74.910 E33.01933
G1 X128.555 Y74.359 E33.04606
G1 X125.884 Y71.688 E33.22943
G1 X126.301 Y71.554 E33.25066
G1 X128.555 Y73.809 E33.40546
G1 X128.555 Y73.258 E33.43218
G1 X126.717 Y71.420 E33.55840
G1 X127.133 Y71.285 E33.57964
G1 X128.555 Y72.708 E33.67728
G1 X128.555 Y72.157 E33.70401
G1 X127.396 Y70.998 E33.78361
G1 X127.536 Y70.587 E33.80467
G1 X128.731 Y71.783 E33.88677
G1 X129.147 Y71.649 E33.90800
G1 X127.675 Y70.177 E34.00907
G1 X127.815 Y69.766 E34.03013
G1 X129.564 Y71.514 E34.15018
G1 X129.905 Y71.404 E34.16760
G1 X129.905 Y71.305 E34.17240
G1 X127.955 Y69.355 E34.30628
G1 X128.095 Y68.945 E34.32734
G1 X129.905 Y70.755 E34.45163
G1 X129.905 Y70.204 E34.47835
G1 X128.235 Y68.534 E34.59303
G1 X128.375 Y68.123 E34.61410
G1 X130.079 Y69.827 E34.73109
G1 X130.291 Y71.614 F7800.000
;TYPE:Internal infill
;WIDTH:0.45
G1 F4800.000
G1 X131.215 Y72.538 E34.79393
G1 X131.215 Y74.067 E34.86750
G1 X128.941 Y74.677 E34.98072
G1 X128.941 Y72.363 E35.09201
G1 X128.908 Y67.913 F7800.000
G1 F4800.000
G1 X130.291 Y68.923 E35.17435
G1 X130.291 Y69.524 E35.20329
G1 X131.215 Y69.277 E35.24929
G1 X128.941 Y77.793 E35.67325
G1 X128.941 Y79.467 E35.75377
G1 X131.215 Y78.858 E35.86699
G1 X131.215 Y79.082 E35.87776
G1 X128.941 Y76.808 E36.03243
G1 X128.729 Y76.735 F7800.000
;TYPE:Solid infill
;WIDTH:0.45364
G1 F1200.000
G1 X121.981 Y69.987 E36.49573
G1 X121.748 Y70.305 E36.51486
G1 X128.555 Y77.112 E36.98220
G1 X128.555 Y77.662 E37.00893
G1 X121.516 Y70.623 E37.49223
G1 X121.378 Y70.813 E37.50363
G1 X121.378 Y71.035 E37.51443
G1 X128.555 Y78.213 E38.00723
G1 X128.555 Y78.763 E38.03396
G1 X121.378 Y71.586 E38.52676
G1 X121.378 Y72.136 E38.55349
G1 X128.555 Y79.314 E39.04629
G1 X128.555 Y79.864 E39.07302
G1 X121.378 Y72.687 E39.56581
G1 X121.378 Y73.237 E39.59254
G1 X128.555 Y80.415 E40.08533
G1 X128.555 Y80.965 E40.11206
G1 X121.378 Y73.788 E40.60485
G1 X121.378 Y74.338 E40.63158
G1 X128.555 Y81.516 E41.12436
G1 X128.555 Y82.066 E41.15109
G1 X121.378 Y74.889 E41.64387
G1 X121.378 Y75.440 E41.67060
G1 X128.555 Y82.617 E42.16338
G1 X128.555 Y83.167 E42.19010
G1 X121.378 Y75.990 E42.68288
G1 X121.378 Y76.541 E42.70960
G1 X128.555 Y83.718 E43.20237
G1 X128.555 Y84.268 E43.22910
G1 X121.378 Y77.091 E43.72187
G1 X121.378 Y77.642 E43.74860
G1 X128.555 Y84.819 E44.24136
G1 X128.555 Y85.369 E44.26809
G1 X121.378 Y78.192 E44.76085
G1 X121.378 Y78.743 E44.78758
G1 X128.555 Y85.920 E45.28033
G1 X128.555 Y86.470 E45.30706
G1 X121.378 Y79.293 E45.79981
G1 X121.378 Y79.844 E45.82654
G1 X128.555 Y87.021 E46.31929
G1 X128.555 Y87.571 E46.34602
G1 X121.379 Y80.395 E46.83876
G1 X121.379 Y80.945 E46.86549
G1 X128.555 Y88.122 E47.35823
G1 X128.555 Y88.672 E47.38496
G1 X121.379 Y81.496 E47.87770
G1 X121.379 Y82.046 E47.90442
G1 X128.555 Y89.223 E48.39716
G1 X128.555 Y89.773 E48.42389
G1 X121.379 Y82.597 E48.91662
G1 X121.379 Y83.147 E48.94335
G1 X128.555 Y90.323 E49.43607
G1 X128.555 Y90.874 E49.46280
G1 X121.379 Y83.698 E49.95552
G1 X121.379 Y84.248 E49.98225
G1 X128.555 Y91.424 E50.47497
G1 X128.555 Y91.975 E50.50170
G1 X121.379 Y84.799 E50.99442
G1 X121.379 Y85.349 E51.02115
G1 X128.555 Y92.525 E51.51386
G1 X128.555 Y93.076 E51.54059
G1 X121.379 Y85.900 E52.03329
G1 X121.379 Y86.451 E52.06002
G1 X128.555 Y93.626 E52.55273
G1 X128.555 Y94.177 E52.57946
G1 X121.379 Y87.001 E53.07216
G1 X121.379 Y87.552 E53.09889
G1 X128.555 Y94.727 E53.59159
G1 X128.555 Y95.278 E53.61831
G1 X121.379 Y88.102 E54.11101
G1 X121.379 Y88.653 E54.13774
G1 X128.555 Y95.828 E54.63043
G1 X128.555 Y96.379 E54.65716
G1 X121.379 Y89.203 E55.14984
G1 X121.379 Y89.754 E55.17657
G1 X128.555 Y96.929 E55.66926
G1 X128.555 Y97.480 E55.69598
G1 X121.379 Y90.304 E56.18866
G1 X121.380 Y90.855 E56.21539
G1 X128.555 Y98.030 E56.70807
G1 X128.555 Y98.581 E56.73480
G1 X121.380 Y91.405 E57.22747
G1 X121.380 Y91.956 E57.25420
G1 X128.555 Y99.131 E57.74687
G1 X128.555 Y99.682 E57.77360
G1 X121.380 Y92.507 E58.26626
G1 X121.380 Y93.057 E58.29299
G1 X128.555 Y100.232 E58.78566
G1 X128.555 Y100.783 E58.81238
G1 X121.380 Y93.608 E59.30504
G1 X121.380 Y94.158 E59.33177
G1 X128.555 Y101.333 E59.82443
G1 X128.555 Y101.884 E59.85115
G1 X121.380 Y94.709 E60.34381
G1 X121.380 Y95.259 E60.37054
G1 X128.555 Y102.434 E60.86318
G1 X128.555 Y102.985 E60.88991
G1 X121.380 Y95.810 E61.38256
G1 X121.380 Y96.360 E61.40929
G1 X128.555 Y103.535 E61.90193
G1 X128.555 Y104.086 E61.92865
G1 X121.380 Y96.911 E62.42129
G1 X121.380 Y97.461 E62.44802
G1 X128.555 Y104.636 E62.94065
G1 X128.555 Y105.187 E62.96738
G1 X121.380 Y98.012 E63.46001
G1 X121.380 Y98.563 E63.48674
G1 X128.555 Y105.737 E63.97937
G1 X128.555 Y106.177 E64.00070
G1 X128.503 Y106.236 E64.00452
G1 X121.380 Y99.113 E64.49356
G1 X121.380 Y99.664 E64.52029
G1 X128.244 Y106.527 E64.99156
G1 X127.985 Y106.819 E65.01049
G1 X121.380 Y100.214 E65.46400
G1 X121.380 Y100.765 E65.49073
G1 X127.727 Y107.111 E65.92647
G1 X127.468 Y107.403 E65.94540
G1 X121.381 Y101.315 E66.36337
G1 X121.381 Y101.866 E66.39010
G1 X127.323 Y107.808 E66.79808
G1 X127.323 Y108.358 E66.82481
G1 X121.381 Y102.416 E67.23278
G1 X121.381 Y102.967 E67.25951
G1 X127.323 Y108.909 E67.66749
G1 X127.323 Y109.459 E67.69421
G1 X121.381 Y103.517 E68.10218
G1 X121.381 Y104.068 E68.12891
G1 X127.323 Y110.010 E68.53688
G1 X127.323 Y110.560 E68.56361
G1 X121.381 Y104.619 E68.97157
G1 X121.381 Y105.169 E68.99830
G1 X127.723 Y111.511 E69.43374
G1 X126.650 Y113.741 F7800.000
G1 F1200.000
G1 X122.779 Y109.870 E69.69953
G1 X122.652 Y110.243 E69.71867
G1 X122.652 Y110.293 E69.72111
G1 X125.568 Y113.209 E69.92132
G1 X124.755 Y112.947 E69.96280
G1 X122.575 Y110.767 E70.11244
G1 X122.435 Y111.178 E70.13351
G1 X124.069 Y112.812 E70.24567
G1 X123.810 Y113.103 E70.26460
G1 X122.219 Y111.512 E70.37383
G1 X122.079 Y111.923 E70.39489
G1 X123.551 Y113.395 E70.49596
G1 X123.293 Y113.687 E70.51489
G1 X121.940 Y112.334 E70.60780
G1 X121.818 Y112.690 E70.62608
G1 X121.763 Y112.708 E70.62889
G1 X123.034 Y113.979 E70.71614
G1 X122.775 Y114.270 E70.73507
G1 X121.347 Y112.842 E70.83313
G1 X120.931 Y112.977 E70.85436
G1 X122.517 Y114.562 E70.96323
G1 X122.258 Y114.854 E70.98217
G1 X120.515 Y113.111 E71.10185
G1 X120.099 Y113.245 E71.12308
G1 X121.999 Y115.146 E71.25357
G1 X121.823 Y115.345 E71.26650
G1 X121.823 Y115.520 E71.27498
G1 X120.032 Y113.729 E71.39793
G1 X120.032 Y114.279 E71.42466
G1 X121.823 Y116.070 E71.54762
G1 X121.823 Y116.621 E71.57435
G1 X119.858 Y114.656 E71.70921
G1 X119.988 Y115.215 F7800.000
;TYPE:Internal infill
;WIDTH:0.45
G1 F4800.000
G1 X119.646 Y114.746 E71.73713
G1 X119.646 Y113.391 E71.80226
G1 X119.379 Y113.478 E71.81575
G1 X118.785 Y115.723 E71.92747
G1 X120.101 Y115.371 E71.99299
G1 X121.463 Y117.241 E72.10427
G1 E70.10427 F2400.000
G92 E0
G1 X129.547 Y118.664 F7800.000
G1 E2.00000 F2400.000
G1 F4800.000
G1 X127.933 Y118.664 E2.07766
G1 X128.158 Y118.003 E2.11128
G1 X131.215 Y117.184 E2.26348
G1 X131.215 Y118.347 E2.31945
G1 X129.515 Y116.647 E2.43508
G1 X130.291 Y116.082 E2.48126
G1 X130.291 Y114.728 E2.54636
G1 X130.079 Y114.968 F7800.000
;TYPE:Solid infill
;WIDTH:0.45364
G1 F1200.000
G1 X122.185 Y107.075 E3.08831
G1 X122.470 Y107.909 E3.13113
G1 X129.905 Y115.345 E3.64164
G1 X129.900 Y115.890 E3.66810
G1 X122.754 Y108.744 E4.15873
G1 X122.958 Y109.343 E4.18945
G1 X122.918 Y109.459 E4.19540
G1 X129.581 Y116.122 E4.65285
G1 X129.262 Y116.354 E4.67198
G1 X127.646 Y114.737 E4.78296
G1 X127.930 Y115.572 E4.82577
G1 X128.944 Y116.586 E4.89536
G1 X128.625 Y116.817 E4.91449
G1 X127.937 Y116.129 E4.96177
G1 X129.720 Y113.508 F7800.000
G1 F1200.000
G1 X130.079 Y113.867 E4.98640
G1 X130.079 Y114.417 F7800.000
G1 F1200.000
G1 X121.207 Y105.546 E5.59551
G1 X120.995 Y103.236 F7800.000
;TYPE:Internal infill
;WIDTH:0.45
G1 F4800.000
G1 X120.995 Y105.550 E5.70679
G1 X120.689 Y105.632 E5.72203
G1 X118.785 Y105.017 E5.81825
G1 X118.785 Y101.351 E5.99457
G1 X120.995 Y100.759 E6.10458
G1 X120.995 Y101.583 E6.14422
G1 X118.785 Y99.374 E6.29450
G1 X118.785 Y97.814 E6.36953
G1 X120.994 Y89.572 E6.77990
G1 X120.994 Y88.494 E6.83178
G1 X118.785 Y86.285 E6.98199
G1 X118.785 Y86.979 E7.01535
G1 X120.993 Y86.388 E7.12530
G1 X120.993 Y84.074 E7.23658
G1 X118.785 Y84.502 F7800.000
G1 F4800.000
G1 X118.785 Y82.189 E7.34786
G1 X120.993 Y81.597 E7.45778
G1 X120.993 Y81.949 E7.47471
G1 X118.785 Y79.741 E7.62487
G1 X118.785 Y79.935 E7.63419
G1 X120.992 Y71.700 E8.04425
G1 X120.992 Y72.016 E8.05946
G1 X118.785 Y72.607 E8.16934
G1 X118.785 Y73.197 E8.19771
G1 X120.992 Y75.404 E8.34783
G1 X120.993 Y76.806 E8.41528
G1 X118.785 Y77.398 E8.52518
G1 X118.785 Y75.084 E8.63646
G1 X121.823 Y67.196 F7800.000
G1 F4800.000
G1 X121.823 Y68.601 E8.70403
G1 X121.421 Y70.100 E8.77870
G1 X121.763 Y69.631 E8.80664
G1 X118.785 Y66.653 E9.00920
G1 X118.785 Y67.816 E9.06516
G1 X121.823 Y67.003 E9.21638
G1 X121.823 Y66.336 E9.24847
G1 X120.176 Y66.336 E9.32767
G1 X118.785 Y94.247 F7800.000
G1 F4800.000
G1 X118.785 Y96.561 E9.43895
G1 X120.994 Y95.969 E9.54894
G1 X120.994 Y95.038 E9.59368
G1 X118.785 Y92.830 E9.74392
G1 X118.785 Y91.770 E9.79489
G1 X120.994 Y91.178 E9.90486
G1 X120.994 Y93.492 E10.01614
G1 X128.941 Y91.526 F7800.000
G1 F4800.000
G1 X128.941 Y93.839 E10.12742
G1 X131.215 Y93.230 E10.24065
G1 X131.215 Y92.170 E10.29162
G1 X128.941 Y89.897 E10.44628
G1 X128.941 Y89.049 E10.48706
G1 X131.215 Y88.439 E10.60028
G1 X131.215 Y90.753 E10.71156
G1 X131.215 Y81.335 F7800.000
G1 F4800.000
G1 X131.215 Y83.649 E10.82284
G1 X128.941 Y84.258 E10.93607
G1 X128.941 Y83.352 E10.97963
G1 X131.215 Y85.626 E11.13430
G1 X131.215 Y87.186 E11.20932
G1 X128.941 Y95.672 E11.63187
G1 X128.941 Y96.441 E11.66883
G1 X131.215 Y98.715 E11.82350
G1 X131.215 Y98.021 E11.85687
G1 X128.941 Y98.630 E11.97009
G1 X128.941 Y100.944 E12.08137
G1 X131.215 Y100.498 F7800.000
G1 F4800.000
G1 X131.215 Y102.811 E12.19265
G1 X128.941 Y103.421 E12.30587
G1 X128.941 Y102.985 E12.32684
G1 X131.215 Y105.259 E12.48151
G1 X131.215 Y105.479 E12.49208
G1 X129.628 Y104.966 E12.57225
G1 X129.345 Y105.286 E12.59279
;LAYER_CHANGE
;Z:4.82
;HEIGHT:0.3
G1 Z4.820 F7800.000
G1 X122.112 Y66.512
;TYPE:Perimeter
G1 F3600.000
G1 X122.112 Y69.845 E12.75311
G1 X124.219 Y72.222 E12.90589
G1 X127.091 Y71.295 E13.05104
G1 X128.152 Y68.179 E13.20938
G1 X127.529 Y66.346 E13.30247
G1 X131.504 Y66.346 E13.49367
G1 X131.504 Y105.576 E15.38047
G1 X129.719 Y105.000 E15.47066
G1 X127.612 Y107.377 E15.62344
G1 X127.612 Y110.710 E15.78376
G1 X129.719 Y113.087 E15.93654
G1 X131.504 Y112.511 E16.02673
G1 X131.504 Y118.654 E16.32219
G1 X127.529 Y118.654 E16.51339
G1 X128.152 Y116.821 E16.60648
G1 X127.091 Y113.705 E16.76482
G1 X124.219 Y112.778 E16.90997
G1 X122.112 Y115.155 E17.06276
G1 X122.112 Y118.488 E17.22307
G1 X122.259 Y118.654 E17.23371
G1 X118.496 Y118.654 E17.41467
G1 X118.496 Y112.835 E17.69451
G1 X118.719 Y113.087 E17.71067
G1 X121.591 Y112.160 E17.85583
G1 X122.652 Y109.043 E18.01417
G1 X121.591 Y105.927 E18.17250
G1 X118.719 Y105.000 E18.31766
G1 X118.496 Y105.251 E18.33382
G1 X118.496 Y66.346 E20.20501
G1 X122.259 Y66.346 E20.38596
G1 X122.152 Y66.467 E20.39372
G1 X122.497 Y66.658 F7800.000
G1 F3600.000
G1 X122.497 Y69.699 E20.53996
G1 X124.341 Y71.778 E20.67358
G1 X126.789 Y70.987 E20.79731
G1 X127.745 Y68.179 E20.94002
G1 X127.111 Y66.316 E21.03468
G1 X127.111 Y65.961 E21.05174
G1 X131.889 Y65.961 E21.28158
G1 X131.889 Y106.105 E23.21241
G1 X129.841 Y105.444 E23.31595
G1 X127.997 Y107.523 E23.44958
G1 X127.997 Y110.564 E23.59582
G1 X129.841 Y112.642 E23.72944
G1 X131.889 Y111.981 E23.83299
G1 X131.889 Y119.039 E24.17247
G1 X127.111 Y119.039 E24.40231
G1 X127.111 Y118.685 E24.41937
G1 X127.745 Y116.821 E24.51404
G1 X126.789 Y114.013 E24.65675
G1 X124.341 Y113.222 E24.78047
G1 X122.497 Y115.301 E24.91410
G1 X122.497 Y118.342 E25.06034
G1 X122.889 Y118.784 E25.08876
G1 X122.889 Y119.039 E25.10105
G1 X118.111 Y119.039 E25.33089
G1 X118.111 Y111.819 E25.67815
G1 X118.841 Y112.642 E25.73107
G1 X121.289 Y111.852 E25.85479
G1 X122.245 Y109.043 E25.99751
G1 X121.289 Y106.234 E26.14022
G1 X118.841 Y105.444 E26.26394
G1 X118.111 Y106.267 E26.31686
G1 X118.111 Y65.961 E28.25547
G1 X122.889 Y65.961 E28.48531
G1 X122.889 Y66.216 E28.49759
G1 X122.537 Y66.613 E28.52313
G1 X122.883 Y66.805 F7800.000
;TYPE:External perimeter
G1 F1800.000
G1 X122.883 Y69.553 E28.65529
G1 X124.462 Y71.333 E28.76976
G1 X126.486 Y70.680 E28.87205
G1 X127.338 Y68.179 E28.99914
G1 X126.725 Y66.379 E29.09056
G1 X126.725 Y65.575 E29.12924
G1 X132.275 Y65.575 E29.39618
G1 X132.275 Y106.697 E31.37399
G1 X132.039 Y106.697 E31.38535
G1 X131.986 Y106.542 E31.39323
G1 X129.962 Y105.889 E31.49552
G1 X128.383 Y107.669 E31.60999
G1 X128.383 Y110.417 E31.74216
G1 X129.962 Y112.198 E31.85662
G1 X131.986 Y111.545 E31.95891
G1 X132.039 Y111.390 E31.96679
G1 X132.275 Y111.390 E31.97816
G1 X132.275 Y119.425 E32.36463
G1 X126.725 Y119.425 E32.63156
G1 X126.725 Y118.621 E32.67024
G1 X127.338 Y116.821 E32.76166
G1 X126.486 Y114.320 E32.88875
G1 X124.462 Y113.667 E32.99104
G1 X122.883 Y115.447 E33.10551
G1 X122.883 Y118.195 E33.23768
G1 X123.275 Y118.637 E33.26610
G1 X123.275 Y119.425 E33.30396
G1 X117.725 Y119.425 E33.57090
G1 X117.725 Y111.390 E33.95737
G1 X118.245 Y111.390 E33.98239
G1 X118.962 Y112.198 E34.03435
G1 X120.986 Y111.545 E34.13664
G1 X121.838 Y109.043 E34.26373
G1 X120.986 Y106.542 E34.39082
G1 X118.962 Y105.889 E34.49312
G1 X118.245 Y106.697 E34.54508
G1 X117.725 Y106.697 E34.57010
G1 X117.725 Y65.575 E36.54791
G1 X123.275 Y65.575 E36.81485
G1 X123.275 Y66.363 E36.85271
G1 X122.923 Y66.760 E36.87825
G1 X122.518 Y66.968 F7800.000
G1 X121.996 Y68.356
;TYPE:Solid infill
;WIDTH:0.452624
G1 F1200.000
G1 X120.470 Y69.883 E36.98279
G1 X120.728 Y70.174 E37.00162
G1 X121.823 Y69.079 E37.07660
G1 X121.823 Y69.628 E37.10319
G1 X120.986 Y70.465 E37.16050
G1 X121.244 Y70.756 E37.17934
G1 X121.927 Y70.073 E37.22612
G1 X122.185 Y70.364 E37.24495
G1 X121.378 Y71.171 E37.30023
G1 X121.378 Y71.720 E37.32681
G1 X122.443 Y70.655 E37.39976
G1 X122.701 Y70.946 E37.41859
G1 X121.378 Y72.269 E37.50920
G1 X121.378 Y72.818 E37.53579
G1 X122.959 Y71.237 E37.64406
G1 X123.217 Y71.528 E37.66290
G1 X121.378 Y73.367 E37.78884
G1 X121.378 Y73.916 E37.81543
G1 X123.475 Y71.819 E37.95904
G1 X123.733 Y72.110 E37.97788
G1 X121.378 Y74.465 E38.13916
G1 X121.378 Y75.014 E38.16574
G1 X123.991 Y72.401 E38.34469
G1 X124.128 Y72.555 E38.35469
G1 X124.508 Y72.433 E38.37403
G1 X121.378 Y75.563 E38.58839
G1 X121.378 Y76.112 E38.61498
G1 X125.319 Y72.171 E38.88486
G1 X126.130 Y71.909 E38.92611
G1 X121.378 Y76.661 E39.25151
G1 X121.378 Y77.210 E39.27809
G1 X129.653 Y68.935 E39.84479
G1 X129.905 Y69.119 E39.85988
G1 X129.905 Y69.232 E39.86538
G1 X121.378 Y77.759 E40.44930
G1 X121.378 Y78.308 E40.47589
G1 X129.905 Y69.781 E41.05981
G1 X129.905 Y70.330 E41.08640
G1 X121.378 Y78.857 E41.67032
G1 X121.378 Y79.406 E41.69690
G1 X129.905 Y70.879 E42.28082
G1 X129.905 Y71.428 E42.30740
G1 X129.229 Y72.105 E42.35372
G1 X130.291 Y71.614 F7800.000
;TYPE:Internal infill
;WIDTH:0.45
G1 F4800.000
G1 X131.215 Y72.538 E42.41656
G1 X131.215 Y74.067 E42.49013
G1 X128.941 Y74.677 E42.60335
G1 X128.941 Y72.420 E42.71187
G1 X128.995 Y72.403 E42.71463
G1 X128.729 Y72.605 F7800.000
;TYPE:Solid infill
;WIDTH:0.452624
G1 F1200.000
G1 X121.379 Y79.955 E43.21798
G1 X121.379 Y80.504 E43.24456
G1 X128.555 Y73.327 E43.73602
G1 X128.555 Y73.876 E43.76261
G1 X121.379 Y81.053 E44.25406
G1 X121.379 Y81.602 E44.28065
G1 X128.555 Y74.426 E44.77210
G1 X128.555 Y74.975 E44.79869
G1 X121.379 Y82.151 E45.29013
G1 X121.379 Y82.700 E45.31672
G1 X128.555 Y75.524 E45.80816
G1 X128.555 Y76.073 E45.83475
G1 X121.379 Y83.249 E46.32619
G1 X121.379 Y83.798 E46.35278
G1 X128.555 Y76.622 E46.84421
G1 X128.555 Y77.171 E46.87080
G1 X121.379 Y84.347 E47.36223
G1 X121.379 Y84.896 E47.38882
G1 X128.555 Y77.720 E47.88025
G1 X128.555 Y78.269 E47.90684
G1 X121.379 Y85.445 E48.39826
G1 X121.379 Y85.994 E48.42485
G1 X128.555 Y78.818 E48.91627
G1 X128.555 Y79.367 E48.94286
G1 X121.379 Y86.543 E49.43428
G1 X121.379 Y87.092 E49.46086
G1 X128.555 Y79.916 E49.95228
G1 X128.555 Y80.465 E49.97886
G1 X121.379 Y87.641 E50.47027
G1 X121.379 Y88.190 E50.49686
G1 X128.555 Y81.014 E50.98827
G1 X128.555 Y81.563 E51.01486
G1 X121.379 Y88.739 E51.50626
G1 X121.379 Y89.288 E51.53285
G1 X128.555 Y82.112 E52.02425
G1 X128.555 Y82.661 E52.05083
G1 X121.379 Y89.837 E52.54223
G1 X121.379 Y90.386 E52.56882
G1 X128.555 Y83.210 E53.06021
G1 X128.555 Y83.760 E53.08680
G1 X121.380 Y90.935 E53.57819
G1 X121.380 Y91.484 E53.60477
G1 X128.555 Y84.309 E54.09616
G1 X128.555 Y84.858 E54.12275
G1 X121.380 Y92.033 E54.61413
G1 X121.380 Y92.582 E54.64072
G1 X128.555 Y85.407 E55.13210
G1 X128.555 Y85.956 E55.15868
G1 X121.380 Y93.131 E55.65006
G1 X121.380 Y93.680 E55.67665
G1 X128.555 Y86.505 E56.16802
G1 X128.555 Y87.054 E56.19461
G1 X121.380 Y94.229 E56.68597
G1 X121.380 Y94.778 E56.71256
G1 X128.555 Y87.603 E57.20393
G1 X128.555 Y88.152 E57.23051
G1 X121.380 Y95.327 E57.72188
G1 X121.380 Y95.876 E57.74846
G1 X128.555 Y88.701 E58.23982
G1 X128.555 Y89.250 E58.26641
G1 X121.380 Y96.425 E58.75776
G1 X121.380 Y96.974 E58.78435
G1 X128.555 Y89.799 E59.27570
G1 X128.555 Y90.348 E59.30229
G1 X121.380 Y97.523 E59.79363
G1 X121.380 Y98.072 E59.82022
G1 X128.555 Y90.897 E60.31156
G1 X128.555 Y91.446 E60.33815
G1 X121.380 Y98.621 E60.82949
G1 X121.380 Y99.170 E60.85608
G1 X128.555 Y91.995 E61.34741
G1 X128.555 Y92.544 E61.37400
G1 X121.380 Y99.719 E61.86533
G1 X121.380 Y100.268 E61.89192
G1 X128.555 Y93.093 E62.38325
G1 X128.555 Y93.643 E62.40984
G1 X121.380 Y100.817 E62.90116
G1 X121.381 Y101.366 E62.92775
G1 X128.555 Y94.192 E63.41907
G1 X128.555 Y94.741 E63.44566
G1 X121.381 Y101.915 E63.93698
G1 X121.381 Y102.464 E63.96356
G1 X128.555 Y95.290 E64.45488
G1 X128.555 Y95.839 E64.48147
G1 X121.381 Y103.013 E64.97278
G1 X121.381 Y103.562 E64.99936
G1 X128.555 Y96.388 E65.49067
G1 X128.555 Y96.937 E65.51726
G1 X121.381 Y104.111 E66.00857
G1 X121.381 Y104.660 E66.03515
G1 X128.555 Y97.486 E66.52645
G1 X128.555 Y98.035 E66.55304
G1 X121.381 Y105.209 E67.04434
G1 X121.381 Y105.555 E67.06109
G1 X121.535 Y105.605 E67.06890
G1 X128.555 Y98.584 E67.54968
G1 X128.555 Y99.133 E67.57627
G1 X121.862 Y105.826 E68.03459
G1 X122.002 Y106.235 E68.05555
G1 X128.555 Y99.682 E68.50432
G1 X128.555 Y100.231 E68.53091
G1 X122.141 Y106.645 E68.97014
G1 X122.281 Y107.055 E68.99109
G1 X128.555 Y100.780 E69.42076
G1 X128.555 Y101.329 E69.44735
G1 X122.420 Y107.464 E69.86747
G1 X122.560 Y107.874 E69.88842
G1 X128.555 Y101.878 E70.29900
G1 X128.555 Y102.427 E70.32558
G1 X122.699 Y108.283 E70.72660
G1 X122.839 Y108.693 E70.74755
G1 X128.555 Y102.977 E71.13902
G1 X128.555 Y103.526 E71.16561
G1 X122.917 Y109.164 E71.55172
G1 X122.856 Y109.343 E71.56090
G1 X122.958 Y109.643 E71.57625
G1 X122.943 Y109.687 E71.57846
G1 X128.555 Y104.075 E71.96278
G1 X128.555 Y104.624 E71.98936
G1 X122.350 Y110.829 E72.41431
G1 X122.066 Y111.661 E72.45690
G1 X128.555 Y105.173 E72.90125
G1 X128.555 Y105.722 E72.92784
G1 X120.032 Y114.245 E73.51153
G1 X120.032 Y114.620 E73.52968
G1 X120.105 Y114.721 E73.53572
G1 X127.323 Y107.503 E74.02998
G1 X127.323 Y108.052 E74.05657
G1 X120.336 Y115.039 E74.53498
G1 X120.568 Y115.356 E74.55402
G1 X127.323 Y108.602 E75.01659
G1 X127.323 Y109.151 E75.04318
G1 X120.675 Y115.798 E75.49842
G1 X119.988 Y115.215 F7800.000
;TYPE:Internal infill
;WIDTH:0.45
G1 F4800.000
G1 X119.646 Y114.746 E75.52633
G1 X119.646 Y113.323 E75.59477
G1 X119.471 Y113.148 E75.60666
G1 X118.785 Y115.723 E75.73484
G1 X120.101 Y115.371 E75.80036
G1 X121.427 Y117.192 E75.90873
G1 X121.485 Y117.173 E75.91164
G1 X121.369 Y116.751 F7800.000
;TYPE:Solid infill
;WIDTH:0.452624
G1 F1200.000
G1 X121.823 Y116.298 E75.94271
G1 X121.823 Y115.749 E75.96929
G1 X121.262 Y116.309 E76.00769
G1 X121.030 Y115.992 E76.02672
G1 X121.823 Y115.200 E76.08096
G1 X121.823 Y115.045 E76.08845
G1 X124.128 Y112.445 E76.25674
G1 X124.468 Y112.554 E76.27403
G1 X127.323 Y109.700 E76.46952
G1 X127.323 Y110.249 E76.49611
G1 X124.883 Y112.688 E76.66317
G1 X125.298 Y112.822 E76.68429
G1 X127.323 Y110.798 E76.82294
G1 X127.323 Y111.347 E76.84952
G1 X125.713 Y112.956 E76.95974
G1 X126.128 Y113.090 E76.98086
G1 X127.546 Y111.672 E77.07798
G1 X127.804 Y111.963 E77.09681
G1 X126.543 Y113.224 E77.18318
G1 X126.958 Y113.358 E77.20430
G1 X128.062 Y112.254 E77.27991
G1 X128.320 Y112.545 E77.29875
G1 X127.337 Y113.529 E77.36612
G1 X127.476 Y113.938 E77.38707
G1 X128.579 Y112.836 E77.46256
G1 X128.618 Y112.881 E77.46543
G1 X128.970 Y112.994 E77.48333
G1 X127.616 Y114.348 E77.57605
G1 X127.755 Y114.758 E77.59700
G1 X129.377 Y113.136 E77.70804
G1 X129.628 Y113.420 E77.72640
G1 X129.648 Y113.413 E77.72743
G1 X127.895 Y115.167 E77.84753
G1 X128.034 Y115.577 E77.86848
G1 X129.905 Y113.706 E77.99661
G1 X129.905 Y114.255 E78.02320
G1 X128.174 Y115.986 E78.14177
G1 X128.313 Y116.396 E78.16272
G1 X129.905 Y114.804 E78.27174
G1 X129.905 Y115.353 E78.29833
G1 X128.191 Y117.067 E78.41572
G1 X129.896 Y118.364 F7800.000
;TYPE:Internal infill
;WIDTH:0.45
G1 F4800.000
G1 X127.933 Y118.364 E78.51015
G1 X128.045 Y118.033 E78.52700
G1 X131.215 Y117.184 E78.68480
G1 X131.215 Y118.347 E78.74076
G1 X129.515 Y116.647 E78.85640
G1 X130.291 Y116.082 E78.90257
G1 X130.291 Y114.728 E78.96768
G1 E76.96768 F2400.000
G92 E0
G1 X129.117 Y105.243 F7800.000
G1 E2.00000 F2400.000
G1 F4800.000
G1 X129.628 Y104.666 E2.03709
G1 X131.096 Y105.140 E2.11128
G1 X128.941 Y102.985 E2.25789
G1 X128.941 Y103.421 E2.27886
G1 X131.215 Y102.811 E2.39208
G1 X131.215 Y100.498 E2.50336
G1 X128.941 Y100.944 F7800.000
G1 F4800.000
G1 X128.941 Y98.630 E2.61465
G1 X131.215 Y98.021 E2.72787
G1 X131.215 Y98.715 E2.76123
G1 X128.941 Y96.441 E2.91590
G1 X128.941 Y95.672 E2.95286
G1 X131.215 Y87.186 E3.37541
G1 X131.215 Y85.626 E3.45044
G1 X128.941 Y83.352 E3.60510
G1 X128.941 Y84.258 E3.64867
G1 X131.215 Y83.649 E3.76189
G1 X131.215 Y81.335 E3.87317
G1 X128.941 Y76.808 F7800.000
G1 F4800.000
G1 X131.215 Y79.082 E4.02784
G1 X131.215 Y78.858 E4.03860
G1 X128.941 Y79.467 E4.15183
G1 X128.941 Y77.793 E4.23235
G1 X131.215 Y69.277 E4.65631
G1 X130.291 Y69.524 E4.70231
G1 X130.291 Y68.923 E4.73125
G1 X128.908 Y67.913 E4.81359
G1 X128.826 Y68.115 F7800.000
;TYPE:Solid infill
;WIDTH:0.452624
G1 F1200.000
G1 X128.301 Y68.640 E4.84954
G1 X128.017 Y69.473 E4.89213
G1 X129.019 Y68.471 E4.96072
G1 X129.336 Y68.703 E4.97975
G1 X127.456 Y70.583 E5.10852
G1 E3.10852 F2400.000
G92 E0
G1 X119.876 Y66.636 F7800.000
G1 E2.00000 F2400.000
;TYPE:Internal infill
;WIDTH:0.45
G1 F4800.000
G1 X121.823 Y66.636 E2.09363
G1 X121.823 Y67.003 E2.11128
G1 X118.785 Y67.816 E2.26251
G1 X118.785 Y66.653 E2.31847
G1 X120.797 Y68.665 E2.45532
G1 X119.929 Y69.854 E2.52614
G1 X120.487 Y70.483 E2.56660
G1 X118.785 Y75.084 F7800.000
G1 F4800.000
G1 X118.785 Y77.398 E2.67788
G1 X120.993 Y76.806 E2.78778
G1 X120.992 Y75.404 E2.85523
G1 X118.785 Y73.197 E3.00534
G1 X118.785 Y72.607 E3.03372
G1 X120.992 Y72.016 E3.14360
G1 X120.992 Y71.700 E3.15881
G1 X118.785 Y79.935 E3.56887
G1 X118.785 Y79.741 E3.57819
G1 X120.993 Y81.949 E3.72835
G1 X120.993 Y81.597 E3.74527
G1 X118.785 Y82.189 E3.85519
G1 X118.785 Y84.502 E3.96648
G1 X120.993 Y84.074 F7800.000
G1 F4800.000
G1 X120.993 Y86.388 E4.07776
G1 X118.785 Y86.979 E4.18770
G1 X118.785 Y86.285 E4.22107
G1 X120.994 Y88.494 E4.37127
G1 X120.994 Y89.572 E4.42315
G1 X118.785 Y97.814 E4.83353
G1 X118.785 Y99.374 E4.90855
G1 X120.995 Y101.583 E5.05884
G1 X120.995 Y100.759 E5.09847
G1 X118.785 Y101.351 E5.20849
G1 X118.785 Y103.665 E5.31977
G1 X118.785 Y94.247 F7800.000
G1 F4800.000
G1 X118.785 Y96.561 E5.43105
G1 X120.994 Y95.969 E5.54104
G1 X120.994 Y95.038 E5.58578
G1 X118.785 Y92.830 E5.73602
G1 X118.785 Y91.770 E5.78699
G1 X120.994 Y91.178 E5.89696
G1 X120.994 Y93.492 E6.00824
G1 X128.941 Y91.526 F7800.000
G1 F4800.000
G1 X128.941 Y93.839 E6.11953
G1 X131.215 Y93.230 E6.23275
G1 X131.215 Y92.170 E6.28372
G1 X128.941 Y89.897 E6.43839
G1 X128.941 Y89.049 E6.47916
G1 X131.215 Y88.439 E6.59238
G1 X131.215 Y90.753 E6.70366
G1 E4.70366 F2400.000
G92 E0
G1 X119.858 Y113.321 F7800.000
G1 E2.00000 F2400.000
;TYPE:Solid infill
;WIDTH:0.452624
G1 F1200.000
G1 X120.298 Y112.881 E2.03011
G1 X121.109 Y112.619 E2.07136
G1 X119.858 Y113.870 E2.15699
M106 S216.75
;LAYER_CHANGE
;Z:5.12
;HEIGHT:0.3
G1 Z5.120 F7800.000
G1 E0.15699 F2400.000
G92 E0
G1 X122.259 Y66.646 F7800.000
G1 E2.00000 F2400.000
;TYPE:Perimeter
;WIDTH:0.45
G1 F3600.000
G1 X122.112 Y66.812 E2.01064
G1 X122.112 Y70.145 E2.17096
G1 X124.219 Y72.522 E2.32374
G1 X127.091 Y71.595 E2.46890
G1 X128.152 Y68.479 E2.62723
G1 X127.529 Y66.646 E2.72033
G1 X131.504 Y66.646 E2.91152
G1 X131.504 Y105.276 E4.76946
G1 X129.719 Y104.700 E4.85966
G1 X127.612 Y107.077 E5.01244
G1 X127.612 Y110.410 E5.17276
G1 X129.719 Y112.787 E5.32554
G1 X131.504 Y112.211 E5.41573
G1 X131.504 Y118.354 E5.71119
G1 X127.529 Y118.354 E5.90238
G1 X128.152 Y116.521 E5.99547
G1 X127.091 Y113.405 E6.15381
G1 X124.219 Y112.478 E6.29897
G1 X122.112 Y114.855 E6.45175
G1 X122.112 Y118.188 E6.61207
G1 X122.259 Y118.354 E6.62271
G1 X118.496 Y118.354 E6.80367
G1 X118.496 Y112.535 E7.08351
G1 X118.719 Y112.787 E7.09967
G1 X121.591 Y111.860 E7.24482
G1 X122.652 Y108.743 E7.40316
G1 X121.591 Y105.627 E7.56150
G1 X118.719 Y104.700 E7.70666
G1 X118.496 Y104.951 E7.72282
G1 X118.496 Y66.646 E9.56515
G1 X122.199 Y66.646 E9.74322
G1 X122.497 Y66.958 F7800.000
G1 F3600.000
G1 X122.497 Y69.999 E9.88946
G1 X124.341 Y72.078 E10.02308
G1 X126.789 Y71.287 E10.14681
G1 X127.745 Y68.479 E10.28952
G1 X127.111 Y66.616 E10.38418
G1 X127.111 Y66.261 E10.40124
G1 X131.889 Y66.261 E10.63108
G1 X131.889 Y105.805 E12.53305
G1 X129.841 Y105.144 E12.63660
G1 X127.997 Y107.223 E12.77022
G1 X127.997 Y110.264 E12.91646
G1 X129.841 Y112.342 E13.05009
G1 X131.889 Y111.681 E13.15363
G1 X131.889 Y118.739 E13.49311
G1 X127.111 Y118.739 E13.72296
G1 X127.111 Y118.385 E13.74001
G1 X127.745 Y116.521 E13.83468
G1 X126.789 Y113.713 E13.97739
G1 X124.341 Y112.922 E14.10112
G1 X122.497 Y115.001 E14.23474
G1 X122.497 Y118.042 E14.38098
G1 X122.889 Y118.484 E14.40940
G1 X122.889 Y118.739 E14.42169
G1 X118.111 Y118.739 E14.65153
G1 X118.111 Y111.519 E14.99879
G1 X118.841 Y112.342 E15.05171
G1 X121.289 Y111.552 E15.17543
G1 X122.245 Y108.743 E15.31815
G1 X121.289 Y105.934 E15.46086
G1 X118.841 Y105.144 E15.58459
G1 X118.111 Y105.967 E15.63750
G1 X118.111 Y66.261 E17.54725
G1 X122.889 Y66.261 E17.77709
G1 X122.889 Y66.516 E17.78938
G1 X122.537 Y66.913 E17.81491
G1 X122.883 Y67.105 F7800.000
;TYPE:External perimeter
G1 F1800.000
G1 X122.883 Y69.853 E17.94708
G1 X124.462 Y71.633 E18.06154
G1 X126.486 Y70.980 E18.16384
G1 X127.338 Y68.479 E18.29093
G1 X126.725 Y66.679 E18.38234
G1 X126.725 Y65.875 E18.42102
G1 X132.275 Y65.875 E18.68796
G1 X132.275 Y106.397 E20.63691
G1 X132.039 Y106.397 E20.64828
G1 X131.986 Y106.242 E20.65616
G1 X129.962 Y105.589 E20.75845
G1 X128.383 Y107.369 E20.87291
G1 X128.383 Y110.117 E21.00508
G1 X129.962 Y111.898 E21.11955
G1 X131.986 Y111.245 E21.22184
G1 X132.039 Y111.090 E21.22972
G1 X132.275 Y111.090 E21.24108
G1 X132.275 Y119.125 E21.62755
G1 X126.725 Y119.125 E21.89449
G1 X126.725 Y118.321 E21.93316
G1 X127.338 Y116.521 E22.02458
G1 X126.486 Y114.020 E22.15167
G1 X124.462 Y113.367 E22.25397
G1 X122.883 Y115.147 E22.36844
G1 X122.883 Y117.895 E22.50060
G1 X123.275 Y118.337 E22.52902
G1 X123.275 Y119.125 E22.56689
G1 X117.725 Y119.125 E22.83383
G1 X117.725 Y111.090 E23.22029
G1 X118.245 Y111.090 E23.24531
G1 X118.962 Y111.898 E23.29727
G1 X120.986 Y111.245 E23.39957
G1 X121.838 Y108.743 E23.52666
G1 X120.986 Y106.242 E23.65375
G1 X118.962 Y105.589 E23.75604
G1 X118.245 Y106.397 E23.80800
G1 X117.725 Y106.397 E23.83302
G1 X117.725 Y65.875 E25.78198
G1 X123.275 Y65.875 E26.04891
G1 X123.275 Y66.663 E26.08678
G1 X122.923 Y67.060 E26.11232
G1 X122.518 Y67.268 F7800.000
G1 X121.823 Y69.690
;TYPE:Internal infill
G1 F4800.000
G1 X119.068 Y66.936 E26.29966
G1 X118.785 Y66.936 E26.31326
G1 X118.785 Y67.816 E26.35563
G1 X121.823 Y67.003 E26.50685
G1 X121.823 Y68.601 E26.58370
G1 X118.785 Y79.935 E27.14808
G1 X118.785 Y79.741 E27.15739
G1 X131.215 Y92.170 E28.00281
G1 X131.215 Y93.230 E28.05378
G1 X118.785 Y96.561 E28.67266
G1 X118.785 Y94.247 E28.78395
G1 X118.785 Y103.665 F7800.000
G1 F4800.000
G1 X118.785 Y101.351 E28.89523
G1 X131.215 Y98.021 E29.51411
G1 X131.215 Y98.715 E29.54748
G1 X118.785 Y86.285 E30.39289
G1 X118.785 Y86.979 E30.42626
G1 X131.215 Y83.649 E31.04514
G1 X131.215 Y81.335 E31.15642
G1 X131.215 Y90.753 F7800.000
G1 F4800.000
G1 X131.215 Y88.439 E31.26771
G1 X118.785 Y91.770 E31.88659
G1 X118.785 Y92.830 E31.93756
G1 X130.653 Y104.697 E32.74479
G1 X131.215 Y104.879 E32.77316
G1 X131.215 Y102.811 E32.87258
G1 X121.705 Y105.360 E33.34610
G1 X121.566 Y105.315 E33.35310
G1 X131.215 Y69.277 E35.14745
G1 X127.882 Y70.170 E35.31339
G1 X128.127 Y69.450 E35.34994
G1 X131.215 Y72.538 E35.55995
G1 X131.215 Y74.067 E35.63352
G1 X118.785 Y77.398 E36.25240
G1 X118.785 Y75.084 E36.36369
G1 X124.595 Y72.705 F7800.000
G1 F4800.000
G1 X124.128 Y72.855 E36.38726
G1 X122.925 Y71.498 E36.47451
G1 X118.785 Y72.607 E36.68061
G1 X118.785 Y73.197 E36.70899
G1 X131.215 Y85.626 E37.55440
G1 X131.215 Y87.186 E37.62942
G1 X124.495 Y112.263 E38.87809
G1 X125.433 Y112.566 E38.92551
G1 X122.616 Y109.748 E39.11716
G1 X122.556 Y109.922 E39.12600
G1 X127.323 Y108.645 E39.36331
G1 X127.323 Y107.911 E39.39862
G1 X118.785 Y99.374 E39.97931
G1 X118.785 Y97.814 E40.05433
G1 X125.600 Y72.380 E41.32076
G1 X124.778 Y72.646 E41.36232
G1 X131.215 Y79.082 E41.80012
G1 X131.215 Y78.858 E41.81089
G1 X118.785 Y82.189 E42.42978
G1 X118.785 Y84.502 E42.54106
G1 X128.345 Y116.189 F7800.000
G1 F4800.000
G1 X128.458 Y116.521 E42.55793
G1 X127.933 Y118.063 E42.63625
G1 X131.215 Y117.184 E42.79964
G1 X131.215 Y118.064 E42.84201
G1 X130.932 Y118.064 E42.85560
G1 X127.977 Y115.110 E43.05657
G1 X128.283 Y116.007 E43.10215
G1 X129.189 Y112.625 E43.27056
G1 X129.412 Y112.876 E43.28671
G1 X127.400 Y113.415 E43.38688
G1 X127.318 Y113.174 E43.39910
G1 X125.617 Y112.625 E43.48509
G1 X123.248 Y113.137 F7800.000
G1 F4800.000
G1 X121.823 Y114.745 E43.58846
G1 X121.823 Y114.909 E43.59637
G1 X118.785 Y115.723 E43.74759
G1 X119.555 Y112.821 E43.89202
G1 X119.244 Y112.921 E43.90772
G1 X121.823 Y115.499 E44.08309
G1 X121.823 Y117.813 E44.19437
;LAYER_CHANGE
;Z:5.42
;HEIGHT:0.3
G1 Z5.420 F7800.000
G1 X122.259 Y66.946
;TYPE:Perimeter
G1 F3600.000
G1 X122.112 Y67.112 E44.20501
G1 X122.112 Y70.445 E44.36533
G1 X124.219 Y72.822 E44.51811
G1 X127.091 Y71.895 E44.66326
G1 X128.152 Y68.779 E44.82160
G1 X127.529 Y66.946 E44.91469
G1 X131.504 Y66.946 E45.10589
G1 X131.504 Y104.976 E46.93497
G1 X129.719 Y104.400 E47.02516
G1 X127.612 Y106.777 E47.17794
G1 X127.612 Y110.110 E47.33827
G1 X129.719 Y112.487 E47.49105
G1 X131.504 Y111.911 E47.58124
G1 X131.504 Y118.054 E47.87669
G1 X127.529 Y118.054 E48.06789
G1 X128.152 Y116.221 E48.16098
G1 X127.091 Y113.105 E48.31932
G1 X124.219 Y112.178 E48.46447
G1 X122.112 Y114.555 E48.61726
G1 X122.112 Y117.888 E48.77758
G1 X122.259 Y118.054 E48.78822
G1 X118.496 Y118.054 E48.96917
G1 X118.496 Y112.235 E49.24901
G1 X118.719 Y112.487 E49.26518
G1 X121.591 Y111.560 E49.41033
G1 X122.652 Y108.443 E49.56867
G1 X121.591 Y105.327 E49.72701
G1 X118.719 Y104.400 E49.87216
G1 X118.496 Y104.651 E49.88832
G1 X118.496 Y66.946 E51.70180
G1 X122.199 Y66.946 E51.87986
G1 X122.497 Y67.258 F7800.000
G1 F3600.000
G1 X122.497 Y70.299 E52.02610
G1 X124.341 Y72.378 E52.15973
G1 X126.789 Y71.587 E52.28345
G1 X127.745 Y68.779 E52.42617
G1 X127.111 Y66.916 E52.52083
G1 X127.111 Y66.561 E52.53789
G1 X131.889 Y66.561 E52.76773
G1 X131.889 Y105.505 E54.64084
G1 X129.841 Y104.844 E54.74438
G1 X127.997 Y106.923 E54.87801
G1 X127.997 Y109.964 E55.02425
G1 X129.841 Y112.042 E55.15787
G1 X131.889 Y111.381 E55.26142
G1 X131.889 Y118.439 E55.60090
G1 X127.111 Y118.439 E55.83074
G1 X127.111 Y118.085 E55.84780
G1 X127.745 Y116.221 E55.94247
G1 X126.789 Y113.413 E56.08518
G1 X124.341 Y112.622 E56.20890
G1 X122.497 Y114.701 E56.34253
G1 X122.497 Y117.742 E56.48877
G1 X122.889 Y118.184 E56.51719
G1 X122.889 Y118.439 E56.52947
G1 X118.111 Y118.439 E56.75932
G1 X118.111 Y111.219 E57.10658
G1 X118.841 Y112.042 E57.15950
G1 X121.289 Y111.252 E57.28322
G1 X122.245 Y108.443 E57.42594
G1 X121.289 Y105.634 E57.56865
G1 X118.841 Y104.844 E57.69237
G1 X118.111 Y105.667 E57.74529
G1 X118.111 Y66.561 E59.62618
G1 X122.889 Y66.561 E59.85602
G1 X122.889 Y66.816 E59.86831
G1 X122.537 Y67.213 E59.89384
G1 X122.883 Y67.405 F7800.000
;TYPE:External perimeter
G1 F1800.000
G1 X122.883 Y70.153 E60.02601
G1 X124.462 Y71.933 E60.14047
G1 X126.486 Y71.280 E60.24277
G1 X127.338 Y68.779 E60.36986
G1 X126.725 Y66.979 E60.46127
G1 X126.725 Y66.175 E60.49995
G1 X132.275 Y66.175 E60.76689
G1 X132.275 Y106.097 E62.68699
G1 X132.039 Y106.097 E62.69835
G1 X131.986 Y105.942 E62.70623
G1 X129.962 Y105.289 E62.80852
G1 X128.383 Y107.069 E62.92299
G1 X128.383 Y109.817 E63.05515
G1 X129.962 Y111.598 E63.16962
G1 X131.986 Y110.945 E63.27191
G1 X132.039 Y110.790 E63.27979
G1 X132.275 Y110.790 E63.29115
G1 X132.275 Y118.825 E63.67762
G1 X126.725 Y118.825 E63.94456
G1 X126.725 Y118.021 E63.98324
G1 X127.338 Y116.221 E64.07466
G1 X126.486 Y113.720 E64.20175
G1 X124.462 Y113.067 E64.30404
G1 X122.883 Y114.847 E64.41851
G1 X122.883 Y117.595 E64.55067
G1 X123.275 Y118.037 E64.57909
G1 X123.275 Y118.825 E64.61696
G1 X117.725 Y118.825 E64.88390
G1 X117.725 Y110.790 E65.27037
G1 X118.245 Y110.790 E65.29538
G1 X118.962 Y111.598 E65.34735
G1 X120.986 Y110.945 E65.44964
G1 X121.838 Y108.443 E65.57673
G1 X120.986 Y105.942 E65.70382
G1 X118.962 Y105.289 E65.80611
G1 X118.245 Y106.097 E65.85808
G1 X117.725 Y106.097 E65.88309
G1 X117.725 Y66.175 E67.80319
G1 X123.275 Y66.175 E68.07013
G1 X123.275 Y66.963 E68.10800
G1 X122.923 Y67.360 E68.13353
G1 X122.518 Y67.568 F7800.000
G1 X121.823 Y69.690
;TYPE:Internal infill
G1 F4800.000
G1 X119.368 Y67.236 E68.30047
G1 X118.785 Y67.236 E68.32850
G1 X118.785 Y67.816 E68.35643
G1 X120.953 Y67.236 E68.46437
G1 X121.823 Y67.236 E68.50618
G1 X121.823 Y68.601 E68.57183
G1 X118.785 Y79.935 E69.13621
G1 X118.785 Y79.741 E69.14553
G1 X131.215 Y92.170 E69.99094
G1 X131.215 Y93.230 E70.04191
G1 X118.785 Y96.561 E70.66080
G1 X118.785 Y94.247 E70.77208
G1 X118.785 Y103.665 F7800.000
G1 F4800.000
G1 X118.785 Y101.351 E70.88336
G1 X131.215 Y98.021 E71.50224
G1 X131.215 Y98.715 E71.53561
G1 X118.785 Y86.285 E72.38102
G1 X118.785 Y86.979 E72.41439
G1 X131.215 Y83.649 E73.03327
G1 X131.215 Y81.335 E73.14456
G1 X131.215 Y90.753 F7800.000
G1 F4800.000
G1 X131.215 Y88.439 E73.25584
G1 X118.785 Y91.770 E73.87472
G1 X118.785 Y92.830 E73.92569
G1 X130.210 Y104.254 E74.70279
G1 X131.215 Y104.579 E74.75355
G1 X131.215 Y102.811 E74.83854
G1 X121.891 Y105.310 E75.30279
G1 X121.818 Y105.096 E75.31364
G1 X121.640 Y105.039 E75.32264
G1 X131.215 Y69.277 E77.10324
G1 X127.994 Y70.140 E77.26358
G1 X128.203 Y69.527 E77.29473
G1 X131.215 Y72.538 E77.49955
G1 X131.215 Y74.067 E77.57312
G1 X118.785 Y77.398 E78.19201
G1 X118.785 Y75.084 E78.30329
G1 X124.295 Y73.101 F7800.000
G1 F4800.000
G1 X124.128 Y73.155 E78.31174
G1 X122.710 Y71.556 E78.41457
G1 X118.785 Y72.607 E78.60997
G1 X118.785 Y73.197 E78.63835
G1 X131.215 Y85.626 E79.48376
G1 X131.215 Y87.186 E79.55878
G1 X124.569 Y111.987 E80.79370
G1 X124.990 Y112.123 E80.81499
G1 X122.539 Y109.672 E80.98170
G1 X122.444 Y109.952 E80.99593
G1 X127.323 Y108.645 E81.23885
G1 X127.323 Y107.911 E81.27416
G1 X118.785 Y99.374 E81.85484
G1 X118.785 Y97.814 E81.92986
G1 X125.512 Y72.709 E83.17994
G1 X125.005 Y72.872 E83.20560
G1 X131.215 Y79.082 E83.62797
G1 X131.215 Y78.858 E83.63874
G1 X118.785 Y82.189 E84.25762
G1 X118.785 Y84.502 E84.36890
G1 E82.36890 F2400.000
G92 E0
G1 X118.785 Y114.501 F7800.000
G1 E2.00000 F2400.000
G1 F4800.000
G1 X118.785 Y112.769 E2.08330
G1 X119.018 Y112.694 E2.09503
G1 X121.823 Y115.499 E2.28582
G1 X121.823 Y114.909 E2.31419
G1 X118.785 Y115.723 E2.46541
G1 X119.643 Y112.492 E2.62619
G1 X121.818 Y111.790 E2.73612
G1 X121.827 Y111.764 E2.73747
G1 E0.73747 F2400.000
G92 E0
G1 X128.319 Y116.629 F7800.000
G1 E2.00000 F2400.000
G1 F4800.000
G1 X127.933 Y117.764 E2.05769
G1 X129.047 Y117.764 E2.11128
G1 X131.215 Y117.184 E2.21922
G1 X131.215 Y117.764 E2.24716
G1 X130.632 Y117.764 E2.27519
G1 X128.132 Y115.265 E2.44521
G1 X128.328 Y115.839 E2.47438
G1 X129.251 Y112.394 E2.64591
G1 X127.716 Y110.663 E2.75719
G1 X125.635 Y112.331 F7800.000
G1 F4800.000
G1 X127.318 Y112.874 E2.84228
G1 X127.494 Y113.390 E2.86847
G1 X131.215 Y112.393 E3.05374
G1 X131.215 Y114.707 E3.16502
M106 S219.3
;LAYER_CHANGE
;Z:5.72
;HEIGHT:0.3
G1 Z5.720 F7800.000
G1 E1.16502 F2400.000
G92 E0
G1 X122.259 Y67.246 F7800.000
G1 E2.00000 F2400.000
;TYPE:Perimeter
G1 F3600.000
G1 X122.112 Y67.412 E2.01064
G1 X122.112 Y70.745 E2.17096
G1 X124.219 Y73.122 E2.32374
G1 X127.091 Y72.195 E2.46890
G1 X128.152 Y69.079 E2.62723
G1 X127.529 Y67.246 E2.72033
G1 X131.504 Y67.246 E2.91152
G1 X131.504 Y104.676 E4.71175
G1 X129.719 Y104.100 E4.80194
G1 X127.612 Y106.477 E4.95472
G1 X127.612 Y109.810 E5.11504
G1 X129.719 Y112.187 E5.26782
G1 X131.504 Y111.611 E5.35801
G1 X131.504 Y117.754 E5.65347
G1 X127.529 Y117.754 E5.84467
G1 X128.152 Y115.921 E5.93776
G1 X127.091 Y112.805 E6.09610
G1 X124.219 Y111.878 E6.24125
G1 X122.112 Y114.255 E6.39404
G1 X122.112 Y117.588 E6.55435
G1 X122.259 Y117.754 E6.56499
G1 X118.496 Y117.754 E6.74595
G1 X118.496 Y111.935 E7.02579
G1 X118.719 Y112.187 E7.04195
G1 X121.591 Y111.260 E7.18711
G1 X122.652 Y108.143 E7.34545
G1 X121.591 Y105.027 E7.50379
G1 X118.719 Y104.100 E7.64894
G1 X118.496 Y104.351 E7.66510
G1 X118.496 Y67.246 E9.44971
G1 X122.199 Y67.246 E9.62778
G1 X122.497 Y67.558 F7800.000
G1 F3600.000
G1 X122.497 Y70.599 E9.77402
G1 X124.341 Y72.678 E9.90765
G1 X126.789 Y71.887 E10.03137
G1 X127.745 Y69.079 E10.17408
G1 X127.111 Y67.216 E10.26875
G1 X127.111 Y66.861 E10.28581
G1 X131.889 Y66.861 E10.51565
G1 X131.889 Y105.205 E12.35990
G1 X129.841 Y104.544 E12.46345
G1 X127.997 Y106.623 E12.59707
G1 X127.997 Y109.664 E12.74331
G1 X129.841 Y111.742 E12.87693
G1 X131.889 Y111.081 E12.98048
G1 X131.889 Y118.139 E13.31996
G1 X127.111 Y118.139 E13.54980
G1 X127.111 Y117.785 E13.56686
G1 X127.745 Y115.921 E13.66153
G1 X126.789 Y113.113 E13.80424
G1 X124.341 Y112.322 E13.92797
G1 X122.497 Y114.401 E14.06159
G1 X122.497 Y117.442 E14.20783
G1 X122.889 Y117.884 E14.23625
G1 X122.889 Y118.139 E14.24854
G1 X118.111 Y118.139 E14.47838
G1 X118.111 Y110.919 E14.82564
G1 X118.841 Y111.742 E14.87856
G1 X121.289 Y110.952 E15.00228
G1 X122.245 Y108.143 E15.14500
G1 X121.289 Y105.334 E15.28771
G1 X118.841 Y104.544 E15.41143
G1 X118.111 Y105.367 E15.46435
G1 X118.111 Y66.861 E17.31639
G1 X122.889 Y66.861 E17.54623
G1 X122.889 Y67.116 E17.55851
G1 X122.537 Y67.513 E17.58405
G1 X122.883 Y67.705 F7800.000
;TYPE:External perimeter
G1 F1800.000
G1 X122.883 Y70.453 E17.71621
G1 X124.462 Y72.233 E17.83068
G1 X126.486 Y71.580 E17.93297
G1 X127.338 Y69.079 E18.06006
G1 X126.725 Y67.279 E18.15148
G1 X126.725 Y66.475 E18.19016
G1 X132.275 Y66.475 E18.45709
G1 X132.275 Y105.797 E20.34833
G1 X132.039 Y105.797 E20.35970
G1 X131.986 Y105.642 E20.36757
G1 X129.962 Y104.989 E20.46987
G1 X128.383 Y106.769 E20.58433
G1 X128.383 Y109.517 E20.71650
G1 X129.962 Y111.298 E20.83096
G1 X131.986 Y110.645 E20.93326
G1 X132.039 Y110.490 E20.94113
G1 X132.275 Y110.490 E20.95250
G1 X132.275 Y118.525 E21.33897
G1 X126.725 Y118.525 E21.60590
G1 X126.725 Y117.721 E21.64458
G1 X127.338 Y115.921 E21.73600
G1 X126.486 Y113.420 E21.86309
G1 X124.462 Y112.767 E21.96539
G1 X122.883 Y114.547 E22.07986
G1 X122.883 Y117.295 E22.21202
G1 X123.275 Y117.737 E22.24044
G1 X123.275 Y118.525 E22.27831
G1 X117.725 Y118.525 E22.54524
G1 X117.725 Y110.490 E22.93171
G1 X118.245 Y110.490 E22.95673
G1 X118.962 Y111.298 E23.00869
G1 X120.986 Y110.645 E23.11099
G1 X121.838 Y108.143 E23.23808
G1 X120.986 Y105.642 E23.36517
G1 X118.962 Y104.989 E23.46746
G1 X118.245 Y105.797 E23.51942
G1 X117.725 Y105.797 E23.54444
G1 X117.725 Y66.475 E25.43568
G1 X123.275 Y66.475 E25.70261
G1 X123.275 Y67.263 E25.74048
G1 X122.923 Y67.660 E25.76602
G1 X122.518 Y67.868 F7800.000
G1 X121.823 Y69.690
;TYPE:Internal infill
G1 F4800.000
G1 X119.668 Y67.536 E25.91255
G1 X119.834 Y67.536 E25.92051
G1 X118.785 Y67.816 E25.97270
G1 X118.785 Y70.130 E26.08398
G1 X120.574 Y67.536 F7800.000
G1 F4800.000
G1 X121.823 Y67.536 E26.14404
G1 X121.823 Y68.601 E26.19526
G1 X118.785 Y79.935 E26.75964
G1 X118.785 Y79.741 E26.76895
G1 X131.215 Y92.170 E27.61437
G1 X131.215 Y93.230 E27.66534
G1 X118.785 Y96.561 E28.28422
G1 X118.785 Y94.247 E28.39551
G1 X118.785 Y103.665 F7800.000
G1 F4800.000
G1 X118.785 Y101.351 E28.50679
G1 X131.215 Y98.021 E29.12567
G1 X131.215 Y98.715 E29.15904
G1 X118.785 Y86.285 E30.00445
G1 X118.785 Y86.979 E30.03782
G1 X131.215 Y83.649 E30.65670
G1 X131.215 Y81.335 E30.76798
G1 X131.215 Y90.753 F7800.000
G1 F4800.000
G1 X131.215 Y88.439 E30.87927
G1 X118.785 Y91.770 E31.49815
G1 X118.785 Y92.830 E31.54912
G1 X129.767 Y103.811 E32.29609
G1 X131.215 Y104.279 E32.36924
G1 X131.215 Y102.811 E32.43980
G1 X121.985 Y105.285 E32.89939
G1 X121.818 Y104.796 E32.92421
G1 X121.714 Y104.763 E32.92946
G1 X131.215 Y69.277 E34.69632
G1 X128.107 Y70.109 E34.85106
G1 X128.279 Y69.603 E34.87680
G1 X131.215 Y72.538 E35.07644
G1 X131.215 Y74.067 E35.15001
G1 X118.785 Y77.398 E35.76890
G1 X118.785 Y75.084 E35.88018
G1 X124.030 Y73.344 F7800.000
G1 F4800.000
G1 X122.495 Y71.613 E35.99146
G1 X118.785 Y72.607 E36.17616
G1 X118.785 Y73.197 E36.20454
G1 X131.215 Y85.626 E37.04995
G1 X131.215 Y87.186 E37.12497
G1 X124.643 Y111.711 E38.34614
G1 X124.547 Y111.680 E38.35098
G1 X122.463 Y109.596 E38.49274
G1 X122.332 Y109.982 E38.51238
G1 X127.323 Y108.645 E38.76089
G1 X127.323 Y107.911 E38.79620
G1 X118.785 Y99.374 E39.37688
G1 X118.785 Y97.814 E39.45190
G1 X125.424 Y73.037 E40.68563
G1 X125.232 Y73.099 E40.69538
G1 X131.215 Y79.082 E41.10232
G1 X131.215 Y78.858 E41.11309
G1 X118.785 Y82.189 E41.73198
G1 X118.785 Y84.502 E41.84326
G1 X127.777 Y110.433 F7800.000
G1 F4800.000
G1 X129.312 Y112.164 E41.95454
G1 X128.373 Y115.671 E42.12917
G1 X128.287 Y115.420 E42.14195
G1 X130.332 Y117.464 E42.28103
G1 X130.166 Y117.464 E42.28899
G1 X131.215 Y117.184 E42.34118
G1 X131.215 Y112.393 E42.57159
G1 X127.587 Y113.365 E42.75220
G1 X127.318 Y112.574 E42.79236
G1 X125.911 Y112.120 E42.86348
G1 X121.857 Y111.376 F7800.000
G1 F4800.000
G1 X121.818 Y111.490 E42.86928
G1 X119.731 Y112.164 E42.97477
G1 X118.785 Y115.723 E43.15189
G1 X121.823 Y114.909 E43.30312
G1 X121.823 Y115.499 E43.33148
G1 X118.791 Y112.467 E43.53770
G1 X118.785 Y114.501 E43.63551
;LAYER_CHANGE
;Z:6.02
;HEIGHT:0.3
G1 Z6.020 F7800.000
G1 E41.63551 F2400.000
G92 E0
G1 X122.259 Y67.546 F7800.000
G1 E2.00000 F2400.000
;TYPE:Perimeter
G1 F3600.000
G1 X122.112 Y67.712 E2.01064
G1 X122.112 Y71.045 E2.17096
G1 X124.219 Y73.422 E2.32374
G1 X127.091 Y72.495 E2.46890
G1 X128.152 Y69.379 E2.62723
G1 X127.529 Y67.546 E2.72033
G1 X131.504 Y67.546 E2.91152
G1 X131.504 Y104.376 E4.68289
G1 X129.719 Y103.800 E4.77308
G1 X127.612 Y106.177 E4.92586
G1 X127.612 Y109.510 E5.08618
G1 X129.719 Y111.887 E5.23896
G1 X131.504 Y111.311 E5.32916
G1 X131.504 Y117.454 E5.62461
G1 X127.529 Y117.454 E5.81581
G1 X128.152 Y115.621 E5.90890
G1 X127.091 Y112.505 E6.06724
G1 X124.219 Y111.578 E6.21239
G1 X122.112 Y113.955 E6.36518
G1 X122.112 Y117.288 E6.52549
G1 X122.259 Y117.454 E6.53614
G1 X118.496 Y117.454 E6.71709
G1 X118.496 Y111.635 E6.99694
G1 X118.719 Y111.887 E7.01310
G1 X121.591 Y110.960 E7.15825
G1 X122.652 Y107.843 E7.31659
G1 X121.591 Y104.727 E7.47493
G1 X118.719 Y103.800 E7.62008
G1 X118.496 Y104.051 E7.63625
G1 X118.496 Y67.546 E9.39200
G1 X122.199 Y67.546 E9.57007
G1 X122.497 Y67.858 F7800.000
G1 F3600.000
G1 X122.497 Y70.899 E9.71631
G1 X124.341 Y72.978 E9.84994
G1 X126.789 Y72.187 E9.97366
G1 X127.745 Y69.379 E10.11637
G1 X127.111 Y67.516 E10.21103
G1 X127.111 Y67.161 E10.22809
G1 X131.889 Y67.161 E10.45794
G1 X131.889 Y104.905 E12.27333
G1 X129.841 Y104.244 E12.37687
G1 X127.997 Y106.323 E12.51050
G1 X127.997 Y109.364 E12.65674
G1 X129.841 Y111.442 E12.79036
G1 X131.889 Y110.781 E12.89391
G1 X131.889 Y117.839 E13.23339
G1 X127.111 Y117.839 E13.46323
G1 X127.111 Y117.485 E13.48029
G1 X127.745 Y115.621 E13.57496
G1 X126.789 Y112.813 E13.71767
G1 X124.341 Y112.022 E13.84139
G1 X122.497 Y114.101 E13.97502
G1 X122.497 Y117.142 E14.12126
G1 X122.889 Y117.584 E14.14968
G1 X122.889 Y117.839 E14.16196
G1 X118.111 Y117.839 E14.39181
G1 X118.111 Y110.619 E14.73907
G1 X118.841 Y111.442 E14.79199
G1 X121.289 Y110.652 E14.91571
G1 X122.245 Y107.843 E15.05843
G1 X121.289 Y105.034 E15.20114
G1 X118.841 Y104.244 E15.32486
G1 X118.111 Y105.067 E15.37778
G1 X118.111 Y67.161 E17.20096
G1 X122.889 Y67.161 E17.43080
G1 X122.889 Y67.416 E17.44308
G1 X122.537 Y67.813 E17.46862
G1 X122.883 Y68.005 F7800.000
;TYPE:External perimeter
G1 F1800.000
G1 X122.883 Y70.753 E17.60078
G1 X124.462 Y72.533 E17.71525
G1 X126.486 Y71.880 E17.81754
G1 X127.338 Y69.379 E17.94463
G1 X126.725 Y67.579 E18.03605
G1 X126.725 Y66.775 E18.07473
G1 X132.275 Y66.775 E18.34166
G1 X132.275 Y105.497 E20.20404
G1 X132.039 Y105.497 E20.21541
G1 X131.986 Y105.342 E20.22329
G1 X129.962 Y104.689 E20.32558
G1 X128.383 Y106.469 E20.44004
G1 X128.383 Y109.217 E20.57221
G1 X129.962 Y110.998 E20.68668
G1 X131.986 Y110.345 E20.78897
G1 X132.039 Y110.190 E20.79685
G1 X132.275 Y110.190 E20.80821
G1 X132.275 Y118.225 E21.19468
G1 X126.725 Y118.225 E21.46162
G1 X126.725 Y117.421 E21.50029
G1 X127.338 Y115.621 E21.59171
G1 X126.486 Y113.120 E21.71880
G1 X124.462 Y112.467 E21.82110
G1 X122.883 Y114.247 E21.93557
G1 X122.883 Y116.995 E22.06773
G1 X123.275 Y117.437 E22.09615
G1 X123.275 Y118.225 E22.13402
G1 X117.725 Y118.225 E22.40096
G1 X117.725 Y110.190 E22.78742
G1 X118.245 Y110.190 E22.81244
G1 X118.962 Y110.998 E22.86440
G1 X120.986 Y110.345 E22.96670
G1 X121.838 Y107.843 E23.09379
G1 X120.986 Y105.342 E23.22088
G1 X118.962 Y104.689 E23.32317
G1 X118.245 Y105.497 E23.37513
G1 X117.725 Y105.497 E23.40015
G1 X117.725 Y66.775 E25.26253
G1 X123.275 Y66.775 E25.52947
G1 X123.275 Y67.563 E25.56734
G1 X122.923 Y67.960 E25.59287
G1 X122.518 Y68.168 F7800.000
G1 X121.823 Y69.690
;TYPE:Internal infill
G1 F4800.000
G1 X119.968 Y67.836 E25.71900
G1 X121.823 Y67.836 E25.80819
G1 X121.823 Y68.601 E25.84497
G1 X118.785 Y79.935 E26.40935
G1 X118.785 Y79.741 E26.41867
G1 X131.215 Y92.170 E27.26408
G1 X131.215 Y93.230 E27.31505
G1 X118.785 Y96.561 E27.93394
G1 X118.785 Y94.247 E28.04522
G1 X118.926 Y103.563 F7800.000
G1 F4800.000
G1 X118.785 Y103.517 E28.05232
G1 X118.785 Y101.351 E28.15650
G1 X131.215 Y98.021 E28.77539
G1 X131.215 Y98.715 E28.80875
G1 X118.785 Y86.285 E29.65417
G1 X118.785 Y86.979 E29.68753
G1 X131.215 Y83.649 E30.30642
G1 X131.215 Y81.335 E30.41770
G1 X131.215 Y90.753 F7800.000
G1 F4800.000
G1 X131.215 Y88.439 E30.52898
G1 X118.785 Y91.770 E31.14787
G1 X118.785 Y92.830 E31.19884
G1 X129.531 Y103.576 E31.92977
G1 X131.215 Y100.498 F7800.000
G1 F4800.000
G1 X131.215 Y102.811 E32.04105
G1 X122.078 Y105.260 E32.49598
G1 X121.818 Y104.496 E32.53477
G1 X121.788 Y104.486 E32.53628
G1 X131.215 Y69.277 E34.28939
G1 X128.219 Y70.079 E34.43853
G1 X128.356 Y69.679 E34.45887
G1 X131.215 Y72.538 E34.65333
G1 X131.215 Y74.067 E34.72690
G1 X118.785 Y77.398 E35.34578
G1 X118.785 Y75.084 E35.45707
G1 X123.815 Y73.402 F7800.000
G1 F4800.000
G1 X122.280 Y71.671 E35.56835
G1 X118.785 Y72.607 E35.74235
G1 X118.785 Y73.197 E35.77072
G1 X131.215 Y85.626 E36.61613
G1 X131.215 Y87.186 E36.69116
G1 X124.717 Y111.435 E37.89858
G1 X124.121 Y111.253 E37.92857
G1 X122.387 Y109.520 E38.04648
G1 X122.219 Y110.012 E38.07152
G1 X127.323 Y108.645 E38.32563
G1 X127.323 Y107.911 E38.36094
G1 X118.785 Y99.374 E38.94162
G1 X118.785 Y97.814 E39.01664
G1 X125.336 Y73.365 E40.23402
G1 X125.458 Y73.326 E40.24019
G1 X131.215 Y79.082 E40.63171
G1 X131.215 Y78.858 E40.64248
G1 X118.785 Y82.189 E41.26136
G1 X118.785 Y84.502 E41.37264
G1 E39.37264 F2400.000
G92 E0
G1 X118.785 Y114.501 F7800.000
G1 E2.00000 F2400.000
G1 F4800.000
G1 X118.785 Y112.462 E2.09807
G1 X121.823 Y115.499 E2.30464
G1 X121.823 Y114.909 E2.33301
G1 X118.785 Y115.723 E2.48423
G1 X119.819 Y111.836 E2.67771
G1 X121.818 Y111.190 E2.77875
G1 X121.887 Y110.989 E2.78900
G1 X126.187 Y111.909 F7800.000
G1 F4800.000
G1 X127.318 Y112.274 E2.84615
G1 X127.681 Y113.340 E2.90028
G1 X131.215 Y112.393 E3.07623
G1 X131.215 Y111.803 E3.10460
G1 X131.143 Y111.731 E3.10949
G1 X129.628 Y112.220 E3.18603
G1 X129.374 Y111.933 E3.20445
G1 X128.418 Y115.503 E3.38219
G1 X128.442 Y115.575 E3.38582
G1 X130.032 Y117.164 E3.49396
G1 X127.973 Y117.164 E3.59300
G1 X128.120 Y116.613 E3.62047
G1 X128.412 Y115.757 E3.66395
;LAYER_CHANGE
;Z:6.32
;HEIGHT:0.3
G1 Z6.320 F7800.000
G1 X122.259 Y67.846
;TYPE:Perimeter
G1 F3600.000
G1 X122.112 Y68.012 E3.67459
G1 X122.112 Y71.345 E3.83491
G1 X124.219 Y73.722 E3.98769
G1 X127.091 Y72.795 E4.13284
G1 X128.152 Y69.679 E4.29118
G1 X127.529 Y67.846 E4.38427
G1 X131.504 Y67.846 E4.57547
G1 X131.504 Y104.076 E6.31798
G1 X129.719 Y103.500 E6.40817
G1 X127.612 Y105.877 E6.56095
G1 X127.612 Y109.210 E6.72127
G1 X129.719 Y111.587 E6.87405
G1 X131.504 Y111.011 E6.96425
G1 X131.504 Y117.154 E7.25970
G1 X127.529 Y117.154 E7.45090
G1 X128.152 Y115.321 E7.54399
G1 X127.091 Y112.205 E7.70233
G1 X124.219 Y111.278 E7.84748
G1 X122.112 Y113.655 E8.00027
G1 X122.112 Y116.988 E8.16058
G1 X122.259 Y117.154 E8.17123
G1 X118.496 Y117.154 E8.35218
G1 X118.496 Y111.335 E8.63202
G1 X118.719 Y111.587 E8.64819
G1 X121.591 Y110.660 E8.79334
G1 X122.652 Y107.543 E8.95168
G1 X121.591 Y104.427 E9.11002
G1 X118.719 Y103.500 E9.25517
G1 X118.496 Y103.751 E9.27133
G1 X118.496 Y67.846 E10.99823
G1 X122.199 Y67.846 E11.17630
G1 X122.497 Y68.158 F7800.000
G1 F3600.000
G1 X122.497 Y71.199 E11.32254
G1 X124.341 Y73.278 E11.45617
G1 X126.789 Y72.487 E11.57989
G1 X127.745 Y69.679 E11.72260
G1 X127.111 Y67.816 E11.81726
G1 X127.111 Y67.461 E11.83432
G1 X131.889 Y67.461 E12.06417
G1 X131.889 Y104.605 E13.85070
G1 X129.841 Y103.944 E13.95425
G1 X127.997 Y106.023 E14.08787
G1 X127.997 Y109.064 E14.23411
G1 X129.841 Y111.142 E14.36774
G1 X131.889 Y110.481 E14.47129
G1 X131.889 Y117.539 E14.81076
G1 X127.111 Y117.539 E15.04061
G1 X127.111 Y117.185 E15.05767
G1 X127.745 Y115.321 E15.15233
G1 X126.789 Y112.513 E15.29504
G1 X124.341 Y111.722 E15.41877
G1 X122.497 Y113.801 E15.55240
G1 X122.497 Y116.842 E15.69863
G1 X122.889 Y117.284 E15.72706
G1 X122.889 Y117.539 E15.73934
G1 X118.111 Y117.539 E15.96918
G1 X118.111 Y110.319 E16.31644
G1 X118.841 Y111.142 E16.36936
G1 X121.289 Y110.352 E16.49308
G1 X122.245 Y107.543 E16.63580
G1 X121.289 Y104.734 E16.77851
G1 X118.841 Y103.944 E16.90224
G1 X118.111 Y104.767 E16.95515
G1 X118.111 Y67.461 E18.74947
G1 X122.889 Y67.461 E18.97931
G1 X122.889 Y67.716 E18.99160
G1 X122.537 Y68.113 E19.01713
G1 X122.883 Y68.305 F7800.000
;TYPE:External perimeter
G1 F1800.000
G1 X122.883 Y71.053 E19.14930
G1 X124.462 Y72.833 E19.26376
G1 X126.486 Y72.180 E19.36606
G1 X127.338 Y69.679 E19.49315
G1 X126.725 Y67.879 E19.58456
G1 X126.725 Y67.075 E19.62324
G1 X132.275 Y67.075 E19.89018
G1 X132.275 Y105.197 E21.72370
G1 X132.039 Y105.197 E21.73507
G1 X131.986 Y105.042 E21.74294
G1 X129.962 Y104.389 E21.84524
G1 X128.383 Y106.169 E21.95970
G1 X128.383 Y108.917 E22.09187
G1 X129.962 Y110.698 E22.20633
G1 X131.986 Y110.045 E22.30863
G1 X132.039 Y109.890 E22.31650
G1 X132.275 Y109.890 E22.32787
G1 X132.275 Y117.925 E22.71434
G1 X126.725 Y117.925 E22.98127
G1 X126.725 Y117.121 E23.01995
G1 X127.338 Y115.321 E23.11137
G1 X126.486 Y112.820 E23.23846
G1 X124.462 Y112.167 E23.34076
G1 X122.883 Y113.947 E23.45523
G1 X122.883 Y116.695 E23.58739
G1 X123.275 Y117.137 E23.61581
G1 X123.275 Y117.925 E23.65368
G1 X117.725 Y117.925 E23.92061
G1 X117.725 Y109.890 E24.30708
G1 X118.245 Y109.890 E24.33210
G1 X118.962 Y110.698 E24.38406
G1 X120.986 Y110.045 E24.48635
G1 X121.838 Y107.543 E24.61345
G1 X120.986 Y105.042 E24.74054
G1 X118.962 Y104.389 E24.84283
G1 X118.245 Y105.197 E24.89479
G1 X117.725 Y105.197 E24.91981
G1 X117.725 Y67.075 E26.75333
G1 X123.275 Y67.075 E27.02027
G1 X123.275 Y67.863 E27.05814
G1 X122.923 Y68.260 E27.08367
G1 X122.518 Y68.468 F7800.000
G1 X121.823 Y69.690
;TYPE:Internal infill
G1 F4800.000
G1 X120.268 Y68.136 E27.18939
G1 X121.823 Y68.136 E27.26415
G1 X121.823 Y68.601 E27.28651
G1 X118.785 Y79.935 E27.85089
G1 X118.785 Y79.741 E27.86020
G1 X131.215 Y92.170 E28.70562
G1 X131.215 Y93.230 E28.75659
G1 X118.785 Y96.561 E29.37547
G1 X118.785 Y94.247 E29.48676
G1 X119.211 Y103.355 F7800.000
G1 F4800.000
G1 X118.785 Y103.217 E29.50829
G1 X118.785 Y101.351 E29.59804
G1 X131.215 Y98.021 E30.21692
G1 X131.215 Y98.715 E30.25029
G1 X118.785 Y86.285 E31.09570
G1 X118.785 Y86.979 E31.12907
G1 X131.215 Y83.649 E31.74795
G1 X131.215 Y81.335 E31.85923
G1 X131.215 Y90.753 F7800.000
G1 F4800.000
G1 X131.215 Y88.439 E31.97052
G1 X118.785 Y91.770 E32.58940
G1 X118.785 Y92.830 E32.64037
G1 X129.390 Y103.435 E33.36171
G1 X129.547 Y103.258 E33.37304
G1 X122.172 Y105.234 E33.74026
G1 X121.845 Y104.275 E33.78902
G1 X131.215 Y69.277 E35.53158
G1 X128.332 Y70.049 E35.67513
G1 X128.432 Y69.755 E35.69007
G1 X131.215 Y72.538 E35.87934
G1 X131.215 Y74.067 E35.95291
G1 X118.785 Y77.398 E36.57180
G1 X118.785 Y75.084 E36.68308
G1 X123.600 Y73.460 F7800.000
G1 F4800.000
G1 X122.065 Y71.728 E36.79436
G1 X118.785 Y72.607 E36.95766
G1 X118.785 Y73.197 E36.98603
G1 X131.215 Y85.626 E37.83144
G1 X131.215 Y87.186 E37.90647
G1 X124.791 Y111.159 E39.10014
G1 X124.128 Y110.945 E39.13364
G1 X123.980 Y111.112 E39.14441
G1 X122.311 Y109.443 E39.25792
G1 X122.107 Y110.043 E39.28836
G1 X127.323 Y108.645 E39.54807
G1 X127.323 Y107.911 E39.58338
G1 X118.785 Y99.374 E40.16406
G1 X118.785 Y97.814 E40.23908
G1 X125.248 Y73.694 E41.44011
G1 X125.685 Y73.553 E41.46219
G1 X131.215 Y79.082 E41.83828
G1 X131.215 Y78.858 E41.84905
G1 X118.785 Y82.189 E42.46793
G1 X118.785 Y84.502 E42.57921
G1 X131.215 Y100.498 F7800.000
G1 F4800.000
G1 X131.215 Y102.811 E42.69050
G1 X129.747 Y103.205 E42.76358
G1 X131.215 Y103.679 E42.83776
G1 X131.215 Y103.004 E42.87018
G1 E40.87018 F2400.000
G92 E0
G1 X128.390 Y115.522 F7800.000
G1 E2.00000 F2400.000
G1 F4800.000
G1 X129.732 Y116.864 E2.09130
G1 X128.053 Y116.864 E2.17205
G1 X129.436 Y111.703 E2.42904
G1 X129.628 Y111.920 E2.44298
G1 X130.916 Y111.504 E2.50807
G1 X131.215 Y111.803 E2.52838
G1 X131.215 Y112.393 E2.55675
G1 X127.775 Y113.315 E2.72804
G1 X127.318 Y111.974 E2.79613
G1 X126.464 Y111.699 E2.83932
G1 X121.917 Y110.601 F7800.000
G1 F4800.000
G1 X121.818 Y110.890 E2.85401
G1 X119.907 Y111.507 E2.95060
G1 X118.785 Y115.723 E3.16044
G1 X121.823 Y114.909 E3.31166
G1 X121.823 Y115.499 E3.34003
G1 X118.785 Y112.462 E3.54660
G1 X118.785 Y114.501 E3.64467
;LAYER_CHANGE
;Z:6.62
;HEIGHT:0.3
G1 Z6.620 F7800.000
G1 E1.64467 F2400.000
G92 E0
G1 X122.259 Y68.146 F7800.000
G1 E2.00000 F2400.000
;TYPE:Perimeter
G1 F3600.000
G1 X122.112 Y68.312 E2.01064
G1 X122.112 Y71.645 E2.17096
G1 X124.219 Y74.022 E2.32374
G1 X127.091 Y73.095 E2.46890
G1 X128.152 Y69.979 E2.62723
G1 X127.529 Y68.146 E2.72033
G1 X131.504 Y68.146 E2.91152
G1 X131.504 Y103.776 E4.62517
G1 X129.719 Y103.200 E4.71537
G1 X127.612 Y105.577 E4.86815
G1 X127.612 Y108.910 E5.02847
G1 X129.719 Y111.287 E5.18125
G1 X131.504 Y110.711 E5.27144
G1 X131.504 Y116.854 E5.56690
G1 X127.529 Y116.854 E5.75809
G1 X128.152 Y115.021 E5.85118
G1 X127.091 Y111.905 E6.00952
G1 X124.219 Y110.978 E6.15468
G1 X122.112 Y113.355 E6.30746
G1 X122.112 Y116.688 E6.46778
G1 X122.259 Y116.854 E6.47842
G1 X118.496 Y116.854 E6.65937
G1 X118.496 Y111.035 E6.93922
G1 X118.719 Y111.287 E6.95538
G1 X121.591 Y110.360 E7.10053
G1 X122.652 Y107.243 E7.25887
G1 X121.591 Y104.127 E7.41721
G1 X118.719 Y103.200 E7.56236
G1 X118.496 Y103.451 E7.57853
G1 X118.496 Y68.146 E9.27657
G1 X122.199 Y68.146 E9.45464
G1 X122.497 Y68.458 F7800.000
G1 F3600.000
G1 X122.497 Y71.499 E9.60088
G1 X124.341 Y73.578 E9.73450
G1 X126.789 Y72.787 E9.85823
G1 X127.745 Y69.979 E10.00094
G1 X127.111 Y68.116 E10.09560
G1 X127.111 Y67.761 E10.11266
G1 X131.889 Y67.761 E10.34250
G1 X131.889 Y104.305 E12.10018
G1 X129.841 Y103.644 E12.20373
G1 X127.997 Y105.723 E12.33735
G1 X127.997 Y108.764 E12.48359
G1 X129.841 Y110.842 E12.61722
G1 X131.889 Y110.181 E12.72076
G1 X131.889 Y117.239 E13.06024
G1 X127.111 Y117.239 E13.29008
G1 X127.111 Y116.885 E13.30714
G1 X127.745 Y115.021 E13.40181
G1 X126.789 Y112.213 E13.54452
G1 X124.341 Y111.422 E13.66825
G1 X122.497 Y113.501 E13.80187
G1 X122.497 Y116.542 E13.94811
G1 X122.889 Y116.984 E13.97653
G1 X122.889 Y117.239 E13.98882
G1 X118.111 Y117.239 E14.21866
G1 X118.111 Y110.019 E14.56592
G1 X118.841 Y110.842 E14.61884
G1 X121.289 Y110.052 E14.74256
G1 X122.245 Y107.243 E14.88528
G1 X121.289 Y104.434 E15.02799
G1 X118.841 Y103.644 E15.15172
G1 X118.111 Y104.467 E15.20463
G1 X118.111 Y67.761 E16.97009
G1 X122.889 Y67.761 E17.19993
G1 X122.889 Y68.016 E17.21222
G1 X122.537 Y68.413 E17.23775
G1 X122.883 Y68.605 F7800.000
;TYPE:External perimeter
G1 F1800.000
G1 X122.883 Y71.353 E17.36992
G1 X124.462 Y73.133 E17.48438
G1 X126.486 Y72.480 E17.58668
G1 X127.338 Y69.979 E17.71377
G1 X126.725 Y68.179 E17.80518
G1 X126.725 Y67.375 E17.84386
G1 X132.275 Y67.375 E18.11080
G1 X132.275 Y104.897 E19.91546
G1 X132.039 Y104.897 E19.92683
G1 X131.986 Y104.742 E19.93471
G1 X129.962 Y104.089 E20.03700
G1 X128.383 Y105.869 E20.15146
G1 X128.383 Y108.617 E20.28363
G1 X129.962 Y110.398 E20.39810
G1 X131.986 Y109.745 E20.50039
G1 X132.039 Y109.590 E20.50826
G1 X132.275 Y109.590 E20.51963
G1 X132.275 Y117.625 E20.90610
G1 X126.725 Y117.625 E21.17304
G1 X126.725 Y116.821 E21.21171
G1 X127.338 Y115.021 E21.30313
G1 X126.486 Y112.520 E21.43022
G1 X124.462 Y111.867 E21.53252
G1 X122.883 Y113.647 E21.64699
G1 X122.883 Y116.395 E21.77915
G1 X123.275 Y116.837 E21.80757
G1 X123.275 Y117.625 E21.84544
G1 X117.725 Y117.625 E22.11238
G1 X117.725 Y109.590 E22.49884
G1 X118.245 Y109.590 E22.52386
G1 X118.962 Y110.398 E22.57582
G1 X120.986 Y109.745 E22.67812
G1 X121.838 Y107.243 E22.80521
G1 X120.986 Y104.742 E22.93230
G1 X118.962 Y104.089 E23.03459
G1 X118.245 Y104.897 E23.08655
G1 X117.725 Y104.897 E23.11157
G1 X117.725 Y67.375 E24.91624
G1 X123.275 Y67.375 E25.18317
G1 X123.275 Y68.163 E25.22104
G1 X122.923 Y68.560 E25.24658
G1 X122.518 Y68.768 F7800.000
G1 X121.823 Y69.690
;TYPE:Internal infill
G1 F4800.000
G1 X120.568 Y68.436 E25.33189
G1 X121.823 Y68.436 E25.39222
G1 X121.823 Y68.601 E25.40015
G1 X118.785 Y79.935 E25.96453
G1 X118.785 Y79.741 E25.97385
G1 X131.215 Y92.170 E26.81926
G1 X131.215 Y93.230 E26.87023
G1 X118.785 Y96.561 E27.48912
G1 X118.785 Y94.247 E27.60040
G1 X118.785 Y84.502 F7800.000
G1 F4800.000
G1 X118.785 Y82.189 E27.71168
G1 X131.215 Y78.858 E28.33057
G1 X131.215 Y79.082 E28.34133
G1 X125.912 Y73.780 E28.70200
G1 X125.160 Y74.022 E28.73999
G1 X118.785 Y97.814 E29.92466
G1 X118.785 Y99.374 E29.99968
G1 X127.323 Y107.911 E30.58037
G1 X127.323 Y108.645 E30.61567
G1 X121.994 Y110.073 E30.88098
G1 X122.235 Y109.367 E30.91682
G1 X123.839 Y110.971 E31.02592
G1 X124.128 Y110.645 E31.04692
G1 X124.865 Y110.882 E31.08416
G1 X131.215 Y87.186 E32.26408
G1 X131.215 Y85.626 E32.33911
G1 X118.785 Y73.197 E33.18452
G1 X118.785 Y72.607 E33.21289
G1 X121.850 Y71.786 E33.36549
G1 X123.385 Y73.517 E33.47677
G1 X118.785 Y75.084 F7800.000
G1 F4800.000
G1 X118.785 Y77.398 E33.58805
G1 X131.215 Y74.067 E34.20693
G1 X131.215 Y72.538 E34.28051
G1 X128.356 Y69.679 E34.47494
G1 X128.458 Y69.979 E34.49015
G1 X128.444 Y70.019 E34.49221
G1 X131.215 Y69.277 E34.63015
G1 X121.890 Y104.107 E36.36436
G1 X122.265 Y105.209 E36.42037
G1 X129.198 Y103.352 E36.76556
G1 X129.249 Y103.294 E36.76931
G1 X118.785 Y92.830 E37.48105
G1 X118.785 Y91.770 E37.53203
G1 X131.215 Y88.439 E38.15091
G1 X131.215 Y90.753 E38.26219
G1 X131.215 Y81.335 F7800.000
G1 F4800.000
G1 X131.215 Y83.649 E38.37347
G1 X118.785 Y86.979 E38.99236
G1 X118.785 Y86.285 E39.02573
G1 X131.215 Y98.715 E39.87114
G1 X131.215 Y98.021 E39.90450
G1 X118.785 Y101.351 E40.52339
G1 X118.785 Y102.917 E40.59871
G1 X119.497 Y103.147 E40.63467
G1 E38.63467 F2400.000
G92 E0
G1 X119.812 Y111.238 F7800.000
G1 E2.00000 F2400.000
G1 F4800.000
G1 X118.785 Y111.569 E2.05186
G1 X118.785 Y112.462 E2.09481
G1 X121.823 Y115.499 E2.30139
G1 X121.823 Y114.909 E2.32975
G1 X118.785 Y115.723 E2.48098
G1 X119.995 Y111.179 E2.70716
G1 X121.818 Y110.590 E2.79930
G1 X121.932 Y110.255 E2.81633
G1 X126.740 Y111.488 F7800.000
G1 F4800.000
G1 X127.318 Y111.674 E2.84555
G1 X127.868 Y113.289 E2.92761
G1 X131.215 Y112.393 E3.09423
G1 X131.215 Y111.803 E3.12261
G1 X130.689 Y111.277 E3.15835
G1 X129.628 Y111.620 E3.21197
G1 X129.498 Y111.473 E3.22143
G1 X128.133 Y116.564 E3.47496
G1 X129.432 Y116.564 E3.53742
G1 X128.313 Y115.446 E3.61349
G1 E1.61349 F2400.000
G92 E0
G1 X131.215 Y103.004 F7800.000
G1 E2.00000 F2400.000
G1 F4800.000
G1 X131.215 Y103.379 E2.01800
G1 X130.255 Y103.069 E2.06651
G1 X131.215 Y102.811 E2.11431
G1 X131.215 Y100.498 E2.22559
;LAYER_CHANGE
;Z:6.92
;HEIGHT:0.3
G1 Z6.920 F7800.000
G1 E0.22559 F2400.000
G92 E0
G1 X122.259 Y68.446 F7800.000
G1 E2.00000 F2400.000
;TYPE:Perimeter
G1 F3600.000
G1 X122.112 Y68.612 E2.01064
G1 X122.112 Y71.945 E2.17096
G1 X124.219 Y74.322 E2.32374
G1 X127.091 Y73.395 E2.46890
G1 X128.152 Y70.279 E2.62723
G1 X127.529 Y68.446 E2.72033
G1 X131.504 Y68.446 E2.91152
G1 X131.504 Y103.476 E4.59631
G1 X129.719 Y102.900 E4.68651
G1 X127.612 Y105.277 E4.83929
G1 X127.612 Y108.610 E4.99961
G1 X129.719 Y110.987 E5.15239
G1 X131.504 Y110.411 E5.24258
G1 X131.504 Y116.554 E5.53804
G1 X127.529 Y116.554 E5.72923
G1 X128.152 Y114.721 E5.82233
G1 X127.091 Y111.605 E5.98066
G1 X124.219 Y110.678 E6.12582
G1 X122.112 Y113.055 E6.27861
G1 X122.112 Y116.388 E6.43892
G1 X122.259 Y116.554 E6.44956
G1 X118.496 Y116.554 E6.63052
G1 X118.496 Y110.735 E6.91036
G1 X118.719 Y110.987 E6.92653
G1 X121.591 Y110.060 E7.07168
G1 X122.652 Y106.943 E7.23002
G1 X121.591 Y103.827 E7.38836
G1 X118.719 Y102.900 E7.53351
G1 X118.496 Y103.151 E7.54967
G1 X118.496 Y68.446 E9.21885
G1 X122.199 Y68.446 E9.39692
G1 X122.497 Y68.758 F7800.000
G1 F3600.000
G1 X122.497 Y71.799 E9.54316
G1 X124.341 Y73.878 E9.67679
G1 X126.789 Y73.087 E9.80051
G1 X127.745 Y70.279 E9.94322
G1 X127.111 Y68.416 E10.03789
G1 X127.111 Y68.061 E10.05495
G1 X131.889 Y68.061 E10.28479
G1 X131.889 Y104.005 E12.01360
G1 X129.841 Y103.344 E12.11715
G1 X127.997 Y105.423 E12.25078
G1 X127.997 Y108.464 E12.39702
G1 X129.841 Y110.542 E12.53064
G1 X131.889 Y109.881 E12.63419
G1 X131.889 Y116.939 E12.97367
G1 X127.111 Y116.939 E13.20351
G1 X127.111 Y116.585 E13.22057
G1 X127.745 Y114.721 E13.31523
G1 X126.789 Y111.913 E13.45795
G1 X124.341 Y111.122 E13.58167
G1 X122.497 Y113.201 E13.71530
G1 X122.497 Y116.242 E13.86154
G1 X122.889 Y116.684 E13.88996
G1 X122.889 Y116.939 E13.90224
G1 X118.111 Y116.939 E14.13209
G1 X118.111 Y109.719 E14.47935
G1 X118.841 Y110.542 E14.53227
G1 X121.289 Y109.752 E14.65599
G1 X122.245 Y106.943 E14.79870
G1 X121.289 Y104.134 E14.94142
G1 X118.841 Y103.344 E15.06514
G1 X118.111 Y104.167 E15.11806
G1 X118.111 Y68.061 E16.85466
G1 X122.889 Y68.061 E17.08450
G1 X122.889 Y68.316 E17.09679
G1 X122.537 Y68.713 E17.12232
G1 X122.883 Y68.905 F7800.000
;TYPE:External perimeter
G1 F1800.000
G1 X122.883 Y71.653 E17.25449
G1 X124.462 Y73.433 E17.36895
G1 X126.486 Y72.780 E17.47125
G1 X127.338 Y70.279 E17.59834
G1 X126.725 Y68.479 E17.68975
G1 X126.725 Y67.675 E17.72843
G1 X132.275 Y67.675 E17.99537
G1 X132.275 Y104.597 E19.77117
G1 X132.039 Y104.597 E19.78254
G1 X131.986 Y104.442 E19.79042
G1 X129.962 Y103.789 E19.89271
G1 X128.383 Y105.569 E20.00717
G1 X128.383 Y108.317 E20.13934
G1 X129.962 Y110.098 E20.25381
G1 X131.986 Y109.445 E20.35610
G1 X132.039 Y109.290 E20.36398
G1 X132.275 Y109.290 E20.37534
G1 X132.275 Y117.325 E20.76181
G1 X126.725 Y117.325 E21.02875
G1 X126.725 Y116.521 E21.06743
G1 X127.338 Y114.721 E21.15884
G1 X126.486 Y112.220 E21.28593
G1 X124.462 Y111.567 E21.38823
G1 X122.883 Y113.347 E21.50270
G1 X122.883 Y116.095 E21.63486
G1 X123.275 Y116.537 E21.66328
G1 X123.275 Y117.325 E21.70115
G1 X117.725 Y117.325 E21.96809
G1 X117.725 Y109.290 E22.35456
G1 X118.245 Y109.290 E22.37957
G1 X118.962 Y110.098 E22.43153
G1 X120.986 Y109.445 E22.53383
G1 X121.838 Y106.943 E22.66092
G1 X120.986 Y104.442 E22.78801
G1 X118.962 Y103.789 E22.89030
G1 X118.245 Y104.597 E22.94227
G1 X117.725 Y104.597 E22.96728
G1 X117.725 Y67.675 E24.74309
G1 X123.275 Y67.675 E25.01003
G1 X123.275 Y68.463 E25.04789
G1 X122.923 Y68.860 E25.07343
G1 X122.518 Y69.068 F7800.000
G1 X121.823 Y69.690
;TYPE:Internal infill
G1 F4800.000
G1 X120.868 Y68.736 E25.13834
G1 X121.786 Y68.736 E25.18250
G1 X118.785 Y79.935 E25.74015
G1 X118.785 Y79.741 E25.74947
G1 X131.215 Y92.170 E26.59488
G1 X131.215 Y93.230 E26.64585
G1 X118.785 Y96.561 E27.26474
G1 X118.785 Y94.247 E27.37602
G1 X118.785 Y84.502 F7800.000
G1 F4800.000
G1 X118.785 Y82.189 E27.48730
G1 X131.215 Y78.858 E28.10618
G1 X131.215 Y79.082 E28.11695
G1 X126.139 Y74.006 E28.46219
G1 X125.072 Y74.351 E28.51609
G1 X118.785 Y97.814 E29.68441
G1 X118.785 Y99.374 E29.75943
G1 X127.323 Y107.911 E30.34012
G1 X127.323 Y108.645 E30.37542
G1 X121.882 Y110.103 E30.64633
G1 X122.158 Y109.291 E30.68757
G1 X123.698 Y110.830 E30.79227
G1 X124.128 Y110.345 E30.82348
G1 X124.939 Y110.606 E30.86446
G1 X131.215 Y87.186 E32.03064
G1 X131.215 Y85.626 E32.10566
G1 X118.785 Y73.197 E32.95107
G1 X118.785 Y72.607 E32.97945
G1 X121.823 Y71.793 E33.13067
G1 X121.823 Y72.055 E33.14326
G1 X123.184 Y73.590 E33.24195
G1 X118.785 Y75.084 F7800.000
G1 F4800.000
G1 X118.785 Y77.398 E33.35324
G1 X131.215 Y74.067 E33.97212
G1 X131.215 Y72.538 E34.04569
G1 X128.201 Y69.524 E34.25066
G1 X128.376 Y70.037 E34.27673
G1 X131.215 Y69.277 E34.41808
G1 X121.935 Y103.939 E36.14392
G1 X122.359 Y105.184 E36.20720
G1 X128.849 Y103.445 E36.53035
G1 X129.108 Y103.153 E36.54917
G1 X118.785 Y92.830 E37.25133
G1 X118.785 Y91.770 E37.30230
G1 X131.215 Y88.439 E37.92118
G1 X131.215 Y90.753 E38.03246
G1 X131.215 Y81.335 F7800.000
G1 F4800.000
G1 X131.215 Y83.649 E38.14375
G1 X118.785 Y86.979 E38.76263
G1 X118.785 Y86.285 E38.79600
G1 X131.215 Y98.715 E39.64141
G1 X131.215 Y98.021 E39.67478
G1 X118.785 Y101.351 E40.29366
G1 X118.785 Y102.617 E40.35455
G1 X119.782 Y102.939 E40.40494
G1 E38.40494 F2400.000
G92 E0
G1 X119.852 Y110.925 F7800.000
G1 E2.00000 F2400.000
G1 F4800.000
G1 X118.785 Y111.269 E2.05390
G1 X118.785 Y112.462 E2.11128
G1 X121.823 Y115.499 E2.31786
G1 X121.823 Y114.909 E2.34623
G1 X118.785 Y115.723 E2.49745
G1 X120.083 Y110.850 E2.73999
G1 X121.820 Y110.285 E2.82783
G1 X127.016 Y111.277 F7800.000
G1 F4800.000
G1 X127.318 Y111.374 E2.84308
G1 X127.962 Y113.264 E2.93911
G1 X131.215 Y112.393 E3.10108
G1 X131.215 Y111.803 E3.12945
G1 X130.462 Y111.051 E3.18062
G1 X129.628 Y111.320 E3.22277
G1 X129.559 Y111.242 E3.22776
G1 X128.214 Y116.264 E3.47783
G1 X129.132 Y116.264 E3.52199
G1 X128.237 Y115.370 E3.58284
G1 E1.58284 F2400.000
G92 E0
G1 X129.236 Y103.008 F7800.000
G1 E2.00000 F2400.000
G1 F4800.000
G1 X129.628 Y102.566 E2.02841
G1 X130.763 Y102.933 E2.08573
G1 X131.215 Y102.811 E2.10824
G1 X131.215 Y100.498 E2.21952
M106 S221.85
;LAYER_CHANGE
;Z:7.22
;HEIGHT:0.3
G1 Z7.220 F7800.000
G1 E0.21952 F2400.000
G92 E0
G1 X122.259 Y68.746 F7800.000
G1 E2.00000 F2400.000
;TYPE:Perimeter
G1 F3600.000
G1 X122.112 Y68.912 E2.01064
G1 X122.112 Y72.245 E2.17096
G1 X124.219 Y74.622 E2.32374
G1 X127.091 Y73.695 E2.46890
G1 X128.152 Y70.579 E2.62723
G1 X127.529 Y68.746 E2.72033
G1 X131.504 Y68.746 E2.91152
G1 X131.504 Y103.176 E4.56746
G1 X129.719 Y102.600 E4.65765
G1 X127.612 Y104.977 E4.81043
G1 X127.612 Y108.310 E4.97075
G1 X129.719 Y110.687 E5.12353
G1 X131.504 Y110.111 E5.21372
G1 X131.504 Y116.254 E5.50918
G1 X127.529 Y116.254 E5.70038
G1 X128.152 Y114.421 E5.79347
G1 X127.091 Y111.305 E5.95181
G1 X124.219 Y110.378 E6.09696
G1 X122.112 Y112.755 E6.24975
G1 X122.112 Y116.088 E6.41006
G1 X122.259 Y116.254 E6.42070
G1 X118.496 Y116.254 E6.60166
G1 X118.496 Y110.435 E6.88150
G1 X118.719 Y110.687 E6.89767
G1 X121.591 Y109.760 E7.04282
G1 X122.652 Y106.643 E7.20116
G1 X121.591 Y103.527 E7.35950
G1 X118.719 Y102.600 E7.50465
G1 X118.496 Y102.851 E7.52081
G1 X118.496 Y68.746 E9.16114
G1 X122.199 Y68.746 E9.33920
G1 X122.497 Y69.058 F7800.000
G1 F3600.000
G1 X122.497 Y72.099 E9.48545
G1 X124.341 Y74.178 E9.61907
G1 X126.789 Y73.387 E9.74279
G1 X127.745 Y70.579 E9.88551
G1 X127.111 Y68.716 E9.98017
G1 X127.111 Y68.361 E9.99723
G1 X131.889 Y68.361 E10.22707
G1 X131.889 Y103.705 E11.92703
G1 X129.841 Y103.044 E12.03058
G1 X127.997 Y105.123 E12.16420
G1 X127.997 Y108.164 E12.31045
G1 X129.841 Y110.242 E12.44407
G1 X131.889 Y109.581 E12.54762
G1 X131.889 Y116.639 E12.88709
G1 X127.111 Y116.639 E13.11694
G1 X127.111 Y116.285 E13.13400
G1 X127.745 Y114.421 E13.22866
G1 X126.789 Y111.613 E13.37137
G1 X124.341 Y110.822 E13.49510
G1 X122.497 Y112.901 E13.62873
G1 X122.497 Y115.942 E13.77497
G1 X122.889 Y116.384 E13.80339
G1 X122.889 Y116.639 E13.81567
G1 X118.111 Y116.639 E14.04551
G1 X118.111 Y109.419 E14.39278
G1 X118.841 Y110.242 E14.44569
G1 X121.289 Y109.452 E14.56941
G1 X122.245 Y106.643 E14.71213
G1 X121.289 Y103.834 E14.85485
G1 X118.841 Y103.044 E14.97857
G1 X118.111 Y103.867 E15.03149
G1 X118.111 Y68.361 E16.73923
G1 X122.889 Y68.361 E16.96907
G1 X122.889 Y68.616 E16.98135
G1 X122.537 Y69.013 E17.00689
G1 X122.883 Y69.205 F7800.000
;TYPE:External perimeter
G1 F1800.000
G1 X122.883 Y71.953 E17.13905
G1 X124.462 Y73.733 E17.25352
G1 X126.486 Y73.080 E17.35581
G1 X127.338 Y70.579 E17.48290
G1 X126.725 Y68.779 E17.57432
G1 X126.725 Y67.975 E17.61300
G1 X132.275 Y67.975 E17.87994
G1 X132.275 Y104.297 E19.62688
G1 X132.039 Y104.297 E19.63825
G1 X131.986 Y104.142 E19.64613
G1 X129.962 Y103.489 E19.74842
G1 X128.383 Y105.269 E19.86288
G1 X128.383 Y108.017 E19.99505
G1 X129.962 Y109.798 E20.10952
G1 X131.986 Y109.145 E20.21181
G1 X132.039 Y108.990 E20.21969
G1 X132.275 Y108.990 E20.23105
G1 X132.275 Y117.025 E20.61752
G1 X126.725 Y117.025 E20.88446
G1 X126.725 Y116.221 E20.92314
G1 X127.338 Y114.421 E21.01455
G1 X126.486 Y111.920 E21.14164
G1 X124.462 Y111.267 E21.24394
G1 X122.883 Y113.047 E21.35841
G1 X122.883 Y115.795 E21.49057
G1 X123.275 Y116.237 E21.51899
G1 X123.275 Y117.025 E21.55686
G1 X117.725 Y117.025 E21.82380
G1 X117.725 Y108.990 E22.21027
G1 X118.245 Y108.990 E22.23528
G1 X118.962 Y109.798 E22.28724
G1 X120.986 Y109.145 E22.38954
G1 X121.838 Y106.643 E22.51663
G1 X120.986 Y104.142 E22.64372
G1 X118.962 Y103.489 E22.74601
G1 X118.245 Y104.297 E22.79798
G1 X117.725 Y104.297 E22.82299
G1 X117.725 Y67.975 E24.56994
G1 X123.275 Y67.975 E24.83688
G1 X123.275 Y68.763 E24.87475
G1 X122.923 Y69.160 E24.90028
G1 X122.518 Y69.368 F7800.000
G1 X121.823 Y69.112
;TYPE:Internal infill
G1 F4800.000
G1 X121.823 Y69.690 E24.92809
G1 X121.168 Y69.036 E24.97259
G1 X121.706 Y69.036 E24.99845
G1 X118.785 Y79.935 E25.54117
G1 X118.785 Y79.741 E25.55048
G1 X131.215 Y92.170 E26.39590
G1 X131.215 Y93.230 E26.44687
G1 X118.785 Y96.561 E27.06575
G1 X118.785 Y94.247 E27.17703
G1 X120.068 Y102.731 F7800.000
G1 F4800.000
G1 X118.785 Y102.317 E27.24185
G1 X118.785 Y101.351 E27.28832
G1 X131.215 Y98.021 E27.90720
G1 X131.215 Y98.715 E27.94057
G1 X118.785 Y86.285 E28.78598
G1 X118.785 Y86.979 E28.81935
G1 X131.215 Y83.649 E29.43823
G1 X131.215 Y81.335 E29.54951
G1 X131.215 Y90.753 F7800.000
G1 F4800.000
G1 X131.215 Y88.439 E29.66079
G1 X118.785 Y91.770 E30.27968
G1 X118.785 Y92.830 E30.33065
G1 X128.967 Y103.012 E31.02322
G1 X128.500 Y103.539 E31.05711
G1 X122.453 Y105.159 E31.35823
G1 X121.980 Y103.771 E31.42876
G1 X131.215 Y69.277 E33.14624
G1 X128.282 Y70.063 E33.29225
G1 X128.046 Y69.369 E33.32747
G1 X131.215 Y72.538 E33.54297
G1 X131.215 Y74.067 E33.61654
G1 X118.785 Y77.398 E34.23543
G1 X118.785 Y75.084 E34.34671
G1 X122.985 Y73.666 F7800.000
G1 F4800.000
G1 X121.823 Y72.355 E34.43098
G1 X121.823 Y71.793 E34.45799
G1 X118.785 Y72.607 E34.60922
G1 X118.785 Y73.197 E34.63759
G1 X131.215 Y85.626 E35.48300
G1 X131.215 Y87.186 E35.55803
G1 X125.013 Y110.330 E36.71045
G1 X124.128 Y110.045 E36.75518
G1 X123.557 Y110.689 E36.79661
G1 X122.082 Y109.215 E36.89690
G1 X122.828 Y107.025 E37.00818
G1 X120.171 Y110.522 F7800.000
G1 F4800.000
G1 X118.785 Y115.723 E37.26707
G1 X121.823 Y114.909 E37.41829
G1 X121.823 Y115.499 E37.44666
G1 X118.785 Y112.462 E37.65324
G1 X118.785 Y110.969 E37.72504
G1 X119.454 Y110.754 E37.75881
G1 X127.484 Y108.602 E38.15867
G1 X127.323 Y108.420 E38.17038
G1 X127.323 Y107.911 E38.19485
G1 X118.785 Y99.374 E38.77553
G1 X118.785 Y97.814 E38.85055
G1 X124.984 Y74.679 E40.00252
G1 X126.366 Y74.233 E40.07233
G1 X131.215 Y79.082 E40.40214
G1 X131.215 Y78.858 E40.41291
G1 X118.785 Y82.189 E41.03180
G1 X118.785 Y84.502 E41.14308
G1 X127.293 Y111.066 F7800.000
G1 F4800.000
G1 X127.318 Y111.074 E41.14436
G1 X128.055 Y113.239 E41.25436
G1 X131.215 Y112.393 E41.41166
G1 X131.215 Y111.803 E41.44004
G1 X130.236 Y110.824 E41.50663
G1 X129.621 Y111.012 E41.53754
G1 X128.294 Y115.964 E41.78413
G1 X128.832 Y115.964 E41.81000
G1 X128.161 Y115.293 E41.85563
G1 X127.933 Y115.964 E41.88971
G1 X128.101 Y115.964 E41.89783
;LAYER_CHANGE
;Z:7.52
;HEIGHT:0.3
G1 Z7.520 F7800.000
G1 X122.259 Y69.046
;TYPE:Perimeter
G1 F3600.000
G1 X122.112 Y69.212 E41.90847
G1 X122.112 Y72.545 E42.06879
G1 X124.219 Y74.922 E42.22157
G1 X127.091 Y73.995 E42.36673
G1 X128.152 Y70.879 E42.52506
G1 X127.529 Y69.046 E42.61816
G1 X131.504 Y69.046 E42.80935
G1 X131.504 Y102.876 E44.43643
G1 X129.719 Y102.300 E44.52662
G1 X127.612 Y104.677 E44.67940
G1 X127.612 Y108.010 E44.83972
G1 X129.719 Y110.387 E44.99250
G1 X131.504 Y109.811 E45.08270
G1 X131.504 Y115.954 E45.37815
G1 X127.529 Y115.954 E45.56935
G1 X128.152 Y114.121 E45.66244
G1 X127.091 Y111.005 E45.82078
G1 X124.219 Y110.078 E45.96593
G1 X122.112 Y112.455 E46.11872
G1 X122.112 Y115.788 E46.27903
G1 X122.259 Y115.954 E46.28968
G1 X118.496 Y115.954 E46.47063
G1 X118.496 Y110.135 E46.75048
G1 X118.719 Y110.387 E46.76664
G1 X121.591 Y109.460 E46.91179
G1 X122.652 Y106.343 E47.07013
G1 X121.591 Y103.227 E47.22847
G1 X118.719 Y102.300 E47.37362
G1 X118.496 Y102.551 E47.38979
G1 X118.496 Y69.046 E49.00125
G1 X122.199 Y69.046 E49.17932
G1 X122.497 Y69.358 F7800.000
G1 F3600.000
G1 X122.497 Y72.399 E49.32556
G1 X124.341 Y74.478 E49.45919
G1 X126.789 Y73.687 E49.58291
G1 X127.745 Y70.879 E49.72562
G1 X127.111 Y69.016 E49.82029
G1 X127.111 Y68.661 E49.83735
G1 X131.889 Y68.661 E50.06719
G1 X131.889 Y103.405 E51.73829
G1 X129.841 Y102.744 E51.84184
G1 X127.997 Y104.823 E51.97546
G1 X127.997 Y107.864 E52.12170
G1 X129.841 Y109.942 E52.25533
G1 X131.889 Y109.281 E52.35887
G1 X131.889 Y116.339 E52.69835
G1 X127.111 Y116.339 E52.92819
G1 X127.111 Y115.985 E52.94525
G1 X127.745 Y114.121 E53.03992
G1 X126.789 Y111.313 E53.18263
G1 X124.341 Y110.522 E53.30636
G1 X122.497 Y112.601 E53.43998
G1 X122.497 Y115.642 E53.58622
G1 X122.889 Y116.084 E53.61464
G1 X122.889 Y116.339 E53.62693
G1 X118.111 Y116.339 E53.85677
G1 X118.111 Y109.119 E54.20403
G1 X118.841 Y109.942 E54.25695
G1 X121.289 Y109.152 E54.38067
G1 X122.245 Y106.343 E54.52339
G1 X121.289 Y103.534 E54.66610
G1 X118.841 Y102.744 E54.78983
G1 X118.111 Y103.567 E54.84274
G1 X118.111 Y68.661 E56.52163
G1 X122.889 Y68.661 E56.75147
G1 X122.889 Y68.916 E56.76375
G1 X122.537 Y69.313 E56.78929
G1 X122.883 Y69.505 F7800.000
;TYPE:External perimeter
G1 F1800.000
G1 X122.883 Y72.253 E56.92145
G1 X124.462 Y74.033 E57.03592
G1 X126.486 Y73.380 E57.13821
G1 X127.338 Y70.879 E57.26530
G1 X126.725 Y69.079 E57.35672
G1 X126.725 Y68.275 E57.39540
G1 X132.275 Y68.275 E57.66234
G1 X132.275 Y103.997 E59.38043
G1 X132.039 Y103.997 E59.39179
G1 X131.986 Y103.842 E59.39967
G1 X129.962 Y103.189 E59.50196
G1 X128.383 Y104.969 E59.61643
G1 X128.383 Y107.717 E59.74859
G1 X129.962 Y109.498 E59.86306
G1 X131.986 Y108.845 E59.96535
G1 X132.039 Y108.690 E59.97323
G1 X132.275 Y108.690 E59.98459
G1 X132.275 Y116.725 E60.37106
G1 X126.725 Y116.725 E60.63800
G1 X126.725 Y115.921 E60.67668
G1 X127.338 Y114.121 E60.76810
G1 X126.486 Y111.620 E60.89519
G1 X124.462 Y110.967 E60.99748
G1 X122.883 Y112.747 E61.11195
G1 X122.883 Y115.495 E61.24411
G1 X123.275 Y115.937 E61.27253
G1 X123.275 Y116.725 E61.31040
G1 X117.725 Y116.725 E61.57734
G1 X117.725 Y108.690 E61.96381
G1 X118.245 Y108.690 E61.98882
G1 X118.962 Y109.498 E62.04079
G1 X120.986 Y108.845 E62.14308
G1 X121.838 Y106.343 E62.27017
G1 X120.986 Y103.842 E62.39726
G1 X118.962 Y103.189 E62.49955
G1 X118.245 Y103.997 E62.55152
G1 X117.725 Y103.997 E62.57653
G1 X117.725 Y68.275 E64.29462
G1 X123.275 Y68.275 E64.56156
G1 X123.275 Y69.063 E64.59943
G1 X122.923 Y69.460 E64.62496
G1 X122.518 Y69.668 F7800.000
G1 X118.785 Y75.084
;TYPE:Internal infill
G1 F4800.000
G1 X118.785 Y77.398 E64.73625
G1 X131.215 Y74.067 E65.35513
G1 X131.215 Y72.538 E65.42870
G1 X128.012 Y69.336 E65.64651
G1 X127.933 Y69.336 E65.65035
G1 X128.189 Y70.088 E65.68856
G1 X130.995 Y69.336 E65.82829
G1 X131.207 Y69.336 E65.83849
G1 X122.025 Y103.603 E67.54478
G1 X122.546 Y105.134 E67.62257
G1 X128.151 Y103.632 E67.90165
G1 X128.826 Y102.871 E67.95061
G1 X118.785 Y92.830 E68.63359
G1 X118.785 Y91.770 E68.68456
G1 X131.215 Y88.439 E69.30345
G1 X131.215 Y90.753 E69.41473
G1 X131.215 Y81.335 F7800.000
G1 F4800.000
G1 X131.215 Y83.649 E69.52601
G1 X118.785 Y86.979 E70.14490
G1 X118.785 Y86.285 E70.17826
G1 X131.215 Y98.715 E71.02367
G1 X131.215 Y98.021 E71.05704
G1 X118.785 Y101.351 E71.67593
G1 X118.785 Y102.017 E71.70796
G1 X120.353 Y102.523 E71.78721
G1 X118.785 Y94.247 F7800.000
G1 F4800.000
G1 X118.785 Y96.561 E71.89849
G1 X131.215 Y93.230 E72.51737
G1 X131.215 Y92.170 E72.56835
G1 X118.785 Y79.741 E73.41376
G1 X118.785 Y79.935 E73.42308
G1 X121.626 Y69.336 E73.95085
G1 X121.468 Y69.336 E73.95842
G1 X121.823 Y69.690 E73.98252
G1 X121.823 Y71.793 E74.08369
G1 X118.785 Y72.607 E74.23491
G1 X118.785 Y73.197 E74.26328
G1 X131.215 Y85.626 E75.10870
G1 X131.215 Y87.186 E75.18372
G1 X125.087 Y110.054 E76.32240
G1 X127.318 Y110.774 E76.43516
G1 X128.149 Y113.214 E76.55913
G1 X131.215 Y112.393 E76.71177
G1 X131.215 Y111.803 E76.74014
G1 X130.009 Y110.597 E76.82216
G1 X129.706 Y110.695 E76.83746
G1 X128.374 Y115.664 E77.08491
G1 X128.532 Y115.664 E77.09248
G1 X128.085 Y115.217 E77.12289
G1 X128.458 Y114.121 E77.17857
G1 X128.211 Y113.397 E77.21538
G1 E75.21538 F2400.000
G92 E0
G1 X121.881 Y112.279 F7800.000
G1 E2.00000 F2400.000
G1 F4800.000
G1 X123.416 Y110.548 E2.11128
G1 X122.006 Y109.139 E2.20716
G1 X121.818 Y109.690 E2.23519
G1 X120.259 Y110.194 E2.31399
G1 X118.793 Y115.664 E2.58640
G1 X119.005 Y115.664 E2.59660
G1 X121.823 Y114.909 E2.73689
G1 X121.823 Y115.499 E2.76525
G1 X118.785 Y112.462 E2.97183
G1 X118.785 Y110.933 E3.04540
G1 X127.699 Y108.544 E3.48923
G1 X127.323 Y108.120 E3.51652
G1 X127.323 Y107.911 E3.52656
G1 X118.785 Y99.374 E4.10724
G1 X118.785 Y97.814 E4.18227
G1 X124.896 Y75.007 E5.31788
G1 X126.592 Y74.460 E5.40360
G1 X131.215 Y79.082 E5.71799
G1 X131.215 Y78.858 E5.72875
G1 X118.785 Y82.189 E6.34764
G1 X118.785 Y84.502 E6.45892
;LAYER_CHANGE
;Z:7.82
;HEIGHT:0.3
G1 Z7.820 F7800.000
G1 X122.259 Y69.346
;TYPE:Perimeter
G1 F3600.000
G1 X122.112 Y69.512 E6.46956
G1 X122.112 Y72.845 E6.62988
G1 X124.219 Y75.222 E6.78267
G1 X127.091 Y74.295 E6.92782
G1 X128.152 Y71.179 E7.08616
G1 X127.529 Y69.346 E7.17925
G1 X131.504 Y69.346 E7.37044
G1 X131.504 Y102.576 E8.96866
G1 X129.719 Y102.000 E9.05885
G1 X127.612 Y104.377 E9.21164
G1 X127.612 Y107.710 E9.37196
G1 X129.719 Y110.087 E9.52474
G1 X131.504 Y109.511 E9.61493
G1 X131.504 Y115.654 E9.91039
G1 X127.529 Y115.654 E10.10158
G1 X128.152 Y113.821 E10.19467
G1 X127.091 Y110.705 E10.35301
G1 X124.219 Y109.778 E10.49817
G1 X122.112 Y112.155 E10.65095
G1 X122.112 Y115.488 E10.81127
G1 X122.259 Y115.654 E10.82191
G1 X118.496 Y115.654 E11.00286
G1 X118.496 Y109.835 E11.28271
G1 X118.719 Y110.087 E11.29887
G1 X121.591 Y109.160 E11.44402
G1 X122.652 Y106.043 E11.60236
G1 X121.591 Y102.927 E11.76070
G1 X118.719 Y102.000 E11.90585
G1 X118.496 Y102.251 E11.92202
G1 X118.496 Y69.346 E13.50463
G1 X122.199 Y69.346 E13.68269
G1 X122.497 Y69.658 F7800.000
G1 F3600.000
G1 X122.497 Y72.699 E13.82894
G1 X124.341 Y74.778 E13.96256
G1 X126.789 Y73.987 E14.08628
G1 X127.745 Y71.179 E14.22900
G1 X127.111 Y69.316 E14.32366
G1 X127.111 Y68.961 E14.34072
G1 X131.889 Y68.961 E14.57056
G1 X131.889 Y103.105 E16.21280
G1 X129.841 Y102.444 E16.31635
G1 X127.997 Y104.523 E16.44997
G1 X127.997 Y107.564 E16.59622
G1 X129.841 Y109.642 E16.72984
G1 X131.889 Y108.981 E16.83339
G1 X131.889 Y116.039 E17.17287
G1 X127.111 Y116.039 E17.40271
G1 X127.111 Y115.685 E17.41977
G1 X127.745 Y113.821 E17.51443
G1 X126.789 Y111.013 E17.65715
G1 X124.341 Y110.222 E17.78087
G1 X122.497 Y112.301 E17.91450
G1 X122.497 Y115.342 E18.06074
G1 X122.889 Y115.784 E18.08916
G1 X122.889 Y116.039 E18.10144
G1 X118.111 Y116.039 E18.33128
G1 X118.111 Y108.819 E18.67855
G1 X118.841 Y109.642 E18.73147
G1 X121.289 Y108.852 E18.85519
G1 X122.245 Y106.043 E18.99790
G1 X121.289 Y103.234 E19.14062
G1 X118.841 Y102.444 E19.26434
G1 X118.111 Y103.267 E19.31726
G1 X118.111 Y68.961 E20.96729
G1 X122.889 Y68.961 E21.19713
G1 X122.889 Y69.216 E21.20941
G1 X122.537 Y69.613 E21.23495
G1 X122.883 Y69.805 F7800.000
;TYPE:External perimeter
G1 F1800.000
G1 X122.883 Y72.553 E21.36711
G1 X124.462 Y74.333 E21.48158
G1 X126.486 Y73.680 E21.58387
G1 X127.338 Y71.179 E21.71096
G1 X126.725 Y69.379 E21.80238
G1 X126.725 Y68.575 E21.84106
G1 X132.275 Y68.575 E22.10799
G1 X132.275 Y103.697 E23.79722
G1 X132.039 Y103.697 E23.80859
G1 X131.986 Y103.542 E23.81647
G1 X129.962 Y102.889 E23.91876
G1 X128.383 Y104.669 E24.03323
G1 X128.383 Y107.417 E24.16539
G1 X129.962 Y109.198 E24.27986
G1 X131.986 Y108.545 E24.38215
G1 X132.039 Y108.390 E24.39003
G1 X132.275 Y108.390 E24.40139
G1 X132.275 Y116.425 E24.78786
G1 X126.725 Y116.425 E25.05480
G1 X126.725 Y115.621 E25.09348
G1 X127.338 Y113.821 E25.18490
G1 X126.486 Y111.320 E25.31199
G1 X124.462 Y110.667 E25.41428
G1 X122.883 Y112.447 E25.52875
G1 X122.883 Y115.195 E25.66091
G1 X123.275 Y115.637 E25.68933
G1 X123.275 Y116.425 E25.72720
G1 X117.725 Y116.425 E25.99414
G1 X117.725 Y108.390 E26.38061
G1 X118.245 Y108.390 E26.40562
G1 X118.962 Y109.198 E26.45759
G1 X120.986 Y108.545 E26.55988
G1 X121.838 Y106.043 E26.68697
G1 X120.986 Y103.542 E26.81406
G1 X118.962 Y102.889 E26.91635
G1 X118.245 Y103.697 E26.96832
G1 X117.725 Y103.697 E26.99333
G1 X117.725 Y68.575 E28.68257
G1 X123.275 Y68.575 E28.94950
G1 X123.275 Y69.363 E28.98737
G1 X122.923 Y69.760 E29.01291
G1 X122.518 Y69.968 F7800.000
G1 X118.785 Y75.084
;TYPE:Internal infill
G1 F4800.000
G1 X118.785 Y77.398 E29.12419
G1 X131.215 Y74.067 E29.74307
G1 X131.215 Y72.538 E29.81664
G1 X128.312 Y69.636 E30.01405
G1 X127.933 Y69.636 E30.03232
G1 X128.095 Y70.113 E30.05655
G1 X129.875 Y69.636 E30.14520
G1 X131.126 Y69.636 E30.20538
G1 X122.070 Y103.435 E31.88837
G1 X122.640 Y105.109 E31.97342
G1 X127.802 Y103.726 E32.23047
G1 X128.685 Y102.730 E32.29450
G1 X118.785 Y92.830 E32.96789
G1 X118.785 Y91.770 E33.01886
G1 X131.215 Y88.439 E33.63775
G1 X131.215 Y90.753 E33.74903
G1 X131.215 Y81.335 F7800.000
G1 F4800.000
G1 X131.215 Y83.649 E33.86031
G1 X118.785 Y86.979 E34.47919
G1 X118.785 Y86.285 E34.51256
G1 X131.215 Y98.715 E35.35797
G1 X131.215 Y98.021 E35.39134
G1 X118.785 Y101.351 E36.01022
G1 X118.785 Y101.717 E36.02783
G1 X120.639 Y102.316 E36.12151
G1 X118.785 Y94.247 F7800.000
G1 F4800.000
G1 X118.785 Y96.561 E36.23279
G1 X131.215 Y93.230 E36.85167
G1 X131.215 Y92.170 E36.90265
G1 X118.785 Y79.741 E37.74806
G1 X118.785 Y79.935 E37.75737
G1 X121.545 Y69.636 E38.27021
G1 X121.768 Y69.636 E38.28094
G1 X121.823 Y69.690 E38.28463
G1 X121.823 Y71.793 E38.38580
G1 X118.785 Y72.607 E38.53703
G1 X118.785 Y73.197 E38.56540
G1 X131.215 Y85.626 E39.41081
G1 X131.215 Y87.186 E39.48583
G1 X125.161 Y109.778 E40.61076
G1 X127.318 Y110.474 E40.71979
G1 X128.243 Y113.189 E40.85772
G1 X131.215 Y112.393 E41.00570
G1 X131.215 Y111.803 E41.03408
G1 X129.782 Y110.370 E41.13152
G1 X129.794 Y110.366 E41.13213
G1 X128.455 Y115.364 E41.38100
G1 X128.232 Y115.364 E41.39172
G1 X128.009 Y115.141 E41.40691
G1 X128.458 Y113.821 E41.47396
G1 X128.305 Y113.372 E41.49681
G1 E39.49681 F2400.000
G92 E0
G1 X121.823 Y112.170 F7800.000
G1 E2.00000 F2400.000
G1 F4800.000
G1 X121.823 Y112.045 E2.00600
G1 X123.275 Y110.407 E2.11128
G1 X121.930 Y109.062 E2.20276
G1 X121.818 Y109.390 E2.21941
G1 X120.347 Y109.865 E2.29377
G1 X118.874 Y115.364 E2.56759
G1 X120.125 Y115.364 E2.62777
G1 X121.823 Y114.909 E2.71231
G1 X121.823 Y115.364 E2.73419
G1 X121.688 Y115.364 E2.74068
G1 X118.785 Y112.462 E2.93808
G1 X118.785 Y110.933 E3.01165
G1 X124.063 Y109.519 E3.27442
G1 X124.128 Y109.445 E3.27917
G1 X124.224 Y109.475 E3.28399
G1 X127.914 Y108.487 E3.46775
G1 X128.037 Y108.625 E3.47665
G1 X118.785 Y99.374 E4.10591
G1 X118.785 Y97.814 E4.18094
G1 X124.808 Y75.336 E5.30020
G1 X126.819 Y74.687 E5.40182
G1 X131.215 Y79.082 E5.70079
G1 X131.215 Y78.858 E5.71156
G1 X118.785 Y82.189 E6.33044
G1 X118.785 Y84.502 E6.44172
;LAYER_CHANGE
;Z:8.12
;HEIGHT:0.3
G1 Z8.120 F7800.000
G1 X122.258 Y69.646
;TYPE:Perimeter
G1 F3600.000
G1 X122.112 Y69.812 E6.45236
G1 X122.112 Y73.145 E6.61268
G1 X124.219 Y75.522 E6.76547
G1 X127.091 Y74.595 E6.91062
G1 X128.152 Y71.479 E7.06896
G1 X127.529 Y69.646 E7.16205
G1 X131.504 Y69.646 E7.35324
G1 X131.504 Y102.276 E8.92260
G1 X129.719 Y101.700 E9.01280
G1 X127.612 Y104.077 E9.16558
G1 X127.612 Y107.410 E9.32590
G1 X129.719 Y109.787 E9.47868
G1 X131.504 Y109.211 E9.56887
G1 X131.504 Y115.354 E9.86433
G1 X127.529 Y115.354 E10.05552
G1 X128.152 Y113.521 E10.14862
G1 X127.091 Y110.405 E10.30695
G1 X124.219 Y109.478 E10.45211
G1 X122.112 Y111.855 E10.60490
G1 X122.112 Y115.188 E10.76521
G1 X122.259 Y115.354 E10.77585
G1 X118.496 Y115.354 E10.95681
G1 X118.496 Y109.535 E11.23665
G1 X118.719 Y109.787 E11.25282
G1 X121.591 Y108.860 E11.39797
G1 X122.652 Y105.743 E11.55631
G1 X121.591 Y102.627 E11.71465
G1 X118.719 Y101.700 E11.85980
G1 X118.496 Y101.951 E11.87596
G1 X118.496 Y69.646 E13.42971
G1 X122.198 Y69.646 E13.60778
G1 X122.497 Y69.958 F7800.000
G1 F3600.000
G1 X122.497 Y72.999 E13.75402
G1 X124.341 Y75.078 E13.88764
G1 X126.789 Y74.287 E14.01137
G1 X127.745 Y71.479 E14.15408
G1 X127.111 Y69.616 E14.24874
G1 X127.111 Y69.261 E14.26580
G1 X131.889 Y69.261 E14.49565
G1 X131.889 Y102.805 E16.10903
G1 X129.841 Y102.144 E16.21258
G1 X127.997 Y104.223 E16.34620
G1 X127.997 Y107.264 E16.49245
G1 X129.841 Y109.342 E16.62607
G1 X131.889 Y108.681 E16.72962
G1 X131.889 Y115.739 E17.06909
G1 X127.111 Y115.739 E17.29894
G1 X127.111 Y115.385 E17.31600
G1 X127.745 Y113.521 E17.41066
G1 X126.789 Y110.713 E17.55337
G1 X124.341 Y109.922 E17.67710
G1 X122.497 Y112.001 E17.81073
G1 X122.497 Y115.042 E17.95696
G1 X122.889 Y115.484 E17.98539
G1 X122.889 Y115.739 E17.99767
G1 X118.111 Y115.739 E18.22751
G1 X118.111 Y108.519 E18.57477
G1 X118.841 Y109.342 E18.62769
G1 X121.289 Y108.552 E18.75141
G1 X122.245 Y105.743 E18.89413
G1 X121.289 Y102.934 E19.03685
G1 X118.841 Y102.144 E19.16057
G1 X118.111 Y102.967 E19.21348
G1 X118.111 Y69.261 E20.83465
G1 X122.889 Y69.261 E21.06450
G1 X122.889 Y69.516 E21.07678
G1 X122.537 Y69.913 E21.10231
G1 X122.883 Y70.105 F7800.000
;TYPE:External perimeter
G1 F1800.000
G1 X122.883 Y72.853 E21.23448
G1 X124.462 Y74.633 E21.34895
G1 X126.486 Y73.980 E21.45124
G1 X127.338 Y71.479 E21.57833
G1 X126.725 Y69.679 E21.66975
G1 X126.725 Y68.875 E21.70842
G1 X132.275 Y68.875 E21.97536
G1 X132.275 Y103.397 E23.63574
G1 X132.039 Y103.397 E23.64710
G1 X131.986 Y103.242 E23.65498
G1 X129.962 Y102.589 E23.75727
G1 X128.383 Y104.369 E23.87174
G1 X128.383 Y107.117 E24.00390
G1 X129.962 Y108.898 E24.11837
G1 X131.986 Y108.245 E24.22066
G1 X132.039 Y108.090 E24.22854
G1 X132.275 Y108.090 E24.23990
G1 X132.275 Y116.125 E24.62637
G1 X126.725 Y116.125 E24.89331
G1 X126.725 Y115.321 E24.93199
G1 X127.338 Y113.521 E25.02341
G1 X126.486 Y111.020 E25.15050
G1 X124.462 Y110.367 E25.25279
G1 X122.883 Y112.147 E25.36726
G1 X122.883 Y114.895 E25.49942
G1 X123.275 Y115.337 E25.52784
G1 X123.275 Y116.125 E25.56571
G1 X117.725 Y116.125 E25.83265
G1 X117.725 Y108.090 E26.21912
G1 X118.245 Y108.090 E26.24413
G1 X118.962 Y108.898 E26.29610
G1 X120.986 Y108.245 E26.39839
G1 X121.838 Y105.743 E26.52548
G1 X120.986 Y103.242 E26.65257
G1 X118.962 Y102.589 E26.75486
G1 X118.245 Y103.397 E26.80683
G1 X117.725 Y103.397 E26.83184
G1 X117.725 Y68.875 E28.49222
G1 X123.275 Y68.875 E28.75915
G1 X123.275 Y69.663 E28.79702
G1 X122.923 Y70.060 E28.82256
G1 X122.518 Y70.268 F7800.000
G1 E26.82256 F2400.000
G92 E0
G1 X128.169 Y72.328 F7800.000
G1 E2.00000 F2400.000
;TYPE:Internal infill
G1 F4800.000
G1 X128.458 Y71.479 E2.04315
G1 X128.001 Y70.138 E2.11128
G1 X128.756 Y69.936 E2.14884
G1 X128.612 Y69.936 E2.15573
G1 X131.215 Y72.538 E2.33273
G1 X131.215 Y74.067 E2.40630
G1 X118.785 Y77.398 E3.02519
G1 X118.785 Y75.084 E3.13647
G1 X118.785 Y84.502 F7800.000
G1 F4800.000
G1 X118.785 Y82.189 E3.24775
G1 X131.215 Y78.858 E3.86664
G1 X131.215 Y79.082 E3.87740
G1 X127.046 Y74.913 E4.16094
G1 X124.720 Y75.664 F7800.000
G1 F4800.000
G1 X118.785 Y97.814 E5.26385
G1 X118.785 Y99.374 E5.33887
G1 X131.215 Y111.803 E6.18429
G1 X131.215 Y112.393 E6.21266
G1 X128.336 Y113.164 E6.35598
G1 X128.458 Y113.521 E6.37413
G1 X127.933 Y115.064 E6.45253
G1 X128.535 Y115.064 E6.48152
G1 X129.882 Y110.038 E6.73180
G1 X128.129 Y108.429 F7800.000
G1 F4800.000
G1 X124.731 Y109.339 E6.90097
G1 X125.235 Y109.502 E6.92642
G1 X131.215 Y87.186 E8.03760
G1 X131.215 Y85.626 E8.11262
G1 X118.785 Y73.197 E8.95804
G1 X118.785 Y72.607 E8.98641
G1 X121.823 Y71.793 E9.13763
G1 X121.823 Y69.936 E9.22699
G1 X121.465 Y69.936 E9.24419
G1 X118.785 Y79.935 E9.74209
G1 X118.785 Y79.741 E9.75141
G1 X131.215 Y92.170 E10.59682
G1 X131.215 Y93.230 E10.64779
G1 X118.785 Y96.561 E11.26668
G1 X118.785 Y94.247 E11.37796
G1 X120.924 Y102.108 F7800.000
G1 F4800.000
G1 X118.785 Y101.417 E11.48606
G1 X118.785 Y101.351 E11.48924
G1 X131.215 Y98.021 E12.10813
G1 X131.215 Y98.715 E12.14149
G1 X118.785 Y86.285 E12.98690
G1 X118.785 Y86.979 E13.02027
G1 X131.215 Y83.649 E13.63915
G1 X131.215 Y81.335 E13.75044
G1 X131.215 Y72.081 F7800.000
G1 F4800.000
G1 X131.215 Y69.936 E13.85362
G1 X131.046 Y69.936 E13.86172
G1 X122.115 Y103.267 E15.52142
G1 X122.733 Y105.084 E15.61371
G1 X127.453 Y103.819 E15.84873
G1 X128.544 Y102.589 E15.92784
G1 X118.785 Y92.830 E16.59163
G1 X118.785 Y91.770 E16.64261
G1 X131.215 Y88.439 E17.26149
G1 X131.215 Y90.753 E17.37277
G1 X121.823 Y112.596 F7800.000
G1 F4800.000
G1 X121.823 Y114.909 E17.48406
G1 X121.244 Y115.064 E17.51285
G1 X121.388 Y115.064 E17.51974
G1 X118.785 Y112.462 E17.69674
G1 X118.785 Y110.933 E17.77031
G1 X123.714 Y109.612 E18.01570
G1 X123.134 Y110.266 E18.05776
G1 X121.854 Y108.986 E18.14483
G1 X121.818 Y109.090 E18.15011
G1 X120.435 Y109.537 E18.22002
G1 X118.954 Y115.064 E18.49526
G1 X118.785 Y115.064 E18.50336
G1 X118.785 Y112.919 E18.60654
;LAYER_CHANGE
;Z:8.42
;HEIGHT:0.3
G1 Z8.420 F7800.000
G1 E16.60654 F2400.000
G92 E0
G1 X122.259 Y69.946 F7800.000
G1 E2.00000 F2400.000
;TYPE:Perimeter
G1 F3600.000
G1 X122.112 Y70.112 E2.01064
G1 X122.112 Y73.445 E2.17096
G1 X124.219 Y75.822 E2.32374
G1 X127.091 Y74.895 E2.46890
G1 X128.152 Y71.779 E2.62723
G1 X127.529 Y69.946 E2.72033
G1 X131.504 Y69.946 E2.91152
G1 X131.504 Y101.976 E4.45203
G1 X129.719 Y101.400 E4.54222
G1 X127.612 Y103.777 E4.69500
G1 X127.612 Y107.110 E4.85532
G1 X129.719 Y109.487 E5.00810
G1 X131.504 Y108.911 E5.09829
G1 X131.504 Y115.054 E5.39375
G1 X127.529 Y115.054 E5.58494
G1 X128.152 Y113.221 E5.67804
G1 X127.091 Y110.105 E5.83638
G1 X124.219 Y109.178 E5.98153
G1 X122.112 Y111.555 E6.13432
G1 X122.112 Y114.888 E6.29463
G1 X122.259 Y115.054 E6.30527
G1 X118.496 Y115.054 E6.48623
G1 X118.496 Y109.235 E6.76607
G1 X118.719 Y109.487 E6.78224
G1 X121.591 Y108.560 E6.92739
G1 X122.652 Y105.443 E7.08573
G1 X121.591 Y102.327 E7.24407
G1 X118.719 Y101.400 E7.38922
G1 X118.496 Y101.651 E7.40538
G1 X118.496 Y69.946 E8.93028
G1 X122.199 Y69.946 E9.10834
G1 X122.497 Y70.258 F7800.000
G1 F3600.000
G1 X122.497 Y73.299 E9.25458
G1 X124.341 Y75.378 E9.38821
G1 X126.789 Y74.587 E9.51193
G1 X127.745 Y71.779 E9.65465
G1 X127.111 Y69.916 E9.74931
G1 X127.111 Y69.561 E9.76637
G1 X131.889 Y69.561 E9.99621
G1 X131.889 Y102.505 E11.58074
G1 X129.841 Y101.844 E11.68429
G1 X127.997 Y103.923 E11.81791
G1 X127.997 Y106.964 E11.96415
G1 X129.841 Y109.042 E12.09777
G1 X131.889 Y108.381 E12.20132
G1 X131.889 Y115.439 E12.54080
G1 X127.111 Y115.439 E12.77064
G1 X127.111 Y115.085 E12.78770
G1 X127.745 Y113.221 E12.88237
G1 X126.789 Y110.413 E13.02508
G1 X124.341 Y109.622 E13.14880
G1 X122.497 Y111.701 E13.28243
G1 X122.497 Y114.742 E13.42867
G1 X122.889 Y115.184 E13.45709
G1 X122.889 Y115.439 E13.46938
G1 X118.111 Y115.439 E13.69922
G1 X118.111 Y108.219 E14.04648
G1 X118.841 Y109.042 E14.09940
G1 X121.289 Y108.252 E14.22312
G1 X122.245 Y105.443 E14.36584
G1 X121.289 Y102.634 E14.50855
G1 X118.841 Y101.844 E14.63227
G1 X118.111 Y102.667 E14.68519
G1 X118.111 Y69.561 E16.27750
G1 X122.889 Y69.561 E16.50735
G1 X122.889 Y69.816 E16.51963
G1 X122.537 Y70.213 E16.54516
G1 E14.54516 F2400.000
G92 E0
G1 X129.962 Y102.289 F7800.000
G1 E2.00000 F2400.000
;TYPE:External perimeter
G1 F1800.000
G1 X128.383 Y104.069 E2.11446
G1 X128.383 Y106.817 E2.24663
G1 X129.962 Y108.598 E2.36110
G1 X131.986 Y107.945 E2.46339
G1 X132.039 Y107.790 E2.47127
G1 X132.275 Y107.790 E2.48263
G1 X132.275 Y115.825 E2.86910
G1 X126.725 Y115.825 E3.13604
G1 X126.725 Y115.021 E3.17472
G1 X127.338 Y113.221 E3.26613
G1 X126.486 Y110.720 E3.39322
G1 X124.462 Y110.067 E3.49552
G1 X122.883 Y111.847 E3.60999
G1 X122.883 Y114.595 E3.74215
G1 X123.275 Y115.037 E3.77057
G1 X123.275 Y115.825 E3.80844
G1 X117.725 Y115.825 E4.07538
G1 X117.725 Y107.790 E4.46185
G1 X118.245 Y107.790 E4.48686
G1 X118.962 Y108.598 E4.53882
G1 X120.986 Y107.945 E4.64112
G1 X121.838 Y105.443 E4.76821
G1 X120.986 Y102.942 E4.89530
G1 X118.962 Y102.289 E4.99759
G1 X118.245 Y103.097 E5.04955
G1 X117.725 Y103.097 E5.07457
G1 X117.725 Y69.175 E6.70609
G1 X123.275 Y69.175 E6.97302
G1 X123.275 Y69.963 E7.01089
G1 X122.883 Y70.405 E7.03931
G1 X122.883 Y73.153 E7.17148
G1 X124.462 Y74.933 E7.28595
G1 X126.486 Y74.280 E7.38824
G1 X127.338 Y71.779 E7.51533
G1 X126.725 Y69.979 E7.60675
G1 X126.725 Y69.175 E7.64542
G1 X132.275 Y69.175 E7.91236
G1 X132.275 Y103.097 E9.54388
G1 X132.039 Y103.097 E9.55524
G1 X131.986 Y102.942 E9.56312
G1 X130.019 Y102.307 E9.66253
G1 X129.633 Y102.060 F7800.000
G1 E7.66253 F2400.000
G92 E0
G1 X127.323 Y106.445 F7800.000
G1 E2.00000 F2400.000
;TYPE:Internal infill
G1 F4800.000
G1 X127.323 Y107.220 E2.03725
G1 X128.344 Y108.371 E2.11128
G1 X125.239 Y109.203 E2.26587
G1 X125.309 Y109.226 E2.26939
G1 X131.215 Y87.186 E3.36682
G1 X131.215 Y85.626 E3.44185
G1 X118.785 Y73.197 E4.28726
G1 X118.785 Y72.607 E4.31563
G1 X121.823 Y71.793 E4.46686
G1 X121.823 Y70.236 E4.54178
G1 X121.384 Y70.236 E4.56285
G1 X118.785 Y79.935 E5.04581
G1 X118.785 Y79.741 E5.05513
G1 X131.215 Y92.170 E5.90054
G1 X131.215 Y93.230 E5.95152
G1 X118.785 Y96.561 E6.57040
G1 X118.785 Y94.247 E6.68168
G1 E4.68168 F2400.000
G92 E0
G1 X118.785 Y112.699 F7800.000
G1 E2.00000 F2400.000
G1 F4800.000
G1 X118.785 Y114.764 E2.09931
G1 X119.034 Y114.764 E2.11128
G1 X120.523 Y109.208 E2.38794
G1 X121.697 Y108.829 E2.44726
G1 X122.993 Y110.125 E2.53540
G1 X123.365 Y109.705 E2.56239
G1 X118.785 Y110.933 E2.79041
G1 X118.785 Y112.462 E2.86398
G1 X121.088 Y114.764 E3.02057
G1 X121.823 Y114.764 E3.05592
G1 X121.823 Y113.186 E3.13185
G1 X122.343 Y107.249 F7800.000
G1 F4800.000
G1 X122.958 Y105.443 E3.22361
G1 X122.827 Y105.059 E3.24314
G1 X127.323 Y103.854 E3.46698
G1 X127.323 Y103.667 E3.47600
G1 X128.403 Y102.448 E3.55437
G1 X118.785 Y92.830 E4.20857
G1 X118.785 Y91.770 E4.25955
G1 X131.215 Y88.439 E4.87843
G1 X131.215 Y90.753 E4.98971
G1 X131.215 Y81.335 F7800.000
G1 F4800.000
G1 X131.215 Y83.649 E5.10100
G1 X118.785 Y86.979 E5.71988
G1 X118.785 Y86.285 E5.75325
G1 X131.215 Y98.715 E6.59866
G1 X131.215 Y98.021 E6.63202
G1 X119.181 Y101.245 E7.23119
G1 X121.360 Y101.948 E7.34128
G1 X118.785 Y99.374 E7.51639
G1 X118.785 Y97.814 E7.59141
G1 X124.632 Y75.993 E8.67797
G1 X124.128 Y76.155 E8.70346
G1 X123.993 Y76.003 E8.71328
G1 X118.785 Y77.398 E8.97257
G1 X118.785 Y75.084 E9.08385
G1 X118.785 Y84.502 F7800.000
G1 F4800.000
G1 X118.785 Y82.189 E9.19513
G1 X131.215 Y78.858 E9.81402
G1 X131.215 Y79.082 E9.82478
G1 X127.273 Y75.140 E10.09290
G1 X127.323 Y75.110 E10.09573
G1 X131.215 Y74.067 E10.28948
G1 X131.215 Y72.538 E10.36305
G1 X128.912 Y70.236 E10.51964
G1 X130.966 Y70.236 E10.61840
G1 X122.160 Y103.100 E12.25480
G1 X121.978 Y102.567 E12.28187
G1 X131.215 Y111.803 E12.91010
G1 X131.215 Y112.393 E12.93847
G1 X128.430 Y113.139 E13.07713
G1 X128.458 Y113.221 E13.08131
G1 X127.933 Y114.764 E13.15971
G1 X128.616 Y114.764 E13.19257
G1 X129.970 Y109.710 E13.44426
G1 X131.215 Y109.308 E13.50716
G1 X131.215 Y110.314 E13.55554
;LAYER_CHANGE
;Z:8.72
;HEIGHT:0.3
G1 Z8.720 F7800.000
G1 E11.55554 F2400.000
G92 E0
G1 X124.219 Y76.122 F7800.000
G1 E2.00000 F2400.000
;TYPE:Perimeter
G1 F3600.000
G1 X127.091 Y75.195 E2.14515
G1 X128.152 Y72.079 E2.30349
G1 X127.529 Y70.246 E2.39658
G1 X131.504 Y70.246 E2.58778
G1 X131.504 Y101.676 E4.09942
G1 X129.719 Y101.100 E4.18962
G1 X127.612 Y103.477 E4.34240
G1 X127.612 Y106.810 E4.50272
G1 X129.719 Y109.187 E4.65550
G1 X131.504 Y108.611 E4.74569
G1 X131.504 Y114.754 E5.04115
G1 X127.529 Y114.754 E5.23234
G1 X128.152 Y112.921 E5.32543
G1 X127.091 Y109.805 E5.48377
G1 X124.219 Y108.878 E5.62893
G1 X122.112 Y111.255 E5.78171
G1 X122.112 Y114.588 E5.94203
G1 X122.259 Y114.754 E5.95267
G1 X118.496 Y114.754 E6.13363
G1 X118.496 Y108.935 E6.41347
G1 X118.719 Y109.187 E6.42963
G1 X121.591 Y108.260 E6.57479
G1 X122.652 Y105.143 E6.73313
G1 X121.591 Y102.027 E6.89147
G1 X118.719 Y101.100 E7.03662
G1 X118.496 Y101.351 E7.05278
G1 X118.496 Y70.246 E8.54882
G1 X122.259 Y70.246 E8.72977
G1 X122.112 Y70.412 E8.74041
G1 X122.112 Y73.745 E8.90073
G1 X124.179 Y76.077 E9.05063
G1 X124.341 Y75.678 F7800.000
G1 F3600.000
G1 X126.789 Y74.887 E9.17435
G1 X127.745 Y72.079 E9.31706
G1 X127.111 Y70.216 E9.41173
G1 X127.111 Y69.861 E9.42879
G1 X131.889 Y69.861 E9.65863
G1 X131.889 Y102.205 E11.21430
G1 X129.841 Y101.544 E11.31785
G1 X127.997 Y103.623 E11.45147
G1 X127.997 Y106.664 E11.59771
G1 X129.841 Y108.742 E11.73133
G1 X131.889 Y108.081 E11.83488
G1 X131.889 Y115.139 E12.17436
G1 X127.111 Y115.139 E12.40420
G1 X127.111 Y114.785 E12.42126
G1 X127.745 Y112.921 E12.51593
G1 X126.789 Y110.113 E12.65864
G1 X124.341 Y109.322 E12.78237
G1 X122.497 Y111.401 E12.91599
G1 X122.497 Y114.442 E13.06223
G1 X122.889 Y114.884 E13.09065
G1 X122.889 Y115.139 E13.10294
G1 X118.111 Y115.139 E13.33278
G1 X118.111 Y107.919 E13.68004
G1 X118.841 Y108.742 E13.73296
G1 X121.289 Y107.952 E13.85668
G1 X122.245 Y105.143 E13.99940
G1 X121.289 Y102.334 E14.14211
G1 X118.841 Y101.544 E14.26584
G1 X118.111 Y102.367 E14.31875
G1 X118.111 Y69.861 E15.88221
G1 X122.889 Y69.861 E16.11205
G1 X122.889 Y70.116 E16.12433
G1 X122.497 Y70.558 E16.15275
G1 X122.497 Y73.599 E16.29899
G1 X124.301 Y75.633 E16.42973
G1 X124.462 Y75.233 F7800.000
;TYPE:External perimeter
G1 F1800.000
G1 X126.486 Y74.580 E16.53203
G1 X127.338 Y72.079 E16.65912
G1 X126.725 Y70.279 E16.75053
G1 X126.725 Y69.475 E16.78921
G1 X132.275 Y69.475 E17.05615
G1 X132.275 Y102.797 E18.65881
G1 X132.039 Y102.797 E18.67017
G1 X131.986 Y102.642 E18.67805
G1 X129.962 Y101.989 E18.78034
G1 X128.383 Y103.769 E18.89481
G1 X128.383 Y106.517 E19.02698
G1 X129.962 Y108.298 E19.14144
G1 X131.986 Y107.645 E19.24373
G1 X132.039 Y107.490 E19.25161
G1 X132.275 Y107.490 E19.26298
G1 X132.275 Y115.525 E19.64944
G1 X126.725 Y115.525 E19.91638
G1 X126.725 Y114.721 E19.95506
G1 X127.338 Y112.921 E20.04648
G1 X126.486 Y110.420 E20.17357
G1 X124.462 Y109.767 E20.27586
G1 X122.883 Y111.547 E20.39033
G1 X122.883 Y114.295 E20.52249
G1 X123.275 Y114.737 E20.55092
G1 X123.275 Y115.525 E20.58878
G1 X117.725 Y115.525 E20.85572
G1 X117.725 Y107.490 E21.24219
G1 X118.245 Y107.490 E21.26721
G1 X118.962 Y108.298 E21.31917
G1 X120.986 Y107.645 E21.42146
G1 X121.838 Y105.143 E21.54855
G1 X120.986 Y102.642 E21.67564
G1 X118.962 Y101.989 E21.77794
G1 X118.245 Y102.797 E21.82990
G1 X117.725 Y102.797 E21.85492
G1 X117.725 Y69.475 E23.45757
G1 X123.275 Y69.475 E23.72451
G1 X123.275 Y70.263 E23.76238
G1 X122.883 Y70.705 E23.79080
G1 X122.883 Y73.453 E23.92296
G1 X124.422 Y75.188 E24.03455
G1 X124.588 Y75.613 F7800.000
G1 X118.785 Y75.084
;TYPE:Internal infill
G1 F4800.000
G1 X118.785 Y77.398 E24.14583
G1 X123.778 Y76.060 E24.39441
G1 X124.128 Y76.455 E24.41982
G1 X124.544 Y76.321 E24.44085
G1 X118.785 Y97.814 E25.51106
G1 X118.785 Y99.374 E25.58608
G1 X120.917 Y101.505 E25.73106
G1 X119.689 Y101.109 E25.79310
G1 X131.215 Y98.021 E26.36698
G1 X131.215 Y98.715 E26.40034
G1 X118.785 Y86.285 E27.24575
G1 X118.785 Y86.979 E27.27912
G1 X131.215 Y83.649 E27.89800
G1 X131.215 Y81.335 E28.00929
G1 X131.215 Y90.753 F7800.000
G1 F4800.000
G1 X131.215 Y88.439 E28.12057
G1 X118.785 Y91.770 E28.73945
G1 X118.785 Y92.830 E28.79043
G1 X128.263 Y102.307 E29.43504
G1 X127.323 Y103.367 E29.50319
G1 X127.323 Y103.854 E29.52664
G1 X122.921 Y105.034 E29.74582
G1 X122.958 Y105.143 E29.75138
G1 X122.249 Y107.224 E29.85710
G1 X121.823 Y113.186 F7800.000
G1 F4800.000
G1 X121.823 Y114.464 E29.91861
G1 X120.788 Y114.464 E29.96838
G1 X118.785 Y112.462 E30.10457
G1 X118.785 Y110.933 E30.17814
G1 X123.016 Y109.799 E30.38879
G1 X122.852 Y109.984 E30.40070
G1 X121.470 Y108.603 E30.49468
G1 X120.611 Y108.880 E30.53810
G1 X119.115 Y114.464 E30.81617
G1 X118.785 Y114.464 E30.83200
G1 X118.785 Y112.655 E30.91903
G1 E28.91903 F2400.000
G92 E0
G1 X118.785 Y94.247 F7800.000
G1 E2.00000 F2400.000
G1 F4800.000
G1 X118.785 Y96.561 E2.11128
G1 X131.215 Y93.230 E2.73017
G1 X131.215 Y92.170 E2.78114
G1 X118.785 Y79.741 E3.62655
G1 X118.785 Y79.935 E3.63587
G1 X121.304 Y70.536 E4.10389
G1 X121.823 Y70.536 E4.12883
G1 X121.823 Y71.793 E4.18932
G1 X118.785 Y72.607 E4.34055
G1 X118.785 Y73.197 E4.36892
G1 X131.215 Y85.626 E5.21433
G1 X131.215 Y87.186 E5.28936
G1 X125.383 Y108.950 E6.37304
G1 X125.747 Y109.067 E6.39144
G1 X128.559 Y108.314 E6.53144
G1 X129.628 Y109.520 E6.60897
G1 X130.058 Y109.381 E6.63070
G1 X128.696 Y114.464 E6.88381
G1 X127.933 Y114.464 E6.92053
G1 X128.379 Y113.153 E6.98718
G1 X131.215 Y112.393 E7.12836
G1 X131.215 Y111.803 E7.15673
G1 X122.133 Y102.722 E7.77442
G1 X122.205 Y102.932 E7.78509
G1 X130.885 Y70.536 E9.39819
G1 X129.212 Y70.536 E9.47865
G1 X131.215 Y72.538 E9.61484
G1 X131.215 Y74.067 E9.68841
G1 X127.436 Y75.080 E9.87656
G1 X127.379 Y75.247 E9.88503
G1 X131.215 Y79.082 E10.14591
G1 X131.215 Y78.858 E10.15668
G1 X118.785 Y82.189 E10.77556
G1 X118.785 Y84.502 E10.88684
M106 S224.4
;LAYER_CHANGE
;Z:9.02
;HEIGHT:0.3
G1 Z9.020 F7800.000
G1 X122.112 Y70.712
;TYPE:Perimeter
G1 F3600.000
G1 X122.112 Y74.045 E11.04716
G1 X124.219 Y76.422 E11.19995
G1 X127.091 Y75.495 E11.34510
G1 X128.152 Y72.379 E11.50343
G1 X127.529 Y70.546 E11.59653
G1 X131.504 Y70.546 E11.78772
G1 X131.504 Y101.376 E13.27051
G1 X129.719 Y100.800 E13.36070
G1 X127.612 Y103.177 E13.51348
G1 X127.612 Y106.510 E13.67380
G1 X129.719 Y108.887 E13.82658
G1 X131.504 Y108.311 E13.91678
G1 X131.504 Y114.454 E14.21223
G1 X127.529 Y114.454 E14.40343
G1 X128.152 Y112.621 E14.49652
G1 X127.091 Y109.505 E14.65486
G1 X124.219 Y108.578 E14.80001
G1 X122.112 Y110.955 E14.95280
G1 X122.112 Y114.288 E15.11312
G1 X122.259 Y114.454 E15.12376
G1 X118.496 Y114.454 E15.30471
G1 X118.496 Y108.635 E15.58456
G1 X118.719 Y108.887 E15.60072
G1 X121.591 Y107.960 E15.74587
G1 X122.652 Y104.843 E15.90421
G1 X121.591 Y101.727 E16.06255
G1 X118.719 Y100.800 E16.20770
G1 X118.496 Y101.051 E16.22387
G1 X118.496 Y70.546 E17.69104
G1 X122.259 Y70.546 E17.87200
G1 X122.152 Y70.667 E17.87975
G1 X122.497 Y70.858 F7800.000
G1 F3600.000
G1 X122.497 Y73.899 E18.02599
G1 X124.341 Y75.978 E18.15962
G1 X126.789 Y75.187 E18.28334
G1 X127.745 Y72.379 E18.42606
G1 X127.111 Y70.516 E18.52072
G1 X127.111 Y70.161 E18.53778
G1 X131.889 Y70.161 E18.76762
G1 X131.889 Y101.905 E20.29443
G1 X129.841 Y101.244 E20.39798
G1 X127.997 Y103.323 E20.53160
G1 X127.997 Y106.364 E20.67785
G1 X129.841 Y108.442 E20.81147
G1 X131.889 Y107.781 E20.91502
G1 X131.889 Y114.839 E21.25450
G1 X127.111 Y114.839 E21.48434
G1 X127.111 Y114.485 E21.50140
G1 X127.745 Y112.621 E21.59606
G1 X126.789 Y109.813 E21.73877
G1 X124.341 Y109.022 E21.86250
G1 X122.497 Y111.101 E21.99613
G1 X122.497 Y114.142 E22.14237
G1 X122.889 Y114.584 E22.17079
G1 X122.889 Y114.839 E22.18307
G1 X118.111 Y114.839 E22.41291
G1 X118.111 Y107.619 E22.76018
G1 X118.841 Y108.442 E22.81309
G1 X121.289 Y107.652 E22.93682
G1 X122.245 Y104.843 E23.07953
G1 X121.289 Y102.034 E23.22225
G1 X118.841 Y101.244 E23.34597
G1 X118.111 Y102.067 E23.39889
G1 X118.111 Y70.161 E24.93348
G1 X122.889 Y70.161 E25.16332
G1 X122.889 Y70.416 E25.17561
G1 X122.537 Y70.813 E25.20114
G1 X122.883 Y71.005 F7800.000
;TYPE:External perimeter
G1 F1800.000
G1 X122.883 Y73.753 E25.33331
G1 X124.462 Y75.533 E25.44777
G1 X126.486 Y74.880 E25.55007
G1 X127.338 Y72.379 E25.67716
G1 X126.725 Y70.579 E25.76857
G1 X126.725 Y69.775 E25.80725
G1 X132.275 Y69.775 E26.07419
G1 X132.275 Y102.497 E27.64799
G1 X132.039 Y102.497 E27.65936
G1 X131.986 Y102.342 E27.66723
G1 X129.962 Y101.689 E27.76953
G1 X128.383 Y103.469 E27.88399
G1 X128.383 Y106.217 E28.01616
G1 X129.962 Y107.998 E28.13062
G1 X131.986 Y107.345 E28.23291
G1 X132.039 Y107.190 E28.24079
G1 X132.275 Y107.190 E28.25216
G1 X132.275 Y115.225 E28.63863
G1 X126.725 Y115.225 E28.90556
G1 X126.725 Y114.421 E28.94424
G1 X127.338 Y112.621 E29.03566
G1 X126.486 Y110.120 E29.16275
G1 X124.462 Y109.467 E29.26504
G1 X122.883 Y111.247 E29.37951
G1 X122.883 Y113.995 E29.51168
G1 X123.275 Y114.437 E29.54010
G1 X123.275 Y115.225 E29.57797
G1 X117.725 Y115.225 E29.84490
G1 X117.725 Y107.190 E30.23137
G1 X118.245 Y107.190 E30.25639
G1 X118.962 Y107.998 E30.30835
G1 X120.986 Y107.345 E30.41064
G1 X121.838 Y104.843 E30.53773
G1 X120.986 Y102.342 E30.66482
G1 X118.962 Y101.689 E30.76712
G1 X118.245 Y102.497 E30.81908
G1 X117.725 Y102.497 E30.84410
G1 X117.725 Y69.775 E32.41790
G1 X123.275 Y69.775 E32.68483
G1 X123.275 Y70.563 E32.72270
G1 X122.923 Y70.960 E32.74824
G1 X122.518 Y71.168 F7800.000
G1 X118.785 Y75.084
;TYPE:Internal infill
G1 F4800.000
G1 X118.785 Y77.398 E32.85952
G1 X123.563 Y76.118 E33.09740
G1 X124.128 Y76.755 E33.13839
G1 X124.456 Y76.649 E33.15498
G1 X118.785 Y97.814 E34.20883
G1 X118.785 Y99.374 E34.28385
G1 X120.474 Y101.062 E34.39870
G1 X120.197 Y100.973 E34.41268
G1 X131.215 Y98.021 E34.96127
G1 X131.215 Y98.715 E34.99464
G1 X118.785 Y86.285 E35.84005
G1 X118.785 Y86.979 E35.87342
G1 X131.215 Y83.649 E36.49230
G1 X131.215 Y81.335 E36.60358
G1 X131.215 Y90.753 F7800.000
G1 F4800.000
G1 X131.215 Y88.439 E36.71487
G1 X118.785 Y91.770 E37.33375
G1 X118.785 Y92.830 E37.38472
G1 X128.122 Y102.166 E38.01975
G1 X127.323 Y103.067 E38.07767
G1 X127.323 Y103.854 E38.11555
G1 X122.890 Y105.042 E38.33625
G1 X122.144 Y107.232 E38.44753
G1 X119.309 Y109.000 F7800.000
G1 F4800.000
G1 X118.785 Y109.169 E38.47400
G1 X118.785 Y110.933 E38.55882
G1 X122.667 Y109.892 E38.75210
G1 X122.711 Y109.843 E38.75526
G1 X121.243 Y108.376 E38.85507
G1 X120.699 Y108.551 E38.88258
G1 X119.195 Y114.164 E39.16206
G1 X120.488 Y114.164 E39.22423
G1 X118.785 Y112.462 E39.34001
G1 X118.785 Y114.164 E39.42188
G1 X119.002 Y114.164 E39.43231
G1 E37.43231 F2400.000
G92 E0
G1 X118.785 Y94.247 F7800.000
G1 E2.00000 F2400.000
G1 F4800.000
G1 X118.785 Y96.561 E2.11128
G1 X131.215 Y93.230 E2.73017
G1 X131.215 Y92.170 E2.78114
G1 X118.785 Y79.741 E3.62655
G1 X118.785 Y79.935 E3.63587
G1 X121.224 Y70.836 E4.08895
G1 X121.823 Y70.836 E4.11776
G1 X121.823 Y71.793 E4.16382
G1 X118.785 Y72.607 E4.31505
G1 X118.785 Y73.197 E4.34342
G1 X131.215 Y85.626 E5.18883
G1 X131.215 Y87.186 E5.26386
G1 X125.457 Y108.674 E6.33379
G1 X126.255 Y108.931 E6.37411
G1 X128.774 Y108.256 E6.49953
G1 X129.628 Y109.220 E6.56148
G1 X130.146 Y109.053 E6.58766
G1 X128.776 Y114.164 E6.84218
G1 X127.933 Y114.164 E6.88277
G1 X128.267 Y113.183 E6.93264
G1 X131.215 Y112.393 E7.07942
G1 X131.215 Y111.803 E7.10780
G1 X122.288 Y102.877 E7.71495
G1 X122.250 Y102.764 E7.72069
G1 X130.805 Y70.836 E9.31049
G1 X129.512 Y70.836 E9.37266
G1 X131.215 Y72.538 E9.48844
G1 X131.215 Y74.067 E9.56201
G1 X127.548 Y75.050 E9.74456
G1 X127.455 Y75.323 E9.75843
G1 X131.215 Y79.082 E10.01413
G1 X131.215 Y78.858 E10.02490
G1 X118.785 Y82.189 E10.64378
G1 X118.785 Y84.502 E10.75506
;LAYER_CHANGE
;Z:9.32
;HEIGHT:0.299999
G1 Z9.320 F7800.000
G1 X122.259 Y70.846
;TYPE:Perimeter
G1 F3600.000
G1 X122.112 Y71.012 E10.76570
G1 X122.112 Y74.345 E10.92602
G1 X124.219 Y76.722 E11.07881
G1 X127.091 Y75.795 E11.22396
G1 X128.152 Y72.679 E11.38230
G1 X127.529 Y70.846 E11.47539
G1 X131.504 Y70.846 E11.66658
G1 X131.504 Y101.076 E13.12051
G1 X129.719 Y100.500 E13.21071
G1 X127.612 Y102.877 E13.36349
G1 X127.612 Y106.210 E13.52381
G1 X129.719 Y108.587 E13.67659
G1 X131.504 Y108.011 E13.76678
G1 X131.504 Y114.154 E14.06224
G1 X127.529 Y114.154 E14.25343
G1 X128.152 Y112.321 E14.34652
G1 X127.091 Y109.205 E14.50486
G1 X124.219 Y108.278 E14.65002
G1 X122.112 Y110.655 E14.80280
G1 X122.112 Y113.988 E14.96312
G1 X122.259 Y114.154 E14.97376
G1 X118.496 Y114.154 E15.15472
G1 X118.496 Y108.335 E15.43456
G1 X118.719 Y108.587 E15.45072
G1 X121.591 Y107.660 E15.59588
G1 X122.652 Y104.543 E15.75422
G1 X121.591 Y101.427 E15.91256
G1 X118.719 Y100.500 E16.05771
G1 X118.496 Y100.751 E16.07387
G1 X118.496 Y70.846 E17.51219
G1 X122.199 Y70.846 E17.69026
G1 X122.497 Y71.158 F7800.000
G1 F3600.000
G1 X122.497 Y74.199 E17.83650
G1 X124.341 Y76.278 E17.97012
G1 X126.789 Y75.487 E18.09385
G1 X127.745 Y72.679 E18.23656
G1 X127.111 Y70.816 E18.33122
G1 X127.111 Y70.461 E18.34828
G1 X131.889 Y70.461 E18.57813
G1 X131.889 Y101.605 E20.07608
G1 X129.841 Y100.944 E20.17963
G1 X127.997 Y103.023 E20.31325
G1 X127.997 Y106.064 E20.45949
G1 X129.841 Y108.142 E20.59311
G1 X131.889 Y107.481 E20.69666
G1 X131.889 Y114.539 E21.03614
G1 X127.111 Y114.539 E21.26598
G1 X127.111 Y114.184 E21.28304
G1 X127.745 Y112.321 E21.37771
G1 X126.789 Y109.513 E21.52042
G1 X124.341 Y108.722 E21.64414
G1 X122.497 Y110.801 E21.77777
G1 X122.497 Y113.842 E21.92401
G1 X122.889 Y114.284 E21.95243
G1 X122.889 Y114.539 E21.96472
G1 X118.111 Y114.539 E22.19456
G1 X118.111 Y107.319 E22.54182
G1 X118.841 Y108.142 E22.59474
G1 X121.289 Y107.352 E22.71846
G1 X122.245 Y104.543 E22.86118
G1 X121.289 Y101.734 E23.00389
G1 X118.841 Y100.944 E23.12761
G1 X118.111 Y101.767 E23.18053
G1 X118.111 Y70.461 E24.68627
G1 X122.889 Y70.461 E24.91611
G1 X122.889 Y70.716 E24.92839
G1 X122.537 Y71.113 E24.95393
G1 X122.883 Y71.305 F7800.000
;TYPE:External perimeter
G1 F1800.000
G1 X122.883 Y74.053 E25.08609
G1 X124.462 Y75.833 E25.20056
G1 X126.486 Y75.180 E25.30286
G1 X127.338 Y72.679 E25.42994
G1 X126.725 Y70.879 E25.52136
G1 X126.725 Y70.075 E25.56004
G1 X132.275 Y70.075 E25.82698
G1 X132.275 Y102.197 E27.37192
G1 X132.039 Y102.197 E27.38329
G1 X131.986 Y102.042 E27.39116
G1 X129.962 Y101.389 E27.49345
G1 X128.383 Y103.169 E27.60792
G1 X128.383 Y105.917 E27.74009
G1 X129.962 Y107.698 E27.85455
G1 X131.986 Y107.045 E27.95684
G1 X132.039 Y106.890 E27.96472
G1 X132.275 Y106.890 E27.97609
G1 X132.275 Y114.925 E28.36256
G1 X126.725 Y114.925 E28.62949
G1 X126.725 Y114.121 E28.66817
G1 X127.338 Y112.321 E28.75959
G1 X126.486 Y109.820 E28.88668
G1 X124.462 Y109.167 E28.98897
G1 X122.883 Y110.947 E29.10344
G1 X122.883 Y113.695 E29.23561
G1 X123.275 Y114.137 E29.26403
G1 X123.275 Y114.925 E29.30190
G1 X117.725 Y114.925 E29.56883
G1 X117.725 Y106.890 E29.95530
G1 X118.245 Y106.890 E29.98032
G1 X118.962 Y107.698 E30.03228
G1 X120.986 Y107.045 E30.13457
G1 X121.838 Y104.543 E30.26166
G1 X120.986 Y102.042 E30.38875
G1 X118.962 Y101.389 E30.49105
G1 X118.245 Y102.197 E30.54301
G1 X117.725 Y102.197 E30.56803
G1 X117.725 Y70.075 E32.11297
G1 X123.275 Y70.075 E32.37991
G1 X123.275 Y70.863 E32.41777
G1 X122.923 Y71.260 E32.44331
G1 X122.518 Y71.468 F7800.000
G1 X118.785 Y75.084
;TYPE:Internal infill
G1 F4800.000
G1 X118.785 Y77.398 E32.55459
G1 X123.348 Y76.175 E32.78177
G1 X124.128 Y77.055 E32.83834
G1 X124.368 Y76.978 E32.85048
G1 X118.785 Y97.814 E33.88798
G1 X118.785 Y99.374 E33.96301
G1 X120.031 Y100.619 E34.04772
G1 X120.705 Y100.837 E34.08179
G1 X131.215 Y98.021 E34.60509
G1 X131.215 Y98.715 E34.63846
G1 X118.785 Y86.285 E35.48387
G1 X118.785 Y86.979 E35.51724
G1 X131.215 Y83.649 E36.13612
G1 X131.215 Y81.335 E36.24740
G1 X131.215 Y90.753 F7800.000
G1 F4800.000
G1 X131.215 Y88.439 E36.35869
G1 X118.785 Y91.770 E36.97757
G1 X118.785 Y92.830 E37.02854
G1 X127.981 Y102.025 E37.65398
G1 X129.516 Y100.294 E37.76526
G1 X127.323 Y106.168 F7800.000
G1 F4800.000
G1 X127.323 Y103.854 E37.87655
G1 X122.778 Y105.072 E38.10284
G1 X122.032 Y107.262 E38.21412
G1 X119.024 Y108.792 F7800.000
G1 F4800.000
G1 X118.785 Y108.869 E38.22616
G1 X118.785 Y110.933 E38.32541
G1 X122.318 Y109.986 E38.50132
G1 X122.570 Y109.702 E38.51955
G1 X121.016 Y108.149 E38.62520
G1 X120.787 Y108.223 E38.63680
G1 X119.275 Y113.864 E38.91769
G1 X120.188 Y113.864 E38.96157
G1 X118.785 Y112.462 E39.05694
G1 X118.785 Y113.864 E39.12438
G1 X119.083 Y113.864 E39.13868
G1 E37.13868 F2400.000
G92 E0
G1 X118.785 Y94.247 F7800.000
G1 E2.00000 F2400.000
G1 F4800.000
G1 X118.785 Y96.561 E2.11128
G1 X131.215 Y93.230 E2.73017
G1 X131.215 Y92.170 E2.78114
G1 X118.785 Y79.741 E3.62655
G1 X118.785 Y79.935 E3.63587
G1 X121.143 Y71.136 E4.07401
G1 X121.823 Y71.136 E4.10669
G1 X121.823 Y71.793 E4.13832
G1 X118.785 Y72.607 E4.28955
G1 X118.785 Y73.197 E4.31792
G1 X131.215 Y85.626 E5.16333
G1 X131.215 Y87.186 E5.23836
G1 X125.531 Y108.397 E6.29454
G1 X126.763 Y108.795 E6.35679
G1 X128.989 Y108.199 E6.46763
G1 X129.628 Y108.920 E6.51399
G1 X130.234 Y108.724 E6.54461
G1 X128.857 Y113.864 E6.80055
G1 X127.933 Y113.864 E6.84500
G1 X128.154 Y113.213 E6.87811
G1 X131.215 Y112.393 E7.03049
G1 X131.215 Y111.803 E7.05886
G1 X122.443 Y103.032 E7.65548
G1 X122.295 Y102.596 E7.67761
G1 X130.725 Y71.136 E9.24412
G1 X129.812 Y71.136 E9.28799
G1 X131.215 Y72.538 E9.38337
G1 X131.215 Y74.067 E9.45694
G1 X127.661 Y75.020 E9.63389
G1 X127.532 Y75.399 E9.65317
G1 X131.215 Y79.082 E9.90368
G1 X131.215 Y78.858 E9.91445
G1 X118.785 Y82.189 E10.53333
G1 X118.785 Y84.502 E10.64461
;LAYER_CHANGE
;Z:9.62
;HEIGHT:0.3
G1 Z9.620 F7800.000
G1 X122.259 Y71.146
;TYPE:Perimeter
G1 F3600.000
G1 X122.112 Y71.312 E10.65525
G1 X122.112 Y74.645 E10.81557
G1 X124.219 Y77.022 E10.96836
G1 X127.091 Y76.095 E11.11351
G1 X128.152 Y72.979 E11.27185
G1 X127.529 Y71.146 E11.36494
G1 X131.504 Y71.146 E11.55614
G1 X131.504 Y100.776 E12.98121
G1 X129.719 Y100.200 E13.07140
G1 X127.612 Y102.577 E13.22418
G1 X127.612 Y105.910 E13.38450
G1 X129.719 Y108.287 E13.53728
G1 X131.504 Y107.711 E13.62747
G1 X131.504 Y113.854 E13.92293
G1 X127.529 Y113.854 E14.11412
G1 X128.152 Y112.021 E14.20722
G1 X127.091 Y108.905 E14.36556
G1 X124.219 Y107.978 E14.51071
G1 X122.112 Y110.355 E14.66350
G1 X122.112 Y113.688 E14.82381
G1 X122.259 Y113.854 E14.83446
G1 X118.496 Y113.854 E15.01541
G1 X118.496 Y108.035 E15.29525
G1 X118.719 Y108.287 E15.31142
G1 X121.591 Y107.360 E15.45657
G1 X122.652 Y104.243 E15.61491
G1 X121.591 Y101.127 E15.77325
G1 X118.719 Y100.200 E15.91840
G1 X118.496 Y100.451 E15.93457
G1 X118.496 Y71.146 E17.34403
G1 X122.199 Y71.146 E17.52209
G1 X122.497 Y71.458 F7800.000
G1 F3600.000
G1 X122.497 Y74.499 E17.66833
G1 X124.341 Y76.578 E17.80196
G1 X126.789 Y75.787 E17.92568
G1 X127.745 Y72.979 E18.06840
G1 X127.111 Y71.116 E18.16306
G1 X127.111 Y70.761 E18.18012
G1 X131.889 Y70.761 E18.40996
G1 X131.889 Y101.305 E19.87905
G1 X129.841 Y100.644 E19.98260
G1 X127.997 Y102.723 E20.11623
G1 X127.997 Y105.764 E20.26247
G1 X129.841 Y107.842 E20.39609
G1 X131.889 Y107.181 E20.49964
G1 X131.889 Y114.239 E20.83912
G1 X127.111 Y114.239 E21.06896
G1 X127.111 Y113.884 E21.08602
G1 X127.745 Y112.021 E21.18068
G1 X126.789 Y109.213 E21.32340
G1 X124.341 Y108.422 E21.44712
G1 X122.497 Y110.501 E21.58075
G1 X122.497 Y113.542 E21.72699
G1 X122.889 Y113.984 E21.75541
G1 X122.889 Y114.239 E21.76769
G1 X118.111 Y114.239 E21.99754
G1 X118.111 Y107.019 E22.34480
G1 X118.841 Y107.842 E22.39772
G1 X121.289 Y107.052 E22.52144
G1 X122.245 Y104.243 E22.66415
G1 X121.289 Y101.434 E22.80687
G1 X118.841 Y100.644 E22.93059
G1 X118.111 Y101.467 E22.98351
G1 X118.111 Y70.761 E24.46039
G1 X122.889 Y70.761 E24.69023
G1 X122.889 Y71.016 E24.70251
G1 X122.537 Y71.413 E24.72805
G1 X122.883 Y71.605 F7800.000
;TYPE:External perimeter
G1 F1800.000
G1 X122.883 Y74.353 E24.86021
G1 X124.462 Y76.133 E24.97468
G1 X126.486 Y75.480 E25.07698
G1 X127.338 Y72.979 E25.20406
G1 X126.725 Y71.179 E25.29548
G1 X126.725 Y70.375 E25.33416
G1 X132.275 Y70.375 E25.60110
G1 X132.275 Y101.897 E27.11718
G1 X132.039 Y101.897 E27.12855
G1 X131.986 Y101.742 E27.13642
G1 X129.962 Y101.089 E27.23872
G1 X128.383 Y102.869 E27.35318
G1 X128.383 Y105.617 E27.48535
G1 X129.962 Y107.398 E27.59981
G1 X131.986 Y106.745 E27.70211
G1 X132.039 Y106.590 E27.70998
G1 X132.275 Y106.590 E27.72135
G1 X132.275 Y114.625 E28.10782
G1 X126.725 Y114.625 E28.37475
G1 X126.725 Y113.821 E28.41343
G1 X127.338 Y112.021 E28.50485
G1 X126.486 Y109.520 E28.63194
G1 X124.462 Y108.867 E28.73424
G1 X122.883 Y110.647 E28.84871
G1 X122.883 Y113.395 E28.98087
G1 X123.275 Y113.837 E29.00929
G1 X123.275 Y114.625 E29.04716
G1 X117.725 Y114.625 E29.31409
G1 X117.725 Y106.590 E29.70056
G1 X118.245 Y106.590 E29.72558
G1 X118.962 Y107.398 E29.77754
G1 X120.986 Y106.745 E29.87983
G1 X121.838 Y104.243 E30.00693
G1 X120.986 Y101.742 E30.13402
G1 X118.962 Y101.089 E30.23631
G1 X118.245 Y101.897 E30.28827
G1 X117.725 Y101.897 E30.31329
G1 X117.725 Y70.375 E31.82937
G1 X123.275 Y70.375 E32.09631
G1 X123.275 Y71.163 E32.13418
G1 X122.923 Y71.560 E32.15971
G1 X122.518 Y71.768 F7800.000
G1 X118.785 Y75.084
;TYPE:Internal infill
G1 F4800.000
G1 X118.785 Y77.398 E32.27100
G1 X123.133 Y76.233 E32.48747
G1 X124.128 Y77.355 E32.55962
G1 X124.280 Y77.306 E32.56732
G1 X118.785 Y97.814 E33.58847
G1 X118.785 Y99.374 E33.66349
G1 X119.588 Y100.176 E33.71807
G1 X121.213 Y100.701 E33.80020
G1 X131.215 Y98.021 E34.29821
G1 X131.215 Y98.715 E34.33158
G1 X118.785 Y86.285 E35.17699
G1 X118.785 Y86.979 E35.21036
G1 X131.215 Y83.649 E35.82924
G1 X131.215 Y81.335 E35.94052
G1 X131.215 Y90.753 F7800.000
G1 F4800.000
G1 X131.215 Y88.439 E36.05181
G1 X118.785 Y91.770 E36.67069
G1 X118.785 Y92.830 E36.72166
G1 X127.840 Y101.884 E37.33751
G1 X129.375 Y100.153 E37.44879
G1 X127.421 Y106.131 F7800.000
G1 F4800.000
G1 X127.323 Y106.020 E37.45593
G1 X127.323 Y103.854 E37.56008
G1 X122.665 Y105.102 E37.79197
G1 X121.920 Y107.292 E37.90325
G1 X118.785 Y108.619 F7800.000
G1 F4800.000
G1 X118.785 Y110.933 E38.01453
G1 X121.969 Y110.079 E38.17307
G1 X122.429 Y109.561 E38.20637
G1 X120.790 Y107.922 E38.31786
G1 X120.875 Y107.895 E38.32217
G1 X119.356 Y113.564 E38.60448
G1 X119.888 Y113.564 E38.63006
G1 X118.785 Y112.462 E38.70503
G1 X118.785 Y113.564 E38.75804
G1 X119.163 Y113.564 E38.77620
G1 E36.77620 F2400.000
G92 E0
G1 X118.785 Y94.247 F7800.000
G1 E2.00000 F2400.000
G1 F4800.000
G1 X118.785 Y96.561 E2.11128
G1 X131.215 Y93.230 E2.73017
G1 X131.215 Y92.170 E2.78114
G1 X118.785 Y79.741 E3.62655
G1 X118.785 Y79.935 E3.63587
G1 X121.063 Y71.436 E4.05908
G1 X121.823 Y71.436 E4.09561
G1 X121.823 Y71.793 E4.11282
G1 X118.785 Y72.607 E4.26405
G1 X118.785 Y73.197 E4.29242
G1 X131.215 Y85.626 E5.13783
G1 X131.215 Y87.186 E5.21285
G1 X125.605 Y108.121 E6.25529
G1 X127.270 Y108.659 E6.33947
G1 X129.204 Y108.141 E6.43572
G1 X129.628 Y108.620 E6.46650
G1 X130.322 Y108.396 E6.50157
G1 X128.937 Y113.564 E6.75892
G1 X127.933 Y113.564 E6.80724
G1 X128.042 Y113.243 E6.82358
G1 X131.215 Y112.393 E6.98155
G1 X131.215 Y111.803 E7.00992
G1 X122.598 Y103.186 E7.59600
G1 X122.340 Y102.428 E7.63454
G1 X130.644 Y71.436 E9.17775
G1 X130.112 Y71.436 E9.20333
G1 X131.215 Y72.538 E9.27830
G1 X131.215 Y74.067 E9.35187
G1 X127.773 Y74.990 E9.52322
G1 X127.608 Y75.475 E9.54790
G1 X131.215 Y79.082 E9.79323
G1 X131.215 Y78.858 E9.80400
G1 X118.785 Y82.189 E10.42288
G1 X118.785 Y84.502 E10.53416
;LAYER_CHANGE
;Z:9.92
;HEIGHT:0.3
G1 Z9.920 F7800.000
G1 X122.259 Y71.446
;TYPE:Perimeter
G1 F3600.000
G1 X122.112 Y71.612 E10.54481
G1 X122.112 Y74.945 E10.70512
G1 X124.219 Y77.322 E10.85791
G1 X127.091 Y76.395 E11.00306
G1 X128.152 Y73.279 E11.16140
G1 X127.529 Y71.446 E11.25449
G1 X131.504 Y71.446 E11.44569
G1 X131.504 Y100.476 E12.84190
G1 X129.719 Y99.900 E12.93209
G1 X127.612 Y102.277 E13.08487
G1 X127.612 Y105.610 E13.24519
G1 X129.719 Y107.987 E13.39797
G1 X131.504 Y107.411 E13.48817
G1 X131.504 Y113.554 E13.78362
G1 X127.529 Y113.554 E13.97482
G1 X128.152 Y111.721 E14.06791
G1 X127.091 Y108.605 E14.22625
G1 X124.219 Y107.678 E14.37140
G1 X122.112 Y110.055 E14.52419
G1 X122.112 Y113.388 E14.68450
G1 X122.259 Y113.554 E14.69515
G1 X118.496 Y113.554 E14.87610
G1 X118.496 Y107.735 E15.15595
G1 X118.719 Y107.987 E15.17211
G1 X121.591 Y107.060 E15.31726
G1 X122.652 Y103.943 E15.47560
G1 X121.591 Y100.827 E15.63394
G1 X118.719 Y99.900 E15.77909
G1 X118.496 Y100.151 E15.79526
G1 X118.496 Y71.446 E17.17586
G1 X122.199 Y71.446 E17.35393
G1 X122.497 Y71.758 F7800.000
G1 F3600.000
G1 X122.497 Y74.799 E17.50017
G1 X124.341 Y76.878 E17.63379
G1 X126.789 Y76.087 E17.75752
G1 X127.745 Y73.279 E17.90023
G1 X127.111 Y71.416 E17.99489
G1 X127.111 Y71.061 E18.01195
G1 X131.889 Y71.061 E18.24180
G1 X131.889 Y101.005 E19.68203
G1 X129.841 Y100.344 E19.78558
G1 X127.997 Y102.423 E19.91920
G1 X127.997 Y105.464 E20.06545
G1 X129.841 Y107.542 E20.19907
G1 X131.889 Y106.881 E20.30262
G1 X131.889 Y113.939 E20.64209
G1 X127.111 Y113.939 E20.87194
G1 X127.111 Y113.584 E20.88900
G1 X127.745 Y111.721 E20.98366
G1 X126.789 Y108.913 E21.12637
G1 X124.341 Y108.122 E21.25010
G1 X122.497 Y110.201 E21.38373
G1 X122.497 Y113.242 E21.52997
G1 X122.889 Y113.684 E21.55839
G1 X122.889 Y113.939 E21.57067
G1 X118.111 Y113.939 E21.80051
G1 X118.111 Y106.719 E22.14778
G1 X118.841 Y107.542 E22.20069
G1 X121.289 Y106.752 E22.32441
G1 X122.245 Y103.943 E22.46713
G1 X121.289 Y101.134 E22.60985
G1 X118.841 Y100.344 E22.73357
G1 X118.111 Y101.167 E22.78649
G1 X118.111 Y71.061 E24.23451
G1 X122.889 Y71.061 E24.46435
G1 X122.889 Y71.316 E24.47663
G1 X122.537 Y71.713 E24.50217
G1 X122.883 Y71.905 F7800.000
;TYPE:External perimeter
G1 F1800.000
G1 X122.883 Y74.653 E24.63433
G1 X124.462 Y76.433 E24.74880
G1 X126.486 Y75.780 E24.85109
G1 X127.338 Y73.279 E24.97818
G1 X126.725 Y71.479 E25.06960
G1 X126.725 Y70.675 E25.10828
G1 X132.275 Y70.675 E25.37521
G1 X132.275 Y101.597 E26.86244
G1 X132.039 Y101.597 E26.87381
G1 X131.986 Y101.442 E26.88168
G1 X129.962 Y100.789 E26.98398
G1 X128.383 Y102.569 E27.09844
G1 X128.383 Y105.317 E27.23061
G1 X129.962 Y107.098 E27.34507
G1 X131.986 Y106.445 E27.44737
G1 X132.039 Y106.290 E27.45524
G1 X132.275 Y106.290 E27.46661
G1 X132.275 Y114.325 E27.85308
G1 X126.725 Y114.325 E28.12001
G1 X126.725 Y113.521 E28.15869
G1 X127.338 Y111.721 E28.25011
G1 X126.486 Y109.220 E28.37720
G1 X124.462 Y108.567 E28.47950
G1 X122.883 Y110.347 E28.59397
G1 X122.883 Y113.095 E28.72613
G1 X123.275 Y113.537 E28.75455
G1 X123.275 Y114.325 E28.79242
G1 X117.725 Y114.325 E29.05935
G1 X117.725 Y106.290 E29.44582
G1 X118.245 Y106.290 E29.47084
G1 X118.962 Y107.098 E29.52280
G1 X120.986 Y106.445 E29.62509
G1 X121.838 Y103.943 E29.75219
G1 X120.986 Y101.442 E29.87928
G1 X118.962 Y100.789 E29.98157
G1 X118.245 Y101.597 E30.03353
G1 X117.725 Y101.597 E30.05855
G1 X117.725 Y70.675 E31.54578
G1 X123.275 Y70.675 E31.81271
G1 X123.275 Y71.463 E31.85058
G1 X122.923 Y71.860 E31.87612
G1 X122.518 Y72.068 F7800.000
G1 X120.982 Y71.736
;TYPE:Internal infill
G1 F4800.000
G1 X118.785 Y79.935 E32.28439
G1 X118.785 Y79.741 E32.29370
G1 X131.215 Y92.170 E33.13912
G1 X131.215 Y93.230 E33.19009
G1 X118.785 Y96.561 E33.80897
G1 X118.785 Y94.247 E33.92025
G1 X118.785 Y84.502 F7800.000
G1 F4800.000
G1 X118.785 Y82.189 E34.03154
G1 X131.215 Y78.858 E34.65042
G1 X131.215 Y79.082 E34.66119
G1 X127.684 Y75.551 E34.90133
G1 X127.886 Y74.959 E34.93141
G1 X131.215 Y74.067 E35.09717
G1 X131.215 Y72.538 E35.17074
G1 X130.412 Y71.736 E35.22531
G1 X130.564 Y71.736 E35.23259
G1 X122.385 Y102.260 E36.75250
G1 X122.753 Y103.341 E36.80744
G1 X131.215 Y111.803 E37.38298
G1 X131.215 Y112.393 E37.41136
G1 X127.933 Y113.264 E37.57468
G1 X128.458 Y111.721 E37.65308
G1 X128.247 Y111.102 E37.68455
G1 X129.018 Y113.264 F7800.000
G1 F4800.000
G1 X130.410 Y108.068 E37.94331
G1 X129.628 Y108.320 E37.98283
G1 X129.418 Y108.083 E37.99803
G1 X127.403 Y108.623 E38.09839
G1 X127.318 Y108.374 E38.11104
G1 X125.679 Y107.845 E38.19389
G1 X131.215 Y87.186 E39.22258
G1 X131.215 Y85.626 E39.29760
G1 X118.785 Y73.197 E40.14301
G1 X118.785 Y72.607 E40.17139
G1 X121.823 Y71.793 E40.32261
G1 X121.823 Y74.107 E40.43389
G1 X118.785 Y75.084 F7800.000
G1 F4800.000
G1 X118.785 Y77.398 E40.54518
G1 X122.918 Y76.291 E40.75095
G1 X124.128 Y77.655 E40.83868
G1 X124.192 Y77.635 E40.84193
G1 X118.785 Y97.814 E41.84673
G1 X118.785 Y99.374 E41.92175
G1 X119.145 Y99.733 E41.94620
G1 X121.721 Y100.565 E42.07638
G1 X131.215 Y98.021 E42.54911
G1 X131.215 Y98.715 E42.58248
G1 X118.785 Y86.285 E43.42789
G1 X118.785 Y86.979 E43.46126
G1 X131.215 Y83.649 E44.08014
G1 X131.215 Y81.335 E44.19142
G1 X131.215 Y90.753 F7800.000
G1 F4800.000
G1 X131.215 Y88.439 E44.30270
G1 X118.785 Y91.770 E44.92159
G1 X118.785 Y92.830 E44.97256
G1 X127.699 Y101.743 E45.57882
G1 X129.234 Y100.012 E45.69010
G1 E43.69010 F2400.000
G92 E0
G1 X127.620 Y106.055 F7800.000
G1 E2.00000 F2400.000
G1 F4800.000
G1 X127.323 Y105.720 E2.02157
G1 X127.323 Y103.854 E2.11128
G1 X122.553 Y105.132 E2.34877
G1 X121.818 Y107.290 E2.45841
G1 X121.786 Y107.301 E2.46005
G1 X118.785 Y108.619 F7800.000
G1 F4800.000
G1 X118.785 Y110.933 E2.57134
G1 X121.823 Y110.119 E2.72256
G1 X121.823 Y109.945 E2.73091
G1 X122.288 Y109.420 E2.76465
G1 X120.563 Y107.695 E2.88197
G1 X120.963 Y107.566 E2.90219
G1 X119.436 Y113.264 E3.18592
G1 X119.588 Y113.264 E3.19320
G1 X118.785 Y112.462 E3.24776
G1 X118.785 Y111.125 E3.31206
;LAYER_CHANGE
;Z:10.22
;HEIGHT:0.3
G1 Z10.220 F7800.000
G1 E1.31206 F2400.000
G92 E0
G1 X122.259 Y71.746 F7800.000
G1 E2.00000 F2400.000
;TYPE:Perimeter
G1 F3600.000
G1 X122.112 Y71.912 E2.01064
G1 X122.112 Y75.245 E2.17096
G1 X124.219 Y77.622 E2.32375
G1 X127.091 Y76.695 E2.46890
G1 X128.152 Y73.579 E2.62723
G1 X127.529 Y71.746 E2.72033
G1 X131.504 Y71.746 E2.91152
G1 X131.504 Y100.176 E4.27888
G1 X129.719 Y99.600 E4.36907
G1 X127.612 Y101.977 E4.52185
G1 X127.612 Y105.310 E4.68217
G1 X129.719 Y107.687 E4.83495
G1 X131.504 Y107.111 E4.92515
G1 X131.504 Y113.254 E5.22060
G1 X127.529 Y113.254 E5.41180
G1 X128.152 Y111.421 E5.50489
G1 X127.091 Y108.305 E5.66323
G1 X124.219 Y107.378 E5.80838
G1 X122.112 Y109.755 E5.96117
G1 X122.112 Y113.088 E6.12148
G1 X122.259 Y113.254 E6.13213
G1 X118.496 Y113.254 E6.31308
G1 X118.496 Y107.435 E6.59293
G1 X118.719 Y107.687 E6.60909
G1 X121.591 Y106.760 E6.75424
G1 X122.652 Y103.643 E6.91258
G1 X121.591 Y100.527 E7.07092
G1 X118.719 Y99.600 E7.21607
G1 X118.496 Y99.851 E7.23224
G1 X118.496 Y71.746 E8.58398
G1 X122.199 Y71.746 E8.76205
G1 X122.497 Y72.058 F7800.000
G1 F3600.000
G1 X122.497 Y75.099 E8.90829
G1 X124.341 Y77.178 E9.04192
G1 X126.789 Y76.387 E9.16564
G1 X127.745 Y73.579 E9.30835
G1 X127.111 Y71.716 E9.40301
G1 X127.111 Y71.361 E9.42008
G1 X131.889 Y71.361 E9.64992
G1 X131.889 Y100.705 E11.06130
G1 X129.841 Y100.044 E11.16484
G1 X127.997 Y102.123 E11.29847
G1 X127.997 Y105.164 E11.44471
G1 X129.841 Y107.242 E11.57833
G1 X131.889 Y106.581 E11.68188
G1 X131.889 Y113.639 E12.02136
G1 X127.111 Y113.639 E12.25120
G1 X127.111 Y113.284 E12.26826
G1 X127.745 Y111.421 E12.36293
G1 X126.789 Y108.613 E12.50564
G1 X124.341 Y107.822 E12.62936
G1 X122.497 Y109.901 E12.76299
G1 X122.497 Y112.942 E12.90923
G1 X122.889 Y113.384 E12.93765
G1 X122.889 Y113.639 E12.94993
G1 X118.111 Y113.639 E13.17978
G1 X118.111 Y106.419 E13.52704
G1 X118.841 Y107.242 E13.57996
G1 X121.289 Y106.452 E13.70368
G1 X122.245 Y103.643 E13.84640
G1 X121.289 Y100.834 E13.98911
G1 X118.841 Y100.044 E14.11283
G1 X118.111 Y100.867 E14.16575
G1 X118.111 Y71.361 E15.58491
G1 X122.889 Y71.361 E15.81476
G1 X122.889 Y71.616 E15.82704
G1 X122.537 Y72.013 E15.85257
G1 X122.883 Y72.205 F7800.000
;TYPE:External perimeter
G1 F1800.000
G1 X122.883 Y74.953 E15.98474
G1 X124.462 Y76.733 E16.09921
G1 X126.486 Y76.080 E16.20150
G1 X127.338 Y73.579 E16.32859
G1 X126.725 Y71.779 E16.42001
G1 X126.725 Y70.975 E16.45869
G1 X132.275 Y70.975 E16.72562
G1 X132.275 Y101.297 E18.18399
G1 X132.039 Y101.297 E18.19536
G1 X131.986 Y101.142 E18.20323
G1 X129.962 Y100.489 E18.30553
G1 X128.383 Y102.269 E18.41999
G1 X128.383 Y105.017 E18.55216
G1 X129.962 Y106.798 E18.66662
G1 X131.986 Y106.145 E18.76891
G1 X132.039 Y105.990 E18.77679
G1 X132.275 Y105.990 E18.78816
G1 X132.275 Y114.025 E19.17463
G1 X126.725 Y114.025 E19.44156
G1 X126.725 Y113.221 E19.48024
G1 X127.338 Y111.421 E19.57166
G1 X126.486 Y108.920 E19.69875
G1 X124.462 Y108.267 E19.80104
G1 X122.883 Y110.047 E19.91551
G1 X122.883 Y112.795 E20.04768
G1 X123.275 Y113.237 E20.07610
G1 X123.275 Y114.025 E20.11397
G1 X117.725 Y114.025 E20.38090
G1 X117.725 Y105.990 E20.76737
G1 X118.245 Y105.990 E20.79239
G1 X118.962 Y106.798 E20.84435
G1 X120.986 Y106.145 E20.94664
G1 X121.838 Y103.643 E21.07373
G1 X120.986 Y101.142 E21.20083
G1 X118.962 Y100.489 E21.30312
G1 X118.245 Y101.297 E21.35508
G1 X117.725 Y101.297 E21.38010
G1 X117.725 Y70.975 E22.83847
G1 X123.275 Y70.975 E23.10540
G1 X123.275 Y71.763 E23.14327
G1 X122.923 Y72.160 E23.16881
G1 X122.518 Y72.368 F7800.000
G1 X118.785 Y75.084
;TYPE:Internal infill
G1 F4800.000
G1 X118.785 Y77.398 E23.28009
G1 X122.703 Y76.348 E23.47516
G1 X124.112 Y77.937 E23.57727
G1 X118.785 Y97.814 E24.56703
G1 X118.785 Y99.317 E24.63933
G1 X121.818 Y100.296 E24.79260
G1 X121.894 Y100.518 E24.80389
G1 X131.215 Y98.021 E25.26800
G1 X131.215 Y98.715 E25.30136
G1 X118.785 Y86.285 E26.14678
G1 X118.785 Y86.979 E26.18014
G1 X131.215 Y83.649 E26.79903
G1 X131.215 Y81.335 E26.91031
G1 X131.215 Y90.753 F7800.000
G1 F4800.000
G1 X131.215 Y88.439 E27.02159
G1 X118.785 Y91.770 E27.64048
G1 X118.785 Y92.830 E27.69145
G1 X127.558 Y101.602 E28.28812
G1 X127.819 Y105.980 F7800.000
G1 F4800.000
G1 X127.323 Y105.420 E28.32412
G1 X127.323 Y103.854 E28.39940
G1 X122.441 Y105.162 E28.64249
G1 X121.818 Y106.990 E28.73535
G1 X121.454 Y107.108 E28.75377
G1 X123.726 Y107.498 F7800.000
G1 F4800.000
G1 X124.128 Y107.045 E28.78294
G1 X125.753 Y107.569 E28.86505
G1 X131.215 Y87.186 E29.87999
G1 X131.215 Y85.626 E29.95501
G1 X118.785 Y73.197 E30.80043
G1 X118.785 Y72.607 E30.82880
G1 X120.918 Y72.036 E30.93500
G1 X120.902 Y72.036 E30.93579
G1 X118.785 Y79.935 E31.32912
G1 X118.785 Y79.741 E31.33844
G1 X131.215 Y92.170 E32.18385
G1 X131.215 Y93.230 E32.23482
G1 X118.785 Y96.561 E32.85371
G1 X118.785 Y94.247 E32.96499
G1 X118.785 Y84.502 F7800.000
G1 F4800.000
G1 X118.785 Y82.189 E33.07627
G1 X131.215 Y78.858 E33.69516
G1 X131.215 Y79.082 E33.70592
G1 X127.760 Y75.628 E33.94088
G1 X127.998 Y74.929 E33.97636
G1 X131.215 Y74.067 E34.13653
G1 X131.215 Y72.538 E34.21010
G1 X130.712 Y72.036 E34.24426
G1 X130.483 Y72.036 E34.25527
G1 X122.430 Y102.092 E35.75188
G1 X122.908 Y103.496 E35.82322
G1 X131.215 Y111.803 E36.38823
G1 X131.215 Y112.393 E36.41660
G1 X129.082 Y112.964 E36.52281
G1 X129.098 Y112.964 E36.52360
G1 X130.498 Y107.739 E36.78378
G1 X131.215 Y109.916 F7800.000
G1 F4800.000
G1 X131.215 Y107.602 E36.89506
G1 X127.497 Y108.598 E37.08019
G1 X128.242 Y110.789 E37.19147
G1 E35.19147 F2400.000
G92 E0
G1 X118.785 Y111.125 F7800.000
G1 E2.00000 F2400.000
G1 F4800.000
G1 X118.785 Y112.462 E2.06430
G1 X119.288 Y112.964 E2.09845
G1 X119.517 Y112.964 E2.10947
G1 X121.051 Y107.238 E2.39461
G1 X120.336 Y107.469 E2.43074
G1 X122.147 Y109.279 E2.55390
G1 X121.823 Y109.645 E2.57741
G1 X121.823 Y110.119 E2.60019
G1 X118.785 Y110.933 E2.75141
G1 X118.785 Y108.619 E2.86270
;LAYER_CHANGE
;Z:10.52
;HEIGHT:0.3
G1 Z10.520 F7800.000
G1 E0.86270 F2400.000
G92 E0
G1 X122.259 Y72.046 F7800.000
G1 E2.00000 F2400.000
;TYPE:Perimeter
G1 F3600.000
G1 X122.112 Y72.212 E2.01064
G1 X122.112 Y75.545 E2.17096
G1 X124.219 Y77.922 E2.32375
G1 X127.091 Y76.995 E2.46890
G1 X128.152 Y73.879 E2.62723
G1 X127.529 Y72.046 E2.72033
G1 X131.504 Y72.046 E2.91152
G1 X131.504 Y99.876 E4.25002
G1 X129.719 Y99.300 E4.34021
G1 X127.612 Y101.677 E4.49299
G1 X127.612 Y105.010 E4.65331
G1 X129.719 Y107.387 E4.80609
G1 X131.504 Y106.811 E4.89629
G1 X131.504 Y112.954 E5.19174
G1 X127.529 Y112.954 E5.38294
G1 X128.152 Y111.121 E5.47603
G1 X127.091 Y108.005 E5.63437
G1 X124.219 Y107.078 E5.77952
G1 X122.112 Y109.455 E5.93231
G1 X122.112 Y112.788 E6.09263
G1 X122.259 Y112.954 E6.10327
G1 X118.496 Y112.954 E6.28422
G1 X118.496 Y107.135 E6.56407
G1 X118.719 Y107.387 E6.58023
G1 X121.591 Y106.460 E6.72538
G1 X122.652 Y103.343 E6.88372
G1 X121.591 Y100.227 E7.04207
G1 X118.719 Y99.300 E7.18722
G1 X118.496 Y99.551 E7.20338
G1 X118.496 Y72.046 E8.52627
G1 X122.199 Y72.046 E8.70434
G1 X122.497 Y72.358 F7800.000
G1 F3600.000
G1 X122.497 Y75.399 E8.85058
G1 X124.341 Y77.478 E8.98420
G1 X126.789 Y76.687 E9.10793
G1 X127.745 Y73.879 E9.25064
G1 X127.111 Y72.016 E9.34530
G1 X127.111 Y71.661 E9.36236
G1 X131.889 Y71.661 E9.59220
G1 X131.889 Y100.405 E10.97472
G1 X129.841 Y99.744 E11.07827
G1 X127.997 Y101.823 E11.21189
G1 X127.997 Y104.864 E11.35814
G1 X129.841 Y106.942 E11.49176
G1 X131.889 Y106.281 E11.59531
G1 X131.889 Y113.339 E11.93479
G1 X127.111 Y113.339 E12.16463
G1 X127.111 Y112.984 E12.18169
G1 X127.745 Y111.121 E12.27635
G1 X126.789 Y108.313 E12.41907
G1 X124.341 Y107.522 E12.54279
G1 X122.497 Y109.601 E12.67642
G1 X122.497 Y112.642 E12.82266
G1 X122.889 Y113.084 E12.85108
G1 X122.889 Y113.339 E12.86336
G1 X118.111 Y113.339 E13.09320
G1 X118.111 Y106.119 E13.44047
G1 X118.841 Y106.942 E13.49339
G1 X121.289 Y106.152 E13.61711
G1 X122.245 Y103.343 E13.75982
G1 X121.289 Y100.534 E13.90254
G1 X118.841 Y99.744 E14.02626
G1 X118.111 Y100.567 E14.07918
G1 X118.111 Y71.661 E15.46948
G1 X122.889 Y71.661 E15.69933
G1 X122.889 Y71.916 E15.71161
G1 X122.537 Y72.313 E15.73714
G1 X122.883 Y72.505 F7800.000
;TYPE:External perimeter
G1 F1800.000
G1 X122.883 Y75.253 E15.86931
G1 X124.462 Y77.033 E15.98378
G1 X126.486 Y76.380 E16.08607
G1 X127.338 Y73.879 E16.21316
G1 X126.725 Y72.079 E16.30458
G1 X126.725 Y71.275 E16.34326
G1 X132.275 Y71.275 E16.61019
G1 X132.275 Y100.997 E18.03970
G1 X132.039 Y100.997 E18.05107
G1 X131.986 Y100.842 E18.05894
G1 X129.962 Y100.189 E18.16124
G1 X128.383 Y101.969 E18.27570
G1 X128.383 Y104.717 E18.40787
G1 X129.962 Y106.498 E18.52233
G1 X131.986 Y105.845 E18.62463
G1 X132.039 Y105.690 E18.63250
G1 X132.275 Y105.690 E18.64387
G1 X132.275 Y113.725 E19.03034
G1 X126.725 Y113.725 E19.29727
G1 X126.725 Y112.921 E19.33595
G1 X127.338 Y111.121 E19.42737
G1 X126.486 Y108.620 E19.55446
G1 X124.462 Y107.967 E19.65676
G1 X122.883 Y109.747 E19.77123
G1 X122.883 Y112.495 E19.90339
G1 X123.275 Y112.937 E19.93181
G1 X123.275 Y113.725 E19.96968
G1 X117.725 Y113.725 E20.23661
G1 X117.725 Y105.690 E20.62308
G1 X118.245 Y105.690 E20.64810
G1 X118.962 Y106.498 E20.70006
G1 X120.986 Y105.845 E20.80236
G1 X121.838 Y103.343 E20.92945
G1 X120.986 Y100.842 E21.05654
G1 X118.962 Y100.189 E21.15883
G1 X118.245 Y100.997 E21.21079
G1 X117.725 Y100.997 E21.23581
G1 X117.725 Y71.275 E22.66532
G1 X123.275 Y71.275 E22.93226
G1 X123.275 Y72.063 E22.97012
G1 X122.923 Y72.460 E22.99566
G1 X122.518 Y72.668 F7800.000
G1 X121.823 Y74.345
;TYPE:Internal infill
G1 F4800.000
G1 X121.823 Y75.655 E23.05869
G1 X122.488 Y76.406 E23.10694
G1 X118.785 Y77.398 E23.29131
G1 X118.785 Y75.084 E23.40259
G1 X124.050 Y78.167 F7800.000
G1 F4800.000
G1 X118.785 Y97.814 E24.38088
G1 X118.785 Y99.017 E24.43875
G1 X119.842 Y99.358 E24.49216
G1 X118.785 Y94.247 F7800.000
G1 F4800.000
G1 X118.785 Y96.561 E24.60344
G1 X131.215 Y93.230 E25.22233
G1 X131.215 Y92.170 E25.27330
G1 X118.785 Y79.741 E26.11871
G1 X118.785 Y79.935 E26.12803
G1 X120.822 Y72.336 E26.50642
G1 X119.799 Y72.336 E26.55562
G1 X118.785 Y72.607 E26.60608
G1 X118.785 Y73.197 E26.63445
G1 X131.215 Y85.626 E27.47986
G1 X131.215 Y87.186 E27.55489
G1 X127.378 Y101.504 E28.26784
G1 X127.417 Y101.461 E28.27064
G1 X118.785 Y92.830 E28.85771
G1 X118.785 Y91.770 E28.90869
G1 X131.215 Y88.439 E29.52757
G1 X131.215 Y90.753 E29.63885
G1 X131.215 Y81.335 F7800.000
G1 F4800.000
G1 X131.215 Y83.649 E29.75013
G1 X118.785 Y86.979 E30.36902
G1 X118.785 Y86.285 E30.40239
G1 X131.215 Y98.715 E31.24780
G1 X131.215 Y98.021 E31.28116
G1 X121.987 Y100.493 E31.74061
G1 X122.475 Y101.924 E31.81332
G1 X130.403 Y72.336 E33.28664
G1 X131.012 Y72.336 E33.31594
G1 X131.215 Y72.538 E33.32970
G1 X131.215 Y74.067 E33.40327
G1 X128.110 Y74.899 E33.55783
G1 X127.836 Y75.704 E33.59871
G1 X131.215 Y79.082 E33.82849
G1 X131.215 Y78.858 E33.83926
G1 X118.785 Y82.189 E34.45814
G1 X118.785 Y84.502 E34.56943
G1 E32.56943 F2400.000
G92 E0
G1 X118.785 Y111.125 F7800.000
G1 E2.00000 F2400.000
G1 F4800.000
G1 X118.785 Y112.462 E2.06430
G1 X118.988 Y112.664 E2.07805
G1 X119.597 Y112.664 E2.10736
G1 X121.139 Y106.909 E2.39391
G1 X120.109 Y107.242 E2.44595
G1 X122.006 Y109.138 E2.57495
G1 X121.823 Y109.345 E2.58824
G1 X121.823 Y110.119 E2.62545
G1 X118.785 Y110.933 E2.77667
G1 X118.785 Y108.619 E2.88795
G1 X123.777 Y107.140 F7800.000
G1 F4800.000
G1 X124.128 Y106.745 E2.91338
G1 X125.827 Y107.293 E2.99924
G1 X127.323 Y101.711 E3.27717
G1 X127.323 Y102.390 E3.30981
G1 X128.018 Y105.904 F7800.000
G1 F4800.000
G1 X127.323 Y105.120 E3.36024
G1 X127.323 Y103.854 E3.42109
G1 X122.328 Y105.193 E3.66978
G1 X122.906 Y103.495 E3.75605
G1 X127.123 Y107.711 E4.04286
G1 X127.318 Y107.774 E4.05273
G1 X127.386 Y107.975 E4.06291
G1 X131.215 Y111.803 E4.32329
G1 X131.215 Y112.393 E4.35167
G1 X130.201 Y112.664 E4.40212
G1 X129.178 Y112.664 E4.45132
G1 X130.586 Y107.411 E4.71291
G1 X131.215 Y107.208 E4.74468
G1 X131.215 Y107.602 E4.76364
G1 X127.590 Y108.573 E4.94411
G1 X128.336 Y110.764 E5.05539
;LAYER_CHANGE
;Z:10.82
;HEIGHT:0.299999
G1 Z10.820 F7800.000
G1 X122.259 Y72.346
;TYPE:Perimeter
G1 F3600.000
G1 X122.112 Y72.512 E5.06604
G1 X122.112 Y75.845 E5.22635
G1 X124.219 Y78.222 E5.37914
G1 X127.091 Y77.295 E5.52429
G1 X128.152 Y74.179 E5.68263
G1 X127.529 Y72.346 E5.77572
G1 X131.504 Y72.346 E5.96692
G1 X131.504 Y99.576 E7.27655
G1 X129.719 Y99.000 E7.36675
G1 X127.612 Y101.377 E7.51953
G1 X127.612 Y104.710 E7.67985
G1 X129.719 Y107.087 E7.83263
G1 X131.504 Y106.511 E7.92282
G1 X131.504 Y112.654 E8.21828
G1 X127.529 Y112.654 E8.40947
G1 X128.152 Y110.821 E8.50257
G1 X127.091 Y107.705 E8.66090
G1 X124.219 Y106.778 E8.80606
G1 X122.112 Y109.155 E8.95885
G1 X122.112 Y112.488 E9.11916
G1 X122.259 Y112.654 E9.12980
G1 X118.496 Y112.654 E9.31076
G1 X118.496 Y106.835 E9.59060
G1 X118.719 Y107.087 E9.60677
G1 X121.591 Y106.160 E9.75192
G1 X122.652 Y103.043 E9.91026
G1 X121.591 Y99.927 E10.06860
G1 X118.719 Y99.000 E10.21375
G1 X118.496 Y99.251 E10.22992
G1 X118.496 Y72.346 E11.52394
G1 X122.199 Y72.346 E11.70201
G1 X122.497 Y72.658 F7800.000
G1 F3600.000
G1 X122.497 Y75.699 E11.84825
G1 X124.341 Y77.778 E11.98188
G1 X126.789 Y76.987 E12.10560
G1 X127.745 Y74.179 E12.24831
G1 X127.111 Y72.316 E12.34298
G1 X127.111 Y71.961 E12.36004
G1 X131.889 Y71.961 E12.58988
G1 X131.889 Y100.105 E13.94354
G1 X129.841 Y99.444 E14.04709
G1 X127.997 Y101.523 E14.18071
G1 X127.997 Y104.564 E14.32696
G1 X129.841 Y106.642 E14.46058
G1 X131.889 Y105.981 E14.56413
G1 X131.889 Y113.039 E14.90361
G1 X127.111 Y113.039 E15.13345
G1 X127.111 Y112.684 E15.15051
G1 X127.745 Y110.821 E15.24517
G1 X126.789 Y108.013 E15.38788
G1 X124.341 Y107.222 E15.51161
G1 X122.497 Y109.301 E15.64524
G1 X122.497 Y112.342 E15.79148
G1 X122.889 Y112.784 E15.81990
G1 X122.889 Y113.039 E15.83218
G1 X118.111 Y113.039 E16.06202
G1 X118.111 Y105.819 E16.40929
G1 X118.841 Y106.642 E16.46220
G1 X121.289 Y105.852 E16.58593
G1 X122.245 Y103.043 E16.72864
G1 X121.289 Y100.234 E16.87136
G1 X118.841 Y99.444 E16.99508
G1 X118.111 Y100.267 E17.04800
G1 X118.111 Y71.961 E18.40944
G1 X122.889 Y71.961 E18.63929
G1 X122.889 Y72.216 E18.65157
G1 X122.537 Y72.613 E18.67710
G1 X122.883 Y72.805 F7800.000
;TYPE:External perimeter
G1 F1800.000
G1 X122.883 Y75.553 E18.80927
G1 X124.462 Y77.333 E18.92374
G1 X126.486 Y76.680 E19.02603
G1 X127.338 Y74.179 E19.15312
G1 X126.725 Y72.379 E19.24454
G1 X126.725 Y71.575 E19.28322
G1 X132.275 Y71.575 E19.55015
G1 X132.275 Y100.697 E20.95080
G1 X132.039 Y100.697 E20.96217
G1 X131.986 Y100.542 E20.97005
G1 X129.962 Y99.889 E21.07234
G1 X128.383 Y101.669 E21.18680
G1 X128.383 Y104.417 E21.31897
G1 X129.962 Y106.198 E21.43344
G1 X131.986 Y105.545 E21.53573
G1 X132.039 Y105.390 E21.54361
G1 X132.275 Y105.390 E21.55497
G1 X132.275 Y113.425 E21.94144
G1 X126.725 Y113.425 E22.20838
G1 X126.725 Y112.621 E22.24706
G1 X127.338 Y110.821 E22.33847
G1 X126.486 Y108.320 E22.46556
G1 X124.462 Y107.667 E22.56786
G1 X122.883 Y109.447 E22.68233
G1 X122.883 Y112.195 E22.81449
G1 X123.275 Y112.637 E22.84291
G1 X123.275 Y113.425 E22.88078
G1 X117.725 Y113.425 E23.14772
G1 X117.725 Y105.390 E23.53419
G1 X118.245 Y105.390 E23.55920
G1 X118.962 Y106.198 E23.61116
G1 X120.986 Y105.545 E23.71346
G1 X121.838 Y103.043 E23.84055
G1 X120.986 Y100.542 E23.96764
G1 X118.962 Y99.889 E24.06993
G1 X118.245 Y100.697 E24.12190
G1 X117.725 Y100.697 E24.14691
G1 X117.725 Y71.575 E25.54756
G1 X123.275 Y71.575 E25.81450
G1 X123.275 Y72.363 E25.85237
G1 X122.923 Y72.760 E25.87790
G1 X122.518 Y72.968 F7800.000
G1 X122.273 Y76.463
;TYPE:Internal infill
G1 F4800.000
G1 X118.785 Y77.398 E26.05157
G1 X118.785 Y75.084 E26.16285
G1 X118.785 Y84.502 F7800.000
G1 F4800.000
G1 X118.785 Y82.189 E26.27413
G1 X131.215 Y78.858 E26.89302
G1 X131.215 Y79.082 E26.90379
G1 X127.913 Y75.780 E27.12838
G1 X128.223 Y74.869 E27.17467
G1 X131.215 Y74.067 E27.32363
G1 X131.215 Y72.636 E27.39250
G1 X130.323 Y72.636 E27.43540
G1 X122.520 Y101.756 E28.88541
G1 X122.081 Y100.468 E28.95087
G1 X131.215 Y98.021 E29.40565
G1 X131.215 Y98.715 E29.43902
G1 X118.785 Y86.285 E30.28443
G1 X118.785 Y86.979 E30.31780
G1 X131.215 Y83.649 E30.93668
G1 X131.215 Y81.335 E31.04797
G1 X126.342 Y77.841 F7800.000
G1 F4800.000
G1 X124.140 Y78.552 E31.15925
G1 X131.215 Y85.626 E31.64045
G1 X131.215 Y87.186 E31.71548
G1 X127.493 Y101.074 E32.40702
G1 X129.028 Y99.343 E32.51830
G1 X131.215 Y90.753 F7800.000
G1 F4800.000
G1 X131.215 Y88.439 E32.62958
G1 X118.785 Y91.770 E33.24847
G1 X118.785 Y92.830 E33.29944
G1 X127.323 Y101.367 E33.88012
G1 X127.323 Y101.711 E33.89669
G1 X125.901 Y107.017 E34.16088
G1 X126.680 Y107.268 E34.20025
G1 X122.830 Y103.418 E34.46212
G1 X122.216 Y105.223 E34.55379
G1 X127.323 Y103.854 E34.80807
G1 X127.323 Y104.820 E34.85450
G1 X128.217 Y105.829 E34.91935
G1 X131.215 Y109.489 F7800.000
G1 F4800.000
G1 X131.215 Y111.803 E35.03063
G1 X127.541 Y108.130 E35.28048
G1 X127.684 Y108.548 E35.30174
G1 X131.215 Y107.602 E35.47755
G1 X131.215 Y106.908 E35.51094
G1 X130.674 Y107.082 E35.53826
G1 X129.259 Y112.364 E35.80127
G1 X127.933 Y112.364 E35.86505
G1 X128.251 Y111.430 E35.91255
G1 E33.91255 F2400.000
G92 E0
G1 X121.823 Y112.196 F7800.000
G1 E2.00000 F2400.000
G1 F4800.000
G1 X121.823 Y112.364 E2.00811
G1 X119.677 Y112.364 E2.11128
G1 X121.227 Y106.581 E2.39925
G1 X119.883 Y107.015 E2.46720
G1 X121.865 Y108.997 E2.60203
G1 X121.823 Y109.045 E2.60510
G1 X121.823 Y110.119 E2.65674
G1 X118.785 Y110.933 E2.80797
G1 X118.785 Y108.619 E2.91925
G1 E0.91925 F2400.000
G92 E0
G1 X120.128 Y99.150 F7800.000
G1 E2.00000 F2400.000
G1 F4800.000
G1 X118.785 Y98.717 E2.06784
G1 X118.785 Y97.814 E2.11128
G1 X123.988 Y78.397 E3.07810
G1 X124.007 Y78.418 E3.07943
G1 X118.785 Y73.197 E3.43457
G1 X118.785 Y72.636 E3.46157
G1 X120.741 Y72.636 E3.55564
G1 X118.785 Y79.935 E3.91910
G1 X118.785 Y79.741 E3.92841
G1 X131.215 Y92.170 E4.77383
G1 X131.215 Y93.230 E4.82480
G1 X118.785 Y96.561 E5.44368
G1 X118.785 Y94.247 E5.55497
M106 S226.95
;LAYER_CHANGE
;Z:11.12
;HEIGHT:0.3
G1 Z11.120 F7800.000
G1 X122.259 Y72.646
;TYPE:Perimeter
G1 F3600.000
G1 X122.112 Y72.812 E5.56561
G1 X122.112 Y76.145 E5.72593
G1 X124.219 Y78.522 E5.87871
G1 X127.091 Y77.595 E6.02386
G1 X128.152 Y74.479 E6.18220
G1 X127.529 Y72.646 E6.27529
G1 X131.504 Y72.646 E6.46649
G1 X131.504 Y99.276 E7.74727
G1 X129.719 Y98.700 E7.83746
G1 X127.612 Y101.077 E7.99024
G1 X127.612 Y104.410 E8.15057
G1 X129.719 Y106.787 E8.30335
G1 X131.504 Y106.211 E8.39354
G1 X131.504 Y112.354 E8.68899
G1 X127.529 Y112.354 E8.88019
G1 X128.152 Y110.521 E8.97328
G1 X127.091 Y107.405 E9.13162
G1 X124.219 Y106.478 E9.27677
G1 X122.112 Y108.855 E9.42956
G1 X122.112 Y112.188 E9.58988
G1 X122.259 Y112.354 E9.60052
G1 X118.496 Y112.354 E9.78147
G1 X118.496 Y106.535 E10.06132
G1 X118.719 Y106.787 E10.07748
G1 X121.591 Y105.860 E10.22263
G1 X122.652 Y102.743 E10.38097
G1 X121.591 Y99.627 E10.53932
G1 X118.719 Y98.700 E10.68447
G1 X118.496 Y98.951 E10.70063
G1 X118.496 Y72.646 E11.96580
G1 X122.199 Y72.646 E12.14387
G1 X122.497 Y72.958 F7800.000
G1 F3600.000
G1 X122.497 Y75.999 E12.29011
G1 X124.341 Y78.078 E12.42374
G1 X126.789 Y77.287 E12.54746
G1 X127.745 Y74.479 E12.69017
G1 X127.111 Y72.616 E12.78483
G1 X127.111 Y72.261 E12.80190
G1 X131.889 Y72.261 E13.03174
G1 X131.889 Y99.805 E14.35654
G1 X129.841 Y99.144 E14.46009
G1 X127.997 Y101.223 E14.59371
G1 X127.997 Y104.264 E14.73996
G1 X129.841 Y106.342 E14.87358
G1 X131.889 Y105.681 E14.97713
G1 X131.889 Y112.739 E15.31660
G1 X127.111 Y112.739 E15.54645
G1 X127.111 Y112.384 E15.56351
G1 X127.745 Y110.521 E15.65817
G1 X126.789 Y107.713 E15.80088
G1 X124.341 Y106.922 E15.92461
G1 X122.497 Y109.001 E16.05824
G1 X122.497 Y112.042 E16.20448
G1 X122.889 Y112.484 E16.23290
G1 X122.889 Y112.739 E16.24518
G1 X118.111 Y112.739 E16.47502
G1 X118.111 Y105.519 E16.82229
G1 X118.841 Y106.342 E16.87520
G1 X121.289 Y105.552 E16.99893
G1 X122.245 Y102.743 E17.14164
G1 X121.289 Y99.934 E17.28436
G1 X118.841 Y99.144 E17.40808
G1 X118.111 Y99.967 E17.46100
G1 X118.111 Y72.261 E18.79359
G1 X122.889 Y72.261 E19.02343
G1 X122.889 Y72.516 E19.03571
G1 X122.537 Y72.913 E19.06125
G1 X122.883 Y73.105 F7800.000
;TYPE:External perimeter
G1 F1800.000
G1 X122.883 Y75.853 E19.19341
G1 X124.462 Y77.633 E19.30788
G1 X126.486 Y76.980 E19.41017
G1 X127.338 Y74.479 E19.53726
G1 X126.725 Y72.679 E19.62868
G1 X126.725 Y71.875 E19.66736
G1 X132.275 Y71.875 E19.93429
G1 X132.275 Y100.397 E21.30609
G1 X132.039 Y100.397 E21.31745
G1 X131.986 Y100.242 E21.32533
G1 X129.962 Y99.589 E21.42762
G1 X128.383 Y101.369 E21.54209
G1 X128.383 Y104.117 E21.67426
G1 X129.962 Y105.898 E21.78872
G1 X131.986 Y105.245 E21.89101
G1 X132.039 Y105.090 E21.89889
G1 X132.275 Y105.090 E21.91026
G1 X132.275 Y113.125 E22.29672
G1 X126.725 Y113.125 E22.56366
G1 X126.725 Y112.321 E22.60234
G1 X127.338 Y110.521 E22.69376
G1 X126.486 Y108.020 E22.82085
G1 X124.462 Y107.367 E22.92314
G1 X122.883 Y109.147 E23.03761
G1 X122.883 Y111.895 E23.16977
G1 X123.275 Y112.337 E23.19820
G1 X123.275 Y113.125 E23.23606
G1 X117.725 Y113.125 E23.50300
G1 X117.725 Y105.090 E23.88947
G1 X118.245 Y105.090 E23.91449
G1 X118.962 Y105.898 E23.96645
G1 X120.986 Y105.245 E24.06874
G1 X121.838 Y102.743 E24.19583
G1 X120.986 Y100.242 E24.32292
G1 X118.962 Y99.589 E24.42522
G1 X118.245 Y100.397 E24.47718
G1 X117.725 Y100.397 E24.50220
G1 X117.725 Y71.875 E25.87399
G1 X123.275 Y71.875 E26.14093
G1 X123.275 Y72.663 E26.17879
G1 X122.923 Y73.060 E26.20433
G1 X122.518 Y73.268 F7800.000
G1 X118.785 Y75.084
;TYPE:Internal infill
G1 F4800.000
G1 X118.785 Y77.398 E26.31561
G1 X122.058 Y76.521 E26.47858
G1 X121.823 Y76.255 E26.49567
G1 X121.823 Y76.234 E26.49667
G1 X118.785 Y73.197 E26.70325
G1 X118.785 Y72.936 E26.71582
G1 X120.661 Y72.936 E26.80602
G1 X118.785 Y79.935 E27.15454
G1 X118.785 Y79.741 E27.16386
G1 X131.215 Y92.170 E28.00927
G1 X131.215 Y93.230 E28.06024
G1 X118.785 Y96.561 E28.67913
G1 X118.785 Y94.247 E28.79041
G1 X120.413 Y98.943 F7800.000
G1 F4800.000
G1 X118.785 Y98.417 E28.87268
G1 X118.785 Y97.814 E28.90169
G1 X123.926 Y78.628 E29.85704
G1 X124.128 Y78.855 E29.87167
G1 X124.367 Y78.778 E29.88372
G1 X131.215 Y85.626 E30.34950
G1 X131.215 Y87.186 E30.42453
G1 X127.608 Y100.644 E31.09466
G1 X129.143 Y98.913 E31.20595
G1 X131.215 Y90.753 F7800.000
G1 F4800.000
G1 X131.215 Y88.439 E31.31723
G1 X118.785 Y91.770 E31.93611
G1 X118.785 Y92.830 E31.98708
G1 X127.323 Y101.367 E32.56777
G1 X127.323 Y101.711 E32.58433
G1 X125.975 Y106.741 E32.83477
G1 X126.237 Y106.825 E32.84802
G1 X122.754 Y103.342 E33.08493
G1 X122.166 Y105.070 E33.17273
G1 X118.785 Y108.468 F7800.000
G1 F4800.000
G1 X118.785 Y107.069 E33.24003
G1 X119.656 Y106.788 E33.28401
G1 X121.823 Y108.955 E33.43139
G1 X121.823 Y110.119 E33.48737
G1 X118.785 Y110.933 E33.63859
G1 X118.785 Y112.064 E33.69303
G1 X119.758 Y112.064 E33.73979
G1 X121.315 Y106.253 E34.02917
G1 X121.818 Y106.090 E34.05461
G1 X122.103 Y105.253 E34.09715
G1 X127.323 Y103.854 E34.35703
G1 X127.323 Y104.520 E34.38903
G1 X128.416 Y105.753 E34.46832
G1 X131.215 Y109.489 F7800.000
G1 F4800.000
G1 X131.215 Y111.803 E34.57960
G1 X127.696 Y108.285 E34.81891
G1 X127.777 Y108.523 E34.83103
G1 X131.215 Y107.602 E35.00217
G1 X131.215 Y106.608 E35.04999
G1 X130.762 Y106.754 E35.07286
G1 X129.339 Y112.064 E35.33728
G1 X127.933 Y112.064 E35.40494
G1 X128.225 Y111.206 E35.44857
G1 X118.785 Y84.502 F7800.000
G1 F4800.000
G1 X118.785 Y82.189 E35.55985
G1 X131.215 Y78.858 E36.17873
G1 X131.215 Y79.082 E36.18950
G1 X127.989 Y75.856 E36.40891
G1 X128.335 Y74.839 E36.46060
G1 X131.215 Y74.067 E36.60397
G1 X131.215 Y72.936 E36.65841
G1 X130.242 Y72.936 E36.70517
G1 X122.565 Y101.589 E38.13189
G1 X122.175 Y100.443 E38.19009
G1 X129.536 Y98.471 E38.55662
G1 X129.628 Y98.366 E38.56332
G1 X129.763 Y98.410 E38.57011
G1 X131.215 Y98.021 E38.64241
G1 X131.215 Y98.715 E38.67578
G1 X118.785 Y86.285 E39.52119
G1 X118.785 Y86.979 E39.55455
G1 X131.215 Y83.649 E40.17344
G1 X131.215 Y81.335 E40.28472
;LAYER_CHANGE
;Z:11.42
;HEIGHT:0.3
G1 Z11.420 F7800.000
G1 E38.28472 F2400.000
G92 E0
G1 X122.259 Y72.946 F7800.000
G1 E2.00000 F2400.000
;TYPE:Perimeter
G1 F3600.000
G1 X122.112 Y73.112 E2.01064
G1 X122.112 Y76.445 E2.17096
G1 X124.219 Y78.822 E2.32375
G1 X127.091 Y77.895 E2.46890
G1 X128.152 Y74.779 E2.62723
G1 X127.529 Y72.946 E2.72033
G1 X131.504 Y72.946 E2.91152
G1 X131.504 Y98.976 E4.16345
G1 X129.719 Y98.400 E4.25364
G1 X127.612 Y100.777 E4.40642
G1 X127.612 Y104.110 E4.56674
G1 X129.719 Y106.487 E4.71952
G1 X131.504 Y105.911 E4.80971
G1 X131.504 Y112.054 E5.10517
G1 X127.529 Y112.054 E5.29636
G1 X128.152 Y110.221 E5.38946
G1 X127.091 Y107.105 E5.54780
G1 X124.219 Y106.178 E5.69295
G1 X122.112 Y108.555 E5.84574
G1 X122.112 Y111.888 E6.00605
G1 X122.259 Y112.054 E6.01670
G1 X118.496 Y112.054 E6.19765
G1 X118.496 Y106.235 E6.47749
G1 X118.719 Y106.487 E6.49366
G1 X121.591 Y105.560 E6.63881
G1 X122.652 Y102.443 E6.79715
G1 X121.591 Y99.327 E6.95549
G1 X118.719 Y98.400 E7.10064
G1 X118.496 Y98.651 E7.11681
G1 X118.496 Y72.946 E8.35312
G1 X122.199 Y72.946 E8.53119
G1 X122.497 Y73.258 F7800.000
G1 F3600.000
G1 X122.497 Y76.299 E8.67743
G1 X124.341 Y78.378 E8.81105
G1 X126.789 Y77.587 E8.93478
G1 X127.745 Y74.779 E9.07749
G1 X127.111 Y72.916 E9.17215
G1 X127.111 Y72.561 E9.18921
G1 X131.889 Y72.561 E9.41905
G1 X131.889 Y99.505 E10.71500
G1 X129.841 Y98.844 E10.81855
G1 X127.997 Y100.923 E10.95217
G1 X127.997 Y103.964 E11.09842
G1 X129.841 Y106.042 E11.23204
G1 X131.889 Y105.381 E11.33559
G1 X131.889 Y112.439 E11.67506
G1 X127.111 Y112.439 E11.90491
G1 X127.111 Y112.084 E11.92197
G1 X127.745 Y110.221 E12.01663
G1 X126.789 Y107.413 E12.15934
G1 X124.341 Y106.622 E12.28307
G1 X122.497 Y108.701 E12.41670
G1 X122.497 Y111.742 E12.56293
G1 X122.889 Y112.184 E12.59136
G1 X122.889 Y112.439 E12.60364
G1 X118.111 Y112.439 E12.83348
G1 X118.111 Y105.219 E13.18074
G1 X118.841 Y106.042 E13.23366
G1 X121.289 Y105.252 E13.35738
G1 X122.245 Y102.443 E13.50010
G1 X121.289 Y99.634 E13.64282
G1 X118.841 Y98.844 E13.76654
G1 X118.111 Y99.667 E13.81945
G1 X118.111 Y72.561 E15.12319
G1 X122.889 Y72.561 E15.35303
G1 X122.889 Y72.816 E15.36531
G1 X122.537 Y73.213 E15.39085
G1 X122.883 Y73.405 F7800.000
;TYPE:External perimeter
G1 F1800.000
G1 X122.883 Y76.153 E15.52301
G1 X124.462 Y77.933 E15.63748
G1 X126.486 Y77.280 E15.73977
G1 X127.338 Y74.779 E15.86686
G1 X126.725 Y72.979 E15.95828
G1 X126.725 Y72.175 E15.99696
G1 X132.275 Y72.175 E16.26389
G1 X132.275 Y100.097 E17.60683
G1 X132.039 Y100.097 E17.61820
G1 X131.986 Y99.942 E17.62607
G1 X129.962 Y99.289 E17.72837
G1 X128.383 Y101.069 E17.84283
G1 X128.383 Y103.817 E17.97500
G1 X129.962 Y105.598 E18.08946
G1 X131.986 Y104.945 E18.19175
G1 X132.039 Y104.790 E18.19963
G1 X132.275 Y104.790 E18.21100
G1 X132.275 Y112.825 E18.59747
G1 X126.725 Y112.825 E18.86440
G1 X126.725 Y112.021 E18.90308
G1 X127.338 Y110.221 E18.99450
G1 X126.486 Y107.720 E19.12159
G1 X124.462 Y107.067 E19.22388
G1 X122.883 Y108.847 E19.33836
G1 X122.883 Y111.595 E19.47052
G1 X123.275 Y112.037 E19.49894
G1 X123.275 Y112.825 E19.53681
G1 X117.725 Y112.825 E19.80374
G1 X117.725 Y104.790 E20.19021
G1 X118.245 Y104.790 E20.21523
G1 X118.962 Y105.598 E20.26719
G1 X120.986 Y104.945 E20.36948
G1 X121.838 Y102.443 E20.49657
G1 X120.986 Y99.942 E20.62367
G1 X118.962 Y99.289 E20.72596
G1 X118.245 Y100.097 E20.77792
G1 X117.725 Y100.097 E20.80294
G1 X117.725 Y72.175 E22.14587
G1 X123.275 Y72.175 E22.41281
G1 X123.275 Y72.963 E22.45068
G1 X122.923 Y73.360 E22.47621
G1 X122.518 Y73.568 F7800.000
G1 X118.785 Y75.084
;TYPE:Internal infill
G1 F4800.000
G1 X118.785 Y77.398 E22.58750
G1 X121.843 Y76.578 E22.73976
G1 X121.823 Y76.555 E22.74127
G1 X121.823 Y76.234 E22.75670
G1 X118.824 Y73.236 E22.96065
G1 X120.581 Y73.236 E23.04514
G1 X118.785 Y79.935 E23.37872
G1 X118.785 Y79.741 E23.38803
G1 X131.215 Y92.170 E24.23345
G1 X131.215 Y93.230 E24.28442
G1 X118.785 Y96.561 E24.90330
G1 X118.785 Y94.247 E25.01458
G1 X120.699 Y98.735 F7800.000
G1 F4800.000
G1 X118.785 Y98.117 E25.11128
G1 X118.785 Y97.814 E25.12587
G1 X123.865 Y78.858 E26.06974
G1 X124.128 Y79.155 E26.08885
G1 X124.594 Y79.005 E26.11236
G1 X131.215 Y85.626 E26.56272
G1 X131.215 Y87.186 E26.63774
G1 X127.724 Y100.214 E27.28647
G1 X129.059 Y98.708 E27.38328
G1 X131.215 Y90.753 F7800.000
G1 F4800.000
G1 X131.215 Y88.439 E27.49456
G1 X118.785 Y91.770 E28.11345
G1 X118.785 Y92.830 E28.16442
G1 X127.323 Y101.367 E28.74510
G1 X127.323 Y101.711 E28.76167
G1 X126.049 Y106.465 E28.99836
G1 X125.794 Y106.382 E29.01124
G1 X122.678 Y103.266 E29.22321
G1 X122.053 Y105.100 E29.31641
G1 X118.785 Y108.407 F7800.000
G1 F4800.000
G1 X118.785 Y106.769 E29.39517
G1 X119.429 Y106.561 E29.42769
G1 X121.823 Y108.955 E29.59050
G1 X121.823 Y110.119 E29.64647
G1 X118.785 Y110.933 E29.79769
G1 X118.785 Y111.764 E29.83770
G1 X119.838 Y111.764 E29.88833
G1 X121.403 Y105.924 E30.17913
G1 X121.818 Y105.790 E30.20011
G1 X121.991 Y105.283 E30.22589
G1 X127.323 Y103.854 E30.49137
G1 X127.323 Y104.220 E30.50893
G1 X128.615 Y105.678 E30.60265
G1 X131.215 Y109.489 F7800.000
G1 F4800.000
G1 X131.215 Y111.764 E30.71208
G1 X131.176 Y111.764 E30.71393
G1 X127.851 Y108.440 E30.94008
G1 X127.871 Y108.498 E30.94305
G1 X131.215 Y107.602 E31.10953
G1 X131.215 Y106.308 E31.17178
G1 X130.850 Y106.426 E31.19021
G1 X129.419 Y111.764 E31.45605
G1 X127.933 Y111.764 E31.52756
G1 X128.199 Y110.982 E31.56733
G1 X118.785 Y84.502 F7800.000
G1 F4800.000
G1 X118.785 Y82.189 E31.67861
G1 X131.215 Y78.858 E32.29750
G1 X131.215 Y79.082 E32.30826
G1 X128.065 Y75.932 E32.52249
G1 X128.448 Y74.809 E32.57958
G1 X131.215 Y74.067 E32.71735
G1 X131.215 Y73.236 E32.75736
G1 X130.162 Y73.236 E32.80799
G1 X122.610 Y101.421 E34.21141
G1 X122.268 Y100.418 E34.26236
G1 X129.187 Y98.564 E34.60686
G1 X129.628 Y98.066 E34.63885
G1 X130.270 Y98.274 E34.67131
G1 X131.215 Y98.021 E34.71832
G1 X131.215 Y98.579 E34.74514
G1 X131.014 Y98.514 E34.75529
G1 X118.785 Y86.285 E35.58704
G1 X118.785 Y86.979 E35.62041
G1 X131.215 Y83.649 E36.23929
G1 X131.215 Y81.335 E36.35057
M106 S229.5
;LAYER_CHANGE
;Z:11.72
;HEIGHT:0.3
G1 Z11.720 F7800.000
G1 E34.35057 F2400.000
G92 E0
G1 X122.259 Y73.246 F7800.000
G1 E2.00000 F2400.000
;TYPE:Perimeter
G1 F3600.000
G1 X122.112 Y73.412 E2.01064
G1 X122.112 Y76.745 E2.17096
G1 X124.219 Y79.122 E2.32375
G1 X127.091 Y78.195 E2.46890
G1 X128.152 Y75.079 E2.62723
G1 X127.528 Y73.246 E2.72033
G1 X131.504 Y73.246 E2.91152
G1 X131.504 Y98.676 E4.13459
G1 X129.719 Y98.100 E4.22478
G1 X127.612 Y100.477 E4.37756
G1 X127.612 Y103.810 E4.53788
G1 X129.719 Y106.187 E4.69066
G1 X131.504 Y105.611 E4.78085
G1 X131.504 Y111.754 E5.07631
G1 X127.528 Y111.754 E5.26751
G1 X128.152 Y109.921 E5.36060
G1 X127.091 Y106.805 E5.51894
G1 X124.219 Y105.878 E5.66409
G1 X122.112 Y108.255 E5.81688
G1 X122.112 Y111.588 E5.97719
G1 X122.259 Y111.754 E5.98784
G1 X118.496 Y111.754 E6.16879
G1 X118.496 Y105.935 E6.44864
G1 X118.719 Y106.187 E6.46480
G1 X121.591 Y105.260 E6.60995
G1 X122.652 Y102.143 E6.76829
G1 X121.591 Y99.027 E6.92663
G1 X118.719 Y98.100 E7.07179
G1 X118.496 Y98.351 E7.08795
G1 X118.496 Y73.246 E8.29540
G1 X122.199 Y73.246 E8.47347
G1 X122.497 Y73.558 F7800.000
G1 F3600.000
G1 X122.497 Y76.599 E8.61971
G1 X124.341 Y78.678 E8.75334
G1 X126.789 Y77.887 E8.87706
G1 X127.745 Y75.079 E9.01977
G1 X127.111 Y73.216 E9.11444
G1 X127.111 Y72.861 E9.13150
G1 X131.889 Y72.861 E9.36134
G1 X131.889 Y99.205 E10.62843
G1 X129.841 Y98.544 E10.73198
G1 X127.997 Y100.623 E10.86560
G1 X127.997 Y103.664 E11.01184
G1 X129.841 Y105.742 E11.14546
G1 X131.889 Y105.081 E11.24901
G1 X131.889 Y112.139 E11.58849
G1 X127.111 Y112.139 E11.81833
G1 X127.111 Y111.784 E11.83539
G1 X127.745 Y109.921 E11.93006
G1 X126.789 Y107.113 E12.07277
G1 X124.341 Y106.322 E12.19649
G1 X122.497 Y108.401 E12.33012
G1 X122.497 Y111.442 E12.47636
G1 X122.889 Y111.884 E12.50478
G1 X122.889 Y112.139 E12.51707
G1 X118.111 Y112.139 E12.74691
G1 X118.111 Y104.919 E13.09417
G1 X118.841 Y105.742 E13.14709
G1 X121.289 Y104.952 E13.27081
G1 X122.245 Y102.143 E13.41353
G1 X121.289 Y99.334 E13.55624
G1 X118.841 Y98.544 E13.67997
G1 X118.111 Y99.367 E13.73288
G1 X118.111 Y72.861 E15.00776
G1 X122.889 Y72.861 E15.23760
G1 X122.889 Y73.116 E15.24988
G1 X122.537 Y73.513 E15.27542
G1 X122.883 Y73.705 F7800.000
;TYPE:External perimeter
G1 F1800.000
G1 X122.883 Y76.453 E15.40758
G1 X124.462 Y78.233 E15.52205
G1 X126.486 Y77.580 E15.62434
G1 X127.338 Y75.079 E15.75143
G1 X126.725 Y73.279 E15.84285
G1 X126.725 Y72.475 E15.88153
G1 X132.275 Y72.475 E16.14846
G1 X132.275 Y99.797 E17.46254
G1 X132.039 Y99.797 E17.47391
G1 X131.986 Y99.642 E17.48178
G1 X129.962 Y98.989 E17.58408
G1 X128.383 Y100.769 E17.69854
G1 X128.383 Y103.517 E17.83071
G1 X129.962 Y105.298 E17.94517
G1 X131.986 Y104.645 E18.04747
G1 X132.039 Y104.490 E18.05534
G1 X132.275 Y104.490 E18.06671
G1 X132.275 Y112.525 E18.45318
G1 X126.725 Y112.525 E18.72011
G1 X126.725 Y111.721 E18.75879
G1 X127.338 Y109.921 E18.85021
G1 X126.486 Y107.420 E18.97730
G1 X124.462 Y106.767 E19.07960
G1 X122.883 Y108.547 E19.19407
G1 X122.883 Y111.295 E19.32623
G1 X123.275 Y111.737 E19.35465
G1 X123.275 Y112.525 E19.39252
G1 X117.725 Y112.525 E19.65945
G1 X117.725 Y104.490 E20.04592
G1 X118.245 Y104.490 E20.07094
G1 X118.962 Y105.298 E20.12290
G1 X120.986 Y104.645 E20.22519
G1 X121.838 Y102.143 E20.35229
G1 X120.986 Y99.642 E20.47938
G1 X118.962 Y98.989 E20.58167
G1 X118.245 Y99.797 E20.63363
G1 X117.725 Y99.797 E20.65865
G1 X117.725 Y72.475 E21.97273
G1 X123.275 Y72.475 E22.23966
G1 X123.275 Y73.263 E22.27753
G1 X122.923 Y73.660 E22.30307
G1 X122.518 Y73.868 F7800.000
G1 X118.785 Y75.084
;TYPE:Internal infill
G1 F4800.000
G1 X118.785 Y77.398 E22.41435
G1 X121.823 Y76.584 E22.56557
G1 X121.823 Y76.234 E22.58240
G1 X119.124 Y73.536 E22.76595
G1 X120.500 Y73.536 E22.83214
G1 X118.785 Y79.935 E23.15078
G1 X118.785 Y79.741 E23.16010
G1 X131.215 Y92.170 E24.00551
G1 X131.215 Y93.230 E24.05648
G1 X118.785 Y96.561 E24.67537
G1 X118.785 Y94.247 E24.78665
G1 X120.984 Y98.527 F7800.000
G1 F4800.000
G1 X118.785 Y97.814 E24.89783
G1 X123.803 Y79.089 E25.83023
G1 X124.128 Y79.455 E25.85381
G1 X124.820 Y79.232 E25.88879
G1 X131.215 Y85.626 E26.32372
G1 X131.215 Y87.186 E26.39874
G1 X127.839 Y99.785 E27.02606
G1 X128.838 Y98.658 E27.09850
G1 X122.362 Y100.393 E27.42097
G1 X122.655 Y101.253 E27.46466
G1 X130.081 Y73.536 E28.84478
G1 X131.215 Y73.536 E28.89928
G1 X131.215 Y74.067 E28.92486
G1 X128.373 Y74.829 E29.06635
G1 X128.458 Y75.079 E29.07904
G1 X128.141 Y76.009 E29.12630
G1 X131.215 Y79.082 E29.33534
G1 X131.215 Y78.858 E29.34611
G1 X118.785 Y82.189 E29.96499
G1 X118.785 Y84.502 E30.07627
G1 X131.215 Y81.335 F7800.000
G1 F4800.000
G1 X131.215 Y83.649 E30.18756
G1 X118.785 Y86.979 E30.80644
G1 X118.785 Y86.285 E30.83981
G1 X130.571 Y98.071 E31.64143
G1 X130.778 Y98.138 E31.65192
G1 X131.215 Y98.021 E31.67364
G1 X131.215 Y95.707 E31.78492
G1 X131.215 Y90.753 F7800.000
G1 F4800.000
G1 X131.215 Y88.439 E31.89620
G1 X118.785 Y91.770 E32.51509
G1 X118.785 Y92.830 E32.56606
G1 X127.323 Y101.367 E33.14674
G1 X127.323 Y101.711 E33.16331
G1 X126.123 Y106.188 E33.38625
G1 X125.351 Y105.939 E33.42526
G1 X122.602 Y103.190 E33.61228
G1 X121.941 Y105.131 E33.71088
G1 X118.785 Y108.345 F7800.000
G1 F4800.000
G1 X118.785 Y106.469 E33.80110
G1 X119.202 Y106.335 E33.82216
G1 X121.823 Y108.955 E34.00040
G1 X121.823 Y110.119 E34.05637
G1 X118.785 Y110.933 E34.20759
G1 X118.785 Y111.464 E34.23317
G1 X119.919 Y111.464 E34.28767
G1 X121.491 Y105.596 E34.57988
G1 X121.818 Y105.490 E34.59642
G1 X121.879 Y105.313 E34.60542
G1 X127.323 Y103.854 E34.87649
G1 X127.323 Y103.920 E34.87963
G1 X129.628 Y106.520 E35.04678
G1 X130.938 Y106.097 E35.11298
G1 X129.500 Y111.464 E35.38023
G1 X130.876 Y111.464 E35.44642
G1 X128.006 Y108.594 E35.64163
G1 X127.965 Y108.473 E35.64780
G1 X131.215 Y107.602 E35.80962
G1 X131.215 Y109.916 E35.92090
M106 S226.95
;LAYER_CHANGE
;Z:12.02
;HEIGHT:0.3
G1 Z12.020 F7800.000
G1 E33.92090 F2400.000
G92 E0
G1 X122.259 Y73.546 F7800.000
G1 E2.00000 F2400.000
;TYPE:Perimeter
G1 F3600.000
G1 X122.112 Y73.712 E2.01064
G1 X122.112 Y77.045 E2.17096
G1 X124.219 Y79.422 E2.32375
G1 X127.091 Y78.495 E2.46890
G1 X128.152 Y75.379 E2.62723
G1 X127.528 Y73.546 E2.72033
G1 X131.504 Y73.546 E2.91152
G1 X131.504 Y98.376 E4.10573
G1 X129.719 Y97.800 E4.19592
G1 X127.612 Y100.177 E4.34870
G1 X127.612 Y103.510 E4.50902
G1 X129.719 Y105.887 E4.66180
G1 X131.504 Y105.311 E4.75200
G1 X131.504 Y111.454 E5.04745
G1 X127.528 Y111.454 E5.23865
G1 X128.152 Y109.621 E5.33174
G1 X127.091 Y106.505 E5.49008
G1 X124.219 Y105.578 E5.63523
G1 X122.112 Y107.955 E5.78802
G1 X122.112 Y111.288 E5.94834
G1 X122.259 Y111.454 E5.95898
G1 X118.496 Y111.454 E6.13993
G1 X118.496 Y105.635 E6.41978
G1 X118.719 Y105.887 E6.43594
G1 X121.591 Y104.960 E6.58109
G1 X122.652 Y101.843 E6.73943
G1 X121.591 Y98.727 E6.89777
G1 X118.719 Y97.800 E7.04293
G1 X118.496 Y98.051 E7.05909
G1 X118.496 Y73.546 E8.23769
G1 X122.199 Y73.546 E8.41575
G1 X122.497 Y73.858 F7800.000
G1 F3600.000
G1 X122.497 Y76.899 E8.56199
G1 X124.341 Y78.978 E8.69562
G1 X126.789 Y78.187 E8.81934
G1 X127.745 Y75.379 E8.96206
G1 X127.111 Y73.516 E9.05672
G1 X127.111 Y73.161 E9.07378
G1 X131.889 Y73.161 E9.30362
G1 X131.889 Y98.905 E10.54185
G1 X129.841 Y98.244 E10.64540
G1 X127.997 Y100.323 E10.77902
G1 X127.997 Y103.364 E10.92527
G1 X129.841 Y105.442 E11.05889
G1 X131.889 Y104.781 E11.16244
G1 X131.889 Y111.839 E11.50191
G1 X127.111 Y111.839 E11.73176
G1 X127.111 Y111.484 E11.74882
G1 X127.745 Y109.621 E11.84348
G1 X126.789 Y106.813 E11.98619
G1 X124.341 Y106.022 E12.10992
G1 X122.497 Y108.101 E12.24355
G1 X122.497 Y111.142 E12.38979
G1 X122.889 Y111.584 E12.41821
G1 X122.889 Y111.839 E12.43049
G1 X118.111 Y111.839 E12.66033
G1 X118.111 Y104.619 E13.00760
G1 X118.841 Y105.442 E13.06051
G1 X121.289 Y104.652 E13.18424
G1 X122.245 Y101.843 E13.32695
G1 X121.289 Y99.034 E13.46967
G1 X118.841 Y98.244 E13.59339
G1 X118.111 Y99.067 E13.64631
G1 X118.111 Y73.161 E14.89232
G1 X122.889 Y73.161 E15.12216
G1 X122.889 Y73.416 E15.13445
G1 X122.537 Y73.813 E15.15998
G1 X122.883 Y74.005 F7800.000
;TYPE:External perimeter
G1 F1800.000
G1 X122.883 Y76.753 E15.29215
G1 X124.462 Y78.533 E15.40661
G1 X126.486 Y77.880 E15.50891
G1 X127.338 Y75.379 E15.63600
G1 X126.725 Y73.579 E15.72741
G1 X126.725 Y72.775 E15.76609
G1 X132.275 Y72.775 E16.03303
G1 X132.275 Y99.497 E17.31825
G1 X132.039 Y99.497 E17.32962
G1 X131.986 Y99.342 E17.33749
G1 X129.962 Y98.689 E17.43979
G1 X128.383 Y100.469 E17.55425
G1 X128.383 Y103.217 E17.68642
G1 X129.962 Y104.998 E17.80088
G1 X131.986 Y104.345 E17.90317
G1 X132.039 Y104.190 E17.91105
G1 X132.275 Y104.190 E17.92242
G1 X132.275 Y112.225 E18.30889
G1 X126.725 Y112.225 E18.57582
G1 X126.725 Y111.421 E18.61450
G1 X127.338 Y109.621 E18.70592
G1 X126.486 Y107.120 E18.83301
G1 X124.462 Y106.467 E18.93530
G1 X122.883 Y108.247 E19.04977
G1 X122.883 Y110.995 E19.18194
G1 X123.275 Y111.437 E19.21036
G1 X123.275 Y112.225 E19.24823
G1 X117.725 Y112.225 E19.51516
G1 X117.725 Y104.190 E19.90163
G1 X118.245 Y104.190 E19.92665
G1 X118.962 Y104.998 E19.97861
G1 X120.986 Y104.345 E20.08090
G1 X121.838 Y101.843 E20.20799
G1 X120.986 Y99.342 E20.33509
G1 X118.962 Y98.689 E20.43738
G1 X118.245 Y99.497 E20.48934
G1 X117.725 Y99.497 E20.51436
G1 X117.725 Y72.775 E21.79958
G1 X123.275 Y72.775 E22.06651
G1 X123.275 Y73.563 E22.10438
G1 X122.923 Y73.960 E22.12992
G1 X122.518 Y74.168 F7800.000
G1 X118.785 Y75.084
;TYPE:Internal infill
G1 F4800.000
G1 X118.785 Y77.398 E22.24120
G1 X121.823 Y76.584 E22.39242
G1 X121.823 Y76.234 E22.40925
G1 X119.424 Y73.836 E22.57240
G1 X120.420 Y73.836 E22.62029
G1 X118.785 Y79.935 E22.92399
G1 X118.785 Y79.741 E22.93331
G1 X131.215 Y92.170 E23.77872
G1 X131.215 Y93.230 E23.82970
G1 X118.785 Y96.561 E24.44858
G1 X118.785 Y94.247 E24.55986
G1 X118.785 Y84.502 F7800.000
G1 F4800.000
G1 X118.785 Y82.189 E24.67114
G1 X131.215 Y78.858 E25.29003
G1 X131.215 Y79.082 E25.30080
G1 X128.217 Y76.085 E25.50466
G1 X128.458 Y75.379 E25.54054
G1 X128.279 Y74.854 E25.56720
G1 X131.215 Y74.067 E25.71336
G1 X131.215 Y73.836 E25.72450
G1 X130.001 Y73.836 E25.78287
G1 X122.700 Y101.085 E27.13969
G1 X122.456 Y100.368 E27.17613
G1 X128.489 Y98.751 E27.47656
G1 X127.954 Y99.355 E27.51535
G1 X131.215 Y87.186 E28.12127
G1 X131.215 Y85.626 E28.19629
G1 X125.047 Y79.459 E28.61579
G1 X124.128 Y79.755 E28.66224
G1 X123.741 Y79.319 E28.69029
G1 X118.859 Y97.541 E29.59762
G1 X121.060 Y98.252 E29.70890
G1 X122.762 Y101.267 F7800.000
G1 F4800.000
G1 X122.958 Y101.843 E29.73816
G1 X122.525 Y103.114 E29.80271
G1 X124.908 Y105.496 E29.96478
G1 X126.197 Y105.912 E30.02992
G1 X127.323 Y101.711 E30.23911
G1 X127.323 Y101.367 E30.25568
G1 X118.785 Y92.830 E30.83636
G1 X118.785 Y91.770 E30.88733
G1 X131.215 Y88.439 E31.50622
G1 X131.215 Y90.753 E31.61750
G1 X131.215 Y96.807 F7800.000
G1 F4800.000
G1 X131.215 Y97.979 E31.67385
G1 X130.128 Y97.628 E31.72878
G1 X118.785 Y86.285 E32.50027
G1 X118.785 Y86.979 E32.53363
G1 X131.215 Y83.649 E33.15252
G1 X131.215 Y81.335 E33.26380
G1 X121.579 Y105.267 F7800.000
G1 F4800.000
G1 X119.999 Y111.164 E33.55743
G1 X118.785 Y111.164 E33.61579
G1 X118.785 Y110.933 E33.62694
G1 X121.823 Y110.119 E33.77816
G1 X121.823 Y108.955 E33.83413
G1 X118.975 Y106.108 E34.02780
G1 X119.283 Y106.008 E34.04337
G1 X127.491 Y103.809 E34.45203
G1 X129.628 Y106.220 E34.60699
G1 X131.026 Y105.769 E34.67764
G1 X129.580 Y111.164 E34.94630
G1 X130.576 Y111.164 E34.99420
G1 X128.161 Y108.749 E35.15846
G1 X128.058 Y108.448 E35.17378
G1 X131.215 Y107.602 E35.33094
G1 X131.215 Y109.916 E35.44222
M106 S229.5
;LAYER_CHANGE
;Z:12.32
;HEIGHT:0.299999
G1 Z12.320 F7800.000
G1 E33.44222 F2400.000
G92 E0
G1 X122.259 Y73.846 F7800.000
G1 E2.00000 F2400.000
;TYPE:Perimeter
G1 F3600.000
G1 X122.112 Y74.012 E2.01064
G1 X122.112 Y77.345 E2.17096
G1 X124.219 Y79.722 E2.32374
G1 X127.091 Y78.795 E2.46890
G1 X128.152 Y75.679 E2.62723
G1 X127.528 Y73.846 E2.72033
G1 X131.504 Y73.846 E2.91152
G1 X131.504 Y98.076 E4.07687
G1 X129.719 Y97.500 E4.16706
G1 X127.612 Y99.877 E4.31984
G1 X127.612 Y103.210 E4.48017
G1 X129.719 Y105.587 E4.63295
G1 X131.504 Y105.011 E4.72314
G1 X131.504 Y111.154 E5.01859
G1 X127.528 Y111.154 E5.20979
G1 X128.152 Y109.321 E5.30288
G1 X127.091 Y106.205 E5.46122
G1 X124.219 Y105.278 E5.60637
G1 X122.112 Y107.655 E5.75916
G1 X122.112 Y110.988 E5.91948
G1 X122.259 Y111.154 E5.93012
G1 X118.496 Y111.154 E6.11108
G1 X118.496 Y105.335 E6.39092
G1 X118.719 Y105.587 E6.40708
G1 X121.591 Y104.660 E6.55224
G1 X122.652 Y101.543 E6.71058
G1 X121.591 Y98.427 E6.86892
G1 X118.719 Y97.500 E7.01407
G1 X118.496 Y97.751 E7.03023
G1 X118.496 Y73.846 E8.17997
G1 X122.199 Y73.846 E8.35804
G1 X122.497 Y74.158 F7800.000
G1 F3600.000
G1 X122.497 Y77.199 E8.50428
G1 X124.341 Y79.278 E8.63790
G1 X126.789 Y78.487 E8.76163
G1 X127.745 Y75.679 E8.90434
G1 X127.111 Y73.816 E8.99900
G1 X127.111 Y73.461 E9.01606
G1 X131.889 Y73.461 E9.24591
G1 X131.889 Y98.605 E10.45528
G1 X129.841 Y97.944 E10.55883
G1 X127.997 Y100.023 E10.69245
G1 X127.997 Y103.064 E10.83869
G1 X129.841 Y105.142 E10.97231
G1 X131.889 Y104.481 E11.07586
G1 X131.889 Y111.539 E11.41534
G1 X127.111 Y111.539 E11.64518
G1 X127.111 Y111.184 E11.66224
G1 X127.745 Y109.321 E11.75691
G1 X126.789 Y106.513 E11.89962
G1 X124.341 Y105.722 E12.02334
G1 X122.497 Y107.801 E12.15697
G1 X122.497 Y110.842 E12.30321
G1 X122.889 Y111.284 E12.33163
G1 X122.889 Y111.539 E12.34392
G1 X118.111 Y111.539 E12.57376
G1 X118.111 Y104.319 E12.92102
G1 X118.841 Y105.142 E12.97394
G1 X121.289 Y104.352 E13.09766
G1 X122.245 Y101.543 E13.24038
G1 X121.289 Y98.734 E13.38309
G1 X118.841 Y97.944 E13.50682
G1 X118.111 Y98.767 E13.55973
G1 X118.111 Y73.461 E14.77689
G1 X122.889 Y73.461 E15.00673
G1 X122.889 Y73.716 E15.01901
G1 X122.537 Y74.113 E15.04455
G1 X122.883 Y74.305 F7800.000
;TYPE:External perimeter
G1 F1800.000
G1 X122.883 Y77.053 E15.17671
G1 X124.462 Y78.833 E15.29118
G1 X126.486 Y78.180 E15.39348
G1 X127.338 Y75.679 E15.52056
G1 X126.725 Y73.879 E15.61198
G1 X126.725 Y73.075 E15.65066
G1 X132.275 Y73.075 E15.91760
G1 X132.275 Y99.197 E17.17396
G1 X132.039 Y99.197 E17.18533
G1 X131.986 Y99.042 E17.19320
G1 X129.962 Y98.389 E17.29550
G1 X128.383 Y100.169 E17.40996
G1 X128.383 Y102.917 E17.54213
G1 X129.962 Y104.698 E17.65659
G1 X131.986 Y104.045 E17.75888
G1 X132.039 Y103.890 E17.76676
G1 X132.275 Y103.890 E17.77813
G1 X132.275 Y111.925 E18.16460
G1 X126.725 Y111.925 E18.43153
G1 X126.725 Y111.121 E18.47021
G1 X127.338 Y109.321 E18.56163
G1 X126.486 Y106.820 E18.68872
G1 X124.462 Y106.167 E18.79101
G1 X122.883 Y107.947 E18.90548
G1 X122.883 Y110.695 E19.03765
G1 X123.275 Y111.137 E19.06607
G1 X123.275 Y111.925 E19.10394
G1 X117.725 Y111.925 E19.37087
G1 X117.725 Y103.890 E19.75734
G1 X118.245 Y103.890 E19.78236
G1 X118.962 Y104.698 E19.83432
G1 X120.986 Y104.045 E19.93661
G1 X121.838 Y101.543 E20.06370
G1 X120.986 Y99.042 E20.19080
G1 X118.962 Y98.389 E20.29309
G1 X118.245 Y99.197 E20.34505
G1 X117.725 Y99.197 E20.37007
G1 X117.725 Y73.075 E21.62643
G1 X123.275 Y73.075 E21.89337
G1 X123.275 Y73.863 E21.93123
G1 X122.923 Y74.260 E21.95677
G1 X122.518 Y74.468 F7800.000
G1 X118.785 Y75.084
;TYPE:Internal infill
G1 F4800.000
G1 X118.785 Y77.398 E22.06805
G1 X121.823 Y76.584 E22.21928
G1 X121.823 Y76.234 E22.23611
G1 X119.724 Y74.136 E22.37884
G1 X120.339 Y74.136 E22.40844
G1 X118.785 Y79.935 E22.69721
G1 X118.785 Y79.741 E22.70652
G1 X131.215 Y92.170 E23.55194
G1 X131.215 Y93.230 E23.60291
G1 X118.785 Y96.561 E24.22179
G1 X118.785 Y97.217 E24.25338
G1 X118.933 Y97.265 E24.26082
G1 X123.679 Y79.549 E25.14293
G1 X124.128 Y80.055 E25.17546
G1 X125.274 Y79.686 E25.23336
G1 X131.215 Y85.626 E25.63744
G1 X131.215 Y87.186 E25.71246
G1 X128.069 Y98.925 E26.29697
G1 X128.140 Y98.845 E26.30212
G1 X122.549 Y100.343 E26.58052
G1 X122.745 Y100.917 E26.60970
G1 X129.921 Y74.136 E27.94322
G1 X131.215 Y76.195 F7800.000
G1 F4800.000
G1 X131.215 Y74.136 E28.04227
G1 X130.960 Y74.136 E28.05451
G1 X128.186 Y74.879 E28.19265
G1 X128.458 Y75.679 E28.23328
G1 X128.294 Y76.161 E28.25779
G1 X131.215 Y79.082 E28.45647
G1 X131.215 Y78.858 E28.46724
G1 X118.785 Y82.189 E29.08612
G1 X118.785 Y84.502 E29.19740
G1 X131.215 Y81.335 F7800.000
G1 F4800.000
G1 X131.215 Y83.649 E29.30869
G1 X118.785 Y86.979 E29.92757
G1 X118.785 Y86.285 E29.96094
G1 X129.685 Y97.185 E30.70229
G1 X131.215 Y97.679 E30.77961
G1 X131.215 Y96.972 E30.81358
G1 X131.215 Y90.753 F7800.000
G1 F4800.000
G1 X131.215 Y88.439 E30.92486
G1 X118.785 Y91.770 E31.54374
G1 X118.785 Y92.830 E31.59471
G1 X127.323 Y101.367 E32.17540
G1 X127.323 Y101.711 E32.19196
G1 X126.271 Y105.636 E32.38741
G1 X124.465 Y105.053 E32.47868
G1 X122.449 Y103.037 E32.61579
G1 X121.818 Y104.890 E32.70993
G1 X121.667 Y104.939 E32.71757
G1 X120.079 Y110.864 E33.01261
G1 X118.785 Y108.805 F7800.000
G1 F4800.000
G1 X118.785 Y110.864 E33.11166
G1 X119.040 Y110.864 E33.12389
G1 X121.823 Y110.119 E33.26245
G1 X121.823 Y108.955 E33.31842
G1 X118.785 Y105.918 E33.52500
G1 X118.785 Y106.142 E33.53577
G1 X127.706 Y103.752 E33.97993
G1 X129.628 Y105.920 E34.11931
G1 X131.114 Y105.440 E34.19440
G1 X129.661 Y110.864 E34.46448
G1 X130.276 Y110.864 E34.49408
G1 X128.316 Y108.904 E34.62740
G1 X128.152 Y108.423 E34.65186
G1 X131.215 Y107.602 E34.80436
G1 X131.215 Y109.916 E34.91564
;LAYER_CHANGE
;Z:12.62
;HEIGHT:0.3
G1 Z12.620 F7800.000
G1 E32.91564 F2400.000
G92 E0
G1 X122.259 Y74.146 F7800.000
G1 E2.00000 F2400.000
;TYPE:Perimeter
G1 F3600.000
G1 X122.112 Y74.312 E2.01064
G1 X122.112 Y77.645 E2.17096
G1 X124.219 Y80.022 E2.32375
G1 X127.091 Y79.095 E2.46890
G1 X128.152 Y75.979 E2.62723
G1 X127.528 Y74.146 E2.72033
G1 X131.504 Y74.146 E2.91152
G1 X131.504 Y97.776 E4.04801
G1 X129.719 Y97.200 E4.13821
G1 X127.612 Y99.577 E4.29099
G1 X127.612 Y102.910 E4.45131
G1 X129.719 Y105.287 E4.60409
G1 X131.504 Y104.711 E4.69428
G1 X131.504 Y110.854 E4.98974
G1 X127.528 Y110.854 E5.18093
G1 X128.152 Y109.021 E5.27403
G1 X127.091 Y105.905 E5.43236
G1 X124.219 Y104.978 E5.57752
G1 X122.112 Y107.355 E5.73031
G1 X122.112 Y110.688 E5.89062
G1 X122.259 Y110.854 E5.90127
G1 X118.496 Y110.854 E6.08222
G1 X118.496 Y105.035 E6.36207
G1 X118.719 Y105.287 E6.37823
G1 X121.591 Y104.360 E6.52338
G1 X122.652 Y101.243 E6.68172
G1 X121.591 Y98.127 E6.84006
G1 X118.719 Y97.200 E6.98522
G1 X118.496 Y97.451 E7.00138
G1 X118.496 Y74.146 E8.12226
G1 X122.199 Y74.146 E8.30033
G1 X122.497 Y74.458 F7800.000
G1 F3600.000
G1 X122.497 Y77.499 E8.44657
G1 X124.341 Y79.578 E8.58020
G1 X126.789 Y78.787 E8.70392
G1 X127.745 Y75.979 E8.84663
G1 X127.111 Y74.116 E8.94129
G1 X127.111 Y73.761 E8.95835
G1 X131.889 Y73.761 E9.18820
G1 X131.889 Y98.305 E10.36871
G1 X129.841 Y97.644 E10.47226
G1 X127.997 Y99.723 E10.60588
G1 X127.997 Y102.764 E10.75213
G1 X129.841 Y104.842 E10.88575
G1 X131.889 Y104.181 E10.98930
G1 X131.889 Y111.239 E11.32877
G1 X127.111 Y111.239 E11.55862
G1 X127.111 Y110.884 E11.57568
G1 X127.745 Y109.021 E11.67034
G1 X126.789 Y106.213 E11.81305
G1 X124.341 Y105.422 E11.93678
G1 X122.497 Y107.501 E12.07041
G1 X122.497 Y110.542 E12.21664
G1 X122.889 Y110.984 E12.24507
G1 X122.889 Y111.239 E12.25735
G1 X118.111 Y111.239 E12.48719
G1 X118.111 Y104.019 E12.83445
G1 X118.841 Y104.842 E12.88737
G1 X121.289 Y104.052 E13.01109
G1 X122.245 Y101.243 E13.15381
G1 X121.289 Y98.434 E13.29653
G1 X118.841 Y97.644 E13.42025
G1 X118.111 Y98.467 E13.47316
G1 X118.111 Y73.761 E14.66146
G1 X122.889 Y73.761 E14.89131
G1 X122.889 Y74.016 E14.90359
G1 X122.537 Y74.413 E14.92912
G1 X122.883 Y74.605 F7800.000
;TYPE:External perimeter
G1 F1800.000
G1 X122.883 Y77.353 E15.06129
G1 X124.462 Y79.133 E15.17576
G1 X126.486 Y78.480 E15.27805
G1 X127.338 Y75.979 E15.40514
G1 X126.725 Y74.179 E15.49656
G1 X126.725 Y73.375 E15.53524
G1 X132.275 Y73.375 E15.80217
G1 X132.275 Y98.897 E17.02968
G1 X132.039 Y98.897 E17.04104
G1 X131.986 Y98.742 E17.04892
G1 X129.962 Y98.089 E17.15121
G1 X128.383 Y99.869 E17.26568
G1 X128.383 Y102.617 E17.39784
G1 X129.962 Y104.398 E17.51231
G1 X131.986 Y103.745 E17.61460
G1 X132.039 Y103.590 E17.62248
G1 X132.275 Y103.590 E17.63384
G1 X132.275 Y111.625 E18.02031
G1 X126.725 Y111.625 E18.28725
G1 X126.725 Y110.821 E18.32593
G1 X127.338 Y109.021 E18.41735
G1 X126.486 Y106.520 E18.54444
G1 X124.462 Y105.867 E18.64673
G1 X122.883 Y107.647 E18.76120
G1 X122.883 Y110.395 E18.89336
G1 X123.275 Y110.837 E18.92178
G1 X123.275 Y111.625 E18.95965
G1 X117.725 Y111.625 E19.22659
G1 X117.725 Y103.590 E19.61306
G1 X118.245 Y103.590 E19.63807
G1 X118.962 Y104.398 E19.69004
G1 X120.986 Y103.745 E19.79233
G1 X121.838 Y101.243 E19.91942
G1 X120.986 Y98.742 E20.04651
G1 X118.962 Y98.089 E20.14881
G1 X118.245 Y98.897 E20.20077
G1 X117.725 Y98.897 E20.22578
G1 X117.725 Y73.375 E21.45329
G1 X123.275 Y73.375 E21.72022
G1 X123.275 Y74.163 E21.75809
G1 X122.923 Y74.560 E21.78363
G1 X122.518 Y74.768 F7800.000
G1 X118.785 Y75.084
;TYPE:Internal infill
G1 F4800.000
G1 X118.785 Y77.398 E21.89491
G1 X121.823 Y76.584 E22.04614
G1 X121.823 Y76.234 E22.06296
G1 X120.024 Y74.436 E22.18530
G1 X120.259 Y74.436 E22.19660
G1 X118.785 Y79.935 E22.47043
G1 X118.785 Y79.741 E22.47974
G1 X131.215 Y92.170 E23.32516
G1 X131.215 Y93.230 E23.37613
G1 X118.785 Y96.561 E23.99501
G1 X118.785 Y96.917 E24.01217
G1 X119.007 Y96.989 E24.02335
G1 X123.618 Y79.780 E24.88024
G1 X124.128 Y80.355 E24.91724
G1 X125.501 Y79.912 E24.98661
G1 X131.215 Y85.626 E25.37526
G1 X131.215 Y87.186 E25.45028
G1 X128.184 Y98.495 E26.01338
G1 X127.791 Y98.938 E26.04188
G1 X122.643 Y100.318 E26.29824
G1 X122.790 Y100.749 E26.32016
G1 X129.840 Y74.436 E27.63039
G1 X128.092 Y74.904 E27.71745
G1 X128.458 Y75.979 E27.77205
G1 X128.370 Y76.237 E27.78519
G1 X131.215 Y79.082 E27.97868
G1 X131.215 Y78.858 E27.98945
G1 X118.785 Y82.189 E28.60834
G1 X118.785 Y84.502 E28.71962
G1 X131.215 Y81.335 F7800.000
G1 F4800.000
G1 X131.215 Y83.649 E28.83090
G1 X118.785 Y86.979 E29.44978
G1 X118.785 Y86.285 E29.48315
G1 X129.505 Y97.005 E30.21229
G1 X129.628 Y96.866 E30.22121
G1 X131.215 Y97.379 E30.30139
G1 X131.215 Y96.917 E30.32358
G1 X131.215 Y90.753 F7800.000
G1 F4800.000
G1 X131.215 Y88.439 E30.43486
G1 X118.785 Y91.770 E31.05374
G1 X118.785 Y92.830 E31.10471
G1 X127.323 Y101.367 E31.68540
G1 X127.323 Y101.711 E31.70196
G1 X126.345 Y105.360 E31.88366
G1 X124.239 Y104.680 E31.99007
G1 X127.921 Y103.694 E32.17336
G1 X129.456 Y105.425 E32.28465
G1 X131.215 Y105.794 F7800.000
G1 F4800.000
G1 X131.215 Y105.259 E32.31039
G1 X131.101 Y105.145 E32.31815
G1 X131.202 Y105.112 E32.32328
G1 X129.741 Y110.564 E32.59477
G1 X129.976 Y110.564 E32.60607
G1 X128.452 Y109.040 E32.70976
G1 X128.246 Y108.398 E32.74220
G1 X131.215 Y107.602 E32.89004
G1 X131.215 Y109.916 E33.00132
G1 X122.852 Y100.932 F7800.000
G1 F4800.000
G1 X122.958 Y101.243 E33.01715
G1 X122.373 Y102.961 E33.10444
G1 X124.094 Y104.683 E33.22154
G1 X124.052 Y104.731 E33.22462
G1 X118.785 Y106.142 E33.48685
G1 X118.785 Y105.918 E33.49762
G1 X121.823 Y108.955 E33.70420
G1 X121.823 Y110.119 E33.76017
G1 X120.159 Y110.564 E33.84297
G1 X121.755 Y104.611 E34.13943
G1 X119.553 Y105.321 E34.25071
;LAYER_CHANGE
;Z:12.92
;HEIGHT:0.3
G1 Z12.920 F7800.000
G1 E32.25071 F2400.000
G92 E0
G1 X122.259 Y74.446 F7800.000
G1 E2.00000 F2400.000
;TYPE:Perimeter
G1 F3600.000
G1 X122.112 Y74.612 E2.01064
G1 X122.112 Y77.945 E2.17096
G1 X124.219 Y80.322 E2.32375
G1 X127.091 Y79.395 E2.46890
G1 X128.152 Y76.279 E2.62723
G1 X127.528 Y74.446 E2.72033
G1 X131.504 Y74.446 E2.91152
G1 X131.504 Y97.476 E4.01916
G1 X129.719 Y96.900 E4.10935
G1 X127.612 Y99.277 E4.26213
G1 X127.612 Y102.610 E4.42245
G1 X129.719 Y104.987 E4.57523
G1 X131.504 Y104.411 E4.66542
G1 X131.504 Y110.554 E4.96088
G1 X127.528 Y110.554 E5.15208
G1 X128.152 Y108.721 E5.24517
G1 X127.091 Y105.605 E5.40351
G1 X124.219 Y104.678 E5.54866
G1 X122.112 Y107.055 E5.70145
G1 X122.112 Y110.388 E5.86176
G1 X122.259 Y110.554 E5.87241
G1 X118.496 Y110.554 E6.05336
G1 X118.496 Y104.735 E6.33321
G1 X118.719 Y104.987 E6.34937
G1 X121.591 Y104.060 E6.49452
G1 X122.652 Y100.943 E6.65286
G1 X121.591 Y97.827 E6.81120
G1 X118.719 Y96.900 E6.95635
G1 X118.496 Y97.151 E6.97252
G1 X118.496 Y74.446 E8.06454
G1 X122.199 Y74.446 E8.24261
G1 X122.497 Y74.758 F7800.000
G1 F3600.000
G1 X122.497 Y77.799 E8.38885
G1 X124.341 Y79.878 E8.52248
G1 X126.789 Y79.087 E8.64620
G1 X127.745 Y76.279 E8.78891
G1 X127.111 Y74.416 E8.88357
G1 X127.111 Y74.061 E8.90064
G1 X131.889 Y74.061 E9.13048
G1 X131.889 Y98.005 E10.28213
G1 X129.841 Y97.344 E10.38568
G1 X127.997 Y99.423 E10.51930
G1 X127.997 Y102.464 E10.66555
G1 X129.841 Y104.542 E10.79917
G1 X131.889 Y103.881 E10.90272
G1 X131.889 Y110.939 E11.24220
G1 X127.111 Y110.939 E11.47204
G1 X127.111 Y110.584 E11.48910
G1 X127.745 Y108.721 E11.58376
G1 X126.789 Y105.913 E11.72648
G1 X124.341 Y105.122 E11.85020
G1 X122.497 Y107.201 E11.98383
G1 X122.497 Y110.242 E12.13007
G1 X122.889 Y110.684 E12.15849
G1 X122.889 Y110.939 E12.17077
G1 X118.111 Y110.939 E12.40062
G1 X118.111 Y103.719 E12.74788
G1 X118.841 Y104.542 E12.80079
G1 X121.289 Y103.752 E12.92452
G1 X122.245 Y100.943 E13.06723
G1 X121.289 Y98.134 E13.20995
G1 X118.841 Y97.344 E13.33367
G1 X118.111 Y98.167 E13.38659
G1 X118.111 Y74.061 E14.54603
G1 X122.889 Y74.061 E14.77587
G1 X122.889 Y74.316 E14.78815
G1 X122.537 Y74.713 E14.81369
G1 X122.883 Y74.905 F7800.000
;TYPE:External perimeter
G1 F1800.000
G1 X122.883 Y77.653 E14.94585
G1 X124.462 Y79.433 E15.06032
G1 X126.486 Y78.780 E15.16262
G1 X127.338 Y76.279 E15.28970
G1 X126.725 Y74.479 E15.38112
G1 X126.725 Y73.675 E15.41980
G1 X132.275 Y73.675 E15.68674
G1 X132.275 Y98.597 E16.88538
G1 X132.039 Y98.597 E16.89675
G1 X131.986 Y98.442 E16.90463
G1 X129.962 Y97.789 E17.00692
G1 X128.383 Y99.569 E17.12138
G1 X128.383 Y102.317 E17.25355
G1 X129.962 Y104.098 E17.36802
G1 X131.986 Y103.445 E17.47031
G1 X132.039 Y103.290 E17.47819
G1 X132.275 Y103.290 E17.48955
G1 X132.275 Y111.325 E17.87602
G1 X126.725 Y111.325 E18.14296
G1 X126.725 Y110.521 E18.18164
G1 X127.338 Y108.721 E18.27305
G1 X126.486 Y106.220 E18.40014
G1 X124.462 Y105.567 E18.50244
G1 X122.883 Y107.347 E18.61691
G1 X122.883 Y110.095 E18.74907
G1 X123.275 Y110.537 E18.77749
G1 X123.275 Y111.325 E18.81536
G1 X117.725 Y111.325 E19.08230
G1 X117.725 Y103.290 E19.46877
G1 X118.245 Y103.290 E19.49378
G1 X118.962 Y104.098 E19.54574
G1 X120.986 Y103.445 E19.64804
G1 X121.838 Y100.943 E19.77513
G1 X120.986 Y98.442 E19.90222
G1 X118.962 Y97.789 E20.00451
G1 X118.245 Y98.597 E20.05647
G1 X117.725 Y98.597 E20.08149
G1 X117.725 Y73.675 E21.28014
G1 X123.275 Y73.675 E21.54707
G1 X123.275 Y74.463 E21.58494
G1 X122.923 Y74.860 E21.61048
G1 X122.518 Y75.068 F7800.000
G1 X122.021 Y78.279
;TYPE:Internal infill
G1 F4800.000
G1 X123.556 Y80.010 E21.72176
G1 X119.081 Y96.713 E22.55343
G1 X118.785 Y96.617 E22.56835
G1 X118.785 Y96.561 E22.57107
G1 X131.215 Y93.230 E23.18996
G1 X131.215 Y92.170 E23.24093
G1 X118.785 Y79.741 E24.08634
G1 X118.785 Y79.935 E24.09566
G1 X120.179 Y74.736 E24.35455
G1 X120.324 Y74.736 E24.36154
G1 X121.823 Y76.234 E24.46347
G1 X121.823 Y76.584 E24.48030
G1 X118.785 Y77.398 E24.63152
G1 X118.785 Y75.084 E24.74281
G1 X118.785 Y84.502 F7800.000
G1 F4800.000
G1 X118.785 Y82.189 E24.85409
G1 X131.215 Y78.858 E25.47297
G1 X131.215 Y79.082 E25.48374
G1 X128.446 Y76.314 E25.67205
G1 X128.458 Y76.279 E25.67382
G1 X127.998 Y74.929 E25.74238
G1 X128.721 Y74.736 E25.77836
G1 X129.760 Y74.736 E25.82833
G1 X122.835 Y100.581 E27.11526
G1 X122.736 Y100.293 E27.12993
G1 X127.442 Y99.032 E27.36426
G1 X128.300 Y98.065 E27.42640
G1 X131.215 Y87.186 E27.96809
G1 X131.215 Y85.626 E28.04311
G1 X125.727 Y80.139 E28.41634
G1 X131.215 Y81.335 F7800.000
G1 F4800.000
G1 X131.215 Y83.649 E28.52762
G1 X118.785 Y86.979 E29.14651
G1 X118.785 Y86.285 E29.17987
G1 X129.364 Y96.864 E29.89943
G1 X129.628 Y96.566 E29.91856
G1 X131.215 Y97.079 E29.99874
G1 X131.215 Y96.830 E30.01071
G1 X131.215 Y90.753 F7800.000
G1 F4800.000
G1 X131.215 Y88.439 E30.12199
G1 X118.785 Y91.770 E30.74087
G1 X118.785 Y92.830 E30.79185
G1 X127.323 Y101.367 E31.37253
G1 X127.323 Y101.711 E31.38910
G1 X126.419 Y105.084 E31.55704
G1 X124.747 Y104.544 E31.64152
G1 X128.136 Y103.637 E31.81024
G1 X129.628 Y105.320 E31.91845
G1 X130.874 Y104.918 E31.98140
G1 X131.215 Y105.259 E32.00458
G1 X131.215 Y105.065 E32.01390
G1 X129.821 Y110.264 E32.27279
G1 X129.676 Y110.264 E32.27978
G1 X128.375 Y108.964 E32.36825
G1 X128.458 Y108.721 E32.38056
G1 X128.339 Y108.373 E32.39828
G1 X131.215 Y107.602 E32.54145
G1 X131.215 Y109.916 E32.65274
G1 E30.65274 F2400.000
G92 E0
G1 X121.823 Y109.148 F7800.000
G1 E2.00000 F2400.000
G1 F4800.000
G1 X121.823 Y110.119 E2.04670
G1 X121.279 Y110.264 E2.07376
G1 X120.240 Y110.264 E2.12373
G1 X121.924 Y103.979 E2.43672
G1 X122.297 Y102.885 E2.49228
G1 X123.953 Y104.542 E2.60497
G1 X123.703 Y104.824 E2.62312
G1 X118.785 Y106.142 E2.86798
G1 X118.785 Y105.918 E2.87875
G1 X121.823 Y108.955 E3.08533
G1 X121.823 Y106.945 E3.18200
G1 X122.024 Y106.718 E3.19661
;LAYER_CHANGE
;Z:13.22
;HEIGHT:0.3
G1 Z13.220 F7800.000
G1 X122.259 Y74.746
;TYPE:Perimeter
G1 F3600.000
G1 X122.112 Y74.912 E3.20725
G1 X122.112 Y78.245 E3.36757
G1 X124.219 Y80.622 E3.52035
G1 X127.091 Y79.695 E3.66551
G1 X128.152 Y76.579 E3.82384
G1 X127.528 Y74.746 E3.91693
G1 X131.504 Y74.746 E4.10813
G1 X131.504 Y97.176 E5.18691
G1 X129.719 Y96.600 E5.27710
G1 X127.612 Y98.977 E5.42988
G1 X127.612 Y102.310 E5.59020
G1 X129.719 Y104.687 E5.74298
G1 X131.504 Y104.111 E5.83317
G1 X131.504 Y110.254 E6.12863
G1 X127.528 Y110.254 E6.31982
G1 X128.152 Y108.421 E6.41292
G1 X127.091 Y105.305 E6.57125
G1 X124.219 Y104.378 E6.71641
G1 X122.112 Y106.755 E6.86920
G1 X122.112 Y110.088 E7.02951
G1 X122.259 Y110.254 E7.04016
G1 X118.496 Y110.254 E7.22111
G1 X118.496 Y104.435 E7.50095
G1 X118.719 Y104.687 E7.51712
G1 X121.591 Y103.760 E7.66227
G1 X122.652 Y100.643 E7.82061
G1 X121.591 Y97.527 E7.97895
G1 X118.719 Y96.600 E8.12410
G1 X118.496 Y96.851 E8.14027
G1 X118.496 Y74.746 E9.20343
G1 X122.199 Y74.746 E9.38150
G1 X122.497 Y75.058 F7800.000
G1 F3600.000
G1 X122.497 Y78.099 E9.52774
G1 X124.341 Y80.178 E9.66137
G1 X126.789 Y79.387 E9.78509
G1 X127.745 Y76.579 E9.92780
G1 X127.111 Y74.716 E10.02246
G1 X127.111 Y74.361 E10.03953
G1 X131.889 Y74.361 E10.26937
G1 X131.889 Y97.705 E11.39216
G1 X129.841 Y97.044 E11.49571
G1 X127.997 Y99.123 E11.62934
G1 X127.997 Y102.164 E11.77558
G1 X129.841 Y104.242 E11.90920
G1 X131.889 Y103.581 E12.01275
G1 X131.889 Y110.639 E12.35223
G1 X127.111 Y110.639 E12.58207
G1 X127.111 Y110.284 E12.59913
G1 X127.745 Y108.421 E12.69379
G1 X126.789 Y105.613 E12.83651
G1 X124.341 Y104.822 E12.96023
G1 X122.497 Y106.901 E13.09386
G1 X122.497 Y109.942 E13.24010
G1 X122.889 Y110.384 E13.26852
G1 X122.889 Y110.639 E13.28080
G1 X118.111 Y110.639 E13.51065
G1 X118.111 Y103.419 E13.85791
G1 X118.841 Y104.242 E13.91083
G1 X121.289 Y103.452 E14.03455
G1 X122.245 Y100.643 E14.17726
G1 X121.289 Y97.834 E14.31998
G1 X118.841 Y97.044 E14.44370
G1 X118.111 Y97.867 E14.49662
G1 X118.111 Y74.361 E15.62720
G1 X122.889 Y74.361 E15.85705
G1 X122.889 Y74.616 E15.86933
G1 X122.537 Y75.013 E15.89486
G1 X122.883 Y75.205 F7800.000
;TYPE:External perimeter
G1 F1800.000
G1 X122.883 Y77.953 E16.02703
G1 X124.462 Y79.733 E16.14150
G1 X126.486 Y79.080 E16.24379
G1 X127.338 Y76.579 E16.37088
G1 X126.725 Y74.779 E16.46230
G1 X126.725 Y73.975 E16.50098
G1 X132.275 Y73.975 E16.76791
G1 X132.275 Y98.297 E17.93770
G1 X132.039 Y98.297 E17.94907
G1 X131.986 Y98.142 E17.95694
G1 X129.962 Y97.489 E18.05924
G1 X128.383 Y99.269 E18.17370
G1 X128.383 Y102.017 E18.30587
G1 X129.962 Y103.798 E18.42033
G1 X131.986 Y103.145 E18.52262
G1 X132.039 Y102.990 E18.53050
G1 X132.275 Y102.990 E18.54187
G1 X132.275 Y111.025 E18.92834
G1 X126.725 Y111.025 E19.19527
G1 X126.725 Y110.221 E19.23395
G1 X127.338 Y108.421 E19.32537
G1 X126.486 Y105.920 E19.45246
G1 X124.462 Y105.267 E19.55475
G1 X122.883 Y107.047 E19.66922
G1 X122.883 Y109.795 E19.80139
G1 X123.275 Y110.237 E19.82981
G1 X123.275 Y111.025 E19.86768
G1 X117.725 Y111.025 E20.13461
G1 X117.725 Y102.990 E20.52108
G1 X118.245 Y102.990 E20.54610
G1 X118.962 Y103.798 E20.59806
G1 X120.986 Y103.145 E20.70035
G1 X121.838 Y100.643 E20.82744
G1 X120.986 Y98.142 E20.95454
G1 X118.962 Y97.489 E21.05683
G1 X118.245 Y98.297 E21.10879
G1 X117.725 Y98.297 E21.13381
G1 X117.725 Y73.975 E22.30360
G1 X123.275 Y73.975 E22.57053
G1 X123.275 Y74.763 E22.60840
G1 X122.923 Y75.160 E22.63394
G1 X122.518 Y75.368 F7800.000
G1 X118.785 Y75.084
;TYPE:Internal infill
G1 F4800.000
G1 X118.785 Y77.398 E22.74522
G1 X121.823 Y76.584 E22.89644
G1 X121.823 Y76.234 E22.91327
G1 X120.624 Y75.036 E22.99479
G1 X120.098 Y75.036 E23.02008
G1 X118.785 Y79.935 E23.26403
G1 X118.785 Y79.741 E23.27335
G1 X131.215 Y92.170 E24.11876
G1 X131.215 Y93.230 E24.16974
G1 X119.197 Y96.450 E24.76811
G1 X119.155 Y96.436 E24.77027
G1 X123.494 Y80.240 E25.57672
G1 X123.986 Y80.795 E25.61237
G1 X118.785 Y82.189 E25.87132
G1 X118.785 Y84.502 E25.98260
G1 E23.98260 F2400.000
G92 E0
G1 X118.785 Y109.186 F7800.000
G1 E2.00000 F2400.000
G1 F4800.000
G1 X118.785 Y109.964 E2.03745
G1 X120.320 Y109.964 E2.11128
G1 X122.301 Y102.571 E2.47942
G1 X122.220 Y102.809 E2.49151
G1 X123.812 Y104.401 E2.59979
G1 X123.354 Y104.918 E2.63302
G1 X118.785 Y106.142 E2.86051
G1 X118.785 Y105.918 E2.87127
G1 X121.823 Y108.955 E3.07785
G1 X121.825 Y106.642 E3.18909
G1 X127.323 Y101.174 F7800.000
G1 F4800.000
G1 X127.323 Y99.064 E3.29058
G1 X122.830 Y100.267 E3.51428
G1 X122.880 Y100.413 E3.52169
G1 X129.680 Y75.036 E4.78532
G1 X127.933 Y75.036 E4.86935
G1 X128.327 Y76.195 E4.92824
G1 X131.215 Y79.082 E5.12463
G1 X131.215 Y78.858 E5.13540
G1 X127.327 Y79.900 E5.32898
G1 X127.318 Y79.926 E5.33029
G1 X125.954 Y80.366 E5.39922
G1 X131.215 Y85.626 E5.75702
G1 X131.215 Y87.186 E5.83204
G1 X128.415 Y97.635 E6.35233
G1 X129.223 Y96.723 E6.41094
G1 X118.785 Y86.285 E7.12090
G1 X118.785 Y86.979 E7.15427
G1 X131.215 Y83.649 E7.77315
G1 X131.215 Y81.335 E7.88443
G1 X131.215 Y90.753 F7800.000
G1 F4800.000
G1 X131.215 Y88.439 E7.99572
G1 X118.785 Y91.770 E8.61460
G1 X118.785 Y92.830 E8.66557
G1 X127.323 Y101.367 E9.24626
G1 X127.323 Y101.711 E9.26282
G1 X126.493 Y104.808 E9.41702
G1 X125.255 Y104.408 E9.47958
G1 X128.350 Y103.579 E9.63371
G1 X129.628 Y105.020 E9.72634
G1 X130.647 Y104.691 E9.77782
G1 X131.215 Y105.259 E9.81643
G1 X131.215 Y105.065 E9.82575
G1 X129.902 Y109.964 E10.06970
G1 X129.376 Y109.964 E10.09499
G1 X128.299 Y108.888 E10.16823
G1 X128.458 Y108.421 E10.19192
G1 X128.433 Y108.348 E10.19567
G1 X131.215 Y107.602 E10.33418
G1 X131.215 Y109.916 E10.44546
;LAYER_CHANGE
;Z:13.52
;HEIGHT:0.3
G1 Z13.520 F7800.000
G1 E8.44546 F2400.000
G92 E0
G1 X122.259 Y75.046 F7800.000
G1 E2.00000 F2400.000
;TYPE:Perimeter
G1 F3600.000
G1 X122.112 Y75.212 E2.01064
G1 X122.112 Y78.545 E2.17096
G1 X124.219 Y80.922 E2.32375
G1 X127.091 Y79.995 E2.46890
G1 X128.152 Y76.879 E2.62723
G1 X127.528 Y75.046 E2.72033
G1 X131.504 Y75.046 E2.91152
G1 X131.504 Y96.876 E3.96144
G1 X129.719 Y96.300 E4.05163
G1 X127.612 Y98.677 E4.20441
G1 X127.612 Y102.010 E4.36474
G1 X129.719 Y104.387 E4.51752
G1 X131.504 Y103.811 E4.60771
G1 X131.504 Y109.954 E4.90316
G1 X127.528 Y109.954 E5.09436
G1 X128.152 Y108.121 E5.18745
G1 X127.091 Y105.005 E5.34579
G1 X124.219 Y104.078 E5.49094
G1 X122.112 Y106.455 E5.64373
G1 X122.112 Y109.788 E5.80405
G1 X122.259 Y109.954 E5.81469
G1 X118.496 Y109.954 E5.99565
G1 X118.496 Y104.135 E6.27549
G1 X118.719 Y104.387 E6.29165
G1 X121.591 Y103.460 E6.43681
G1 X122.652 Y100.343 E6.59515
G1 X121.591 Y97.227 E6.75349
G1 X118.719 Y96.300 E6.89864
G1 X118.496 Y96.551 E6.91480
G1 X118.496 Y75.046 E7.94911
G1 X122.199 Y75.046 E8.12718
G1 X122.497 Y75.358 F7800.000
G1 F3600.000
G1 X122.497 Y78.399 E8.27342
G1 X124.341 Y80.478 E8.40705
G1 X126.789 Y79.687 E8.53077
G1 X127.745 Y76.879 E8.67348
G1 X127.111 Y75.016 E8.76814
G1 X127.111 Y74.661 E8.78520
G1 X131.889 Y74.661 E9.01505
G1 X131.889 Y97.405 E10.10899
G1 X129.841 Y96.744 E10.21253
G1 X127.997 Y98.823 E10.34616
G1 X127.997 Y101.864 E10.49240
G1 X129.841 Y103.942 E10.62602
G1 X131.889 Y103.281 E10.72957
G1 X131.889 Y110.339 E11.06905
G1 X127.111 Y110.339 E11.29889
G1 X127.111 Y109.984 E11.31595
G1 X127.745 Y108.121 E11.41062
G1 X126.789 Y105.313 E11.55333
G1 X124.341 Y104.522 E11.67705
G1 X122.497 Y106.601 E11.81068
G1 X122.497 Y109.642 E11.95692
G1 X122.889 Y110.084 E11.98534
G1 X122.889 Y110.339 E11.99763
G1 X118.111 Y110.339 E12.22747
G1 X118.111 Y103.119 E12.57473
G1 X118.841 Y103.942 E12.62765
G1 X121.289 Y103.152 E12.75137
G1 X122.245 Y100.343 E12.89409
G1 X121.289 Y97.534 E13.03680
G1 X118.841 Y96.744 E13.16052
G1 X118.111 Y97.567 E13.21344
G1 X118.111 Y74.661 E14.31517
G1 X122.889 Y74.661 E14.54501
G1 X122.889 Y74.916 E14.55729
G1 X122.537 Y75.313 E14.58283
G1 X122.883 Y75.505 F7800.000
;TYPE:External perimeter
G1 F1800.000
G1 X122.883 Y78.253 E14.71499
G1 X124.462 Y80.033 E14.82946
G1 X126.486 Y79.380 E14.93175
G1 X127.338 Y76.879 E15.05884
G1 X126.725 Y75.079 E15.15026
G1 X126.725 Y74.275 E15.18894
G1 X132.275 Y74.275 E15.45587
G1 X132.275 Y97.997 E16.59680
G1 X132.039 Y97.997 E16.60817
G1 X131.986 Y97.842 E16.61605
G1 X129.962 Y97.189 E16.71834
G1 X128.383 Y98.969 E16.83280
G1 X128.383 Y101.717 E16.96497
G1 X129.962 Y103.498 E17.07944
G1 X131.986 Y102.845 E17.18173
G1 X132.039 Y102.690 E17.18961
G1 X132.275 Y102.690 E17.20097
G1 X132.275 Y110.725 E17.58744
G1 X126.725 Y110.725 E17.85438
G1 X126.725 Y109.921 E17.89306
G1 X127.338 Y108.121 E17.98448
G1 X126.486 Y105.620 E18.11156
G1 X124.462 Y104.967 E18.21386
G1 X122.883 Y106.747 E18.32833
G1 X122.883 Y109.495 E18.46049
G1 X123.275 Y109.937 E18.48891
G1 X123.275 Y110.725 E18.52678
G1 X117.725 Y110.725 E18.79372
G1 X117.725 Y102.690 E19.18019
G1 X118.245 Y102.690 E19.20520
G1 X118.962 Y103.498 E19.25716
G1 X120.986 Y102.845 E19.35946
G1 X121.838 Y100.343 E19.48655
G1 X120.986 Y97.842 E19.61364
G1 X118.962 Y97.189 E19.71593
G1 X118.245 Y97.997 E19.76790
G1 X117.725 Y97.997 E19.79291
G1 X117.725 Y74.275 E20.93384
G1 X123.275 Y74.275 E21.20078
G1 X123.275 Y75.063 E21.23865
G1 X122.923 Y75.460 E21.26418
G1 X122.518 Y75.668 F7800.000
G1 X119.037 Y75.336
;TYPE:Internal infill
G1 F4800.000
G1 X118.785 Y75.336 E21.27628
G1 X118.785 Y77.398 E21.37546
G1 X121.823 Y76.584 E21.52669
G1 X121.823 Y76.234 E21.54352
G1 X120.924 Y75.336 E21.60463
G1 X120.018 Y75.336 E21.64822
G1 X118.785 Y79.935 E21.87723
G1 X118.785 Y79.741 E21.88655
G1 X131.215 Y92.170 E22.73196
G1 X131.215 Y93.230 E22.78293
G1 X119.705 Y96.314 E23.35602
G1 X119.229 Y96.160 E23.38011
G1 X123.433 Y80.471 E24.16134
G1 X123.771 Y80.853 E24.18588
G1 X118.785 Y82.189 E24.43413
G1 X118.785 Y84.502 E24.54541
G1 X122.144 Y102.733 F7800.000
G1 F4800.000
G1 X123.671 Y104.260 E24.64929
G1 X123.005 Y105.011 E24.69759
G1 X118.785 Y106.142 E24.90770
G1 X118.785 Y105.918 E24.91847
G1 X121.823 Y108.955 E25.12504
G1 X121.823 Y109.664 E25.15916
G1 X120.401 Y109.664 E25.22754
G1 X122.679 Y101.163 E25.65084
G1 X122.929 Y100.428 E25.68820
G1 X128.402 Y97.349 F7800.000
G1 F4800.000
G1 X127.323 Y98.567 E25.76646
G1 X127.323 Y99.064 E25.79036
G1 X122.925 Y100.245 E26.00938
G1 X129.599 Y75.336 E27.24972
G1 X127.933 Y75.336 E27.32988
G1 X128.172 Y76.040 E27.36566
G1 X131.215 Y79.082 E27.57259
G1 X131.215 Y78.858 E27.58336
G1 X127.439 Y79.870 E27.77133
G1 X127.318 Y80.226 E27.78942
G1 X126.181 Y80.593 E27.84689
G1 X131.215 Y85.626 E28.18926
G1 X131.215 Y87.186 E28.26428
G1 X128.530 Y97.205 E28.76316
G1 X129.082 Y96.582 E28.80320
G1 X118.785 Y86.285 E29.50357
G1 X118.785 Y86.979 E29.53694
G1 X131.215 Y83.649 E30.15582
G1 X131.215 Y81.335 E30.26711
G1 X131.215 Y90.753 F7800.000
G1 F4800.000
G1 X131.215 Y88.439 E30.37839
G1 X118.785 Y91.770 E30.99727
G1 X118.785 Y92.830 E31.04824
G1 X127.323 Y101.367 E31.62893
G1 X127.323 Y101.711 E31.64549
G1 X126.567 Y104.532 E31.78594
G1 X125.763 Y104.272 E31.82657
G1 X128.565 Y103.521 E31.96612
G1 X129.628 Y104.720 E32.04317
G1 X130.420 Y104.464 E32.08319
G1 X131.215 Y105.259 E32.13723
G1 X131.215 Y105.065 E32.14654
G1 X129.982 Y109.664 E32.37556
G1 X129.076 Y109.664 E32.41914
G1 X128.223 Y108.811 E32.47716
G1 X128.376 Y108.363 E32.49995
G1 X131.215 Y107.602 E32.64131
G1 X131.215 Y109.664 E32.74049
G1 X130.963 Y109.664 E32.75259
M106 S232.05
;LAYER_CHANGE
;Z:13.82
;HEIGHT:0.299999
G1 Z13.820 F7800.000
G1 E30.75259 F2400.000
G92 E0
G1 X122.259 Y75.346 F7800.000
G1 E2.00000 F2400.000
;TYPE:Perimeter
G1 F3600.000
G1 X122.112 Y75.512 E2.01064
G1 X122.112 Y78.845 E2.17096
G1 X124.219 Y81.222 E2.32375
G1 X127.091 Y80.295 E2.46890
G1 X128.152 Y77.179 E2.62723
G1 X127.528 Y75.346 E2.72033
G1 X131.504 Y75.346 E2.91152
G1 X131.504 Y96.576 E3.93258
G1 X129.719 Y96.000 E4.02278
G1 X127.612 Y98.377 E4.17556
G1 X127.612 Y101.710 E4.33588
G1 X129.719 Y104.087 E4.48866
G1 X131.504 Y103.511 E4.57885
G1 X131.504 Y109.654 E4.87430
G1 X127.528 Y109.654 E5.06550
G1 X128.152 Y107.821 E5.15860
G1 X127.091 Y104.705 E5.31693
G1 X124.219 Y103.778 E5.46209
G1 X122.112 Y106.155 E5.61487
G1 X122.112 Y109.488 E5.77519
G1 X122.259 Y109.654 E5.78583
G1 X118.496 Y109.654 E5.96679
G1 X118.496 Y103.835 E6.24663
G1 X118.719 Y104.087 E6.26280
G1 X121.591 Y103.160 E6.40795
G1 X122.652 Y100.043 E6.56629
G1 X121.591 Y96.927 E6.72463
G1 X118.719 Y96.000 E6.86978
G1 X118.496 Y96.251 E6.88595
G1 X118.496 Y75.346 E7.89139
G1 X122.199 Y75.346 E8.06946
G1 X122.497 Y75.658 F7800.000
G1 F3600.000
G1 X122.497 Y78.699 E8.21570
G1 X124.341 Y80.778 E8.34933
G1 X126.789 Y79.987 E8.47305
G1 X127.745 Y77.179 E8.61576
G1 X127.111 Y75.316 E8.71043
G1 X127.111 Y74.961 E8.72749
G1 X131.889 Y74.961 E8.95733
G1 X131.889 Y97.105 E10.02241
G1 X129.841 Y96.444 E10.12596
G1 X127.997 Y98.523 E10.25958
G1 X127.997 Y101.564 E10.40583
G1 X129.841 Y103.642 E10.53945
G1 X131.889 Y102.981 E10.64300
G1 X131.889 Y110.039 E10.98248
G1 X127.111 Y110.039 E11.21232
G1 X127.111 Y109.684 E11.22938
G1 X127.745 Y107.821 E11.32404
G1 X126.789 Y105.013 E11.46675
G1 X124.341 Y104.222 E11.59048
G1 X122.497 Y106.301 E11.72411
G1 X122.497 Y109.342 E11.87035
G1 X122.889 Y109.784 E11.89877
G1 X122.889 Y110.039 E11.91105
G1 X118.111 Y110.039 E12.14089
G1 X118.111 Y102.819 E12.48816
G1 X118.841 Y103.642 E12.54107
G1 X121.289 Y102.852 E12.66480
G1 X122.245 Y100.043 E12.80751
G1 X121.289 Y97.234 E12.95023
G1 X118.841 Y96.444 E13.07395
G1 X118.111 Y97.267 E13.12687
G1 X118.111 Y74.961 E14.19973
G1 X122.889 Y74.961 E14.42958
G1 X122.889 Y75.216 E14.44186
G1 X122.537 Y75.613 E14.46740
G1 X122.883 Y75.805 F7800.000
;TYPE:External perimeter
G1 F1800.000
G1 X122.883 Y78.553 E14.59956
G1 X124.462 Y80.333 E14.71403
G1 X126.486 Y79.680 E14.81632
G1 X127.338 Y77.179 E14.94341
G1 X126.725 Y75.379 E15.03483
G1 X126.725 Y74.575 E15.07351
G1 X132.275 Y74.575 E15.34044
G1 X132.275 Y97.697 E16.45251
G1 X132.039 Y97.697 E16.46388
G1 X131.986 Y97.542 E16.47176
G1 X129.962 Y96.889 E16.57405
G1 X128.383 Y98.669 E16.68851
G1 X128.383 Y101.417 E16.82068
G1 X129.962 Y103.198 E16.93515
G1 X131.986 Y102.545 E17.03744
G1 X132.039 Y102.390 E17.04532
G1 X132.275 Y102.390 E17.05668
G1 X132.275 Y110.425 E17.44315
G1 X126.725 Y110.425 E17.71009
G1 X126.725 Y109.621 E17.74877
G1 X127.338 Y107.821 E17.84019
G1 X126.486 Y105.320 E17.96727
G1 X124.462 Y104.667 E18.06957
G1 X122.883 Y106.447 E18.18404
G1 X122.883 Y109.195 E18.31620
G1 X123.275 Y109.637 E18.34462
G1 X123.275 Y110.425 E18.38249
G1 X117.725 Y110.425 E18.64943
G1 X117.725 Y102.390 E19.03590
G1 X118.245 Y102.390 E19.06091
G1 X118.962 Y103.198 E19.11287
G1 X120.986 Y102.545 E19.21517
G1 X121.838 Y100.043 E19.34226
G1 X120.986 Y97.542 E19.46935
G1 X118.962 Y96.889 E19.57164
G1 X118.245 Y97.697 E19.62361
G1 X117.725 Y97.697 E19.64862
G1 X117.725 Y74.575 E20.76070
G1 X123.275 Y74.575 E21.02763
G1 X123.275 Y75.363 E21.06550
G1 X122.923 Y75.760 E21.09104
G1 X122.518 Y75.968 F7800.000
G1 X119.337 Y75.636
;TYPE:Internal infill
G1 F4800.000
G1 X118.785 Y75.636 E21.11756
G1 X118.785 Y77.398 E21.20232
G1 X121.823 Y76.584 E21.35354
G1 X121.823 Y76.234 E21.37037
G1 X121.224 Y75.636 E21.41108
G1 X119.937 Y75.636 E21.47296
G1 X118.785 Y79.935 E21.68704
G1 X118.785 Y79.741 E21.69635
G1 X131.215 Y92.170 E22.54177
G1 X131.215 Y93.230 E22.59274
G1 X120.213 Y96.178 E23.14054
G1 X119.303 Y95.884 E23.18655
G1 X123.371 Y80.701 E23.94256
G1 X123.556 Y80.910 E23.95600
G1 X118.785 Y82.189 E24.19354
G1 X118.785 Y84.502 E24.30483
G1 X131.215 Y81.335 F7800.000
G1 F4800.000
G1 X131.215 Y83.649 E24.41611
G1 X118.785 Y86.979 E25.03499
G1 X118.785 Y86.285 E25.06836
G1 X128.941 Y96.441 E25.75914
G1 X128.645 Y96.775 E25.78061
G1 X131.215 Y87.186 E26.25808
G1 X131.215 Y85.626 E26.33310
G1 X126.408 Y80.819 E26.66005
G1 X127.318 Y80.526 E26.70606
G1 X127.552 Y79.840 E26.74091
G1 X131.215 Y78.858 E26.92329
G1 X131.215 Y79.082 E26.93406
G1 X128.017 Y75.885 E27.15153
G1 X127.933 Y75.636 E27.16419
G1 X129.519 Y75.636 E27.24048
G1 X120.481 Y109.364 E28.91995
G1 X121.823 Y109.364 E28.98446
G1 X121.823 Y108.955 E29.00415
G1 X118.785 Y105.918 E29.21072
G1 X118.785 Y106.142 E29.22149
G1 X122.656 Y105.105 E29.41423
G1 X123.530 Y104.119 E29.47761
G1 X122.068 Y102.656 E29.57707
G1 X122.887 Y100.252 F7800.000
G1 F4800.000
G1 X127.323 Y99.064 E29.79794
G1 X127.323 Y98.267 E29.83627
G1 X128.329 Y97.132 E29.90923
G1 X131.215 Y90.753 F7800.000
G1 F4800.000
G1 X131.215 Y88.439 E30.02051
G1 X118.785 Y91.770 E30.63939
G1 X118.785 Y92.830 E30.69037
G1 X127.323 Y101.367 E31.27105
G1 X127.323 Y101.711 E31.28762
G1 X126.641 Y104.256 E31.41432
G1 X126.271 Y104.136 E31.43302
G1 X128.780 Y103.464 E31.55799
G1 X129.628 Y104.420 E31.61945
G1 X130.193 Y104.238 E31.64801
G1 X131.215 Y105.259 E31.71748
G1 X131.215 Y105.065 E31.72679
G1 X130.063 Y109.364 E31.94087
G1 X128.776 Y109.364 E32.00274
G1 X128.147 Y108.735 E32.04554
G1 X128.263 Y108.393 E32.06293
G1 X131.215 Y107.602 E32.20988
G1 X131.215 Y109.364 E32.29464
G1 X130.663 Y109.364 E32.32116
;LAYER_CHANGE
;Z:14.12
;HEIGHT:0.3
G1 Z14.120 F7800.000
G1 E30.32116 F2400.000
G92 E0
G1 X122.259 Y75.646 F7800.000
G1 E2.00000 F2400.000
;TYPE:Perimeter
G1 F3600.000
G1 X122.112 Y75.812 E2.01064
G1 X122.112 Y79.145 E2.17096
G1 X124.219 Y81.522 E2.32375
G1 X127.091 Y80.595 E2.46890
G1 X128.152 Y77.479 E2.62723
G1 X127.528 Y75.646 E2.72033
G1 X131.504 Y75.646 E2.91152
G1 X131.504 Y96.276 E3.90372
G1 X129.719 Y95.700 E3.99392
G1 X127.612 Y98.077 E4.14670
G1 X127.612 Y101.410 E4.30702
G1 X129.719 Y103.787 E4.45980
G1 X131.504 Y103.211 E4.54999
G1 X131.504 Y109.354 E4.84545
G1 X127.528 Y109.354 E5.03664
G1 X128.152 Y107.521 E5.12974
G1 X127.091 Y104.405 E5.28807
G1 X124.219 Y103.478 E5.43323
G1 X122.112 Y105.855 E5.58602
G1 X122.112 Y109.188 E5.74633
G1 X122.259 Y109.354 E5.75698
G1 X118.496 Y109.354 E5.93793
G1 X118.496 Y103.535 E6.21778
G1 X118.719 Y103.787 E6.23394
G1 X121.591 Y102.860 E6.37909
G1 X122.652 Y99.743 E6.53743
G1 X121.591 Y96.627 E6.69577
G1 X118.719 Y95.700 E6.84092
G1 X118.496 Y95.951 E6.85709
G1 X118.496 Y75.646 E7.83368
G1 X122.199 Y75.646 E8.01175
G1 X122.497 Y75.958 F7800.000
G1 F3600.000
G1 X122.497 Y78.999 E8.15799
G1 X124.341 Y81.078 E8.29161
G1 X126.789 Y80.287 E8.41534
G1 X127.745 Y77.479 E8.55805
G1 X127.111 Y75.616 E8.65271
G1 X127.111 Y75.261 E8.66977
G1 X131.889 Y75.261 E8.89961
G1 X131.889 Y96.805 E9.93584
G1 X129.841 Y96.144 E10.03939
G1 X127.997 Y98.223 E10.17301
G1 X127.997 Y101.264 E10.31925
G1 X129.841 Y103.342 E10.45287
G1 X131.889 Y102.681 E10.55642
G1 X131.889 Y109.739 E10.89590
G1 X127.111 Y109.739 E11.12574
G1 X127.111 Y109.384 E11.14280
G1 X127.745 Y107.521 E11.23747
G1 X126.789 Y104.713 E11.38018
G1 X124.341 Y103.922 E11.50390
G1 X122.497 Y106.001 E11.63753
G1 X122.497 Y109.042 E11.78377
G1 X122.889 Y109.484 E11.81219
G1 X122.889 Y109.739 E11.82448
G1 X118.111 Y109.739 E12.05432
G1 X118.111 Y102.519 E12.40158
G1 X118.841 Y103.342 E12.45450
G1 X121.289 Y102.552 E12.57822
G1 X122.245 Y99.743 E12.72094
G1 X121.289 Y96.934 E12.86365
G1 X118.841 Y96.144 E12.98738
G1 X118.111 Y96.967 E13.04029
G1 X118.111 Y75.261 E14.08430
G1 X122.889 Y75.261 E14.31414
G1 X122.889 Y75.516 E14.32643
G1 X122.537 Y75.913 E14.35196
G1 X122.883 Y76.105 F7800.000
;TYPE:External perimeter
G1 F1800.000
G1 X122.883 Y78.853 E14.48413
G1 X124.462 Y80.633 E14.59859
G1 X126.486 Y79.980 E14.70089
G1 X127.338 Y77.479 E14.82798
G1 X126.725 Y75.679 E14.91939
G1 X126.725 Y74.875 E14.95807
G1 X132.275 Y74.875 E15.22501
G1 X132.275 Y97.397 E16.30822
G1 X132.039 Y97.397 E16.31959
G1 X131.986 Y97.242 E16.32747
G1 X129.962 Y96.589 E16.42976
G1 X128.383 Y98.369 E16.54422
G1 X128.383 Y101.117 E16.67639
G1 X129.962 Y102.898 E16.79086
G1 X131.986 Y102.245 E16.89315
G1 X132.039 Y102.090 E16.90103
G1 X132.275 Y102.090 E16.91239
G1 X132.275 Y110.125 E17.29886
G1 X126.725 Y110.125 E17.56580
G1 X126.725 Y109.321 E17.60448
G1 X127.338 Y107.521 E17.69590
G1 X126.486 Y105.020 E17.82298
G1 X124.462 Y104.367 E17.92528
G1 X122.883 Y106.147 E18.03975
G1 X122.883 Y108.895 E18.17191
G1 X123.275 Y109.337 E18.20033
G1 X123.275 Y110.125 E18.23820
G1 X117.725 Y110.125 E18.50514
G1 X117.725 Y102.090 E18.89161
G1 X118.245 Y102.090 E18.91662
G1 X118.962 Y102.898 E18.96858
G1 X120.986 Y102.245 E19.07088
G1 X121.838 Y99.743 E19.19797
G1 X120.986 Y97.242 E19.32506
G1 X118.962 Y96.589 E19.42735
G1 X118.245 Y97.397 E19.47931
G1 X117.725 Y97.397 E19.50433
G1 X117.725 Y74.875 E20.58755
G1 X123.275 Y74.875 E20.85448
G1 X123.275 Y75.663 E20.89235
G1 X122.923 Y76.060 E20.91789
G1 X122.518 Y76.268 F7800.000
G1 X119.637 Y75.936
;TYPE:Internal infill
G1 F4800.000
G1 X118.785 Y75.936 E20.95884
G1 X118.785 Y77.398 E21.02917
G1 X121.823 Y76.584 E21.18039
G1 X121.823 Y76.234 E21.19722
G1 X121.524 Y75.936 E21.21753
G1 X119.857 Y75.936 E21.29770
G1 X118.785 Y79.935 E21.49684
G1 X118.785 Y79.741 E21.50616
G1 X131.215 Y92.170 E22.35157
G1 X131.215 Y93.230 E22.40254
G1 X120.721 Y96.042 E22.92506
G1 X119.377 Y95.608 E22.99300
G1 X123.309 Y80.932 E23.72379
G1 X123.341 Y80.968 E23.72611
G1 X118.785 Y82.189 E23.95296
G1 X118.785 Y84.502 E24.06424
G1 X131.215 Y81.335 F7800.000
G1 F4800.000
G1 X131.215 Y83.649 E24.17552
G1 X118.785 Y86.979 E24.79441
G1 X118.785 Y86.285 E24.82777
G1 X128.800 Y96.300 E25.50897
G1 X128.760 Y96.345 E25.51186
G1 X131.215 Y87.186 E25.96792
G1 X131.215 Y85.626 E26.04295
G1 X126.635 Y81.046 E26.35447
G1 X127.318 Y80.826 E26.38901
G1 X127.664 Y79.809 E26.44064
G1 X131.215 Y78.858 E26.61743
G1 X131.215 Y79.082 E26.62819
G1 X128.068 Y75.936 E26.84220
G1 X129.438 Y75.936 E26.90811
G1 X120.562 Y109.064 E28.55769
G1 X121.823 Y109.064 E28.61834
G1 X121.823 Y108.955 E28.62360
G1 X118.785 Y105.918 E28.83017
G1 X118.785 Y106.142 E28.84094
G1 X122.307 Y105.198 E29.01631
G1 X123.389 Y103.978 E29.09476
G1 X121.992 Y102.580 E29.18982
G1 X122.774 Y100.282 F7800.000
G1 F4800.000
G1 X127.323 Y99.064 E29.41629
G1 X127.323 Y97.967 E29.46904
G1 X128.130 Y97.056 E29.52757
G1 X131.215 Y90.753 F7800.000
G1 F4800.000
G1 X131.215 Y88.439 E29.63885
G1 X118.785 Y91.770 E30.25774
G1 X118.785 Y92.830 E30.30871
G1 X127.323 Y101.367 E30.88939
G1 X127.323 Y101.520 E30.89674
G1 X127.362 Y101.564 E30.89960
G1 X126.715 Y103.980 E31.01988
G1 X126.778 Y104.000 E31.02310
G1 X128.995 Y103.406 E31.13348
G1 X129.628 Y104.120 E31.17936
G1 X129.967 Y104.011 E31.19646
G1 X131.215 Y105.259 E31.28135
G1 X131.215 Y105.065 E31.29067
G1 X130.143 Y109.064 E31.48981
G1 X128.476 Y109.064 E31.56998
G1 X128.071 Y108.659 E31.59756
G1 X128.151 Y108.423 E31.60954
G1 X131.215 Y107.602 E31.76209
G1 X131.215 Y109.064 E31.83242
G1 X130.363 Y109.064 E31.87337
;LAYER_CHANGE
;Z:14.42
;HEIGHT:0.3
G1 Z14.420 F7800.000
G1 X122.259 Y75.946
;TYPE:Perimeter
G1 F3600.000
G1 X122.112 Y76.112 E31.88401
G1 X122.112 Y79.445 E32.04433
G1 X124.219 Y81.822 E32.19712
G1 X127.091 Y80.895 E32.34227
G1 X128.152 Y77.779 E32.50061
G1 X127.528 Y75.946 E32.59370
G1 X131.504 Y75.946 E32.78490
G1 X131.504 Y95.976 E33.74824
G1 X129.719 Y95.400 E33.83843
G1 X127.612 Y97.777 E33.99121
G1 X127.612 Y101.110 E34.15153
G1 X129.719 Y103.487 E34.30431
G1 X131.504 Y102.911 E34.39450
G1 X131.504 Y109.054 E34.68996
G1 X127.528 Y109.054 E34.88116
G1 X128.152 Y107.221 E34.97425
G1 X127.091 Y104.105 E35.13259
G1 X124.219 Y103.178 E35.27774
G1 X122.112 Y105.555 E35.43053
G1 X122.112 Y108.888 E35.59084
G1 X122.259 Y109.054 E35.60149
G1 X118.496 Y109.054 E35.78244
G1 X118.496 Y103.235 E36.06229
G1 X118.719 Y103.487 E36.07845
G1 X121.591 Y102.560 E36.22360
G1 X122.652 Y99.443 E36.38194
G1 X121.591 Y96.327 E36.54029
G1 X118.719 Y95.400 E36.68544
G1 X118.496 Y95.651 E36.70160
G1 X118.496 Y75.946 E37.64933
G1 X122.199 Y75.946 E37.82740
G1 X122.497 Y76.258 F7800.000
G1 F3600.000
G1 X122.497 Y79.299 E37.97364
G1 X124.341 Y81.378 E38.10727
G1 X126.789 Y80.587 E38.23099
G1 X127.745 Y77.779 E38.37370
G1 X127.111 Y75.916 E38.46837
G1 X127.111 Y75.561 E38.48543
G1 X131.889 Y75.561 E38.71527
G1 X131.889 Y96.505 E39.72264
G1 X129.841 Y95.844 E39.82618
G1 X127.997 Y97.923 E39.95981
G1 X127.997 Y100.964 E40.10605
G1 X129.841 Y103.042 E40.23967
G1 X131.889 Y102.381 E40.34322
G1 X131.889 Y109.439 E40.68270
G1 X127.111 Y109.439 E40.91254
G1 X127.111 Y109.084 E40.92960
G1 X127.745 Y107.221 E41.02427
G1 X126.789 Y104.413 E41.16698
G1 X124.341 Y103.622 E41.29070
G1 X122.497 Y105.701 E41.42433
G1 X122.497 Y108.742 E41.57057
G1 X122.889 Y109.184 E41.59899
G1 X122.889 Y109.439 E41.61127
G1 X118.111 Y109.439 E41.84112
G1 X118.111 Y102.219 E42.18838
G1 X118.841 Y103.042 E42.24130
G1 X121.289 Y102.252 E42.36502
G1 X122.245 Y99.443 E42.50774
G1 X121.289 Y96.634 E42.65045
G1 X118.841 Y95.844 E42.77417
G1 X118.111 Y96.667 E42.82709
G1 X118.111 Y75.561 E43.84224
G1 X122.889 Y75.561 E44.07208
G1 X122.889 Y75.816 E44.08437
G1 X122.537 Y76.213 E44.10990
G1 X122.883 Y76.405 F7800.000
;TYPE:External perimeter
G1 F1800.000
G1 X122.883 Y79.153 E44.24207
G1 X124.462 Y80.933 E44.35653
G1 X126.486 Y80.280 E44.45883
G1 X127.338 Y77.779 E44.58592
G1 X126.725 Y75.979 E44.67733
G1 X126.725 Y75.175 E44.71601
G1 X132.275 Y75.175 E44.98295
G1 X132.275 Y97.097 E46.03731
G1 X132.039 Y97.097 E46.04867
G1 X131.986 Y96.942 E46.05655
G1 X129.962 Y96.289 E46.15884
G1 X128.383 Y98.069 E46.27331
G1 X128.383 Y100.817 E46.40547
G1 X129.962 Y102.598 E46.51994
G1 X131.986 Y101.945 E46.62223
G1 X132.039 Y101.790 E46.63011
G1 X132.275 Y101.790 E46.64147
G1 X132.275 Y109.825 E47.02794
G1 X126.725 Y109.825 E47.29488
G1 X126.725 Y109.021 E47.33356
G1 X127.338 Y107.221 E47.42498
G1 X126.486 Y104.720 E47.55206
G1 X124.462 Y104.067 E47.65436
G1 X122.883 Y105.847 E47.76883
G1 X122.883 Y108.595 E47.90099
G1 X123.275 Y109.037 E47.92941
G1 X123.275 Y109.825 E47.96728
G1 X117.725 Y109.825 E48.23422
G1 X117.725 Y101.790 E48.62069
G1 X118.245 Y101.790 E48.64570
G1 X118.962 Y102.598 E48.69767
G1 X120.986 Y101.945 E48.79996
G1 X121.838 Y99.443 E48.92705
G1 X120.986 Y96.942 E49.05414
G1 X118.962 Y96.289 E49.15644
G1 X118.245 Y97.097 E49.20840
G1 X117.725 Y97.097 E49.23341
G1 X117.725 Y75.175 E50.28777
G1 X123.275 Y75.175 E50.55471
G1 X123.275 Y75.963 E50.59257
G1 X122.923 Y76.360 E50.61811
G1 X122.518 Y76.568 F7800.000
G1 X121.823 Y78.898
;TYPE:Internal infill
G1 F4800.000
G1 X121.823 Y76.584 E50.72939
G1 X118.785 Y77.398 E50.88062
G1 X118.785 Y76.236 E50.93651
G1 X119.777 Y76.236 E50.98419
G1 X118.785 Y79.935 E51.16839
G1 X118.785 Y79.741 E51.17771
G1 X131.215 Y92.170 E52.02312
G1 X131.215 Y93.230 E52.07409
G1 X121.229 Y95.906 E52.57132
G1 X119.451 Y95.332 E52.66119
G1 X123.247 Y81.162 E53.36675
G1 X123.126 Y81.025 E53.37553
G1 X118.785 Y82.189 E53.59168
G1 X118.785 Y84.502 E53.70296
G1 X131.215 Y81.335 F7800.000
G1 F4800.000
G1 X131.215 Y83.649 E53.81424
G1 X118.785 Y86.979 E54.43313
G1 X118.785 Y86.285 E54.46649
G1 X128.659 Y96.159 E55.13810
G1 X128.876 Y95.915 E55.15378
G1 X131.215 Y87.186 E55.58843
G1 X131.215 Y85.626 E55.66346
G1 X126.861 Y81.273 E55.95955
G1 X127.318 Y81.126 E55.98264
G1 X127.777 Y79.779 E56.05104
G1 X131.215 Y78.858 E56.22222
G1 X131.215 Y79.082 E56.23299
G1 X128.368 Y76.236 E56.42660
G1 X129.358 Y76.236 E56.47421
G1 X120.642 Y108.764 E58.09392
G1 X121.632 Y108.764 E58.14152
G1 X118.785 Y105.918 E58.33513
G1 X118.785 Y106.142 E58.34590
G1 X121.959 Y105.292 E58.50390
G1 X123.248 Y103.837 E58.59741
G1 X121.916 Y102.504 E58.68807
G1 X121.818 Y102.790 E58.70261
G1 X119.904 Y103.408 E58.79935
G1 X122.662 Y100.312 F7800.000
G1 F4800.000
G1 X127.323 Y99.064 E59.03142
G1 X127.323 Y97.667 E59.09860
G1 X127.931 Y96.981 E59.14270
G1 X131.215 Y90.753 F7800.000
G1 F4800.000
G1 X131.215 Y88.439 E59.25398
G1 X118.785 Y91.770 E59.87287
G1 X118.785 Y92.830 E59.92384
G1 X128.474 Y102.518 E60.58281
G1 X129.082 Y103.204 E60.62694
G1 X127.424 Y101.334 F7800.000
G1 F4800.000
G1 X126.789 Y103.703 E60.74494
G1 X127.286 Y103.864 E60.77009
G1 X129.210 Y103.349 E60.86589
G1 X129.628 Y103.820 E60.89619
G1 X129.740 Y103.784 E60.90183
G1 X131.215 Y105.259 E61.00214
G1 X131.215 Y105.065 E61.01146
G1 X130.223 Y108.764 E61.19566
G1 X128.176 Y108.764 E61.29412
G1 X127.994 Y108.583 E61.30648
G1 X128.038 Y108.453 E61.31306
G1 X131.215 Y107.602 E61.47121
G1 X131.215 Y108.764 E61.52711
G1 X130.416 Y108.764 E61.56551
;LAYER_CHANGE
;Z:14.72
;HEIGHT:0.3
G1 Z14.720 F7800.000
G1 E59.56551 F2400.000
G92 E0
G1 X122.259 Y76.246 F7800.000
G1 E2.00000 F2400.000
;TYPE:Perimeter
G1 F3600.000
G1 X122.112 Y76.412 E2.01064
G1 X122.112 Y79.745 E2.17096
G1 X124.219 Y82.122 E2.32375
G1 X127.091 Y81.195 E2.46890
G1 X128.152 Y78.079 E2.62724
G1 X127.528 Y76.246 E2.72033
G1 X131.504 Y76.246 E2.91152
G1 X131.504 Y95.676 E3.84601
G1 X129.719 Y95.100 E3.93620
G1 X127.612 Y97.477 E4.08898
G1 X127.612 Y100.810 E4.24930
G1 X129.719 Y103.187 E4.40208
G1 X131.504 Y102.611 E4.49228
G1 X131.504 Y108.754 E4.78773
G1 X127.528 Y108.754 E4.97893
G1 X128.152 Y106.921 E5.07202
G1 X127.091 Y103.805 E5.23036
G1 X124.219 Y102.878 E5.37551
G1 X122.112 Y105.255 E5.52830
G1 X122.112 Y108.588 E5.68861
G1 X122.259 Y108.754 E5.69926
G1 X118.496 Y108.754 E5.88022
G1 X118.496 Y102.935 E6.16006
G1 X118.719 Y103.187 E6.17622
G1 X121.591 Y102.260 E6.32138
G1 X122.652 Y99.143 E6.47972
G1 X121.591 Y96.027 E6.63806
G1 X118.719 Y95.100 E6.78321
G1 X118.496 Y95.351 E6.79937
G1 X118.496 Y76.246 E7.71825
G1 X122.199 Y76.246 E7.89632
G1 X122.497 Y76.558 F7800.000
G1 F3600.000
G1 X122.497 Y79.599 E8.04256
G1 X124.341 Y81.678 E8.17618
G1 X126.789 Y80.887 E8.29991
G1 X127.745 Y78.079 E8.44262
G1 X127.111 Y76.216 E8.53728
G1 X127.111 Y75.861 E8.55434
G1 X131.889 Y75.861 E8.78419
G1 X131.889 Y96.205 E9.76269
G1 X129.841 Y95.544 E9.86624
G1 X127.997 Y97.623 E9.99986
G1 X127.997 Y100.664 E10.14611
G1 X129.841 Y102.742 E10.27973
G1 X131.889 Y102.081 E10.38328
G1 X131.889 Y109.139 E10.72276
G1 X127.111 Y109.139 E10.95260
G1 X127.111 Y108.784 E10.96966
G1 X127.745 Y106.921 E11.06432
G1 X126.789 Y104.113 E11.20704
G1 X124.341 Y103.322 E11.33076
G1 X122.497 Y105.401 E11.46439
G1 X122.497 Y108.442 E11.61063
G1 X122.889 Y108.884 E11.63905
G1 X122.889 Y109.139 E11.65133
G1 X118.111 Y109.139 E11.88118
G1 X118.111 Y101.919 E12.22844
G1 X118.841 Y102.742 E12.28135
G1 X121.289 Y101.952 E12.40508
G1 X122.245 Y99.143 E12.54779
G1 X121.289 Y96.334 E12.69051
G1 X118.841 Y95.544 E12.81423
G1 X118.111 Y96.367 E12.86715
G1 X118.111 Y75.861 E13.85344
G1 X122.889 Y75.861 E14.08328
G1 X122.889 Y76.116 E14.09557
G1 X122.537 Y76.513 E14.12110
G1 X122.883 Y76.705 F7800.000
;TYPE:External perimeter
G1 F1800.000
G1 X122.883 Y79.453 E14.25327
G1 X124.462 Y81.233 E14.36773
G1 X126.486 Y80.580 E14.47003
G1 X127.338 Y78.079 E14.59712
G1 X126.725 Y76.279 E14.68853
G1 X126.725 Y75.475 E14.72721
G1 X132.275 Y75.475 E14.99415
G1 X132.275 Y96.797 E16.01965
G1 X132.039 Y96.797 E16.03101
G1 X131.986 Y96.642 E16.03889
G1 X129.962 Y95.989 E16.14118
G1 X128.383 Y97.769 E16.25565
G1 X128.383 Y100.517 E16.38782
G1 X129.962 Y102.298 E16.50228
G1 X131.986 Y101.645 E16.60457
G1 X132.039 Y101.490 E16.61245
G1 X132.275 Y101.490 E16.62382
G1 X132.275 Y109.525 E17.01028
G1 X126.725 Y109.525 E17.27722
G1 X126.725 Y108.721 E17.31590
G1 X127.338 Y106.921 E17.40732
G1 X126.486 Y104.420 E17.53441
G1 X124.462 Y103.767 E17.63670
G1 X122.883 Y105.547 E17.75117
G1 X122.883 Y108.295 E17.88333
G1 X123.275 Y108.737 E17.91176
G1 X123.275 Y109.525 E17.94962
G1 X117.725 Y109.525 E18.21656
G1 X117.725 Y101.490 E18.60303
G1 X118.245 Y101.490 E18.62805
G1 X118.962 Y102.298 E18.68001
G1 X120.986 Y101.645 E18.78230
G1 X121.838 Y99.143 E18.90939
G1 X120.986 Y96.642 E19.03648
G1 X118.962 Y95.989 E19.13878
G1 X118.245 Y96.797 E19.19074
G1 X117.725 Y96.797 E19.21576
G1 X117.725 Y75.475 E20.24125
G1 X123.275 Y75.475 E20.50819
G1 X123.275 Y76.263 E20.54606
G1 X122.923 Y76.660 E20.57159
G1 X122.518 Y76.868 F7800.000
G1 X121.823 Y78.898
;TYPE:Internal infill
G1 F4800.000
G1 X121.823 Y76.584 E20.68288
G1 X118.785 Y77.398 E20.83410
G1 X118.785 Y76.536 E20.87557
G1 X119.696 Y76.536 E20.91938
G1 X118.785 Y79.935 E21.08864
G1 X118.785 Y79.741 E21.09796
G1 X131.215 Y92.170 E21.94337
G1 X131.215 Y93.230 E21.99434
G1 X121.737 Y95.770 E22.46628
G1 X118.785 Y92.830 E22.66664
G1 X118.785 Y91.770 E22.71761
G1 X131.215 Y88.439 E23.33650
G1 X131.215 Y90.753 E23.44778
G1 X127.732 Y96.905 F7800.000
G1 F4800.000
G1 X127.323 Y97.367 E23.47745
G1 X127.323 Y99.064 E23.55906
G1 X122.550 Y100.343 E23.79673
G1 X121.839 Y102.428 E23.90267
G1 X123.107 Y103.696 E23.98892
G1 X124.128 Y102.545 E24.06292
G1 X124.866 Y102.783 E24.10020
G1 X127.485 Y101.103 F7800.000
G1 F4800.000
G1 X126.863 Y103.427 E24.21592
G1 X127.318 Y103.574 E24.23894
G1 X127.406 Y103.832 E24.25203
G1 X129.425 Y103.291 E24.35258
G1 X128.258 Y106.335 F7800.000
G1 F4800.000
G1 X128.458 Y106.921 E24.38237
G1 X127.932 Y108.464 E24.46077
G1 X127.997 Y108.464 E24.46386
G1 X131.215 Y107.602 E24.62409
G1 X131.215 Y108.464 E24.66555
G1 X130.304 Y108.464 E24.70936
G1 X131.215 Y105.065 E24.87863
G1 X131.215 Y105.259 E24.88794
G1 X121.852 Y95.897 E25.52474
G1 X122.598 Y98.087 E25.63602
G1 X118.785 Y93.280 F7800.000
G1 F4800.000
G1 X118.785 Y94.817 E25.70995
G1 X119.525 Y95.056 E25.74731
G1 X123.186 Y81.392 E26.42765
G1 X122.911 Y81.083 E26.44754
G1 X118.785 Y82.189 E26.65298
G1 X118.785 Y84.502 E26.76426
G1 X131.215 Y81.335 F7800.000
G1 F4800.000
G1 X131.215 Y83.649 E26.87554
G1 X118.785 Y86.979 E27.49443
G1 X118.785 Y86.285 E27.52779
G1 X128.518 Y96.018 E28.18981
G1 X128.991 Y95.485 E28.22406
G1 X131.215 Y87.186 E28.63731
G1 X131.215 Y85.626 E28.71234
G1 X127.088 Y81.500 E28.99300
G1 X127.318 Y81.426 E29.00463
G1 X127.889 Y79.749 E29.08980
G1 X131.215 Y78.858 E29.25539
G1 X131.215 Y79.082 E29.26616
G1 X128.668 Y76.536 E29.43936
G1 X129.278 Y76.536 E29.46867
G1 X120.722 Y108.464 E31.05850
G1 X121.332 Y108.464 E31.08782
G1 X118.785 Y105.918 E31.26102
G1 X118.785 Y106.142 E31.27179
G1 X121.823 Y105.328 E31.42301
M106 S234.6
;LAYER_CHANGE
;Z:15.02
;HEIGHT:0.3
G1 Z15.020 F7800.000
G1 X122.259 Y76.546
;TYPE:Perimeter
G1 F3600.000
G1 X122.112 Y76.712 E31.43366
G1 X122.112 Y80.045 E31.59397
G1 X124.219 Y82.422 E31.74676
G1 X127.091 Y81.495 E31.89191
G1 X128.152 Y78.379 E32.05025
G1 X127.528 Y76.546 E32.14334
G1 X131.504 Y76.546 E32.33454
G1 X131.504 Y95.376 E33.24016
G1 X129.719 Y94.800 E33.33036
G1 X127.612 Y97.177 E33.48314
G1 X127.612 Y100.510 E33.64346
G1 X129.719 Y102.887 E33.79624
G1 X131.504 Y102.311 E33.88643
G1 X131.504 Y108.454 E34.18189
G1 X127.528 Y108.454 E34.37308
G1 X128.152 Y106.621 E34.46618
G1 X127.091 Y103.505 E34.62451
G1 X124.219 Y102.578 E34.76967
G1 X122.112 Y104.955 E34.92246
G1 X122.112 Y108.288 E35.08277
G1 X122.259 Y108.454 E35.09342
G1 X118.496 Y108.454 E35.27437
G1 X118.496 Y102.635 E35.55422
G1 X118.719 Y102.887 E35.57038
G1 X121.591 Y101.960 E35.71553
G1 X122.652 Y98.843 E35.87387
G1 X121.591 Y95.727 E36.03221
G1 X118.719 Y94.800 E36.17736
G1 X118.496 Y95.051 E36.19353
G1 X118.496 Y76.546 E37.08355
G1 X122.199 Y76.546 E37.26161
G1 X122.497 Y76.858 F7800.000
G1 F3600.000
G1 X122.497 Y79.899 E37.40785
G1 X124.341 Y81.978 E37.54148
G1 X126.789 Y81.187 E37.66520
G1 X127.745 Y78.379 E37.80792
G1 X127.111 Y76.516 E37.90258
G1 X127.111 Y76.161 E37.91964
G1 X131.889 Y76.161 E38.14948
G1 X131.889 Y95.905 E39.09913
G1 X129.841 Y95.244 E39.20268
G1 X127.997 Y97.323 E39.33630
G1 X127.997 Y100.364 E39.48255
G1 X129.841 Y102.442 E39.61617
G1 X131.889 Y101.781 E39.71972
G1 X131.889 Y108.839 E40.05919
G1 X127.111 Y108.839 E40.28904
G1 X127.111 Y108.484 E40.30610
G1 X127.745 Y106.621 E40.40076
G1 X126.789 Y103.813 E40.54347
G1 X124.341 Y103.022 E40.66720
G1 X122.497 Y105.101 E40.80083
G1 X122.497 Y108.142 E40.94707
G1 X122.889 Y108.584 E40.97549
G1 X122.889 Y108.839 E40.98777
G1 X118.111 Y108.839 E41.21761
G1 X118.111 Y101.619 E41.56488
G1 X118.841 Y102.442 E41.61779
G1 X121.289 Y101.652 E41.74152
G1 X122.245 Y98.843 E41.88423
G1 X121.289 Y96.034 E42.02695
G1 X118.841 Y95.244 E42.15067
G1 X118.111 Y96.067 E42.20359
G1 X118.111 Y76.161 E43.16102
G1 X122.889 Y76.161 E43.39086
G1 X122.889 Y76.416 E43.40315
G1 X122.537 Y76.813 E43.42868
G1 X122.883 Y77.005 F7800.000
;TYPE:External perimeter
G1 F1800.000
G1 X122.883 Y79.753 E43.56085
G1 X124.462 Y81.533 E43.67532
G1 X126.486 Y80.880 E43.77761
G1 X127.338 Y78.379 E43.90470
G1 X126.725 Y76.579 E43.99611
G1 X126.725 Y75.775 E44.03479
G1 X132.275 Y75.775 E44.30173
G1 X132.275 Y96.497 E45.29837
G1 X132.039 Y96.497 E45.30974
G1 X131.986 Y96.342 E45.31761
G1 X129.962 Y95.689 E45.41991
G1 X128.383 Y97.469 E45.53437
G1 X128.383 Y100.217 E45.66654
G1 X129.962 Y101.998 E45.78100
G1 X131.986 Y101.345 E45.88330
G1 X132.039 Y101.190 E45.89117
G1 X132.275 Y101.190 E45.90254
G1 X132.275 Y109.225 E46.28901
G1 X126.725 Y109.225 E46.55594
G1 X126.725 Y108.421 E46.59462
G1 X127.338 Y106.621 E46.68604
G1 X126.486 Y104.120 E46.81313
G1 X124.462 Y103.467 E46.91542
G1 X122.883 Y105.248 E47.02990
G1 X122.883 Y107.995 E47.16206
G1 X123.275 Y108.437 E47.19048
G1 X123.275 Y109.225 E47.22835
G1 X117.725 Y109.225 E47.49528
G1 X117.725 Y101.190 E47.88175
G1 X118.245 Y101.190 E47.90677
G1 X118.962 Y101.998 E47.95873
G1 X120.986 Y101.345 E48.06102
G1 X121.838 Y98.843 E48.18812
G1 X120.986 Y96.342 E48.31521
G1 X118.962 Y95.689 E48.41750
G1 X118.245 Y96.497 E48.46946
G1 X117.725 Y96.497 E48.49448
G1 X117.725 Y75.775 E49.49112
G1 X123.275 Y75.775 E49.75805
G1 X123.275 Y76.563 E49.79592
G1 X122.923 Y76.960 E49.82146
G1 X122.518 Y77.168 F7800.000
G1 X121.823 Y78.210
;TYPE:Internal infill
G1 F4800.000
G1 X121.823 Y76.836 E49.88758
G1 X120.884 Y76.836 E49.93274
G1 X118.785 Y77.398 E50.03721
G1 X118.785 Y76.836 E50.06425
G1 X119.616 Y76.836 E50.10419
G1 X118.785 Y79.935 E50.25852
G1 X118.785 Y79.741 E50.26784
G1 X131.215 Y92.170 E51.11325
G1 X131.215 Y93.230 E51.16422
G1 X121.897 Y95.727 E51.62818
G1 X122.007 Y96.051 E51.64468
G1 X131.215 Y105.259 E52.27094
G1 X131.215 Y105.065 E52.28026
G1 X130.384 Y108.164 E52.43458
G1 X131.215 Y108.164 E52.47452
G1 X131.215 Y107.602 E52.50156
G1 X129.116 Y108.164 E52.60604
G1 X127.932 Y108.164 E52.66298
G1 X128.297 Y107.095 E52.71732
G1 X131.215 Y104.872 F7800.000
G1 F4800.000
G1 X131.215 Y102.811 E52.81644
G1 X127.500 Y103.807 E53.00142
G1 X127.318 Y103.274 E53.02848
G1 X126.937 Y103.151 E53.04776
G1 X127.547 Y100.873 E53.16120
G1 X127.323 Y100.620 E53.17749
G1 X127.323 Y99.064 E53.25232
G1 X122.437 Y100.373 E53.49558
G1 X121.818 Y102.190 E53.58793
G1 X121.655 Y102.243 E53.59619
G1 X122.966 Y103.555 E53.68542
G1 X124.128 Y102.245 E53.76964
G1 X124.664 Y102.417 E53.79670
G1 X121.823 Y105.328 F7800.000
G1 F4800.000
G1 X118.785 Y106.142 E53.94793
G1 X118.785 Y105.918 E53.95869
G1 X121.032 Y108.164 E54.11149
G1 X120.803 Y108.164 E54.12251
G1 X129.197 Y76.836 E55.68247
G1 X128.968 Y76.836 E55.69348
G1 X131.215 Y79.082 E55.84628
G1 X131.215 Y78.858 E55.85705
G1 X128.001 Y79.719 E56.01704
G1 X127.315 Y81.727 E56.11908
G1 X131.215 Y85.626 E56.38432
G1 X131.215 Y87.186 E56.45935
G1 X129.106 Y95.055 E56.85119
G1 X128.377 Y95.877 E56.90402
G1 X118.785 Y86.285 E57.55644
G1 X118.785 Y86.979 E57.58981
G1 X131.215 Y83.649 E58.20869
G1 X131.215 Y81.335 E58.31997
G1 X131.215 Y90.753 F7800.000
G1 F4800.000
G1 X131.215 Y88.439 E58.43126
G1 X118.785 Y91.770 E59.05014
G1 X118.785 Y92.830 E59.10111
G1 X121.277 Y95.322 E59.27061
G1 X119.598 Y94.780 E59.35546
G1 X123.124 Y81.623 E60.01059
G1 X122.696 Y81.141 E60.04158
G1 X118.785 Y82.189 E60.23632
G1 X118.785 Y84.502 E60.34760
;LAYER_CHANGE
;Z:15.32
;HEIGHT:0.299999
G1 Z15.320 F7800.000
G1 X122.259 Y76.846
;TYPE:Perimeter
G1 F3600.000
G1 X122.112 Y77.012 E60.35825
G1 X122.112 Y80.345 E60.51856
G1 X124.219 Y82.722 E60.67135
G1 X127.091 Y81.795 E60.81650
G1 X128.152 Y78.679 E60.97484
G1 X127.528 Y76.846 E61.06793
G1 X131.504 Y76.846 E61.25913
G1 X131.504 Y95.076 E62.13589
G1 X129.719 Y94.500 E62.22609
G1 X127.612 Y96.877 E62.37887
G1 X127.612 Y100.210 E62.53919
G1 X129.719 Y102.587 E62.69197
G1 X131.504 Y102.011 E62.78216
G1 X131.504 Y108.154 E63.07762
G1 X127.528 Y108.154 E63.26881
G1 X128.152 Y106.321 E63.36191
G1 X127.091 Y103.205 E63.52024
G1 X124.219 Y102.278 E63.66540
G1 X122.112 Y104.655 E63.81819
G1 X122.112 Y107.988 E63.97850
G1 X122.259 Y108.154 E63.98915
G1 X118.496 Y108.154 E64.17010
G1 X118.496 Y102.335 E64.44995
G1 X118.719 Y102.587 E64.46611
G1 X121.591 Y101.660 E64.61126
G1 X122.652 Y98.543 E64.76960
G1 X121.591 Y95.427 E64.92794
G1 X118.719 Y94.500 E65.07309
G1 X118.496 Y94.751 E65.08926
G1 X118.496 Y76.846 E65.95042
G1 X122.199 Y76.846 E66.12849
G1 X122.497 Y77.158 F7800.000
G1 F3600.000
G1 X122.497 Y80.199 E66.27473
G1 X124.341 Y82.278 E66.40835
G1 X126.789 Y81.487 E66.53208
G1 X127.745 Y78.679 E66.67479
G1 X127.111 Y76.816 E66.76945
G1 X127.111 Y76.461 E66.78651
G1 X131.889 Y76.461 E67.01635
G1 X131.889 Y95.605 E67.93715
G1 X129.841 Y94.944 E68.04069
G1 X127.997 Y97.023 E68.17432
G1 X127.997 Y100.064 E68.32056
G1 X129.841 Y102.142 E68.45418
G1 X131.889 Y101.481 E68.55773
G1 X131.889 Y108.539 E68.89721
G1 X127.111 Y108.539 E69.12705
G1 X127.111 Y108.184 E69.14411
G1 X127.745 Y106.321 E69.23878
G1 X126.789 Y103.513 E69.38149
G1 X124.341 Y102.722 E69.50521
G1 X122.497 Y104.801 E69.63884
G1 X122.497 Y107.842 E69.78508
G1 X122.889 Y108.284 E69.81350
G1 X122.889 Y108.539 E69.82579
G1 X118.111 Y108.539 E70.05563
G1 X118.111 Y101.319 E70.40289
G1 X118.841 Y102.142 E70.45581
G1 X121.289 Y101.352 E70.57953
G1 X122.245 Y98.543 E70.72225
G1 X121.289 Y95.734 E70.86496
G1 X118.841 Y94.944 E70.98868
G1 X118.111 Y95.767 E71.04160
G1 X118.111 Y76.461 E71.97018
G1 X122.889 Y76.461 E72.20002
G1 X122.889 Y76.716 E72.21230
G1 X122.537 Y77.113 E72.23784
G1 X122.883 Y77.305 F7800.000
;TYPE:External perimeter
G1 F1800.000
G1 X122.883 Y80.053 E72.37000
G1 X124.462 Y81.833 E72.48447
G1 X126.486 Y81.180 E72.58677
G1 X127.338 Y78.679 E72.71385
G1 X126.725 Y76.879 E72.80527
G1 X126.725 Y76.075 E72.84395
G1 X132.275 Y76.075 E73.11089
G1 X132.275 Y96.197 E74.07867
G1 X132.039 Y96.197 E74.09003
G1 X131.986 Y96.042 E74.09791
G1 X129.962 Y95.389 E74.20020
G1 X128.383 Y97.169 E74.31467
G1 X128.383 Y99.917 E74.44684
G1 X129.962 Y101.698 E74.56130
G1 X131.986 Y101.045 E74.66359
G1 X132.039 Y100.890 E74.67147
G1 X132.275 Y100.890 E74.68284
G1 X132.275 Y108.925 E75.06930
G1 X126.725 Y108.925 E75.33624
G1 X126.725 Y108.121 E75.37492
G1 X127.338 Y106.321 E75.46634
G1 X126.486 Y103.820 E75.59343
G1 X124.462 Y103.167 E75.69572
G1 X122.883 Y104.948 E75.81019
G1 X122.883 Y107.695 E75.94235
G1 X123.275 Y108.137 E75.97078
G1 X123.275 Y108.925 E76.00865
G1 X117.725 Y108.925 E76.27558
G1 X117.725 Y100.890 E76.66205
G1 X118.245 Y100.890 E76.68707
G1 X118.962 Y101.698 E76.73903
G1 X120.986 Y101.045 E76.84132
G1 X121.838 Y98.543 E76.96841
G1 X120.986 Y96.042 E77.09551
G1 X118.962 Y95.389 E77.19780
G1 X118.245 Y96.197 E77.24976
G1 X117.725 Y96.197 E77.27478
G1 X117.725 Y76.075 E78.24256
G1 X123.275 Y76.075 E78.50949
G1 X123.275 Y76.863 E78.54736
G1 X122.923 Y77.260 E78.57290
G1 X122.518 Y77.468 F7800.000
G1 X118.785 Y78.743
;TYPE:Internal infill
G1 F4800.000
G1 X118.785 Y77.398 E78.63760
G1 X119.764 Y77.136 E78.68632
G1 X119.536 Y77.136 E78.69731
G1 X118.785 Y79.935 E78.83669
G1 X118.785 Y79.741 E78.84601
G1 X131.215 Y92.170 E79.69142
G1 X131.215 Y93.230 E79.74240
G1 X121.990 Y95.702 E80.20170
G1 X122.162 Y96.206 E80.22734
G1 X131.215 Y105.259 E80.84307
G1 X131.215 Y105.065 E80.85238
G1 X130.464 Y107.864 E80.99177
G1 X130.236 Y107.864 E81.00276
G1 X131.215 Y107.602 E81.05148
G1 X131.215 Y106.257 E81.11618
G1 X131.215 Y104.872 F7800.000
G1 F4800.000
G1 X131.215 Y102.811 E81.21529
G1 X127.593 Y103.782 E81.39561
G1 X127.318 Y102.974 E81.43664
G1 X127.011 Y102.875 E81.45218
G1 X127.609 Y100.643 E81.56335
G1 X127.323 Y100.320 E81.58411
G1 X127.323 Y99.064 E81.64451
G1 X122.325 Y100.403 E81.89337
G1 X121.818 Y101.890 E81.96895
G1 X121.428 Y102.016 E81.98867
G1 X122.825 Y103.414 E82.08374
G1 X124.128 Y101.945 E82.17818
G1 X124.461 Y102.052 E82.19502
G1 X121.823 Y105.328 F7800.000
G1 F4800.000
G1 X118.785 Y106.142 E82.34624
G1 X118.785 Y105.918 E82.35701
G1 X120.732 Y107.864 E82.48940
G1 X120.883 Y107.864 E82.49668
G1 X129.117 Y77.136 E84.02676
G1 X129.268 Y77.136 E84.03404
G1 X131.215 Y79.082 E84.16643
G1 X131.215 Y78.858 E84.17719
G1 X128.114 Y79.689 E84.33159
G1 X131.215 Y81.335 F7800.000
G1 F4800.000
G1 X131.215 Y83.649 E84.44287
G1 X118.785 Y86.979 E85.06175
G1 X118.785 Y86.285 E85.09512
G1 X128.236 Y95.736 E85.73795
G1 X129.221 Y94.626 E85.80935
G1 X131.215 Y87.186 E86.17979
G1 X131.215 Y85.626 E86.25481
G1 X127.393 Y81.805 E86.51473
G1 X127.318 Y82.026 E86.52594
G1 X125.338 Y82.665 E86.62601
G1 X118.785 Y84.502 F7800.000
G1 F4800.000
G1 X118.785 Y82.189 E86.73729
G1 X122.481 Y81.198 E86.92132
G1 X123.062 Y81.853 E86.96342
G1 X119.672 Y94.504 E87.59333
G1 X120.834 Y94.879 E87.65205
G1 X118.785 Y92.830 E87.79142
G1 X118.785 Y91.770 E87.84239
G1 X131.215 Y88.439 E88.46128
G1 X131.215 Y90.753 E88.57256
;LAYER_CHANGE
;Z:15.62
;HEIGHT:0.3
G1 Z15.620 F7800.000
G1 E86.57256 F2400.000
G92 E0
G1 X122.259 Y77.146 F7800.000
G1 E2.00000 F2400.000
;TYPE:Perimeter
G1 F3600.000
G1 X122.112 Y77.312 E2.01064
G1 X122.112 Y80.645 E2.17096
G1 X124.219 Y83.022 E2.32375
G1 X127.091 Y82.095 E2.46890
G1 X128.152 Y78.979 E2.62723
G1 X127.528 Y77.146 E2.72033
G1 X131.504 Y77.146 E2.91152
G1 X131.504 Y94.776 E3.75944
G1 X129.719 Y94.200 E3.84963
G1 X127.612 Y96.577 E4.00241
G1 X127.612 Y99.910 E4.16273
G1 X129.719 Y102.287 E4.31551
G1 X131.504 Y101.711 E4.40570
G1 X131.504 Y107.854 E4.70116
G1 X127.528 Y107.854 E4.89235
G1 X128.152 Y106.021 E4.98545
G1 X127.091 Y102.905 E5.14378
G1 X124.219 Y101.978 E5.28894
G1 X122.112 Y104.355 E5.44173
G1 X122.112 Y107.688 E5.60204
G1 X122.259 Y107.854 E5.61269
G1 X118.496 Y107.854 E5.79364
G1 X118.496 Y102.035 E6.07349
G1 X118.719 Y102.287 E6.08965
G1 X121.591 Y101.360 E6.23480
G1 X122.652 Y98.243 E6.39314
G1 X121.591 Y95.127 E6.55149
G1 X118.719 Y94.200 E6.69664
G1 X118.496 Y94.451 E6.71280
G1 X118.496 Y77.146 E7.54510
G1 X122.199 Y77.146 E7.72317
G1 X122.497 Y77.458 F7800.000
G1 F3600.000
G1 X122.497 Y80.499 E7.86941
G1 X124.341 Y82.578 E8.00304
G1 X126.789 Y81.787 E8.12676
G1 X127.745 Y78.979 E8.26947
G1 X127.111 Y77.116 E8.36413
G1 X127.111 Y76.761 E8.38120
G1 X131.889 Y76.761 E8.61104
G1 X131.889 Y95.305 E9.50297
G1 X129.841 Y94.644 E9.60652
G1 X127.997 Y96.723 E9.74014
G1 X127.997 Y99.764 E9.88639
G1 X129.841 Y101.842 E10.02001
G1 X131.889 Y101.181 E10.12356
G1 X131.889 Y108.239 E10.46303
G1 X127.111 Y108.239 E10.69288
G1 X127.111 Y107.884 E10.70994
G1 X127.745 Y106.021 E10.80460
G1 X126.789 Y103.213 E10.94731
G1 X124.341 Y102.422 E11.07104
G1 X122.497 Y104.501 E11.20467
G1 X122.497 Y107.542 E11.35091
G1 X122.889 Y107.984 E11.37933
G1 X122.889 Y108.239 E11.39161
G1 X118.111 Y108.239 E11.62145
G1 X118.111 Y101.019 E11.96872
G1 X118.841 Y101.842 E12.02163
G1 X121.289 Y101.052 E12.14536
G1 X122.245 Y98.243 E12.28807
G1 X121.289 Y95.434 E12.43079
G1 X118.841 Y94.644 E12.55451
G1 X118.111 Y95.467 E12.60743
G1 X118.111 Y76.761 E13.50715
G1 X122.889 Y76.761 E13.73699
G1 X122.889 Y77.016 E13.74927
G1 X122.537 Y77.413 E13.77481
G1 X122.883 Y77.605 F7800.000
;TYPE:External perimeter
G1 F1800.000
G1 X122.883 Y80.353 E13.90697
G1 X124.462 Y82.133 E14.02144
G1 X126.486 Y81.480 E14.12373
G1 X127.338 Y78.979 E14.25082
G1 X126.725 Y77.179 E14.34224
G1 X126.725 Y76.375 E14.38092
G1 X132.275 Y76.375 E14.64785
G1 X132.275 Y95.897 E15.58678
G1 X132.039 Y95.897 E15.59815
G1 X131.986 Y95.742 E15.60602
G1 X129.962 Y95.089 E15.70832
G1 X128.383 Y96.869 E15.82278
G1 X128.383 Y99.617 E15.95495
G1 X129.962 Y101.398 E16.06941
G1 X131.986 Y100.745 E16.17170
G1 X132.039 Y100.590 E16.17958
G1 X132.275 Y100.590 E16.19095
G1 X132.275 Y108.625 E16.57741
G1 X126.725 Y108.625 E16.84435
G1 X126.725 Y107.821 E16.88303
G1 X127.338 Y106.021 E16.97445
G1 X126.486 Y103.520 E17.10154
G1 X124.462 Y102.867 E17.20383
G1 X122.883 Y104.648 E17.31830
G1 X122.883 Y107.395 E17.45046
G1 X123.275 Y107.837 E17.47889
G1 X123.275 Y108.625 E17.51676
G1 X117.725 Y108.625 E17.78369
G1 X117.725 Y100.590 E18.17016
G1 X118.245 Y100.590 E18.19518
G1 X118.962 Y101.398 E18.24714
G1 X120.986 Y100.745 E18.34943
G1 X121.838 Y98.243 E18.47652
G1 X120.986 Y95.742 E18.60362
G1 X118.962 Y95.089 E18.70591
G1 X118.245 Y95.897 E18.75787
G1 X117.725 Y95.897 E18.78289
G1 X117.725 Y76.375 E19.72181
G1 X123.275 Y76.375 E19.98875
G1 X123.275 Y77.163 E20.02662
G1 X122.923 Y77.560 E20.05215
G1 X122.518 Y77.768 F7800.000
G1 X121.769 Y77.436
;TYPE:Internal infill
G1 F4800.000
G1 X119.455 Y77.436 E20.16343
G1 X118.785 Y79.935 E20.28788
G1 X118.785 Y79.741 E20.29720
G1 X131.215 Y92.170 E21.14261
G1 X131.215 Y93.230 E21.19358
G1 X122.084 Y95.677 E21.64822
G1 X122.317 Y96.361 E21.68301
G1 X131.215 Y105.259 E22.28820
G1 X131.215 Y105.065 E22.29752
G1 X130.545 Y107.564 E22.42196
G1 X128.231 Y107.564 E22.53325
G1 X129.682 Y102.602 F7800.000
G1 F4800.000
G1 X131.215 Y102.108 E22.61069
G1 X131.215 Y102.811 E22.64453
G1 X127.687 Y103.757 E22.82019
G1 X127.318 Y102.674 E22.87518
G1 X127.085 Y102.599 E22.88698
G1 X127.671 Y100.412 E22.99587
G1 X127.323 Y100.020 E23.02111
G1 X127.323 Y99.064 E23.06708
G1 X122.212 Y100.433 E23.32154
G1 X121.818 Y101.590 E23.38034
G1 X121.201 Y101.789 E23.41153
G1 X122.685 Y103.273 E23.51243
G1 X124.128 Y101.645 E23.61709
G1 X124.259 Y101.687 E23.62371
G1 X121.823 Y105.328 F7800.000
G1 F4800.000
G1 X118.785 Y106.142 E23.77494
G1 X118.785 Y105.918 E23.78570
G1 X120.432 Y107.564 E23.89769
G1 X120.964 Y107.564 E23.92326
G1 X121.823 Y104.359 E24.08289
G1 X121.823 Y104.245 E24.08835
G1 X121.866 Y104.196 E24.09151
G1 X129.036 Y77.436 E25.42399
G1 X129.568 Y77.436 E25.44956
G1 X131.215 Y79.082 E25.56154
G1 X131.215 Y78.858 E25.57231
G1 X128.226 Y79.659 E25.72110
G1 X131.215 Y81.335 F7800.000
G1 F4800.000
G1 X131.215 Y83.649 E25.83239
G1 X118.785 Y86.979 E26.45127
G1 X118.785 Y86.285 E26.48464
G1 X128.095 Y95.595 E27.11788
G1 X129.336 Y94.196 E27.20785
G1 X131.215 Y87.186 E27.55688
G1 X131.215 Y85.626 E27.63191
G1 X127.470 Y81.881 E27.88664
G1 X127.318 Y82.326 E27.90922
G1 X125.563 Y82.892 E27.99792
G1 X118.785 Y84.502 F7800.000
G1 F4800.000
G1 X118.785 Y82.189 E28.10920
G1 X122.267 Y81.256 E28.28253
G1 X123.000 Y82.083 E28.33574
G1 X119.746 Y94.227 E28.94043
G1 X120.391 Y94.436 E28.97302
G1 X118.785 Y92.830 E29.08226
G1 X118.785 Y91.770 E29.13323
G1 X131.215 Y88.439 E29.75211
G1 X131.215 Y90.753 E29.86340
;LAYER_CHANGE
;Z:15.92
;HEIGHT:0.3
G1 Z15.920 F7800.000
G1 E27.86340 F2400.000
G92 E0
G1 X122.259 Y77.446 F7800.000
G1 E2.00000 F2400.000
;TYPE:Perimeter
G1 F3600.000
G1 X122.112 Y77.612 E2.01064
G1 X122.112 Y80.945 E2.17096
G1 X124.219 Y83.322 E2.32375
G1 X127.091 Y82.395 E2.46890
G1 X128.152 Y79.279 E2.62724
G1 X127.528 Y77.446 E2.72033
G1 X131.504 Y77.446 E2.91152
G1 X131.504 Y94.476 E3.73058
G1 X129.719 Y93.900 E3.82077
G1 X127.612 Y96.277 E3.97355
G1 X127.612 Y99.610 E4.13387
G1 X129.719 Y101.987 E4.28665
G1 X131.504 Y101.411 E4.37684
G1 X131.504 Y107.554 E4.67230
G1 X127.528 Y107.554 E4.86350
G1 X128.152 Y105.721 E4.95659
G1 X127.091 Y102.605 E5.11493
G1 X124.219 Y101.678 E5.26008
G1 X122.112 Y104.055 E5.41287
G1 X122.112 Y107.388 E5.57318
G1 X122.259 Y107.554 E5.58383
G1 X118.496 Y107.554 E5.76479
G1 X118.496 Y101.735 E6.04463
G1 X118.719 Y101.987 E6.06079
G1 X121.591 Y101.060 E6.20595
G1 X122.652 Y97.943 E6.36429
G1 X121.591 Y94.827 E6.52263
G1 X118.719 Y93.900 E6.66778
G1 X118.496 Y94.151 E6.68394
G1 X118.496 Y77.446 E7.48739
G1 X122.199 Y77.446 E7.66545
G1 X122.497 Y77.758 F7800.000
G1 F3600.000
G1 X122.497 Y80.799 E7.81170
G1 X124.341 Y82.878 E7.94532
G1 X126.789 Y82.087 E8.06905
G1 X127.745 Y79.279 E8.21176
G1 X127.111 Y77.416 E8.30642
G1 X127.111 Y77.061 E8.32348
G1 X131.889 Y77.061 E8.55332
G1 X131.889 Y95.005 E9.41640
G1 X129.841 Y94.344 E9.51995
G1 X127.997 Y96.423 E9.65357
G1 X127.997 Y99.464 E9.79981
G1 X129.841 Y101.542 E9.93344
G1 X131.889 Y100.881 E10.03698
G1 X131.889 Y107.939 E10.37646
G1 X127.111 Y107.939 E10.60630
G1 X127.111 Y107.584 E10.62337
G1 X127.745 Y105.721 E10.71803
G1 X126.789 Y102.913 E10.86074
G1 X124.341 Y102.122 E10.98447
G1 X122.497 Y104.201 E11.11810
G1 X122.497 Y107.242 E11.26433
G1 X122.889 Y107.684 E11.29275
G1 X122.889 Y107.939 E11.30504
G1 X118.111 Y107.939 E11.53488
G1 X118.111 Y100.719 E11.88214
G1 X118.841 Y101.542 E11.93506
G1 X121.289 Y100.752 E12.05878
G1 X122.245 Y97.943 E12.20150
G1 X121.289 Y95.134 E12.34422
G1 X118.841 Y94.344 E12.46794
G1 X118.111 Y95.167 E12.52085
G1 X118.111 Y77.061 E13.39172
G1 X122.889 Y77.061 E13.62156
G1 X122.889 Y77.316 E13.63384
G1 X122.537 Y77.713 E13.65938
G1 X122.883 Y77.905 F7800.000
;TYPE:External perimeter
G1 F1800.000
G1 X122.883 Y80.653 E13.79154
G1 X124.462 Y82.433 E13.90601
G1 X126.486 Y81.780 E14.00830
G1 X127.338 Y79.279 E14.13539
G1 X126.725 Y77.479 E14.22681
G1 X126.725 Y76.675 E14.26549
G1 X132.275 Y76.675 E14.53242
G1 X132.275 Y95.597 E15.44249
G1 X132.039 Y95.597 E15.45386
G1 X131.986 Y95.442 E15.46173
G1 X129.962 Y94.789 E15.56403
G1 X128.383 Y96.569 E15.67849
G1 X128.383 Y99.317 E15.81066
G1 X129.962 Y101.098 E15.92512
G1 X131.986 Y100.445 E16.02741
G1 X132.039 Y100.290 E16.03529
G1 X132.275 Y100.290 E16.04666
G1 X132.275 Y108.325 E16.43313
G1 X126.725 Y108.325 E16.70006
G1 X126.725 Y107.521 E16.73874
G1 X127.338 Y105.721 E16.83016
G1 X126.486 Y103.220 E16.95725
G1 X124.462 Y102.567 E17.05954
G1 X122.883 Y104.348 E17.17402
G1 X122.883 Y107.095 E17.30618
G1 X123.275 Y107.537 E17.33460
G1 X123.275 Y108.325 E17.37247
G1 X117.725 Y108.325 E17.63940
G1 X117.725 Y100.290 E18.02587
G1 X118.245 Y100.290 E18.05089
G1 X118.962 Y101.098 E18.10285
G1 X120.986 Y100.445 E18.20514
G1 X121.838 Y97.943 E18.33223
G1 X120.986 Y95.442 E18.45933
G1 X118.962 Y94.789 E18.56162
G1 X118.245 Y95.597 E18.61358
G1 X117.725 Y95.597 E18.63860
G1 X117.725 Y76.675 E19.54866
G1 X123.275 Y76.675 E19.81560
G1 X123.275 Y77.463 E19.85347
G1 X122.923 Y77.860 E19.87900
G1 X122.518 Y78.068 F7800.000
G1 X121.688 Y77.736
;TYPE:Internal infill
G1 F4800.000
G1 X119.375 Y77.736 E19.99029
G1 X118.785 Y79.935 E20.09980
G1 X118.785 Y79.741 E20.10911
G1 X131.215 Y92.170 E20.95453
G1 X131.215 Y93.230 E21.00550
G1 X129.778 Y93.615 E21.07701
G1 X131.215 Y94.079 E21.14959
G1 X131.215 Y93.423 E21.18112
G1 X131.215 Y90.753 F7800.000
G1 F4800.000
G1 X131.215 Y88.439 E21.29240
G1 X118.785 Y91.770 E21.91129
G1 X118.785 Y92.830 E21.96226
G1 X119.948 Y93.993 E22.04136
G1 X119.820 Y93.951 E22.04783
G1 X122.939 Y82.314 E22.62730
G1 X122.052 Y81.313 E22.69161
G1 X118.785 Y82.189 E22.85424
G1 X118.785 Y84.502 E22.96552
G1 X131.215 Y81.335 F7800.000
G1 F4800.000
G1 X131.215 Y83.649 E23.07681
G1 X118.785 Y86.979 E23.69569
G1 X118.785 Y86.285 E23.72906
G1 X127.954 Y95.454 E24.35271
G1 X127.323 Y96.167 E24.39851
G1 X127.323 Y97.528 E24.46399
G1 X129.968 Y102.210 F7800.000
G1 F4800.000
G1 X131.215 Y101.808 E24.52701
G1 X131.215 Y102.811 E24.57528
G1 X127.780 Y103.732 E24.74627
G1 X127.318 Y102.374 E24.81523
G1 X127.159 Y102.323 E24.82330
G1 X127.732 Y100.182 E24.92991
G1 X127.323 Y99.720 E24.95962
G1 X127.323 Y99.064 E24.99117
G1 X122.100 Y100.463 E25.25122
G1 X121.818 Y101.290 E25.29325
G1 X120.974 Y101.563 E25.33590
G1 X122.544 Y103.132 E25.44264
G1 X124.078 Y101.401 E25.55392
G1 X121.823 Y105.328 F7800.000
G1 F4800.000
G1 X118.785 Y106.142 E25.70514
G1 X118.785 Y105.918 E25.71591
G1 X120.132 Y107.264 E25.80749
G1 X121.044 Y107.264 E25.85136
G1 X121.823 Y104.359 E25.99605
G1 X121.823 Y103.945 E26.01593
G1 X121.981 Y103.766 E26.02744
G1 X128.956 Y77.736 E27.32358
G1 X129.868 Y77.736 E27.36745
G1 X131.215 Y79.082 E27.45903
G1 X131.215 Y78.858 E27.46979
G1 X128.339 Y79.629 E27.61299
G1 X127.546 Y81.957 F7800.000
G1 F4800.000
G1 X131.215 Y85.626 E27.86254
G1 X131.215 Y87.186 E27.93756
G1 X129.452 Y93.766 E28.26518
G1 X129.525 Y93.683 E28.27051
G1 X122.178 Y95.652 E28.63635
G1 X122.472 Y96.516 E28.68028
G1 X131.215 Y105.259 E29.27494
G1 X131.215 Y105.065 E29.28425
G1 X130.625 Y107.264 E29.39377
G1 X128.312 Y107.264 E29.50505
;LAYER_CHANGE
;Z:16.22
;HEIGHT:0.299999
G1 Z16.220 F7800.000
G1 X122.259 Y77.746
;TYPE:Perimeter
G1 F3600.000
G1 X122.112 Y77.912 E29.51569
G1 X122.112 Y81.245 E29.67601
G1 X124.219 Y83.622 E29.82879
G1 X127.091 Y82.695 E29.97395
G1 X128.152 Y79.579 E30.13228
G1 X127.528 Y77.746 E30.22537
G1 X131.504 Y77.746 E30.41657
G1 X131.504 Y94.176 E31.20677
G1 X129.719 Y93.600 E31.29696
G1 X127.612 Y95.977 E31.44974
G1 X127.612 Y99.310 E31.61006
G1 X129.719 Y101.687 E31.76284
G1 X131.504 Y101.111 E31.85303
G1 X131.504 Y107.254 E32.14849
G1 X127.528 Y107.254 E32.33968
G1 X128.152 Y105.421 E32.43278
G1 X127.091 Y102.305 E32.59112
G1 X124.219 Y101.378 E32.73627
G1 X122.112 Y103.755 E32.88906
G1 X122.112 Y107.088 E33.04937
G1 X122.259 Y107.254 E33.06002
G1 X118.496 Y107.254 E33.24097
G1 X118.496 Y101.435 E33.52082
G1 X118.719 Y101.687 E33.53698
G1 X121.591 Y100.760 E33.68213
G1 X122.652 Y97.643 E33.84048
G1 X121.591 Y94.527 E33.99882
G1 X118.719 Y93.600 E34.14397
G1 X118.496 Y93.851 E34.16013
G1 X118.496 Y77.746 E34.93472
G1 X122.199 Y77.746 E35.11278
G1 X122.497 Y78.058 F7800.000
G1 F3600.000
G1 X122.497 Y81.099 E35.25903
G1 X124.341 Y83.178 E35.39265
G1 X126.789 Y82.387 E35.51638
G1 X127.745 Y79.579 E35.65909
G1 X127.111 Y77.716 E35.75375
G1 X127.111 Y77.361 E35.77081
G1 X131.889 Y77.361 E36.00065
G1 X131.889 Y94.705 E36.83487
G1 X129.841 Y94.044 E36.93842
G1 X127.997 Y96.123 E37.07204
G1 X127.997 Y99.164 E37.21829
G1 X129.841 Y101.242 E37.35191
G1 X131.889 Y100.581 E37.45546
G1 X131.889 Y107.639 E37.79493
G1 X127.111 Y107.639 E38.02477
G1 X127.111 Y107.284 E38.04184
G1 X127.745 Y105.421 E38.13650
G1 X126.789 Y102.613 E38.27921
G1 X124.341 Y101.822 E38.40294
G1 X122.497 Y103.901 E38.53657
G1 X122.497 Y106.942 E38.68280
G1 X122.889 Y107.384 E38.71123
G1 X122.889 Y107.639 E38.72351
G1 X118.111 Y107.639 E38.95335
G1 X118.111 Y100.419 E39.30062
G1 X118.841 Y101.242 E39.35353
G1 X121.289 Y100.452 E39.47725
G1 X122.245 Y97.643 E39.61997
G1 X121.289 Y94.834 E39.76269
G1 X118.841 Y94.044 E39.88641
G1 X118.111 Y94.867 E39.93933
G1 X118.111 Y77.361 E40.78133
G1 X122.889 Y77.361 E41.01117
G1 X122.889 Y77.616 E41.02345
G1 X122.537 Y78.013 E41.04899
G1 X122.883 Y78.205 F7800.000
;TYPE:External perimeter
G1 F1800.000
G1 X122.883 Y80.953 E41.18115
G1 X124.462 Y82.733 E41.29562
G1 X126.486 Y82.080 E41.39792
G1 X127.338 Y79.579 E41.52500
G1 X126.725 Y77.779 E41.61642
G1 X126.725 Y76.975 E41.65510
G1 X132.275 Y76.975 E41.92204
G1 X132.275 Y95.297 E42.80325
G1 X132.039 Y95.297 E42.81461
G1 X131.986 Y95.142 E42.82249
G1 X129.962 Y94.489 E42.92478
G1 X128.383 Y96.269 E43.03925
G1 X128.383 Y99.017 E43.17141
G1 X129.962 Y100.798 E43.28588
G1 X131.986 Y100.145 E43.38817
G1 X132.039 Y99.990 E43.39605
G1 X132.275 Y99.990 E43.40741
G1 X132.275 Y108.025 E43.79388
G1 X126.725 Y108.025 E44.06082
G1 X126.725 Y107.221 E44.09950
G1 X127.338 Y105.421 E44.19092
G1 X126.486 Y102.920 E44.31800
G1 X124.462 Y102.267 E44.42030
G1 X122.883 Y104.048 E44.53477
G1 X122.883 Y106.795 E44.66693
G1 X123.275 Y107.237 E44.69535
G1 X123.275 Y108.025 E44.73322
G1 X117.725 Y108.025 E45.00016
G1 X117.725 Y99.990 E45.38663
G1 X118.245 Y99.990 E45.41164
G1 X118.962 Y100.798 E45.46360
G1 X120.986 Y100.145 E45.56590
G1 X121.838 Y97.643 E45.69299
G1 X120.986 Y95.142 E45.82008
G1 X118.962 Y94.489 E45.92238
G1 X118.245 Y95.297 E45.97434
G1 X117.725 Y95.297 E45.99935
G1 X117.725 Y76.975 E46.88056
G1 X123.275 Y76.975 E47.14750
G1 X123.275 Y77.763 E47.18537
G1 X122.923 Y78.160 E47.21090
G1 X122.518 Y78.368 F7800.000
G1 X121.608 Y78.036
;TYPE:Internal infill
G1 F4800.000
G1 X119.294 Y78.036 E47.32218
G1 X118.785 Y79.935 E47.41676
G1 X118.785 Y79.741 E47.42607
G1 X131.215 Y92.170 E48.27149
G1 X131.215 Y93.230 E48.32246
G1 X130.286 Y93.479 E48.36868
G1 X131.215 Y93.779 E48.41560
G1 X131.215 Y93.423 E48.43270
G1 X131.215 Y90.753 F7800.000
G1 F4800.000
G1 X131.215 Y88.439 E48.54398
G1 X118.785 Y91.770 E49.16286
G1 X118.785 Y92.830 E49.21384
G1 X119.505 Y93.550 E49.26281
G1 X119.894 Y93.675 E49.28247
G1 X122.877 Y82.544 E49.83671
G1 X121.837 Y81.371 E49.91213
G1 X118.785 Y82.189 E50.06406
G1 X118.785 Y84.502 E50.17534
G1 X131.215 Y81.335 F7800.000
G1 F4800.000
G1 X131.215 Y83.649 E50.28663
G1 X118.785 Y86.979 E50.90551
G1 X118.785 Y86.285 E50.93888
G1 X127.813 Y95.313 E51.55294
G1 X127.323 Y95.867 E51.58852
G1 X127.323 Y97.441 E51.66422
G1 X130.253 Y101.818 F7800.000
G1 F4800.000
G1 X131.215 Y101.508 E51.71281
G1 X131.215 Y102.811 E51.77551
G1 X127.874 Y103.707 E51.94184
G1 X127.318 Y102.074 E52.02477
G1 X127.233 Y102.047 E52.02910
G1 X127.794 Y99.951 E52.13343
G1 X127.323 Y99.420 E52.16761
G1 X127.323 Y99.064 E52.18473
G1 X121.987 Y100.493 E52.45039
G1 X121.818 Y100.990 E52.47564
G1 X120.748 Y101.336 E52.52975
G1 X122.403 Y102.991 E52.64233
G1 X122.096 Y103.336 E52.66451
G1 X128.876 Y78.036 E53.92430
G1 X130.168 Y78.036 E53.98647
G1 X131.215 Y79.082 E54.05764
G1 X131.215 Y78.858 E54.06841
G1 X128.451 Y79.599 E54.20601
G1 X127.622 Y82.034 F7800.000
G1 F4800.000
G1 X131.215 Y85.626 E54.45037
G1 X131.215 Y87.186 E54.52539
G1 X129.567 Y93.336 E54.83161
G1 X129.176 Y93.776 E54.85993
G1 X122.271 Y95.627 E55.20374
G1 X122.627 Y96.671 E55.25682
G1 X131.215 Y105.259 E55.84094
G1 X131.215 Y105.065 E55.85025
G1 X130.706 Y106.964 E55.94483
G1 X128.392 Y106.964 E56.05611
G1 E54.05611 F2400.000
G92 E0
G1 X121.823 Y105.328 F7800.000
G1 E2.00000 F2400.000
G1 F4800.000
G1 X118.785 Y106.142 E2.15122
G1 X118.785 Y105.918 E2.16199
G1 X119.832 Y106.964 E2.23317
G1 X121.124 Y106.964 E2.29533
G1 X121.823 Y104.359 E2.42508
G1 X121.823 Y103.645 E2.45940
G1 X121.969 Y103.480 E2.46999
;LAYER_CHANGE
;Z:16.52
;HEIGHT:0.300001
G1 Z16.520 F7800.000
G1 X122.259 Y78.046
;TYPE:Perimeter
G1 F3600.000
G1 X122.112 Y78.212 E2.48063
G1 X122.112 Y81.545 E2.64095
G1 X124.219 Y83.922 E2.79373
G1 X127.091 Y82.995 E2.93889
G1 X128.152 Y79.879 E3.09722
G1 X127.528 Y78.046 E3.19031
G1 X131.504 Y78.046 E3.38151
G1 X131.504 Y93.876 E4.14285
G1 X129.719 Y93.300 E4.23304
G1 X127.612 Y95.677 E4.38582
G1 X127.612 Y99.010 E4.54614
G1 X129.719 Y101.387 E4.69892
G1 X131.504 Y100.811 E4.78911
G1 X131.504 Y106.954 E5.08457
G1 X127.528 Y106.954 E5.27577
G1 X128.152 Y105.121 E5.36886
G1 X127.091 Y102.005 E5.52720
G1 X124.219 Y101.078 E5.67235
G1 X122.112 Y103.455 E5.82514
G1 X122.112 Y106.788 E5.98545
G1 X122.259 Y106.954 E5.99610
G1 X118.496 Y106.954 E6.17705
G1 X118.496 Y101.135 E6.45690
G1 X118.719 Y101.387 E6.47306
G1 X121.591 Y100.460 E6.61821
G1 X122.652 Y97.343 E6.77656
G1 X121.591 Y94.227 E6.93490
G1 X118.719 Y93.300 E7.08005
G1 X118.496 Y93.551 E7.09621
G1 X118.496 Y78.046 E7.84194
G1 X122.199 Y78.046 E8.02001
G1 X122.497 Y78.358 F7800.000
G1 F3600.000
G1 X122.497 Y81.399 E8.16625
G1 X124.341 Y83.478 E8.29988
G1 X126.789 Y82.687 E8.42360
G1 X127.745 Y79.879 E8.56631
G1 X127.111 Y78.016 E8.66097
G1 X127.111 Y77.661 E8.67804
G1 X131.889 Y77.661 E8.90788
G1 X131.889 Y94.405 E9.71324
G1 X129.841 Y93.744 E9.81679
G1 X127.997 Y95.823 E9.95041
G1 X127.997 Y98.864 E10.09665
G1 X129.841 Y100.942 E10.23027
G1 X131.889 Y100.281 E10.33382
G1 X131.889 Y107.339 E10.67330
G1 X127.111 Y107.339 E10.90314
G1 X127.111 Y106.984 E10.92020
G1 X127.745 Y105.121 E11.01487
G1 X126.789 Y102.313 E11.15758
G1 X124.341 Y101.522 E11.28130
G1 X122.497 Y103.601 E11.41493
G1 X122.497 Y106.642 E11.56117
G1 X122.889 Y107.084 E11.58959
G1 X122.889 Y107.339 E11.60188
G1 X118.111 Y107.339 E11.83172
G1 X118.111 Y100.119 E12.17898
G1 X118.841 Y100.942 E12.23190
G1 X121.289 Y100.152 E12.35562
G1 X122.245 Y97.343 E12.49834
G1 X121.289 Y94.534 E12.64105
G1 X118.841 Y93.744 E12.76478
G1 X118.111 Y94.567 E12.81769
G1 X118.111 Y77.661 E13.63084
G1 X122.889 Y77.661 E13.86068
G1 X122.889 Y77.916 E13.87296
G1 X122.537 Y78.313 E13.89850
G1 X122.883 Y78.505 F7800.000
;TYPE:External perimeter
G1 F1800.000
G1 X122.883 Y81.253 E14.03066
G1 X124.462 Y83.033 E14.14513
G1 X126.486 Y82.380 E14.24743
G1 X127.338 Y79.879 E14.37451
G1 X126.725 Y78.079 E14.46593
G1 X126.725 Y77.275 E14.50461
G1 X132.275 Y77.275 E14.77155
G1 X132.275 Y94.997 E15.62390
G1 X132.039 Y94.997 E15.63526
G1 X131.986 Y94.842 E15.64314
G1 X129.962 Y94.189 E15.74543
G1 X128.383 Y95.969 E15.85990
G1 X128.383 Y98.717 E15.99206
G1 X129.962 Y100.498 E16.10653
G1 X131.986 Y99.845 E16.20882
G1 X132.039 Y99.690 E16.21670
G1 X132.275 Y99.690 E16.22806
G1 X132.275 Y107.725 E16.61453
G1 X126.725 Y107.725 E16.88147
G1 X126.725 Y106.921 E16.92015
G1 X127.338 Y105.121 E17.01157
G1 X126.486 Y102.620 E17.13865
G1 X124.462 Y101.967 E17.24095
G1 X122.883 Y103.748 E17.35542
G1 X122.883 Y106.495 E17.48758
G1 X123.275 Y106.937 E17.51600
G1 X123.275 Y107.725 E17.55387
G1 X117.725 Y107.725 E17.82081
G1 X117.725 Y99.690 E18.20728
G1 X118.245 Y99.690 E18.23229
G1 X118.962 Y100.498 E18.28425
G1 X120.986 Y99.845 E18.38655
G1 X121.838 Y97.343 E18.51364
G1 X120.986 Y94.842 E18.64073
G1 X118.962 Y94.189 E18.74303
G1 X118.245 Y94.997 E18.79499
G1 X117.725 Y94.997 E18.82000
G1 X117.725 Y77.275 E19.67235
G1 X123.275 Y77.275 E19.93929
G1 X123.275 Y78.063 E19.97716
G1 X122.923 Y78.460 E20.00269
G1 X122.518 Y78.668 F7800.000
G1 X121.528 Y78.336
;TYPE:Internal infill
G1 F4800.000
G1 X119.214 Y78.336 E20.11398
G1 X118.785 Y79.935 E20.19361
G1 X118.785 Y79.741 E20.20293
G1 X131.215 Y92.170 E21.04834
G1 X131.215 Y93.230 E21.09931
G1 X130.794 Y93.343 E21.12025
G1 X129.663 Y92.978 E21.17743
G1 X131.215 Y87.186 E21.46581
G1 X131.215 Y85.626 E21.54083
G1 X127.698 Y82.110 E21.78001
G1 X131.215 Y81.335 F7800.000
G1 F4800.000
G1 X131.215 Y83.649 E21.89130
G1 X118.785 Y86.979 E22.51018
G1 X118.785 Y86.285 E22.54355
G1 X127.672 Y95.172 E23.14802
G1 X128.827 Y93.870 E23.23174
G1 X122.365 Y95.601 E23.55352
G1 X122.782 Y96.826 E23.61574
G1 X131.215 Y105.259 E24.18933
G1 X131.215 Y105.065 E24.19864
G1 X130.786 Y106.664 E24.27828
G1 X127.932 Y106.664 E24.41552
G1 X128.458 Y105.121 E24.49392
G1 X127.968 Y103.682 E24.56708
G1 X131.215 Y102.811 E24.72875
G1 X131.215 Y101.208 E24.80588
G1 X130.539 Y101.426 E24.84003
G1 X127.307 Y101.771 F7800.000
G1 F4800.000
G1 X127.856 Y99.721 E24.94209
G1 X127.323 Y99.120 E24.98075
G1 X127.323 Y99.064 E24.98344
G1 X121.875 Y100.523 E25.25469
G1 X121.818 Y100.690 E25.26317
G1 X120.521 Y101.109 E25.32875
G1 X122.262 Y102.850 E25.44716
G1 X122.212 Y102.906 E25.45077
G1 X128.101 Y80.927 E26.54520
G1 X128.438 Y79.936 E26.59553
G1 X128.308 Y79.438 F7800.000
G1 F4800.000
G1 X127.933 Y78.336 E26.65153
G1 X128.795 Y78.336 E26.69302
G1 X128.415 Y79.754 E26.76363
G1 X128.370 Y79.620 E26.77041
G1 X131.215 Y78.858 E26.91205
G1 X131.215 Y79.082 E26.92281
G1 X130.468 Y78.336 E26.97358
G1 X128.988 Y78.336 E27.04477
G1 E25.04477 F2400.000
G92 E0
G1 X118.785 Y84.502 F7800.000
G1 E2.00000 F2400.000
G1 F4800.000
G1 X118.785 Y82.189 E2.11128
G1 X121.823 Y81.375 E2.26251
G1 X121.823 Y81.655 E2.27599
G1 X122.815 Y82.775 E2.34796
G1 X119.968 Y93.399 E2.87698
G1 X119.062 Y93.107 E2.92277
G1 X118.785 Y92.830 E2.94161
G1 X118.785 Y91.770 E2.99258
G1 X131.215 Y88.439 E3.61147
G1 X131.215 Y90.753 E3.72275
G1 X122.084 Y103.050 F7800.000
G1 F4800.000
G1 X121.823 Y103.345 E3.74169
G1 X121.823 Y104.359 E3.79044
G1 X121.205 Y106.664 E3.90525
G1 X119.532 Y106.664 E3.98571
G1 X118.785 Y105.918 E4.03648
G1 X118.785 Y106.142 E4.04724
G1 X121.823 Y105.328 E4.19847
;LAYER_CHANGE
;Z:16.82
;HEIGHT:0.299999
G1 Z16.820 F7800.000
G1 X122.259 Y78.346
;TYPE:Perimeter
G1 F3600.000
G1 X122.112 Y78.512 E4.20911
G1 X122.112 Y81.845 E4.36943
G1 X124.219 Y84.222 E4.52222
G1 X127.091 Y83.295 E4.66737
G1 X128.152 Y80.179 E4.82570
G1 X127.528 Y78.346 E4.91880
G1 X131.504 Y78.346 E5.10999
G1 X131.504 Y93.576 E5.84247
G1 X129.719 Y93.000 E5.93266
G1 X127.612 Y95.377 E6.08544
G1 X127.612 Y98.710 E6.24577
G1 X129.719 Y101.087 E6.39855
G1 X131.504 Y100.511 E6.48874
G1 X131.504 Y106.654 E6.78419
G1 X127.528 Y106.654 E6.97539
G1 X128.152 Y104.821 E7.06849
G1 X127.091 Y101.705 E7.22682
G1 X124.219 Y100.778 E7.37198
G1 X122.112 Y103.155 E7.52476
G1 X122.112 Y106.488 E7.68508
G1 X122.259 Y106.654 E7.69572
G1 X118.496 Y106.654 E7.87668
G1 X118.496 Y100.835 E8.15652
G1 X118.719 Y101.087 E8.17269
G1 X121.591 Y100.160 E8.31784
G1 X122.652 Y97.043 E8.47618
G1 X121.591 Y93.927 E8.63452
G1 X118.719 Y93.000 E8.77967
G1 X118.496 Y93.251 E8.79584
G1 X118.496 Y78.346 E9.51271
G1 X122.199 Y78.346 E9.69078
G1 X122.497 Y78.658 F7800.000
G1 F3600.000
G1 X122.497 Y81.699 E9.83702
G1 X124.341 Y83.778 E9.97064
G1 X126.789 Y82.987 E10.09437
G1 X127.745 Y80.179 E10.23708
G1 X127.111 Y78.316 E10.33174
G1 X127.111 Y77.961 E10.34880
G1 X131.889 Y77.961 E10.57864
G1 X131.889 Y94.105 E11.35515
G1 X129.841 Y93.444 E11.45869
G1 X127.997 Y95.523 E11.59232
G1 X127.997 Y98.564 E11.73856
G1 X129.841 Y100.642 E11.87218
G1 X131.889 Y99.981 E11.97573
G1 X131.889 Y107.039 E12.31521
G1 X127.111 Y107.039 E12.54505
G1 X127.111 Y106.684 E12.56211
G1 X127.745 Y104.821 E12.65678
G1 X126.789 Y102.013 E12.79949
G1 X124.341 Y101.222 E12.92321
G1 X122.497 Y103.301 E13.05684
G1 X122.497 Y106.342 E13.20308
G1 X122.889 Y106.784 E13.23150
G1 X122.889 Y107.039 E13.24379
G1 X118.111 Y107.039 E13.47363
G1 X118.111 Y99.819 E13.82089
G1 X118.841 Y100.642 E13.87381
G1 X121.289 Y99.852 E13.99753
G1 X122.245 Y97.043 E14.14025
G1 X121.289 Y94.234 E14.28296
G1 X118.841 Y93.444 E14.40669
G1 X118.111 Y94.267 E14.45960
G1 X118.111 Y77.961 E15.24389
G1 X122.889 Y77.961 E15.47373
G1 X122.889 Y78.216 E15.48601
G1 X122.537 Y78.613 E15.51155
G1 X122.883 Y78.805 F7800.000
;TYPE:External perimeter
G1 F1800.000
G1 X122.883 Y81.553 E15.64371
G1 X124.462 Y83.333 E15.75818
G1 X126.486 Y82.680 E15.86048
G1 X127.338 Y80.179 E15.98756
G1 X126.725 Y78.379 E16.07898
G1 X126.725 Y77.575 E16.11766
G1 X132.275 Y77.575 E16.38460
G1 X132.275 Y94.697 E17.20809
G1 X132.039 Y94.697 E17.21946
G1 X131.986 Y94.542 E17.22733
G1 X129.962 Y93.889 E17.32963
G1 X128.383 Y95.669 E17.44409
G1 X128.383 Y98.417 E17.57626
G1 X129.962 Y100.198 E17.69072
G1 X131.986 Y99.545 E17.79301
G1 X132.039 Y99.390 E17.80089
G1 X132.275 Y99.390 E17.81226
G1 X132.275 Y107.425 E18.19872
G1 X126.725 Y107.425 E18.46566
G1 X126.725 Y106.621 E18.50434
G1 X127.338 Y104.821 E18.59576
G1 X126.486 Y102.320 E18.72285
G1 X124.462 Y101.667 E18.82514
G1 X122.883 Y103.448 E18.93961
G1 X122.883 Y106.195 E19.07177
G1 X123.275 Y106.637 E19.10020
G1 X123.275 Y107.425 E19.13807
G1 X117.725 Y107.425 E19.40500
G1 X117.725 Y99.390 E19.79147
G1 X118.245 Y99.390 E19.81649
G1 X118.962 Y100.198 E19.86845
G1 X120.986 Y99.545 E19.97074
G1 X121.838 Y97.043 E20.09783
G1 X120.986 Y94.542 E20.22493
G1 X118.962 Y93.889 E20.32722
G1 X118.245 Y94.697 E20.37918
G1 X117.725 Y94.697 E20.40420
G1 X117.725 Y77.575 E21.22769
G1 X123.275 Y77.575 E21.49463
G1 X123.275 Y78.363 E21.53249
G1 X122.923 Y78.760 E21.55803
G1 X122.518 Y78.968 F7800.000
G1 X121.447 Y78.636
;TYPE:Internal infill
G1 F4800.000
G1 X119.134 Y78.636 E21.66931
G1 X118.785 Y79.935 E21.73401
G1 X118.785 Y79.741 E21.74332
G1 X131.215 Y92.170 E22.58874
G1 X131.215 Y93.179 E22.63723
G1 X129.737 Y92.701 E22.71192
G1 X131.215 Y87.186 E22.98655
G1 X131.215 Y85.626 E23.06157
G1 X127.774 Y82.186 E23.29557
G1 X122.327 Y102.476 E24.30602
G1 X122.121 Y102.709 E24.32098
G1 X120.294 Y100.882 E24.44522
G1 X121.993 Y102.853 F7800.000
G1 F4800.000
G1 X121.823 Y103.045 E24.45756
G1 X121.823 Y104.359 E24.52073
G1 X121.285 Y106.364 E24.62061
G1 X119.232 Y106.364 E24.71936
G1 X118.785 Y105.918 E24.74972
G1 X118.785 Y106.142 E24.76049
G1 X121.823 Y105.328 E24.91172
G1 X118.785 Y103.338 F7800.000
G1 F4800.000
G1 X118.785 Y101.369 E25.00643
G1 X119.113 Y101.263 E25.02300
G1 X127.497 Y99.017 E25.44047
G1 X127.918 Y99.491 E25.47093
G1 X127.356 Y101.586 E25.57525
G1 X130.824 Y101.034 F7800.000
G1 F4800.000
G1 X131.215 Y100.908 E25.59498
G1 X131.215 Y102.811 E25.68654
G1 X128.061 Y103.656 E25.84355
G1 X128.458 Y104.821 E25.90274
G1 X127.932 Y106.364 E25.98114
G1 X130.866 Y106.364 E26.12225
G1 X131.215 Y105.065 E26.18695
G1 X131.215 Y105.259 E26.19626
G1 X122.937 Y96.981 E26.75931
G1 X122.458 Y95.576 E26.83067
G1 X128.478 Y93.963 E27.13042
G1 X127.531 Y95.031 E27.19907
G1 X118.785 Y86.285 E27.79395
G1 X118.785 Y86.979 E27.82732
G1 X131.215 Y83.649 E28.44620
G1 X131.215 Y81.335 E28.55749
G1 X128.214 Y79.463 F7800.000
G1 F4800.000
G1 X127.933 Y78.636 E28.59952
G1 X128.715 Y78.636 E28.63715
G1 X128.370 Y79.922 E28.70118
G1 X128.276 Y79.645 E28.71521
G1 X131.215 Y78.858 E28.86151
G1 X131.215 Y79.082 E28.87228
G1 X130.768 Y78.636 E28.90264
G1 X128.908 Y78.636 E28.99212
G1 E26.99212 F2400.000
G92 E0
G1 X118.785 Y84.502 F7800.000
G1 E2.00000 F2400.000
G1 F4800.000
G1 X118.785 Y82.189 E2.11128
G1 X121.823 Y81.375 E2.26251
G1 X121.823 Y81.955 E2.29042
G1 X122.754 Y83.005 E2.35791
G1 X120.042 Y93.123 E2.86172
G1 X118.785 Y92.717 E2.92524
G1 X118.785 Y91.770 E2.97081
G1 X131.215 Y88.439 E3.58969
G1 X131.215 Y90.753 E3.70098
;LAYER_CHANGE
;Z:17.12
;HEIGHT:0.300001
G1 Z17.120 F7800.000
G1 E1.70098 F2400.000
G92 E0
G1 X122.259 Y78.646 F7800.000
G1 E2.00000 F2400.000
;TYPE:Perimeter
G1 F3600.000
G1 X122.112 Y78.812 E2.01064
G1 X122.112 Y82.145 E2.17096
G1 X124.219 Y84.522 E2.32375
G1 X127.091 Y83.595 E2.46890
G1 X128.152 Y80.479 E2.62723
G1 X127.528 Y78.646 E2.72033
G1 X131.504 Y78.646 E2.91152
G1 X131.504 Y93.276 E3.61515
G1 X129.719 Y92.700 E3.70534
G1 X127.612 Y95.077 E3.85812
G1 X127.612 Y98.410 E4.01844
G1 X129.719 Y100.787 E4.17122
G1 X131.504 Y100.211 E4.26141
G1 X131.504 Y106.354 E4.55687
G1 X127.528 Y106.354 E4.74806
G1 X128.152 Y104.521 E4.84116
G1 X127.091 Y101.405 E4.99949
G1 X124.219 Y100.478 E5.14465
G1 X122.112 Y102.855 E5.29744
G1 X122.112 Y106.188 E5.45775
G1 X122.259 Y106.354 E5.46840
G1 X118.496 Y106.354 E5.64935
G1 X118.496 Y100.535 E5.92920
G1 X118.719 Y100.787 E5.94536
G1 X121.591 Y99.860 E6.09051
G1 X122.652 Y96.743 E6.24885
G1 X121.591 Y93.627 E6.40720
G1 X118.719 Y92.700 E6.55235
G1 X118.496 Y92.951 E6.56851
G1 X118.496 Y78.646 E7.25652
G1 X122.199 Y78.646 E7.43459
G1 X122.497 Y78.958 F7800.000
G1 F3600.000
G1 X122.497 Y81.999 E7.58083
G1 X124.341 Y84.078 E7.71446
G1 X126.789 Y83.287 E7.83818
G1 X127.745 Y80.479 E7.98089
G1 X127.111 Y78.616 E8.07555
G1 X127.111 Y78.261 E8.09262
G1 X131.889 Y78.261 E8.32246
G1 X131.889 Y93.805 E9.07010
G1 X129.841 Y93.144 E9.17365
G1 X127.997 Y95.223 E9.30727
G1 X127.997 Y98.264 E9.45352
G1 X129.841 Y100.342 E9.58714
G1 X131.889 Y99.681 E9.69069
G1 X131.889 Y106.739 E10.03016
G1 X127.111 Y106.739 E10.26001
G1 X127.111 Y106.384 E10.27707
G1 X127.745 Y104.521 E10.37173
G1 X126.789 Y101.713 E10.51444
G1 X124.341 Y100.922 E10.63817
G1 X122.497 Y103.001 E10.77180
G1 X122.497 Y106.042 E10.91803
G1 X122.889 Y106.484 E10.94646
G1 X122.889 Y106.739 E10.95874
G1 X118.111 Y106.739 E11.18858
G1 X118.111 Y99.519 E11.53585
G1 X118.841 Y100.342 E11.58876
G1 X121.289 Y99.552 E11.71248
G1 X122.245 Y96.743 E11.85520
G1 X121.289 Y93.934 E11.99792
G1 X118.841 Y93.144 E12.12164
G1 X118.111 Y93.967 E12.17456
G1 X118.111 Y78.261 E12.92999
G1 X122.889 Y78.261 E13.15983
G1 X122.889 Y78.516 E13.17211
G1 X122.537 Y78.913 E13.19765
G1 X122.883 Y79.105 F7800.000
;TYPE:External perimeter
G1 F1800.000
G1 X122.883 Y81.853 E13.32981
G1 X124.462 Y83.633 E13.44428
G1 X126.486 Y82.980 E13.54657
G1 X127.338 Y80.479 E13.67366
G1 X126.725 Y78.679 E13.76508
G1 X126.725 Y77.875 E13.80376
G1 X132.275 Y77.875 E14.07069
G1 X132.275 Y94.397 E14.86533
G1 X132.039 Y94.397 E14.87670
G1 X131.986 Y94.242 E14.88457
G1 X129.962 Y93.589 E14.98686
G1 X128.383 Y95.369 E15.10133
G1 X128.383 Y98.117 E15.23350
G1 X129.962 Y99.898 E15.34796
G1 X131.986 Y99.245 E15.45025
G1 X132.039 Y99.090 E15.45813
G1 X132.275 Y99.090 E15.46950
G1 X132.275 Y107.125 E15.85596
G1 X126.725 Y107.125 E16.12290
G1 X126.725 Y106.321 E16.16158
G1 X127.338 Y104.521 E16.25300
G1 X126.486 Y102.020 E16.38009
G1 X124.462 Y101.367 E16.48238
G1 X122.883 Y103.148 E16.59685
G1 X122.883 Y105.895 E16.72901
G1 X123.275 Y106.337 E16.75744
G1 X123.275 Y107.125 E16.79531
G1 X117.725 Y107.125 E17.06224
G1 X117.725 Y99.090 E17.44871
G1 X118.245 Y99.090 E17.47373
G1 X118.962 Y99.898 E17.52569
G1 X120.986 Y99.245 E17.62798
G1 X121.838 Y96.743 E17.75507
G1 X120.986 Y94.242 E17.88217
G1 X118.962 Y93.589 E17.98446
G1 X118.245 Y94.397 E18.03642
G1 X117.725 Y94.397 E18.06144
G1 X117.725 Y77.875 E18.85607
G1 X123.275 Y77.875 E19.12301
G1 X123.275 Y78.663 E19.16087
G1 X122.923 Y79.060 E19.18641
G1 X122.518 Y79.268 F7800.000
G1 X122.692 Y83.235
;TYPE:Internal infill
G1 F4800.000
G1 X120.116 Y92.847 E19.66500
G1 X118.785 Y92.417 E19.73226
G1 X118.785 Y91.770 E19.76340
G1 X131.215 Y88.439 E20.38228
G1 X131.215 Y90.753 E20.49357
G1 E18.49357 F2400.000
G92 E0
G1 X131.110 Y100.642 F7800.000
G1 E2.00000 F2400.000
G1 F4800.000
G1 X131.215 Y100.608 E2.00530
G1 X131.215 Y102.811 E2.11128
G1 X128.155 Y103.631 E2.26363
G1 X128.458 Y104.521 E2.30885
G1 X127.932 Y106.064 E2.38725
G1 X130.947 Y106.064 E2.53223
G1 X131.215 Y105.065 E2.58199
G1 X131.215 Y105.259 E2.59130
G1 X127.415 Y101.459 E2.84973
G1 X127.401 Y101.418 E2.85184
G1 X127.979 Y99.260 E2.95927
G1 X127.712 Y98.959 E2.97862
G1 X118.785 Y101.351 E3.42312
G1 X118.785 Y106.064 E3.64981
G1 X119.075 Y106.064 E3.66372
G1 X121.823 Y105.328 E3.80054
G1 X120.267 Y106.064 F7800.000
G1 F4800.000
G1 X121.365 Y106.064 E3.85340
G1 X121.823 Y104.359 E3.93833
G1 X121.823 Y102.745 E4.01594
G1 X121.852 Y102.712 E4.01805
G1 E2.01805 F2400.000
G92 E0
G1 X118.785 Y84.502 F7800.000
G1 E2.00000 F2400.000
G1 F4800.000
G1 X118.785 Y82.189 E2.11128
G1 X121.823 Y81.375 E2.26251
G1 X121.823 Y78.936 E2.37982
G1 X119.053 Y78.936 E2.51301
G1 X118.785 Y79.935 E2.56277
G1 X118.785 Y79.741 E2.57209
G1 X131.215 Y92.170 E3.41750
G1 X131.215 Y92.879 E3.45156
G1 X129.811 Y92.425 E3.52251
G1 X131.215 Y87.186 E3.78340
G1 X131.215 Y85.626 E3.85842
G1 X127.851 Y82.262 E4.08723
G1 X127.347 Y83.741 E4.16239
G1 X122.442 Y102.046 E5.07385
G1 X121.980 Y102.568 E5.10738
G1 X120.067 Y100.655 E5.23746
G1 X121.818 Y100.090 E5.32596
G1 X121.971 Y99.642 E5.34874
G1 X124.839 Y100.374 F7800.000
G1 F4800.000
G1 X127.041 Y101.085 E5.46002
G1 X122.892 Y96.936 E5.74220
G1 X122.958 Y96.743 E5.75201
G1 X122.552 Y95.551 E5.81257
G1 X128.129 Y94.057 E6.09028
G1 X127.390 Y94.890 E6.14386
G1 X118.785 Y86.285 E6.72916
G1 X118.785 Y86.979 E6.76252
G1 X131.215 Y83.649 E7.38141
G1 X131.215 Y78.936 E7.60809
G1 X130.925 Y78.936 E7.62201
G1 X128.183 Y79.671 E7.75857
G1 X128.325 Y80.089 E7.77985
G1 X128.635 Y78.936 E7.83730
G1 X127.933 Y78.936 E7.87107
G1 X128.121 Y79.488 E7.89913
;LAYER_CHANGE
;Z:17.42
;HEIGHT:0.299999
G1 Z17.420 F7800.000
G1 E5.89913 F2400.000
G92 E0
G1 X122.259 Y78.946 F7800.000
G1 E2.00000 F2400.000
;TYPE:Perimeter
G1 F3600.000
G1 X122.112 Y79.112 E2.01064
G1 X122.112 Y82.445 E2.17096
G1 X124.219 Y84.822 E2.32375
G1 X127.091 Y83.895 E2.46890
G1 X128.152 Y80.779 E2.62723
G1 X127.528 Y78.946 E2.72033
G1 X131.504 Y78.946 E2.91152
G1 X131.504 Y92.976 E3.58629
G1 X129.719 Y92.400 E3.67648
G1 X127.612 Y94.777 E3.82926
G1 X127.612 Y98.110 E3.98958
G1 X129.719 Y100.487 E4.14236
G1 X131.504 Y99.911 E4.23255
G1 X131.504 Y106.054 E4.52801
G1 X127.528 Y106.054 E4.71921
G1 X128.152 Y104.221 E4.81230
G1 X127.091 Y101.105 E4.97064
G1 X124.219 Y100.178 E5.11579
G1 X122.112 Y102.555 E5.26858
G1 X122.112 Y105.888 E5.42889
G1 X122.259 Y106.054 E5.43954
G1 X118.496 Y106.054 E5.62049
G1 X118.496 Y100.235 E5.90034
G1 X118.719 Y100.487 E5.91650
G1 X121.591 Y99.560 E6.06165
G1 X122.652 Y96.443 E6.22000
G1 X121.591 Y93.327 E6.37834
G1 X118.719 Y92.400 E6.52349
G1 X118.496 Y92.651 E6.53965
G1 X118.496 Y78.946 E7.19881
G1 X122.199 Y78.946 E7.37687
G1 X122.497 Y79.258 F7800.000
G1 F3600.000
G1 X122.497 Y82.299 E7.52311
G1 X124.341 Y84.378 E7.65674
G1 X126.789 Y83.587 E7.78047
G1 X127.745 Y80.779 E7.92318
G1 X127.111 Y78.916 E8.01784
G1 X127.111 Y78.561 E8.03490
G1 X131.889 Y78.561 E8.26474
G1 X131.889 Y93.505 E8.98353
G1 X129.841 Y92.844 E9.08708
G1 X127.997 Y94.923 E9.22070
G1 X127.997 Y97.964 E9.36694
G1 X129.841 Y100.042 E9.50057
G1 X131.889 Y99.381 E9.60411
G1 X131.889 Y106.439 E9.94359
G1 X127.111 Y106.439 E10.17343
G1 X127.111 Y106.084 E10.19050
G1 X127.745 Y104.221 E10.28516
G1 X126.789 Y101.413 E10.42787
G1 X124.341 Y100.622 E10.55159
G1 X122.497 Y102.701 E10.68523
G1 X122.497 Y105.742 E10.83146
G1 X122.889 Y106.184 E10.85988
G1 X122.889 Y106.439 E10.87217
G1 X118.111 Y106.439 E11.10201
G1 X118.111 Y99.219 E11.44927
G1 X118.841 Y100.042 E11.50219
G1 X121.289 Y99.252 E11.62591
G1 X122.245 Y96.443 E11.76863
G1 X121.289 Y93.634 E11.91135
G1 X118.841 Y92.844 E12.03507
G1 X118.111 Y93.667 E12.08798
G1 X118.111 Y78.561 E12.81455
G1 X122.889 Y78.561 E13.04440
G1 X122.889 Y78.816 E13.05668
G1 X122.537 Y79.213 E13.08222
G1 E11.08222 F2400.000
G92 E0
G1 X129.962 Y93.289 F7800.000
G1 E2.00000 F2400.000
;TYPE:External perimeter
G1 F1800.000
G1 X128.383 Y95.069 E2.11446
G1 X128.383 Y97.817 E2.24663
G1 X129.962 Y99.598 E2.36110
G1 X131.986 Y98.945 E2.46339
G1 X132.039 Y98.790 E2.47126
G1 X132.275 Y98.790 E2.48263
G1 X132.275 Y106.825 E2.86910
G1 X126.725 Y106.825 E3.13603
G1 X126.725 Y106.021 E3.17472
G1 X127.338 Y104.221 E3.26613
G1 X126.486 Y101.720 E3.39322
G1 X124.462 Y101.067 E3.49552
G1 X122.883 Y102.848 E3.60999
G1 X122.883 Y105.595 E3.74215
G1 X123.275 Y106.037 E3.77057
G1 X123.275 Y106.825 E3.80844
G1 X117.725 Y106.825 E4.07538
G1 X117.725 Y98.790 E4.46184
G1 X118.245 Y98.790 E4.48686
G1 X118.962 Y99.598 E4.53882
G1 X120.986 Y98.945 E4.64112
G1 X121.838 Y96.443 E4.76821
G1 X120.986 Y93.942 E4.89530
G1 X118.962 Y93.289 E4.99759
G1 X118.245 Y94.097 E5.04955
G1 X117.725 Y94.097 E5.07457
G1 X117.725 Y78.175 E5.84035
G1 X123.275 Y78.175 E6.10728
G1 X123.275 Y78.963 E6.14515
G1 X122.883 Y79.405 E6.17357
G1 X122.883 Y82.153 E6.30574
G1 X124.462 Y83.933 E6.42021
G1 X126.486 Y83.280 E6.52250
G1 X127.338 Y80.779 E6.64959
G1 X126.725 Y78.979 E6.74101
G1 X126.725 Y78.175 E6.77969
G1 X132.275 Y78.175 E7.04662
G1 X132.275 Y94.097 E7.81240
G1 X132.039 Y94.097 E7.82376
G1 X131.986 Y93.942 E7.83164
G1 X130.019 Y93.307 E7.93105
G1 X129.633 Y93.060 F7800.000
G1 E5.93105 F2400.000
G92 E0
G1 X131.215 Y90.753 F7800.000
G1 E2.00000 F2400.000
;TYPE:Internal infill
G1 F4800.000
G1 X131.215 Y88.439 E2.11128
G1 X118.785 Y91.770 E2.73017
G1 X118.785 Y92.117 E2.74688
G1 X120.190 Y92.571 E2.81788
G1 X122.630 Y83.466 E3.27124
G1 X118.785 Y84.502 F7800.000
G1 F4800.000
G1 X118.785 Y82.189 E3.38253
G1 X121.823 Y81.375 E3.53375
G1 X121.823 Y79.236 E3.63663
G1 X118.973 Y79.236 E3.77369
G1 X118.785 Y79.935 E3.80852
G1 X118.785 Y79.741 E3.81783
G1 X123.570 Y84.525 E4.14324
G1 X124.128 Y85.155 E4.18374
G1 X124.182 Y85.138 E4.18647
G1 X131.215 Y92.170 E4.66480
G1 X131.215 Y92.579 E4.68443
G1 X129.885 Y92.149 E4.75164
G1 X131.215 Y87.186 E4.99878
G1 X131.215 Y85.626 E5.07380
G1 X127.927 Y82.338 E5.29743
G1 X127.318 Y84.126 E5.38824
G1 X127.237 Y84.152 E5.39235
G1 X122.557 Y101.616 E6.26196
G1 X121.839 Y102.427 E6.31406
G1 X119.840 Y100.429 E6.44998
G1 X118.785 Y100.769 E6.50330
G1 X118.785 Y101.351 E6.53129
G1 X124.041 Y99.943 E6.79298
G1 X124.128 Y99.845 E6.79931
G1 X124.255 Y99.886 E6.80573
G1 X127.927 Y98.902 E6.98857
G1 X128.041 Y99.030 E6.99681
G1 X127.446 Y101.250 E7.10736
G1 X127.570 Y101.614 E7.12587
G1 X131.215 Y105.259 E7.37376
G1 X131.215 Y105.065 E7.38307
G1 X131.027 Y105.764 E7.41789
G1 X127.932 Y105.764 E7.56674
G1 X128.458 Y104.221 E7.64514
G1 X128.248 Y103.606 E7.67639
G1 X131.215 Y102.811 E7.82408
G1 X131.215 Y100.498 E7.93536
G1 E5.93536 F2400.000
G92 E0
G1 X118.785 Y104.859 F7800.000
G1 E2.00000 F2400.000
G1 F4800.000
G1 X118.785 Y105.764 E2.04352
G1 X120.194 Y105.764 E2.11128
G1 X121.823 Y105.328 E2.19236
G1 X121.823 Y105.764 E2.21334
G1 X121.446 Y105.764 E2.23146
G1 X121.823 Y104.359 E2.30146
G1 X121.823 Y102.614 E2.38538
G1 X124.439 Y99.945 F7800.000
G1 F4800.000
G1 X126.598 Y100.642 E2.49449
G1 X122.816 Y96.860 E2.75172
G1 X122.958 Y96.443 E2.77290
G1 X122.646 Y95.526 E2.81949
G1 X127.780 Y94.150 E3.07517
G1 X127.323 Y94.667 E3.10837
G1 X127.323 Y94.823 E3.11586
G1 X118.785 Y86.285 E3.69655
G1 X118.785 Y86.979 E3.72991
G1 X131.215 Y83.649 E4.34880
G1 X131.215 Y79.236 E4.56106
G1 X129.806 Y79.236 E4.62882
G1 X128.089 Y79.696 E4.71429
G1 X128.280 Y80.257 E4.74283
G1 X128.554 Y79.236 E4.79370
G1 X127.933 Y79.236 E4.82360
G1 X128.027 Y79.513 E4.83770
M106 S237.15
;LAYER_CHANGE
;Z:17.72
;HEIGHT:0.299999
G1 Z17.720 F7800.000
G1 E2.83770 F2400.000
G92 E0
G1 X124.219 Y85.122 F7800.000
G1 E2.00000 F2400.000
;TYPE:Perimeter
G1 F3600.000
G1 X127.091 Y84.195 E2.14515
G1 X128.152 Y81.079 E2.30349
G1 X127.528 Y79.246 E2.39658
G1 X131.504 Y79.246 E2.58778
G1 X131.504 Y92.676 E3.23368
G1 X129.719 Y92.100 E3.32388
G1 X127.612 Y94.477 E3.47666
G1 X127.612 Y97.810 E3.63698
G1 X129.719 Y100.187 E3.78976
G1 X131.504 Y99.611 E3.87995
G1 X131.504 Y105.754 E4.17540
G1 X127.528 Y105.754 E4.36660
G1 X128.152 Y103.921 E4.45970
G1 X127.091 Y100.805 E4.61803
G1 X124.219 Y99.878 E4.76319
G1 X122.112 Y102.255 E4.91598
G1 X122.112 Y105.588 E5.07629
G1 X122.259 Y105.754 E5.08694
G1 X118.496 Y105.754 E5.26789
G1 X118.496 Y99.935 E5.54774
G1 X118.719 Y100.187 E5.56390
G1 X121.591 Y99.260 E5.70905
G1 X122.652 Y96.143 E5.86739
G1 X121.591 Y93.027 E6.02574
G1 X118.719 Y92.100 E6.17089
G1 X118.496 Y92.351 E6.18705
G1 X118.496 Y79.246 E6.81735
G1 X122.259 Y79.246 E6.99830
G1 X122.112 Y79.412 E7.00895
G1 X122.112 Y82.745 E7.16926
G1 X124.179 Y85.077 E7.31916
G1 X124.341 Y84.678 F7800.000
G1 F3600.000
G1 X126.789 Y83.887 E7.44289
G1 X127.745 Y81.079 E7.58560
G1 X127.111 Y79.216 E7.68026
G1 X127.111 Y78.861 E7.69732
G1 X131.889 Y78.861 E7.92716
G1 X131.889 Y93.205 E8.61709
G1 X129.841 Y92.544 E8.72064
G1 X127.997 Y94.623 E8.85426
G1 X127.997 Y97.664 E9.00051
G1 X129.841 Y99.742 E9.13413
G1 X131.889 Y99.081 E9.23768
G1 X131.889 Y106.139 E9.57715
G1 X127.111 Y106.139 E9.80699
G1 X127.111 Y105.784 E9.82406
G1 X127.745 Y103.921 E9.91872
G1 X126.789 Y101.113 E10.06143
G1 X124.341 Y100.322 E10.18516
G1 X122.497 Y102.401 E10.31879
G1 X122.497 Y105.442 E10.46502
G1 X122.889 Y105.884 E10.49345
G1 X122.889 Y106.139 E10.50573
G1 X118.111 Y106.139 E10.73557
G1 X118.111 Y98.919 E11.08284
G1 X118.841 Y99.742 E11.13575
G1 X121.289 Y98.952 E11.25947
G1 X122.245 Y96.143 E11.40219
G1 X121.289 Y93.334 E11.54491
G1 X118.841 Y92.544 E11.66863
G1 X118.111 Y93.367 E11.72155
G1 X118.111 Y78.861 E12.41926
G1 X122.889 Y78.861 E12.64910
G1 X122.889 Y79.116 E12.66138
G1 X122.497 Y79.558 E12.68981
G1 X122.497 Y82.599 E12.83605
G1 X124.301 Y84.633 E12.96679
G1 X129.962 Y92.989 F7800.000
;TYPE:External perimeter
G1 F1800.000
G1 X128.383 Y94.769 E13.08125
G1 X128.383 Y97.517 E13.21342
G1 X129.962 Y99.298 E13.32788
G1 X131.986 Y98.645 E13.43018
G1 X132.039 Y98.490 E13.43805
G1 X132.275 Y98.490 E13.44942
G1 X132.275 Y106.525 E13.83589
G1 X126.725 Y106.525 E14.10282
G1 X126.725 Y105.721 E14.14150
G1 X127.338 Y103.921 E14.23292
G1 X126.486 Y101.420 E14.36001
G1 X124.462 Y100.767 E14.46230
G1 X122.883 Y102.548 E14.57678
G1 X122.883 Y105.295 E14.70894
G1 X123.275 Y105.737 E14.73736
G1 X123.275 Y106.525 E14.77523
G1 X117.725 Y106.525 E15.04216
G1 X117.725 Y98.490 E15.42863
G1 X118.245 Y98.490 E15.45365
G1 X118.962 Y99.298 E15.50561
G1 X120.986 Y98.645 E15.60790
G1 X121.838 Y96.143 E15.73500
G1 X120.986 Y93.642 E15.86209
G1 X118.962 Y92.989 E15.96438
G1 X118.245 Y93.797 E16.01634
G1 X117.725 Y93.797 E16.04136
G1 X117.725 Y78.475 E16.77828
G1 X123.275 Y78.475 E17.04521
G1 X123.275 Y79.263 E17.08308
G1 X122.883 Y79.705 E17.11150
G1 X122.883 Y82.453 E17.24367
G1 X124.462 Y84.233 E17.35814
G1 X126.486 Y83.580 E17.46043
G1 X127.338 Y81.079 E17.58752
G1 X126.725 Y79.279 E17.67893
G1 X126.725 Y78.475 E17.71761
G1 X132.275 Y78.475 E17.98455
G1 X132.275 Y93.797 E18.72147
G1 X132.039 Y93.797 E18.73283
G1 X131.986 Y93.642 E18.74071
G1 X130.019 Y93.007 E18.84012
G1 X129.633 Y92.760 F7800.000
G1 E16.84012 F2400.000
G92 E0
G1 X131.215 Y90.753 F7800.000
G1 E2.00000 F2400.000
;TYPE:Internal infill
G1 F4800.000
G1 X131.215 Y88.439 E2.11128
G1 X118.785 Y91.770 E2.73017
G1 X118.785 Y91.817 E2.73245
G1 X120.264 Y92.295 E2.80719
G1 X122.568 Y83.696 E3.23533
G1 X121.823 Y82.855 E3.28940
G1 X121.823 Y82.778 E3.29309
G1 X118.785 Y79.741 E3.49967
G1 X118.785 Y82.189 E3.61737
G1 X121.823 Y81.375 E3.76860
G1 X121.823 Y79.536 E3.85705
G1 X121.348 Y79.536 E3.87988
G1 X121.823 Y104.551 F7800.000
G1 F4800.000
G1 X121.823 Y105.328 E3.91724
G1 X121.314 Y105.464 E3.94256
G1 X121.526 Y105.464 E3.95278
G1 X121.823 Y104.359 E4.00784
G1 X121.823 Y102.604 E4.09224
G1 E2.09224 F2400.000
G92 E0
G1 X127.429 Y100.900 F7800.000
G1 E2.00000 F2400.000
G1 F4800.000
G1 X127.318 Y100.574 E2.01652
G1 X126.155 Y100.199 E2.07534
G1 X122.740 Y96.784 E2.30761
G1 X122.958 Y96.143 E2.34016
G1 X122.739 Y95.501 E2.37279
G1 X127.432 Y94.244 E2.60643
G1 X127.323 Y94.367 E2.61434
G1 X127.323 Y94.823 E2.63626
G1 X118.785 Y86.285 E3.21694
G1 X118.785 Y86.979 E3.25031
G1 X131.215 Y83.649 E3.86919
G1 X131.215 Y81.335 E3.98047
G1 X128.173 Y80.243 F7800.000
G1 F4800.000
G1 X127.996 Y79.721 E4.00700
G1 X128.686 Y79.536 E4.04138
G1 X128.474 Y79.536 E4.05159
G1 X128.235 Y80.425 E4.09588
G1 X128.458 Y81.079 E4.12909
G1 X128.003 Y82.415 E4.19696
G1 X131.215 Y85.626 E4.41541
G1 X131.215 Y87.186 E4.49043
G1 X129.959 Y91.873 E4.72382
G1 X131.215 Y92.279 E4.78729
G1 X131.215 Y92.170 E4.79249
G1 X124.409 Y85.365 E5.25540
G1 X127.149 Y84.480 F7800.000
G1 F4800.000
G1 X122.672 Y101.186 E6.08726
G1 X121.823 Y102.145 E6.14888
G1 X121.823 Y102.411 E6.16166
G1 X119.614 Y100.202 E6.31191
G1 X118.785 Y100.469 E6.35376
G1 X118.785 Y101.351 E6.39619
G1 X123.692 Y100.036 E6.64050
G1 X124.128 Y99.545 E6.67212
G1 X124.763 Y99.749 E6.70421
G1 X128.142 Y98.844 E6.87247
G1 X128.103 Y98.800 E6.87533
G1 X127.491 Y101.082 E6.98899
G1 X127.725 Y101.769 E7.02390
G1 X131.215 Y105.259 E7.26125
G1 X131.215 Y102.811 E7.37895
G1 X128.342 Y103.581 E7.52198
G1 X128.458 Y103.921 E7.53927
G1 X127.932 Y105.464 E7.61767
G1 X128.257 Y105.464 E7.63326
;LAYER_CHANGE
;Z:18.02
;HEIGHT:0.300001
G1 Z18.020 F7800.000
G1 X124.219 Y85.422
;TYPE:Perimeter
G1 F3600.000
G1 X127.091 Y84.495 E7.77842
G1 X128.152 Y81.379 E7.93675
G1 X127.528 Y79.546 E8.02985
G1 X131.504 Y79.546 E8.22104
G1 X131.504 Y92.376 E8.83809
G1 X129.719 Y91.800 E8.92828
G1 X127.612 Y94.177 E9.08106
G1 X127.612 Y97.510 E9.24138
G1 X129.719 Y99.887 E9.39416
G1 X131.504 Y99.311 E9.48436
G1 X131.504 Y105.454 E9.77981
G1 X127.528 Y105.454 E9.97101
G1 X128.152 Y103.621 E10.06410
G1 X127.091 Y100.505 E10.22244
G1 X124.219 Y99.578 E10.36759
G1 X122.112 Y101.955 E10.52038
G1 X122.112 Y105.288 E10.68069
G1 X122.259 Y105.454 E10.69134
G1 X118.496 Y105.454 E10.87230
G1 X118.496 Y99.635 E11.15214
G1 X118.719 Y99.887 E11.16831
G1 X121.591 Y98.960 E11.31346
G1 X122.652 Y95.843 E11.47180
G1 X121.591 Y92.727 E11.63014
G1 X118.719 Y91.800 E11.77529
G1 X118.496 Y92.051 E11.79146
G1 X118.496 Y79.546 E12.39289
G1 X122.259 Y79.546 E12.57385
G1 X122.112 Y79.712 E12.58449
G1 X122.112 Y83.045 E12.74481
G1 X124.179 Y85.377 E12.89471
G1 X124.341 Y84.978 F7800.000
G1 F3600.000
G1 X126.789 Y84.187 E13.01843
G1 X127.745 Y81.379 E13.16114
G1 X127.111 Y79.516 E13.25581
G1 X127.111 Y79.161 E13.27287
G1 X131.889 Y79.161 E13.50271
G1 X131.889 Y92.905 E14.16378
G1 X129.841 Y92.244 E14.26733
G1 X127.997 Y94.323 E14.40095
G1 X127.997 Y97.364 E14.54719
G1 X129.841 Y99.442 E14.68082
G1 X131.889 Y98.781 E14.78436
G1 X131.889 Y105.839 E15.12384
G1 X127.111 Y105.839 E15.35368
G1 X127.111 Y105.484 E15.37075
G1 X127.745 Y103.621 E15.46541
G1 X126.789 Y100.813 E15.60812
G1 X124.341 Y100.022 E15.73185
G1 X122.497 Y102.101 E15.86548
G1 X122.497 Y105.142 E16.01171
G1 X122.889 Y105.584 E16.04013
G1 X122.889 Y105.839 E16.05242
G1 X118.111 Y105.839 E16.28226
G1 X118.111 Y98.619 E16.62952
G1 X118.841 Y99.442 E16.68244
G1 X121.289 Y98.652 E16.80616
G1 X122.245 Y95.843 E16.94888
G1 X121.289 Y93.034 E17.09160
G1 X118.841 Y92.244 E17.21532
G1 X118.111 Y93.067 E17.26823
G1 X118.111 Y79.161 E17.93709
G1 X122.889 Y79.161 E18.16693
G1 X122.889 Y79.416 E18.17921
G1 X122.497 Y79.858 E18.20764
G1 X122.497 Y82.899 E18.35388
G1 X124.301 Y84.933 E18.48462
G1 X129.962 Y92.689 F7800.000
;TYPE:External perimeter
G1 F1800.000
G1 X128.383 Y94.469 E18.59908
G1 X128.383 Y97.217 E18.73125
G1 X129.962 Y98.998 E18.84571
G1 X131.986 Y98.345 E18.94801
G1 X132.039 Y98.190 E18.95588
G1 X132.275 Y98.190 E18.96725
G1 X132.275 Y106.225 E19.35372
G1 X126.725 Y106.225 E19.62065
G1 X126.725 Y105.421 E19.65933
G1 X127.338 Y103.621 E19.75075
G1 X126.486 Y101.120 E19.87784
G1 X124.462 Y100.467 E19.98014
G1 X122.883 Y102.248 E20.09461
G1 X122.883 Y104.995 E20.22677
G1 X123.275 Y105.437 E20.25519
G1 X123.275 Y106.225 E20.29306
G1 X117.725 Y106.225 E20.56000
G1 X117.725 Y98.190 E20.94646
G1 X118.245 Y98.190 E20.97148
G1 X118.962 Y98.998 E21.02344
G1 X120.986 Y98.345 E21.12573
G1 X121.838 Y95.843 E21.25283
G1 X120.986 Y93.342 E21.37992
G1 X118.962 Y92.689 E21.48221
G1 X118.245 Y93.497 E21.53417
G1 X117.725 Y93.497 E21.55919
G1 X117.725 Y78.775 E22.26725
G1 X123.275 Y78.775 E22.53419
G1 X123.275 Y79.563 E22.57205
G1 X122.883 Y80.005 E22.60048
G1 X122.883 Y82.753 E22.73264
G1 X124.462 Y84.533 E22.84711
G1 X126.486 Y83.880 E22.94940
G1 X127.338 Y81.379 E23.07649
G1 X126.725 Y79.579 E23.16791
G1 X126.725 Y78.775 E23.20659
G1 X132.275 Y78.775 E23.47352
G1 X132.275 Y93.497 E24.18158
G1 X132.039 Y93.497 E24.19295
G1 X131.986 Y93.342 E24.20083
G1 X130.019 Y92.707 E24.30023
G1 X129.633 Y92.460 F7800.000
G1 E22.30023 F2400.000
G92 E0
G1 X131.215 Y90.753 F7800.000
G1 E2.00000 F2400.000
;TYPE:Internal infill
G1 F4800.000
G1 X131.215 Y88.439 E2.11128
G1 X119.213 Y91.655 E2.70887
G1 X120.338 Y92.018 E2.76575
G1 X122.507 Y83.927 E3.16867
G1 X123.851 Y85.443 E3.26616
G1 X118.785 Y84.502 F7800.000
G1 F4800.000
G1 X118.785 Y82.189 E3.37744
G1 X121.823 Y81.375 E3.52867
G1 X121.823 Y82.778 E3.59618
G1 X118.880 Y79.836 E3.79633
G1 X121.194 Y79.836 E3.90762
G1 E1.90762 F2400.000
G92 E0
G1 X119.293 Y105.164 F7800.000
G1 E2.00000 F2400.000
G1 F4800.000
G1 X121.607 Y105.164 E2.11128
G1 X121.823 Y104.359 E2.15141
G1 X121.823 Y102.411 E2.24508
G1 X119.387 Y99.975 E2.41076
G1 X118.785 Y100.169 E2.44115
G1 X118.785 Y101.351 E2.49800
G1 X123.343 Y100.130 E2.72495
G1 X122.788 Y100.756 E2.76522
G1 X127.061 Y84.809 E3.55931
G1 X127.318 Y84.726 E3.57232
G1 X127.330 Y84.690 E3.57415
G1 X131.215 Y83.649 E3.76755
G1 X131.215 Y79.836 E3.95095
G1 X128.393 Y79.836 E4.08664
G1 X128.190 Y80.593 E4.12435
G1 X128.458 Y81.379 E4.16427
G1 X128.079 Y82.491 E4.22078
G1 X131.215 Y85.626 E4.43404
G1 X131.215 Y87.186 E4.50906
G1 X130.033 Y91.597 E4.72870
G1 X130.931 Y91.887 E4.77411
G1 X124.636 Y85.592 E5.20233
G1 X124.128 Y85.755 E5.22798
G1 X123.979 Y85.587 E5.23877
G1 X118.785 Y86.979 E5.49739
G1 X118.785 Y86.285 E5.53076
G1 X127.323 Y94.823 E6.11144
G1 X127.323 Y94.273 E6.13787
G1 X122.833 Y95.476 E6.36143
G1 X122.958 Y95.843 E6.38008
G1 X122.664 Y96.708 E6.42401
G1 X125.712 Y99.756 E6.63133
G1 X125.271 Y99.613 E6.65360
G1 X128.357 Y98.786 E6.80728
G1 X128.164 Y98.569 E6.82125
G1 X127.536 Y100.914 E6.93802
G1 X127.880 Y101.924 E6.98933
G1 X131.120 Y105.164 E7.20973
G1 X131.215 Y105.164 E7.21427
G1 X131.215 Y102.811 E7.32743
G1 X128.436 Y103.556 E7.46580
G1 X128.458 Y103.621 E7.46911
G1 X127.932 Y105.164 E7.54751
G1 X128.547 Y105.164 E7.57708
;LAYER_CHANGE
;Z:18.32
;HEIGHT:0.299999
G1 Z18.320 F7800.000
G1 X124.219 Y85.722
;TYPE:Perimeter
G1 F3600.000
G1 X127.091 Y84.795 E7.72223
G1 X128.152 Y81.679 E7.88057
G1 X127.528 Y79.846 E7.97366
G1 X131.504 Y79.846 E8.16486
G1 X131.504 Y92.076 E8.75305
G1 X129.719 Y91.500 E8.84324
G1 X127.612 Y93.877 E8.99602
G1 X127.612 Y97.210 E9.15634
G1 X129.719 Y99.587 E9.30912
G1 X131.504 Y99.011 E9.39931
G1 X131.504 Y105.154 E9.69477
G1 X127.528 Y105.154 E9.88597
G1 X128.152 Y103.321 E9.97906
G1 X127.091 Y100.205 E10.13740
G1 X124.219 Y99.278 E10.28255
G1 X122.112 Y101.655 E10.43534
G1 X122.112 Y104.988 E10.59565
G1 X122.259 Y105.154 E10.60630
G1 X118.496 Y105.154 E10.78726
G1 X118.496 Y99.335 E11.06710
G1 X118.719 Y99.587 E11.08327
G1 X121.591 Y98.660 E11.22842
G1 X122.652 Y95.543 E11.38676
G1 X121.591 Y92.427 E11.54510
G1 X118.719 Y91.500 E11.69025
G1 X118.496 Y91.751 E11.70642
G1 X118.496 Y79.846 E12.27899
G1 X122.259 Y79.846 E12.45995
G1 X122.112 Y80.012 E12.47059
G1 X122.112 Y83.345 E12.63091
G1 X124.179 Y85.677 E12.78081
G1 X124.341 Y85.278 F7800.000
G1 F3600.000
G1 X126.789 Y84.487 E12.90453
G1 X127.745 Y81.679 E13.04724
G1 X127.111 Y79.816 E13.14191
G1 X127.111 Y79.461 E13.15897
G1 X131.889 Y79.461 E13.38881
G1 X131.889 Y92.605 E14.02102
G1 X129.841 Y91.944 E14.12457
G1 X127.997 Y94.023 E14.25819
G1 X127.997 Y97.064 E14.40444
G1 X129.841 Y99.142 E14.53806
G1 X131.889 Y98.481 E14.64161
G1 X131.889 Y105.539 E14.98108
G1 X127.111 Y105.539 E15.21093
G1 X127.111 Y105.184 E15.22799
G1 X127.745 Y103.321 E15.32265
G1 X126.789 Y100.513 E15.46536
G1 X124.341 Y99.722 E15.58909
G1 X122.497 Y101.801 E15.72272
G1 X122.497 Y104.842 E15.86895
G1 X122.889 Y105.284 E15.89738
G1 X122.889 Y105.539 E15.90966
G1 X118.111 Y105.539 E16.13950
G1 X118.111 Y98.319 E16.48677
G1 X118.841 Y99.142 E16.53968
G1 X121.289 Y98.352 E16.66340
G1 X122.245 Y95.543 E16.80612
G1 X121.289 Y92.734 E16.94884
G1 X118.841 Y91.944 E17.07256
G1 X118.111 Y92.767 E17.12548
G1 X118.111 Y79.461 E17.76547
G1 X122.889 Y79.461 E17.99532
G1 X122.889 Y79.716 E18.00760
G1 X122.497 Y80.158 E18.03602
G1 X122.497 Y83.199 E18.18226
G1 X124.301 Y85.233 E18.31300
G1 X129.962 Y92.389 F7800.000
;TYPE:External perimeter
G1 F1800.000
G1 X128.383 Y94.169 E18.42747
G1 X128.383 Y96.917 E18.55963
G1 X129.962 Y98.698 E18.67410
G1 X131.986 Y98.045 E18.77639
G1 X132.039 Y97.890 E18.78427
G1 X132.275 Y97.890 E18.79563
G1 X132.275 Y105.925 E19.18210
G1 X126.725 Y105.925 E19.44904
G1 X126.725 Y105.121 E19.48772
G1 X127.338 Y103.321 E19.57914
G1 X126.486 Y100.820 E19.70622
G1 X124.462 Y100.167 E19.80852
G1 X122.883 Y101.948 E19.92299
G1 X122.883 Y104.695 E20.05515
G1 X123.275 Y105.137 E20.08357
G1 X123.275 Y105.925 E20.12144
G1 X117.725 Y105.925 E20.38838
G1 X117.725 Y97.890 E20.77485
G1 X118.245 Y97.890 E20.79986
G1 X118.962 Y98.698 E20.85183
G1 X120.986 Y98.045 E20.95412
G1 X121.838 Y95.543 E21.08121
G1 X120.986 Y93.042 E21.20830
G1 X118.962 Y92.389 E21.31060
G1 X118.245 Y93.197 E21.36256
G1 X117.725 Y93.197 E21.38757
G1 X117.725 Y79.075 E22.06678
G1 X123.275 Y79.075 E22.33371
G1 X123.275 Y79.863 E22.37158
G1 X122.883 Y80.305 E22.40000
G1 X122.883 Y83.053 E22.53217
G1 X124.462 Y84.833 E22.64663
G1 X126.486 Y84.180 E22.74893
G1 X127.338 Y81.679 E22.87602
G1 X126.725 Y79.879 E22.96743
G1 X126.725 Y79.075 E23.00611
G1 X132.275 Y79.075 E23.27305
G1 X132.275 Y93.197 E23.95225
G1 X132.039 Y93.197 E23.96362
G1 X131.986 Y93.042 E23.97150
G1 X130.019 Y92.407 E24.07090
G1 X129.633 Y92.160 F7800.000
G1 E22.07090 F2400.000
G92 E0
G1 X131.215 Y90.753 F7800.000
G1 E2.00000 F2400.000
;TYPE:Internal infill
G1 F4800.000
G1 X131.215 Y88.439 E2.11128
G1 X119.721 Y91.519 E2.68359
G1 X120.412 Y91.742 E2.71853
G1 X122.445 Y84.157 E3.09623
G1 X123.636 Y85.501 E3.18262
G1 X118.785 Y84.502 F7800.000
G1 F4800.000
G1 X118.785 Y82.189 E3.29390
G1 X121.823 Y81.375 E3.44513
G1 X121.823 Y82.778 E3.51263
G1 X119.180 Y80.136 E3.69239
G1 X121.494 Y80.136 E3.80367
G1 E1.80367 F2400.000
G92 E0
G1 X119.373 Y104.864 F7800.000
G1 E2.00000 F2400.000
G1 F4800.000
G1 X121.687 Y104.864 E2.11128
G1 X121.823 Y104.359 E2.13647
G1 X121.823 Y102.411 E2.23015
G1 X119.160 Y99.748 E2.41125
G1 X118.785 Y99.869 E2.43018
G1 X118.785 Y101.351 E2.50146
G1 X122.994 Y100.223 E2.71103
G1 X122.903 Y100.327 E2.71766
G1 X126.973 Y85.137 E3.47399
G1 X127.318 Y85.026 E3.49144
G1 X127.443 Y84.659 E3.51005
G1 X131.215 Y83.649 E3.69785
G1 X131.215 Y80.136 E3.86682
G1 X128.313 Y80.136 E4.00638
G1 X128.145 Y80.761 E4.03752
G1 X128.458 Y81.679 E4.08414
G1 X128.155 Y82.567 E4.12928
G1 X131.215 Y85.626 E4.33736
G1 X131.215 Y87.186 E4.41238
G1 X130.107 Y91.321 E4.61827
G1 X130.488 Y91.444 E4.63756
G1 X124.863 Y85.818 E5.02021
G1 X124.128 Y86.055 E5.05733
G1 X123.764 Y85.645 E5.08371
G1 X118.785 Y86.979 E5.33162
G1 X118.785 Y86.285 E5.36499
G1 X127.323 Y94.823 E5.94567
G1 X127.323 Y94.273 E5.97210
G1 X122.927 Y95.451 E6.19099
G1 X122.958 Y95.543 E6.19568
G1 X122.587 Y96.632 E6.25098
G1 X125.269 Y99.313 E6.43335
G1 X125.779 Y99.477 E6.45913
G1 X128.572 Y98.729 E6.59823
G1 X128.226 Y98.339 E6.62330
G1 X127.581 Y100.746 E6.74318
G1 X128.035 Y102.079 E6.81090
G1 X130.820 Y104.864 E7.00035
G1 X131.215 Y104.864 E7.01932
G1 X131.215 Y102.811 E7.11805
G1 X128.372 Y103.573 E7.25958
G1 X127.932 Y104.864 E7.32519
G1 X128.882 Y104.864 E7.37087
M106 S239.7
;LAYER_CHANGE
;Z:18.62
;HEIGHT:0.300001
G1 Z18.620 F7800.000
G1 X124.219 Y86.022
;TYPE:Perimeter
G1 F3600.000
G1 X127.091 Y85.095 E7.51602
G1 X128.152 Y81.979 E7.67435
G1 X127.528 Y80.146 E7.76745
G1 X131.504 Y80.146 E7.95864
G1 X131.504 Y91.776 E8.51797
G1 X129.719 Y91.200 E8.60817
G1 X127.612 Y93.577 E8.76095
G1 X127.612 Y96.910 E8.92127
G1 X129.719 Y99.287 E9.07405
G1 X131.504 Y98.711 E9.16424
G1 X131.504 Y104.854 E9.45970
G1 X127.528 Y104.854 E9.65089
G1 X128.152 Y103.021 E9.74399
G1 X127.091 Y99.905 E9.90232
G1 X124.219 Y98.978 E10.04748
G1 X122.112 Y101.355 E10.20027
G1 X122.112 Y104.688 E10.36058
G1 X122.259 Y104.854 E10.37123
G1 X118.496 Y104.854 E10.55218
G1 X118.496 Y99.035 E10.83203
G1 X118.719 Y99.287 E10.84819
G1 X121.591 Y98.360 E10.99334
G1 X122.652 Y95.243 E11.15169
G1 X121.591 Y92.127 E11.31003
G1 X118.719 Y91.200 E11.45518
G1 X118.496 Y91.451 E11.47134
G1 X118.496 Y80.146 E12.01506
G1 X122.259 Y80.146 E12.19602
G1 X122.112 Y80.312 E12.20666
G1 X122.112 Y83.645 E12.36698
G1 X124.179 Y85.977 E12.51688
G1 X124.341 Y85.578 F7800.000
G1 F3600.000
G1 X126.789 Y84.787 E12.64061
G1 X127.745 Y81.979 E12.78332
G1 X127.111 Y80.116 E12.87798
G1 X127.111 Y79.761 E12.89504
G1 X131.889 Y79.761 E13.12488
G1 X131.889 Y92.305 E13.72824
G1 X129.841 Y91.644 E13.83178
G1 X127.997 Y93.723 E13.96541
G1 X127.997 Y96.764 E14.11165
G1 X129.841 Y98.842 E14.24527
G1 X131.889 Y98.181 E14.34882
G1 X131.889 Y105.239 E14.68830
G1 X127.111 Y105.239 E14.91814
G1 X127.111 Y104.884 E14.93520
G1 X127.745 Y103.021 E15.02987
G1 X126.789 Y100.213 E15.17258
G1 X124.341 Y99.422 E15.29630
G1 X122.497 Y101.501 E15.42993
G1 X122.497 Y104.542 E15.57617
G1 X122.889 Y104.984 E15.60459
G1 X122.889 Y105.239 E15.61688
G1 X118.111 Y105.239 E15.84672
G1 X118.111 Y98.019 E16.19398
G1 X118.841 Y98.842 E16.24690
G1 X121.289 Y98.052 E16.37062
G1 X122.245 Y95.243 E16.51334
G1 X121.289 Y92.434 E16.65605
G1 X118.841 Y91.644 E16.77978
G1 X118.111 Y92.467 E16.83269
G1 X118.111 Y79.761 E17.44383
G1 X122.889 Y79.761 E17.67367
G1 X122.889 Y80.016 E17.68596
G1 X122.497 Y80.458 E17.71438
G1 X122.497 Y83.499 E17.86062
G1 X124.301 Y85.533 E17.99136
G1 X129.962 Y92.089 F7800.000
;TYPE:External perimeter
G1 F1800.000
G1 X128.383 Y93.869 E18.10582
G1 X128.383 Y96.617 E18.23799
G1 X129.962 Y98.398 E18.35246
G1 X131.986 Y97.745 E18.45475
G1 X132.039 Y97.590 E18.46262
G1 X132.275 Y97.590 E18.47399
G1 X132.275 Y105.625 E18.86046
G1 X126.725 Y105.625 E19.12739
G1 X126.725 Y104.821 E19.16608
G1 X127.338 Y103.021 E19.25749
G1 X126.486 Y100.520 E19.38458
G1 X124.462 Y99.867 E19.48688
G1 X122.883 Y101.648 E19.60135
G1 X122.883 Y104.395 E19.73351
G1 X123.275 Y104.837 E19.76193
G1 X123.275 Y105.625 E19.79980
G1 X117.725 Y105.625 E20.06674
G1 X117.725 Y97.590 E20.45320
G1 X118.245 Y97.590 E20.47822
G1 X118.962 Y98.398 E20.53018
G1 X120.986 Y97.745 E20.63248
G1 X121.838 Y95.243 E20.75957
G1 X120.986 Y92.742 E20.88666
G1 X118.962 Y92.089 E20.98895
G1 X118.245 Y92.897 E21.04091
G1 X117.725 Y92.897 E21.06593
G1 X117.725 Y79.375 E21.71628
G1 X123.275 Y79.375 E21.98321
G1 X123.275 Y80.163 E22.02108
G1 X122.883 Y80.605 E22.04950
G1 X122.883 Y83.353 E22.18167
G1 X124.462 Y85.133 E22.29613
G1 X126.486 Y84.480 E22.39843
G1 X127.338 Y81.979 E22.52552
G1 X126.725 Y80.179 E22.61693
G1 X126.725 Y79.375 E22.65561
G1 X132.275 Y79.375 E22.92255
G1 X132.275 Y92.897 E23.57289
G1 X132.039 Y92.897 E23.58426
G1 X131.986 Y92.742 E23.59214
G1 X130.019 Y92.107 E23.69154
G1 X129.633 Y91.860 F7800.000
G1 X131.215 Y90.753
;TYPE:Internal infill
G1 F4800.000
G1 X131.215 Y88.439 E23.80283
G1 X120.229 Y91.383 E24.34984
G1 X120.486 Y91.466 E24.36286
G1 X122.383 Y84.387 E24.71534
G1 X123.549 Y85.703 E24.79989
G1 X118.785 Y86.979 E25.03711
G1 X118.785 Y86.285 E25.07047
G1 X127.323 Y94.823 E25.65116
G1 X127.323 Y94.273 E25.67759
G1 X122.883 Y95.463 E25.89863
G1 X122.511 Y96.555 E25.95416
G1 X124.825 Y98.870 E26.11158
G1 X126.286 Y99.341 E26.18541
G1 X128.787 Y98.671 E26.30993
G1 X128.288 Y98.108 E26.34611
G1 X127.626 Y100.578 E26.46910
G1 X127.318 Y99.674 E26.51504
G1 X126.470 Y99.401 E26.55791
G1 X131.215 Y100.498 F7800.000
G1 F4800.000
G1 X131.215 Y102.811 E26.66919
G1 X128.260 Y103.603 E26.81632
G1 X128.458 Y103.021 E26.84588
G1 X128.190 Y102.234 E26.88589
G1 X130.520 Y104.564 E27.04440
G1 X128.206 Y104.564 E27.15568
G1 E25.15568 F2400.000
G92 E0
G1 X119.454 Y104.564 F7800.000
G1 E2.00000 F2400.000
G1 F4800.000
G1 X121.767 Y104.564 E2.11128
G1 X121.823 Y104.359 E2.12153
G1 X121.823 Y102.411 E2.21521
G1 X118.933 Y99.521 E2.41174
G1 X118.785 Y99.569 E2.41920
G1 X118.785 Y101.351 E2.50491
G1 X122.645 Y100.317 E2.69712
G1 X123.018 Y99.897 E2.72413
G1 X126.885 Y85.465 E3.44270
G1 X127.318 Y85.326 E3.46460
G1 X127.555 Y84.629 E3.49998
G1 X131.215 Y83.649 E3.68219
G1 X131.215 Y80.436 E3.83673
G1 X128.233 Y80.436 E3.98015
G1 X128.100 Y80.929 E4.00471
G1 X128.458 Y81.979 E4.05805
G1 X128.232 Y82.643 E4.09181
G1 X131.215 Y85.626 E4.29471
G1 X131.215 Y87.186 E4.36973
G1 X130.181 Y91.045 E4.56187
G1 X130.045 Y91.001 E4.56871
G1 X125.089 Y86.045 E4.90581
G1 X126.701 Y85.525 E4.98728
G1 E2.98728 F2400.000
G92 E0
G1 X121.794 Y80.436 F7800.000
G1 E2.00000 F2400.000
G1 F4800.000
G1 X119.480 Y80.436 E2.11128
G1 X121.823 Y82.778 E2.27063
G1 X121.823 Y81.375 E2.33814
G1 X118.785 Y82.189 E2.48936
G1 X118.785 Y84.502 E2.60064
;LAYER_CHANGE
;Z:18.92
;HEIGHT:0.299999
G1 Z18.920 F7800.000
G1 X124.219 Y86.322
;TYPE:Perimeter
G1 F3600.000
G1 X127.091 Y85.395 E2.74580
G1 X128.152 Y82.279 E2.90413
G1 X127.528 Y80.446 E2.99722
G1 X131.504 Y80.446 E3.18842
G1 X131.504 Y91.476 E3.71889
G1 X129.719 Y90.900 E3.80909
G1 X127.612 Y93.277 E3.96187
G1 X127.612 Y96.610 E4.12219
G1 X129.719 Y98.987 E4.27497
G1 X131.504 Y98.411 E4.36516
G1 X131.504 Y104.554 E4.66061
G1 X127.528 Y104.554 E4.85181
G1 X128.152 Y102.721 E4.94491
G1 X127.091 Y99.605 E5.10324
G1 X124.219 Y98.678 E5.24840
G1 X122.112 Y101.055 E5.40119
G1 X122.112 Y104.388 E5.56150
G1 X122.259 Y104.554 E5.57215
G1 X118.496 Y104.554 E5.75310
G1 X118.496 Y98.735 E6.03295
G1 X118.719 Y98.987 E6.04911
G1 X121.591 Y98.060 E6.19426
G1 X122.652 Y94.943 E6.35260
G1 X121.591 Y91.827 E6.51095
G1 X118.719 Y90.900 E6.65610
G1 X118.496 Y91.151 E6.67226
G1 X118.496 Y80.446 E7.18713
G1 X122.259 Y80.446 E7.36808
G1 X122.112 Y80.612 E7.37873
G1 X122.112 Y83.945 E7.53904
G1 X124.179 Y86.277 E7.68894
G1 X124.341 Y85.878 F7800.000
G1 F3600.000
G1 X126.789 Y85.087 E7.81267
G1 X127.745 Y82.279 E7.95538
G1 X127.111 Y80.416 E8.05004
G1 X127.111 Y80.061 E8.06710
G1 X131.889 Y80.061 E8.29694
G1 X131.889 Y92.005 E8.87144
G1 X129.841 Y91.344 E8.97499
G1 X127.997 Y93.423 E9.10861
G1 X127.997 Y96.464 E9.25485
G1 X129.841 Y98.542 E9.38848
G1 X131.889 Y97.881 E9.49202
G1 X131.889 Y104.939 E9.83150
G1 X127.111 Y104.939 E10.06134
G1 X127.111 Y104.584 E10.07841
G1 X127.745 Y102.721 E10.17307
G1 X126.789 Y99.913 E10.31578
G1 X124.341 Y99.122 E10.43951
G1 X122.497 Y101.201 E10.57314
G1 X122.497 Y104.242 E10.71937
G1 X122.889 Y104.684 E10.74779
G1 X122.889 Y104.939 E10.76008
G1 X118.111 Y104.939 E10.98992
G1 X118.111 Y97.719 E11.33718
G1 X118.841 Y98.542 E11.39010
G1 X121.289 Y97.752 E11.51382
G1 X122.245 Y94.943 E11.65654
G1 X121.289 Y92.134 E11.79926
G1 X118.841 Y91.344 E11.92298
G1 X118.111 Y92.167 E11.97589
G1 X118.111 Y80.061 E12.55818
G1 X122.889 Y80.061 E12.78802
G1 X122.889 Y80.316 E12.80030
G1 X122.497 Y80.758 E12.82872
G1 X122.497 Y83.799 E12.97496
G1 X124.301 Y85.833 E13.10570
G1 X129.962 Y91.789 F7800.000
;TYPE:External perimeter
G1 F1800.000
G1 X128.383 Y93.569 E13.22017
G1 X128.383 Y96.317 E13.35234
G1 X129.962 Y98.098 E13.46680
G1 X131.986 Y97.445 E13.56909
G1 X132.039 Y97.290 E13.57697
G1 X132.275 Y97.290 E13.58834
G1 X132.275 Y105.325 E13.97480
G1 X126.725 Y105.325 E14.24174
G1 X126.725 Y104.521 E14.28042
G1 X127.338 Y102.721 E14.37184
G1 X126.486 Y100.220 E14.49893
G1 X124.462 Y99.567 E14.60122
G1 X122.883 Y101.348 E14.71569
G1 X122.883 Y104.095 E14.84785
G1 X123.275 Y104.537 E14.87628
G1 X123.275 Y105.325 E14.91415
G1 X117.725 Y105.325 E15.18108
G1 X117.725 Y97.290 E15.56755
G1 X118.245 Y97.290 E15.59257
G1 X118.962 Y98.098 E15.64453
G1 X120.986 Y97.445 E15.74682
G1 X121.838 Y94.943 E15.87391
G1 X120.986 Y92.442 E16.00101
G1 X118.962 Y91.789 E16.10330
G1 X118.245 Y92.597 E16.15526
G1 X117.725 Y92.597 E16.18028
G1 X117.725 Y79.675 E16.80176
G1 X123.275 Y79.675 E17.06870
G1 X123.275 Y80.463 E17.10657
G1 X122.883 Y80.905 E17.13499
G1 X122.883 Y83.653 E17.26715
G1 X124.462 Y85.433 E17.38162
G1 X126.486 Y84.780 E17.48392
G1 X127.338 Y82.279 E17.61100
G1 X126.725 Y80.479 E17.70242
G1 X126.725 Y79.675 E17.74110
G1 X132.275 Y79.675 E18.00804
G1 X132.275 Y92.597 E18.62952
G1 X132.039 Y92.597 E18.64089
G1 X131.986 Y92.442 E18.64877
G1 X130.019 Y91.807 E18.74817
G1 X129.633 Y91.560 F7800.000
G1 X131.215 Y90.753
;TYPE:Internal infill
G1 F4800.000
G1 X131.215 Y88.439 E18.85945
G1 X120.737 Y91.247 E19.38118
G1 X120.560 Y91.190 E19.39009
G1 X122.321 Y84.618 E19.71736
G1 X123.334 Y85.760 E19.79080
G1 X118.785 Y86.979 E20.01731
G1 X118.785 Y86.285 E20.05068
G1 X127.323 Y94.823 E20.63136
G1 X127.323 Y94.273 E20.65779
G1 X122.771 Y95.493 E20.88444
G1 X122.435 Y96.479 E20.93456
G1 X124.382 Y98.427 E21.06703
G1 X126.794 Y99.205 E21.18892
G1 X129.002 Y98.614 E21.29885
G1 X128.350 Y97.878 E21.34614
G1 X127.671 Y100.411 E21.47225
G1 X128.283 Y102.206 E21.56349
G1 X127.941 Y104.240 F7800.000
G1 F4800.000
G1 X127.932 Y104.264 E21.56474
G1 X130.220 Y104.264 E21.67477
G1 X128.345 Y102.389 E21.80234
G1 X128.458 Y102.721 E21.81923
G1 X128.147 Y103.633 E21.86557
G1 X131.215 Y102.811 E22.01829
G1 X131.215 Y100.498 E22.12957
G1 E20.12957 F2400.000
G92 E0
G1 X121.362 Y104.264 F7800.000
G1 E2.00000 F2400.000
G1 F4800.000
G1 X121.823 Y104.264 E2.02213
G1 X121.823 Y102.411 E2.11128
G1 X118.785 Y99.374 E2.31786
G1 X118.785 Y101.351 E2.41296
G1 X122.297 Y100.410 E2.58780
G1 X123.133 Y99.467 E2.64845
G1 X126.797 Y85.794 E3.32927
G1 X125.316 Y86.272 E3.40411
G1 X129.620 Y90.576 E3.69685
G1 X130.255 Y90.769 E3.72875
G1 X131.215 Y87.186 E3.90714
G1 X131.215 Y85.626 E3.98217
G1 X128.308 Y82.719 E4.17988
G1 X128.458 Y82.279 E4.20227
G1 X128.055 Y81.097 E4.26232
G1 X128.152 Y80.736 E4.28031
G1 X131.215 Y80.736 E4.42759
G1 X131.215 Y83.649 E4.56770
G1 X127.668 Y84.599 E4.74431
G1 X128.246 Y82.902 E4.83054
G1 E2.83054 F2400.000
G92 E0
G1 X121.823 Y81.007 F7800.000
G1 E2.00000 F2400.000
G1 F4800.000
G1 X121.823 Y80.736 E2.01304
G1 X119.780 Y80.736 E2.11128
G1 X121.823 Y82.778 E2.25022
G1 X121.823 Y81.375 E2.31773
G1 X118.785 Y82.189 E2.46896
G1 X118.785 Y84.502 E2.58024
;LAYER_CHANGE
;Z:19.22
;HEIGHT:0.299999
G1 Z19.220 F7800.000
G1 X124.219 Y86.622
;TYPE:Perimeter
G1 F3600.000
G1 X127.091 Y85.695 E2.72539
G1 X128.152 Y82.579 E2.88373
G1 X127.528 Y80.746 E2.97682
G1 X131.504 Y80.746 E3.16802
G1 X131.504 Y91.176 E3.66963
G1 X129.719 Y90.600 E3.75982
G1 X127.612 Y92.977 E3.91260
G1 X127.612 Y96.310 E4.07292
G1 X129.719 Y98.687 E4.22570
G1 X131.504 Y98.111 E4.31590
G1 X131.504 Y104.254 E4.61135
G1 X127.528 Y104.254 E4.80255
G1 X128.152 Y102.421 E4.89564
G1 X127.091 Y99.305 E5.05398
G1 X124.219 Y98.378 E5.19913
G1 X122.112 Y100.755 E5.35192
G1 X122.112 Y104.088 E5.51224
G1 X122.259 Y104.254 E5.52288
G1 X118.496 Y104.254 E5.70384
G1 X118.496 Y98.435 E5.98369
G1 X118.719 Y98.687 E5.99985
G1 X121.591 Y97.760 E6.14500
G1 X122.652 Y94.643 E6.30334
G1 X121.591 Y91.527 E6.46169
G1 X118.719 Y90.600 E6.60683
G1 X118.496 Y90.851 E6.62300
G1 X118.496 Y80.746 E7.10900
G1 X122.259 Y80.746 E7.28996
G1 X122.112 Y80.912 E7.30060
G1 X122.112 Y84.245 E7.46092
G1 X124.179 Y86.577 E7.61082
G1 X124.341 Y86.178 F7800.000
G1 F3600.000
G1 X126.789 Y85.387 E7.73454
G1 X127.745 Y82.579 E7.87725
G1 X127.111 Y80.716 E7.97192
G1 X127.111 Y80.361 E7.98898
G1 X131.889 Y80.361 E8.21882
G1 X131.889 Y91.705 E8.76446
G1 X129.841 Y91.044 E8.86801
G1 X127.997 Y93.123 E9.00163
G1 X127.997 Y96.164 E9.14787
G1 X129.841 Y98.242 E9.28150
G1 X131.889 Y97.581 E9.38504
G1 X131.889 Y104.639 E9.72452
G1 X127.111 Y104.639 E9.95436
G1 X127.111 Y104.284 E9.97143
G1 X127.745 Y102.421 E10.06609
G1 X126.789 Y99.613 E10.20880
G1 X124.341 Y98.822 E10.33252
G1 X122.497 Y100.901 E10.46616
G1 X122.497 Y103.942 E10.61239
G1 X122.889 Y104.384 E10.64081
G1 X122.889 Y104.639 E10.65310
G1 X118.111 Y104.639 E10.88294
G1 X118.111 Y97.419 E11.23020
G1 X118.841 Y98.242 E11.28312
G1 X121.289 Y97.452 E11.40684
G1 X122.245 Y94.643 E11.54956
G1 X121.289 Y91.834 E11.69228
G1 X118.841 Y91.044 E11.81600
G1 X118.111 Y91.867 E11.86891
G1 X118.111 Y80.361 E12.42234
G1 X122.889 Y80.361 E12.65218
G1 X122.889 Y80.616 E12.66446
G1 X122.497 Y81.058 E12.69288
G1 X122.497 Y84.099 E12.83912
G1 X124.301 Y86.133 E12.96987
G1 X129.962 Y91.489 F7800.000
;TYPE:External perimeter
G1 F1800.000
G1 X128.383 Y93.269 E13.08433
G1 X128.383 Y96.017 E13.21650
G1 X129.962 Y97.798 E13.33096
G1 X131.986 Y97.145 E13.43325
G1 X132.039 Y96.990 E13.44113
G1 X132.275 Y96.990 E13.45250
G1 X132.275 Y105.025 E13.83896
G1 X126.725 Y105.025 E14.10590
G1 X126.725 Y104.221 E14.14458
G1 X127.338 Y102.421 E14.23600
G1 X126.486 Y99.920 E14.36309
G1 X124.462 Y99.267 E14.46538
G1 X122.883 Y101.048 E14.57986
G1 X122.883 Y103.795 E14.71201
G1 X123.275 Y104.237 E14.74044
G1 X123.275 Y105.025 E14.77831
G1 X117.725 Y105.025 E15.04524
G1 X117.725 Y96.990 E15.43171
G1 X118.245 Y96.990 E15.45673
G1 X118.962 Y97.798 E15.50869
G1 X120.986 Y97.145 E15.61098
G1 X121.838 Y94.643 E15.73807
G1 X120.986 Y92.142 E15.86517
G1 X118.962 Y91.489 E15.96746
G1 X118.245 Y92.297 E16.01942
G1 X117.725 Y92.297 E16.04444
G1 X117.725 Y79.975 E16.63707
G1 X123.275 Y79.975 E16.90400
G1 X123.275 Y80.763 E16.94187
G1 X122.883 Y81.205 E16.97029
G1 X122.883 Y83.953 E17.10246
G1 X124.462 Y85.733 E17.21692
G1 X126.486 Y85.080 E17.31922
G1 X127.338 Y82.579 E17.44631
G1 X126.725 Y80.779 E17.53772
G1 X126.725 Y79.975 E17.57640
G1 X132.275 Y79.975 E17.84334
G1 X132.275 Y92.297 E18.43597
G1 X132.039 Y92.297 E18.44733
G1 X131.986 Y92.142 E18.45521
G1 X130.019 Y91.507 E18.55462
G1 X129.633 Y91.260 F7800.000
G1 X131.215 Y90.753
;TYPE:Internal infill
G1 F4800.000
G1 X131.215 Y88.439 E18.66590
G1 X121.245 Y91.111 E19.16234
G1 X120.634 Y90.914 E19.19318
G1 X122.260 Y84.848 E19.49522
G1 X123.120 Y85.818 E19.55756
G1 X118.785 Y86.979 E19.77337
G1 X118.785 Y86.285 E19.80674
G1 X127.323 Y94.823 E20.38742
G1 X127.323 Y94.273 E20.41385
G1 X122.658 Y95.523 E20.64609
G1 X122.359 Y96.403 E20.69081
G1 X124.068 Y98.112 E20.80708
G1 X123.248 Y99.037 E20.86650
G1 X126.709 Y86.122 E21.50956
G1 X125.543 Y86.499 E21.56849
G1 X129.479 Y90.435 E21.83621
G1 X129.628 Y90.266 E21.84703
G1 X130.329 Y90.493 E21.88243
G1 X131.215 Y87.186 E22.04707
G1 X131.215 Y85.626 E22.12209
G1 X128.384 Y82.796 E22.31462
G1 X128.458 Y82.579 E22.32565
G1 X128.010 Y81.265 E22.39241
G1 X128.072 Y81.036 E22.40381
G1 X131.215 Y81.036 E22.55497
G1 X131.215 Y83.649 E22.68065
G1 X127.780 Y84.569 E22.85166
G1 X127.318 Y85.926 E22.92058
G1 X126.892 Y86.063 E22.94210
G1 E20.94210 F2400.000
G92 E0
G1 X118.785 Y84.502 F7800.000
G1 E2.00000 F2400.000
G1 F4800.000
G1 X118.785 Y82.189 E2.11128
G1 X121.823 Y81.375 E2.26251
G1 X121.823 Y82.778 E2.33002
G1 X120.080 Y81.036 E2.44855
G1 X118.785 Y81.036 E2.51081
G1 X118.785 Y81.996 E2.55698
G1 X129.345 Y98.700 F7800.000
G1 F4800.000
G1 X129.628 Y99.020 E2.57752
G1 X131.058 Y98.558 E2.64980
G1 X131.215 Y98.715 E2.66043
G1 X131.215 Y102.811 E2.85748
G1 X128.035 Y103.663 E3.01580
G1 X128.437 Y102.482 E3.07585
G1 X129.920 Y103.964 E3.17671
G1 X131.215 Y103.964 E3.23896
G1 X131.215 Y103.004 E3.28513
G1 X128.416 Y102.299 F7800.000
G1 F4800.000
G1 X127.716 Y100.243 E3.38962
G1 X128.411 Y97.648 E3.51883
G1 X129.217 Y98.556 E3.57723
G1 X127.302 Y99.069 E3.67258
G1 X125.100 Y98.358 E3.78386
G1 X120.602 Y98.383 F7800.000
G1 F4800.000
G1 X118.785 Y98.969 E3.87568
G1 X118.785 Y99.374 E3.89514
G1 X121.823 Y102.411 E4.10172
G1 X121.823 Y100.645 E4.18665
G1 X121.948 Y100.504 E4.19573
G1 X118.785 Y101.351 E4.35319
G1 X118.785 Y103.665 E4.46447
;LAYER_CHANGE
;Z:19.52
;HEIGHT:0.300001
G1 Z19.520 F7800.000
G1 X124.219 Y86.922
;TYPE:Perimeter
G1 F3600.000
G1 X127.091 Y85.995 E4.60962
G1 X128.152 Y82.879 E4.76796
G1 X127.528 Y81.046 E4.86105
G1 X131.504 Y81.046 E5.05225
G1 X131.504 Y90.876 E5.52500
G1 X129.719 Y90.300 E5.61520
G1 X127.612 Y92.677 E5.76798
G1 X127.612 Y96.010 E5.92830
G1 X129.719 Y98.387 E6.08108
G1 X131.504 Y97.811 E6.17127
G1 X131.504 Y103.954 E6.46672
G1 X127.528 Y103.954 E6.65792
G1 X128.152 Y102.121 E6.75102
G1 X127.091 Y99.005 E6.90935
G1 X124.219 Y98.078 E7.05451
G1 X122.112 Y100.455 E7.20730
G1 X122.112 Y103.788 E7.36761
G1 X122.259 Y103.954 E7.37826
G1 X118.496 Y103.954 E7.55921
G1 X118.496 Y98.135 E7.83906
G1 X118.719 Y98.387 E7.85522
G1 X121.591 Y97.460 E8.00037
G1 X122.652 Y94.343 E8.15871
G1 X121.591 Y91.227 E8.31706
G1 X118.719 Y90.300 E8.46221
G1 X118.496 Y90.551 E8.47837
G1 X118.496 Y81.046 E8.93552
G1 X122.259 Y81.046 E9.11647
G1 X122.112 Y81.212 E9.12712
G1 X122.112 Y84.545 E9.28743
G1 X124.179 Y86.877 E9.43734
G1 X124.341 Y86.478 F7800.000
G1 F3600.000
G1 X126.789 Y85.687 E9.56106
G1 X127.745 Y82.879 E9.70377
G1 X127.111 Y81.016 E9.79843
G1 X127.111 Y80.661 E9.81549
G1 X131.889 Y80.661 E10.04534
G1 X131.889 Y91.405 E10.56212
G1 X129.841 Y90.744 E10.66566
G1 X127.997 Y92.823 E10.79929
G1 X127.997 Y95.864 E10.94553
G1 X129.841 Y97.942 E11.07915
G1 X131.889 Y97.281 E11.18270
G1 X131.889 Y104.339 E11.52218
G1 X127.111 Y104.339 E11.75202
G1 X127.111 Y103.984 E11.76908
G1 X127.745 Y102.121 E11.86375
G1 X126.789 Y99.313 E12.00646
G1 X124.341 Y98.522 E12.13018
G1 X122.497 Y100.601 E12.26381
G1 X122.497 Y103.642 E12.41005
G1 X122.889 Y104.084 E12.43847
G1 X122.889 Y104.339 E12.45076
G1 X118.111 Y104.339 E12.68060
G1 X118.111 Y97.119 E13.02786
G1 X118.841 Y97.942 E13.08078
G1 X121.289 Y97.152 E13.20450
G1 X122.245 Y94.343 E13.34722
G1 X121.289 Y91.534 E13.48993
G1 X118.841 Y90.744 E13.61365
G1 X118.111 Y91.567 E13.66657
G1 X118.111 Y80.661 E14.19114
G1 X122.889 Y80.661 E14.42098
G1 X122.889 Y80.916 E14.43326
G1 X122.497 Y81.358 E14.46168
G1 X122.497 Y84.399 E14.60792
G1 X124.301 Y86.433 E14.73866
G1 X129.962 Y91.189 F7800.000
;TYPE:External perimeter
G1 F1800.000
G1 X128.383 Y92.969 E14.85313
G1 X128.383 Y95.717 E14.98530
G1 X129.962 Y97.498 E15.09976
G1 X131.986 Y96.845 E15.20205
G1 X132.039 Y96.690 E15.20993
G1 X132.275 Y96.690 E15.22130
G1 X132.275 Y104.725 E15.60776
G1 X126.725 Y104.725 E15.87470
G1 X126.725 Y103.921 E15.91338
G1 X127.338 Y102.121 E16.00480
G1 X126.486 Y99.620 E16.13189
G1 X124.462 Y98.967 E16.23418
G1 X122.883 Y100.748 E16.34865
G1 X122.883 Y103.495 E16.48081
G1 X123.275 Y103.937 E16.50924
G1 X123.275 Y104.725 E16.54711
G1 X117.725 Y104.725 E16.81404
G1 X117.725 Y96.690 E17.20051
G1 X118.245 Y96.690 E17.22553
G1 X118.962 Y97.498 E17.27749
G1 X120.986 Y96.845 E17.37978
G1 X121.838 Y94.343 E17.50687
G1 X120.986 Y91.842 E17.63397
G1 X118.962 Y91.189 E17.73626
G1 X118.245 Y91.997 E17.78822
G1 X117.725 Y91.997 E17.81324
G1 X117.725 Y80.275 E18.37701
G1 X123.275 Y80.275 E18.64394
G1 X123.275 Y81.063 E18.68181
G1 X122.883 Y81.505 E18.71023
G1 X122.883 Y84.253 E18.84240
G1 X124.462 Y86.033 E18.95686
G1 X126.486 Y85.380 E19.05916
G1 X127.338 Y82.879 E19.18625
G1 X126.725 Y81.079 E19.27766
G1 X126.725 Y80.275 E19.31634
G1 X132.275 Y80.275 E19.58328
G1 X132.275 Y91.997 E20.14705
G1 X132.039 Y91.997 E20.15842
G1 X131.986 Y91.842 E20.16629
G1 X130.019 Y91.207 E20.26570
G1 X129.633 Y90.960 F7800.000
G1 X130.953 Y90.394
;TYPE:Internal infill
G1 F4800.000
G1 X131.215 Y90.479 E20.27891
G1 X131.215 Y88.439 E20.37698
G1 X121.752 Y90.975 E20.84813
G1 X120.708 Y90.638 E20.90090
G1 X122.198 Y85.078 E21.17773
G1 X122.905 Y85.875 E21.22896
G1 X118.785 Y86.979 E21.43406
G1 X118.785 Y86.285 E21.46743
G1 X127.323 Y94.823 E22.04811
G1 X127.323 Y94.273 E22.07454
G1 X122.546 Y95.553 E22.31238
G1 X122.283 Y96.327 E22.35170
G1 X123.927 Y97.971 E22.46356
G1 X123.364 Y98.607 E22.50441
G1 X126.621 Y86.451 E23.10971
G1 X125.770 Y86.726 E23.15273
G1 X129.338 Y90.294 E23.39544
G1 X129.628 Y89.966 E23.41647
G1 X130.403 Y90.216 E23.45561
G1 X131.215 Y87.186 E23.60651
G1 X131.215 Y85.626 E23.68153
G1 X128.453 Y82.865 E23.86935
G1 X127.966 Y81.433 E23.94212
G1 X127.991 Y81.336 E23.94695
G1 X131.215 Y81.336 E24.10197
G1 X131.215 Y83.649 E24.21322
G1 X127.893 Y84.539 E24.37864
G1 X127.318 Y86.226 E24.46433
G1 X126.812 Y86.389 E24.48992
G1 E22.48992 F2400.000
G92 E0
G1 X118.785 Y84.502 F7800.000
G1 E2.00000 F2400.000
G1 F4800.000
G1 X118.785 Y82.189 E2.11128
G1 X121.823 Y81.375 E2.26251
G1 X121.823 Y82.778 E2.33001
G1 X120.380 Y81.336 E2.42814
G1 X118.785 Y81.336 E2.50483
G1 X118.785 Y81.996 E2.53657
G1 E0.53657 F2400.000
G92 E0
G1 X118.786 Y103.664 F7800.000
G1 E2.00000 F2400.000
G1 F4800.000
G1 X118.785 Y101.351 E2.11126
G1 X121.823 Y100.537 E2.26248
G1 X121.823 Y102.411 E2.35259
G1 X118.785 Y99.374 E2.55916
G1 X118.785 Y98.669 E2.59306
G1 X120.317 Y98.175 E2.67045
G1 X127.323 Y95.540 F7800.000
G1 F4800.000
G1 X127.323 Y96.120 E2.69832
G1 X128.473 Y97.417 E2.78173
G1 X127.761 Y100.075 E2.91406
G1 X127.409 Y99.041 E2.96660
G1 X129.432 Y98.499 E3.06733
G1 X129.628 Y98.720 E3.08157
G1 X130.832 Y98.332 E3.14239
G1 X131.215 Y98.715 E3.16844
G1 X131.215 Y102.811 E3.36549
G1 X128.031 Y103.664 E3.52398
G1 X127.932 Y103.664 E3.52874
G1 X128.361 Y102.405 E3.59271
G1 X129.620 Y103.664 E3.67835
G1 X131.215 Y103.664 E3.75503
G1 X131.215 Y103.004 E3.78678
;LAYER_CHANGE
;Z:19.82
;HEIGHT:0.299999
G1 Z19.820 F7800.000
G1 X124.219 Y87.222
;TYPE:Perimeter
G1 F3600.000
G1 X127.091 Y86.295 E3.93193
G1 X128.152 Y83.179 E4.09026
G1 X127.528 Y81.346 E4.18336
G1 X131.504 Y81.346 E4.37456
G1 X131.504 Y90.576 E4.81845
G1 X129.719 Y90.000 E4.90865
G1 X127.612 Y92.377 E5.06143
G1 X127.612 Y95.710 E5.22175
G1 X129.719 Y98.087 E5.37453
G1 X131.504 Y97.511 E5.46472
G1 X131.504 Y103.654 E5.76017
G1 X127.528 Y103.654 E5.95137
G1 X128.152 Y101.821 E6.04447
G1 X127.091 Y98.705 E6.20280
G1 X124.219 Y97.778 E6.34796
G1 X122.112 Y100.155 E6.50075
G1 X122.112 Y103.488 E6.66106
G1 X122.259 Y103.654 E6.67171
G1 X118.496 Y103.654 E6.85266
G1 X118.496 Y97.835 E7.13251
G1 X118.719 Y98.087 E7.14867
G1 X121.591 Y97.160 E7.29382
G1 X122.652 Y94.043 E7.45217
G1 X121.591 Y90.927 E7.61051
G1 X118.719 Y90.000 E7.75566
G1 X118.496 Y90.251 E7.77182
G1 X118.496 Y81.346 E8.20011
G1 X122.259 Y81.346 E8.38107
G1 X122.112 Y81.512 E8.39171
G1 X122.112 Y84.845 E8.55203
G1 X124.179 Y87.177 E8.70193
G1 X124.341 Y86.778 F7800.000
G1 F3600.000
G1 X126.789 Y85.987 E8.82565
G1 X127.745 Y83.179 E8.96836
G1 X127.111 Y81.316 E9.06303
G1 X127.111 Y80.961 E9.08009
G1 X131.889 Y80.961 E9.30993
G1 X131.889 Y91.105 E9.79785
G1 X129.841 Y90.444 E9.90140
G1 X127.997 Y92.523 E10.03502
G1 X127.997 Y95.564 E10.18127
G1 X129.841 Y97.642 E10.31489
G1 X131.889 Y96.981 E10.41844
G1 X131.889 Y104.039 E10.75791
G1 X127.111 Y104.039 E10.98776
G1 X127.111 Y103.684 E11.00482
G1 X127.745 Y101.821 E11.09948
G1 X126.789 Y99.013 E11.24219
G1 X124.341 Y98.222 E11.36592
G1 X122.497 Y100.301 E11.49955
G1 X122.497 Y103.342 E11.64578
G1 X122.889 Y103.784 E11.67421
G1 X122.889 Y104.039 E11.68649
G1 X118.111 Y104.039 E11.91633
G1 X118.111 Y96.819 E12.26360
G1 X118.841 Y97.642 E12.31651
G1 X121.289 Y96.852 E12.44023
G1 X122.245 Y94.043 E12.58295
G1 X121.289 Y91.234 E12.72567
G1 X118.841 Y90.444 E12.84939
G1 X118.111 Y91.267 E12.90231
G1 X118.111 Y80.961 E13.39801
G1 X122.889 Y80.961 E13.62786
G1 X122.889 Y81.216 E13.64014
G1 X122.497 Y81.658 E13.66856
G1 X122.497 Y84.699 E13.81480
G1 X124.301 Y86.733 E13.94554
G1 X129.962 Y90.889 F7800.000
;TYPE:External perimeter
G1 F1800.000
G1 X128.383 Y92.669 E14.06001
G1 X128.383 Y95.417 E14.19217
G1 X129.962 Y97.198 E14.30664
G1 X131.986 Y96.545 E14.40893
G1 X132.039 Y96.390 E14.41681
G1 X132.275 Y96.390 E14.42817
G1 X132.275 Y104.425 E14.81464
G1 X126.725 Y104.425 E15.08158
G1 X126.725 Y103.621 E15.12026
G1 X127.338 Y101.821 E15.21168
G1 X126.486 Y99.320 E15.33876
G1 X124.462 Y98.667 E15.44106
G1 X122.883 Y100.448 E15.55553
G1 X122.883 Y103.195 E15.68769
G1 X123.275 Y103.637 E15.71611
G1 X123.275 Y104.425 E15.75398
G1 X117.725 Y104.425 E16.02092
G1 X117.725 Y96.390 E16.40739
G1 X118.245 Y96.390 E16.43241
G1 X118.962 Y97.198 E16.48437
G1 X120.986 Y96.545 E16.58666
G1 X121.838 Y94.043 E16.71375
G1 X120.986 Y91.542 E16.84084
G1 X118.962 Y90.889 E16.94314
G1 X118.245 Y91.697 E16.99510
G1 X117.725 Y91.697 E17.02011
G1 X117.725 Y80.575 E17.55503
G1 X123.275 Y80.575 E17.82196
G1 X123.275 Y81.363 E17.85983
G1 X122.883 Y81.805 E17.88825
G1 X122.883 Y84.553 E18.02042
G1 X124.462 Y86.333 E18.13489
G1 X126.486 Y85.680 E18.23718
G1 X127.338 Y83.179 E18.36427
G1 X126.725 Y81.379 E18.45568
G1 X126.725 Y80.575 E18.49436
G1 X132.275 Y80.575 E18.76130
G1 X132.275 Y91.697 E19.29621
G1 X132.039 Y91.697 E19.30758
G1 X131.986 Y91.542 E19.31546
G1 X130.019 Y90.907 E19.41486
G1 X129.633 Y90.660 F7800.000
G1 X130.668 Y90.002
;TYPE:Internal infill
G1 F4800.000
G1 X131.215 Y90.179 E19.44250
G1 X131.215 Y88.439 E19.52614
G1 X121.900 Y90.935 E19.98996
G1 X121.818 Y90.696 E20.00212
G1 X120.782 Y90.362 E20.05448
G1 X122.136 Y85.309 E20.30608
G1 X122.690 Y85.933 E20.34620
G1 X118.785 Y86.979 E20.54061
G1 X118.785 Y86.285 E20.57397
G1 X127.323 Y94.823 E21.15466
G1 X127.323 Y94.273 E21.18109
G1 X122.434 Y95.583 E21.42452
G1 X122.206 Y96.250 E21.45844
G1 X123.786 Y97.830 E21.56590
G1 X123.479 Y98.177 E21.58817
G1 X126.533 Y86.779 E22.15570
G1 X125.996 Y86.952 E22.18282
G1 X129.197 Y90.153 E22.40051
G1 X129.628 Y89.666 E22.43177
G1 X130.477 Y89.940 E22.47465
G1 X131.215 Y87.186 E22.61179
G1 X131.215 Y85.626 E22.68681
G1 X128.298 Y82.710 E22.88517
G1 X128.458 Y83.179 E22.90899
G1 X128.005 Y84.509 E22.97657
G1 X131.215 Y83.649 E23.13638
G1 X131.215 Y81.636 E23.23321
G1 X130.914 Y81.636 E23.24766
G1 E21.24766 F2400.000
G92 E0
G1 X121.913 Y85.058 F7800.000
G1 E2.00000 F2400.000
G1 F4800.000
G1 X121.823 Y84.955 E2.00659
G1 X121.823 Y82.778 E2.11128
G1 X120.680 Y81.636 E2.18901
G1 X120.849 Y81.636 E2.19713
G1 X118.785 Y82.189 E2.29987
G1 X118.785 Y84.502 E2.41115
G1 X127.885 Y100.139 F7800.000
G1 F4800.000
G1 X128.458 Y101.821 E2.49663
G1 X128.285 Y102.329 E2.52243
G1 X129.320 Y103.364 E2.59284
G1 X129.151 Y103.364 E2.60098
G1 X131.215 Y102.811 E2.70372
G1 X131.215 Y100.498 E2.81500
G1 X131.139 Y97.932 F7800.000
G1 F4800.000
G1 X130.605 Y98.105 E2.84198
G1 X131.215 Y98.715 E2.88346
G1 X131.215 Y98.021 E2.91683
G1 X127.502 Y99.015 E3.10166
G1 X127.806 Y99.907 E3.14695
G1 X128.535 Y97.187 E3.28239
G1 X127.323 Y95.820 E3.37028
G1 X127.323 Y95.333 E3.39368
G1 X120.031 Y97.967 F7800.000
G1 F4800.000
G1 X118.785 Y98.369 E3.45664
G1 X118.785 Y99.374 E3.50496
G1 X121.823 Y102.411 E3.71153
G1 X121.823 Y100.537 E3.80164
G1 X118.785 Y101.351 E3.95287
G1 X118.785 Y103.364 E4.04969
G1 X119.086 Y103.364 E4.06415
;LAYER_CHANGE
;Z:20.12
;HEIGHT:0.300001
G1 Z20.120 F7800.000
G1 X124.219 Y87.522
;TYPE:Perimeter
G1 F3600.000
G1 X127.091 Y86.595 E4.20930
G1 X128.152 Y83.479 E4.36764
G1 X127.528 Y81.646 E4.46073
G1 X131.504 Y81.646 E4.65193
G1 X131.504 Y90.276 E5.06697
G1 X129.719 Y89.700 E5.15716
G1 X127.612 Y92.077 E5.30994
G1 X127.612 Y95.410 E5.47026
G1 X129.719 Y97.787 E5.62304
G1 X131.504 Y97.211 E5.71323
G1 X131.504 Y103.354 E6.00869
G1 X127.528 Y103.354 E6.19989
G1 X128.152 Y101.521 E6.29298
G1 X127.091 Y98.405 E6.45132
G1 X124.219 Y97.478 E6.59647
G1 X122.112 Y99.855 E6.74926
G1 X122.112 Y103.188 E6.90957
G1 X122.259 Y103.354 E6.92022
G1 X118.496 Y103.354 E7.10118
G1 X118.496 Y97.535 E7.38102
G1 X118.719 Y97.787 E7.39719
G1 X121.591 Y96.860 E7.54234
G1 X122.652 Y93.743 E7.70068
G1 X121.591 Y90.627 E7.85902
G1 X118.719 Y89.700 E8.00417
G1 X118.496 Y89.951 E8.02034
G1 X118.496 Y81.646 E8.41977
G1 X122.259 Y81.646 E8.60072
G1 X122.112 Y81.812 E8.61137
G1 X122.112 Y85.145 E8.77168
G1 X124.179 Y87.477 E8.92158
G1 X124.341 Y87.078 F7800.000
G1 F3600.000
G1 X126.789 Y86.287 E9.04531
G1 X127.745 Y83.479 E9.18802
G1 X127.111 Y81.616 E9.28268
G1 X127.111 Y81.261 E9.29974
G1 X131.889 Y81.261 E9.52958
G1 X131.889 Y90.805 E9.98865
G1 X129.841 Y90.144 E10.09220
G1 X127.997 Y92.223 E10.22582
G1 X127.997 Y95.264 E10.37206
G1 X129.841 Y97.342 E10.50568
G1 X131.889 Y96.681 E10.60923
G1 X131.889 Y103.739 E10.94871
G1 X127.111 Y103.739 E11.17855
G1 X127.111 Y103.384 E11.19562
G1 X127.745 Y101.521 E11.29028
G1 X126.789 Y98.713 E11.43299
G1 X124.341 Y97.922 E11.55671
G1 X122.497 Y100.001 E11.69034
G1 X122.497 Y103.042 E11.83658
G1 X122.889 Y103.484 E11.86500
G1 X122.889 Y103.739 E11.87729
G1 X118.111 Y103.739 E12.10713
G1 X118.111 Y96.519 E12.45439
G1 X118.841 Y97.342 E12.50731
G1 X121.289 Y96.552 E12.63103
G1 X122.245 Y93.743 E12.77375
G1 X121.289 Y90.934 E12.91647
G1 X118.841 Y90.144 E13.04019
G1 X118.111 Y90.967 E13.09310
G1 X118.111 Y81.261 E13.55995
G1 X122.889 Y81.261 E13.78979
G1 X122.889 Y81.516 E13.80208
G1 X122.497 Y81.958 E13.83050
G1 X122.497 Y84.999 E13.97674
G1 X124.301 Y87.033 E14.10748
G1 X129.962 Y90.589 F7800.000
;TYPE:External perimeter
G1 F1800.000
G1 X128.383 Y92.369 E14.22194
G1 X128.383 Y95.117 E14.35411
G1 X129.962 Y96.898 E14.46858
G1 X131.986 Y96.245 E14.57087
G1 X132.039 Y96.090 E14.57875
G1 X132.275 Y96.090 E14.59011
G1 X132.275 Y104.125 E14.97658
G1 X126.725 Y104.125 E15.24352
G1 X126.725 Y103.321 E15.28220
G1 X127.338 Y101.521 E15.37362
G1 X126.486 Y99.020 E15.50070
G1 X124.462 Y98.367 E15.60300
G1 X122.883 Y100.148 E15.71747
G1 X122.883 Y102.895 E15.84963
G1 X123.275 Y103.337 E15.87805
G1 X123.275 Y104.125 E15.91592
G1 X117.725 Y104.125 E16.18286
G1 X117.725 Y96.090 E16.56933
G1 X118.245 Y96.090 E16.59434
G1 X118.962 Y96.898 E16.64630
G1 X120.986 Y96.245 E16.74860
G1 X121.838 Y93.743 E16.87569
G1 X120.986 Y91.242 E17.00278
G1 X118.962 Y90.589 E17.10507
G1 X118.245 Y91.397 E17.15703
G1 X117.725 Y91.397 E17.18205
G1 X117.725 Y80.875 E17.68811
G1 X123.275 Y80.875 E17.95504
G1 X123.275 Y81.663 E17.99291
G1 X122.883 Y82.105 E18.02133
G1 X122.883 Y84.853 E18.15350
G1 X124.462 Y86.633 E18.26796
G1 X126.486 Y85.980 E18.37026
G1 X127.338 Y83.479 E18.49735
G1 X126.725 Y81.679 E18.58876
G1 X126.725 Y80.875 E18.62744
G1 X132.275 Y80.875 E18.89438
G1 X132.275 Y91.397 E19.40043
G1 X132.039 Y91.397 E19.41180
G1 X131.986 Y91.242 E19.41968
G1 X130.019 Y90.607 E19.51908
G1 X129.633 Y90.360 F7800.000
G1 X130.734 Y89.723
;TYPE:Internal infill
G1 F4800.000
G1 X131.215 Y89.879 E19.54337
G1 X131.215 Y88.439 E19.61258
G1 X121.993 Y90.910 E20.07174
G1 X121.818 Y90.396 E20.09787
G1 X120.856 Y90.086 E20.14648
G1 X122.074 Y85.539 E20.37286
G1 X122.475 Y85.991 E20.40188
G1 X118.785 Y86.979 E20.58558
G1 X118.785 Y86.285 E20.61895
G1 X127.323 Y94.823 E21.19963
G1 X127.323 Y94.273 E21.22606
G1 X122.321 Y95.613 E21.47510
G1 X122.130 Y96.174 E21.50361
G1 X123.645 Y97.689 E21.60666
G1 X123.594 Y97.747 E21.61036
G1 X126.445 Y87.108 E22.14014
G1 X126.223 Y87.179 E22.15134
G1 X129.056 Y90.012 E22.34402
G1 X129.628 Y89.366 E22.38550
G1 X130.551 Y89.664 E22.43211
G1 X131.215 Y87.186 E22.55551
G1 X131.215 Y85.626 E22.63053
G1 X128.143 Y82.555 E22.83943
G1 X128.458 Y83.479 E22.88635
G1 X128.117 Y84.479 E22.93716
G1 X131.215 Y83.649 E23.09138
G1 X131.215 Y81.936 E23.17378
G1 X130.614 Y81.936 E23.20266
G1 E21.20266 F2400.000
G92 E0
G1 X121.823 Y85.092 F7800.000
G1 E2.00000 F2400.000
G1 F4800.000
G1 X121.823 Y82.778 E2.11128
G1 X120.980 Y81.936 E2.16860
G1 X119.729 Y81.936 E2.22875
G1 X118.785 Y82.189 E2.27574
G1 X118.785 Y84.502 E2.38702
G1 E0.38702 F2400.000
G92 E0
G1 X119.386 Y103.064 F7800.000
G1 E2.00000 F2400.000
G1 F4800.000
G1 X118.785 Y103.064 E2.02888
G1 X118.785 Y101.351 E2.11128
G1 X121.823 Y100.537 E2.26251
G1 X121.823 Y102.411 E2.35261
G1 X118.785 Y99.374 E2.55919
G1 X118.785 Y98.069 E2.62194
G1 X119.746 Y97.759 E2.67047
G1 X127.323 Y95.126 F7800.000
G1 F4800.000
G1 X127.323 Y95.520 E2.68939
G1 X128.597 Y96.956 E2.78175
G1 X127.851 Y99.739 E2.92030
G1 X127.596 Y98.990 E2.95834
G1 X131.215 Y98.021 E3.13852
G1 X131.215 Y98.715 E3.17188
G1 X130.378 Y97.878 E3.22879
G1 X129.628 Y98.120 E3.26668
G1 X128.724 Y97.101 E3.33219
G1 X127.961 Y100.063 F7800.000
G1 F4800.000
G1 X128.458 Y101.521 E3.40630
G1 X128.209 Y102.253 E3.44348
G1 X129.020 Y103.064 E3.49867
G1 X130.271 Y103.064 E3.55882
G1 X131.215 Y102.811 E3.60581
G1 X131.215 Y100.498 E3.71709
;LAYER_CHANGE
;Z:20.42
;HEIGHT:0.299999
G1 Z20.420 F7800.000
G1 X124.219 Y87.822
;TYPE:Perimeter
G1 F3600.000
G1 X127.091 Y86.895 E3.86224
G1 X128.152 Y83.779 E4.02058
G1 X127.528 Y81.946 E4.11367
G1 X131.504 Y81.946 E4.30487
G1 X131.504 Y89.976 E4.69105
G1 X129.719 Y89.400 E4.78124
G1 X127.612 Y91.777 E4.93402
G1 X127.612 Y95.110 E5.09435
G1 X129.719 Y97.487 E5.24712
G1 X131.504 Y96.911 E5.33732
G1 X131.504 Y103.054 E5.63277
G1 X127.528 Y103.054 E5.82397
G1 X128.152 Y101.221 E5.91707
G1 X127.091 Y98.105 E6.07540
G1 X124.219 Y97.178 E6.22055
G1 X122.112 Y99.555 E6.37334
G1 X122.112 Y102.888 E6.53366
G1 X122.259 Y103.054 E6.54430
G1 X118.496 Y103.054 E6.72526
G1 X118.496 Y97.235 E7.00511
G1 X118.719 Y97.487 E7.02127
G1 X121.591 Y96.560 E7.16642
G1 X122.652 Y93.443 E7.32476
G1 X121.591 Y90.327 E7.48311
G1 X118.719 Y89.400 E7.62826
G1 X118.496 Y89.651 E7.64442
G1 X118.496 Y81.946 E8.01500
G1 X122.259 Y81.946 E8.19595
G1 X122.112 Y82.112 E8.20660
G1 X122.112 Y85.445 E8.36691
G1 X124.179 Y87.777 E8.51681
G1 X124.341 Y87.378 F7800.000
G1 F3600.000
G1 X126.789 Y86.587 E8.64054
G1 X127.745 Y83.779 E8.78325
G1 X127.111 Y81.916 E8.87791
G1 X127.111 Y81.561 E8.89497
G1 X131.889 Y81.561 E9.12481
G1 X131.889 Y90.505 E9.55502
G1 X129.841 Y89.844 E9.65857
G1 X127.997 Y91.923 E9.79219
G1 X127.997 Y94.964 E9.93843
G1 X129.841 Y97.042 E10.07206
G1 X131.889 Y96.381 E10.17560
G1 X131.889 Y103.439 E10.51508
G1 X127.111 Y103.439 E10.74492
G1 X127.111 Y103.084 E10.76199
G1 X127.745 Y101.221 E10.85665
G1 X126.789 Y98.413 E10.99936
G1 X124.341 Y97.622 E11.12309
G1 X122.497 Y99.701 E11.25672
G1 X122.497 Y102.742 E11.40295
G1 X122.889 Y103.184 E11.43137
G1 X122.889 Y103.439 E11.44366
G1 X118.111 Y103.439 E11.67350
G1 X118.111 Y96.219 E12.02076
G1 X118.841 Y97.042 E12.07368
G1 X121.289 Y96.252 E12.19740
G1 X122.245 Y93.443 E12.34012
G1 X121.289 Y90.634 E12.48284
G1 X118.841 Y89.844 E12.60656
G1 X118.111 Y90.667 E12.65947
G1 X118.111 Y81.561 E13.09747
G1 X122.889 Y81.561 E13.32731
G1 X122.889 Y81.816 E13.33959
G1 X122.497 Y82.258 E13.36801
G1 X122.497 Y85.299 E13.51425
G1 X124.301 Y87.333 E13.64499
G1 X129.962 Y90.289 F7800.000
;TYPE:External perimeter
G1 F1800.000
G1 X128.383 Y92.069 E13.75946
G1 X128.383 Y94.817 E13.89163
G1 X129.962 Y96.598 E14.00609
G1 X131.986 Y95.945 E14.10838
G1 X132.039 Y95.790 E14.11626
G1 X132.275 Y95.790 E14.12763
G1 X132.275 Y103.825 E14.51409
G1 X126.725 Y103.825 E14.78103
G1 X126.725 Y103.021 E14.81971
G1 X127.338 Y101.221 E14.91113
G1 X126.486 Y98.720 E15.03822
G1 X124.462 Y98.067 E15.14051
G1 X122.883 Y99.848 E15.25498
G1 X122.883 Y102.595 E15.38714
G1 X123.275 Y103.037 E15.41557
G1 X123.275 Y103.825 E15.45344
G1 X117.725 Y103.825 E15.72037
G1 X117.725 Y95.790 E16.10684
G1 X118.245 Y95.790 E16.13186
G1 X118.962 Y96.598 E16.18382
G1 X120.986 Y95.945 E16.28611
G1 X121.838 Y93.443 E16.41320
G1 X120.986 Y90.942 E16.54030
G1 X118.962 Y90.289 E16.64259
G1 X118.245 Y91.097 E16.69455
G1 X117.725 Y91.097 E16.71957
G1 X117.725 Y81.175 E17.19676
G1 X123.275 Y81.175 E17.46370
G1 X123.275 Y81.963 E17.50157
G1 X122.883 Y82.405 E17.52999
G1 X122.883 Y85.153 E17.66215
G1 X124.462 Y86.933 E17.77662
G1 X126.486 Y86.280 E17.87892
G1 X127.338 Y83.779 E18.00600
G1 X126.725 Y81.979 E18.09742
G1 X126.725 Y81.175 E18.13610
G1 X132.275 Y81.175 E18.40304
G1 X132.275 Y91.097 E18.88023
G1 X132.039 Y91.097 E18.89160
G1 X131.986 Y90.942 E18.89948
G1 X130.019 Y90.307 E18.99888
G1 X129.633 Y90.060 F7800.000
G1 E16.99888 F2400.000
G92 E0
G1 X127.380 Y91.602 F7800.000
G1 E2.00000 F2400.000
;TYPE:Internal infill
G1 F4800.000
G1 X128.915 Y89.871 E2.11128
G1 X126.450 Y87.406 E2.27894
G1 X126.357 Y87.436 E2.28365
G1 X123.709 Y97.317 E2.77566
G1 X123.504 Y97.548 E2.79053
G1 X122.054 Y96.098 E2.88918
G1 X122.209 Y95.643 E2.91229
G1 X127.323 Y94.273 E3.16692
G1 X127.323 Y94.823 E3.19335
G1 X118.785 Y86.285 E3.77403
G1 X118.785 Y86.979 E3.80740
G1 X122.260 Y86.048 E3.98040
G1 X122.013 Y85.770 E3.99831
G1 X120.930 Y89.809 E4.19947
G1 X121.818 Y90.096 E4.24435
G1 X122.087 Y90.885 E4.28444
G1 X131.215 Y88.439 E4.73894
G1 X131.215 Y89.579 E4.79372
G1 X130.625 Y89.388 E4.82354
G1 X131.215 Y87.186 E4.93319
G1 X131.215 Y85.626 E5.00821
G1 X127.989 Y82.400 E5.22764
G1 X128.458 Y83.779 E5.29768
G1 X128.230 Y84.449 E5.33172
G1 X131.215 Y83.649 E5.48034
G1 X131.215 Y82.236 E5.54831
G1 X130.314 Y82.236 E5.59162
G1 E3.59162 F2400.000
G92 E0
G1 X121.823 Y85.092 F7800.000
G1 E2.00000 F2400.000
G1 F4800.000
G1 X121.823 Y82.778 E2.11128
G1 X121.280 Y82.236 E2.14819
G1 X118.966 Y82.236 E2.25948
G1 E0.25948 F2400.000
G92 E0
G1 X119.686 Y102.764 F7800.000
G1 E2.00000 F2400.000
G1 F4800.000
G1 X118.785 Y102.764 E2.04331
G1 X118.785 Y101.351 E2.11128
G1 X121.823 Y100.537 E2.26251
G1 X121.823 Y102.411 E2.35261
G1 X118.785 Y99.374 E2.55919
G1 X118.785 Y97.814 E2.63421
G1 X118.799 Y97.765 E2.63666
G1 X121.000 Y97.054 E2.74794
G1 X127.323 Y95.015 F7800.000
G1 F4800.000
G1 X127.323 Y95.220 E2.75776
G1 X128.658 Y96.726 E2.85460
G1 X127.896 Y99.571 E2.99626
G1 X127.690 Y98.965 E3.02704
G1 X131.215 Y98.021 E3.20255
G1 X131.215 Y98.715 E3.23592
G1 X130.151 Y97.651 E3.30825
G1 X129.628 Y97.820 E3.33468
G1 X128.786 Y96.870 E3.39572
G1 X128.037 Y99.987 F7800.000
G1 F4800.000
G1 X128.458 Y101.221 E3.45846
G1 X128.133 Y102.177 E3.50700
G1 X128.720 Y102.764 E3.54697
G1 X131.034 Y102.764 E3.65825
;LAYER_CHANGE
;Z:20.72
;HEIGHT:0.299999
G1 Z20.720 F7800.000
G1 X124.219 Y88.122
;TYPE:Perimeter
G1 F3600.000
G1 X127.091 Y87.195 E3.80341
G1 X128.152 Y84.079 E3.96174
G1 X127.528 Y82.246 E4.05484
G1 X131.504 Y82.246 E4.24603
G1 X131.504 Y89.676 E4.60336
G1 X129.719 Y89.100 E4.69355
G1 X127.612 Y91.477 E4.84633
G1 X127.612 Y94.810 E5.00665
G1 X129.719 Y97.187 E5.15943
G1 X131.504 Y96.611 E5.24962
G1 X131.504 Y102.754 E5.54508
G1 X127.528 Y102.754 E5.73628
G1 X128.152 Y100.921 E5.82937
G1 X127.091 Y97.805 E5.98771
G1 X124.219 Y96.878 E6.13286
G1 X122.112 Y99.255 E6.28565
G1 X122.112 Y102.588 E6.44596
G1 X122.259 Y102.754 E6.45661
G1 X118.496 Y102.754 E6.63757
G1 X118.496 Y96.935 E6.91741
G1 X118.719 Y97.187 E6.93358
G1 X121.591 Y96.260 E7.07873
G1 X122.652 Y93.143 E7.23707
G1 X121.591 Y90.027 E7.39541
G1 X118.719 Y89.100 E7.54056
G1 X118.496 Y89.351 E7.55673
G1 X118.496 Y82.246 E7.89844
G1 X122.259 Y82.246 E8.07940
G1 X122.112 Y82.412 E8.09005
G1 X122.112 Y85.745 E8.25036
G1 X124.179 Y88.077 E8.40026
G1 X124.341 Y87.678 F7800.000
G1 F3600.000
G1 X126.789 Y86.887 E8.52399
G1 X127.745 Y84.079 E8.66670
G1 X127.111 Y82.216 E8.76136
G1 X127.111 Y81.861 E8.77842
G1 X131.889 Y81.861 E9.00826
G1 X131.889 Y90.205 E9.40961
G1 X129.841 Y89.544 E9.51316
G1 X127.997 Y91.623 E9.64678
G1 X127.997 Y94.664 E9.79303
G1 X129.841 Y96.742 E9.92665
G1 X131.889 Y96.081 E10.03020
G1 X131.889 Y103.139 E10.36967
G1 X127.111 Y103.139 E10.59951
G1 X127.111 Y102.784 E10.61658
G1 X127.745 Y100.921 E10.71124
G1 X126.789 Y98.113 E10.85395
G1 X124.341 Y97.322 E10.97768
G1 X122.497 Y99.401 E11.11131
G1 X122.497 Y102.442 E11.25754
G1 X122.889 Y102.884 E11.28597
G1 X122.889 Y103.139 E11.29825
G1 X118.111 Y103.139 E11.52809
G1 X118.111 Y95.919 E11.87536
G1 X118.841 Y96.742 E11.92827
G1 X121.289 Y95.952 E12.05199
G1 X122.245 Y93.143 E12.19471
G1 X121.289 Y90.334 E12.33743
G1 X118.841 Y89.544 E12.46115
G1 X118.111 Y90.367 E12.51407
G1 X118.111 Y81.861 E12.92320
G1 X122.889 Y81.861 E13.15304
G1 X122.889 Y82.116 E13.16532
G1 X122.497 Y82.558 E13.19375
G1 X122.497 Y85.599 E13.33999
G1 X124.301 Y87.633 E13.47073
G1 X129.962 Y89.989 F7800.000
;TYPE:External perimeter
G1 F1800.000
G1 X128.383 Y91.769 E13.58519
G1 X128.383 Y94.517 E13.71736
G1 X129.962 Y96.298 E13.83182
G1 X131.986 Y95.645 E13.93412
G1 X132.039 Y95.490 E13.94199
G1 X132.275 Y95.490 E13.95336
G1 X132.275 Y103.525 E14.33983
G1 X126.725 Y103.525 E14.60676
G1 X126.725 Y102.721 E14.64545
G1 X127.338 Y100.921 E14.73686
G1 X126.486 Y98.420 E14.86395
G1 X124.462 Y97.767 E14.96625
G1 X122.883 Y99.548 E15.08072
G1 X122.883 Y102.295 E15.21288
G1 X123.275 Y102.737 E15.24130
G1 X123.275 Y103.525 E15.27917
G1 X117.725 Y103.525 E15.54611
G1 X117.725 Y95.490 E15.93257
G1 X118.245 Y95.490 E15.95759
G1 X118.962 Y96.298 E16.00955
G1 X120.986 Y95.645 E16.11184
G1 X121.838 Y93.143 E16.23894
G1 X120.986 Y90.642 E16.36603
G1 X118.962 Y89.989 E16.46832
G1 X118.245 Y90.797 E16.52028
G1 X117.725 Y90.797 E16.54530
G1 X117.725 Y81.475 E16.99364
G1 X123.275 Y81.475 E17.26057
G1 X123.275 Y82.263 E17.29844
G1 X122.883 Y82.705 E17.32686
G1 X122.883 Y85.453 E17.45903
G1 X124.462 Y87.233 E17.57350
G1 X126.486 Y86.580 E17.67579
G1 X127.338 Y84.079 E17.80288
G1 X126.725 Y82.279 E17.89430
G1 X126.725 Y81.475 E17.93298
G1 X132.275 Y81.475 E18.19991
G1 X132.275 Y90.797 E18.64825
G1 X132.039 Y90.797 E18.65962
G1 X131.986 Y90.642 E18.66749
G1 X130.019 Y90.007 E18.76690
G1 X129.633 Y89.760 F7800.000
G1 E16.76690 F2400.000
G92 E0
G1 X127.323 Y91.493 F7800.000
G1 E2.00000 F2400.000
;TYPE:Internal infill
G1 F4800.000
G1 X127.323 Y91.367 E2.00606
G1 X128.774 Y89.730 E2.11128
G1 X126.677 Y87.633 E2.25393
G1 X126.269 Y87.764 E2.27455
G1 X123.824 Y96.887 E2.72880
G1 X123.363 Y97.407 E2.76224
G1 X121.978 Y96.022 E2.85648
G1 X122.096 Y95.673 E2.87419
G1 X127.323 Y94.273 E3.13441
G1 X127.323 Y94.823 E3.16085
G1 X118.785 Y86.285 E3.74153
G1 X118.785 Y86.979 E3.77489
G1 X122.045 Y86.106 E3.93719
G1 X121.951 Y86.000 E3.94400
G1 X121.004 Y89.533 E4.11994
G1 X121.818 Y89.796 E4.16108
G1 X122.181 Y90.860 E4.21514
G1 X129.514 Y88.895 E4.58030
G1 X129.628 Y88.766 E4.58857
G1 X129.794 Y88.820 E4.59696
G1 X131.215 Y88.439 E4.66769
G1 X131.215 Y89.279 E4.70804
G1 X130.698 Y89.112 E4.73412
G1 X131.215 Y87.186 E4.83002
G1 X131.215 Y85.626 E4.90504
G1 X128.124 Y82.536 E5.11526
G1 X127.933 Y82.536 E5.12447
G1 X128.458 Y84.079 E5.20287
G1 X128.342 Y84.418 E5.22013
G1 X131.215 Y83.649 E5.36315
G1 X131.215 Y82.536 E5.41669
G1 X130.014 Y82.536 E5.47443
G1 E3.47443 F2400.000
G92 E0
G1 X121.823 Y85.092 F7800.000
G1 E2.00000 F2400.000
G1 F4800.000
G1 X121.823 Y82.778 E2.11128
G1 X121.580 Y82.536 E2.12779
G1 X119.266 Y82.536 E2.23907
G1 E0.23907 F2400.000
G92 E0
G1 X119.986 Y102.464 F7800.000
G1 E2.00000 F2400.000
G1 F4800.000
G1 X118.785 Y102.464 E2.05774
G1 X118.785 Y101.351 E2.11128
G1 X121.823 Y100.537 E2.26251
G1 X121.823 Y102.411 E2.35261
G1 X118.785 Y99.374 E2.55919
G1 X118.785 Y97.814 E2.63421
G1 X118.887 Y97.437 E2.65301
G1 X121.088 Y96.726 E2.76429
G1 X127.386 Y94.991 F7800.000
G1 F4800.000
G1 X128.720 Y96.496 E2.86100
G1 X127.941 Y99.403 E3.00577
G1 X127.783 Y98.940 E3.02929
G1 X131.215 Y98.021 E3.20015
G1 X131.215 Y98.715 E3.23351
G1 X129.924 Y97.424 E3.32127
G1 X131.215 Y97.008 E3.38648
G1 X131.215 Y97.828 E3.42592
G1 X128.114 Y99.910 F7800.000
G1 F4800.000
G1 X128.458 Y100.921 E3.47729
G1 X128.056 Y102.101 E3.53721
G1 X128.420 Y102.464 E3.56195
G1 X130.734 Y102.464 E3.67324
M106 S242.25
;LAYER_CHANGE
;Z:21.02
;HEIGHT:0.300001
G1 Z21.020 F7800.000
G1 X124.219 Y88.422
;TYPE:Perimeter
G1 F3600.000
G1 X127.091 Y87.495 E3.81839
G1 X128.152 Y84.379 E3.97672
G1 X127.528 Y82.546 E4.06982
G1 X131.504 Y82.546 E4.26101
G1 X131.504 Y89.376 E4.58948
G1 X129.719 Y88.800 E4.67967
G1 X127.612 Y91.177 E4.83245
G1 X127.612 Y94.510 E4.99277
G1 X129.719 Y96.887 E5.14555
G1 X131.504 Y96.311 E5.23575
G1 X131.504 Y102.454 E5.53120
G1 X127.528 Y102.454 E5.72240
G1 X128.152 Y100.621 E5.81549
G1 X127.091 Y97.505 E5.97383
G1 X124.219 Y96.578 E6.11898
G1 X122.112 Y98.955 E6.27177
G1 X122.112 Y102.288 E6.43208
G1 X122.259 Y102.454 E6.44273
G1 X118.496 Y102.454 E6.62369
G1 X118.496 Y96.635 E6.90354
G1 X118.719 Y96.887 E6.91970
G1 X121.591 Y95.960 E7.06485
G1 X122.652 Y92.843 E7.22319
G1 X121.591 Y89.727 E7.38154
G1 X118.719 Y88.800 E7.52669
G1 X118.496 Y89.051 E7.54285
G1 X118.496 Y82.546 E7.85571
G1 X122.259 Y82.546 E8.03666
G1 X122.112 Y82.712 E8.04731
G1 X122.112 Y86.045 E8.20762
G1 X124.179 Y88.377 E8.35752
G1 X124.341 Y87.978 F7800.000
G1 F3600.000
G1 X126.789 Y87.187 E8.48125
G1 X127.745 Y84.379 E8.62396
G1 X127.111 Y82.516 E8.71862
G1 X127.111 Y82.161 E8.73568
G1 X131.889 Y82.161 E8.96553
G1 X131.889 Y89.905 E9.33802
G1 X129.841 Y89.244 E9.44156
G1 X127.997 Y91.323 E9.57519
G1 X127.997 Y94.364 E9.72143
G1 X129.841 Y96.442 E9.85505
G1 X131.889 Y95.781 E9.95860
G1 X131.889 Y102.839 E10.29808
G1 X127.111 Y102.839 E10.52792
G1 X127.111 Y102.484 E10.54498
G1 X127.745 Y100.621 E10.63965
G1 X126.789 Y97.813 E10.78236
G1 X124.341 Y97.022 E10.90608
G1 X122.497 Y99.101 E11.03971
G1 X122.497 Y102.142 E11.18595
G1 X122.889 Y102.584 E11.21437
G1 X122.889 Y102.839 E11.22666
G1 X118.111 Y102.839 E11.45650
G1 X118.111 Y95.619 E11.80376
G1 X118.841 Y96.442 E11.85668
G1 X121.289 Y95.652 E11.98040
G1 X122.245 Y92.843 E12.12311
G1 X121.289 Y90.034 E12.26583
G1 X118.841 Y89.244 E12.38955
G1 X118.111 Y90.067 E12.44247
G1 X118.111 Y82.161 E12.82275
G1 X122.889 Y82.161 E13.05259
G1 X122.889 Y82.416 E13.06487
G1 X122.497 Y82.858 E13.09329
G1 X122.497 Y85.899 E13.23953
G1 X124.301 Y87.933 E13.37027
G1 X129.962 Y89.689 F7800.000
;TYPE:External perimeter
G1 F1800.000
G1 X128.383 Y91.469 E13.48474
G1 X128.383 Y94.217 E13.61691
G1 X129.962 Y95.998 E13.73137
G1 X131.986 Y95.345 E13.83366
G1 X132.039 Y95.190 E13.84154
G1 X132.275 Y95.190 E13.85291
G1 X132.275 Y103.225 E14.23937
G1 X126.725 Y103.225 E14.50631
G1 X126.725 Y102.421 E14.54499
G1 X127.338 Y100.621 E14.63641
G1 X126.486 Y98.120 E14.76350
G1 X124.462 Y97.467 E14.86579
G1 X122.883 Y99.248 E14.98026
G1 X122.883 Y101.995 E15.11242
G1 X123.275 Y102.437 E15.14085
G1 X123.275 Y103.225 E15.17872
G1 X117.725 Y103.225 E15.44565
G1 X117.725 Y95.190 E15.83212
G1 X118.245 Y95.190 E15.85714
G1 X118.962 Y95.998 E15.90910
G1 X120.986 Y95.345 E16.01139
G1 X121.838 Y92.843 E16.13848
G1 X120.986 Y90.342 E16.26558
G1 X118.962 Y89.689 E16.36787
G1 X118.245 Y90.497 E16.41983
G1 X117.725 Y90.497 E16.44485
G1 X117.725 Y81.775 E16.86433
G1 X123.275 Y81.775 E17.13126
G1 X123.275 Y82.563 E17.16913
G1 X122.883 Y83.005 E17.19755
G1 X122.883 Y85.753 E17.32972
G1 X124.462 Y87.533 E17.44418
G1 X126.486 Y86.880 E17.54648
G1 X127.338 Y84.379 E17.67357
G1 X126.725 Y82.579 E17.76498
G1 X126.725 Y81.775 E17.80366
G1 X132.275 Y81.775 E18.07060
G1 X132.275 Y90.497 E18.49008
G1 X132.039 Y90.497 E18.50145
G1 X131.986 Y90.342 E18.50932
G1 X130.019 Y89.707 E18.60873
G1 X129.633 Y89.460 F7800.000
G1 X130.956 Y88.895
;TYPE:Internal infill
G1 F4800.000
G1 X131.215 Y88.979 E18.62180
G1 X131.215 Y88.439 E18.64772
G1 X130.302 Y88.684 E18.69316
G1 X130.772 Y88.836 E18.71694
G1 X131.215 Y87.186 E18.79908
G1 X131.215 Y85.626 E18.87411
G1 X128.424 Y82.836 E19.06392
G1 X127.933 Y82.836 E19.08756
G1 X128.455 Y84.388 E19.16634
G1 X131.215 Y83.649 E19.30377
G1 X131.215 Y82.836 E19.34288
G1 X129.714 Y82.836 E19.41505
G1 E17.41505 F2400.000
G92 E0
G1 X130.434 Y102.164 F7800.000
G1 E2.00000 F2400.000
G1 F4800.000
G1 X128.120 Y102.164 E2.11128
G1 X127.980 Y102.024 E2.12081
G1 X128.458 Y100.621 E2.19209
G1 X128.190 Y99.834 E2.23209
G1 X131.215 Y97.428 F7800.000
G1 F4800.000
G1 X131.215 Y96.708 E2.26670
G1 X129.698 Y97.198 E2.34337
G1 X131.215 Y98.715 E2.44656
G1 X131.215 Y98.021 E2.47992
G1 X127.877 Y98.915 E2.64611
G1 X127.986 Y99.235 E2.66238
G1 X128.782 Y96.265 E2.81027
G1 X128.910 Y96.410 E2.81958
G1 X118.785 Y86.285 E3.50826
G1 X118.785 Y86.979 E3.54162
G1 X121.830 Y86.163 E3.69322
G1 X121.889 Y86.230 E3.69752
G1 X121.078 Y89.257 E3.84824
G1 X118.876 Y88.547 E3.95952
G1 X127.323 Y91.959 F7800.000
G1 F4800.000
G1 X127.323 Y94.273 E4.07081
G1 X121.984 Y95.703 E4.33663
G1 X121.901 Y95.946 E4.34894
G1 X123.222 Y97.266 E4.43877
G1 X123.940 Y96.457 E4.49079
G1 X126.181 Y88.093 E4.90728
G1 X126.904 Y87.859 E4.94380
G1 X128.633 Y89.589 E5.06143
G1 X129.165 Y88.989 E5.10002
G1 X122.274 Y90.835 E5.44315
G1 X122.958 Y92.843 E5.54518
G1 X122.896 Y93.025 E5.55443
G1 X121.176 Y96.397 F7800.000
G1 F4800.000
G1 X118.975 Y97.108 E5.66571
G1 X118.785 Y97.814 E5.70086
G1 X118.785 Y99.374 E5.77588
G1 X121.576 Y102.164 E5.96569
G1 X121.823 Y102.164 E5.97755
G1 X121.823 Y100.537 E6.05580
G1 X118.785 Y101.351 E6.20702
G1 X118.785 Y102.164 E6.24614
G1 X120.286 Y102.164 E6.31831
;LAYER_CHANGE
;Z:21.32
;HEIGHT:0.299999
G1 Z21.320 F7800.000
G1 X124.219 Y88.722
;TYPE:Perimeter
G1 F3600.000
G1 X127.091 Y87.795 E6.46346
G1 X128.152 Y84.679 E6.62179
G1 X127.528 Y82.846 E6.71489
G1 X131.504 Y82.846 E6.90608
G1 X131.504 Y89.076 E7.20569
G1 X129.719 Y88.500 E7.29589
G1 X127.612 Y90.877 E7.44867
G1 X127.612 Y94.210 E7.60899
G1 X129.719 Y96.587 E7.76177
G1 X131.504 Y96.011 E7.85196
G1 X131.504 Y102.154 E8.14741
G1 X127.528 Y102.154 E8.33861
G1 X128.152 Y100.321 E8.43171
G1 X127.091 Y97.205 E8.59004
G1 X124.219 Y96.278 E8.73520
G1 X122.112 Y98.655 E8.88799
G1 X122.112 Y101.988 E9.04830
G1 X122.259 Y102.154 E9.05895
G1 X118.496 Y102.154 E9.23990
G1 X118.496 Y96.335 E9.51975
G1 X118.719 Y96.587 E9.53591
G1 X121.591 Y95.660 E9.68106
G1 X122.652 Y92.543 E9.83941
G1 X121.591 Y89.427 E9.99775
G1 X118.719 Y88.500 E10.14290
G1 X118.496 Y88.751 E10.15906
G1 X118.496 Y82.846 E10.44306
G1 X122.259 Y82.846 E10.62402
G1 X122.112 Y83.012 E10.63466
G1 X122.112 Y86.345 E10.79498
G1 X124.179 Y88.677 E10.94488
G1 X124.341 Y88.278 F7800.000
G1 F3600.000
G1 X126.789 Y87.487 E11.06861
G1 X127.745 Y84.679 E11.21131
G1 X127.111 Y82.816 E11.30598
G1 X127.111 Y82.461 E11.32304
G1 X131.889 Y82.461 E11.55288
G1 X131.889 Y89.605 E11.89651
G1 X129.841 Y88.944 E12.00006
G1 X127.997 Y91.023 E12.13368
G1 X127.997 Y94.064 E12.27993
G1 X129.841 Y96.142 E12.41355
G1 X131.889 Y95.481 E12.51710
G1 X131.889 Y102.539 E12.85657
G1 X127.111 Y102.539 E13.08642
G1 X127.111 Y102.184 E13.10348
G1 X127.745 Y100.321 E13.19814
G1 X126.789 Y97.513 E13.34085
G1 X124.341 Y96.722 E13.46458
G1 X122.497 Y98.801 E13.59821
G1 X122.497 Y101.842 E13.74445
G1 X122.889 Y102.284 E13.77287
G1 X122.889 Y102.539 E13.78515
G1 X118.111 Y102.539 E14.01500
G1 X118.111 Y95.319 E14.36226
G1 X118.841 Y96.142 E14.41517
G1 X121.289 Y95.352 E14.53889
G1 X122.245 Y92.543 E14.68161
G1 X121.289 Y89.734 E14.82433
G1 X118.841 Y88.944 E14.94805
G1 X118.111 Y89.767 E15.00097
G1 X118.111 Y82.461 E15.35239
G1 X122.889 Y82.461 E15.58223
G1 X122.889 Y82.716 E15.59451
G1 X122.497 Y83.158 E15.62293
G1 X122.497 Y86.199 E15.76917
G1 X124.301 Y88.233 E15.89991
G1 X129.962 Y89.389 F7800.000
;TYPE:External perimeter
G1 F1800.000
G1 X128.383 Y91.169 E16.01438
G1 X128.383 Y93.917 E16.14655
G1 X129.962 Y95.698 E16.26101
G1 X131.986 Y95.045 E16.36330
G1 X132.039 Y94.890 E16.37118
G1 X132.275 Y94.890 E16.38255
G1 X132.275 Y102.925 E16.76901
G1 X126.725 Y102.925 E17.03595
G1 X126.725 Y102.121 E17.07463
G1 X127.338 Y100.321 E17.16605
G1 X126.486 Y97.820 E17.29314
G1 X124.462 Y97.167 E17.39543
G1 X122.883 Y98.948 E17.50990
G1 X122.883 Y101.695 E17.64206
G1 X123.275 Y102.137 E17.67049
G1 X123.275 Y102.925 E17.70836
G1 X117.725 Y102.925 E17.97529
G1 X117.725 Y94.890 E18.36176
G1 X118.245 Y94.890 E18.38678
G1 X118.962 Y95.698 E18.43874
G1 X120.986 Y95.045 E18.54103
G1 X121.838 Y92.543 E18.66812
G1 X120.986 Y90.042 E18.79522
G1 X118.962 Y89.389 E18.89751
G1 X118.245 Y90.197 E18.94947
G1 X117.725 Y90.197 E18.97449
G1 X117.725 Y82.075 E19.36511
G1 X123.275 Y82.075 E19.63204
G1 X123.275 Y82.863 E19.66991
G1 X122.883 Y83.305 E19.69833
G1 X122.883 Y86.053 E19.83050
G1 X124.462 Y87.833 E19.94497
G1 X126.486 Y87.180 E20.04726
G1 X127.338 Y84.679 E20.17435
G1 X126.725 Y82.879 E20.26577
G1 X126.725 Y82.075 E20.30445
G1 X132.275 Y82.075 E20.57138
G1 X132.275 Y90.197 E20.96200
G1 X132.039 Y90.197 E20.97337
G1 X131.986 Y90.042 E20.98125
G1 X130.019 Y89.407 E21.08065
G1 X129.633 Y89.160 F7800.000
G1 X131.030 Y88.619
;TYPE:Internal infill
G1 F4800.000
G1 X131.215 Y88.679 E21.08998
G1 X131.215 Y88.439 E21.10148
G1 X130.810 Y88.548 E21.12163
G1 X130.846 Y88.560 E21.12348
G1 X131.215 Y87.186 E21.19188
G1 X131.215 Y85.626 E21.26690
G1 X128.724 Y83.136 E21.43630
G1 X127.932 Y83.136 E21.47437
G1 X128.367 Y84.412 E21.53921
G1 X131.215 Y83.649 E21.68100
G1 X131.215 Y83.136 E21.70568
G1 X129.414 Y83.136 E21.79228
G1 E19.79228 F2400.000
G92 E0
G1 X118.950 Y88.270 F7800.000
G1 E2.00000 F2400.000
G1 F4800.000
G1 X121.152 Y88.981 E2.11128
G1 X121.828 Y86.461 E2.23678
G1 X121.823 Y86.165 E2.25099
G1 X118.785 Y86.979 E2.40221
G1 X118.785 Y86.285 E2.43558
G1 X121.638 Y89.138 E2.62960
G1 X121.818 Y89.196 E2.63871
G1 X121.881 Y89.381 E2.64812
G1 X131.215 Y98.715 E3.28296
G1 X131.215 Y98.021 E3.31632
G1 X127.971 Y98.890 E3.47785
G1 X128.031 Y99.067 E3.48687
G1 X128.843 Y96.035 E3.63786
G1 X127.323 Y91.959 F7800.000
G1 F4800.000
G1 X127.323 Y94.273 E3.74914
G1 X121.872 Y95.734 E4.02057
G1 X121.825 Y95.869 E4.02747
G1 X123.081 Y97.125 E4.11290
G1 X124.055 Y96.027 E4.18349
G1 X126.093 Y88.421 E4.56222
G1 X127.130 Y88.086 E4.61465
G1 X128.492 Y89.448 E4.70727
G1 X128.816 Y89.082 E4.73078
G1 X122.368 Y90.810 E5.05187
G1 X122.958 Y92.543 E5.13994
G1 X122.802 Y93.000 E5.16316
G1 X121.264 Y96.069 F7800.000
G1 F4800.000
G1 X119.063 Y96.780 E5.27444
G1 X118.785 Y97.814 E5.32594
G1 X118.785 Y99.374 E5.40096
G1 X121.276 Y101.864 E5.57037
G1 X121.823 Y101.864 E5.59665
G1 X121.823 Y100.537 E5.66047
G1 X118.785 Y101.351 E5.81170
G1 X118.785 Y101.864 E5.83638
G1 X120.586 Y101.864 E5.92298
;LAYER_CHANGE
;Z:21.62
;HEIGHT:0.300001
G1 Z21.620 F7800.000
G1 X124.219 Y89.022
;TYPE:Perimeter
G1 F3600.000
G1 X127.091 Y88.095 E6.06813
G1 X128.152 Y84.979 E6.22647
G1 X127.528 Y83.146 E6.31956
G1 X131.504 Y83.146 E6.51076
G1 X131.504 Y88.776 E6.78151
G1 X129.719 Y88.200 E6.87170
G1 X127.612 Y90.577 E7.02448
G1 X127.612 Y93.910 E7.18480
G1 X129.719 Y96.287 E7.33758
G1 X131.504 Y95.711 E7.42777
G1 X131.504 Y101.854 E7.72323
G1 X127.528 Y101.854 E7.91443
G1 X128.152 Y100.021 E8.00752
G1 X127.091 Y96.905 E8.16586
G1 X124.219 Y95.978 E8.31101
G1 X122.112 Y98.355 E8.46380
G1 X122.112 Y101.688 E8.62411
G1 X122.259 Y101.854 E8.63476
G1 X118.496 Y101.854 E8.81572
G1 X118.496 Y96.035 E9.09557
G1 X118.719 Y96.287 E9.11173
G1 X121.591 Y95.360 E9.25688
G1 X122.652 Y92.243 E9.41522
G1 X121.591 Y89.127 E9.57357
G1 X118.719 Y88.200 E9.71871
G1 X118.496 Y88.451 E9.73488
G1 X118.496 Y83.146 E9.99002
G1 X122.259 Y83.146 E10.17098
G1 X122.112 Y83.312 E10.18162
G1 X122.112 Y86.645 E10.34194
G1 X124.179 Y88.977 E10.49184
G1 X124.341 Y88.578 F7800.000
G1 F3600.000
G1 X126.789 Y87.787 E10.61556
G1 X127.745 Y84.979 E10.75827
G1 X127.111 Y83.116 E10.85294
G1 X127.111 Y82.761 E10.87000
G1 X131.889 Y82.761 E11.09984
G1 X131.889 Y89.305 E11.41461
G1 X129.841 Y88.644 E11.51816
G1 X127.997 Y90.723 E11.65178
G1 X127.997 Y93.764 E11.79803
G1 X129.841 Y95.842 E11.93165
G1 X131.889 Y95.181 E12.03520
G1 X131.889 Y102.239 E12.37467
G1 X127.111 Y102.239 E12.60452
G1 X127.111 Y101.884 E12.62158
G1 X127.745 Y100.021 E12.71624
G1 X126.789 Y97.213 E12.85895
G1 X124.341 Y96.422 E12.98268
G1 X122.497 Y98.501 E13.11631
G1 X122.497 Y101.542 E13.26255
G1 X122.889 Y101.984 E13.29097
G1 X122.889 Y102.239 E13.30325
G1 X118.111 Y102.239 E13.53310
G1 X118.111 Y95.019 E13.88036
G1 X118.841 Y95.842 E13.93327
G1 X121.289 Y95.052 E14.05699
G1 X122.245 Y92.243 E14.19971
G1 X121.289 Y89.434 E14.34243
G1 X118.841 Y88.644 E14.46615
G1 X118.111 Y89.467 E14.51907
G1 X118.111 Y82.761 E14.84163
G1 X122.889 Y82.761 E15.07147
G1 X122.889 Y83.016 E15.08375
G1 X122.497 Y83.458 E15.11217
G1 X122.497 Y86.499 E15.25841
G1 X124.301 Y88.533 E15.38916
G1 X129.962 Y89.089 F7800.000
;TYPE:External perimeter
G1 F1800.000
G1 X128.383 Y90.869 E15.50362
G1 X128.383 Y93.617 E15.63579
G1 X129.962 Y95.398 E15.75025
G1 X131.986 Y94.745 E15.85254
G1 X132.039 Y94.590 E15.86042
G1 X132.275 Y94.590 E15.87179
G1 X132.275 Y102.625 E16.25825
G1 X126.725 Y102.625 E16.52519
G1 X126.725 Y101.821 E16.56387
G1 X127.338 Y100.021 E16.65529
G1 X126.486 Y97.520 E16.78238
G1 X124.462 Y96.867 E16.88467
G1 X122.883 Y98.648 E16.99915
G1 X122.883 Y101.395 E17.13131
G1 X123.275 Y101.837 E17.15973
G1 X123.275 Y102.625 E17.19760
G1 X117.725 Y102.625 E17.46453
G1 X117.725 Y94.590 E17.85100
G1 X118.245 Y94.590 E17.87602
G1 X118.962 Y95.398 E17.92798
G1 X120.986 Y94.745 E18.03027
G1 X121.838 Y92.243 E18.15736
G1 X120.986 Y89.742 E18.28446
G1 X118.962 Y89.089 E18.38675
G1 X118.245 Y89.897 E18.43871
G1 X117.725 Y89.897 E18.46373
G1 X117.725 Y82.375 E18.82549
G1 X123.275 Y82.375 E19.09243
G1 X123.275 Y83.163 E19.13030
G1 X122.883 Y83.605 E19.15872
G1 X122.883 Y86.353 E19.29088
G1 X124.462 Y88.133 E19.40535
G1 X126.486 Y87.480 E19.50765
G1 X127.338 Y84.979 E19.63473
G1 X126.725 Y83.179 E19.72615
G1 X126.725 Y82.375 E19.76483
G1 X132.275 Y82.375 E20.03177
G1 X132.275 Y89.897 E20.39353
G1 X132.039 Y89.897 E20.40490
G1 X131.986 Y89.742 E20.41277
G1 X130.019 Y89.107 E20.51218
G1 X129.633 Y88.860 F7800.000
G1 X128.994 Y88.582
;TYPE:Internal infill
G1 F4800.000
G1 X129.628 Y87.866 E20.55815
G1 X130.920 Y88.284 E20.62346
G1 X131.215 Y87.186 E20.67811
G1 X131.215 Y85.626 E20.75314
G1 X129.024 Y83.436 E20.90213
G1 X127.932 Y83.436 E20.95463
G1 X128.273 Y84.437 E21.00550
G1 X131.215 Y83.649 E21.15195
G1 X131.215 Y83.436 E21.16220
G1 X129.217 Y83.436 E21.25829
G1 E19.25829 F2400.000
G92 E0
G1 X118.785 Y83.972 F7800.000
G1 E2.00000 F2400.000
G1 F4800.000
G1 X118.785 Y86.285 E2.11128
G1 X121.195 Y88.695 E2.27517
G1 X121.226 Y88.705 E2.27675
G1 X121.823 Y86.480 E2.38757
G1 X121.823 Y86.165 E2.40267
G1 X118.785 Y86.979 E2.55390
G1 X118.785 Y87.917 E2.59902
G1 X120.095 Y88.340 E2.66518
G1 E0.66518 F2400.000
G92 E0
G1 X121.613 Y95.657 F7800.000
G1 E2.00000 F2400.000
G1 F4800.000
G1 X122.940 Y96.984 E2.09031
G1 X124.128 Y95.645 E2.17644
G1 X124.155 Y95.653 E2.17780
G1 X126.005 Y88.750 E2.52155
G1 X127.318 Y88.326 E2.58793
G1 X127.331 Y88.287 E2.58988
G1 X128.351 Y89.307 E2.65924
G1 X128.467 Y89.176 E2.66768
G1 X122.461 Y90.785 E2.96674
G1 X122.036 Y89.536 E3.03019
G1 X131.215 Y98.715 E3.65449
G1 X131.215 Y98.021 E3.68786
G1 X128.064 Y98.865 E3.84473
G1 X128.076 Y98.900 E3.84648
G1 X128.905 Y95.805 E4.00059
G1 X127.504 Y94.224 E4.10217
G1 X118.943 Y96.518 E4.52845
G1 X119.151 Y96.451 E4.53894
G1 X118.785 Y97.814 E4.60680
G1 X118.785 Y99.374 E4.68182
G1 X120.976 Y101.564 E4.83082
G1 X121.823 Y101.564 E4.87153
G1 X121.823 Y100.537 E4.92093
G1 X118.785 Y101.351 E5.07215
G1 X118.785 Y101.564 E5.08240
G1 X120.783 Y101.564 E5.17849
;LAYER_CHANGE
;Z:21.92
;HEIGHT:0.299999
G1 Z21.920 F7800.000
G1 X124.219 Y89.322
;TYPE:Perimeter
G1 F3600.000
G1 X127.091 Y88.395 E5.32364
G1 X128.152 Y85.279 E5.48198
G1 X127.528 Y83.446 E5.57507
G1 X131.504 Y83.446 E5.76627
G1 X131.504 Y88.476 E6.00816
G1 X129.719 Y87.900 E6.09835
G1 X127.612 Y90.277 E6.25113
G1 X127.612 Y93.610 E6.41145
G1 X129.719 Y95.987 E6.56423
G1 X131.504 Y95.411 E6.65443
G1 X131.504 Y101.554 E6.94988
G1 X127.528 Y101.554 E7.14108
G1 X128.152 Y99.721 E7.23418
G1 X127.091 Y96.605 E7.39251
G1 X124.219 Y95.678 E7.53766
G1 X122.112 Y98.055 E7.69045
G1 X122.112 Y101.388 E7.85077
G1 X122.259 Y101.554 E7.86141
G1 X118.496 Y101.554 E8.04237
G1 X118.496 Y95.735 E8.32222
G1 X118.719 Y95.987 E8.33838
G1 X121.591 Y95.060 E8.48353
G1 X122.652 Y91.943 E8.64188
G1 X121.591 Y88.827 E8.80022
G1 X118.719 Y87.900 E8.94537
G1 X118.496 Y88.151 E8.96153
G1 X118.496 Y83.446 E9.18782
G1 X122.259 Y83.446 E9.36877
G1 X122.112 Y83.612 E9.37942
G1 X122.112 Y86.945 E9.53973
G1 X124.179 Y89.277 E9.68963
G1 X124.341 Y88.878 F7800.000
G1 F3600.000
G1 X126.789 Y88.087 E9.81336
G1 X127.745 Y85.279 E9.95607
G1 X127.111 Y83.416 E10.05073
G1 X127.111 Y83.061 E10.06779
G1 X131.889 Y83.061 E10.29763
G1 X131.889 Y89.005 E10.58355
G1 X129.841 Y88.344 E10.68710
G1 X127.997 Y90.423 E10.82072
G1 X127.997 Y93.464 E10.96696
G1 X129.841 Y95.542 E11.10059
G1 X131.889 Y94.881 E11.20413
G1 X131.889 Y101.939 E11.54361
G1 X127.111 Y101.939 E11.77345
G1 X127.111 Y101.584 E11.79052
G1 X127.745 Y99.721 E11.88518
G1 X126.789 Y96.913 E12.02789
G1 X124.341 Y96.122 E12.15161
G1 X122.497 Y98.201 E12.28525
G1 X122.497 Y101.242 E12.43148
G1 X122.889 Y101.684 E12.45990
G1 X122.889 Y101.939 E12.47219
G1 X118.111 Y101.939 E12.70203
G1 X118.111 Y94.719 E13.04929
G1 X118.841 Y95.542 E13.10221
G1 X121.289 Y94.752 E13.22593
G1 X122.245 Y91.943 E13.36865
G1 X121.289 Y89.134 E13.51137
G1 X118.841 Y88.344 E13.63509
G1 X118.111 Y89.167 E13.68800
G1 X118.111 Y83.061 E13.98171
G1 X122.889 Y83.061 E14.21155
G1 X122.889 Y83.316 E14.22383
G1 X122.497 Y83.758 E14.25225
G1 X122.497 Y86.799 E14.39849
G1 X124.301 Y88.833 E14.52923
G1 X129.962 Y88.789 F7800.000
;TYPE:External perimeter
G1 F1800.000
G1 X128.383 Y90.569 E14.64370
G1 X128.383 Y93.317 E14.77587
G1 X129.962 Y95.098 E14.89033
G1 X131.986 Y94.445 E14.99262
G1 X132.039 Y94.290 E15.00050
G1 X132.275 Y94.290 E15.01187
G1 X132.275 Y102.325 E15.39833
G1 X126.725 Y102.325 E15.66527
G1 X126.725 Y101.521 E15.70395
G1 X127.338 Y99.721 E15.79537
G1 X126.486 Y97.220 E15.92246
G1 X124.462 Y96.567 E16.02475
G1 X122.883 Y98.348 E16.13922
G1 X122.883 Y101.095 E16.27138
G1 X123.275 Y101.537 E16.29981
G1 X123.275 Y102.325 E16.33768
G1 X117.725 Y102.325 E16.60461
G1 X117.725 Y94.290 E16.99108
G1 X118.245 Y94.290 E17.01610
G1 X118.962 Y95.098 E17.06806
G1 X120.986 Y94.445 E17.17035
G1 X121.838 Y91.943 E17.29744
G1 X120.986 Y89.442 E17.42454
G1 X118.962 Y88.789 E17.52683
G1 X118.245 Y89.597 E17.57879
G1 X117.725 Y89.597 E17.60381
G1 X117.725 Y82.675 E17.93671
G1 X123.275 Y82.675 E18.20365
G1 X123.275 Y83.463 E18.24152
G1 X122.883 Y83.905 E18.26994
G1 X122.883 Y86.653 E18.40210
G1 X124.462 Y88.433 E18.51657
G1 X126.486 Y87.780 E18.61887
G1 X127.338 Y85.279 E18.74595
G1 X126.725 Y83.479 E18.83737
G1 X126.725 Y82.675 E18.87605
G1 X132.275 Y82.675 E19.14299
G1 X132.275 Y89.597 E19.47589
G1 X132.039 Y89.597 E19.48726
G1 X131.986 Y89.442 E19.49514
G1 X130.019 Y88.807 E19.59454
G1 X129.633 Y88.560 F7800.000
G1 X129.046 Y88.223
;TYPE:Internal infill
G1 F4800.000
G1 X129.628 Y87.566 E19.63677
G1 X130.994 Y88.007 E19.70582
G1 X131.215 Y87.186 E19.74673
G1 X131.215 Y85.626 E19.82175
G1 X129.324 Y83.736 E19.95034
G1 X127.932 Y83.736 E20.01727
G1 X128.180 Y84.462 E20.05417
G1 X130.890 Y83.736 E20.18914
G1 X131.215 Y83.736 E20.20473
G1 X131.215 Y85.433 E20.28638
G1 E18.28638 F2400.000
G92 E0
G1 X118.785 Y83.972 F7800.000
G1 E2.00000 F2400.000
G1 F4800.000
G1 X118.785 Y86.285 E2.11128
G1 X120.752 Y88.252 E2.24504
G1 X121.300 Y88.429 E2.27275
G1 X121.823 Y86.480 E2.36981
G1 X121.823 Y86.165 E2.38492
G1 X118.785 Y86.979 E2.53615
G1 X118.785 Y87.617 E2.56684
G1 X120.380 Y88.132 E2.64743
G1 E0.64743 F2400.000
G92 E0
G1 X121.823 Y98.787 F7800.000
G1 E2.00000 F2400.000
G1 F4800.000
G1 X121.823 Y97.945 E2.04047
G1 X122.799 Y96.843 E2.11128
G1 X121.386 Y95.430 E2.20743
G1 X121.818 Y95.290 E2.22929
G1 X122.418 Y93.530 E2.31871
G1 X124.229 Y95.377 F7800.000
G1 F4800.000
G1 X125.917 Y89.078 E2.63237
G1 X127.318 Y88.626 E2.70319
G1 X127.408 Y88.363 E2.71651
G1 X128.210 Y89.166 E2.77110
G1 X128.119 Y89.269 E2.77773
G1 X122.555 Y90.760 E3.05476
G1 X122.191 Y89.691 E3.10906
G1 X131.215 Y98.715 E3.72283
G1 X131.215 Y98.021 E3.75620
G1 X128.158 Y98.840 E3.90840
G1 X128.121 Y98.732 E3.91390
G1 X128.967 Y95.574 E4.07112
G1 X127.719 Y94.167 E4.16159
G1 X118.785 Y96.561 E4.60642
G1 X118.785 Y96.269 E4.62044
G1 X119.239 Y96.123 E4.64334
G1 X118.785 Y97.814 E4.72754
G1 X118.785 Y99.374 E4.80256
G1 X120.676 Y101.264 E4.93116
G1 X121.823 Y101.264 E4.98630
G1 X121.823 Y100.537 E5.02127
G1 X119.109 Y101.264 E5.15636
G1 X118.785 Y101.264 E5.17194
G1 X118.785 Y99.567 E5.25360
M106 S244.8
;LAYER_CHANGE
;Z:22.22
;HEIGHT:0.299999
G1 Z22.220 F7800.000
G1 X124.219 Y89.622
;TYPE:Perimeter
G1 F3600.000
G1 X127.091 Y88.695 E5.39875
G1 X128.152 Y85.579 E5.55708
G1 X127.528 Y83.746 E5.65018
G1 X131.504 Y83.746 E5.84138
G1 X131.504 Y88.176 E6.05441
G1 X129.719 Y87.600 E6.14460
G1 X127.612 Y89.977 E6.29738
G1 X127.612 Y93.310 E6.45770
G1 X129.719 Y95.687 E6.61048
G1 X131.504 Y95.111 E6.70068
G1 X131.504 Y101.254 E6.99613
G1 X127.528 Y101.254 E7.18733
G1 X128.152 Y99.421 E7.28043
G1 X127.091 Y96.305 E7.43876
G1 X124.219 Y95.378 E7.58391
G1 X122.112 Y97.755 E7.73670
G1 X122.112 Y101.088 E7.89702
G1 X122.259 Y101.254 E7.90766
G1 X118.496 Y101.254 E8.08862
G1 X118.496 Y95.435 E8.36847
G1 X118.719 Y95.687 E8.38463
G1 X121.591 Y94.760 E8.52978
G1 X122.652 Y91.643 E8.68812
G1 X121.591 Y88.527 E8.84647
G1 X118.719 Y87.600 E8.99162
G1 X118.496 Y87.851 E9.00778
G1 X118.496 Y83.746 E9.20521
G1 X122.259 Y83.746 E9.38616
G1 X122.112 Y83.912 E9.39681
G1 X122.112 Y87.245 E9.55712
G1 X124.179 Y89.577 E9.70702
G1 X124.341 Y89.178 F7800.000
G1 F3600.000
G1 X126.789 Y88.387 E9.83075
G1 X127.745 Y85.579 E9.97346
G1 X127.111 Y83.716 E10.06812
G1 X127.111 Y83.361 E10.08518
G1 X131.889 Y83.361 E10.31503
G1 X131.889 Y88.705 E10.57208
G1 X129.841 Y88.044 E10.67563
G1 X127.997 Y90.123 E10.80925
G1 X127.997 Y93.164 E10.95550
G1 X129.841 Y95.242 E11.08912
G1 X131.889 Y94.581 E11.19267
G1 X131.889 Y101.639 E11.53214
G1 X127.111 Y101.639 E11.76199
G1 X127.111 Y101.284 E11.77905
G1 X127.745 Y99.421 E11.87371
G1 X126.789 Y96.613 E12.01642
G1 X124.341 Y95.822 E12.14015
G1 X122.497 Y97.901 E12.27378
G1 X122.497 Y100.942 E12.42001
G1 X122.889 Y101.384 E12.44844
G1 X122.889 Y101.639 E12.46072
G1 X118.111 Y101.639 E12.69056
G1 X118.111 Y94.419 E13.03783
G1 X118.841 Y95.242 E13.09074
G1 X121.289 Y94.452 E13.21446
G1 X122.245 Y91.643 E13.35718
G1 X121.289 Y88.834 E13.49990
G1 X118.841 Y88.044 E13.62362
G1 X118.111 Y88.867 E13.67654
G1 X118.111 Y83.361 E13.94138
G1 X122.889 Y83.361 E14.17122
G1 X122.889 Y83.616 E14.18351
G1 X122.497 Y84.058 E14.21193
G1 X122.497 Y87.099 E14.35817
G1 X124.301 Y89.133 E14.48891
G1 X129.962 Y88.489 F7800.000
;TYPE:External perimeter
G1 F1800.000
G1 X128.383 Y90.269 E14.60337
G1 X128.383 Y93.017 E14.73554
G1 X129.962 Y94.798 E14.85001
G1 X131.986 Y94.145 E14.95230
G1 X132.039 Y93.990 E14.96017
G1 X132.275 Y93.990 E14.97154
G1 X132.275 Y102.025 E15.35801
G1 X126.725 Y102.025 E15.62494
G1 X126.725 Y101.221 E15.66363
G1 X127.338 Y99.421 E15.75505
G1 X126.486 Y96.920 E15.88213
G1 X124.462 Y96.267 E15.98443
G1 X122.883 Y98.048 E16.09890
G1 X122.883 Y100.795 E16.23106
G1 X123.275 Y101.237 E16.25948
G1 X123.275 Y102.025 E16.29735
G1 X117.725 Y102.025 E16.56429
G1 X117.725 Y93.990 E16.95075
G1 X118.245 Y93.990 E16.97577
G1 X118.962 Y94.798 E17.02773
G1 X120.986 Y94.145 E17.13002
G1 X121.838 Y91.643 E17.25712
G1 X120.986 Y89.142 E17.38421
G1 X118.962 Y88.489 E17.48650
G1 X118.245 Y89.297 E17.53846
G1 X117.725 Y89.297 E17.56348
G1 X117.725 Y82.975 E17.86753
G1 X123.275 Y82.975 E18.13447
G1 X123.275 Y83.763 E18.17233
G1 X122.883 Y84.205 E18.20076
G1 X122.883 Y86.953 E18.33292
G1 X124.462 Y88.733 E18.44739
G1 X126.486 Y88.080 E18.54968
G1 X127.338 Y85.579 E18.67677
G1 X126.725 Y83.779 E18.76819
G1 X126.725 Y82.975 E18.80687
G1 X132.275 Y82.975 E19.07380
G1 X132.275 Y89.297 E19.37785
G1 X132.039 Y89.297 E19.38922
G1 X131.986 Y89.142 E19.39709
G1 X130.019 Y88.507 E19.49650
G1 X129.633 Y88.260 F7800.000
G1 X129.097 Y87.865
;TYPE:Internal infill
G1 F4800.000
G1 X129.628 Y87.266 E19.53499
G1 X131.068 Y87.731 E19.60778
G1 X131.215 Y87.186 E19.63494
G1 X131.215 Y85.626 E19.70996
G1 X129.624 Y84.036 E19.81815
G1 X129.771 Y84.036 E19.82521
G1 X128.086 Y84.487 E19.90909
G1 X128.458 Y85.579 E19.96456
G1 X127.484 Y88.440 E20.10991
G1 X128.069 Y89.025 E20.14973
G1 X127.770 Y89.363 E20.17143
G1 X122.649 Y90.735 E20.42643
G1 X122.346 Y89.846 E20.47158
G1 X131.215 Y98.715 E21.07482
G1 X131.215 Y98.021 E21.10818
G1 X128.251 Y98.815 E21.25573
G1 X128.166 Y98.564 E21.26848
G1 X129.029 Y95.344 E21.42881
G1 X127.934 Y94.109 E21.50817
G1 X124.271 Y95.091 E21.69056
G1 X124.303 Y95.101 E21.69218
G1 X125.829 Y89.406 E21.97573
G1 X124.128 Y89.955 E22.06169
G1 X123.779 Y89.561 E22.08701
G1 X122.284 Y89.663 F7800.000
G1 F4800.000
G1 X121.818 Y88.296 E22.15649
G1 X121.374 Y88.153 E22.17893
G1 X121.823 Y86.480 E22.26224
G1 X121.823 Y86.165 E22.27735
G1 X118.785 Y86.979 E22.42858
G1 X118.785 Y86.285 E22.46194
G1 X120.309 Y87.809 E22.56557
G1 X118.785 Y87.317 E22.64257
G1 X118.785 Y87.172 E22.64956
G1 E20.64956 F2400.000
G92 E0
G1 X122.341 Y93.456 F7800.000
G1 E2.00000 F2400.000
G1 F4800.000
G1 X121.818 Y94.990 E2.07796
G1 X121.159 Y95.203 E2.11128
G1 X122.658 Y96.702 E2.21327
G1 X124.030 Y95.155 E2.31272
G1 X118.785 Y96.561 E2.57386
G1 X118.785 Y95.969 E2.60230
G1 X119.327 Y95.795 E2.62965
G1 X118.785 Y97.814 E2.73021
G1 X118.785 Y99.374 E2.80523
G1 X120.376 Y100.964 E2.91342
G1 X120.229 Y100.964 E2.92049
G1 X121.823 Y100.537 E2.99983
G1 X121.823 Y98.224 E3.11112
;LAYER_CHANGE
;Z:22.52
;HEIGHT:0.300001
G1 Z22.520 F7800.000
G1 X124.219 Y89.922
;TYPE:Perimeter
G1 F3600.000
G1 X127.091 Y88.995 E3.25627
G1 X128.152 Y85.879 E3.41460
G1 X127.528 Y84.046 E3.50770
G1 X131.504 Y84.046 E3.69889
G1 X131.504 Y87.876 E3.88307
G1 X129.719 Y87.300 E3.97326
G1 X127.612 Y89.677 E4.12604
G1 X127.612 Y93.010 E4.28637
G1 X129.719 Y95.387 E4.43914
G1 X131.504 Y94.811 E4.52934
G1 X131.504 Y100.954 E4.82479
G1 X127.528 Y100.954 E5.01599
G1 X128.152 Y99.121 E5.10909
G1 X127.091 Y96.005 E5.26742
G1 X124.219 Y95.078 E5.41257
G1 X122.112 Y97.455 E5.56537
G1 X122.112 Y100.788 E5.72568
G1 X122.259 Y100.954 E5.73633
G1 X118.496 Y100.954 E5.91728
G1 X118.496 Y95.135 E6.19713
G1 X118.719 Y95.387 E6.21329
G1 X121.591 Y94.460 E6.35844
G1 X122.652 Y91.343 E6.51679
G1 X121.591 Y88.227 E6.67513
G1 X118.719 Y87.300 E6.82028
G1 X118.496 Y87.551 E6.83644
G1 X118.496 Y84.046 E7.00501
G1 X122.259 Y84.046 E7.18597
G1 X122.112 Y84.212 E7.19661
G1 X122.112 Y87.545 E7.35693
G1 X124.179 Y89.877 E7.50683
G1 X124.341 Y89.478 F7800.000
G1 F3600.000
G1 X126.789 Y88.687 E7.63055
G1 X127.745 Y85.879 E7.77326
G1 X127.111 Y84.016 E7.86793
G1 X127.111 Y83.661 E7.88499
G1 X131.889 Y83.661 E8.11483
G1 X131.889 Y88.405 E8.34303
G1 X129.841 Y87.744 E8.44658
G1 X127.997 Y89.823 E8.58020
G1 X127.997 Y92.864 E8.72644
G1 X129.841 Y94.942 E8.86007
G1 X131.889 Y94.281 E8.96361
G1 X131.889 Y101.339 E9.30309
G1 X127.111 Y101.339 E9.53293
G1 X127.111 Y100.984 E9.55000
G1 X127.745 Y99.121 E9.64466
G1 X126.789 Y96.313 E9.78737
G1 X124.341 Y95.522 E9.91110
G1 X122.497 Y97.601 E10.04473
G1 X122.497 Y100.642 E10.19096
G1 X122.889 Y101.084 E10.21939
G1 X122.889 Y101.339 E10.23167
G1 X118.111 Y101.339 E10.46151
G1 X118.111 Y94.119 E10.80878
G1 X118.841 Y94.942 E10.86169
G1 X121.289 Y94.152 E10.98541
G1 X122.245 Y91.343 E11.12813
G1 X121.289 Y88.534 E11.27085
G1 X118.841 Y87.744 E11.39457
G1 X118.111 Y88.567 E11.44749
G1 X118.111 Y83.661 E11.68347
G1 X122.889 Y83.661 E11.91331
G1 X122.889 Y83.916 E11.92560
G1 X122.497 Y84.358 E11.95402
G1 X122.497 Y87.399 E12.10026
G1 X124.301 Y89.433 E12.23100
G1 X129.962 Y88.189 F7800.000
;TYPE:External perimeter
G1 F1800.000
G1 X128.383 Y89.969 E12.34546
G1 X128.383 Y92.717 E12.47763
G1 X129.962 Y94.498 E12.59210
G1 X131.986 Y93.845 E12.69439
G1 X132.039 Y93.690 E12.70226
G1 X132.275 Y93.690 E12.71363
G1 X132.275 Y101.725 E13.10010
G1 X126.725 Y101.725 E13.36703
G1 X126.725 Y100.921 E13.40572
G1 X127.338 Y99.121 E13.49714
G1 X126.486 Y96.620 E13.62422
G1 X124.462 Y95.967 E13.72652
G1 X122.883 Y97.748 E13.84099
G1 X122.883 Y100.495 E13.97315
G1 X123.275 Y100.937 E14.00157
G1 X123.275 Y101.725 E14.03944
G1 X117.725 Y101.725 E14.30638
G1 X117.725 Y93.690 E14.69285
G1 X118.245 Y93.690 E14.71786
G1 X118.962 Y94.498 E14.76982
G1 X120.986 Y93.845 E14.87211
G1 X121.838 Y91.343 E14.99921
G1 X120.986 Y88.842 E15.12630
G1 X118.962 Y88.189 E15.22859
G1 X118.245 Y88.997 E15.28055
G1 X117.725 Y88.997 E15.30557
G1 X117.725 Y83.275 E15.58076
G1 X123.275 Y83.275 E15.84770
G1 X123.275 Y84.063 E15.88557
G1 X122.883 Y84.505 E15.91399
G1 X122.883 Y87.253 E16.04615
G1 X124.462 Y89.033 E16.16062
G1 X126.486 Y88.380 E16.26292
G1 X127.338 Y85.879 E16.39000
G1 X126.725 Y84.079 E16.48142
G1 X126.725 Y83.275 E16.52010
G1 X132.275 Y83.275 E16.78704
G1 X132.275 Y88.997 E17.06223
G1 X132.039 Y88.997 E17.07359
G1 X131.986 Y88.842 E17.08147
G1 X130.019 Y88.207 E17.18088
G1 X129.633 Y87.960 F7800.000
G1 X129.149 Y87.507
;TYPE:Internal infill
G1 F4800.000
G1 X129.628 Y86.966 E17.21563
G1 X131.142 Y87.455 E17.29216
G1 X131.215 Y87.186 E17.30556
G1 X131.215 Y85.626 E17.38058
G1 X129.924 Y84.336 E17.46837
G1 X128.651 Y84.336 E17.52958
G1 X127.993 Y84.512 E17.56238
G1 X128.458 Y85.879 E17.63181
G1 X127.560 Y88.516 E17.76580
G1 X127.928 Y88.884 E17.79084
G1 X127.421 Y89.456 E17.82761
G1 X122.742 Y90.710 E18.06057
G1 X122.501 Y90.001 E18.09659
G1 X131.215 Y98.715 E18.68928
G1 X131.215 Y98.021 E18.72265
G1 X128.345 Y98.790 E18.86553
G1 X128.211 Y98.396 E18.88554
G1 X129.090 Y95.113 E19.04899
G1 X128.149 Y94.052 E19.11724
G1 X124.779 Y94.955 E19.28505
G1 X124.377 Y94.825 E19.30535
G1 X125.741 Y89.735 E19.55881
G1 X122.439 Y89.818 F7800.000
G1 F4800.000
G1 X121.818 Y87.996 E19.65139
G1 X121.448 Y87.877 E19.67009
G1 X121.823 Y86.480 E19.73965
G1 X121.823 Y86.165 E19.75476
G1 X118.785 Y86.979 E19.90599
G1 X118.785 Y86.285 E19.93935
G1 X119.866 Y87.366 E20.01285
G1 X121.265 Y87.817 E20.08354
G1 X122.264 Y93.381 F7800.000
G1 F4800.000
G1 X121.818 Y94.690 E20.15004
G1 X120.932 Y94.976 E20.19482
G1 X122.517 Y96.561 E20.30264
G1 X123.681 Y95.249 E20.38702
G1 X118.785 Y96.561 E20.63080
G1 X118.785 Y95.669 E20.67367
G1 X119.415 Y95.466 E20.70546
G1 X118.785 Y97.814 E20.82237
G1 X118.785 Y99.374 E20.89740
G1 X120.076 Y100.664 E20.98518
G1 X121.349 Y100.664 E21.04639
G1 X121.823 Y100.537 E21.06998
G1 X121.823 Y98.224 E21.18126
;LAYER_CHANGE
;Z:22.82
;HEIGHT:0.299999
G1 Z22.820 F7800.000
G1 X124.219 Y90.222
;TYPE:Perimeter
G1 F3600.000
G1 X127.091 Y89.295 E21.32642
G1 X128.152 Y86.179 E21.48475
G1 X127.528 Y84.346 E21.57785
G1 X131.504 Y84.346 E21.76904
G1 X131.504 Y87.576 E21.92436
G1 X129.719 Y87.000 E22.01455
G1 X127.612 Y89.377 E22.16733
G1 X127.612 Y92.710 E22.32766
G1 X129.719 Y95.087 E22.48044
G1 X131.504 Y94.511 E22.57063
G1 X131.504 Y100.654 E22.86608
G1 X127.528 Y100.654 E23.05728
G1 X128.152 Y98.821 E23.15038
G1 X127.091 Y95.705 E23.30871
G1 X124.219 Y94.778 E23.45386
G1 X122.112 Y97.155 E23.60666
G1 X122.112 Y100.488 E23.76697
G1 X122.259 Y100.654 E23.77762
G1 X118.496 Y100.654 E23.95857
G1 X118.496 Y94.835 E24.23842
G1 X118.719 Y95.087 E24.25458
G1 X121.591 Y94.160 E24.39973
G1 X122.652 Y91.043 E24.55808
G1 X121.591 Y87.927 E24.71642
G1 X118.719 Y87.000 E24.86157
G1 X118.496 Y87.251 E24.87773
G1 X118.496 Y84.346 E25.01744
G1 X122.259 Y84.346 E25.19840
G1 X122.112 Y84.512 E25.20905
G1 X122.112 Y87.845 E25.36936
G1 X124.179 Y90.177 E25.51926
G1 X126.789 Y88.987 F7800.000
G1 F3600.000
G1 X127.745 Y86.179 E25.66197
G1 X127.111 Y84.316 E25.75664
G1 X127.111 Y83.961 E25.77370
G1 X131.889 Y83.961 E26.00354
G1 X131.889 Y88.105 E26.20288
G1 X129.841 Y87.444 E26.30643
G1 X127.997 Y89.523 E26.44005
G1 X127.997 Y92.564 E26.58630
G1 X129.841 Y94.642 E26.71992
G1 X131.889 Y93.981 E26.82347
G1 X131.889 Y101.039 E27.16294
G1 X127.111 Y101.039 E27.39278
G1 X127.111 Y100.684 E27.40985
G1 X127.745 Y98.821 E27.50451
G1 X126.789 Y96.013 E27.64722
G1 X124.341 Y95.222 E27.77095
G1 X122.497 Y97.301 E27.90458
G1 X122.497 Y100.342 E28.05081
G1 X122.889 Y100.784 E28.07924
G1 X122.889 Y101.039 E28.09152
G1 X118.111 Y101.039 E28.32136
G1 X118.111 Y93.819 E28.66863
G1 X118.841 Y94.642 E28.72154
G1 X121.289 Y93.852 E28.84526
G1 X122.245 Y91.043 E28.98798
G1 X121.289 Y88.234 E29.13070
G1 X118.841 Y87.444 E29.25442
G1 X118.111 Y88.267 E29.30734
G1 X118.111 Y83.961 E29.51446
G1 X122.889 Y83.961 E29.74431
G1 X122.889 Y84.216 E29.75659
G1 X122.497 Y84.658 E29.78501
G1 X122.497 Y87.699 E29.93125
G1 X124.341 Y89.778 E30.06488
G1 X126.731 Y89.006 E30.18572
G1 X129.962 Y87.889 F7800.000
;TYPE:External perimeter
G1 F1800.000
G1 X128.383 Y89.669 E30.30018
G1 X128.383 Y92.417 E30.43235
G1 X129.962 Y94.198 E30.54681
G1 X131.986 Y93.545 E30.64911
G1 X132.039 Y93.390 E30.65698
G1 X132.275 Y93.390 E30.66835
G1 X132.275 Y101.425 E31.05482
G1 X126.725 Y101.425 E31.32175
G1 X126.725 Y100.621 E31.36043
G1 X127.338 Y98.821 E31.45185
G1 X126.486 Y96.320 E31.57894
G1 X124.462 Y95.667 E31.68123
G1 X122.883 Y97.448 E31.79571
G1 X122.883 Y100.195 E31.92787
G1 X123.275 Y100.637 E31.95629
G1 X123.275 Y101.425 E31.99416
G1 X117.725 Y101.425 E32.26110
G1 X117.725 Y93.390 E32.64756
G1 X118.245 Y93.390 E32.67258
G1 X118.962 Y94.198 E32.72454
G1 X120.986 Y93.545 E32.82683
G1 X121.838 Y91.043 E32.95393
G1 X120.986 Y88.542 E33.08102
G1 X118.962 Y87.889 E33.18331
G1 X118.245 Y88.697 E33.23527
G1 X117.725 Y88.697 E33.26029
G1 X117.725 Y83.575 E33.50662
G1 X123.275 Y83.575 E33.77356
G1 X123.275 Y84.363 E33.81142
G1 X122.883 Y84.805 E33.83985
G1 X122.883 Y87.553 E33.97201
G1 X124.462 Y89.333 E34.08648
G1 X126.486 Y88.680 E34.18878
G1 X127.338 Y86.179 E34.31586
G1 X126.725 Y84.379 E34.40728
G1 X126.725 Y83.575 E34.44596
G1 X132.275 Y83.575 E34.71290
G1 X132.275 Y88.697 E34.95923
G1 X132.039 Y88.697 E34.97059
G1 X131.986 Y88.542 E34.97847
G1 X130.019 Y87.907 E35.07788
G1 X129.633 Y87.660 F7800.000
G1 E33.07788 F2400.000
G92 E0
G1 X128.382 Y86.402 F7800.000
G1 E2.00000 F2400.000
;TYPE:Internal infill
G1 F4800.000
G1 X127.636 Y88.592 E2.11128
G1 X127.787 Y88.743 E2.12155
G1 X129.628 Y86.666 E2.25502
G1 X131.215 Y87.179 E2.33520
G1 X131.215 Y85.626 E2.40986
G1 X130.224 Y84.636 E2.47723
G1 X127.932 Y84.636 E2.58745
G1 X127.940 Y84.657 E2.58851
G1 X127.323 Y90.063 F7800.000
G1 F4800.000
G1 X127.323 Y89.513 E2.61498
G1 X125.653 Y90.063 E2.69954
G1 X124.451 Y94.549 E2.92289
G1 X125.287 Y94.819 E2.96512
G1 X128.364 Y93.994 E3.11834
G1 X129.152 Y94.883 E3.17549
G1 X128.256 Y98.228 E3.34204
G1 X128.439 Y98.765 E3.36931
G1 X131.215 Y98.021 E3.50753
G1 X131.215 Y98.715 E3.54090
G1 X122.656 Y90.156 E4.12306
G1 X122.836 Y90.685 E4.14993
G1 X123.973 Y90.380 E4.20653
G1 X122.438 Y88.649 E4.31781
G1 X119.607 Y86.982 F7800.000
G1 F4800.000
G1 X121.522 Y87.601 E4.41463
G1 X121.823 Y86.480 E4.47045
G1 X121.823 Y86.165 E4.48555
G1 X119.229 Y86.860 E4.61470
G1 X119.423 Y86.923 E4.62451
G1 X118.785 Y86.285 E4.66788
G1 X118.785 Y84.636 E4.74723
G1 X119.449 Y84.636 E4.77916
G1 E2.77916 F2400.000
G92 E0
G1 X119.319 Y95.197 F7800.000
G1 E2.00000 F2400.000
G1 F4800.000
G1 X118.785 Y95.369 E2.02697
G1 X118.785 Y96.561 E2.08427
G1 X123.332 Y95.342 E2.31067
G1 X122.376 Y96.420 E2.37998
G1 X120.705 Y94.749 E2.49364
G1 X119.503 Y95.138 E2.55443
G1 X118.785 Y97.814 E2.68769
G1 X118.785 Y99.374 E2.76271
G1 X119.776 Y100.364 E2.83009
G1 X121.823 Y100.364 E2.92852
G1 X121.823 Y100.097 E2.94137
M106 S242.25
;LAYER_CHANGE
;Z:23.12
;HEIGHT:0.300001
G1 Z23.120 F7800.000
G1 X124.219 Y90.522
;TYPE:Perimeter
G1 F3600.000
G1 X127.091 Y89.595 E3.08652
G1 X128.152 Y86.479 E3.24486
G1 X127.528 Y84.646 E3.33795
G1 X131.504 Y84.646 E3.52915
G1 X131.504 Y87.276 E3.65561
G1 X129.719 Y86.700 E3.74580
G1 X127.612 Y89.077 E3.89858
G1 X127.612 Y92.410 E4.05890
G1 X129.719 Y94.787 E4.21168
G1 X131.504 Y94.211 E4.30188
G1 X131.504 Y100.354 E4.59733
G1 X127.528 Y100.354 E4.78853
G1 X128.152 Y98.521 E4.88162
G1 X127.091 Y95.405 E5.03996
G1 X124.219 Y94.478 E5.18511
G1 X122.112 Y96.855 E5.33790
G1 X122.112 Y100.188 E5.49821
G1 X122.259 Y100.354 E5.50886
G1 X118.496 Y100.354 E5.68982
G1 X118.496 Y94.535 E5.96967
G1 X118.719 Y94.787 E5.98583
G1 X121.591 Y93.860 E6.13098
G1 X122.652 Y90.743 E6.28932
G1 X121.591 Y87.627 E6.44767
G1 X118.719 Y86.700 E6.59282
G1 X118.496 Y86.951 E6.60898
G1 X118.496 Y84.646 E6.71983
G1 X122.259 Y84.646 E6.90079
G1 X122.112 Y84.812 E6.91143
G1 X122.112 Y88.145 E7.07175
G1 X124.179 Y90.477 E7.22165
G1 X124.341 Y90.078 F7800.000
G1 F3600.000
G1 X126.789 Y89.287 E7.34538
G1 X127.745 Y86.479 E7.48808
G1 X127.111 Y84.616 E7.58275
G1 X127.111 Y84.261 E7.59981
G1 X131.889 Y84.261 E7.82965
G1 X131.889 Y87.805 E8.00014
G1 X129.841 Y87.144 E8.10368
G1 X127.997 Y89.223 E8.23730
G1 X127.997 Y92.264 E8.38355
G1 X129.841 Y94.342 E8.51717
G1 X131.889 Y93.681 E8.62072
G1 X131.889 Y100.739 E8.96020
G1 X127.111 Y100.739 E9.19004
G1 X127.111 Y100.384 E9.20710
G1 X127.745 Y98.521 E9.30177
G1 X126.789 Y95.713 E9.44448
G1 X124.341 Y94.922 E9.56820
G1 X122.497 Y97.001 E9.70183
G1 X122.497 Y100.042 E9.84807
G1 X122.889 Y100.484 E9.87649
G1 X122.889 Y100.739 E9.88878
G1 X118.111 Y100.739 E10.11862
G1 X118.111 Y93.519 E10.46588
G1 X118.841 Y94.342 E10.51880
G1 X121.289 Y93.552 E10.64252
G1 X122.245 Y90.743 E10.78523
G1 X121.289 Y87.934 E10.92795
G1 X118.841 Y87.144 E11.05167
G1 X118.111 Y87.967 E11.10459
G1 X118.111 Y84.261 E11.28286
G1 X122.889 Y84.261 E11.51270
G1 X122.889 Y84.516 E11.52498
G1 X122.497 Y84.958 E11.55341
G1 X122.497 Y87.999 E11.69965
G1 X124.301 Y90.033 E11.83039
G1 X129.962 Y87.589 F7800.000
;TYPE:External perimeter
G1 F1800.000
G1 X128.383 Y89.369 E11.94485
G1 X128.383 Y92.117 E12.07702
G1 X129.962 Y93.898 E12.19148
G1 X131.986 Y93.245 E12.29378
G1 X132.039 Y93.090 E12.30165
G1 X132.275 Y93.090 E12.31302
G1 X132.275 Y101.125 E12.69949
G1 X126.725 Y101.125 E12.96642
G1 X126.725 Y100.321 E13.00511
G1 X127.338 Y98.521 E13.09652
G1 X126.486 Y96.020 E13.22361
G1 X124.462 Y95.367 E13.32591
G1 X122.883 Y97.148 E13.44038
G1 X122.883 Y99.895 E13.57254
G1 X123.275 Y100.337 E13.60096
G1 X123.275 Y101.125 E13.63883
G1 X117.725 Y101.125 E13.90577
G1 X117.725 Y93.090 E14.29223
G1 X118.245 Y93.090 E14.31725
G1 X118.962 Y93.898 E14.36921
G1 X120.986 Y93.245 E14.47150
G1 X121.838 Y90.743 E14.59860
G1 X120.986 Y88.242 E14.72569
G1 X118.962 Y87.589 E14.82798
G1 X118.245 Y88.397 E14.87994
G1 X117.725 Y88.397 E14.90496
G1 X117.725 Y83.875 E15.12243
G1 X123.275 Y83.875 E15.38937
G1 X123.275 Y84.663 E15.42724
G1 X122.883 Y85.105 E15.45566
G1 X122.883 Y87.853 E15.58782
G1 X124.462 Y89.633 E15.70229
G1 X126.486 Y88.980 E15.80459
G1 X127.338 Y86.479 E15.93167
G1 X126.725 Y84.679 E16.02309
G1 X126.725 Y83.875 E16.06177
G1 X132.275 Y83.875 E16.32871
G1 X132.275 Y88.397 E16.54618
G1 X132.039 Y88.397 E16.55755
G1 X131.986 Y88.242 E16.56543
G1 X130.019 Y87.607 E16.66483
G1 X129.633 Y87.360 F7800.000
G1 E14.66483 F2400.000
G92 E0
G1 X127.976 Y88.491 F7800.000
G1 E2.00000 F2400.000
;TYPE:Solid infill
;WIDTH:0.470482
G1 F1200.000
G1 X127.824 Y88.339 E2.01089
G1 X127.970 Y87.910 E2.03381
G1 X128.123 Y88.064 E2.04478
G1 X128.393 Y87.759 E2.06538
G1 X128.116 Y87.482 E2.08523
G1 X128.262 Y87.054 E2.10815
G1 X128.663 Y87.455 E2.13689
G1 X128.933 Y87.150 E2.15749
G1 X128.408 Y86.625 E2.19511
G1 X128.458 Y86.479 E2.20295
G1 X128.263 Y85.906 E2.23361
G1 X129.203 Y86.846 E2.30096
G1 X129.473 Y86.542 E2.32156
G1 X127.966 Y85.035 E2.42949
G1 X127.932 Y84.936 E2.43480
G1 X128.441 Y84.936 E2.46058
G1 X129.989 Y86.483 E2.57140
G1 X130.837 Y86.757 E2.61654
G1 X129.016 Y84.936 E2.74697
G1 X129.590 Y84.936 E2.77606
G1 X131.215 Y86.560 E2.89243
G1 X131.215 Y85.986 E2.92152
G1 X130.164 Y84.936 E2.99675
G1 X130.739 Y84.936 E3.02584
G1 X131.388 Y85.585 E3.07236
G1 X127.396 Y89.367 F7800.000
;TYPE:Gap fill
;WIDTH:0.159521
G1 F1200.000
G1 X127.367 Y89.542 E3.07447
;WIDTH:0.200662
G1 X127.338 Y89.718 E3.07749
G1 X127.323 Y90.489 F7800.000
;TYPE:Internal infill
;WIDTH:0.45
G1 F4800.000
G1 X127.323 Y90.008 E3.10061
G1 X126.946 Y89.946 E3.11899
G1 X125.565 Y90.392 E3.18877
G1 X124.525 Y94.273 E3.38202
G1 X125.794 Y94.682 E3.44618
G1 X128.579 Y93.936 E3.58482
G1 X129.214 Y94.653 E3.63086
G1 X128.301 Y98.060 E3.80052
G1 X128.458 Y98.521 E3.82396
G1 X128.369 Y98.783 E3.83727
G1 X131.215 Y98.021 E3.97898
G1 X131.215 Y98.715 E4.01234
G1 X122.811 Y90.311 E4.58397
G1 X122.929 Y90.659 E4.60169
G1 X123.758 Y90.438 E4.64293
G1 X122.290 Y88.783 E4.74931
G1 X122.323 Y88.879 E4.75421
G1 X121.896 Y87.855 F7800.000
;TYPE:Gap fill
;WIDTH:0.159511
G1 F1200.000
G1 X121.838 Y87.504 E4.75843
G1 X121.993 Y85.747 F7800.000
;TYPE:Bridge infill
;WIDTH:0.434105
;HEIGHT:0.4
M106 S255
G1 F3600.000
G1 X121.213 Y84.968 E4.82627
G1 X120.529 Y84.968 E4.86839
G1 X121.790 Y86.229 E4.97818
G1 X121.790 Y86.914 E5.02031
G1 X119.844 Y84.968 E5.18968
G1 X119.761 Y84.968 E5.19478
G1 X119.679 Y85.488 E5.22717
G1 X121.428 Y87.236 E5.37933
G1 X120.417 Y86.910 E5.44469
G1 X119.409 Y85.902 E5.53239
M106 S242.25
G1 X119.438 Y85.449 F7800.000
;TYPE:Solid infill
;WIDTH:0.459081
;HEIGHT:0.3
G1 F1200.000
G1 X118.924 Y84.936 E5.56817
G1 X118.785 Y84.936 E5.57500
G1 X118.785 Y85.355 E5.59565
G1 X119.210 Y85.780 E5.62523
G1 X119.134 Y86.262 E5.64926
G1 X118.612 Y85.740 E5.68565
G1 E3.68565 F2400.000
G92 E0
G1 X119.407 Y94.869 F7800.000
G1 E2.00000 F2400.000
;TYPE:Internal infill
;WIDTH:0.45
G1 F4800.000
G1 X118.785 Y95.069 E2.03142
G1 X118.785 Y96.561 E2.10315
G1 X122.983 Y95.436 E2.31218
G1 X122.235 Y96.279 E2.36642
G1 X120.479 Y94.523 E2.48591
G1 X119.591 Y94.809 E2.53079
G1 X118.785 Y97.814 E2.68040
G1 X118.785 Y99.374 E2.75543
G1 X119.476 Y100.064 E2.80240
G1 X121.790 Y100.064 E2.91368
M106 S229.5
;LAYER_CHANGE
;Z:23.42
;HEIGHT:0.299999
G1 Z23.420 F7800.000
G1 E0.91368 F2400.000
G92 E0
G1 X127.612 Y88.967 F7800.000
G1 E2.00000 F2400.000
;TYPE:Perimeter
G1 F3600.000
G1 X127.612 Y92.110 E2.15117
G1 X129.719 Y94.487 E2.30395
G1 X131.504 Y93.911 E2.39414
G1 X131.504 Y100.054 E2.68960
G1 X127.528 Y100.054 E2.88079
G1 X128.152 Y98.221 E2.97389
G1 X127.091 Y95.105 E3.13222
G1 X124.219 Y94.178 E3.27738
G1 X122.112 Y96.555 E3.43017
G1 X122.112 Y99.888 E3.59048
G1 X122.259 Y100.054 E3.60113
G1 X118.496 Y100.054 E3.78209
G1 X118.496 Y94.235 E4.06193
G1 X118.719 Y94.487 E4.07810
G1 X121.591 Y93.560 E4.22325
G1 X122.652 Y90.443 E4.38159
G1 X122.040 Y88.644 E4.47300
G1 X122.204 Y88.549 E4.48211
G1 X124.219 Y90.822 E4.62824
G1 X127.091 Y89.895 E4.77340
G1 X127.418 Y88.935 E4.82218
G1 X127.553 Y88.957 E4.82874
G1 E2.82874 F2400.000
G92 E0
G1 X121.591 Y87.327 F7800.000
G1 E2.00000 F2400.000
G1 F900.000
G1 X118.719 Y86.400 E2.14515
G1 X118.496 Y86.651 E2.16131
G1 X118.496 Y84.946 E2.24331
G1 X122.259 Y84.946 E2.42426
G1 X122.112 Y85.112 E2.43491
G1 X122.112 Y88.255 E2.58606
G1 X121.918 Y88.287 E2.59550
G1 X121.611 Y87.384 E2.64140
G1 E0.64140 F2400.000
G92 E0
G1 X129.719 Y86.400 F7800.000
G1 E2.00000 F2400.000
G1 F900.000
G1 X127.704 Y88.673 E2.14613
G1 X127.540 Y88.578 E2.15524
G1 X128.152 Y86.779 E2.24665
G1 X127.528 Y84.946 E2.33975
G1 X131.504 Y84.946 E2.53094
G1 X131.504 Y86.976 E2.62855
G1 X129.776 Y86.418 E2.71585
G1 E0.71585 F2400.000
G92 E0
G1 X124.341 Y90.378 F7800.000
G1 E2.00000 F2400.000
G1 F3600.000
G1 X126.789 Y89.587 E2.12372
G1 X127.745 Y86.779 E2.26643
G1 X127.111 Y84.916 E2.36110
G1 X127.111 Y84.561 E2.37816
G1 X131.889 Y84.561 E2.60800
G1 X131.889 Y87.505 E2.74963
G1 X129.841 Y86.844 E2.85317
G1 X127.997 Y88.923 E2.98680
G1 X127.997 Y91.964 E3.13304
G1 X129.841 Y94.042 E3.26666
G1 X131.889 Y93.381 E3.37021
G1 X131.889 Y100.439 E3.70969
G1 X127.111 Y100.439 E3.93953
G1 X127.111 Y100.084 E3.95659
G1 X127.745 Y98.221 E4.05126
G1 X126.789 Y95.413 E4.19397
G1 X124.341 Y94.622 E4.31769
G1 X122.497 Y96.701 E4.45132
G1 X122.497 Y99.742 E4.59756
G1 X122.889 Y100.184 E4.62598
G1 X122.889 Y100.439 E4.63827
G1 X118.111 Y100.439 E4.86811
G1 X118.111 Y93.219 E5.21537
G1 X118.841 Y94.042 E5.26829
G1 X121.289 Y93.252 E5.39201
G1 X122.245 Y90.443 E5.53473
G1 X121.289 Y87.634 E5.67745
G1 X118.841 Y86.844 E5.80117
G1 X118.111 Y87.667 E5.85408
G1 X118.111 Y84.561 E6.00349
G1 X122.889 Y84.561 E6.23333
G1 X122.889 Y84.816 E6.24562
G1 X122.497 Y85.258 E6.27404
G1 X122.497 Y88.299 E6.42028
G1 X124.301 Y90.333 E6.55102
G1 E4.55102 F2400.000
G92 E0
G1 X129.962 Y87.289 F7800.000
G1 E2.00000 F2400.000
;TYPE:External perimeter
G1 F1800.000
G1 X128.383 Y89.069 E2.11446
G1 X128.383 Y91.817 E2.24663
G1 X129.962 Y93.598 E2.36110
G1 X131.986 Y92.945 E2.46339
G1 X132.039 Y92.790 E2.47126
G1 X132.275 Y92.790 E2.48263
G1 X132.275 Y100.825 E2.86910
G1 X126.725 Y100.825 E3.13603
G1 X126.725 Y100.021 E3.17472
G1 X127.338 Y98.221 E3.26614
G1 X126.486 Y95.720 E3.39322
G1 X124.462 Y95.067 E3.49552
G1 X122.883 Y96.848 E3.60999
G1 X122.883 Y99.595 E3.74215
G1 X123.275 Y100.037 E3.77057
G1 X123.275 Y100.825 E3.80844
G1 X117.725 Y100.825 E4.07538
G1 X117.725 Y92.790 E4.46184
G1 X118.245 Y92.790 E4.48686
G1 X118.962 Y93.598 E4.53882
G1 X120.986 Y92.945 E4.64111
G1 X121.838 Y90.443 E4.76821
G1 X120.986 Y87.942 E4.89530
G1 X118.962 Y87.289 E4.99759
G1 X118.245 Y88.097 E5.04955
G1 X117.725 Y88.097 E5.07457
G1 X117.725 Y84.175 E5.26319
G1 X123.275 Y84.175 E5.53012
G1 X123.275 Y84.963 E5.56799
G1 X122.883 Y85.405 E5.59641
G1 X122.883 Y88.153 E5.72858
G1 X124.462 Y89.933 E5.84305
G1 X126.486 Y89.280 E5.94534
G1 X127.338 Y86.779 E6.07243
G1 X126.725 Y84.979 E6.16384
G1 X126.725 Y84.175 E6.20253
G1 X132.275 Y84.175 E6.46946
G1 X132.275 Y88.097 E6.65808
G1 X132.039 Y88.097 E6.66944
G1 X131.986 Y87.942 E6.67732
G1 X130.019 Y87.307 E6.77673
G1 X129.633 Y87.060 F7800.000
G1 X130.794 Y86.625
;TYPE:Solid infill
;WIDTH:0.456452
G1 F1200.000
G1 X131.215 Y86.204 E6.80582
G1 X131.215 Y85.650 E6.83294
G1 X130.513 Y86.352 E6.88149
G1 X130.093 Y86.217 E6.90303
G1 X131.074 Y85.236 E6.97087
G1 X130.520 Y85.236 E6.99798
G1 X128.190 Y87.566 E7.15911
G1 X128.458 Y86.779 E7.19976
G1 X128.449 Y86.752 E7.20113
G1 X129.965 Y85.236 E7.30601
G1 X129.411 Y85.236 E7.33312
G1 X128.308 Y86.339 E7.40939
G1 X128.167 Y85.925 E7.43076
G1 X128.856 Y85.236 E7.47843
G1 X128.302 Y85.236 E7.50554
G1 X127.890 Y85.648 E7.53406
G1 X127.396 Y89.667 F7800.000
;TYPE:Gap fill
;WIDTH:0.159521
G1 F1200.000
G1 X127.367 Y89.842 E7.53617
;WIDTH:0.200662
G1 X127.338 Y90.018 E7.53919
G1 E5.53919 F2400.000
G92 E0
G1 X118.612 Y85.842 F7800.000
G1 E2.00000 F2400.000
;TYPE:Solid infill
;WIDTH:0.450227
G1 F1200.000
G1 X119.218 Y85.236 E2.04127
G1 X119.764 Y85.236 E2.06753
G1 X118.859 Y86.141 E2.12914
G1 X119.271 Y86.274 E2.15000
G1 X120.310 Y85.236 E2.22067
G1 X120.855 Y85.236 E2.24693
G1 X119.684 Y86.407 E2.32667
G1 X120.096 Y86.540 E2.34753
G1 X121.401 Y85.236 E2.43632
G1 X121.823 Y85.236 E2.45661
G1 X121.823 Y85.360 E2.46258
G1 X120.509 Y86.673 E2.55199
G1 X120.921 Y86.807 E2.57286
G1 X121.823 Y85.905 E2.63419
G1 X121.823 Y86.451 E2.66045
G1 X121.196 Y87.078 E2.70309
G1 X121.838 Y87.204 F7800.000
;TYPE:Gap fill
;WIDTH:0.159511
G1 F1200.000
G1 X121.896 Y87.555 E2.70731
G1 X122.532 Y89.731 F7800.000
;TYPE:Solid infill
;WIDTH:0.49385
G1 F1200.000
G1 X122.831 Y89.431 E2.72999
G1 X123.540 Y90.236 F7800.000
;TYPE:Bridge infill
;WIDTH:0.402243
;HEIGHT:0.4
M106 S255
G1 F3600.000
G1 X122.971 Y90.806 E2.77257
G1 X122.640 Y91.775 E2.82669
G1 X123.698 Y90.718 E2.90568
G1 X123.998 Y91.057 E2.92961
G1 X121.986 Y93.070 E3.07997
M106 S229.5
G1 X118.615 Y95.801 F7800.000
M106 S255
G1 F3600.000
G1 X119.564 Y94.852 E3.15089
G1 X120.509 Y94.547 E3.20331
G1 X118.818 Y96.238 E3.32966
G1 X118.818 Y96.877 E3.36345
G1 X124.686 Y91.009 E3.80189
G1 X125.630 Y90.704 E3.85433
G1 X118.615 Y97.719 E4.37847
M106 S229.5
G1 X121.993 Y99.458 F7800.000
M106 S255
G1 F3600.000
G1 X121.719 Y99.732 E4.39894
G1 X121.079 Y99.732 E4.43273
G1 X121.790 Y99.021 E4.48585
G1 X121.790 Y98.382 E4.51964
G1 X120.440 Y99.732 E4.62054
G1 X119.800 Y99.732 E4.65433
G1 X121.790 Y97.742 E4.80302
G1 X121.790 Y97.103 E4.83681
G1 X119.161 Y99.732 E5.03328
G1 X118.818 Y99.732 E5.05141
G1 X118.818 Y99.436 E5.06707
G1 X121.790 Y96.463 E5.28918
G1 X121.790 Y96.433 E5.29077
G1 X122.772 Y95.325 E5.36897
G1 X122.581 Y95.033 E5.38744
G1 X118.818 Y98.796 E5.66862
G1 X118.818 Y98.157 E5.70241
G1 X126.575 Y90.399 E6.28199
G1 X126.948 Y90.279 E6.30271
G1 X127.280 Y90.334 E6.32049
G1 X123.016 Y94.598 E6.63910
G1 X123.280 Y94.752 E6.65529
G1 X124.118 Y93.807 E6.72200
G1 X124.366 Y93.887 E6.73576
G1 X127.290 Y90.963 E6.95427
G1 X127.290 Y91.603 E6.98806
G1 X124.849 Y94.044 E7.17044
G1 X125.333 Y94.200 E7.19728
G1 X127.290 Y92.242 E7.34354
G1 X127.290 Y92.532 E7.35885
G1 X127.455 Y92.717 E7.37194
G1 X125.816 Y94.356 E7.49436
G1 X126.300 Y94.512 E7.52120
G1 X127.755 Y93.056 E7.62996
G1 X128.056 Y93.395 E7.65389
G1 X126.783 Y94.668 E7.74898
G1 X127.267 Y94.824 E7.77582
G1 X127.934 Y94.156 E7.82570
G1 X127.779 Y94.394 E7.84068
G1 X128.024 Y94.652 E7.85949
G1 X128.154 Y94.576 E7.86741
G1 X127.480 Y95.250 E7.91775
G1 X127.643 Y95.727 E7.94437
G1 X128.958 Y94.412 E8.04263
G1 X129.258 Y94.751 E8.06656
G1 X127.805 Y96.204 E8.17514
G1 X127.968 Y96.681 E8.20176
G1 X129.559 Y95.090 E8.32065
G1 X129.618 Y95.157 E8.32537
G1 X130.376 Y94.912 E8.36747
G1 X128.130 Y97.159 E8.53530
G1 X128.292 Y97.636 E8.56193
G1 X131.182 Y94.746 E8.77785
G1 X131.182 Y95.385 E8.81164
G1 X128.455 Y98.113 E9.01542
G1 X128.492 Y98.221 E9.02148
G1 X128.441 Y98.371 E9.02985
G1 X128.492 Y98.521 E9.03822
G1 X128.392 Y98.815 E9.05464
G1 X131.182 Y96.025 E9.26314
G1 X131.182 Y96.664 E9.29693
G1 X128.115 Y99.732 E9.52614
G1 X128.754 Y99.732 E9.55993
G1 X131.182 Y97.304 E9.74136
G1 X131.182 Y97.944 E9.77515
G1 X129.394 Y99.732 E9.90878
G1 X130.033 Y99.732 E9.94257
G1 X131.182 Y98.583 E10.02842
G1 X131.182 Y99.223 E10.06221
G1 X130.470 Y99.935 E10.11541
M106 S229.5
M106 S214.2
;LAYER_CHANGE
;Z:23.72
;HEIGHT:0.299999
G1 Z23.720 F7800.000
G1 X127.612 Y89.267
;TYPE:Perimeter
;WIDTH:0.45
G1 F3600.000
G1 X127.612 Y91.810 E10.23772
G1 X129.719 Y94.187 E10.39050
G1 X131.504 Y93.611 E10.48069
G1 X131.504 Y99.754 E10.77614
G1 X127.528 Y99.754 E10.96734
G1 X128.152 Y97.921 E11.06044
G1 X127.091 Y94.805 E11.21877
G1 X124.219 Y93.878 E11.36393
G1 X122.112 Y96.255 E11.51672
G1 X122.112 Y99.588 E11.67703
G1 X122.259 Y99.754 E11.68768
G1 X118.496 Y99.754 E11.86864
G1 X118.496 Y93.935 E12.14848
G1 X118.719 Y94.187 E12.16465
G1 X121.591 Y93.260 E12.30980
G1 X122.652 Y90.143 E12.46814
G1 X122.371 Y89.318 E12.51006
G1 X122.535 Y89.223 E12.51917
G1 X124.219 Y91.122 E12.64125
G1 X127.091 Y90.195 E12.78641
G1 X127.418 Y89.235 E12.83519
G1 X127.553 Y89.257 E12.84174
G1 E10.84174 F2400.000
G92 E0
G1 X121.591 Y87.027 F7800.000
G1 E2.00000 F2400.000
G1 F900.000
G1 X118.719 Y86.100 E2.14515
G1 X118.496 Y86.351 E2.16131
G1 X118.496 Y85.246 E2.21445
G1 X122.259 Y85.246 E2.39541
G1 X122.112 Y85.412 E2.40605
G1 X122.112 Y87.955 E2.52835
G1 X121.918 Y87.987 E2.53779
G1 X121.611 Y87.084 E2.58368
G1 E0.58368 F2400.000
G92 E0
G1 X129.719 Y86.100 F7800.000
G1 E2.00000 F2400.000
G1 F900.000
G1 X128.035 Y87.999 E2.12208
G1 X127.871 Y87.904 E2.13119
G1 X128.152 Y87.079 E2.17311
G1 X127.528 Y85.246 E2.26620
G1 X131.504 Y85.246 E2.45740
G1 X131.504 Y86.676 E2.52614
G1 X129.776 Y86.118 E2.61345
G1 E0.61345 F2400.000
G92 E0
G1 X124.341 Y90.678 F7800.000
G1 E2.00000 F2400.000
G1 F3600.000
G1 X126.789 Y89.887 E2.12372
G1 X127.745 Y87.079 E2.26643
G1 X127.111 Y85.216 E2.36110
G1 X127.111 Y84.861 E2.37816
G1 X131.889 Y84.861 E2.60800
G1 X131.889 Y87.205 E2.72077
G1 X129.841 Y86.544 E2.82432
G1 X127.997 Y88.623 E2.95794
G1 X127.997 Y91.664 E3.10418
G1 X129.841 Y93.742 E3.23780
G1 X131.889 Y93.081 E3.34135
G1 X131.889 Y100.139 E3.68083
G1 X127.111 Y100.139 E3.91067
G1 X127.111 Y99.784 E3.92774
G1 X127.745 Y97.921 E4.02240
G1 X126.789 Y95.113 E4.16511
G1 X124.341 Y94.322 E4.28883
G1 X122.497 Y96.401 E4.42247
G1 X122.497 Y99.442 E4.56870
G1 X122.889 Y99.884 E4.59712
G1 X122.889 Y100.139 E4.60941
G1 X118.111 Y100.139 E4.83925
G1 X118.111 Y92.919 E5.18651
G1 X118.841 Y93.742 E5.23943
G1 X121.289 Y92.952 E5.36315
G1 X122.245 Y90.143 E5.50587
G1 X121.289 Y87.334 E5.64859
G1 X118.841 Y86.544 E5.77231
G1 X118.111 Y87.367 E5.82522
G1 X118.111 Y84.861 E5.94578
G1 X122.889 Y84.861 E6.17562
G1 X122.889 Y85.116 E6.18790
G1 X122.497 Y85.558 E6.21632
G1 X122.497 Y88.599 E6.36256
G1 X124.301 Y90.633 E6.49331
G1 E4.49331 F2400.000
G92 E0
G1 X129.962 Y86.989 F7800.000
G1 E2.00000 F2400.000
;TYPE:External perimeter
G1 F1800.000
G1 X128.383 Y88.769 E2.11446
G1 X128.383 Y91.517 E2.24663
G1 X129.962 Y93.298 E2.36110
G1 X131.986 Y92.645 E2.46339
G1 X132.039 Y92.490 E2.47126
G1 X132.275 Y92.490 E2.48263
G1 X132.275 Y100.525 E2.86910
G1 X126.725 Y100.525 E3.13603
G1 X126.725 Y99.721 E3.17472
G1 X127.338 Y97.921 E3.26614
G1 X126.486 Y95.420 E3.39322
G1 X124.462 Y94.767 E3.49552
G1 X122.883 Y96.548 E3.60999
G1 X122.883 Y99.295 E3.74215
G1 X123.275 Y99.737 E3.77057
G1 X123.275 Y100.525 E3.80844
G1 X117.725 Y100.525 E4.07538
G1 X117.725 Y92.490 E4.46184
G1 X118.245 Y92.490 E4.48686
G1 X118.962 Y93.298 E4.53882
G1 X120.986 Y92.645 E4.64111
G1 X121.838 Y90.143 E4.76821
G1 X120.986 Y87.642 E4.89530
G1 X118.962 Y86.989 E4.99759
G1 X118.245 Y87.797 E5.04955
G1 X117.725 Y87.797 E5.07457
G1 X117.725 Y84.475 E5.23433
G1 X123.275 Y84.475 E5.50127
G1 X123.275 Y85.263 E5.53913
G1 X122.883 Y85.705 E5.56756
G1 X122.883 Y88.453 E5.69972
G1 X124.462 Y90.233 E5.81419
G1 X126.486 Y89.580 E5.91648
G1 X127.338 Y87.079 E6.04357
G1 X126.725 Y85.279 E6.13499
G1 X126.725 Y84.475 E6.17367
G1 X132.275 Y84.475 E6.44060
G1 X132.275 Y87.797 E6.60036
G1 X132.039 Y87.797 E6.61173
G1 X131.986 Y87.642 E6.61960
G1 X130.019 Y87.007 E6.71901
G1 X129.633 Y86.760 F7800.000
G1 X131.388 Y86.228
;TYPE:Solid infill
;WIDTH:0.490897
G1 F1200.000
G1 X130.695 Y85.536 E6.77113
G1 X130.092 Y85.536 E6.80322
G1 X130.654 Y86.098 E6.84550
G1 X129.763 Y85.810 E6.89528
G1 X129.489 Y85.536 E6.91594
G1 X128.886 Y85.536 E6.94803
G1 X129.388 Y86.038 E6.98579
G1 X129.104 Y86.357 E7.00852
G1 X128.283 Y85.536 E7.07034
G1 X127.932 Y85.536 E7.08896
G1 X128.063 Y85.919 E7.11053
G1 X128.821 Y86.677 E7.16753
G1 X128.537 Y86.997 E7.19026
G1 X128.097 Y86.556 E7.22341
G1 X127.799 Y88.084 F7800.000
;TYPE:Gap fill
;WIDTH:0.415786
G1 F1200.000
G1 X127.631 Y88.550 E7.24509
G1 X127.546 Y89.061 E7.26778
G1 X127.396 Y89.967 F7800.000
;WIDTH:0.159521
G1 F1200.000
G1 X127.367 Y90.142 E7.26989
;WIDTH:0.200661
G1 X127.338 Y90.318 E7.27291
G1 X127.496 Y91.209 F7800.000
;TYPE:Solid infill
;WIDTH:0.45389
G1 F1200.000
G1 X126.860 Y90.573 E7.31658
G1 X126.444 Y90.708 E7.33784
G1 X127.496 Y91.760 E7.41012
G1 X129.965 Y94.229 F7800.000
G1 F1200.000
G1 X131.215 Y95.478 E7.49597
G1 X131.215 Y94.927 E7.52273
G1 X130.519 Y94.232 E7.57049
G1 X130.936 Y94.098 E7.59175
G1 X131.388 Y94.550 E7.62282
G1 X131.388 Y96.203 F7800.000
G1 F1200.000
G1 X126.028 Y90.842 E7.99111
G1 X125.611 Y90.977 E8.01237
G1 X131.215 Y96.580 E8.39734
G1 X131.215 Y97.131 E8.42410
G1 X125.195 Y91.111 E8.83769
G1 X124.778 Y91.246 E8.85895
G1 X131.215 Y97.682 E9.30114
G1 X131.215 Y98.233 E9.32790
G1 X124.362 Y91.380 E9.79870
G1 X124.128 Y91.455 E9.81064
G1 X122.954 Y90.131 E9.89665
G1 X122.860 Y90.429 E9.91184
G1 X126.857 Y94.425 E10.18639
G1 X126.043 Y94.163 E10.22792
G1 X122.721 Y90.840 E10.45620
G1 X122.581 Y91.251 E10.47728
G1 X125.230 Y93.900 E10.65928
G1 X124.416 Y93.637 E10.70081
G1 X122.441 Y91.662 E10.83653
G1 X122.301 Y92.073 E10.85762
G1 X123.961 Y93.733 E10.97168
G1 X123.702 Y94.025 E10.99064
G1 X122.161 Y92.484 E11.09653
G1 X122.021 Y92.895 E11.11762
G1 X123.443 Y94.317 E11.21533
G1 X123.184 Y94.609 E11.23429
G1 X121.881 Y93.306 E11.32383
G1 X121.818 Y93.490 E11.33330
G1 X121.589 Y93.564 E11.34502
G1 X122.925 Y94.901 E11.43686
G1 X122.667 Y95.193 E11.45581
G1 X121.172 Y93.699 E11.55848
G1 X120.756 Y93.833 E11.57974
G1 X122.408 Y95.485 E11.69323
G1 X122.149 Y95.777 E11.71219
G1 X120.339 Y93.968 E11.83650
G1 X119.923 Y94.102 E11.85776
G1 X121.890 Y96.069 E11.99291
G1 X121.823 Y96.145 E11.99785
G1 X121.823 Y96.552 E12.01763
G1 X119.507 Y94.236 E12.17675
G1 X119.090 Y94.371 E12.19801
G1 X121.823 Y97.103 E12.38574
G1 X121.823 Y97.654 E12.41250
G1 X118.785 Y94.617 E12.62116
G1 X118.785 Y95.168 E12.64792
G1 X121.823 Y98.205 E12.85659
G1 X121.823 Y98.756 E12.88335
G1 X118.785 Y95.719 E13.09201
G1 X118.785 Y96.270 E13.11877
G1 X121.823 Y99.307 E13.32743
G1 X121.823 Y99.464 E13.33510
G1 X121.429 Y99.464 E13.35419
G1 X118.785 Y96.820 E13.53585
G1 X118.785 Y97.371 E13.56261
G1 X120.879 Y99.464 E13.70642
G1 X120.328 Y99.464 E13.73319
G1 X118.785 Y97.922 E13.83915
G1 X118.785 Y98.473 E13.86591
G1 X119.777 Y99.464 E13.93403
G1 X119.226 Y99.464 E13.96079
G1 X118.612 Y98.850 E14.00298
G1 E12.00298 F2400.000
G92 E0
G1 X128.213 Y99.638 F7800.000
G1 E2.00000 F2400.000
G1 F1200.000
G1 X127.960 Y99.384 E2.01742
G1 X128.100 Y98.974 E2.03851
G1 X128.591 Y99.464 E2.07223
G1 X129.141 Y99.464 E2.09899
G1 X128.240 Y98.563 E2.16095
G1 X128.379 Y98.152 E2.18204
G1 X129.692 Y99.464 E2.27223
G1 X130.243 Y99.464 E2.29899
G1 X128.333 Y97.554 E2.43022
G1 X128.049 Y96.719 E2.47309
G1 X130.794 Y99.464 E2.66171
G1 X131.215 Y99.464 E2.68215
G1 X131.215 Y99.334 E2.68847
G1 X127.764 Y95.884 E2.92554
G1 X127.480 Y95.048 E2.96840
G1 X131.388 Y98.957 E3.23694
G1 X122.299 Y89.137 F7800.000
;TYPE:Gap fill
;WIDTH:0.41575
G1 F1200.000
G1 X122.131 Y88.672 E3.25861
G1 X122.046 Y88.161 E3.28131
G1 X121.896 Y87.255 F7800.000
;WIDTH:0.159511
G1 F1200.000
G1 X121.838 Y86.904 E3.28553
G1 X121.996 Y86.189 F7800.000
;TYPE:Solid infill
;WIDTH:0.472229
G1 F1200.000
G1 X121.343 Y85.536 E3.33252
G1 X120.766 Y85.536 E3.36186
G1 X121.823 Y86.592 E3.43786
G1 X121.823 Y86.613 E3.43894
G1 X121.445 Y86.676 E3.45838
G1 X121.274 Y86.621 E3.46754
G1 X120.189 Y85.536 E3.54558
G1 X119.613 Y85.536 E3.57492
G1 X120.423 Y86.346 E3.63319
G1 X119.571 Y86.071 E3.67872
G1 X118.862 Y85.362 E3.72969
M106 S219.3
;LAYER_CHANGE
;Z:24.02
;HEIGHT:0.300001
G1 Z24.020 F7800.000
G1 E1.72969 F2400.000
G92 E0
G1 X127.612 Y89.567 F7800.000
G1 E2.00000 F2400.000
;TYPE:Perimeter
;WIDTH:0.45
G1 F3600.000
G1 X127.612 Y91.510 E2.09345
G1 X129.719 Y93.887 E2.24623
G1 X131.504 Y93.311 E2.33643
G1 X131.504 Y99.454 E2.63188
G1 X127.528 Y99.454 E2.82308
G1 X128.152 Y97.621 E2.91618
G1 X127.091 Y94.505 E3.07451
G1 X124.219 Y93.578 E3.21966
G1 X122.112 Y95.955 E3.37246
G1 X122.112 Y99.288 E3.53276
G1 X122.259 Y99.454 E3.54342
G1 X118.496 Y99.454 E3.72437
G1 X118.496 Y93.635 E4.00422
G1 X118.719 Y93.887 E4.02038
G1 X121.591 Y92.960 E4.16553
G1 X122.699 Y89.707 E4.33078
G1 X124.219 Y91.422 E4.44102
G1 X127.091 Y90.495 E4.58617
G1 X127.418 Y89.535 E4.63496
G1 X127.553 Y89.557 E4.64151
G1 X129.719 Y85.800 F7800.000
G1 F900.000
G1 X128.199 Y87.515 E4.75174
G1 X127.528 Y85.546 E4.85174
G1 X131.504 Y85.546 E5.04293
G1 X131.504 Y86.376 E5.08282
G1 X129.776 Y85.818 E5.17013
G1 E3.17013 F2400.000
G92 E0
G1 X122.259 Y85.546 F7800.000
G1 E2.00000 F2400.000
G1 F900.000
G1 X122.112 Y85.712 E2.01064
G1 X122.112 Y87.655 E2.10409
G1 X121.918 Y87.687 E2.11352
G1 X121.591 Y86.727 E2.16231
G1 X118.719 Y85.800 E2.30745
G1 X118.496 Y86.051 E2.32362
G1 X118.496 Y85.546 E2.34790
G1 X122.199 Y85.546 E2.52597
G1 E0.52597 F2400.000
G92 E0
G1 X124.341 Y90.978 F7800.000
G1 E2.00000 F2400.000
G1 F3600.000
G1 X126.789 Y90.187 E2.12372
G1 X127.745 Y87.379 E2.26643
G1 X127.111 Y85.516 E2.36110
G1 X127.111 Y85.161 E2.37816
G1 X131.889 Y85.161 E2.60800
G1 X131.889 Y86.905 E2.69191
G1 X129.841 Y86.244 E2.79546
G1 X127.997 Y88.323 E2.92908
G1 X127.997 Y91.364 E3.07532
G1 X129.841 Y93.442 E3.20895
G1 X131.889 Y92.781 E3.31249
G1 X131.889 Y99.839 E3.65197
G1 X127.111 Y99.839 E3.88181
G1 X127.111 Y99.484 E3.89888
G1 X127.745 Y97.621 E3.99354
G1 X126.789 Y94.813 E4.13625
G1 X124.341 Y94.022 E4.25998
G1 X122.497 Y96.101 E4.39361
G1 X122.497 Y99.142 E4.53984
G1 X122.889 Y99.584 E4.56826
G1 X122.889 Y99.839 E4.58055
G1 X118.111 Y99.839 E4.81039
G1 X118.111 Y92.619 E5.15766
G1 X118.841 Y93.442 E5.21057
G1 X121.289 Y92.652 E5.33429
G1 X122.245 Y89.843 E5.47701
G1 X121.289 Y87.034 E5.61973
G1 X118.841 Y86.244 E5.74345
G1 X118.111 Y87.067 E5.79637
G1 X118.111 Y85.161 E5.88806
G1 X122.889 Y85.161 E6.11790
G1 X122.889 Y85.416 E6.13019
G1 X122.497 Y85.858 E6.15861
G1 X122.497 Y88.899 E6.30485
G1 X124.301 Y90.933 E6.43559
G1 E4.43559 F2400.000
G92 E0
G1 X129.962 Y86.689 F7800.000
G1 E2.00000 F2400.000
;TYPE:External perimeter
G1 F1800.000
G1 X128.383 Y88.469 E2.11446
G1 X128.383 Y91.217 E2.24663
G1 X129.962 Y92.998 E2.36110
G1 X131.986 Y92.345 E2.46339
G1 X132.039 Y92.190 E2.47126
G1 X132.275 Y92.190 E2.48263
G1 X132.275 Y100.225 E2.86910
G1 X126.725 Y100.225 E3.13603
G1 X126.725 Y99.421 E3.17472
G1 X127.338 Y97.621 E3.26614
G1 X126.486 Y95.120 E3.39322
G1 X124.462 Y94.467 E3.49552
G1 X122.883 Y96.248 E3.60999
G1 X122.883 Y98.995 E3.74215
G1 X123.275 Y99.437 E3.77057
G1 X123.275 Y100.225 E3.80844
G1 X117.725 Y100.225 E4.07538
G1 X117.725 Y92.190 E4.46184
G1 X118.245 Y92.190 E4.48686
G1 X118.962 Y92.998 E4.53882
G1 X120.986 Y92.345 E4.64111
G1 X121.838 Y89.843 E4.76821
G1 X120.986 Y87.342 E4.89530
G1 X118.962 Y86.689 E4.99759
G1 X118.245 Y87.497 E5.04955
G1 X117.725 Y87.497 E5.07457
G1 X117.725 Y84.775 E5.20547
G1 X123.275 Y84.775 E5.47241
G1 X123.275 Y85.563 E5.51027
G1 X122.883 Y86.005 E5.53870
G1 X122.883 Y88.753 E5.67086
G1 X124.462 Y90.533 E5.78533
G1 X126.486 Y89.880 E5.88763
G1 X127.338 Y87.379 E6.01471
G1 X126.725 Y85.579 E6.10613
G1 X126.725 Y84.775 E6.14481
G1 X132.275 Y84.775 E6.41175
G1 X132.275 Y87.497 E6.54265
G1 X132.039 Y87.497 E6.55401
G1 X131.986 Y87.342 E6.56189
G1 X130.019 Y86.707 E6.66130
G1 X129.633 Y86.460 F7800.000
G1 X130.304 Y85.762
;TYPE:Gap fill
;WIDTH:0.161577
G1 F1200.000
G1 X130.472 Y85.788 E6.66335
;WIDTH:0.204773
G1 X130.640 Y85.815 E6.66633
;WIDTH:0.247969
G1 X130.808 Y85.841 E6.67022
;WIDTH:0.291165
G1 X130.975 Y85.868 E6.67502
;WIDTH:0.334361
G1 X131.143 Y85.894 E6.68074
;WIDTH:0.377557
G1 X131.311 Y85.920 E6.68738
G1 X127.893 Y86.259 F7800.000
;TYPE:Solid infill
;WIDTH:0.463396
G1 F1200.000
G1 X128.317 Y85.836 E6.71717
G1 X128.881 Y85.836 E6.74526
G1 X128.037 Y86.680 E6.80468
G1 X127.995 Y87.515 F7800.000
;TYPE:Gap fill
;WIDTH:0.214536
G1 F1200.000
G1 X127.730 Y88.250 E6.81930
G1 X127.669 Y88.620 E6.82633
;WIDTH:0.360362
G1 X127.577 Y89.175 E6.84711
;WIDTH:0.508076
G1 X127.546 Y89.361 E6.85750
G1 X127.396 Y90.267 F7800.000
;WIDTH:0.159521
G1 F1200.000
G1 X127.367 Y90.442 E6.85961
;WIDTH:0.200661
G1 X127.338 Y90.618 E6.86263
G1 X130.602 Y99.338 F7800.000
;TYPE:Solid infill
;WIDTH:0.453142
G1 F1200.000
G1 X131.215 Y98.725 E6.90464
G1 X131.215 Y98.175 E6.93130
G1 X130.226 Y99.164 E6.99912
G1 X129.676 Y99.164 E7.02578
G1 X131.215 Y97.626 E7.13129
G1 X131.215 Y97.076 E7.15795
G1 X129.126 Y99.164 E7.30117
G1 X128.576 Y99.164 E7.32783
G1 X131.215 Y96.526 E7.50875
G1 X131.215 Y95.976 E7.53540
G1 X128.026 Y99.164 E7.75402
G1 X127.932 Y99.164 E7.75858
G1 X128.168 Y98.473 E7.79399
G1 X131.215 Y95.426 E8.00291
G1 X131.215 Y94.877 E8.02957
G1 X128.452 Y97.640 E8.21902
G1 X128.321 Y97.220 E8.24032
G1 X131.215 Y94.327 E8.43872
G1 X131.215 Y93.777 E8.46537
G1 X128.182 Y96.810 E8.67335
G1 X128.042 Y96.400 E8.69436
G1 X130.505 Y93.937 E8.86325
G1 X129.693 Y94.199 E8.90461
G1 X127.902 Y95.990 E9.02742
G1 X127.763 Y95.580 E9.04843
G1 X129.390 Y93.952 E9.16005
G1 X129.132 Y93.660 E9.17893
G1 X127.623 Y95.170 E9.28242
G1 X127.483 Y94.759 E9.30342
G1 X128.874 Y93.369 E9.39877
G1 X128.615 Y93.078 E9.41765
G1 X127.344 Y94.349 E9.50485
G1 X127.318 Y94.274 E9.50868
G1 X126.978 Y94.165 E9.52600
G1 X128.357 Y92.786 E9.62053
G1 X128.099 Y92.495 E9.63941
G1 X126.563 Y94.031 E9.74472
G1 X126.147 Y93.896 E9.76590
G1 X127.840 Y92.203 E9.88199
G1 X127.582 Y91.912 E9.90088
G1 X125.732 Y93.762 E10.02775
G1 X125.316 Y93.628 E10.04893
G1 X127.323 Y91.621 E10.18658
G1 X127.323 Y91.072 E10.21320
G1 X124.900 Y93.494 E10.37930
G1 X124.485 Y93.360 E10.40048
G1 X126.991 Y90.853 E10.57234
G1 X126.946 Y90.846 E10.57457
G1 X126.212 Y91.083 E10.61195
G1 X118.785 Y98.509 E11.12120
G1 X118.785 Y99.059 E11.14786
G1 X121.823 Y96.022 E11.35612
G1 X121.823 Y96.572 E11.38278
G1 X119.230 Y99.164 E11.56057
G1 X119.780 Y99.164 E11.58723
G1 X121.823 Y97.121 E11.72732
G1 X121.823 Y97.671 E11.75398
G1 X120.329 Y99.164 E11.85637
G1 X120.879 Y99.164 E11.88303
G1 X121.823 Y98.221 E11.94772
G1 X121.823 Y98.771 E11.97438
G1 X121.255 Y99.338 E12.01327
G1 X118.612 Y98.133 F7800.000
G1 F1200.000
G1 X125.400 Y91.345 E12.47874
G1 X124.588 Y91.607 E12.52011
G1 X118.785 Y97.410 E12.91801
G1 X118.785 Y96.860 E12.94467
G1 X124.016 Y91.629 E13.30335
G1 X123.758 Y91.338 E13.32224
G1 X118.785 Y96.310 E13.66320
G1 X118.785 Y95.760 E13.68986
G1 X121.135 Y93.411 E13.85096
G1 X120.323 Y93.673 E13.89232
G1 X118.785 Y95.210 E13.99775
G1 X118.785 Y94.661 E14.02441
G1 X119.780 Y93.666 E14.09264
G1 X121.779 Y92.766 F7800.000
G1 F1200.000
G1 X123.499 Y91.046 E14.21060
G1 X123.241 Y90.755 E14.22948
G1 X122.341 Y91.655 E14.29120
G1 X122.625 Y90.821 E14.33390
G1 X123.106 Y90.341 E14.36686
G1 X122.495 Y89.707 F7800.000
;TYPE:Gap fill
;WIDTH:0.214513
G1 F1200.000
G1 X122.230 Y88.972 E14.38148
G1 X122.169 Y88.602 E14.38851
;WIDTH:0.360356
G1 X122.077 Y88.046 E14.40929
;WIDTH:0.508087
G1 X122.046 Y87.861 E14.41968
G1 X121.896 Y86.955 F7800.000
;WIDTH:0.159512
G1 F1200.000
G1 X121.838 Y86.604 E14.42390
G1 X121.890 Y85.662 F7800.000
;TYPE:Solid infill
;WIDTH:0.507669
G1 F1200.000
G1 X121.104 Y86.448 E14.48534
G1 X120.815 Y86.000 F7800.000
;TYPE:Gap fill
;WIDTH:0.515337
G1 F1200.000
G1 X120.626 Y85.970 E14.49609
;WIDTH:0.465718
G1 X120.437 Y85.940 E14.50566
;WIDTH:0.416098
G1 X120.248 Y85.911 E14.51404
;WIDTH:0.366478
G1 X120.060 Y85.881 E14.52124
;WIDTH:0.316859
G1 X119.871 Y85.851 E14.52726
;WIDTH:0.267239
G1 X119.682 Y85.821 E14.53210
;WIDTH:0.21762
G1 X119.493 Y85.792 E14.53575
;WIDTH:0.168
G1 X119.304 Y85.762 E14.53822
M106 S221.85
;LAYER_CHANGE
;Z:24.32
;HEIGHT:0.299999
G1 Z24.320 F7800.000
G1 E12.53822 F2400.000
G92 E0
G1 X127.612 Y89.867 F7800.000
G1 E2.00000 F2400.000
;TYPE:Perimeter
;WIDTH:0.45
G1 F3600.000
G1 X127.612 Y91.210 E2.06460
G1 X129.719 Y93.587 E2.21738
G1 X131.504 Y93.011 E2.30757
G1 X131.504 Y99.154 E2.60302
G1 X127.528 Y99.154 E2.79422
G1 X128.152 Y97.321 E2.88732
G1 X127.091 Y94.205 E3.04565
G1 X124.219 Y93.278 E3.19081
G1 X122.112 Y95.655 E3.34360
G1 X122.112 Y98.988 E3.50391
G1 X122.259 Y99.154 E3.51456
G1 X118.496 Y99.154 E3.69552
G1 X118.496 Y93.335 E3.97536
G1 X118.719 Y93.587 E3.99153
G1 X121.591 Y92.660 E4.13667
G1 X122.551 Y89.841 E4.27990
G1 X124.219 Y91.722 E4.40083
G1 X127.091 Y90.795 E4.54599
G1 X127.418 Y89.835 E4.59477
G1 X127.553 Y89.857 E4.60132
G1 X129.412 Y85.846 F7800.000
G1 F900.000
G1 X128.051 Y87.381 E4.69997
G1 X127.528 Y85.846 E4.77794
G1 X129.352 Y85.846 E4.86564
G1 E2.86564 F2400.000
G92 E0
G1 X122.259 Y85.846 F7800.000
G1 E2.00000 F2400.000
G1 F900.000
G1 X122.112 Y86.012 E2.01065
G1 X122.112 Y87.355 E2.07523
G1 X121.918 Y87.387 E2.08466
G1 X121.591 Y86.427 E2.13345
G1 X120.399 Y86.042 E2.19372
G1 X120.429 Y85.846 E2.20323
G1 X122.199 Y85.846 E2.28832
G1 E0.28832 F2400.000
G92 E0
G1 X124.341 Y91.278 F7800.000
G1 E2.00000 F2400.000
G1 F3600.000
G1 X126.789 Y90.487 E2.12372
G1 X127.745 Y87.679 E2.26643
G1 X127.111 Y85.816 E2.36110
G1 X127.111 Y85.461 E2.37816
G1 X131.889 Y85.461 E2.60800
G1 X131.889 Y86.605 E2.66305
G1 X129.841 Y85.944 E2.76660
G1 X127.997 Y88.023 E2.90022
G1 X127.997 Y91.064 E3.04647
G1 X129.841 Y93.142 E3.18009
G1 X131.889 Y92.481 E3.28364
G1 X131.889 Y99.539 E3.62311
G1 X127.111 Y99.539 E3.85295
G1 X127.111 Y99.184 E3.87002
G1 X127.745 Y97.321 E3.96468
G1 X126.789 Y94.513 E4.10739
G1 X124.341 Y93.722 E4.23112
G1 X122.497 Y95.801 E4.36475
G1 X122.497 Y98.842 E4.51098
G1 X122.889 Y99.284 E4.53941
G1 X122.889 Y99.539 E4.55169
G1 X118.111 Y99.539 E4.78154
G1 X118.111 Y92.319 E5.12880
G1 X118.841 Y93.142 E5.18171
G1 X121.289 Y92.352 E5.30543
G1 X122.245 Y89.543 E5.44815
G1 X121.289 Y86.734 E5.59087
G1 X118.841 Y85.944 E5.71459
G1 X118.111 Y86.767 E5.76751
G1 X118.111 Y85.461 E5.83035
G1 X122.889 Y85.461 E6.06019
G1 X122.889 Y85.716 E6.07247
G1 X122.497 Y86.158 E6.10089
G1 X122.497 Y89.199 E6.24713
G1 X124.301 Y91.233 E6.37787
G1 E4.37787 F2400.000
G92 E0
G1 X129.962 Y86.389 F7800.000
G1 E2.00000 F2400.000
;TYPE:External perimeter
G1 F1800.000
G1 X128.383 Y88.169 E2.11446
G1 X128.383 Y90.917 E2.24663
G1 X129.962 Y92.698 E2.36110
G1 X131.986 Y92.045 E2.46339
G1 X132.039 Y91.890 E2.47126
G1 X132.275 Y91.890 E2.48263
G1 X132.275 Y99.925 E2.86910
G1 X126.725 Y99.925 E3.13603
G1 X126.725 Y99.121 E3.17472
G1 X127.338 Y97.321 E3.26614
G1 X126.486 Y94.820 E3.39322
G1 X124.462 Y94.167 E3.49552
G1 X122.883 Y95.948 E3.60999
G1 X122.883 Y98.695 E3.74215
G1 X123.275 Y99.137 E3.77057
G1 X123.275 Y99.925 E3.80844
G1 X117.725 Y99.925 E4.07538
G1 X117.725 Y91.890 E4.46184
G1 X118.245 Y91.890 E4.48686
G1 X118.962 Y92.698 E4.53882
G1 X120.986 Y92.045 E4.64111
G1 X121.838 Y89.543 E4.76821
G1 X120.986 Y87.042 E4.89530
G1 X118.962 Y86.389 E4.99759
G1 X118.245 Y87.197 E5.04955
G1 X117.725 Y87.197 E5.07457
G1 X117.725 Y85.075 E5.17661
G1 X123.275 Y85.075 E5.44355
G1 X123.275 Y85.863 E5.48142
G1 X122.883 Y86.305 E5.50984
G1 X122.883 Y89.053 E5.64200
G1 X124.462 Y90.833 E5.75647
G1 X126.486 Y90.180 E5.85877
G1 X127.338 Y87.679 E5.98585
G1 X126.725 Y85.879 E6.07727
G1 X126.725 Y85.075 E6.11595
G1 X132.275 Y85.075 E6.38289
G1 X132.275 Y87.197 E6.48493
G1 X132.039 Y87.197 E6.49630
G1 X131.986 Y87.042 E6.50417
G1 X130.019 Y86.407 E6.60358
G1 X129.633 Y86.160 F7800.000
G1 X130.185 Y85.751
;TYPE:Gap fill
;WIDTH:0.253938
G1 F1200.000
G1 X129.996 Y85.721 E6.60810
;WIDTH:0.205277
G1 X129.807 Y85.691 E6.61146
G1 X130.185 Y85.751 F7800.000
;WIDTH:0.302598
G1 F1200.000
G1 X130.374 Y85.780 E6.61715
;WIDTH:0.351259
G1 X130.563 Y85.810 E6.62399
;WIDTH:0.399919
G1 X130.752 Y85.840 E6.63200
;WIDTH:0.44858
G1 X130.941 Y85.870 E6.64116
;WIDTH:0.497241
G1 X131.130 Y85.899 E6.65149
;WIDTH:0.545901
G1 X131.319 Y85.929 E6.66297
;WIDTH:0.594562
G1 X131.508 Y85.959 E6.67562
;WIDTH:0.643222
G1 X131.697 Y85.989 E6.68943
G1 X128.768 Y86.398 F7800.000
;TYPE:Solid infill
;WIDTH:0.481372
G1 F1200.000
G1 X128.506 Y86.136 E6.70873
G1 X127.932 Y86.136 E6.73854
G1 X128.491 Y86.711 E6.78023
G1 X127.782 Y88.238 F7800.000
;TYPE:Gap fill
;WIDTH:0.167093
G1 F1200.000
G1 X127.753 Y88.416 E6.78254
;WIDTH:0.215805
G1 X127.723 Y88.594 E6.78594
;WIDTH:0.264517
G1 X127.694 Y88.772 E6.79044
;WIDTH:0.313229
G1 X127.664 Y88.950 E6.79603
;WIDTH:0.361941
G1 X127.635 Y89.127 E6.80272
;WIDTH:0.410653
G1 X127.605 Y89.305 E6.81050
;WIDTH:0.459365
G1 X127.576 Y89.483 E6.81938
;WIDTH:0.508077
G1 X127.546 Y89.661 E6.82935
G1 X127.396 Y90.567 F7800.000
;WIDTH:0.159521
G1 F1200.000
G1 X127.367 Y90.742 E6.83146
;WIDTH:0.200661
G1 X127.338 Y90.918 E6.83448
G1 X129.965 Y93.629 F7800.000
;TYPE:Solid infill
;WIDTH:0.45389
G1 F1200.000
G1 X131.215 Y94.878 E6.92033
G1 X131.215 Y94.327 E6.94709
G1 X130.519 Y93.632 E6.99485
G1 X130.936 Y93.498 E7.01611
G1 X131.388 Y93.950 E7.04718
G1 X131.388 Y95.603 F7800.000
G1 F1200.000
G1 X126.935 Y91.149 E7.35315
G1 X126.518 Y91.284 E7.37440
G1 X131.215 Y95.980 E7.69705
G1 X131.215 Y96.531 E7.72382
G1 X126.102 Y91.418 E8.07508
G1 X125.686 Y91.553 E8.09633
G1 X131.215 Y97.082 E8.47620
G1 X131.215 Y97.633 E8.50297
G1 X125.269 Y91.687 E8.91144
G1 X124.853 Y91.822 E8.93270
G1 X126.857 Y93.825 E9.07038
G1 X126.043 Y93.563 E9.11191
G1 X124.436 Y91.956 E9.22230
G1 X124.128 Y92.055 E9.23803
G1 X122.665 Y90.405 E9.34521
G1 X122.581 Y90.651 E9.35786
G1 X125.230 Y93.300 E9.53986
G1 X124.416 Y93.037 E9.58138
G1 X122.441 Y91.062 E9.71710
G1 X122.301 Y91.473 E9.73819
G1 X123.961 Y93.133 E9.85225
G1 X123.702 Y93.425 E9.87121
G1 X122.161 Y91.884 E9.97710
G1 X122.021 Y92.295 E9.99819
G1 X123.443 Y93.717 E10.09590
G1 X123.184 Y94.009 E10.11486
G1 X121.881 Y92.706 E10.20441
G1 X121.818 Y92.890 E10.21388
G1 X121.589 Y92.964 E10.22559
G1 X122.925 Y94.301 E10.31743
G1 X122.667 Y94.593 E10.33639
G1 X121.172 Y93.099 E10.43905
G1 X120.756 Y93.233 E10.46031
G1 X122.408 Y94.885 E10.57380
G1 X122.149 Y95.177 E10.59276
G1 X120.339 Y93.368 E10.71708
G1 X119.923 Y93.502 E10.73833
G1 X121.890 Y95.469 E10.87348
G1 X121.823 Y95.545 E10.87842
G1 X121.823 Y95.952 E10.89820
G1 X119.507 Y93.636 E11.05732
G1 X119.090 Y93.771 E11.07858
G1 X121.823 Y96.503 E11.26631
G1 X121.823 Y97.054 E11.29307
G1 X118.785 Y94.017 E11.50174
G1 X118.785 Y94.568 E11.52850
G1 X121.823 Y97.605 E11.73716
G1 X121.823 Y98.156 E11.76392
G1 X118.785 Y95.119 E11.97258
G1 X118.785 Y95.670 E11.99934
G1 X121.823 Y98.707 E12.20801
G1 X121.823 Y98.864 E12.21567
G1 X121.429 Y98.864 E12.23477
G1 X118.785 Y96.220 E12.41642
G1 X118.785 Y96.771 E12.44319
G1 X120.879 Y98.864 E12.58700
G1 X120.328 Y98.864 E12.61376
G1 X118.785 Y97.322 E12.71972
G1 X118.785 Y97.873 E12.74648
G1 X119.777 Y98.864 E12.81460
G1 X119.226 Y98.864 E12.84136
G1 X118.612 Y98.250 E12.88356
G1 E10.88356 F2400.000
G92 E0
G1 X128.213 Y99.038 F7800.000
G1 E2.00000 F2400.000
G1 F1200.000
G1 X127.960 Y98.784 E2.01742
G1 X128.100 Y98.374 E2.03851
G1 X128.590 Y98.864 E2.07223
G1 X129.141 Y98.864 E2.09899
G1 X128.240 Y97.963 E2.16095
G1 X128.379 Y97.552 E2.18204
G1 X129.692 Y98.864 E2.27223
G1 X130.243 Y98.864 E2.29899
G1 X128.333 Y96.954 E2.43022
G1 X128.049 Y96.119 E2.47309
G1 X130.794 Y98.864 E2.66171
G1 X131.215 Y98.864 E2.68215
G1 X131.215 Y98.734 E2.68847
G1 X127.764 Y95.284 E2.92554
G1 X127.480 Y94.448 E2.96840
G1 X131.388 Y98.357 E3.23694
G1 X122.282 Y88.983 F7800.000
;TYPE:Gap fill
;WIDTH:0.167093
G1 F1200.000
G1 X122.194 Y88.450 E3.24386
;WIDTH:0.313233
G1 X122.105 Y87.917 E3.26064
;WIDTH:0.459373
G1 X122.046 Y87.561 E3.27840
G1 X121.896 Y86.655 F7800.000
;WIDTH:0.160787
G1 F1200.000
G1 X121.828 Y86.244 E3.28340
;WIDTH:0.27795
G1 X121.796 Y86.162 E3.28574
G1 X121.625 Y86.135 E3.29034
;WIDTH:0.2575
G1 X121.471 Y86.111 E3.29410
;WIDTH:0.211127
G1 X121.317 Y86.086 E3.29695
;WIDTH:0.164754
G1 X121.163 Y86.062 E3.29890
G1 X120.224 Y85.914 F7800.000
;WIDTH:0.515339
G1 F1200.000
G1 X120.044 Y85.886 E3.30910
;WIDTH:0.467723
G1 X119.865 Y85.858 E3.31823
;WIDTH:0.420107
G1 X119.686 Y85.830 E3.32627
;WIDTH:0.372491
G1 X119.507 Y85.801 E3.33324
;WIDTH:0.324876
G1 X119.328 Y85.773 E3.33913
;WIDTH:0.27726
G1 X119.149 Y85.745 E3.34394
;WIDTH:0.229644
G1 X118.970 Y85.717 E3.34768
;WIDTH:0.182028
G1 X118.791 Y85.689 E3.35034
;WIDTH:0.146545
G1 X118.303 Y85.760 E3.35539
M106 S224.4
;LAYER_CHANGE
;Z:24.62
;HEIGHT:0.300001
G1 Z24.620 F7800.000
G1 E1.35539 F2400.000
G92 E0
G1 X127.612 Y90.167 F7800.000
G1 E2.00000 F2400.000
;TYPE:Perimeter
;WIDTH:0.45
G1 F3600.000
G1 X127.612 Y90.910 E2.03574
G1 X129.719 Y93.287 E2.18852
G1 X131.504 Y92.711 E2.27871
G1 X131.504 Y98.854 E2.57416
G1 X127.528 Y98.854 E2.76536
G1 X128.152 Y97.021 E2.85846
G1 X127.091 Y93.905 E3.01679
G1 X124.219 Y92.978 E3.16195
G1 X122.112 Y95.355 E3.31474
G1 X122.112 Y98.688 E3.47505
G1 X122.259 Y98.854 E3.48570
G1 X118.496 Y98.854 E3.66666
G1 X118.496 Y93.035 E3.94650
G1 X118.719 Y93.287 E3.96267
G1 X121.591 Y92.360 E4.10782
G1 X122.403 Y89.974 E4.22901
G1 X124.219 Y92.022 E4.36065
G1 X127.091 Y91.095 E4.50581
G1 X127.418 Y90.135 E4.55459
G1 X127.553 Y90.157 E4.56114
G1 X128.880 Y86.146 F7800.000
G1 F900.000
G1 X127.903 Y87.248 E4.63192
G1 X127.528 Y86.146 E4.68787
G1 X128.820 Y86.146 E4.74998
G1 E2.74998 F2400.000
G92 E0
G1 X122.259 Y86.146 F7800.000
G1 E2.00000 F2400.000
G1 F900.000
G1 X122.112 Y86.312 E2.01065
G1 X122.112 Y87.055 E2.04637
G1 X121.918 Y87.087 E2.05581
G1 X121.598 Y86.146 E2.10359
G1 X122.199 Y86.146 E2.13248
G1 E0.13248 F2400.000
G92 E0
G1 X124.341 Y91.578 F7800.000
G1 E2.00000 F2400.000
G1 F3600.000
G1 X126.789 Y90.787 E2.12372
G1 X127.745 Y87.979 E2.26643
G1 X127.111 Y86.116 E2.36110
G1 X127.111 Y85.761 E2.37816
G1 X129.737 Y85.761 E2.50448
G1 X127.997 Y87.723 E2.63060
G1 X127.997 Y90.764 E2.77685
G1 X129.841 Y92.842 E2.91047
G1 X131.889 Y92.181 E3.01402
G1 X131.889 Y99.239 E3.35349
G1 X127.111 Y99.239 E3.58334
G1 X127.111 Y98.884 E3.60040
G1 X127.745 Y97.021 E3.69507
G1 X126.789 Y94.213 E3.83777
G1 X124.341 Y93.422 E3.96150
G1 X122.497 Y95.501 E4.09513
G1 X122.497 Y98.542 E4.24137
G1 X122.889 Y98.984 E4.26979
G1 X122.889 Y99.239 E4.28208
G1 X118.111 Y99.239 E4.51192
G1 X118.111 Y92.019 E4.85918
G1 X118.841 Y92.842 E4.91209
G1 X121.289 Y92.052 E5.03582
G1 X122.245 Y89.243 E5.17853
G1 X121.289 Y86.434 E5.32125
G1 X119.807 Y85.956 E5.39611
G1 X119.838 Y85.761 E5.40562
G1 X122.889 Y85.761 E5.55237
G1 X122.889 Y86.016 E5.56465
G1 X122.497 Y86.458 E5.59308
G1 X122.497 Y89.499 E5.73932
G1 X124.301 Y91.533 E5.87006
G1 E3.87006 F2400.000
G92 E0
G1 X118.737 Y85.761 F7800.000
G1 E2.00000 F2400.000
G1 F900.000
G1 X118.111 Y86.467 E2.04542
G1 X118.111 Y85.761 E2.07940
G1 X118.677 Y85.761 E2.10664
G1 E0.10664 F2400.000
G92 E0
G1 X130.807 Y85.956 F7800.000
G1 E2.00000 F2400.000
G1 F900.000
G1 X130.838 Y85.761 E2.00951
G1 X131.889 Y85.761 E2.06007
G1 X131.889 Y86.305 E2.08627
G1 X130.865 Y85.975 E2.13806
G1 X129.962 Y86.089 F7800.000
;TYPE:External perimeter
G1 F1800.000
G1 X128.383 Y87.869 E2.25252
G1 X128.383 Y90.617 E2.38469
G1 X129.962 Y92.398 E2.49916
G1 X131.986 Y91.745 E2.60145
G1 X132.039 Y91.590 E2.60932
G1 X132.275 Y91.590 E2.62069
G1 X132.275 Y99.625 E3.00716
G1 X126.725 Y99.625 E3.27409
G1 X126.725 Y98.821 E3.31278
G1 X127.338 Y97.021 E3.40420
G1 X126.486 Y94.520 E3.53128
G1 X124.462 Y93.867 E3.63358
G1 X122.883 Y95.648 E3.74805
G1 X122.883 Y98.395 E3.88021
G1 X123.275 Y98.837 E3.90863
G1 X123.275 Y99.625 E3.94650
G1 X117.725 Y99.625 E4.21344
G1 X117.725 Y91.590 E4.59990
G1 X118.245 Y91.590 E4.62492
G1 X118.962 Y92.398 E4.67688
G1 X120.986 Y91.745 E4.77917
G1 X121.838 Y89.243 E4.90627
G1 X120.986 Y86.742 E5.03336
G1 X118.962 Y86.089 E5.13565
G1 X118.245 Y86.897 E5.18761
G1 X117.725 Y86.897 E5.21263
G1 X117.725 Y85.375 E5.28582
G1 X123.275 Y85.375 E5.55275
G1 X123.275 Y86.163 E5.59062
G1 X122.883 Y86.605 E5.61904
G1 X122.883 Y89.353 E5.75120
G1 X124.462 Y91.133 E5.86567
G1 X126.486 Y90.480 E5.96797
G1 X127.338 Y87.979 E6.09505
G1 X126.725 Y86.179 E6.18647
G1 X126.725 Y85.375 E6.22515
G1 X132.275 Y85.375 E6.49209
G1 X132.275 Y86.897 E6.56527
G1 X132.039 Y86.897 E6.57664
G1 X131.986 Y86.742 E6.58452
G1 X130.019 Y86.107 E6.68392
G1 X129.633 Y85.860 F7800.000
G1 E4.68392 F2400.000
G92 E0
G1 X127.782 Y88.538 F7800.000
G1 E2.00000 F2400.000
;TYPE:Gap fill
;WIDTH:0.167093
G1 F1200.000
G1 X127.753 Y88.716 E2.00231
;WIDTH:0.215805
G1 X127.723 Y88.894 E2.00571
;WIDTH:0.264517
G1 X127.694 Y89.072 E2.01021
;WIDTH:0.313229
G1 X127.664 Y89.250 E2.01580
;WIDTH:0.361941
G1 X127.635 Y89.427 E2.02249
;WIDTH:0.410653
G1 X127.605 Y89.605 E2.03027
;WIDTH:0.459365
G1 X127.576 Y89.783 E2.03915
;WIDTH:0.508077
G1 X127.546 Y89.961 E2.04912
G1 X127.396 Y90.867 F7800.000
;WIDTH:0.14797
G1 F1200.000
G1 X127.377 Y90.983 E2.05034
;WIDTH:0.173264
G1 X127.384 Y91.203 E2.05334
G1 X130.602 Y98.738 F7800.000
;TYPE:Solid infill
;WIDTH:0.453142
G1 F1200.000
G1 X131.215 Y98.125 E2.09535
G1 X131.215 Y97.575 E2.12201
G1 X130.226 Y98.564 E2.18982
G1 X129.676 Y98.564 E2.21648
G1 X131.215 Y97.026 E2.32200
G1 X131.215 Y96.476 E2.34866
G1 X129.126 Y98.564 E2.49187
G1 X128.576 Y98.564 E2.51853
G1 X131.215 Y95.926 E2.69945
G1 X131.215 Y95.376 E2.72611
G1 X128.026 Y98.564 E2.94473
G1 X127.932 Y98.564 E2.94929
G1 X128.168 Y97.873 E2.98469
G1 X131.215 Y94.826 E3.19361
G1 X131.215 Y94.277 E3.22027
G1 X128.452 Y97.040 E3.40973
G1 X128.321 Y96.620 E3.43102
G1 X131.215 Y93.727 E3.62942
G1 X131.215 Y93.177 E3.65608
G1 X128.182 Y96.210 E3.86406
G1 X128.042 Y95.800 E3.88506
G1 X130.505 Y93.337 E4.05396
G1 X129.693 Y93.599 E4.09532
G1 X127.902 Y95.390 E4.21812
G1 X127.763 Y94.980 E4.23913
G1 X129.390 Y93.352 E4.35075
G1 X129.132 Y93.060 E4.36964
G1 X127.623 Y94.570 E4.47312
G1 X127.483 Y94.159 E4.49413
G1 X128.874 Y92.769 E4.58947
G1 X128.615 Y92.478 E4.60836
G1 X127.344 Y93.749 E4.69556
G1 X127.318 Y93.674 E4.69939
G1 X126.978 Y93.565 E4.71670
G1 X128.357 Y92.186 E4.81123
G1 X128.099 Y91.895 E4.83012
G1 X126.563 Y93.431 E4.93543
G1 X126.147 Y93.296 E4.95660
G1 X127.840 Y91.603 E5.07270
G1 X127.733 Y91.482 E5.08055
G1 X127.402 Y91.492 E5.09660
G1 X125.732 Y93.162 E5.21114
G1 X125.316 Y93.028 E5.23231
G1 X126.875 Y91.468 E5.33925
G1 X126.064 Y91.731 E5.38062
G1 X124.900 Y92.894 E5.46039
G1 X124.485 Y92.760 E5.48156
G1 X125.252 Y91.993 E5.53415
G1 X124.440 Y92.255 E5.57552
G1 X118.785 Y97.909 E5.96325
G1 X118.785 Y98.459 E5.98991
G1 X121.823 Y95.422 E6.19817
G1 X121.823 Y95.972 E6.22483
G1 X119.230 Y98.564 E6.40262
G1 X119.780 Y98.564 E6.42928
G1 X121.823 Y96.521 E6.56937
G1 X121.823 Y97.071 E6.59603
G1 X120.329 Y98.564 E6.69842
G1 X120.879 Y98.564 E6.72507
G1 X121.823 Y97.621 E6.78976
G1 X121.823 Y98.171 E6.81642
G1 X121.255 Y98.738 E6.85531
G1 X118.612 Y97.533 F7800.000
G1 F1200.000
G1 X123.969 Y92.176 E7.22266
G1 X123.711 Y91.884 E7.24154
G1 X118.785 Y96.810 E7.57927
G1 X118.785 Y96.260 E7.60593
G1 X123.452 Y91.593 E7.92595
G1 X123.194 Y91.302 E7.94483
G1 X118.785 Y95.710 E8.24713
G1 X118.785 Y95.160 E8.27379
G1 X121.135 Y92.811 E8.43488
G1 X120.323 Y93.073 E8.47625
G1 X118.785 Y94.610 E8.58168
G1 X118.785 Y94.061 E8.60834
G1 X119.780 Y93.066 E8.67656
G1 X121.779 Y92.166 F7800.000
G1 F1200.000
G1 X122.935 Y91.010 E8.75585
G1 X122.677 Y90.719 E8.77473
G1 X122.063 Y91.333 E8.81683
G1 X122.282 Y88.683 F7800.000
;TYPE:Gap fill
;WIDTH:0.167093
G1 F1200.000
G1 X122.194 Y88.150 E8.82376
;WIDTH:0.313233
G1 X122.105 Y87.617 E8.84054
;WIDTH:0.459373
G1 X122.046 Y87.261 E8.85830
G1 X121.380 Y86.104 F7800.000
;WIDTH:0.319374
G1 F1200.000
G1 X121.218 Y86.078 E8.86350
;WIDTH:0.279175
G1 X121.057 Y86.053 E8.86788
;WIDTH:0.238977
G1 X120.895 Y86.027 E8.87144
;WIDTH:0.198778
G1 X120.734 Y86.002 E8.87418
;WIDTH:0.158579
G1 X120.572 Y85.976 E8.87610
M106 S226.95
;LAYER_CHANGE
;Z:24.92
;HEIGHT:0.299999
G1 Z24.920 F7800.000
G1 E6.87610 F2400.000
G92 E0
G1 X127.612 Y90.467 F7800.000
G1 E2.00000 F2400.000
;TYPE:Perimeter
;WIDTH:0.45
G1 F3600.000
G1 X127.612 Y90.610 E2.00688
G1 X129.719 Y92.987 E2.15966
G1 X131.504 Y92.411 E2.24985
G1 X131.504 Y98.554 E2.54531
G1 X127.528 Y98.554 E2.73650
G1 X128.152 Y96.721 E2.82960
G1 X127.091 Y93.605 E2.98794
G1 X124.219 Y92.678 E3.13309
G1 X122.112 Y95.055 E3.28588
G1 X122.112 Y98.388 E3.44619
G1 X122.259 Y98.554 E3.45684
G1 X118.496 Y98.554 E3.63780
G1 X118.496 Y92.735 E3.91765
G1 X118.719 Y92.987 E3.93381
G1 X121.591 Y92.060 E4.07896
G1 X122.256 Y90.108 E4.17813
G1 X124.219 Y92.322 E4.32047
G1 X127.091 Y91.395 E4.46562
G1 X127.418 Y90.435 E4.51441
G1 X127.553 Y90.457 E4.52096
G1 E2.52096 F2400.000
G92 E0
G1 X122.259 Y86.446 F7800.000
G1 E2.00000 F2400.000
G1 F900.000
G1 X122.112 Y86.612 E2.01065
G1 X122.112 Y86.755 E2.01751
G1 X121.918 Y86.787 E2.02695
G1 X121.802 Y86.446 E2.04424
G1 X122.199 Y86.446 E2.06331
G1 E0.06331 F2400.000
G92 E0
G1 X128.348 Y86.446 F7800.000
G1 E2.00000 F2400.000
G1 F900.000
G1 X127.756 Y87.114 E2.04291
G1 X127.528 Y86.446 E2.07684
G1 X128.288 Y86.446 E2.11336
G1 X129.205 Y86.061 F7800.000
G1 F3600.000
G1 X127.997 Y87.423 E2.20091
G1 X127.997 Y90.464 E2.34715
G1 X129.841 Y92.542 E2.48077
G1 X131.889 Y91.881 E2.58432
G1 X131.889 Y98.939 E2.92380
G1 X127.111 Y98.939 E3.15364
G1 X127.111 Y98.584 E3.17071
G1 X127.745 Y96.721 E3.26537
G1 X126.789 Y93.913 E3.40808
G1 X124.341 Y93.122 E3.53180
G1 X122.497 Y95.201 E3.66544
G1 X122.497 Y98.242 E3.81167
G1 X122.889 Y98.684 E3.84009
G1 X122.889 Y98.939 E3.85238
G1 X118.111 Y98.939 E4.08222
G1 X118.111 Y91.719 E4.42948
G1 X118.841 Y92.542 E4.48240
G1 X121.289 Y91.752 E4.60612
G1 X122.245 Y88.943 E4.74884
G1 X121.264 Y86.061 E4.89529
G1 X122.889 Y86.061 E4.97348
G1 X122.889 Y86.316 E4.98577
G1 X122.497 Y86.758 E5.01419
G1 X122.497 Y89.799 E5.16043
G1 X124.341 Y91.878 E5.29406
G1 X126.789 Y91.087 E5.41778
G1 X127.745 Y88.279 E5.56049
G1 X127.111 Y86.416 E5.65515
G1 X127.111 Y86.061 E5.67222
G1 X129.145 Y86.061 E5.77007
G1 X128.383 Y87.569 F7800.000
;TYPE:External perimeter
G1 F1800.000
G1 X128.383 Y90.317 E5.90224
G1 X129.962 Y92.098 E6.01670
G1 X131.986 Y91.445 E6.11899
G1 X132.039 Y91.290 E6.12687
G1 X132.275 Y91.290 E6.13823
G1 X132.275 Y99.325 E6.52470
G1 X126.725 Y99.325 E6.79164
G1 X126.725 Y98.521 E6.83032
G1 X127.338 Y96.721 E6.92174
G1 X126.486 Y94.220 E7.04883
G1 X124.462 Y93.567 E7.15112
G1 X122.883 Y95.348 E7.26559
G1 X122.883 Y98.095 E7.39775
G1 X123.275 Y98.537 E7.42618
G1 X123.275 Y99.325 E7.46405
G1 X117.725 Y99.325 E7.73098
G1 X117.725 Y91.290 E8.11745
G1 X118.245 Y91.290 E8.14247
G1 X118.962 Y92.098 E8.19443
G1 X120.986 Y91.445 E8.29672
G1 X121.838 Y88.943 E8.42381
G1 X120.986 Y86.442 E8.55091
G1 X119.216 Y85.871 E8.64035
G1 X119.247 Y85.675 E8.64986
G1 X123.275 Y85.675 E8.84359
G1 X123.275 Y86.463 E8.88146
G1 X122.883 Y86.905 E8.90988
G1 X122.883 Y89.653 E9.04205
G1 X124.462 Y91.433 E9.15652
G1 X126.486 Y90.780 E9.25881
G1 X127.338 Y88.279 E9.38590
G1 X126.725 Y86.479 E9.47732
G1 X126.725 Y85.675 E9.51600
G1 X130.062 Y85.675 E9.67651
G1 X128.423 Y87.524 E9.79537
G1 X128.094 Y87.846 F7800.000
G1 E7.79537 F2400.000
G92 E0
G1 X130.216 Y85.871 F7800.000
G1 E2.00000 F2400.000
G1 F900.000
G1 X130.247 Y85.675 E2.00951
G1 X132.275 Y85.675 E2.10706
G1 X132.275 Y86.597 E2.15138
G1 X132.039 Y86.597 E2.16275
G1 X131.986 Y86.442 E2.17063
G1 X130.273 Y85.889 E2.25718
G1 X130.352 Y85.726 F7800.000
G1 E0.25718 F2400.000
G92 E0
G1 X119.062 Y85.675 F7800.000
G1 E2.00000 F2400.000
G1 F900.000
G1 X118.245 Y86.597 E2.05924
G1 X117.725 Y86.597 E2.08426
G1 X117.725 Y85.675 E2.12859
G1 X119.002 Y85.675 E2.19003
G1 X118.774 Y85.952 F7800.000
G1 X119.981 Y85.891
;TYPE:Gap fill
;WIDTH:0.163991
G1 F1200.000
G1 X120.161 Y85.919 E2.19229
;WIDTH:0.209601
G1 X120.340 Y85.947 E2.19558
;WIDTH:0.255211
G1 X120.520 Y85.976 E2.19992
;WIDTH:0.300821
G1 X120.700 Y86.004 E2.20529
;WIDTH:0.346432
G1 X120.880 Y86.032 E2.21169
;WIDTH:0.392042
G1 X121.060 Y86.061 E2.21913
G1 X122.046 Y86.961 F7800.000
;WIDTH:0.459373
G1 F1200.000
G1 X122.105 Y87.317 E2.23689
;WIDTH:0.313233
G1 X122.194 Y87.850 E2.25366
;WIDTH:0.167093
G1 X122.282 Y88.383 E2.26059
G1 X122.282 Y89.503 F7800.000
;WIDTH:0.149644
G1 F1200.000
G1 X122.258 Y89.648 E2.26215
;WIDTH:0.180908
G1 X122.234 Y89.793 E2.26428
G1 E0.26428 F2400.000
G92 E0
G1 X132.082 Y86.064 F7800.000
G1 E2.00000 F2400.000
;WIDTH:0.403313
G1 F1200.000
G1 X131.899 Y86.035 E2.00786
;WIDTH:0.355825
G1 X131.715 Y86.006 E2.01461
;WIDTH:0.308336
G1 X131.531 Y85.977 E2.02026
;WIDTH:0.260847
G1 X131.348 Y85.949 E2.02482
;WIDTH:0.213358
G1 X131.164 Y85.920 E2.02827
;WIDTH:0.165869
G1 X130.981 Y85.891 E2.03062
G1 E0.03062 F2400.000
G92 E0
G1 X127.734 Y87.429 F7800.000
G1 E2.00000 F2400.000
;WIDTH:0.14967
G1 F1200.000
G1 X127.782 Y87.719 E2.00312
G1 X127.782 Y88.838 F7800.000
;WIDTH:0.167092
G1 F1200.000
G1 X127.753 Y89.016 E2.00543
;WIDTH:0.215804
G1 X127.723 Y89.194 E2.00883
;WIDTH:0.264516
G1 X127.694 Y89.372 E2.01333
;WIDTH:0.313228
G1 X127.664 Y89.549 E2.01892
;WIDTH:0.36194
G1 X127.635 Y89.727 E2.02561
;WIDTH:0.410651
G1 X127.605 Y89.905 E2.03339
;WIDTH:0.459363
G1 X127.576 Y90.083 E2.04227
;WIDTH:0.508075
G1 X127.546 Y90.261 E2.05224
G1 X129.965 Y93.029 F7800.000
;TYPE:Solid infill
;WIDTH:0.45389
G1 F1200.000
G1 X131.215 Y94.278 E2.13809
G1 X131.215 Y93.727 E2.16485
G1 X130.519 Y93.032 E2.21261
G1 X130.936 Y92.898 E2.23387
G1 X131.388 Y93.350 E2.26494
G1 X131.388 Y95.003 F7800.000
G1 F1200.000
G1 X127.494 Y91.109 E2.53247
G1 X127.354 Y91.520 E2.55356
G1 X131.215 Y95.380 E2.81878
G1 X131.215 Y95.931 E2.84554
G1 X127.009 Y91.725 E3.13448
G1 X126.593 Y91.860 E3.15574
G1 X131.215 Y96.482 E3.47328
G1 X131.215 Y97.033 E3.50005
G1 X126.176 Y91.994 E3.84620
G1 X125.760 Y92.129 E3.86746
G1 X126.857 Y93.225 E3.94281
G1 X126.043 Y92.963 E3.98434
G1 X125.343 Y92.263 E4.03241
G1 X124.927 Y92.398 E4.05367
G1 X125.499 Y92.969 E4.09296
G1 X124.084 Y92.656 F7800.000
G1 F1200.000
G1 X122.301 Y90.873 E4.21546
G1 X122.161 Y91.284 E4.23655
G1 X123.702 Y92.825 E4.34244
G1 X123.443 Y93.117 E4.36140
G1 X122.021 Y91.695 E4.45911
G1 X121.881 Y92.106 E4.48020
G1 X123.184 Y93.409 E4.56975
G1 X122.925 Y93.701 E4.58870
G1 X121.589 Y92.364 E4.68054
G1 X121.172 Y92.499 E4.70180
G1 X122.667 Y93.993 E4.80447
G1 X122.408 Y94.285 E4.82342
G1 X120.756 Y92.633 E4.93691
G1 X120.339 Y92.768 E4.95817
G1 X122.149 Y94.577 E5.08249
G1 X121.890 Y94.869 E5.10145
G1 X119.923 Y92.902 E5.23659
G1 X119.507 Y93.036 E5.25785
G1 X121.823 Y95.352 E5.41697
G1 X121.823 Y95.903 E5.44373
G1 X119.090 Y93.171 E5.63146
G1 X118.785 Y93.269 E5.64701
G1 X118.785 Y93.417 E5.65420
G1 X121.823 Y96.454 E5.86286
G1 X121.823 Y97.005 E5.88962
G1 X118.785 Y93.968 E6.09828
G1 X118.785 Y94.519 E6.12504
G1 X121.823 Y97.556 E6.33370
G1 X121.823 Y98.107 E6.36047
G1 X118.785 Y95.070 E6.56913
G1 X118.785 Y95.620 E6.59589
G1 X121.429 Y98.264 E6.77755
G1 X120.879 Y98.264 E6.80431
G1 X118.785 Y96.171 E6.94812
G1 X118.785 Y96.722 E6.97488
G1 X120.328 Y98.264 E7.08084
G1 X119.777 Y98.264 E7.10761
G1 X118.785 Y97.273 E7.17572
G1 X118.785 Y97.824 E7.20248
G1 X119.400 Y98.438 E7.24468
G1 E5.24468 F2400.000
G92 E0
G1 X128.213 Y98.438 F7800.000
G1 E2.00000 F2400.000
G1 F1200.000
G1 X127.960 Y98.184 E2.01742
G1 X128.100 Y97.774 E2.03851
G1 X128.590 Y98.264 E2.07223
G1 X129.141 Y98.264 E2.09899
G1 X128.240 Y97.363 E2.16095
G1 X128.379 Y96.952 E2.18204
G1 X129.692 Y98.264 E2.27223
G1 X130.243 Y98.264 E2.29899
G1 X128.333 Y96.354 E2.43022
G1 X128.049 Y95.519 E2.47309
G1 X130.794 Y98.264 E2.66171
G1 X131.215 Y98.264 E2.68215
G1 X131.215 Y98.134 E2.68847
G1 X127.764 Y94.684 E2.92554
G1 X127.480 Y93.848 E2.96840
G1 X131.388 Y97.757 E3.23694
M106 S221.85
;LAYER_CHANGE
;Z:25.22
;HEIGHT:0.299999
G1 Z25.220 F7800.000
G1 E1.23694 F2400.000
G92 E0
G1 X130.398 Y85.807 F7800.000
G1 E2.00000 F2400.000
;TYPE:External perimeter
;WIDTH:0.242306
G1 F1800.000
G1 X130.584 Y85.836 E2.00419
;WIDTH:0.286897
G1 X130.771 Y85.865 E2.00943
;WIDTH:0.331488
G1 X130.958 Y85.895 E2.01573
;WIDTH:0.37608
G1 X131.144 Y85.924 E2.02307
;WIDTH:0.420671
G1 X131.331 Y85.953 E2.03146
;WIDTH:0.465262
G1 X131.517 Y85.983 E2.04091
;WIDTH:0.509853
G1 X131.704 Y86.012 E2.05140
G1 X132.275 Y86.297 F7800.000
;WIDTH:0.45
G1 F900.000
G1 X132.039 Y86.297 E2.06277
G1 X131.929 Y85.975 E2.07911
G1 X132.275 Y85.975 E2.09574
G1 X132.275 Y86.237 E2.10833
G1 X132.046 Y86.238 F7800.000
G1 E0.10833 F2400.000
G92 E0
G1 X118.719 Y92.687 F7800.000
G1 E2.00000 F2400.000
;TYPE:Perimeter
G1 F900.000
G1 X121.591 Y91.760 E2.14515
G1 X122.108 Y90.241 E2.22230
G1 X124.111 Y92.500 E2.36748
G1 X122.112 Y94.755 E2.51242
G1 X122.112 Y98.088 E2.67273
G1 X122.259 Y98.254 E2.68338
G1 X118.496 Y98.254 E2.86434
G1 X118.496 Y92.435 E3.14418
G1 X118.679 Y92.642 E3.15746
G1 E1.15746 F2400.000
G92 E0
G1 X127.576 Y90.270 F7800.000
G1 E2.00000 F2400.000
G1 F900.000
G1 X129.719 Y92.687 E2.15534
G1 X131.504 Y92.111 E2.24553
G1 X131.504 Y98.254 E2.54099
G1 X127.528 Y98.254 E2.73218
G1 X128.152 Y96.421 E2.82528
G1 X127.091 Y93.305 E2.98361
G1 X124.859 Y92.584 E3.09646
G1 X124.859 Y92.416 E3.10456
G1 X127.091 Y91.695 E3.21740
G1 X127.557 Y90.327 E3.28691
G1 E1.28691 F2400.000
G92 E0
G1 X124.341 Y92.178 F7800.000
G1 E2.00000 F2400.000
G1 F3600.000
G1 X126.789 Y91.387 E2.12372
G1 X127.745 Y88.579 E2.26643
G1 X127.111 Y86.716 E2.36110
G1 X127.111 Y86.361 E2.37816
G1 X128.673 Y86.361 E2.45331
G1 X127.997 Y87.123 E2.50229
G1 X127.997 Y90.164 E2.64854
G1 X129.841 Y92.242 E2.78216
G1 X131.889 Y91.581 E2.88571
G1 X131.889 Y98.639 E3.22518
G1 X127.111 Y98.639 E3.45503
G1 X127.111 Y98.284 E3.47209
G1 X127.745 Y96.421 E3.56675
G1 X126.789 Y93.613 E3.70946
G1 X124.341 Y92.822 E3.83319
G1 X122.497 Y94.901 E3.96682
G1 X122.497 Y97.942 E4.11306
G1 X122.889 Y98.384 E4.14148
G1 X122.889 Y98.639 E4.15376
G1 X118.111 Y98.639 E4.38361
G1 X118.111 Y91.419 E4.73087
G1 X118.841 Y92.242 E4.78378
G1 X121.289 Y91.452 E4.90751
G1 X122.245 Y88.643 E5.05022
G1 X121.468 Y86.361 E5.16619
G1 X122.889 Y86.361 E5.23456
G1 X122.889 Y86.616 E5.24684
G1 X122.497 Y87.058 E5.27526
G1 X122.497 Y90.099 E5.42150
G1 X124.301 Y92.133 E5.55225
G1 X124.462 Y91.733 F7800.000
;TYPE:External perimeter
G1 F1800.000
G1 X126.486 Y91.080 E5.65454
G1 X127.338 Y88.579 E5.78163
G1 X126.725 Y86.779 E5.87304
G1 X126.725 Y85.975 E5.91173
G1 X129.530 Y85.975 E6.04665
G1 X128.383 Y87.269 E6.12983
G1 X128.383 Y90.017 E6.26200
G1 X129.962 Y91.798 E6.37646
G1 X131.986 Y91.145 E6.47876
G1 X132.039 Y90.990 E6.48663
G1 X132.275 Y90.990 E6.49800
G1 X132.275 Y99.025 E6.88447
G1 X126.725 Y99.025 E7.15140
G1 X126.725 Y98.221 E7.19009
G1 X127.338 Y96.421 E7.28151
G1 X126.486 Y93.920 E7.40859
G1 X124.462 Y93.267 E7.51089
G1 X122.883 Y95.048 E7.62536
G1 X122.883 Y97.795 E7.75752
G1 X123.275 Y98.237 E7.78594
G1 X123.275 Y99.025 E7.82381
G1 X117.725 Y99.025 E8.09075
G1 X117.725 Y90.990 E8.47721
G1 X118.245 Y90.990 E8.50223
G1 X118.962 Y91.798 E8.55419
G1 X120.986 Y91.145 E8.65648
G1 X121.838 Y88.643 E8.78358
G1 X120.929 Y85.975 E8.91913
G1 X123.275 Y85.975 E9.03196
G1 X123.275 Y86.763 E9.06983
G1 X122.883 Y87.205 E9.09825
G1 X122.883 Y89.953 E9.23041
G1 X124.422 Y91.688 E9.34200
G1 X124.588 Y92.113 F7800.000
G1 E7.34200 F2400.000
G92 E0
G1 X120.704 Y86.012 F7800.000
G1 E2.00000 F2400.000
;WIDTH:0.509849
G1 F1800.000
G1 X120.517 Y85.983 E2.01049
;WIDTH:0.465258
G1 X120.331 Y85.953 E2.01994
;WIDTH:0.420668
G1 X120.144 Y85.924 E2.02833
;WIDTH:0.376077
G1 X119.958 Y85.895 E2.03568
;WIDTH:0.331487
G1 X119.771 Y85.865 E2.04197
;WIDTH:0.286896
G1 X119.584 Y85.836 E2.04721
;WIDTH:0.242305
G1 X119.398 Y85.807 E2.05140
G1 E0.05140 F2400.000
G92 E0
G1 X122.104 Y86.816 F7800.000
G1 E2.00000 F2400.000
;TYPE:Gap fill
;WIDTH:0.589302
G1 F1200.000
G1 X122.103 Y86.872 E2.00369
;WIDTH:0.550607
G1 X122.101 Y86.929 E2.00711
;WIDTH:0.511912
G1 X122.100 Y86.985 E2.01026
;WIDTH:0.473217
G1 X122.123 Y87.122 E2.01735
;WIDTH:0.428862
G1 X122.146 Y87.260 E2.02368
;WIDTH:0.384507
G1 X122.168 Y87.397 E2.02923
;WIDTH:0.340153
G1 X122.191 Y87.534 E2.03402
;WIDTH:0.295798
G1 X122.214 Y87.672 E2.03804
;WIDTH:0.251444
G1 X122.236 Y87.809 E2.04128
;WIDTH:0.207089
G1 X122.259 Y87.946 E2.04376
;WIDTH:0.162735
G1 X122.282 Y88.083 E2.04546
G1 X122.282 Y89.203 F7800.000
;WIDTH:0.158554
G1 F1200.000
G1 X122.256 Y89.362 E2.04736
;WIDTH:0.198728
G1 X122.229 Y89.521 E2.05006
;WIDTH:0.238902
G1 X122.203 Y89.680 E2.05357
;WIDTH:0.279076
G1 X122.177 Y89.839 E2.05788
;WIDTH:0.31925
G1 X122.150 Y89.998 E2.06301
G1 X122.104 Y86.816 F7800.000
;WIDTH:0.589303
G1 F1200.000
G1 X122.678 Y86.554 E2.10431
G1 E0.10431 F2400.000
G92 E0
G1 X127.636 Y86.554 F7800.000
G1 E2.00000 F2400.000
;WIDTH:0.541344
G1 F1200.000
G1 X127.631 Y86.719 E2.00984
;WIDTH:0.504413
G1 X127.626 Y86.884 E2.01892
;WIDTH:0.467481
G1 X127.621 Y87.050 E2.02724
;WIDTH:0.430549
G1 X127.644 Y87.188 E2.03365
;WIDTH:0.385953
G1 X127.667 Y87.327 E2.03928
;WIDTH:0.341358
G1 X127.690 Y87.465 E2.04413
;WIDTH:0.296762
G1 X127.713 Y87.604 E2.04819
;WIDTH:0.252167
G1 X127.736 Y87.742 E2.05148
;WIDTH:0.207571
G1 X127.759 Y87.880 E2.05399
;WIDTH:0.162976
G1 X127.782 Y88.019 E2.05571
G1 X127.782 Y89.138 F7800.000
;WIDTH:0.164518
G1 F1200.000
G1 X127.752 Y89.319 E2.05800
;WIDTH:0.210655
G1 X127.722 Y89.500 E2.06134
;WIDTH:0.256792
G1 X127.692 Y89.681 E2.06574
;WIDTH:0.302929
G1 X127.662 Y89.862 E2.07119
;WIDTH:0.349066
G1 X127.632 Y90.042 E2.07770
G1 X126.406 Y92.038 F7800.000
;TYPE:Solid infill
;WIDTH:0.467651
G1 F1200.000
G1 X125.845 Y92.599 E2.11760
G1 X126.276 Y92.738 E2.14038
G1 X127.920 Y91.094 E2.25735
G1 X128.188 Y91.396 E2.27767
G1 X126.707 Y92.877 E2.38303
G1 X127.138 Y93.016 E2.40582
G1 X128.456 Y91.698 E2.49958
G1 X128.724 Y92.000 E2.51990
G1 X127.403 Y93.322 E2.61391
G1 X127.547 Y93.748 E2.63652
G1 X128.992 Y92.303 E2.73929
G1 X129.260 Y92.605 E2.75962
G1 X127.692 Y94.173 E2.87115
G1 X127.837 Y94.598 E2.89376
G1 X129.528 Y92.907 E3.01405
G1 X129.628 Y93.020 E3.02162
G1 X130.157 Y92.849 E3.04955
G1 X127.982 Y95.024 E3.20423
G1 X128.127 Y95.449 E3.22683
G1 X130.999 Y92.578 E3.43111
G1 X131.215 Y92.508 E3.44252
G1 X131.215 Y92.932 E3.46385
G1 X128.272 Y95.875 E3.67317
G1 X128.417 Y96.300 E3.69578
G1 X131.215 Y93.502 E3.89480
G1 X131.215 Y94.073 E3.92348
G1 X128.247 Y97.040 E4.13455
G1 X127.953 Y97.905 E4.18050
G1 X131.215 Y94.643 E4.41251
G1 X131.215 Y95.213 E4.44120
G1 X128.463 Y97.964 E4.63690
G1 X129.034 Y97.964 E4.66558
G1 X131.215 Y95.784 E4.82071
G1 X131.215 Y96.354 E4.84940
G1 X129.604 Y97.964 E4.96396
G1 X130.174 Y97.964 E4.99265
G1 X131.215 Y96.924 E5.06664
G1 X131.215 Y97.494 E5.09533
G1 X130.571 Y98.138 E5.14110
G1 E3.14110 F2400.000
G92 E0
G1 X121.214 Y98.138 F7800.000
G1 E2.00000 F2400.000
;WIDTH:0.451131
G1 F1200.000
G1 X121.823 Y97.530 E2.04150
G1 X121.823 Y96.983 E2.06789
G1 X120.841 Y97.964 E2.13486
G1 X120.294 Y97.964 E2.16125
G1 X121.823 Y96.436 E2.26554
G1 X121.823 Y95.889 E2.29192
G1 X119.747 Y97.964 E2.43352
G1 X119.200 Y97.964 E2.45990
G1 X121.823 Y95.342 E2.63881
G1 X121.823 Y94.795 E2.66520
G1 X118.785 Y97.832 E2.87238
G1 X118.785 Y97.285 E2.89877
G1 X123.652 Y92.418 E3.23075
G1 X123.395 Y92.128 E3.24944
G1 X118.785 Y96.738 E3.56390
G1 X118.785 Y96.191 E3.59028
G1 X123.138 Y91.839 E3.88720
G1 X122.881 Y91.549 E3.90589
G1 X118.785 Y95.644 E4.18527
G1 X118.785 Y95.097 E4.21166
G1 X122.624 Y91.259 E4.47350
G1 X122.367 Y90.969 E4.49219
G1 X122.062 Y91.273 E4.51296
G1 X121.818 Y91.990 E4.54950
G1 X121.120 Y92.216 E4.58489
G1 X118.785 Y94.550 E4.74415
G1 X118.785 Y94.003 E4.77053
G1 X120.312 Y92.476 E4.87470
G1 X119.505 Y92.737 E4.91563
G1 X118.612 Y93.630 E4.97654
G1 E2.97654 F2400.000
G92 E0
G1 X117.725 Y86.294 F7800.000
G1 E2.00000 F2400.000
;TYPE:External perimeter
;WIDTH:0.45
G1 F900.000
G1 X117.725 Y85.975 E2.01532
G1 X118.530 Y85.975 E2.05405
G1 X118.254 Y86.286 E2.07406
G1 X117.785 Y86.293 E2.09664
G1 X117.848 Y86.000 F7800.000
M106 S214.2
;LAYER_CHANGE
;Z:25.52
;HEIGHT:0.300001
G1 Z25.520 F7800.000
G1 E0.09664 F2400.000
G92 E0
G1 X132.500 Y86.136 F7800.000
G1 E2.00000 F2400.000
;WIDTH:0.235981
G1 F1800.000
G1 X131.848 Y86.136 E2.01395
G1 E0.01395 F2400.000
G92 E0
G1 X123.736 Y92.377 F7800.000
G1 E2.00000 F2400.000
;TYPE:Perimeter
;WIDTH:0.45
G1 F900.000
G1 X123.845 Y92.500 E2.00790
G1 X122.112 Y94.455 E2.13355
G1 X122.112 Y97.788 E2.29386
G1 X122.259 Y97.954 E2.30451
G1 X118.496 Y97.954 E2.48547
G1 X118.496 Y92.135 E2.76532
G1 X118.719 Y92.387 E2.78148
G1 X121.591 Y91.460 E2.92663
G1 X121.961 Y90.375 E2.98175
G1 X123.696 Y92.332 E3.10757
G1 X122.497 Y90.399 F7800.000
G1 F900.000
G1 X124.360 Y92.500 E3.24263
G1 X122.497 Y94.601 E3.37769
G1 X122.497 Y97.642 E3.52392
G1 X122.889 Y98.084 E3.55234
G1 X122.889 Y98.339 E3.56463
G1 X118.111 Y98.339 E3.79447
G1 X118.111 Y91.119 E4.14173
G1 X118.841 Y91.942 E4.19465
G1 X121.289 Y91.152 E4.31837
G1 X122.245 Y88.343 E4.46109
G1 X121.672 Y86.661 E4.54657
G1 X122.889 Y86.661 E4.60511
G1 X122.889 Y86.916 E4.61739
G1 X122.497 Y87.358 E4.64582
G1 X122.497 Y90.339 E4.78917
G1 E2.78917 F2400.000
G92 E0
G1 X125.788 Y92.416 F7800.000
G1 E2.00000 F2400.000
G1 F900.000
G1 X127.091 Y91.995 E2.06588
G1 X127.724 Y90.137 E2.16030
G1 X129.719 Y92.387 E2.30494
G1 X131.504 Y91.811 E2.39513
G1 X131.504 Y97.954 E2.69059
G1 X127.528 Y97.954 E2.88179
G1 X128.152 Y96.121 E2.97488
G1 X127.091 Y93.005 E3.13322
G1 X125.788 Y92.584 E3.19910
G1 X125.788 Y92.476 E3.20431
G1 X129.841 Y91.942 F7800.000
G1 F900.000
G1 X131.889 Y91.281 E3.30786
G1 X131.889 Y98.339 E3.64734
G1 X127.111 Y98.339 E3.87718
G1 X127.111 Y97.984 E3.89424
G1 X127.745 Y96.121 E3.98891
G1 X126.789 Y93.313 E4.13162
G1 X124.533 Y92.584 E4.24563
G1 X124.533 Y92.416 E4.25374
G1 X126.789 Y91.687 E4.36775
G1 X127.745 Y88.879 E4.51046
G1 X127.111 Y87.016 E4.60513
G1 X127.111 Y86.661 E4.62219
G1 X128.141 Y86.661 E4.67175
G1 X127.997 Y86.823 E4.68217
G1 X127.997 Y89.864 E4.82841
G1 X129.801 Y91.897 E4.95915
G1 E2.95915 F2400.000
G92 E0
G1 X122.883 Y87.505 F7800.000
G1 E2.00000 F2400.000
;TYPE:External perimeter
G1 F1800.000
G1 X122.883 Y90.253 E2.13216
G1 X124.462 Y92.033 E2.24663
G1 X126.486 Y91.380 E2.34893
G1 X127.338 Y88.879 E2.47601
G1 X126.725 Y87.079 E2.56743
G1 X126.725 Y86.275 E2.60611
G1 X128.998 Y86.275 E2.71545
G1 X128.383 Y86.969 E2.76006
G1 X128.383 Y89.717 E2.89223
G1 X129.962 Y91.498 E3.00670
G1 X131.986 Y90.845 E3.10899
G1 X132.039 Y90.690 E3.11687
G1 X132.275 Y90.690 E3.12823
G1 X132.275 Y98.725 E3.51470
G1 X126.725 Y98.725 E3.78163
G1 X126.725 Y97.921 E3.82032
G1 X127.338 Y96.121 E3.91174
G1 X126.486 Y93.620 E4.03882
G1 X124.462 Y92.967 E4.14112
G1 X122.883 Y94.748 E4.25559
G1 X122.883 Y97.495 E4.38775
G1 X123.275 Y97.937 E4.41617
G1 X123.275 Y98.725 E4.45404
G1 X117.725 Y98.725 E4.72098
G1 X117.725 Y90.690 E5.10745
G1 X118.245 Y90.690 E5.13246
G1 X118.962 Y91.498 E5.18442
G1 X120.986 Y90.845 E5.28672
G1 X121.838 Y88.343 E5.41381
G1 X121.134 Y86.275 E5.51888
G1 X123.275 Y86.275 E5.62188
G1 X123.275 Y87.063 E5.65975
G1 X122.923 Y87.460 E5.68528
G1 X122.518 Y87.668 F7800.000
G1 X122.241 Y87.534
;TYPE:Gap fill
;WIDTH:0.196445
G1 F1200.000
G1 X122.261 Y87.659 E5.68736
;WIDTH:0.157413
G1 X122.282 Y87.783 E5.68883
G1 X122.241 Y87.534 F7800.000
;WIDTH:0.235478
G1 F1200.000
G1 X122.220 Y87.410 E5.69152
;WIDTH:0.274511
G1 X122.199 Y87.285 E5.69483
;WIDTH:0.306297
G1 X122.206 Y87.069 E5.70134
;WIDTH:0.338083
G1 X122.212 Y86.854 E5.70871
G1 X122.282 Y88.903 F7800.000
;WIDTH:0.166839
G1 F1200.000
G1 X122.251 Y89.089 E5.71112
;WIDTH:0.215298
G1 X122.220 Y89.275 E5.71467
;WIDTH:0.263756
G1 X122.190 Y89.460 E5.71935
;WIDTH:0.312215
G1 X122.159 Y89.646 E5.72517
;WIDTH:0.360673
G1 X122.128 Y89.832 E5.73213
;WIDTH:0.409132
G1 X122.097 Y90.018 E5.74023
;WIDTH:0.45759
G1 X122.067 Y90.204 E5.74946
G1 X123.409 Y92.818 F7800.000
;TYPE:Solid infill
;WIDTH:0.462601
G1 F1200.000
G1 X121.936 Y91.345 E5.85292
G1 X121.818 Y91.690 E5.87104
G1 X121.742 Y91.715 E5.87499
G1 X123.021 Y92.993 E5.96480
G1 X122.756 Y93.292 E5.98461
G1 X121.317 Y91.852 E6.08574
G1 X120.891 Y91.990 E6.10796
G1 X122.492 Y93.590 E6.22040
G1 X122.227 Y93.889 E6.24022
G1 X120.465 Y92.127 E6.36397
G1 X120.039 Y92.264 E6.38619
G1 X121.962 Y94.187 E6.52126
G1 X121.823 Y94.345 E6.53173
G1 X121.823 Y94.611 E6.54493
G1 X119.614 Y92.402 E6.70008
G1 X119.188 Y92.539 E6.72230
G1 X121.823 Y95.174 E6.90736
G1 X121.823 Y95.737 E6.93533
G1 X118.785 Y92.700 E7.14866
G1 X118.785 Y93.263 E7.17663
G1 X121.823 Y96.300 E7.38996
G1 X121.823 Y96.863 E7.41793
G1 X118.785 Y93.826 E7.63126
G1 X118.785 Y94.389 E7.65923
G1 X121.823 Y97.427 E7.87256
G1 X121.823 Y97.664 E7.88438
G1 X121.497 Y97.664 E7.90053
G1 X118.785 Y94.953 E8.09101
G1 X118.785 Y95.516 E8.11899
G1 X120.934 Y97.664 E8.26991
G1 X120.371 Y97.664 E8.29788
G1 X118.785 Y96.079 E8.40924
G1 X118.785 Y96.642 E8.43721
G1 X119.808 Y97.664 E8.50902
G1 X119.245 Y97.664 E8.53699
G1 X118.612 Y97.032 E8.58143
G1 E6.58143 F2400.000
G92 E0
G1 X127.895 Y97.237 F7800.000
G1 E2.00000 F2400.000
;WIDTH:0.466118
G1 F1200.000
G1 X128.322 Y97.664 E2.03031
G1 X128.891 Y97.664 E2.05877
G1 X128.176 Y96.950 E2.10942
G1 X128.320 Y96.526 E2.13186
G1 X129.459 Y97.664 E2.21254
G1 X130.027 Y97.664 E2.24100
G1 X128.445 Y96.082 E2.35313
G1 X128.151 Y95.221 E2.39873
G1 X130.595 Y97.664 E2.57190
G1 X131.163 Y97.664 E2.60037
G1 X127.858 Y94.359 E2.83459
G1 X127.564 Y93.498 E2.88019
G1 X131.215 Y97.148 E3.13885
G1 X131.215 Y96.580 E3.16731
G1 X126.972 Y92.337 E3.46793
G1 X127.318 Y92.226 E3.48614
G1 X127.346 Y92.143 E3.49051
G1 X131.215 Y96.011 E3.76462
G1 X131.215 Y95.443 E3.79309
G1 X127.491 Y91.719 E4.05698
G1 X127.635 Y91.295 E4.07941
G1 X131.215 Y94.875 E4.33307
G1 X131.215 Y94.307 E4.36154
G1 X127.779 Y90.872 E4.60497
G1 X127.838 Y90.700 E4.61403
G1 X129.628 Y92.720 E4.74927
G1 X130.057 Y92.581 E4.77186
G1 X131.215 Y93.739 E4.85387
G1 X131.215 Y93.171 E4.88234
G1 X130.487 Y92.443 E4.93392
G1 X130.916 Y92.304 E4.95653
G1 X131.388 Y92.776 E4.98997
G1 X126.883 Y92.816 F7800.000
G1 F1200.000
G1 X126.405 Y92.338 E5.02386
G1 X127.716 Y89.837 F7800.000
;TYPE:Gap fill
;WIDTH:0.210717
G1 F1200.000
G1 X127.749 Y89.638 E5.02755
;WIDTH:0.164549
G1 X127.782 Y89.438 E5.03007
G1 X127.782 Y88.319 F7800.000
;WIDTH:0.162947
G1 F1200.000
G1 X127.701 Y87.830 E5.03616
;WIDTH:0.296648
G1 X127.620 Y87.342 E5.05050
;WIDTH:0.430349
G1 X127.539 Y86.854 E5.07310
G1 E3.07310 F2400.000
G92 E0
G1 X117.500 Y86.136 F7800.000
G1 E2.00000 F2400.000
;TYPE:External perimeter
;WIDTH:0.235719
G1 F1800.000
G1 X118.424 Y86.135 E2.01974
M106 S216.75
;LAYER_CHANGE
;Z:25.82
;HEIGHT:0.299999
G1 Z25.820 F7800.000
G1 E0.01974 F2400.000
G92 E0
G1 X127.872 Y90.003 F7800.000
G1 E2.00000 F2400.000
;TYPE:Perimeter
;WIDTH:0.45
G1 F900.000
G1 X129.719 Y92.087 E2.13393
G1 X131.504 Y91.511 E2.22413
G1 X131.504 Y97.654 E2.51958
G1 X127.528 Y97.654 E2.71078
G1 X128.152 Y95.821 E2.80388
G1 X127.091 Y92.705 E2.96221
G1 X126.717 Y92.584 E2.98113
G1 X126.717 Y92.416 E2.98923
G1 X127.091 Y92.295 E3.00815
G1 X127.852 Y90.060 E3.12171
G1 X127.997 Y89.564 F7800.000
G1 F900.000
G1 X129.841 Y91.642 E3.25533
G1 X131.889 Y90.981 E3.35888
G1 X131.889 Y98.039 E3.69836
G1 X127.111 Y98.039 E3.92820
G1 X127.111 Y97.684 E3.94526
G1 X127.745 Y95.821 E4.03993
G1 X126.789 Y93.013 E4.18264
G1 X125.462 Y92.584 E4.24969
G1 X125.462 Y92.416 E4.25779
G1 X126.789 Y91.987 E4.32485
G1 X127.745 Y89.179 E4.46756
G1 X127.111 Y87.316 E4.56222
G1 X127.111 Y86.961 E4.57928
G1 X127.997 Y86.961 E4.62193
G1 X127.997 Y89.504 E4.74423
G1 E2.74423 F2400.000
G92 E0
G1 X122.112 Y90.232 F7800.000
G1 E2.00000 F2400.000
G1 F900.000
G1 X122.112 Y90.845 E2.02952
G1 X123.579 Y92.500 E2.13588
G1 X122.112 Y94.155 E2.24225
G1 X122.112 Y97.488 E2.40256
G1 X122.259 Y97.654 E2.41321
G1 X118.496 Y97.654 E2.59417
G1 X118.496 Y91.835 E2.87402
G1 X118.719 Y92.087 E2.89018
G1 X121.591 Y91.160 E3.03533
G1 X121.918 Y90.200 E3.08411
G1 X122.053 Y90.222 E3.09067
G1 X122.497 Y87.658 F7800.000
G1 F900.000
G1 X122.497 Y90.699 E3.23690
G1 X124.094 Y92.500 E3.35268
G1 X122.497 Y94.301 E3.46845
G1 X122.497 Y97.342 E3.61469
G1 X122.889 Y97.784 E3.64311
G1 X122.889 Y98.039 E3.65540
G1 X118.111 Y98.039 E3.88524
G1 X118.111 Y90.819 E4.23250
G1 X118.841 Y91.642 E4.28542
G1 X121.289 Y90.852 E4.40914
G1 X122.245 Y88.043 E4.55186
G1 X121.876 Y86.961 E4.60685
G1 X122.889 Y86.961 E4.65557
G1 X122.889 Y87.216 E4.66785
G1 X122.537 Y87.613 E4.69339
G1 X122.883 Y87.805 F7800.000
;TYPE:External perimeter
G1 F1800.000
G1 X122.883 Y90.553 E4.82555
G1 X124.462 Y92.333 E4.94002
G1 X126.486 Y91.680 E5.04232
G1 X127.338 Y89.179 E5.16940
G1 X126.725 Y87.379 E5.26082
G1 X126.725 Y86.575 E5.29950
G1 X128.383 Y86.575 E5.37924
G1 X128.383 Y89.417 E5.51593
G1 X129.962 Y91.198 E5.63040
G1 X131.986 Y90.545 E5.73269
G1 X132.039 Y90.390 E5.74057
G1 X132.275 Y90.390 E5.75193
G1 X132.275 Y98.425 E6.13840
G1 X126.725 Y98.425 E6.40533
G1 X126.725 Y97.621 E6.44402
G1 X127.338 Y95.821 E6.53544
G1 X126.486 Y93.320 E6.66252
G1 X124.462 Y92.667 E6.76482
G1 X122.883 Y94.448 E6.87929
G1 X122.883 Y97.195 E7.01145
G1 X123.275 Y97.637 E7.03987
G1 X123.275 Y98.425 E7.07774
G1 X117.725 Y98.425 E7.34468
G1 X117.725 Y90.390 E7.73115
G1 X118.245 Y90.390 E7.75616
G1 X118.962 Y91.198 E7.80812
G1 X120.986 Y90.545 E7.91042
G1 X121.838 Y88.043 E8.03751
G1 X121.338 Y86.575 E8.11210
G1 X123.275 Y86.575 E8.20527
G1 X123.275 Y87.363 E8.24314
G1 X122.923 Y87.760 E8.26867
G1 X122.518 Y87.968 F7800.000
G1 X122.282 Y88.603
;TYPE:Gap fill
;WIDTH:0.167094
G1 F1200.000
G1 X122.253 Y88.781 E8.27098
;WIDTH:0.215807
G1 X122.223 Y88.959 E8.27439
;WIDTH:0.26452
G1 X122.194 Y89.136 E8.27888
;WIDTH:0.313233
G1 X122.164 Y89.314 E8.28448
;WIDTH:0.361946
G1 X122.135 Y89.492 E8.29116
;WIDTH:0.41066
G1 X122.105 Y89.670 E8.29895
;WIDTH:0.459373
G1 X122.076 Y89.848 E8.30782
;WIDTH:0.508086
G1 X122.046 Y90.025 E8.31780
G1 X118.612 Y93.030 F7800.000
;TYPE:Solid infill
;WIDTH:0.451131
G1 F1200.000
G1 X119.505 Y92.137 E8.37871
G1 X119.707 Y92.072 E8.38897
G1 X119.707 Y92.481 E8.40874
G1 X118.785 Y93.403 E8.47162
G1 X118.785 Y93.950 E8.49800
G1 X119.707 Y93.028 E8.56089
G1 X119.707 Y93.575 E8.58727
G1 X118.785 Y94.497 E8.65015
G1 X118.785 Y95.044 E8.67653
G1 X119.812 Y94.017 E8.74658
G1 X120.086 Y94.291 E8.76523
G1 X118.785 Y95.591 E8.85393
G1 X118.785 Y96.138 E8.88031
G1 X120.359 Y94.564 E8.98767
G1 X120.633 Y94.838 E9.00632
G1 X118.785 Y96.685 E9.13233
G1 X118.785 Y97.232 E9.15872
G1 X120.906 Y95.111 E9.30338
G1 X121.180 Y95.385 E9.32204
G1 X119.200 Y97.364 E9.45709
G1 X119.747 Y97.364 E9.48347
G1 X121.453 Y95.658 E9.59987
G1 X121.578 Y95.783 E9.60836
G1 X121.823 Y95.783 E9.62018
G1 X121.823 Y95.836 E9.62273
G1 X120.294 Y97.364 E9.72702
G1 X120.841 Y97.364 E9.75340
G1 X121.823 Y96.383 E9.82038
G1 X121.823 Y96.930 E9.84676
G1 X121.214 Y97.538 E9.88827
G1 X121.999 Y94.869 F7800.000
;TYPE:Top solid infill
;WIDTH:0.411946
G1 F900.000
G1 X121.586 Y95.282 E9.91354
G1 X121.341 Y95.036 E9.92860
G1 X121.848 Y94.529 E9.95968
G1 X121.848 Y94.055 E9.98024
G1 X121.983 Y93.902 E9.98910
G1 X121.095 Y94.790 E10.04356
G1 X120.849 Y94.544 E10.05863
G1 X123.070 Y92.324 E10.19476
G1 X122.839 Y92.063 E10.20985
G1 X120.603 Y94.298 E10.34689
G1 X120.357 Y94.053 E10.36196
G1 X122.608 Y91.803 E10.49990
G1 X122.377 Y91.542 E10.51499
G1 X120.112 Y93.807 E10.65384
G1 X120.068 Y93.763 E10.65653
G1 X120.068 Y93.359 E10.67403
G1 X122.146 Y91.282 E10.80140
G1 X121.917 Y91.024 E10.81636
G1 X121.799 Y91.370 E10.83224
G1 X121.454 Y91.482 E10.84794
G1 X120.068 Y92.868 E10.93292
G1 X120.068 Y92.376 E10.95423
G1 X120.963 Y91.482 E11.00908
G1 E9.00908 F2400.000
G92 E0
G1 X127.782 Y88.619 F7800.000
G1 E2.00000 F2400.000
;TYPE:Gap fill
;WIDTH:0.162947
G1 F1200.000
G1 X127.701 Y88.130 E2.00609
;WIDTH:0.296648
G1 X127.620 Y87.642 E2.02043
;WIDTH:0.430349
G1 X127.539 Y87.154 E2.04303
G1 E0.04303 F2400.000
G92 E0
G1 X130.119 Y92.896 F7800.000
G1 E2.00000 F2400.000
;TYPE:Solid infill
;WIDTH:0.465048
G1 F1200.000
G1 X131.056 Y91.959 E2.06618
G1 X131.215 Y91.908 E2.07452
G1 X131.215 Y92.367 E2.09746
G1 X130.293 Y93.289 E2.16261
G1 X130.293 Y93.855 E2.19092
G1 X131.215 Y92.934 E2.25607
G1 X131.215 Y93.500 E2.28439
G1 X128.233 Y96.482 E2.49510
G1 X127.940 Y97.341 E2.54046
G1 X131.215 Y94.067 E2.77185
G1 X131.215 Y94.633 E2.80016
G1 X128.484 Y97.364 E2.99317
G1 X129.050 Y97.364 E3.02149
G1 X131.215 Y95.200 E3.17444
G1 X131.215 Y95.767 E3.20276
G1 X129.617 Y97.364 E3.31567
G1 X130.184 Y97.364 E3.34399
G1 X131.215 Y96.333 E3.41686
G1 X131.215 Y96.900 E3.44517
G1 X130.577 Y97.538 E3.49026
G1 X128.169 Y95.520 F7800.000
;TYPE:Top solid infill
;WIDTH:0.408034
G1 F900.000
G1 X129.932 Y93.757 E3.59711
G1 X129.932 Y93.271 E3.61794
G1 X128.165 Y95.038 E3.72507
G1 X128.041 Y94.676 E3.74148
G1 X129.932 Y92.785 E3.85609
G1 X129.932 Y92.299 E3.87692
G1 X127.918 Y94.313 E3.99901
G1 X127.795 Y93.951 E4.01543
G1 X129.504 Y92.242 E4.11902
G1 X129.275 Y91.984 E4.13378
G1 X127.671 Y93.588 E4.23102
G1 X127.548 Y93.226 E4.24743
G1 X129.047 Y91.727 E4.33831
G1 X128.818 Y91.469 E4.35307
G1 X127.424 Y92.863 E4.43758
G1 X127.301 Y92.501 E4.45400
G1 X128.590 Y91.211 E4.53215
G1 X128.362 Y90.954 E4.54691
G1 X127.551 Y91.764 E4.59605
G1 X127.802 Y91.028 E4.62942
G1 X128.240 Y90.589 E4.65598
M106 S214.2
;LAYER_CHANGE
;Z:26.12
;HEIGHT:0.300001
G1 Z26.120 F7800.000
G1 E2.65598 F2400.000
G92 E0
G1 X124.981 Y92.322 F7800.000
G1 E2.00000 F2400.000
;TYPE:External perimeter
;WIDTH:0.295485
G1 F1800.000
G1 X125.184 Y92.290 E2.00591
;WIDTH:0.344371
G1 X125.387 Y92.258 E2.01307
;WIDTH:0.393257
G1 X125.589 Y92.226 E2.02149
;WIDTH:0.442143
G1 X125.792 Y92.194 E2.03115
;WIDTH:0.49103
G1 X125.994 Y92.162 E2.04206
;WIDTH:0.539916
G1 X126.197 Y92.131 E2.05423
G1 X126.197 Y92.869 F7800.000
;WIDTH:0.539916
G1 F1800.000
G1 X125.994 Y92.838 E2.06639
;WIDTH:0.49103
G1 X125.792 Y92.806 E2.07730
;WIDTH:0.442144
G1 X125.589 Y92.774 E2.08697
;WIDTH:0.393258
G1 X125.387 Y92.742 E2.09538
;WIDTH:0.344372
G1 X125.184 Y92.710 E2.10254
;WIDTH:0.295486
G1 X124.981 Y92.678 E2.10845
;WIDTH:0.2466
G1 X124.779 Y92.646 E2.11311
G1 X124.779 Y92.354 F7800.000
;WIDTH:0.246599
G1 F1800.000
G1 X124.981 Y92.322 E2.11777
G1 E0.11777 F2400.000
G92 E0
G1 X128.019 Y89.870 F7800.000
G1 E2.00000 F2400.000
;TYPE:Perimeter
;WIDTH:0.45
G1 F900.000
G1 X129.719 Y91.787 E2.12323
G1 X131.504 Y91.211 E2.21342
G1 X131.504 Y97.354 E2.50888
G1 X127.528 Y97.354 E2.70008
G1 X128.152 Y95.521 E2.79318
G1 X127.493 Y93.586 E2.89150
G1 X128.096 Y93.586 E2.92049
G1 X128.096 Y91.414 E3.02497
G1 X127.493 Y91.414 E3.05396
G1 X128.000 Y89.926 E3.12955
G1 X127.997 Y89.264 F7800.000
G1 F900.000
G1 X129.841 Y91.342 E3.26317
G1 X131.889 Y90.681 E3.36671
G1 X131.889 Y97.739 E3.70619
G1 X127.111 Y97.739 E3.93603
G1 X127.111 Y97.384 E3.95310
G1 X127.745 Y95.521 E4.04776
G1 X126.955 Y93.201 E4.16568
G1 X127.711 Y93.201 E4.20203
G1 X127.711 Y91.799 E4.26942
G1 X126.955 Y91.799 E4.30577
G1 X127.745 Y89.479 E4.42369
G1 X127.111 Y87.616 E4.51835
G1 X127.111 Y87.261 E4.53542
G1 X127.997 Y87.261 E4.57807
G1 X127.997 Y89.204 E4.67150
G1 X127.325 Y92.815 F7800.000
;TYPE:External perimeter
G1 F900.000
G1 X127.325 Y92.185 E4.70180
G1 X126.416 Y92.185 E4.74551
G1 X127.338 Y89.479 E4.88302
G1 X126.725 Y87.679 E4.97444
G1 X126.725 Y86.875 E5.01312
G1 X128.383 Y86.875 E5.09287
G1 X128.383 Y89.117 E5.20070
G1 X129.962 Y90.898 E5.31516
G1 X131.986 Y90.245 E5.41745
G1 X132.039 Y90.090 E5.42533
G1 X132.275 Y90.090 E5.43670
G1 X132.275 Y98.125 E5.82316
G1 X126.725 Y98.125 E6.09010
G1 X126.725 Y97.321 E6.12878
G1 X127.338 Y95.521 E6.22020
G1 X126.416 Y92.815 E6.35771
G1 X127.265 Y92.815 E6.39854
G1 X127.671 Y92.614 F7800.000
G1 E4.39854 F2400.000
G92 E0
G1 X122.112 Y89.932 F7800.000
G1 E2.00000 F2400.000
;TYPE:Perimeter
G1 F900.000
G1 X122.112 Y91.145 E2.05837
G1 X122.350 Y91.414 E2.07564
G1 X121.904 Y91.414 E2.09710
G1 X121.904 Y93.586 E2.20158
G1 X122.350 Y93.586 E2.22304
G1 X122.112 Y93.855 E2.24031
G1 X122.112 Y97.188 E2.40062
G1 X122.259 Y97.354 E2.41127
G1 X118.496 Y97.354 E2.59223
G1 X118.496 Y91.535 E2.87208
G1 X118.719 Y91.787 E2.88824
G1 X121.591 Y90.860 E3.03339
G1 X121.918 Y89.900 E3.08217
G1 X122.053 Y89.922 E3.08872
G1 X122.497 Y87.958 F7800.000
G1 F900.000
G1 X122.497 Y90.999 E3.23496
G1 X123.207 Y91.799 E3.28642
G1 X122.289 Y91.799 E3.33057
G1 X122.289 Y93.201 E3.39795
G1 X123.207 Y93.201 E3.44210
G1 X122.497 Y94.001 E3.49356
G1 X122.497 Y97.042 E3.63979
G1 X122.889 Y97.484 E3.66822
G1 X122.889 Y97.739 E3.68050
G1 X118.111 Y97.739 E3.91035
G1 X118.111 Y90.519 E4.25761
G1 X118.841 Y91.342 E4.31052
G1 X121.289 Y90.552 E4.43424
G1 X122.245 Y87.743 E4.57696
G1 X122.081 Y87.261 E4.60147
G1 X122.889 Y87.261 E4.64036
G1 X122.889 Y87.516 E4.65265
G1 X122.537 Y87.913 E4.67818
G1 X122.883 Y88.105 F7800.000
;TYPE:External perimeter
G1 F900.000
G1 X122.883 Y90.853 E4.81035
G1 X124.064 Y92.185 E4.89600
G1 X122.675 Y92.185 E4.96283
G1 X122.675 Y92.815 E4.99312
G1 X124.064 Y92.815 E5.05995
G1 X122.883 Y94.148 E5.14560
G1 X122.883 Y96.895 E5.27776
G1 X123.275 Y97.337 E5.30618
G1 X123.275 Y98.125 E5.34406
G1 X117.725 Y98.125 E5.61099
G1 X117.725 Y90.090 E5.99746
G1 X118.245 Y90.090 E6.02248
G1 X118.962 Y90.898 E6.07443
G1 X120.986 Y90.245 E6.17673
G1 X121.838 Y87.743 E6.30382
G1 X121.542 Y86.875 E6.34792
G1 X123.275 Y86.875 E6.43127
G1 X123.275 Y87.663 E6.46914
G1 X122.923 Y88.060 E6.49467
G1 X122.518 Y88.268 F7800.000
G1 X122.282 Y88.303
;TYPE:Gap fill
;WIDTH:0.167094
G1 F1200.000
G1 X122.253 Y88.481 E6.49698
;WIDTH:0.215807
G1 X122.223 Y88.659 E6.50039
;WIDTH:0.26452
G1 X122.194 Y88.836 E6.50488
;WIDTH:0.313233
G1 X122.164 Y89.014 E6.51048
;WIDTH:0.361947
G1 X122.135 Y89.192 E6.51716
;WIDTH:0.41066
G1 X122.105 Y89.370 E6.52495
;WIDTH:0.459373
G1 X122.076 Y89.548 E6.53383
;WIDTH:0.508086
G1 X122.046 Y89.725 E6.54380
G1 X121.896 Y90.632 F7800.000
;WIDTH:0.160786
G1 F1200.000
G1 X121.874 Y90.769 E6.54547
;WIDTH:0.203191
G1 X121.851 Y90.906 E6.54787
;WIDTH:0.245597
G1 X121.828 Y91.043 E6.55101
;WIDTH:0.27233
G1 X121.815 Y91.088 E6.55223
G1 X121.788 Y91.927 F7800.000
;TYPE:Solid infill
;WIDTH:0.453316
G1 F1200.000
G1 X121.163 Y91.302 E6.59513
G1 X120.747 Y91.436 E6.61633
G1 X121.615 Y92.304 E6.67584
G1 X121.615 Y92.854 E6.70253
G1 X120.331 Y91.570 E6.79057
G1 X119.915 Y91.704 E6.81177
G1 X121.615 Y93.404 E6.92834
G1 X121.615 Y93.875 E6.95122
G1 X121.823 Y93.875 E6.96131
G1 X121.823 Y94.162 E6.97520
G1 X119.500 Y91.839 E7.13457
G1 X119.084 Y91.973 E7.15576
G1 X121.823 Y94.712 E7.34366
G1 X121.823 Y95.262 E7.37034
G1 X118.785 Y92.225 E7.57870
G1 X118.785 Y92.775 E7.60538
G1 X121.823 Y95.812 E7.81373
G1 X121.823 Y96.362 E7.84042
G1 X118.785 Y93.325 E8.04877
G1 X118.785 Y93.875 E8.07545
G1 X121.823 Y96.912 E8.28381
G1 X121.823 Y97.064 E8.29121
G1 X121.425 Y97.064 E8.31049
G1 X118.785 Y94.425 E8.49157
G1 X118.785 Y94.975 E8.51826
G1 X120.875 Y97.064 E8.66161
G1 X120.325 Y97.064 E8.68829
G1 X118.785 Y95.525 E8.79390
G1 X118.785 Y96.075 E8.82059
G1 X119.775 Y97.064 E8.88847
G1 X119.225 Y97.064 E8.91515
G1 X118.612 Y96.451 E8.95720
G1 E6.95720 F2400.000
G92 E0
G1 X128.496 Y97.238 F7800.000
G1 E2.00000 F2400.000
;WIDTH:0.466118
G1 F1200.000
G1 X128.032 Y96.773 E2.03291
G1 X128.176 Y96.350 E2.05535
G1 X128.891 Y97.064 E2.10599
G1 X129.459 Y97.064 E2.13446
G1 X128.320 Y95.926 E2.21514
G1 X128.458 Y95.521 E2.23656
G1 X128.445 Y95.482 E2.23863
G1 X130.027 Y97.064 E2.35075
G1 X130.595 Y97.064 E2.37922
G1 X128.151 Y94.621 E2.55239
G1 X127.897 Y93.875 E2.59184
G1 X127.974 Y93.875 E2.59568
G1 X131.163 Y97.064 E2.82166
G1 X131.215 Y97.064 E2.82424
G1 X131.215 Y96.548 E2.85013
G1 X128.385 Y93.719 E3.05061
G1 X128.385 Y93.150 E3.07907
G1 X131.215 Y95.980 E3.27955
G1 X131.215 Y95.411 E3.30802
G1 X128.385 Y92.582 E3.50849
G1 X128.385 Y92.014 E3.53696
G1 X131.388 Y95.017 E3.74974
G1 X131.388 Y92.176 F7800.000
G1 F1200.000
G1 X130.916 Y91.704 E3.78317
G1 X130.487 Y91.843 E3.80579
G1 X131.215 Y92.571 E3.85737
G1 X131.215 Y93.139 E3.88583
G1 X130.057 Y91.981 E3.96785
G1 X129.628 Y92.120 E3.99044
G1 X128.133 Y90.433 E4.10337
G1 X128.084 Y90.576 E4.11095
G1 X131.215 Y93.707 E4.33278
G1 X131.215 Y94.275 E4.36124
G1 X127.803 Y90.864 E4.60299
G1 X127.782 Y88.919 F7800.000
;TYPE:Gap fill
;WIDTH:0.162947
G1 F1200.000
G1 X127.701 Y88.430 E4.60908
;WIDTH:0.296648
G1 X127.620 Y87.942 E4.62342
;WIDTH:0.430349
G1 X127.539 Y87.454 E4.64602
M106 S216.75
;LAYER_CHANGE
;Z:26.42
;HEIGHT:0.299999
G1 Z26.420 F7800.000
G1 E2.64602 F2400.000
G92 E0
G1 X122.112 Y89.632 F7800.000
G1 E2.00000 F2400.000
;TYPE:Perimeter
;WIDTH:0.45
G1 F900.000
G1 X122.112 Y91.114 E2.07129
G1 X121.904 Y91.114 E2.08129
G1 X121.904 Y93.886 E2.21463
G1 X122.112 Y93.886 E2.22463
G1 X122.112 Y96.888 E2.36901
G1 X122.259 Y97.054 E2.37966
G1 X118.496 Y97.054 E2.56062
G1 X118.496 Y91.235 E2.84046
G1 X118.719 Y91.487 E2.85663
G1 X121.591 Y90.560 E3.00178
G1 X121.918 Y89.600 E3.05056
G1 X122.053 Y89.622 E3.05711
G1 X122.497 Y88.258 F7800.000
G1 F900.000
G1 X122.497 Y91.299 E3.20335
G1 X122.675 Y91.499 E3.21624
G1 X122.289 Y91.499 E3.23480
G1 X122.289 Y93.501 E3.33104
G1 X122.675 Y93.501 E3.34960
G1 X122.497 Y93.701 E3.36250
G1 X122.497 Y96.742 E3.50873
G1 X122.889 Y97.184 E3.53716
G1 X122.889 Y97.439 E3.54944
G1 X118.111 Y97.439 E3.77929
G1 X118.111 Y90.219 E4.12655
G1 X118.841 Y91.042 E4.17946
G1 X121.289 Y90.252 E4.30318
G1 X122.205 Y87.561 E4.43993
G1 X122.889 Y87.561 E4.47284
G1 X122.889 Y87.816 E4.48513
G1 X122.537 Y88.213 E4.51066
G1 X122.883 Y88.405 F7800.000
;TYPE:External perimeter
G1 F900.000
G1 X122.883 Y91.153 E4.64283
G1 X123.532 Y91.885 E4.68991
G1 X122.675 Y91.885 E4.73116
G1 X122.675 Y93.115 E4.79030
G1 X123.532 Y93.115 E4.83155
G1 X122.883 Y93.848 E4.87864
G1 X122.883 Y96.595 E5.01080
G1 X123.275 Y97.037 E5.03922
G1 X123.275 Y97.825 E5.07709
G1 X117.725 Y97.825 E5.34403
G1 X117.725 Y89.790 E5.73049
G1 X118.245 Y89.790 E5.75551
G1 X118.962 Y90.598 E5.80747
G1 X120.986 Y89.945 E5.90976
G1 X121.838 Y87.443 E6.03686
G1 X121.746 Y87.175 E6.05047
G1 X123.275 Y87.175 E6.12399
G1 X123.275 Y87.963 E6.16186
G1 X122.923 Y88.360 E6.18740
G1 X122.518 Y88.568 F7800.000
G1 X122.193 Y88.540
;TYPE:Gap fill
;WIDTH:0.314825
G1 F1200.000
G1 X122.105 Y89.071 E6.20422
;WIDTH:0.459771
G1 X122.046 Y89.425 E6.22194
G1 X122.193 Y88.540 F7800.000
;WIDTH:0.17122
G1 F1200.000
G1 X122.252 Y88.185 E6.22672
G1 X122.407 Y87.754 E6.23284
G1 X121.896 Y90.332 F7800.000
;WIDTH:0.160786
G1 F1200.000
G1 X121.874 Y90.469 E6.23450
;WIDTH:0.203191
G1 X121.851 Y90.606 E6.23691
;WIDTH:0.245597
G1 X121.828 Y90.743 E6.24004
;WIDTH:0.27233
G1 X121.815 Y90.788 E6.24127
G1 X118.612 Y92.430 F7800.000
;TYPE:Solid infill
;WIDTH:0.451131
G1 F1200.000
G1 X119.505 Y91.537 E6.30218
G1 X120.312 Y91.276 E6.34312
G1 X118.785 Y92.803 E6.44728
G1 X118.785 Y93.350 E6.47366
G1 X121.120 Y91.016 E6.63292
G1 X121.332 Y90.947 E6.64366
G1 X121.615 Y91.031 E6.65788
G1 X121.615 Y91.068 E6.65969
G1 X118.785 Y93.897 E6.85268
G1 X118.785 Y94.444 E6.87907
G1 X121.615 Y91.615 E7.07206
G1 X121.615 Y92.162 E7.09845
G1 X118.785 Y94.991 E7.29144
G1 X118.785 Y95.538 E7.31783
G1 X121.615 Y92.709 E7.51083
G1 X121.615 Y93.256 E7.53721
G1 X118.785 Y96.085 E7.73021
G1 X118.785 Y96.632 E7.75659
G1 X121.615 Y93.803 E7.94959
G1 X121.615 Y94.175 E7.96756
G1 X121.789 Y94.175 E7.97597
G1 X119.200 Y96.764 E8.15259
G1 X119.747 Y96.764 E8.17897
G1 X121.823 Y94.689 E8.32057
G1 X121.823 Y95.236 E8.34696
G1 X120.294 Y96.764 E8.45124
G1 X120.841 Y96.764 E8.47763
G1 X121.823 Y95.783 E8.54460
G1 X121.823 Y96.330 E8.57099
G1 X121.214 Y96.938 E8.61249
G1 E6.61249 F2400.000
G92 E0
G1 X129.719 Y91.487 F7800.000
G1 E2.00000 F2400.000
;TYPE:Perimeter
;WIDTH:0.45
G1 F900.000
G1 X131.504 Y90.911 E2.09019
G1 X131.504 Y97.054 E2.38565
G1 X127.528 Y97.054 E2.57684
G1 X128.152 Y95.221 E2.66994
G1 X127.698 Y93.886 E2.73778
G1 X128.096 Y93.886 E2.75695
G1 X128.096 Y91.114 E2.89028
G1 X127.698 Y91.114 E2.90945
G1 X128.167 Y89.736 E2.97946
G1 X129.679 Y91.442 E3.08910
G1 X129.841 Y91.042 F7800.000
G1 F900.000
G1 X131.889 Y90.381 E3.19265
G1 X131.889 Y97.439 E3.53213
G1 X127.111 Y97.439 E3.76197
G1 X127.111 Y97.084 E3.77903
G1 X127.745 Y95.221 E3.87370
G1 X127.159 Y93.501 E3.96113
G1 X127.711 Y93.501 E3.98766
G1 X127.711 Y91.499 E4.08390
G1 X127.159 Y91.499 E4.11043
G1 X127.745 Y89.779 E4.19786
G1 X127.111 Y87.916 E4.29252
G1 X127.111 Y87.561 E4.30958
G1 X127.997 Y87.561 E4.35223
G1 X127.997 Y88.964 E4.41970
G1 X129.801 Y90.997 E4.55044
G1 X127.325 Y93.115 F7800.000
;TYPE:External perimeter
G1 F900.000
G1 X127.325 Y91.885 E4.60958
G1 X126.620 Y91.885 E4.64347
G1 X127.338 Y89.779 E4.75050
G1 X126.725 Y87.979 E4.84192
G1 X126.725 Y87.175 E4.88060
G1 X128.383 Y87.175 E4.96034
G1 X128.383 Y88.817 E5.03932
G1 X129.962 Y90.598 E5.15378
G1 X131.986 Y89.945 E5.25607
G1 X132.039 Y89.790 E5.26395
G1 X132.275 Y89.790 E5.27532
G1 X132.275 Y97.825 E5.66178
G1 X126.725 Y97.825 E5.92872
G1 X126.725 Y97.021 E5.96740
G1 X127.338 Y95.221 E6.05882
G1 X126.620 Y93.115 E6.16584
G1 X127.265 Y93.115 E6.19685
G1 X127.671 Y92.914 F7800.000
G1 X128.212 Y93.593
;TYPE:Solid infill
;WIDTH:0.4677
G1 F1200.000
G1 X130.155 Y91.650 E6.33511
G1 X129.628 Y91.820 E6.36298
G1 X129.528 Y91.707 E6.37058
G1 X128.385 Y92.849 E6.45185
G1 X128.385 Y92.279 E6.48055
G1 X129.260 Y91.405 E6.54275
G1 X128.992 Y91.102 E6.56308
G1 X128.385 Y91.709 E6.60621
G1 X128.385 Y91.256 E6.62897
G1 X128.535 Y91.281 E6.63659
G1 X128.593 Y90.931 E6.65444
G1 X128.847 Y90.677 E6.67250
G1 X128.132 Y90.921 F7800.000
;TYPE:Gap fill
;WIDTH:0.333013
G1 F1200.000
G1 X128.159 Y90.764 E6.67784
;WIDTH:0.292623
G1 X128.185 Y90.606 E6.68238
;WIDTH:0.252232
G1 X128.211 Y90.449 E6.68611
;WIDTH:0.211842
G1 X128.237 Y90.292 E6.68905
;WIDTH:0.171451
G1 X128.263 Y90.135 E6.69117
G1 X127.983 Y89.678 F7800.000
;WIDTH:0.171256
G1 F1200.000
G1 X127.752 Y89.037 E6.70026
G1 X127.691 Y88.670 E6.70522
;WIDTH:0.319728
G1 X127.600 Y88.120 E6.72297
;WIDTH:0.469544
G1 X127.539 Y87.754 E6.74174
G1 X127.990 Y94.386 F7800.000
;TYPE:Solid infill
;WIDTH:0.4677
G1 F1200.000
G1 X130.998 Y91.378 E6.95571
G1 X131.215 Y91.308 E6.96718
G1 X131.215 Y91.731 E6.98848
G1 X128.272 Y94.674 E7.19784
G1 X128.417 Y95.100 E7.22045
G1 X131.215 Y92.302 E7.41950
G1 X131.215 Y92.872 E7.44819
G1 X128.248 Y95.839 E7.65927
G1 X127.953 Y96.704 E7.70523
G1 X131.215 Y93.442 E7.93726
G1 X131.215 Y94.013 E7.96595
G1 X128.463 Y96.764 E8.16170
G1 X129.033 Y96.764 E8.19039
G1 X131.215 Y94.583 E8.34556
G1 X131.215 Y95.154 E8.37426
G1 X129.604 Y96.764 E8.48885
G1 X130.174 Y96.764 E8.51754
G1 X131.215 Y95.724 E8.59156
G1 X131.215 Y96.294 E8.62025
G1 X130.571 Y96.938 E8.66604
M106 S219.3
;LAYER_CHANGE
;Z:26.72
;HEIGHT:0.299999
G1 Z26.720 F7800.000
G1 E6.66604 F2400.000
G92 E0
G1 X122.112 Y89.332 F7800.000
G1 E2.00000 F2400.000
;TYPE:Perimeter
;WIDTH:0.45
G1 F900.000
G1 X122.112 Y90.814 E2.07129
G1 X121.904 Y90.814 E2.08129
G1 X121.904 Y94.186 E2.24349
G1 X122.112 Y94.186 E2.25349
G1 X122.112 Y96.588 E2.36901
G1 X122.259 Y96.754 E2.37966
G1 X118.496 Y96.754 E2.56062
G1 X118.496 Y90.935 E2.84047
G1 X118.719 Y91.187 E2.85663
G1 X121.591 Y90.260 E3.00178
G1 X121.918 Y89.300 E3.05056
G1 X122.053 Y89.322 E3.05711
G1 X122.497 Y88.558 F7800.000
G1 F900.000
G1 X122.497 Y91.199 E3.18414
G1 X122.289 Y91.199 E3.19414
G1 X122.289 Y93.801 E3.31925
G1 X122.497 Y93.801 E3.32925
G1 X122.497 Y96.442 E3.45628
G1 X122.889 Y96.884 E3.48470
G1 X122.889 Y97.139 E3.49699
G1 X118.111 Y97.139 E3.72683
G1 X118.111 Y89.919 E4.07409
G1 X118.841 Y90.742 E4.12700
G1 X121.289 Y89.952 E4.25073
G1 X122.001 Y87.861 E4.35698
G1 X122.889 Y87.861 E4.39973
G1 X122.889 Y88.116 E4.41201
G1 X122.537 Y88.513 E4.43755
G1 X122.883 Y88.705 F7800.000
;TYPE:External perimeter
G1 F900.000
G1 X122.883 Y91.585 E4.57608
G1 X122.675 Y91.585 E4.58609
G1 X122.675 Y93.415 E4.67409
G1 X122.883 Y93.415 E4.68409
G1 X122.883 Y96.295 E4.82263
G1 X123.275 Y96.737 E4.85105
G1 X123.275 Y97.525 E4.88893
G1 X117.725 Y97.525 E5.15586
G1 X117.725 Y89.490 E5.54233
G1 X118.245 Y89.490 E5.56735
G1 X118.962 Y90.298 E5.61930
G1 X120.986 Y89.645 E5.72160
G1 X121.725 Y87.475 E5.83182
G1 X123.275 Y87.475 E5.90639
G1 X123.275 Y88.263 E5.94426
G1 X122.923 Y88.660 E5.96980
G1 X122.518 Y88.868 F7800.000
G1 X122.308 Y88.054
;TYPE:Gap fill
;WIDTH:0.372455
G1 F1200.000
G1 X122.152 Y88.485 E5.98742
G1 X122.082 Y88.912 E6.00404
;WIDTH:0.508086
G1 X122.046 Y89.125 E6.01601
G1 X121.896 Y90.032 F7800.000
;WIDTH:0.160786
G1 F1200.000
G1 X121.874 Y90.169 E6.01768
;WIDTH:0.203191
G1 X121.851 Y90.306 E6.02009
;WIDTH:0.245597
G1 X121.828 Y90.443 E6.02322
;WIDTH:0.27233
G1 X121.815 Y90.488 E6.02445
G1 X121.788 Y91.327 F7800.000
;TYPE:Solid infill
;WIDTH:0.453317
G1 F1200.000
G1 X121.163 Y90.702 E6.06735
G1 X120.747 Y90.836 E6.08854
G1 X121.615 Y91.704 E6.14806
G1 X121.615 Y92.254 E6.17474
G1 X120.331 Y90.970 E6.26279
G1 X119.915 Y91.104 E6.28399
G1 X121.615 Y92.804 E6.40056
G1 X121.615 Y93.354 E6.42724
G1 X119.499 Y91.239 E6.57234
G1 X119.084 Y91.373 E6.59354
G1 X121.788 Y94.077 E6.77907
G1 X121.996 Y94.835 F7800.000
G1 F1200.000
G1 X118.785 Y91.625 E6.99933
G1 X118.785 Y92.175 E7.02601
G1 X121.823 Y95.212 E7.23437
G1 X121.823 Y95.762 E7.26105
G1 X118.785 Y92.725 E7.46941
G1 X118.785 Y93.275 E7.49609
G1 X121.823 Y96.312 E7.70444
G1 X121.823 Y96.464 E7.71184
G1 X121.425 Y96.464 E7.73113
G1 X118.785 Y93.825 E7.91221
G1 X118.785 Y94.375 E7.93889
G1 X120.875 Y96.464 E8.08224
G1 X120.325 Y96.464 E8.10893
G1 X118.785 Y94.925 E8.21454
G1 X118.785 Y95.475 E8.24122
G1 X119.775 Y96.464 E8.30910
G1 X119.225 Y96.464 E8.33578
G1 X118.612 Y95.851 E8.37783
G1 E6.37783 F2400.000
G92 E0
G1 X129.719 Y91.187 F7800.000
G1 E2.00000 F2400.000
;TYPE:Perimeter
;WIDTH:0.45
G1 F900.000
G1 X131.504 Y90.611 E2.09019
G1 X131.504 Y96.754 E2.38565
G1 X127.528 Y96.754 E2.57684
G1 X128.152 Y94.921 E2.66994
G1 X127.902 Y94.186 E2.70730
G1 X128.096 Y94.186 E2.71664
G1 X128.096 Y90.814 E2.87883
G1 X127.902 Y90.814 E2.88817
G1 X128.152 Y90.079 E2.92552
G1 X127.943 Y89.463 E2.95680
G1 X128.107 Y89.368 E2.96591
G1 X129.679 Y91.142 E3.07993
G1 X129.841 Y90.742 F7800.000
G1 F900.000
G1 X131.889 Y90.081 E3.18348
G1 X131.889 Y97.139 E3.52295
G1 X127.111 Y97.139 E3.75279
G1 X127.111 Y96.784 E3.76986
G1 X127.745 Y94.921 E3.86452
G1 X127.363 Y93.801 E3.92147
G1 X127.711 Y93.801 E3.93817
G1 X127.711 Y91.199 E4.06327
G1 X127.363 Y91.199 E4.07997
G1 X127.745 Y90.079 E4.13692
G1 X127.111 Y88.216 E4.23158
G1 X127.111 Y87.861 E4.24864
G1 X127.997 Y87.861 E4.29129
G1 X127.997 Y88.664 E4.32990
G1 X129.801 Y90.697 E4.46064
G1 X127.338 Y94.921 F7800.000
;TYPE:External perimeter
G1 F900.000
G1 X126.825 Y93.415 E4.53718
G1 X127.325 Y93.415 E4.56124
G1 X127.325 Y91.585 E4.64925
G1 X126.825 Y91.585 E4.67331
G1 X127.338 Y90.079 E4.74985
G1 X126.725 Y88.279 E4.84127
G1 X126.725 Y87.475 E4.87995
G1 X128.383 Y87.475 E4.95969
G1 X128.383 Y88.517 E5.00981
G1 X129.962 Y90.298 E5.12427
G1 X131.986 Y89.645 E5.22656
G1 X132.039 Y89.490 E5.23444
G1 X132.275 Y89.490 E5.24581
G1 X132.275 Y97.525 E5.63227
G1 X126.725 Y97.525 E5.89921
G1 X126.725 Y96.721 E5.93789
G1 X127.318 Y94.978 E6.02643
G1 X127.652 Y94.674 F7800.000
G1 X128.266 Y94.588
;TYPE:Gap fill
;WIDTH:0.162529
G1 F1200.000
G1 X128.232 Y94.379 E6.02902
G1 X127.895 Y96.037 F7800.000
;TYPE:Solid infill
;WIDTH:0.466118
G1 F1200.000
G1 X128.322 Y96.464 E6.05933
G1 X128.891 Y96.464 E6.08779
G1 X128.176 Y95.750 E6.13844
G1 X128.320 Y95.326 E6.16087
G1 X129.459 Y96.464 E6.24156
G1 X130.027 Y96.464 E6.27002
G1 X128.445 Y94.882 E6.38214
G1 X128.435 Y94.853 E6.38367
G1 X128.679 Y94.813 E6.39609
G1 X128.627 Y94.496 E6.41217
G1 X130.595 Y96.464 E6.55164
G1 X131.163 Y96.464 E6.58011
G1 X128.385 Y93.687 E6.77694
G1 X128.385 Y93.119 E6.80541
G1 X131.215 Y95.948 E7.00588
G1 X131.215 Y95.380 E7.03435
G1 X128.385 Y92.550 E7.23483
G1 X128.385 Y91.982 E7.26330
G1 X131.215 Y94.811 E7.46377
G1 X131.215 Y94.243 E7.49224
G1 X128.385 Y91.414 E7.69272
G1 X128.385 Y90.940 E7.71649
G1 X128.498 Y90.958 E7.72219
G1 X131.215 Y93.675 E7.91472
G1 X131.215 Y93.107 E7.94318
G1 X128.625 Y90.517 E8.12671
G1 X128.643 Y90.408 E8.13223
G1 X129.628 Y91.520 E8.20667
G1 X130.057 Y91.381 E8.22926
G1 X131.215 Y92.539 E8.31127
G1 X131.215 Y91.971 E8.33974
G1 X130.487 Y91.243 E8.39131
G1 X130.916 Y91.104 E8.41393
G1 X131.388 Y91.576 E8.44737
G1 X128.232 Y90.621 F7800.000
;TYPE:Gap fill
;WIDTH:0.162526
G1 F1200.000
G1 X128.266 Y90.412 E8.44996
G1 X127.853 Y89.292 F7800.000
;WIDTH:0.372497
G1 F1200.000
G1 X127.652 Y88.737 E8.47266
G1 X127.568 Y88.224 E8.49262
;WIDTH:0.519483
G1 X127.539 Y88.054 E8.50245
M106 S221.85
;LAYER_CHANGE
;Z:27.02
;HEIGHT:0.300001
G1 Z27.020 F7800.000
G1 X129.719 Y90.887
;TYPE:Perimeter
;WIDTH:0.45
G1 F900.000
G1 X131.504 Y90.311 E8.59264
G1 X131.504 Y96.454 E8.88809
G1 X127.528 Y96.454 E9.07929
G1 X128.152 Y94.621 E9.17239
G1 X128.096 Y94.456 E9.18077
G1 X128.096 Y90.544 E9.36895
G1 X128.152 Y90.379 E9.37734
G1 X127.611 Y88.789 E9.45810
G1 X127.775 Y88.694 E9.46722
G1 X129.679 Y90.842 E9.60529
G1 X129.841 Y90.442 F7800.000
G1 F900.000
G1 X131.889 Y89.781 E9.70883
G1 X131.889 Y96.839 E10.04831
G1 X127.111 Y96.839 E10.27815
G1 X127.111 Y96.484 E10.29522
G1 X127.745 Y94.621 E10.38988
G1 X127.568 Y94.101 E10.41634
G1 X127.711 Y94.101 E10.42321
G1 X127.711 Y90.899 E10.57717
G1 X127.568 Y90.899 E10.58405
G1 X127.745 Y90.379 E10.61051
G1 X127.111 Y88.516 E10.70517
G1 X127.111 Y88.161 E10.72223
G1 X127.997 Y88.161 E10.76488
G1 X127.997 Y88.364 E10.77463
G1 X129.801 Y90.397 E10.90537
G1 X127.338 Y94.621 F7800.000
;TYPE:External perimeter
G1 F900.000
G1 X127.029 Y93.715 E10.95142
G1 X127.325 Y93.715 E10.96566
G1 X127.325 Y91.285 E11.08252
G1 X127.029 Y91.285 E11.09676
G1 X127.338 Y90.379 E11.14281
G1 X126.725 Y88.579 E11.23423
G1 X126.725 Y87.775 E11.27291
G1 X128.383 Y87.775 E11.35265
G1 X128.383 Y88.217 E11.37391
G1 X129.962 Y89.998 E11.48838
G1 X131.986 Y89.345 E11.59067
G1 X132.039 Y89.190 E11.59855
G1 X132.275 Y89.190 E11.60991
G1 X132.275 Y97.225 E11.99638
G1 X126.725 Y97.225 E12.26331
G1 X126.725 Y96.421 E12.30200
G1 X127.318 Y94.678 E12.39053
G1 X127.652 Y94.374 F7800.000
G1 X128.372 Y89.541
;TYPE:Solid infill
;WIDTH:0.462457
G1 F1200.000
G1 X128.223 Y89.689 E12.40095
G1 X128.366 Y90.109 E12.42297
G1 X128.513 Y89.962 E12.43329
G1 X128.778 Y90.261 E12.45309
G1 X128.385 Y90.653 E12.48064
G1 X128.385 Y91.216 E12.50859
G1 X129.042 Y90.559 E12.55471
G1 X129.307 Y90.858 E12.57451
G1 X128.385 Y91.779 E12.63921
G1 X128.385 Y92.342 E12.66716
G1 X129.571 Y91.156 E12.75044
G1 X129.628 Y91.220 E12.75468
G1 X130.281 Y91.009 E12.78876
G1 X128.385 Y92.905 E12.92188
G1 X128.385 Y93.468 E12.94983
G1 X131.113 Y90.741 E13.14131
G1 X131.215 Y90.708 E13.14664
G1 X131.215 Y91.202 E13.17116
G1 X128.385 Y94.031 E13.36981
G1 X128.385 Y94.408 E13.38855
G1 X128.433 Y94.547 E13.39581
G1 X131.215 Y91.765 E13.59115
G1 X131.215 Y92.328 E13.61910
G1 X128.219 Y95.323 E13.82945
G1 X127.932 Y96.164 E13.87356
G1 X131.215 Y92.891 E14.10372
G1 X131.215 Y93.454 E14.13167
G1 X128.504 Y96.164 E14.32202
G1 X129.067 Y96.164 E14.34997
G1 X131.215 Y94.017 E14.50078
G1 X131.215 Y94.580 E14.52873
G1 X129.630 Y96.164 E14.64001
G1 X130.193 Y96.164 E14.66797
G1 X131.215 Y95.143 E14.73972
G1 X131.215 Y95.705 E14.76767
G1 X130.582 Y96.338 E14.81208
G1 E12.81208 F2400.000
G92 E0
G1 X122.112 Y89.032 F7800.000
G1 E2.00000 F2400.000
;TYPE:Perimeter
;WIDTH:0.45
G1 F900.000
G1 X122.112 Y90.514 E2.07128
G1 X121.904 Y90.514 E2.08128
G1 X121.904 Y94.486 E2.27235
G1 X122.112 Y94.486 E2.28235
G1 X122.112 Y96.288 E2.36901
G1 X122.259 Y96.454 E2.37966
G1 X118.496 Y96.454 E2.56062
G1 X118.496 Y90.635 E2.84047
G1 X118.719 Y90.887 E2.85663
G1 X121.591 Y89.960 E3.00178
G1 X121.918 Y89.000 E3.05057
G1 X122.053 Y89.022 E3.05712
G1 X122.497 Y88.858 F7800.000
G1 F900.000
G1 X122.497 Y90.899 E3.15528
G1 X122.289 Y90.899 E3.16528
G1 X122.289 Y94.101 E3.31925
G1 X122.497 Y94.101 E3.32925
G1 X122.497 Y96.142 E3.42742
G1 X122.889 Y96.584 E3.45585
G1 X122.889 Y96.839 E3.46813
G1 X118.111 Y96.839 E3.69797
G1 X118.111 Y89.619 E4.04524
G1 X118.841 Y90.442 E4.09815
G1 X121.289 Y89.652 E4.22187
G1 X121.796 Y88.161 E4.29764
G1 X122.889 Y88.161 E4.35021
G1 X122.889 Y88.416 E4.36250
G1 X122.537 Y88.813 E4.38803
G1 X122.883 Y89.005 F7800.000
;TYPE:External perimeter
G1 F900.000
G1 X122.883 Y91.285 E4.49771
G1 X122.675 Y91.285 E4.50772
G1 X122.675 Y93.715 E4.62458
G1 X122.883 Y93.715 E4.63459
G1 X122.883 Y95.995 E4.74426
G1 X123.275 Y96.437 E4.77269
G1 X123.275 Y97.225 E4.81056
G1 X117.725 Y97.225 E5.07749
G1 X117.725 Y89.190 E5.46396
G1 X118.245 Y89.190 E5.48898
G1 X118.962 Y89.998 E5.54094
G1 X120.986 Y89.345 E5.64323
G1 X121.520 Y87.775 E5.72297
G1 X123.275 Y87.775 E5.80736
G1 X123.275 Y88.563 E5.84523
G1 X122.923 Y88.960 E5.87077
G1 X122.518 Y89.168 F7800.000
G1 X121.896 Y89.732
;TYPE:Gap fill
;WIDTH:0.160787
G1 F1200.000
G1 X121.874 Y89.869 E5.87244
;WIDTH:0.203193
G1 X121.851 Y90.006 E5.87484
;WIDTH:0.245599
G1 X121.828 Y90.143 E5.87798
;WIDTH:0.27233
G1 X121.815 Y90.188 E5.87921
G1 X118.612 Y91.830 F7800.000
;TYPE:Solid infill
;WIDTH:0.451131
G1 F1200.000
G1 X119.505 Y90.937 E5.94012
G1 X120.312 Y90.676 E5.98105
G1 X118.785 Y92.203 E6.08522
G1 X118.785 Y92.750 E6.11160
G1 X121.120 Y90.416 E6.27086
G1 X121.332 Y90.347 E6.28159
G1 X121.615 Y90.431 E6.29581
G1 X121.615 Y90.468 E6.29762
G1 X118.785 Y93.297 E6.49062
G1 X118.785 Y93.844 E6.51700
G1 X121.615 Y91.015 E6.71000
G1 X121.615 Y91.562 E6.73638
G1 X118.785 Y94.391 E6.92938
G1 X118.785 Y94.938 E6.95576
G1 X121.615 Y92.109 E7.14876
G1 X121.615 Y92.656 E7.17514
G1 X118.785 Y95.485 E7.36814
G1 X118.785 Y96.032 E7.39452
G1 X121.615 Y93.203 E7.58752
G1 X121.615 Y93.750 E7.61390
G1 X119.200 Y96.164 E7.77863
G1 X119.747 Y96.164 E7.80501
G1 X121.615 Y94.297 E7.93242
G1 X121.615 Y94.775 E7.95551
G1 X121.683 Y94.775 E7.95881
G1 X120.294 Y96.164 E8.05357
G1 X120.841 Y96.164 E8.07995
G1 X121.823 Y95.183 E8.14693
G1 X121.823 Y95.730 E8.17331
G1 X121.214 Y96.338 E8.21481
;LAYER_CHANGE
;Z:27.32
;HEIGHT:0.299999
G1 Z27.320 F7800.000
G1 E6.21481 F2400.000
G92 E0
G1 X129.719 Y90.587 F7800.000
G1 E2.00000 F2400.000
;TYPE:Perimeter
;WIDTH:0.45
G1 F900.000
G1 X131.504 Y90.011 E2.09019
G1 X131.504 Y96.154 E2.38565
G1 X127.528 Y96.154 E2.57684
G1 X128.152 Y94.321 E2.66994
G1 X128.096 Y94.156 E2.67833
G1 X128.096 Y90.844 E2.83765
G1 X128.152 Y90.679 E2.84603
G1 X127.528 Y88.846 E2.93913
G1 X128.176 Y88.846 E2.97028
G1 X129.679 Y90.542 E3.07926
G1 X129.841 Y90.142 F7800.000
G1 F900.000
G1 X131.889 Y89.481 E3.18280
G1 X131.889 Y96.539 E3.52228
G1 X127.111 Y96.539 E3.75212
G1 X127.111 Y96.184 E3.76919
G1 X127.745 Y94.321 E3.86385
G1 X127.711 Y94.220 E3.86899
G1 X127.711 Y90.780 E4.03446
G1 X127.745 Y90.679 E4.03960
G1 X127.111 Y88.816 E4.13426
G1 X127.111 Y88.461 E4.15132
G1 X128.350 Y88.461 E4.21091
G1 X129.801 Y90.097 E4.31611
G1 X127.338 Y94.321 F7800.000
;TYPE:External perimeter
G1 F900.000
G1 X127.233 Y94.015 E4.33168
G1 X127.325 Y94.015 E4.33609
G1 X127.325 Y90.985 E4.48181
G1 X127.233 Y90.985 E4.48622
G1 X127.338 Y90.679 E4.50179
G1 X126.725 Y88.879 E4.59321
G1 X126.725 Y88.075 E4.63189
G1 X128.523 Y88.075 E4.71837
G1 X129.962 Y89.698 E4.82268
G1 X131.986 Y89.045 E4.92497
G1 X132.039 Y88.890 E4.93285
G1 X132.275 Y88.890 E4.94421
G1 X132.275 Y96.925 E5.33068
G1 X126.725 Y96.925 E5.59761
G1 X126.725 Y96.121 E5.63630
G1 X127.318 Y94.378 E5.72483
G1 X127.592 Y94.121 F7800.000
G1 X131.388 Y90.976
;TYPE:Solid infill
;WIDTH:0.466118
G1 F1200.000
G1 X130.916 Y90.504 E5.75827
G1 X130.487 Y90.643 E5.78088
G1 X131.215 Y91.371 E5.83246
G1 X131.215 Y91.939 E5.86093
G1 X130.057 Y90.781 E5.94294
G1 X129.628 Y90.920 E5.96553
G1 X128.046 Y89.136 E6.08502
G1 X127.932 Y89.136 E6.09071
G1 X127.979 Y89.271 E6.09787
G1 X131.215 Y92.507 E6.32718
G1 X131.215 Y93.075 E6.35565
G1 X128.272 Y90.132 E6.56417
G1 X128.458 Y90.679 E6.59309
G1 X128.405 Y90.834 E6.60129
G1 X131.215 Y93.643 E6.80038
G1 X131.215 Y94.211 E6.82884
G1 X128.385 Y91.382 E7.02932
G1 X128.385 Y91.950 E7.05779
G1 X131.215 Y94.780 E7.25826
G1 X131.215 Y95.348 E7.28673
G1 X128.385 Y92.519 E7.48721
G1 X128.385 Y93.087 E7.51568
G1 X131.163 Y95.864 E7.71251
G1 X130.595 Y95.864 E7.74098
G1 X128.385 Y93.655 E7.89755
G1 X128.385 Y94.108 E7.92028
G1 X128.445 Y94.282 E7.92947
G1 X130.027 Y95.864 E8.04159
G1 X129.459 Y95.864 E8.07006
G1 X128.320 Y94.726 E8.15074
G1 X128.176 Y95.150 E8.17318
G1 X128.891 Y95.864 E8.22382
G1 X128.322 Y95.864 E8.25229
G1 X127.895 Y95.437 E8.28260
G1 E6.28260 F2400.000
G92 E0
G1 X122.259 Y88.846 F7800.000
G1 E2.00000 F2400.000
;TYPE:Perimeter
;WIDTH:0.45
G1 F900.000
G1 X122.112 Y89.012 E2.01065
G1 X122.112 Y90.214 E2.06845
G1 X121.904 Y90.214 E2.07845
G1 X121.904 Y94.786 E2.29836
G1 X122.112 Y94.786 E2.30836
G1 X122.112 Y95.988 E2.36617
G1 X122.259 Y96.154 E2.37682
G1 X118.496 Y96.154 E2.55778
G1 X118.496 Y90.335 E2.83762
G1 X118.719 Y90.587 E2.85379
G1 X121.591 Y89.660 E2.99894
G1 X121.868 Y88.846 E3.04026
G1 X122.199 Y88.846 E3.05615
G1 X122.497 Y89.158 F7800.000
G1 F900.000
G1 X122.497 Y90.599 E3.12546
G1 X122.289 Y90.599 E3.13546
G1 X122.289 Y94.401 E3.31828
G1 X122.497 Y94.401 E3.32828
G1 X122.497 Y95.842 E3.39760
G1 X122.889 Y96.284 E3.42602
G1 X122.889 Y96.539 E3.43831
G1 X118.111 Y96.539 E3.66815
G1 X118.111 Y89.319 E4.01541
G1 X118.841 Y90.142 E4.06833
G1 X121.289 Y89.352 E4.19205
G1 X121.592 Y88.461 E4.23733
G1 X122.889 Y88.461 E4.29973
G1 X122.889 Y88.716 E4.31201
G1 X122.537 Y89.113 E4.33755
G1 X122.883 Y89.305 F7800.000
;TYPE:External perimeter
G1 F900.000
G1 X122.883 Y90.985 E4.41837
G1 X122.675 Y90.985 E4.42837
G1 X122.675 Y94.015 E4.57410
G1 X122.883 Y94.015 E4.58410
G1 X122.883 Y95.695 E4.66492
G1 X123.275 Y96.137 E4.69334
G1 X123.275 Y96.925 E4.73121
G1 X117.725 Y96.925 E4.99815
G1 X117.725 Y88.890 E5.38462
G1 X118.245 Y88.890 E5.40963
G1 X118.962 Y89.698 E5.46159
G1 X120.986 Y89.045 E5.56389
G1 X121.316 Y88.075 E5.61314
G1 X123.275 Y88.075 E5.70736
G1 X123.275 Y88.863 E5.74523
G1 X122.923 Y89.260 E5.77077
G1 X122.518 Y89.468 F7800.000
G1 X121.896 Y89.432
;TYPE:Gap fill
;WIDTH:0.160787
G1 F1200.000
G1 X121.874 Y89.569 E5.77244
;WIDTH:0.203193
G1 X121.851 Y89.706 E5.77484
;WIDTH:0.245599
G1 X121.828 Y89.843 E5.77798
;WIDTH:0.27233
G1 X121.815 Y89.888 E5.77920
G1 X121.788 Y90.727 F7800.000
;TYPE:Solid infill
;WIDTH:0.453316
G1 F1200.000
G1 X121.163 Y90.102 E5.82210
G1 X120.747 Y90.236 E5.84329
G1 X121.615 Y91.104 E5.90281
G1 X121.615 Y91.654 E5.92950
G1 X120.331 Y90.370 E6.01754
G1 X119.915 Y90.504 E6.03874
G1 X121.615 Y92.204 E6.15531
G1 X121.615 Y92.754 E6.18199
G1 X119.499 Y90.639 E6.32709
G1 X119.084 Y90.773 E6.34829
G1 X121.615 Y93.304 E6.52192
G1 X121.615 Y93.854 E6.54860
G1 X118.785 Y91.025 E6.74269
G1 X118.785 Y91.575 E6.76937
G1 X121.788 Y94.577 E6.97536
G1 X121.996 Y95.335 F7800.000
G1 F1200.000
G1 X118.785 Y92.125 E7.19562
G1 X118.785 Y92.675 E7.22230
G1 X121.823 Y95.712 E7.43066
G1 X121.823 Y95.864 E7.43806
G1 X121.425 Y95.864 E7.45734
G1 X118.785 Y93.225 E7.63843
G1 X118.785 Y93.775 E7.66511
G1 X120.875 Y95.864 E7.80846
G1 X120.325 Y95.864 E7.83514
G1 X118.785 Y94.325 E7.94076
G1 X118.785 Y94.875 E7.96744
G1 X119.775 Y95.864 E8.03532
G1 X119.225 Y95.864 E8.06200
G1 X118.612 Y95.251 E8.10405
;LAYER_CHANGE
;Z:27.62
;HEIGHT:0.300001
G1 Z27.620 F7800.000
G1 X122.259 Y89.146
;TYPE:Perimeter
;WIDTH:0.45
G1 F900.000
G1 X122.112 Y89.312 E8.11470
G1 X122.112 Y89.914 E8.14364
G1 X121.904 Y89.914 E8.15365
G1 X121.904 Y95.086 E8.40241
G1 X122.112 Y95.086 E8.41241
G1 X122.112 Y95.688 E8.44136
G1 X122.259 Y95.854 E8.45201
G1 X118.496 Y95.854 E8.63297
G1 X118.496 Y90.035 E8.91281
G1 X118.719 Y90.287 E8.92898
G1 X121.591 Y89.360 E9.07413
G1 X121.664 Y89.146 E9.08496
G1 X122.199 Y89.146 E9.11068
G1 X122.497 Y89.458 F7800.000
G1 F900.000
G1 X122.497 Y90.300 E9.15114
G1 X122.289 Y90.300 E9.16114
G1 X122.289 Y94.701 E9.37281
G1 X122.497 Y94.701 E9.38281
G1 X122.497 Y95.542 E9.42327
G1 X122.889 Y95.984 E9.45169
G1 X122.889 Y96.239 E9.46398
G1 X118.111 Y96.239 E9.69382
G1 X118.111 Y89.019 E10.04108
G1 X118.841 Y89.842 E10.09400
G1 X121.289 Y89.052 E10.21772
G1 X121.388 Y88.761 E10.23252
G1 X122.889 Y88.761 E10.30474
G1 X122.889 Y89.016 E10.31703
G1 X122.537 Y89.414 E10.34256
G1 X122.883 Y89.605 F7800.000
;TYPE:External perimeter
G1 F900.000
G1 X122.883 Y90.685 E10.39453
G1 X122.675 Y90.685 E10.40453
G1 X122.675 Y94.315 E10.57911
G1 X122.883 Y94.315 E10.58911
G1 X122.883 Y95.395 E10.64107
G1 X123.275 Y95.837 E10.66950
G1 X123.275 Y96.625 E10.70737
G1 X117.725 Y96.625 E10.97430
G1 X117.725 Y88.590 E11.36077
G1 X118.245 Y88.590 E11.38579
G1 X118.962 Y89.398 E11.43775
G1 X120.986 Y88.745 E11.54004
G1 X121.112 Y88.375 E11.55881
G1 X123.275 Y88.375 E11.66286
G1 X123.275 Y89.163 E11.70072
G1 X122.923 Y89.560 E11.72626
G1 X122.518 Y89.768 F7800.000
G1 X121.214 Y95.738
;TYPE:Solid infill
;WIDTH:0.451131
G1 F1200.000
G1 X121.615 Y95.338 E11.75358
G1 X121.615 Y94.791 E11.77996
G1 X120.841 Y95.564 E11.83275
G1 X120.294 Y95.564 E11.85913
G1 X121.615 Y94.244 E11.94924
G1 X121.615 Y93.697 E11.97562
G1 X119.747 Y95.564 E12.10303
G1 X119.200 Y95.564 E12.12941
G1 X121.615 Y93.150 E12.29414
G1 X121.615 Y92.603 E12.32052
G1 X118.785 Y95.432 E12.51352
G1 X118.785 Y94.885 E12.53990
G1 X121.615 Y92.056 E12.73290
G1 X121.615 Y91.509 E12.75928
G1 X118.785 Y94.338 E12.95228
G1 X118.785 Y93.791 E12.97866
G1 X121.615 Y90.962 E13.17166
G1 X121.615 Y90.415 E13.19804
G1 X118.785 Y93.244 E13.39104
G1 X118.785 Y92.697 E13.41743
G1 X121.615 Y89.868 E13.61042
G1 X121.615 Y89.656 E13.62065
G1 X121.120 Y89.816 E13.64572
G1 X118.785 Y92.150 E13.80498
G1 X118.785 Y91.603 E13.83136
G1 X120.312 Y90.076 E13.93553
G1 X119.505 Y90.337 E13.97646
G1 X118.612 Y91.230 E14.03737
G1 E12.03737 F2400.000
G92 E0
G1 X129.719 Y90.287 F7800.000
G1 E2.00000 F2400.000
;TYPE:Perimeter
;WIDTH:0.45
G1 F900.000
G1 X131.504 Y89.711 E2.09019
G1 X131.504 Y95.854 E2.38565
G1 X127.528 Y95.854 E2.57684
G1 X127.790 Y95.086 E2.61584
G1 X128.096 Y95.086 E2.63058
G1 X128.096 Y89.914 E2.87934
G1 X127.790 Y89.914 E2.89408
G1 X127.528 Y89.146 E2.93307
G1 X128.708 Y89.146 E2.98981
G1 X129.679 Y90.242 E3.06022
G1 X129.841 Y89.842 F7800.000
G1 F900.000
G1 X131.889 Y89.181 E3.16377
G1 X131.889 Y96.239 E3.50324
G1 X127.111 Y96.239 E3.73309
G1 X127.111 Y95.884 E3.75015
G1 X127.514 Y94.701 E3.81031
G1 X127.711 Y94.701 E3.81977
G1 X127.711 Y90.300 E4.03145
G1 X127.514 Y90.300 E4.04091
G1 X127.111 Y89.116 E4.10107
G1 X127.111 Y88.761 E4.11813
G1 X128.882 Y88.761 E4.20331
G1 X129.801 Y89.797 E4.26994
G1 E2.26994 F2400.000
G92 E0
G1 X126.725 Y96.625 F7800.000
G1 E2.00000 F2400.000
;TYPE:External perimeter
G1 F900.000
G1 X126.725 Y95.821 E2.03869
G1 X127.238 Y94.315 E2.11519
G1 X127.325 Y94.315 E2.11938
G1 X127.325 Y90.685 E2.29396
G1 X127.238 Y90.685 E2.29816
G1 X126.725 Y89.179 E2.37466
G1 X126.725 Y88.375 E2.41334
G1 X129.055 Y88.375 E2.52542
G1 X129.962 Y89.398 E2.59115
G1 X131.986 Y88.745 E2.69345
G1 X132.039 Y88.590 E2.70132
G1 X132.275 Y88.590 E2.71269
G1 X132.275 Y96.625 E3.09915
G1 X126.785 Y96.625 E3.36321
G1 X126.805 Y96.233 F7800.000
G1 X127.722 Y95.738
;TYPE:Solid infill
;WIDTH:0.467375
G1 F1200.000
G1 X131.215 Y92.245 E3.61147
G1 X131.215 Y92.815 E3.64011
G1 X128.465 Y95.564 E3.83552
G1 X129.035 Y95.564 E3.86417
G1 X131.215 Y93.385 E4.01907
G1 X131.215 Y93.955 E4.04772
G1 X129.605 Y95.564 E4.16210
G1 X130.175 Y95.564 E4.19075
G1 X131.215 Y94.525 E4.26463
G1 X131.215 Y95.095 E4.29327
G1 X130.572 Y95.738 E4.33897
G1 X128.212 Y94.678 F7800.000
G1 F1200.000
G1 X131.215 Y91.676 E4.55241
G1 X131.215 Y91.106 E4.58106
G1 X128.385 Y93.935 E4.78216
G1 X128.385 Y93.365 E4.81081
G1 X131.215 Y90.536 E5.01191
G1 X131.215 Y90.108 E5.03341
G1 X131.005 Y90.176 E5.04449
G1 X128.385 Y92.795 E5.23068
G1 X128.385 Y92.225 E5.25933
G1 X130.163 Y90.447 E5.38570
G1 X129.628 Y90.620 E5.41395
G1 X129.531 Y90.510 E5.42135
G1 X128.385 Y91.655 E5.50275
G1 X128.385 Y91.085 E5.53139
G1 X129.263 Y90.208 E5.59376
G1 X128.995 Y89.906 E5.61405
G1 X128.385 Y90.515 E5.65737
G1 X128.385 Y89.945 E5.68602
G1 X128.727 Y89.604 E5.71030
G1 X128.578 Y89.436 E5.72159
G1 X128.325 Y89.436 E5.73430
G1 X127.963 Y89.798 E5.76008
M106 S224.4
;LAYER_CHANGE
;Z:27.92
;HEIGHT:0.299999
G1 Z27.920 F7800.000
G1 E3.76008 F2400.000
G92 E0
G1 X121.904 Y89.605 F7800.000
G1 E2.00000 F2400.000
;TYPE:Perimeter
;WIDTH:0.45
G1 F900.000
G1 X121.904 Y95.554 E2.28612
G1 X118.496 Y95.554 E2.45001
G1 X118.496 Y89.735 E2.72986
G1 X118.719 Y89.987 E2.74602
G1 X120.393 Y89.446 E2.83061
G1 X121.904 Y89.446 E2.90328
G1 X121.904 Y89.545 E2.90800
G1 X118.841 Y89.542 F7800.000
G1 F900.000
G1 X120.332 Y89.061 E2.98339
G1 X122.889 Y89.061 E3.10638
G1 X122.889 Y89.316 E3.11867
G1 X122.497 Y89.758 E3.14709
G1 X122.497 Y90.000 E3.15869
G1 X122.289 Y90.000 E3.16869
G1 X122.289 Y95.001 E3.40922
G1 X122.497 Y95.001 E3.41922
G1 X122.497 Y95.242 E3.43081
G1 X122.889 Y95.684 E3.45924
G1 X122.889 Y95.939 E3.47152
G1 X118.111 Y95.939 E3.70137
G1 X118.111 Y89.061 E4.03219
G1 X118.414 Y89.061 E4.04677
G1 X118.801 Y89.497 E4.07483
G1 X122.883 Y89.905 F7800.000
;TYPE:External perimeter
G1 F900.000
G1 X122.883 Y90.385 E4.09794
G1 X122.675 Y90.385 E4.10794
G1 X122.675 Y94.615 E4.31137
G1 X122.883 Y94.615 E4.32138
G1 X122.883 Y95.095 E4.34448
G1 X123.275 Y95.537 E4.37290
G1 X123.275 Y96.325 E4.41078
G1 X117.725 Y96.325 E4.67771
G1 X117.725 Y88.675 E5.04563
G1 X118.587 Y88.675 E5.08710
G1 X118.962 Y89.098 E5.11427
G1 X120.272 Y88.675 E5.18045
G1 X123.275 Y88.675 E5.32491
G1 X123.275 Y89.463 E5.36278
G1 X122.923 Y89.860 E5.38832
G1 X122.518 Y90.068 F7800.000
G1 X122.201 Y89.807
;TYPE:Gap fill
;WIDTH:0.272333
G1 F1200.000
G1 X122.201 Y89.685 E5.39147
;WIDTH:0.302273
G1 X122.282 Y89.254 E5.40451
G1 X121.788 Y90.379 F7800.000
;TYPE:Solid infill
;WIDTH:0.467833
G1 F1200.000
G1 X121.144 Y89.736 E5.45032
G1 X120.574 Y89.736 E5.47903
G1 X121.615 Y90.777 E5.55311
G1 X121.615 Y91.347 E5.58182
G1 X120.109 Y89.842 E5.68894
G1 X119.678 Y89.981 E5.71175
G1 X121.615 Y91.918 E5.84956
G1 X121.615 Y92.488 E5.87827
G1 X119.247 Y90.120 E6.04678
G1 X118.815 Y90.260 E6.06959
G1 X121.615 Y93.059 E6.26880
G1 X121.615 Y93.629 E6.29751
G1 X118.785 Y90.800 E6.49884
G1 X118.785 Y91.371 E6.52756
G1 X121.615 Y94.200 E6.72889
G1 X121.615 Y94.770 E6.75760
G1 X118.785 Y91.941 E6.95893
G1 X118.785 Y92.512 E6.98764
G1 X121.538 Y95.264 E7.18352
G1 X120.967 Y95.264 E7.21223
G1 X118.785 Y93.083 E7.36751
G1 X118.785 Y93.653 E7.39622
G1 X120.397 Y95.264 E7.51089
G1 X119.826 Y95.264 E7.53960
G1 X118.785 Y94.224 E7.61366
G1 X118.785 Y94.794 E7.64238
G1 X119.429 Y95.438 E7.68819
G1 X122.201 Y95.193 F7800.000
;TYPE:Gap fill
;WIDTH:0.272333
G1 F1200.000
G1 X122.201 Y95.315 E7.69134
;WIDTH:0.302275
G1 X122.282 Y95.746 E7.70437
G1 E5.70437 F2400.000
G92 E0
G1 X128.096 Y95.554 F7800.000
G1 E2.00000 F2400.000
;TYPE:Perimeter
;WIDTH:0.45
G1 F900.000
G1 X128.096 Y89.446 E2.29374
G1 X129.240 Y89.446 E2.34876
G1 X129.719 Y89.987 E2.38348
G1 X131.504 Y89.411 E2.47367
G1 X131.504 Y95.554 E2.76913
G1 X128.156 Y95.554 E2.93013
G1 X127.111 Y95.939 F7800.000
G1 F900.000
G1 X127.111 Y95.584 E2.94720
G1 X127.309 Y95.001 E2.97686
G1 X127.711 Y95.001 E2.99616
G1 X127.711 Y90.000 E3.23669
G1 X127.309 Y90.000 E3.25598
G1 X127.111 Y89.416 E3.28565
G1 X127.111 Y89.061 E3.30271
G1 X129.414 Y89.061 E3.41348
G1 X129.841 Y89.542 E3.44443
G1 X131.332 Y89.061 E3.51982
G1 X131.889 Y89.061 E3.54662
G1 X131.889 Y95.939 E3.87744
G1 X127.171 Y95.939 E4.10440
G1 X126.725 Y96.325 F7800.000
;TYPE:External perimeter
G1 F900.000
G1 X126.725 Y95.521 E4.14308
G1 X127.033 Y94.615 E4.18910
G1 X127.325 Y94.615 E4.20313
G1 X127.325 Y90.385 E4.40656
G1 X127.033 Y90.385 E4.42059
G1 X126.725 Y89.479 E4.46660
G1 X126.725 Y88.675 E4.50528
G1 X129.587 Y88.675 E4.64294
G1 X129.962 Y89.098 E4.67011
G1 X131.272 Y88.675 E4.73630
G1 X132.275 Y88.675 E4.78456
G1 X132.275 Y96.325 E5.15248
G1 X126.785 Y96.325 E5.41653
G1 X126.808 Y95.934 F7800.000
G1 E3.41653 F2400.000
G92 E0
G1 X131.388 Y90.380 F7800.000
G1 E2.00000 F2400.000
;TYPE:Solid infill
;WIDTH:0.467825
G1 F1200.000
G1 X130.913 Y89.905 E2.03378
G1 X130.482 Y90.044 E2.05658
G1 X131.215 Y90.777 E2.10870
G1 X131.215 Y91.347 E2.13741
G1 X130.051 Y90.183 E2.22023
G1 X129.628 Y90.320 E2.24258
G1 X129.110 Y89.736 E2.28187
G1 X129.032 Y89.736 E2.28578
G1 X131.215 Y91.918 E2.44107
G1 X131.215 Y92.488 E2.46978
G1 X128.462 Y89.736 E2.66567
G1 X128.385 Y89.736 E2.66952
G1 X128.385 Y90.230 E2.69439
G1 X131.215 Y93.059 E2.89571
G1 X131.215 Y93.629 E2.92442
G1 X128.385 Y90.800 E3.12575
G1 X128.385 Y91.371 E3.15446
G1 X131.215 Y94.200 E3.35579
G1 X131.215 Y94.771 E3.38450
G1 X128.385 Y91.941 E3.58583
G1 X128.385 Y92.512 E3.61454
G1 X131.138 Y95.264 E3.81040
G1 X130.567 Y95.264 E3.83911
G1 X128.385 Y93.083 E3.99438
G1 X128.385 Y93.653 E4.02309
G1 X129.997 Y95.264 E4.13775
G1 X129.426 Y95.264 E4.16646
G1 X128.385 Y94.224 E4.24052
G1 X128.385 Y94.794 E4.26923
G1 X129.029 Y95.438 E4.31503
M106 S226.95
;LAYER_CHANGE
;Z:28.22
;HEIGHT:0.299999
G1 Z28.220 F7800.000
G1 E2.31503 F2400.000
G92 E0
G1 X121.904 Y89.905 F7800.000
G1 E2.00000 F2400.000
;TYPE:Perimeter
;WIDTH:0.45
G1 F900.000
G1 X121.904 Y95.254 E2.25726
G1 X118.496 Y95.254 E2.42115
G1 X118.496 Y89.746 E2.68603
G1 X121.904 Y89.746 E2.84992
G1 X121.904 Y89.845 E2.85465
G1 X122.815 Y89.700 F7800.000
G1 F900.000
G1 X122.289 Y89.700 E2.87995
G1 X122.289 Y95.301 E3.14933
G1 X122.816 Y95.301 E3.17463
G1 X122.889 Y95.384 E3.17999
G1 X122.889 Y95.639 E3.19227
G1 X118.111 Y95.639 E3.42212
G1 X118.111 Y89.361 E3.72408
G1 X122.889 Y89.361 E3.95393
G1 X122.889 Y89.616 E3.96621
G1 X122.855 Y89.655 E3.96868
G1 X122.675 Y90.085 F7800.000
;TYPE:External perimeter
G1 F900.000
G1 X122.675 Y94.915 E4.20097
G1 X122.989 Y94.915 E4.21607
G1 X123.275 Y95.237 E4.23681
G1 X123.275 Y96.025 E4.27468
G1 X117.725 Y96.025 E4.54162
G1 X117.725 Y88.975 E4.88068
G1 X123.275 Y88.975 E5.14762
G1 X123.275 Y89.763 E5.18548
G1 X122.989 Y90.085 E5.20622
G1 X122.735 Y90.085 E5.21844
G1 X122.280 Y90.151 F7800.000
G1 X120.974 Y95.138
;TYPE:Solid infill
;WIDTH:0.466448
G1 F1200.000
G1 X121.615 Y94.497 E5.26389
G1 X121.615 Y93.928 E5.29240
G1 X120.579 Y94.964 E5.36587
G1 X120.010 Y94.964 E5.39439
G1 X121.615 Y93.360 E5.50818
G1 X121.615 Y92.791 E5.53669
G1 X119.441 Y94.964 E5.69081
G1 X118.873 Y94.964 E5.71933
G1 X121.615 Y92.223 E5.91377
G1 X121.615 Y91.654 E5.94229
G1 X118.785 Y94.483 E6.14293
G1 X118.785 Y93.915 E6.17144
G1 X121.615 Y91.085 E6.37209
G1 X121.615 Y90.517 E6.40060
G1 X118.785 Y93.346 E6.60124
G1 X118.785 Y92.777 E6.62976
G1 X121.527 Y90.036 E6.82419
G1 X120.959 Y90.036 E6.85271
G1 X118.785 Y92.209 E7.00682
G1 X118.785 Y91.640 E7.03534
G1 X120.390 Y90.036 E7.14913
G1 X119.821 Y90.036 E7.17764
G1 X118.785 Y91.071 E7.25110
G1 X118.785 Y90.503 E7.27962
G1 X119.426 Y89.862 E7.32506
G1 E5.32506 F2400.000
G92 E0
G1 X128.096 Y95.254 F7800.000
G1 E2.00000 F2400.000
;TYPE:Perimeter
;WIDTH:0.45
G1 F900.000
G1 X128.096 Y89.746 E2.26488
G1 X131.504 Y89.746 E2.42877
G1 X131.504 Y95.254 E2.69364
G1 X128.156 Y95.254 E2.85465
G1 X127.111 Y95.639 F7800.000
G1 F900.000
G1 X127.111 Y95.301 E2.87094
G1 X127.711 Y95.301 E2.89980
G1 X127.711 Y89.700 E3.16918
G1 X127.111 Y89.700 E3.19804
G1 X127.111 Y89.361 E3.21433
G1 X131.889 Y89.361 E3.44417
G1 X131.889 Y95.639 E3.74614
G1 X127.171 Y95.639 E3.97310
G1 X126.725 Y96.025 F7800.000
;TYPE:External perimeter
G1 F900.000
G1 X126.725 Y95.221 E4.01178
G1 X126.829 Y94.915 E4.02731
G1 X127.325 Y94.915 E4.05117
G1 X127.325 Y90.085 E4.28346
G1 X126.829 Y90.085 E4.30731
G1 X126.725 Y89.779 E4.32284
G1 X126.725 Y88.975 E4.36152
G1 X132.275 Y88.975 E4.62846
G1 X132.275 Y96.025 E4.96752
G1 X126.785 Y96.025 E5.23157
G1 X126.813 Y95.635 F7800.000
G1 E3.23157 F2400.000
G92 E0
G1 X129.026 Y89.862 F7800.000
G1 E2.00000 F2400.000
;TYPE:Solid infill
;WIDTH:0.466445
G1 F1200.000
G1 X128.385 Y90.503 E2.04544
G1 X128.385 Y91.071 E2.07396
G1 X129.421 Y90.036 E2.14742
G1 X129.990 Y90.036 E2.17593
G1 X128.385 Y91.640 E2.28972
G1 X128.385 Y92.209 E2.31823
G1 X130.558 Y90.036 E2.47235
G1 X131.127 Y90.036 E2.50086
G1 X128.385 Y92.777 E2.69530
G1 X128.385 Y93.346 E2.72381
G1 X131.215 Y90.517 E2.92445
G1 X131.215 Y91.085 E2.95296
G1 X128.385 Y93.915 E3.15360
G1 X128.385 Y94.483 E3.18212
G1 X131.215 Y91.654 E3.38276
G1 X131.215 Y92.223 E3.41127
G1 X128.473 Y94.964 E3.60572
G1 X129.041 Y94.964 E3.63423
G1 X131.215 Y92.791 E3.78836
G1 X131.215 Y93.360 E3.81687
G1 X129.610 Y94.964 E3.93067
G1 X130.179 Y94.964 E3.95918
G1 X131.215 Y93.928 E4.03265
G1 X131.215 Y94.497 E4.06117
G1 X130.574 Y95.138 E4.10662
M106 S232.05
;LAYER_CHANGE
;Z:28.52
;HEIGHT:0.300001
G1 Z28.520 F7800.000
G1 E2.10662 F2400.000
G92 E0
G1 X121.904 Y90.085 F7800.000
G1 E2.00000 F2400.000
;TYPE:Perimeter
;WIDTH:0.45
G1 F900.000
G1 X121.904 Y94.954 E2.23415
G1 X118.496 Y94.954 E2.39804
G1 X118.496 Y90.046 E2.63406
G1 X121.883 Y90.046 E2.79693
G1 X122.289 Y89.661 F7800.000
G1 F900.000
G1 X122.289 Y95.339 E3.07004
G1 X118.111 Y95.339 E3.27103
G1 X118.111 Y89.661 E3.54414
G1 X122.229 Y89.661 E3.74224
G1 X122.675 Y89.785 F7800.000
;TYPE:External perimeter
G1 F900.000
G1 X122.675 Y95.215 E4.00338
G1 X123.275 Y95.215 E4.03224
G1 X123.275 Y95.725 E4.05677
G1 X117.725 Y95.725 E4.32371
G1 X117.725 Y89.275 E4.63391
G1 X123.275 Y89.275 E4.90085
G1 X123.275 Y89.785 E4.92537
G1 X122.735 Y89.785 E4.95135
G1 X122.286 Y89.878 F7800.000
G1 X122.482 Y89.530
;TYPE:Gap fill
;WIDTH:0.188877
G1 F1200.000
G1 X123.082 Y89.530 E4.96066
G1 X121.788 Y90.973 F7800.000
;TYPE:Solid infill
;WIDTH:0.46486
G1 F1200.000
G1 X121.151 Y90.336 E5.00570
G1 X120.584 Y90.336 E5.03399
G1 X121.615 Y91.366 E5.10677
G1 X121.615 Y91.932 E5.13506
G1 X120.018 Y90.336 E5.24785
G1 X119.451 Y90.336 E5.27614
G1 X121.615 Y92.499 E5.42894
G1 X121.615 Y93.065 E5.45723
G1 X118.885 Y90.336 E5.65004
G1 X118.785 Y90.336 E5.65502
G1 X118.785 Y90.802 E5.67833
G1 X121.615 Y93.631 E5.87818
G1 X121.615 Y94.198 E5.90647
G1 X118.785 Y91.369 E6.10632
G1 X118.785 Y91.935 E6.13461
G1 X121.515 Y94.664 E6.32741
G1 X120.948 Y94.664 E6.35570
G1 X118.785 Y92.501 E6.50849
G1 X118.785 Y93.068 E6.53678
G1 X120.382 Y94.664 E6.64957
G1 X119.816 Y94.664 E6.67786
G1 X118.785 Y93.634 E6.75064
G1 X118.785 Y94.201 E6.77893
G1 X119.423 Y94.838 E6.82395
G1 X122.482 Y95.470 F7800.000
;TYPE:Gap fill
;WIDTH:0.18875
G1 F1200.000
G1 X123.082 Y95.470 E6.83326
G1 E4.83326 F2400.000
G92 E0
G1 X128.096 Y94.954 F7800.000
G1 E2.00000 F2400.000
;TYPE:Perimeter
;WIDTH:0.45
G1 F900.000
G1 X128.096 Y90.046 E2.23602
G1 X131.504 Y90.046 E2.39991
G1 X131.504 Y94.954 E2.63593
G1 X128.156 Y94.954 E2.79693
G1 X127.711 Y95.339 F7800.000
G1 F900.000
G1 X127.711 Y89.661 E3.07004
G1 X131.889 Y89.661 E3.27103
G1 X131.889 Y95.339 E3.54414
G1 X127.771 Y95.339 E3.74224
G1 X126.725 Y95.725 F7800.000
;TYPE:External perimeter
G1 F900.000
G1 X126.725 Y95.215 E3.76677
G1 X127.325 Y95.215 E3.79562
G1 X127.325 Y89.785 E4.05677
G1 X126.725 Y89.785 E4.08563
G1 X126.725 Y89.275 E4.11016
G1 X132.275 Y89.275 E4.37709
G1 X132.275 Y95.725 E4.68730
G1 X126.785 Y95.725 E4.95135
G1 X126.819 Y95.336 F7800.000
G1 X126.918 Y95.470
;TYPE:Gap fill
;WIDTH:0.188751
G1 F1200.000
G1 X127.518 Y95.470 E4.96066
G1 X129.023 Y94.838 F7800.000
;TYPE:Solid infill
;WIDTH:0.464862
G1 F1200.000
G1 X128.385 Y94.201 E5.00568
G1 X128.385 Y93.634 E5.03397
G1 X129.416 Y94.664 E5.10675
G1 X129.982 Y94.664 E5.13504
G1 X128.385 Y93.068 E5.24782
G1 X128.385 Y92.501 E5.27611
G1 X130.548 Y94.664 E5.42890
G1 X131.115 Y94.664 E5.45719
G1 X128.385 Y91.935 E5.64999
G1 X128.385 Y91.369 E5.67828
G1 X131.215 Y94.198 E5.87813
G1 X131.215 Y93.631 E5.90642
G1 X128.385 Y90.802 E6.10627
G1 X128.385 Y90.336 E6.12958
G1 X128.485 Y90.336 E6.13456
G1 X131.215 Y93.065 E6.32737
G1 X131.215 Y92.499 E6.35566
G1 X129.051 Y90.336 E6.50846
G1 X129.618 Y90.336 E6.53675
G1 X131.215 Y91.932 E6.64954
G1 X131.215 Y91.366 E6.67783
G1 X130.184 Y90.336 E6.75062
G1 X130.751 Y90.336 E6.77891
G1 X131.388 Y90.973 E6.82394
G1 X127.518 Y89.530 F7800.000
;TYPE:Gap fill
;WIDTH:0.188761
G1 F1200.000
G1 X126.918 Y89.530 E6.83325
M106 S234.6
;LAYER_CHANGE
;Z:28.82
;HEIGHT:0.299999
G1 Z28.820 F7800.000
G1 E4.83325 F2400.000
G92 E0
G1 X128.096 Y94.654 F7800.000
G1 E2.00000 F2400.000
;TYPE:Perimeter
;WIDTH:0.45
G1 F900.000
G1 X128.096 Y90.346 E2.20716
G1 X131.504 Y90.346 E2.37105
G1 X131.504 Y94.654 E2.57821
G1 X128.156 Y94.654 E2.73922
G1 X127.711 Y95.039 F7800.000
G1 F900.000
G1 X127.711 Y89.961 E2.98347
G1 X131.889 Y89.961 E3.18445
G1 X131.889 Y95.039 E3.42871
G1 X127.771 Y95.039 E3.62681
G1 X127.325 Y95.425 F7800.000
;TYPE:External perimeter
G1 F900.000
G1 X127.325 Y89.575 E3.90816
G1 X132.275 Y89.575 E4.14623
G1 X132.275 Y95.425 E4.42758
G1 X127.385 Y95.425 E4.66277
G1 X127.418 Y95.036 F7800.000
G1 E2.66277 F2400.000
G92 E0
G1 X129.019 Y90.462 F7800.000
G1 E2.00000 F2400.000
;TYPE:Solid infill
;WIDTH:0.46303
G1 F1200.000
G1 X128.385 Y91.096 E2.04455
G1 X128.385 Y91.659 E2.07258
G1 X129.409 Y90.636 E2.14457
G1 X129.973 Y90.636 E2.17260
G1 X128.385 Y92.223 E2.28423
G1 X128.385 Y92.787 E2.31226
G1 X130.537 Y90.636 E2.46354
G1 X131.101 Y90.636 E2.49157
G1 X128.385 Y93.351 E2.68249
G1 X128.385 Y93.915 E2.71052
G1 X131.215 Y91.085 E2.90945
G1 X131.215 Y91.649 E2.93748
G1 X128.499 Y94.364 E3.12841
G1 X129.063 Y94.364 E3.15645
G1 X131.215 Y92.213 E3.30773
G1 X131.215 Y92.777 E3.33576
G1 X129.627 Y94.364 E3.44741
G1 X130.191 Y94.364 E3.47544
G1 X131.215 Y93.340 E3.54744
G1 X131.215 Y93.904 E3.57547
G1 X130.581 Y94.538 E3.62002
G1 E1.62002 F2400.000
G92 E0
G1 X121.904 Y90.346 F7800.000
G1 E2.00000 F2400.000
;TYPE:Perimeter
;WIDTH:0.45
G1 F900.000
G1 X121.904 Y94.654 E2.20716
G1 X118.496 Y94.654 E2.37105
G1 X118.496 Y90.346 E2.57821
G1 X121.844 Y90.346 E2.73922
G1 X122.289 Y89.961 F7800.000
G1 F900.000
G1 X122.289 Y95.039 E2.98347
G1 X118.111 Y95.039 E3.18445
G1 X118.111 Y89.961 E3.42871
G1 X122.229 Y89.961 E3.62681
G1 X122.675 Y89.575 F7800.000
;TYPE:External perimeter
G1 F900.000
G1 X122.675 Y95.425 E3.90816
G1 X117.725 Y95.425 E4.14623
G1 X117.725 Y89.575 E4.42758
G1 X122.615 Y89.575 E4.66277
G1 X122.582 Y89.964 F7800.000
G1 E2.66277 F2400.000
G92 E0
G1 X120.981 Y94.538 F7800.000
G1 E2.00000 F2400.000
;TYPE:Solid infill
;WIDTH:0.463033
G1 F1200.000
G1 X121.615 Y93.904 E2.04456
G1 X121.615 Y93.341 E2.07259
G1 X120.591 Y94.364 E2.14459
G1 X120.027 Y94.364 E2.17262
G1 X121.615 Y92.777 E2.28426
G1 X121.615 Y92.213 E2.31229
G1 X119.463 Y94.364 E2.46357
G1 X118.899 Y94.364 E2.49160
G1 X121.615 Y91.649 E2.68253
G1 X121.615 Y91.085 E2.71056
G1 X118.785 Y93.915 E2.90950
G1 X118.785 Y93.351 E2.93753
G1 X121.501 Y90.636 E3.12845
G1 X120.937 Y90.636 E3.15648
G1 X118.785 Y92.787 E3.30776
G1 X118.785 Y92.223 E3.33579
G1 X120.373 Y90.636 E3.44742
G1 X119.809 Y90.636 E3.47546
G1 X118.785 Y91.659 E3.54745
G1 X118.785 Y91.096 E3.57548
G1 X119.419 Y90.462 E3.62003
M106 S237.15
;LAYER_CHANGE
;Z:29.12
;HEIGHT:0.300001
G1 Z29.120 F7800.000
G1 E1.62003 F2400.000
G92 E0
G1 X128.096 Y94.354 F7800.000
G1 E2.00000 F2400.000
;TYPE:Perimeter
;WIDTH:0.45
G1 F900.000
G1 X128.096 Y90.646 E2.17830
G1 X131.504 Y90.646 E2.34219
G1 X131.504 Y94.354 E2.52049
G1 X128.156 Y94.354 E2.68150
G1 X127.711 Y94.739 F7800.000
G1 F900.000
G1 X127.711 Y90.261 E2.89690
G1 X131.889 Y90.261 E3.09788
G1 X131.889 Y94.739 E3.31328
G1 X127.771 Y94.739 E3.51137
G1 X127.325 Y95.125 F7800.000
;TYPE:External perimeter
G1 F900.000
G1 X127.325 Y89.875 E3.76387
G1 X132.275 Y89.875 E4.00194
G1 X132.275 Y95.125 E4.25443
G1 X127.385 Y95.125 E4.48963
G1 X127.425 Y94.738 F7800.000
G1 E2.48963 F2400.000
G92 E0
G1 X131.388 Y91.565 F7800.000
G1 E2.00000 F2400.000
;TYPE:Solid infill
;WIDTH:0.460899
G1 F1200.000
G1 X130.759 Y90.936 E2.04400
G1 X130.198 Y90.936 E2.07173
G1 X131.215 Y91.952 E2.14282
G1 X131.215 Y92.513 E2.17055
G1 X129.637 Y90.936 E2.28086
G1 X129.077 Y90.936 E2.30859
G1 X131.215 Y93.074 E2.45812
G1 X131.215 Y93.634 E2.48585
G1 X128.516 Y90.936 E2.67460
G1 X128.385 Y90.936 E2.68105
G1 X128.385 Y91.366 E2.70233
G1 X131.084 Y94.064 E2.89106
G1 X130.523 Y94.064 E2.91879
G1 X128.385 Y91.927 E3.06831
G1 X128.385 Y92.487 E3.09604
G1 X129.962 Y94.064 E3.20634
G1 X129.402 Y94.064 E3.23407
G1 X128.385 Y93.048 E3.30514
G1 X128.385 Y93.609 E3.33288
G1 X129.014 Y94.238 E3.37687
G1 E1.37687 F2400.000
G92 E0
G1 X121.904 Y90.646 F7800.000
G1 E2.00000 F2400.000
;TYPE:Perimeter
;WIDTH:0.45
G1 F900.000
G1 X121.904 Y94.354 E2.17830
G1 X118.496 Y94.354 E2.34219
G1 X118.496 Y90.646 E2.52049
G1 X121.844 Y90.646 E2.68150
G1 X122.289 Y90.261 F7800.000
G1 F900.000
G1 X122.289 Y94.739 E2.89690
G1 X118.111 Y94.739 E3.09788
G1 X118.111 Y90.261 E3.31328
G1 X122.229 Y90.261 E3.51137
G1 X122.675 Y89.875 F7800.000
;TYPE:External perimeter
G1 F900.000
G1 X122.675 Y95.125 E3.76387
G1 X117.725 Y95.125 E4.00195
G1 X117.725 Y89.875 E4.25443
G1 X122.615 Y89.875 E4.48963
G1 X122.575 Y90.263 F7800.000
G1 E2.48963 F2400.000
G92 E0
G1 X119.414 Y94.238 F7800.000
G1 E2.00000 F2400.000
;TYPE:Solid infill
;WIDTH:0.460896
G1 F1200.000
G1 X118.785 Y93.609 E2.04399
G1 X118.785 Y93.048 E2.07172
G1 X119.802 Y94.064 E2.14280
G1 X120.362 Y94.064 E2.17053
G1 X118.785 Y92.487 E2.28083
G1 X118.785 Y91.927 E2.30856
G1 X120.923 Y94.064 E2.45808
G1 X121.484 Y94.064 E2.48581
G1 X118.785 Y91.366 E2.67455
G1 X118.785 Y90.936 E2.69583
G1 X118.916 Y90.936 E2.70228
G1 X121.615 Y93.634 E2.89103
G1 X121.615 Y93.074 E2.91876
G1 X119.477 Y90.936 E3.06828
G1 X120.037 Y90.936 E3.09601
G1 X121.615 Y92.513 E3.20632
G1 X121.615 Y91.952 E3.23405
G1 X120.598 Y90.936 E3.30513
G1 X121.159 Y90.936 E3.33287
G1 X121.788 Y91.565 E3.37687
M106 S239.7
;LAYER_CHANGE
;Z:29.42
;HEIGHT:0.299999
G1 Z29.420 F7800.000
G1 E1.37687 F2400.000
G92 E0
G1 X128.096 Y94.054 F7800.000
G1 E2.00000 F2400.000
;TYPE:Perimeter
;WIDTH:0.45
G1 F900.000
G1 X128.096 Y90.946 E2.14945
G1 X131.504 Y90.946 E2.31334
G1 X131.504 Y94.054 E2.46278
G1 X128.156 Y94.054 E2.62378
G1 X127.711 Y94.439 F7800.000
G1 F900.000
G1 X127.711 Y90.561 E2.81032
G1 X131.889 Y90.561 E3.01131
G1 X131.889 Y94.439 E3.19784
G1 X127.771 Y94.439 E3.39594
G1 X127.325 Y94.825 F7800.000
;TYPE:External perimeter
G1 F900.000
G1 X127.325 Y90.175 E3.61958
G1 X132.275 Y90.175 E3.85765
G1 X132.275 Y94.825 E4.08128
G1 X127.385 Y94.825 E4.31648
G1 X127.433 Y94.440 F7800.000
G1 E2.31648 F2400.000
G92 E0
G1 X129.009 Y91.062 F7800.000
G1 E2.00000 F2400.000
;TYPE:Solid infill
;WIDTH:0.458373
G1 F1200.000
G1 X128.385 Y91.686 E2.04334
G1 X128.385 Y92.243 E2.07072
G1 X129.393 Y91.236 E2.14072
G1 X129.950 Y91.236 E2.16810
G1 X128.385 Y92.800 E2.27683
G1 X128.385 Y93.357 E2.30421
G1 X130.507 Y91.236 E2.45166
G1 X131.064 Y91.236 E2.47904
G1 X128.536 Y93.764 E2.65478
G1 X129.093 Y93.764 E2.68216
G1 X131.215 Y91.643 E2.82962
G1 X131.215 Y92.200 E2.85700
G1 X129.650 Y93.764 E2.96573
G1 X130.207 Y93.764 E2.99311
G1 X131.215 Y92.757 E3.06313
G1 X131.215 Y93.314 E3.09051
G1 X130.591 Y93.938 E3.13386
G1 E1.13386 F2400.000
G92 E0
G1 X121.904 Y90.946 F7800.000
G1 E2.00000 F2400.000
;TYPE:Perimeter
;WIDTH:0.45
G1 F900.000
G1 X121.904 Y94.054 E2.14945
G1 X118.496 Y94.054 E2.31334
G1 X118.496 Y90.946 E2.46278
G1 X121.844 Y90.946 E2.62378
G1 X122.289 Y90.561 F7800.000
G1 F900.000
G1 X122.289 Y94.439 E2.81032
G1 X118.111 Y94.439 E3.01131
G1 X118.111 Y90.561 E3.19784
G1 X122.229 Y90.561 E3.39594
G1 X122.675 Y90.175 F7800.000
;TYPE:External perimeter
G1 F900.000
G1 X122.675 Y94.825 E3.61958
G1 X117.725 Y94.825 E3.85765
G1 X117.725 Y90.175 E4.08128
G1 X122.615 Y90.175 E4.31648
G1 X122.567 Y90.560 F7800.000
G1 E2.31648 F2400.000
G92 E0
G1 X120.991 Y93.938 F7800.000
G1 E2.00000 F2400.000
;TYPE:Solid infill
;WIDTH:0.458376
G1 F1200.000
G1 X121.615 Y93.314 E2.04335
G1 X121.615 Y92.757 E2.07073
G1 X120.607 Y93.764 E2.14074
G1 X120.050 Y93.764 E2.16812
G1 X121.615 Y92.200 E2.27686
G1 X121.615 Y91.643 E2.30424
G1 X119.493 Y93.764 E2.45169
G1 X118.936 Y93.764 E2.47907
G1 X121.464 Y91.236 E2.65481
G1 X120.907 Y91.236 E2.68219
G1 X118.785 Y93.357 E2.82964
G1 X118.785 Y92.800 E2.85702
G1 X120.350 Y91.236 E2.96575
G1 X119.793 Y91.236 E2.99313
G1 X118.785 Y92.243 E3.06314
G1 X118.785 Y91.686 E3.09052
G1 X119.409 Y91.062 E3.13386
M106 S242.25
;LAYER_CHANGE
;Z:29.72
;HEIGHT:0.299999
G1 Z29.720 F7800.000
G1 E1.13386 F2400.000
G92 E0
G1 X128.096 Y93.754 F7800.000
G1 E2.00000 F2400.000
;TYPE:Perimeter
;WIDTH:0.45
G1 F900.000
G1 X128.096 Y91.246 E2.12059
G1 X131.504 Y91.246 E2.28448
G1 X131.504 Y93.754 E2.40506
G1 X128.156 Y93.754 E2.56607
G1 X127.711 Y94.139 F7800.000
G1 F900.000
G1 X127.711 Y90.861 E2.72375
G1 X131.889 Y90.861 E2.92473
G1 X131.889 Y94.139 E3.08241
G1 X127.771 Y94.139 E3.28051
G1 X127.325 Y94.525 F7800.000
;TYPE:External perimeter
G1 F900.000
G1 X127.325 Y90.475 E3.47528
G1 X132.275 Y90.475 E3.71336
G1 X132.275 Y94.525 E3.90813
G1 X127.385 Y94.525 E4.14333
G1 X127.441 Y94.142 F7800.000
G1 E2.14333 F2400.000
G92 E0
G1 X131.388 Y92.153 F7800.000
G1 E2.00000 F2400.000
;TYPE:Solid infill
;WIDTH:0.455349
G1 F1200.000
G1 X130.771 Y91.536 E2.04257
G1 X130.218 Y91.536 E2.06954
G1 X131.215 Y92.532 E2.13827
G1 X131.215 Y93.085 E2.16523
G1 X129.665 Y91.536 E2.27210
G1 X129.112 Y91.536 E2.29906
G1 X131.041 Y93.464 E2.43207
G1 X130.488 Y93.464 E2.45904
G1 X128.559 Y91.536 E2.59205
G1 X128.385 Y91.536 E2.60051
G1 X128.385 Y91.915 E2.61901
G1 X129.935 Y93.464 E2.72586
G1 X129.382 Y93.464 E2.75283
G1 X128.385 Y92.468 E2.82155
G1 X128.385 Y93.021 E2.84851
G1 X129.003 Y93.638 E2.89108
G1 E0.89108 F2400.000
G92 E0
G1 X121.904 Y91.246 F7800.000
G1 E2.00000 F2400.000
;TYPE:Perimeter
;WIDTH:0.45
G1 F900.000
G1 X121.904 Y93.754 E2.12059
G1 X118.496 Y93.754 E2.28448
G1 X118.496 Y91.246 E2.40506
G1 X121.844 Y91.246 E2.56607
G1 X122.289 Y90.861 F7800.000
G1 F900.000
G1 X122.289 Y94.139 E2.72375
G1 X118.111 Y94.139 E2.92473
G1 X118.111 Y90.861 E3.08241
G1 X122.229 Y90.861 E3.28051
G1 X122.675 Y90.475 F7800.000
;TYPE:External perimeter
G1 F900.000
G1 X122.675 Y94.525 E3.47528
G1 X117.725 Y94.525 E3.71336
G1 X117.725 Y90.475 E3.90813
G1 X122.615 Y90.475 E4.14333
G1 X122.559 Y90.858 F7800.000
G1 E2.14333 F2400.000
G92 E0
G1 X119.403 Y93.638 F7800.000
G1 E2.00000 F2400.000
;TYPE:Solid infill
;WIDTH:0.455346
G1 F1200.000
G1 X118.785 Y93.021 E2.04256
G1 X118.785 Y92.468 E2.06953
G1 X119.782 Y93.464 E2.13825
G1 X120.335 Y93.464 E2.16522
G1 X118.785 Y91.915 E2.27207
G1 X118.785 Y91.536 E2.29057
G1 X118.959 Y91.536 E2.29903
G1 X120.888 Y93.464 E2.43205
G1 X121.441 Y93.464 E2.45901
G1 X119.512 Y91.536 E2.59202
G1 X120.065 Y91.536 E2.61898
G1 X121.615 Y93.085 E2.72585
G1 X121.615 Y92.532 E2.75281
G1 X120.618 Y91.536 E2.82154
G1 X121.171 Y91.536 E2.84850
G1 X121.788 Y92.153 E2.89108
M106 S247.35
;LAYER_CHANGE
;Z:30.02
;HEIGHT:0.300001
G1 Z30.020 F7800.000
G1 E0.89108 F2400.000
G92 E0
G1 X128.096 Y93.454 F7800.000
G1 E2.00000 F2400.000
;TYPE:Perimeter
;WIDTH:0.45
G1 F900.000
G1 X128.096 Y91.546 E2.09173
G1 X131.504 Y91.546 E2.25562
G1 X131.504 Y93.454 E2.34735
G1 X128.156 Y93.454 E2.50835
G1 X127.711 Y93.839 F7800.000
G1 F900.000
G1 X127.711 Y91.161 E2.63717
G1 X131.889 Y91.161 E2.83816
G1 X131.889 Y93.839 E2.96698
G1 X127.771 Y93.839 E3.16508
G1 X127.325 Y94.225 F7800.000
;TYPE:External perimeter
G1 F900.000
G1 X127.325 Y90.775 E3.33099
G1 X132.275 Y90.775 E3.56907
G1 X132.275 Y94.225 E3.73499
G1 X127.385 Y94.225 E3.97018
G1 X127.451 Y93.845 F7800.000
G1 E1.97018 F2400.000
G92 E0
G1 X130.605 Y93.338 F7800.000
G1 E2.00000 F2400.000
;TYPE:Solid infill
;WIDTH:0.451646
G1 F1200.000
G1 X131.215 Y92.728 E2.04163
G1 X131.215 Y92.181 E2.06809
G1 X130.231 Y93.164 E2.13528
G1 X129.683 Y93.164 E2.16173
G1 X131.012 Y91.836 E2.25250
G1 X130.464 Y91.836 E2.27895
G1 X129.136 Y93.164 E2.36972
G1 X128.588 Y93.164 E2.39617
G1 X129.917 Y91.836 E2.48694
G1 X129.369 Y91.836 E2.51340
G1 X128.385 Y92.819 E2.58058
G1 X128.385 Y92.271 E2.60703
G1 X128.995 Y91.662 E2.64866
G1 E0.64866 F2400.000
G92 E0
G1 X121.904 Y91.546 F7800.000
G1 E2.00000 F2400.000
;TYPE:Perimeter
;WIDTH:0.45
G1 F900.000
G1 X121.904 Y93.454 E2.09173
G1 X118.496 Y93.454 E2.25562
G1 X118.496 Y91.546 E2.34735
G1 X121.844 Y91.546 E2.50835
G1 X122.289 Y91.161 F7800.000
G1 F900.000
G1 X122.289 Y93.839 E2.63717
G1 X118.111 Y93.839 E2.83816
G1 X118.111 Y91.161 E2.96698
G1 X122.229 Y91.161 E3.16508
G1 X122.675 Y90.775 F7800.000
;TYPE:External perimeter
G1 F900.000
G1 X122.675 Y94.225 E3.33099
G1 X117.725 Y94.225 E3.56907
G1 X117.725 Y90.775 E3.73499
G1 X122.615 Y90.775 E3.97018
G1 X122.549 Y91.155 F7800.000
G1 E1.97018 F2400.000
G92 E0
G1 X119.395 Y91.662 F7800.000
G1 E2.00000 F2400.000
;TYPE:Solid infill
;WIDTH:0.451649
G1 F1200.000
G1 X118.785 Y92.271 E2.04163
G1 X118.785 Y92.819 E2.06808
G1 X119.769 Y91.836 E2.13526
G1 X120.317 Y91.836 E2.16172
G1 X118.988 Y93.164 E2.25248
G1 X119.536 Y93.164 E2.27894
G1 X120.864 Y91.836 E2.36970
G1 X121.412 Y91.836 E2.39616
G1 X120.083 Y93.164 E2.48692
G1 X120.631 Y93.164 E2.51338
G1 X121.615 Y92.181 E2.58057
G1 X121.615 Y92.728 E2.60702
G1 X121.005 Y93.338 E2.64866
M106 S249.9
;LAYER_CHANGE
;Z:30.32
;HEIGHT:0.299999
G1 Z30.320 F7800.000
G1 E0.64866 F2400.000
G92 E0
G1 X128.096 Y93.154 F7800.000
G1 E2.00000 F2400.000
;TYPE:Perimeter
;WIDTH:0.45
G1 F900.000
G1 X128.096 Y91.846 E2.06287
G1 X131.504 Y91.846 E2.22676
G1 X131.504 Y93.154 E2.28963
G1 X128.156 Y93.154 E2.45063
G1 X127.711 Y93.539 F7800.000
G1 F900.000
G1 X127.711 Y91.461 E2.55060
G1 X131.889 Y91.461 E2.75158
G1 X131.889 Y93.539 E2.85155
G1 X127.771 Y93.539 E3.04964
G1 X127.325 Y93.925 F7800.000
;TYPE:External perimeter
G1 F900.000
G1 X127.325 Y91.075 E3.18670
G1 X132.275 Y91.075 E3.42478
G1 X132.275 Y93.925 E3.56184
G1 X127.385 Y93.925 E3.79703
G1 X127.462 Y93.549 F7800.000
G1 E1.79703 F2400.000
G92 E0
G1 X131.388 Y92.851 F7800.000
G1 E2.00000 F2400.000
;TYPE:Solid infill
;WIDTH:0.501687
G1 F1200.000
G1 X130.672 Y92.136 E2.05520
G1 X130.054 Y92.136 E2.08893
G1 X130.783 Y92.864 E2.14515
G1 X130.164 Y92.864 E2.17888
G1 X129.436 Y92.136 E2.23509
G1 X128.817 Y92.136 E2.26882
G1 X129.546 Y92.864 E2.32503
G1 X128.927 Y92.864 E2.35876
G1 X128.212 Y92.149 E2.41396
G1 E0.41396 F2400.000
G92 E0
G1 X121.904 Y91.846 F7800.000
G1 E2.00000 F2400.000
;TYPE:Perimeter
;WIDTH:0.45
G1 F900.000
G1 X121.904 Y93.154 E2.06287
G1 X118.496 Y93.154 E2.22676
G1 X118.496 Y91.846 E2.28963
G1 X121.844 Y91.846 E2.45063
G1 X122.289 Y91.461 F7800.000
G1 F900.000
G1 X122.289 Y93.539 E2.55060
G1 X118.111 Y93.539 E2.75158
G1 X118.111 Y91.461 E2.85155
G1 X122.229 Y91.461 E3.04964
G1 X122.675 Y91.075 F7800.000
;TYPE:External perimeter
G1 F900.000
G1 X122.675 Y93.925 E3.18670
G1 X117.725 Y93.925 E3.42478
G1 X117.725 Y91.075 E3.56184
G1 X122.615 Y91.075 E3.79703
G1 X122.538 Y91.451 F7800.000
G1 E1.79703 F2400.000
G92 E0
G1 X118.612 Y92.149 F7800.000
G1 E2.00000 F2400.000
;TYPE:Solid infill
;WIDTH:0.501684
G1 F1200.000
G1 X119.327 Y92.864 E2.05519
G1 X119.946 Y92.864 E2.08892
G1 X119.217 Y92.136 E2.14513
G1 X119.836 Y92.136 E2.17887
G1 X120.564 Y92.864 E2.23508
G1 X121.183 Y92.864 E2.26881
G1 X120.454 Y92.136 E2.32502
G1 X121.072 Y92.136 E2.35875
G1 X121.788 Y92.851 E2.41396
M106 S252.45
;LAYER_CHANGE
;Z:30.62
;HEIGHT:0.300001
G1 Z30.620 F7800.000
G1 E0.41396 F2400.000
G92 E0
G1 X128.096 Y92.854 F7800.000
G1 E2.00000 F2400.000
;TYPE:Perimeter
;WIDTH:0.45
G1 F900.000
G1 X128.096 Y92.146 E2.03401
G1 X131.504 Y92.146 E2.19790
G1 X131.504 Y92.854 E2.23191
G1 X128.156 Y92.854 E2.39292
G1 X127.711 Y93.239 F7800.000
G1 F900.000
G1 X127.711 Y91.761 E2.46402
G1 X131.889 Y91.761 E2.66501
G1 X131.889 Y93.239 E2.73611
G1 X127.771 Y93.239 E2.93421
G1 X127.325 Y93.625 F7800.000
;TYPE:External perimeter
G1 F900.000
G1 X127.325 Y91.375 E3.04241
G1 X132.275 Y91.375 E3.28049
G1 X132.275 Y93.625 E3.38869
G1 X127.385 Y93.625 E3.62388
G1 X127.474 Y93.254 F7800.000
G1 E1.62388 F2400.000
G92 E0
G1 X131.311 Y92.500 F7800.000
G1 E2.00000 F2400.000
;TYPE:Gap fill
;WIDTH:0.385923
G1 F1200.000
G1 X128.289 Y92.500 E2.12119
G1 E0.12119 F2400.000
G92 E0
G1 X121.904 Y92.146 F7800.000
G1 E2.00000 F2400.000
;TYPE:Perimeter
;WIDTH:0.45
G1 F900.000
G1 X121.904 Y92.854 E2.03401
G1 X118.496 Y92.854 E2.19790
G1 X118.496 Y92.146 E2.23191
G1 X121.844 Y92.146 E2.39292
G1 X122.289 Y91.761 F7800.000
G1 F900.000
G1 X122.289 Y93.239 E2.46402
G1 X118.111 Y93.239 E2.66501
G1 X118.111 Y91.761 E2.73611
G1 X122.229 Y91.761 E2.93421
G1 X122.675 Y91.375 F7800.000
;TYPE:External perimeter
G1 F900.000
G1 X122.675 Y93.625 E3.04241
G1 X117.725 Y93.625 E3.28049
G1 X117.725 Y91.375 E3.38869
G1 X122.615 Y91.375 E3.62388
G1 X122.526 Y91.746 F7800.000
G1 E1.62388 F2400.000
G92 E0
G1 X118.689 Y92.500 F7800.000
G1 E2.00000 F2400.000
;TYPE:Gap fill
;WIDTH:0.385924
G1 F1200.000
G1 X121.711 Y92.500 E2.12119
;LAYER_CHANGE
;Z:30.92
;HEIGHT:0.299999
G1 Z30.920 F7800.000
G1 E0.12119 F2400.000
G92 E0
G1 X127.711 Y92.939 F7800.000
G1 E2.00000 F2400.000
;TYPE:Perimeter
;WIDTH:0.45
G1 F730
G1 X127.711 Y92.061 E2.04225
G1 X131.889 Y92.061 E2.24323
G1 X131.889 Y92.939 E2.28548
G1 X127.771 Y92.939 E2.48358
G1 X127.325 Y93.325 F7800.000
;TYPE:External perimeter
G1 F730
G1 X127.325 Y91.675 E2.56292
G1 X132.275 Y91.675 E2.80100
G1 X132.275 Y93.325 E2.88034
G1 X127.385 Y93.325 E3.11553
G1 X127.487 Y92.959 F7800.000
G1 E1.11553 F2400.000
G92 E0
G1 X131.697 Y92.500 F7800.000
G1 E2.00000 F2400.000
;TYPE:Gap fill
;WIDTH:0.557155
G1 F730
G1 X127.903 Y92.500 E2.23313
G1 E0.23313 F2400.000
G92 E0
G1 X122.289 Y92.061 F7800.000
G1 E2.00000 F2400.000
;TYPE:Perimeter
;WIDTH:0.45
G1 F730
G1 X122.289 Y92.939 E2.04225
G1 X118.111 Y92.939 E2.24323
G1 X118.111 Y92.061 E2.28548
G1 X122.229 Y92.061 E2.48358
G1 X122.675 Y91.675 F7800.000
;TYPE:External perimeter
G1 F730
G1 X122.675 Y93.325 E2.56292
G1 X117.725 Y93.325 E2.80100
G1 X117.725 Y91.675 E2.88034
G1 X122.615 Y91.675 E3.11553
G1 X122.513 Y92.041 F7800.000
G1 E1.11553 F2400.000
G92 E0
G1 X118.303 Y92.500 F7800.000
G1 E2.00000 F2400.000
;TYPE:Gap fill
;WIDTH:0.557154
G1 F730
G1 X122.097 Y92.500 E2.23313
M106 S255
;LAYER_CHANGE
;Z:31.22
;HEIGHT:0.299999
G1 Z31.220 F7800.000
G1 E0.23313 F2400.000
G92 E0
G1 X127.711 Y92.639 F7800.000
G1 E2.00000 F2400.000
;TYPE:Perimeter
;WIDTH:0.45
G1 F600
G1 X127.711 Y92.361 E2.01339
G1 X131.889 Y92.361 E2.21437
G1 X131.889 Y92.639 E2.22776
G1 X127.771 Y92.639 E2.42586
G1 X127.325 Y93.025 F7800.000
;TYPE:External perimeter
G1 F600
G1 X127.325 Y91.975 E2.47634
G1 X132.275 Y91.975 E2.71442
G1 X132.275 Y93.025 E2.76490
G1 X127.385 Y93.025 E3.00010
G1 X127.500 Y92.665 F7800.000
G1 E1.00010 F2400.000
G92 E0
G1 X122.289 Y92.361 F7800.000
G1 E2.00000 F2400.000
;TYPE:Perimeter
G1 F600
G1 X122.289 Y92.639 E2.01339
G1 X118.111 Y92.639 E2.21437
G1 X118.111 Y92.361 E2.22776
G1 X122.229 Y92.361 E2.42586
G1 X122.675 Y91.975 F7800.000
;TYPE:External perimeter
G1 F600
G1 X122.675 Y93.025 E2.47634
G1 X117.725 Y93.025 E2.71442
G1 X117.725 Y91.975 E2.76490
G1 X122.615 Y91.975 E3.00010
G1 X122.500 Y92.335 F7800.000
;LAYER_CHANGE
;Z:31.52
;HEIGHT:0.300001
G1 Z31.520 F7800.000
G1 E1.00010 F2400.000
G92 E0
G1 X127.325 Y92.725 F7800.000
G1 E2.00000 F2400.000
G1 F600
G1 X127.325 Y92.275 E2.02162
G1 X132.275 Y92.275 E2.25970
G1 X132.275 Y92.725 E2.28133
G1 X127.385 Y92.725 E2.51652
G1 X127.514 Y92.373 F7800.000
G1 E0.51652 F2400.000
G92 E0
G1 X132.082 Y92.500 F7800.000
G1 E2.00000 F2400.000
;TYPE:Gap fill
;WIDTH:0.128377
G1 F600
G1 X127.518 Y92.500 E2.03643
G1 E0.03643 F2400.000
G92 E0
G1 X122.675 Y92.275 F7800.000
G1 E2.00000 F2400.000
;TYPE:External perimeter
;WIDTH:0.45
G1 F600
G1 X122.675 Y92.725 E2.02162
G1 X117.725 Y92.725 E2.25970
G1 X117.725 Y92.275 E2.28133
G1 X122.615 Y92.275 E2.51652
G1 X122.486 Y92.627 F7800.000
G1 E0.51652 F2400.000
G92 E0
G1 X117.918 Y92.500 F7800.000
G1 E2.00000 F2400.000
;TYPE:Gap fill
;WIDTH:0.128378
G1 F600
G1 X122.482 Y92.500 E2.03643
;LAYER_CHANGE
;Z:31.82
;HEIGHT:0.299999
G1 Z31.820 F7800.000
G1 E0.03643 F2400.000
G92 E0
G1 X132.500 Y92.500 F7800.000
G1 E2.00000 F2400.000
;TYPE:External perimeter
;WIDTH:0.363987
G1 F600
G1 X127.100 Y92.500 E2.20179
G1 E0.20179 F2400.000
G92 E0
G1 X117.500 Y92.500 F7800.000
G1 E2.00000 F2400.000
;WIDTH:0.363986
G1 F600
G1 X122.900 Y92.500 E2.20179
G1 E0.20179 F2400.000
G92 E0
M107
;TYPE:Custom
; Filament-specific end gcode 
;END gcode for filament
M104 S0 ; turn off temperature
G28 X0  ; home X axis
M84     ; disable motors
; filament used [mm] = 3477.77
; filament used [cm3] = 8.37
; total filament used [g] = 0.00
; total filament cost = 0.00
; estimated printing time (normal mode) = 41m 5s
; estimated printing time (silent mode) = 43m 16s

; avoid_crossing_perimeters = 0
; avoid_crossing_perimeters_max_detour = 0
; bed_custom_model = 
; bed_custom_texture = 
; bed_shape = 0x0,250x0,250x185,0x185
; bed_temperature = 0
; before_layer_gcode = 
; between_objects_gcode = 
; bottom_fill_pattern = monotonic
; bottom_solid_layers = 3
; bottom_solid_min_thickness = 0
; bridge_acceleration = 0
; bridge_angle = 0
; bridge_fan_speed = 100
; bridge_flow_ratio = 1
; bridge_speed = 60
; brim_width = 5
; clip_multipart_objects = 1
; color_change_gcode = M600
; complete_objects = 0
; cooling = 1
; cooling_tube_length = 5
; cooling_tube_retraction = 91.5
; default_acceleration = 0
; default_filament_profile = 
; default_print_profile = 
; deretract_speed = 0
; disable_fan_first_layers = 0
; dont_support_bridges = 1
; draft_shield = 0
; duplicate_distance = 6
; elefant_foot_compensation = 0.2
; end_filament_gcode = "; Filament-specific end gcode \n;END gcode for filament\n"
; end_gcode = M104 S0 ; turn off temperature\nG28 X0  ; home X axis\nM84     ; disable motors\n
; ensure_vertical_shell_thickness = 0
; external_perimeter_extrusion_width = 0.45
; external_perimeter_speed = 50%
; external_perimeters_first = 0
; extra_loading_move = -2
; extra_perimeters = 1
; extruder_clearance_height = 20
; extruder_clearance_radius = 20
; extruder_colour = ""
; extruder_offset = 0x0
; extrusion_axis = E
; extrusion_multiplier = 1
; extrusion_width = 0.45
; fan_always_on = 1
; fan_below_layer_time = 60
; filament_colour = #29B2B2
; filament_cooling_final_speed = 3.4
; filament_cooling_initial_speed = 2.2
; filament_cooling_moves = 4
; filament_cost = 0
; filament_density = 0
; filament_diameter = 1.75
; filament_load_time = 0
; filament_loading_speed = 28
; filament_loading_speed_start = 3
; filament_max_volumetric_speed = 0
; filament_minimal_purge_on_wipe_tower = 15
; filament_notes = ""
; filament_ramming_parameters = "120 100 6.6 6.8 7.2 7.6 7.9 8.2 8.7 9.4 9.9 10.0| 0.05 6.6 0.45 6.8 0.95 7.8 1.45 8.3 1.95 9.7 2.45 10 2.95 7.6 3.45 7.6 3.95 7.6 4.45 7.6 4.95 7.6"
; filament_settings_id = "BRSC FTI-3.0.2"
; filament_soluble = 0
; filament_spool_weight = 0
; filament_toolchange_delay = 0
; filament_type = PLA
; filament_unload_time = 0
; filament_unloading_speed = 90
; filament_unloading_speed_start = 100
; filament_vendor = (Unknown)
; fill_angle = 45
; fill_density = 25%
; fill_pattern = stars
; first_layer_acceleration = 0
; first_layer_bed_temperature = 0
; first_layer_extrusion_width = 0.42
; first_layer_height = 0.32
; first_layer_speed = 20
; first_layer_temperature = 200
; full_fan_speed_layer = 0
; gap_fill_speed = 20
; gcode_comments = 0
; gcode_flavor = marlin
; gcode_label_objects = 0
; high_current_on_filament_swap = 0
; host_type = octoprint
; infill_acceleration = 0
; infill_anchor = 600%
; infill_anchor_max = 50
; infill_every_layers = 1
; infill_extruder = 1
; infill_extrusion_width = 0.45
; infill_first = 0
; infill_only_where_needed = 0
; infill_overlap = 25%
; infill_speed = 80
; interface_shells = 0
; ironing = 0
; ironing_flowrate = 15%
; ironing_spacing = 0.25
; ironing_speed = 15
; ironing_type = top
; layer_gcode = 
; layer_height = 0.3
; machine_limits_usage = emit_to_gcode
; machine_max_acceleration_e = 4000,2000
; machine_max_acceleration_extruding = 1500,1250
; machine_max_acceleration_retracting = 1500,1250
; machine_max_acceleration_x = 2000,1000
; machine_max_acceleration_y = 2000,1000
; machine_max_acceleration_z = 500,200
; machine_max_feedrate_e = 120,120
; machine_max_feedrate_x = 400,200
; machine_max_feedrate_y = 400,200
; machine_max_feedrate_z = 12,12
; machine_max_jerk_e = 2.5,2.5
; machine_max_jerk_x = 10,10
; machine_max_jerk_y = 10,10
; machine_max_jerk_z = 0.2,0.4
; machine_min_extruding_rate = 0,0
; machine_min_travel_rate = 0,0
; max_fan_speed = 100
; max_layer_height = 0
; max_print_height = 160
; max_print_speed = 80
; max_volumetric_speed = 0
; min_fan_speed = 35
; min_layer_height = 0.07
; min_print_speed = 10
; min_skirt_length = 0
; notes = 
; nozzle_diameter = 0.4
; only_retract_when_crossing_perimeters = 1
; ooze_prevention = 0
; output_filename_format = [input_filename_base].gcode
; overhangs = 1
; parking_pos_retraction = 92
; pause_print_gcode = M601
; perimeter_acceleration = 0
; perimeter_extruder = 1
; perimeter_extrusion_width = 0.45
; perimeter_speed = 60
; perimeters = 3
; physical_printer_settings_id = 
; post_process = 
; print_settings_id = BRSC FTI-3.0.2
; printer_model = 
; printer_notes = 
; printer_settings_id = BRSC FTI-3.0.2
; printer_technology = FFF
; printer_variant = 
; printer_vendor = 
; raft_layers = 0
; remaining_times = 0
; resolution = 0
; retract_before_travel = 2
; retract_before_wipe = 0%
; retract_layer_change = 0
; retract_length = 2
; retract_length_toolchange = 10
; retract_lift = 0
; retract_lift_above = 0
; retract_lift_below = 0
; retract_restart_extra = 0
; retract_restart_extra_toolchange = 0
; retract_speed = 40
; seam_position = aligned
; silent_mode = 1
; single_extruder_multi_material = 0
; single_extruder_multi_material_priming = 1
; skirt_distance = 6
; skirt_height = 1
; skirts = 1
; slice_closing_radius = 0.049
; slowdown_below_layer_time = 5
; small_perimeter_speed = 15
; solid_infill_below_area = 70
; solid_infill_every_layers = 0
; solid_infill_extruder = 1
; solid_infill_extrusion_width = 0.45
; solid_infill_speed = 20
; spiral_vase = 0
; standby_temperature_delta = -5
; start_filament_gcode = "; Filament gcode\n"
; start_gcode = G28 ; home all axes\nG1 Z5 F5000 ; lift nozzle\n
; support_material = 1
; support_material_angle = 0
; support_material_auto = 1
; support_material_buildplate_only = 0
; support_material_contact_distance = 0.2
; support_material_enforce_layers = 0
; support_material_extruder = 1
; support_material_extrusion_width = 0.35
; support_material_interface_contact_loops = 0
; support_material_interface_extruder = 1
; support_material_interface_layers = 3
; support_material_interface_spacing = 0
; support_material_interface_speed = 100%
; support_material_pattern = rectilinear
; support_material_spacing = 2.5
; support_material_speed = 60
; support_material_synchronize_layers = 0
; support_material_threshold = 0
; support_material_with_sheath = 1
; support_material_xy_spacing = 50%
; temperature = 200
; template_custom_gcode = 
; thin_walls = 1
; threads = 8
; thumbnails = 
; toolchange_gcode = 
; top_fill_pattern = monotonic
; top_infill_extrusion_width = 0.4
; top_solid_infill_speed = 15
; top_solid_layers = 3
; top_solid_min_thickness = 0
; travel_speed = 130
; use_firmware_retraction = 0
; use_relative_e_distances = 0
; use_volumetric_e = 0
; variable_layer_height = 1
; wipe = 0
; wipe_into_infill = 0
; wipe_into_objects = 0
; wipe_tower = 0
; wipe_tower_bridging = 10
; wipe_tower_no_sparse_layers = 0
; wipe_tower_rotation_angle = 0
; wipe_tower_width = 60
; wipe_tower_x = 180
; wipe_tower_y = 140
; wiping_volumes_extruders = 70,70
; wiping_volumes_matrix = 0
; xy_size_compensation = 0
; z_offset = 0
